<?xml version="1.0" encoding="UTF-8"?>
<osm version="0.6" generator="JOSM" upload="false">
  <node id="-100" visible="true" lat="44.85034907968" lon="-71.680017103897">
    <!-- conflict: "5406 East Branch Road, Guildhall, VT" Fuzzy match to "5406 East Branch Road, Bloomfield, VT" -->
    <tag k="addr:city" v="Guildhall"/>
    <tag k="addr:housenumber" v="5406"/>
    <tag k="addr:street" v="East Branch Road"/>
    <tag k="addr:state" v="VT"/>
    <tag k="ref:vcgi:esiteid" v="24991"/>
  </node>
  <node id="-101" visible="true" lat="44.848123888668" lon="-71.677895081259">
    <!-- conflict: "5230 East Branch Road, Guildhall, VT" Fuzzy match to "5230 East Branch Road, Bloomfield, VT" -->
    <tag k="addr:city" v="Guildhall"/>
    <tag k="addr:housenumber" v="5230"/>
    <tag k="addr:street" v="East Branch Road"/>
    <tag k="addr:state" v="VT"/>
    <tag k="ref:vcgi:esiteid" v="24992"/>
  </node>
  <node id="-102" visible="true" lat="44.847002769655" lon="-71.666082934194">
    <!-- conflict: "597 Mink Brook Road, Guildhall, VT" Fuzzy match to "597 Mink Brook Road, Bloomfield, VT" -->
    <tag k="addr:city" v="Guildhall"/>
    <tag k="addr:housenumber" v="597"/>
    <tag k="addr:street" v="Mink Brook Road"/>
    <tag k="addr:state" v="VT"/>
    <tag k="ref:vcgi:esiteid" v="24993"/>
  </node>
  <node id="-103" visible="true" lat="44.84065237486" lon="-71.675294370857">
    <!-- conflict: "4583 East Branch Road, Guildhall, VT" Fuzzy match to "4583 East Branch Road, Bloomfield, VT" -->
    <tag k="addr:city" v="Guildhall"/>
    <tag k="addr:housenumber" v="4583"/>
    <tag k="addr:street" v="East Branch Road"/>
    <tag k="addr:state" v="VT"/>
    <tag k="ref:vcgi:esiteid" v="24994"/>
  </node>
  <node id="-104" visible="true" lat="44.838730076675" lon="-71.673189923409">
    <!-- conflict: "4504 East Branch Road, Guildhall, VT" Fuzzy match to "4504 East Branch Road, Bloomfield, VT" -->
    <tag k="addr:city" v="Guildhall"/>
    <tag k="addr:housenumber" v="4504"/>
    <tag k="addr:street" v="East Branch Road"/>
    <tag k="addr:state" v="VT"/>
    <tag k="ref:vcgi:esiteid" v="24995"/>
  </node>
  <node id="-105" visible="true" lat="44.829250296477" lon="-71.675347013423">
    <!-- conflict: "3797 East Branch Road, Guildhall, VT" Fuzzy match to "3797 East Branch Road, Bloomfield, VT" -->
    <tag k="addr:city" v="Guildhall"/>
    <tag k="addr:housenumber" v="3797"/>
    <tag k="addr:street" v="East Branch Road"/>
    <tag k="addr:state" v="VT"/>
    <tag k="ref:vcgi:esiteid" v="24996"/>
  </node>
  <node id="-106" visible="true" lat="44.826898370267" lon="-71.581566432341">
    <!-- conflict: "722 Crank Road, Guildhall, VT" Fuzzy match to "722 Crank Road, Bloomfield, VT" -->
    <tag k="addr:city" v="Guildhall"/>
    <tag k="addr:housenumber" v="722"/>
    <tag k="addr:street" v="Crank Road"/>
    <tag k="addr:state" v="VT"/>
    <tag k="ref:vcgi:esiteid" v="24997"/>
  </node>
  <node id="-107" visible="true" lat="44.826422685452" lon="-71.565631427056">
    <!-- conflict: "6831 Vermont Route 102, Guildhall, VT" Fuzzy match to "6831 Vermont Route 102, Bloomfield, VT" -->
    <tag k="addr:city" v="Guildhall"/>
    <tag k="addr:housenumber" v="6831"/>
    <tag k="addr:street" v="Vermont Route 102"/>
    <tag k="addr:state" v="VT"/>
    <tag k="ref:vcgi:esiteid" v="24998"/>
  </node>
  <node id="-108" visible="true" lat="44.825845674702" lon="-71.568618353506">
    <!-- conflict: "6695 Vermont Route 102, Guildhall, VT" Fuzzy match to "6695 Vermont Route 102, Bloomfield, VT" -->
    <tag k="addr:city" v="Guildhall"/>
    <tag k="addr:housenumber" v="6695"/>
    <tag k="addr:street" v="Vermont Route 102"/>
    <tag k="addr:state" v="VT"/>
    <tag k="ref:vcgi:esiteid" v="24999"/>
  </node>
  <node id="-109" visible="true" lat="44.825796992751" lon="-71.673462357677">
    <!-- conflict: "3558 East Branch Road, Guildhall, VT" Fuzzy match to "3558 East Branch Road, Bloomfield, VT" -->
    <tag k="addr:city" v="Guildhall"/>
    <tag k="addr:housenumber" v="3558"/>
    <tag k="addr:street" v="East Branch Road"/>
    <tag k="addr:state" v="VT"/>
    <tag k="ref:vcgi:esiteid" v="25000"/>
  </node>
  <node id="-110" visible="true" lat="44.823729544767" lon="-71.580302475267">
    <!-- conflict: "502 Crank Road, Guildhall, VT" Fuzzy match to "502 Crank Road, Bloomfield, VT" -->
    <tag k="addr:city" v="Guildhall"/>
    <tag k="addr:housenumber" v="502"/>
    <tag k="addr:street" v="Crank Road"/>
    <tag k="addr:state" v="VT"/>
    <tag k="ref:vcgi:esiteid" v="25001"/>
  </node>
  <node id="-111" visible="true" lat="44.823205918644" lon="-71.568525231763">
    <!-- conflict: "6548 Vermont Route 102, Guildhall, VT" Fuzzy match to "6548 Vermont Route 102, Bloomfield, VT" -->
    <tag k="addr:city" v="Guildhall"/>
    <tag k="addr:housenumber" v="6548"/>
    <tag k="addr:street" v="Vermont Route 102"/>
    <tag k="addr:state" v="VT"/>
    <tag k="ref:vcgi:esiteid" v="25002"/>
  </node>
  <node id="-112" visible="true" lat="44.823135309377" lon="-71.573997071808">
    <!-- conflict: "6487 Vermont Route 102, Guildhall, VT" Fuzzy match to "6487 Vermont Route 102, Bloomfield, VT" -->
    <tag k="addr:city" v="Guildhall"/>
    <tag k="addr:housenumber" v="6487"/>
    <tag k="addr:street" v="Vermont Route 102"/>
    <tag k="addr:state" v="VT"/>
    <tag k="ref:vcgi:esiteid" v="25003"/>
  </node>
  <node id="-113" visible="true" lat="44.822920227647" lon="-71.579952670215">
    <!-- conflict: "412 Crank Road, Guildhall, VT" Fuzzy match to "412 Crank Road, Bloomfield, VT" -->
    <tag k="addr:city" v="Guildhall"/>
    <tag k="addr:housenumber" v="412"/>
    <tag k="addr:street" v="Crank Road"/>
    <tag k="addr:state" v="VT"/>
    <tag k="ref:vcgi:esiteid" v="25004"/>
  </node>
  <node id="-114" visible="true" lat="44.821782537466" lon="-71.572973973234">
    <!-- conflict: "6345 Vermont Route 102, Guildhall, VT" Fuzzy match to "6345 Vermont Route 102, Bloomfield, VT" -->
    <tag k="addr:city" v="Guildhall"/>
    <tag k="addr:housenumber" v="6345"/>
    <tag k="addr:street" v="Vermont Route 102"/>
    <tag k="addr:state" v="VT"/>
    <tag k="ref:vcgi:esiteid" v="25005"/>
  </node>
  <node id="-115" visible="true" lat="44.820395158066" lon="-71.672052170972">
    <!-- conflict: "3135 East Branch Road, Guildhall, VT" Fuzzy match to "3135 East Branch Road, Bloomfield, VT" -->
    <tag k="addr:city" v="Guildhall"/>
    <tag k="addr:housenumber" v="3135"/>
    <tag k="addr:street" v="East Branch Road"/>
    <tag k="addr:state" v="VT"/>
    <tag k="ref:vcgi:esiteid" v="25006"/>
  </node>
  <node id="-116" visible="true" lat="44.818195420866" lon="-71.575822843843">
    <!-- conflict: "26 Crank Road, Guildhall, VT" Fuzzy match to "26 Crank Road, Bloomfield, VT" -->
    <tag k="addr:city" v="Guildhall"/>
    <tag k="addr:housenumber" v="26"/>
    <tag k="addr:street" v="Crank Road"/>
    <tag k="addr:state" v="VT"/>
    <tag k="ref:vcgi:esiteid" v="25007"/>
  </node>
  <node id="-117" visible="true" lat="44.8187308766" lon="-71.672760959525">
    <!-- conflict: "2990 East Branch Road, Guildhall, VT" Fuzzy match to "2990 East Branch Road, Bloomfield, VT" -->
    <tag k="addr:city" v="Guildhall"/>
    <tag k="addr:housenumber" v="2990"/>
    <tag k="addr:street" v="East Branch Road"/>
    <tag k="addr:state" v="VT"/>
    <tag k="ref:vcgi:esiteid" v="25008"/>
  </node>
  <node id="-118" visible="true" lat="44.817588205813" lon="-71.576206244315">
    <!-- conflict: "6013 Vermont Route 102, Guildhall, VT" Fuzzy match to "6013 Vermont Route 102, Bloomfield, VT" -->
    <tag k="addr:city" v="Guildhall"/>
    <tag k="addr:housenumber" v="6013"/>
    <tag k="addr:street" v="Vermont Route 102"/>
    <tag k="addr:state" v="VT"/>
    <tag k="ref:vcgi:esiteid" v="25009"/>
  </node>
  <node id="-119" visible="true" lat="44.817303118151" lon="-71.576462385053">
    <!-- conflict: "6001 Vermont Route 102, Guildhall, VT" Fuzzy match to "6001 Vermont Route 102, Bloomfield, VT" -->
    <tag k="addr:city" v="Guildhall"/>
    <tag k="addr:housenumber" v="6001"/>
    <tag k="addr:street" v="Vermont Route 102"/>
    <tag k="addr:state" v="VT"/>
    <tag k="ref:vcgi:esiteid" v="25010"/>
  </node>
  <node id="-120" visible="true" lat="44.816165451508" lon="-71.671045641398">
    <!-- conflict: "2802 East Branch Road, Guildhall, VT" Fuzzy match to "2802 East Branch Road, Bloomfield, VT" -->
    <tag k="addr:city" v="Guildhall"/>
    <tag k="addr:housenumber" v="2802"/>
    <tag k="addr:street" v="East Branch Road"/>
    <tag k="addr:state" v="VT"/>
    <tag k="ref:vcgi:esiteid" v="25011"/>
  </node>
  <node id="-121" visible="true" lat="44.814946778633" lon="-71.578060867357">
    <!-- conflict: "5897 Vermont Route 102, Guildhall, VT" Fuzzy match to "5897 Vermont Route 102, Bloomfield, VT" -->
    <tag k="addr:city" v="Guildhall"/>
    <tag k="addr:housenumber" v="5897"/>
    <tag k="addr:street" v="Vermont Route 102"/>
    <tag k="addr:state" v="VT"/>
    <tag k="ref:vcgi:esiteid" v="25012"/>
  </node>
  <node id="-122" visible="true" lat="44.811985142456" lon="-71.577284349994">
    <!-- conflict: "153 Spur Road, Guildhall, VT" Fuzzy match to "153 Spur Road, Bloomfield, VT" -->
    <tag k="addr:city" v="Guildhall"/>
    <tag k="addr:housenumber" v="153"/>
    <tag k="addr:street" v="Spur Road"/>
    <tag k="addr:state" v="VT"/>
    <tag k="ref:vcgi:esiteid" v="25013"/>
  </node>
  <node id="-123" visible="true" lat="44.81135529784" lon="-71.575245814184">
    <!-- conflict: "5562 Vermont Route 102, Guildhall, VT" Fuzzy match to "5562 Vermont Route 102, Bloomfield, VT" -->
    <tag k="addr:city" v="Guildhall"/>
    <tag k="addr:housenumber" v="5562"/>
    <tag k="addr:street" v="Vermont Route 102"/>
    <tag k="addr:state" v="VT"/>
    <tag k="ref:vcgi:esiteid" v="25014"/>
  </node>
  <node id="-124" visible="true" lat="44.812011158018" lon="-71.665926718043">
    <!-- conflict: "2404 East Branch Road, Guildhall, VT" Fuzzy match to "2404 East Branch Road, Bloomfield, VT" -->
    <tag k="addr:city" v="Guildhall"/>
    <tag k="addr:housenumber" v="2404"/>
    <tag k="addr:street" v="East Branch Road"/>
    <tag k="addr:state" v="VT"/>
    <tag k="ref:vcgi:esiteid" v="25015"/>
  </node>
  <node id="-125" visible="true" lat="44.811311264702" lon="-71.576400314166">
    <!-- conflict: "94 Spur Road, Guildhall, VT" Fuzzy match to "94 Spur Road, Bloomfield, VT" -->
    <tag k="addr:city" v="Guildhall"/>
    <tag k="addr:housenumber" v="94"/>
    <tag k="addr:street" v="Spur Road"/>
    <tag k="addr:state" v="VT"/>
    <tag k="ref:vcgi:esiteid" v="25016"/>
  </node>
  <node id="-126" visible="true" lat="44.811289126548" lon="-71.590151047587">
    <!-- conflict: "1149 Stevens Road, Guildhall, VT" Fuzzy match to "1149 Stevens Road, Bloomfield, VT" -->
    <tag k="addr:city" v="Guildhall"/>
    <tag k="addr:housenumber" v="1149"/>
    <tag k="addr:street" v="Stevens Road"/>
    <tag k="addr:state" v="VT"/>
    <tag k="ref:vcgi:esiteid" v="25017"/>
  </node>
  <node id="-127" visible="true" lat="44.810389122236" lon="-71.576238264375">
    <!-- conflict: "53 Spur Road, Guildhall, VT" Fuzzy match to "53 Spur Road, Bloomfield, VT" -->
    <tag k="addr:city" v="Guildhall"/>
    <tag k="addr:housenumber" v="53"/>
    <tag k="addr:street" v="Spur Road"/>
    <tag k="addr:state" v="VT"/>
    <tag k="ref:vcgi:esiteid" v="25018"/>
  </node>
  <node id="-128" visible="true" lat="44.808226900262" lon="-71.575200084272">
    <!-- conflict: "5305 Vermont Route 102, Guildhall, VT" Fuzzy match to "5305 Vermont Route 102, Bloomfield, VT" -->
    <tag k="addr:city" v="Guildhall"/>
    <tag k="addr:housenumber" v="5305"/>
    <tag k="addr:street" v="Vermont Route 102"/>
    <tag k="addr:state" v="VT"/>
    <tag k="ref:vcgi:esiteid" v="25019"/>
  </node>
  <node id="-129" visible="true" lat="44.806928136968" lon="-71.569861355108">
    <!-- conflict: "4950 Vermont Route 102, Guildhall, VT" Fuzzy match to "4950 Vermont Route 102, Bloomfield, VT" -->
    <tag k="addr:city" v="Guildhall"/>
    <tag k="addr:housenumber" v="4950"/>
    <tag k="addr:street" v="Vermont Route 102"/>
    <tag k="addr:state" v="VT"/>
    <tag k="ref:vcgi:esiteid" v="25020"/>
  </node>
  <node id="-130" visible="true" lat="44.806847074767" lon="-71.574421078352">
    <!-- conflict: "5253 Vermont Route 102, Guildhall, VT" Fuzzy match to "5253 Vermont Route 102, Bloomfield, VT" -->
    <tag k="addr:city" v="Guildhall"/>
    <tag k="addr:housenumber" v="5253"/>
    <tag k="addr:street" v="Vermont Route 102"/>
    <tag k="addr:state" v="VT"/>
    <tag k="ref:vcgi:esiteid" v="25021"/>
  </node>
  <node id="-131" visible="true" lat="44.80647465278" lon="-71.583525466132">
    <!-- conflict: "645 Stevens Road, Guildhall, VT" Fuzzy match to "645 Stevens Road, Bloomfield, VT" -->
    <tag k="addr:city" v="Guildhall"/>
    <tag k="addr:housenumber" v="645"/>
    <tag k="addr:street" v="Stevens Road"/>
    <tag k="addr:state" v="VT"/>
    <tag k="ref:vcgi:esiteid" v="25022"/>
  </node>
  <node id="-132" visible="true" lat="44.804940601196" lon="-71.572140266946">
    <!-- conflict: "5084 Vermont Route 102, Guildhall, VT" Fuzzy match to "5084 Vermont Route 102, Bloomfield, VT" -->
    <tag k="addr:city" v="Guildhall"/>
    <tag k="addr:housenumber" v="5084"/>
    <tag k="addr:street" v="Vermont Route 102"/>
    <tag k="addr:state" v="VT"/>
    <tag k="ref:vcgi:esiteid" v="25023"/>
  </node>
  <node id="-133" visible="true" lat="44.804873242274" lon="-71.574026575708">
    <!-- conflict: "5075 Vermont Route 102, Guildhall, VT" Fuzzy match to "5075 Vermont Route 102, Bloomfield, VT" -->
    <tag k="addr:city" v="Guildhall"/>
    <tag k="addr:housenumber" v="5075"/>
    <tag k="addr:street" v="Vermont Route 102"/>
    <tag k="addr:state" v="VT"/>
    <tag k="ref:vcgi:esiteid" v="25024"/>
  </node>
  <node id="-134" visible="true" lat="44.804624044981" lon="-71.604095260003">
    <!-- conflict: "7 Brown Road, Guildhall, VT" Fuzzy match to "7 Brown Road, Bloomfield, VT" -->
    <tag k="addr:city" v="Guildhall"/>
    <tag k="addr:housenumber" v="7"/>
    <tag k="addr:street" v="Brown Road"/>
    <tag k="addr:state" v="VT"/>
    <tag k="ref:vcgi:esiteid" v="25025"/>
  </node>
  <node id="-135" visible="true" lat="44.804282730163" lon="-71.574413289135">
    <!-- conflict: "5029 Vermont Route 102, Guildhall, VT" Fuzzy match to "5029 Vermont Route 102, Bloomfield, VT" -->
    <tag k="addr:city" v="Guildhall"/>
    <tag k="addr:housenumber" v="5029"/>
    <tag k="addr:street" v="Vermont Route 102"/>
    <tag k="addr:state" v="VT"/>
    <tag k="ref:vcgi:esiteid" v="25026"/>
  </node>
  <node id="-136" visible="true" lat="44.803593082193" lon="-71.70666233157">
    <!-- conflict: "2848 Stone Dam Road, Guildhall, VT" Fuzzy match to "2848 Stone Dam Road, Bloomfield, VT" -->
    <tag k="addr:city" v="Guildhall"/>
    <tag k="addr:housenumber" v="2848"/>
    <tag k="addr:street" v="Stone Dam Road"/>
    <tag k="addr:state" v="VT"/>
    <tag k="ref:vcgi:esiteid" v="25027"/>
  </node>
  <node id="-137" visible="true" lat="44.802230468108" lon="-71.601088586993">
    <!-- conflict: "198 Cross Road, Guildhall, VT" Fuzzy match to "198 Cross Road, Bloomfield, VT" -->
    <tag k="addr:city" v="Guildhall"/>
    <tag k="addr:housenumber" v="198"/>
    <tag k="addr:street" v="Cross Road"/>
    <tag k="addr:state" v="VT"/>
    <tag k="ref:vcgi:esiteid" v="25029"/>
  </node>
  <node id="-138" visible="true" lat="44.802204956992" lon="-71.576990041885">
    <!-- conflict: "186 Stevens Road, Guildhall, VT" Fuzzy match to "186 Stevens Road, Bloomfield, VT" -->
    <tag k="addr:city" v="Guildhall"/>
    <tag k="addr:housenumber" v="186"/>
    <tag k="addr:street" v="Stevens Road"/>
    <tag k="addr:state" v="VT"/>
    <tag k="ref:vcgi:esiteid" v="25030"/>
  </node>
  <node id="-139" visible="true" lat="44.802551324455" lon="-71.707689306495">
    <!-- conflict: "2757 Stone Dam Road, Guildhall, VT" Fuzzy match to "2757 Stone Dam Road, Bloomfield, VT" -->
    <tag k="addr:city" v="Guildhall"/>
    <tag k="addr:housenumber" v="2757"/>
    <tag k="addr:street" v="Stone Dam Road"/>
    <tag k="addr:state" v="VT"/>
    <tag k="ref:vcgi:esiteid" v="25031"/>
  </node>
  <node id="-140" visible="true" lat="44.801106308437" lon="-71.577261342178">
    <!-- conflict: "139 Stevens Road, Guildhall, VT" Fuzzy match to "139 Stevens Road, Bloomfield, VT" -->
    <tag k="addr:city" v="Guildhall"/>
    <tag k="addr:housenumber" v="139"/>
    <tag k="addr:street" v="Stevens Road"/>
    <tag k="addr:state" v="VT"/>
    <tag k="ref:vcgi:esiteid" v="25032"/>
  </node>
  <node id="-141" visible="true" lat="44.800072962213" lon="-71.57474970659">
    <!-- conflict: "4703 Vermont Route 102, Guildhall, VT" Fuzzy match to "4703 Vermont Route 102, Bloomfield, VT" -->
    <tag k="addr:city" v="Guildhall"/>
    <tag k="addr:housenumber" v="4703"/>
    <tag k="addr:street" v="Vermont Route 102"/>
    <tag k="addr:state" v="VT"/>
    <tag k="ref:vcgi:esiteid" v="25034"/>
  </node>
  <node id="-142" visible="true" lat="44.800450407572" lon="-71.665986965678">
    <!-- conflict: "1583 East Branch Road, Guildhall, VT" Fuzzy match to "1583 East Branch Road, Bloomfield, VT" -->
    <tag k="addr:city" v="Guildhall"/>
    <tag k="addr:housenumber" v="1583"/>
    <tag k="addr:street" v="East Branch Road"/>
    <tag k="addr:state" v="VT"/>
    <tag k="ref:vcgi:esiteid" v="25035"/>
  </node>
  <node id="-143" visible="true" lat="44.800137988569" lon="-71.701567412205">
    <!-- conflict: "2435 Stone Dam Road, Guildhall, VT" Fuzzy match to "2435 Stone Dam Road, Bloomfield, VT" -->
    <tag k="addr:city" v="Guildhall"/>
    <tag k="addr:housenumber" v="2435"/>
    <tag k="addr:street" v="Stone Dam Road"/>
    <tag k="addr:state" v="VT"/>
    <tag k="ref:vcgi:esiteid" v="25036"/>
  </node>
  <node id="-144" visible="true" lat="44.799521746291" lon="-71.625983347014">
    <!-- conflict: "1146 Snow Hill Road, Guildhall, VT" Fuzzy match to "1146 Snow Hill Road, Bloomfield, VT" -->
    <tag k="addr:city" v="Guildhall"/>
    <tag k="addr:housenumber" v="1146"/>
    <tag k="addr:street" v="Snow Hill Road"/>
    <tag k="addr:state" v="VT"/>
    <tag k="ref:vcgi:esiteid" v="25037"/>
  </node>
  <node id="-145" visible="true" lat="44.798133760596" lon="-71.625297209198">
    <!-- conflict: "1252 Snow Hill Road, Guildhall, VT" Fuzzy match to "1252 Snow Hill Road, Bloomfield, VT" -->
    <tag k="addr:city" v="Guildhall"/>
    <tag k="addr:housenumber" v="1252"/>
    <tag k="addr:street" v="Snow Hill Road"/>
    <tag k="addr:state" v="VT"/>
    <tag k="ref:vcgi:esiteid" v="25039"/>
  </node>
  <node id="-146" visible="true" lat="44.798213969646" lon="-71.699872786946">
    <!-- conflict: "2276 Stone Dam Road, Guildhall, VT" Fuzzy match to "2276 Stone Dam Road, Bloomfield, VT" -->
    <tag k="addr:city" v="Guildhall"/>
    <tag k="addr:housenumber" v="2276"/>
    <tag k="addr:street" v="Stone Dam Road"/>
    <tag k="addr:state" v="VT"/>
    <tag k="ref:vcgi:esiteid" v="25040"/>
  </node>
  <node id="-147" visible="true" lat="44.795903640971" lon="-71.576678840507">
    <!-- conflict: "4399 Vermont Route 102, Guildhall, VT" Fuzzy match to "4399 Vermont Route 102, Bloomfield, VT" -->
    <tag k="addr:city" v="Guildhall"/>
    <tag k="addr:housenumber" v="4399"/>
    <tag k="addr:street" v="Vermont Route 102"/>
    <tag k="addr:state" v="VT"/>
    <tag k="ref:vcgi:esiteid" v="25041"/>
  </node>
  <node id="-148" visible="true" lat="44.794114567303" lon="-71.577893076838">
    <!-- conflict: "4273 Vermont Route 102, Guildhall, VT" Fuzzy match to "4273 Vermont Route 102, Bloomfield, VT" -->
    <tag k="addr:city" v="Guildhall"/>
    <tag k="addr:housenumber" v="4273"/>
    <tag k="addr:street" v="Vermont Route 102"/>
    <tag k="addr:state" v="VT"/>
    <tag k="ref:vcgi:esiteid" v="25042"/>
  </node>
  <node id="-149" visible="true" lat="44.799781461541" lon="-71.619993664732">
    <!-- conflict: "630 Snow Hill Road, Guildhall, VT" Fuzzy match to "630 Snow Hill Road, Bloomfield, VT" -->
    <tag k="addr:city" v="Guildhall"/>
    <tag k="addr:housenumber" v="630"/>
    <tag k="addr:street" v="Snow Hill Road"/>
    <tag k="addr:state" v="VT"/>
    <tag k="ref:vcgi:esiteid" v="25043"/>
  </node>
  <node id="-150" visible="true" lat="44.794121066504" lon="-71.617965240548">
    <!-- conflict: "655 Snow Hill Road, Guildhall, VT" Fuzzy match to "655 Snow Hill Road, Bloomfield, VT" -->
    <tag k="addr:city" v="Guildhall"/>
    <tag k="addr:housenumber" v="655"/>
    <tag k="addr:street" v="Snow Hill Road"/>
    <tag k="addr:state" v="VT"/>
    <tag k="ref:vcgi:esiteid" v="25044"/>
  </node>
  <node id="-151" visible="true" lat="44.79314308198" lon="-71.578280188657">
    <!-- conflict: "4205 Vermont Route 102, Guildhall, VT" Fuzzy match to "4205 Vermont Route 102, Bloomfield, VT" -->
    <tag k="addr:city" v="Guildhall"/>
    <tag k="addr:housenumber" v="4205"/>
    <tag k="addr:street" v="Vermont Route 102"/>
    <tag k="addr:state" v="VT"/>
    <tag k="ref:vcgi:esiteid" v="25045"/>
  </node>
  <node id="-152" visible="true" lat="44.792879394389" lon="-71.606790398766">
    <!-- conflict: "1127 Mill Brook Road, Guildhall, VT" Fuzzy match to "1127 Mill Brook Road, Bloomfield, VT" -->
    <tag k="addr:city" v="Guildhall"/>
    <tag k="addr:housenumber" v="1127"/>
    <tag k="addr:street" v="Mill Brook Road"/>
    <tag k="addr:state" v="VT"/>
    <tag k="ref:vcgi:esiteid" v="25046"/>
  </node>
  <node id="-153" visible="true" lat="44.792255600147" lon="-71.578093442509">
    <!-- conflict: "4121 Vermont Route 102, Guildhall, VT" Fuzzy match to "4121 Vermont Route 102, Bloomfield, VT" -->
    <tag k="addr:city" v="Guildhall"/>
    <tag k="addr:housenumber" v="4121"/>
    <tag k="addr:street" v="Vermont Route 102"/>
    <tag k="addr:state" v="VT"/>
    <tag k="ref:vcgi:esiteid" v="25047"/>
  </node>
  <node id="-154" visible="true" lat="44.792715111469" lon="-71.665193309628">
    <!-- conflict: "1062 East Branch Road, Guildhall, VT" Fuzzy match to "1062 East Branch Road, Bloomfield, VT" -->
    <tag k="addr:city" v="Guildhall"/>
    <tag k="addr:housenumber" v="1062"/>
    <tag k="addr:street" v="East Branch Road"/>
    <tag k="addr:state" v="VT"/>
    <tag k="ref:vcgi:esiteid" v="25048"/>
  </node>
  <node id="-155" visible="true" lat="44.791521677439" lon="-71.611570144745">
    <!-- conflict: "389 Snow Hill Road, Guildhall, VT" Fuzzy match to "389 Snow Hill Road, Bloomfield, VT" -->
    <tag k="addr:city" v="Guildhall"/>
    <tag k="addr:housenumber" v="389"/>
    <tag k="addr:street" v="Snow Hill Road"/>
    <tag k="addr:state" v="VT"/>
    <tag k="ref:vcgi:esiteid" v="25050"/>
  </node>
  <node id="-156" visible="true" lat="44.791243937686" lon="-71.665370642027">
    <!-- conflict: "975 East Branch Road, Guildhall, VT" Fuzzy match to "975 East Branch Road, Bloomfield, VT" -->
    <tag k="addr:city" v="Guildhall"/>
    <tag k="addr:housenumber" v="975"/>
    <tag k="addr:street" v="East Branch Road"/>
    <tag k="addr:state" v="VT"/>
    <tag k="ref:vcgi:esiteid" v="25051"/>
  </node>
  <node id="-157" visible="true" lat="44.789902336891" lon="-71.580786017555">
    <!-- conflict: "3919 Vermont Route 102, Guildhall, VT" Fuzzy match to "3919 Vermont Route 102, Bloomfield, VT" -->
    <tag k="addr:city" v="Guildhall"/>
    <tag k="addr:housenumber" v="3919"/>
    <tag k="addr:street" v="Vermont Route 102"/>
    <tag k="addr:state" v="VT"/>
    <tag k="ref:vcgi:esiteid" v="25052"/>
  </node>
  <node id="-158" visible="true" lat="44.78950025044" lon="-71.579553293389">
    <!-- conflict: "3946 Vermont Route 102, Guildhall, VT" Fuzzy match to "3946 Vermont Route 102, Bloomfield, VT" -->
    <tag k="addr:city" v="Guildhall"/>
    <tag k="addr:housenumber" v="3946"/>
    <tag k="addr:street" v="Vermont Route 102"/>
    <tag k="addr:state" v="VT"/>
    <tag k="ref:vcgi:esiteid" v="25054"/>
  </node>
  <node id="-159" visible="true" lat="44.789307400297" lon="-71.581813656989">
    <!-- conflict: "3841 Vermont Route 102, Guildhall, VT" Fuzzy match to "3841 Vermont Route 102, Bloomfield, VT" -->
    <tag k="addr:city" v="Guildhall"/>
    <tag k="addr:housenumber" v="3841"/>
    <tag k="addr:street" v="Vermont Route 102"/>
    <tag k="addr:state" v="VT"/>
    <tag k="ref:vcgi:esiteid" v="25055"/>
  </node>
  <node id="-160" visible="true" lat="44.790717388486" lon="-71.597621259562">
    <!-- conflict: "619 Fuller Road, Guildhall, VT" Fuzzy match to "619 Fuller Road, Bloomfield, VT" -->
    <tag k="addr:city" v="Guildhall"/>
    <tag k="addr:housenumber" v="619"/>
    <tag k="addr:street" v="Fuller Road"/>
    <tag k="addr:state" v="VT"/>
    <tag k="ref:vcgi:esiteid" v="25056"/>
  </node>
  <node id="-161" visible="true" lat="44.788936834924" lon="-71.580211165962">
    <!-- conflict: "3902 Vermont Route 102, Guildhall, VT" Fuzzy match to "3902 Vermont Route 102, Bloomfield, VT" -->
    <tag k="addr:city" v="Guildhall"/>
    <tag k="addr:housenumber" v="3902"/>
    <tag k="addr:street" v="Vermont Route 102"/>
    <tag k="addr:state" v="VT"/>
    <tag k="ref:vcgi:esiteid" v="25057"/>
  </node>
  <node id="-162" visible="true" lat="44.790229202485" lon="-71.606769125339">
    <!-- conflict: "84 Snow Hill Road, Guildhall, VT" Fuzzy match to "84 Snow Hill Road, Bloomfield, VT" -->
    <tag k="addr:city" v="Guildhall"/>
    <tag k="addr:housenumber" v="84"/>
    <tag k="addr:street" v="Snow Hill Road"/>
    <tag k="addr:state" v="VT"/>
    <tag k="ref:vcgi:esiteid" v="25058"/>
  </node>
  <node id="-163" visible="true" lat="44.788376840748" lon="-71.579606275584">
    <!-- conflict: "3904 Vermont Route 102, Guildhall, VT" Fuzzy match to "3904 Vermont Route 102, Bloomfield, VT" -->
    <tag k="addr:city" v="Guildhall"/>
    <tag k="addr:housenumber" v="3904"/>
    <tag k="addr:street" v="Vermont Route 102"/>
    <tag k="addr:state" v="VT"/>
    <tag k="ref:vcgi:esiteid" v="25059"/>
  </node>
  <node id="-164" visible="true" lat="44.789353184989" lon="-71.662886236254">
    <!-- conflict: "776 East Branch Road, Guildhall, VT" Fuzzy match to "776 East Branch Road, Bloomfield, VT" -->
    <tag k="addr:city" v="Guildhall"/>
    <tag k="addr:housenumber" v="776"/>
    <tag k="addr:street" v="East Branch Road"/>
    <tag k="addr:state" v="VT"/>
    <tag k="ref:vcgi:esiteid" v="25060"/>
  </node>
  <node id="-165" visible="true" lat="44.788250533898" lon="-71.582134036723">
    <!-- conflict: "3785 Vermont Route 102, Guildhall, VT" Fuzzy match to "3785 Vermont Route 102, Bloomfield, VT" -->
    <tag k="addr:city" v="Guildhall"/>
    <tag k="addr:housenumber" v="3785"/>
    <tag k="addr:street" v="Vermont Route 102"/>
    <tag k="addr:state" v="VT"/>
    <tag k="ref:vcgi:esiteid" v="25062"/>
  </node>
  <node id="-166" visible="true" lat="44.787261413974" lon="-71.581637020462">
    <!-- conflict: "3754 Vermont Route 102, Guildhall, VT" Fuzzy match to "3754 Vermont Route 102, Bloomfield, VT" -->
    <tag k="addr:city" v="Guildhall"/>
    <tag k="addr:housenumber" v="3754"/>
    <tag k="addr:street" v="Vermont Route 102"/>
    <tag k="addr:state" v="VT"/>
    <tag k="ref:vcgi:esiteid" v="25063"/>
  </node>
  <node id="-167" visible="true" lat="44.785746433216" lon="-71.660373873985">
    <!-- conflict: "508 East Branch Road, Guildhall, VT" Fuzzy match to "508 East Branch Road, Bloomfield, VT" -->
    <tag k="addr:city" v="Guildhall"/>
    <tag k="addr:housenumber" v="508"/>
    <tag k="addr:street" v="East Branch Road"/>
    <tag k="addr:state" v="VT"/>
    <tag k="ref:vcgi:esiteid" v="25065"/>
  </node>
  <node id="-168" visible="true" lat="44.785304570682" lon="-71.588439137563">
    <!-- conflict: "3399 Vermont Route 102, Guildhall, VT" Fuzzy match to "3399 Vermont Route 102, Bloomfield, VT" -->
    <tag k="addr:city" v="Guildhall"/>
    <tag k="addr:housenumber" v="3399"/>
    <tag k="addr:street" v="Vermont Route 102"/>
    <tag k="addr:state" v="VT"/>
    <tag k="ref:vcgi:esiteid" v="25066"/>
  </node>
  <node id="-169" visible="true" lat="44.785630742542" lon="-71.66178988267">
    <!-- conflict: "601 East Branch Road, Guildhall, VT" Fuzzy match to "601 East Branch Road, Bloomfield, VT" -->
    <tag k="addr:city" v="Guildhall"/>
    <tag k="addr:housenumber" v="601"/>
    <tag k="addr:street" v="East Branch Road"/>
    <tag k="addr:state" v="VT"/>
    <tag k="ref:vcgi:esiteid" v="25067"/>
  </node>
  <node id="-170" visible="true" lat="44.785451451083" lon="-71.660508143809">
    <!-- conflict: "495 East Branch Road, Guildhall, VT" Fuzzy match to "495 East Branch Road, Bloomfield, VT" -->
    <tag k="addr:city" v="Guildhall"/>
    <tag k="addr:housenumber" v="495"/>
    <tag k="addr:street" v="East Branch Road"/>
    <tag k="addr:state" v="VT"/>
    <tag k="ref:vcgi:esiteid" v="25068"/>
  </node>
  <node id="-171" visible="true" lat="44.784268676696" lon="-71.596588003028">
    <!-- conflict: "183 Fuller Road, Guildhall, VT" Fuzzy match to "183 Fuller Road, Bloomfield, VT" -->
    <tag k="addr:city" v="Guildhall"/>
    <tag k="addr:housenumber" v="183"/>
    <tag k="addr:street" v="Fuller Road"/>
    <tag k="addr:state" v="VT"/>
    <tag k="ref:vcgi:esiteid" v="25070"/>
  </node>
  <node id="-172" visible="true" lat="44.784075889292" lon="-71.591932966498">
    <!-- conflict: "3217 Vermont Route 102, Guildhall, VT" Fuzzy match to "3217 Vermont Route 102, Bloomfield, VT" -->
    <tag k="addr:city" v="Guildhall"/>
    <tag k="addr:housenumber" v="3217"/>
    <tag k="addr:street" v="Vermont Route 102"/>
    <tag k="addr:state" v="VT"/>
    <tag k="ref:vcgi:esiteid" v="25071"/>
  </node>
  <node id="-173" visible="true" lat="44.783196753729" lon="-71.603907073269">
    <!-- conflict: "461 Mill Brook Road, Guildhall, VT" Fuzzy match to "461 Mill Brook Road, Bloomfield, VT" -->
    <tag k="addr:city" v="Guildhall"/>
    <tag k="addr:housenumber" v="461"/>
    <tag k="addr:street" v="Mill Brook Road"/>
    <tag k="addr:state" v="VT"/>
    <tag k="ref:vcgi:esiteid" v="25072"/>
  </node>
  <node id="-174" visible="true" lat="44.782771988381" lon="-71.59429125139">
    <!-- conflict: "9 Fuller Road, Guildhall, VT" Fuzzy match to "9 Fuller Road, Bloomfield, VT" -->
    <tag k="addr:city" v="Guildhall"/>
    <tag k="addr:housenumber" v="9"/>
    <tag k="addr:street" v="Fuller Road"/>
    <tag k="addr:state" v="VT"/>
    <tag k="ref:vcgi:esiteid" v="25074"/>
  </node>
  <node id="-175" visible="true" lat="44.783054407209" lon="-71.65876265483">
    <!-- conflict: "296 East Branch Road, Guildhall, VT" Fuzzy match to "296 East Branch Road, Bloomfield, VT" -->
    <tag k="addr:city" v="Guildhall"/>
    <tag k="addr:housenumber" v="296"/>
    <tag k="addr:street" v="East Branch Road"/>
    <tag k="addr:state" v="VT"/>
    <tag k="ref:vcgi:esiteid" v="25075"/>
  </node>
  <node id="-176" visible="true" lat="44.782808382042" lon="-71.659050987893">
    <!-- conflict: "287 East Branch Road, Guildhall, VT" Fuzzy match to "287 East Branch Road, Bloomfield, VT" -->
    <tag k="addr:city" v="Guildhall"/>
    <tag k="addr:housenumber" v="287"/>
    <tag k="addr:street" v="East Branch Road"/>
    <tag k="addr:state" v="VT"/>
    <tag k="ref:vcgi:esiteid" v="25076"/>
  </node>
  <node id="-177" visible="true" lat="44.782048203763" lon="-71.594457947879">
    <!-- conflict: "3042 Vermont Route 102, Guildhall, VT" Fuzzy match to "3042 Vermont Route 102, Bloomfield, VT" -->
    <tag k="addr:city" v="Guildhall"/>
    <tag k="addr:housenumber" v="3042"/>
    <tag k="addr:street" v="Vermont Route 102"/>
    <tag k="addr:state" v="VT"/>
    <tag k="ref:vcgi:esiteid" v="25077"/>
  </node>
  <node id="-178" visible="true" lat="44.782262101331" lon="-71.595444090712">
    <!-- conflict: "3025 Vermont Route 102, Guildhall, VT" Fuzzy match to "3025 Vermont Route 102, Bloomfield, VT" -->
    <tag k="addr:city" v="Guildhall"/>
    <tag k="addr:housenumber" v="3025"/>
    <tag k="addr:street" v="Vermont Route 102"/>
    <tag k="addr:state" v="VT"/>
    <tag k="ref:vcgi:esiteid" v="25078"/>
  </node>
  <node id="-179" visible="true" lat="44.781108459141" lon="-71.60072906817">
    <!-- conflict: "244 Mill Brook Road, Guildhall, VT" Fuzzy match to "244 Mill Brook Road, Bloomfield, VT" -->
    <tag k="addr:city" v="Guildhall"/>
    <tag k="addr:housenumber" v="244"/>
    <tag k="addr:street" v="Mill Brook Road"/>
    <tag k="addr:state" v="VT"/>
    <tag k="ref:vcgi:esiteid" v="25080"/>
  </node>
  <node id="-180" visible="true" lat="44.780867389445" lon="-71.595765694165">
    <!-- conflict: "2902 Vermont Route 102, Guildhall, VT" Fuzzy match to "2902 Vermont Route 102, Bloomfield, VT" -->
    <tag k="addr:city" v="Guildhall"/>
    <tag k="addr:housenumber" v="2902"/>
    <tag k="addr:street" v="Vermont Route 102"/>
    <tag k="addr:state" v="VT"/>
    <tag k="ref:vcgi:esiteid" v="25081"/>
  </node>
  <node id="-181" visible="true" lat="44.780747319648" lon="-71.601266525197">
    <!-- conflict: "215 Mill Brook Road, Guildhall, VT" Fuzzy match to "215 Mill Brook Road, Bloomfield, VT" -->
    <tag k="addr:city" v="Guildhall"/>
    <tag k="addr:housenumber" v="215"/>
    <tag k="addr:street" v="Mill Brook Road"/>
    <tag k="addr:state" v="VT"/>
    <tag k="ref:vcgi:esiteid" v="25082"/>
  </node>
  <node id="-182" visible="true" lat="44.779671686406" lon="-71.599303446083">
    <!-- conflict: "92 Mill Brook Road, Guildhall, VT" Fuzzy match to "92 Mill Brook Road, Bloomfield, VT" -->
    <tag k="addr:city" v="Guildhall"/>
    <tag k="addr:housenumber" v="92"/>
    <tag k="addr:street" v="Mill Brook Road"/>
    <tag k="addr:state" v="VT"/>
    <tag k="ref:vcgi:esiteid" v="25083"/>
  </node>
  <node id="-183" visible="true" lat="44.778686182223" lon="-71.599196344374">
    <!-- conflict: "61 Mill Brook Road, Guildhall, VT" Fuzzy match to "61 Mill Brook Road, Bloomfield, VT" -->
    <tag k="addr:city" v="Guildhall"/>
    <tag k="addr:housenumber" v="61"/>
    <tag k="addr:street" v="Mill Brook Road"/>
    <tag k="addr:state" v="VT"/>
    <tag k="ref:vcgi:esiteid" v="25084"/>
  </node>
  <node id="-184" visible="true" lat="44.778548159918" lon="-71.597020852379">
    <!-- conflict: "2744 Vermont Route 102, Guildhall, VT" Fuzzy match to "2744 Vermont Route 102, Bloomfield, VT" -->
    <tag k="addr:city" v="Guildhall"/>
    <tag k="addr:housenumber" v="2744"/>
    <tag k="addr:street" v="Vermont Route 102"/>
    <tag k="addr:state" v="VT"/>
    <tag k="ref:vcgi:esiteid" v="25085"/>
  </node>
  <node id="-185" visible="true" lat="44.77867531367" lon="-71.598805633326">
    <!-- conflict: "37 Mill Brook Road, Guildhall, VT" Fuzzy match to "37 Mill Brook Road, Bloomfield, VT" -->
    <tag k="addr:city" v="Guildhall"/>
    <tag k="addr:housenumber" v="37"/>
    <tag k="addr:street" v="Mill Brook Road"/>
    <tag k="addr:state" v="VT"/>
    <tag k="ref:vcgi:esiteid" v="25087"/>
  </node>
  <node id="-186" visible="true" lat="44.778746345673" lon="-71.659444614831">
    <!-- conflict: "2622 Vermont Route 105, Guildhall, VT" Fuzzy match to "2622 Vermont Route 105, Bloomfield, VT" -->
    <tag k="addr:city" v="Guildhall"/>
    <tag k="addr:housenumber" v="2622"/>
    <tag k="addr:street" v="Vermont Route 105"/>
    <tag k="addr:state" v="VT"/>
    <tag k="ref:vcgi:esiteid" v="25089"/>
  </node>
  <node id="-187" visible="true" lat="44.777951879032" lon="-71.600997807936">
    <!-- conflict: "2679 Vermont Route 102, Guildhall, VT" Fuzzy match to "2679 Vermont Route 102, Bloomfield, VT" -->
    <tag k="addr:city" v="Guildhall"/>
    <tag k="addr:housenumber" v="2679"/>
    <tag k="addr:street" v="Vermont Route 102"/>
    <tag k="addr:state" v="VT"/>
    <tag k="ref:vcgi:esiteid" v="25091"/>
  </node>
  <node id="-188" visible="true" lat="44.778644832306" lon="-71.665319994171">
    <!-- conflict: "2952 Vermont Route 105, Guildhall, VT" Fuzzy match to "2952 Vermont Route 105, Bloomfield, VT" -->
    <tag k="addr:city" v="Guildhall"/>
    <tag k="addr:housenumber" v="2952"/>
    <tag k="addr:street" v="Vermont Route 105"/>
    <tag k="addr:state" v="VT"/>
    <tag k="ref:vcgi:esiteid" v="25093"/>
  </node>
  <node id="-189" visible="true" lat="44.778027516572" lon="-71.660725359537">
    <!-- conflict: "2699 Vermont Route 105, Guildhall, VT" Fuzzy match to "2699 Vermont Route 105, Bloomfield, VT" -->
    <tag k="addr:city" v="Guildhall"/>
    <tag k="addr:housenumber" v="2699"/>
    <tag k="addr:street" v="Vermont Route 105"/>
    <tag k="addr:state" v="VT"/>
    <tag k="ref:vcgi:esiteid" v="25094"/>
  </node>
  <node id="-190" visible="true" lat="44.777887986252" lon="-71.661116666252">
    <!-- conflict: "2717 Vermont Route 105, Guildhall, VT" Fuzzy match to "2717 Vermont Route 105, Bloomfield, VT" -->
    <tag k="addr:city" v="Guildhall"/>
    <tag k="addr:housenumber" v="2717"/>
    <tag k="addr:street" v="Vermont Route 105"/>
    <tag k="addr:state" v="VT"/>
    <tag k="ref:vcgi:esiteid" v="25095"/>
  </node>
  <node id="-191" visible="true" lat="44.777379016252" lon="-71.654996735543">
    <!-- conflict: "2367 Vermont Route 105, Guildhall, VT" Fuzzy match to "2367 Vermont Route 105, Bloomfield, VT" -->
    <tag k="addr:city" v="Guildhall"/>
    <tag k="addr:housenumber" v="2367"/>
    <tag k="addr:street" v="Vermont Route 105"/>
    <tag k="addr:state" v="VT"/>
    <tag k="ref:vcgi:esiteid" v="25096"/>
  </node>
  <node id="-192" visible="true" lat="44.777415365881" lon="-71.663413046753">
    <!-- conflict: "2835 Vermont Route 105, Guildhall, VT" Fuzzy match to "2835 Vermont Route 105, Bloomfield, VT" -->
    <tag k="addr:city" v="Guildhall"/>
    <tag k="addr:housenumber" v="2835"/>
    <tag k="addr:street" v="Vermont Route 105"/>
    <tag k="addr:state" v="VT"/>
    <tag k="ref:vcgi:esiteid" v="25097"/>
  </node>
  <node id="-193" visible="true" lat="44.777406914194" lon="-71.649292415323">
    <!-- conflict: "179 Norcott Lane, Guildhall, VT" Fuzzy match to "179 Norcott Lane, Bloomfield, VT" -->
    <tag k="addr:city" v="Guildhall"/>
    <tag k="addr:housenumber" v="179"/>
    <tag k="addr:street" v="Norcott Lane"/>
    <tag k="addr:state" v="VT"/>
    <tag k="ref:vcgi:esiteid" v="25098"/>
  </node>
  <node id="-194" visible="true" lat="44.77557097907" lon="-71.647112780341">
    <!-- conflict: "1930 Vermont Route 105, Guildhall, VT" Fuzzy match to "1930 Vermont Route 105, Bloomfield, VT" -->
    <tag k="addr:city" v="Guildhall"/>
    <tag k="addr:housenumber" v="1930"/>
    <tag k="addr:street" v="Vermont Route 105"/>
    <tag k="addr:state" v="VT"/>
    <tag k="ref:vcgi:esiteid" v="25100"/>
  </node>
  <node id="-195" visible="true" lat="44.774017160871" lon="-71.649281025976">
    <!-- conflict: "2029 Vermont Route 105, Guildhall, VT" Fuzzy match to "2029 Vermont Route 105, Bloomfield, VT" -->
    <tag k="addr:city" v="Guildhall"/>
    <tag k="addr:housenumber" v="2029"/>
    <tag k="addr:street" v="Vermont Route 105"/>
    <tag k="addr:state" v="VT"/>
    <tag k="ref:vcgi:esiteid" v="25101"/>
  </node>
  <node id="-196" visible="true" lat="44.774920604753" lon="-71.598164180797">
    <!-- conflict: "2414 Vermont Route 102, Guildhall, VT" Fuzzy match to "2414 Vermont Route 102, Bloomfield, VT" -->
    <tag k="addr:city" v="Guildhall"/>
    <tag k="addr:housenumber" v="2414"/>
    <tag k="addr:street" v="Vermont Route 102"/>
    <tag k="addr:state" v="VT"/>
    <tag k="ref:vcgi:esiteid" v="25102"/>
  </node>
  <node id="-197" visible="true" lat="44.773903058572" lon="-71.601643262625">
    <!-- conflict: "2384 Vermont Route 102, Guildhall, VT" Fuzzy match to "2384 Vermont Route 102, Bloomfield, VT" -->
    <tag k="addr:city" v="Guildhall"/>
    <tag k="addr:housenumber" v="2384"/>
    <tag k="addr:street" v="Vermont Route 102"/>
    <tag k="addr:state" v="VT"/>
    <tag k="ref:vcgi:esiteid" v="25103"/>
  </node>
  <node id="-198" visible="true" lat="44.774306283637" lon="-71.644703540708">
    <!-- conflict: "1796 Vermont Route 105, Guildhall, VT" Fuzzy match to "1796 Vermont Route 105, Bloomfield, VT" -->
    <tag k="addr:city" v="Guildhall"/>
    <tag k="addr:housenumber" v="1796"/>
    <tag k="addr:street" v="Vermont Route 105"/>
    <tag k="addr:state" v="VT"/>
    <tag k="ref:vcgi:esiteid" v="25104"/>
  </node>
  <node id="-199" visible="true" lat="44.771819097436" lon="-71.642757605998">
    <!-- conflict: "1610 Vermont Route 105, Guildhall, VT" Fuzzy match to "1610 Vermont Route 105, Bloomfield, VT" -->
    <tag k="addr:city" v="Guildhall"/>
    <tag k="addr:housenumber" v="1610"/>
    <tag k="addr:street" v="Vermont Route 105"/>
    <tag k="addr:state" v="VT"/>
    <tag k="ref:vcgi:esiteid" v="25105"/>
  </node>
  <node id="-200" visible="true" lat="44.771142445689" lon="-71.643432960681">
    <!-- conflict: "1608 Vermont Route 105, Guildhall, VT" Fuzzy match to "1608 Vermont Route 105, Bloomfield, VT" -->
    <tag k="addr:city" v="Guildhall"/>
    <tag k="addr:housenumber" v="1608"/>
    <tag k="addr:street" v="Vermont Route 105"/>
    <tag k="addr:state" v="VT"/>
    <tag k="ref:vcgi:esiteid" v="25106"/>
  </node>
  <node id="-201" visible="true" lat="44.77081082184" lon="-71.605704548723">
    <!-- conflict: "2141 Vermont Route 102, Guildhall, VT" Fuzzy match to "2141 Vermont Route 102, Bloomfield, VT" -->
    <tag k="addr:city" v="Guildhall"/>
    <tag k="addr:housenumber" v="2141"/>
    <tag k="addr:street" v="Vermont Route 102"/>
    <tag k="addr:state" v="VT"/>
    <tag k="ref:vcgi:esiteid" v="25107"/>
  </node>
  <node id="-202" visible="true" lat="44.77015672265" lon="-71.64417687124">
    <!-- conflict: "1523 Vermont Route 105, Guildhall, VT" Fuzzy match to "1523 Vermont Route 105, Bloomfield, VT" -->
    <tag k="addr:city" v="Guildhall"/>
    <tag k="addr:housenumber" v="1523"/>
    <tag k="addr:street" v="Vermont Route 105"/>
    <tag k="addr:state" v="VT"/>
    <tag k="ref:vcgi:esiteid" v="25108"/>
  </node>
  <node id="-203" visible="true" lat="44.76891761489" lon="-71.629983150715">
    <!-- conflict: "200 Nugent Road, Guildhall, VT" Fuzzy match to "200 Nugent Road, Bloomfield, VT" -->
    <tag k="addr:city" v="Guildhall"/>
    <tag k="addr:housenumber" v="200"/>
    <tag k="addr:street" v="Nugent Road"/>
    <tag k="addr:state" v="VT"/>
    <tag k="ref:vcgi:esiteid" v="25109"/>
  </node>
  <node id="-204" visible="true" lat="44.768248023855" lon="-71.606112394701">
    <!-- conflict: "1928 Vermont Route 102, Guildhall, VT" Fuzzy match to "1928 Vermont Route 102, Bloomfield, VT" -->
    <tag k="addr:city" v="Guildhall"/>
    <tag k="addr:housenumber" v="1928"/>
    <tag k="addr:street" v="Vermont Route 102"/>
    <tag k="addr:state" v="VT"/>
    <tag k="ref:vcgi:esiteid" v="25110"/>
  </node>
  <node id="-205" visible="true" lat="44.767744266555" lon="-71.62915475691">
    <!-- conflict: "102 Nugent Road, Guildhall, VT" Fuzzy match to "102 Nugent Road, Bloomfield, VT" -->
    <tag k="addr:city" v="Guildhall"/>
    <tag k="addr:housenumber" v="102"/>
    <tag k="addr:street" v="Nugent Road"/>
    <tag k="addr:state" v="VT"/>
    <tag k="ref:vcgi:esiteid" v="25111"/>
  </node>
  <node id="-206" visible="true" lat="44.767842255754" lon="-71.643027965028">
    <!-- conflict: "1356 Vermont Route 105, Guildhall, VT" Fuzzy match to "1356 Vermont Route 105, Bloomfield, VT" -->
    <tag k="addr:city" v="Guildhall"/>
    <tag k="addr:housenumber" v="1356"/>
    <tag k="addr:street" v="Vermont Route 105"/>
    <tag k="addr:state" v="VT"/>
    <tag k="ref:vcgi:esiteid" v="25112"/>
  </node>
  <node id="-207" visible="true" lat="44.766785464679" lon="-71.62802827138">
    <!-- conflict: "1100 Spencer Hill Road, Guildhall, VT" Fuzzy match to "1100 Spencer Hill Road, Bloomfield, VT" -->
    <tag k="addr:city" v="Guildhall"/>
    <tag k="addr:housenumber" v="1100"/>
    <tag k="addr:street" v="Spencer Hill Road"/>
    <tag k="addr:state" v="VT"/>
    <tag k="ref:vcgi:esiteid" v="25113"/>
  </node>
  <node id="-208" visible="true" lat="44.766413955468" lon="-71.611991273991">
    <!-- conflict: "195 Daley Brook Lane, Guildhall, VT" Fuzzy match to "195 Daley Brook Lane, Bloomfield, VT" -->
    <tag k="addr:city" v="Guildhall"/>
    <tag k="addr:housenumber" v="195"/>
    <tag k="addr:street" v="Daley Brook Lane"/>
    <tag k="addr:state" v="VT"/>
    <tag k="ref:vcgi:esiteid" v="25114"/>
  </node>
  <node id="-209" visible="true" lat="44.76582574829" lon="-71.612690833651">
    <!-- conflict: "194 Daley Brook Lane, Guildhall, VT" Fuzzy match to "194 Daley Brook Lane, Bloomfield, VT" -->
    <tag k="addr:city" v="Guildhall"/>
    <tag k="addr:housenumber" v="194"/>
    <tag k="addr:street" v="Daley Brook Lane"/>
    <tag k="addr:state" v="VT"/>
    <tag k="ref:vcgi:esiteid" v="25115"/>
  </node>
  <node id="-210" visible="true" lat="44.765357806231" lon="-71.64589013403">
    <!-- conflict: "1203 Vermont Route 105, Guildhall, VT" Fuzzy match to "1203 Vermont Route 105, Bloomfield, VT" -->
    <tag k="addr:city" v="Guildhall"/>
    <tag k="addr:housenumber" v="1203"/>
    <tag k="addr:street" v="Vermont Route 105"/>
    <tag k="addr:state" v="VT"/>
    <tag k="ref:vcgi:esiteid" v="25116"/>
  </node>
  <node id="-211" visible="true" lat="44.764210317714" lon="-71.61266266444">
    <!-- conflict: "1470 Vermont Route 102, Guildhall, VT" Fuzzy match to "1470 Vermont Route 102, Bloomfield, VT" -->
    <tag k="addr:city" v="Guildhall"/>
    <tag k="addr:housenumber" v="1470"/>
    <tag k="addr:street" v="Vermont Route 102"/>
    <tag k="addr:state" v="VT"/>
    <tag k="ref:vcgi:esiteid" v="25117"/>
  </node>
  <node id="-212" visible="true" lat="44.763916495909" lon="-71.645034140966">
    <!-- conflict: "1088 Vermont Route 105, Guildhall, VT" Fuzzy match to "1088 Vermont Route 105, Bloomfield, VT" -->
    <tag k="addr:city" v="Guildhall"/>
    <tag k="addr:housenumber" v="1088"/>
    <tag k="addr:street" v="Vermont Route 105"/>
    <tag k="addr:state" v="VT"/>
    <tag k="ref:vcgi:esiteid" v="25118"/>
  </node>
  <node id="-213" visible="true" lat="44.763262822385" lon="-71.645056434334">
    <!-- conflict: "994 Vermont Route 105, Guildhall, VT" Fuzzy match to "994 Vermont Route 105, Bloomfield, VT" -->
    <tag k="addr:city" v="Guildhall"/>
    <tag k="addr:housenumber" v="994"/>
    <tag k="addr:street" v="Vermont Route 105"/>
    <tag k="addr:state" v="VT"/>
    <tag k="ref:vcgi:esiteid" v="25119"/>
  </node>
  <node id="-214" visible="true" lat="44.762999821204" lon="-71.627049104997">
    <!-- conflict: "804 Spencer Hill Road, Guildhall, VT" Fuzzy match to "804 Spencer Hill Road, Bloomfield, VT" -->
    <tag k="addr:city" v="Guildhall"/>
    <tag k="addr:housenumber" v="804"/>
    <tag k="addr:street" v="Spencer Hill Road"/>
    <tag k="addr:state" v="VT"/>
    <tag k="ref:vcgi:esiteid" v="25120"/>
  </node>
  <node id="-215" visible="true" lat="44.761704842998" lon="-71.64422446415">
    <!-- conflict: "894 Vermont Route 105, Guildhall, VT" Fuzzy match to "894 Vermont Route 105, Bloomfield, VT" -->
    <tag k="addr:city" v="Guildhall"/>
    <tag k="addr:housenumber" v="894"/>
    <tag k="addr:street" v="Vermont Route 105"/>
    <tag k="addr:state" v="VT"/>
    <tag k="ref:vcgi:esiteid" v="25121"/>
  </node>
  <node id="-216" visible="true" lat="44.761586166001" lon="-71.62772169968">
    <!-- conflict: "689 Spencer Hill Road, Guildhall, VT" Fuzzy match to "689 Spencer Hill Road, Bloomfield, VT" -->
    <tag k="addr:city" v="Guildhall"/>
    <tag k="addr:housenumber" v="689"/>
    <tag k="addr:street" v="Spencer Hill Road"/>
    <tag k="addr:state" v="VT"/>
    <tag k="ref:vcgi:esiteid" v="25122"/>
  </node>
  <node id="-217" visible="true" lat="44.761063415913" lon="-71.616490223543">
    <!-- conflict: "1133 Vermont Route 102, Guildhall, VT" Fuzzy match to "1133 Vermont Route 102, Bloomfield, VT" -->
    <tag k="addr:city" v="Guildhall"/>
    <tag k="addr:housenumber" v="1133"/>
    <tag k="addr:street" v="Vermont Route 102"/>
    <tag k="addr:state" v="VT"/>
    <tag k="ref:vcgi:esiteid" v="25123"/>
  </node>
  <node id="-218" visible="true" lat="44.760895398154" lon="-71.61845599123">
    <!-- conflict: "161 Enlightening View Lane, Guildhall, VT" Fuzzy match to "161 Enlightening View Lane, Bloomfield, VT" -->
    <tag k="addr:city" v="Guildhall"/>
    <tag k="addr:housenumber" v="161"/>
    <tag k="addr:street" v="Enlightening View Lane"/>
    <tag k="addr:state" v="VT"/>
    <tag k="ref:vcgi:esiteid" v="25124"/>
  </node>
  <node id="-219" visible="true" lat="44.761165053628" lon="-71.643411676308">
    <!-- conflict: "838 Vermont Route 105, Guildhall, VT" Fuzzy match to "838 Vermont Route 105, Bloomfield, VT" -->
    <tag k="addr:city" v="Guildhall"/>
    <tag k="addr:housenumber" v="838"/>
    <tag k="addr:street" v="Vermont Route 105"/>
    <tag k="addr:state" v="VT"/>
    <tag k="ref:vcgi:esiteid" v="25125"/>
  </node>
  <node id="-220" visible="true" lat="44.759599887338" lon="-71.618037050567">
    <!-- conflict: "1045 Vermont Route 102, Guildhall, VT" Fuzzy match to "1045 Vermont Route 102, Bloomfield, VT" -->
    <tag k="addr:city" v="Guildhall"/>
    <tag k="addr:housenumber" v="1045"/>
    <tag k="addr:street" v="Vermont Route 102"/>
    <tag k="addr:state" v="VT"/>
    <tag k="ref:vcgi:esiteid" v="25126"/>
  </node>
  <node id="-221" visible="true" lat="44.759069714352" lon="-71.640451445405">
    <!-- conflict: "642 Vermont Route 105, Guildhall, VT" Fuzzy match to "642 Vermont Route 105, Bloomfield, VT" -->
    <tag k="addr:city" v="Guildhall"/>
    <tag k="addr:housenumber" v="642"/>
    <tag k="addr:street" v="Vermont Route 105"/>
    <tag k="addr:state" v="VT"/>
    <tag k="ref:vcgi:esiteid" v="25127"/>
  </node>
  <node id="-222" visible="true" lat="44.75878876252" lon="-71.626457847513">
    <!-- conflict: "472 Spencer Hill Road, Guildhall, VT" Fuzzy match to "472 Spencer Hill Road, Bloomfield, VT" -->
    <tag k="addr:city" v="Guildhall"/>
    <tag k="addr:housenumber" v="472"/>
    <tag k="addr:street" v="Spencer Hill Road"/>
    <tag k="addr:state" v="VT"/>
    <tag k="ref:vcgi:esiteid" v="25128"/>
  </node>
  <node id="-223" visible="true" lat="44.758609164147" lon="-71.638577326173">
    <!-- conflict: "606 Vermont Route 105, Guildhall, VT" Fuzzy match to "606 Vermont Route 105, Bloomfield, VT" -->
    <tag k="addr:city" v="Guildhall"/>
    <tag k="addr:housenumber" v="606"/>
    <tag k="addr:street" v="Vermont Route 105"/>
    <tag k="addr:state" v="VT"/>
    <tag k="ref:vcgi:esiteid" v="25129"/>
  </node>
  <node id="-224" visible="true" lat="44.758689311245" lon="-71.619869927326">
    <!-- conflict: "953 Vermont Route 102, Guildhall, VT" Fuzzy match to "953 Vermont Route 102, Bloomfield, VT" -->
    <tag k="addr:city" v="Guildhall"/>
    <tag k="addr:housenumber" v="953"/>
    <tag k="addr:street" v="Vermont Route 102"/>
    <tag k="addr:state" v="VT"/>
    <tag k="ref:vcgi:esiteid" v="25130"/>
  </node>
  <node id="-225" visible="true" lat="44.757998401808" lon="-71.637830993939">
    <!-- conflict: "452 Vermont Route 105, Guildhall, VT" Fuzzy match to "452 Vermont Route 105, Bloomfield, VT" -->
    <tag k="addr:city" v="Guildhall"/>
    <tag k="addr:housenumber" v="452"/>
    <tag k="addr:street" v="Vermont Route 105"/>
    <tag k="addr:state" v="VT"/>
    <tag k="ref:vcgi:esiteid" v="25131"/>
  </node>
  <node id="-226" visible="true" lat="44.758019692102" lon="-71.632001036495">
    <!-- conflict: "321 Spencer Hill Road, Guildhall, VT" Fuzzy match to "321 Spencer Hill Road, Bloomfield, VT" -->
    <tag k="addr:city" v="Guildhall"/>
    <tag k="addr:housenumber" v="321"/>
    <tag k="addr:street" v="Spencer Hill Road"/>
    <tag k="addr:state" v="VT"/>
    <tag k="ref:vcgi:esiteid" v="25132"/>
  </node>
  <node id="-227" visible="true" lat="44.757689011351" lon="-71.620379493517">
    <!-- conflict: "898 Vermont Route 102, Guildhall, VT" Fuzzy match to "898 Vermont Route 102, Bloomfield, VT" -->
    <tag k="addr:city" v="Guildhall"/>
    <tag k="addr:housenumber" v="898"/>
    <tag k="addr:street" v="Vermont Route 102"/>
    <tag k="addr:state" v="VT"/>
    <tag k="ref:vcgi:esiteid" v="25133"/>
  </node>
  <node id="-228" visible="true" lat="44.757758867977" lon="-71.632962466237">
    <!-- conflict: "287 Spencer Hill Road, Guildhall, VT" Fuzzy match to "287 Spencer Hill Road, Bloomfield, VT" -->
    <tag k="addr:city" v="Guildhall"/>
    <tag k="addr:housenumber" v="287"/>
    <tag k="addr:street" v="Spencer Hill Road"/>
    <tag k="addr:state" v="VT"/>
    <tag k="ref:vcgi:esiteid" v="25134"/>
  </node>
  <node id="-229" visible="true" lat="44.757888394581" lon="-71.632499867273">
    <!-- conflict: "301 Spencer Hill Road, Guildhall, VT" Fuzzy match to "301 Spencer Hill Road, Bloomfield, VT" -->
    <tag k="addr:city" v="Guildhall"/>
    <tag k="addr:housenumber" v="301"/>
    <tag k="addr:street" v="Spencer Hill Road"/>
    <tag k="addr:state" v="VT"/>
    <tag k="ref:vcgi:esiteid" v="25135"/>
  </node>
  <node id="-230" visible="true" lat="44.75747872056" lon="-71.631780633595">
    <!-- conflict: "320 Spencer Hill Road, Guildhall, VT" Fuzzy match to "320 Spencer Hill Road, Bloomfield, VT" -->
    <tag k="addr:city" v="Guildhall"/>
    <tag k="addr:housenumber" v="320"/>
    <tag k="addr:street" v="Spencer Hill Road"/>
    <tag k="addr:state" v="VT"/>
    <tag k="ref:vcgi:esiteid" v="25136"/>
  </node>
  <node id="-231" visible="true" lat="44.757103531129" lon="-71.637053970163">
    <!-- conflict: "450 Vermont Route 105, Guildhall, VT" Fuzzy match to "450 Vermont Route 105, Bloomfield, VT" -->
    <tag k="addr:city" v="Guildhall"/>
    <tag k="addr:housenumber" v="450"/>
    <tag k="addr:street" v="Vermont Route 105"/>
    <tag k="addr:state" v="VT"/>
    <tag k="ref:vcgi:esiteid" v="25137"/>
  </node>
  <node id="-232" visible="true" lat="44.756755562235" lon="-71.622178290748">
    <!-- conflict: "784 Vermont Route 102, Guildhall, VT" Fuzzy match to "784 Vermont Route 102, Bloomfield, VT" -->
    <tag k="addr:city" v="Guildhall"/>
    <tag k="addr:housenumber" v="784"/>
    <tag k="addr:street" v="Vermont Route 102"/>
    <tag k="addr:state" v="VT"/>
    <tag k="ref:vcgi:esiteid" v="25138"/>
  </node>
  <node id="-233" visible="true" lat="44.756616880876" lon="-71.638283120164">
    <!-- conflict: "431 Vermont Route 105, Guildhall, VT" Fuzzy match to "431 Vermont Route 105, Bloomfield, VT" -->
    <tag k="addr:city" v="Guildhall"/>
    <tag k="addr:housenumber" v="431"/>
    <tag k="addr:street" v="Vermont Route 105"/>
    <tag k="addr:state" v="VT"/>
    <tag k="ref:vcgi:esiteid" v="25139"/>
  </node>
  <node id="-234" visible="true" lat="44.756484476445" lon="-71.637761279219">
    <!-- conflict: "409 Vermont Route 105, Guildhall, VT" Fuzzy match to "409 Vermont Route 105, Bloomfield, VT" -->
    <tag k="addr:city" v="Guildhall"/>
    <tag k="addr:housenumber" v="409"/>
    <tag k="addr:street" v="Vermont Route 105"/>
    <tag k="addr:state" v="VT"/>
    <tag k="ref:vcgi:esiteid" v="25140"/>
  </node>
  <node id="-235" visible="true" lat="44.756338186718" lon="-71.630947219865">
    <!-- conflict: "167 Marshall Road, Guildhall, VT" Fuzzy match to "167 Marshall Road, Bloomfield, VT" -->
    <tag k="addr:city" v="Guildhall"/>
    <tag k="addr:housenumber" v="167"/>
    <tag k="addr:street" v="Marshall Road"/>
    <tag k="addr:state" v="VT"/>
    <tag k="ref:vcgi:esiteid" v="25141"/>
  </node>
  <node id="-236" visible="true" lat="44.756383406908" lon="-71.636316188096">
    <!-- conflict: "332 Vermont Route 105, Guildhall, VT" Fuzzy match to "332 Vermont Route 105, Bloomfield, VT" -->
    <tag k="addr:city" v="Guildhall"/>
    <tag k="addr:housenumber" v="332"/>
    <tag k="addr:street" v="Vermont Route 105"/>
    <tag k="addr:state" v="VT"/>
    <tag k="ref:vcgi:esiteid" v="25142"/>
  </node>
  <node id="-237" visible="true" lat="44.756265555514" lon="-71.631746139757">
    <!-- conflict: "113 Marshall Road, Guildhall, VT" Fuzzy match to "113 Marshall Road, Bloomfield, VT" -->
    <tag k="addr:city" v="Guildhall"/>
    <tag k="addr:housenumber" v="113"/>
    <tag k="addr:street" v="Marshall Road"/>
    <tag k="addr:state" v="VT"/>
    <tag k="ref:vcgi:esiteid" v="25143"/>
  </node>
  <node id="-238" visible="true" lat="44.756161166542" lon="-71.632399231683">
    <!-- conflict: "105 Marshall Road, Guildhall, VT" Fuzzy match to "105 Marshall Road, Bloomfield, VT" -->
    <tag k="addr:city" v="Guildhall"/>
    <tag k="addr:housenumber" v="105"/>
    <tag k="addr:street" v="Marshall Road"/>
    <tag k="addr:state" v="VT"/>
    <tag k="ref:vcgi:esiteid" v="25144"/>
  </node>
  <node id="-239" visible="true" lat="44.755913186753" lon="-71.625499426693">
    <!-- conflict: "621 Vermont Route 102, Guildhall, VT" Fuzzy match to "621 Vermont Route 102, Bloomfield, VT" -->
    <tag k="addr:city" v="Guildhall"/>
    <tag k="addr:housenumber" v="621"/>
    <tag k="addr:street" v="Vermont Route 102"/>
    <tag k="addr:state" v="VT"/>
    <tag k="ref:vcgi:esiteid" v="25145"/>
  </node>
  <node id="-240" visible="true" lat="44.755586726292" lon="-71.633253555185">
    <!-- conflict: "46 Marshall Road, Guildhall, VT" Fuzzy match to "46 Marshall Road, Bloomfield, VT" -->
    <tag k="addr:city" v="Guildhall"/>
    <tag k="addr:housenumber" v="46"/>
    <tag k="addr:street" v="Marshall Road"/>
    <tag k="addr:state" v="VT"/>
    <tag k="ref:vcgi:esiteid" v="25146"/>
  </node>
  <node id="-241" visible="true" lat="44.75529424038" lon="-71.633798957594">
    <!-- conflict: "92 Spencer Hill Road, Guildhall, VT" Fuzzy match to "92 Spencer Hill Road, Bloomfield, VT" -->
    <tag k="addr:city" v="Guildhall"/>
    <tag k="addr:housenumber" v="92"/>
    <tag k="addr:street" v="Spencer Hill Road"/>
    <tag k="addr:state" v="VT"/>
    <tag k="ref:vcgi:esiteid" v="25147"/>
  </node>
  <node id="-242" visible="true" lat="44.755025071354" lon="-71.634620227377">
    <!-- conflict: "89 Spencer Hill Road, Guildhall, VT" Fuzzy match to "89 Spencer Hill Road, Bloomfield, VT" -->
    <tag k="addr:city" v="Guildhall"/>
    <tag k="addr:housenumber" v="89"/>
    <tag k="addr:street" v="Spencer Hill Road"/>
    <tag k="addr:state" v="VT"/>
    <tag k="ref:vcgi:esiteid" v="25148"/>
  </node>
  <node id="-243" visible="true" lat="44.754638949607" lon="-71.62865711497">
    <!-- conflict: "27 Schoolhouse Road, Guildhall, VT" Fuzzy match to "27 Schoolhouse Road, Bloomfield, VT" -->
    <tag k="addr:city" v="Guildhall"/>
    <tag k="addr:housenumber" v="27"/>
    <tag k="addr:street" v="Schoolhouse Road"/>
    <tag k="addr:state" v="VT"/>
    <tag k="ref:vcgi:esiteid" v="25149"/>
  </node>
  <node id="-244" visible="true" lat="44.754634773376" lon="-71.629079007115">
    <!-- conflict: "25 Schoolhouse Road, Guildhall, VT" Fuzzy match to "25 Schoolhouse Road, Bloomfield, VT" -->
    <tag k="addr:city" v="Guildhall"/>
    <tag k="addr:housenumber" v="25"/>
    <tag k="addr:street" v="Schoolhouse Road"/>
    <tag k="addr:state" v="VT"/>
    <tag k="ref:vcgi:esiteid" v="25150"/>
  </node>
  <node id="-245" visible="true" lat="44.754574235137" lon="-71.628078241313">
    <!-- conflict: "43 Schoolhouse Road, Guildhall, VT" Fuzzy match to "43 Schoolhouse Road, Bloomfield, VT" -->
    <tag k="addr:city" v="Guildhall"/>
    <tag k="addr:housenumber" v="43"/>
    <tag k="addr:street" v="Schoolhouse Road"/>
    <tag k="addr:state" v="VT"/>
    <tag k="ref:vcgi:esiteid" v="25151"/>
  </node>
  <node id="-246" visible="true" lat="44.754643511266" lon="-71.628336024159">
    <!-- conflict: "35 Schoolhouse Road, Guildhall, VT" Fuzzy match to "35 Schoolhouse Road, Bloomfield, VT" -->
    <tag k="addr:city" v="Guildhall"/>
    <tag k="addr:housenumber" v="35"/>
    <tag k="addr:street" v="Schoolhouse Road"/>
    <tag k="addr:state" v="VT"/>
    <tag k="ref:vcgi:esiteid" v="25152"/>
  </node>
  <node id="-247" visible="true" lat="44.754434656087" lon="-71.634116745687">
    <!-- conflict: "33 Spencer Hill Road, Guildhall, VT" Fuzzy match to "33 Spencer Hill Road, Bloomfield, VT" -->
    <tag k="addr:city" v="Guildhall"/>
    <tag k="addr:housenumber" v="33"/>
    <tag k="addr:street" v="Spencer Hill Road"/>
    <tag k="addr:state" v="VT"/>
    <tag k="ref:vcgi:esiteid" v="25153"/>
  </node>
  <node id="-249" visible="true" lat="44.754611163846" lon="-71.636804400717">
    <!-- conflict: "742 Graham Road, Guildhall, VT" Fuzzy match to "742 Graham Road, Bloomfield, VT" -->
    <tag k="addr:city" v="Guildhall"/>
    <tag k="addr:housenumber" v="742"/>
    <tag k="addr:street" v="Graham Road"/>
    <tag k="addr:state" v="VT"/>
    <tag k="ref:vcgi:esiteid" v="25155"/>
  </node>
  <node id="-250" visible="true" lat="44.754510639676" lon="-71.634579191124">
    <!-- conflict: "188 Vermont Route 105, Guildhall, VT" Fuzzy match to "188 Vermont Route 105, Bloomfield, VT" -->
    <tag k="addr:city" v="Guildhall"/>
    <tag k="addr:housenumber" v="188"/>
    <tag k="addr:street" v="Vermont Route 105"/>
    <tag k="addr:state" v="VT"/>
    <tag k="ref:vcgi:esiteid" v="25156"/>
  </node>
  <node id="-251" visible="true" lat="44.754038754202" lon="-71.635053506103">
    <!-- conflict: "151 Duval Road, Guildhall, VT" Fuzzy match to "151 Duval Road, Bloomfield, VT" -->
    <tag k="addr:city" v="Guildhall"/>
    <tag k="addr:housenumber" v="151"/>
    <tag k="addr:street" v="Duval Road"/>
    <tag k="addr:state" v="VT"/>
    <tag k="ref:vcgi:esiteid" v="25158"/>
  </node>
  <node id="-252" visible="true" lat="44.754094984494" lon="-71.632373381492">
    <!-- conflict: "68 Vermont Route 105, Guildhall, VT" Fuzzy match to "68 Vermont Route 105, Bloomfield, VT" -->
    <tag k="addr:city" v="Guildhall"/>
    <tag k="addr:housenumber" v="68"/>
    <tag k="addr:street" v="Vermont Route 105"/>
    <tag k="addr:state" v="VT"/>
    <tag k="ref:vcgi:esiteid" v="25159"/>
  </node>
  <node id="-253" visible="true" lat="44.754058371288" lon="-71.632787367409">
    <!-- conflict: "94 Vermont Route 105, Guildhall, VT" Fuzzy match to "94 Vermont Route 105, Bloomfield, VT" -->
    <tag k="addr:city" v="Guildhall"/>
    <tag k="addr:housenumber" v="94"/>
    <tag k="addr:street" v="Vermont Route 105"/>
    <tag k="addr:state" v="VT"/>
    <tag k="ref:vcgi:esiteid" v="25160"/>
  </node>
  <node id="-254" visible="true" lat="44.753844357599" lon="-71.634707640328">
    <!-- conflict: "131 Duval Road, Guildhall, VT" Fuzzy match to "131 Duval Road, Bloomfield, VT" -->
    <tag k="addr:city" v="Guildhall"/>
    <tag k="addr:housenumber" v="131"/>
    <tag k="addr:street" v="Duval Road"/>
    <tag k="addr:state" v="VT"/>
    <tag k="ref:vcgi:esiteid" v="25161"/>
  </node>
  <node id="-255" visible="true" lat="44.753921299483" lon="-71.630721522423">
    <!-- conflict: "317 Vermont Route 102, Guildhall, VT" Fuzzy match to "317 Vermont Route 102, Bloomfield, VT" -->
    <tag k="addr:city" v="Guildhall"/>
    <tag k="addr:housenumber" v="317"/>
    <tag k="addr:street" v="Vermont Route 102"/>
    <tag k="addr:state" v="VT"/>
    <tag k="ref:vcgi:esiteid" v="25163"/>
  </node>
  <node id="-256" visible="true" lat="44.753953930141" lon="-71.631042579565">
    <!-- conflict: "299 Vermont Route 102, Guildhall, VT" Fuzzy match to "299 Vermont Route 102, Bloomfield, VT" -->
    <tag k="addr:city" v="Guildhall"/>
    <tag k="addr:housenumber" v="299"/>
    <tag k="addr:street" v="Vermont Route 102"/>
    <tag k="addr:state" v="VT"/>
    <tag k="ref:vcgi:esiteid" v="25164"/>
  </node>
  <node id="-257" visible="true" lat="44.75372095545" lon="-71.632119264914">
    <!-- conflict: "64 Vermont Route 105, Guildhall, VT" Fuzzy match to "64 Vermont Route 105, Bloomfield, VT" -->
    <tag k="addr:city" v="Guildhall"/>
    <tag k="addr:housenumber" v="64"/>
    <tag k="addr:street" v="Vermont Route 105"/>
    <tag k="addr:state" v="VT"/>
    <tag k="ref:vcgi:esiteid" v="25165"/>
  </node>
  <node id="-258" visible="true" lat="44.753814574735" lon="-71.631447373223">
    <!-- conflict: "281 Vermont Route 102, Guildhall, VT" Fuzzy match to "281 Vermont Route 102, Bloomfield, VT" -->
    <tag k="addr:city" v="Guildhall"/>
    <tag k="addr:housenumber" v="281"/>
    <tag k="addr:street" v="Vermont Route 102"/>
    <tag k="addr:state" v="VT"/>
    <tag k="ref:vcgi:esiteid" v="25166"/>
  </node>
  <node id="-259" visible="true" lat="44.753651848179" lon="-71.634371303984">
    <!-- conflict: "113 Duval Road, Guildhall, VT" Fuzzy match to "113 Duval Road, Bloomfield, VT" -->
    <tag k="addr:city" v="Guildhall"/>
    <tag k="addr:housenumber" v="113"/>
    <tag k="addr:street" v="Duval Road"/>
    <tag k="addr:state" v="VT"/>
    <tag k="ref:vcgi:esiteid" v="25167"/>
  </node>
  <node id="-260" visible="true" lat="44.753685146838" lon="-71.632881273544">
    <!-- conflict: "87 Vermont Route 105, Guildhall, VT" Fuzzy match to "87 Vermont Route 105, Bloomfield, VT" -->
    <tag k="addr:city" v="Guildhall"/>
    <tag k="addr:housenumber" v="87"/>
    <tag k="addr:street" v="Vermont Route 105"/>
    <tag k="addr:state" v="VT"/>
    <tag k="ref:vcgi:esiteid" v="25168"/>
  </node>
  <node id="-261" visible="true" lat="44.753599646526" lon="-71.630937806217">
    <!-- conflict: "302 Vermont Route 102, Guildhall, VT" Fuzzy match to "302 Vermont Route 102, Bloomfield, VT" -->
    <tag k="addr:city" v="Guildhall"/>
    <tag k="addr:housenumber" v="302"/>
    <tag k="addr:street" v="Vermont Route 102"/>
    <tag k="addr:state" v="VT"/>
    <tag k="ref:vcgi:esiteid" v="25169"/>
  </node>
  <node id="-262" visible="true" lat="44.75325538276" lon="-71.632420462861">
    <!-- conflict: "47 Vermont Route 105, Guildhall, VT" Fuzzy match to "47 Vermont Route 105, Bloomfield, VT" -->
    <tag k="addr:city" v="Guildhall"/>
    <tag k="addr:housenumber" v="47"/>
    <tag k="addr:street" v="Vermont Route 105"/>
    <tag k="addr:state" v="VT"/>
    <tag k="ref:vcgi:esiteid" v="25171"/>
  </node>
  <node id="-263" visible="true" lat="44.752497984615" lon="-71.632568160686">
    <!-- conflict: "3 River Drive, Guildhall, VT" Fuzzy match to "3 River Drive, Bloomfield, VT" -->
    <tag k="addr:city" v="Guildhall"/>
    <tag k="addr:housenumber" v="3"/>
    <tag k="addr:street" v="River Drive"/>
    <tag k="addr:state" v="VT"/>
    <tag k="ref:vcgi:esiteid" v="25172"/>
  </node>
  <node id="-264" visible="true" lat="44.752452862799" lon="-71.632161089614">
    <!-- conflict: "16 River Drive, Guildhall, VT" Fuzzy match to "16 River Drive, Bloomfield, VT" -->
    <tag k="addr:city" v="Guildhall"/>
    <tag k="addr:housenumber" v="16"/>
    <tag k="addr:street" v="River Drive"/>
    <tag k="addr:state" v="VT"/>
    <tag k="ref:vcgi:esiteid" v="25173"/>
  </node>
  <node id="-265" visible="true" lat="44.752577708546" lon="-71.632289043665">
    <!-- conflict: "18 River Drive, Guildhall, VT" Fuzzy match to "18 River Drive, Bloomfield, VT" -->
    <tag k="addr:city" v="Guildhall"/>
    <tag k="addr:housenumber" v="18"/>
    <tag k="addr:street" v="River Drive"/>
    <tag k="addr:state" v="VT"/>
    <tag k="ref:vcgi:esiteid" v="25174"/>
  </node>
  <node id="-266" visible="true" lat="44.752317073153" lon="-71.632473458549">
    <!-- conflict: "8 River Drive, Guildhall, VT" Fuzzy match to "8 River Drive, Bloomfield, VT" -->
    <tag k="addr:city" v="Guildhall"/>
    <tag k="addr:housenumber" v="8"/>
    <tag k="addr:street" v="River Drive"/>
    <tag k="addr:state" v="VT"/>
    <tag k="ref:vcgi:esiteid" v="25175"/>
  </node>
  <node id="-267" visible="true" lat="44.751321015301" lon="-71.635000476151">
    <!-- conflict: "562 Graham Road, Guildhall, VT" Fuzzy match to "562 Graham Road, Bloomfield, VT" -->
    <tag k="addr:city" v="Guildhall"/>
    <tag k="addr:housenumber" v="562"/>
    <tag k="addr:street" v="Graham Road"/>
    <tag k="addr:state" v="VT"/>
    <tag k="ref:vcgi:esiteid" v="25176"/>
  </node>
  <node id="-268" visible="true" lat="44.750977568132" lon="-71.633306278541">
    <!-- conflict: "62 Vermont Route 102, Guildhall, VT" Fuzzy match to "62 Vermont Route 102, Bloomfield, VT" -->
    <tag k="addr:city" v="Guildhall"/>
    <tag k="addr:housenumber" v="62"/>
    <tag k="addr:street" v="Vermont Route 102"/>
    <tag k="addr:state" v="VT"/>
    <tag k="ref:vcgi:esiteid" v="25177"/>
  </node>
  <node id="-269" visible="true" lat="44.7509635408" lon="-71.634885882891">
    <!-- conflict: "58 Patnaude Hill Road, Guildhall, VT" Fuzzy match to "58 Patnaude Hill Road, Bloomfield, VT" -->
    <tag k="addr:city" v="Guildhall"/>
    <tag k="addr:housenumber" v="58"/>
    <tag k="addr:street" v="Patnaude Hill Road"/>
    <tag k="addr:state" v="VT"/>
    <tag k="ref:vcgi:esiteid" v="25178"/>
  </node>
  <node id="-270" visible="true" lat="44.751086950657" lon="-71.634166755687">
    <!-- conflict: "40 Patnaude Hill Road, Guildhall, VT" Fuzzy match to "40 Patnaude Hill Road, Bloomfield, VT" -->
    <tag k="addr:city" v="Guildhall"/>
    <tag k="addr:housenumber" v="40"/>
    <tag k="addr:street" v="Patnaude Hill Road"/>
    <tag k="addr:state" v="VT"/>
    <tag k="ref:vcgi:esiteid" v="25179"/>
  </node>
  <node id="-271" visible="true" lat="44.750091292922" lon="-71.633918816698">
    <!-- conflict: "74 Patnaude Hill Road, Guildhall, VT" Fuzzy match to "74 Patnaude Hill Road, Bloomfield, VT" -->
    <tag k="addr:city" v="Guildhall"/>
    <tag k="addr:housenumber" v="74"/>
    <tag k="addr:street" v="Patnaude Hill Road"/>
    <tag k="addr:state" v="VT"/>
    <tag k="ref:vcgi:esiteid" v="25180"/>
  </node>
  <node id="-272" visible="true" lat="44.749888966125" lon="-71.633890614622">
    <!-- conflict: "94 Patnaude Hill Road, Guildhall, VT" Fuzzy match to "94 Patnaude Hill Road, Bloomfield, VT" -->
    <tag k="addr:city" v="Guildhall"/>
    <tag k="addr:housenumber" v="94"/>
    <tag k="addr:street" v="Patnaude Hill Road"/>
    <tag k="addr:state" v="VT"/>
    <tag k="ref:vcgi:esiteid" v="25181"/>
  </node>
  <node id="-273" visible="true" lat="44.749586616356" lon="-71.633375658443">
    <!-- conflict: "17 Graham Road, Guildhall, VT" Fuzzy match to "17 Graham Road, Bloomfield, VT" -->
    <tag k="addr:city" v="Guildhall"/>
    <tag k="addr:housenumber" v="17"/>
    <tag k="addr:street" v="Graham Road"/>
    <tag k="addr:state" v="VT"/>
    <tag k="ref:vcgi:esiteid" v="25182"/>
  </node>
  <node id="-274" visible="true" lat="44.824445246348" lon="-71.571133013509">
    <!-- conflict: "6521 Vermont Route 102, Guildhall, VT" Fuzzy match to "6521 Vermont Route 102, Bloomfield, VT" -->
    <tag k="addr:city" v="Guildhall"/>
    <tag k="addr:housenumber" v="6521"/>
    <tag k="addr:street" v="Vermont Route 102"/>
    <tag k="addr:state" v="VT"/>
    <tag k="ref:vcgi:esiteid" v="25183"/>
  </node>
  <node id="-275" visible="true" lat="44.824741237354" lon="-71.56912908884">
    <!-- conflict: "6631 Vermont Route 102, Guildhall, VT" Fuzzy match to "6631 Vermont Route 102, Bloomfield, VT" -->
    <tag k="addr:city" v="Guildhall"/>
    <tag k="addr:housenumber" v="6631"/>
    <tag k="addr:street" v="Vermont Route 102"/>
    <tag k="addr:state" v="VT"/>
    <tag k="ref:vcgi:esiteid" v="25184"/>
  </node>
  <node id="-276" visible="true" lat="44.811536122434" lon="-71.588258568733">
    <!-- conflict: "1210 Stevens Road, Guildhall, VT" Fuzzy match to "1210 Stevens Road, Bloomfield, VT" -->
    <tag k="addr:city" v="Guildhall"/>
    <tag k="addr:housenumber" v="1210"/>
    <tag k="addr:street" v="Stevens Road"/>
    <tag k="addr:state" v="VT"/>
    <tag k="ref:vcgi:esiteid" v="25185"/>
  </node>
  <node id="-277" visible="true" lat="44.812940533261" lon="-71.589521922802">
    <!-- conflict: "1287 Stevens Road, Guildhall, VT" Fuzzy match to "1287 Stevens Road, Bloomfield, VT" -->
    <tag k="addr:city" v="Guildhall"/>
    <tag k="addr:housenumber" v="1287"/>
    <tag k="addr:street" v="Stevens Road"/>
    <tag k="addr:state" v="VT"/>
    <tag k="ref:vcgi:esiteid" v="25186"/>
  </node>
  <node id="-278" visible="true" lat="44.826720536849" lon="-71.571085114286">
    <!-- conflict: "6585 Vermont Route 102, Guildhall, VT" Fuzzy match to "6585 Vermont Route 102, Bloomfield, VT" -->
    <tag k="addr:city" v="Guildhall"/>
    <tag k="addr:housenumber" v="6585"/>
    <tag k="addr:street" v="Vermont Route 102"/>
    <tag k="addr:state" v="VT"/>
    <tag k="ref:vcgi:esiteid" v="25187"/>
  </node>
  <node id="-279" visible="true" lat="44.786875455662" lon="-71.597742075285">
    <!-- conflict: "396 Fuller Road, Guildhall, VT" Fuzzy match to "396 Fuller Road, Bloomfield, VT" -->
    <tag k="addr:city" v="Guildhall"/>
    <tag k="addr:housenumber" v="396"/>
    <tag k="addr:street" v="Fuller Road"/>
    <tag k="addr:state" v="VT"/>
    <tag k="ref:vcgi:esiteid" v="25188"/>
  </node>
  <node id="-280" visible="true" lat="44.798190916662" lon="-71.702841603418">
    <!-- conflict: "2397 Stone Dam Road, Guildhall, VT" Fuzzy match to "2397 Stone Dam Road, Bloomfield, VT" -->
    <tag k="addr:city" v="Guildhall"/>
    <tag k="addr:housenumber" v="2397"/>
    <tag k="addr:street" v="Stone Dam Road"/>
    <tag k="addr:state" v="VT"/>
    <tag k="ref:vcgi:esiteid" v="25189"/>
  </node>
  <node id="-281" visible="true" lat="44.759272950325" lon="-71.641017911394">
    <!-- conflict: "646 Vermont Route 105, Guildhall, VT" Fuzzy match to "646 Vermont Route 105, Bloomfield, VT" -->
    <tag k="addr:city" v="Guildhall"/>
    <tag k="addr:housenumber" v="646"/>
    <tag k="addr:street" v="Vermont Route 105"/>
    <tag k="addr:state" v="VT"/>
    <tag k="ref:vcgi:esiteid" v="25190"/>
  </node>
  <node id="-282" visible="true" lat="44.804157824134" lon="-71.70730900596">
    <!-- conflict: "2894 Stone Dam Road, Guildhall, VT" Fuzzy match to "2894 Stone Dam Road, Bloomfield, VT" -->
    <tag k="addr:city" v="Guildhall"/>
    <tag k="addr:housenumber" v="2894"/>
    <tag k="addr:street" v="Stone Dam Road"/>
    <tag k="addr:state" v="VT"/>
    <tag k="ref:vcgi:esiteid" v="25191"/>
  </node>
  <node id="-283" visible="true" lat="44.808730006059" lon="-71.610965709448">
    <!-- conflict: "601 Gosselin Road, Guildhall, VT" Fuzzy match to "601 Gosselin Road, Bloomfield, VT" -->
    <tag k="addr:city" v="Guildhall"/>
    <tag k="addr:housenumber" v="601"/>
    <tag k="addr:street" v="Gosselin Road"/>
    <tag k="addr:state" v="VT"/>
    <tag k="ref:vcgi:esiteid" v="25192"/>
  </node>
  <node id="-284" visible="true" lat="44.809557718403" lon="-71.576121483484">
    <!-- conflict: "5475 Vermont Route 102, Guildhall, VT" Fuzzy match to "5475 Vermont Route 102, Bloomfield, VT" -->
    <tag k="addr:city" v="Guildhall"/>
    <tag k="addr:housenumber" v="5475"/>
    <tag k="addr:street" v="Vermont Route 102"/>
    <tag k="addr:state" v="VT"/>
    <tag k="ref:vcgi:esiteid" v="25193"/>
  </node>
  <node id="-285" visible="true" lat="44.7915292816" lon="-71.611938756672">
    <!-- conflict: "393 Snow Hill Road, Guildhall, VT" Fuzzy match to "393 Snow Hill Road, Bloomfield, VT" -->
    <tag k="addr:city" v="Guildhall"/>
    <tag k="addr:housenumber" v="393"/>
    <tag k="addr:street" v="Snow Hill Road"/>
    <tag k="addr:state" v="VT"/>
    <tag k="ref:vcgi:esiteid" v="25194"/>
  </node>
  <node id="-286" visible="true" lat="44.800190247503" lon="-71.594839909722">
    <!-- conflict: "1152 Fuller Road, Guildhall, VT" Fuzzy match to "1152 Fuller Road, Bloomfield, VT" -->
    <tag k="addr:city" v="Guildhall"/>
    <tag k="addr:housenumber" v="1152"/>
    <tag k="addr:street" v="Fuller Road"/>
    <tag k="addr:state" v="VT"/>
    <tag k="ref:vcgi:esiteid" v="25195"/>
  </node>
  <node id="-287" visible="true" lat="44.789420141973" lon="-71.599688027523">
    <!-- conflict: "499 Fuller Road, Guildhall, VT" Fuzzy match to "499 Fuller Road, Bloomfield, VT" -->
    <tag k="addr:city" v="Guildhall"/>
    <tag k="addr:housenumber" v="499"/>
    <tag k="addr:street" v="Fuller Road"/>
    <tag k="addr:state" v="VT"/>
    <tag k="ref:vcgi:esiteid" v="25196"/>
  </node>
  <node id="-288" visible="true" lat="44.786466205767" lon="-71.60809595274">
    <!-- conflict: "659 Mill Brook Road, Guildhall, VT" Fuzzy match to "659 Mill Brook Road, Bloomfield, VT" -->
    <tag k="addr:city" v="Guildhall"/>
    <tag k="addr:housenumber" v="659"/>
    <tag k="addr:street" v="Mill Brook Road"/>
    <tag k="addr:state" v="VT"/>
    <tag k="ref:vcgi:esiteid" v="25197"/>
  </node>
  <node id="-289" visible="true" lat="44.798879824746" lon="-71.596474557824">
    <!-- conflict: "410 Cross Road, Guildhall, VT" Fuzzy match to "410 Cross Road, Bloomfield, VT" -->
    <tag k="addr:city" v="Guildhall"/>
    <tag k="addr:housenumber" v="410"/>
    <tag k="addr:street" v="Cross Road"/>
    <tag k="addr:state" v="VT"/>
    <tag k="ref:vcgi:esiteid" v="313747"/>
  </node>
  <node id="-290" visible="true" lat="44.789774370023" lon="-71.597006714962">
    <!-- conflict: "549 Fuller Road, Guildhall, VT" Fuzzy match to "549 Fuller Road, Bloomfield, VT" -->
    <tag k="addr:city" v="Guildhall"/>
    <tag k="addr:housenumber" v="549"/>
    <tag k="addr:street" v="Fuller Road"/>
    <tag k="addr:state" v="VT"/>
    <tag k="ref:vcgi:esiteid" v="313748"/>
  </node>
  <node id="-291" visible="true" lat="44.78358718994" lon="-71.601424309647">
    <!-- conflict: "350 Mill Brook Road, Guildhall, VT" Fuzzy match to "350 Mill Brook Road, Bloomfield, VT" -->
    <tag k="addr:city" v="Guildhall"/>
    <tag k="addr:housenumber" v="350"/>
    <tag k="addr:street" v="Mill Brook Road"/>
    <tag k="addr:state" v="VT"/>
    <tag k="ref:vcgi:esiteid" v="313749"/>
  </node>
  <node id="-292" visible="true" lat="44.779303467206" lon="-71.598637541803">
    <!-- conflict: "38 Mill Brook Road, Guildhall, VT" Fuzzy match to "38 Mill Brook Road, Bloomfield, VT" -->
    <tag k="addr:city" v="Guildhall"/>
    <tag k="addr:housenumber" v="38"/>
    <tag k="addr:street" v="Mill Brook Road"/>
    <tag k="addr:state" v="VT"/>
    <tag k="ref:vcgi:esiteid" v="313750"/>
  </node>
  <node id="-293" visible="true" lat="44.826222728461" lon="-71.66926513061">
    <!-- conflict: "505 Boudle Road, Guildhall, VT" Fuzzy match to "505 Boudle Road, Bloomfield, VT" -->
    <tag k="addr:city" v="Guildhall"/>
    <tag k="addr:housenumber" v="505"/>
    <tag k="addr:street" v="Boudle Road"/>
    <tag k="addr:state" v="VT"/>
    <tag k="ref:vcgi:esiteid" v="313751"/>
  </node>
  <node id="-294" visible="true" lat="44.827268986434" lon="-71.669305567056">
    <!-- conflict: "555 Boudle Road, Guildhall, VT" Fuzzy match to "555 Boudle Road, Bloomfield, VT" -->
    <tag k="addr:city" v="Guildhall"/>
    <tag k="addr:housenumber" v="555"/>
    <tag k="addr:street" v="Boudle Road"/>
    <tag k="addr:state" v="VT"/>
    <tag k="ref:vcgi:esiteid" v="313752"/>
  </node>
  <node id="-295" visible="true" lat="44.833252730231" lon="-71.669013657119">
    <!-- conflict: "987 Boudle Road, Guildhall, VT" Fuzzy match to "987 Boudle Road, Bloomfield, VT" -->
    <tag k="addr:city" v="Guildhall"/>
    <tag k="addr:housenumber" v="987"/>
    <tag k="addr:street" v="Boudle Road"/>
    <tag k="addr:state" v="VT"/>
    <tag k="ref:vcgi:esiteid" v="313753"/>
  </node>
  <node id="-296" visible="true" lat="44.834127406203" lon="-71.669054641918">
    <!-- conflict: "1033 Boudle Road, Guildhall, VT" Fuzzy match to "1033 Boudle Road, Bloomfield, VT" -->
    <tag k="addr:city" v="Guildhall"/>
    <tag k="addr:housenumber" v="1033"/>
    <tag k="addr:street" v="Boudle Road"/>
    <tag k="addr:state" v="VT"/>
    <tag k="ref:vcgi:esiteid" v="313754"/>
  </node>
  <node id="-297" visible="true" lat="44.838096065394" lon="-71.666491559401">
    <!-- conflict: "1377 Boudle Road, Guildhall, VT" Fuzzy match to "1377 Boudle Road, Bloomfield, VT" -->
    <tag k="addr:city" v="Guildhall"/>
    <tag k="addr:housenumber" v="1377"/>
    <tag k="addr:street" v="Boudle Road"/>
    <tag k="addr:state" v="VT"/>
    <tag k="ref:vcgi:esiteid" v="313755"/>
  </node>
  <node id="-298" visible="true" lat="44.80056785736" lon="-71.572743258158">
    <!-- conflict: "4742 Vermont Route 102, Guildhall, VT" Fuzzy match to "4742 Vermont Route 102, Bloomfield, VT" -->
    <tag k="addr:city" v="Guildhall"/>
    <tag k="addr:housenumber" v="4742"/>
    <tag k="addr:street" v="Vermont Route 102"/>
    <tag k="addr:state" v="VT"/>
    <tag k="ref:vcgi:esiteid" v="313756"/>
  </node>
  <node id="-299" visible="true" lat="44.774456220586" lon="-71.651850905332">
    <!-- conflict: "2199 Vermont Route 105, Guildhall, VT" Fuzzy match to "2199 Vermont Route 105, Bloomfield, VT" -->
    <tag k="addr:city" v="Guildhall"/>
    <tag k="addr:housenumber" v="2199"/>
    <tag k="addr:street" v="Vermont Route 105"/>
    <tag k="addr:state" v="VT"/>
    <tag k="ref:vcgi:esiteid" v="313758"/>
  </node>
  <node id="-300" visible="true" lat="44.804913484455" lon="-71.580520177864">
    <!-- conflict: "500 Stevens Road, Guildhall, VT" Fuzzy match to "500 Stevens Road, Bloomfield, VT" -->
    <tag k="addr:city" v="Guildhall"/>
    <tag k="addr:housenumber" v="500"/>
    <tag k="addr:street" v="Stevens Road"/>
    <tag k="addr:state" v="VT"/>
    <tag k="ref:vcgi:esiteid" v="327132"/>
  </node>
  <node id="-301" visible="true" lat="44.776054082209" lon="-71.649080455619">
    <!-- conflict: "2030 Vermont Route 105, Guildhall, VT" Fuzzy match to "2030 Vermont Route 105, Bloomfield, VT" -->
    <tag k="addr:city" v="Guildhall"/>
    <tag k="addr:housenumber" v="2030"/>
    <tag k="addr:street" v="Vermont Route 105"/>
    <tag k="addr:state" v="VT"/>
    <tag k="ref:vcgi:esiteid" v="450008"/>
  </node>
  <node id="-302" visible="true" lat="44.77201949272" lon="-71.646951160419">
    <!-- conflict: "1603 Vermont Route 105, Guildhall, VT" Fuzzy match to "1603 Vermont Route 105, Bloomfield, VT" -->
    <tag k="addr:city" v="Guildhall"/>
    <tag k="addr:housenumber" v="1603"/>
    <tag k="addr:street" v="Vermont Route 105"/>
    <tag k="addr:state" v="VT"/>
    <tag k="ref:vcgi:esiteid" v="450009"/>
  </node>
  <node id="-303" visible="true" lat="44.776866841507" lon="-71.647917108876">
    <!-- conflict: "140 Norcott Lane, Guildhall, VT" Fuzzy match to "140 Norcott Lane, Bloomfield, VT" -->
    <tag k="addr:city" v="Guildhall"/>
    <tag k="addr:housenumber" v="140"/>
    <tag k="addr:street" v="Norcott Lane"/>
    <tag k="addr:state" v="VT"/>
    <tag k="ref:vcgi:esiteid" v="450010"/>
  </node>
  <node id="-304" visible="true" lat="44.776040421399" lon="-71.648238920731">
    <!-- conflict: "2028 Vermont Route 105, Guildhall, VT" Fuzzy match to "2028 Vermont Route 105, Bloomfield, VT" -->
    <tag k="addr:city" v="Guildhall"/>
    <tag k="addr:housenumber" v="2028"/>
    <tag k="addr:street" v="Vermont Route 105"/>
    <tag k="addr:state" v="VT"/>
    <tag k="ref:vcgi:esiteid" v="450011"/>
  </node>
  <node id="-305" visible="true" lat="44.766720930002" lon="-71.637442090774">
    <!-- conflict: "1210 Vermont Route 105, Guildhall, VT" Fuzzy match to "1210 Vermont Route 105, Bloomfield, VT" -->
    <tag k="addr:city" v="Guildhall"/>
    <tag k="addr:housenumber" v="1210"/>
    <tag k="addr:street" v="Vermont Route 105"/>
    <tag k="addr:state" v="VT"/>
    <tag k="ref:vcgi:esiteid" v="450012"/>
  </node>
  <node id="-306" visible="true" lat="44.764992229724" lon="-71.637655450646">
    <!-- conflict: "1208 Vermont Route 105, Guildhall, VT" Fuzzy match to "1208 Vermont Route 105, Bloomfield, VT" -->
    <tag k="addr:city" v="Guildhall"/>
    <tag k="addr:housenumber" v="1208"/>
    <tag k="addr:street" v="Vermont Route 105"/>
    <tag k="addr:state" v="VT"/>
    <tag k="ref:vcgi:esiteid" v="450013"/>
  </node>
  <node id="-307" visible="true" lat="44.761297400666" lon="-71.634182070889">
    <!-- conflict: "664 Vermont Route 105, Guildhall, VT" Fuzzy match to "664 Vermont Route 105, Bloomfield, VT" -->
    <tag k="addr:city" v="Guildhall"/>
    <tag k="addr:housenumber" v="664"/>
    <tag k="addr:street" v="Vermont Route 105"/>
    <tag k="addr:state" v="VT"/>
    <tag k="ref:vcgi:esiteid" v="450014"/>
  </node>
  <node id="-308" visible="true" lat="44.760724484993" lon="-71.635678147007">
    <!-- conflict: "644 Vermont Route 105, Guildhall, VT" Fuzzy match to "644 Vermont Route 105, Bloomfield, VT" -->
    <tag k="addr:city" v="Guildhall"/>
    <tag k="addr:housenumber" v="644"/>
    <tag k="addr:street" v="Vermont Route 105"/>
    <tag k="addr:state" v="VT"/>
    <tag k="ref:vcgi:esiteid" v="450015"/>
  </node>
  <node id="-309" visible="true" lat="44.779667763353" lon="-71.59643989432">
    <!-- conflict: "2872 Vermont Route 102, Guildhall, VT" Fuzzy match to "2872 Vermont Route 102, Bloomfield, VT" -->
    <tag k="addr:city" v="Guildhall"/>
    <tag k="addr:housenumber" v="2872"/>
    <tag k="addr:street" v="Vermont Route 102"/>
    <tag k="addr:state" v="VT"/>
    <tag k="ref:vcgi:esiteid" v="450016"/>
  </node>
  <node id="-310" visible="true" lat="44.787698576857" lon="-71.585523283408">
    <!-- conflict: "3741 Vermont Route 102, Guildhall, VT" Fuzzy match to "3741 Vermont Route 102, Bloomfield, VT" -->
    <tag k="addr:city" v="Guildhall"/>
    <tag k="addr:housenumber" v="3741"/>
    <tag k="addr:street" v="Vermont Route 102"/>
    <tag k="addr:state" v="VT"/>
    <tag k="ref:vcgi:esiteid" v="450017"/>
  </node>
  <node id="-311" visible="true" lat="44.821899578261" lon="-71.579945541937">
    <!-- conflict: "374 Crank Road, Guildhall, VT" Fuzzy match to "374 Crank Road, Bloomfield, VT" -->
    <tag k="addr:city" v="Guildhall"/>
    <tag k="addr:housenumber" v="374"/>
    <tag k="addr:street" v="Crank Road"/>
    <tag k="addr:state" v="VT"/>
    <tag k="ref:vcgi:esiteid" v="450018"/>
  </node>
  <node id="-312" visible="true" lat="44.796980386853" lon="-71.596265915389">
    <!-- conflict: "1063 Fuller Road, Guildhall, VT" Fuzzy match to "1063 Fuller Road, Bloomfield, VT" -->
    <tag k="addr:city" v="Guildhall"/>
    <tag k="addr:housenumber" v="1063"/>
    <tag k="addr:street" v="Fuller Road"/>
    <tag k="addr:state" v="VT"/>
    <tag k="ref:vcgi:esiteid" v="450019"/>
  </node>
  <node id="-313" visible="true" lat="44.782970564363" lon="-71.610362566927">
    <!-- conflict: "661 Mill Brook Road, Guildhall, VT" Fuzzy match to "661 Mill Brook Road, Bloomfield, VT" -->
    <tag k="addr:city" v="Guildhall"/>
    <tag k="addr:housenumber" v="661"/>
    <tag k="addr:street" v="Mill Brook Road"/>
    <tag k="addr:state" v="VT"/>
    <tag k="ref:vcgi:esiteid" v="451596"/>
  </node>
  <node id="-330" visible="true" lat="44.761342853322" lon="-71.618368881558">
    <!-- conflict: "162 Enlightening View Lane, Guildhall, VT" Fuzzy match to "162 Enlightening View Lane, Bloomfield, VT" -->
    <tag k="addr:city" v="Guildhall"/>
    <tag k="addr:housenumber" v="162"/>
    <tag k="addr:street" v="Enlightening View Lane"/>
    <tag k="addr:state" v="VT"/>
    <tag k="ref:vcgi:esiteid" v="451712"/>
  </node>
  <node id="-331" visible="true" lat="44.760855966264" lon="-71.618846494389">
    <!-- conflict: "163 Enlightening View Lane, Guildhall, VT" Fuzzy match to "163 Enlightening View Lane, Bloomfield, VT" -->
    <tag k="addr:city" v="Guildhall"/>
    <tag k="addr:housenumber" v="163"/>
    <tag k="addr:street" v="Enlightening View Lane"/>
    <tag k="addr:state" v="VT"/>
    <tag k="ref:vcgi:esiteid" v="451713"/>
  </node>
  <node id="-332" visible="true" lat="44.76602936128" lon="-71.613244572084">
    <!-- conflict: "150 Daley Brook Lane, Guildhall, VT" Fuzzy match to "150 Daley Brook Lane, Bloomfield, VT" -->
    <tag k="addr:city" v="Guildhall"/>
    <tag k="addr:housenumber" v="150"/>
    <tag k="addr:street" v="Daley Brook Lane"/>
    <tag k="addr:state" v="VT"/>
    <tag k="ref:vcgi:esiteid" v="451714"/>
  </node>
  <node id="-355" visible="true" lat="44.787897718658" lon="-71.58143950611">
    <!-- conflict: "3790 Vermont Route 102, Guildhall, VT" Fuzzy match to "3790 Vermont Route 102, Bloomfield, VT" -->
    <tag k="addr:city" v="Guildhall"/>
    <tag k="addr:housenumber" v="3790"/>
    <tag k="addr:street" v="Vermont Route 102"/>
    <tag k="addr:state" v="VT"/>
    <tag k="ref:vcgi:esiteid" v="451743"/>
  </node>
  <node id="-377" visible="true" lat="44.780654802145" lon="-71.59763345297">
    <!-- conflict: "2849 Vermont Route 102, Guildhall, VT" Fuzzy match to "2849 Vermont Route 102, Bloomfield, VT" -->
    <tag k="addr:city" v="Guildhall"/>
    <tag k="addr:housenumber" v="2849"/>
    <tag k="addr:street" v="Vermont Route 102"/>
    <tag k="addr:state" v="VT"/>
    <tag k="ref:vcgi:esiteid" v="451765"/>
  </node>
  <node id="-379" visible="true" lat="44.776493306898" lon="-71.620609923871">
    <!-- conflict: "1830 Spencer Hill Road, Guildhall, VT" Fuzzy match to "1830 Spencer Hill Road, Bloomfield, VT" -->
    <tag k="addr:city" v="Guildhall"/>
    <tag k="addr:housenumber" v="1830"/>
    <tag k="addr:street" v="Spencer Hill Road"/>
    <tag k="addr:state" v="VT"/>
    <tag k="ref:vcgi:esiteid" v="451767"/>
  </node>
  <node id="-380" visible="true" lat="44.774350796083" lon="-71.624230339018">
    <!-- conflict: "1700 Spencer Hill Road, Guildhall, VT" Fuzzy match to "1700 Spencer Hill Road, Bloomfield, VT" -->
    <tag k="addr:city" v="Guildhall"/>
    <tag k="addr:housenumber" v="1700"/>
    <tag k="addr:street" v="Spencer Hill Road"/>
    <tag k="addr:state" v="VT"/>
    <tag k="ref:vcgi:esiteid" v="451768"/>
  </node>
  <node id="-393" visible="true" lat="44.824752823045" lon="-71.699615561774">
    <!-- conflict: "2460 Power Line Road, Guildhall, VT" Fuzzy match to "2460 Power Line Road, Bloomfield, VT" -->
    <tag k="addr:city" v="Guildhall"/>
    <tag k="addr:housenumber" v="2460"/>
    <tag k="addr:street" v="Power Line Road"/>
    <tag k="addr:state" v="VT"/>
    <tag k="ref:vcgi:esiteid" v="451928"/>
  </node>
  <node id="-394" visible="true" lat="44.850715170668" lon="-71.646662291874">
    <!-- conflict: "2610 Boudle Road, Guildhall, VT" Fuzzy match to "2610 Boudle Road, Bloomfield, VT" -->
    <tag k="addr:city" v="Guildhall"/>
    <tag k="addr:housenumber" v="2610"/>
    <tag k="addr:street" v="Boudle Road"/>
    <tag k="addr:state" v="VT"/>
    <tag k="ref:vcgi:esiteid" v="451929"/>
  </node>
  <node id="-396" visible="true" lat="44.807749523946" lon="-71.603692715046">
    <!-- conflict: "221 Brown Road, Guildhall, VT" Fuzzy match to "221 Brown Road, Bloomfield, VT" -->
    <tag k="addr:city" v="Guildhall"/>
    <tag k="addr:housenumber" v="221"/>
    <tag k="addr:street" v="Brown Road"/>
    <tag k="addr:state" v="VT"/>
    <tag k="ref:vcgi:esiteid" v="452137"/>
  </node>
  <node id="-397" visible="true" lat="44.814247308304" lon="-71.603857990025">
    <!-- conflict: "674 Brown Road, Guildhall, VT" Fuzzy match to "674 Brown Road, Bloomfield, VT" -->
    <tag k="addr:city" v="Guildhall"/>
    <tag k="addr:housenumber" v="674"/>
    <tag k="addr:street" v="Brown Road"/>
    <tag k="addr:state" v="VT"/>
    <tag k="ref:vcgi:esiteid" v="452138"/>
  </node>
  <node id="-404" visible="true" lat="44.787365526597" lon="-71.598402843575">
    <!-- conflict: "411 Fuller Road, Guildhall, VT" Fuzzy match to "411 Fuller Road, Bloomfield, VT" -->
    <tag k="addr:city" v="Guildhall"/>
    <tag k="addr:housenumber" v="411"/>
    <tag k="addr:street" v="Fuller Road"/>
    <tag k="addr:state" v="VT"/>
    <tag k="ref:vcgi:esiteid" v="452145"/>
  </node>
  <node id="-408" visible="true" lat="44.793701569171" lon="-71.600220469274">
    <!-- conflict: "665 Fuller Road, Guildhall, VT" Fuzzy match to "665 Fuller Road, Bloomfield, VT" -->
    <tag k="addr:city" v="Guildhall"/>
    <tag k="addr:housenumber" v="665"/>
    <tag k="addr:street" v="Fuller Road"/>
    <tag k="addr:state" v="VT"/>
    <tag k="ref:vcgi:esiteid" v="452150"/>
  </node>
  <node id="-409" visible="true" lat="44.803792599816" lon="-71.592752775283">
    <!-- conflict: "1592 Fuller Road, Guildhall, VT" Fuzzy match to "1592 Fuller Road, Bloomfield, VT" -->
    <tag k="addr:city" v="Guildhall"/>
    <tag k="addr:housenumber" v="1592"/>
    <tag k="addr:street" v="Fuller Road"/>
    <tag k="addr:state" v="VT"/>
    <tag k="ref:vcgi:esiteid" v="452152"/>
  </node>
  <node id="-428" visible="true" lat="44.762406163375" lon="-71.644967900212">
    <!-- conflict: "950 Vermont Route 105, Guildhall, VT" Fuzzy match to "950 Vermont Route 105, Bloomfield, VT" -->
    <tag k="addr:city" v="Guildhall"/>
    <tag k="addr:housenumber" v="950"/>
    <tag k="addr:street" v="Vermont Route 105"/>
    <tag k="addr:state" v="VT"/>
    <tag k="ref:vcgi:esiteid" v="452171"/>
  </node>
  <node id="-433" visible="true" lat="44.762798310511" lon="-71.647944802315">
    <!-- conflict: "891 Vermont Route 105, Guildhall, VT" Fuzzy match to "891 Vermont Route 105, Bloomfield, VT" -->
    <tag k="addr:city" v="Guildhall"/>
    <tag k="addr:housenumber" v="891"/>
    <tag k="addr:street" v="Vermont Route 105"/>
    <tag k="addr:state" v="VT"/>
    <tag k="ref:vcgi:esiteid" v="452176"/>
  </node>
  <node id="-447" visible="true" lat="44.826373929871" lon="-71.584354883101">
    <!-- conflict: "511 Crank Road, Guildhall, VT" Fuzzy match to "511 Crank Road, Bloomfield, VT" -->
    <tag k="addr:city" v="Guildhall"/>
    <tag k="addr:housenumber" v="511"/>
    <tag k="addr:street" v="Crank Road"/>
    <tag k="addr:state" v="VT"/>
    <tag k="ref:vcgi:esiteid" v="452401"/>
  </node>
  <node id="-448" visible="true" lat="44.78244876543" lon="-71.594770405769">
    <!-- conflict: "3039 Vermont Route 102, Guildhall, VT" Fuzzy match to "3039 Vermont Route 102, Bloomfield, VT" -->
    <tag k="addr:city" v="Guildhall"/>
    <tag k="addr:housenumber" v="3039"/>
    <tag k="addr:street" v="Vermont Route 102"/>
    <tag k="addr:state" v="VT"/>
    <tag k="ref:vcgi:esiteid" v="454010"/>
  </node>
  <node id="-449" visible="true" lat="44.773111051217" lon="-71.644696221066">
    <!-- conflict: "1737 Vermont Route 105, Guildhall, VT" Fuzzy match to "1737 Vermont Route 105, Bloomfield, VT" -->
    <tag k="addr:city" v="Guildhall"/>
    <tag k="addr:housenumber" v="1737"/>
    <tag k="addr:street" v="Vermont Route 105"/>
    <tag k="addr:state" v="VT"/>
    <tag k="ref:vcgi:esiteid" v="617346"/>
  </node>
  <node id="-450" visible="true" lat="44.786826841706" lon="-71.583861626702">
    <!-- conflict: "3667 Vermont Route 102, Guildhall, VT" Fuzzy match to "3667 Vermont Route 102, Bloomfield, VT" -->
    <tag k="addr:city" v="Guildhall"/>
    <tag k="addr:housenumber" v="3667"/>
    <tag k="addr:street" v="Vermont Route 102"/>
    <tag k="addr:state" v="VT"/>
    <tag k="ref:vcgi:esiteid" v="617348"/>
  </node>
  <node id="-451" visible="true" lat="44.796391298191" lon="-71.573115419815">
    <!-- conflict: "4732 Vermont Route 102, Guildhall, VT" Fuzzy match to "4732 Vermont Route 102, Bloomfield, VT" -->
    <tag k="addr:city" v="Guildhall"/>
    <tag k="addr:housenumber" v="4732"/>
    <tag k="addr:street" v="Vermont Route 102"/>
    <tag k="addr:state" v="VT"/>
    <tag k="ref:vcgi:esiteid" v="620300"/>
  </node>
  <node id="-452" visible="true" lat="44.831687506761" lon="-71.58220565778">
    <!-- conflict: "250 Red Cedar Trail, Guildhall, VT" Fuzzy match to "250 Red Cedar Trail, Bloomfield, VT" -->
    <tag k="addr:city" v="Guildhall"/>
    <tag k="addr:housenumber" v="250"/>
    <tag k="addr:street" v="Red Cedar Trail"/>
    <tag k="addr:state" v="VT"/>
    <tag k="ref:vcgi:esiteid" v="620358"/>
  </node>
  <node id="-454" visible="true" lat="44.820807423921" lon="-71.60214919409">
    <!-- conflict: "1720 Crank Road, Guildhall, VT" Fuzzy match to "1720 Crank Road, Bloomfield, VT" -->
    <tag k="addr:city" v="Guildhall"/>
    <tag k="addr:housenumber" v="1720"/>
    <tag k="addr:street" v="Crank Road"/>
    <tag k="addr:state" v="VT"/>
    <tag k="ref:vcgi:esiteid" v="753448"/>
  </node>
  <node id="-455" visible="true" lat="44.758016174116" lon="-71.633837854833">
    <!-- conflict: "289 Spencer Hill Road, Guildhall, VT" Fuzzy match to "289 Spencer Hill Road, Bloomfield, VT" -->
    <tag k="addr:city" v="Guildhall"/>
    <tag k="addr:housenumber" v="289"/>
    <tag k="addr:street" v="Spencer Hill Road"/>
    <tag k="addr:state" v="VT"/>
    <tag k="ref:vcgi:esiteid" v="753812"/>
  </node>
  <node id="-456" visible="true" lat="44.7786928329" lon="-71.648241928031">
    <!-- conflict: "275 Norcott Lane, Guildhall, VT" Fuzzy match to "275 Norcott Lane, Bloomfield, VT" -->
    <tag k="addr:city" v="Guildhall"/>
    <tag k="addr:housenumber" v="275"/>
    <tag k="addr:street" v="Norcott Lane"/>
    <tag k="addr:state" v="VT"/>
    <tag k="ref:vcgi:esiteid" v="756758"/>
  </node>
  <node id="-457" visible="true" lat="44.756076894442" lon="-71.642252292537">
    <!-- conflict: "531 Vermont Route 105, Guildhall, VT" Fuzzy match to "531 Vermont Route 105, Bloomfield, VT" -->
    <tag k="addr:city" v="Guildhall"/>
    <tag k="addr:housenumber" v="531"/>
    <tag k="addr:street" v="Vermont Route 105"/>
    <tag k="addr:state" v="VT"/>
    <tag k="ref:vcgi:esiteid" v="757004"/>
  </node>
  <node id="-458" visible="true" lat="44.803617535889" lon="-71.57200246983">
    <!-- conflict: "4948 Vermont Route 102, Guildhall, VT" Fuzzy match to "4948 Vermont Route 102, Bloomfield, VT" -->
    <tag k="addr:city" v="Guildhall"/>
    <tag k="addr:housenumber" v="4948"/>
    <tag k="addr:street" v="Vermont Route 102"/>
    <tag k="addr:state" v="VT"/>
    <tag k="ref:vcgi:esiteid" v="760285"/>
  </node>
  <node id="-459" visible="true" lat="44.793817906941" lon="-71.632894464644">
    <!-- conflict: "1765 Snow Hill Road, Guildhall, VT" Fuzzy match to "1765 Snow Hill Road, Bloomfield, VT" -->
    <tag k="addr:city" v="Guildhall"/>
    <tag k="addr:housenumber" v="1765"/>
    <tag k="addr:street" v="Snow Hill Road"/>
    <tag k="addr:state" v="VT"/>
    <tag k="ref:vcgi:esiteid" v="761751"/>
  </node>
  <node id="-460" visible="true" lat="44.800970194562" lon="-71.62532122605">
    <!-- conflict: "1096 Snow Hill Road, Guildhall, VT" Fuzzy match to "1096 Snow Hill Road, Bloomfield, VT" -->
    <tag k="addr:city" v="Guildhall"/>
    <tag k="addr:housenumber" v="1096"/>
    <tag k="addr:street" v="Snow Hill Road"/>
    <tag k="addr:state" v="VT"/>
    <tag k="ref:vcgi:esiteid" v="761836"/>
  </node>
  <node id="-461" visible="true" lat="44.790483494035" lon="-71.594406302299">
    <!-- conflict: "630 Fuller Road, Guildhall, VT" Fuzzy match to "630 Fuller Road, Bloomfield, VT" -->
    <tag k="addr:city" v="Guildhall"/>
    <tag k="addr:housenumber" v="630"/>
    <tag k="addr:street" v="Fuller Road"/>
    <tag k="addr:state" v="VT"/>
    <tag k="ref:vcgi:esiteid" v="763356"/>
  </node>
  <node id="-462" visible="true" lat="44.798491889311" lon="-71.598833823941">
    <!-- conflict: "1065 Fuller Road, Guildhall, VT" Fuzzy match to "1065 Fuller Road, Bloomfield, VT" -->
    <tag k="addr:city" v="Guildhall"/>
    <tag k="addr:housenumber" v="1065"/>
    <tag k="addr:street" v="Fuller Road"/>
    <tag k="addr:state" v="VT"/>
    <tag k="ref:vcgi:esiteid" v="763357"/>
  </node>
  <node id="-463" visible="true" lat="44.851954682922" lon="-71.654448136142">
    <!-- conflict: "2970 Boudle Road, Guildhall, VT" Fuzzy match to "2970 Boudle Road, Bloomfield, VT" -->
    <tag k="addr:city" v="Guildhall"/>
    <tag k="addr:housenumber" v="2970"/>
    <tag k="addr:street" v="Boudle Road"/>
    <tag k="addr:state" v="VT"/>
    <tag k="ref:vcgi:esiteid" v="764688"/>
  </node>
  <node id="-464" visible="true" lat="44.761978229165" lon="-71.629051362604">
    <!-- conflict: "669 Spencer Hill Road, Guildhall, VT" Fuzzy match to "669 Spencer Hill Road, Bloomfield, VT" -->
    <tag k="addr:city" v="Guildhall"/>
    <tag k="addr:housenumber" v="669"/>
    <tag k="addr:street" v="Spencer Hill Road"/>
    <tag k="addr:state" v="VT"/>
    <tag k="ref:vcgi:esiteid" v="767046"/>
  </node>
  <node id="-465" visible="true" lat="44.780817071181" lon="-71.600092892173">
    <!-- conflict: "192 Mill Brook Road, Guildhall, VT" Fuzzy match to "192 Mill Brook Road, Bloomfield, VT" -->
    <tag k="addr:city" v="Guildhall"/>
    <tag k="addr:housenumber" v="192"/>
    <tag k="addr:street" v="Mill Brook Road"/>
    <tag k="addr:state" v="VT"/>
    <tag k="ref:vcgi:esiteid" v="767055"/>
  </node>
  <node id="-466" visible="true" lat="44.782513023736" lon="-71.60103315224">
    <!-- conflict: "2851 Vermont Route 102, Guildhall, VT" Fuzzy match to "2851 Vermont Route 102, Bloomfield, VT" -->
    <tag k="addr:city" v="Guildhall"/>
    <tag k="addr:housenumber" v="2851"/>
    <tag k="addr:street" v="Vermont Route 102"/>
    <tag k="addr:state" v="VT"/>
    <tag k="ref:vcgi:esiteid" v="767546"/>
  </node>
  <node id="-470" visible="true" lat="44.756602912141" lon="-71.634866717522">
    <!-- conflict: "165 Spencer Hill Road, Guildhall, VT" Fuzzy match to "165 Spencer Hill Road, Bloomfield, VT" -->
    <tag k="addr:city" v="Guildhall"/>
    <tag k="addr:housenumber" v="165"/>
    <tag k="addr:street" v="Spencer Hill Road"/>
    <tag k="addr:state" v="VT"/>
    <tag k="ref:vcgi:esiteid" v="767616"/>
  </node>
  <node id="-471" visible="true" lat="44.76474727848" lon="-71.614690552301">
    <!-- conflict: "120 Enlightening View Lane, Guildhall, VT" Fuzzy match to "120 Enlightening View Lane, Bloomfield, VT" -->
    <tag k="addr:city" v="Guildhall"/>
    <tag k="addr:housenumber" v="120"/>
    <tag k="addr:street" v="Enlightening View Lane"/>
    <tag k="addr:state" v="VT"/>
    <tag k="ref:vcgi:esiteid" v="768909"/>
  </node>
  <node id="-472" visible="true" lat="44.777987192406" lon="-71.600294433445">
    <!-- conflict: "2677 Vermont Route 102, Guildhall, VT" Fuzzy match to "2677 Vermont Route 102, Bloomfield, VT" -->
    <tag k="addr:city" v="Guildhall"/>
    <tag k="addr:housenumber" v="2677"/>
    <tag k="addr:street" v="Vermont Route 102"/>
    <tag k="addr:state" v="VT"/>
    <tag k="ref:vcgi:esiteid" v="770666"/>
  </node>
  <node id="-473" visible="true" lat="44.79663223254" lon="-71.595732897656">
    <!-- conflict: "1076 Fuller Road, Guildhall, VT" Fuzzy match to "1076 Fuller Road, Bloomfield, VT" -->
    <tag k="addr:city" v="Guildhall"/>
    <tag k="addr:housenumber" v="1076"/>
    <tag k="addr:street" v="Fuller Road"/>
    <tag k="addr:state" v="VT"/>
    <tag k="ref:vcgi:esiteid" v="771083"/>
  </node>
  <node id="-474" visible="true" lat="44.788223615691" lon="-71.580182874873">
    <!-- conflict: "3906 Vermont Route 102, Guildhall, VT" Fuzzy match to "3906 Vermont Route 102, Bloomfield, VT" -->
    <tag k="addr:city" v="Guildhall"/>
    <tag k="addr:housenumber" v="3906"/>
    <tag k="addr:street" v="Vermont Route 102"/>
    <tag k="addr:state" v="VT"/>
    <tag k="ref:vcgi:esiteid" v="771084"/>
  </node>
  <node id="-477" visible="true" lat="44.799242419055" lon="-71.573481539657">
    <!-- conflict: "4650 Vermont Route 102, Guildhall, VT" Fuzzy match to "4650 Vermont Route 102, Bloomfield, VT" -->
    <tag k="addr:city" v="Guildhall"/>
    <tag k="addr:housenumber" v="4650"/>
    <tag k="addr:street" v="Vermont Route 102"/>
    <tag k="addr:state" v="VT"/>
    <tag k="ref:vcgi:esiteid" v="771460"/>
  </node>
  <node id="-478" visible="true" lat="44.779233703887" lon="-71.675884563074">
    <!-- conflict: "3482 Vermont Route 105, Guildhall, VT" Fuzzy match to "3482 Vermont Route 105, Bloomfield, VT" -->
    <tag k="addr:city" v="Guildhall"/>
    <tag k="addr:housenumber" v="3482"/>
    <tag k="addr:street" v="Vermont Route 105"/>
    <tag k="addr:state" v="VT"/>
    <tag k="ref:vcgi:esiteid" v="1050756"/>
  </node>
</osm>
