<?xml version="1.0" encoding="UTF-8"?>
<osm version="0.6" generator="JOSM" upload="false">
  <node id="-100" visible="true" lat="44.487401711452" lon="-71.863623767372">
    <!-- conflict: "1479 Victory Road, North Concord, VT" Fuzzy match to "1479 Victory Road, , VT" -->
    <tag k="addr:city" v="North Concord"/>
    <tag k="addr:housenumber" v="1479"/>
    <tag k="addr:street" v="Victory Road"/>
    <tag k="addr:state" v="VT"/>
    <tag k="ref:vcgi:esiteid" v="76242"/>
  </node>
  <node id="-101" visible="true" lat="44.48406420464" lon="-71.866790196347">
    <!-- conflict: "1247 Victory Road, North Concord, VT" Fuzzy match to "1247 Victory Road, , VT" -->
    <tag k="addr:city" v="North Concord"/>
    <tag k="addr:housenumber" v="1247"/>
    <tag k="addr:street" v="Victory Road"/>
    <tag k="addr:state" v="VT"/>
    <tag k="ref:vcgi:esiteid" v="76243"/>
  </node>
  <node id="-102" visible="true" lat="44.482831455902" lon="-71.8644266492">
    <!-- conflict: "1124 Victory Road, North Concord, VT" Fuzzy match to "1124 Victory Road, , VT" -->
    <tag k="addr:city" v="North Concord"/>
    <tag k="addr:housenumber" v="1124"/>
    <tag k="addr:street" v="Victory Road"/>
    <tag k="addr:state" v="VT"/>
    <tag k="ref:vcgi:esiteid" v="76244"/>
  </node>
  <node id="-103" visible="true" lat="44.478562809868" lon="-71.864357985119">
    <!-- conflict: "825 Victory Road, North Concord, VT" Fuzzy match to "825 Victory Road, , VT" -->
    <tag k="addr:city" v="North Concord"/>
    <tag k="addr:housenumber" v="825"/>
    <tag k="addr:street" v="Victory Road"/>
    <tag k="addr:state" v="VT"/>
    <tag k="ref:vcgi:esiteid" v="76245"/>
  </node>
  <node id="-104" visible="true" lat="44.477544284295" lon="-71.863045729291">
    <!-- conflict: "736 Victory Road, North Concord, VT" Fuzzy match to "736 Victory Road, , VT" -->
    <tag k="addr:city" v="North Concord"/>
    <tag k="addr:housenumber" v="736"/>
    <tag k="addr:street" v="Victory Road"/>
    <tag k="addr:state" v="VT"/>
    <tag k="ref:vcgi:esiteid" v="76246"/>
  </node>
  <node id="-105" visible="true" lat="44.476247287079" lon="-71.862519301102">
    <!-- conflict: "656 Victory Road, North Concord, VT" Fuzzy match to "656 Victory Road, , VT" -->
    <tag k="addr:city" v="North Concord"/>
    <tag k="addr:housenumber" v="656"/>
    <tag k="addr:street" v="Victory Road"/>
    <tag k="addr:state" v="VT"/>
    <tag k="ref:vcgi:esiteid" v="76247"/>
  </node>
  <node id="-106" visible="true" lat="44.476064366149" lon="-71.868937094223">
    <!-- conflict: "596 Willson Road, North Concord, VT" Fuzzy match to "596 Willson Road, , VT" -->
    <tag k="addr:city" v="North Concord"/>
    <tag k="addr:housenumber" v="596"/>
    <tag k="addr:street" v="Willson Road"/>
    <tag k="addr:state" v="VT"/>
    <tag k="ref:vcgi:esiteid" v="76248"/>
  </node>
  <node id="-107" visible="true" lat="44.475911595457" lon="-71.853608163787">
    <!-- conflict: "107 Dudley Brook Road, North Concord, VT" Fuzzy match to "107 Dudley Brook Road, , VT" -->
    <tag k="addr:city" v="North Concord"/>
    <tag k="addr:housenumber" v="107"/>
    <tag k="addr:street" v="Dudley Brook Road"/>
    <tag k="addr:state" v="VT"/>
    <tag k="ref:vcgi:esiteid" v="76249"/>
  </node>
  <node id="-108" visible="true" lat="44.475600072734" lon="-71.869978414734">
    <!-- conflict: "612 Willson Road, North Concord, VT" Fuzzy match to "612 Willson Road, , VT" -->
    <tag k="addr:city" v="North Concord"/>
    <tag k="addr:housenumber" v="612"/>
    <tag k="addr:street" v="Willson Road"/>
    <tag k="addr:state" v="VT"/>
    <tag k="ref:vcgi:esiteid" v="76250"/>
  </node>
  <node id="-109" visible="true" lat="44.475167727296" lon="-71.859169994538">
    <!-- conflict: "209 Sorrell Farm Road, North Concord, VT" Fuzzy match to "209 Sorrell Farm Road, , VT" -->
    <tag k="addr:city" v="North Concord"/>
    <tag k="addr:housenumber" v="209"/>
    <tag k="addr:street" v="Sorrell Farm Road"/>
    <tag k="addr:state" v="VT"/>
    <tag k="ref:vcgi:esiteid" v="76251"/>
  </node>
  <node id="-110" visible="true" lat="44.475068546725" lon="-71.861374890734">
    <!-- conflict: "31 Sorrell Farm Road, North Concord, VT" Fuzzy match to "31 Sorrell Farm Road, , VT" -->
    <tag k="addr:city" v="North Concord"/>
    <tag k="addr:housenumber" v="31"/>
    <tag k="addr:street" v="Sorrell Farm Road"/>
    <tag k="addr:state" v="VT"/>
    <tag k="ref:vcgi:esiteid" v="76252"/>
  </node>
  <node id="-111" visible="true" lat="44.474832035761" lon="-71.850449593912">
    <!-- conflict: "483 Bona Road, North Concord, VT" Fuzzy match to "483 Bona Road, , VT" -->
    <tag k="addr:city" v="North Concord"/>
    <tag k="addr:housenumber" v="483"/>
    <tag k="addr:street" v="Bona Road"/>
    <tag k="addr:state" v="VT"/>
    <tag k="ref:vcgi:esiteid" v="76253"/>
  </node>
  <node id="-112" visible="true" lat="44.474648928482" lon="-71.867539442837">
    <!-- conflict: "700 Willson Road, North Concord, VT" Fuzzy match to "700 Willson Road, , VT" -->
    <tag k="addr:city" v="North Concord"/>
    <tag k="addr:housenumber" v="700"/>
    <tag k="addr:street" v="Willson Road"/>
    <tag k="addr:state" v="VT"/>
    <tag k="ref:vcgi:esiteid" v="76254"/>
  </node>
  <node id="-113" visible="true" lat="44.47376010459" lon="-71.866349256166">
    <!-- conflict: "786 Willson Road, North Concord, VT" Fuzzy match to "786 Willson Road, , VT" -->
    <tag k="addr:city" v="North Concord"/>
    <tag k="addr:housenumber" v="786"/>
    <tag k="addr:street" v="Willson Road"/>
    <tag k="addr:state" v="VT"/>
    <tag k="ref:vcgi:esiteid" v="76255"/>
  </node>
  <node id="-114" visible="true" lat="44.473092532023" lon="-71.849755317698">
    <!-- conflict: "604 Bona Road, North Concord, VT" Fuzzy match to "604 Bona Road, , VT" -->
    <tag k="addr:city" v="North Concord"/>
    <tag k="addr:housenumber" v="604"/>
    <tag k="addr:street" v="Bona Road"/>
    <tag k="addr:state" v="VT"/>
    <tag k="ref:vcgi:esiteid" v="76256"/>
  </node>
  <node id="-115" visible="true" lat="44.472432590234" lon="-71.865639723215">
    <!-- conflict: "852 Willson Road, North Concord, VT" Fuzzy match to "852 Willson Road, , VT" -->
    <tag k="addr:city" v="North Concord"/>
    <tag k="addr:housenumber" v="852"/>
    <tag k="addr:street" v="Willson Road"/>
    <tag k="addr:state" v="VT"/>
    <tag k="ref:vcgi:esiteid" v="76257"/>
  </node>
  <node id="-116" visible="true" lat="44.472096895997" lon="-71.860428845445">
    <!-- conflict: "97 Thorn Apple Drive, North Concord, VT" Fuzzy match to "97 Thorn Apple Drive, , VT" -->
    <tag k="addr:city" v="North Concord"/>
    <tag k="addr:housenumber" v="97"/>
    <tag k="addr:street" v="Thorn Apple Drive"/>
    <tag k="addr:state" v="VT"/>
    <tag k="ref:vcgi:esiteid" v="76258"/>
  </node>
  <node id="-117" visible="true" lat="44.471444584062" lon="-71.847649604694">
    <!-- conflict: "231 Hovey Willey Lane, North Concord, VT" Fuzzy match to "231 Hovey Willey Lane, , VT" -->
    <tag k="addr:city" v="North Concord"/>
    <tag k="addr:housenumber" v="231"/>
    <tag k="addr:street" v="Hovey Willey Lane"/>
    <tag k="addr:state" v="VT"/>
    <tag k="ref:vcgi:esiteid" v="76259"/>
  </node>
  <node id="-118" visible="true" lat="44.471494174527" lon="-71.864892041805">
    <!-- conflict: "980 Willson Road, North Concord, VT" Fuzzy match to "980 Willson Road, , VT" -->
    <tag k="addr:city" v="North Concord"/>
    <tag k="addr:housenumber" v="980"/>
    <tag k="addr:street" v="Willson Road"/>
    <tag k="addr:state" v="VT"/>
    <tag k="ref:vcgi:esiteid" v="76260"/>
  </node>
  <node id="-119" visible="true" lat="44.471421693333" lon="-71.862191234701">
    <!-- conflict: "102 Ranney Road, North Concord, VT" Fuzzy match to "102 Ranney Road, , VT" -->
    <tag k="addr:city" v="North Concord"/>
    <tag k="addr:housenumber" v="102"/>
    <tag k="addr:street" v="Ranney Road"/>
    <tag k="addr:state" v="VT"/>
    <tag k="ref:vcgi:esiteid" v="76261"/>
  </node>
  <node id="-120" visible="true" lat="44.471196627323" lon="-71.856110605254">
    <!-- conflict: "125 Bona Road, North Concord, VT" Fuzzy match to "125 Bona Road, , VT" -->
    <tag k="addr:city" v="North Concord"/>
    <tag k="addr:housenumber" v="125"/>
    <tag k="addr:street" v="Bona Road"/>
    <tag k="addr:state" v="VT"/>
    <tag k="ref:vcgi:esiteid" v="76262"/>
  </node>
  <node id="-121" visible="true" lat="44.470586276636" lon="-71.860222851006">
    <!-- conflict: "226 Victory Road, North Concord, VT" Fuzzy match to "226 Victory Road, , VT" -->
    <tag k="addr:city" v="North Concord"/>
    <tag k="addr:housenumber" v="226"/>
    <tag k="addr:street" v="Victory Road"/>
    <tag k="addr:state" v="VT"/>
    <tag k="ref:vcgi:esiteid" v="76263"/>
  </node>
  <node id="-122" visible="true" lat="44.470269003905" lon="-71.854576300061">
    <!-- conflict: "92 Bona Road, North Concord, VT" Fuzzy match to "92 Bona Road, , VT" -->
    <tag k="addr:city" v="North Concord"/>
    <tag k="addr:housenumber" v="92"/>
    <tag k="addr:street" v="Bona Road"/>
    <tag k="addr:state" v="VT"/>
    <tag k="ref:vcgi:esiteid" v="76264"/>
  </node>
  <node id="-123" visible="true" lat="44.470282554434" lon="-71.860520824406">
    <!-- conflict: "8 Glenside Lane, North Concord, VT" Fuzzy match to "8 Glenside Lane, , VT" -->
    <tag k="addr:city" v="North Concord"/>
    <tag k="addr:housenumber" v="8"/>
    <tag k="addr:street" v="Glenside Lane"/>
    <tag k="addr:state" v="VT"/>
    <tag k="ref:vcgi:esiteid" v="76265"/>
  </node>
  <node id="-124" visible="true" lat="44.470240553087" lon="-71.861009025171">
    <!-- conflict: "46 Glenside Lane, North Concord, VT" Fuzzy match to "46 Glenside Lane, , VT" -->
    <tag k="addr:city" v="North Concord"/>
    <tag k="addr:housenumber" v="46"/>
    <tag k="addr:street" v="Glenside Lane"/>
    <tag k="addr:state" v="VT"/>
    <tag k="ref:vcgi:esiteid" v="76266"/>
  </node>
  <node id="-125" visible="true" lat="44.469969075102" lon="-71.861063920462">
    <!-- conflict: "44 Glenside Lane, North Concord, VT" Fuzzy match to "44 Glenside Lane, , VT" -->
    <tag k="addr:city" v="North Concord"/>
    <tag k="addr:housenumber" v="44"/>
    <tag k="addr:street" v="Glenside Lane"/>
    <tag k="addr:state" v="VT"/>
    <tag k="ref:vcgi:esiteid" v="76267"/>
  </node>
  <node id="-126" visible="true" lat="44.469994516549" lon="-71.862000552082">
    <!-- conflict: "189 Ranney Road, North Concord, VT" Fuzzy match to "189 Ranney Road, , VT" -->
    <tag k="addr:city" v="North Concord"/>
    <tag k="addr:housenumber" v="189"/>
    <tag k="addr:street" v="Ranney Road"/>
    <tag k="addr:state" v="VT"/>
    <tag k="ref:vcgi:esiteid" v="76268"/>
  </node>
  <node id="-127" visible="true" lat="44.46972776424" lon="-71.860673960396">
    <!-- conflict: "39 Glenside Lane, North Concord, VT" Fuzzy match to "39 Glenside Lane, , VT" -->
    <tag k="addr:city" v="North Concord"/>
    <tag k="addr:housenumber" v="39"/>
    <tag k="addr:street" v="Glenside Lane"/>
    <tag k="addr:state" v="VT"/>
    <tag k="ref:vcgi:esiteid" v="76269"/>
  </node>
  <node id="-128" visible="true" lat="44.469983102178" lon="-71.858960358484">
    <!-- conflict: "148 Victory Road, North Concord, VT" Fuzzy match to "148 Victory Road, , VT" -->
    <tag k="addr:city" v="North Concord"/>
    <tag k="addr:housenumber" v="148"/>
    <tag k="addr:street" v="Victory Road"/>
    <tag k="addr:state" v="VT"/>
    <tag k="ref:vcgi:esiteid" v="76270"/>
  </node>
  <node id="-129" visible="true" lat="44.46959999807" lon="-71.861147029">
    <!-- conflict: "60 Glenside Lane, North Concord, VT" Fuzzy match to "60 Glenside Lane, , VT" -->
    <tag k="addr:city" v="North Concord"/>
    <tag k="addr:housenumber" v="60"/>
    <tag k="addr:street" v="Glenside Lane"/>
    <tag k="addr:state" v="VT"/>
    <tag k="ref:vcgi:esiteid" v="76271"/>
  </node>
  <node id="-130" visible="true" lat="44.469861483181" lon="-71.859932934799">
    <!-- conflict: "242 Glenside Lane, North Concord, VT" Fuzzy match to "242 Glenside Lane, , VT" -->
    <tag k="addr:city" v="North Concord"/>
    <tag k="addr:housenumber" v="242"/>
    <tag k="addr:street" v="Glenside Lane"/>
    <tag k="addr:state" v="VT"/>
    <tag k="ref:vcgi:esiteid" v="76272"/>
  </node>
  <node id="-131" visible="true" lat="44.469789003974" lon="-71.858605419316">
    <!-- conflict: "130 Victory Road, North Concord, VT" Fuzzy match to "130 Victory Road, , VT" -->
    <tag k="addr:city" v="North Concord"/>
    <tag k="addr:housenumber" v="130"/>
    <tag k="addr:street" v="Victory Road"/>
    <tag k="addr:state" v="VT"/>
    <tag k="ref:vcgi:esiteid" v="76273"/>
  </node>
  <node id="-132" visible="true" lat="44.469686008368" lon="-71.848870309749">
    <!-- conflict: "1541 North Concord Road, North Concord, VT" Fuzzy match to "1541 North Concord Road, , VT" -->
    <tag k="addr:city" v="North Concord"/>
    <tag k="addr:housenumber" v="1541"/>
    <tag k="addr:street" v="North Concord Road"/>
    <tag k="addr:state" v="VT"/>
    <tag k="ref:vcgi:esiteid" v="76274"/>
  </node>
  <node id="-133" visible="true" lat="44.469567635578" lon="-71.860307808799">
    <!-- conflict: "235 Glenside Lane, North Concord, VT" Fuzzy match to "235 Glenside Lane, , VT" -->
    <tag k="addr:city" v="North Concord"/>
    <tag k="addr:housenumber" v="235"/>
    <tag k="addr:street" v="Glenside Lane"/>
    <tag k="addr:state" v="VT"/>
    <tag k="ref:vcgi:esiteid" v="76275"/>
  </node>
  <node id="-134" visible="true" lat="44.469645727337" lon="-71.859781574133">
    <!-- conflict: "222 Glenside Lane, North Concord, VT" Fuzzy match to "222 Glenside Lane, , VT" -->
    <tag k="addr:city" v="North Concord"/>
    <tag k="addr:housenumber" v="222"/>
    <tag k="addr:street" v="Glenside Lane"/>
    <tag k="addr:state" v="VT"/>
    <tag k="ref:vcgi:esiteid" v="76276"/>
  </node>
  <node id="-135" visible="true" lat="44.469548679386" lon="-71.85815528371">
    <!-- conflict: "100 Victory Road, North Concord, VT" Fuzzy match to "100 Victory Road, , VT" -->
    <tag k="addr:city" v="North Concord"/>
    <tag k="addr:housenumber" v="100"/>
    <tag k="addr:street" v="Victory Road"/>
    <tag k="addr:state" v="VT"/>
    <tag k="ref:vcgi:esiteid" v="76277"/>
  </node>
  <node id="-136" visible="true" lat="44.46933350264" lon="-71.858991273525">
    <!-- conflict: "131 Victory Road, North Concord, VT" Fuzzy match to "131 Victory Road, , VT" -->
    <tag k="addr:city" v="North Concord"/>
    <tag k="addr:housenumber" v="131"/>
    <tag k="addr:street" v="Victory Road"/>
    <tag k="addr:state" v="VT"/>
    <tag k="ref:vcgi:esiteid" v="76278"/>
  </node>
  <node id="-137" visible="true" lat="44.4694582474" lon="-71.864896256916">
    <!-- conflict: "1120 Willson Road, North Concord, VT" Fuzzy match to "1120 Willson Road, , VT" -->
    <tag k="addr:city" v="North Concord"/>
    <tag k="addr:housenumber" v="1120"/>
    <tag k="addr:street" v="Willson Road"/>
    <tag k="addr:state" v="VT"/>
    <tag k="ref:vcgi:esiteid" v="76279"/>
  </node>
  <node id="-138" visible="true" lat="44.469726457748" lon="-71.855509714341">
    <!-- conflict: "25 Bona Road, North Concord, VT" Fuzzy match to "25 Bona Road, , VT" -->
    <tag k="addr:city" v="North Concord"/>
    <tag k="addr:housenumber" v="25"/>
    <tag k="addr:street" v="Bona Road"/>
    <tag k="addr:state" v="VT"/>
    <tag k="ref:vcgi:esiteid" v="76280"/>
  </node>
  <node id="-139" visible="true" lat="44.469319242198" lon="-71.860122300471">
    <!-- conflict: "213 Glenside Lane, North Concord, VT" Fuzzy match to "213 Glenside Lane, , VT" -->
    <tag k="addr:city" v="North Concord"/>
    <tag k="addr:housenumber" v="213"/>
    <tag k="addr:street" v="Glenside Lane"/>
    <tag k="addr:state" v="VT"/>
    <tag k="ref:vcgi:esiteid" v="76281"/>
  </node>
  <node id="-140" visible="true" lat="44.469424152555" lon="-71.859701223486">
    <!-- conflict: "210 Glenside Lane, North Concord, VT" Fuzzy match to "210 Glenside Lane, , VT" -->
    <tag k="addr:city" v="North Concord"/>
    <tag k="addr:housenumber" v="210"/>
    <tag k="addr:street" v="Glenside Lane"/>
    <tag k="addr:state" v="VT"/>
    <tag k="ref:vcgi:esiteid" v="76282"/>
  </node>
  <node id="-141" visible="true" lat="44.469399951801" lon="-71.860752552428">
    <!-- conflict: "87 Glenside Lane, North Concord, VT" Fuzzy match to "87 Glenside Lane, , VT" -->
    <tag k="addr:city" v="North Concord"/>
    <tag k="addr:housenumber" v="87"/>
    <tag k="addr:street" v="Glenside Lane"/>
    <tag k="addr:state" v="VT"/>
    <tag k="ref:vcgi:esiteid" v="76283"/>
  </node>
  <node id="-142" visible="true" lat="44.469279540813" lon="-71.861127192598">
    <!-- conflict: "86 Glenside Lane, North Concord, VT" Fuzzy match to "86 Glenside Lane, , VT" -->
    <tag k="addr:city" v="North Concord"/>
    <tag k="addr:housenumber" v="86"/>
    <tag k="addr:street" v="Glenside Lane"/>
    <tag k="addr:state" v="VT"/>
    <tag k="ref:vcgi:esiteid" v="76284"/>
  </node>
  <node id="-143" visible="true" lat="44.469277834742" lon="-71.857468639184">
    <!-- conflict: "62 Victory Road, North Concord, VT" Fuzzy match to "62 Victory Road, , VT" -->
    <tag k="addr:city" v="North Concord"/>
    <tag k="addr:housenumber" v="62"/>
    <tag k="addr:street" v="Victory Road"/>
    <tag k="addr:state" v="VT"/>
    <tag k="ref:vcgi:esiteid" v="76285"/>
  </node>
  <node id="-144" visible="true" lat="44.469186281282" lon="-71.84648993592">
    <!-- conflict: "56 Hovey Willey Lane, North Concord, VT" Fuzzy match to "56 Hovey Willey Lane, , VT" -->
    <tag k="addr:city" v="North Concord"/>
    <tag k="addr:housenumber" v="56"/>
    <tag k="addr:street" v="Hovey Willey Lane"/>
    <tag k="addr:state" v="VT"/>
    <tag k="ref:vcgi:esiteid" v="76286"/>
  </node>
  <node id="-145" visible="true" lat="44.469076009731" lon="-71.858201408327">
    <!-- conflict: "91 Victory Road, North Concord, VT" Fuzzy match to "91 Victory Road, , VT" -->
    <tag k="addr:city" v="North Concord"/>
    <tag k="addr:housenumber" v="91"/>
    <tag k="addr:street" v="Victory Road"/>
    <tag k="addr:state" v="VT"/>
    <tag k="ref:vcgi:esiteid" v="76287"/>
  </node>
  <node id="-146" visible="true" lat="44.469149063481" lon="-71.859510980515">
    <!-- conflict: "194 Glenside Lane, North Concord, VT" Fuzzy match to "194 Glenside Lane, , VT" -->
    <tag k="addr:city" v="North Concord"/>
    <tag k="addr:housenumber" v="194"/>
    <tag k="addr:street" v="Glenside Lane"/>
    <tag k="addr:state" v="VT"/>
    <tag k="ref:vcgi:esiteid" v="76288"/>
  </node>
  <node id="-147" visible="true" lat="44.469116958656" lon="-71.860491463574">
    <!-- conflict: "107 Glenside Lane, North Concord, VT" Fuzzy match to "107 Glenside Lane, , VT" -->
    <tag k="addr:city" v="North Concord"/>
    <tag k="addr:housenumber" v="107"/>
    <tag k="addr:street" v="Glenside Lane"/>
    <tag k="addr:state" v="VT"/>
    <tag k="ref:vcgi:esiteid" v="76289"/>
  </node>
  <node id="-148" visible="true" lat="44.46899173238" lon="-71.851250680352">
    <!-- conflict: "1394 North Concord Road, North Concord, VT" Fuzzy match to "1394 North Concord Road, , VT" -->
    <tag k="addr:city" v="North Concord"/>
    <tag k="addr:housenumber" v="1394"/>
    <tag k="addr:street" v="North Concord Road"/>
    <tag k="addr:state" v="VT"/>
    <tag k="ref:vcgi:esiteid" v="76290"/>
  </node>
  <node id="-149" visible="true" lat="44.4688737937" lon="-71.857762331195">
    <!-- conflict: "63 Victory Road, North Concord, VT" Fuzzy match to "63 Victory Road, , VT" -->
    <tag k="addr:city" v="North Concord"/>
    <tag k="addr:housenumber" v="63"/>
    <tag k="addr:street" v="Victory Road"/>
    <tag k="addr:state" v="VT"/>
    <tag k="ref:vcgi:esiteid" v="76291"/>
  </node>
  <node id="-150" visible="true" lat="44.468996570723" lon="-71.861055368276">
    <!-- conflict: "110 Glenside Lane, North Concord, VT" Fuzzy match to "110 Glenside Lane, , VT" -->
    <tag k="addr:city" v="North Concord"/>
    <tag k="addr:housenumber" v="110"/>
    <tag k="addr:street" v="Glenside Lane"/>
    <tag k="addr:state" v="VT"/>
    <tag k="ref:vcgi:esiteid" v="76292"/>
  </node>
  <node id="-151" visible="true" lat="44.468982881022" lon="-71.860128353297">
    <!-- conflict: "179 Glenside Lane, North Concord, VT" Fuzzy match to "179 Glenside Lane, , VT" -->
    <tag k="addr:city" v="North Concord"/>
    <tag k="addr:housenumber" v="179"/>
    <tag k="addr:street" v="Glenside Lane"/>
    <tag k="addr:state" v="VT"/>
    <tag k="ref:vcgi:esiteid" v="76293"/>
  </node>
  <node id="-152" visible="true" lat="44.468791573542" lon="-71.859727175693">
    <!-- conflict: "180 Glenside Lane, North Concord, VT" Fuzzy match to "180 Glenside Lane, , VT" -->
    <tag k="addr:city" v="North Concord"/>
    <tag k="addr:housenumber" v="180"/>
    <tag k="addr:street" v="Glenside Lane"/>
    <tag k="addr:state" v="VT"/>
    <tag k="ref:vcgi:esiteid" v="76294"/>
  </node>
  <node id="-153" visible="true" lat="44.46874883908" lon="-71.860941427959">
    <!-- conflict: "118 Glenside Lane, North Concord, VT" Fuzzy match to "118 Glenside Lane, , VT" -->
    <tag k="addr:city" v="North Concord"/>
    <tag k="addr:housenumber" v="118"/>
    <tag k="addr:street" v="Glenside Lane"/>
    <tag k="addr:state" v="VT"/>
    <tag k="ref:vcgi:esiteid" v="76295"/>
  </node>
  <node id="-154" visible="true" lat="44.469067168049" lon="-71.856851970732">
    <!-- conflict: "32 Victory Road, North Concord, VT" Fuzzy match to "32 Victory Road, , VT" -->
    <tag k="addr:city" v="North Concord"/>
    <tag k="addr:housenumber" v="32"/>
    <tag k="addr:street" v="Victory Road"/>
    <tag k="addr:state" v="VT"/>
    <tag k="ref:vcgi:esiteid" v="76296"/>
  </node>
  <node id="-155" visible="true" lat="44.468872768102" lon="-71.85939565721">
    <!-- conflict: "182 Glenside Lane, North Concord, VT" Fuzzy match to "182 Glenside Lane, , VT" -->
    <tag k="addr:city" v="North Concord"/>
    <tag k="addr:housenumber" v="182"/>
    <tag k="addr:street" v="Glenside Lane"/>
    <tag k="addr:state" v="VT"/>
    <tag k="ref:vcgi:esiteid" v="76297"/>
  </node>
  <node id="-156" visible="true" lat="44.468827698815" lon="-71.860512767345">
    <!-- conflict: "131 Glenside Lane, North Concord, VT" Fuzzy match to "131 Glenside Lane, , VT" -->
    <tag k="addr:city" v="North Concord"/>
    <tag k="addr:housenumber" v="131"/>
    <tag k="addr:street" v="Glenside Lane"/>
    <tag k="addr:state" v="VT"/>
    <tag k="ref:vcgi:esiteid" v="76298"/>
  </node>
  <node id="-157" visible="true" lat="44.468624018103" lon="-71.859955260149">
    <!-- conflict: "160 Glenside Lane, North Concord, VT" Fuzzy match to "160 Glenside Lane, , VT" -->
    <tag k="addr:city" v="North Concord"/>
    <tag k="addr:housenumber" v="160"/>
    <tag k="addr:street" v="Glenside Lane"/>
    <tag k="addr:state" v="VT"/>
    <tag k="ref:vcgi:esiteid" v="76300"/>
  </node>
  <node id="-158" visible="true" lat="44.468531125388" lon="-71.860771422348">
    <!-- conflict: "132 Glenside Lane, North Concord, VT" Fuzzy match to "132 Glenside Lane, , VT" -->
    <tag k="addr:city" v="North Concord"/>
    <tag k="addr:housenumber" v="132"/>
    <tag k="addr:street" v="Glenside Lane"/>
    <tag k="addr:state" v="VT"/>
    <tag k="ref:vcgi:esiteid" v="76302"/>
  </node>
  <node id="-159" visible="true" lat="44.468289970697" lon="-71.860645823765">
    <!-- conflict: "142 Glenside Lane, North Concord, VT" Fuzzy match to "142 Glenside Lane, , VT" -->
    <tag k="addr:city" v="North Concord"/>
    <tag k="addr:housenumber" v="142"/>
    <tag k="addr:street" v="Glenside Lane"/>
    <tag k="addr:state" v="VT"/>
    <tag k="ref:vcgi:esiteid" v="76303"/>
  </node>
  <node id="-160" visible="true" lat="44.468379552262" lon="-71.860288670409">
    <!-- conflict: "144 Glenside Lane, North Concord, VT" Fuzzy match to "144 Glenside Lane, , VT" -->
    <tag k="addr:city" v="North Concord"/>
    <tag k="addr:housenumber" v="144"/>
    <tag k="addr:street" v="Glenside Lane"/>
    <tag k="addr:state" v="VT"/>
    <tag k="ref:vcgi:esiteid" v="76304"/>
  </node>
  <node id="-161" visible="true" lat="44.468205227587" lon="-71.858243888952">
    <!-- conflict: "1037 North Concord Road, North Concord, VT" Fuzzy match to "1037 North Concord Road, , VT" -->
    <tag k="addr:city" v="North Concord"/>
    <tag k="addr:housenumber" v="1037"/>
    <tag k="addr:street" v="North Concord Road"/>
    <tag k="addr:state" v="VT"/>
    <tag k="ref:vcgi:esiteid" v="76305"/>
  </node>
  <node id="-162" visible="true" lat="44.467526366889" lon="-71.859234118445">
    <!-- conflict: "973 North Concord Road, North Concord, VT" Fuzzy match to "973 North Concord Road, , VT" -->
    <tag k="addr:city" v="North Concord"/>
    <tag k="addr:housenumber" v="973"/>
    <tag k="addr:street" v="North Concord Road"/>
    <tag k="addr:state" v="VT"/>
    <tag k="ref:vcgi:esiteid" v="76306"/>
  </node>
  <node id="-163" visible="true" lat="44.467034431556" lon="-71.859783073627">
    <!-- conflict: "931 North Concord Road, North Concord, VT" Fuzzy match to "931 North Concord Road, , VT" -->
    <tag k="addr:city" v="North Concord"/>
    <tag k="addr:housenumber" v="931"/>
    <tag k="addr:street" v="North Concord Road"/>
    <tag k="addr:state" v="VT"/>
    <tag k="ref:vcgi:esiteid" v="76307"/>
  </node>
  <node id="-164" visible="true" lat="44.46695468485" lon="-71.856484446238">
    <!-- conflict: "144 Wesley Road, North Concord, VT" Fuzzy match to "144 Wesley Road, , VT" -->
    <tag k="addr:city" v="North Concord"/>
    <tag k="addr:housenumber" v="144"/>
    <tag k="addr:street" v="Wesley Road"/>
    <tag k="addr:state" v="VT"/>
    <tag k="ref:vcgi:esiteid" v="76308"/>
  </node>
  <node id="-165" visible="true" lat="44.46675250321" lon="-71.855629954094">
    <!-- conflict: "164 Wesley Road, North Concord, VT" Fuzzy match to "164 Wesley Road, , VT" -->
    <tag k="addr:city" v="North Concord"/>
    <tag k="addr:housenumber" v="164"/>
    <tag k="addr:street" v="Wesley Road"/>
    <tag k="addr:state" v="VT"/>
    <tag k="ref:vcgi:esiteid" v="76309"/>
  </node>
  <node id="-166" visible="true" lat="44.466691469339" lon="-71.856896432727">
    <!-- conflict: "146 Wesley Road, North Concord, VT" Fuzzy match to "146 Wesley Road, , VT" -->
    <tag k="addr:city" v="North Concord"/>
    <tag k="addr:housenumber" v="146"/>
    <tag k="addr:street" v="Wesley Road"/>
    <tag k="addr:state" v="VT"/>
    <tag k="ref:vcgi:esiteid" v="76310"/>
  </node>
  <node id="-167" visible="true" lat="44.466466402287" lon="-71.854355844371">
    <!-- conflict: "207 Wesley Road, North Concord, VT" Fuzzy match to "207 Wesley Road, , VT" -->
    <tag k="addr:city" v="North Concord"/>
    <tag k="addr:housenumber" v="207"/>
    <tag k="addr:street" v="Wesley Road"/>
    <tag k="addr:state" v="VT"/>
    <tag k="ref:vcgi:esiteid" v="76311"/>
  </node>
  <node id="-168" visible="true" lat="44.465930604979" lon="-71.854712302373">
    <!-- conflict: "225 Wesley Road, North Concord, VT" Fuzzy match to "225 Wesley Road, , VT" -->
    <tag k="addr:city" v="North Concord"/>
    <tag k="addr:housenumber" v="225"/>
    <tag k="addr:street" v="Wesley Road"/>
    <tag k="addr:state" v="VT"/>
    <tag k="ref:vcgi:esiteid" v="76312"/>
  </node>
  <node id="-169" visible="true" lat="44.46581474744" lon="-71.860770978923">
    <!-- conflict: "843 North Concord Road, North Concord, VT" Fuzzy match to "843 North Concord Road, , VT" -->
    <tag k="addr:city" v="North Concord"/>
    <tag k="addr:housenumber" v="843"/>
    <tag k="addr:street" v="North Concord Road"/>
    <tag k="addr:state" v="VT"/>
    <tag k="ref:vcgi:esiteid" v="76313"/>
  </node>
  <node id="-170" visible="true" lat="44.465786265959" lon="-71.859786693183">
    <!-- conflict: "862 North Concord Road, North Concord, VT" Fuzzy match to "862 North Concord Road, , VT" -->
    <tag k="addr:city" v="North Concord"/>
    <tag k="addr:housenumber" v="862"/>
    <tag k="addr:street" v="North Concord Road"/>
    <tag k="addr:state" v="VT"/>
    <tag k="ref:vcgi:esiteid" v="76314"/>
  </node>
  <node id="-171" visible="true" lat="44.464607740173" lon="-71.853432548175">
    <!-- conflict: "19 Hummingbird Lane, North Concord, VT" Fuzzy match to "19 Hummingbird Lane, , VT" -->
    <tag k="addr:city" v="North Concord"/>
    <tag k="addr:housenumber" v="19"/>
    <tag k="addr:street" v="Hummingbird Lane"/>
    <tag k="addr:state" v="VT"/>
    <tag k="ref:vcgi:esiteid" v="76315"/>
  </node>
  <node id="-172" visible="true" lat="44.463911293868" lon="-71.77380893104">
    <!-- conflict: "109 Oregon Road, Lunenburg, VT" Fuzzy match to "109 Oregon Road, , VT" -->
    <tag k="addr:city" v="Lunenburg"/>
    <tag k="addr:housenumber" v="109"/>
    <tag k="addr:street" v="Oregon Road"/>
    <tag k="addr:state" v="VT"/>
    <tag k="ref:vcgi:esiteid" v="76316"/>
  </node>
  <node id="-173" visible="true" lat="44.464899728293" lon="-71.860427081284">
    <!-- conflict: "732 North Concord Road, North Concord, VT" Fuzzy match to "732 North Concord Road, , VT" -->
    <tag k="addr:city" v="North Concord"/>
    <tag k="addr:housenumber" v="732"/>
    <tag k="addr:street" v="North Concord Road"/>
    <tag k="addr:state" v="VT"/>
    <tag k="ref:vcgi:esiteid" v="76317"/>
  </node>
  <node id="-174" visible="true" lat="44.464449312403" lon="-71.861709132204">
    <!-- conflict: "735 North Concord Road, North Concord, VT" Fuzzy match to "735 North Concord Road, , VT" -->
    <tag k="addr:city" v="North Concord"/>
    <tag k="addr:housenumber" v="735"/>
    <tag k="addr:street" v="North Concord Road"/>
    <tag k="addr:state" v="VT"/>
    <tag k="ref:vcgi:esiteid" v="76318"/>
  </node>
  <node id="-175" visible="true" lat="44.464388231719" lon="-71.852406507565">
    <!-- conflict: "21 Hummingbird Lane, North Concord, VT" Fuzzy match to "21 Hummingbird Lane, , VT" -->
    <tag k="addr:city" v="North Concord"/>
    <tag k="addr:housenumber" v="21"/>
    <tag k="addr:street" v="Hummingbird Lane"/>
    <tag k="addr:state" v="VT"/>
    <tag k="ref:vcgi:esiteid" v="76319"/>
  </node>
  <node id="-176" visible="true" lat="44.463510012473" lon="-71.783005722791">
    <!-- conflict: "983 East Concord Road, North Concord, VT" Fuzzy match to "983 East Concord Road, , VT" -->
    <tag k="addr:city" v="North Concord"/>
    <tag k="addr:housenumber" v="983"/>
    <tag k="addr:street" v="East Concord Road"/>
    <tag k="addr:state" v="VT"/>
    <tag k="ref:vcgi:esiteid" v="76320"/>
  </node>
  <node id="-177" visible="true" lat="44.463904647361" lon="-71.852083322091">
    <!-- conflict: "23 Hummingbird Lane, North Concord, VT" Fuzzy match to "23 Hummingbird Lane, , VT" -->
    <tag k="addr:city" v="North Concord"/>
    <tag k="addr:housenumber" v="23"/>
    <tag k="addr:street" v="Hummingbird Lane"/>
    <tag k="addr:state" v="VT"/>
    <tag k="ref:vcgi:esiteid" v="76321"/>
  </node>
  <node id="-178" visible="true" lat="44.463795410202" lon="-71.862048121467">
    <!-- conflict: "695 North Concord Road, North Concord, VT" Fuzzy match to "695 North Concord Road, , VT" -->
    <tag k="addr:city" v="North Concord"/>
    <tag k="addr:housenumber" v="695"/>
    <tag k="addr:street" v="North Concord Road"/>
    <tag k="addr:state" v="VT"/>
    <tag k="ref:vcgi:esiteid" v="76322"/>
  </node>
  <node id="-179" visible="true" lat="44.463410043332" lon="-71.852028210941">
    <!-- conflict: "387 Wesley Road, North Concord, VT" Fuzzy match to "387 Wesley Road, , VT" -->
    <tag k="addr:city" v="North Concord"/>
    <tag k="addr:housenumber" v="387"/>
    <tag k="addr:street" v="Wesley Road"/>
    <tag k="addr:state" v="VT"/>
    <tag k="ref:vcgi:esiteid" v="76323"/>
  </node>
  <node id="-180" visible="true" lat="44.462899662945" lon="-71.773415571232">
    <!-- conflict: "175 Oregon Road, Lunenburg, VT" Fuzzy match to "175 Oregon Road, , VT" -->
    <tag k="addr:city" v="Lunenburg"/>
    <tag k="addr:housenumber" v="175"/>
    <tag k="addr:street" v="Oregon Road"/>
    <tag k="addr:state" v="VT"/>
    <tag k="ref:vcgi:esiteid" v="76324"/>
  </node>
  <node id="-181" visible="true" lat="44.463176391893" lon="-71.862318809145">
    <!-- conflict: "643 North Concord Road, North Concord, VT" Fuzzy match to "643 North Concord Road, , VT" -->
    <tag k="addr:city" v="North Concord"/>
    <tag k="addr:housenumber" v="643"/>
    <tag k="addr:street" v="North Concord Road"/>
    <tag k="addr:state" v="VT"/>
    <tag k="ref:vcgi:esiteid" v="76325"/>
  </node>
  <node id="-182" visible="true" lat="44.462957895245" lon="-71.853326089931">
    <!-- conflict: "447 Wesley Road, North Concord, VT" Fuzzy match to "447 Wesley Road, , VT" -->
    <tag k="addr:city" v="North Concord"/>
    <tag k="addr:housenumber" v="447"/>
    <tag k="addr:street" v="Wesley Road"/>
    <tag k="addr:state" v="VT"/>
    <tag k="ref:vcgi:esiteid" v="76326"/>
  </node>
  <node id="-183" visible="true" lat="44.462583801057" lon="-71.891542944585">
    <!-- conflict: "1523 Brook Road, Concord, VT" Fuzzy match to "1523 Brook Road, , VT" -->
    <tag k="addr:city" v="Concord"/>
    <tag k="addr:housenumber" v="1523"/>
    <tag k="addr:street" v="Brook Road"/>
    <tag k="addr:state" v="VT"/>
    <tag k="ref:vcgi:esiteid" v="76327"/>
  </node>
  <node id="-184" visible="true" lat="44.462625001509" lon="-71.861596142861">
    <!-- conflict: "646 North Concord Road, North Concord, VT" Fuzzy match to "646 North Concord Road, , VT" -->
    <tag k="addr:city" v="North Concord"/>
    <tag k="addr:housenumber" v="646"/>
    <tag k="addr:street" v="North Concord Road"/>
    <tag k="addr:state" v="VT"/>
    <tag k="ref:vcgi:esiteid" v="76328"/>
  </node>
  <node id="-185" visible="true" lat="44.462232317033" lon="-71.773272153809">
    <!-- conflict: "233 Oregon Road, Lunenburg, VT" Fuzzy match to "233 Oregon Road, , VT" -->
    <tag k="addr:city" v="Lunenburg"/>
    <tag k="addr:housenumber" v="233"/>
    <tag k="addr:street" v="Oregon Road"/>
    <tag k="addr:state" v="VT"/>
    <tag k="ref:vcgi:esiteid" v="76329"/>
  </node>
  <node id="-186" visible="true" lat="44.462228819159" lon="-71.853869981561">
    <!-- conflict: "472 Wesley Road, Concord, VT" Fuzzy match to "472 Wesley Road, , VT" -->
    <tag k="addr:city" v="Concord"/>
    <tag k="addr:housenumber" v="472"/>
    <tag k="addr:street" v="Wesley Road"/>
    <tag k="addr:state" v="VT"/>
    <tag k="ref:vcgi:esiteid" v="76330"/>
  </node>
  <node id="-187" visible="true" lat="44.462064562439" lon="-71.891444040574">
    <!-- conflict: "1489 Brook Road, Concord, VT" Fuzzy match to "1489 Brook Road, , VT" -->
    <tag k="addr:city" v="Concord"/>
    <tag k="addr:housenumber" v="1489"/>
    <tag k="addr:street" v="Brook Road"/>
    <tag k="addr:state" v="VT"/>
    <tag k="ref:vcgi:esiteid" v="76331"/>
  </node>
  <node id="-188" visible="true" lat="44.461441392311" lon="-71.772135397811">
    <!-- conflict: "323 Oregon Road, Lunenburg, VT" Fuzzy match to "323 Oregon Road, , VT" -->
    <tag k="addr:city" v="Lunenburg"/>
    <tag k="addr:housenumber" v="323"/>
    <tag k="addr:street" v="Oregon Road"/>
    <tag k="addr:state" v="VT"/>
    <tag k="ref:vcgi:esiteid" v="76332"/>
  </node>
  <node id="-189" visible="true" lat="44.462045166672" lon="-71.861725842142">
    <!-- conflict: "528 North Concord Road, North Concord, VT" Fuzzy match to "528 North Concord Road, , VT" -->
    <tag k="addr:city" v="North Concord"/>
    <tag k="addr:housenumber" v="528"/>
    <tag k="addr:street" v="North Concord Road"/>
    <tag k="addr:state" v="VT"/>
    <tag k="ref:vcgi:esiteid" v="76333"/>
  </node>
  <node id="-190" visible="true" lat="44.46129303699" lon="-71.77352861439">
    <!-- conflict: "264 Oregon Road, Lunenburg, VT" Fuzzy match to "264 Oregon Road, , VT" -->
    <tag k="addr:city" v="Lunenburg"/>
    <tag k="addr:housenumber" v="264"/>
    <tag k="addr:street" v="Oregon Road"/>
    <tag k="addr:state" v="VT"/>
    <tag k="ref:vcgi:esiteid" v="76334"/>
  </node>
  <node id="-191" visible="true" lat="44.460754807383" lon="-71.773030328974">
    <!-- conflict: "332 Oregon Road, Lunenburg, VT" Fuzzy match to "332 Oregon Road, , VT" -->
    <tag k="addr:city" v="Lunenburg"/>
    <tag k="addr:housenumber" v="332"/>
    <tag k="addr:street" v="Oregon Road"/>
    <tag k="addr:state" v="VT"/>
    <tag k="ref:vcgi:esiteid" v="76335"/>
  </node>
  <node id="-192" visible="true" lat="44.460991294576" lon="-71.853526086749">
    <!-- conflict: "570 Wesley Road, Concord, VT" Fuzzy match to "570 Wesley Road, , VT" -->
    <tag k="addr:city" v="Concord"/>
    <tag k="addr:housenumber" v="570"/>
    <tag k="addr:street" v="Wesley Road"/>
    <tag k="addr:state" v="VT"/>
    <tag k="ref:vcgi:esiteid" v="76336"/>
  </node>
  <node id="-193" visible="true" lat="44.461673488426" lon="-71.88525751847">
    <!-- conflict: "1454 Bradley Vale Road, Concord, VT" Fuzzy match to "1454 Bradley Vale Road, , VT" -->
    <tag k="addr:city" v="Concord"/>
    <tag k="addr:housenumber" v="1454"/>
    <tag k="addr:street" v="Bradley Vale Road"/>
    <tag k="addr:state" v="VT"/>
    <tag k="ref:vcgi:esiteid" v="76337"/>
  </node>
  <node id="-194" visible="true" lat="44.460280914576" lon="-71.773155397917">
    <!-- conflict: "350 Oregon Road, Lunenburg, VT" Fuzzy match to "350 Oregon Road, , VT" -->
    <tag k="addr:city" v="Lunenburg"/>
    <tag k="addr:housenumber" v="350"/>
    <tag k="addr:street" v="Oregon Road"/>
    <tag k="addr:state" v="VT"/>
    <tag k="ref:vcgi:esiteid" v="76338"/>
  </node>
  <node id="-195" visible="true" lat="44.460646752382" lon="-71.884258554977">
    <!-- conflict: "1449 Bradley Vale Road, Concord, VT" Fuzzy match to "1449 Bradley Vale Road, , VT" -->
    <tag k="addr:city" v="Concord"/>
    <tag k="addr:housenumber" v="1449"/>
    <tag k="addr:street" v="Bradley Vale Road"/>
    <tag k="addr:state" v="VT"/>
    <tag k="ref:vcgi:esiteid" v="76339"/>
  </node>
  <node id="-196" visible="true" lat="44.459950901865" lon="-71.772721294986">
    <!-- conflict: "376 Oregon Road, Lunenburg, VT" Fuzzy match to "376 Oregon Road, , VT" -->
    <tag k="addr:city" v="Lunenburg"/>
    <tag k="addr:housenumber" v="376"/>
    <tag k="addr:street" v="Oregon Road"/>
    <tag k="addr:state" v="VT"/>
    <tag k="ref:vcgi:esiteid" v="76340"/>
  </node>
  <node id="-197" visible="true" lat="44.460233186674" lon="-71.844162969292">
    <!-- conflict: "1323 Ladd Road, Concord, VT" Fuzzy match to "1323 Ladd Road, , VT" -->
    <tag k="addr:city" v="Concord"/>
    <tag k="addr:housenumber" v="1323"/>
    <tag k="addr:street" v="Ladd Road"/>
    <tag k="addr:state" v="VT"/>
    <tag k="ref:vcgi:esiteid" v="76341"/>
  </node>
  <node id="-198" visible="true" lat="44.460229810372" lon="-71.85530607047">
    <!-- conflict: "751 Ladd Road, Concord, VT" Fuzzy match to "751 Ladd Road, , VT" -->
    <tag k="addr:city" v="Concord"/>
    <tag k="addr:housenumber" v="751"/>
    <tag k="addr:street" v="Ladd Road"/>
    <tag k="addr:state" v="VT"/>
    <tag k="ref:vcgi:esiteid" v="76342"/>
  </node>
  <node id="-199" visible="true" lat="44.459928009847" lon="-71.8438806815">
    <!-- conflict: "1335 Ladd Road, Concord, VT" Fuzzy match to "1335 Ladd Road, , VT" -->
    <tag k="addr:city" v="Concord"/>
    <tag k="addr:housenumber" v="1335"/>
    <tag k="addr:street" v="Ladd Road"/>
    <tag k="addr:state" v="VT"/>
    <tag k="ref:vcgi:esiteid" v="76343"/>
  </node>
  <node id="-200" visible="true" lat="44.459698689685" lon="-71.885146392296">
    <!-- conflict: "1539 Bradley Vale Road, Concord, VT" Fuzzy match to "1539 Bradley Vale Road, , VT" -->
    <tag k="addr:city" v="Concord"/>
    <tag k="addr:housenumber" v="1539"/>
    <tag k="addr:street" v="Bradley Vale Road"/>
    <tag k="addr:state" v="VT"/>
    <tag k="ref:vcgi:esiteid" v="76344"/>
  </node>
  <node id="-201" visible="true" lat="44.459182125307" lon="-71.865049383543">
    <!-- conflict: "335 North Concord Road, North Concord, VT" Fuzzy match to "335 North Concord Road, , VT" -->
    <tag k="addr:city" v="North Concord"/>
    <tag k="addr:housenumber" v="335"/>
    <tag k="addr:street" v="North Concord Road"/>
    <tag k="addr:state" v="VT"/>
    <tag k="ref:vcgi:esiteid" v="76345"/>
  </node>
  <node id="-202" visible="true" lat="44.458446714652" lon="-71.77175624759">
    <!-- conflict: "496 Oregon Road, Lunenburg, VT" Fuzzy match to "496 Oregon Road, , VT" -->
    <tag k="addr:city" v="Lunenburg"/>
    <tag k="addr:housenumber" v="496"/>
    <tag k="addr:street" v="Oregon Road"/>
    <tag k="addr:state" v="VT"/>
    <tag k="ref:vcgi:esiteid" v="76346"/>
  </node>
  <node id="-203" visible="true" lat="44.45868060404" lon="-71.84186652132">
    <!-- conflict: "1465 Ladd Road, Concord, VT" Fuzzy match to "1465 Ladd Road, , VT" -->
    <tag k="addr:city" v="Concord"/>
    <tag k="addr:housenumber" v="1465"/>
    <tag k="addr:street" v="Ladd Road"/>
    <tag k="addr:state" v="VT"/>
    <tag k="ref:vcgi:esiteid" v="76347"/>
  </node>
  <node id="-204" visible="true" lat="44.458747171172" lon="-71.858324152481">
    <!-- conflict: "569 Ladd Road, Concord, VT" Fuzzy match to "569 Ladd Road, , VT" -->
    <tag k="addr:city" v="Concord"/>
    <tag k="addr:housenumber" v="569"/>
    <tag k="addr:street" v="Ladd Road"/>
    <tag k="addr:state" v="VT"/>
    <tag k="ref:vcgi:esiteid" v="76348"/>
  </node>
  <node id="-205" visible="true" lat="44.457860445624" lon="-71.771294597007">
    <!-- conflict: "538 Oregon Road, Lunenburg, VT" Fuzzy match to "538 Oregon Road, , VT" -->
    <tag k="addr:city" v="Lunenburg"/>
    <tag k="addr:housenumber" v="538"/>
    <tag k="addr:street" v="Oregon Road"/>
    <tag k="addr:state" v="VT"/>
    <tag k="ref:vcgi:esiteid" v="76349"/>
  </node>
  <node id="-206" visible="true" lat="44.458093708857" lon="-71.859197285181">
    <!-- conflict: "513 Ladd Road, Concord, VT" Fuzzy match to "513 Ladd Road, , VT" -->
    <tag k="addr:city" v="Concord"/>
    <tag k="addr:housenumber" v="513"/>
    <tag k="addr:street" v="Ladd Road"/>
    <tag k="addr:state" v="VT"/>
    <tag k="ref:vcgi:esiteid" v="76350"/>
  </node>
  <node id="-207" visible="true" lat="44.457278618093" lon="-71.771190861477">
    <!-- conflict: "582 Oregon Road, Lunenburg, VT" Fuzzy match to "582 Oregon Road, , VT" -->
    <tag k="addr:city" v="Lunenburg"/>
    <tag k="addr:housenumber" v="582"/>
    <tag k="addr:street" v="Oregon Road"/>
    <tag k="addr:state" v="VT"/>
    <tag k="ref:vcgi:esiteid" v="76351"/>
  </node>
  <node id="-208" visible="true" lat="44.457427922156" lon="-71.864189394718">
    <!-- conflict: "253 Ladd Road, Concord, VT" Fuzzy match to "253 Ladd Road, , VT" -->
    <tag k="addr:city" v="Concord"/>
    <tag k="addr:housenumber" v="253"/>
    <tag k="addr:street" v="Ladd Road"/>
    <tag k="addr:state" v="VT"/>
    <tag k="ref:vcgi:esiteid" v="76352"/>
  </node>
  <node id="-209" visible="true" lat="44.456631018572" lon="-71.770115772397">
    <!-- conflict: "625 Oregon Road, Lunenburg, VT" Fuzzy match to "625 Oregon Road, , VT" -->
    <tag k="addr:city" v="Lunenburg"/>
    <tag k="addr:housenumber" v="625"/>
    <tag k="addr:street" v="Oregon Road"/>
    <tag k="addr:state" v="VT"/>
    <tag k="ref:vcgi:esiteid" v="76353"/>
  </node>
  <node id="-210" visible="true" lat="44.456780884657" lon="-71.86248115098">
    <!-- conflict: "324 Ladd Road, Concord, VT" Fuzzy match to "324 Ladd Road, , VT" -->
    <tag k="addr:city" v="Concord"/>
    <tag k="addr:housenumber" v="324"/>
    <tag k="addr:street" v="Ladd Road"/>
    <tag k="addr:state" v="VT"/>
    <tag k="ref:vcgi:esiteid" v="76354"/>
  </node>
  <node id="-211" visible="true" lat="44.456546377078" lon="-71.862890243445">
    <!-- conflict: "290 Ladd Road, Concord, VT" Fuzzy match to "290 Ladd Road, , VT" -->
    <tag k="addr:city" v="Concord"/>
    <tag k="addr:housenumber" v="290"/>
    <tag k="addr:street" v="Ladd Road"/>
    <tag k="addr:state" v="VT"/>
    <tag k="ref:vcgi:esiteid" v="76355"/>
  </node>
  <node id="-212" visible="true" lat="44.455914949522" lon="-71.770737651442">
    <!-- conflict: "678 Oregon Road, Lunenburg, VT" Fuzzy match to "678 Oregon Road, , VT" -->
    <tag k="addr:city" v="Lunenburg"/>
    <tag k="addr:housenumber" v="678"/>
    <tag k="addr:street" v="Oregon Road"/>
    <tag k="addr:state" v="VT"/>
    <tag k="ref:vcgi:esiteid" v="76356"/>
  </node>
  <node id="-213" visible="true" lat="44.456273529189" lon="-71.83783819839">
    <!-- conflict: "1727 Ladd Road, Concord, VT" Fuzzy match to "1727 Ladd Road, , VT" -->
    <tag k="addr:city" v="Concord"/>
    <tag k="addr:housenumber" v="1727"/>
    <tag k="addr:street" v="Ladd Road"/>
    <tag k="addr:state" v="VT"/>
    <tag k="ref:vcgi:esiteid" v="76357"/>
  </node>
  <node id="-214" visible="true" lat="44.456167068272" lon="-71.863922056468">
    <!-- conflict: "242 Ladd Road, Concord, VT" Fuzzy match to "242 Ladd Road, , VT" -->
    <tag k="addr:city" v="Concord"/>
    <tag k="addr:housenumber" v="242"/>
    <tag k="addr:street" v="Ladd Road"/>
    <tag k="addr:state" v="VT"/>
    <tag k="ref:vcgi:esiteid" v="76358"/>
  </node>
  <node id="-215" visible="true" lat="44.455483890122" lon="-71.770638468491">
    <!-- conflict: "708 Oregon Road, Lunenburg, VT" Fuzzy match to "708 Oregon Road, , VT" -->
    <tag k="addr:city" v="Lunenburg"/>
    <tag k="addr:housenumber" v="708"/>
    <tag k="addr:street" v="Oregon Road"/>
    <tag k="addr:state" v="VT"/>
    <tag k="ref:vcgi:esiteid" v="76359"/>
  </node>
  <node id="-216" visible="true" lat="44.455091559239" lon="-71.770511136017">
    <!-- conflict: "724 Oregon Road, Lunenburg, VT" Fuzzy match to "724 Oregon Road, , VT" -->
    <tag k="addr:city" v="Lunenburg"/>
    <tag k="addr:housenumber" v="724"/>
    <tag k="addr:street" v="Oregon Road"/>
    <tag k="addr:state" v="VT"/>
    <tag k="ref:vcgi:esiteid" v="76360"/>
  </node>
  <node id="-217" visible="true" lat="44.454839359573" lon="-71.769905430623">
    <!-- conflict: "765 Oregon Road, Lunenburg, VT" Fuzzy match to "765 Oregon Road, , VT" -->
    <tag k="addr:city" v="Lunenburg"/>
    <tag k="addr:housenumber" v="765"/>
    <tag k="addr:street" v="Oregon Road"/>
    <tag k="addr:state" v="VT"/>
    <tag k="ref:vcgi:esiteid" v="76361"/>
  </node>
  <node id="-218" visible="true" lat="44.454582150701" lon="-71.770411364798">
    <!-- conflict: "762 Oregon Road, Lunenburg, VT" Fuzzy match to "762 Oregon Road, , VT" -->
    <tag k="addr:city" v="Lunenburg"/>
    <tag k="addr:housenumber" v="762"/>
    <tag k="addr:street" v="Oregon Road"/>
    <tag k="addr:state" v="VT"/>
    <tag k="ref:vcgi:esiteid" v="76362"/>
  </node>
  <node id="-219" visible="true" lat="44.454556918308" lon="-71.769249919457">
    <!-- conflict: "781 Oregon Road, Lunenburg, VT" Fuzzy match to "781 Oregon Road, , VT" -->
    <tag k="addr:city" v="Lunenburg"/>
    <tag k="addr:housenumber" v="781"/>
    <tag k="addr:street" v="Oregon Road"/>
    <tag k="addr:state" v="VT"/>
    <tag k="ref:vcgi:esiteid" v="76363"/>
  </node>
  <node id="-220" visible="true" lat="44.454124020456" lon="-71.770386425497">
    <!-- conflict: "786 Oregon Road, Lunenburg, VT" Fuzzy match to "786 Oregon Road, , VT" -->
    <tag k="addr:city" v="Lunenburg"/>
    <tag k="addr:housenumber" v="786"/>
    <tag k="addr:street" v="Oregon Road"/>
    <tag k="addr:state" v="VT"/>
    <tag k="ref:vcgi:esiteid" v="76364"/>
  </node>
  <node id="-221" visible="true" lat="44.454652280791" lon="-71.902634668601">
    <!-- conflict: "1118 Kirby Mountain Road, Concord, VT" Fuzzy match to "1118 Kirby Mountain Road, , VT" -->
    <tag k="addr:city" v="Concord"/>
    <tag k="addr:housenumber" v="1118"/>
    <tag k="addr:street" v="Kirby Mountain Road"/>
    <tag k="addr:state" v="VT"/>
    <tag k="ref:vcgi:esiteid" v="76365"/>
  </node>
  <node id="-222" visible="true" lat="44.45355643448" lon="-71.770582099517">
    <!-- conflict: "822 Oregon Road, Lunenburg, VT" Fuzzy match to "822 Oregon Road, , VT" -->
    <tag k="addr:city" v="Lunenburg"/>
    <tag k="addr:housenumber" v="822"/>
    <tag k="addr:street" v="Oregon Road"/>
    <tag k="addr:state" v="VT"/>
    <tag k="ref:vcgi:esiteid" v="76366"/>
  </node>
  <node id="-223" visible="true" lat="44.453337954431" lon="-71.769499516541">
    <!-- conflict: "865 Oregon Road, Lunenburg, VT" Fuzzy match to "865 Oregon Road, , VT" -->
    <tag k="addr:city" v="Lunenburg"/>
    <tag k="addr:housenumber" v="865"/>
    <tag k="addr:street" v="Oregon Road"/>
    <tag k="addr:state" v="VT"/>
    <tag k="ref:vcgi:esiteid" v="76367"/>
  </node>
  <node id="-224" visible="true" lat="44.453453978598" lon="-71.864198869009">
    <!-- conflict: "186 Patridge Road, Concord, VT" Fuzzy match to "186 Patridge Road, , VT" -->
    <tag k="addr:city" v="Concord"/>
    <tag k="addr:housenumber" v="186"/>
    <tag k="addr:street" v="Patridge Road"/>
    <tag k="addr:state" v="VT"/>
    <tag k="ref:vcgi:esiteid" v="76368"/>
  </node>
  <node id="-225" visible="true" lat="44.452702190274" lon="-71.768817556025">
    <!-- conflict: "917 Oregon Road, Lunenburg, VT" Fuzzy match to "917 Oregon Road, , VT" -->
    <tag k="addr:city" v="Lunenburg"/>
    <tag k="addr:housenumber" v="917"/>
    <tag k="addr:street" v="Oregon Road"/>
    <tag k="addr:state" v="VT"/>
    <tag k="ref:vcgi:esiteid" v="76369"/>
  </node>
  <node id="-226" visible="true" lat="44.452297380969" lon="-71.769705826557">
    <!-- conflict: "920 Oregon Road, Lunenburg, VT" Fuzzy match to "920 Oregon Road, , VT" -->
    <tag k="addr:city" v="Lunenburg"/>
    <tag k="addr:housenumber" v="920"/>
    <tag k="addr:street" v="Oregon Road"/>
    <tag k="addr:state" v="VT"/>
    <tag k="ref:vcgi:esiteid" v="76370"/>
  </node>
  <node id="-227" visible="true" lat="44.452199434384" lon="-71.806534781862">
    <!-- conflict: "977 Miles Pond Road, North Concord, VT" Fuzzy match to "977 Miles Pond Road, , VT" -->
    <tag k="addr:city" v="North Concord"/>
    <tag k="addr:housenumber" v="977"/>
    <tag k="addr:street" v="Miles Pond Road"/>
    <tag k="addr:state" v="VT"/>
    <tag k="ref:vcgi:esiteid" v="76371"/>
  </node>
  <node id="-228" visible="true" lat="44.452451201013" lon="-71.904702234552">
    <!-- conflict: "951 Kirby Mountain Road, Concord, VT" Fuzzy match to "951 Kirby Mountain Road, , VT" -->
    <tag k="addr:city" v="Concord"/>
    <tag k="addr:housenumber" v="951"/>
    <tag k="addr:street" v="Kirby Mountain Road"/>
    <tag k="addr:state" v="VT"/>
    <tag k="ref:vcgi:esiteid" v="76372"/>
  </node>
  <node id="-229" visible="true" lat="44.45195826292" lon="-71.808464953891">
    <!-- conflict: "929 Miles Pond Road, North Concord, VT" Fuzzy match to "929 Miles Pond Road, , VT" -->
    <tag k="addr:city" v="North Concord"/>
    <tag k="addr:housenumber" v="929"/>
    <tag k="addr:street" v="Miles Pond Road"/>
    <tag k="addr:state" v="VT"/>
    <tag k="ref:vcgi:esiteid" v="76373"/>
  </node>
  <node id="-230" visible="true" lat="44.451856750012" lon="-71.805524416653">
    <!-- conflict: "1053 Miles Pond Road, North Concord, VT" Fuzzy match to "1053 Miles Pond Road, , VT" -->
    <tag k="addr:city" v="North Concord"/>
    <tag k="addr:housenumber" v="1053"/>
    <tag k="addr:street" v="Miles Pond Road"/>
    <tag k="addr:state" v="VT"/>
    <tag k="ref:vcgi:esiteid" v="76374"/>
  </node>
  <node id="-231" visible="true" lat="44.451876488959" lon="-71.805300719921">
    <!-- conflict: "1073 Miles Pond Road, North Concord, VT" Fuzzy match to "1073 Miles Pond Road, , VT" -->
    <tag k="addr:city" v="North Concord"/>
    <tag k="addr:housenumber" v="1073"/>
    <tag k="addr:street" v="Miles Pond Road"/>
    <tag k="addr:state" v="VT"/>
    <tag k="ref:vcgi:esiteid" v="76375"/>
  </node>
  <node id="-232" visible="true" lat="44.451525010909" lon="-71.807993681135">
    <!-- conflict: "936 Miles Pond Road, North Concord, VT" Fuzzy match to "936 Miles Pond Road, , VT" -->
    <tag k="addr:city" v="North Concord"/>
    <tag k="addr:housenumber" v="936"/>
    <tag k="addr:street" v="Miles Pond Road"/>
    <tag k="addr:state" v="VT"/>
    <tag k="ref:vcgi:esiteid" v="76376"/>
  </node>
  <node id="-233" visible="true" lat="44.451113262409" lon="-71.769176504469">
    <!-- conflict: "990 Oregon Road, Lunenburg, VT" Fuzzy match to "990 Oregon Road, , VT" -->
    <tag k="addr:city" v="Lunenburg"/>
    <tag k="addr:housenumber" v="990"/>
    <tag k="addr:street" v="Oregon Road"/>
    <tag k="addr:state" v="VT"/>
    <tag k="ref:vcgi:esiteid" v="76377"/>
  </node>
  <node id="-234" visible="true" lat="44.451944640895" lon="-71.880236004326">
    <!-- conflict: "572 Brook Road, Concord, VT" Fuzzy match to "572 Brook Road, , VT" -->
    <tag k="addr:city" v="Concord"/>
    <tag k="addr:housenumber" v="572"/>
    <tag k="addr:street" v="Brook Road"/>
    <tag k="addr:state" v="VT"/>
    <tag k="ref:vcgi:esiteid" v="76378"/>
  </node>
  <node id="-235" visible="true" lat="44.450779128458" lon="-71.768579500874">
    <!-- conflict: "1032 Oregon Road, Lunenburg, VT" Fuzzy match to "1032 Oregon Road, , VT" -->
    <tag k="addr:city" v="Lunenburg"/>
    <tag k="addr:housenumber" v="1032"/>
    <tag k="addr:street" v="Oregon Road"/>
    <tag k="addr:state" v="VT"/>
    <tag k="ref:vcgi:esiteid" v="76379"/>
  </node>
  <node id="-236" visible="true" lat="44.450553898329" lon="-71.8052890082">
    <!-- conflict: "1104 Miles Pond Road, North Concord, VT" Fuzzy match to "1104 Miles Pond Road, , VT" -->
    <tag k="addr:city" v="North Concord"/>
    <tag k="addr:housenumber" v="1104"/>
    <tag k="addr:street" v="Miles Pond Road"/>
    <tag k="addr:state" v="VT"/>
    <tag k="ref:vcgi:esiteid" v="76380"/>
  </node>
  <node id="-237" visible="true" lat="44.451617878434" lon="-71.872164909852">
    <!-- conflict: "807 East Main Street, Concord, VT" Fuzzy match to "807 East Main Street, , VT" -->
    <tag k="addr:city" v="Concord"/>
    <tag k="addr:housenumber" v="807"/>
    <tag k="addr:street" v="East Main Street"/>
    <tag k="addr:state" v="VT"/>
    <tag k="ref:vcgi:esiteid" v="76381"/>
  </node>
  <node id="-238" visible="true" lat="44.451258344455" lon="-71.872486353585">
    <!-- conflict: "795 East Main Street, Concord, VT" Fuzzy match to "795 East Main Street, , VT" -->
    <tag k="addr:city" v="Concord"/>
    <tag k="addr:housenumber" v="795"/>
    <tag k="addr:street" v="East Main Street"/>
    <tag k="addr:state" v="VT"/>
    <tag k="ref:vcgi:esiteid" v="76382"/>
  </node>
  <node id="-239" visible="true" lat="44.450726010573" lon="-71.767597547013">
    <!-- conflict: "1079 Oregon Road, Lunenburg, VT" Fuzzy match to "1079 Oregon Road, , VT" -->
    <tag k="addr:city" v="Lunenburg"/>
    <tag k="addr:housenumber" v="1079"/>
    <tag k="addr:street" v="Oregon Road"/>
    <tag k="addr:state" v="VT"/>
    <tag k="ref:vcgi:esiteid" v="76383"/>
  </node>
  <node id="-240" visible="true" lat="44.450869232741" lon="-71.822280108953">
    <!-- conflict: "98 Mattingly Lane, North Concord, VT" Fuzzy match to "98 Mattingly Lane, , VT" -->
    <tag k="addr:city" v="North Concord"/>
    <tag k="addr:housenumber" v="98"/>
    <tag k="addr:street" v="Mattingly Lane"/>
    <tag k="addr:state" v="VT"/>
    <tag k="ref:vcgi:esiteid" v="76384"/>
  </node>
  <node id="-241" visible="true" lat="44.450730775225" lon="-71.810357110877">
    <!-- conflict: "44 Loon Lane, North Concord, VT" Fuzzy match to "44 Loon Lane, , VT" -->
    <tag k="addr:city" v="North Concord"/>
    <tag k="addr:housenumber" v="44"/>
    <tag k="addr:street" v="Loon Lane"/>
    <tag k="addr:state" v="VT"/>
    <tag k="ref:vcgi:esiteid" v="76385"/>
  </node>
  <node id="-242" visible="true" lat="44.450631592074" lon="-71.802727714091">
    <!-- conflict: "69 Beach Drive, North Concord, VT" Fuzzy match to "69 Beach Drive, , VT" -->
    <tag k="addr:city" v="North Concord"/>
    <tag k="addr:housenumber" v="69"/>
    <tag k="addr:street" v="Beach Drive"/>
    <tag k="addr:state" v="VT"/>
    <tag k="ref:vcgi:esiteid" v="76386"/>
  </node>
  <node id="-243" visible="true" lat="44.449887427232" lon="-71.811535008055">
    <!-- conflict: "34 Sweetpea Lane, North Concord, VT" Fuzzy match to "34 Sweetpea Lane, , VT" -->
    <tag k="addr:city" v="North Concord"/>
    <tag k="addr:housenumber" v="34"/>
    <tag k="addr:street" v="Sweetpea Lane"/>
    <tag k="addr:state" v="VT"/>
    <tag k="ref:vcgi:esiteid" v="76387"/>
  </node>
  <node id="-244" visible="true" lat="44.45039502426" lon="-71.807096232256">
    <!-- conflict: "100 Sandy Lane, North Concord, VT" Fuzzy match to "100 Sandy Lane, , VT" -->
    <tag k="addr:city" v="North Concord"/>
    <tag k="addr:housenumber" v="100"/>
    <tag k="addr:street" v="Sandy Lane"/>
    <tag k="addr:state" v="VT"/>
    <tag k="ref:vcgi:esiteid" v="76388"/>
  </node>
  <node id="-245" visible="true" lat="44.450128149766" lon="-71.805916787179">
    <!-- conflict: "148 Sandy Lane, North Concord, VT" Fuzzy match to "148 Sandy Lane, , VT" -->
    <tag k="addr:city" v="North Concord"/>
    <tag k="addr:housenumber" v="148"/>
    <tag k="addr:street" v="Sandy Lane"/>
    <tag k="addr:state" v="VT"/>
    <tag k="ref:vcgi:esiteid" v="76389"/>
  </node>
  <node id="-246" visible="true" lat="44.450107120595" lon="-71.806392024376">
    <!-- conflict: "122 Sandy Lane, North Concord, VT" Fuzzy match to "122 Sandy Lane, , VT" -->
    <tag k="addr:city" v="North Concord"/>
    <tag k="addr:housenumber" v="122"/>
    <tag k="addr:street" v="Sandy Lane"/>
    <tag k="addr:state" v="VT"/>
    <tag k="ref:vcgi:esiteid" v="76390"/>
  </node>
  <node id="-247" visible="true" lat="44.450166200063" lon="-71.808106437783">
    <!-- conflict: "100 Nanas Lane, North Concord, VT" Fuzzy match to "100 Nanas Lane, , VT" -->
    <tag k="addr:city" v="North Concord"/>
    <tag k="addr:housenumber" v="100"/>
    <tag k="addr:street" v="Nanas Lane"/>
    <tag k="addr:state" v="VT"/>
    <tag k="ref:vcgi:esiteid" v="76391"/>
  </node>
  <node id="-248" visible="true" lat="44.450070062921" lon="-71.81306804324">
    <!-- conflict: "58 Miles Lane, North Concord, VT" Fuzzy match to "58 Miles Lane, , VT" -->
    <tag k="addr:city" v="North Concord"/>
    <tag k="addr:housenumber" v="58"/>
    <tag k="addr:street" v="Miles Lane"/>
    <tag k="addr:state" v="VT"/>
    <tag k="ref:vcgi:esiteid" v="76392"/>
  </node>
  <node id="-249" visible="true" lat="44.450097534838" lon="-71.805634513878">
    <!-- conflict: "177 Sandy Lane, North Concord, VT" Fuzzy match to "177 Sandy Lane, , VT" -->
    <tag k="addr:city" v="North Concord"/>
    <tag k="addr:housenumber" v="177"/>
    <tag k="addr:street" v="Sandy Lane"/>
    <tag k="addr:state" v="VT"/>
    <tag k="ref:vcgi:esiteid" v="76393"/>
  </node>
  <node id="-250" visible="true" lat="44.45016841629" lon="-71.810175655434">
    <!-- conflict: "106 Loon Lane, North Concord, VT" Fuzzy match to "106 Loon Lane, , VT" -->
    <tag k="addr:city" v="North Concord"/>
    <tag k="addr:housenumber" v="106"/>
    <tag k="addr:street" v="Loon Lane"/>
    <tag k="addr:state" v="VT"/>
    <tag k="ref:vcgi:esiteid" v="76394"/>
  </node>
  <node id="-251" visible="true" lat="44.450044043259" lon="-71.806987309215">
    <!-- conflict: "110 Sandy Lane, North Concord, VT" Fuzzy match to "110 Sandy Lane, , VT" -->
    <tag k="addr:city" v="North Concord"/>
    <tag k="addr:housenumber" v="110"/>
    <tag k="addr:street" v="Sandy Lane"/>
    <tag k="addr:state" v="VT"/>
    <tag k="ref:vcgi:esiteid" v="76395"/>
  </node>
  <node id="-252" visible="true" lat="44.449998351997" lon="-71.807404533955">
    <!-- conflict: "106 Nanas Lane, North Concord, VT" Fuzzy match to "106 Nanas Lane, , VT" -->
    <tag k="addr:city" v="North Concord"/>
    <tag k="addr:housenumber" v="106"/>
    <tag k="addr:street" v="Nanas Lane"/>
    <tag k="addr:state" v="VT"/>
    <tag k="ref:vcgi:esiteid" v="76396"/>
  </node>
  <node id="-253" visible="true" lat="44.449831412371" lon="-71.813112511532">
    <!-- conflict: "72 Miles Lane, North Concord, VT" Fuzzy match to "72 Miles Lane, , VT" -->
    <tag k="addr:city" v="North Concord"/>
    <tag k="addr:housenumber" v="72"/>
    <tag k="addr:street" v="Miles Lane"/>
    <tag k="addr:state" v="VT"/>
    <tag k="ref:vcgi:esiteid" v="76397"/>
  </node>
  <node id="-254" visible="true" lat="44.449957696127" lon="-71.810663172372">
    <!-- conflict: "114 Loon Lane, North Concord, VT" Fuzzy match to "114 Loon Lane, , VT" -->
    <tag k="addr:city" v="North Concord"/>
    <tag k="addr:housenumber" v="114"/>
    <tag k="addr:street" v="Loon Lane"/>
    <tag k="addr:state" v="VT"/>
    <tag k="ref:vcgi:esiteid" v="76398"/>
  </node>
  <node id="-255" visible="true" lat="44.450241535019" lon="-71.87313942955">
    <!-- conflict: "715 East Main Street, Concord, VT" Fuzzy match to "715 East Main Street, , VT" -->
    <tag k="addr:city" v="Concord"/>
    <tag k="addr:housenumber" v="715"/>
    <tag k="addr:street" v="East Main Street"/>
    <tag k="addr:state" v="VT"/>
    <tag k="ref:vcgi:esiteid" v="76399"/>
  </node>
  <node id="-256" visible="true" lat="44.449161958325" lon="-71.769571951203">
    <!-- conflict: "1146 Oregon Road, Lunenburg, VT" Fuzzy match to "1146 Oregon Road, , VT" -->
    <tag k="addr:city" v="Lunenburg"/>
    <tag k="addr:housenumber" v="1146"/>
    <tag k="addr:street" v="Oregon Road"/>
    <tag k="addr:state" v="VT"/>
    <tag k="ref:vcgi:esiteid" v="76400"/>
  </node>
  <node id="-257" visible="true" lat="44.449765656418" lon="-71.801102650889">
    <!-- conflict: "173 Beach Drive, North Concord, VT" Fuzzy match to "173 Beach Drive, , VT" -->
    <tag k="addr:city" v="North Concord"/>
    <tag k="addr:housenumber" v="173"/>
    <tag k="addr:street" v="Beach Drive"/>
    <tag k="addr:state" v="VT"/>
    <tag k="ref:vcgi:esiteid" v="76401"/>
  </node>
  <node id="-258" visible="true" lat="44.449643873144" lon="-71.817342439504">
    <!-- conflict: "146 Boulder Bluff Lane, North Concord, VT" Fuzzy match to "146 Boulder Bluff Lane, , VT" -->
    <tag k="addr:city" v="North Concord"/>
    <tag k="addr:housenumber" v="146"/>
    <tag k="addr:street" v="Boulder Bluff Lane"/>
    <tag k="addr:state" v="VT"/>
    <tag k="ref:vcgi:esiteid" v="76402"/>
  </node>
  <node id="-259" visible="true" lat="44.449865185892" lon="-71.811889545598">
    <!-- conflict: "85 Weather Lane, North Concord, VT" Fuzzy match to "85 Weather Lane, , VT" -->
    <tag k="addr:city" v="North Concord"/>
    <tag k="addr:housenumber" v="85"/>
    <tag k="addr:street" v="Weather Lane"/>
    <tag k="addr:state" v="VT"/>
    <tag k="ref:vcgi:esiteid" v="76403"/>
  </node>
  <node id="-260" visible="true" lat="44.449871898019" lon="-71.812868414733">
    <!-- conflict: "84 Miles Lane, North Concord, VT" Fuzzy match to "84 Miles Lane, , VT" -->
    <tag k="addr:city" v="North Concord"/>
    <tag k="addr:housenumber" v="84"/>
    <tag k="addr:street" v="Miles Lane"/>
    <tag k="addr:state" v="VT"/>
    <tag k="ref:vcgi:esiteid" v="76404"/>
  </node>
  <node id="-261" visible="true" lat="44.449773058075" lon="-71.814128345029">
    <!-- conflict: "113 Renfrew Lane, North Concord, VT" Fuzzy match to "113 Renfrew Lane, , VT" -->
    <tag k="addr:city" v="North Concord"/>
    <tag k="addr:housenumber" v="113"/>
    <tag k="addr:street" v="Renfrew Lane"/>
    <tag k="addr:state" v="VT"/>
    <tag k="ref:vcgi:esiteid" v="76405"/>
  </node>
  <node id="-262" visible="true" lat="44.449933270475" lon="-71.811246281276">
    <!-- conflict: "33 Sweetpea Lane, North Concord, VT" Fuzzy match to "33 Sweetpea Lane, , VT" -->
    <tag k="addr:city" v="North Concord"/>
    <tag k="addr:housenumber" v="33"/>
    <tag k="addr:street" v="Sweetpea Lane"/>
    <tag k="addr:state" v="VT"/>
    <tag k="ref:vcgi:esiteid" v="76406"/>
  </node>
  <node id="-263" visible="true" lat="44.44981652995" lon="-71.815250664171">
    <!-- conflict: "123 Letno Lane, North Concord, VT" Fuzzy match to "123 Letno Lane, , VT" -->
    <tag k="addr:city" v="North Concord"/>
    <tag k="addr:housenumber" v="123"/>
    <tag k="addr:street" v="Letno Lane"/>
    <tag k="addr:state" v="VT"/>
    <tag k="ref:vcgi:esiteid" v="76407"/>
  </node>
  <node id="-264" visible="true" lat="44.4499784573" lon="-71.812199428185">
    <!-- conflict: "99 Miles Lane, North Concord, VT" Fuzzy match to "99 Miles Lane, , VT" -->
    <tag k="addr:city" v="North Concord"/>
    <tag k="addr:housenumber" v="99"/>
    <tag k="addr:street" v="Miles Lane"/>
    <tag k="addr:state" v="VT"/>
    <tag k="ref:vcgi:esiteid" v="76408"/>
  </node>
  <node id="-265" visible="true" lat="44.450210672744" lon="-71.81325806164">
    <!-- conflict: "62 Miles Lane, North Concord, VT" Fuzzy match to "62 Miles Lane, , VT" -->
    <tag k="addr:city" v="North Concord"/>
    <tag k="addr:housenumber" v="62"/>
    <tag k="addr:street" v="Miles Lane"/>
    <tag k="addr:state" v="VT"/>
    <tag k="ref:vcgi:esiteid" v="76409"/>
  </node>
  <node id="-266" visible="true" lat="44.449839329984" lon="-71.812465732229">
    <!-- conflict: "92 Miles Lane, North Concord, VT" Fuzzy match to "92 Miles Lane, , VT" -->
    <tag k="addr:city" v="North Concord"/>
    <tag k="addr:housenumber" v="92"/>
    <tag k="addr:street" v="Miles Lane"/>
    <tag k="addr:state" v="VT"/>
    <tag k="ref:vcgi:esiteid" v="76410"/>
  </node>
  <node id="-267" visible="true" lat="44.449497378976" lon="-71.81035017536">
    <!-- conflict: "115 Loon Lane, North Concord, VT" Fuzzy match to "115 Loon Lane, , VT" -->
    <tag k="addr:city" v="North Concord"/>
    <tag k="addr:housenumber" v="115"/>
    <tag k="addr:street" v="Loon Lane"/>
    <tag k="addr:state" v="VT"/>
    <tag k="ref:vcgi:esiteid" v="76411"/>
  </node>
  <node id="-268" visible="true" lat="44.449849358852" lon="-71.813451631687">
    <!-- conflict: "97 Royce Lane, North Concord, VT" Fuzzy match to "97 Royce Lane, , VT" -->
    <tag k="addr:city" v="North Concord"/>
    <tag k="addr:housenumber" v="97"/>
    <tag k="addr:street" v="Royce Lane"/>
    <tag k="addr:state" v="VT"/>
    <tag k="ref:vcgi:esiteid" v="76412"/>
  </node>
  <node id="-269" visible="true" lat="44.449799612893" lon="-71.8170884212">
    <!-- conflict: "163 Boulder Bluff Lane, North Concord, VT" Fuzzy match to "163 Boulder Bluff Lane, , VT" -->
    <tag k="addr:city" v="North Concord"/>
    <tag k="addr:housenumber" v="163"/>
    <tag k="addr:street" v="Boulder Bluff Lane"/>
    <tag k="addr:state" v="VT"/>
    <tag k="ref:vcgi:esiteid" v="76413"/>
  </node>
  <node id="-270" visible="true" lat="44.449587513906" lon="-71.809159508369">
    <!-- conflict: "95 Loon Lane, North Concord, VT" Fuzzy match to "95 Loon Lane, , VT" -->
    <tag k="addr:city" v="North Concord"/>
    <tag k="addr:housenumber" v="95"/>
    <tag k="addr:street" v="Loon Lane"/>
    <tag k="addr:state" v="VT"/>
    <tag k="ref:vcgi:esiteid" v="76414"/>
  </node>
  <node id="-271" visible="true" lat="44.44948718311" lon="-71.804123893837">
    <!-- conflict: "167 Burts Lane, North Concord, VT" Fuzzy match to "167 Burts Lane, , VT" -->
    <tag k="addr:city" v="North Concord"/>
    <tag k="addr:housenumber" v="167"/>
    <tag k="addr:street" v="Burts Lane"/>
    <tag k="addr:state" v="VT"/>
    <tag k="ref:vcgi:esiteid" v="76415"/>
  </node>
  <node id="-272" visible="true" lat="44.449737047776" lon="-71.800502690217">
    <!-- conflict: "205 Beach Drive, North Concord, VT" Fuzzy match to "205 Beach Drive, , VT" -->
    <tag k="addr:city" v="North Concord"/>
    <tag k="addr:housenumber" v="205"/>
    <tag k="addr:street" v="Beach Drive"/>
    <tag k="addr:state" v="VT"/>
    <tag k="ref:vcgi:esiteid" v="76416"/>
  </node>
  <node id="-273" visible="true" lat="44.449355789099" lon="-71.793064328424">
    <!-- conflict: "703 Beach Drive, North Concord, VT" Fuzzy match to "703 Beach Drive, , VT" -->
    <tag k="addr:city" v="North Concord"/>
    <tag k="addr:housenumber" v="703"/>
    <tag k="addr:street" v="Beach Drive"/>
    <tag k="addr:state" v="VT"/>
    <tag k="ref:vcgi:esiteid" v="76417"/>
  </node>
  <node id="-274" visible="true" lat="44.449380372638" lon="-71.800248160494">
    <!-- conflict: "223 Beach Drive, North Concord, VT" Fuzzy match to "223 Beach Drive, , VT" -->
    <tag k="addr:city" v="North Concord"/>
    <tag k="addr:housenumber" v="223"/>
    <tag k="addr:street" v="Beach Drive"/>
    <tag k="addr:state" v="VT"/>
    <tag k="ref:vcgi:esiteid" v="76418"/>
  </node>
  <node id="-275" visible="true" lat="44.449159120838" lon="-71.766785623936">
    <!-- conflict: "1187 Oregon Road, Lunenburg, VT" Fuzzy match to "1187 Oregon Road, , VT" -->
    <tag k="addr:city" v="Lunenburg"/>
    <tag k="addr:housenumber" v="1187"/>
    <tag k="addr:street" v="Oregon Road"/>
    <tag k="addr:state" v="VT"/>
    <tag k="ref:vcgi:esiteid" v="76419"/>
  </node>
  <node id="-276" visible="true" lat="44.449522644004" lon="-71.809943522971">
    <!-- conflict: "117 Loon Lane, North Concord, VT" Fuzzy match to "117 Loon Lane, , VT" -->
    <tag k="addr:city" v="North Concord"/>
    <tag k="addr:housenumber" v="117"/>
    <tag k="addr:street" v="Loon Lane"/>
    <tag k="addr:state" v="VT"/>
    <tag k="ref:vcgi:esiteid" v="76420"/>
  </node>
  <node id="-277" visible="true" lat="44.449349853955" lon="-71.80371953368">
    <!-- conflict: "145 Burts Lane, North Concord, VT" Fuzzy match to "145 Burts Lane, , VT" -->
    <tag k="addr:city" v="North Concord"/>
    <tag k="addr:housenumber" v="145"/>
    <tag k="addr:street" v="Burts Lane"/>
    <tag k="addr:state" v="VT"/>
    <tag k="ref:vcgi:esiteid" v="76421"/>
  </node>
  <node id="-278" visible="true" lat="44.449834317995" lon="-71.90496926407">
    <!-- conflict: "772 Kirby Mountain Road, Concord, VT" Fuzzy match to "772 Kirby Mountain Road, , VT" -->
    <tag k="addr:city" v="Concord"/>
    <tag k="addr:housenumber" v="772"/>
    <tag k="addr:street" v="Kirby Mountain Road"/>
    <tag k="addr:state" v="VT"/>
    <tag k="ref:vcgi:esiteid" v="76422"/>
  </node>
  <node id="-279" visible="true" lat="44.449208710834" lon="-71.803429617435">
    <!-- conflict: "129 Burts Lane, North Concord, VT" Fuzzy match to "129 Burts Lane, , VT" -->
    <tag k="addr:city" v="North Concord"/>
    <tag k="addr:housenumber" v="129"/>
    <tag k="addr:street" v="Burts Lane"/>
    <tag k="addr:state" v="VT"/>
    <tag k="ref:vcgi:esiteid" v="76423"/>
  </node>
  <node id="-280" visible="true" lat="44.449132859361" lon="-71.803093397527">
    <!-- conflict: "113 Burts Lane, North Concord, VT" Fuzzy match to "113 Burts Lane, , VT" -->
    <tag k="addr:city" v="North Concord"/>
    <tag k="addr:housenumber" v="113"/>
    <tag k="addr:street" v="Burts Lane"/>
    <tag k="addr:state" v="VT"/>
    <tag k="ref:vcgi:esiteid" v="76424"/>
  </node>
  <node id="-281" visible="true" lat="44.449685153772" lon="-71.875074173685">
    <!-- conflict: "599 East Main Street, Concord, VT" Fuzzy match to "599 East Main Street, , VT" -->
    <tag k="addr:city" v="Concord"/>
    <tag k="addr:housenumber" v="599"/>
    <tag k="addr:street" v="East Main Street"/>
    <tag k="addr:state" v="VT"/>
    <tag k="ref:vcgi:esiteid" v="76425"/>
  </node>
  <node id="-282" visible="true" lat="44.44896094027" lon="-71.802863986029">
    <!-- conflict: "99 Burts Lane, North Concord, VT" Fuzzy match to "99 Burts Lane, , VT" -->
    <tag k="addr:city" v="North Concord"/>
    <tag k="addr:housenumber" v="99"/>
    <tag k="addr:street" v="Burts Lane"/>
    <tag k="addr:state" v="VT"/>
    <tag k="ref:vcgi:esiteid" v="76426"/>
  </node>
  <node id="-283" visible="true" lat="44.448834870607" lon="-71.802559866101">
    <!-- conflict: "79 Burts Lane, North Concord, VT" Fuzzy match to "79 Burts Lane, , VT" -->
    <tag k="addr:city" v="North Concord"/>
    <tag k="addr:housenumber" v="79"/>
    <tag k="addr:street" v="Burts Lane"/>
    <tag k="addr:state" v="VT"/>
    <tag k="ref:vcgi:esiteid" v="76427"/>
  </node>
  <node id="-284" visible="true" lat="44.448926423022" lon="-71.817452449561">
    <!-- conflict: "162 Boulder Bluff Lane, North Concord, VT" Fuzzy match to "162 Boulder Bluff Lane, , VT" -->
    <tag k="addr:city" v="North Concord"/>
    <tag k="addr:housenumber" v="162"/>
    <tag k="addr:street" v="Boulder Bluff Lane"/>
    <tag k="addr:state" v="VT"/>
    <tag k="ref:vcgi:esiteid" v="76428"/>
  </node>
  <node id="-285" visible="true" lat="44.448554290999" lon="-71.793424685375">
    <!-- conflict: "637 Beach Drive, North Concord, VT" Fuzzy match to "637 Beach Drive, , VT" -->
    <tag k="addr:city" v="North Concord"/>
    <tag k="addr:housenumber" v="637"/>
    <tag k="addr:street" v="Beach Drive"/>
    <tag k="addr:state" v="VT"/>
    <tag k="ref:vcgi:esiteid" v="76429"/>
  </node>
  <node id="-286" visible="true" lat="44.448556396627" lon="-71.798478138972">
    <!-- conflict: "1448 Miles Pond Road, North Concord, VT" Fuzzy match to "1448 Miles Pond Road, , VT" -->
    <tag k="addr:city" v="North Concord"/>
    <tag k="addr:housenumber" v="1448"/>
    <tag k="addr:street" v="Miles Pond Road"/>
    <tag k="addr:state" v="VT"/>
    <tag k="ref:vcgi:esiteid" v="76430"/>
  </node>
  <node id="-287" visible="true" lat="44.449002712606" lon="-71.913300565008">
    <!-- conflict: "229 Bullard Woods Road, Concord, VT" Fuzzy match to "229 Bullard Woods Road, , VT" -->
    <tag k="addr:city" v="Concord"/>
    <tag k="addr:housenumber" v="229"/>
    <tag k="addr:street" v="Bullard Woods Road"/>
    <tag k="addr:state" v="VT"/>
    <tag k="ref:vcgi:esiteid" v="76431"/>
  </node>
  <node id="-288" visible="true" lat="44.448823422287" lon="-71.894333883818">
    <!-- conflict: "1342 Woodward Road, Concord, VT" Fuzzy match to "1342 Woodward Road, , VT" -->
    <tag k="addr:city" v="Concord"/>
    <tag k="addr:housenumber" v="1342"/>
    <tag k="addr:street" v="Woodward Road"/>
    <tag k="addr:state" v="VT"/>
    <tag k="ref:vcgi:esiteid" v="76432"/>
  </node>
  <node id="-289" visible="true" lat="44.448758571797" lon="-71.914315274429">
    <!-- conflict: "241 Bullard Woods Road, Concord, VT" Fuzzy match to "241 Bullard Woods Road, , VT" -->
    <tag k="addr:city" v="Concord"/>
    <tag k="addr:housenumber" v="241"/>
    <tag k="addr:street" v="Bullard Woods Road"/>
    <tag k="addr:state" v="VT"/>
    <tag k="ref:vcgi:esiteid" v="76433"/>
  </node>
  <node id="-290" visible="true" lat="44.448056521539" lon="-71.793465358436">
    <!-- conflict: "604 Beach Drive, North Concord, VT" Fuzzy match to "604 Beach Drive, , VT" -->
    <tag k="addr:city" v="North Concord"/>
    <tag k="addr:housenumber" v="604"/>
    <tag k="addr:street" v="Beach Drive"/>
    <tag k="addr:state" v="VT"/>
    <tag k="ref:vcgi:esiteid" v="76434"/>
  </node>
  <node id="-291" visible="true" lat="44.447653094521" lon="-71.766443183172">
    <!-- conflict: "1286 Oregon Road, Lunenburg, VT" Fuzzy match to "1286 Oregon Road, , VT" -->
    <tag k="addr:city" v="Lunenburg"/>
    <tag k="addr:housenumber" v="1286"/>
    <tag k="addr:street" v="Oregon Road"/>
    <tag k="addr:state" v="VT"/>
    <tag k="ref:vcgi:esiteid" v="76435"/>
  </node>
  <node id="-292" visible="true" lat="44.44761148063" lon="-71.794506045744">
    <!-- conflict: "574 Beach Drive, North Concord, VT" Fuzzy match to "574 Beach Drive, , VT" -->
    <tag k="addr:city" v="North Concord"/>
    <tag k="addr:housenumber" v="574"/>
    <tag k="addr:street" v="Beach Drive"/>
    <tag k="addr:state" v="VT"/>
    <tag k="ref:vcgi:esiteid" v="76436"/>
  </node>
  <node id="-293" visible="true" lat="44.447689306919" lon="-71.797237225981">
    <!-- conflict: "421 Beach Drive, North Concord, VT" Fuzzy match to "421 Beach Drive, , VT" -->
    <tag k="addr:city" v="North Concord"/>
    <tag k="addr:housenumber" v="421"/>
    <tag k="addr:street" v="Beach Drive"/>
    <tag k="addr:state" v="VT"/>
    <tag k="ref:vcgi:esiteid" v="76437"/>
  </node>
  <node id="-294" visible="true" lat="44.448045105412" lon="-71.875919504807">
    <!-- conflict: "547 East Main Street, Concord, VT" Fuzzy match to "547 East Main Street, , VT" -->
    <tag k="addr:city" v="Concord"/>
    <tag k="addr:housenumber" v="547"/>
    <tag k="addr:street" v="East Main Street"/>
    <tag k="addr:state" v="VT"/>
    <tag k="ref:vcgi:esiteid" v="76438"/>
  </node>
  <node id="-295" visible="true" lat="44.448260556827" lon="-71.87269294763">
    <!-- conflict: "548 East Main Street, Concord, VT" Fuzzy match to "548 East Main Street, , VT" -->
    <tag k="addr:city" v="Concord"/>
    <tag k="addr:housenumber" v="548"/>
    <tag k="addr:street" v="East Main Street"/>
    <tag k="addr:state" v="VT"/>
    <tag k="ref:vcgi:esiteid" v="76439"/>
  </node>
  <node id="-296" visible="true" lat="44.447378737361" lon="-71.795291681583">
    <!-- conflict: "522 Beach Drive, North Concord, VT" Fuzzy match to "522 Beach Drive, , VT" -->
    <tag k="addr:city" v="North Concord"/>
    <tag k="addr:housenumber" v="522"/>
    <tag k="addr:street" v="Beach Drive"/>
    <tag k="addr:state" v="VT"/>
    <tag k="ref:vcgi:esiteid" v="76440"/>
  </node>
  <node id="-297" visible="true" lat="44.447188131862" lon="-71.796335722997">
    <!-- conflict: "464 Beach Drive, North Concord, VT" Fuzzy match to "464 Beach Drive, , VT" -->
    <tag k="addr:city" v="North Concord"/>
    <tag k="addr:housenumber" v="464"/>
    <tag k="addr:street" v="Beach Drive"/>
    <tag k="addr:state" v="VT"/>
    <tag k="ref:vcgi:esiteid" v="76441"/>
  </node>
  <node id="-298" visible="true" lat="44.44741683243" lon="-71.822598816064">
    <!-- conflict: "1610 Campers Lane, North Concord, VT" Fuzzy match to "1610 Campers Lane, , VT" -->
    <tag k="addr:city" v="North Concord"/>
    <tag k="addr:housenumber" v="1610"/>
    <tag k="addr:street" v="Campers Lane"/>
    <tag k="addr:state" v="VT"/>
    <tag k="ref:vcgi:esiteid" v="76442"/>
  </node>
  <node id="-299" visible="true" lat="44.447556944003" lon="-71.905167628177">
    <!-- conflict: "57 Cote Farm Road, Concord, VT" Fuzzy match to "57 Cote Farm Road, , VT" -->
    <tag k="addr:city" v="Concord"/>
    <tag k="addr:housenumber" v="57"/>
    <tag k="addr:street" v="Cote Farm Road"/>
    <tag k="addr:state" v="VT"/>
    <tag k="ref:vcgi:esiteid" v="76444"/>
  </node>
  <node id="-300" visible="true" lat="44.447473020103" lon="-71.892930074961">
    <!-- conflict: "1224 Woodward Road, Concord, VT" Fuzzy match to "1224 Woodward Road, , VT" -->
    <tag k="addr:city" v="Concord"/>
    <tag k="addr:housenumber" v="1224"/>
    <tag k="addr:street" v="Woodward Road"/>
    <tag k="addr:state" v="VT"/>
    <tag k="ref:vcgi:esiteid" v="76445"/>
  </node>
  <node id="-301" visible="true" lat="44.447137325428" lon="-71.822339964184">
    <!-- conflict: "1588 Campers Lane, North Concord, VT" Fuzzy match to "1588 Campers Lane, , VT" -->
    <tag k="addr:city" v="North Concord"/>
    <tag k="addr:housenumber" v="1588"/>
    <tag k="addr:street" v="Campers Lane"/>
    <tag k="addr:state" v="VT"/>
    <tag k="ref:vcgi:esiteid" v="76446"/>
  </node>
  <node id="-302" visible="true" lat="44.44682468187" lon="-71.800613653418">
    <!-- conflict: "340 Campers Lane, North Concord, VT" Fuzzy match to "340 Campers Lane, , VT" -->
    <tag k="addr:city" v="North Concord"/>
    <tag k="addr:housenumber" v="340"/>
    <tag k="addr:street" v="Campers Lane"/>
    <tag k="addr:state" v="VT"/>
    <tag k="ref:vcgi:esiteid" v="76447"/>
  </node>
  <node id="-303" visible="true" lat="44.44757973222" lon="-71.872992741832">
    <!-- conflict: "534 East Main Street, Concord, VT" Fuzzy match to "534 East Main Street, , VT" -->
    <tag k="addr:city" v="Concord"/>
    <tag k="addr:housenumber" v="534"/>
    <tag k="addr:street" v="East Main Street"/>
    <tag k="addr:state" v="VT"/>
    <tag k="ref:vcgi:esiteid" v="76448"/>
  </node>
  <node id="-304" visible="true" lat="44.446752937649" lon="-71.801997689644">
    <!-- conflict: "388 Campers Lane, North Concord, VT" Fuzzy match to "388 Campers Lane, , VT" -->
    <tag k="addr:city" v="North Concord"/>
    <tag k="addr:housenumber" v="388"/>
    <tag k="addr:street" v="Campers Lane"/>
    <tag k="addr:state" v="VT"/>
    <tag k="ref:vcgi:esiteid" v="76449"/>
  </node>
  <node id="-305" visible="true" lat="44.446803049291" lon="-71.799238417525">
    <!-- conflict: "53 Getaway Lane, North Concord, VT" Fuzzy match to "53 Getaway Lane, , VT" -->
    <tag k="addr:city" v="North Concord"/>
    <tag k="addr:housenumber" v="53"/>
    <tag k="addr:street" v="Getaway Lane"/>
    <tag k="addr:state" v="VT"/>
    <tag k="ref:vcgi:esiteid" v="76450"/>
  </node>
  <node id="-306" visible="true" lat="44.446968306712" lon="-71.821963477119">
    <!-- conflict: "1550 Campers Lane, North Concord, VT" Fuzzy match to "1550 Campers Lane, , VT" -->
    <tag k="addr:city" v="North Concord"/>
    <tag k="addr:housenumber" v="1550"/>
    <tag k="addr:street" v="Campers Lane"/>
    <tag k="addr:state" v="VT"/>
    <tag k="ref:vcgi:esiteid" v="76451"/>
  </node>
  <node id="-307" visible="true" lat="44.446588714096" lon="-71.800276048227">
    <!-- conflict: "338 Campers Lane, North Concord, VT" Fuzzy match to "338 Campers Lane, , VT" -->
    <tag k="addr:city" v="North Concord"/>
    <tag k="addr:housenumber" v="338"/>
    <tag k="addr:street" v="Campers Lane"/>
    <tag k="addr:state" v="VT"/>
    <tag k="ref:vcgi:esiteid" v="76452"/>
  </node>
  <node id="-308" visible="true" lat="44.446732198583" lon="-71.821687078813">
    <!-- conflict: "1546 Campers Lane, North Concord, VT" Fuzzy match to "1546 Campers Lane, , VT" -->
    <tag k="addr:city" v="North Concord"/>
    <tag k="addr:housenumber" v="1546"/>
    <tag k="addr:street" v="Campers Lane"/>
    <tag k="addr:state" v="VT"/>
    <tag k="ref:vcgi:esiteid" v="76453"/>
  </node>
  <node id="-309" visible="true" lat="44.446756865962" lon="-71.802248376627">
    <!-- conflict: "10 Blue Heron Lane, North Concord, VT" Fuzzy match to "10 Blue Heron Lane, , VT" -->
    <tag k="addr:city" v="North Concord"/>
    <tag k="addr:housenumber" v="10"/>
    <tag k="addr:street" v="Blue Heron Lane"/>
    <tag k="addr:state" v="VT"/>
    <tag k="ref:vcgi:esiteid" v="76454"/>
  </node>
  <node id="-310" visible="true" lat="44.446745342086" lon="-71.801683068345">
    <!-- conflict: "376 Campers Lane, North Concord, VT" Fuzzy match to "376 Campers Lane, , VT" -->
    <tag k="addr:city" v="North Concord"/>
    <tag k="addr:housenumber" v="376"/>
    <tag k="addr:street" v="Campers Lane"/>
    <tag k="addr:state" v="VT"/>
    <tag k="ref:vcgi:esiteid" v="76455"/>
  </node>
  <node id="-311" visible="true" lat="44.446660640339" lon="-71.801511877513">
    <!-- conflict: "364 Campers Lane, North Concord, VT" Fuzzy match to "364 Campers Lane, , VT" -->
    <tag k="addr:city" v="North Concord"/>
    <tag k="addr:housenumber" v="364"/>
    <tag k="addr:street" v="Campers Lane"/>
    <tag k="addr:state" v="VT"/>
    <tag k="ref:vcgi:esiteid" v="76456"/>
  </node>
  <node id="-312" visible="true" lat="44.446775503328" lon="-71.802647904016">
    <!-- conflict: "14 Blue Heron Lane, North Concord, VT" Fuzzy match to "14 Blue Heron Lane, , VT" -->
    <tag k="addr:city" v="North Concord"/>
    <tag k="addr:housenumber" v="14"/>
    <tag k="addr:street" v="Blue Heron Lane"/>
    <tag k="addr:state" v="VT"/>
    <tag k="ref:vcgi:esiteid" v="76457"/>
  </node>
  <node id="-313" visible="true" lat="44.44648120108" lon="-71.796631824841">
    <!-- conflict: "74 Campers Lane, North Concord, VT" Fuzzy match to "74 Campers Lane, , VT" -->
    <tag k="addr:city" v="North Concord"/>
    <tag k="addr:housenumber" v="74"/>
    <tag k="addr:street" v="Campers Lane"/>
    <tag k="addr:state" v="VT"/>
    <tag k="ref:vcgi:esiteid" v="76458"/>
  </node>
  <node id="-314" visible="true" lat="44.446465695468" lon="-71.799090878513">
    <!-- conflict: "57 Getaway Lane, North Concord, VT" Fuzzy match to "57 Getaway Lane, , VT" -->
    <tag k="addr:city" v="North Concord"/>
    <tag k="addr:housenumber" v="57"/>
    <tag k="addr:street" v="Getaway Lane"/>
    <tag k="addr:state" v="VT"/>
    <tag k="ref:vcgi:esiteid" v="76459"/>
  </node>
  <node id="-315" visible="true" lat="44.446647354964" lon="-71.802814216555">
    <!-- conflict: "26 Blue Heron Lane, North Concord, VT" Fuzzy match to "26 Blue Heron Lane, , VT" -->
    <tag k="addr:city" v="North Concord"/>
    <tag k="addr:housenumber" v="26"/>
    <tag k="addr:street" v="Blue Heron Lane"/>
    <tag k="addr:state" v="VT"/>
    <tag k="ref:vcgi:esiteid" v="76460"/>
  </node>
  <node id="-316" visible="true" lat="44.447068661895" lon="-71.912819913331">
    <!-- conflict: "115 Bullard Woods Road, Concord, VT" Fuzzy match to "115 Bullard Woods Road, , VT" -->
    <tag k="addr:city" v="Concord"/>
    <tag k="addr:housenumber" v="115"/>
    <tag k="addr:street" v="Bullard Woods Road"/>
    <tag k="addr:state" v="VT"/>
    <tag k="ref:vcgi:esiteid" v="76461"/>
  </node>
  <node id="-317" visible="true" lat="44.446420834666" lon="-71.799655114845">
    <!-- conflict: "47 Getaway Lane, North Concord, VT" Fuzzy match to "47 Getaway Lane, , VT" -->
    <tag k="addr:city" v="North Concord"/>
    <tag k="addr:housenumber" v="47"/>
    <tag k="addr:street" v="Getaway Lane"/>
    <tag k="addr:state" v="VT"/>
    <tag k="ref:vcgi:esiteid" v="76462"/>
  </node>
  <node id="-318" visible="true" lat="44.447071552299" lon="-71.908640380639">
    <!-- conflict: "475 Kirby Mountain Road, Concord, VT" Fuzzy match to "475 Kirby Mountain Road, , VT" -->
    <tag k="addr:city" v="Concord"/>
    <tag k="addr:housenumber" v="475"/>
    <tag k="addr:street" v="Kirby Mountain Road"/>
    <tag k="addr:state" v="VT"/>
    <tag k="ref:vcgi:esiteid" v="76463"/>
  </node>
  <node id="-319" visible="true" lat="44.446610898724" lon="-71.80126109645">
    <!-- conflict: "358 Campers Lane, North Concord, VT" Fuzzy match to "358 Campers Lane, , VT" -->
    <tag k="addr:city" v="North Concord"/>
    <tag k="addr:housenumber" v="358"/>
    <tag k="addr:street" v="Campers Lane"/>
    <tag k="addr:state" v="VT"/>
    <tag k="ref:vcgi:esiteid" v="76464"/>
  </node>
  <node id="-320" visible="true" lat="44.446590234634" lon="-71.821283919675">
    <!-- conflict: "1520 Campers Lane, North Concord, VT" Fuzzy match to "1520 Campers Lane, , VT" -->
    <tag k="addr:city" v="North Concord"/>
    <tag k="addr:housenumber" v="1520"/>
    <tag k="addr:street" v="Campers Lane"/>
    <tag k="addr:state" v="VT"/>
    <tag k="ref:vcgi:esiteid" v="76465"/>
  </node>
  <node id="-321" visible="true" lat="44.446588912768" lon="-71.80102780152">
    <!-- conflict: "344 Campers Lane, North Concord, VT" Fuzzy match to "344 Campers Lane, , VT" -->
    <tag k="addr:city" v="North Concord"/>
    <tag k="addr:housenumber" v="344"/>
    <tag k="addr:street" v="Campers Lane"/>
    <tag k="addr:state" v="VT"/>
    <tag k="ref:vcgi:esiteid" v="76466"/>
  </node>
  <node id="-322" visible="true" lat="44.446548451029" lon="-71.803027403269">
    <!-- conflict: "38 Blue Heron Lane, North Concord, VT" Fuzzy match to "38 Blue Heron Lane, , VT" -->
    <tag k="addr:city" v="North Concord"/>
    <tag k="addr:housenumber" v="38"/>
    <tag k="addr:street" v="Blue Heron Lane"/>
    <tag k="addr:state" v="VT"/>
    <tag k="ref:vcgi:esiteid" v="76467"/>
  </node>
  <node id="-323" visible="true" lat="44.446348955927" lon="-71.798807806229">
    <!-- conflict: "65 Getaway Lane, North Concord, VT" Fuzzy match to "65 Getaway Lane, , VT" -->
    <tag k="addr:city" v="North Concord"/>
    <tag k="addr:housenumber" v="65"/>
    <tag k="addr:street" v="Getaway Lane"/>
    <tag k="addr:state" v="VT"/>
    <tag k="ref:vcgi:esiteid" v="76468"/>
  </node>
  <node id="-324" visible="true" lat="44.446174481935" lon="-71.799194690164">
    <!-- conflict: "52 Getaway Lane, North Concord, VT" Fuzzy match to "52 Getaway Lane, , VT" -->
    <tag k="addr:city" v="North Concord"/>
    <tag k="addr:housenumber" v="52"/>
    <tag k="addr:street" v="Getaway Lane"/>
    <tag k="addr:state" v="VT"/>
    <tag k="ref:vcgi:esiteid" v="76470"/>
  </node>
  <node id="-325" visible="true" lat="44.4462027296" lon="-71.797760974191">
    <!-- conflict: "154 Campers Lane, North Concord, VT" Fuzzy match to "154 Campers Lane, , VT" -->
    <tag k="addr:city" v="North Concord"/>
    <tag k="addr:housenumber" v="154"/>
    <tag k="addr:street" v="Campers Lane"/>
    <tag k="addr:state" v="VT"/>
    <tag k="ref:vcgi:esiteid" v="76471"/>
  </node>
  <node id="-326" visible="true" lat="44.446123547781" lon="-71.800250263555">
    <!-- conflict: "336 Campers Lane, North Concord, VT" Fuzzy match to "336 Campers Lane, , VT" -->
    <tag k="addr:city" v="North Concord"/>
    <tag k="addr:housenumber" v="336"/>
    <tag k="addr:street" v="Campers Lane"/>
    <tag k="addr:state" v="VT"/>
    <tag k="ref:vcgi:esiteid" v="76472"/>
  </node>
  <node id="-327" visible="true" lat="44.446414904673" lon="-71.803144525764">
    <!-- conflict: "48 Blue Heron Lane, North Concord, VT" Fuzzy match to "48 Blue Heron Lane, , VT" -->
    <tag k="addr:city" v="North Concord"/>
    <tag k="addr:housenumber" v="48"/>
    <tag k="addr:street" v="Blue Heron Lane"/>
    <tag k="addr:state" v="VT"/>
    <tag k="ref:vcgi:esiteid" v="76473"/>
  </node>
  <node id="-328" visible="true" lat="44.44668719236" lon="-71.893914267521">
    <!-- conflict: "1191 Woodward Road, Concord, VT" Fuzzy match to "1191 Woodward Road, , VT" -->
    <tag k="addr:city" v="Concord"/>
    <tag k="addr:housenumber" v="1191"/>
    <tag k="addr:street" v="Woodward Road"/>
    <tag k="addr:state" v="VT"/>
    <tag k="ref:vcgi:esiteid" v="76474"/>
  </node>
  <node id="-329" visible="true" lat="44.446205827266" lon="-71.820761261159">
    <!-- conflict: "1494 Campers Lane, North Concord, VT" Fuzzy match to "1494 Campers Lane, , VT" -->
    <tag k="addr:city" v="North Concord"/>
    <tag k="addr:housenumber" v="1494"/>
    <tag k="addr:street" v="Campers Lane"/>
    <tag k="addr:state" v="VT"/>
    <tag k="ref:vcgi:esiteid" v="76475"/>
  </node>
  <node id="-330" visible="true" lat="44.446037425451" lon="-71.798855191344">
    <!-- conflict: "212 Campers Lane, North Concord, VT" Fuzzy match to "212 Campers Lane, , VT" -->
    <tag k="addr:city" v="North Concord"/>
    <tag k="addr:housenumber" v="212"/>
    <tag k="addr:street" v="Campers Lane"/>
    <tag k="addr:state" v="VT"/>
    <tag k="ref:vcgi:esiteid" v="76476"/>
  </node>
  <node id="-331" visible="true" lat="44.446818549585" lon="-71.910869071603">
    <!-- conflict: "359 Kirby Mountain Road, Concord, VT" Fuzzy match to "359 Kirby Mountain Road, , VT" -->
    <tag k="addr:city" v="Concord"/>
    <tag k="addr:housenumber" v="359"/>
    <tag k="addr:street" v="Kirby Mountain Road"/>
    <tag k="addr:state" v="VT"/>
    <tag k="ref:vcgi:esiteid" v="76477"/>
  </node>
  <node id="-332" visible="true" lat="44.446120774768" lon="-71.803334130706">
    <!-- conflict: "458 Campers Lane, North Concord, VT" Fuzzy match to "458 Campers Lane, , VT" -->
    <tag k="addr:city" v="North Concord"/>
    <tag k="addr:housenumber" v="458"/>
    <tag k="addr:street" v="Campers Lane"/>
    <tag k="addr:state" v="VT"/>
    <tag k="ref:vcgi:esiteid" v="76478"/>
  </node>
  <node id="-333" visible="true" lat="44.446042675538" lon="-71.80355258373">
    <!-- conflict: "468 Campers Lane, North Concord, VT" Fuzzy match to "468 Campers Lane, , VT" -->
    <tag k="addr:city" v="North Concord"/>
    <tag k="addr:housenumber" v="468"/>
    <tag k="addr:street" v="Campers Lane"/>
    <tag k="addr:state" v="VT"/>
    <tag k="ref:vcgi:esiteid" v="76479"/>
  </node>
  <node id="-334" visible="true" lat="44.445959806659" lon="-71.803827519783">
    <!-- conflict: "478 Campers Lane, North Concord, VT" Fuzzy match to "478 Campers Lane, , VT" -->
    <tag k="addr:city" v="North Concord"/>
    <tag k="addr:housenumber" v="478"/>
    <tag k="addr:street" v="Campers Lane"/>
    <tag k="addr:state" v="VT"/>
    <tag k="ref:vcgi:esiteid" v="76480"/>
  </node>
  <node id="-335" visible="true" lat="44.445981046529" lon="-71.820604667996">
    <!-- conflict: "1468 Campers Lane, North Concord, VT" Fuzzy match to "1468 Campers Lane, , VT" -->
    <tag k="addr:city" v="North Concord"/>
    <tag k="addr:housenumber" v="1468"/>
    <tag k="addr:street" v="Campers Lane"/>
    <tag k="addr:state" v="VT"/>
    <tag k="ref:vcgi:esiteid" v="76481"/>
  </node>
  <node id="-336" visible="true" lat="44.445771770154" lon="-71.820279025477">
    <!-- conflict: "1452 Campers Lane, North Concord, VT" Fuzzy match to "1452 Campers Lane, , VT" -->
    <tag k="addr:city" v="North Concord"/>
    <tag k="addr:housenumber" v="1452"/>
    <tag k="addr:street" v="Campers Lane"/>
    <tag k="addr:state" v="VT"/>
    <tag k="ref:vcgi:esiteid" v="76482"/>
  </node>
  <node id="-337" visible="true" lat="44.445854594189" lon="-71.804129217693">
    <!-- conflict: "504 Campers Lane, North Concord, VT" Fuzzy match to "504 Campers Lane, , VT" -->
    <tag k="addr:city" v="North Concord"/>
    <tag k="addr:housenumber" v="504"/>
    <tag k="addr:street" v="Campers Lane"/>
    <tag k="addr:state" v="VT"/>
    <tag k="ref:vcgi:esiteid" v="76483"/>
  </node>
  <node id="-338" visible="true" lat="44.445797406459" lon="-71.804539332646">
    <!-- conflict: "526 Campers Lane, North Concord, VT" Fuzzy match to "526 Campers Lane, , VT" -->
    <tag k="addr:city" v="North Concord"/>
    <tag k="addr:housenumber" v="526"/>
    <tag k="addr:street" v="Campers Lane"/>
    <tag k="addr:state" v="VT"/>
    <tag k="ref:vcgi:esiteid" v="76484"/>
  </node>
  <node id="-339" visible="true" lat="44.445985287273" lon="-71.892968221276">
    <!-- conflict: "1122 Woodward Road, Concord, VT" Fuzzy match to "1122 Woodward Road, , VT" -->
    <tag k="addr:city" v="Concord"/>
    <tag k="addr:housenumber" v="1122"/>
    <tag k="addr:street" v="Woodward Road"/>
    <tag k="addr:state" v="VT"/>
    <tag k="ref:vcgi:esiteid" v="76485"/>
  </node>
  <node id="-340" visible="true" lat="44.44567249753" lon="-71.804844128852">
    <!-- conflict: "538 Campers Lane, North Concord, VT" Fuzzy match to "538 Campers Lane, , VT" -->
    <tag k="addr:city" v="North Concord"/>
    <tag k="addr:housenumber" v="538"/>
    <tag k="addr:street" v="Campers Lane"/>
    <tag k="addr:state" v="VT"/>
    <tag k="ref:vcgi:esiteid" v="76486"/>
  </node>
  <node id="-341" visible="true" lat="44.445497063631" lon="-71.81980269507">
    <!-- conflict: "1420 Campers Lane, North Concord, VT" Fuzzy match to "1420 Campers Lane, , VT" -->
    <tag k="addr:city" v="North Concord"/>
    <tag k="addr:housenumber" v="1420"/>
    <tag k="addr:street" v="Campers Lane"/>
    <tag k="addr:state" v="VT"/>
    <tag k="ref:vcgi:esiteid" v="76487"/>
  </node>
  <node id="-342" visible="true" lat="44.445492037697" lon="-71.805219244838">
    <!-- conflict: "568 Campers Lane, North Concord, VT" Fuzzy match to "568 Campers Lane, , VT" -->
    <tag k="addr:city" v="North Concord"/>
    <tag k="addr:housenumber" v="568"/>
    <tag k="addr:street" v="Campers Lane"/>
    <tag k="addr:state" v="VT"/>
    <tag k="ref:vcgi:esiteid" v="76488"/>
  </node>
  <node id="-343" visible="true" lat="44.44544026794" lon="-71.804861155527">
    <!-- conflict: "3 Willey Lane, North Concord, VT" Fuzzy match to "3 Willey Lane, , VT" -->
    <tag k="addr:city" v="North Concord"/>
    <tag k="addr:housenumber" v="3"/>
    <tag k="addr:street" v="Willey Lane"/>
    <tag k="addr:state" v="VT"/>
    <tag k="ref:vcgi:esiteid" v="76489"/>
  </node>
  <node id="-344" visible="true" lat="44.4449286479" lon="-71.764714741839">
    <!-- conflict: "1497 Oregon Road, Lunenburg, VT" Fuzzy match to "1497 Oregon Road, , VT" -->
    <tag k="addr:city" v="Lunenburg"/>
    <tag k="addr:housenumber" v="1497"/>
    <tag k="addr:street" v="Oregon Road"/>
    <tag k="addr:state" v="VT"/>
    <tag k="ref:vcgi:esiteid" v="76490"/>
  </node>
  <node id="-345" visible="true" lat="44.445599703283" lon="-71.877100509233">
    <!-- conflict: "110 Brook Road, Concord, VT" Fuzzy match to "110 Brook Road, , VT" -->
    <tag k="addr:city" v="Concord"/>
    <tag k="addr:housenumber" v="110"/>
    <tag k="addr:street" v="Brook Road"/>
    <tag k="addr:state" v="VT"/>
    <tag k="ref:vcgi:esiteid" v="76491"/>
  </node>
  <node id="-346" visible="true" lat="44.44487605797" lon="-71.765642795853">
    <!-- conflict: "1500 Oregon Road, Lunenburg, VT" Fuzzy match to "1500 Oregon Road, , VT" -->
    <tag k="addr:city" v="Lunenburg"/>
    <tag k="addr:housenumber" v="1500"/>
    <tag k="addr:street" v="Oregon Road"/>
    <tag k="addr:state" v="VT"/>
    <tag k="ref:vcgi:esiteid" v="76492"/>
  </node>
  <node id="-347" visible="true" lat="44.445619077966" lon="-71.893097921104">
    <!-- conflict: "1108 Woodward Road, Concord, VT" Fuzzy match to "1108 Woodward Road, , VT" -->
    <tag k="addr:city" v="Concord"/>
    <tag k="addr:housenumber" v="1108"/>
    <tag k="addr:street" v="Woodward Road"/>
    <tag k="addr:state" v="VT"/>
    <tag k="ref:vcgi:esiteid" v="76493"/>
  </node>
  <node id="-348" visible="true" lat="44.445261744669" lon="-71.805561376526">
    <!-- conflict: "588 Campers Lane, North Concord, VT" Fuzzy match to "588 Campers Lane, , VT" -->
    <tag k="addr:city" v="North Concord"/>
    <tag k="addr:housenumber" v="588"/>
    <tag k="addr:street" v="Campers Lane"/>
    <tag k="addr:state" v="VT"/>
    <tag k="ref:vcgi:esiteid" v="76494"/>
  </node>
  <node id="-349" visible="true" lat="44.445274590561" lon="-71.875496488898">
    <!-- conflict: "366 East Main Street, Concord, VT" Fuzzy match to "366 East Main Street, , VT" -->
    <tag k="addr:city" v="Concord"/>
    <tag k="addr:housenumber" v="366"/>
    <tag k="addr:street" v="East Main Street"/>
    <tag k="addr:state" v="VT"/>
    <tag k="ref:vcgi:esiteid" v="76495"/>
  </node>
  <node id="-350" visible="true" lat="44.445200710122" lon="-71.805691076203">
    <!-- conflict: "590 Campers Lane, North Concord, VT" Fuzzy match to "590 Campers Lane, , VT" -->
    <tag k="addr:city" v="North Concord"/>
    <tag k="addr:housenumber" v="590"/>
    <tag k="addr:street" v="Campers Lane"/>
    <tag k="addr:state" v="VT"/>
    <tag k="ref:vcgi:esiteid" v="76496"/>
  </node>
  <node id="-351" visible="true" lat="44.44551989519" lon="-71.894494100751">
    <!-- conflict: "979 Sawmill Road, Concord, VT" Fuzzy match to "979 Sawmill Road, , VT" -->
    <tag k="addr:city" v="Concord"/>
    <tag k="addr:housenumber" v="979"/>
    <tag k="addr:street" v="Sawmill Road"/>
    <tag k="addr:state" v="VT"/>
    <tag k="ref:vcgi:esiteid" v="76497"/>
  </node>
  <node id="-352" visible="true" lat="44.44510673738" lon="-71.818592988576">
    <!-- conflict: "1346 Campers Lane, North Concord, VT" Fuzzy match to "1346 Campers Lane, , VT" -->
    <tag k="addr:city" v="North Concord"/>
    <tag k="addr:housenumber" v="1346"/>
    <tag k="addr:street" v="Campers Lane"/>
    <tag k="addr:state" v="VT"/>
    <tag k="ref:vcgi:esiteid" v="76498"/>
  </node>
  <node id="-353" visible="true" lat="44.44517895157" lon="-71.877789499631">
    <!-- conflict: "89 Brook Road, Concord, VT" Fuzzy match to "89 Brook Road, , VT" -->
    <tag k="addr:city" v="Concord"/>
    <tag k="addr:housenumber" v="89"/>
    <tag k="addr:street" v="Brook Road"/>
    <tag k="addr:state" v="VT"/>
    <tag k="ref:vcgi:esiteid" v="76499"/>
  </node>
  <node id="-354" visible="true" lat="44.444910749547" lon="-71.806220264866">
    <!-- conflict: "632 Campers Lane, North Concord, VT" Fuzzy match to "632 Campers Lane, , VT" -->
    <tag k="addr:city" v="North Concord"/>
    <tag k="addr:housenumber" v="632"/>
    <tag k="addr:street" v="Campers Lane"/>
    <tag k="addr:state" v="VT"/>
    <tag k="ref:vcgi:esiteid" v="76500"/>
  </node>
  <node id="-355" visible="true" lat="44.445012674839" lon="-71.805983764005">
    <!-- conflict: "630 Campers Lane, North Concord, VT" Fuzzy match to "630 Campers Lane, , VT" -->
    <tag k="addr:city" v="North Concord"/>
    <tag k="addr:housenumber" v="630"/>
    <tag k="addr:street" v="Campers Lane"/>
    <tag k="addr:state" v="VT"/>
    <tag k="ref:vcgi:esiteid" v="76501"/>
  </node>
  <node id="-356" visible="true" lat="44.444931172936" lon="-71.818204193398">
    <!-- conflict: "1326 Campers Lane, North Concord, VT" Fuzzy match to "1326 Campers Lane, , VT" -->
    <tag k="addr:city" v="North Concord"/>
    <tag k="addr:housenumber" v="1326"/>
    <tag k="addr:street" v="Campers Lane"/>
    <tag k="addr:state" v="VT"/>
    <tag k="ref:vcgi:esiteid" v="76502"/>
  </node>
  <node id="-357" visible="true" lat="44.444757477737" lon="-71.806310022916">
    <!-- conflict: "640 Campers Lane, North Concord, VT" Fuzzy match to "640 Campers Lane, , VT" -->
    <tag k="addr:city" v="North Concord"/>
    <tag k="addr:housenumber" v="640"/>
    <tag k="addr:street" v="Campers Lane"/>
    <tag k="addr:state" v="VT"/>
    <tag k="ref:vcgi:esiteid" v="76503"/>
  </node>
  <node id="-358" visible="true" lat="44.444694883509" lon="-71.806543899883">
    <!-- conflict: "644 Campers Lane, North Concord, VT" Fuzzy match to "644 Campers Lane, , VT" -->
    <tag k="addr:city" v="North Concord"/>
    <tag k="addr:housenumber" v="644"/>
    <tag k="addr:street" v="Campers Lane"/>
    <tag k="addr:state" v="VT"/>
    <tag k="ref:vcgi:esiteid" v="76504"/>
  </node>
  <node id="-359" visible="true" lat="44.445130795319" lon="-71.893464131491">
    <!-- conflict: "1123 Woodward Road, Concord, VT" Fuzzy match to "1123 Woodward Road, , VT" -->
    <tag k="addr:city" v="Concord"/>
    <tag k="addr:housenumber" v="1123"/>
    <tag k="addr:street" v="Woodward Road"/>
    <tag k="addr:state" v="VT"/>
    <tag k="ref:vcgi:esiteid" v="76505"/>
  </node>
  <node id="-360" visible="true" lat="44.444580306113" lon="-71.806637423793">
    <!-- conflict: "652 Campers Lane, North Concord, VT" Fuzzy match to "652 Campers Lane, , VT" -->
    <tag k="addr:city" v="North Concord"/>
    <tag k="addr:housenumber" v="652"/>
    <tag k="addr:street" v="Campers Lane"/>
    <tag k="addr:state" v="VT"/>
    <tag k="ref:vcgi:esiteid" v="76506"/>
  </node>
  <node id="-361" visible="true" lat="44.444518568852" lon="-71.817672556525">
    <!-- conflict: "1288 Campers Lane, North Concord, VT" Fuzzy match to "1288 Campers Lane, , VT" -->
    <tag k="addr:city" v="North Concord"/>
    <tag k="addr:housenumber" v="1288"/>
    <tag k="addr:street" v="Campers Lane"/>
    <tag k="addr:state" v="VT"/>
    <tag k="ref:vcgi:esiteid" v="76507"/>
  </node>
  <node id="-362" visible="true" lat="44.444453245536" lon="-71.806754394556">
    <!-- conflict: "668 Campers Lane, North Concord, VT" Fuzzy match to "668 Campers Lane, , VT" -->
    <tag k="addr:city" v="North Concord"/>
    <tag k="addr:housenumber" v="668"/>
    <tag k="addr:street" v="Campers Lane"/>
    <tag k="addr:state" v="VT"/>
    <tag k="ref:vcgi:esiteid" v="76508"/>
  </node>
  <node id="-363" visible="true" lat="44.444360250815" lon="-71.806857593044">
    <!-- conflict: "674 Campers Lane, North Concord, VT" Fuzzy match to "674 Campers Lane, , VT" -->
    <tag k="addr:city" v="North Concord"/>
    <tag k="addr:housenumber" v="674"/>
    <tag k="addr:street" v="Campers Lane"/>
    <tag k="addr:state" v="VT"/>
    <tag k="ref:vcgi:esiteid" v="76509"/>
  </node>
  <node id="-364" visible="true" lat="44.443744594201" lon="-71.763926391539">
    <!-- conflict: "1580 Oregon Road, Lunenburg, VT" Fuzzy match to "1580 Oregon Road, , VT" -->
    <tag k="addr:city" v="Lunenburg"/>
    <tag k="addr:housenumber" v="1580"/>
    <tag k="addr:street" v="Oregon Road"/>
    <tag k="addr:state" v="VT"/>
    <tag k="ref:vcgi:esiteid" v="76510"/>
  </node>
  <node id="-365" visible="true" lat="44.444262441589" lon="-71.80745135121">
    <!-- conflict: "702 Campers Lane, North Concord, VT" Fuzzy match to "702 Campers Lane, , VT" -->
    <tag k="addr:city" v="North Concord"/>
    <tag k="addr:housenumber" v="702"/>
    <tag k="addr:street" v="Campers Lane"/>
    <tag k="addr:state" v="VT"/>
    <tag k="ref:vcgi:esiteid" v="76511"/>
  </node>
  <node id="-366" visible="true" lat="44.444155113169" lon="-71.817004714673">
    <!-- conflict: "1240 Campers Lane, North Concord, VT" Fuzzy match to "1240 Campers Lane, , VT" -->
    <tag k="addr:city" v="North Concord"/>
    <tag k="addr:housenumber" v="1240"/>
    <tag k="addr:street" v="Campers Lane"/>
    <tag k="addr:state" v="VT"/>
    <tag k="ref:vcgi:esiteid" v="76512"/>
  </node>
  <node id="-367" visible="true" lat="44.444519335638" lon="-71.910887840205">
    <!-- conflict: "242 Kirby Mountain Road, Concord, VT" Fuzzy match to "242 Kirby Mountain Road, , VT" -->
    <tag k="addr:city" v="Concord"/>
    <tag k="addr:housenumber" v="242"/>
    <tag k="addr:street" v="Kirby Mountain Road"/>
    <tag k="addr:state" v="VT"/>
    <tag k="ref:vcgi:esiteid" v="76513"/>
  </node>
  <node id="-368" visible="true" lat="44.444092548003" lon="-71.816353133585">
    <!-- conflict: "1212 Campers Lane, North Concord, VT" Fuzzy match to "1212 Campers Lane, , VT" -->
    <tag k="addr:city" v="North Concord"/>
    <tag k="addr:housenumber" v="1212"/>
    <tag k="addr:street" v="Campers Lane"/>
    <tag k="addr:state" v="VT"/>
    <tag k="ref:vcgi:esiteid" v="76514"/>
  </node>
  <node id="-369" visible="true" lat="44.444257499118" lon="-71.876179384034">
    <!-- conflict: "274 East Main Street, Concord, VT" Fuzzy match to "274 East Main Street, , VT" -->
    <tag k="addr:city" v="Concord"/>
    <tag k="addr:housenumber" v="274"/>
    <tag k="addr:street" v="East Main Street"/>
    <tag k="addr:state" v="VT"/>
    <tag k="ref:vcgi:esiteid" v="76515"/>
  </node>
  <node id="-370" visible="true" lat="44.44391722672" lon="-71.80786130012">
    <!-- conflict: "730 Campers Lane, North Concord, VT" Fuzzy match to "730 Campers Lane, , VT" -->
    <tag k="addr:city" v="North Concord"/>
    <tag k="addr:housenumber" v="730"/>
    <tag k="addr:street" v="Campers Lane"/>
    <tag k="addr:state" v="VT"/>
    <tag k="ref:vcgi:esiteid" v="76516"/>
  </node>
  <node id="-371" visible="true" lat="44.443588864684" lon="-71.761914484342">
    <!-- conflict: "1633 Oregon Road, Lunenburg, VT" Fuzzy match to "1633 Oregon Road, , VT" -->
    <tag k="addr:city" v="Lunenburg"/>
    <tag k="addr:housenumber" v="1633"/>
    <tag k="addr:street" v="Oregon Road"/>
    <tag k="addr:state" v="VT"/>
    <tag k="ref:vcgi:esiteid" v="76517"/>
  </node>
  <node id="-372" visible="true" lat="44.444283932146" lon="-71.892449421558">
    <!-- conflict: "1030 Woodward Road, Concord, VT" Fuzzy match to "1030 Woodward Road, , VT" -->
    <tag k="addr:city" v="Concord"/>
    <tag k="addr:housenumber" v="1030"/>
    <tag k="addr:street" v="Woodward Road"/>
    <tag k="addr:state" v="VT"/>
    <tag k="ref:vcgi:esiteid" v="76518"/>
  </node>
  <node id="-373" visible="true" lat="44.444626413566" lon="-71.918374647358">
    <!-- conflict: "211 West Main Street, Concord, VT" Fuzzy match to "211 West Main Street, , VT" -->
    <tag k="addr:city" v="Concord"/>
    <tag k="addr:housenumber" v="211"/>
    <tag k="addr:street" v="West Main Street"/>
    <tag k="addr:state" v="VT"/>
    <tag k="ref:vcgi:esiteid" v="76519"/>
  </node>
  <node id="-374" visible="true" lat="44.443968185522" lon="-71.815793750565">
    <!-- conflict: "1162 Campers Lane, North Concord, VT" Fuzzy match to "1162 Campers Lane, , VT" -->
    <tag k="addr:city" v="North Concord"/>
    <tag k="addr:housenumber" v="1162"/>
    <tag k="addr:street" v="Campers Lane"/>
    <tag k="addr:state" v="VT"/>
    <tag k="ref:vcgi:esiteid" v="76520"/>
  </node>
  <node id="-375" visible="true" lat="44.44420869789" lon="-71.911549586416">
    <!-- conflict: "219 Kirby Mountain Road, Concord, VT" Fuzzy match to "219 Kirby Mountain Road, , VT" -->
    <tag k="addr:city" v="Concord"/>
    <tag k="addr:housenumber" v="219"/>
    <tag k="addr:street" v="Kirby Mountain Road"/>
    <tag k="addr:state" v="VT"/>
    <tag k="ref:vcgi:esiteid" v="76521"/>
  </node>
  <node id="-376" visible="true" lat="44.443782738971" lon="-71.808142502478">
    <!-- conflict: "764 Campers Lane, North Concord, VT" Fuzzy match to "764 Campers Lane, , VT" -->
    <tag k="addr:city" v="North Concord"/>
    <tag k="addr:housenumber" v="764"/>
    <tag k="addr:street" v="Campers Lane"/>
    <tag k="addr:state" v="VT"/>
    <tag k="ref:vcgi:esiteid" v="76522"/>
  </node>
  <node id="-377" visible="true" lat="44.443788924762" lon="-71.81023864042">
    <!-- conflict: "860 Campers Lane, North Concord, VT" Fuzzy match to "860 Campers Lane, , VT" -->
    <tag k="addr:city" v="North Concord"/>
    <tag k="addr:housenumber" v="860"/>
    <tag k="addr:street" v="Campers Lane"/>
    <tag k="addr:state" v="VT"/>
    <tag k="ref:vcgi:esiteid" v="76523"/>
  </node>
  <node id="-378" visible="true" lat="44.4436908983" lon="-71.809138530983">
    <!-- conflict: "824 Campers Lane, North Concord, VT" Fuzzy match to "824 Campers Lane, , VT" -->
    <tag k="addr:city" v="North Concord"/>
    <tag k="addr:housenumber" v="824"/>
    <tag k="addr:street" v="Campers Lane"/>
    <tag k="addr:state" v="VT"/>
    <tag k="ref:vcgi:esiteid" v="76524"/>
  </node>
  <node id="-379" visible="true" lat="44.444170672608" lon="-71.918480354506">
    <!-- conflict: "223 West Main Street, Concord, VT" Fuzzy match to "223 West Main Street, , VT" -->
    <tag k="addr:city" v="Concord"/>
    <tag k="addr:housenumber" v="223"/>
    <tag k="addr:street" v="West Main Street"/>
    <tag k="addr:state" v="VT"/>
    <tag k="ref:vcgi:esiteid" v="76525"/>
  </node>
  <node id="-380" visible="true" lat="44.443569513374" lon="-71.810759135437">
    <!-- conflict: "902 Campers Lane, North Concord, VT" Fuzzy match to "902 Campers Lane, , VT" -->
    <tag k="addr:city" v="North Concord"/>
    <tag k="addr:housenumber" v="902"/>
    <tag k="addr:street" v="Campers Lane"/>
    <tag k="addr:state" v="VT"/>
    <tag k="ref:vcgi:esiteid" v="76526"/>
  </node>
  <node id="-381" visible="true" lat="44.443631131066" lon="-71.813120795795">
    <!-- conflict: "1022 Campers Lane, North Concord, VT" Fuzzy match to "1022 Campers Lane, , VT" -->
    <tag k="addr:city" v="North Concord"/>
    <tag k="addr:housenumber" v="1022"/>
    <tag k="addr:street" v="Campers Lane"/>
    <tag k="addr:state" v="VT"/>
    <tag k="ref:vcgi:esiteid" v="76527"/>
  </node>
  <node id="-382" visible="true" lat="44.443441362989" lon="-71.811375335008">
    <!-- conflict: "930 Campers Lane, North Concord, VT" Fuzzy match to "930 Campers Lane, , VT" -->
    <tag k="addr:city" v="North Concord"/>
    <tag k="addr:housenumber" v="930"/>
    <tag k="addr:street" v="Campers Lane"/>
    <tag k="addr:state" v="VT"/>
    <tag k="ref:vcgi:esiteid" v="76528"/>
  </node>
  <node id="-383" visible="true" lat="44.443494292878" lon="-71.813744563337">
    <!-- conflict: "1050 Campers Lane, North Concord, VT" Fuzzy match to "1050 Campers Lane, , VT" -->
    <tag k="addr:city" v="North Concord"/>
    <tag k="addr:housenumber" v="1050"/>
    <tag k="addr:street" v="Campers Lane"/>
    <tag k="addr:state" v="VT"/>
    <tag k="ref:vcgi:esiteid" v="76529"/>
  </node>
  <node id="-384" visible="true" lat="44.44349092655" lon="-71.812537548095">
    <!-- conflict: "1002 Campers Lane, North Concord, VT" Fuzzy match to "1002 Campers Lane, , VT" -->
    <tag k="addr:city" v="North Concord"/>
    <tag k="addr:housenumber" v="1002"/>
    <tag k="addr:street" v="Campers Lane"/>
    <tag k="addr:state" v="VT"/>
    <tag k="ref:vcgi:esiteid" v="76530"/>
  </node>
  <node id="-385" visible="true" lat="44.443909514291" lon="-71.878126342953">
    <!-- conflict: "201 East Main Street, Concord, VT" Fuzzy match to "201 East Main Street, , VT" -->
    <tag k="addr:city" v="Concord"/>
    <tag k="addr:housenumber" v="201"/>
    <tag k="addr:street" v="East Main Street"/>
    <tag k="addr:state" v="VT"/>
    <tag k="ref:vcgi:esiteid" v="76531"/>
  </node>
  <node id="-386" visible="true" lat="44.443349525229" lon="-71.814828705301">
    <!-- conflict: "1114 Campers Lane, North Concord, VT" Fuzzy match to "1114 Campers Lane, , VT" -->
    <tag k="addr:city" v="North Concord"/>
    <tag k="addr:housenumber" v="1114"/>
    <tag k="addr:street" v="Campers Lane"/>
    <tag k="addr:state" v="VT"/>
    <tag k="ref:vcgi:esiteid" v="76532"/>
  </node>
  <node id="-387" visible="true" lat="44.443405793706" lon="-71.811822302349">
    <!-- conflict: "944 Campers Lane, North Concord, VT" Fuzzy match to "944 Campers Lane, , VT" -->
    <tag k="addr:city" v="North Concord"/>
    <tag k="addr:housenumber" v="944"/>
    <tag k="addr:street" v="Campers Lane"/>
    <tag k="addr:state" v="VT"/>
    <tag k="ref:vcgi:esiteid" v="76533"/>
  </node>
  <node id="-388" visible="true" lat="44.443722452833" lon="-71.918811599263">
    <!-- conflict: "200 West Main Street, Concord, VT" Fuzzy match to "200 West Main Street, , VT" -->
    <tag k="addr:city" v="Concord"/>
    <tag k="addr:housenumber" v="200"/>
    <tag k="addr:street" v="West Main Street"/>
    <tag k="addr:state" v="VT"/>
    <tag k="ref:vcgi:esiteid" v="76534"/>
  </node>
  <node id="-389" visible="true" lat="44.443448240768" lon="-71.812180859109">
    <!-- conflict: "984 Campers Lane, North Concord, VT" Fuzzy match to "984 Campers Lane, , VT" -->
    <tag k="addr:city" v="North Concord"/>
    <tag k="addr:housenumber" v="984"/>
    <tag k="addr:street" v="Campers Lane"/>
    <tag k="addr:state" v="VT"/>
    <tag k="ref:vcgi:esiteid" v="76535"/>
  </node>
  <node id="-390" visible="true" lat="44.443064855817" lon="-71.876608580776">
    <!-- conflict: "190 East Main Street, Concord, VT" Fuzzy match to "190 East Main Street, , VT" -->
    <tag k="addr:city" v="Concord"/>
    <tag k="addr:housenumber" v="190"/>
    <tag k="addr:street" v="East Main Street"/>
    <tag k="addr:state" v="VT"/>
    <tag k="ref:vcgi:esiteid" v="76536"/>
  </node>
  <node id="-391" visible="true" lat="44.443162411754" lon="-71.892785115822">
    <!-- conflict: "941 Woodward Road, Concord, VT" Fuzzy match to "941 Woodward Road, , VT" -->
    <tag k="addr:city" v="Concord"/>
    <tag k="addr:housenumber" v="941"/>
    <tag k="addr:street" v="Woodward Road"/>
    <tag k="addr:state" v="VT"/>
    <tag k="ref:vcgi:esiteid" v="76537"/>
  </node>
  <node id="-392" visible="true" lat="44.442939806058" lon="-71.877189983336">
    <!-- conflict: "188 East Main Street, Concord, VT" Fuzzy match to "188 East Main Street, , VT" -->
    <tag k="addr:city" v="Concord"/>
    <tag k="addr:housenumber" v="188"/>
    <tag k="addr:street" v="East Main Street"/>
    <tag k="addr:state" v="VT"/>
    <tag k="ref:vcgi:esiteid" v="76538"/>
  </node>
  <node id="-393" visible="true" lat="44.441113589973" lon="-71.761332430208">
    <!-- conflict: "1811 Oregon Road, Lunenburg, VT" Fuzzy match to "1811 Oregon Road, , VT" -->
    <tag k="addr:city" v="Lunenburg"/>
    <tag k="addr:housenumber" v="1811"/>
    <tag k="addr:street" v="Oregon Road"/>
    <tag k="addr:state" v="VT"/>
    <tag k="ref:vcgi:esiteid" v="76539"/>
  </node>
  <node id="-394" visible="true" lat="44.441910669741" lon="-71.913476901038">
    <!-- conflict: "517 West Main Street, Concord, VT" Fuzzy match to "517 West Main Street, , VT" -->
    <tag k="addr:city" v="Concord"/>
    <tag k="addr:housenumber" v="517"/>
    <tag k="addr:street" v="West Main Street"/>
    <tag k="addr:state" v="VT"/>
    <tag k="ref:vcgi:esiteid" v="76540"/>
  </node>
  <node id="-396" visible="true" lat="44.441430538603" lon="-71.879395524767">
    <!-- conflict: "1459 Main Street, Concord, VT" Fuzzy match to "1459 Main Street, , VT" -->
    <tag k="addr:city" v="Concord"/>
    <tag k="addr:housenumber" v="1459"/>
    <tag k="addr:street" v="Main Street"/>
    <tag k="addr:state" v="VT"/>
    <tag k="ref:vcgi:esiteid" v="76542"/>
  </node>
  <node id="-397" visible="true" lat="44.441262691672" lon="-71.898552940955">
    <!-- conflict: "617 Sawmill Road, Concord, VT" Fuzzy match to "617 Sawmill Road, , VT" -->
    <tag k="addr:city" v="Concord"/>
    <tag k="addr:housenumber" v="617"/>
    <tag k="addr:street" v="Sawmill Road"/>
    <tag k="addr:state" v="VT"/>
    <tag k="ref:vcgi:esiteid" v="76543"/>
  </node>
  <node id="-398" visible="true" lat="44.440004754186" lon="-71.760596583377">
    <!-- conflict: "1885 Oregon Road, Lunenburg, VT" Fuzzy match to "1885 Oregon Road, , VT" -->
    <tag k="addr:city" v="Lunenburg"/>
    <tag k="addr:housenumber" v="1885"/>
    <tag k="addr:street" v="Oregon Road"/>
    <tag k="addr:state" v="VT"/>
    <tag k="ref:vcgi:esiteid" v="76544"/>
  </node>
  <node id="-399" visible="true" lat="44.440614193372" lon="-71.875901260133">
    <!-- conflict: "147 Fournier Road, Concord, VT" Fuzzy match to "147 Fournier Road, , VT" -->
    <tag k="addr:city" v="Concord"/>
    <tag k="addr:housenumber" v="147"/>
    <tag k="addr:street" v="Fournier Road"/>
    <tag k="addr:state" v="VT"/>
    <tag k="ref:vcgi:esiteid" v="76545"/>
  </node>
  <node id="-400" visible="true" lat="44.44012209952" lon="-71.835305238429">
    <!-- conflict: "751 Streeter Road, Concord, VT" Fuzzy match to "751 Streeter Road, , VT" -->
    <tag k="addr:city" v="Concord"/>
    <tag k="addr:housenumber" v="751"/>
    <tag k="addr:street" v="Streeter Road"/>
    <tag k="addr:state" v="VT"/>
    <tag k="ref:vcgi:esiteid" v="76546"/>
  </node>
  <node id="-401" visible="true" lat="44.439601393242" lon="-71.760013403619">
    <!-- conflict: "1933 Oregon Road, Lunenburg, VT" Fuzzy match to "1933 Oregon Road, , VT" -->
    <tag k="addr:city" v="Lunenburg"/>
    <tag k="addr:housenumber" v="1933"/>
    <tag k="addr:street" v="Oregon Road"/>
    <tag k="addr:state" v="VT"/>
    <tag k="ref:vcgi:esiteid" v="76547"/>
  </node>
  <node id="-402" visible="true" lat="44.440391060842" lon="-71.914526434207">
    <!-- conflict: "514 West Main Street, Concord, VT" Fuzzy match to "514 West Main Street, , VT" -->
    <tag k="addr:city" v="Concord"/>
    <tag k="addr:housenumber" v="514"/>
    <tag k="addr:street" v="West Main Street"/>
    <tag k="addr:state" v="VT"/>
    <tag k="ref:vcgi:esiteid" v="76548"/>
  </node>
  <node id="-403" visible="true" lat="44.440186947791" lon="-71.879105607181">
    <!-- conflict: "1451 Main Street, Concord, VT" Fuzzy match to "1451 Main Street, , VT" -->
    <tag k="addr:city" v="Concord"/>
    <tag k="addr:housenumber" v="1451"/>
    <tag k="addr:street" v="Main Street"/>
    <tag k="addr:state" v="VT"/>
    <tag k="ref:vcgi:esiteid" v="76549"/>
  </node>
  <node id="-404" visible="true" lat="44.440274684541" lon="-71.909707119915">
    <!-- conflict: "727 West Main Street, Concord, VT" Fuzzy match to "727 West Main Street, , VT" -->
    <tag k="addr:city" v="Concord"/>
    <tag k="addr:housenumber" v="727"/>
    <tag k="addr:street" v="West Main Street"/>
    <tag k="addr:state" v="VT"/>
    <tag k="ref:vcgi:esiteid" v="76550"/>
  </node>
  <node id="-405" visible="true" lat="44.440317963227" lon="-71.892661681332">
    <!-- conflict: "723 Woodward Road, Concord, VT" Fuzzy match to "723 Woodward Road, , VT" -->
    <tag k="addr:city" v="Concord"/>
    <tag k="addr:housenumber" v="723"/>
    <tag k="addr:street" v="Woodward Road"/>
    <tag k="addr:state" v="VT"/>
    <tag k="ref:vcgi:esiteid" v="76551"/>
  </node>
  <node id="-406" visible="true" lat="44.438941191278" lon="-71.760557861672">
    <!-- conflict: "1954 Oregon Road, Lunenburg, VT" Fuzzy match to "1954 Oregon Road, , VT" -->
    <tag k="addr:city" v="Lunenburg"/>
    <tag k="addr:housenumber" v="1954"/>
    <tag k="addr:street" v="Oregon Road"/>
    <tag k="addr:state" v="VT"/>
    <tag k="ref:vcgi:esiteid" v="76552"/>
  </node>
  <node id="-407" visible="true" lat="44.439759699922" lon="-71.878533402025">
    <!-- conflict: "1422 Main Street, Concord, VT" Fuzzy match to "1422 Main Street, , VT" -->
    <tag k="addr:city" v="Concord"/>
    <tag k="addr:housenumber" v="1422"/>
    <tag k="addr:street" v="Main Street"/>
    <tag k="addr:state" v="VT"/>
    <tag k="ref:vcgi:esiteid" v="76553"/>
  </node>
  <node id="-408" visible="true" lat="44.439805477102" lon="-71.899895713706">
    <!-- conflict: "479 Sawmill Road, Concord, VT" Fuzzy match to "479 Sawmill Road, , VT" -->
    <tag k="addr:city" v="Concord"/>
    <tag k="addr:housenumber" v="479"/>
    <tag k="addr:street" v="Sawmill Road"/>
    <tag k="addr:state" v="VT"/>
    <tag k="ref:vcgi:esiteid" v="76554"/>
  </node>
  <node id="-409" visible="true" lat="44.439660519551" lon="-71.879181900787">
    <!-- conflict: "1417 Main Street, Concord, VT" Fuzzy match to "1417 Main Street, , VT" -->
    <tag k="addr:city" v="Concord"/>
    <tag k="addr:housenumber" v="1417"/>
    <tag k="addr:street" v="Main Street"/>
    <tag k="addr:state" v="VT"/>
    <tag k="ref:vcgi:esiteid" v="76555"/>
  </node>
  <node id="-410" visible="true" lat="44.438954680433" lon="-71.759905195102">
    <!-- conflict: "1995 Oregon Road, Lunenburg, VT" Fuzzy match to "1995 Oregon Road, , VT" -->
    <tag k="addr:city" v="Lunenburg"/>
    <tag k="addr:housenumber" v="1995"/>
    <tag k="addr:street" v="Oregon Road"/>
    <tag k="addr:state" v="VT"/>
    <tag k="ref:vcgi:esiteid" v="76556"/>
  </node>
  <node id="-411" visible="true" lat="44.43807363488" lon="-71.760115980446">
    <!-- conflict: "1998 Oregon Road, Lunenburg, VT" Fuzzy match to "1998 Oregon Road, , VT" -->
    <tag k="addr:city" v="Lunenburg"/>
    <tag k="addr:housenumber" v="1998"/>
    <tag k="addr:street" v="Oregon Road"/>
    <tag k="addr:state" v="VT"/>
    <tag k="ref:vcgi:esiteid" v="76557"/>
  </node>
  <node id="-412" visible="true" lat="44.439080683716" lon="-71.90980629971">
    <!-- conflict: "775 West Main Street, Concord, VT" Fuzzy match to "775 West Main Street, , VT" -->
    <tag k="addr:city" v="Concord"/>
    <tag k="addr:housenumber" v="775"/>
    <tag k="addr:street" v="West Main Street"/>
    <tag k="addr:state" v="VT"/>
    <tag k="ref:vcgi:esiteid" v="76558"/>
  </node>
  <node id="-413" visible="true" lat="44.438867062126" lon="-71.909798671244">
    <!-- conflict: "789 West Main Street, Concord, VT" Fuzzy match to "789 West Main Street, , VT" -->
    <tag k="addr:city" v="Concord"/>
    <tag k="addr:housenumber" v="789"/>
    <tag k="addr:street" v="West Main Street"/>
    <tag k="addr:state" v="VT"/>
    <tag k="ref:vcgi:esiteid" v="76559"/>
  </node>
  <node id="-414" visible="true" lat="44.437692138056" lon="-71.758927344117">
    <!-- conflict: "2081 Oregon Road, Lunenburg, VT" Fuzzy match to "2081 Oregon Road, , VT" -->
    <tag k="addr:city" v="Lunenburg"/>
    <tag k="addr:housenumber" v="2081"/>
    <tag k="addr:street" v="Oregon Road"/>
    <tag k="addr:state" v="VT"/>
    <tag k="ref:vcgi:esiteid" v="76560"/>
  </node>
  <node id="-415" visible="true" lat="44.438321560529" lon="-71.878541030653">
    <!-- conflict: "1322 Main Street, Concord, VT" Fuzzy match to "1322 Main Street, , VT" -->
    <tag k="addr:city" v="Concord"/>
    <tag k="addr:housenumber" v="1322"/>
    <tag k="addr:street" v="Main Street"/>
    <tag k="addr:state" v="VT"/>
    <tag k="ref:vcgi:esiteid" v="76561"/>
  </node>
  <node id="-416" visible="true" lat="44.437747542358" lon="-71.759601270611">
    <!-- conflict: "2070 Oregon Road, Lunenburg, VT" Fuzzy match to "2070 Oregon Road, , VT" -->
    <tag k="addr:city" v="Lunenburg"/>
    <tag k="addr:housenumber" v="2070"/>
    <tag k="addr:street" v="Oregon Road"/>
    <tag k="addr:state" v="VT"/>
    <tag k="ref:vcgi:esiteid" v="76562"/>
  </node>
  <node id="-417" visible="true" lat="44.438180414869" lon="-71.891724629112">
    <!-- conflict: "590 Woodward Road, Concord, VT" Fuzzy match to "590 Woodward Road, , VT" -->
    <tag k="addr:city" v="Concord"/>
    <tag k="addr:housenumber" v="590"/>
    <tag k="addr:street" v="Woodward Road"/>
    <tag k="addr:state" v="VT"/>
    <tag k="ref:vcgi:esiteid" v="76563"/>
  </node>
  <node id="-418" visible="true" lat="44.438237921414" lon="-71.900910733644">
    <!-- conflict: "405 Sawmill Road, Concord, VT" Fuzzy match to "405 Sawmill Road, , VT" -->
    <tag k="addr:city" v="Concord"/>
    <tag k="addr:housenumber" v="405"/>
    <tag k="addr:street" v="Sawmill Road"/>
    <tag k="addr:state" v="VT"/>
    <tag k="ref:vcgi:esiteid" v="76564"/>
  </node>
  <node id="-419" visible="true" lat="44.437180909671" lon="-71.758408000807">
    <!-- conflict: "2125 Oregon Road, Lunenburg, VT" Fuzzy match to "2125 Oregon Road, , VT" -->
    <tag k="addr:city" v="Lunenburg"/>
    <tag k="addr:housenumber" v="2125"/>
    <tag k="addr:street" v="Oregon Road"/>
    <tag k="addr:state" v="VT"/>
    <tag k="ref:vcgi:esiteid" v="76565"/>
  </node>
  <node id="-420" visible="true" lat="44.437620118894" lon="-71.909772000684">
    <!-- conflict: "864 West Main Street, Concord, VT" Fuzzy match to "864 West Main Street, , VT" -->
    <tag k="addr:city" v="Concord"/>
    <tag k="addr:housenumber" v="864"/>
    <tag k="addr:street" v="West Main Street"/>
    <tag k="addr:state" v="VT"/>
    <tag k="ref:vcgi:esiteid" v="76566"/>
  </node>
  <node id="-421" visible="true" lat="44.437552826947" lon="-71.908796196475">
    <!-- conflict: "901 West Main Street, Concord, VT" Fuzzy match to "901 West Main Street, , VT" -->
    <tag k="addr:city" v="Concord"/>
    <tag k="addr:housenumber" v="901"/>
    <tag k="addr:street" v="West Main Street"/>
    <tag k="addr:state" v="VT"/>
    <tag k="ref:vcgi:esiteid" v="76567"/>
  </node>
  <node id="-422" visible="true" lat="44.437238184316" lon="-71.899750755717">
    <!-- conflict: "334 Sawmill Road, Concord, VT" Fuzzy match to "334 Sawmill Road, , VT" -->
    <tag k="addr:city" v="Concord"/>
    <tag k="addr:housenumber" v="334"/>
    <tag k="addr:street" v="Sawmill Road"/>
    <tag k="addr:state" v="VT"/>
    <tag k="ref:vcgi:esiteid" v="76568"/>
  </node>
  <node id="-423" visible="true" lat="44.437062951151" lon="-71.900579355302">
    <!-- conflict: "339 Sawmill Road, Concord, VT" Fuzzy match to "339 Sawmill Road, , VT" -->
    <tag k="addr:city" v="Concord"/>
    <tag k="addr:housenumber" v="339"/>
    <tag k="addr:street" v="Sawmill Road"/>
    <tag k="addr:state" v="VT"/>
    <tag k="ref:vcgi:esiteid" v="76569"/>
  </node>
  <node id="-424" visible="true" lat="44.434935930257" lon="-71.757103476866">
    <!-- conflict: "2300 Oregon Road, Lunenburg, VT" Fuzzy match to "2300 Oregon Road, , VT" -->
    <tag k="addr:city" v="Lunenburg"/>
    <tag k="addr:housenumber" v="2300"/>
    <tag k="addr:street" v="Oregon Road"/>
    <tag k="addr:state" v="VT"/>
    <tag k="ref:vcgi:esiteid" v="76570"/>
  </node>
  <node id="-425" visible="true" lat="44.437011069553" lon="-71.907134952182">
    <!-- conflict: "1017 West Main Street, Concord, VT" Fuzzy match to "1017 West Main Street, , VT" -->
    <tag k="addr:city" v="Concord"/>
    <tag k="addr:housenumber" v="1017"/>
    <tag k="addr:street" v="West Main Street"/>
    <tag k="addr:state" v="VT"/>
    <tag k="ref:vcgi:esiteid" v="76571"/>
  </node>
  <node id="-426" visible="true" lat="44.436885824097" lon="-71.858417246681">
    <!-- conflict: "344 Goudreault Hill Road, Concord, VT" Fuzzy match to "344 Goudreault Hill Road, , VT" -->
    <tag k="addr:city" v="Concord"/>
    <tag k="addr:housenumber" v="344"/>
    <tag k="addr:street" v="Goudreault Hill Road"/>
    <tag k="addr:state" v="VT"/>
    <tag k="ref:vcgi:esiteid" v="76572"/>
  </node>
  <node id="-427" visible="true" lat="44.436118100616" lon="-71.834527498214">
    <!-- conflict: "483 Streeter Road, Concord, VT" Fuzzy match to "483 Streeter Road, , VT" -->
    <tag k="addr:city" v="Concord"/>
    <tag k="addr:housenumber" v="483"/>
    <tag k="addr:street" v="Streeter Road"/>
    <tag k="addr:state" v="VT"/>
    <tag k="ref:vcgi:esiteid" v="76573"/>
  </node>
  <node id="-428" visible="true" lat="44.434175594094" lon="-71.756265990516">
    <!-- conflict: "2358 Oregon Road, Lunenburg, VT" Fuzzy match to "2358 Oregon Road, , VT" -->
    <tag k="addr:city" v="Lunenburg"/>
    <tag k="addr:housenumber" v="2358"/>
    <tag k="addr:street" v="Oregon Road"/>
    <tag k="addr:state" v="VT"/>
    <tag k="ref:vcgi:esiteid" v="76574"/>
  </node>
  <node id="-429" visible="true" lat="44.436516438906" lon="-71.879315619038">
    <!-- conflict: "1149 Main Street, Concord, VT" Fuzzy match to "1149 Main Street, , VT" -->
    <tag k="addr:city" v="Concord"/>
    <tag k="addr:housenumber" v="1149"/>
    <tag k="addr:street" v="Main Street"/>
    <tag k="addr:state" v="VT"/>
    <tag k="ref:vcgi:esiteid" v="76575"/>
  </node>
  <node id="-430" visible="true" lat="44.436448543306" lon="-71.89262489916">
    <!-- conflict: "467 Woodward Road, Concord, VT" Fuzzy match to "467 Woodward Road, , VT" -->
    <tag k="addr:city" v="Concord"/>
    <tag k="addr:housenumber" v="467"/>
    <tag k="addr:street" v="Woodward Road"/>
    <tag k="addr:state" v="VT"/>
    <tag k="ref:vcgi:esiteid" v="76576"/>
  </node>
  <node id="-431" visible="true" lat="44.436092105283" lon="-71.859746476969">
    <!-- conflict: "295 Goudreault Hill Road, Concord, VT" Fuzzy match to "295 Goudreault Hill Road, , VT" -->
    <tag k="addr:city" v="Concord"/>
    <tag k="addr:housenumber" v="295"/>
    <tag k="addr:street" v="Goudreault Hill Road"/>
    <tag k="addr:state" v="VT"/>
    <tag k="ref:vcgi:esiteid" v="76577"/>
  </node>
  <node id="-432" visible="true" lat="44.435915512322" lon="-71.905615444501">
    <!-- conflict: "1047 West Main Street, Concord, VT" Fuzzy match to "1047 West Main Street, , VT" -->
    <tag k="addr:city" v="Concord"/>
    <tag k="addr:housenumber" v="1047"/>
    <tag k="addr:street" v="West Main Street"/>
    <tag k="addr:state" v="VT"/>
    <tag k="ref:vcgi:esiteid" v="76578"/>
  </node>
  <node id="-433" visible="true" lat="44.435727566397" lon="-71.858559640049">
    <!-- conflict: "288 Goudreault Hill Road, Concord, VT" Fuzzy match to "288 Goudreault Hill Road, , VT" -->
    <tag k="addr:city" v="Concord"/>
    <tag k="addr:housenumber" v="288"/>
    <tag k="addr:street" v="Goudreault Hill Road"/>
    <tag k="addr:state" v="VT"/>
    <tag k="ref:vcgi:esiteid" v="76579"/>
  </node>
  <node id="-434" visible="true" lat="44.435849635125" lon="-71.907334375254">
    <!-- conflict: "1058 West Main Street, Concord, VT" Fuzzy match to "1058 West Main Street, , VT" -->
    <tag k="addr:city" v="Concord"/>
    <tag k="addr:housenumber" v="1058"/>
    <tag k="addr:street" v="West Main Street"/>
    <tag k="addr:state" v="VT"/>
    <tag k="ref:vcgi:esiteid" v="76580"/>
  </node>
  <node id="-435" visible="true" lat="44.435055415717" lon="-71.879782024737">
    <!-- conflict: "1111 Main Street, Concord, VT" Fuzzy match to "1111 Main Street, , VT" -->
    <tag k="addr:city" v="Concord"/>
    <tag k="addr:housenumber" v="1111"/>
    <tag k="addr:street" v="Main Street"/>
    <tag k="addr:state" v="VT"/>
    <tag k="ref:vcgi:esiteid" v="76581"/>
  </node>
  <node id="-436" visible="true" lat="44.435233028955" lon="-71.906331957136">
    <!-- conflict: "1120 West Main Street, Concord, VT" Fuzzy match to "1120 West Main Street, , VT" -->
    <tag k="addr:city" v="Concord"/>
    <tag k="addr:housenumber" v="1120"/>
    <tag k="addr:street" v="West Main Street"/>
    <tag k="addr:state" v="VT"/>
    <tag k="ref:vcgi:esiteid" v="76582"/>
  </node>
  <node id="-437" visible="true" lat="44.435193508848" lon="-71.86056617182">
    <!-- conflict: "223 Goudreault Hill Road, Concord, VT" Fuzzy match to "223 Goudreault Hill Road, , VT" -->
    <tag k="addr:city" v="Concord"/>
    <tag k="addr:housenumber" v="223"/>
    <tag k="addr:street" v="Goudreault Hill Road"/>
    <tag k="addr:state" v="VT"/>
    <tag k="ref:vcgi:esiteid" v="76583"/>
  </node>
  <node id="-438" visible="true" lat="44.435349909137" lon="-71.893799825672">
    <!-- conflict: "409 Woodward Road, Concord, VT" Fuzzy match to "409 Woodward Road, , VT" -->
    <tag k="addr:city" v="Concord"/>
    <tag k="addr:housenumber" v="409"/>
    <tag k="addr:street" v="Woodward Road"/>
    <tag k="addr:state" v="VT"/>
    <tag k="ref:vcgi:esiteid" v="76584"/>
  </node>
  <node id="-439" visible="true" lat="44.435265987202" lon="-71.892563862127">
    <!-- conflict: "386 Woodward Road, Concord, VT" Fuzzy match to "386 Woodward Road, , VT" -->
    <tag k="addr:city" v="Concord"/>
    <tag k="addr:housenumber" v="386"/>
    <tag k="addr:street" v="Woodward Road"/>
    <tag k="addr:state" v="VT"/>
    <tag k="ref:vcgi:esiteid" v="76585"/>
  </node>
  <node id="-440" visible="true" lat="44.435230625006" lon="-71.904519437616">
    <!-- conflict: "1121 West Main Street, Concord, VT" Fuzzy match to "1121 West Main Street, , VT" -->
    <tag k="addr:city" v="Concord"/>
    <tag k="addr:housenumber" v="1121"/>
    <tag k="addr:street" v="West Main Street"/>
    <tag k="addr:state" v="VT"/>
    <tag k="ref:vcgi:esiteid" v="76586"/>
  </node>
  <node id="-441" visible="true" lat="44.434979883951" lon="-71.902443933082">
    <!-- conflict: "149 Sawmill Road, Concord, VT" Fuzzy match to "149 Sawmill Road, , VT" -->
    <tag k="addr:city" v="Concord"/>
    <tag k="addr:housenumber" v="149"/>
    <tag k="addr:street" v="Sawmill Road"/>
    <tag k="addr:state" v="VT"/>
    <tag k="ref:vcgi:esiteid" v="76587"/>
  </node>
  <node id="-442" visible="true" lat="44.434720483937" lon="-71.899132774">
    <!-- conflict: "146 Sawmill Road, Concord, VT" Fuzzy match to "146 Sawmill Road, , VT" -->
    <tag k="addr:city" v="Concord"/>
    <tag k="addr:housenumber" v="146"/>
    <tag k="addr:street" v="Sawmill Road"/>
    <tag k="addr:state" v="VT"/>
    <tag k="ref:vcgi:esiteid" v="76588"/>
  </node>
  <node id="-443" visible="true" lat="44.434394495352" lon="-71.879118436151">
    <!-- conflict: "1058 Main Street, Concord, VT" Fuzzy match to "1058 Main Street, , VT" -->
    <tag k="addr:city" v="Concord"/>
    <tag k="addr:housenumber" v="1058"/>
    <tag k="addr:street" v="Main Street"/>
    <tag k="addr:state" v="VT"/>
    <tag k="ref:vcgi:esiteid" v="76589"/>
  </node>
  <node id="-444" visible="true" lat="44.434030448525" lon="-71.859481460897">
    <!-- conflict: "148 Goudreault Hill Road, Concord, VT" Fuzzy match to "148 Goudreault Hill Road, , VT" -->
    <tag k="addr:city" v="Concord"/>
    <tag k="addr:housenumber" v="148"/>
    <tag k="addr:street" v="Goudreault Hill Road"/>
    <tag k="addr:state" v="VT"/>
    <tag k="ref:vcgi:esiteid" v="76590"/>
  </node>
  <node id="-445" visible="true" lat="44.433984248548" lon="-71.894005817619">
    <!-- conflict: "275 Woodward Road, Concord, VT" Fuzzy match to "275 Woodward Road, , VT" -->
    <tag k="addr:city" v="Concord"/>
    <tag k="addr:housenumber" v="275"/>
    <tag k="addr:street" v="Woodward Road"/>
    <tag k="addr:state" v="VT"/>
    <tag k="ref:vcgi:esiteid" v="76591"/>
  </node>
  <node id="-446" visible="true" lat="44.43389035847" lon="-71.871716837025">
    <!-- conflict: "77 Weinreich Road, Concord, VT" Fuzzy match to "77 Weinreich Road, , VT" -->
    <tag k="addr:city" v="Concord"/>
    <tag k="addr:housenumber" v="77"/>
    <tag k="addr:street" v="Weinreich Road"/>
    <tag k="addr:state" v="VT"/>
    <tag k="ref:vcgi:esiteid" v="76592"/>
  </node>
  <node id="-447" visible="true" lat="44.433766811892" lon="-71.869362864845">
    <!-- conflict: "857 Royalston Corner Road, Concord, VT" Fuzzy match to "857 Royalston Corner Road, , VT" -->
    <tag k="addr:city" v="Concord"/>
    <tag k="addr:housenumber" v="857"/>
    <tag k="addr:street" v="Royalston Corner Road"/>
    <tag k="addr:state" v="VT"/>
    <tag k="ref:vcgi:esiteid" v="76593"/>
  </node>
  <node id="-448" visible="true" lat="44.433343380908" lon="-71.8350000629">
    <!-- conflict: "329 Streeter Road, Concord, VT" Fuzzy match to "329 Streeter Road, , VT" -->
    <tag k="addr:city" v="Concord"/>
    <tag k="addr:housenumber" v="329"/>
    <tag k="addr:street" v="Streeter Road"/>
    <tag k="addr:state" v="VT"/>
    <tag k="ref:vcgi:esiteid" v="76594"/>
  </node>
  <node id="-449" visible="true" lat="44.433475264627" lon="-71.859806997733">
    <!-- conflict: "116 Goudreault Hill Road, Concord, VT" Fuzzy match to "116 Goudreault Hill Road, , VT" -->
    <tag k="addr:city" v="Concord"/>
    <tag k="addr:housenumber" v="116"/>
    <tag k="addr:street" v="Goudreault Hill Road"/>
    <tag k="addr:state" v="VT"/>
    <tag k="ref:vcgi:esiteid" v="76595"/>
  </node>
  <node id="-450" visible="true" lat="44.433469719017" lon="-71.876710545303">
    <!-- conflict: "493 Royalston Corner Road, Concord, VT" Fuzzy match to "493 Royalston Corner Road, , VT" -->
    <tag k="addr:city" v="Concord"/>
    <tag k="addr:housenumber" v="493"/>
    <tag k="addr:street" v="Royalston Corner Road"/>
    <tag k="addr:state" v="VT"/>
    <tag k="ref:vcgi:esiteid" v="76596"/>
  </node>
  <node id="-451" visible="true" lat="44.433348066903" lon="-71.901549949008">
    <!-- conflict: "1395 West Main Street, Concord, VT" Fuzzy match to "1395 West Main Street, , VT" -->
    <tag k="addr:city" v="Concord"/>
    <tag k="addr:housenumber" v="1395"/>
    <tag k="addr:street" v="West Main Street"/>
    <tag k="addr:state" v="VT"/>
    <tag k="ref:vcgi:esiteid" v="76597"/>
  </node>
  <node id="-452" visible="true" lat="44.433103053508" lon="-71.902169272289">
    <!-- conflict: "1348 West Main Street, Concord, VT" Fuzzy match to "1348 West Main Street, , VT" -->
    <tag k="addr:city" v="Concord"/>
    <tag k="addr:housenumber" v="1348"/>
    <tag k="addr:street" v="West Main Street"/>
    <tag k="addr:state" v="VT"/>
    <tag k="ref:vcgi:esiteid" v="76598"/>
  </node>
  <node id="-453" visible="true" lat="44.432622403321" lon="-71.839341188433">
    <!-- conflict: "156 Lunnie Farm Lane, Concord, VT" Fuzzy match to "156 Lunnie Farm Lane, , VT" -->
    <tag k="addr:city" v="Concord"/>
    <tag k="addr:housenumber" v="156"/>
    <tag k="addr:street" v="Lunnie Farm Lane"/>
    <tag k="addr:state" v="VT"/>
    <tag k="ref:vcgi:esiteid" v="76599"/>
  </node>
  <node id="-454" visible="true" lat="44.43253084804" lon="-71.884713213257">
    <!-- conflict: "289 Folsom Avenue, Concord, VT" Fuzzy match to "289 Folsom Avenue, , VT" -->
    <tag k="addr:city" v="Concord"/>
    <tag k="addr:housenumber" v="289"/>
    <tag k="addr:street" v="Folsom Avenue"/>
    <tag k="addr:state" v="VT"/>
    <tag k="ref:vcgi:esiteid" v="76600"/>
  </node>
  <node id="-455" visible="true" lat="44.431706878324" lon="-71.75621890723">
    <!-- conflict: "147 Joslin Drive, Lunenburg, VT" Fuzzy match to "147 Joslin Drive, , VT" -->
    <tag k="addr:city" v="Lunenburg"/>
    <tag k="addr:housenumber" v="147"/>
    <tag k="addr:street" v="Joslin Drive"/>
    <tag k="addr:state" v="VT"/>
    <tag k="ref:vcgi:esiteid" v="76601"/>
  </node>
  <node id="-456" visible="true" lat="44.432045747753" lon="-71.855264904143">
    <!-- conflict: "1589 Royalston Corner Road, Concord, VT" Fuzzy match to "1589 Royalston Corner Road, , VT" -->
    <tag k="addr:city" v="Concord"/>
    <tag k="addr:housenumber" v="1589"/>
    <tag k="addr:street" v="Royalston Corner Road"/>
    <tag k="addr:state" v="VT"/>
    <tag k="ref:vcgi:esiteid" v="76602"/>
  </node>
  <node id="-457" visible="true" lat="44.432179596907" lon="-71.875315098268">
    <!-- conflict: "571 Royalston Corner Road, Concord, VT" Fuzzy match to "571 Royalston Corner Road, , VT" -->
    <tag k="addr:city" v="Concord"/>
    <tag k="addr:housenumber" v="571"/>
    <tag k="addr:street" v="Royalston Corner Road"/>
    <tag k="addr:state" v="VT"/>
    <tag k="ref:vcgi:esiteid" v="76603"/>
  </node>
  <node id="-458" visible="true" lat="44.431378813336" lon="-71.754197118056">
    <!-- conflict: "2582 Oregon Road, Lunenburg, VT" Fuzzy match to "2582 Oregon Road, , VT" -->
    <tag k="addr:city" v="Lunenburg"/>
    <tag k="addr:housenumber" v="2582"/>
    <tag k="addr:street" v="Oregon Road"/>
    <tag k="addr:state" v="VT"/>
    <tag k="ref:vcgi:esiteid" v="76604"/>
  </node>
  <node id="-459" visible="true" lat="44.432101190813" lon="-71.856978757254">
    <!-- conflict: "1499 Royalston Corner Road, Concord, VT" Fuzzy match to "1499 Royalston Corner Road, , VT" -->
    <tag k="addr:city" v="Concord"/>
    <tag k="addr:housenumber" v="1499"/>
    <tag k="addr:street" v="Royalston Corner Road"/>
    <tag k="addr:state" v="VT"/>
    <tag k="ref:vcgi:esiteid" v="76605"/>
  </node>
  <node id="-460" visible="true" lat="44.432251780263" lon="-71.898957147644">
    <!-- conflict: "1497 West Main Street, Concord, VT" Fuzzy match to "1497 West Main Street, , VT" -->
    <tag k="addr:city" v="Concord"/>
    <tag k="addr:housenumber" v="1497"/>
    <tag k="addr:street" v="West Main Street"/>
    <tag k="addr:state" v="VT"/>
    <tag k="ref:vcgi:esiteid" v="76606"/>
  </node>
  <node id="-461" visible="true" lat="44.431722132192" lon="-71.881104508265">
    <!-- conflict: "879 Main Street, Concord, VT" Fuzzy match to "879 Main Street, , VT" -->
    <tag k="addr:city" v="Concord"/>
    <tag k="addr:housenumber" v="879"/>
    <tag k="addr:street" v="Main Street"/>
    <tag k="addr:state" v="VT"/>
    <tag k="ref:vcgi:esiteid" v="76607"/>
  </node>
  <node id="-462" visible="true" lat="44.431676356193" lon="-71.895035787163">
    <!-- conflict: "106 Woodward Road, Concord, VT" Fuzzy match to "106 Woodward Road, , VT" -->
    <tag k="addr:city" v="Concord"/>
    <tag k="addr:housenumber" v="106"/>
    <tag k="addr:street" v="Woodward Road"/>
    <tag k="addr:state" v="VT"/>
    <tag k="ref:vcgi:esiteid" v="76608"/>
  </node>
  <node id="-463" visible="true" lat="44.431303462232" lon="-71.875671107292">
    <!-- conflict: "512 Royalston Corner Road, Concord, VT" Fuzzy match to "512 Royalston Corner Road, , VT" -->
    <tag k="addr:city" v="Concord"/>
    <tag k="addr:housenumber" v="512"/>
    <tag k="addr:street" v="Royalston Corner Road"/>
    <tag k="addr:state" v="VT"/>
    <tag k="ref:vcgi:esiteid" v="76609"/>
  </node>
  <node id="-464" visible="true" lat="44.431638587558" lon="-71.915230822598">
    <!-- conflict: "496 Marko Road, Concord, VT" Fuzzy match to "496 Marko Road, , VT" -->
    <tag k="addr:city" v="Concord"/>
    <tag k="addr:housenumber" v="496"/>
    <tag k="addr:street" v="Marko Road"/>
    <tag k="addr:state" v="VT"/>
    <tag k="ref:vcgi:esiteid" v="76610"/>
  </node>
  <node id="-465" visible="true" lat="44.430595789784" lon="-71.753859212569">
    <!-- conflict: "2630 Oregon Road, Lunenburg, VT" Fuzzy match to "2630 Oregon Road, , VT" -->
    <tag k="addr:city" v="Lunenburg"/>
    <tag k="addr:housenumber" v="2630"/>
    <tag k="addr:street" v="Oregon Road"/>
    <tag k="addr:state" v="VT"/>
    <tag k="ref:vcgi:esiteid" v="76611"/>
  </node>
  <node id="-466" visible="true" lat="44.431392075695" lon="-71.897985616102">
    <!-- conflict: "1579 West Main Street, Concord, VT" Fuzzy match to "1579 West Main Street, , VT" -->
    <tag k="addr:city" v="Concord"/>
    <tag k="addr:housenumber" v="1579"/>
    <tag k="addr:street" v="West Main Street"/>
    <tag k="addr:state" v="VT"/>
    <tag k="ref:vcgi:esiteid" v="76612"/>
  </node>
  <node id="-467" visible="true" lat="44.43141593508" lon="-71.853184679192">
    <!-- conflict: "1693 Royalston Corner Road, Concord, VT" Fuzzy match to "1693 Royalston Corner Road, , VT" -->
    <tag k="addr:city" v="Concord"/>
    <tag k="addr:housenumber" v="1693"/>
    <tag k="addr:street" v="Royalston Corner Road"/>
    <tag k="addr:state" v="VT"/>
    <tag k="ref:vcgi:esiteid" v="76613"/>
  </node>
  <node id="-468" visible="true" lat="44.431241890874" lon="-71.897487318666">
    <!-- conflict: "1613 West Main Street, Concord, VT" Fuzzy match to "1613 West Main Street, , VT" -->
    <tag k="addr:city" v="Concord"/>
    <tag k="addr:housenumber" v="1613"/>
    <tag k="addr:street" v="West Main Street"/>
    <tag k="addr:state" v="VT"/>
    <tag k="ref:vcgi:esiteid" v="76614"/>
  </node>
  <node id="-469" visible="true" lat="44.430969882256" lon="-71.877096647659">
    <!-- conflict: "446 Royalston Corner Road, Concord, VT" Fuzzy match to "446 Royalston Corner Road, , VT" -->
    <tag k="addr:city" v="Concord"/>
    <tag k="addr:housenumber" v="446"/>
    <tag k="addr:street" v="Royalston Corner Road"/>
    <tag k="addr:state" v="VT"/>
    <tag k="ref:vcgi:esiteid" v="76615"/>
  </node>
  <node id="-470" visible="true" lat="44.430992872863" lon="-71.877398940917">
    <!-- conflict: "436 Royalston Corner Road, Concord, VT" Fuzzy match to "436 Royalston Corner Road, , VT" -->
    <tag k="addr:city" v="Concord"/>
    <tag k="addr:housenumber" v="436"/>
    <tag k="addr:street" v="Royalston Corner Road"/>
    <tag k="addr:state" v="VT"/>
    <tag k="ref:vcgi:esiteid" v="76616"/>
  </node>
  <node id="-471" visible="true" lat="44.430935435827" lon="-71.896151086864">
    <!-- conflict: "1699 West Main Street, Concord, VT" Fuzzy match to "1699 West Main Street, , VT" -->
    <tag k="addr:city" v="Concord"/>
    <tag k="addr:housenumber" v="1699"/>
    <tag k="addr:street" v="West Main Street"/>
    <tag k="addr:state" v="VT"/>
    <tag k="ref:vcgi:esiteid" v="76617"/>
  </node>
  <node id="-472" visible="true" lat="44.430998786734" lon="-71.914464706929">
    <!-- conflict: "460 Marko Road, Concord, VT" Fuzzy match to "460 Marko Road, , VT" -->
    <tag k="addr:city" v="Concord"/>
    <tag k="addr:housenumber" v="460"/>
    <tag k="addr:street" v="Marko Road"/>
    <tag k="addr:state" v="VT"/>
    <tag k="ref:vcgi:esiteid" v="76618"/>
  </node>
  <node id="-473" visible="true" lat="44.4308024199" lon="-71.884826588043">
    <!-- conflict: "166 Folsom Avenue, Concord, VT" Fuzzy match to "166 Folsom Avenue, , VT" -->
    <tag k="addr:city" v="Concord"/>
    <tag k="addr:housenumber" v="166"/>
    <tag k="addr:street" v="Folsom Avenue"/>
    <tag k="addr:state" v="VT"/>
    <tag k="ref:vcgi:esiteid" v="76619"/>
  </node>
  <node id="-474" visible="true" lat="44.430567727618" lon="-71.847592362605">
    <!-- conflict: "1927 Royalston Corner Road, Concord, VT" Fuzzy match to "1927 Royalston Corner Road, , VT" -->
    <tag k="addr:city" v="Concord"/>
    <tag k="addr:housenumber" v="1927"/>
    <tag k="addr:street" v="Royalston Corner Road"/>
    <tag k="addr:state" v="VT"/>
    <tag k="ref:vcgi:esiteid" v="76620"/>
  </node>
  <node id="-475" visible="true" lat="44.430730859161" lon="-71.885345293115">
    <!-- conflict: "147 Folsom Avenue, Concord, VT" Fuzzy match to "147 Folsom Avenue, , VT" -->
    <tag k="addr:city" v="Concord"/>
    <tag k="addr:housenumber" v="147"/>
    <tag k="addr:street" v="Folsom Avenue"/>
    <tag k="addr:state" v="VT"/>
    <tag k="ref:vcgi:esiteid" v="76621"/>
  </node>
  <node id="-476" visible="true" lat="44.430670767162" lon="-71.878509630122">
    <!-- conflict: "384 Royalston Corner Road, Concord, VT" Fuzzy match to "384 Royalston Corner Road, , VT" -->
    <tag k="addr:city" v="Concord"/>
    <tag k="addr:housenumber" v="384"/>
    <tag k="addr:street" v="Royalston Corner Road"/>
    <tag k="addr:state" v="VT"/>
    <tag k="ref:vcgi:esiteid" v="76622"/>
  </node>
  <node id="-477" visible="true" lat="44.431084391146" lon="-71.876903049842">
    <!-- conflict: "460 Royalston Corner Road, Concord, VT" Fuzzy match to "460 Royalston Corner Road, , VT" -->
    <tag k="addr:city" v="Concord"/>
    <tag k="addr:housenumber" v="460"/>
    <tag k="addr:street" v="Royalston Corner Road"/>
    <tag k="addr:state" v="VT"/>
    <tag k="ref:vcgi:esiteid" v="76623"/>
  </node>
  <node id="-478" visible="true" lat="44.430001704514" lon="-71.836442018154">
    <!-- conflict: "2565 Royalston Corner Road, Concord, VT" Fuzzy match to "2565 Royalston Corner Road, , VT" -->
    <tag k="addr:city" v="Concord"/>
    <tag k="addr:housenumber" v="2565"/>
    <tag k="addr:street" v="Royalston Corner Road"/>
    <tag k="addr:state" v="VT"/>
    <tag k="ref:vcgi:esiteid" v="76624"/>
  </node>
  <node id="-479" visible="true" lat="44.429738491659" lon="-71.833504699622">
    <!-- conflict: "2695 Royalston Corner Road, Concord, VT" Fuzzy match to "2695 Royalston Corner Road, , VT" -->
    <tag k="addr:city" v="Concord"/>
    <tag k="addr:housenumber" v="2695"/>
    <tag k="addr:street" v="Royalston Corner Road"/>
    <tag k="addr:state" v="VT"/>
    <tag k="ref:vcgi:esiteid" v="76625"/>
  </node>
  <node id="-480" visible="true" lat="44.429043555063" lon="-71.75363864199">
    <!-- conflict: "2744 Oregon Road, Lunenburg, VT" Fuzzy match to "2744 Oregon Road, , VT" -->
    <tag k="addr:city" v="Lunenburg"/>
    <tag k="addr:housenumber" v="2744"/>
    <tag k="addr:street" v="Oregon Road"/>
    <tag k="addr:state" v="VT"/>
    <tag k="ref:vcgi:esiteid" v="76626"/>
  </node>
  <node id="-481" visible="true" lat="44.429963556407" lon="-71.888054889138">
    <!-- conflict: "91 High Street, Concord, VT" Fuzzy match to "91 High Street, , VT" -->
    <tag k="addr:city" v="Concord"/>
    <tag k="addr:housenumber" v="91"/>
    <tag k="addr:street" v="High Street"/>
    <tag k="addr:state" v="VT"/>
    <tag k="ref:vcgi:esiteid" v="76627"/>
  </node>
  <node id="-482" visible="true" lat="44.429965631119" lon="-71.889204802976">
    <!-- conflict: "32 High Street Extension, Concord, VT" Fuzzy match to "32 High Street Extension, , VT" -->
    <tag k="addr:city" v="Concord"/>
    <tag k="addr:housenumber" v="32"/>
    <tag k="addr:street" v="High Street Extension"/>
    <tag k="addr:state" v="VT"/>
    <tag k="ref:vcgi:esiteid" v="76628"/>
  </node>
  <node id="-483" visible="true" lat="44.429924810763" lon="-71.893454567518">
    <!-- conflict: "114 Main Street, Concord, VT" Fuzzy match to "114 Main Street, , VT" -->
    <tag k="addr:city" v="Concord"/>
    <tag k="addr:housenumber" v="114"/>
    <tag k="addr:street" v="Main Street"/>
    <tag k="addr:state" v="VT"/>
    <tag k="ref:vcgi:esiteid" v="76629"/>
  </node>
  <node id="-484" visible="true" lat="44.429978930495" lon="-71.88717369252">
    <!-- conflict: "135 High Street, Concord, VT" Fuzzy match to "135 High Street, , VT" -->
    <tag k="addr:city" v="Concord"/>
    <tag k="addr:housenumber" v="135"/>
    <tag k="addr:street" v="High Street"/>
    <tag k="addr:state" v="VT"/>
    <tag k="ref:vcgi:esiteid" v="76630"/>
  </node>
  <node id="-485" visible="true" lat="44.42999805752" lon="-71.886805351481">
    <!-- conflict: "155 High Street, Concord, VT" Fuzzy match to "155 High Street, , VT" -->
    <tag k="addr:city" v="Concord"/>
    <tag k="addr:housenumber" v="155"/>
    <tag k="addr:street" v="High Street"/>
    <tag k="addr:state" v="VT"/>
    <tag k="ref:vcgi:esiteid" v="76631"/>
  </node>
  <node id="-486" visible="true" lat="44.429906336335" lon="-71.885758440909">
    <!-- conflict: "96 Folsom Avenue, Concord, VT" Fuzzy match to "96 Folsom Avenue, , VT" -->
    <tag k="addr:city" v="Concord"/>
    <tag k="addr:housenumber" v="96"/>
    <tag k="addr:street" v="Folsom Avenue"/>
    <tag k="addr:state" v="VT"/>
    <tag k="ref:vcgi:esiteid" v="76632"/>
  </node>
  <node id="-487" visible="true" lat="44.429896967792" lon="-71.889403168149">
    <!-- conflict: "33 High Street Extension, Concord, VT" Fuzzy match to "33 High Street Extension, , VT" -->
    <tag k="addr:city" v="Concord"/>
    <tag k="addr:housenumber" v="33"/>
    <tag k="addr:street" v="High Street Extension"/>
    <tag k="addr:state" v="VT"/>
    <tag k="ref:vcgi:esiteid" v="76633"/>
  </node>
  <node id="-488" visible="true" lat="44.42974038388" lon="-71.886962665749">
    <!-- conflict: "146 High Street, Concord, VT" Fuzzy match to "146 High Street, , VT" -->
    <tag k="addr:city" v="Concord"/>
    <tag k="addr:housenumber" v="146"/>
    <tag k="addr:street" v="High Street"/>
    <tag k="addr:state" v="VT"/>
    <tag k="ref:vcgi:esiteid" v="76634"/>
  </node>
  <node id="-489" visible="true" lat="44.430144159096" lon="-71.913412911934">
    <!-- conflict: "364 Marko Road, Concord, VT" Fuzzy match to "364 Marko Road, , VT" -->
    <tag k="addr:city" v="Concord"/>
    <tag k="addr:housenumber" v="364"/>
    <tag k="addr:street" v="Marko Road"/>
    <tag k="addr:state" v="VT"/>
    <tag k="ref:vcgi:esiteid" v="76635"/>
  </node>
  <node id="-490" visible="true" lat="44.429791295718" lon="-71.893080727558">
    <!-- conflict: "118 Main Street, Concord, VT" Fuzzy match to "118 Main Street, , VT" -->
    <tag k="addr:city" v="Concord"/>
    <tag k="addr:housenumber" v="118"/>
    <tag k="addr:street" v="Main Street"/>
    <tag k="addr:state" v="VT"/>
    <tag k="ref:vcgi:esiteid" v="76636"/>
  </node>
  <node id="-491" visible="true" lat="44.429568394441" lon="-71.86113810063">
    <!-- conflict: "694 Wheaton Road, Concord, VT" Fuzzy match to "694 Wheaton Road, , VT" -->
    <tag k="addr:city" v="Concord"/>
    <tag k="addr:housenumber" v="694"/>
    <tag k="addr:street" v="Wheaton Road"/>
    <tag k="addr:state" v="VT"/>
    <tag k="ref:vcgi:esiteid" v="76637"/>
  </node>
  <node id="-492" visible="true" lat="44.429849099238" lon="-71.891980920754">
    <!-- conflict: "167 Main Street, Concord, VT" Fuzzy match to "167 Main Street, , VT" -->
    <tag k="addr:city" v="Concord"/>
    <tag k="addr:housenumber" v="167"/>
    <tag k="addr:street" v="Main Street"/>
    <tag k="addr:state" v="VT"/>
    <tag k="ref:vcgi:esiteid" v="76638"/>
  </node>
  <node id="-493" visible="true" lat="44.429602241471" lon="-71.892707054977">
    <!-- conflict: "138 Main Street, Concord, VT" Fuzzy match to "138 Main Street, , VT" -->
    <tag k="addr:city" v="Concord"/>
    <tag k="addr:housenumber" v="138"/>
    <tag k="addr:street" v="Main Street"/>
    <tag k="addr:state" v="VT"/>
    <tag k="ref:vcgi:esiteid" v="76639"/>
  </node>
  <node id="-494" visible="true" lat="44.429463352477" lon="-71.89238453375">
    <!-- conflict: "152 Main Street, Concord, VT" Fuzzy match to "152 Main Street, , VT" -->
    <tag k="addr:city" v="Concord"/>
    <tag k="addr:housenumber" v="152"/>
    <tag k="addr:street" v="Main Street"/>
    <tag k="addr:state" v="VT"/>
    <tag k="ref:vcgi:esiteid" v="76640"/>
  </node>
  <node id="-495" visible="true" lat="44.429514374515" lon="-71.888409674098">
    <!-- conflict: "46 High Street, Concord, VT" Fuzzy match to "46 High Street, , VT" -->
    <tag k="addr:city" v="Concord"/>
    <tag k="addr:housenumber" v="46"/>
    <tag k="addr:street" v="High Street"/>
    <tag k="addr:state" v="VT"/>
    <tag k="ref:vcgi:esiteid" v="76642"/>
  </node>
  <node id="-496" visible="true" lat="44.429363070945" lon="-71.892065627771">
    <!-- conflict: "172 Main Street, Concord, VT" Fuzzy match to "172 Main Street, , VT" -->
    <tag k="addr:city" v="Concord"/>
    <tag k="addr:housenumber" v="172"/>
    <tag k="addr:street" v="Main Street"/>
    <tag k="addr:state" v="VT"/>
    <tag k="ref:vcgi:esiteid" v="76643"/>
  </node>
  <node id="-497" visible="true" lat="44.429414241182" lon="-71.885819474673">
    <!-- conflict: "54 Folsom Avenue, Concord, VT" Fuzzy match to "54 Folsom Avenue, , VT" -->
    <tag k="addr:city" v="Concord"/>
    <tag k="addr:housenumber" v="54"/>
    <tag k="addr:street" v="Folsom Avenue"/>
    <tag k="addr:state" v="VT"/>
    <tag k="ref:vcgi:esiteid" v="76644"/>
  </node>
  <node id="-498" visible="true" lat="44.429379907971" lon="-71.88626198052">
    <!-- conflict: "51 Folsom Avenue, Concord, VT" Fuzzy match to "51 Folsom Avenue, , VT" -->
    <tag k="addr:city" v="Concord"/>
    <tag k="addr:housenumber" v="51"/>
    <tag k="addr:street" v="Folsom Avenue"/>
    <tag k="addr:state" v="VT"/>
    <tag k="ref:vcgi:esiteid" v="76645"/>
  </node>
  <node id="-499" visible="true" lat="44.429348978338" lon="-71.887717123983">
    <!-- conflict: "367 Main Street, Concord, VT" Fuzzy match to "367 Main Street, , VT" -->
    <tag k="addr:city" v="Concord"/>
    <tag k="addr:housenumber" v="367"/>
    <tag k="addr:street" v="Main Street"/>
    <tag k="addr:state" v="VT"/>
    <tag k="ref:vcgi:esiteid" v="76646"/>
  </node>
  <node id="-500" visible="true" lat="44.42939584159" lon="-71.888042217681">
    <!-- conflict: "365 Main Street, Concord, VT" Fuzzy match to "365 Main Street, , VT" -->
    <tag k="addr:city" v="Concord"/>
    <tag k="addr:housenumber" v="365"/>
    <tag k="addr:street" v="Main Street"/>
    <tag k="addr:state" v="VT"/>
    <tag k="ref:vcgi:esiteid" v="76647"/>
  </node>
  <node id="-501" visible="true" lat="44.429254021723" lon="-71.886475602367">
    <!-- conflict: "41 Folsom Avenue, Concord, VT" Fuzzy match to "41 Folsom Avenue, , VT" -->
    <tag k="addr:city" v="Concord"/>
    <tag k="addr:housenumber" v="41"/>
    <tag k="addr:street" v="Folsom Avenue"/>
    <tag k="addr:state" v="VT"/>
    <tag k="ref:vcgi:esiteid" v="76648"/>
  </node>
  <node id="-502" visible="true" lat="44.429231065512" lon="-71.891782281695">
    <!-- conflict: "194 Main Street, Concord, VT" Fuzzy match to "194 Main Street, , VT" -->
    <tag k="addr:city" v="Concord"/>
    <tag k="addr:housenumber" v="194"/>
    <tag k="addr:street" v="Main Street"/>
    <tag k="addr:state" v="VT"/>
    <tag k="ref:vcgi:esiteid" v="76649"/>
  </node>
  <node id="-503" visible="true" lat="44.429076647485" lon="-71.891476069368">
    <!-- conflict: "210 Main Street, Concord, VT" Fuzzy match to "210 Main Street, , VT" -->
    <tag k="addr:city" v="Concord"/>
    <tag k="addr:housenumber" v="210"/>
    <tag k="addr:street" v="Main Street"/>
    <tag k="addr:state" v="VT"/>
    <tag k="ref:vcgi:esiteid" v="76650"/>
  </node>
  <node id="-504" visible="true" lat="44.429160730823" lon="-71.886206449195">
    <!-- conflict: "35 Folsom Avenue, Concord, VT" Fuzzy match to "35 Folsom Avenue, , VT" -->
    <tag k="addr:city" v="Concord"/>
    <tag k="addr:housenumber" v="35"/>
    <tag k="addr:street" v="Folsom Avenue"/>
    <tag k="addr:state" v="VT"/>
    <tag k="ref:vcgi:esiteid" v="76651"/>
  </node>
  <node id="-505" visible="true" lat="44.429128376357" lon="-71.885796583896">
    <!-- conflict: "34 Folsom Avenue, Concord, VT" Fuzzy match to "34 Folsom Avenue, , VT" -->
    <tag k="addr:city" v="Concord"/>
    <tag k="addr:housenumber" v="34"/>
    <tag k="addr:street" v="Folsom Avenue"/>
    <tag k="addr:state" v="VT"/>
    <tag k="ref:vcgi:esiteid" v="76653"/>
  </node>
  <node id="-506" visible="true" lat="44.429187501774" lon="-71.884884876216">
    <!-- conflict: "533 Main Street, Concord, VT" Fuzzy match to "533 Main Street, , VT" -->
    <tag k="addr:city" v="Concord"/>
    <tag k="addr:housenumber" v="533"/>
    <tag k="addr:street" v="Main Street"/>
    <tag k="addr:state" v="VT"/>
    <tag k="ref:vcgi:esiteid" v="76654"/>
  </node>
  <node id="-507" visible="true" lat="44.4289774652" lon="-71.891209042459">
    <!-- conflict: "224 Main Street, Concord, VT" Fuzzy match to "224 Main Street, , VT" -->
    <tag k="addr:city" v="Concord"/>
    <tag k="addr:housenumber" v="224"/>
    <tag k="addr:street" v="Main Street"/>
    <tag k="addr:state" v="VT"/>
    <tag k="ref:vcgi:esiteid" v="76655"/>
  </node>
  <node id="-508" visible="true" lat="44.429064059062" lon="-71.884002248563">
    <!-- conflict: "579 Main Street, Concord, VT" Fuzzy match to "579 Main Street, , VT" -->
    <tag k="addr:city" v="Concord"/>
    <tag k="addr:housenumber" v="579"/>
    <tag k="addr:street" v="Main Street"/>
    <tag k="addr:state" v="VT"/>
    <tag k="ref:vcgi:esiteid" v="76656"/>
  </node>
  <node id="-509" visible="true" lat="44.429144448247" lon="-71.890539801472">
    <!-- conflict: "251 Main Street, Concord, VT" Fuzzy match to "251 Main Street, , VT" -->
    <tag k="addr:city" v="Concord"/>
    <tag k="addr:housenumber" v="251"/>
    <tag k="addr:street" v="Main Street"/>
    <tag k="addr:state" v="VT"/>
    <tag k="ref:vcgi:esiteid" v="76657"/>
  </node>
  <node id="-510" visible="true" lat="44.428929445766" lon="-71.887343021944">
    <!-- conflict: "425 Main Street, Concord, VT" Fuzzy match to "425 Main Street, , VT" -->
    <tag k="addr:city" v="Concord"/>
    <tag k="addr:housenumber" v="425"/>
    <tag k="addr:street" v="Main Street"/>
    <tag k="addr:state" v="VT"/>
    <tag k="ref:vcgi:esiteid" v="76658"/>
  </node>
  <node id="-511" visible="true" lat="44.428932599878" lon="-71.887107630894">
    <!-- conflict: "431 Main Street, Concord, VT" Fuzzy match to "431 Main Street, , VT" -->
    <tag k="addr:city" v="Concord"/>
    <tag k="addr:housenumber" v="431"/>
    <tag k="addr:street" v="Main Street"/>
    <tag k="addr:state" v="VT"/>
    <tag k="ref:vcgi:esiteid" v="76659"/>
  </node>
  <node id="-512" visible="true" lat="44.428777360706" lon="-71.890837927289">
    <!-- conflict: "242 Main Street, Concord, VT" Fuzzy match to "242 Main Street, , VT" -->
    <tag k="addr:city" v="Concord"/>
    <tag k="addr:housenumber" v="242"/>
    <tag k="addr:street" v="Main Street"/>
    <tag k="addr:state" v="VT"/>
    <tag k="ref:vcgi:esiteid" v="76660"/>
  </node>
  <node id="-513" visible="true" lat="44.428980758734" lon="-71.888951164886">
    <!-- conflict: "335 Main Street, Concord, VT" Fuzzy match to "335 Main Street, , VT" -->
    <tag k="addr:city" v="Concord"/>
    <tag k="addr:housenumber" v="335"/>
    <tag k="addr:street" v="Main Street"/>
    <tag k="addr:state" v="VT"/>
    <tag k="ref:vcgi:esiteid" v="76661"/>
  </node>
  <node id="-514" visible="true" lat="44.428895441624" lon="-71.884263077861">
    <!-- conflict: "577 Main Street, Concord, VT" Fuzzy match to "577 Main Street, , VT" -->
    <tag k="addr:city" v="Concord"/>
    <tag k="addr:housenumber" v="577"/>
    <tag k="addr:street" v="Main Street"/>
    <tag k="addr:state" v="VT"/>
    <tag k="ref:vcgi:esiteid" v="76662"/>
  </node>
  <node id="-515" visible="true" lat="44.429019932387" lon="-71.889370429498">
    <!-- conflict: "327 Main Street, Concord, VT" Fuzzy match to "327 Main Street, , VT" -->
    <tag k="addr:city" v="Concord"/>
    <tag k="addr:housenumber" v="327"/>
    <tag k="addr:street" v="Main Street"/>
    <tag k="addr:state" v="VT"/>
    <tag k="ref:vcgi:esiteid" v="76663"/>
  </node>
  <node id="-516" visible="true" lat="44.42899756898" lon="-71.889135057817">
    <!-- conflict: "333 Main Street, Concord, VT" Fuzzy match to "333 Main Street, , VT" -->
    <tag k="addr:city" v="Concord"/>
    <tag k="addr:housenumber" v="333"/>
    <tag k="addr:street" v="Main Street"/>
    <tag k="addr:state" v="VT"/>
    <tag k="ref:vcgi:esiteid" v="76664"/>
  </node>
  <node id="-517" visible="true" lat="44.428930862859" lon="-71.887515963942">
    <!-- conflict: "409 Main Street, Concord, VT" Fuzzy match to "409 Main Street, , VT" -->
    <tag k="addr:city" v="Concord"/>
    <tag k="addr:housenumber" v="409"/>
    <tag k="addr:street" v="Main Street"/>
    <tag k="addr:state" v="VT"/>
    <tag k="ref:vcgi:esiteid" v="76665"/>
  </node>
  <node id="-519" visible="true" lat="44.429043315418" lon="-71.889797221141">
    <!-- conflict: "291 Main Street, Concord, VT" Fuzzy match to "291 Main Street, , VT" -->
    <tag k="addr:city" v="Concord"/>
    <tag k="addr:housenumber" v="291"/>
    <tag k="addr:street" v="Main Street"/>
    <tag k="addr:state" v="VT"/>
    <tag k="ref:vcgi:esiteid" v="76667"/>
  </node>
  <node id="-520" visible="true" lat="44.428853480052" lon="-71.884865800726">
    <!-- conflict: "539 Main Street, Concord, VT" Fuzzy match to "539 Main Street, , VT" -->
    <tag k="addr:city" v="Concord"/>
    <tag k="addr:housenumber" v="539"/>
    <tag k="addr:street" v="Main Street"/>
    <tag k="addr:state" v="VT"/>
    <tag k="ref:vcgi:esiteid" v="76668"/>
  </node>
  <node id="-522" visible="true" lat="44.42881151753" lon="-71.884552996695">
    <!-- conflict: "559 Main Street, Concord, VT" Fuzzy match to "559 Main Street, , VT" -->
    <tag k="addr:city" v="Concord"/>
    <tag k="addr:housenumber" v="559"/>
    <tag k="addr:street" v="Main Street"/>
    <tag k="addr:state" v="VT"/>
    <tag k="ref:vcgi:esiteid" v="76670"/>
  </node>
  <node id="-523" visible="true" lat="44.428812534729" lon="-71.885131699506">
    <!-- conflict: "519 Main Street, Concord, VT" Fuzzy match to "519 Main Street, , VT" -->
    <tag k="addr:city" v="Concord"/>
    <tag k="addr:housenumber" v="519"/>
    <tag k="addr:street" v="Main Street"/>
    <tag k="addr:state" v="VT"/>
    <tag k="ref:vcgi:esiteid" v="76671"/>
  </node>
  <node id="-524" visible="true" lat="44.428787743508" lon="-71.885426466522">
    <!-- conflict: "517 Main Street, Concord, VT" Fuzzy match to "517 Main Street, , VT" -->
    <tag k="addr:city" v="Concord"/>
    <tag k="addr:housenumber" v="517"/>
    <tag k="addr:street" v="Main Street"/>
    <tag k="addr:state" v="VT"/>
    <tag k="ref:vcgi:esiteid" v="76672"/>
  </node>
  <node id="-525" visible="true" lat="44.42886824976" lon="-71.886662548929">
    <!-- conflict: "449 Main Street, Concord, VT" Fuzzy match to "449 Main Street, , VT" -->
    <tag k="addr:city" v="Concord"/>
    <tag k="addr:housenumber" v="449"/>
    <tag k="addr:street" v="Main Street"/>
    <tag k="addr:state" v="VT"/>
    <tag k="ref:vcgi:esiteid" v="76673"/>
  </node>
  <node id="-526" visible="true" lat="44.428876071152" lon="-71.885959544597">
    <!-- conflict: "481 Main Street, Concord, VT" Fuzzy match to "481 Main Street, , VT" -->
    <tag k="addr:city" v="Concord"/>
    <tag k="addr:housenumber" v="481"/>
    <tag k="addr:street" v="Main Street"/>
    <tag k="addr:state" v="VT"/>
    <tag k="ref:vcgi:esiteid" v="76674"/>
  </node>
  <node id="-527" visible="true" lat="44.427938165637" lon="-71.752068268294">
    <!-- conflict: "2842 Oregon Road, Lunenburg, VT" Fuzzy match to "2842 Oregon Road, , VT" -->
    <tag k="addr:city" v="Lunenburg"/>
    <tag k="addr:housenumber" v="2842"/>
    <tag k="addr:street" v="Oregon Road"/>
    <tag k="addr:state" v="VT"/>
    <tag k="ref:vcgi:esiteid" v="76675"/>
  </node>
  <node id="-528" visible="true" lat="44.428879828862" lon="-71.886853856439">
    <!-- conflict: "441 Main Street, Concord, VT" Fuzzy match to "441 Main Street, , VT" -->
    <tag k="addr:city" v="Concord"/>
    <tag k="addr:housenumber" v="441"/>
    <tag k="addr:street" v="Main Street"/>
    <tag k="addr:state" v="VT"/>
    <tag k="ref:vcgi:esiteid" v="76676"/>
  </node>
  <node id="-529" visible="true" lat="44.428794721712" lon="-71.885742988231">
    <!-- conflict: "497 Main Street, Concord, VT" Fuzzy match to "497 Main Street, , VT" -->
    <tag k="addr:city" v="Concord"/>
    <tag k="addr:housenumber" v="497"/>
    <tag k="addr:street" v="Main Street"/>
    <tag k="addr:state" v="VT"/>
    <tag k="ref:vcgi:esiteid" v="76677"/>
  </node>
  <node id="-530" visible="true" lat="44.427999533069" lon="-71.754804235754">
    <!-- conflict: "47 Beagle Drive, Lunenburg, VT" Fuzzy match to "47 Beagle Drive, , VT" -->
    <tag k="addr:city" v="Lunenburg"/>
    <tag k="addr:housenumber" v="47"/>
    <tag k="addr:street" v="Beagle Drive"/>
    <tag k="addr:state" v="VT"/>
    <tag k="ref:vcgi:esiteid" v="76678"/>
  </node>
  <node id="-531" visible="true" lat="44.42874114388" lon="-71.890514541436">
    <!-- conflict: "266 Main Street, Concord, VT" Fuzzy match to "266 Main Street, , VT" -->
    <tag k="addr:city" v="Concord"/>
    <tag k="addr:housenumber" v="266"/>
    <tag k="addr:street" v="Main Street"/>
    <tag k="addr:state" v="VT"/>
    <tag k="ref:vcgi:esiteid" v="76679"/>
  </node>
  <node id="-532" visible="true" lat="44.428646942099" lon="-71.888480623388">
    <!-- conflict: "356 Main Street, Concord, VT" Fuzzy match to "356 Main Street, , VT" -->
    <tag k="addr:city" v="Concord"/>
    <tag k="addr:housenumber" v="356"/>
    <tag k="addr:street" v="Main Street"/>
    <tag k="addr:state" v="VT"/>
    <tag k="ref:vcgi:esiteid" v="76680"/>
  </node>
  <node id="-533" visible="true" lat="44.428643944042" lon="-71.890231387548">
    <!-- conflict: "270 Main Street, Concord, VT" Fuzzy match to "270 Main Street, , VT" -->
    <tag k="addr:city" v="Concord"/>
    <tag k="addr:housenumber" v="270"/>
    <tag k="addr:street" v="Main Street"/>
    <tag k="addr:state" v="VT"/>
    <tag k="ref:vcgi:esiteid" v="76681"/>
  </node>
  <node id="-534" visible="true" lat="44.428621835516" lon="-71.889872384226">
    <!-- conflict: "288 Main Street, Concord, VT" Fuzzy match to "288 Main Street, , VT" -->
    <tag k="addr:city" v="Concord"/>
    <tag k="addr:housenumber" v="288"/>
    <tag k="addr:street" v="Main Street"/>
    <tag k="addr:state" v="VT"/>
    <tag k="ref:vcgi:esiteid" v="76682"/>
  </node>
  <node id="-536" visible="true" lat="44.428567377333" lon="-71.883576432347">
    <!-- conflict: "56 Royalston Corner Road, Concord, VT" Fuzzy match to "56 Royalston Corner Road, , VT" -->
    <tag k="addr:city" v="Concord"/>
    <tag k="addr:housenumber" v="56"/>
    <tag k="addr:street" v="Royalston Corner Road"/>
    <tag k="addr:state" v="VT"/>
    <tag k="ref:vcgi:esiteid" v="76684"/>
  </node>
  <node id="-537" visible="true" lat="44.428474443956" lon="-71.886437804008">
    <!-- conflict: "456 Main Street, Concord, VT" Fuzzy match to "456 Main Street, , VT" -->
    <tag k="addr:city" v="Concord"/>
    <tag k="addr:housenumber" v="456"/>
    <tag k="addr:street" v="Main Street"/>
    <tag k="addr:state" v="VT"/>
    <tag k="ref:vcgi:esiteid" v="76685"/>
  </node>
  <node id="-538" visible="true" lat="44.428616162331" lon="-71.888853145955">
    <!-- conflict: "49 Shadow Lake Road, Concord, VT" Fuzzy match to "49 Shadow Lake Road, , VT" -->
    <tag k="addr:city" v="Concord"/>
    <tag k="addr:housenumber" v="49"/>
    <tag k="addr:street" v="Shadow Lake Road"/>
    <tag k="addr:state" v="VT"/>
    <tag k="ref:vcgi:esiteid" v="76686"/>
  </node>
  <node id="-539" visible="true" lat="44.428440335138" lon="-71.885713555344">
    <!-- conflict: "494 Main Street, Concord, VT" Fuzzy match to "494 Main Street, , VT" -->
    <tag k="addr:city" v="Concord"/>
    <tag k="addr:housenumber" v="494"/>
    <tag k="addr:street" v="Main Street"/>
    <tag k="addr:state" v="VT"/>
    <tag k="ref:vcgi:esiteid" v="76687"/>
  </node>
  <node id="-540" visible="true" lat="44.42853519335" lon="-71.881648140879">
    <!-- conflict: "68 Eastern Avenue, Concord, VT" Fuzzy match to "68 Eastern Avenue, , VT" -->
    <tag k="addr:city" v="Concord"/>
    <tag k="addr:housenumber" v="68"/>
    <tag k="addr:street" v="Eastern Avenue"/>
    <tag k="addr:state" v="VT"/>
    <tag k="ref:vcgi:esiteid" v="76688"/>
  </node>
  <node id="-541" visible="true" lat="44.42861556304" lon="-71.912685870743">
    <!-- conflict: "230 Marko Road, Concord, VT" Fuzzy match to "230 Marko Road, , VT" -->
    <tag k="addr:city" v="Concord"/>
    <tag k="addr:housenumber" v="230"/>
    <tag k="addr:street" v="Marko Road"/>
    <tag k="addr:state" v="VT"/>
    <tag k="ref:vcgi:esiteid" v="76689"/>
  </node>
  <node id="-542" visible="true" lat="44.428376643025" lon="-71.886063615392">
    <!-- conflict: "468 Main Street, Concord, VT" Fuzzy match to "468 Main Street, , VT" -->
    <tag k="addr:city" v="Concord"/>
    <tag k="addr:housenumber" v="468"/>
    <tag k="addr:street" v="Main Street"/>
    <tag k="addr:state" v="VT"/>
    <tag k="ref:vcgi:esiteid" v="76690"/>
  </node>
  <node id="-543" visible="true" lat="44.427468976325" lon="-71.753200978998">
    <!-- conflict: "373 Cedar Street, Lunenburg, VT" Fuzzy match to "373 Cedar Street, , VT" -->
    <tag k="addr:city" v="Lunenburg"/>
    <tag k="addr:housenumber" v="373"/>
    <tag k="addr:street" v="Cedar Street"/>
    <tag k="addr:state" v="VT"/>
    <tag k="ref:vcgi:esiteid" v="76691"/>
  </node>
  <node id="-544" visible="true" lat="44.427082344046" lon="-71.780259730222">
    <!-- conflict: "1300 Leonard Hill Road, Concord, VT" Fuzzy match to "1300 Leonard Hill Road, , VT" -->
    <tag k="addr:city" v="Concord"/>
    <tag k="addr:housenumber" v="1300"/>
    <tag k="addr:street" v="Leonard Hill Road"/>
    <tag k="addr:state" v="VT"/>
    <tag k="ref:vcgi:esiteid" v="76692"/>
  </node>
  <node id="-545" visible="true" lat="44.42821085765" lon="-71.892731650141">
    <!-- conflict: "2537 Cross Road, Concord, VT" Fuzzy match to "2537 Cross Road, , VT" -->
    <tag k="addr:city" v="Concord"/>
    <tag k="addr:housenumber" v="2537"/>
    <tag k="addr:street" v="Cross Road"/>
    <tag k="addr:state" v="VT"/>
    <tag k="ref:vcgi:esiteid" v="76693"/>
  </node>
  <node id="-546" visible="true" lat="44.428108060115" lon="-71.882538862976">
    <!-- conflict: "15 Eastern Avenue, Concord, VT" Fuzzy match to "15 Eastern Avenue, , VT" -->
    <tag k="addr:city" v="Concord"/>
    <tag k="addr:housenumber" v="15"/>
    <tag k="addr:street" v="Eastern Avenue"/>
    <tag k="addr:state" v="VT"/>
    <tag k="ref:vcgi:esiteid" v="76694"/>
  </node>
  <node id="-547" visible="true" lat="44.427284723405" lon="-71.754752278559">
    <!-- conflict: "267 Cedar Street, Lunenburg, VT" Fuzzy match to "267 Cedar Street, , VT" -->
    <tag k="addr:city" v="Lunenburg"/>
    <tag k="addr:housenumber" v="267"/>
    <tag k="addr:street" v="Cedar Street"/>
    <tag k="addr:state" v="VT"/>
    <tag k="ref:vcgi:esiteid" v="76695"/>
  </node>
  <node id="-548" visible="true" lat="44.427996356055" lon="-71.894145464704">
    <!-- conflict: "2521 Cross Road, Concord, VT" Fuzzy match to "2521 Cross Road, , VT" -->
    <tag k="addr:city" v="Concord"/>
    <tag k="addr:housenumber" v="2521"/>
    <tag k="addr:street" v="Cross Road"/>
    <tag k="addr:state" v="VT"/>
    <tag k="ref:vcgi:esiteid" v="76696"/>
  </node>
  <node id="-549" visible="true" lat="44.427957046685" lon="-71.883027619652">
    <!-- conflict: "263 South Street, Concord, VT" Fuzzy match to "263 South Street, , VT" -->
    <tag k="addr:city" v="Concord"/>
    <tag k="addr:housenumber" v="263"/>
    <tag k="addr:street" v="South Street"/>
    <tag k="addr:state" v="VT"/>
    <tag k="ref:vcgi:esiteid" v="76697"/>
  </node>
  <node id="-550" visible="true" lat="44.427123488067" lon="-71.753443469107">
    <!-- conflict: "336 Cedar Street, Lunenburg, VT" Fuzzy match to "336 Cedar Street, , VT" -->
    <tag k="addr:city" v="Lunenburg"/>
    <tag k="addr:housenumber" v="336"/>
    <tag k="addr:street" v="Cedar Street"/>
    <tag k="addr:state" v="VT"/>
    <tag k="ref:vcgi:esiteid" v="76698"/>
  </node>
  <node id="-551" visible="true" lat="44.427085433372" lon="-71.755473745225">
    <!-- conflict: "229 Cedar Street, Lunenburg, VT" Fuzzy match to "229 Cedar Street, , VT" -->
    <tag k="addr:city" v="Lunenburg"/>
    <tag k="addr:housenumber" v="229"/>
    <tag k="addr:street" v="Cedar Street"/>
    <tag k="addr:state" v="VT"/>
    <tag k="ref:vcgi:esiteid" v="76699"/>
  </node>
  <node id="-552" visible="true" lat="44.42787149048" lon="-71.882440735378">
    <!-- conflict: "18 Eastern Avenue, Concord, VT" Fuzzy match to "18 Eastern Avenue, , VT" -->
    <tag k="addr:city" v="Concord"/>
    <tag k="addr:housenumber" v="18"/>
    <tag k="addr:street" v="Eastern Avenue"/>
    <tag k="addr:state" v="VT"/>
    <tag k="ref:vcgi:esiteid" v="76700"/>
  </node>
  <node id="-553" visible="true" lat="44.427984252137" lon="-71.879504613505">
    <!-- conflict: "181 Long Hill Road, Concord, VT" Fuzzy match to "181 Long Hill Road, , VT" -->
    <tag k="addr:city" v="Concord"/>
    <tag k="addr:housenumber" v="181"/>
    <tag k="addr:street" v="Long Hill Road"/>
    <tag k="addr:state" v="VT"/>
    <tag k="ref:vcgi:esiteid" v="76701"/>
  </node>
  <node id="-554" visible="true" lat="44.4280028662" lon="-71.877918851573">
    <!-- conflict: "241 Long Hill Road, Concord, VT" Fuzzy match to "241 Long Hill Road, , VT" -->
    <tag k="addr:city" v="Concord"/>
    <tag k="addr:housenumber" v="241"/>
    <tag k="addr:street" v="Long Hill Road"/>
    <tag k="addr:state" v="VT"/>
    <tag k="ref:vcgi:esiteid" v="76702"/>
  </node>
  <node id="-555" visible="true" lat="44.426833637743" lon="-71.801051786904">
    <!-- conflict: "2244 Leonard Hill Road, Concord, VT" Fuzzy match to "2244 Leonard Hill Road, , VT" -->
    <tag k="addr:city" v="Concord"/>
    <tag k="addr:housenumber" v="2244"/>
    <tag k="addr:street" v="Leonard Hill Road"/>
    <tag k="addr:state" v="VT"/>
    <tag k="ref:vcgi:esiteid" v="76703"/>
  </node>
  <node id="-556" visible="true" lat="44.427865472847" lon="-71.91008858642">
    <!-- conflict: "88 Marko Road, Concord, VT" Fuzzy match to "88 Marko Road, , VT" -->
    <tag k="addr:city" v="Concord"/>
    <tag k="addr:housenumber" v="88"/>
    <tag k="addr:street" v="Marko Road"/>
    <tag k="addr:state" v="VT"/>
    <tag k="ref:vcgi:esiteid" v="76704"/>
  </node>
  <node id="-557" visible="true" lat="44.427685323889" lon="-71.882680755131">
    <!-- conflict: "11 Long Hill Road, Concord, VT" Fuzzy match to "11 Long Hill Road, , VT" -->
    <tag k="addr:city" v="Concord"/>
    <tag k="addr:housenumber" v="11"/>
    <tag k="addr:street" v="Long Hill Road"/>
    <tag k="addr:state" v="VT"/>
    <tag k="ref:vcgi:esiteid" v="76705"/>
  </node>
  <node id="-558" visible="true" lat="44.426936371624" lon="-71.751162525613">
    <!-- conflict: "35 West Thomas Road, Lunenburg, VT" Fuzzy match to "35 West Thomas Road, , VT" -->
    <tag k="addr:city" v="Lunenburg"/>
    <tag k="addr:housenumber" v="35"/>
    <tag k="addr:street" v="West Thomas Road"/>
    <tag k="addr:state" v="VT"/>
    <tag k="ref:vcgi:esiteid" v="76706"/>
  </node>
  <node id="-559" visible="true" lat="44.427605105697" lon="-71.889062534299">
    <!-- conflict: "2720 Cross Road, Concord, VT" Fuzzy match to "2720 Cross Road, , VT" -->
    <tag k="addr:city" v="Concord"/>
    <tag k="addr:housenumber" v="2720"/>
    <tag k="addr:street" v="Cross Road"/>
    <tag k="addr:state" v="VT"/>
    <tag k="ref:vcgi:esiteid" v="76707"/>
  </node>
  <node id="-560" visible="true" lat="44.42679736121" lon="-71.751633640367">
    <!-- conflict: "12 West Thomas Road, Lunenburg, VT" Fuzzy match to "12 West Thomas Road, , VT" -->
    <tag k="addr:city" v="Lunenburg"/>
    <tag k="addr:housenumber" v="12"/>
    <tag k="addr:street" v="West Thomas Road"/>
    <tag k="addr:state" v="VT"/>
    <tag k="ref:vcgi:esiteid" v="76708"/>
  </node>
  <node id="-561" visible="true" lat="44.427595280385" lon="-71.888354511252">
    <!-- conflict: "113 Shadow Lake Road, Concord, VT" Fuzzy match to "113 Shadow Lake Road, , VT" -->
    <tag k="addr:city" v="Concord"/>
    <tag k="addr:housenumber" v="113"/>
    <tag k="addr:street" v="Shadow Lake Road"/>
    <tag k="addr:state" v="VT"/>
    <tag k="ref:vcgi:esiteid" v="76709"/>
  </node>
  <node id="-562" visible="true" lat="44.427520051958" lon="-71.891793310077">
    <!-- conflict: "54 Prospect Street, Concord, VT" Fuzzy match to "54 Prospect Street, , VT" -->
    <tag k="addr:city" v="Concord"/>
    <tag k="addr:housenumber" v="54"/>
    <tag k="addr:street" v="Prospect Street"/>
    <tag k="addr:state" v="VT"/>
    <tag k="ref:vcgi:esiteid" v="76710"/>
  </node>
  <node id="-563" visible="true" lat="44.427405468581" lon="-71.882734856447">
    <!-- conflict: "10 Long Hill Road, Concord, VT" Fuzzy match to "10 Long Hill Road, , VT" -->
    <tag k="addr:city" v="Concord"/>
    <tag k="addr:housenumber" v="10"/>
    <tag k="addr:street" v="Long Hill Road"/>
    <tag k="addr:state" v="VT"/>
    <tag k="ref:vcgi:esiteid" v="76711"/>
  </node>
  <node id="-564" visible="true" lat="44.42759198458" lon="-71.881382561677">
    <!-- conflict: "77 Long Hill Road, Concord, VT" Fuzzy match to "77 Long Hill Road, , VT" -->
    <tag k="addr:city" v="Concord"/>
    <tag k="addr:housenumber" v="77"/>
    <tag k="addr:street" v="Long Hill Road"/>
    <tag k="addr:state" v="VT"/>
    <tag k="ref:vcgi:esiteid" v="76712"/>
  </node>
  <node id="-565" visible="true" lat="44.427557792761" lon="-71.894978192461">
    <!-- conflict: "2423 Cross Road, Concord, VT" Fuzzy match to "2423 Cross Road, , VT" -->
    <tag k="addr:city" v="Concord"/>
    <tag k="addr:housenumber" v="2423"/>
    <tag k="addr:street" v="Cross Road"/>
    <tag k="addr:state" v="VT"/>
    <tag k="ref:vcgi:esiteid" v="76713"/>
  </node>
  <node id="-566" visible="true" lat="44.427487411114" lon="-71.883590375009">
    <!-- conflict: "205 South Street, Concord, VT" Fuzzy match to "205 South Street, , VT" -->
    <tag k="addr:city" v="Concord"/>
    <tag k="addr:housenumber" v="205"/>
    <tag k="addr:street" v="South Street"/>
    <tag k="addr:state" v="VT"/>
    <tag k="ref:vcgi:esiteid" v="76714"/>
  </node>
  <node id="-567" visible="true" lat="44.427268111746" lon="-71.890316337061">
    <!-- conflict: "31 Prospect Street, Concord, VT" Fuzzy match to "31 Prospect Street, , VT" -->
    <tag k="addr:city" v="Concord"/>
    <tag k="addr:housenumber" v="31"/>
    <tag k="addr:street" v="Prospect Street"/>
    <tag k="addr:state" v="VT"/>
    <tag k="ref:vcgi:esiteid" v="76715"/>
  </node>
  <node id="-568" visible="true" lat="44.426632530681" lon="-71.755437995641">
    <!-- conflict: "208 Cedar Street, Lunenburg, VT" Fuzzy match to "208 Cedar Street, , VT" -->
    <tag k="addr:city" v="Lunenburg"/>
    <tag k="addr:housenumber" v="208"/>
    <tag k="addr:street" v="Cedar Street"/>
    <tag k="addr:state" v="VT"/>
    <tag k="ref:vcgi:esiteid" v="76716"/>
  </node>
  <node id="-569" visible="true" lat="44.427177684404" lon="-71.889190823324">
    <!-- conflict: "44 School Street, Concord, VT" Fuzzy match to "44 School Street, , VT" -->
    <tag k="addr:city" v="Concord"/>
    <tag k="addr:housenumber" v="44"/>
    <tag k="addr:street" v="School Street"/>
    <tag k="addr:state" v="VT"/>
    <tag k="ref:vcgi:esiteid" v="76717"/>
  </node>
  <node id="-570" visible="true" lat="44.426487872048" lon="-71.751229878117">
    <!-- conflict: "42 West Thomas Road, Lunenburg, VT" Fuzzy match to "42 West Thomas Road, , VT" -->
    <tag k="addr:city" v="Lunenburg"/>
    <tag k="addr:housenumber" v="42"/>
    <tag k="addr:street" v="West Thomas Road"/>
    <tag k="addr:state" v="VT"/>
    <tag k="ref:vcgi:esiteid" v="76718"/>
  </node>
  <node id="-571" visible="true" lat="44.427218381205" lon="-71.892974007024">
    <!-- conflict: "116 Prospect Street, Concord, VT" Fuzzy match to "116 Prospect Street, , VT" -->
    <tag k="addr:city" v="Concord"/>
    <tag k="addr:housenumber" v="116"/>
    <tag k="addr:street" v="Prospect Street"/>
    <tag k="addr:state" v="VT"/>
    <tag k="ref:vcgi:esiteid" v="76719"/>
  </node>
  <node id="-572" visible="true" lat="44.42720774534" lon="-71.881890874979">
    <!-- conflict: "50 Long Hill Road, Concord, VT" Fuzzy match to "50 Long Hill Road, , VT" -->
    <tag k="addr:city" v="Concord"/>
    <tag k="addr:housenumber" v="50"/>
    <tag k="addr:street" v="Long Hill Road"/>
    <tag k="addr:state" v="VT"/>
    <tag k="ref:vcgi:esiteid" v="76720"/>
  </node>
  <node id="-573" visible="true" lat="44.427186534899" lon="-71.878723782759">
    <!-- conflict: "248 Long Hill Road, Concord, VT" Fuzzy match to "248 Long Hill Road, , VT" -->
    <tag k="addr:city" v="Concord"/>
    <tag k="addr:housenumber" v="248"/>
    <tag k="addr:street" v="Long Hill Road"/>
    <tag k="addr:state" v="VT"/>
    <tag k="ref:vcgi:esiteid" v="76721"/>
  </node>
  <node id="-574" visible="true" lat="44.427289453284" lon="-71.890755695072">
    <!-- conflict: "57 Prospect Street, Concord, VT" Fuzzy match to "57 Prospect Street, , VT" -->
    <tag k="addr:city" v="Concord"/>
    <tag k="addr:housenumber" v="57"/>
    <tag k="addr:street" v="Prospect Street"/>
    <tag k="addr:state" v="VT"/>
    <tag k="ref:vcgi:esiteid" v="76722"/>
  </node>
  <node id="-575" visible="true" lat="44.426488372277" lon="-71.755593295516">
    <!-- conflict: "198 Cedar Street, Lunenburg, VT" Fuzzy match to "198 Cedar Street, , VT" -->
    <tag k="addr:city" v="Lunenburg"/>
    <tag k="addr:housenumber" v="198"/>
    <tag k="addr:street" v="Cedar Street"/>
    <tag k="addr:state" v="VT"/>
    <tag k="ref:vcgi:esiteid" v="76723"/>
  </node>
  <node id="-576" visible="true" lat="44.426391615526" lon="-71.75650740788">
    <!-- conflict: "173 Cedar Street, Lunenburg, VT" Fuzzy match to "173 Cedar Street, , VT" -->
    <tag k="addr:city" v="Lunenburg"/>
    <tag k="addr:housenumber" v="173"/>
    <tag k="addr:street" v="Cedar Street"/>
    <tag k="addr:state" v="VT"/>
    <tag k="ref:vcgi:esiteid" v="76724"/>
  </node>
  <node id="-577" visible="true" lat="44.427262750316" lon="-71.894997640241">
    <!-- conflict: "2410 Cross Road, Concord, VT" Fuzzy match to "2410 Cross Road, , VT" -->
    <tag k="addr:city" v="Concord"/>
    <tag k="addr:housenumber" v="2410"/>
    <tag k="addr:street" v="Cross Road"/>
    <tag k="addr:state" v="VT"/>
    <tag k="ref:vcgi:esiteid" v="76725"/>
  </node>
  <node id="-578" visible="true" lat="44.427335228707" lon="-71.910607385663">
    <!-- conflict: "86 Marko Road, Concord, VT" Fuzzy match to "86 Marko Road, , VT" -->
    <tag k="addr:city" v="Concord"/>
    <tag k="addr:housenumber" v="86"/>
    <tag k="addr:street" v="Marko Road"/>
    <tag k="addr:state" v="VT"/>
    <tag k="ref:vcgi:esiteid" v="76726"/>
  </node>
  <node id="-579" visible="true" lat="44.426312716175" lon="-71.755800804648">
    <!-- conflict: "184 Cedar Street, Lunenburg, VT" Fuzzy match to "184 Cedar Street, , VT" -->
    <tag k="addr:city" v="Lunenburg"/>
    <tag k="addr:housenumber" v="184"/>
    <tag k="addr:street" v="Cedar Street"/>
    <tag k="addr:state" v="VT"/>
    <tag k="ref:vcgi:esiteid" v="76727"/>
  </node>
  <node id="-580" visible="true" lat="44.426180876372" lon="-71.760151590619">
    <!-- conflict: "175 Maple Street, Lunenburg, VT" Fuzzy match to "175 Maple Street, , VT" -->
    <tag k="addr:city" v="Lunenburg"/>
    <tag k="addr:housenumber" v="175"/>
    <tag k="addr:street" v="Maple Street"/>
    <tag k="addr:state" v="VT"/>
    <tag k="ref:vcgi:esiteid" v="76728"/>
  </node>
  <node id="-581" visible="true" lat="44.426993754233" lon="-71.8975601537">
    <!-- conflict: "2286 Cross Road, Concord, VT" Fuzzy match to "2286 Cross Road, , VT" -->
    <tag k="addr:city" v="Concord"/>
    <tag k="addr:housenumber" v="2286"/>
    <tag k="addr:street" v="Cross Road"/>
    <tag k="addr:state" v="VT"/>
    <tag k="ref:vcgi:esiteid" v="76729"/>
  </node>
  <node id="-582" visible="true" lat="44.427042955934" lon="-71.911694926989">
    <!-- conflict: "143 Marko Road, Concord, VT" Fuzzy match to "143 Marko Road, , VT" -->
    <tag k="addr:city" v="Concord"/>
    <tag k="addr:housenumber" v="143"/>
    <tag k="addr:street" v="Marko Road"/>
    <tag k="addr:state" v="VT"/>
    <tag k="ref:vcgi:esiteid" v="76730"/>
  </node>
  <node id="-583" visible="true" lat="44.427988249899" lon="-71.91408455101">
    <!-- conflict: "209 Marko Road, Concord, VT" Fuzzy match to "209 Marko Road, , VT" -->
    <tag k="addr:city" v="Concord"/>
    <tag k="addr:housenumber" v="209"/>
    <tag k="addr:street" v="Marko Road"/>
    <tag k="addr:state" v="VT"/>
    <tag k="ref:vcgi:esiteid" v="76731"/>
  </node>
  <node id="-584" visible="true" lat="44.426953759377" lon="-71.884972612342">
    <!-- conflict: "122 South Street, Concord, VT" Fuzzy match to "122 South Street, , VT" -->
    <tag k="addr:city" v="Concord"/>
    <tag k="addr:housenumber" v="122"/>
    <tag k="addr:street" v="South Street"/>
    <tag k="addr:state" v="VT"/>
    <tag k="ref:vcgi:esiteid" v="76732"/>
  </node>
  <node id="-585" visible="true" lat="44.426892725458" lon="-71.884240190111">
    <!-- conflict: "134 South Street, Concord, VT" Fuzzy match to "134 South Street, , VT" -->
    <tag k="addr:city" v="Concord"/>
    <tag k="addr:housenumber" v="134"/>
    <tag k="addr:street" v="South Street"/>
    <tag k="addr:state" v="VT"/>
    <tag k="ref:vcgi:esiteid" v="76733"/>
  </node>
  <node id="-586" visible="true" lat="44.42689301524" lon="-71.891596497057">
    <!-- conflict: "101 Prospect Street, Concord, VT" Fuzzy match to "101 Prospect Street, , VT" -->
    <tag k="addr:city" v="Concord"/>
    <tag k="addr:housenumber" v="101"/>
    <tag k="addr:street" v="Prospect Street"/>
    <tag k="addr:state" v="VT"/>
    <tag k="ref:vcgi:esiteid" v="76734"/>
  </node>
  <node id="-587" visible="true" lat="44.426965203759" lon="-71.90057472939">
    <!-- conflict: "2141 Cross Road, Concord, VT" Fuzzy match to "2141 Cross Road, , VT" -->
    <tag k="addr:city" v="Concord"/>
    <tag k="addr:housenumber" v="2141"/>
    <tag k="addr:street" v="Cross Road"/>
    <tag k="addr:state" v="VT"/>
    <tag k="ref:vcgi:esiteid" v="76735"/>
  </node>
  <node id="-588" visible="true" lat="44.4269100424" lon="-71.890977774449">
    <!-- conflict: "104 School Street, Concord, VT" Fuzzy match to "104 School Street, , VT" -->
    <tag k="addr:city" v="Concord"/>
    <tag k="addr:housenumber" v="104"/>
    <tag k="addr:street" v="School Street"/>
    <tag k="addr:state" v="VT"/>
    <tag k="ref:vcgi:esiteid" v="76736"/>
  </node>
  <node id="-589" visible="true" lat="44.42691424128" lon="-71.887286700585">
    <!-- conflict: "11 South Street, Concord, VT" Fuzzy match to "11 South Street, , VT" -->
    <tag k="addr:city" v="Concord"/>
    <tag k="addr:housenumber" v="11"/>
    <tag k="addr:street" v="South Street"/>
    <tag k="addr:state" v="VT"/>
    <tag k="ref:vcgi:esiteid" v="76737"/>
  </node>
  <node id="-590" visible="true" lat="44.426029984753" lon="-71.752075346004">
    <!-- conflict: "2983 Oregon Road, Lunenburg, VT" Fuzzy match to "2983 Oregon Road, , VT" -->
    <tag k="addr:city" v="Lunenburg"/>
    <tag k="addr:housenumber" v="2983"/>
    <tag k="addr:street" v="Oregon Road"/>
    <tag k="addr:state" v="VT"/>
    <tag k="ref:vcgi:esiteid" v="76738"/>
  </node>
  <node id="-592" visible="true" lat="44.425982532792" lon="-71.752790736441">
    <!-- conflict: "2992 Oregon Road, Lunenburg, VT" Fuzzy match to "2992 Oregon Road, , VT" -->
    <tag k="addr:city" v="Lunenburg"/>
    <tag k="addr:housenumber" v="2992"/>
    <tag k="addr:street" v="Oregon Road"/>
    <tag k="addr:state" v="VT"/>
    <tag k="ref:vcgi:esiteid" v="76740"/>
  </node>
  <node id="-593" visible="true" lat="44.426778284238" lon="-71.885796586777">
    <!-- conflict: "80 South Street, Concord, VT" Fuzzy match to "80 South Street, , VT" -->
    <tag k="addr:city" v="Concord"/>
    <tag k="addr:housenumber" v="80"/>
    <tag k="addr:street" v="South Street"/>
    <tag k="addr:state" v="VT"/>
    <tag k="ref:vcgi:esiteid" v="76741"/>
  </node>
  <node id="-594" visible="true" lat="44.426745334477" lon="-71.885307982931">
    <!-- conflict: "98 South Street, Concord, VT" Fuzzy match to "98 South Street, , VT" -->
    <tag k="addr:city" v="Concord"/>
    <tag k="addr:housenumber" v="98"/>
    <tag k="addr:street" v="South Street"/>
    <tag k="addr:state" v="VT"/>
    <tag k="ref:vcgi:esiteid" v="76742"/>
  </node>
  <node id="-595" visible="true" lat="44.426820245999" lon="-71.901398703822">
    <!-- conflict: "2103 Cross Road, Concord, VT" Fuzzy match to "2103 Cross Road, , VT" -->
    <tag k="addr:city" v="Concord"/>
    <tag k="addr:housenumber" v="2103"/>
    <tag k="addr:street" v="Cross Road"/>
    <tag k="addr:state" v="VT"/>
    <tag k="ref:vcgi:esiteid" v="76743"/>
  </node>
  <node id="-596" visible="true" lat="44.426732506522" lon="-71.885544816696">
    <!-- conflict: "92 South Street, Concord, VT" Fuzzy match to "92 South Street, , VT" -->
    <tag k="addr:city" v="Concord"/>
    <tag k="addr:housenumber" v="92"/>
    <tag k="addr:street" v="South Street"/>
    <tag k="addr:state" v="VT"/>
    <tag k="ref:vcgi:esiteid" v="76744"/>
  </node>
  <node id="-597" visible="true" lat="44.426697785002" lon="-71.892459196727">
    <!-- conflict: "138 Prospect Street, Concord, VT" Fuzzy match to "138 Prospect Street, , VT" -->
    <tag k="addr:city" v="Concord"/>
    <tag k="addr:housenumber" v="138"/>
    <tag k="addr:street" v="Prospect Street"/>
    <tag k="addr:state" v="VT"/>
    <tag k="ref:vcgi:esiteid" v="76745"/>
  </node>
  <node id="-598" visible="true" lat="44.426623902991" lon="-71.88665197591">
    <!-- conflict: "54 South Street, Concord, VT" Fuzzy match to "54 South Street, , VT" -->
    <tag k="addr:city" v="Concord"/>
    <tag k="addr:housenumber" v="54"/>
    <tag k="addr:street" v="South Street"/>
    <tag k="addr:state" v="VT"/>
    <tag k="ref:vcgi:esiteid" v="76746"/>
  </node>
  <node id="-599" visible="true" lat="44.426601458883" lon="-71.899272978296">
    <!-- conflict: "2234 Cross Road, Concord, VT" Fuzzy match to "2234 Cross Road, , VT" -->
    <tag k="addr:city" v="Concord"/>
    <tag k="addr:housenumber" v="2234"/>
    <tag k="addr:street" v="Cross Road"/>
    <tag k="addr:state" v="VT"/>
    <tag k="ref:vcgi:esiteid" v="76747"/>
  </node>
  <node id="-600" visible="true" lat="44.425778837521" lon="-71.752068514324">
    <!-- conflict: "2999 Oregon Road, Lunenburg, VT" Fuzzy match to "2999 Oregon Road, , VT" -->
    <tag k="addr:city" v="Lunenburg"/>
    <tag k="addr:housenumber" v="2999"/>
    <tag k="addr:street" v="Oregon Road"/>
    <tag k="addr:state" v="VT"/>
    <tag k="ref:vcgi:esiteid" v="76748"/>
  </node>
  <node id="-601" visible="true" lat="44.425657015108" lon="-71.758321229206">
    <!-- conflict: "66 Maple Street, Lunenburg, VT" Fuzzy match to "66 Maple Street, , VT" -->
    <tag k="addr:city" v="Lunenburg"/>
    <tag k="addr:housenumber" v="66"/>
    <tag k="addr:street" v="Maple Street"/>
    <tag k="addr:state" v="VT"/>
    <tag k="ref:vcgi:esiteid" v="76749"/>
  </node>
  <node id="-603" visible="true" lat="44.42818004594" lon="-71.771997801266">
    <!-- conflict: "924 Leonard Hill Road, Concord, VT" Fuzzy match to "924 Leonard Hill Road, , VT" -->
    <tag k="addr:city" v="Concord"/>
    <tag k="addr:housenumber" v="924"/>
    <tag k="addr:street" v="Leonard Hill Road"/>
    <tag k="addr:state" v="VT"/>
    <tag k="ref:vcgi:esiteid" v="76751"/>
  </node>
  <node id="-604" visible="true" lat="44.426396814057" lon="-71.900559469925">
    <!-- conflict: "2118 Cross Road, Concord, VT" Fuzzy match to "2118 Cross Road, , VT" -->
    <tag k="addr:city" v="Concord"/>
    <tag k="addr:housenumber" v="2118"/>
    <tag k="addr:street" v="Cross Road"/>
    <tag k="addr:state" v="VT"/>
    <tag k="ref:vcgi:esiteid" v="76752"/>
  </node>
  <node id="-606" visible="true" lat="44.425504738495" lon="-71.752205134711">
    <!-- conflict: "3021 Oregon Road, Lunenburg, VT" Fuzzy match to "3021 Oregon Road, , VT" -->
    <tag k="addr:city" v="Lunenburg"/>
    <tag k="addr:housenumber" v="3021"/>
    <tag k="addr:street" v="Oregon Road"/>
    <tag k="addr:state" v="VT"/>
    <tag k="ref:vcgi:esiteid" v="76755"/>
  </node>
  <node id="-607" visible="true" lat="44.426782675043" lon="-71.801652489941">
    <!-- conflict: "2242 Leonard Hill Road, Concord, VT" Fuzzy match to "2242 Leonard Hill Road, , VT" -->
    <tag k="addr:city" v="Concord"/>
    <tag k="addr:housenumber" v="2242"/>
    <tag k="addr:street" v="Leonard Hill Road"/>
    <tag k="addr:state" v="VT"/>
    <tag k="ref:vcgi:esiteid" v="76756"/>
  </node>
  <node id="-608" visible="true" lat="44.426277673597" lon="-71.890226913617">
    <!-- conflict: "176 School Street, Concord, VT" Fuzzy match to "176 School Street, , VT" -->
    <tag k="addr:city" v="Concord"/>
    <tag k="addr:housenumber" v="176"/>
    <tag k="addr:street" v="School Street"/>
    <tag k="addr:state" v="VT"/>
    <tag k="ref:vcgi:esiteid" v="76757"/>
  </node>
  <node id="-609" visible="true" lat="44.426011426016" lon="-71.887454871117">
    <!-- conflict: "252 Shadow Lake Road, Concord, VT" Fuzzy match to "252 Shadow Lake Road, , VT" -->
    <tag k="addr:city" v="Concord"/>
    <tag k="addr:housenumber" v="252"/>
    <tag k="addr:street" v="Shadow Lake Road"/>
    <tag k="addr:state" v="VT"/>
    <tag k="ref:vcgi:esiteid" v="76758"/>
  </node>
  <node id="-610" visible="true" lat="44.426145917756" lon="-71.909232211369">
    <!-- conflict: "6 Marko Road, Concord, VT" Fuzzy match to "6 Marko Road, , VT" -->
    <tag k="addr:city" v="Concord"/>
    <tag k="addr:housenumber" v="6"/>
    <tag k="addr:street" v="Marko Road"/>
    <tag k="addr:state" v="VT"/>
    <tag k="ref:vcgi:esiteid" v="76759"/>
  </node>
  <node id="-611" visible="true" lat="44.426170368372" lon="-71.889246095856">
    <!-- conflict: "103 George Street, Concord, VT" Fuzzy match to "103 George Street, , VT" -->
    <tag k="addr:city" v="Concord"/>
    <tag k="addr:housenumber" v="103"/>
    <tag k="addr:street" v="George Street"/>
    <tag k="addr:state" v="VT"/>
    <tag k="ref:vcgi:esiteid" v="76760"/>
  </node>
  <node id="-613" visible="true" lat="44.426039483289" lon="-71.888630722826">
    <!-- conflict: "86 George Street, Concord, VT" Fuzzy match to "86 George Street, , VT" -->
    <tag k="addr:city" v="Concord"/>
    <tag k="addr:housenumber" v="86"/>
    <tag k="addr:street" v="George Street"/>
    <tag k="addr:state" v="VT"/>
    <tag k="ref:vcgi:esiteid" v="76762"/>
  </node>
  <node id="-614" visible="true" lat="44.425098019882" lon="-71.756806407222">
    <!-- conflict: "93 Leonard Hill Road, Lunenburg, VT" Fuzzy match to "93 Leonard Hill Road, Concord, VT" -->
    <tag k="addr:city" v="Lunenburg"/>
    <tag k="addr:housenumber" v="93"/>
    <tag k="addr:street" v="Leonard Hill Road"/>
    <tag k="addr:state" v="VT"/>
    <tag k="ref:vcgi:esiteid" v="76763"/>
  </node>
  <node id="-615" visible="true" lat="44.425047337178" lon="-71.752013057527">
    <!-- conflict: "3047 Oregon Road, Lunenburg, VT" Fuzzy match to "3047 Oregon Road, , VT" -->
    <tag k="addr:city" v="Lunenburg"/>
    <tag k="addr:housenumber" v="3047"/>
    <tag k="addr:street" v="Oregon Road"/>
    <tag k="addr:state" v="VT"/>
    <tag k="ref:vcgi:esiteid" v="76764"/>
  </node>
  <node id="-616" visible="true" lat="44.425913084551" lon="-71.88653884374">
    <!-- conflict: "271 Shadow Lake Road, Concord, VT" Fuzzy match to "271 Shadow Lake Road, , VT" -->
    <tag k="addr:city" v="Concord"/>
    <tag k="addr:housenumber" v="271"/>
    <tag k="addr:street" v="Shadow Lake Road"/>
    <tag k="addr:state" v="VT"/>
    <tag k="ref:vcgi:esiteid" v="76765"/>
  </node>
  <node id="-617" visible="true" lat="44.425906532213" lon="-71.88809228601">
    <!-- conflict: "59 George Street, Concord, VT" Fuzzy match to "59 George Street, , VT" -->
    <tag k="addr:city" v="Concord"/>
    <tag k="addr:housenumber" v="59"/>
    <tag k="addr:street" v="George Street"/>
    <tag k="addr:state" v="VT"/>
    <tag k="ref:vcgi:esiteid" v="76766"/>
  </node>
  <node id="-618" visible="true" lat="44.42597730798" lon="-71.910193170421">
    <!-- conflict: "23 Marko Road, Concord, VT" Fuzzy match to "23 Marko Road, , VT" -->
    <tag k="addr:city" v="Concord"/>
    <tag k="addr:housenumber" v="23"/>
    <tag k="addr:street" v="Marko Road"/>
    <tag k="addr:state" v="VT"/>
    <tag k="ref:vcgi:esiteid" v="76767"/>
  </node>
  <node id="-619" visible="true" lat="44.425027437413" lon="-71.754586988936">
    <!-- conflict: "43 Cedar Street, Lunenburg, VT" Fuzzy match to "43 Cedar Street, , VT" -->
    <tag k="addr:city" v="Lunenburg"/>
    <tag k="addr:housenumber" v="43"/>
    <tag k="addr:street" v="Cedar Street"/>
    <tag k="addr:state" v="VT"/>
    <tag k="ref:vcgi:esiteid" v="76768"/>
  </node>
  <node id="-620" visible="true" lat="44.425822470176" lon="-71.89931291281">
    <!-- conflict: "2254 Cross Road, Concord, VT" Fuzzy match to "2254 Cross Road, , VT" -->
    <tag k="addr:city" v="Concord"/>
    <tag k="addr:housenumber" v="2254"/>
    <tag k="addr:street" v="Cross Road"/>
    <tag k="addr:state" v="VT"/>
    <tag k="ref:vcgi:esiteid" v="76769"/>
  </node>
  <node id="-621" visible="true" lat="44.425870384845" lon="-71.907448815895">
    <!-- conflict: "1735 Cross Road, Concord, VT" Fuzzy match to "1735 Cross Road, , VT" -->
    <tag k="addr:city" v="Concord"/>
    <tag k="addr:housenumber" v="1735"/>
    <tag k="addr:street" v="Cross Road"/>
    <tag k="addr:state" v="VT"/>
    <tag k="ref:vcgi:esiteid" v="76770"/>
  </node>
  <node id="-622" visible="true" lat="44.424896360252" lon="-71.769689304258">
    <!-- conflict: "772 Leonard Hill Road, Concord, VT" Fuzzy match to "772 Leonard Hill Road, , VT" -->
    <tag k="addr:city" v="Concord"/>
    <tag k="addr:housenumber" v="772"/>
    <tag k="addr:street" v="Leonard Hill Road"/>
    <tag k="addr:state" v="VT"/>
    <tag k="ref:vcgi:esiteid" v="76771"/>
  </node>
  <node id="-623" visible="true" lat="44.425671995438" lon="-71.888701274904">
    <!-- conflict: "79 George Street, Concord, VT" Fuzzy match to "79 George Street, , VT" -->
    <tag k="addr:city" v="Concord"/>
    <tag k="addr:housenumber" v="79"/>
    <tag k="addr:street" v="George Street"/>
    <tag k="addr:state" v="VT"/>
    <tag k="ref:vcgi:esiteid" v="76772"/>
  </node>
  <node id="-624" visible="true" lat="44.425568593882" lon="-71.902245941252">
    <!-- conflict: "2068 Cross Road, Concord, VT" Fuzzy match to "2068 Cross Road, , VT" -->
    <tag k="addr:city" v="Concord"/>
    <tag k="addr:housenumber" v="2068"/>
    <tag k="addr:street" v="Cross Road"/>
    <tag k="addr:state" v="VT"/>
    <tag k="ref:vcgi:esiteid" v="76773"/>
  </node>
  <node id="-625" visible="true" lat="44.424991863582" lon="-71.753648856607">
    <!-- conflict: "18 Cedar Street, Lunenburg, VT" Fuzzy match to "18 Cedar Street, , VT" -->
    <tag k="addr:city" v="Lunenburg"/>
    <tag k="addr:housenumber" v="18"/>
    <tag k="addr:street" v="Cedar Street"/>
    <tag k="addr:state" v="VT"/>
    <tag k="ref:vcgi:esiteid" v="76774"/>
  </node>
  <node id="-626" visible="true" lat="44.424763236217" lon="-71.754363659126">
    <!-- conflict: "17 Cedar Street, Lunenburg, VT" Fuzzy match to "17 Cedar Street, , VT" -->
    <tag k="addr:city" v="Lunenburg"/>
    <tag k="addr:housenumber" v="17"/>
    <tag k="addr:street" v="Cedar Street"/>
    <tag k="addr:state" v="VT"/>
    <tag k="ref:vcgi:esiteid" v="76775"/>
  </node>
  <node id="-627" visible="true" lat="44.425534691202" lon="-71.90639595876">
    <!-- conflict: "1775 Cross Road, Concord, VT" Fuzzy match to "1775 Cross Road, , VT" -->
    <tag k="addr:city" v="Concord"/>
    <tag k="addr:housenumber" v="1775"/>
    <tag k="addr:street" v="Cross Road"/>
    <tag k="addr:state" v="VT"/>
    <tag k="ref:vcgi:esiteid" v="76776"/>
  </node>
  <node id="-628" visible="true" lat="44.425431695308" lon="-71.889527362905">
    <!-- conflict: "99 George Street, Concord, VT" Fuzzy match to "99 George Street, , VT" -->
    <tag k="addr:city" v="Concord"/>
    <tag k="addr:housenumber" v="99"/>
    <tag k="addr:street" v="George Street"/>
    <tag k="addr:state" v="VT"/>
    <tag k="ref:vcgi:esiteid" v="76777"/>
  </node>
  <node id="-629" visible="true" lat="44.424615355033" lon="-71.753396029764">
    <!-- conflict: "3125 Oregon Road, Lunenburg, VT" Fuzzy match to "3125 Oregon Road, , VT" -->
    <tag k="addr:city" v="Lunenburg"/>
    <tag k="addr:housenumber" v="3125"/>
    <tag k="addr:street" v="Oregon Road"/>
    <tag k="addr:state" v="VT"/>
    <tag k="ref:vcgi:esiteid" v="76778"/>
  </node>
  <node id="-630" visible="true" lat="44.425270721008" lon="-71.87452186649">
    <!-- conflict: "490 Long Hill Road, Concord, VT" Fuzzy match to "490 Long Hill Road, , VT" -->
    <tag k="addr:city" v="Concord"/>
    <tag k="addr:housenumber" v="490"/>
    <tag k="addr:street" v="Long Hill Road"/>
    <tag k="addr:state" v="VT"/>
    <tag k="ref:vcgi:esiteid" v="76779"/>
  </node>
  <node id="-631" visible="true" lat="44.424624766595" lon="-71.755433770572">
    <!-- conflict: "86 Woodbury Drive, Lunenburg, VT" Fuzzy match to "86 Woodbury Drive, , VT" -->
    <tag k="addr:city" v="Lunenburg"/>
    <tag k="addr:housenumber" v="86"/>
    <tag k="addr:street" v="Woodbury Drive"/>
    <tag k="addr:state" v="VT"/>
    <tag k="ref:vcgi:esiteid" v="76780"/>
  </node>
  <node id="-632" visible="true" lat="44.424512356677" lon="-71.753190036682">
    <!-- conflict: "3137 Oregon Road, Lunenburg, VT" Fuzzy match to "3137 Oregon Road, , VT" -->
    <tag k="addr:city" v="Lunenburg"/>
    <tag k="addr:housenumber" v="3137"/>
    <tag k="addr:street" v="Oregon Road"/>
    <tag k="addr:state" v="VT"/>
    <tag k="ref:vcgi:esiteid" v="76781"/>
  </node>
  <node id="-633" visible="true" lat="44.424519986316" lon="-71.756051060413">
    <!-- conflict: "111 Woodbury Drive, Lunenburg, VT" Fuzzy match to "111 Woodbury Drive, Concord, VT" -->
    <tag k="addr:city" v="Lunenburg"/>
    <tag k="addr:housenumber" v="111"/>
    <tag k="addr:street" v="Woodbury Drive"/>
    <tag k="addr:state" v="VT"/>
    <tag k="ref:vcgi:esiteid" v="76782"/>
  </node>
  <node id="-635" visible="true" lat="44.424390594017" lon="-71.753790831737">
    <!-- conflict: "3118 Oregon Road, Lunenburg, VT" Fuzzy match to "3118 Oregon Road, , VT" -->
    <tag k="addr:city" v="Lunenburg"/>
    <tag k="addr:housenumber" v="3118"/>
    <tag k="addr:street" v="Oregon Road"/>
    <tag k="addr:state" v="VT"/>
    <tag k="ref:vcgi:esiteid" v="76784"/>
  </node>
  <node id="-636" visible="true" lat="44.424401731784" lon="-71.752900119873">
    <!-- conflict: "3155 Oregon Road, Lunenburg, VT" Fuzzy match to "3155 Oregon Road, , VT" -->
    <tag k="addr:city" v="Lunenburg"/>
    <tag k="addr:housenumber" v="3155"/>
    <tag k="addr:street" v="Oregon Road"/>
    <tag k="addr:state" v="VT"/>
    <tag k="ref:vcgi:esiteid" v="76785"/>
  </node>
  <node id="-637" visible="true" lat="44.42435663035" lon="-71.755045353865">
    <!-- conflict: "62 Woodbury Drive, Lunenburg, VT" Fuzzy match to "62 Woodbury Drive, , VT" -->
    <tag k="addr:city" v="Lunenburg"/>
    <tag k="addr:housenumber" v="62"/>
    <tag k="addr:street" v="Woodbury Drive"/>
    <tag k="addr:state" v="VT"/>
    <tag k="ref:vcgi:esiteid" v="76786"/>
  </node>
  <node id="-638" visible="true" lat="44.424234191398" lon="-71.753493285233">
    <!-- conflict: "3134 Oregon Road, Lunenburg, VT" Fuzzy match to "3134 Oregon Road, , VT" -->
    <tag k="addr:city" v="Lunenburg"/>
    <tag k="addr:housenumber" v="3134"/>
    <tag k="addr:street" v="Oregon Road"/>
    <tag k="addr:state" v="VT"/>
    <tag k="ref:vcgi:esiteid" v="76787"/>
  </node>
  <node id="-640" visible="true" lat="44.424248653975" lon="-71.755599436925">
    <!-- conflict: "85 Woodbury Drive, Lunenburg, VT" Fuzzy match to "85 Woodbury Drive, Concord, VT" -->
    <tag k="addr:city" v="Lunenburg"/>
    <tag k="addr:housenumber" v="85"/>
    <tag k="addr:street" v="Woodbury Drive"/>
    <tag k="addr:state" v="VT"/>
    <tag k="ref:vcgi:esiteid" v="76789"/>
  </node>
  <node id="-642" visible="true" lat="44.42407626453" lon="-71.753054282868">
    <!-- conflict: "3152 Oregon Road, Lunenburg, VT" Fuzzy match to "3152 Oregon Road, , VT" -->
    <tag k="addr:city" v="Lunenburg"/>
    <tag k="addr:housenumber" v="3152"/>
    <tag k="addr:street" v="Oregon Road"/>
    <tag k="addr:state" v="VT"/>
    <tag k="ref:vcgi:esiteid" v="76791"/>
  </node>
  <node id="-643" visible="true" lat="44.424167626777" lon="-71.752052687023">
    <!-- conflict: "3207 Oregon Road, Lunenburg, VT" Fuzzy match to "3207 Oregon Road, , VT" -->
    <tag k="addr:city" v="Lunenburg"/>
    <tag k="addr:housenumber" v="3207"/>
    <tag k="addr:street" v="Oregon Road"/>
    <tag k="addr:state" v="VT"/>
    <tag k="ref:vcgi:esiteid" v="76792"/>
  </node>
  <node id="-644" visible="true" lat="44.42469388573" lon="-71.898361588685">
    <!-- conflict: "216 Formor Road, Concord, VT" Fuzzy match to "216 Formor Road, , VT" -->
    <tag k="addr:city" v="Concord"/>
    <tag k="addr:housenumber" v="216"/>
    <tag k="addr:street" v="Formor Road"/>
    <tag k="addr:state" v="VT"/>
    <tag k="ref:vcgi:esiteid" v="76793"/>
  </node>
  <node id="-645" visible="true" lat="44.424424953472" lon="-71.799640577966">
    <!-- conflict: "2318 Leonard Hill Road, Concord, VT" Fuzzy match to "2318 Leonard Hill Road, , VT" -->
    <tag k="addr:city" v="Concord"/>
    <tag k="addr:housenumber" v="2318"/>
    <tag k="addr:street" v="Leonard Hill Road"/>
    <tag k="addr:state" v="VT"/>
    <tag k="ref:vcgi:esiteid" v="76794"/>
  </node>
  <node id="-647" visible="true" lat="44.424710717293" lon="-71.906853723641">
    <!-- conflict: "1798 Cross Road, Concord, VT" Fuzzy match to "1798 Cross Road, , VT" -->
    <tag k="addr:city" v="Concord"/>
    <tag k="addr:housenumber" v="1798"/>
    <tag k="addr:street" v="Cross Road"/>
    <tag k="addr:state" v="VT"/>
    <tag k="ref:vcgi:esiteid" v="76796"/>
  </node>
  <node id="-648" visible="true" lat="44.423630789063" lon="-71.751647443154">
    <!-- conflict: "3231 Oregon Road, Lunenburg, VT" Fuzzy match to "3231 Oregon Road, , VT" -->
    <tag k="addr:city" v="Lunenburg"/>
    <tag k="addr:housenumber" v="3231"/>
    <tag k="addr:street" v="Oregon Road"/>
    <tag k="addr:state" v="VT"/>
    <tag k="ref:vcgi:esiteid" v="76797"/>
  </node>
  <node id="-649" visible="true" lat="44.424479213637" lon="-71.884962126147">
    <!-- conflict: "91 Chapman Road, Concord, VT" Fuzzy match to "91 Chapman Road, , VT" -->
    <tag k="addr:city" v="Concord"/>
    <tag k="addr:housenumber" v="91"/>
    <tag k="addr:street" v="Chapman Road"/>
    <tag k="addr:state" v="VT"/>
    <tag k="ref:vcgi:esiteid" v="76798"/>
  </node>
  <node id="-650" visible="true" lat="44.424460667849" lon="-71.886614006625">
    <!-- conflict: "9 Chapman Road, Concord, VT" Fuzzy match to "9 Chapman Road, , VT" -->
    <tag k="addr:city" v="Concord"/>
    <tag k="addr:housenumber" v="9"/>
    <tag k="addr:street" v="Chapman Road"/>
    <tag k="addr:state" v="VT"/>
    <tag k="ref:vcgi:esiteid" v="76799"/>
  </node>
  <node id="-651" visible="true" lat="44.4243483212" lon="-71.896493001863">
    <!-- conflict: "131 Formor Road, Concord, VT" Fuzzy match to "131 Formor Road, , VT" -->
    <tag k="addr:city" v="Concord"/>
    <tag k="addr:housenumber" v="131"/>
    <tag k="addr:street" v="Formor Road"/>
    <tag k="addr:state" v="VT"/>
    <tag k="ref:vcgi:esiteid" v="76800"/>
  </node>
  <node id="-652" visible="true" lat="44.424275842591" lon="-71.904358909247">
    <!-- conflict: "1876 Cross Road, Concord, VT" Fuzzy match to "1876 Cross Road, , VT" -->
    <tag k="addr:city" v="Concord"/>
    <tag k="addr:housenumber" v="1876"/>
    <tag k="addr:street" v="Cross Road"/>
    <tag k="addr:state" v="VT"/>
    <tag k="ref:vcgi:esiteid" v="76801"/>
  </node>
  <node id="-653" visible="true" lat="44.42337709127" lon="-71.751628805112">
    <!-- conflict: "3259 Oregon Road, Lunenburg, VT" Fuzzy match to "3259 Oregon Road, , VT" -->
    <tag k="addr:city" v="Lunenburg"/>
    <tag k="addr:housenumber" v="3259"/>
    <tag k="addr:street" v="Oregon Road"/>
    <tag k="addr:state" v="VT"/>
    <tag k="ref:vcgi:esiteid" v="76802"/>
  </node>
  <node id="-654" visible="true" lat="44.423279125129" lon="-71.798728749131">
    <!-- conflict: "2303 Leonard Hill Road, Concord, VT" Fuzzy match to "2303 Leonard Hill Road, , VT" -->
    <tag k="addr:city" v="Concord"/>
    <tag k="addr:housenumber" v="2303"/>
    <tag k="addr:street" v="Leonard Hill Road"/>
    <tag k="addr:state" v="VT"/>
    <tag k="ref:vcgi:esiteid" v="76803"/>
  </node>
  <node id="-655" visible="true" lat="44.423117703512" lon="-71.801230972987">
    <!-- conflict: "2404 Leonard Hill Road, Concord, VT" Fuzzy match to "2404 Leonard Hill Road, , VT" -->
    <tag k="addr:city" v="Concord"/>
    <tag k="addr:housenumber" v="2404"/>
    <tag k="addr:street" v="Leonard Hill Road"/>
    <tag k="addr:state" v="VT"/>
    <tag k="ref:vcgi:esiteid" v="76805"/>
  </node>
  <node id="-656" visible="true" lat="44.422095396046" lon="-71.806415363945">
    <!-- conflict: "2720 Leonard Hill Road, Concord, VT" Fuzzy match to "2720 Leonard Hill Road, , VT" -->
    <tag k="addr:city" v="Concord"/>
    <tag k="addr:housenumber" v="2720"/>
    <tag k="addr:street" v="Leonard Hill Road"/>
    <tag k="addr:state" v="VT"/>
    <tag k="ref:vcgi:esiteid" v="76806"/>
  </node>
  <node id="-657" visible="true" lat="44.422387570405" lon="-71.755257603309">
    <!-- conflict: "133 Myrts Lane, Lunenburg, VT" Fuzzy match to "133 Myrts Lane, , VT" -->
    <tag k="addr:city" v="Lunenburg"/>
    <tag k="addr:housenumber" v="133"/>
    <tag k="addr:street" v="Myrts Lane"/>
    <tag k="addr:state" v="VT"/>
    <tag k="ref:vcgi:esiteid" v="76807"/>
  </node>
  <node id="-658" visible="true" lat="44.423145211427" lon="-71.871554065009">
    <!-- conflict: "714 Long Hill Road, Concord, VT" Fuzzy match to "714 Long Hill Road, , VT" -->
    <tag k="addr:city" v="Concord"/>
    <tag k="addr:housenumber" v="714"/>
    <tag k="addr:street" v="Long Hill Road"/>
    <tag k="addr:state" v="VT"/>
    <tag k="ref:vcgi:esiteid" v="76808"/>
  </node>
  <node id="-659" visible="true" lat="44.422111345199" lon="-71.75064540461">
    <!-- conflict: "3381 Oregon Road, Lunenburg, VT" Fuzzy match to "3381 Oregon Road, , VT" -->
    <tag k="addr:city" v="Lunenburg"/>
    <tag k="addr:housenumber" v="3381"/>
    <tag k="addr:street" v="Oregon Road"/>
    <tag k="addr:state" v="VT"/>
    <tag k="ref:vcgi:esiteid" v="76809"/>
  </node>
  <node id="-660" visible="true" lat="44.422989885159" lon="-71.886542333781">
    <!-- conflict: "9 Sy Lewis Mountain Road, Concord, VT" Fuzzy match to "9 Sy Lewis Mountain Road, , VT" -->
    <tag k="addr:city" v="Concord"/>
    <tag k="addr:housenumber" v="9"/>
    <tag k="addr:street" v="Sy Lewis Mountain Road"/>
    <tag k="addr:state" v="VT"/>
    <tag k="ref:vcgi:esiteid" v="76810"/>
  </node>
  <node id="-661" visible="true" lat="44.422727915968" lon="-71.88561769479">
    <!-- conflict: "63 Sy Lewis Mountain Road, Concord, VT" Fuzzy match to "63 Sy Lewis Mountain Road, , VT" -->
    <tag k="addr:city" v="Concord"/>
    <tag k="addr:housenumber" v="63"/>
    <tag k="addr:street" v="Sy Lewis Mountain Road"/>
    <tag k="addr:state" v="VT"/>
    <tag k="ref:vcgi:esiteid" v="76811"/>
  </node>
  <node id="-662" visible="true" lat="44.421666416188" lon="-71.751315722519">
    <!-- conflict: "3352 Oregon Road, Lunenburg, VT" Fuzzy match to "3352 Oregon Road, , VT" -->
    <tag k="addr:city" v="Lunenburg"/>
    <tag k="addr:housenumber" v="3352"/>
    <tag k="addr:street" v="Oregon Road"/>
    <tag k="addr:state" v="VT"/>
    <tag k="ref:vcgi:esiteid" v="76812"/>
  </node>
  <node id="-663" visible="true" lat="44.422566856006" lon="-71.911728907195">
    <!-- conflict: "1400 Cross Road, Concord, VT" Fuzzy match to "1400 Cross Road, , VT" -->
    <tag k="addr:city" v="Concord"/>
    <tag k="addr:housenumber" v="1400"/>
    <tag k="addr:street" v="Cross Road"/>
    <tag k="addr:state" v="VT"/>
    <tag k="ref:vcgi:esiteid" v="76813"/>
  </node>
  <node id="-664" visible="true" lat="44.422558294128" lon="-71.894675614409">
    <!-- conflict: "450 Prospect Street, Concord, VT" Fuzzy match to "450 Prospect Street, , VT" -->
    <tag k="addr:city" v="Concord"/>
    <tag k="addr:housenumber" v="450"/>
    <tag k="addr:street" v="Prospect Street"/>
    <tag k="addr:state" v="VT"/>
    <tag k="ref:vcgi:esiteid" v="76814"/>
  </node>
  <node id="-665" visible="true" lat="44.42152393874" lon="-71.805012228978">
    <!-- conflict: "2649 Leonard Hill Road, Concord, VT" Fuzzy match to "2649 Leonard Hill Road, , VT" -->
    <tag k="addr:city" v="Concord"/>
    <tag k="addr:housenumber" v="2649"/>
    <tag k="addr:street" v="Leonard Hill Road"/>
    <tag k="addr:state" v="VT"/>
    <tag k="ref:vcgi:esiteid" v="76815"/>
  </node>
  <node id="-666" visible="true" lat="44.421411915118" lon="-71.807773888919">
    <!-- conflict: "2782 Leonard Hill Road, Concord, VT" Fuzzy match to "2782 Leonard Hill Road, , VT" -->
    <tag k="addr:city" v="Concord"/>
    <tag k="addr:housenumber" v="2782"/>
    <tag k="addr:street" v="Leonard Hill Road"/>
    <tag k="addr:state" v="VT"/>
    <tag k="ref:vcgi:esiteid" v="76816"/>
  </node>
  <node id="-667" visible="true" lat="44.421185093759" lon="-71.810456806065">
    <!-- conflict: "2870 Leonard Hill Road, Concord, VT" Fuzzy match to "2870 Leonard Hill Road, , VT" -->
    <tag k="addr:city" v="Concord"/>
    <tag k="addr:housenumber" v="2870"/>
    <tag k="addr:street" v="Leonard Hill Road"/>
    <tag k="addr:state" v="VT"/>
    <tag k="ref:vcgi:esiteid" v="76817"/>
  </node>
  <node id="-668" visible="true" lat="44.420012591189" lon="-71.752841037208">
    <!-- conflict: "79 Cozy Nook Road, Lunenburg, VT" Fuzzy match to "79 Cozy Nook Road, , VT" -->
    <tag k="addr:city" v="Lunenburg"/>
    <tag k="addr:housenumber" v="79"/>
    <tag k="addr:street" v="Cozy Nook Road"/>
    <tag k="addr:state" v="VT"/>
    <tag k="ref:vcgi:esiteid" v="76818"/>
  </node>
  <node id="-669" visible="true" lat="44.421222547408" lon="-71.808798789151">
    <!-- conflict: "2832 Leonard Hill Road, Concord, VT" Fuzzy match to "2832 Leonard Hill Road, , VT" -->
    <tag k="addr:city" v="Concord"/>
    <tag k="addr:housenumber" v="2832"/>
    <tag k="addr:street" v="Leonard Hill Road"/>
    <tag k="addr:state" v="VT"/>
    <tag k="ref:vcgi:esiteid" v="76819"/>
  </node>
  <node id="-670" visible="true" lat="44.421102595791" lon="-71.806764089911">
    <!-- conflict: "2771 Leonard Hill Road, Concord, VT" Fuzzy match to "2771 Leonard Hill Road, , VT" -->
    <tag k="addr:city" v="Concord"/>
    <tag k="addr:housenumber" v="2771"/>
    <tag k="addr:street" v="Leonard Hill Road"/>
    <tag k="addr:state" v="VT"/>
    <tag k="ref:vcgi:esiteid" v="76820"/>
  </node>
  <node id="-671" visible="true" lat="44.421201433731" lon="-71.886521377068">
    <!-- conflict: "598 Shadow Lake Road, Concord, VT" Fuzzy match to "598 Shadow Lake Road, , VT" -->
    <tag k="addr:city" v="Concord"/>
    <tag k="addr:housenumber" v="598"/>
    <tag k="addr:street" v="Shadow Lake Road"/>
    <tag k="addr:state" v="VT"/>
    <tag k="ref:vcgi:esiteid" v="76821"/>
  </node>
  <node id="-672" visible="true" lat="44.420517580999" lon="-71.809602147151">
    <!-- conflict: "2937 Leonard Hill Road, Concord, VT" Fuzzy match to "2937 Leonard Hill Road, , VT" -->
    <tag k="addr:city" v="Concord"/>
    <tag k="addr:housenumber" v="2937"/>
    <tag k="addr:street" v="Leonard Hill Road"/>
    <tag k="addr:state" v="VT"/>
    <tag k="ref:vcgi:esiteid" v="76822"/>
  </node>
  <node id="-673" visible="true" lat="44.420699123616" lon="-71.886781143859">
    <!-- conflict: "642 Shadow Lake Road, Concord, VT" Fuzzy match to "642 Shadow Lake Road, , VT" -->
    <tag k="addr:city" v="Concord"/>
    <tag k="addr:housenumber" v="642"/>
    <tag k="addr:street" v="Shadow Lake Road"/>
    <tag k="addr:state" v="VT"/>
    <tag k="ref:vcgi:esiteid" v="76823"/>
  </node>
  <node id="-674" visible="true" lat="44.420441968833" lon="-71.885826305386">
    <!-- conflict: "659 Shadow Lake Road, Concord, VT" Fuzzy match to "659 Shadow Lake Road, , VT" -->
    <tag k="addr:city" v="Concord"/>
    <tag k="addr:housenumber" v="659"/>
    <tag k="addr:street" v="Shadow Lake Road"/>
    <tag k="addr:state" v="VT"/>
    <tag k="ref:vcgi:esiteid" v="76824"/>
  </node>
  <node id="-676" visible="true" lat="44.418405024694" lon="-71.825638790293">
    <!-- conflict: "3686 Leonard Hill Road, Concord, VT" Fuzzy match to "3686 Leonard Hill Road, , VT" -->
    <tag k="addr:city" v="Concord"/>
    <tag k="addr:housenumber" v="3686"/>
    <tag k="addr:street" v="Leonard Hill Road"/>
    <tag k="addr:state" v="VT"/>
    <tag k="ref:vcgi:esiteid" v="76826"/>
  </node>
  <node id="-677" visible="true" lat="44.418073143343" lon="-71.887444536609">
    <!-- conflict: "945 Shadow Lake Road, Concord, VT" Fuzzy match to "945 Shadow Lake Road, , VT" -->
    <tag k="addr:city" v="Concord"/>
    <tag k="addr:housenumber" v="945"/>
    <tag k="addr:street" v="Shadow Lake Road"/>
    <tag k="addr:state" v="VT"/>
    <tag k="ref:vcgi:esiteid" v="76827"/>
  </node>
  <node id="-678" visible="true" lat="44.417520014279" lon="-71.824929256171">
    <!-- conflict: "3667 Leonard Hill Road, Concord, VT" Fuzzy match to "3667 Leonard Hill Road, , VT" -->
    <tag k="addr:city" v="Concord"/>
    <tag k="addr:housenumber" v="3667"/>
    <tag k="addr:street" v="Leonard Hill Road"/>
    <tag k="addr:state" v="VT"/>
    <tag k="ref:vcgi:esiteid" v="76828"/>
  </node>
  <node id="-679" visible="true" lat="44.416891155762" lon="-71.897223804143">
    <!-- conflict: "912 Prospect Street, Concord, VT" Fuzzy match to "912 Prospect Street, , VT" -->
    <tag k="addr:city" v="Concord"/>
    <tag k="addr:housenumber" v="912"/>
    <tag k="addr:street" v="Prospect Street"/>
    <tag k="addr:state" v="VT"/>
    <tag k="ref:vcgi:esiteid" v="76829"/>
  </node>
  <node id="-680" visible="true" lat="44.416135278785" lon="-71.831383727037">
    <!-- conflict: "4003 Leonard Hill Road, Concord, VT" Fuzzy match to "4003 Leonard Hill Road, , VT" -->
    <tag k="addr:city" v="Concord"/>
    <tag k="addr:housenumber" v="4003"/>
    <tag k="addr:street" v="Leonard Hill Road"/>
    <tag k="addr:state" v="VT"/>
    <tag k="ref:vcgi:esiteid" v="76830"/>
  </node>
  <node id="-681" visible="true" lat="44.415509668073" lon="-71.823296565222">
    <!-- conflict: "177 Bombard Road, Concord, VT" Fuzzy match to "177 Bombard Road, , VT" -->
    <tag k="addr:city" v="Concord"/>
    <tag k="addr:housenumber" v="177"/>
    <tag k="addr:street" v="Bombard Road"/>
    <tag k="addr:state" v="VT"/>
    <tag k="ref:vcgi:esiteid" v="76831"/>
  </node>
  <node id="-682" visible="true" lat="44.415315118967" lon="-71.824875851533">
    <!-- conflict: "170 Bombard Road, Concord, VT" Fuzzy match to "170 Bombard Road, , VT" -->
    <tag k="addr:city" v="Concord"/>
    <tag k="addr:housenumber" v="170"/>
    <tag k="addr:street" v="Bombard Road"/>
    <tag k="addr:state" v="VT"/>
    <tag k="ref:vcgi:esiteid" v="76832"/>
  </node>
  <node id="-683" visible="true" lat="44.414920103734" lon="-71.760466679771">
    <!-- conflict: "714 Cozy Nook Road, Lunenburg, VT" Fuzzy match to "714 Cozy Nook Road, , VT" -->
    <tag k="addr:city" v="Lunenburg"/>
    <tag k="addr:housenumber" v="714"/>
    <tag k="addr:street" v="Cozy Nook Road"/>
    <tag k="addr:state" v="VT"/>
    <tag k="ref:vcgi:esiteid" v="76833"/>
  </node>
  <node id="-684" visible="true" lat="44.414113109871" lon="-71.759276913602">
    <!-- conflict: "797 Cozy Nook Road, Lunenburg, VT" Fuzzy match to "797 Cozy Nook Road, Concord, VT" -->
    <tag k="addr:city" v="Lunenburg"/>
    <tag k="addr:housenumber" v="797"/>
    <tag k="addr:street" v="Cozy Nook Road"/>
    <tag k="addr:state" v="VT"/>
    <tag k="ref:vcgi:esiteid" v="76834"/>
  </node>
  <node id="-685" visible="true" lat="44.413308632423" lon="-71.759653284412">
    <!-- conflict: "809 Cozy Nook Road, Lunenburg, VT" Fuzzy match to "809 Cozy Nook Road, Concord, VT" -->
    <tag k="addr:city" v="Lunenburg"/>
    <tag k="addr:housenumber" v="809"/>
    <tag k="addr:street" v="Cozy Nook Road"/>
    <tag k="addr:state" v="VT"/>
    <tag k="ref:vcgi:esiteid" v="76835"/>
  </node>
  <node id="-686" visible="true" lat="44.414185964588" lon="-71.89845375676">
    <!-- conflict: "1129 Prospect Street, Concord, VT" Fuzzy match to "1129 Prospect Street, , VT" -->
    <tag k="addr:city" v="Concord"/>
    <tag k="addr:housenumber" v="1129"/>
    <tag k="addr:street" v="Prospect Street"/>
    <tag k="addr:state" v="VT"/>
    <tag k="ref:vcgi:esiteid" v="76836"/>
  </node>
  <node id="-687" visible="true" lat="44.413357453783" lon="-71.814108305284">
    <!-- conflict: "442 Jaques Road, Concord, VT" Fuzzy match to "442 Jaques Road, , VT" -->
    <tag k="addr:city" v="Concord"/>
    <tag k="addr:housenumber" v="442"/>
    <tag k="addr:street" v="Jaques Road"/>
    <tag k="addr:state" v="VT"/>
    <tag k="ref:vcgi:esiteid" v="76837"/>
  </node>
  <node id="-688" visible="true" lat="44.413029008456" lon="-71.904255646272">
    <!-- conflict: "1421 Prospect Street, Concord, VT" Fuzzy match to "1421 Prospect Street, , VT" -->
    <tag k="addr:city" v="Concord"/>
    <tag k="addr:housenumber" v="1421"/>
    <tag k="addr:street" v="Prospect Street"/>
    <tag k="addr:state" v="VT"/>
    <tag k="ref:vcgi:esiteid" v="76838"/>
  </node>
  <node id="-689" visible="true" lat="44.412760552148" lon="-71.899397258582">
    <!-- conflict: "1195 Prospect Street, Concord, VT" Fuzzy match to "1195 Prospect Street, , VT" -->
    <tag k="addr:city" v="Concord"/>
    <tag k="addr:housenumber" v="1195"/>
    <tag k="addr:street" v="Prospect Street"/>
    <tag k="addr:state" v="VT"/>
    <tag k="ref:vcgi:esiteid" v="76839"/>
  </node>
  <node id="-690" visible="true" lat="44.411675899531" lon="-71.76181125309">
    <!-- conflict: "966 Cozy Nook Road, Lunenburg, VT" Fuzzy match to "966 Cozy Nook Road, Concord, VT" -->
    <tag k="addr:city" v="Lunenburg"/>
    <tag k="addr:housenumber" v="966"/>
    <tag k="addr:street" v="Cozy Nook Road"/>
    <tag k="addr:state" v="VT"/>
    <tag k="ref:vcgi:esiteid" v="76840"/>
  </node>
  <node id="-691" visible="true" lat="44.411649195664" lon="-71.761307713503">
    <!-- conflict: "969 Cozy Nook Road, Lunenburg, VT" Fuzzy match to "969 Cozy Nook Road, Concord, VT" -->
    <tag k="addr:city" v="Lunenburg"/>
    <tag k="addr:housenumber" v="969"/>
    <tag k="addr:street" v="Cozy Nook Road"/>
    <tag k="addr:state" v="VT"/>
    <tag k="ref:vcgi:esiteid" v="76841"/>
  </node>
  <node id="-692" visible="true" lat="44.41129101002" lon="-71.761872839829">
    <!-- conflict: "982 Cozy Nook Road, Lunenburg, VT" Fuzzy match to "982 Cozy Nook Road, Concord, VT" -->
    <tag k="addr:city" v="Lunenburg"/>
    <tag k="addr:housenumber" v="982"/>
    <tag k="addr:street" v="Cozy Nook Road"/>
    <tag k="addr:state" v="VT"/>
    <tag k="ref:vcgi:esiteid" v="76842"/>
  </node>
  <node id="-693" visible="true" lat="44.414312315286" lon="-71.887359910404">
    <!-- conflict: "1297 Shadow Lake Road, Concord, VT" Fuzzy match to "1297 Shadow Lake Road, , VT" -->
    <tag k="addr:city" v="Concord"/>
    <tag k="addr:housenumber" v="1297"/>
    <tag k="addr:street" v="Shadow Lake Road"/>
    <tag k="addr:state" v="VT"/>
    <tag k="ref:vcgi:esiteid" v="76843"/>
  </node>
  <node id="-694" visible="true" lat="44.410175112031" lon="-71.890466422083">
    <!-- conflict: "78 Miltimore Road, Concord, VT" Fuzzy match to "78 Miltimore Road, , VT" -->
    <tag k="addr:city" v="Concord"/>
    <tag k="addr:housenumber" v="78"/>
    <tag k="addr:street" v="Miltimore Road"/>
    <tag k="addr:state" v="VT"/>
    <tag k="ref:vcgi:esiteid" v="76844"/>
  </node>
  <node id="-695" visible="true" lat="44.409955028459" lon="-71.88851517194">
    <!-- conflict: "1423 Shadow Lake Road, Concord, VT" Fuzzy match to "1423 Shadow Lake Road, , VT" -->
    <tag k="addr:city" v="Concord"/>
    <tag k="addr:housenumber" v="1423"/>
    <tag k="addr:street" v="Shadow Lake Road"/>
    <tag k="addr:state" v="VT"/>
    <tag k="ref:vcgi:esiteid" v="76845"/>
  </node>
  <node id="-696" visible="true" lat="44.409871770116" lon="-71.891751199702">
    <!-- conflict: "100 Miltimore Road, Concord, VT" Fuzzy match to "100 Miltimore Road, , VT" -->
    <tag k="addr:city" v="Concord"/>
    <tag k="addr:housenumber" v="100"/>
    <tag k="addr:street" v="Miltimore Road"/>
    <tag k="addr:state" v="VT"/>
    <tag k="ref:vcgi:esiteid" v="76846"/>
  </node>
  <node id="-697" visible="true" lat="44.409703988441" lon="-71.889521486925">
    <!-- conflict: "1450 Shadow Lake Road, Concord, VT" Fuzzy match to "1450 Shadow Lake Road, , VT" -->
    <tag k="addr:city" v="Concord"/>
    <tag k="addr:housenumber" v="1450"/>
    <tag k="addr:street" v="Shadow Lake Road"/>
    <tag k="addr:state" v="VT"/>
    <tag k="ref:vcgi:esiteid" v="76847"/>
  </node>
  <node id="-698" visible="true" lat="44.408870627146" lon="-71.89141567842">
    <!-- conflict: "151 Miltimore Road, Concord, VT" Fuzzy match to "151 Miltimore Road, , VT" -->
    <tag k="addr:city" v="Concord"/>
    <tag k="addr:housenumber" v="151"/>
    <tag k="addr:street" v="Miltimore Road"/>
    <tag k="addr:state" v="VT"/>
    <tag k="ref:vcgi:esiteid" v="76848"/>
  </node>
  <node id="-699" visible="true" lat="44.408200710257" lon="-71.740929593118">
    <!-- conflict: "300 Walker Pit Road, Lunenburg, VT" Fuzzy match to "300 Walker Pit Road, Concord, VT" -->
    <tag k="addr:city" v="Lunenburg"/>
    <tag k="addr:housenumber" v="300"/>
    <tag k="addr:street" v="Walker Pit Road"/>
    <tag k="addr:state" v="VT"/>
    <tag k="ref:vcgi:esiteid" v="76849"/>
  </node>
  <node id="-700" visible="true" lat="44.408144955847" lon="-71.892935754714">
    <!-- conflict: "229 Miltimore Road, Concord, VT" Fuzzy match to "229 Miltimore Road, , VT" -->
    <tag k="addr:city" v="Concord"/>
    <tag k="addr:housenumber" v="229"/>
    <tag k="addr:street" v="Miltimore Road"/>
    <tag k="addr:state" v="VT"/>
    <tag k="ref:vcgi:esiteid" v="76850"/>
  </node>
  <node id="-701" visible="true" lat="44.408594632766" lon="-71.83871260605">
    <!-- conflict: "869 Johnson Road, Concord, VT" Fuzzy match to "869 Johnson Road, , VT" -->
    <tag k="addr:city" v="Concord"/>
    <tag k="addr:housenumber" v="869"/>
    <tag k="addr:street" v="Johnson Road"/>
    <tag k="addr:state" v="VT"/>
    <tag k="ref:vcgi:esiteid" v="76851"/>
  </node>
  <node id="-702" visible="true" lat="44.407365597588" lon="-71.894948926111">
    <!-- conflict: "351 Miltimore Road, Concord, VT" Fuzzy match to "351 Miltimore Road, , VT" -->
    <tag k="addr:city" v="Concord"/>
    <tag k="addr:housenumber" v="351"/>
    <tag k="addr:street" v="Miltimore Road"/>
    <tag k="addr:state" v="VT"/>
    <tag k="ref:vcgi:esiteid" v="76852"/>
  </node>
  <node id="-703" visible="true" lat="44.40733590408" lon="-71.886318127318">
    <!-- conflict: "1632 Shadow Lake Road, Concord, VT" Fuzzy match to "1632 Shadow Lake Road, , VT" -->
    <tag k="addr:city" v="Concord"/>
    <tag k="addr:housenumber" v="1632"/>
    <tag k="addr:street" v="Shadow Lake Road"/>
    <tag k="addr:state" v="VT"/>
    <tag k="ref:vcgi:esiteid" v="76853"/>
  </node>
  <node id="-704" visible="true" lat="44.407357658016" lon="-71.87040809299">
    <!-- conflict: "2499 Shadow Lake Road, Concord, VT" Fuzzy match to "2499 Shadow Lake Road, , VT" -->
    <tag k="addr:city" v="Concord"/>
    <tag k="addr:housenumber" v="2499"/>
    <tag k="addr:street" v="Shadow Lake Road"/>
    <tag k="addr:state" v="VT"/>
    <tag k="ref:vcgi:esiteid" v="76854"/>
  </node>
  <node id="-705" visible="true" lat="44.406705344785" lon="-71.833642027141">
    <!-- conflict: "1107 Johnson Road, Concord, VT" Fuzzy match to "1107 Johnson Road, , VT" -->
    <tag k="addr:city" v="Concord"/>
    <tag k="addr:housenumber" v="1107"/>
    <tag k="addr:street" v="Johnson Road"/>
    <tag k="addr:state" v="VT"/>
    <tag k="ref:vcgi:esiteid" v="76855"/>
  </node>
  <node id="-706" visible="true" lat="44.407178731952" lon="-71.897102344146">
    <!-- conflict: "513 Miltimore Road, Concord, VT" Fuzzy match to "513 Miltimore Road, , VT" -->
    <tag k="addr:city" v="Concord"/>
    <tag k="addr:housenumber" v="513"/>
    <tag k="addr:street" v="Miltimore Road"/>
    <tag k="addr:state" v="VT"/>
    <tag k="ref:vcgi:esiteid" v="76856"/>
  </node>
  <node id="-707" visible="true" lat="44.406693898605" lon="-71.870553051163">
    <!-- conflict: "2549 Shadow Lake Road, Concord, VT" Fuzzy match to "2549 Shadow Lake Road, , VT" -->
    <tag k="addr:city" v="Concord"/>
    <tag k="addr:housenumber" v="2549"/>
    <tag k="addr:street" v="Shadow Lake Road"/>
    <tag k="addr:state" v="VT"/>
    <tag k="ref:vcgi:esiteid" v="76857"/>
  </node>
  <node id="-708" visible="true" lat="44.406663381313" lon="-71.871636424499">
    <!-- conflict: "7 Sunset Lane, Concord, VT" Fuzzy match to "7 Sunset Lane, , VT" -->
    <tag k="addr:city" v="Concord"/>
    <tag k="addr:housenumber" v="7"/>
    <tag k="addr:street" v="Sunset Lane"/>
    <tag k="addr:state" v="VT"/>
    <tag k="ref:vcgi:esiteid" v="76858"/>
  </node>
  <node id="-709" visible="true" lat="44.406646329421" lon="-71.871976379489">
    <!-- conflict: "3 Maple Tree Lane, Concord, VT" Fuzzy match to "3 Maple Tree Lane, , VT" -->
    <tag k="addr:city" v="Concord"/>
    <tag k="addr:housenumber" v="3"/>
    <tag k="addr:street" v="Maple Tree Lane"/>
    <tag k="addr:state" v="VT"/>
    <tag k="ref:vcgi:esiteid" v="76859"/>
  </node>
  <node id="-710" visible="true" lat="44.406732951591" lon="-71.861647013869">
    <!-- conflict: "2050 Long Hill Road, Concord, VT" Fuzzy match to "2050 Long Hill Road, , VT" -->
    <tag k="addr:city" v="Concord"/>
    <tag k="addr:housenumber" v="2050"/>
    <tag k="addr:street" v="Long Hill Road"/>
    <tag k="addr:state" v="VT"/>
    <tag k="ref:vcgi:esiteid" v="76860"/>
  </node>
  <node id="-711" visible="true" lat="44.405656305412" lon="-71.742096891365">
    <!-- conflict: "350 Walker Pit Road, Lunenburg, VT" Fuzzy match to "350 Walker Pit Road, Concord, VT" -->
    <tag k="addr:city" v="Lunenburg"/>
    <tag k="addr:housenumber" v="350"/>
    <tag k="addr:street" v="Walker Pit Road"/>
    <tag k="addr:state" v="VT"/>
    <tag k="ref:vcgi:esiteid" v="76861"/>
  </node>
  <node id="-712" visible="true" lat="44.406108937572" lon="-71.817238699213">
    <!-- conflict: "902 Bombard Road, Concord, VT" Fuzzy match to "902 Bombard Road, , VT" -->
    <tag k="addr:city" v="Concord"/>
    <tag k="addr:housenumber" v="902"/>
    <tag k="addr:street" v="Bombard Road"/>
    <tag k="addr:state" v="VT"/>
    <tag k="ref:vcgi:esiteid" v="76862"/>
  </node>
  <node id="-713" visible="true" lat="44.406329441604" lon="-71.873023773737">
    <!-- conflict: "2408 Shadow Lake Road, Concord, VT" Fuzzy match to "2408 Shadow Lake Road, , VT" -->
    <tag k="addr:city" v="Concord"/>
    <tag k="addr:housenumber" v="2408"/>
    <tag k="addr:street" v="Shadow Lake Road"/>
    <tag k="addr:state" v="VT"/>
    <tag k="ref:vcgi:esiteid" v="76863"/>
  </node>
  <node id="-714" visible="true" lat="44.406439967983" lon="-71.870895691223">
    <!-- conflict: "2550 Shadow Lake Road, Concord, VT" Fuzzy match to "2550 Shadow Lake Road, , VT" -->
    <tag k="addr:city" v="Concord"/>
    <tag k="addr:housenumber" v="2550"/>
    <tag k="addr:street" v="Shadow Lake Road"/>
    <tag k="addr:state" v="VT"/>
    <tag k="ref:vcgi:esiteid" v="76864"/>
  </node>
  <node id="-715" visible="true" lat="44.406302630192" lon="-71.87158204222">
    <!-- conflict: "28 Sunset Lane, Concord, VT" Fuzzy match to "28 Sunset Lane, , VT" -->
    <tag k="addr:city" v="Concord"/>
    <tag k="addr:housenumber" v="28"/>
    <tag k="addr:street" v="Sunset Lane"/>
    <tag k="addr:state" v="VT"/>
    <tag k="ref:vcgi:esiteid" v="76865"/>
  </node>
  <node id="-716" visible="true" lat="44.406257197484" lon="-71.870576843252">
    <!-- conflict: "2560 Shadow Lake Road, Concord, VT" Fuzzy match to "2560 Shadow Lake Road, , VT" -->
    <tag k="addr:city" v="Concord"/>
    <tag k="addr:housenumber" v="2560"/>
    <tag k="addr:street" v="Shadow Lake Road"/>
    <tag k="addr:state" v="VT"/>
    <tag k="ref:vcgi:esiteid" v="76866"/>
  </node>
  <node id="-717" visible="true" lat="44.40630899534" lon="-71.87120752488">
    <!-- conflict: "37 Sunset Lane, Concord, VT" Fuzzy match to "37 Sunset Lane, , VT" -->
    <tag k="addr:city" v="Concord"/>
    <tag k="addr:housenumber" v="37"/>
    <tag k="addr:street" v="Sunset Lane"/>
    <tag k="addr:state" v="VT"/>
    <tag k="ref:vcgi:esiteid" v="76867"/>
  </node>
  <node id="-718" visible="true" lat="44.406383051427" lon="-71.840427637635">
    <!-- conflict: "797 Johnson Road, Concord, VT" Fuzzy match to "797 Johnson Road, , VT" -->
    <tag k="addr:city" v="Concord"/>
    <tag k="addr:housenumber" v="797"/>
    <tag k="addr:street" v="Johnson Road"/>
    <tag k="addr:state" v="VT"/>
    <tag k="ref:vcgi:esiteid" v="76868"/>
  </node>
  <node id="-719" visible="true" lat="44.405840929935" lon="-71.872597935142">
    <!-- conflict: "58 Charlotte Lane, Concord, VT" Fuzzy match to "58 Charlotte Lane, , VT" -->
    <tag k="addr:city" v="Concord"/>
    <tag k="addr:housenumber" v="58"/>
    <tag k="addr:street" v="Charlotte Lane"/>
    <tag k="addr:state" v="VT"/>
    <tag k="ref:vcgi:esiteid" v="76869"/>
  </node>
  <node id="-720" visible="true" lat="44.405912143356" lon="-71.87222674462">
    <!-- conflict: "67 Charlotte Lane, Concord, VT" Fuzzy match to "67 Charlotte Lane, , VT" -->
    <tag k="addr:city" v="Concord"/>
    <tag k="addr:housenumber" v="67"/>
    <tag k="addr:street" v="Charlotte Lane"/>
    <tag k="addr:state" v="VT"/>
    <tag k="ref:vcgi:esiteid" v="76870"/>
  </node>
  <node id="-721" visible="true" lat="44.405899289455" lon="-71.871404681204">
    <!-- conflict: "58 Sunset Lane, Concord, VT" Fuzzy match to "58 Sunset Lane, , VT" -->
    <tag k="addr:city" v="Concord"/>
    <tag k="addr:housenumber" v="58"/>
    <tag k="addr:street" v="Sunset Lane"/>
    <tag k="addr:state" v="VT"/>
    <tag k="ref:vcgi:esiteid" v="76871"/>
  </node>
  <node id="-722" visible="true" lat="44.40583583036" lon="-71.869482997328">
    <!-- conflict: "2622 Shadow Lake Road, Concord, VT" Fuzzy match to "2622 Shadow Lake Road, , VT" -->
    <tag k="addr:city" v="Concord"/>
    <tag k="addr:housenumber" v="2622"/>
    <tag k="addr:street" v="Shadow Lake Road"/>
    <tag k="addr:state" v="VT"/>
    <tag k="ref:vcgi:esiteid" v="76872"/>
  </node>
  <node id="-723" visible="true" lat="44.40617691868" lon="-71.874713931991">
    <!-- conflict: "2329 Shadow Lake Road, Concord, VT" Fuzzy match to "2329 Shadow Lake Road, , VT" -->
    <tag k="addr:city" v="Concord"/>
    <tag k="addr:housenumber" v="2329"/>
    <tag k="addr:street" v="Shadow Lake Road"/>
    <tag k="addr:state" v="VT"/>
    <tag k="ref:vcgi:esiteid" v="76873"/>
  </node>
  <node id="-724" visible="true" lat="44.406040712624" lon="-71.873122632877">
    <!-- conflict: "62 Maple Tree Lane, Concord, VT" Fuzzy match to "62 Maple Tree Lane, , VT" -->
    <tag k="addr:city" v="Concord"/>
    <tag k="addr:housenumber" v="62"/>
    <tag k="addr:street" v="Maple Tree Lane"/>
    <tag k="addr:state" v="VT"/>
    <tag k="ref:vcgi:esiteid" v="76874"/>
  </node>
  <node id="-725" visible="true" lat="44.405561644509" lon="-71.872135310432">
    <!-- conflict: "79 Charlotte Lane, Concord, VT" Fuzzy match to "79 Charlotte Lane, , VT" -->
    <tag k="addr:city" v="Concord"/>
    <tag k="addr:housenumber" v="79"/>
    <tag k="addr:street" v="Charlotte Lane"/>
    <tag k="addr:state" v="VT"/>
    <tag k="ref:vcgi:esiteid" v="76875"/>
  </node>
  <node id="-726" visible="true" lat="44.405759988094" lon="-71.871590875002">
    <!-- conflict: "26 Wavy Lane, Concord, VT" Fuzzy match to "26 Wavy Lane, , VT" -->
    <tag k="addr:city" v="Concord"/>
    <tag k="addr:housenumber" v="26"/>
    <tag k="addr:street" v="Wavy Lane"/>
    <tag k="addr:state" v="VT"/>
    <tag k="ref:vcgi:esiteid" v="76876"/>
  </node>
  <node id="-727" visible="true" lat="44.405783157023" lon="-71.873112248169">
    <!-- conflict: "74 Maple Tree Lane, Concord, VT" Fuzzy match to "74 Maple Tree Lane, , VT" -->
    <tag k="addr:city" v="Concord"/>
    <tag k="addr:housenumber" v="74"/>
    <tag k="addr:street" v="Maple Tree Lane"/>
    <tag k="addr:state" v="VT"/>
    <tag k="ref:vcgi:esiteid" v="76877"/>
  </node>
  <node id="-728" visible="true" lat="44.405711584316" lon="-71.872641500952">
    <!-- conflict: "96 Charlotte Lane, Concord, VT" Fuzzy match to "96 Charlotte Lane, , VT" -->
    <tag k="addr:city" v="Concord"/>
    <tag k="addr:housenumber" v="96"/>
    <tag k="addr:street" v="Charlotte Lane"/>
    <tag k="addr:state" v="VT"/>
    <tag k="ref:vcgi:esiteid" v="76878"/>
  </node>
  <node id="-729" visible="true" lat="44.405495357222" lon="-71.871922514203">
    <!-- conflict: "6 Wavy Lane, Concord, VT" Fuzzy match to "6 Wavy Lane, , VT" -->
    <tag k="addr:city" v="Concord"/>
    <tag k="addr:housenumber" v="6"/>
    <tag k="addr:street" v="Wavy Lane"/>
    <tag k="addr:state" v="VT"/>
    <tag k="ref:vcgi:esiteid" v="76879"/>
  </node>
  <node id="-730" visible="true" lat="44.405390323804" lon="-71.872684124746">
    <!-- conflict: "85 Maple Tree Lane, Concord, VT" Fuzzy match to "85 Maple Tree Lane, , VT" -->
    <tag k="addr:city" v="Concord"/>
    <tag k="addr:housenumber" v="85"/>
    <tag k="addr:street" v="Maple Tree Lane"/>
    <tag k="addr:state" v="VT"/>
    <tag k="ref:vcgi:esiteid" v="76881"/>
  </node>
  <node id="-731" visible="true" lat="44.40539204183" lon="-71.87202002133">
    <!-- conflict: "117 Charlotte Lane, Concord, VT" Fuzzy match to "117 Charlotte Lane, , VT" -->
    <tag k="addr:city" v="Concord"/>
    <tag k="addr:housenumber" v="117"/>
    <tag k="addr:street" v="Charlotte Lane"/>
    <tag k="addr:state" v="VT"/>
    <tag k="ref:vcgi:esiteid" v="76882"/>
  </node>
  <node id="-732" visible="true" lat="44.40526770908" lon="-71.875281624522">
    <!-- conflict: "2276 Shadow Lake Road, Concord, VT" Fuzzy match to "2276 Shadow Lake Road, , VT" -->
    <tag k="addr:city" v="Concord"/>
    <tag k="addr:housenumber" v="2276"/>
    <tag k="addr:street" v="Shadow Lake Road"/>
    <tag k="addr:state" v="VT"/>
    <tag k="ref:vcgi:esiteid" v="76883"/>
  </node>
  <node id="-733" visible="true" lat="44.405281490122" lon="-71.872112185927">
    <!-- conflict: "115 Charlotte Lane, Concord, VT" Fuzzy match to "115 Charlotte Lane, , VT" -->
    <tag k="addr:city" v="Concord"/>
    <tag k="addr:housenumber" v="115"/>
    <tag k="addr:street" v="Charlotte Lane"/>
    <tag k="addr:state" v="VT"/>
    <tag k="ref:vcgi:esiteid" v="76884"/>
  </node>
  <node id="-734" visible="true" lat="44.405229055188" lon="-71.868851695166">
    <!-- conflict: "2752 Shadow Lake Road, Concord, VT" Fuzzy match to "2752 Shadow Lake Road, , VT" -->
    <tag k="addr:city" v="Concord"/>
    <tag k="addr:housenumber" v="2752"/>
    <tag k="addr:street" v="Shadow Lake Road"/>
    <tag k="addr:state" v="VT"/>
    <tag k="ref:vcgi:esiteid" v="76885"/>
  </node>
  <node id="-735" visible="true" lat="44.40522748297" lon="-71.876307603537">
    <!-- conflict: "2229 Shadow Lake Road, Concord, VT" Fuzzy match to "2229 Shadow Lake Road, , VT" -->
    <tag k="addr:city" v="Concord"/>
    <tag k="addr:housenumber" v="2229"/>
    <tag k="addr:street" v="Shadow Lake Road"/>
    <tag k="addr:state" v="VT"/>
    <tag k="ref:vcgi:esiteid" v="76886"/>
  </node>
  <node id="-736" visible="true" lat="44.404578334633" lon="-71.831048430508">
    <!-- conflict: "1318 Johnson Road, Concord, VT" Fuzzy match to "1318 Johnson Road, , VT" -->
    <tag k="addr:city" v="Concord"/>
    <tag k="addr:housenumber" v="1318"/>
    <tag k="addr:street" v="Johnson Road"/>
    <tag k="addr:state" v="VT"/>
    <tag k="ref:vcgi:esiteid" v="76887"/>
  </node>
  <node id="-737" visible="true" lat="44.405060102319" lon="-71.872216974844">
    <!-- conflict: "131 Charlotte Lane, Concord, VT" Fuzzy match to "131 Charlotte Lane, , VT" -->
    <tag k="addr:city" v="Concord"/>
    <tag k="addr:housenumber" v="131"/>
    <tag k="addr:street" v="Charlotte Lane"/>
    <tag k="addr:state" v="VT"/>
    <tag k="ref:vcgi:esiteid" v="76888"/>
  </node>
  <node id="-738" visible="true" lat="44.40545686723" lon="-71.876766833347">
    <!-- conflict: "2207 Shadow Lake Road, Concord, VT" Fuzzy match to "2207 Shadow Lake Road, , VT" -->
    <tag k="addr:city" v="Concord"/>
    <tag k="addr:housenumber" v="2207"/>
    <tag k="addr:street" v="Shadow Lake Road"/>
    <tag k="addr:state" v="VT"/>
    <tag k="ref:vcgi:esiteid" v="76889"/>
  </node>
  <node id="-739" visible="true" lat="44.404931509634" lon="-71.872292553055">
    <!-- conflict: "141 Charlotte Lane, Concord, VT" Fuzzy match to "141 Charlotte Lane, , VT" -->
    <tag k="addr:city" v="Concord"/>
    <tag k="addr:housenumber" v="141"/>
    <tag k="addr:street" v="Charlotte Lane"/>
    <tag k="addr:state" v="VT"/>
    <tag k="ref:vcgi:esiteid" v="76890"/>
  </node>
  <node id="-740" visible="true" lat="44.404988525561" lon="-71.883253490437">
    <!-- conflict: "42 Mountain Top Farm Road, Concord, VT" Fuzzy match to "42 Mountain Top Farm Road, , VT" -->
    <tag k="addr:city" v="Concord"/>
    <tag k="addr:housenumber" v="42"/>
    <tag k="addr:street" v="Mountain Top Farm Road"/>
    <tag k="addr:state" v="VT"/>
    <tag k="ref:vcgi:esiteid" v="76891"/>
  </node>
  <node id="-741" visible="true" lat="44.40493412207" lon="-71.872569668326">
    <!-- conflict: "150 Charlotte Lane, Concord, VT" Fuzzy match to "150 Charlotte Lane, , VT" -->
    <tag k="addr:city" v="Concord"/>
    <tag k="addr:housenumber" v="150"/>
    <tag k="addr:street" v="Charlotte Lane"/>
    <tag k="addr:state" v="VT"/>
    <tag k="ref:vcgi:esiteid" v="76892"/>
  </node>
  <node id="-742" visible="true" lat="44.404781006639" lon="-71.872320658905">
    <!-- conflict: "147 Charlotte Lane, Concord, VT" Fuzzy match to "147 Charlotte Lane, , VT" -->
    <tag k="addr:city" v="Concord"/>
    <tag k="addr:housenumber" v="147"/>
    <tag k="addr:street" v="Charlotte Lane"/>
    <tag k="addr:state" v="VT"/>
    <tag k="ref:vcgi:esiteid" v="76893"/>
  </node>
  <node id="-743" visible="true" lat="44.404403884528" lon="-71.84718253586">
    <!-- conflict: "640 Stagecoach Road, Concord, VT" Fuzzy match to "640 Stagecoach Road, , VT" -->
    <tag k="addr:city" v="Concord"/>
    <tag k="addr:housenumber" v="640"/>
    <tag k="addr:street" v="Stagecoach Road"/>
    <tag k="addr:state" v="VT"/>
    <tag k="ref:vcgi:esiteid" v="76894"/>
  </node>
  <node id="-744" visible="true" lat="44.404702626919" lon="-71.876702343855">
    <!-- conflict: "2194 Shadow Lake Road, Concord, VT" Fuzzy match to "2194 Shadow Lake Road, , VT" -->
    <tag k="addr:city" v="Concord"/>
    <tag k="addr:housenumber" v="2194"/>
    <tag k="addr:street" v="Shadow Lake Road"/>
    <tag k="addr:state" v="VT"/>
    <tag k="ref:vcgi:esiteid" v="76895"/>
  </node>
  <node id="-745" visible="true" lat="44.404564623791" lon="-71.872573297805">
    <!-- conflict: "169 Charlotte Lane, Concord, VT" Fuzzy match to "169 Charlotte Lane, , VT" -->
    <tag k="addr:city" v="Concord"/>
    <tag k="addr:housenumber" v="169"/>
    <tag k="addr:street" v="Charlotte Lane"/>
    <tag k="addr:state" v="VT"/>
    <tag k="ref:vcgi:esiteid" v="76896"/>
  </node>
  <node id="-746" visible="true" lat="44.404550039521" lon="-71.867310556734">
    <!-- conflict: "2766 Shadow Lake Road, Concord, VT" Fuzzy match to "2766 Shadow Lake Road, , VT" -->
    <tag k="addr:city" v="Concord"/>
    <tag k="addr:housenumber" v="2766"/>
    <tag k="addr:street" v="Shadow Lake Road"/>
    <tag k="addr:state" v="VT"/>
    <tag k="ref:vcgi:esiteid" v="76897"/>
  </node>
  <node id="-747" visible="true" lat="44.404511892684" lon="-71.877244031359">
    <!-- conflict: "2166 Shadow Lake Road, Concord, VT" Fuzzy match to "2166 Shadow Lake Road, , VT" -->
    <tag k="addr:city" v="Concord"/>
    <tag k="addr:housenumber" v="2166"/>
    <tag k="addr:street" v="Shadow Lake Road"/>
    <tag k="addr:state" v="VT"/>
    <tag k="ref:vcgi:esiteid" v="76898"/>
  </node>
  <node id="-748" visible="true" lat="44.404295009478" lon="-71.87281410289">
    <!-- conflict: "183 Charlotte Lane, Concord, VT" Fuzzy match to "183 Charlotte Lane, , VT" -->
    <tag k="addr:city" v="Concord"/>
    <tag k="addr:housenumber" v="183"/>
    <tag k="addr:street" v="Charlotte Lane"/>
    <tag k="addr:state" v="VT"/>
    <tag k="ref:vcgi:esiteid" v="76899"/>
  </node>
  <node id="-749" visible="true" lat="44.404283010718" lon="-71.862046272377">
    <!-- conflict: "2204 Long Hill Road, Concord, VT" Fuzzy match to "2204 Long Hill Road, , VT" -->
    <tag k="addr:city" v="Concord"/>
    <tag k="addr:housenumber" v="2204"/>
    <tag k="addr:street" v="Long Hill Road"/>
    <tag k="addr:state" v="VT"/>
    <tag k="ref:vcgi:esiteid" v="76900"/>
  </node>
  <node id="-750" visible="true" lat="44.403541682098" lon="-71.829375443395">
    <!-- conflict: "1416 Johnson Road, Concord, VT" Fuzzy match to "1416 Johnson Road, , VT" -->
    <tag k="addr:city" v="Concord"/>
    <tag k="addr:housenumber" v="1416"/>
    <tag k="addr:street" v="Johnson Road"/>
    <tag k="addr:state" v="VT"/>
    <tag k="ref:vcgi:esiteid" v="76901"/>
  </node>
  <node id="-751" visible="true" lat="44.403822046085" lon="-71.873823460539">
    <!-- conflict: "130 Dream Lane, Concord, VT" Fuzzy match to "130 Dream Lane, , VT" -->
    <tag k="addr:city" v="Concord"/>
    <tag k="addr:housenumber" v="130"/>
    <tag k="addr:street" v="Dream Lane"/>
    <tag k="addr:state" v="VT"/>
    <tag k="ref:vcgi:esiteid" v="76902"/>
  </node>
  <node id="-752" visible="true" lat="44.403250782134" lon="-71.865616537088">
    <!-- conflict: "2874 Shadow Lake Road, Concord, VT" Fuzzy match to "2874 Shadow Lake Road, , VT" -->
    <tag k="addr:city" v="Concord"/>
    <tag k="addr:housenumber" v="2874"/>
    <tag k="addr:street" v="Shadow Lake Road"/>
    <tag k="addr:state" v="VT"/>
    <tag k="ref:vcgi:esiteid" v="76903"/>
  </node>
  <node id="-753" visible="true" lat="44.403394505427" lon="-71.87390960123">
    <!-- conflict: "104 Mount View Lane, Concord, VT" Fuzzy match to "104 Mount View Lane, , VT" -->
    <tag k="addr:city" v="Concord"/>
    <tag k="addr:housenumber" v="104"/>
    <tag k="addr:street" v="Mount View Lane"/>
    <tag k="addr:state" v="VT"/>
    <tag k="ref:vcgi:esiteid" v="76904"/>
  </node>
  <node id="-754" visible="true" lat="44.403325521474" lon="-71.861344368013">
    <!-- conflict: "2267 Long Hill Road, Concord, VT" Fuzzy match to "2267 Long Hill Road, , VT" -->
    <tag k="addr:city" v="Concord"/>
    <tag k="addr:housenumber" v="2267"/>
    <tag k="addr:street" v="Long Hill Road"/>
    <tag k="addr:state" v="VT"/>
    <tag k="ref:vcgi:esiteid" v="76905"/>
  </node>
  <node id="-755" visible="true" lat="44.403342855911" lon="-71.874373255113">
    <!-- conflict: "84 Mount View Lane, Concord, VT" Fuzzy match to "84 Mount View Lane, , VT" -->
    <tag k="addr:city" v="Concord"/>
    <tag k="addr:housenumber" v="84"/>
    <tag k="addr:street" v="Mount View Lane"/>
    <tag k="addr:state" v="VT"/>
    <tag k="ref:vcgi:esiteid" v="76906"/>
  </node>
  <node id="-756" visible="true" lat="44.403172933512" lon="-71.874901805825">
    <!-- conflict: "56 Mount View Lane, Concord, VT" Fuzzy match to "56 Mount View Lane, , VT" -->
    <tag k="addr:city" v="Concord"/>
    <tag k="addr:housenumber" v="56"/>
    <tag k="addr:street" v="Mount View Lane"/>
    <tag k="addr:state" v="VT"/>
    <tag k="ref:vcgi:esiteid" v="76907"/>
  </node>
  <node id="-757" visible="true" lat="44.403081380585" lon="-71.864159614791">
    <!-- conflict: "2947 Shadow Lake Road, Concord, VT" Fuzzy match to "2947 Shadow Lake Road, , VT" -->
    <tag k="addr:city" v="Concord"/>
    <tag k="addr:housenumber" v="2947"/>
    <tag k="addr:street" v="Shadow Lake Road"/>
    <tag k="addr:state" v="VT"/>
    <tag k="ref:vcgi:esiteid" v="76908"/>
  </node>
  <node id="-758" visible="true" lat="44.403081379827" lon="-71.875077283291">
    <!-- conflict: "46 Mount View Lane, Concord, VT" Fuzzy match to "46 Mount View Lane, , VT" -->
    <tag k="addr:city" v="Concord"/>
    <tag k="addr:housenumber" v="46"/>
    <tag k="addr:street" v="Mount View Lane"/>
    <tag k="addr:state" v="VT"/>
    <tag k="ref:vcgi:esiteid" v="76909"/>
  </node>
  <node id="-759" visible="true" lat="44.40271898479" lon="-71.877625501137">
    <!-- conflict: "138 Baker Lane, Concord, VT" Fuzzy match to "138 Baker Lane, , VT" -->
    <tag k="addr:city" v="Concord"/>
    <tag k="addr:housenumber" v="138"/>
    <tag k="addr:street" v="Baker Lane"/>
    <tag k="addr:state" v="VT"/>
    <tag k="ref:vcgi:esiteid" v="76910"/>
  </node>
  <node id="-760" visible="true" lat="44.402554952424" lon="-71.861001045585">
    <!-- conflict: "2323 Long Hill Road, Concord, VT" Fuzzy match to "2323 Long Hill Road, , VT" -->
    <tag k="addr:city" v="Concord"/>
    <tag k="addr:housenumber" v="2323"/>
    <tag k="addr:street" v="Long Hill Road"/>
    <tag k="addr:state" v="VT"/>
    <tag k="ref:vcgi:esiteid" v="76911"/>
  </node>
  <node id="-761" visible="true" lat="44.402524434579" lon="-71.8764658323">
    <!-- conflict: "183 Baker Lane, Concord, VT" Fuzzy match to "183 Baker Lane, , VT" -->
    <tag k="addr:city" v="Concord"/>
    <tag k="addr:housenumber" v="183"/>
    <tag k="addr:street" v="Baker Lane"/>
    <tag k="addr:state" v="VT"/>
    <tag k="ref:vcgi:esiteid" v="76912"/>
  </node>
  <node id="-762" visible="true" lat="44.402144468859" lon="-71.826570866154">
    <!-- conflict: "1584 Johnson Road, Concord, VT" Fuzzy match to "1584 Johnson Road, , VT" -->
    <tag k="addr:city" v="Concord"/>
    <tag k="addr:housenumber" v="1584"/>
    <tag k="addr:street" v="Johnson Road"/>
    <tag k="addr:state" v="VT"/>
    <tag k="ref:vcgi:esiteid" v="76913"/>
  </node>
  <node id="-763" visible="true" lat="44.40226122057" lon="-71.862908394789">
    <!-- conflict: "3031 Shadow Lake Road, Concord, VT" Fuzzy match to "3031 Shadow Lake Road, , VT" -->
    <tag k="addr:city" v="Concord"/>
    <tag k="addr:housenumber" v="3031"/>
    <tag k="addr:street" v="Shadow Lake Road"/>
    <tag k="addr:state" v="VT"/>
    <tag k="ref:vcgi:esiteid" v="76914"/>
  </node>
  <node id="-764" visible="true" lat="44.402139149426" lon="-71.876267468585">
    <!-- conflict: "209 Baker Lane, Concord, VT" Fuzzy match to "209 Baker Lane, , VT" -->
    <tag k="addr:city" v="Concord"/>
    <tag k="addr:housenumber" v="209"/>
    <tag k="addr:street" v="Baker Lane"/>
    <tag k="addr:state" v="VT"/>
    <tag k="ref:vcgi:esiteid" v="76915"/>
  </node>
  <node id="-765" visible="true" lat="44.401976582509" lon="-71.860758498533">
    <!-- conflict: "39 Mitchell Road, Concord, VT" Fuzzy match to "39 Mitchell Road, , VT" -->
    <tag k="addr:city" v="Concord"/>
    <tag k="addr:housenumber" v="39"/>
    <tag k="addr:street" v="Mitchell Road"/>
    <tag k="addr:state" v="VT"/>
    <tag k="ref:vcgi:esiteid" v="76916"/>
  </node>
  <node id="-766" visible="true" lat="44.402053494162" lon="-71.859915372143">
    <!-- conflict: "85 Mitchell Road, Concord, VT" Fuzzy match to "85 Mitchell Road, , VT" -->
    <tag k="addr:city" v="Concord"/>
    <tag k="addr:housenumber" v="85"/>
    <tag k="addr:street" v="Mitchell Road"/>
    <tag k="addr:state" v="VT"/>
    <tag k="ref:vcgi:esiteid" v="76917"/>
  </node>
  <node id="-767" visible="true" lat="44.401864079474" lon="-71.861994482286">
    <!-- conflict: "3091 Shadow Lake Road, Concord, VT" Fuzzy match to "3091 Shadow Lake Road, , VT" -->
    <tag k="addr:city" v="Concord"/>
    <tag k="addr:housenumber" v="3091"/>
    <tag k="addr:street" v="Shadow Lake Road"/>
    <tag k="addr:state" v="VT"/>
    <tag k="ref:vcgi:esiteid" v="76918"/>
  </node>
  <node id="-768" visible="true" lat="44.401910268838" lon="-71.876305615989">
    <!-- conflict: "225 Baker Lane, Concord, VT" Fuzzy match to "225 Baker Lane, , VT" -->
    <tag k="addr:city" v="Concord"/>
    <tag k="addr:housenumber" v="225"/>
    <tag k="addr:street" v="Baker Lane"/>
    <tag k="addr:state" v="VT"/>
    <tag k="ref:vcgi:esiteid" v="76919"/>
  </node>
  <node id="-769" visible="true" lat="44.401601278136" lon="-71.876282727731">
    <!-- conflict: "243 Baker Lane, Concord, VT" Fuzzy match to "243 Baker Lane, , VT" -->
    <tag k="addr:city" v="Concord"/>
    <tag k="addr:housenumber" v="243"/>
    <tag k="addr:street" v="Baker Lane"/>
    <tag k="addr:state" v="VT"/>
    <tag k="ref:vcgi:esiteid" v="76920"/>
  </node>
  <node id="-770" visible="true" lat="44.401471579228" lon="-71.854599981904">
    <!-- conflict: "150 Stagecoach Road, Concord, VT" Fuzzy match to "150 Stagecoach Road, , VT" -->
    <tag k="addr:city" v="Concord"/>
    <tag k="addr:housenumber" v="150"/>
    <tag k="addr:street" v="Stagecoach Road"/>
    <tag k="addr:state" v="VT"/>
    <tag k="ref:vcgi:esiteid" v="76921"/>
  </node>
  <node id="-771" visible="true" lat="44.401330433686" lon="-71.876252210013">
    <!-- conflict: "261 Baker Lane, Concord, VT" Fuzzy match to "261 Baker Lane, , VT" -->
    <tag k="addr:city" v="Concord"/>
    <tag k="addr:housenumber" v="261"/>
    <tag k="addr:street" v="Baker Lane"/>
    <tag k="addr:state" v="VT"/>
    <tag k="ref:vcgi:esiteid" v="76922"/>
  </node>
  <node id="-772" visible="true" lat="44.401360358387" lon="-71.857172467274">
    <!-- conflict: "37 Stagecoach Road, Concord, VT" Fuzzy match to "37 Stagecoach Road, , VT" -->
    <tag k="addr:city" v="Concord"/>
    <tag k="addr:housenumber" v="37"/>
    <tag k="addr:street" v="Stagecoach Road"/>
    <tag k="addr:state" v="VT"/>
    <tag k="ref:vcgi:esiteid" v="76923"/>
  </node>
  <node id="-773" visible="true" lat="44.401254141413" lon="-71.876572644088">
    <!-- conflict: "268 Baker Lane, Concord, VT" Fuzzy match to "268 Baker Lane, , VT" -->
    <tag k="addr:city" v="Concord"/>
    <tag k="addr:housenumber" v="268"/>
    <tag k="addr:street" v="Baker Lane"/>
    <tag k="addr:state" v="VT"/>
    <tag k="ref:vcgi:esiteid" v="76924"/>
  </node>
  <node id="-774" visible="true" lat="44.401119841758" lon="-71.860907064967">
    <!-- conflict: "3163 Shadow Lake Road, Concord, VT" Fuzzy match to "3163 Shadow Lake Road, , VT" -->
    <tag k="addr:city" v="Concord"/>
    <tag k="addr:housenumber" v="3163"/>
    <tag k="addr:street" v="Shadow Lake Road"/>
    <tag k="addr:state" v="VT"/>
    <tag k="ref:vcgi:esiteid" v="76925"/>
  </node>
  <node id="-775" visible="true" lat="44.401366720468" lon="-71.86878236127">
    <!-- conflict: "3148 Shadow Lake Road, Concord, VT" Fuzzy match to "3148 Shadow Lake Road, , VT" -->
    <tag k="addr:city" v="Concord"/>
    <tag k="addr:housenumber" v="3148"/>
    <tag k="addr:street" v="Shadow Lake Road"/>
    <tag k="addr:state" v="VT"/>
    <tag k="ref:vcgi:esiteid" v="76926"/>
  </node>
  <node id="-776" visible="true" lat="44.400750600536" lon="-71.876755748333">
    <!-- conflict: "304 Baker Lane, Concord, VT" Fuzzy match to "304 Baker Lane, , VT" -->
    <tag k="addr:city" v="Concord"/>
    <tag k="addr:housenumber" v="304"/>
    <tag k="addr:street" v="Baker Lane"/>
    <tag k="addr:state" v="VT"/>
    <tag k="ref:vcgi:esiteid" v="76927"/>
  </node>
  <node id="-777" visible="true" lat="44.400615728253" lon="-71.856913465276">
    <!-- conflict: "279 Mitchell Road, Concord, VT" Fuzzy match to "279 Mitchell Road, , VT" -->
    <tag k="addr:city" v="Concord"/>
    <tag k="addr:housenumber" v="279"/>
    <tag k="addr:street" v="Mitchell Road"/>
    <tag k="addr:state" v="VT"/>
    <tag k="ref:vcgi:esiteid" v="76928"/>
  </node>
  <node id="-778" visible="true" lat="44.400599767878" lon="-71.858018037459">
    <!-- conflict: "238 Mitchell Road, Concord, VT" Fuzzy match to "238 Mitchell Road, , VT" -->
    <tag k="addr:city" v="Concord"/>
    <tag k="addr:housenumber" v="238"/>
    <tag k="addr:street" v="Mitchell Road"/>
    <tag k="addr:state" v="VT"/>
    <tag k="ref:vcgi:esiteid" v="76929"/>
  </node>
  <node id="-779" visible="true" lat="44.400472126851" lon="-71.876801526861">
    <!-- conflict: "324 Baker Lane, Concord, VT" Fuzzy match to "324 Baker Lane, , VT" -->
    <tag k="addr:city" v="Concord"/>
    <tag k="addr:housenumber" v="324"/>
    <tag k="addr:street" v="Baker Lane"/>
    <tag k="addr:state" v="VT"/>
    <tag k="ref:vcgi:esiteid" v="76930"/>
  </node>
  <node id="-780" visible="true" lat="44.399438768399" lon="-71.876417030882">
    <!-- conflict: "391 Baker Lane, Concord, VT" Fuzzy match to "391 Baker Lane, , VT" -->
    <tag k="addr:city" v="Concord"/>
    <tag k="addr:housenumber" v="391"/>
    <tag k="addr:street" v="Baker Lane"/>
    <tag k="addr:state" v="VT"/>
    <tag k="ref:vcgi:esiteid" v="76931"/>
  </node>
  <node id="-781" visible="true" lat="44.39902635661" lon="-71.862526924269">
    <!-- conflict: "3316 Shadow Lake Road, Concord, VT" Fuzzy match to "3316 Shadow Lake Road, , VT" -->
    <tag k="addr:city" v="Concord"/>
    <tag k="addr:housenumber" v="3316"/>
    <tag k="addr:street" v="Shadow Lake Road"/>
    <tag k="addr:state" v="VT"/>
    <tag k="ref:vcgi:esiteid" v="76932"/>
  </node>
  <node id="-782" visible="true" lat="44.398698293708" lon="-71.839676880537">
    <!-- conflict: "510 Leclair Road, Concord, VT" Fuzzy match to "510 Leclair Road, , VT" -->
    <tag k="addr:city" v="Concord"/>
    <tag k="addr:housenumber" v="510"/>
    <tag k="addr:street" v="Leclair Road"/>
    <tag k="addr:state" v="VT"/>
    <tag k="ref:vcgi:esiteid" v="76933"/>
  </node>
  <node id="-783" visible="true" lat="44.39838406326" lon="-71.875625265228">
    <!-- conflict: "83 Tremblay Lane, Concord, VT" Fuzzy match to "83 Tremblay Lane, , VT" -->
    <tag k="addr:city" v="Concord"/>
    <tag k="addr:housenumber" v="83"/>
    <tag k="addr:street" v="Tremblay Lane"/>
    <tag k="addr:state" v="VT"/>
    <tag k="ref:vcgi:esiteid" v="76934"/>
  </node>
  <node id="-784" visible="true" lat="44.398065052968" lon="-71.861809759892">
    <!-- conflict: "3367 Shadow Lake Road, Concord, VT" Fuzzy match to "3367 Shadow Lake Road, , VT" -->
    <tag k="addr:city" v="Concord"/>
    <tag k="addr:housenumber" v="3367"/>
    <tag k="addr:street" v="Shadow Lake Road"/>
    <tag k="addr:state" v="VT"/>
    <tag k="ref:vcgi:esiteid" v="76935"/>
  </node>
  <node id="-785" visible="true" lat="44.397893391754" lon="-71.863411934851">
    <!-- conflict: "3378 Shadow Lake Road, Concord, VT" Fuzzy match to "3378 Shadow Lake Road, , VT" -->
    <tag k="addr:city" v="Concord"/>
    <tag k="addr:housenumber" v="3378"/>
    <tag k="addr:street" v="Shadow Lake Road"/>
    <tag k="addr:state" v="VT"/>
    <tag k="ref:vcgi:esiteid" v="76936"/>
  </node>
  <node id="-786" visible="true" lat="44.397576772587" lon="-71.835892697765">
    <!-- conflict: "731 Leclair Road, Concord, VT" Fuzzy match to "731 Leclair Road, , VT" -->
    <tag k="addr:city" v="Concord"/>
    <tag k="addr:housenumber" v="731"/>
    <tag k="addr:street" v="Leclair Road"/>
    <tag k="addr:state" v="VT"/>
    <tag k="ref:vcgi:esiteid" v="76937"/>
  </node>
  <node id="-787" visible="true" lat="44.397206745677" lon="-71.873421703393">
    <!-- conflict: "176 Barefoot Road, Concord, VT" Fuzzy match to "176 Barefoot Road, , VT" -->
    <tag k="addr:city" v="Concord"/>
    <tag k="addr:housenumber" v="176"/>
    <tag k="addr:street" v="Barefoot Road"/>
    <tag k="addr:state" v="VT"/>
    <tag k="ref:vcgi:esiteid" v="76938"/>
  </node>
  <node id="-788" visible="true" lat="44.397025721496" lon="-71.876034950886">
    <!-- conflict: "919 Beede Road, Concord, VT" Fuzzy match to "919 Beede Road, , VT" -->
    <tag k="addr:city" v="Concord"/>
    <tag k="addr:housenumber" v="919"/>
    <tag k="addr:street" v="Beede Road"/>
    <tag k="addr:state" v="VT"/>
    <tag k="ref:vcgi:esiteid" v="76939"/>
  </node>
  <node id="-789" visible="true" lat="44.396874868662" lon="-71.835717221998">
    <!-- conflict: "764 Leclair Road, Concord, VT" Fuzzy match to "764 Leclair Road, , VT" -->
    <tag k="addr:city" v="Concord"/>
    <tag k="addr:housenumber" v="764"/>
    <tag k="addr:street" v="Leclair Road"/>
    <tag k="addr:state" v="VT"/>
    <tag k="ref:vcgi:esiteid" v="76940"/>
  </node>
  <node id="-790" visible="true" lat="44.396974388234" lon="-71.872973228187">
    <!-- conflict: "144 Barefoot Road, Concord, VT" Fuzzy match to "144 Barefoot Road, , VT" -->
    <tag k="addr:city" v="Concord"/>
    <tag k="addr:housenumber" v="144"/>
    <tag k="addr:street" v="Barefoot Road"/>
    <tag k="addr:state" v="VT"/>
    <tag k="ref:vcgi:esiteid" v="76941"/>
  </node>
  <node id="-791" visible="true" lat="44.396451435898" lon="-71.862099676284">
    <!-- conflict: "3511 Shadow Lake Road, Concord, VT" Fuzzy match to "3511 Shadow Lake Road, , VT" -->
    <tag k="addr:city" v="Concord"/>
    <tag k="addr:housenumber" v="3511"/>
    <tag k="addr:street" v="Shadow Lake Road"/>
    <tag k="addr:state" v="VT"/>
    <tag k="ref:vcgi:esiteid" v="76942"/>
  </node>
  <node id="-792" visible="true" lat="44.396359882653" lon="-71.871239696017">
    <!-- conflict: "126 Whitehead Lane, Concord, VT" Fuzzy match to "126 Whitehead Lane, , VT" -->
    <tag k="addr:city" v="Concord"/>
    <tag k="addr:housenumber" v="126"/>
    <tag k="addr:street" v="Whitehead Lane"/>
    <tag k="addr:state" v="VT"/>
    <tag k="ref:vcgi:esiteid" v="76943"/>
  </node>
  <node id="-793" visible="true" lat="44.396333180751" lon="-71.872887645454">
    <!-- conflict: "106 Barefoot Road, Concord, VT" Fuzzy match to "106 Barefoot Road, , VT" -->
    <tag k="addr:city" v="Concord"/>
    <tag k="addr:housenumber" v="106"/>
    <tag k="addr:street" v="Barefoot Road"/>
    <tag k="addr:state" v="VT"/>
    <tag k="ref:vcgi:esiteid" v="76944"/>
  </node>
  <node id="-794" visible="true" lat="44.396047077712" lon="-71.876282727273">
    <!-- conflict: "853 Beede Road, Concord, VT" Fuzzy match to "853 Beede Road, , VT" -->
    <tag k="addr:city" v="Concord"/>
    <tag k="addr:housenumber" v="853"/>
    <tag k="addr:street" v="Beede Road"/>
    <tag k="addr:state" v="VT"/>
    <tag k="ref:vcgi:esiteid" v="76945"/>
  </node>
  <node id="-795" visible="true" lat="44.395500057356" lon="-71.86283101643">
    <!-- conflict: "3545 Shadow Lake Road, Concord, VT" Fuzzy match to "3545 Shadow Lake Road, , VT" -->
    <tag k="addr:city" v="Concord"/>
    <tag k="addr:housenumber" v="3545"/>
    <tag k="addr:street" v="Shadow Lake Road"/>
    <tag k="addr:state" v="VT"/>
    <tag k="ref:vcgi:esiteid" v="76946"/>
  </node>
  <node id="-796" visible="true" lat="44.395844899123" lon="-71.871857676673">
    <!-- conflict: "54 Page Lane, Concord, VT" Fuzzy match to "54 Page Lane, , VT" -->
    <tag k="addr:city" v="Concord"/>
    <tag k="addr:housenumber" v="54"/>
    <tag k="addr:street" v="Page Lane"/>
    <tag k="addr:state" v="VT"/>
    <tag k="ref:vcgi:esiteid" v="76947"/>
  </node>
  <node id="-797" visible="true" lat="44.395085772335" lon="-71.872887645474">
    <!-- conflict: "19 Barefoot Road, Concord, VT" Fuzzy match to "19 Barefoot Road, , VT" -->
    <tag k="addr:city" v="Concord"/>
    <tag k="addr:housenumber" v="19"/>
    <tag k="addr:street" v="Barefoot Road"/>
    <tag k="addr:state" v="VT"/>
    <tag k="ref:vcgi:esiteid" v="76948"/>
  </node>
  <node id="-798" visible="true" lat="44.395020922859" lon="-71.87642768522">
    <!-- conflict: "807 Beede Road, Concord, VT" Fuzzy match to "807 Beede Road, , VT" -->
    <tag k="addr:city" v="Concord"/>
    <tag k="addr:housenumber" v="807"/>
    <tag k="addr:street" v="Beede Road"/>
    <tag k="addr:state" v="VT"/>
    <tag k="ref:vcgi:esiteid" v="76949"/>
  </node>
  <node id="-799" visible="true" lat="44.394959888881" lon="-71.871483836775">
    <!-- conflict: "42 Whitehead Lane, Concord, VT" Fuzzy match to "42 Whitehead Lane, , VT" -->
    <tag k="addr:city" v="Concord"/>
    <tag k="addr:housenumber" v="42"/>
    <tag k="addr:street" v="Whitehead Lane"/>
    <tag k="addr:state" v="VT"/>
    <tag k="ref:vcgi:esiteid" v="76950"/>
  </node>
  <node id="-800" visible="true" lat="44.394753894468" lon="-71.863335640525">
    <!-- conflict: "3611 Shadow Lake Road, Concord, VT" Fuzzy match to "3611 Shadow Lake Road, , VT" -->
    <tag k="addr:city" v="Concord"/>
    <tag k="addr:housenumber" v="3611"/>
    <tag k="addr:street" v="Shadow Lake Road"/>
    <tag k="addr:state" v="VT"/>
    <tag k="ref:vcgi:esiteid" v="76951"/>
  </node>
  <node id="-801" visible="true" lat="44.394750080294" lon="-71.864441903457">
    <!-- conflict: "3622 Shadow Lake Road, Concord, VT" Fuzzy match to "3622 Shadow Lake Road, , VT" -->
    <tag k="addr:city" v="Concord"/>
    <tag k="addr:housenumber" v="3622"/>
    <tag k="addr:street" v="Shadow Lake Road"/>
    <tag k="addr:state" v="VT"/>
    <tag k="ref:vcgi:esiteid" v="76952"/>
  </node>
  <node id="-802" visible="true" lat="44.394647085358" lon="-71.851365116017">
    <!-- conflict: "759 Mitchell Road, Concord, VT" Fuzzy match to "759 Mitchell Road, , VT" -->
    <tag k="addr:city" v="Concord"/>
    <tag k="addr:housenumber" v="759"/>
    <tag k="addr:street" v="Mitchell Road"/>
    <tag k="addr:state" v="VT"/>
    <tag k="ref:vcgi:esiteid" v="76953"/>
  </node>
  <node id="-803" visible="true" lat="44.394270164046" lon="-71.825972373693">
    <!-- conflict: "298 Cutting Road, Concord, VT" Fuzzy match to "298 Cutting Road, , VT" -->
    <tag k="addr:city" v="Concord"/>
    <tag k="addr:housenumber" v="298"/>
    <tag k="addr:street" v="Cutting Road"/>
    <tag k="addr:state" v="VT"/>
    <tag k="ref:vcgi:esiteid" v="76954"/>
  </node>
  <node id="-804" visible="true" lat="44.394467792777" lon="-71.87332252012">
    <!-- conflict: "647 Beede Road, Concord, VT" Fuzzy match to "647 Beede Road, , VT" -->
    <tag k="addr:city" v="Concord"/>
    <tag k="addr:housenumber" v="647"/>
    <tag k="addr:street" v="Beede Road"/>
    <tag k="addr:state" v="VT"/>
    <tag k="ref:vcgi:esiteid" v="76955"/>
  </node>
  <node id="-805" visible="true" lat="44.394406756498" lon="-71.874978099897">
    <!-- conflict: "725 Beede Road, Concord, VT" Fuzzy match to "725 Beede Road, , VT" -->
    <tag k="addr:city" v="Concord"/>
    <tag k="addr:housenumber" v="725"/>
    <tag k="addr:street" v="Beede Road"/>
    <tag k="addr:state" v="VT"/>
    <tag k="ref:vcgi:esiteid" v="76956"/>
  </node>
  <node id="-806" visible="true" lat="44.394182339823" lon="-71.827648221781">
    <!-- conflict: "450 Cutting Road, Concord, VT" Fuzzy match to "450 Cutting Road, , VT" -->
    <tag k="addr:city" v="Concord"/>
    <tag k="addr:housenumber" v="450"/>
    <tag k="addr:street" v="Cutting Road"/>
    <tag k="addr:state" v="VT"/>
    <tag k="ref:vcgi:esiteid" v="76957"/>
  </node>
  <node id="-807" visible="true" lat="44.393678389373" lon="-71.851098085014">
    <!-- conflict: "823 Mitchell Road, Concord, VT" Fuzzy match to "823 Mitchell Road, , VT" -->
    <tag k="addr:city" v="Concord"/>
    <tag k="addr:housenumber" v="823"/>
    <tag k="addr:street" v="Mitchell Road"/>
    <tag k="addr:state" v="VT"/>
    <tag k="ref:vcgi:esiteid" v="76958"/>
  </node>
  <node id="-808" visible="true" lat="44.393777332682" lon="-71.8746881837">
    <!-- conflict: "695 Beede Road, Concord, VT" Fuzzy match to "695 Beede Road, , VT" -->
    <tag k="addr:city" v="Concord"/>
    <tag k="addr:housenumber" v="695"/>
    <tag k="addr:street" v="Beede Road"/>
    <tag k="addr:state" v="VT"/>
    <tag k="ref:vcgi:esiteid" v="76959"/>
  </node>
  <node id="-809" visible="true" lat="44.393693384742" lon="-71.851637266077">
    <!-- conflict: "828 Mitchell Road, Concord, VT" Fuzzy match to "828 Mitchell Road, , VT" -->
    <tag k="addr:city" v="Concord"/>
    <tag k="addr:housenumber" v="828"/>
    <tag k="addr:street" v="Mitchell Road"/>
    <tag k="addr:state" v="VT"/>
    <tag k="ref:vcgi:esiteid" v="76960"/>
  </node>
  <node id="-810" visible="true" lat="44.392880878031" lon="-71.863526373647">
    <!-- conflict: "3745 Shadow Lake Road, Concord, VT" Fuzzy match to "3745 Shadow Lake Road, , VT" -->
    <tag k="addr:city" v="Concord"/>
    <tag k="addr:housenumber" v="3745"/>
    <tag k="addr:street" v="Shadow Lake Road"/>
    <tag k="addr:state" v="VT"/>
    <tag k="ref:vcgi:esiteid" v="76961"/>
  </node>
  <node id="-811" visible="true" lat="44.392613848949" lon="-71.850884463851">
    <!-- conflict: "896 Mitchell Road, Concord, VT" Fuzzy match to "896 Mitchell Road, , VT" -->
    <tag k="addr:city" v="Concord"/>
    <tag k="addr:housenumber" v="896"/>
    <tag k="addr:street" v="Mitchell Road"/>
    <tag k="addr:state" v="VT"/>
    <tag k="ref:vcgi:esiteid" v="76962"/>
  </node>
  <node id="-812" visible="true" lat="44.392354449035" lon="-71.86435797895">
    <!-- conflict: "3806 Shadow Lake Road, Concord, VT" Fuzzy match to "3806 Shadow Lake Road, , VT" -->
    <tag k="addr:city" v="Concord"/>
    <tag k="addr:housenumber" v="3806"/>
    <tag k="addr:street" v="Shadow Lake Road"/>
    <tag k="addr:state" v="VT"/>
    <tag k="ref:vcgi:esiteid" v="76963"/>
  </node>
  <node id="-813" visible="true" lat="44.39202795638" lon="-71.86333274866">
    <!-- conflict: "3811 Shadow Lake Road, Concord, VT" Fuzzy match to "3811 Shadow Lake Road, , VT" -->
    <tag k="addr:city" v="Concord"/>
    <tag k="addr:housenumber" v="3811"/>
    <tag k="addr:street" v="Shadow Lake Road"/>
    <tag k="addr:state" v="VT"/>
    <tag k="ref:vcgi:esiteid" v="76964"/>
  </node>
  <node id="-814" visible="true" lat="44.390729388466" lon="-71.875695262922">
    <!-- conflict: "413 Patches Road, Concord, VT" Fuzzy match to "413 Patches Road, , VT" -->
    <tag k="addr:city" v="Concord"/>
    <tag k="addr:housenumber" v="413"/>
    <tag k="addr:street" v="Patches Road"/>
    <tag k="addr:state" v="VT"/>
    <tag k="ref:vcgi:esiteid" v="76965"/>
  </node>
  <node id="-815" visible="true" lat="44.390140527994" lon="-71.870136718166">
    <!-- conflict: "85 Setter Road, Concord, VT" Fuzzy match to "85 Setter Road, , VT" -->
    <tag k="addr:city" v="Concord"/>
    <tag k="addr:housenumber" v="85"/>
    <tag k="addr:street" v="Setter Road"/>
    <tag k="addr:state" v="VT"/>
    <tag k="ref:vcgi:esiteid" v="76966"/>
  </node>
  <node id="-816" visible="true" lat="44.389579199601" lon="-71.857745758598">
    <!-- conflict: "140 Micah Baker Road, Concord, VT" Fuzzy match to "140 Micah Baker Road, , VT" -->
    <tag k="addr:city" v="Concord"/>
    <tag k="addr:housenumber" v="140"/>
    <tag k="addr:street" v="Micah Baker Road"/>
    <tag k="addr:state" v="VT"/>
    <tag k="ref:vcgi:esiteid" v="76967"/>
  </node>
  <node id="-817" visible="true" lat="44.387762166283" lon="-71.86225732068">
    <!-- conflict: "245 High Ridge Road, Concord, VT" Fuzzy match to "245 High Ridge Road, , VT" -->
    <tag k="addr:city" v="Concord"/>
    <tag k="addr:housenumber" v="245"/>
    <tag k="addr:street" v="High Ridge Road"/>
    <tag k="addr:state" v="VT"/>
    <tag k="ref:vcgi:esiteid" v="76968"/>
  </node>
  <node id="-818" visible="true" lat="44.387570345458" lon="-71.864659197851">
    <!-- conflict: "150 High Ridge Road, Concord, VT" Fuzzy match to "150 High Ridge Road, , VT" -->
    <tag k="addr:city" v="Concord"/>
    <tag k="addr:housenumber" v="150"/>
    <tag k="addr:street" v="High Ridge Road"/>
    <tag k="addr:state" v="VT"/>
    <tag k="ref:vcgi:esiteid" v="76969"/>
  </node>
  <node id="-819" visible="true" lat="44.387456379203" lon="-71.857644108488">
    <!-- conflict: "4231 Shadow Lake Road, Concord, VT" Fuzzy match to "4231 Shadow Lake Road, , VT" -->
    <tag k="addr:city" v="Concord"/>
    <tag k="addr:housenumber" v="4231"/>
    <tag k="addr:street" v="Shadow Lake Road"/>
    <tag k="addr:state" v="VT"/>
    <tag k="ref:vcgi:esiteid" v="76970"/>
  </node>
  <node id="-820" visible="true" lat="44.386687183226" lon="-71.862560595546">
    <!-- conflict: "344 High Ridge Road, Concord, VT" Fuzzy match to "344 High Ridge Road, , VT" -->
    <tag k="addr:city" v="Concord"/>
    <tag k="addr:housenumber" v="344"/>
    <tag k="addr:street" v="High Ridge Road"/>
    <tag k="addr:state" v="VT"/>
    <tag k="ref:vcgi:esiteid" v="76971"/>
  </node>
  <node id="-821" visible="true" lat="44.384579504799" lon="-71.86242325099">
    <!-- conflict: "70 Bunnell Road, Concord, VT" Fuzzy match to "70 Bunnell Road, , VT" -->
    <tag k="addr:city" v="Concord"/>
    <tag k="addr:housenumber" v="70"/>
    <tag k="addr:street" v="Bunnell Road"/>
    <tag k="addr:state" v="VT"/>
    <tag k="ref:vcgi:esiteid" v="76972"/>
  </node>
  <node id="-822" visible="true" lat="44.38438814" lon="-71.861561472619">
    <!-- conflict: "23 Bunnell Road, Concord, VT" Fuzzy match to "23 Bunnell Road, , VT" -->
    <tag k="addr:city" v="Concord"/>
    <tag k="addr:housenumber" v="23"/>
    <tag k="addr:street" v="Bunnell Road"/>
    <tag k="addr:state" v="VT"/>
    <tag k="ref:vcgi:esiteid" v="76973"/>
  </node>
  <node id="-823" visible="true" lat="44.384309638633" lon="-71.862049271015">
    <!-- conflict: "51 Bunnell Road, Concord, VT" Fuzzy match to "51 Bunnell Road, , VT" -->
    <tag k="addr:city" v="Concord"/>
    <tag k="addr:housenumber" v="51"/>
    <tag k="addr:street" v="Bunnell Road"/>
    <tag k="addr:state" v="VT"/>
    <tag k="ref:vcgi:esiteid" v="76974"/>
  </node>
  <node id="-824" visible="true" lat="44.382874094499" lon="-71.864654640499">
    <!-- conflict: "760 High Ridge Road, Concord, VT" Fuzzy match to "760 High Ridge Road, , VT" -->
    <tag k="addr:city" v="Concord"/>
    <tag k="addr:housenumber" v="760"/>
    <tag k="addr:street" v="High Ridge Road"/>
    <tag k="addr:state" v="VT"/>
    <tag k="ref:vcgi:esiteid" v="76975"/>
  </node>
  <node id="-825" visible="true" lat="44.381897245375" lon="-71.863543850918">
    <!-- conflict: "697 High Ridge Road, Concord, VT" Fuzzy match to "697 High Ridge Road, , VT" -->
    <tag k="addr:city" v="Concord"/>
    <tag k="addr:housenumber" v="697"/>
    <tag k="addr:street" v="High Ridge Road"/>
    <tag k="addr:state" v="VT"/>
    <tag k="ref:vcgi:esiteid" v="76976"/>
  </node>
  <node id="-826" visible="true" lat="44.38140626773" lon="-71.852356935901">
    <!-- conflict: "4767 Shadow Lake Road, Concord, VT" Fuzzy match to "4767 Shadow Lake Road, , VT" -->
    <tag k="addr:city" v="Concord"/>
    <tag k="addr:housenumber" v="4767"/>
    <tag k="addr:street" v="Shadow Lake Road"/>
    <tag k="addr:state" v="VT"/>
    <tag k="ref:vcgi:esiteid" v="76977"/>
  </node>
  <node id="-827" visible="true" lat="44.377957780249" lon="-71.842759154013">
    <!-- conflict: "2489 Leclair Road, Concord, VT" Fuzzy match to "2489 Leclair Road, , VT" -->
    <tag k="addr:city" v="Concord"/>
    <tag k="addr:housenumber" v="2489"/>
    <tag k="addr:street" v="Leclair Road"/>
    <tag k="addr:state" v="VT"/>
    <tag k="ref:vcgi:esiteid" v="76978"/>
  </node>
  <node id="-828" visible="true" lat="44.377433416331" lon="-71.866107086813">
    <!-- conflict: "1120 High Ridge Road, Concord, VT" Fuzzy match to "1120 High Ridge Road, , VT" -->
    <tag k="addr:city" v="Concord"/>
    <tag k="addr:housenumber" v="1120"/>
    <tag k="addr:street" v="High Ridge Road"/>
    <tag k="addr:state" v="VT"/>
    <tag k="ref:vcgi:esiteid" v="76979"/>
  </node>
  <node id="-829" visible="true" lat="44.37746224073" lon="-71.865622312958">
    <!-- conflict: "1097 High Ridge Road, Concord, VT" Fuzzy match to "1097 High Ridge Road, , VT" -->
    <tag k="addr:city" v="Concord"/>
    <tag k="addr:housenumber" v="1097"/>
    <tag k="addr:street" v="High Ridge Road"/>
    <tag k="addr:state" v="VT"/>
    <tag k="ref:vcgi:esiteid" v="76980"/>
  </node>
  <node id="-830" visible="true" lat="44.37520486412" lon="-71.849405142264">
    <!-- conflict: "398 Grist Mill Pit Road, Concord, VT" Fuzzy match to "398 Grist Mill Pit Road, , VT" -->
    <tag k="addr:city" v="Concord"/>
    <tag k="addr:housenumber" v="398"/>
    <tag k="addr:street" v="Grist Mill Pit Road"/>
    <tag k="addr:state" v="VT"/>
    <tag k="ref:vcgi:esiteid" v="76981"/>
  </node>
  <node id="-831" visible="true" lat="44.374775784383" lon="-71.847849718693">
    <!-- conflict: "2819 Leclair Road, Concord, VT" Fuzzy match to "2819 Leclair Road, , VT" -->
    <tag k="addr:city" v="Concord"/>
    <tag k="addr:housenumber" v="2819"/>
    <tag k="addr:street" v="Leclair Road"/>
    <tag k="addr:state" v="VT"/>
    <tag k="ref:vcgi:esiteid" v="76982"/>
  </node>
  <node id="-832" visible="true" lat="44.371645657139" lon="-71.853212859101">
    <!-- conflict: "5463 Shadow Lake Road, Saint Johnsbury, VT" Fuzzy match to "5463 Shadow Lake Road, , VT" -->
    <tag k="addr:city" v="Saint Johnsbury"/>
    <tag k="addr:housenumber" v="5463"/>
    <tag k="addr:street" v="Shadow Lake Road"/>
    <tag k="addr:state" v="VT"/>
    <tag k="ref:vcgi:esiteid" v="76983"/>
  </node>
  <node id="-833" visible="true" lat="44.37097306823" lon="-71.856713321403">
    <!-- conflict: "5558 Shadow Lake Road, Saint Johnsbury, VT" Fuzzy match to "5558 Shadow Lake Road, , VT" -->
    <tag k="addr:city" v="Saint Johnsbury"/>
    <tag k="addr:housenumber" v="5558"/>
    <tag k="addr:street" v="Shadow Lake Road"/>
    <tag k="addr:state" v="VT"/>
    <tag k="ref:vcgi:esiteid" v="76984"/>
  </node>
  <node id="-834" visible="true" lat="44.370286423299" lon="-71.854020144317">
    <!-- conflict: "5559 Shadow Lake Road, Saint Johnsbury, VT" Fuzzy match to "5559 Shadow Lake Road, , VT" -->
    <tag k="addr:city" v="Saint Johnsbury"/>
    <tag k="addr:housenumber" v="5559"/>
    <tag k="addr:street" v="Shadow Lake Road"/>
    <tag k="addr:state" v="VT"/>
    <tag k="ref:vcgi:esiteid" v="76985"/>
  </node>
  <node id="-835" visible="true" lat="44.429589715591" lon="-71.904488609065">
    <!-- conflict: "312 Privacy Lane, Concord, VT" Fuzzy match to "312 Privacy Lane, , VT" -->
    <tag k="addr:city" v="Concord"/>
    <tag k="addr:housenumber" v="312"/>
    <tag k="addr:street" v="Privacy Lane"/>
    <tag k="addr:state" v="VT"/>
    <tag k="ref:vcgi:esiteid" v="76986"/>
  </node>
  <node id="-836" visible="true" lat="44.427823510392" lon="-71.906243372218">
    <!-- conflict: "175 Privacy Lane, Concord, VT" Fuzzy match to "175 Privacy Lane, , VT" -->
    <tag k="addr:city" v="Concord"/>
    <tag k="addr:housenumber" v="175"/>
    <tag k="addr:street" v="Privacy Lane"/>
    <tag k="addr:state" v="VT"/>
    <tag k="ref:vcgi:esiteid" v="76987"/>
  </node>
  <node id="-837" visible="true" lat="44.454699886798" lon="-71.870181425417">
    <!-- conflict: "67 Wendel Road, Concord, VT" Fuzzy match to "67 Wendel Road, , VT" -->
    <tag k="addr:city" v="Concord"/>
    <tag k="addr:housenumber" v="67"/>
    <tag k="addr:street" v="Wendel Road"/>
    <tag k="addr:state" v="VT"/>
    <tag k="ref:vcgi:esiteid" v="76988"/>
  </node>
  <node id="-838" visible="true" lat="44.459525878268" lon="-71.854041553726">
    <!-- conflict: "734 Ladd Road, Concord, VT" Fuzzy match to "734 Ladd Road, , VT" -->
    <tag k="addr:city" v="Concord"/>
    <tag k="addr:housenumber" v="734"/>
    <tag k="addr:street" v="Ladd Road"/>
    <tag k="addr:state" v="VT"/>
    <tag k="ref:vcgi:esiteid" v="76989"/>
  </node>
  <node id="-839" visible="true" lat="44.458157990745" lon="-71.840752629626">
    <!-- conflict: "1531 Ladd Road, Concord, VT" Fuzzy match to "1531 Ladd Road, , VT" -->
    <tag k="addr:city" v="Concord"/>
    <tag k="addr:housenumber" v="1531"/>
    <tag k="addr:street" v="Ladd Road"/>
    <tag k="addr:state" v="VT"/>
    <tag k="ref:vcgi:esiteid" v="76990"/>
  </node>
  <node id="-840" visible="true" lat="44.402590263138" lon="-71.861679282864">
    <!-- conflict: "2286 Long Hill Road, Concord, VT" Fuzzy match to "2286 Long Hill Road, , VT" -->
    <tag k="addr:city" v="Concord"/>
    <tag k="addr:housenumber" v="2286"/>
    <tag k="addr:street" v="Long Hill Road"/>
    <tag k="addr:state" v="VT"/>
    <tag k="ref:vcgi:esiteid" v="76991"/>
  </node>
  <node id="-841" visible="true" lat="44.396974539097" lon="-71.85020023875">
    <!-- conflict: "507 Mitchell Road, Concord, VT" Fuzzy match to "507 Mitchell Road, , VT" -->
    <tag k="addr:city" v="Concord"/>
    <tag k="addr:housenumber" v="507"/>
    <tag k="addr:street" v="Mitchell Road"/>
    <tag k="addr:state" v="VT"/>
    <tag k="ref:vcgi:esiteid" v="76992"/>
  </node>
  <node id="-842" visible="true" lat="44.462802553508" lon="-71.833708572853">
    <!-- conflict: "2391 North Concord Road, North Concord, VT" Fuzzy match to "2391 North Concord Road, , VT" -->
    <tag k="addr:city" v="North Concord"/>
    <tag k="addr:housenumber" v="2391"/>
    <tag k="addr:street" v="North Concord Road"/>
    <tag k="addr:state" v="VT"/>
    <tag k="ref:vcgi:esiteid" v="76993"/>
  </node>
  <node id="-843" visible="true" lat="44.403652232309" lon="-71.827338453412">
    <!-- conflict: "1495 Johnson Road, Concord, VT" Fuzzy match to "1495 Johnson Road, , VT" -->
    <tag k="addr:city" v="Concord"/>
    <tag k="addr:housenumber" v="1495"/>
    <tag k="addr:street" v="Johnson Road"/>
    <tag k="addr:state" v="VT"/>
    <tag k="ref:vcgi:esiteid" v="76994"/>
  </node>
  <node id="-844" visible="true" lat="44.386323411774" lon="-71.861802130109">
    <!-- conflict: "379 High Ridge Road, Concord, VT" Fuzzy match to "379 High Ridge Road, , VT" -->
    <tag k="addr:city" v="Concord"/>
    <tag k="addr:housenumber" v="379"/>
    <tag k="addr:street" v="High Ridge Road"/>
    <tag k="addr:state" v="VT"/>
    <tag k="ref:vcgi:esiteid" v="76995"/>
  </node>
  <node id="-845" visible="true" lat="44.386071627523" lon="-71.861573054306">
    <!-- conflict: "391 High Ridge Road, Concord, VT" Fuzzy match to "391 High Ridge Road, , VT" -->
    <tag k="addr:city" v="Concord"/>
    <tag k="addr:housenumber" v="391"/>
    <tag k="addr:street" v="High Ridge Road"/>
    <tag k="addr:state" v="VT"/>
    <tag k="ref:vcgi:esiteid" v="76996"/>
  </node>
  <node id="-846" visible="true" lat="44.398656220549" lon="-71.822711181823">
    <!-- conflict: "1899 Johnson Road, Concord, VT" Fuzzy match to "1899 Johnson Road, , VT" -->
    <tag k="addr:city" v="Concord"/>
    <tag k="addr:housenumber" v="1899"/>
    <tag k="addr:street" v="Johnson Road"/>
    <tag k="addr:state" v="VT"/>
    <tag k="ref:vcgi:esiteid" v="76997"/>
  </node>
  <node id="-847" visible="true" lat="44.426966042703" lon="-71.888532110232">
    <!-- conflict: "148 Shadow Lake Road, Concord, VT" Fuzzy match to "148 Shadow Lake Road, , VT" -->
    <tag k="addr:city" v="Concord"/>
    <tag k="addr:housenumber" v="148"/>
    <tag k="addr:street" v="Shadow Lake Road"/>
    <tag k="addr:state" v="VT"/>
    <tag k="ref:vcgi:esiteid" v="76998"/>
  </node>
  <node id="-848" visible="true" lat="44.427103032257" lon="-71.888057785286">
    <!-- conflict: "157 Shadow Lake Road, Concord, VT" Fuzzy match to "157 Shadow Lake Road, , VT" -->
    <tag k="addr:city" v="Concord"/>
    <tag k="addr:housenumber" v="157"/>
    <tag k="addr:street" v="Shadow Lake Road"/>
    <tag k="addr:state" v="VT"/>
    <tag k="ref:vcgi:esiteid" v="76999"/>
  </node>
  <node id="-849" visible="true" lat="44.411013589557" lon="-71.888582097935">
    <!-- conflict: "1377 Shadow Lake Road, Concord, VT" Fuzzy match to "1377 Shadow Lake Road, , VT" -->
    <tag k="addr:city" v="Concord"/>
    <tag k="addr:housenumber" v="1377"/>
    <tag k="addr:street" v="Shadow Lake Road"/>
    <tag k="addr:state" v="VT"/>
    <tag k="ref:vcgi:esiteid" v="77000"/>
  </node>
  <node id="-850" visible="true" lat="44.411687439387" lon="-71.888423556949">
    <!-- conflict: "1335 Shadow Lake Road, Concord, VT" Fuzzy match to "1335 Shadow Lake Road, , VT" -->
    <tag k="addr:city" v="Concord"/>
    <tag k="addr:housenumber" v="1335"/>
    <tag k="addr:street" v="Shadow Lake Road"/>
    <tag k="addr:state" v="VT"/>
    <tag k="ref:vcgi:esiteid" v="77001"/>
  </node>
  <node id="-851" visible="true" lat="44.416030244398" lon="-71.888574325605">
    <!-- conflict: "1035 Shadow Lake Road, Concord, VT" Fuzzy match to "1035 Shadow Lake Road, , VT" -->
    <tag k="addr:city" v="Concord"/>
    <tag k="addr:housenumber" v="1035"/>
    <tag k="addr:street" v="Shadow Lake Road"/>
    <tag k="addr:state" v="VT"/>
    <tag k="ref:vcgi:esiteid" v="77002"/>
  </node>
  <node id="-852" visible="true" lat="44.448008512111" lon="-71.794532296409">
    <!-- conflict: "561 Beach Drive, North Concord, VT" Fuzzy match to "561 Beach Drive, , VT" -->
    <tag k="addr:city" v="North Concord"/>
    <tag k="addr:housenumber" v="561"/>
    <tag k="addr:street" v="Beach Drive"/>
    <tag k="addr:state" v="VT"/>
    <tag k="ref:vcgi:esiteid" v="77003"/>
  </node>
  <node id="-853" visible="true" lat="44.4478261945" lon="-71.795348965265">
    <!-- conflict: "531 Beach Drive, North Concord, VT" Fuzzy match to "531 Beach Drive, , VT" -->
    <tag k="addr:city" v="North Concord"/>
    <tag k="addr:housenumber" v="531"/>
    <tag k="addr:street" v="Beach Drive"/>
    <tag k="addr:state" v="VT"/>
    <tag k="ref:vcgi:esiteid" v="77004"/>
  </node>
  <node id="-855" visible="true" lat="44.429887261585" lon="-71.888581318515">
    <!-- conflict: "6 High Street Extension, Concord, VT" Fuzzy match to "6 High Street Extension, , VT" -->
    <tag k="addr:city" v="Concord"/>
    <tag k="addr:housenumber" v="6"/>
    <tag k="addr:street" v="High Street Extension"/>
    <tag k="addr:state" v="VT"/>
    <tag k="ref:vcgi:esiteid" v="77006"/>
  </node>
  <node id="-856" visible="true" lat="44.443355008747" lon="-71.81424704702">
    <!-- conflict: "1074 Campers Lane, North Concord, VT" Fuzzy match to "1074 Campers Lane, , VT" -->
    <tag k="addr:city" v="North Concord"/>
    <tag k="addr:housenumber" v="1074"/>
    <tag k="addr:street" v="Campers Lane"/>
    <tag k="addr:state" v="VT"/>
    <tag k="ref:vcgi:esiteid" v="77007"/>
  </node>
  <node id="-857" visible="true" lat="44.476322980463" lon="-71.869068103214">
    <!-- conflict: "586 Willson Road, North Concord, VT" Fuzzy match to "586 Willson Road, , VT" -->
    <tag k="addr:city" v="North Concord"/>
    <tag k="addr:housenumber" v="586"/>
    <tag k="addr:street" v="Willson Road"/>
    <tag k="addr:state" v="VT"/>
    <tag k="ref:vcgi:esiteid" v="77008"/>
  </node>
  <node id="-858" visible="true" lat="44.42681562488" lon="-71.902554315104">
    <!-- conflict: "2079 Cross Road, Concord, VT" Fuzzy match to "2079 Cross Road, , VT" -->
    <tag k="addr:city" v="Concord"/>
    <tag k="addr:housenumber" v="2079"/>
    <tag k="addr:street" v="Cross Road"/>
    <tag k="addr:state" v="VT"/>
    <tag k="ref:vcgi:esiteid" v="77009"/>
  </node>
  <node id="-859" visible="true" lat="44.456121983814" lon="-71.865109186647">
    <!-- conflict: "173 Ladd Road, Concord, VT" Fuzzy match to "173 Ladd Road, , VT" -->
    <tag k="addr:city" v="Concord"/>
    <tag k="addr:housenumber" v="173"/>
    <tag k="addr:street" v="Ladd Road"/>
    <tag k="addr:state" v="VT"/>
    <tag k="ref:vcgi:esiteid" v="77010"/>
  </node>
  <node id="-860" visible="true" lat="44.400209217113" lon="-71.862013678267">
    <!-- conflict: "3210 Shadow Lake Road, Concord, VT" Fuzzy match to "3210 Shadow Lake Road, , VT" -->
    <tag k="addr:city" v="Concord"/>
    <tag k="addr:housenumber" v="3210"/>
    <tag k="addr:street" v="Shadow Lake Road"/>
    <tag k="addr:state" v="VT"/>
    <tag k="ref:vcgi:esiteid" v="77011"/>
  </node>
  <node id="-861" visible="true" lat="44.388674888889" lon="-71.855468101653">
    <!-- conflict: "188 Micah Baker Road, Concord, VT" Fuzzy match to "188 Micah Baker Road, , VT" -->
    <tag k="addr:city" v="Concord"/>
    <tag k="addr:housenumber" v="188"/>
    <tag k="addr:street" v="Micah Baker Road"/>
    <tag k="addr:state" v="VT"/>
    <tag k="ref:vcgi:esiteid" v="77012"/>
  </node>
  <node id="-862" visible="true" lat="44.4591672713" lon="-71.772243610794">
    <!-- conflict: "25 Goodness Lane, Lunenburg, VT" Fuzzy match to "25 Goodness Lane, , VT" -->
    <tag k="addr:city" v="Lunenburg"/>
    <tag k="addr:housenumber" v="25"/>
    <tag k="addr:street" v="Goodness Lane"/>
    <tag k="addr:state" v="VT"/>
    <tag k="ref:vcgi:esiteid" v="77013"/>
  </node>
  <node id="-863" visible="true" lat="44.458946717694" lon="-71.773008613664">
    <!-- conflict: "57 Goodness Lane, Lunenburg, VT" Fuzzy match to "57 Goodness Lane, , VT" -->
    <tag k="addr:city" v="Lunenburg"/>
    <tag k="addr:housenumber" v="57"/>
    <tag k="addr:street" v="Goodness Lane"/>
    <tag k="addr:state" v="VT"/>
    <tag k="ref:vcgi:esiteid" v="77014"/>
  </node>
  <node id="-864" visible="true" lat="44.405118649966" lon="-71.873229041046">
    <!-- conflict: "108 Maple Tree Lane, Concord, VT" Fuzzy match to "108 Maple Tree Lane, , VT" -->
    <tag k="addr:city" v="Concord"/>
    <tag k="addr:housenumber" v="108"/>
    <tag k="addr:street" v="Maple Tree Lane"/>
    <tag k="addr:state" v="VT"/>
    <tag k="ref:vcgi:esiteid" v="77015"/>
  </node>
  <node id="-865" visible="true" lat="44.401984987415" lon="-71.858348282077">
    <!-- conflict: "145 Mitchell Road, Concord, VT" Fuzzy match to "145 Mitchell Road, , VT" -->
    <tag k="addr:city" v="Concord"/>
    <tag k="addr:housenumber" v="145"/>
    <tag k="addr:street" v="Mitchell Road"/>
    <tag k="addr:state" v="VT"/>
    <tag k="ref:vcgi:esiteid" v="77016"/>
  </node>
  <node id="-866" visible="true" lat="44.427348095218" lon="-71.891464052294">
    <!-- conflict: "78 Prospect Street, Concord, VT" Fuzzy match to "78 Prospect Street, , VT" -->
    <tag k="addr:city" v="Concord"/>
    <tag k="addr:housenumber" v="78"/>
    <tag k="addr:street" v="Prospect Street"/>
    <tag k="addr:state" v="VT"/>
    <tag k="ref:vcgi:esiteid" v="77017"/>
  </node>
  <node id="-867" visible="true" lat="44.451462573823" lon="-71.870619308549">
    <!-- conflict: "840 East Main Street, Concord, VT" Fuzzy match to "840 East Main Street, , VT" -->
    <tag k="addr:city" v="Concord"/>
    <tag k="addr:housenumber" v="840"/>
    <tag k="addr:street" v="East Main Street"/>
    <tag k="addr:state" v="VT"/>
    <tag k="ref:vcgi:esiteid" v="77018"/>
  </node>
  <node id="-868" visible="true" lat="44.396151755923" lon="-71.870716530883">
    <!-- conflict: "60 Whitehead Lane, Concord, VT" Fuzzy match to "60 Whitehead Lane, , VT" -->
    <tag k="addr:city" v="Concord"/>
    <tag k="addr:housenumber" v="60"/>
    <tag k="addr:street" v="Whitehead Lane"/>
    <tag k="addr:state" v="VT"/>
    <tag k="ref:vcgi:esiteid" v="77019"/>
  </node>
  <node id="-869" visible="true" lat="44.474809220604" lon="-71.848132351046">
    <!-- conflict: "557 Bona Road, North Concord, VT" Fuzzy match to "557 Bona Road, , VT" -->
    <tag k="addr:city" v="North Concord"/>
    <tag k="addr:housenumber" v="557"/>
    <tag k="addr:street" v="Bona Road"/>
    <tag k="addr:state" v="VT"/>
    <tag k="ref:vcgi:esiteid" v="77020"/>
  </node>
  <node id="-870" visible="true" lat="44.450201738387" lon="-71.808480495135">
    <!-- conflict: "98 Nanas Lane, North Concord, VT" Fuzzy match to "98 Nanas Lane, , VT" -->
    <tag k="addr:city" v="North Concord"/>
    <tag k="addr:housenumber" v="98"/>
    <tag k="addr:street" v="Nanas Lane"/>
    <tag k="addr:state" v="VT"/>
    <tag k="ref:vcgi:esiteid" v="77021"/>
  </node>
  <node id="-871" visible="true" lat="44.384242493163" lon="-71.865585230219">
    <!-- conflict: "346 High Ridge Road, Concord, VT" Fuzzy match to "346 High Ridge Road, , VT" -->
    <tag k="addr:city" v="Concord"/>
    <tag k="addr:housenumber" v="346"/>
    <tag k="addr:street" v="High Ridge Road"/>
    <tag k="addr:state" v="VT"/>
    <tag k="ref:vcgi:esiteid" v="77022"/>
  </node>
  <node id="-872" visible="true" lat="44.44515238847" lon="-71.819108656436">
    <!-- conflict: "1364 Campers Lane, North Concord, VT" Fuzzy match to "1364 Campers Lane, , VT" -->
    <tag k="addr:city" v="North Concord"/>
    <tag k="addr:housenumber" v="1364"/>
    <tag k="addr:street" v="Campers Lane"/>
    <tag k="addr:state" v="VT"/>
    <tag k="ref:vcgi:esiteid" v="77024"/>
  </node>
  <node id="-873" visible="true" lat="44.449099994523" lon="-71.80019861356">
    <!-- conflict: "220 Beach Drive, North Concord, VT" Fuzzy match to "220 Beach Drive, , VT" -->
    <tag k="addr:city" v="North Concord"/>
    <tag k="addr:housenumber" v="220"/>
    <tag k="addr:street" v="Beach Drive"/>
    <tag k="addr:state" v="VT"/>
    <tag k="ref:vcgi:esiteid" v="77025"/>
  </node>
  <node id="-874" visible="true" lat="44.369186466627" lon="-71.85627579727">
    <!-- conflict: "5651 Shadow Lake Road, Saint Johnsbury, VT" Fuzzy match to "5651 Shadow Lake Road, , VT" -->
    <tag k="addr:city" v="Saint Johnsbury"/>
    <tag k="addr:housenumber" v="5651"/>
    <tag k="addr:street" v="Shadow Lake Road"/>
    <tag k="addr:state" v="VT"/>
    <tag k="ref:vcgi:esiteid" v="77026"/>
  </node>
  <node id="-875" visible="true" lat="44.383642974372" lon="-71.862949170573">
    <!-- conflict: "662 High Ridge Road, Concord, VT" Fuzzy match to "662 High Ridge Road, , VT" -->
    <tag k="addr:city" v="Concord"/>
    <tag k="addr:housenumber" v="662"/>
    <tag k="addr:street" v="High Ridge Road"/>
    <tag k="addr:state" v="VT"/>
    <tag k="ref:vcgi:esiteid" v="77027"/>
  </node>
  <node id="-876" visible="true" lat="44.398456702995" lon="-71.876453346458">
    <!-- conflict: "22 Martin Lane, Concord, VT" Fuzzy match to "22 Martin Lane, , VT" -->
    <tag k="addr:city" v="Concord"/>
    <tag k="addr:housenumber" v="22"/>
    <tag k="addr:street" v="Martin Lane"/>
    <tag k="addr:state" v="VT"/>
    <tag k="ref:vcgi:esiteid" v="77028"/>
  </node>
  <node id="-877" visible="true" lat="44.434141626232" lon="-71.904464138462">
    <!-- conflict: "1202 West Main Street, Concord, VT" Fuzzy match to "1202 West Main Street, , VT" -->
    <tag k="addr:city" v="Concord"/>
    <tag k="addr:housenumber" v="1202"/>
    <tag k="addr:street" v="West Main Street"/>
    <tag k="addr:state" v="VT"/>
    <tag k="ref:vcgi:esiteid" v="77029"/>
  </node>
  <node id="-878" visible="true" lat="44.455439174821" lon="-71.864453040156">
    <!-- conflict: "40 Patridge Road, Concord, VT" Fuzzy match to "40 Patridge Road, , VT" -->
    <tag k="addr:city" v="Concord"/>
    <tag k="addr:housenumber" v="40"/>
    <tag k="addr:street" v="Patridge Road"/>
    <tag k="addr:state" v="VT"/>
    <tag k="ref:vcgi:esiteid" v="77030"/>
  </node>
  <node id="-879" visible="true" lat="44.405473183013" lon="-71.876122684549">
    <!-- conflict: "2257 Shadow Lake Road, Concord, VT" Fuzzy match to "2257 Shadow Lake Road, , VT" -->
    <tag k="addr:city" v="Concord"/>
    <tag k="addr:housenumber" v="2257"/>
    <tag k="addr:street" v="Shadow Lake Road"/>
    <tag k="addr:state" v="VT"/>
    <tag k="ref:vcgi:esiteid" v="77031"/>
  </node>
  <node id="-880" visible="true" lat="44.433555580859" lon="-71.86098851541">
    <!-- conflict: "101 Goudreault Hill Road, Concord, VT" Fuzzy match to "101 Goudreault Hill Road, , VT" -->
    <tag k="addr:city" v="Concord"/>
    <tag k="addr:housenumber" v="101"/>
    <tag k="addr:street" v="Goudreault Hill Road"/>
    <tag k="addr:state" v="VT"/>
    <tag k="ref:vcgi:esiteid" v="77032"/>
  </node>
  <node id="-881" visible="true" lat="44.390539520365" lon="-71.858573328637">
    <!-- conflict: "151 Micah Baker Road, Concord, VT" Fuzzy match to "151 Micah Baker Road, , VT" -->
    <tag k="addr:city" v="Concord"/>
    <tag k="addr:housenumber" v="151"/>
    <tag k="addr:street" v="Micah Baker Road"/>
    <tag k="addr:state" v="VT"/>
    <tag k="ref:vcgi:esiteid" v="77033"/>
  </node>
  <node id="-883" visible="true" lat="44.443675342469" lon="-71.913918676194">
    <!-- conflict: "43 Kirby Mountain Road, Concord, VT" Fuzzy match to "43 Kirby Mountain Road, , VT" -->
    <tag k="addr:city" v="Concord"/>
    <tag k="addr:housenumber" v="43"/>
    <tag k="addr:street" v="Kirby Mountain Road"/>
    <tag k="addr:state" v="VT"/>
    <tag k="ref:vcgi:esiteid" v="77035"/>
  </node>
  <node id="-884" visible="true" lat="44.446190884133" lon="-71.798182895316">
    <!-- conflict: "162 Campers Lane, North Concord, VT" Fuzzy match to "162 Campers Lane, , VT" -->
    <tag k="addr:city" v="North Concord"/>
    <tag k="addr:housenumber" v="162"/>
    <tag k="addr:street" v="Campers Lane"/>
    <tag k="addr:state" v="VT"/>
    <tag k="ref:vcgi:esiteid" v="77036"/>
  </node>
  <node id="-885" visible="true" lat="44.407391187959" lon="-71.860489034829">
    <!-- conflict: "5603 Leonard Hill Road, Concord, VT" Fuzzy match to "5603 Leonard Hill Road, , VT" -->
    <tag k="addr:city" v="Concord"/>
    <tag k="addr:housenumber" v="5603"/>
    <tag k="addr:street" v="Leonard Hill Road"/>
    <tag k="addr:state" v="VT"/>
    <tag k="ref:vcgi:esiteid" v="77037"/>
  </node>
  <node id="-886" visible="true" lat="44.410524386647" lon="-71.742131558876">
    <!-- conflict: "294 Walker Pit Road, Lunenburg, VT" Fuzzy match to "294 Walker Pit Road, Concord, VT" -->
    <tag k="addr:city" v="Lunenburg"/>
    <tag k="addr:housenumber" v="294"/>
    <tag k="addr:street" v="Walker Pit Road"/>
    <tag k="addr:state" v="VT"/>
    <tag k="ref:vcgi:esiteid" v="77038"/>
  </node>
  <node id="-887" visible="true" lat="44.403146191092" lon="-71.868083028276">
    <!-- conflict: "3038 Shadow Lake Road, Concord, VT" Fuzzy match to "3038 Shadow Lake Road, , VT" -->
    <tag k="addr:city" v="Concord"/>
    <tag k="addr:housenumber" v="3038"/>
    <tag k="addr:street" v="Shadow Lake Road"/>
    <tag k="addr:state" v="VT"/>
    <tag k="ref:vcgi:esiteid" v="77039"/>
  </node>
  <node id="-888" visible="true" lat="44.397422216287" lon="-71.862260503074">
    <!-- conflict: "3439 Shadow Lake Road, Concord, VT" Fuzzy match to "3439 Shadow Lake Road, , VT" -->
    <tag k="addr:city" v="Concord"/>
    <tag k="addr:housenumber" v="3439"/>
    <tag k="addr:street" v="Shadow Lake Road"/>
    <tag k="addr:state" v="VT"/>
    <tag k="ref:vcgi:esiteid" v="77040"/>
  </node>
  <node id="-890" visible="true" lat="44.425349733785" lon="-71.755540359649">
    <!-- conflict: "25 Leonard Hill Road, Lunenburg, VT" Fuzzy match to "25 Leonard Hill Road, , VT" -->
    <tag k="addr:city" v="Lunenburg"/>
    <tag k="addr:housenumber" v="25"/>
    <tag k="addr:street" v="Leonard Hill Road"/>
    <tag k="addr:state" v="VT"/>
    <tag k="ref:vcgi:esiteid" v="77042"/>
  </node>
  <node id="-891" visible="true" lat="44.463925927311" lon="-71.854887185599">
    <!-- conflict: "278 Wesley Road, Concord, VT" Fuzzy match to "278 Wesley Road, , VT" -->
    <tag k="addr:city" v="Concord"/>
    <tag k="addr:housenumber" v="278"/>
    <tag k="addr:street" v="Wesley Road"/>
    <tag k="addr:state" v="VT"/>
    <tag k="ref:vcgi:esiteid" v="77043"/>
  </node>
  <node id="-892" visible="true" lat="44.426470781082" lon="-71.901045590955">
    <!-- conflict: "2116 Cross Road, Concord, VT" Fuzzy match to "2116 Cross Road, , VT" -->
    <tag k="addr:city" v="Concord"/>
    <tag k="addr:housenumber" v="2116"/>
    <tag k="addr:street" v="Cross Road"/>
    <tag k="addr:state" v="VT"/>
    <tag k="ref:vcgi:esiteid" v="77044"/>
  </node>
  <node id="-893" visible="true" lat="44.429415166015" lon="-71.916018047139">
    <!-- conflict: "411 Marko Road, Concord, VT" Fuzzy match to "411 Marko Road, , VT" -->
    <tag k="addr:city" v="Concord"/>
    <tag k="addr:housenumber" v="411"/>
    <tag k="addr:street" v="Marko Road"/>
    <tag k="addr:state" v="VT"/>
    <tag k="ref:vcgi:esiteid" v="77045"/>
  </node>
  <node id="-894" visible="true" lat="44.465256798329" lon="-71.855440183032">
    <!-- conflict: "276 Wesley Road, North Concord, VT" Fuzzy match to "276 Wesley Road, , VT" -->
    <tag k="addr:city" v="North Concord"/>
    <tag k="addr:housenumber" v="276"/>
    <tag k="addr:street" v="Wesley Road"/>
    <tag k="addr:state" v="VT"/>
    <tag k="ref:vcgi:esiteid" v="77046"/>
  </node>
  <node id="-895" visible="true" lat="44.423395650858" lon="-71.766366174357">
    <!-- conflict: "605 Leonard Hill Road, Concord, VT" Fuzzy match to "605 Leonard Hill Road, , VT" -->
    <tag k="addr:city" v="Concord"/>
    <tag k="addr:housenumber" v="605"/>
    <tag k="addr:street" v="Leonard Hill Road"/>
    <tag k="addr:state" v="VT"/>
    <tag k="ref:vcgi:esiteid" v="77047"/>
  </node>
  <node id="-896" visible="true" lat="44.400515820803" lon="-71.861001267058">
    <!-- conflict: "3165 Shadow Lake Road, Concord, VT" Fuzzy match to "3165 Shadow Lake Road, , VT" -->
    <tag k="addr:city" v="Concord"/>
    <tag k="addr:housenumber" v="3165"/>
    <tag k="addr:street" v="Shadow Lake Road"/>
    <tag k="addr:state" v="VT"/>
    <tag k="ref:vcgi:esiteid" v="77048"/>
  </node>
  <node id="-897" visible="true" lat="44.435624811413" lon="-71.75793477107">
    <!-- conflict: "2238 Oregon Road, Lunenburg, VT" Fuzzy match to "2238 Oregon Road, , VT" -->
    <tag k="addr:city" v="Lunenburg"/>
    <tag k="addr:housenumber" v="2238"/>
    <tag k="addr:street" v="Oregon Road"/>
    <tag k="addr:state" v="VT"/>
    <tag k="ref:vcgi:esiteid" v="77049"/>
  </node>
  <node id="-898" visible="true" lat="44.458395627675" lon="-71.856090731818">
    <!-- conflict: "586 Ladd Road, Concord, VT" Fuzzy match to "586 Ladd Road, , VT" -->
    <tag k="addr:city" v="Concord"/>
    <tag k="addr:housenumber" v="586"/>
    <tag k="addr:street" v="Ladd Road"/>
    <tag k="addr:state" v="VT"/>
    <tag k="ref:vcgi:esiteid" v="77050"/>
  </node>
  <node id="-899" visible="true" lat="44.397093894377" lon="-71.864912533895">
    <!-- conflict: "3448 Shadow Lake Road, Concord, VT" Fuzzy match to "3448 Shadow Lake Road, , VT" -->
    <tag k="addr:city" v="Concord"/>
    <tag k="addr:housenumber" v="3448"/>
    <tag k="addr:street" v="Shadow Lake Road"/>
    <tag k="addr:state" v="VT"/>
    <tag k="ref:vcgi:esiteid" v="77051"/>
  </node>
  <node id="-900" visible="true" lat="44.394605792569" lon="-71.877009757025">
    <!-- conflict: "757 Beede Road, Concord, VT" Fuzzy match to "757 Beede Road, , VT" -->
    <tag k="addr:city" v="Concord"/>
    <tag k="addr:housenumber" v="757"/>
    <tag k="addr:street" v="Beede Road"/>
    <tag k="addr:state" v="VT"/>
    <tag k="ref:vcgi:esiteid" v="77052"/>
  </node>
  <node id="-901" visible="true" lat="44.406084043785" lon="-71.878379594251">
    <!-- conflict: "2177 Shadow Lake Road, Concord, VT" Fuzzy match to "2177 Shadow Lake Road, , VT" -->
    <tag k="addr:city" v="Concord"/>
    <tag k="addr:housenumber" v="2177"/>
    <tag k="addr:street" v="Shadow Lake Road"/>
    <tag k="addr:state" v="VT"/>
    <tag k="ref:vcgi:esiteid" v="77053"/>
  </node>
  <node id="-902" visible="true" lat="44.405430578693" lon="-71.874532865662">
    <!-- conflict: "2366 Shadow Lake Road, Concord, VT" Fuzzy match to "2366 Shadow Lake Road, , VT" -->
    <tag k="addr:city" v="Concord"/>
    <tag k="addr:housenumber" v="2366"/>
    <tag k="addr:street" v="Shadow Lake Road"/>
    <tag k="addr:state" v="VT"/>
    <tag k="ref:vcgi:esiteid" v="77054"/>
  </node>
  <node id="-903" visible="true" lat="44.383452688128" lon="-71.854805728525">
    <!-- conflict: "4551 Shadow Lake Road, Concord, VT" Fuzzy match to "4551 Shadow Lake Road, , VT" -->
    <tag k="addr:city" v="Concord"/>
    <tag k="addr:housenumber" v="4551"/>
    <tag k="addr:street" v="Shadow Lake Road"/>
    <tag k="addr:state" v="VT"/>
    <tag k="ref:vcgi:esiteid" v="77055"/>
  </node>
  <node id="-904" visible="true" lat="44.416539529806" lon="-71.890983204639">
    <!-- conflict: "966 Shadow Lake Road, Concord, VT" Fuzzy match to "966 Shadow Lake Road, , VT" -->
    <tag k="addr:city" v="Concord"/>
    <tag k="addr:housenumber" v="966"/>
    <tag k="addr:street" v="Shadow Lake Road"/>
    <tag k="addr:state" v="VT"/>
    <tag k="ref:vcgi:esiteid" v="77056"/>
  </node>
  <node id="-905" visible="true" lat="44.407571905403" lon="-71.859847644578">
    <!-- conflict: "5559 Leonard Hill Road, Concord, VT" Fuzzy match to "5559 Leonard Hill Road, , VT" -->
    <tag k="addr:city" v="Concord"/>
    <tag k="addr:housenumber" v="5559"/>
    <tag k="addr:street" v="Leonard Hill Road"/>
    <tag k="addr:state" v="VT"/>
    <tag k="ref:vcgi:esiteid" v="77057"/>
  </node>
  <node id="-906" visible="true" lat="44.427735720397" lon="-71.89637216665">
    <!-- conflict: "2373 Cross Road, Concord, VT" Fuzzy match to "2373 Cross Road, , VT" -->
    <tag k="addr:city" v="Concord"/>
    <tag k="addr:housenumber" v="2373"/>
    <tag k="addr:street" v="Cross Road"/>
    <tag k="addr:state" v="VT"/>
    <tag k="ref:vcgi:esiteid" v="77058"/>
  </node>
  <node id="-907" visible="true" lat="44.409548293379" lon="-71.745194530195">
    <!-- conflict: "374 Walker Pit Road, Lunenburg, VT" Fuzzy match to "374 Walker Pit Road, Concord, VT" -->
    <tag k="addr:city" v="Lunenburg"/>
    <tag k="addr:housenumber" v="374"/>
    <tag k="addr:street" v="Walker Pit Road"/>
    <tag k="addr:state" v="VT"/>
    <tag k="ref:vcgi:esiteid" v="77059"/>
  </node>
  <node id="-908" visible="true" lat="44.393734484358" lon="-71.863240411442">
    <!-- conflict: "3681 Shadow Lake Road, Concord, VT" Fuzzy match to "3681 Shadow Lake Road, , VT" -->
    <tag k="addr:city" v="Concord"/>
    <tag k="addr:housenumber" v="3681"/>
    <tag k="addr:street" v="Shadow Lake Road"/>
    <tag k="addr:state" v="VT"/>
    <tag k="ref:vcgi:esiteid" v="77060"/>
  </node>
  <node id="-909" visible="true" lat="44.447269134883" lon="-71.795708499817">
    <!-- conflict: "520 Beach Drive, North Concord, VT" Fuzzy match to "520 Beach Drive, , VT" -->
    <tag k="addr:city" v="North Concord"/>
    <tag k="addr:housenumber" v="520"/>
    <tag k="addr:street" v="Beach Drive"/>
    <tag k="addr:state" v="VT"/>
    <tag k="ref:vcgi:esiteid" v="77061"/>
  </node>
  <node id="-910" visible="true" lat="44.459563787865" lon="-71.856800810922">
    <!-- conflict: "603 Ladd Road, Concord, VT" Fuzzy match to "603 Ladd Road, , VT" -->
    <tag k="addr:city" v="Concord"/>
    <tag k="addr:housenumber" v="603"/>
    <tag k="addr:street" v="Ladd Road"/>
    <tag k="addr:state" v="VT"/>
    <tag k="ref:vcgi:esiteid" v="77062"/>
  </node>
  <node id="-911" visible="true" lat="44.478937826857" lon="-71.869209624851">
    <!-- conflict: "478 Willson Road, North Concord, VT" Fuzzy match to "478 Willson Road, , VT" -->
    <tag k="addr:city" v="North Concord"/>
    <tag k="addr:housenumber" v="478"/>
    <tag k="addr:street" v="Willson Road"/>
    <tag k="addr:state" v="VT"/>
    <tag k="ref:vcgi:esiteid" v="77063"/>
  </node>
  <node id="-912" visible="true" lat="44.447837151853" lon="-71.7682818368">
    <!-- conflict: "1174 Oregon Road, Lunenburg, VT" Fuzzy match to "1174 Oregon Road, , VT" -->
    <tag k="addr:city" v="Lunenburg"/>
    <tag k="addr:housenumber" v="1174"/>
    <tag k="addr:street" v="Oregon Road"/>
    <tag k="addr:state" v="VT"/>
    <tag k="ref:vcgi:esiteid" v="77064"/>
  </node>
  <node id="-913" visible="true" lat="44.43617893708" lon="-71.758753250567">
    <!-- conflict: "2166 Oregon Road, Lunenburg, VT" Fuzzy match to "2166 Oregon Road, , VT" -->
    <tag k="addr:city" v="Lunenburg"/>
    <tag k="addr:housenumber" v="2166"/>
    <tag k="addr:street" v="Oregon Road"/>
    <tag k="addr:state" v="VT"/>
    <tag k="ref:vcgi:esiteid" v="77065"/>
  </node>
  <node id="-914" visible="true" lat="44.39123992829" lon="-71.856192090291">
    <!-- conflict: "265 Micah Baker Road, Concord, VT" Fuzzy match to "265 Micah Baker Road, , VT" -->
    <tag k="addr:city" v="Concord"/>
    <tag k="addr:housenumber" v="265"/>
    <tag k="addr:street" v="Micah Baker Road"/>
    <tag k="addr:state" v="VT"/>
    <tag k="ref:vcgi:esiteid" v="77067"/>
  </node>
  <node id="-915" visible="true" lat="44.397593205159" lon="-71.883968973198">
    <!-- conflict: "530 Mountain Top Farm Road, Concord, VT" Fuzzy match to "530 Mountain Top Farm Road, , VT" -->
    <tag k="addr:city" v="Concord"/>
    <tag k="addr:housenumber" v="530"/>
    <tag k="addr:street" v="Mountain Top Farm Road"/>
    <tag k="addr:state" v="VT"/>
    <tag k="ref:vcgi:esiteid" v="77068"/>
  </node>
  <node id="-916" visible="true" lat="44.378438629759" lon="-71.852520624518">
    <!-- conflict: "4981 Shadow Lake Road, Concord, VT" Fuzzy match to "4981 Shadow Lake Road, , VT" -->
    <tag k="addr:city" v="Concord"/>
    <tag k="addr:housenumber" v="4981"/>
    <tag k="addr:street" v="Shadow Lake Road"/>
    <tag k="addr:state" v="VT"/>
    <tag k="ref:vcgi:esiteid" v="77069"/>
  </node>
  <node id="-917" visible="true" lat="44.390939699303" lon="-71.857785666172">
    <!-- conflict: "197 Micah Baker Road, Concord, VT" Fuzzy match to "197 Micah Baker Road, , VT" -->
    <tag k="addr:city" v="Concord"/>
    <tag k="addr:housenumber" v="197"/>
    <tag k="addr:street" v="Micah Baker Road"/>
    <tag k="addr:state" v="VT"/>
    <tag k="ref:vcgi:esiteid" v="77070"/>
  </node>
  <node id="-918" visible="true" lat="44.441203265546" lon="-71.914644143856">
    <!-- conflict: "504 West Main Street, Concord, VT" Fuzzy match to "504 West Main Street, , VT" -->
    <tag k="addr:city" v="Concord"/>
    <tag k="addr:housenumber" v="504"/>
    <tag k="addr:street" v="West Main Street"/>
    <tag k="addr:state" v="VT"/>
    <tag k="ref:vcgi:esiteid" v="77072"/>
  </node>
  <node id="-919" visible="true" lat="44.433070274948" lon="-71.868518629697">
    <!-- conflict: "909 Royalston Corner Road, Concord, VT" Fuzzy match to "909 Royalston Corner Road, , VT" -->
    <tag k="addr:city" v="Concord"/>
    <tag k="addr:housenumber" v="909"/>
    <tag k="addr:street" v="Royalston Corner Road"/>
    <tag k="addr:state" v="VT"/>
    <tag k="ref:vcgi:esiteid" v="77073"/>
  </node>
  <node id="-920" visible="true" lat="44.422876936575" lon="-71.769600141284">
    <!-- conflict: "735 Leonard Hill Road, Concord, VT" Fuzzy match to "735 Leonard Hill Road, , VT" -->
    <tag k="addr:city" v="Concord"/>
    <tag k="addr:housenumber" v="735"/>
    <tag k="addr:street" v="Leonard Hill Road"/>
    <tag k="addr:state" v="VT"/>
    <tag k="ref:vcgi:esiteid" v="77074"/>
  </node>
  <node id="-921" visible="true" lat="44.402515609428" lon="-71.827418032723">
    <!-- conflict: "1538 Johnson Road, Concord, VT" Fuzzy match to "1538 Johnson Road, , VT" -->
    <tag k="addr:city" v="Concord"/>
    <tag k="addr:housenumber" v="1538"/>
    <tag k="addr:street" v="Johnson Road"/>
    <tag k="addr:state" v="VT"/>
    <tag k="ref:vcgi:esiteid" v="77075"/>
  </node>
  <node id="-922" visible="true" lat="44.416042595061" lon="-71.830346505954">
    <!-- conflict: "3923 Leonard Hill Road, Concord, VT" Fuzzy match to "3923 Leonard Hill Road, , VT" -->
    <tag k="addr:city" v="Concord"/>
    <tag k="addr:housenumber" v="3923"/>
    <tag k="addr:street" v="Leonard Hill Road"/>
    <tag k="addr:state" v="VT"/>
    <tag k="ref:vcgi:esiteid" v="77076"/>
  </node>
  <node id="-923" visible="true" lat="44.432652420234" lon="-71.754420206544">
    <!-- conflict: "2553 Oregon Road, Lunenburg, VT" Fuzzy match to "2553 Oregon Road, , VT" -->
    <tag k="addr:city" v="Lunenburg"/>
    <tag k="addr:housenumber" v="2553"/>
    <tag k="addr:street" v="Oregon Road"/>
    <tag k="addr:state" v="VT"/>
    <tag k="ref:vcgi:esiteid" v="145856"/>
  </node>
  <node id="-924" visible="true" lat="44.432292227386" lon="-71.845628175428">
    <!-- conflict: "2103 Royalston Corner Road, Concord, VT" Fuzzy match to "2103 Royalston Corner Road, , VT" -->
    <tag k="addr:city" v="Concord"/>
    <tag k="addr:housenumber" v="2103"/>
    <tag k="addr:street" v="Royalston Corner Road"/>
    <tag k="addr:state" v="VT"/>
    <tag k="ref:vcgi:esiteid" v="305676"/>
  </node>
  <node id="-925" visible="true" lat="44.449721506094" lon="-71.871880470969">
    <!-- conflict: "700 East Main Street, Concord, VT" Fuzzy match to "700 East Main Street, , VT" -->
    <tag k="addr:city" v="Concord"/>
    <tag k="addr:housenumber" v="700"/>
    <tag k="addr:street" v="East Main Street"/>
    <tag k="addr:state" v="VT"/>
    <tag k="ref:vcgi:esiteid" v="305731"/>
  </node>
  <node id="-926" visible="true" lat="44.46931528255" lon="-71.855558858612">
    <!-- conflict: "7 Bona Road, North Concord, VT" Fuzzy match to "7 Bona Road, , VT" -->
    <tag k="addr:city" v="North Concord"/>
    <tag k="addr:housenumber" v="7"/>
    <tag k="addr:street" v="Bona Road"/>
    <tag k="addr:state" v="VT"/>
    <tag k="ref:vcgi:esiteid" v="306307"/>
  </node>
  <node id="-927" visible="true" lat="44.463186563645" lon="-71.77340408814">
    <!-- conflict: "163 Oregon Road, Lunenburg, VT" Fuzzy match to "163 Oregon Road, , VT" -->
    <tag k="addr:city" v="Lunenburg"/>
    <tag k="addr:housenumber" v="163"/>
    <tag k="addr:street" v="Oregon Road"/>
    <tag k="addr:state" v="VT"/>
    <tag k="ref:vcgi:esiteid" v="306574"/>
  </node>
  <node id="-928" visible="true" lat="44.414262305733" lon="-71.889218460359">
    <!-- conflict: "1205 Shadow Lake Road, Concord, VT" Fuzzy match to "1205 Shadow Lake Road, , VT" -->
    <tag k="addr:city" v="Concord"/>
    <tag k="addr:housenumber" v="1205"/>
    <tag k="addr:street" v="Shadow Lake Road"/>
    <tag k="addr:state" v="VT"/>
    <tag k="ref:vcgi:esiteid" v="307542"/>
  </node>
  <node id="-929" visible="true" lat="44.393648612131" lon="-71.849684331876">
    <!-- conflict: "827 Mitchell Road, Concord, VT" Fuzzy match to "827 Mitchell Road, , VT" -->
    <tag k="addr:city" v="Concord"/>
    <tag k="addr:housenumber" v="827"/>
    <tag k="addr:street" v="Mitchell Road"/>
    <tag k="addr:state" v="VT"/>
    <tag k="ref:vcgi:esiteid" v="308734"/>
  </node>
  <node id="-930" visible="true" lat="44.393229902083" lon="-71.848944482373">
    <!-- conflict: "829 Mitchell Road, Concord, VT" Fuzzy match to "829 Mitchell Road, , VT" -->
    <tag k="addr:city" v="Concord"/>
    <tag k="addr:housenumber" v="829"/>
    <tag k="addr:street" v="Mitchell Road"/>
    <tag k="addr:state" v="VT"/>
    <tag k="ref:vcgi:esiteid" v="308735"/>
  </node>
  <node id="-931" visible="true" lat="44.462641965329" lon="-71.863706218379">
    <!-- conflict: "501 North Concord Road, North Concord, VT" Fuzzy match to "501 North Concord Road, , VT" -->
    <tag k="addr:city" v="North Concord"/>
    <tag k="addr:housenumber" v="501"/>
    <tag k="addr:street" v="North Concord Road"/>
    <tag k="addr:state" v="VT"/>
    <tag k="ref:vcgi:esiteid" v="308736"/>
  </node>
  <node id="-932" visible="true" lat="44.456562655538" lon="-71.771801413189">
    <!-- conflict: "596 Oregon Road, Lunenburg, VT" Fuzzy match to "596 Oregon Road, , VT" -->
    <tag k="addr:city" v="Lunenburg"/>
    <tag k="addr:housenumber" v="596"/>
    <tag k="addr:street" v="Oregon Road"/>
    <tag k="addr:state" v="VT"/>
    <tag k="ref:vcgi:esiteid" v="308737"/>
  </node>
  <node id="-933" visible="true" lat="44.395228668032" lon="-71.869643163203">
    <!-- conflict: "532 Beede Road, Concord, VT" Fuzzy match to "532 Beede Road, , VT" -->
    <tag k="addr:city" v="Concord"/>
    <tag k="addr:housenumber" v="532"/>
    <tag k="addr:street" v="Beede Road"/>
    <tag k="addr:state" v="VT"/>
    <tag k="ref:vcgi:esiteid" v="308738"/>
  </node>
  <node id="-934" visible="true" lat="44.394173260827" lon="-71.868419764361">
    <!-- conflict: "484 Beede Road, Concord, VT" Fuzzy match to "484 Beede Road, , VT" -->
    <tag k="addr:city" v="Concord"/>
    <tag k="addr:housenumber" v="484"/>
    <tag k="addr:street" v="Beede Road"/>
    <tag k="addr:state" v="VT"/>
    <tag k="ref:vcgi:esiteid" v="308739"/>
  </node>
  <node id="-935" visible="true" lat="44.414655795896" lon="-71.812768103088">
    <!-- conflict: "363 Jaques Road, Concord, VT" Fuzzy match to "363 Jaques Road, , VT" -->
    <tag k="addr:city" v="Concord"/>
    <tag k="addr:housenumber" v="363"/>
    <tag k="addr:street" v="Jaques Road"/>
    <tag k="addr:state" v="VT"/>
    <tag k="ref:vcgi:esiteid" v="310627"/>
  </node>
  <node id="-936" visible="true" lat="44.443568323167" lon="-71.808675684498">
    <!-- conflict: "786 Campers Lane, North Concord, VT" Fuzzy match to "786 Campers Lane, , VT" -->
    <tag k="addr:city" v="North Concord"/>
    <tag k="addr:housenumber" v="786"/>
    <tag k="addr:street" v="Campers Lane"/>
    <tag k="addr:state" v="VT"/>
    <tag k="ref:vcgi:esiteid" v="311379"/>
  </node>
  <node id="-937" visible="true" lat="44.430569580384" lon="-71.835505117509">
    <!-- conflict: "2625 Royalston Corner Road, Concord, VT" Fuzzy match to "2625 Royalston Corner Road, , VT" -->
    <tag k="addr:city" v="Concord"/>
    <tag k="addr:housenumber" v="2625"/>
    <tag k="addr:street" v="Royalston Corner Road"/>
    <tag k="addr:state" v="VT"/>
    <tag k="ref:vcgi:esiteid" v="314441"/>
  </node>
  <node id="-938" visible="true" lat="44.427147737984" lon="-71.833936490219">
    <!-- conflict: "2876 Royalston Corner Road, Concord, VT" Fuzzy match to "2876 Royalston Corner Road, , VT" -->
    <tag k="addr:city" v="Concord"/>
    <tag k="addr:housenumber" v="2876"/>
    <tag k="addr:street" v="Royalston Corner Road"/>
    <tag k="addr:state" v="VT"/>
    <tag k="ref:vcgi:esiteid" v="314442"/>
  </node>
  <node id="-939" visible="true" lat="44.42577795877" lon="-71.755247119999">
    <!-- conflict: "106 Cedar Street, Lunenburg, VT" Fuzzy match to "106 Cedar Street, , VT" -->
    <tag k="addr:city" v="Lunenburg"/>
    <tag k="addr:housenumber" v="106"/>
    <tag k="addr:street" v="Cedar Street"/>
    <tag k="addr:state" v="VT"/>
    <tag k="ref:vcgi:esiteid" v="314443"/>
  </node>
  <node id="-940" visible="true" lat="44.449837955696" lon="-71.802003890716">
    <!-- conflict: "124 Beach Drive, North Concord, VT" Fuzzy match to "124 Beach Drive, , VT" -->
    <tag k="addr:city" v="North Concord"/>
    <tag k="addr:housenumber" v="124"/>
    <tag k="addr:street" v="Beach Drive"/>
    <tag k="addr:state" v="VT"/>
    <tag k="ref:vcgi:esiteid" v="314444"/>
  </node>
  <node id="-941" visible="true" lat="44.417895477862" lon="-71.822928283789">
    <!-- conflict: "3539 Leonard Hill Road, Concord, VT" Fuzzy match to "3539 Leonard Hill Road, , VT" -->
    <tag k="addr:city" v="Concord"/>
    <tag k="addr:housenumber" v="3539"/>
    <tag k="addr:street" v="Leonard Hill Road"/>
    <tag k="addr:state" v="VT"/>
    <tag k="ref:vcgi:esiteid" v="315183"/>
  </node>
  <node id="-942" visible="true" lat="44.427115796367" lon="-71.756442503465">
    <!-- conflict: "193 Cedar Street, Lunenburg, VT" Fuzzy match to "193 Cedar Street, , VT" -->
    <tag k="addr:city" v="Lunenburg"/>
    <tag k="addr:housenumber" v="193"/>
    <tag k="addr:street" v="Cedar Street"/>
    <tag k="addr:state" v="VT"/>
    <tag k="ref:vcgi:esiteid" v="316913"/>
  </node>
  <node id="-943" visible="true" lat="44.449115311278" lon="-71.871989545999">
    <!-- conflict: "656 East Main Street, Concord, VT" Fuzzy match to "656 East Main Street, , VT" -->
    <tag k="addr:city" v="Concord"/>
    <tag k="addr:housenumber" v="656"/>
    <tag k="addr:street" v="East Main Street"/>
    <tag k="addr:state" v="VT"/>
    <tag k="ref:vcgi:esiteid" v="327627"/>
  </node>
  <node id="-944" visible="true" lat="44.38253217027" lon="-71.839727151721">
    <!-- conflict: "1676 Leclair Road, Concord, VT" Fuzzy match to "1676 Leclair Road, , VT" -->
    <tag k="addr:city" v="Concord"/>
    <tag k="addr:housenumber" v="1676"/>
    <tag k="addr:street" v="Leclair Road"/>
    <tag k="addr:state" v="VT"/>
    <tag k="ref:vcgi:esiteid" v="327628"/>
  </node>
  <node id="-945" visible="true" lat="44.387533310265" lon="-71.833126310737">
    <!-- conflict: "1226 Leclair Road, Concord, VT" Fuzzy match to "1226 Leclair Road, , VT" -->
    <tag k="addr:city" v="Concord"/>
    <tag k="addr:housenumber" v="1226"/>
    <tag k="addr:street" v="Leclair Road"/>
    <tag k="addr:state" v="VT"/>
    <tag k="ref:vcgi:esiteid" v="327629"/>
  </node>
  <node id="-946" visible="true" lat="44.39453631464" lon="-71.818268563593">
    <!-- conflict: "104 Ruszin Drive, Concord, VT" Fuzzy match to "104 Ruszin Drive, , VT" -->
    <tag k="addr:city" v="Concord"/>
    <tag k="addr:housenumber" v="104"/>
    <tag k="addr:street" v="Ruszin Drive"/>
    <tag k="addr:state" v="VT"/>
    <tag k="ref:vcgi:esiteid" v="329608"/>
  </node>
  <node id="-947" visible="true" lat="44.393043456172" lon="-71.818727175269">
    <!-- conflict: "154 Ruszin Drive, Concord, VT" Fuzzy match to "154 Ruszin Drive, , VT" -->
    <tag k="addr:city" v="Concord"/>
    <tag k="addr:housenumber" v="154"/>
    <tag k="addr:street" v="Ruszin Drive"/>
    <tag k="addr:state" v="VT"/>
    <tag k="ref:vcgi:esiteid" v="329609"/>
  </node>
  <node id="-948" visible="true" lat="44.461971572979" lon="-71.851476513013">
    <!-- conflict: "941 Ladd Road, Concord, VT" Fuzzy match to "941 Ladd Road, , VT" -->
    <tag k="addr:city" v="Concord"/>
    <tag k="addr:housenumber" v="941"/>
    <tag k="addr:street" v="Ladd Road"/>
    <tag k="addr:state" v="VT"/>
    <tag k="ref:vcgi:esiteid" v="330989"/>
  </node>
  <node id="-949" visible="true" lat="44.426766855014" lon="-71.896103417065">
    <!-- conflict: "2376 Cross Road, Concord, VT" Fuzzy match to "2376 Cross Road, , VT" -->
    <tag k="addr:city" v="Concord"/>
    <tag k="addr:housenumber" v="2376"/>
    <tag k="addr:street" v="Cross Road"/>
    <tag k="addr:state" v="VT"/>
    <tag k="ref:vcgi:esiteid" v="331952"/>
  </node>
  <node id="-950" visible="true" lat="44.442808500913" lon="-71.8975139027">
    <!-- conflict: "743 Sawmill Road, Concord, VT" Fuzzy match to "743 Sawmill Road, , VT" -->
    <tag k="addr:city" v="Concord"/>
    <tag k="addr:housenumber" v="743"/>
    <tag k="addr:street" v="Sawmill Road"/>
    <tag k="addr:state" v="VT"/>
    <tag k="ref:vcgi:esiteid" v="331953"/>
  </node>
  <node id="-951" visible="true" lat="44.46052235189" lon="-71.846410199172">
    <!-- conflict: "1181 Ladd Road, Concord, VT" Fuzzy match to "1181 Ladd Road, , VT" -->
    <tag k="addr:city" v="Concord"/>
    <tag k="addr:housenumber" v="1181"/>
    <tag k="addr:street" v="Ladd Road"/>
    <tag k="addr:state" v="VT"/>
    <tag k="ref:vcgi:esiteid" v="331954"/>
  </node>
  <node id="-952" visible="true" lat="44.461315790621" lon="-71.849836984412">
    <!-- conflict: "1031 Ladd Road, Concord, VT" Fuzzy match to "1031 Ladd Road, , VT" -->
    <tag k="addr:city" v="Concord"/>
    <tag k="addr:housenumber" v="1031"/>
    <tag k="addr:street" v="Ladd Road"/>
    <tag k="addr:state" v="VT"/>
    <tag k="ref:vcgi:esiteid" v="336673"/>
  </node>
  <node id="-953" visible="true" lat="44.375342806367" lon="-71.841450478174">
    <!-- conflict: "2549 Leclair Road, Concord, VT" Fuzzy match to "2549 Leclair Road, , VT" -->
    <tag k="addr:city" v="Concord"/>
    <tag k="addr:housenumber" v="2549"/>
    <tag k="addr:street" v="Leclair Road"/>
    <tag k="addr:state" v="VT"/>
    <tag k="ref:vcgi:esiteid" v="336674"/>
  </node>
  <node id="-954" visible="true" lat="44.394104131129" lon="-71.822607000388">
    <!-- conflict: "335 Cutting Road, Concord, VT" Fuzzy match to "335 Cutting Road, , VT" -->
    <tag k="addr:city" v="Concord"/>
    <tag k="addr:housenumber" v="335"/>
    <tag k="addr:street" v="Cutting Road"/>
    <tag k="addr:state" v="VT"/>
    <tag k="ref:vcgi:esiteid" v="337456"/>
  </node>
  <node id="-955" visible="true" lat="44.395155024244" lon="-71.823110206374">
    <!-- conflict: "291 Cutting Road, Concord, VT" Fuzzy match to "291 Cutting Road, , VT" -->
    <tag k="addr:city" v="Concord"/>
    <tag k="addr:housenumber" v="291"/>
    <tag k="addr:street" v="Cutting Road"/>
    <tag k="addr:state" v="VT"/>
    <tag k="ref:vcgi:esiteid" v="337457"/>
  </node>
  <node id="-956" visible="true" lat="44.39730675824" lon="-71.824890886083">
    <!-- conflict: "151 Cutting Road, Concord, VT" Fuzzy match to "151 Cutting Road, , VT" -->
    <tag k="addr:city" v="Concord"/>
    <tag k="addr:housenumber" v="151"/>
    <tag k="addr:street" v="Cutting Road"/>
    <tag k="addr:state" v="VT"/>
    <tag k="ref:vcgi:esiteid" v="337458"/>
  </node>
  <node id="-959" visible="true" lat="44.391107802345" lon="-71.813675781622">
    <!-- conflict: "640 Ruszin Drive, Concord, VT" Fuzzy match to "640 Ruszin Drive, , VT" -->
    <tag k="addr:city" v="Concord"/>
    <tag k="addr:housenumber" v="640"/>
    <tag k="addr:street" v="Ruszin Drive"/>
    <tag k="addr:state" v="VT"/>
    <tag k="ref:vcgi:esiteid" v="337461"/>
  </node>
  <node id="-960" visible="true" lat="44.4009584137" lon="-71.825251175291">
    <!-- conflict: "1665 Johnson Road, Concord, VT" Fuzzy match to "1665 Johnson Road, , VT" -->
    <tag k="addr:city" v="Concord"/>
    <tag k="addr:housenumber" v="1665"/>
    <tag k="addr:street" v="Johnson Road"/>
    <tag k="addr:state" v="VT"/>
    <tag k="ref:vcgi:esiteid" v="337462"/>
  </node>
  <node id="-961" visible="true" lat="44.407902808608" lon="-71.887806282222">
    <!-- conflict: "1578 Shadow Lake Road, Concord, VT" Fuzzy match to "1578 Shadow Lake Road, , VT" -->
    <tag k="addr:city" v="Concord"/>
    <tag k="addr:housenumber" v="1578"/>
    <tag k="addr:street" v="Shadow Lake Road"/>
    <tag k="addr:state" v="VT"/>
    <tag k="ref:vcgi:esiteid" v="338167"/>
  </node>
  <node id="-962" visible="true" lat="44.422040000003" lon="-71.80194074124">
    <!-- conflict: "2457 Leonard Hill Road, Concord, VT" Fuzzy match to "2457 Leonard Hill Road, , VT" -->
    <tag k="addr:city" v="Concord"/>
    <tag k="addr:housenumber" v="2457"/>
    <tag k="addr:street" v="Leonard Hill Road"/>
    <tag k="addr:state" v="VT"/>
    <tag k="ref:vcgi:esiteid" v="338552"/>
  </node>
  <node id="-963" visible="true" lat="44.41335175169" lon="-71.81279614992">
    <!-- conflict: "447 Jaques Road, Concord, VT" Fuzzy match to "447 Jaques Road, , VT" -->
    <tag k="addr:city" v="Concord"/>
    <tag k="addr:housenumber" v="447"/>
    <tag k="addr:street" v="Jaques Road"/>
    <tag k="addr:state" v="VT"/>
    <tag k="ref:vcgi:esiteid" v="338684"/>
  </node>
  <node id="-964" visible="true" lat="44.475327417661" lon="-71.861467180007">
    <!-- conflict: "584 Victory Road, North Concord, VT" Fuzzy match to "584 Victory Road, , VT" -->
    <tag k="addr:city" v="North Concord"/>
    <tag k="addr:housenumber" v="584"/>
    <tag k="addr:street" v="Victory Road"/>
    <tag k="addr:state" v="VT"/>
    <tag k="ref:vcgi:esiteid" v="338927"/>
  </node>
  <node id="-965" visible="true" lat="44.484205533329" lon="-71.8635654208">
    <!-- conflict: "1190 Victory Road, North Concord, VT" Fuzzy match to "1190 Victory Road, , VT" -->
    <tag k="addr:city" v="North Concord"/>
    <tag k="addr:housenumber" v="1190"/>
    <tag k="addr:street" v="Victory Road"/>
    <tag k="addr:state" v="VT"/>
    <tag k="ref:vcgi:esiteid" v="339205"/>
  </node>
  <node id="-966" visible="true" lat="44.436689842461" lon="-71.757060172009">
    <!-- conflict: "2167 Oregon Road, Lunenburg, VT" Fuzzy match to "2167 Oregon Road, , VT" -->
    <tag k="addr:city" v="Lunenburg"/>
    <tag k="addr:housenumber" v="2167"/>
    <tag k="addr:street" v="Oregon Road"/>
    <tag k="addr:state" v="VT"/>
    <tag k="ref:vcgi:esiteid" v="339514"/>
  </node>
  <node id="-967" visible="true" lat="44.452577473626" lon="-71.826980985677">
    <!-- conflict: "2288 Ladd Road, North Concord, VT" Fuzzy match to "2288 Ladd Road, , VT" -->
    <tag k="addr:city" v="North Concord"/>
    <tag k="addr:housenumber" v="2288"/>
    <tag k="addr:street" v="Ladd Road"/>
    <tag k="addr:state" v="VT"/>
    <tag k="ref:vcgi:esiteid" v="339793"/>
  </node>
  <node id="-968" visible="true" lat="44.465368475749" lon="-71.861188729757">
    <!-- conflict: "759 North Concord Road, North Concord, VT" Fuzzy match to "759 North Concord Road, , VT" -->
    <tag k="addr:city" v="North Concord"/>
    <tag k="addr:housenumber" v="759"/>
    <tag k="addr:street" v="North Concord Road"/>
    <tag k="addr:state" v="VT"/>
    <tag k="ref:vcgi:esiteid" v="340102"/>
  </node>
  <node id="-969" visible="true" lat="44.401669530903" lon="-71.861088996">
    <!-- conflict: "10 Mitchell Road, Concord, VT" Fuzzy match to "10 Mitchell Road, , VT" -->
    <tag k="addr:city" v="Concord"/>
    <tag k="addr:housenumber" v="10"/>
    <tag k="addr:street" v="Mitchell Road"/>
    <tag k="addr:state" v="VT"/>
    <tag k="ref:vcgi:esiteid" v="341811"/>
  </node>
  <node id="-972" visible="true" lat="44.431216084534" lon="-71.862637423156">
    <!-- conflict: "1206 Royalston Corner Road, Concord, VT" Fuzzy match to "1206 Royalston Corner Road, , VT" -->
    <tag k="addr:city" v="Concord"/>
    <tag k="addr:housenumber" v="1206"/>
    <tag k="addr:street" v="Royalston Corner Road"/>
    <tag k="addr:state" v="VT"/>
    <tag k="ref:vcgi:esiteid" v="345130"/>
  </node>
  <node id="-973" visible="true" lat="44.429626896429" lon="-71.863690434187">
    <!-- conflict: "669 Wheaton Road, Concord, VT" Fuzzy match to "669 Wheaton Road, , VT" -->
    <tag k="addr:city" v="Concord"/>
    <tag k="addr:housenumber" v="669"/>
    <tag k="addr:street" v="Wheaton Road"/>
    <tag k="addr:state" v="VT"/>
    <tag k="ref:vcgi:esiteid" v="345588"/>
  </node>
  <node id="-974" visible="true" lat="44.404586778825" lon="-71.849891958409">
    <!-- conflict: "509 Stagecoach Road, Concord, VT" Fuzzy match to "509 Stagecoach Road, , VT" -->
    <tag k="addr:city" v="Concord"/>
    <tag k="addr:housenumber" v="509"/>
    <tag k="addr:street" v="Stagecoach Road"/>
    <tag k="addr:state" v="VT"/>
    <tag k="ref:vcgi:esiteid" v="345876"/>
  </node>
  <node id="-975" visible="true" lat="44.448269136632" lon="-71.792874207433">
    <!-- conflict: "640 Beach Drive, North Concord, VT" Fuzzy match to "640 Beach Drive, , VT" -->
    <tag k="addr:city" v="North Concord"/>
    <tag k="addr:housenumber" v="640"/>
    <tag k="addr:street" v="Beach Drive"/>
    <tag k="addr:state" v="VT"/>
    <tag k="ref:vcgi:esiteid" v="365321"/>
  </node>
  <node id="-977" visible="true" lat="44.446394179441" lon="-71.765302510091">
    <!-- conflict: "1407 Oregon Road, Lunenburg, VT" Fuzzy match to "1407 Oregon Road, , VT" -->
    <tag k="addr:city" v="Lunenburg"/>
    <tag k="addr:housenumber" v="1407"/>
    <tag k="addr:street" v="Oregon Road"/>
    <tag k="addr:state" v="VT"/>
    <tag k="ref:vcgi:esiteid" v="446058"/>
  </node>
  <node id="-978" visible="true" lat="44.42532266324" lon="-71.756061500514">
    <!-- conflict: "39 Leonard Hill Road, Lunenburg, VT" Fuzzy match to "39 Leonard Hill Road, , VT" -->
    <tag k="addr:city" v="Lunenburg"/>
    <tag k="addr:housenumber" v="39"/>
    <tag k="addr:street" v="Leonard Hill Road"/>
    <tag k="addr:state" v="VT"/>
    <tag k="ref:vcgi:esiteid" v="446763"/>
  </node>
  <node id="-979" visible="true" lat="44.445614345316" lon="-71.803293425589">
    <!-- conflict: "483 Campers Lane, North Concord, VT" Fuzzy match to "483 Campers Lane, , VT" -->
    <tag k="addr:city" v="North Concord"/>
    <tag k="addr:housenumber" v="483"/>
    <tag k="addr:street" v="Campers Lane"/>
    <tag k="addr:state" v="VT"/>
    <tag k="ref:vcgi:esiteid" v="446972"/>
  </node>
  <node id="-980" visible="true" lat="44.468929477725" lon="-71.867142586431">
    <!-- conflict: "1006 Willson Road, North Concord, VT" Fuzzy match to "1006 Willson Road, , VT" -->
    <tag k="addr:city" v="North Concord"/>
    <tag k="addr:housenumber" v="1006"/>
    <tag k="addr:street" v="Willson Road"/>
    <tag k="addr:state" v="VT"/>
    <tag k="ref:vcgi:esiteid" v="447201"/>
  </node>
  <node id="-981" visible="true" lat="44.432802420605" lon="-71.866588231396">
    <!-- conflict: "1005 Royalston Corner Road, Concord, VT" Fuzzy match to "1005 Royalston Corner Road, , VT" -->
    <tag k="addr:city" v="Concord"/>
    <tag k="addr:housenumber" v="1005"/>
    <tag k="addr:street" v="Royalston Corner Road"/>
    <tag k="addr:state" v="VT"/>
    <tag k="ref:vcgi:esiteid" v="448405"/>
  </node>
  <node id="-982" visible="true" lat="44.462591034008" lon="-71.854369984651">
    <!-- conflict: "430 Wesley Road, Concord, VT" Fuzzy match to "430 Wesley Road, , VT" -->
    <tag k="addr:city" v="Concord"/>
    <tag k="addr:housenumber" v="430"/>
    <tag k="addr:street" v="Wesley Road"/>
    <tag k="addr:state" v="VT"/>
    <tag k="ref:vcgi:esiteid" v="449357"/>
  </node>
  <node id="-983" visible="true" lat="44.422815773332" lon="-71.834688958851">
    <!-- conflict: "3182 Royalston Corner Road, Concord, VT" Fuzzy match to "3182 Royalston Corner Road, , VT" -->
    <tag k="addr:city" v="Concord"/>
    <tag k="addr:housenumber" v="3182"/>
    <tag k="addr:street" v="Royalston Corner Road"/>
    <tag k="addr:state" v="VT"/>
    <tag k="ref:vcgi:esiteid" v="449358"/>
  </node>
  <node id="-984" visible="true" lat="44.399343471452" lon="-71.824294819784">
    <!-- conflict: "1807 Johnson Road, Concord, VT" Fuzzy match to "1807 Johnson Road, , VT" -->
    <tag k="addr:city" v="Concord"/>
    <tag k="addr:housenumber" v="1807"/>
    <tag k="addr:street" v="Johnson Road"/>
    <tag k="addr:state" v="VT"/>
    <tag k="ref:vcgi:esiteid" v="449534"/>
  </node>
  <node id="-985" visible="true" lat="44.393238163807" lon="-71.82995743753">
    <!-- conflict: "530 Cutting Road, Concord, VT" Fuzzy match to "530 Cutting Road, , VT" -->
    <tag k="addr:city" v="Concord"/>
    <tag k="addr:housenumber" v="530"/>
    <tag k="addr:street" v="Cutting Road"/>
    <tag k="addr:state" v="VT"/>
    <tag k="ref:vcgi:esiteid" v="449536"/>
  </node>
  <node id="-986" visible="true" lat="44.397600499834" lon="-71.822182347294">
    <!-- conflict: "1900 Johnson Road, Concord, VT" Fuzzy match to "1900 Johnson Road, , VT" -->
    <tag k="addr:city" v="Concord"/>
    <tag k="addr:housenumber" v="1900"/>
    <tag k="addr:street" v="Johnson Road"/>
    <tag k="addr:state" v="VT"/>
    <tag k="ref:vcgi:esiteid" v="449667"/>
  </node>
  <node id="-987" visible="true" lat="44.461026065677" lon="-71.848187475875">
    <!-- conflict: "1103 Ladd Road, Concord, VT" Fuzzy match to "1103 Ladd Road, , VT" -->
    <tag k="addr:city" v="Concord"/>
    <tag k="addr:housenumber" v="1103"/>
    <tag k="addr:street" v="Ladd Road"/>
    <tag k="addr:state" v="VT"/>
    <tag k="ref:vcgi:esiteid" v="449905"/>
  </node>
  <node id="-988" visible="true" lat="44.431781314335" lon="-71.898386244877">
    <!-- conflict: "1555 West Main Street, Concord, VT" Fuzzy match to "1555 West Main Street, , VT" -->
    <tag k="addr:city" v="Concord"/>
    <tag k="addr:housenumber" v="1555"/>
    <tag k="addr:street" v="West Main Street"/>
    <tag k="addr:state" v="VT"/>
    <tag k="ref:vcgi:esiteid" v="449969"/>
  </node>
  <node id="-989" visible="true" lat="44.423768567869" lon="-71.869655325766">
    <!-- conflict: "763 Long Hill Road, Concord, VT" Fuzzy match to "763 Long Hill Road, , VT" -->
    <tag k="addr:city" v="Concord"/>
    <tag k="addr:housenumber" v="763"/>
    <tag k="addr:street" v="Long Hill Road"/>
    <tag k="addr:state" v="VT"/>
    <tag k="ref:vcgi:esiteid" v="450291"/>
  </node>
  <node id="-990" visible="true" lat="44.425293673371" lon="-71.875571714577">
    <!-- conflict: "406 Long Hill Road, Concord, VT" Fuzzy match to "406 Long Hill Road, , VT" -->
    <tag k="addr:city" v="Concord"/>
    <tag k="addr:housenumber" v="406"/>
    <tag k="addr:street" v="Long Hill Road"/>
    <tag k="addr:state" v="VT"/>
    <tag k="ref:vcgi:esiteid" v="451252"/>
  </node>
  <node id="-991" visible="true" lat="44.460439925481" lon="-71.863927471769">
    <!-- conflict: "441 North Concord Road, North Concord, VT" Fuzzy match to "441 North Concord Road, , VT" -->
    <tag k="addr:city" v="North Concord"/>
    <tag k="addr:housenumber" v="441"/>
    <tag k="addr:street" v="North Concord Road"/>
    <tag k="addr:state" v="VT"/>
    <tag k="ref:vcgi:esiteid" v="451546"/>
  </node>
  <node id="-992" visible="true" lat="44.428080045484" lon="-71.912055844724">
    <!-- conflict: "210 Marko Road, Concord, VT" Fuzzy match to "210 Marko Road, , VT" -->
    <tag k="addr:city" v="Concord"/>
    <tag k="addr:housenumber" v="210"/>
    <tag k="addr:street" v="Marko Road"/>
    <tag k="addr:state" v="VT"/>
    <tag k="ref:vcgi:esiteid" v="451943"/>
  </node>
  <node id="-993" visible="true" lat="44.430925383926" lon="-71.863617876796">
    <!-- conflict: "1148 Royalston Corner Road, Concord, VT" Fuzzy match to "1148 Royalston Corner Road, , VT" -->
    <tag k="addr:city" v="Concord"/>
    <tag k="addr:housenumber" v="1148"/>
    <tag k="addr:street" v="Royalston Corner Road"/>
    <tag k="addr:state" v="VT"/>
    <tag k="ref:vcgi:esiteid" v="453531"/>
  </node>
  <node id="-994" visible="true" lat="44.440547272838" lon="-71.890499497457">
    <!-- conflict: "718 Woodward Road, Concord, VT" Fuzzy match to "718 Woodward Road, , VT" -->
    <tag k="addr:city" v="Concord"/>
    <tag k="addr:housenumber" v="718"/>
    <tag k="addr:street" v="Woodward Road"/>
    <tag k="addr:state" v="VT"/>
    <tag k="ref:vcgi:esiteid" v="455086"/>
  </node>
  <node id="-995" visible="true" lat="44.462402229435" lon="-71.85274593446">
    <!-- conflict: "471 Wesley Road, North Concord, VT" Fuzzy match to "471 Wesley Road, , VT" -->
    <tag k="addr:city" v="North Concord"/>
    <tag k="addr:housenumber" v="471"/>
    <tag k="addr:street" v="Wesley Road"/>
    <tag k="addr:state" v="VT"/>
    <tag k="ref:vcgi:esiteid" v="611421"/>
  </node>
  <node id="-996" visible="true" lat="44.418382890107" lon="-71.814839663664">
    <!-- conflict: "90 Jaques Road, Concord, VT" Fuzzy match to "90 Jaques Road, , VT" -->
    <tag k="addr:city" v="Concord"/>
    <tag k="addr:housenumber" v="90"/>
    <tag k="addr:street" v="Jaques Road"/>
    <tag k="addr:state" v="VT"/>
    <tag k="ref:vcgi:esiteid" v="611510"/>
  </node>
  <node id="-997" visible="true" lat="44.41672948718" lon="-71.813086643743">
    <!-- conflict: "215 Jaques Road, Concord, VT" Fuzzy match to "215 Jaques Road, , VT" -->
    <tag k="addr:city" v="Concord"/>
    <tag k="addr:housenumber" v="215"/>
    <tag k="addr:street" v="Jaques Road"/>
    <tag k="addr:state" v="VT"/>
    <tag k="ref:vcgi:esiteid" v="611511"/>
  </node>
  <node id="-998" visible="true" lat="44.410922636522" lon="-71.758447415507">
    <!-- conflict: "843 Cozy Nook Road, Lunenburg, VT" Fuzzy match to "843 Cozy Nook Road, , VT" -->
    <tag k="addr:city" v="Lunenburg"/>
    <tag k="addr:housenumber" v="843"/>
    <tag k="addr:street" v="Cozy Nook Road"/>
    <tag k="addr:state" v="VT"/>
    <tag k="ref:vcgi:esiteid" v="611785"/>
  </node>
  <node id="-999" visible="true" lat="44.415182489777" lon="-71.759915132268">
    <!-- conflict: "667 Cozy Nook Road, Lunenburg, VT" Fuzzy match to "667 Cozy Nook Road, , VT" -->
    <tag k="addr:city" v="Lunenburg"/>
    <tag k="addr:housenumber" v="667"/>
    <tag k="addr:street" v="Cozy Nook Road"/>
    <tag k="addr:state" v="VT"/>
    <tag k="ref:vcgi:esiteid" v="611786"/>
  </node>
  <node id="-1000" visible="true" lat="44.424336531663" lon="-71.77221809081">
    <!-- conflict: "899 Leonard Hill Road, Concord, VT" Fuzzy match to "899 Leonard Hill Road, , VT" -->
    <tag k="addr:city" v="Concord"/>
    <tag k="addr:housenumber" v="899"/>
    <tag k="addr:street" v="Leonard Hill Road"/>
    <tag k="addr:state" v="VT"/>
    <tag k="ref:vcgi:esiteid" v="612562"/>
  </node>
  <node id="-1002" visible="true" lat="44.456894132442" lon="-71.868873140688">
    <!-- conflict: "100 Wendel Road, Concord, VT" Fuzzy match to "100 Wendel Road, , VT" -->
    <tag k="addr:city" v="Concord"/>
    <tag k="addr:housenumber" v="100"/>
    <tag k="addr:street" v="Wendel Road"/>
    <tag k="addr:state" v="VT"/>
    <tag k="ref:vcgi:esiteid" v="655532"/>
  </node>
  <node id="-1003" visible="true" lat="44.456998116227" lon="-71.868838775737">
    <!-- conflict: "101 Wendel Road, Concord, VT" Fuzzy match to "101 Wendel Road, , VT" -->
    <tag k="addr:city" v="Concord"/>
    <tag k="addr:housenumber" v="101"/>
    <tag k="addr:street" v="Wendel Road"/>
    <tag k="addr:state" v="VT"/>
    <tag k="ref:vcgi:esiteid" v="655533"/>
  </node>
  <node id="-1004" visible="true" lat="44.457105099817" lon="-71.868808533645">
    <!-- conflict: "102 Wendel Road, Concord, VT" Fuzzy match to "102 Wendel Road, , VT" -->
    <tag k="addr:city" v="Concord"/>
    <tag k="addr:housenumber" v="102"/>
    <tag k="addr:street" v="Wendel Road"/>
    <tag k="addr:state" v="VT"/>
    <tag k="ref:vcgi:esiteid" v="655534"/>
  </node>
  <node id="-1005" visible="true" lat="44.45728023813" lon="-71.868723533076">
    <!-- conflict: "103 Wendel Road, Concord, VT" Fuzzy match to "103 Wendel Road, , VT" -->
    <tag k="addr:city" v="Concord"/>
    <tag k="addr:housenumber" v="103"/>
    <tag k="addr:street" v="Wendel Road"/>
    <tag k="addr:state" v="VT"/>
    <tag k="ref:vcgi:esiteid" v="655535"/>
  </node>
  <node id="-1006" visible="true" lat="44.457461259371" lon="-71.868626001364">
    <!-- conflict: "104 Wendel Road, Concord, VT" Fuzzy match to "104 Wendel Road, , VT" -->
    <tag k="addr:city" v="Concord"/>
    <tag k="addr:housenumber" v="104"/>
    <tag k="addr:street" v="Wendel Road"/>
    <tag k="addr:state" v="VT"/>
    <tag k="ref:vcgi:esiteid" v="655536"/>
  </node>
  <node id="-1007" visible="true" lat="44.457633351752" lon="-71.868528565277">
    <!-- conflict: "105 Wendel Road, Concord, VT" Fuzzy match to "105 Wendel Road, , VT" -->
    <tag k="addr:city" v="Concord"/>
    <tag k="addr:housenumber" v="105"/>
    <tag k="addr:street" v="Wendel Road"/>
    <tag k="addr:state" v="VT"/>
    <tag k="ref:vcgi:esiteid" v="655537"/>
  </node>
  <node id="-1008" visible="true" lat="44.456755787967" lon="-71.869153059522">
    <!-- conflict: "35 Wendel Road, Concord, VT" Fuzzy match to "35 Wendel Road, , VT" -->
    <tag k="addr:city" v="Concord"/>
    <tag k="addr:housenumber" v="35"/>
    <tag k="addr:street" v="Wendel Road"/>
    <tag k="addr:state" v="VT"/>
    <tag k="ref:vcgi:esiteid" v="655538"/>
  </node>
  <node id="-1009" visible="true" lat="44.457083264717" lon="-71.869166156022">
    <!-- conflict: "30 Wendel Road, Concord, VT" Fuzzy match to "30 Wendel Road, , VT" -->
    <tag k="addr:city" v="Concord"/>
    <tag k="addr:housenumber" v="30"/>
    <tag k="addr:street" v="Wendel Road"/>
    <tag k="addr:state" v="VT"/>
    <tag k="ref:vcgi:esiteid" v="655539"/>
  </node>
  <node id="-1010" visible="true" lat="44.457240613727" lon="-71.869093815304">
    <!-- conflict: "31 Wendel Road, Concord, VT" Fuzzy match to "31 Wendel Road, , VT" -->
    <tag k="addr:city" v="Concord"/>
    <tag k="addr:housenumber" v="31"/>
    <tag k="addr:street" v="Wendel Road"/>
    <tag k="addr:state" v="VT"/>
    <tag k="ref:vcgi:esiteid" v="655540"/>
  </node>
  <node id="-1011" visible="true" lat="44.457344437784" lon="-71.869030362517">
    <!-- conflict: "32 Wendel Road, Concord, VT" Fuzzy match to "32 Wendel Road, , VT" -->
    <tag k="addr:city" v="Concord"/>
    <tag k="addr:housenumber" v="32"/>
    <tag k="addr:street" v="Wendel Road"/>
    <tag k="addr:state" v="VT"/>
    <tag k="ref:vcgi:esiteid" v="655541"/>
  </node>
  <node id="-1012" visible="true" lat="44.457501718719" lon="-71.868945554593">
    <!-- conflict: "33 Wendel Road, Concord, VT" Fuzzy match to "33 Wendel Road, , VT" -->
    <tag k="addr:city" v="Concord"/>
    <tag k="addr:housenumber" v="33"/>
    <tag k="addr:street" v="Wendel Road"/>
    <tag k="addr:state" v="VT"/>
    <tag k="ref:vcgi:esiteid" v="655542"/>
  </node>
  <node id="-1013" visible="true" lat="44.457626283425" lon="-71.868865253975">
    <!-- conflict: "34 Wendel Road, Concord, VT" Fuzzy match to "34 Wendel Road, , VT" -->
    <tag k="addr:city" v="Concord"/>
    <tag k="addr:housenumber" v="34"/>
    <tag k="addr:street" v="Wendel Road"/>
    <tag k="addr:state" v="VT"/>
    <tag k="ref:vcgi:esiteid" v="655543"/>
  </node>
  <node id="-1014" visible="true" lat="44.458143802133" lon="-71.868797343451">
    <!-- conflict: "21 Wendel Road, Concord, VT" Fuzzy match to "21 Wendel Road, , VT" -->
    <tag k="addr:city" v="Concord"/>
    <tag k="addr:housenumber" v="21"/>
    <tag k="addr:street" v="Wendel Road"/>
    <tag k="addr:state" v="VT"/>
    <tag k="ref:vcgi:esiteid" v="655544"/>
  </node>
  <node id="-1015" visible="true" lat="44.458250670851" lon="-71.868746322483">
    <!-- conflict: "20 Wendel Road, Concord, VT" Fuzzy match to "20 Wendel Road, , VT" -->
    <tag k="addr:city" v="Concord"/>
    <tag k="addr:housenumber" v="20"/>
    <tag k="addr:street" v="Wendel Road"/>
    <tag k="addr:state" v="VT"/>
    <tag k="ref:vcgi:esiteid" v="655545"/>
  </node>
  <node id="-1016" visible="true" lat="44.458351425954" lon="-71.868666278222">
    <!-- conflict: "19 Wendel Road, Concord, VT" Fuzzy match to "19 Wendel Road, , VT" -->
    <tag k="addr:city" v="Concord"/>
    <tag k="addr:housenumber" v="19"/>
    <tag k="addr:street" v="Wendel Road"/>
    <tag k="addr:state" v="VT"/>
    <tag k="ref:vcgi:esiteid" v="655546"/>
  </node>
  <node id="-1017" visible="true" lat="44.458419580614" lon="-71.868611518648">
    <!-- conflict: "18 Wendel Road, Concord, VT" Fuzzy match to "18 Wendel Road, , VT" -->
    <tag k="addr:city" v="Concord"/>
    <tag k="addr:housenumber" v="18"/>
    <tag k="addr:street" v="Wendel Road"/>
    <tag k="addr:state" v="VT"/>
    <tag k="ref:vcgi:esiteid" v="655547"/>
  </node>
  <node id="-1018" visible="true" lat="44.457119072091" lon="-71.869471449669">
    <!-- conflict: "29 Wendel Road, Concord, VT" Fuzzy match to "29 Wendel Road, , VT" -->
    <tag k="addr:city" v="Concord"/>
    <tag k="addr:housenumber" v="29"/>
    <tag k="addr:street" v="Wendel Road"/>
    <tag k="addr:state" v="VT"/>
    <tag k="ref:vcgi:esiteid" v="655571"/>
  </node>
  <node id="-1019" visible="true" lat="44.457272012473" lon="-71.869355106086">
    <!-- conflict: "28 Wendel Road, Concord, VT" Fuzzy match to "28 Wendel Road, , VT" -->
    <tag k="addr:city" v="Concord"/>
    <tag k="addr:housenumber" v="28"/>
    <tag k="addr:street" v="Wendel Road"/>
    <tag k="addr:state" v="VT"/>
    <tag k="ref:vcgi:esiteid" v="655572"/>
  </node>
  <node id="-1020" visible="true" lat="44.457496547222" lon="-71.869267914014">
    <!-- conflict: "27 Wendel Road, Concord, VT" Fuzzy match to "27 Wendel Road, , VT" -->
    <tag k="addr:city" v="Concord"/>
    <tag k="addr:housenumber" v="27"/>
    <tag k="addr:street" v="Wendel Road"/>
    <tag k="addr:state" v="VT"/>
    <tag k="ref:vcgi:esiteid" v="655573"/>
  </node>
  <node id="-1021" visible="true" lat="44.457642399091" lon="-71.869161619784">
    <!-- conflict: "26 Wendel Road, Concord, VT" Fuzzy match to "26 Wendel Road, , VT" -->
    <tag k="addr:city" v="Concord"/>
    <tag k="addr:housenumber" v="26"/>
    <tag k="addr:street" v="Wendel Road"/>
    <tag k="addr:state" v="VT"/>
    <tag k="ref:vcgi:esiteid" v="655574"/>
  </node>
  <node id="-1022" visible="true" lat="44.457848773105" lon="-71.869019764267">
    <!-- conflict: "24 Wendel Road, Concord, VT" Fuzzy match to "24 Wendel Road, , VT" -->
    <tag k="addr:city" v="Concord"/>
    <tag k="addr:housenumber" v="24"/>
    <tag k="addr:street" v="Wendel Road"/>
    <tag k="addr:state" v="VT"/>
    <tag k="ref:vcgi:esiteid" v="655575"/>
  </node>
  <node id="-1023" visible="true" lat="44.457919899313" lon="-71.868964143005">
    <!-- conflict: "23 Wendel Road, Concord, VT" Fuzzy match to "23 Wendel Road, , VT" -->
    <tag k="addr:city" v="Concord"/>
    <tag k="addr:housenumber" v="23"/>
    <tag k="addr:street" v="Wendel Road"/>
    <tag k="addr:state" v="VT"/>
    <tag k="ref:vcgi:esiteid" v="655576"/>
  </node>
  <node id="-1024" visible="true" lat="44.457983882118" lon="-71.868908598554">
    <!-- conflict: "22 Wendel Road, Concord, VT" Fuzzy match to "22 Wendel Road, , VT" -->
    <tag k="addr:city" v="Concord"/>
    <tag k="addr:housenumber" v="22"/>
    <tag k="addr:street" v="Wendel Road"/>
    <tag k="addr:state" v="VT"/>
    <tag k="ref:vcgi:esiteid" v="655577"/>
  </node>
  <node id="-1025" visible="true" lat="44.458474705687" lon="-71.868534279032">
    <!-- conflict: "17 Wendel Road, Concord, VT" Fuzzy match to "17 Wendel Road, , VT" -->
    <tag k="addr:city" v="Concord"/>
    <tag k="addr:housenumber" v="17"/>
    <tag k="addr:street" v="Wendel Road"/>
    <tag k="addr:state" v="VT"/>
    <tag k="ref:vcgi:esiteid" v="655578"/>
  </node>
  <node id="-1026" visible="true" lat="44.457788498758" lon="-71.869100203141">
    <!-- conflict: "25 Wendel Road, Concord, VT" Fuzzy match to "25 Wendel Road, , VT" -->
    <tag k="addr:city" v="Concord"/>
    <tag k="addr:housenumber" v="25"/>
    <tag k="addr:street" v="Wendel Road"/>
    <tag k="addr:state" v="VT"/>
    <tag k="ref:vcgi:esiteid" v="655579"/>
  </node>
  <node id="-1027" visible="true" lat="44.456621206274" lon="-71.8692174947">
    <!-- conflict: "36 Wendel Road, Concord, VT" Fuzzy match to "36 Wendel Road, , VT" -->
    <tag k="addr:city" v="Concord"/>
    <tag k="addr:housenumber" v="36"/>
    <tag k="addr:street" v="Wendel Road"/>
    <tag k="addr:state" v="VT"/>
    <tag k="ref:vcgi:esiteid" v="655580"/>
  </node>
  <node id="-1028" visible="true" lat="44.45716050539" lon="-71.869859975234">
    <!-- conflict: "1 Wendel Road, Concord, VT" Fuzzy match to "1 Wendel Road, , VT" -->
    <tag k="addr:city" v="Concord"/>
    <tag k="addr:housenumber" v="1"/>
    <tag k="addr:street" v="Wendel Road"/>
    <tag k="addr:state" v="VT"/>
    <tag k="ref:vcgi:esiteid" v="655581"/>
  </node>
  <node id="-1029" visible="true" lat="44.457277978727" lon="-71.869788895756">
    <!-- conflict: "2 Wendel Road, Concord, VT" Fuzzy match to "2 Wendel Road, , VT" -->
    <tag k="addr:city" v="Concord"/>
    <tag k="addr:housenumber" v="2"/>
    <tag k="addr:street" v="Wendel Road"/>
    <tag k="addr:state" v="VT"/>
    <tag k="ref:vcgi:esiteid" v="655582"/>
  </node>
  <node id="-1030" visible="true" lat="44.457405643312" lon="-71.869622956971">
    <!-- conflict: "3 Wendel Road, Concord, VT" Fuzzy match to "3 Wendel Road, , VT" -->
    <tag k="addr:city" v="Concord"/>
    <tag k="addr:housenumber" v="3"/>
    <tag k="addr:street" v="Wendel Road"/>
    <tag k="addr:state" v="VT"/>
    <tag k="ref:vcgi:esiteid" v="655583"/>
  </node>
  <node id="-1031" visible="true" lat="44.457515890543" lon="-71.869536994279">
    <!-- conflict: "4 Wendel Road, Concord, VT" Fuzzy match to "4 Wendel Road, , VT" -->
    <tag k="addr:city" v="Concord"/>
    <tag k="addr:housenumber" v="4"/>
    <tag k="addr:street" v="Wendel Road"/>
    <tag k="addr:state" v="VT"/>
    <tag k="ref:vcgi:esiteid" v="655584"/>
  </node>
  <node id="-1032" visible="true" lat="44.457640396932" lon="-71.869445891896">
    <!-- conflict: "5 Wendel Road, Concord, VT" Fuzzy match to "5 Wendel Road, , VT" -->
    <tag k="addr:city" v="Concord"/>
    <tag k="addr:housenumber" v="5"/>
    <tag k="addr:street" v="Wendel Road"/>
    <tag k="addr:state" v="VT"/>
    <tag k="ref:vcgi:esiteid" v="655585"/>
  </node>
  <node id="-1035" visible="true" lat="44.458156470249" lon="-71.869116189518">
    <!-- conflict: "9 Wendel Road, Concord, VT" Fuzzy match to "9 Wendel Road, , VT" -->
    <tag k="addr:city" v="Concord"/>
    <tag k="addr:housenumber" v="9"/>
    <tag k="addr:street" v="Wendel Road"/>
    <tag k="addr:state" v="VT"/>
    <tag k="ref:vcgi:esiteid" v="655588"/>
  </node>
  <node id="-1036" visible="true" lat="44.458273943087" lon="-71.869045107323">
    <!-- conflict: "10 Wendel Road, Concord, VT" Fuzzy match to "10 Wendel Road, , VT" -->
    <tag k="addr:city" v="Concord"/>
    <tag k="addr:housenumber" v="10"/>
    <tag k="addr:street" v="Wendel Road"/>
    <tag k="addr:state" v="VT"/>
    <tag k="ref:vcgi:esiteid" v="655589"/>
  </node>
  <node id="-1037" visible="true" lat="44.458391305674" lon="-71.868954078387">
    <!-- conflict: "11 Wendel Road, Concord, VT" Fuzzy match to "11 Wendel Road, , VT" -->
    <tag k="addr:city" v="Concord"/>
    <tag k="addr:housenumber" v="11"/>
    <tag k="addr:street" v="Wendel Road"/>
    <tag k="addr:state" v="VT"/>
    <tag k="ref:vcgi:esiteid" v="655590"/>
  </node>
  <node id="-1038" visible="true" lat="44.458515893328" lon="-71.868877932957">
    <!-- conflict: "12 Wendel Road, Concord, VT" Fuzzy match to "12 Wendel Road, , VT" -->
    <tag k="addr:city" v="Concord"/>
    <tag k="addr:housenumber" v="12"/>
    <tag k="addr:street" v="Wendel Road"/>
    <tag k="addr:state" v="VT"/>
    <tag k="ref:vcgi:esiteid" v="655591"/>
  </node>
  <node id="-1039" visible="true" lat="44.458626443986" lon="-71.868846819859">
    <!-- conflict: "13 Wendel Road, Concord, VT" Fuzzy match to "13 Wendel Road, , VT" -->
    <tag k="addr:city" v="Concord"/>
    <tag k="addr:housenumber" v="13"/>
    <tag k="addr:street" v="Wendel Road"/>
    <tag k="addr:state" v="VT"/>
    <tag k="ref:vcgi:esiteid" v="655592"/>
  </node>
  <node id="-1040" visible="true" lat="44.458757871769" lon="-71.86871574415">
    <!-- conflict: "14 Wendel Road, Concord, VT" Fuzzy match to "14 Wendel Road, , VT" -->
    <tag k="addr:city" v="Concord"/>
    <tag k="addr:housenumber" v="14"/>
    <tag k="addr:street" v="Wendel Road"/>
    <tag k="addr:state" v="VT"/>
    <tag k="ref:vcgi:esiteid" v="655593"/>
  </node>
  <node id="-1041" visible="true" lat="44.458699736011" lon="-71.868536839601">
    <!-- conflict: "15 Wendel Road, Concord, VT" Fuzzy match to "15 Wendel Road, , VT" -->
    <tag k="addr:city" v="Concord"/>
    <tag k="addr:housenumber" v="15"/>
    <tag k="addr:street" v="Wendel Road"/>
    <tag k="addr:state" v="VT"/>
    <tag k="ref:vcgi:esiteid" v="655594"/>
  </node>
  <node id="-1042" visible="true" lat="44.458634484188" lon="-71.868363000628">
    <!-- conflict: "16 Wendel Road, Concord, VT" Fuzzy match to "16 Wendel Road, , VT" -->
    <tag k="addr:city" v="Concord"/>
    <tag k="addr:housenumber" v="16"/>
    <tag k="addr:street" v="Wendel Road"/>
    <tag k="addr:state" v="VT"/>
    <tag k="ref:vcgi:esiteid" v="655595"/>
  </node>
  <node id="-1043" visible="true" lat="44.457976087352" lon="-71.869437291883">
    <!-- conflict: "7 Wendel Road, Concord, VT" Fuzzy match to "7 Wendel Road, , VT" -->
    <tag k="addr:city" v="Concord"/>
    <tag k="addr:housenumber" v="7"/>
    <tag k="addr:street" v="Wendel Road"/>
    <tag k="addr:state" v="VT"/>
    <tag k="ref:vcgi:esiteid" v="655596"/>
  </node>
  <node id="-1044" visible="true" lat="44.457840976925" lon="-71.869548457633">
    <!-- conflict: "6 Wendel Road, Concord, VT" Fuzzy match to "6 Wendel Road, , VT" -->
    <tag k="addr:city" v="Concord"/>
    <tag k="addr:housenumber" v="6"/>
    <tag k="addr:street" v="Wendel Road"/>
    <tag k="addr:state" v="VT"/>
    <tag k="ref:vcgi:esiteid" v="655597"/>
  </node>
  <node id="-1045" visible="true" lat="44.458100428435" lon="-71.8693162684">
    <!-- conflict: "8 Wendel Road, Concord, VT" Fuzzy match to "8 Wendel Road, , VT" -->
    <tag k="addr:city" v="Concord"/>
    <tag k="addr:housenumber" v="8"/>
    <tag k="addr:street" v="Wendel Road"/>
    <tag k="addr:state" v="VT"/>
    <tag k="ref:vcgi:esiteid" v="655598"/>
  </node>
  <node id="-1046" visible="true" lat="44.458593681262" lon="-71.868089158578">
    <!-- conflict: "200 Wendel Road, Concord, VT" Fuzzy match to "200 Wendel Road, , VT" -->
    <tag k="addr:city" v="Concord"/>
    <tag k="addr:housenumber" v="200"/>
    <tag k="addr:street" v="Wendel Road"/>
    <tag k="addr:state" v="VT"/>
    <tag k="ref:vcgi:esiteid" v="655599"/>
  </node>
  <node id="-1047" visible="true" lat="44.458147385393" lon="-71.868118906939">
    <!-- conflict: "106 Wendel Road, Concord, VT" Fuzzy match to "106 Wendel Road, , VT" -->
    <tag k="addr:city" v="Concord"/>
    <tag k="addr:housenumber" v="106"/>
    <tag k="addr:street" v="Wendel Road"/>
    <tag k="addr:state" v="VT"/>
    <tag k="ref:vcgi:esiteid" v="655600"/>
  </node>
  <node id="-1048" visible="true" lat="44.458303563995" lon="-71.867942679989">
    <!-- conflict: "107 Wendel Road, Concord, VT" Fuzzy match to "107 Wendel Road, , VT" -->
    <tag k="addr:city" v="Concord"/>
    <tag k="addr:housenumber" v="107"/>
    <tag k="addr:street" v="Wendel Road"/>
    <tag k="addr:state" v="VT"/>
    <tag k="ref:vcgi:esiteid" v="655601"/>
  </node>
  <node id="-1049" visible="true" lat="44.458463535727" lon="-71.867806307749">
    <!-- conflict: "108 Wendel Road, Concord, VT" Fuzzy match to "108 Wendel Road, , VT" -->
    <tag k="addr:city" v="Concord"/>
    <tag k="addr:housenumber" v="108"/>
    <tag k="addr:street" v="Wendel Road"/>
    <tag k="addr:state" v="VT"/>
    <tag k="ref:vcgi:esiteid" v="655602"/>
  </node>
  <node id="-1050" visible="true" lat="44.458623672024" lon="-71.867699853936">
    <!-- conflict: "109 Wendel Road, Concord, VT" Fuzzy match to "109 Wendel Road, , VT" -->
    <tag k="addr:city" v="Concord"/>
    <tag k="addr:housenumber" v="109"/>
    <tag k="addr:street" v="Wendel Road"/>
    <tag k="addr:state" v="VT"/>
    <tag k="ref:vcgi:esiteid" v="655603"/>
  </node>
  <node id="-1051" visible="true" lat="44.458744355804" lon="-71.867563904385">
    <!-- conflict: "110 Wendel Road, Concord, VT" Fuzzy match to "110 Wendel Road, , VT" -->
    <tag k="addr:city" v="Concord"/>
    <tag k="addr:housenumber" v="110"/>
    <tag k="addr:street" v="Wendel Road"/>
    <tag k="addr:state" v="VT"/>
    <tag k="ref:vcgi:esiteid" v="655604"/>
  </node>
  <node id="-1052" visible="true" lat="44.458836468624" lon="-71.8674282615">
    <!-- conflict: "111 Wendel Road, Concord, VT" Fuzzy match to "111 Wendel Road, , VT" -->
    <tag k="addr:city" v="Concord"/>
    <tag k="addr:housenumber" v="111"/>
    <tag k="addr:street" v="Wendel Road"/>
    <tag k="addr:state" v="VT"/>
    <tag k="ref:vcgi:esiteid" v="655605"/>
  </node>
  <node id="-1053" visible="true" lat="44.458986138989" lon="-71.867366801948">
    <!-- conflict: "112 Wendel Road, Concord, VT" Fuzzy match to "112 Wendel Road, , VT" -->
    <tag k="addr:city" v="Concord"/>
    <tag k="addr:housenumber" v="112"/>
    <tag k="addr:street" v="Wendel Road"/>
    <tag k="addr:state" v="VT"/>
    <tag k="ref:vcgi:esiteid" v="655606"/>
  </node>
  <node id="-1054" visible="true" lat="44.459124956137" lon="-71.867280524108">
    <!-- conflict: "113 Wendel Road, Concord, VT" Fuzzy match to "113 Wendel Road, , VT" -->
    <tag k="addr:city" v="Concord"/>
    <tag k="addr:housenumber" v="113"/>
    <tag k="addr:street" v="Wendel Road"/>
    <tag k="addr:state" v="VT"/>
    <tag k="ref:vcgi:esiteid" v="655607"/>
  </node>
  <node id="-1055" visible="true" lat="44.459246358615" lon="-71.867274225684">
    <!-- conflict: "114 Wendel Road, Concord, VT" Fuzzy match to "114 Wendel Road, , VT" -->
    <tag k="addr:city" v="Concord"/>
    <tag k="addr:housenumber" v="114"/>
    <tag k="addr:street" v="Wendel Road"/>
    <tag k="addr:state" v="VT"/>
    <tag k="ref:vcgi:esiteid" v="655608"/>
  </node>
  <node id="-1056" visible="true" lat="44.459396001259" lon="-71.867207779542">
    <!-- conflict: "115 Wendel Road, Concord, VT" Fuzzy match to "115 Wendel Road, , VT" -->
    <tag k="addr:city" v="Concord"/>
    <tag k="addr:housenumber" v="115"/>
    <tag k="addr:street" v="Wendel Road"/>
    <tag k="addr:state" v="VT"/>
    <tag k="ref:vcgi:esiteid" v="655609"/>
  </node>
  <node id="-1057" visible="true" lat="44.459542155057" lon="-71.867156330198">
    <!-- conflict: "116 Wendel Road, Concord, VT" Fuzzy match to "116 Wendel Road, , VT" -->
    <tag k="addr:city" v="Concord"/>
    <tag k="addr:housenumber" v="116"/>
    <tag k="addr:street" v="Wendel Road"/>
    <tag k="addr:state" v="VT"/>
    <tag k="ref:vcgi:esiteid" v="655610"/>
  </node>
  <node id="-1058" visible="true" lat="44.459720314031" lon="-71.867079600667">
    <!-- conflict: "117 Wendel Road, Concord, VT" Fuzzy match to "117 Wendel Road, , VT" -->
    <tag k="addr:city" v="Concord"/>
    <tag k="addr:housenumber" v="117"/>
    <tag k="addr:street" v="Wendel Road"/>
    <tag k="addr:state" v="VT"/>
    <tag k="ref:vcgi:esiteid" v="655611"/>
  </node>
  <node id="-1059" visible="true" lat="44.458700328915" lon="-71.867998244066">
    <!-- conflict: "201 Wendel Road, Concord, VT" Fuzzy match to "201 Wendel Road, , VT" -->
    <tag k="addr:city" v="Concord"/>
    <tag k="addr:housenumber" v="201"/>
    <tag k="addr:street" v="Wendel Road"/>
    <tag k="addr:state" v="VT"/>
    <tag k="ref:vcgi:esiteid" v="655612"/>
  </node>
  <node id="-1060" visible="true" lat="44.458813898172" lon="-71.867867357718">
    <!-- conflict: "202 Wendel Road, Concord, VT" Fuzzy match to "202 Wendel Road, , VT" -->
    <tag k="addr:city" v="Concord"/>
    <tag k="addr:housenumber" v="202"/>
    <tag k="addr:street" v="Wendel Road"/>
    <tag k="addr:state" v="VT"/>
    <tag k="ref:vcgi:esiteid" v="655613"/>
  </node>
  <node id="-1061" visible="true" lat="44.458924088814" lon="-71.867771415696">
    <!-- conflict: "203 Wendel Road, Concord, VT" Fuzzy match to "203 Wendel Road, , VT" -->
    <tag k="addr:city" v="Concord"/>
    <tag k="addr:housenumber" v="203"/>
    <tag k="addr:street" v="Wendel Road"/>
    <tag k="addr:state" v="VT"/>
    <tag k="ref:vcgi:esiteid" v="655614"/>
  </node>
  <node id="-1062" visible="true" lat="44.459045270502" lon="-71.867725226228">
    <!-- conflict: "204 Wendel Road, Concord, VT" Fuzzy match to "204 Wendel Road, , VT" -->
    <tag k="addr:city" v="Concord"/>
    <tag k="addr:housenumber" v="204"/>
    <tag k="addr:street" v="Wendel Road"/>
    <tag k="addr:state" v="VT"/>
    <tag k="ref:vcgi:esiteid" v="655615"/>
  </node>
  <node id="-1063" visible="true" lat="44.459176807403" lon="-71.86761409253">
    <!-- conflict: "205 Wendel Road, Concord, VT" Fuzzy match to "205 Wendel Road, , VT" -->
    <tag k="addr:city" v="Concord"/>
    <tag k="addr:housenumber" v="205"/>
    <tag k="addr:street" v="Wendel Road"/>
    <tag k="addr:state" v="VT"/>
    <tag k="ref:vcgi:esiteid" v="655616"/>
  </node>
  <node id="-1064" visible="true" lat="44.459354939091" lon="-71.867532377869">
    <!-- conflict: "206 Wendel Road, Concord, VT" Fuzzy match to "206 Wendel Road, , VT" -->
    <tag k="addr:city" v="Concord"/>
    <tag k="addr:housenumber" v="206"/>
    <tag k="addr:street" v="Wendel Road"/>
    <tag k="addr:state" v="VT"/>
    <tag k="ref:vcgi:esiteid" v="655617"/>
  </node>
  <node id="-1065" visible="true" lat="44.459468811588" lon="-71.867456342574">
    <!-- conflict: "207 Wendel Road, Concord, VT" Fuzzy match to "207 Wendel Road, , VT" -->
    <tag k="addr:city" v="Concord"/>
    <tag k="addr:housenumber" v="207"/>
    <tag k="addr:street" v="Wendel Road"/>
    <tag k="addr:state" v="VT"/>
    <tag k="ref:vcgi:esiteid" v="655618"/>
  </node>
  <node id="-1066" visible="true" lat="44.459582932615" lon="-71.867425188972">
    <!-- conflict: "208 Wendel Road, Concord, VT" Fuzzy match to "208 Wendel Road, , VT" -->
    <tag k="addr:city" v="Concord"/>
    <tag k="addr:housenumber" v="208"/>
    <tag k="addr:street" v="Wendel Road"/>
    <tag k="addr:state" v="VT"/>
    <tag k="ref:vcgi:esiteid" v="655619"/>
  </node>
  <node id="-1067" visible="true" lat="44.459711091773" lon="-71.867348998888">
    <!-- conflict: "209 Wendel Road, Concord, VT" Fuzzy match to "209 Wendel Road, , VT" -->
    <tag k="addr:city" v="Concord"/>
    <tag k="addr:housenumber" v="209"/>
    <tag k="addr:street" v="Wendel Road"/>
    <tag k="addr:state" v="VT"/>
    <tag k="ref:vcgi:esiteid" v="655620"/>
  </node>
  <node id="-1068" visible="true" lat="44.460011702056" lon="-71.867455468304">
    <!-- conflict: "215 Wendel Road, Concord, VT" Fuzzy match to "215 Wendel Road, , VT" -->
    <tag k="addr:city" v="Concord"/>
    <tag k="addr:housenumber" v="215"/>
    <tag k="addr:street" v="Wendel Road"/>
    <tag k="addr:state" v="VT"/>
    <tag k="ref:vcgi:esiteid" v="655621"/>
  </node>
  <node id="-1069" visible="true" lat="44.460133325462" lon="-71.86748906421">
    <!-- conflict: "214 Wendel Road, Concord, VT" Fuzzy match to "214 Wendel Road, , VT" -->
    <tag k="addr:city" v="Concord"/>
    <tag k="addr:housenumber" v="214"/>
    <tag k="addr:street" v="Wendel Road"/>
    <tag k="addr:state" v="VT"/>
    <tag k="ref:vcgi:esiteid" v="655622"/>
  </node>
  <node id="-1070" visible="true" lat="44.460272613074" lon="-71.867487560369">
    <!-- conflict: "213 Wendel Road, Concord, VT" Fuzzy match to "213 Wendel Road, , VT" -->
    <tag k="addr:city" v="Concord"/>
    <tag k="addr:housenumber" v="213"/>
    <tag k="addr:street" v="Wendel Road"/>
    <tag k="addr:state" v="VT"/>
    <tag k="ref:vcgi:esiteid" v="655623"/>
  </node>
  <node id="-1071" visible="true" lat="44.460264309638" lon="-71.867278193722">
    <!-- conflict: "212 Wendel Road, Concord, VT" Fuzzy match to "212 Wendel Road, , VT" -->
    <tag k="addr:city" v="Concord"/>
    <tag k="addr:housenumber" v="212"/>
    <tag k="addr:street" v="Wendel Road"/>
    <tag k="addr:state" v="VT"/>
    <tag k="ref:vcgi:esiteid" v="655624"/>
  </node>
  <node id="-1072" visible="true" lat="44.46005353848" lon="-71.867270495363">
    <!-- conflict: "211 Wendel Road, Concord, VT" Fuzzy match to "211 Wendel Road, , VT" -->
    <tag k="addr:city" v="Concord"/>
    <tag k="addr:housenumber" v="211"/>
    <tag k="addr:street" v="Wendel Road"/>
    <tag k="addr:state" v="VT"/>
    <tag k="ref:vcgi:esiteid" v="655625"/>
  </node>
  <node id="-1073" visible="true" lat="44.459942739672" lon="-71.867256731209">
    <!-- conflict: "210 Wendel Road, Concord, VT" Fuzzy match to "210 Wendel Road, , VT" -->
    <tag k="addr:city" v="Concord"/>
    <tag k="addr:housenumber" v="210"/>
    <tag k="addr:street" v="Wendel Road"/>
    <tag k="addr:state" v="VT"/>
    <tag k="ref:vcgi:esiteid" v="655626"/>
  </node>
  <node id="-1074" visible="true" lat="44.459901346028" lon="-71.867521491649">
    <!-- conflict: "216 Wendel Road, Concord, VT" Fuzzy match to "216 Wendel Road, , VT" -->
    <tag k="addr:city" v="Concord"/>
    <tag k="addr:housenumber" v="216"/>
    <tag k="addr:street" v="Wendel Road"/>
    <tag k="addr:state" v="VT"/>
    <tag k="ref:vcgi:esiteid" v="655627"/>
  </node>
  <node id="-1075" visible="true" lat="44.469528624753" lon="-71.859338039734">
    <!-- conflict: "159 Victory Road, North Concord, VT" Fuzzy match to "159 Victory Road, , VT" -->
    <tag k="addr:city" v="North Concord"/>
    <tag k="addr:housenumber" v="159"/>
    <tag k="addr:street" v="Victory Road"/>
    <tag k="addr:state" v="VT"/>
    <tag k="ref:vcgi:esiteid" v="655811"/>
  </node>
  <node id="-1076" visible="true" lat="44.376981588774" lon="-71.844809208254">
    <!-- conflict: "2591 Leclair Road, Concord, VT" Fuzzy match to "2591 Leclair Road, , VT" -->
    <tag k="addr:city" v="Concord"/>
    <tag k="addr:housenumber" v="2591"/>
    <tag k="addr:street" v="Leclair Road"/>
    <tag k="addr:state" v="VT"/>
    <tag k="ref:vcgi:esiteid" v="655812"/>
  </node>
  <node id="-1077" visible="true" lat="44.45408689411" lon="-71.869543014499">
    <!-- conflict: "44 Wendel Road, Concord, VT" Fuzzy match to "44 Wendel Road, , VT" -->
    <tag k="addr:city" v="Concord"/>
    <tag k="addr:housenumber" v="44"/>
    <tag k="addr:street" v="Wendel Road"/>
    <tag k="addr:state" v="VT"/>
    <tag k="ref:vcgi:esiteid" v="753522"/>
  </node>
  <node id="-1078" visible="true" lat="44.420591434383" lon="-71.753264234732">
    <!-- conflict: "170 Cozy Nook Road, Lunenburg, VT" Fuzzy match to "170 Cozy Nook Road, , VT" -->
    <tag k="addr:city" v="Lunenburg"/>
    <tag k="addr:housenumber" v="170"/>
    <tag k="addr:street" v="Cozy Nook Road"/>
    <tag k="addr:state" v="VT"/>
    <tag k="ref:vcgi:esiteid" v="754677"/>
  </node>
  <node id="-1079" visible="true" lat="44.376000475352" lon="-71.848833815838">
    <!-- conflict: "2760 Leclair Road, Concord, VT" Fuzzy match to "2760 Leclair Road, , VT" -->
    <tag k="addr:city" v="Concord"/>
    <tag k="addr:housenumber" v="2760"/>
    <tag k="addr:street" v="Leclair Road"/>
    <tag k="addr:state" v="VT"/>
    <tag k="ref:vcgi:esiteid" v="755548"/>
  </node>
  <node id="-1088" visible="true" lat="44.404129641135" lon="-71.852553191211">
    <!-- conflict: "273 Stagecoach Road, Concord, VT" Fuzzy match to "273 Stagecoach Road, , VT" -->
    <tag k="addr:city" v="Concord"/>
    <tag k="addr:housenumber" v="273"/>
    <tag k="addr:street" v="Stagecoach Road"/>
    <tag k="addr:state" v="VT"/>
    <tag k="ref:vcgi:esiteid" v="756391"/>
  </node>
  <node id="-1089" visible="true" lat="44.443687422556" lon="-71.876735855109">
    <!-- conflict: "226 East Main Street, Concord, VT" Fuzzy match to "226 East Main Street, , VT" -->
    <tag k="addr:city" v="Concord"/>
    <tag k="addr:housenumber" v="226"/>
    <tag k="addr:street" v="East Main Street"/>
    <tag k="addr:state" v="VT"/>
    <tag k="ref:vcgi:esiteid" v="756643"/>
  </node>
  <node id="-1090" visible="true" lat="44.450365553689" lon="-71.804065535834">
    <!-- conflict: "8 Beach Drive, North Concord, VT" Fuzzy match to "8 Beach Drive, , VT" -->
    <tag k="addr:city" v="North Concord"/>
    <tag k="addr:housenumber" v="8"/>
    <tag k="addr:street" v="Beach Drive"/>
    <tag k="addr:state" v="VT"/>
    <tag k="ref:vcgi:esiteid" v="759493"/>
  </node>
  <node id="-1091" visible="true" lat="44.420832311099" lon="-71.883817870122">
    <!-- conflict: "231 Sy Lewis Mountain Road, Concord, VT" Fuzzy match to "231 Sy Lewis Mountain Road, , VT" -->
    <tag k="addr:city" v="Concord"/>
    <tag k="addr:housenumber" v="231"/>
    <tag k="addr:street" v="Sy Lewis Mountain Road"/>
    <tag k="addr:state" v="VT"/>
    <tag k="ref:vcgi:esiteid" v="760157"/>
  </node>
  <node id="-1092" visible="true" lat="44.432336047811" lon="-71.859535397416">
    <!-- conflict: "6 Goudreault Hill Road, Concord, VT" Fuzzy match to "6 Goudreault Hill Road, , VT" -->
    <tag k="addr:city" v="Concord"/>
    <tag k="addr:housenumber" v="6"/>
    <tag k="addr:street" v="Goudreault Hill Road"/>
    <tag k="addr:state" v="VT"/>
    <tag k="ref:vcgi:esiteid" v="760158"/>
  </node>
  <node id="-1093" visible="true" lat="44.376967478203" lon="-71.850346742771">
    <!-- conflict: "299 Grist Mill Pit Road, Concord, VT" Fuzzy match to "299 Grist Mill Pit Road, , VT" -->
    <tag k="addr:city" v="Concord"/>
    <tag k="addr:housenumber" v="299"/>
    <tag k="addr:street" v="Grist Mill Pit Road"/>
    <tag k="addr:state" v="VT"/>
    <tag k="ref:vcgi:esiteid" v="760159"/>
  </node>
  <node id="-1094" visible="true" lat="44.485114782732" lon="-71.864964194183">
    <!-- conflict: "1372 Victory Road, North Concord, VT" Fuzzy match to "1372 Victory Road, , VT" -->
    <tag k="addr:city" v="North Concord"/>
    <tag k="addr:housenumber" v="1372"/>
    <tag k="addr:street" v="Victory Road"/>
    <tag k="addr:state" v="VT"/>
    <tag k="ref:vcgi:esiteid" v="760536"/>
  </node>
  <node id="-1095" visible="true" lat="44.391585605871" lon="-71.867038858873">
    <!-- conflict: "160 Beede Road, Concord, VT" Fuzzy match to "160 Beede Road, , VT" -->
    <tag k="addr:city" v="Concord"/>
    <tag k="addr:housenumber" v="160"/>
    <tag k="addr:street" v="Beede Road"/>
    <tag k="addr:state" v="VT"/>
    <tag k="ref:vcgi:esiteid" v="760719"/>
  </node>
  <node id="-1096" visible="true" lat="44.461902233525" lon="-71.773853070871">
    <!-- conflict: "236 Oregon Road, Lunenburg, VT" Fuzzy match to "236 Oregon Road, , VT" -->
    <tag k="addr:city" v="Lunenburg"/>
    <tag k="addr:housenumber" v="236"/>
    <tag k="addr:street" v="Oregon Road"/>
    <tag k="addr:state" v="VT"/>
    <tag k="ref:vcgi:esiteid" v="760720"/>
  </node>
  <node id="-1097" visible="true" lat="44.465361221678" lon="-71.774330513653">
    <!-- conflict: "1425 East Concord Road, North Concord, VT" Fuzzy match to "1425 East Concord Road, , VT" -->
    <tag k="addr:city" v="North Concord"/>
    <tag k="addr:housenumber" v="1425"/>
    <tag k="addr:street" v="East Concord Road"/>
    <tag k="addr:state" v="VT"/>
    <tag k="ref:vcgi:esiteid" v="761268"/>
  </node>
  <node id="-1098" visible="true" lat="44.42394085968" lon="-71.79702286189">
    <!-- conflict: "2227 Leonard Hill Road, Concord, VT" Fuzzy match to "2227 Leonard Hill Road, , VT" -->
    <tag k="addr:city" v="Concord"/>
    <tag k="addr:housenumber" v="2227"/>
    <tag k="addr:street" v="Leonard Hill Road"/>
    <tag k="addr:state" v="VT"/>
    <tag k="ref:vcgi:esiteid" v="761269"/>
  </node>
  <node id="-1099" visible="true" lat="44.433685426639" lon="-71.833300491376">
    <!-- conflict: "263 Streeter Road, Concord, VT" Fuzzy match to "263 Streeter Road, , VT" -->
    <tag k="addr:city" v="Concord"/>
    <tag k="addr:housenumber" v="263"/>
    <tag k="addr:street" v="Streeter Road"/>
    <tag k="addr:state" v="VT"/>
    <tag k="ref:vcgi:esiteid" v="761270"/>
  </node>
  <node id="-1100" visible="true" lat="44.378857642837" lon="-71.845864304908">
    <!-- conflict: "125 Range Road, Concord, VT" Fuzzy match to "125 Range Road, , VT" -->
    <tag k="addr:city" v="Concord"/>
    <tag k="addr:housenumber" v="125"/>
    <tag k="addr:street" v="Range Road"/>
    <tag k="addr:state" v="VT"/>
    <tag k="ref:vcgi:esiteid" v="761286"/>
  </node>
  <node id="-1101" visible="true" lat="44.441063720767" lon="-71.762980286013">
    <!-- conflict: "1808 Oregon Road, Lunenburg, VT" Fuzzy match to "1808 Oregon Road, , VT" -->
    <tag k="addr:city" v="Lunenburg"/>
    <tag k="addr:housenumber" v="1808"/>
    <tag k="addr:street" v="Oregon Road"/>
    <tag k="addr:state" v="VT"/>
    <tag k="ref:vcgi:esiteid" v="761568"/>
  </node>
  <node id="-1102" visible="true" lat="44.441623575969" lon="-71.764101133599">
    <!-- conflict: "1720 Oregon Road, Lunenburg, VT" Fuzzy match to "1720 Oregon Road, , VT" -->
    <tag k="addr:city" v="Lunenburg"/>
    <tag k="addr:housenumber" v="1720"/>
    <tag k="addr:street" v="Oregon Road"/>
    <tag k="addr:state" v="VT"/>
    <tag k="ref:vcgi:esiteid" v="761641"/>
  </node>
  <node id="-1103" visible="true" lat="44.421633550066" lon="-71.75042717224">
    <!-- conflict: "3390 Oregon Road, Lunenburg, VT" Fuzzy match to "3390 Oregon Road, , VT" -->
    <tag k="addr:city" v="Lunenburg"/>
    <tag k="addr:housenumber" v="3390"/>
    <tag k="addr:street" v="Oregon Road"/>
    <tag k="addr:state" v="VT"/>
    <tag k="ref:vcgi:esiteid" v="761957"/>
  </node>
  <node id="-1104" visible="true" lat="44.404442925859" lon="-71.74928157901">
    <!-- conflict: "400 Walker Pit Road, Lunenburg, VT" Fuzzy match to "400 Walker Pit Road, , VT" -->
    <tag k="addr:city" v="Lunenburg"/>
    <tag k="addr:housenumber" v="400"/>
    <tag k="addr:street" v="Walker Pit Road"/>
    <tag k="addr:state" v="VT"/>
    <tag k="ref:vcgi:esiteid" v="761958"/>
  </node>
  <node id="-1105" visible="true" lat="44.458399340664" lon="-71.866294264149">
    <!-- conflict: "237 North Concord Road, North Concord, VT" Fuzzy match to "237 North Concord Road, , VT" -->
    <tag k="addr:city" v="North Concord"/>
    <tag k="addr:housenumber" v="237"/>
    <tag k="addr:street" v="North Concord Road"/>
    <tag k="addr:state" v="VT"/>
    <tag k="ref:vcgi:esiteid" v="762317"/>
  </node>
  <node id="-1106" visible="true" lat="44.405230382483" lon="-71.843941898579">
    <!-- conflict: "578 Johnson Road, Concord, VT" Fuzzy match to "578 Johnson Road, , VT" -->
    <tag k="addr:city" v="Concord"/>
    <tag k="addr:housenumber" v="578"/>
    <tag k="addr:street" v="Johnson Road"/>
    <tag k="addr:state" v="VT"/>
    <tag k="ref:vcgi:esiteid" v="763088"/>
  </node>
  <node id="-1107" visible="true" lat="44.406451642047" lon="-71.843864654145">
    <!-- conflict: "525 Johnson Road, Concord, VT" Fuzzy match to "525 Johnson Road, , VT" -->
    <tag k="addr:city" v="Concord"/>
    <tag k="addr:housenumber" v="525"/>
    <tag k="addr:street" v="Johnson Road"/>
    <tag k="addr:state" v="VT"/>
    <tag k="ref:vcgi:esiteid" v="763089"/>
  </node>
  <node id="-1110" visible="true" lat="44.377472666793" lon="-71.83738294228">
    <!-- conflict: "2199 Leclair Road, Concord, VT" Fuzzy match to "2199 Leclair Road, , VT" -->
    <tag k="addr:city" v="Concord"/>
    <tag k="addr:housenumber" v="2199"/>
    <tag k="addr:street" v="Leclair Road"/>
    <tag k="addr:state" v="VT"/>
    <tag k="ref:vcgi:esiteid" v="763092"/>
  </node>
  <node id="-1111" visible="true" lat="44.426630108225" lon="-71.907535490038">
    <!-- conflict: "31 Privacy Lane, Concord, VT" Fuzzy match to "31 Privacy Lane, , VT" -->
    <tag k="addr:city" v="Concord"/>
    <tag k="addr:housenumber" v="31"/>
    <tag k="addr:street" v="Privacy Lane"/>
    <tag k="addr:state" v="VT"/>
    <tag k="ref:vcgi:esiteid" v="763312"/>
  </node>
  <node id="-1112" visible="true" lat="44.376184554517" lon="-71.855308684669">
    <!-- conflict: "5128 Shadow Lake Road, Concord, VT" Fuzzy match to "5128 Shadow Lake Road, , VT" -->
    <tag k="addr:city" v="Concord"/>
    <tag k="addr:housenumber" v="5128"/>
    <tag k="addr:street" v="Shadow Lake Road"/>
    <tag k="addr:state" v="VT"/>
    <tag k="ref:vcgi:esiteid" v="763313"/>
  </node>
  <node id="-1113" visible="true" lat="44.374774219597" lon="-71.85152092087">
    <!-- conflict: "5145 Shadow Lake Road, Concord, VT" Fuzzy match to "5145 Shadow Lake Road, , VT" -->
    <tag k="addr:city" v="Concord"/>
    <tag k="addr:housenumber" v="5145"/>
    <tag k="addr:street" v="Shadow Lake Road"/>
    <tag k="addr:state" v="VT"/>
    <tag k="ref:vcgi:esiteid" v="763314"/>
  </node>
  <node id="-1114" visible="true" lat="44.420230951264" lon="-71.8081166245">
    <!-- conflict: "2779 Leonard Hill Road, Concord, VT" Fuzzy match to "2779 Leonard Hill Road, , VT" -->
    <tag k="addr:city" v="Concord"/>
    <tag k="addr:housenumber" v="2779"/>
    <tag k="addr:street" v="Leonard Hill Road"/>
    <tag k="addr:state" v="VT"/>
    <tag k="ref:vcgi:esiteid" v="763701"/>
  </node>
  <node id="-1115" visible="true" lat="44.373970808038" lon="-71.854599709466">
    <!-- conflict: "5260 Shadow Lake Road, Concord, VT" Fuzzy match to "5260 Shadow Lake Road, , VT" -->
    <tag k="addr:city" v="Concord"/>
    <tag k="addr:housenumber" v="5260"/>
    <tag k="addr:street" v="Shadow Lake Road"/>
    <tag k="addr:state" v="VT"/>
    <tag k="ref:vcgi:esiteid" v="763702"/>
  </node>
  <node id="-1116" visible="true" lat="44.402287996792" lon="-71.868394369746">
    <!-- conflict: "3062 Shadow Lake Road, Concord, VT" Fuzzy match to "3062 Shadow Lake Road, , VT" -->
    <tag k="addr:city" v="Concord"/>
    <tag k="addr:housenumber" v="3062"/>
    <tag k="addr:street" v="Shadow Lake Road"/>
    <tag k="addr:state" v="VT"/>
    <tag k="ref:vcgi:esiteid" v="763858"/>
  </node>
  <node id="-1117" visible="true" lat="44.423636053935" lon="-71.888361582925">
    <!-- conflict: "424 Shadow Lake Road, Concord, VT" Fuzzy match to "424 Shadow Lake Road, , VT" -->
    <tag k="addr:city" v="Concord"/>
    <tag k="addr:housenumber" v="424"/>
    <tag k="addr:street" v="Shadow Lake Road"/>
    <tag k="addr:state" v="VT"/>
    <tag k="ref:vcgi:esiteid" v="766193"/>
  </node>
  <node id="-1118" visible="true" lat="44.450657066529" lon="-71.816600110996">
    <!-- conflict: "560 Miles Pond Road, North Concord, VT" Fuzzy match to "560 Miles Pond Road, , VT" -->
    <tag k="addr:city" v="North Concord"/>
    <tag k="addr:housenumber" v="560"/>
    <tag k="addr:street" v="Miles Pond Road"/>
    <tag k="addr:state" v="VT"/>
    <tag k="ref:vcgi:esiteid" v="766510"/>
  </node>
  <node id="-1119" visible="true" lat="44.445974040479" lon="-71.76608310699">
    <!-- conflict: "1420 Oregon Road, Lunenburg, VT" Fuzzy match to "1420 Oregon Road, , VT" -->
    <tag k="addr:city" v="Lunenburg"/>
    <tag k="addr:housenumber" v="1420"/>
    <tag k="addr:street" v="Oregon Road"/>
    <tag k="addr:state" v="VT"/>
    <tag k="ref:vcgi:esiteid" v="767093"/>
  </node>
  <node id="-1120" visible="true" lat="44.453968364658" lon="-71.884073737279">
    <!-- conflict: "735 Brook Road, Concord, VT" Fuzzy match to "735 Brook Road, , VT" -->
    <tag k="addr:city" v="Concord"/>
    <tag k="addr:housenumber" v="735"/>
    <tag k="addr:street" v="Brook Road"/>
    <tag k="addr:state" v="VT"/>
    <tag k="ref:vcgi:esiteid" v="767796"/>
  </node>
  <node id="-1121" visible="true" lat="44.406258713596" lon="-71.880864946239">
    <!-- conflict: "1891 Shadow Lake Road, Concord, VT" Fuzzy match to "1891 Shadow Lake Road, , VT" -->
    <tag k="addr:city" v="Concord"/>
    <tag k="addr:housenumber" v="1891"/>
    <tag k="addr:street" v="Shadow Lake Road"/>
    <tag k="addr:state" v="VT"/>
    <tag k="ref:vcgi:esiteid" v="771464"/>
  </node>
  <node id="-1124" visible="true" lat="44.403284547046" lon="-71.825386142187">
    <!-- conflict: "1555 Johnson Road, Concord, VT" Fuzzy match to "1555 Johnson Road, , VT" -->
    <tag k="addr:city" v="Concord"/>
    <tag k="addr:housenumber" v="1555"/>
    <tag k="addr:street" v="Johnson Road"/>
    <tag k="addr:state" v="VT"/>
    <tag k="ref:vcgi:esiteid" v="771790"/>
  </node>
  <node id="-1126" visible="true" lat="44.391996318498" lon="-71.827012248182">
    <!-- conflict: "457 Cutting Road, Concord, VT" Fuzzy match to "457 Cutting Road, , VT" -->
    <tag k="addr:city" v="Concord"/>
    <tag k="addr:housenumber" v="457"/>
    <tag k="addr:street" v="Cutting Road"/>
    <tag k="addr:state" v="VT"/>
    <tag k="ref:vcgi:esiteid" v="772295"/>
  </node>
  <node id="-1133" visible="true" lat="44.425800971416" lon="-71.874259438049">
    <!-- conflict: "451 Long Hill Road, Concord, VT" Fuzzy match to "451 Long Hill Road, , VT" -->
    <tag k="addr:city" v="Concord"/>
    <tag k="addr:housenumber" v="451"/>
    <tag k="addr:street" v="Long Hill Road"/>
    <tag k="addr:state" v="VT"/>
    <tag k="ref:vcgi:esiteid" v="800041"/>
  </node>
  <node id="-1134" visible="true" lat="44.401631266751" lon="-71.859018081333">
    <!-- conflict: "120 Mitchell Road, Concord, VT" Fuzzy match to "120 Mitchell Road, , VT" -->
    <tag k="addr:city" v="Concord"/>
    <tag k="addr:housenumber" v="120"/>
    <tag k="addr:street" v="Mitchell Road"/>
    <tag k="addr:state" v="VT"/>
    <tag k="ref:vcgi:esiteid" v="800108"/>
  </node>
  <node id="-1135" visible="true" lat="44.425486303915" lon="-71.752974610984">
    <!-- conflict: "3042 Oregon Road, Lunenburg, VT" Fuzzy match to "3042 Oregon Road, , VT" -->
    <tag k="addr:city" v="Lunenburg"/>
    <tag k="addr:housenumber" v="3042"/>
    <tag k="addr:street" v="Oregon Road"/>
    <tag k="addr:state" v="VT"/>
    <tag k="ref:vcgi:esiteid" v="1050774"/>
  </node>
  <node id="-1136" visible="true" lat="44.446043319173" lon="-71.796227159462">
    <!-- conflict: "93 Campers Lane, North Concord, VT" Fuzzy match to "93 Campers Lane, , VT" -->
    <tag k="addr:city" v="North Concord"/>
    <tag k="addr:housenumber" v="93"/>
    <tag k="addr:street" v="Campers Lane"/>
    <tag k="addr:state" v="VT"/>
    <tag k="ref:vcgi:esiteid" v="1050775"/>
  </node>
  <node id="-1137" visible="true" lat="44.464905816357" lon="-71.775008581947">
    <!-- conflict: "15 Oregon Road, North Concord, VT" Fuzzy match to "15 Oregon Road, , VT" -->
    <tag k="addr:city" v="North Concord"/>
    <tag k="addr:housenumber" v="15"/>
    <tag k="addr:street" v="Oregon Road"/>
    <tag k="addr:state" v="VT"/>
    <tag k="ref:vcgi:esiteid" v="1050776"/>
  </node>
  <node id="-1138" visible="true" lat="44.46283266489" lon="-71.833775528422">
    <!-- conflict: "2389 North Concord Road, North Concord, VT" Fuzzy match to "2389 North Concord Road, , VT" -->
    <tag k="addr:city" v="North Concord"/>
    <tag k="addr:housenumber" v="2389"/>
    <tag k="addr:street" v="North Concord Road"/>
    <tag k="addr:state" v="VT"/>
    <tag k="ref:vcgi:esiteid" v="1050777"/>
  </node>
  <node id="-1139" visible="true" lat="44.469654039902" lon="-71.856640995224">
    <!-- conflict: "34 Victory Road, North Concord, VT" Fuzzy match to "34 Victory Road, , VT" -->
    <tag k="addr:city" v="North Concord"/>
    <tag k="addr:housenumber" v="34"/>
    <tag k="addr:street" v="Victory Road"/>
    <tag k="addr:state" v="VT"/>
    <tag k="ref:vcgi:esiteid" v="1050778"/>
  </node>
  <node id="-1140" visible="true" lat="44.428285083172" lon="-71.893187319321">
    <!-- conflict: "2519 Cross Road, Concord, VT" Fuzzy match to "2519 Cross Road, , VT" -->
    <tag k="addr:city" v="Concord"/>
    <tag k="addr:housenumber" v="2519"/>
    <tag k="addr:street" v="Cross Road"/>
    <tag k="addr:state" v="VT"/>
    <tag k="ref:vcgi:esiteid" v="1050779"/>
  </node>
  <node id="-1141" visible="true" lat="44.406097562923" lon="-71.86922018865">
    <!-- conflict: "2625 Shadow Lake Road, Concord, VT" Fuzzy match to "2625 Shadow Lake Road, , VT" -->
    <tag k="addr:city" v="Concord"/>
    <tag k="addr:housenumber" v="2625"/>
    <tag k="addr:street" v="Shadow Lake Road"/>
    <tag k="addr:state" v="VT"/>
    <tag k="ref:vcgi:esiteid" v="1050780"/>
  </node>
  <node id="-1143" visible="true" lat="44.374155335364" lon="-71.849065269477">
    <!-- conflict: "462 Grist Mill Pit Road, Concord, VT" Fuzzy match to "462 Grist Mill Pit Road, , VT" -->
    <tag k="addr:city" v="Concord"/>
    <tag k="addr:housenumber" v="462"/>
    <tag k="addr:street" v="Grist Mill Pit Road"/>
    <tag k="addr:state" v="VT"/>
    <tag k="ref:vcgi:esiteid" v="1051109"/>
  </node>
  <node id="-1145" visible="true" lat="44.425403256477" lon="-71.891523013827">
    <!-- conflict: "189 Prospect Street, Concord, VT" Fuzzy match to "189 Prospect Street, , VT" -->
    <tag k="addr:city" v="Concord"/>
    <tag k="addr:housenumber" v="189"/>
    <tag k="addr:street" v="Prospect Street"/>
    <tag k="addr:state" v="VT"/>
    <tag k="ref:vcgi:esiteid" v="1051805"/>
  </node>
</osm>
