<?xml version="1.0" encoding="UTF-8"?>
<osm version="0.6" generator="JOSM" upload="false">
  <node id="-100" visible="true" lat="43.20225828761" lon="-72.772645202088">
    <!-- conflict: "16 Mountain Side Condos Lane, Londonderry, VT" Fuzzy match to "16 Mountain Side Condos Lane, , VT" -->
    <tag k="addr:city" v="Londonderry"/>
    <tag k="addr:housenumber" v="16"/>
    <tag k="addr:street" v="Mountain Side Condos Lane"/>
    <tag k="addr:state" v="VT"/>
    <tag k="ref:vcgi:esiteid" v="4175"/>
  </node>
  <node id="-101" visible="true" lat="43.202250946278" lon="-72.772527967697">
    <!-- conflict: "20 Mountain Side Condos Lane, Londonderry, VT" Fuzzy match to "20 Mountain Side Condos Lane, , VT" -->
    <tag k="addr:city" v="Londonderry"/>
    <tag k="addr:housenumber" v="20"/>
    <tag k="addr:street" v="Mountain Side Condos Lane"/>
    <tag k="addr:state" v="VT"/>
    <tag k="ref:vcgi:esiteid" v="4197"/>
  </node>
  <node id="-102" visible="true" lat="43.202240109837" lon="-72.772277887984">
    <!-- conflict: "32 Mountain Side Condos Lane, Londonderry, VT" Fuzzy match to "32 Mountain Side Condos Lane, , VT" -->
    <tag k="addr:city" v="Londonderry"/>
    <tag k="addr:housenumber" v="32"/>
    <tag k="addr:street" v="Mountain Side Condos Lane"/>
    <tag k="addr:state" v="VT"/>
    <tag k="ref:vcgi:esiteid" v="4206"/>
  </node>
  <node id="-103" visible="true" lat="43.202491022478" lon="-72.772325233762">
    <!-- conflict: "39 Mountain Side Condos Lane, Londonderry, VT" Fuzzy match to "39 Mountain Side Condos Lane, , VT" -->
    <tag k="addr:city" v="Londonderry"/>
    <tag k="addr:housenumber" v="39"/>
    <tag k="addr:street" v="Mountain Side Condos Lane"/>
    <tag k="addr:state" v="VT"/>
    <tag k="ref:vcgi:esiteid" v="4207"/>
  </node>
  <node id="-104" visible="true" lat="43.202485093847" lon="-72.772214516884">
    <!-- conflict: "43 Mountain Side Condos Lane, Londonderry, VT" Fuzzy match to "43 Mountain Side Condos Lane, , VT" -->
    <tag k="addr:city" v="Londonderry"/>
    <tag k="addr:housenumber" v="43"/>
    <tag k="addr:street" v="Mountain Side Condos Lane"/>
    <tag k="addr:state" v="VT"/>
    <tag k="ref:vcgi:esiteid" v="4218"/>
  </node>
  <node id="-105" visible="true" lat="43.202574066388" lon="-72.772056689949">
    <!-- conflict: "53 Mountain Side Condos Lane, Londonderry, VT" Fuzzy match to "53 Mountain Side Condos Lane, , VT" -->
    <tag k="addr:city" v="Londonderry"/>
    <tag k="addr:housenumber" v="53"/>
    <tag k="addr:street" v="Mountain Side Condos Lane"/>
    <tag k="addr:state" v="VT"/>
    <tag k="ref:vcgi:esiteid" v="4254"/>
  </node>
  <node id="-106" visible="true" lat="43.202384597847" lon="-72.771809721481">
    <!-- conflict: "58 Mountain Side Condos Lane, Londonderry, VT" Fuzzy match to "58 Mountain Side Condos Lane, , VT" -->
    <tag k="addr:city" v="Londonderry"/>
    <tag k="addr:housenumber" v="58"/>
    <tag k="addr:street" v="Mountain Side Condos Lane"/>
    <tag k="addr:state" v="VT"/>
    <tag k="ref:vcgi:esiteid" v="4255"/>
  </node>
  <node id="-107" visible="true" lat="43.202447134695" lon="-72.771751399303">
    <!-- conflict: "64 Mountain Side Condos Lane, Londonderry, VT" Fuzzy match to "64 Mountain Side Condos Lane, , VT" -->
    <tag k="addr:city" v="Londonderry"/>
    <tag k="addr:housenumber" v="64"/>
    <tag k="addr:street" v="Mountain Side Condos Lane"/>
    <tag k="addr:state" v="VT"/>
    <tag k="ref:vcgi:esiteid" v="4302"/>
  </node>
  <node id="-108" visible="true" lat="43.202576559304" lon="-72.771608726061">
    <!-- conflict: "76 Mountain Side Condos Lane, Londonderry, VT" Fuzzy match to "76 Mountain Side Condos Lane, , VT" -->
    <tag k="addr:city" v="Londonderry"/>
    <tag k="addr:housenumber" v="76"/>
    <tag k="addr:street" v="Mountain Side Condos Lane"/>
    <tag k="addr:state" v="VT"/>
    <tag k="ref:vcgi:esiteid" v="4383"/>
  </node>
  <node id="-109" visible="true" lat="43.227054458527" lon="-72.807429344641">
    <!-- conflict: "5800 Vermont Route 100, Londonderry, VT" Fuzzy match to "5800 Vermont Route 100, , VT" -->
    <tag k="addr:city" v="Londonderry"/>
    <tag k="addr:housenumber" v="5800"/>
    <tag k="addr:street" v="Vermont Route 100"/>
    <tag k="addr:state" v="VT"/>
    <tag k="ref:vcgi:esiteid" v="73802"/>
  </node>
  <node id="-110" visible="true" lat="43.258640776012" lon="-72.848068760108">
    <!-- conflict: "10 Landgrove Road, Londonderry, VT" Fuzzy match to "10 Landgrove Road, Landgrove, VT" -->
    <tag k="addr:city" v="Londonderry"/>
    <tag k="addr:housenumber" v="10"/>
    <tag k="addr:street" v="Landgrove Road"/>
    <tag k="addr:state" v="VT"/>
    <tag k="ref:vcgi:esiteid" v="139277"/>
  </node>
  <node id="-113" visible="true" lat="43.256619652383" lon="-72.843537609811">
    <!-- conflict: "2276 Landgrove Road, Londonderry, VT" Fuzzy match to "2276 Landgrove Road, , VT" -->
    <tag k="addr:city" v="Londonderry"/>
    <tag k="addr:housenumber" v="2276"/>
    <tag k="addr:street" v="Landgrove Road"/>
    <tag k="addr:state" v="VT"/>
    <tag k="ref:vcgi:esiteid" v="140653"/>
  </node>
  <node id="-115" visible="true" lat="43.254441458249" lon="-72.845643322845">
    <!-- conflict: "1507 Reilly Road, Londonderry, VT" Fuzzy match to "1507 Reilly Road, , VT" -->
    <tag k="addr:city" v="Londonderry"/>
    <tag k="addr:housenumber" v="1507"/>
    <tag k="addr:street" v="Reilly Road"/>
    <tag k="addr:state" v="VT"/>
    <tag k="ref:vcgi:esiteid" v="140655"/>
  </node>
  <node id="-116" visible="true" lat="43.253827292482" lon="-72.841698925334">
    <!-- conflict: "1318 Reilly Road, Londonderry, VT" Fuzzy match to "1318 Reilly Road, , VT" -->
    <tag k="addr:city" v="Londonderry"/>
    <tag k="addr:housenumber" v="1318"/>
    <tag k="addr:street" v="Reilly Road"/>
    <tag k="addr:state" v="VT"/>
    <tag k="ref:vcgi:esiteid" v="140656"/>
  </node>
  <node id="-117" visible="true" lat="43.253247459134" lon="-72.836381236151">
    <!-- conflict: "1839 Landgrove Road, Londonderry, VT" Fuzzy match to "1839 Landgrove Road, , VT" -->
    <tag k="addr:city" v="Londonderry"/>
    <tag k="addr:housenumber" v="1839"/>
    <tag k="addr:street" v="Landgrove Road"/>
    <tag k="addr:state" v="VT"/>
    <tag k="ref:vcgi:esiteid" v="140657"/>
  </node>
  <node id="-118" visible="true" lat="43.253216940474" lon="-72.845383923824">
    <!-- conflict: "1379 Reilly Road, Londonderry, VT" Fuzzy match to "1379 Reilly Road, , VT" -->
    <tag k="addr:city" v="Londonderry"/>
    <tag k="addr:housenumber" v="1379"/>
    <tag k="addr:street" v="Reilly Road"/>
    <tag k="addr:state" v="VT"/>
    <tag k="ref:vcgi:esiteid" v="140658"/>
  </node>
  <node id="-119" visible="true" lat="43.253171164152" lon="-72.843262951316">
    <!-- conflict: "1420 Reilly Road, Londonderry, VT" Fuzzy match to "1420 Reilly Road, , VT" -->
    <tag k="addr:city" v="Londonderry"/>
    <tag k="addr:housenumber" v="1420"/>
    <tag k="addr:street" v="Reilly Road"/>
    <tag k="addr:state" v="VT"/>
    <tag k="ref:vcgi:esiteid" v="140659"/>
  </node>
  <node id="-120" visible="true" lat="43.25231667221" lon="-72.817422182887">
    <!-- conflict: "150 Rinehart Road, Londonderry, VT" Fuzzy match to "150 Rinehart Road, , VT" -->
    <tag k="addr:city" v="Londonderry"/>
    <tag k="addr:housenumber" v="150"/>
    <tag k="addr:street" v="Rinehart Road"/>
    <tag k="addr:state" v="VT"/>
    <tag k="ref:vcgi:esiteid" v="140660"/>
  </node>
  <node id="-121" visible="true" lat="43.251698113742" lon="-72.804671585222">
    <!-- conflict: "1778 Hells Peak Road, Londonderry, VT" Fuzzy match to "1778 Hells Peak Road, , VT" -->
    <tag k="addr:city" v="Londonderry"/>
    <tag k="addr:housenumber" v="1778"/>
    <tag k="addr:street" v="Hells Peak Road"/>
    <tag k="addr:state" v="VT"/>
    <tag k="ref:vcgi:esiteid" v="140661"/>
  </node>
  <node id="-122" visible="true" lat="43.251319416821" lon="-72.807410581521">
    <!-- conflict: "1757 Hells Peak Road, Londonderry, VT" Fuzzy match to "1757 Hells Peak Road, , VT" -->
    <tag k="addr:city" v="Londonderry"/>
    <tag k="addr:housenumber" v="1757"/>
    <tag k="addr:street" v="Hells Peak Road"/>
    <tag k="addr:state" v="VT"/>
    <tag k="ref:vcgi:esiteid" v="140662"/>
  </node>
  <node id="-123" visible="true" lat="43.25094719496" lon="-72.834153449796">
    <!-- conflict: "1649 Landgrove Road, Londonderry, VT" Fuzzy match to "1649 Landgrove Road, , VT" -->
    <tag k="addr:city" v="Londonderry"/>
    <tag k="addr:housenumber" v="1649"/>
    <tag k="addr:street" v="Landgrove Road"/>
    <tag k="addr:state" v="VT"/>
    <tag k="ref:vcgi:esiteid" v="140663"/>
  </node>
  <node id="-124" visible="true" lat="43.251092096316" lon="-72.80190298649">
    <!-- conflict: "245 Hobart Road, Londonderry, VT" Fuzzy match to "245 Hobart Road, , VT" -->
    <tag k="addr:city" v="Londonderry"/>
    <tag k="addr:housenumber" v="245"/>
    <tag k="addr:street" v="Hobart Road"/>
    <tag k="addr:state" v="VT"/>
    <tag k="ref:vcgi:esiteid" v="140664"/>
  </node>
  <node id="-125" visible="true" lat="43.250054789442" lon="-72.8475490733">
    <!-- conflict: "486 Spruce Hill, Londonderry, VT" Fuzzy match to "486 Spruce Hill, , VT" -->
    <tag k="addr:city" v="Londonderry"/>
    <tag k="addr:housenumber" v="486"/>
    <tag k="addr:street" v="Spruce Hill"/>
    <tag k="addr:state" v="VT"/>
    <tag k="ref:vcgi:esiteid" v="140665"/>
  </node>
  <node id="-126" visible="true" lat="43.250260551285" lon="-72.804543760343">
    <!-- conflict: "1648 Hells Peak Road, Londonderry, VT" Fuzzy match to "1648 Hells Peak Road, , VT" -->
    <tag k="addr:city" v="Londonderry"/>
    <tag k="addr:housenumber" v="1648"/>
    <tag k="addr:street" v="Hells Peak Road"/>
    <tag k="addr:state" v="VT"/>
    <tag k="ref:vcgi:esiteid" v="140666"/>
  </node>
  <node id="-127" visible="true" lat="43.249728896523" lon="-72.841815211848">
    <!-- conflict: "1131 Reilly Road, Londonderry, VT" Fuzzy match to "1131 Reilly Road, , VT" -->
    <tag k="addr:city" v="Londonderry"/>
    <tag k="addr:housenumber" v="1131"/>
    <tag k="addr:street" v="Reilly Road"/>
    <tag k="addr:state" v="VT"/>
    <tag k="ref:vcgi:esiteid" v="140668"/>
  </node>
  <node id="-128" visible="true" lat="43.249646385459" lon="-72.802148131256">
    <!-- conflict: "182 Hobart Road, Londonderry, VT" Fuzzy match to "182 Hobart Road, , VT" -->
    <tag k="addr:city" v="Londonderry"/>
    <tag k="addr:housenumber" v="182"/>
    <tag k="addr:street" v="Hobart Road"/>
    <tag k="addr:state" v="VT"/>
    <tag k="ref:vcgi:esiteid" v="140669"/>
  </node>
  <node id="-129" visible="true" lat="43.249425131051" lon="-72.831422125509">
    <!-- conflict: "1473 Landgrove Road, Londonderry, VT" Fuzzy match to "1473 Landgrove Road, , VT" -->
    <tag k="addr:city" v="Londonderry"/>
    <tag k="addr:housenumber" v="1473"/>
    <tag k="addr:street" v="Landgrove Road"/>
    <tag k="addr:state" v="VT"/>
    <tag k="ref:vcgi:esiteid" v="140670"/>
  </node>
  <node id="-130" visible="true" lat="43.249276357779" lon="-72.830590522352">
    <!-- conflict: "1440 Landgrove Road, Londonderry, VT" Fuzzy match to "1440 Landgrove Road, , VT" -->
    <tag k="addr:city" v="Londonderry"/>
    <tag k="addr:housenumber" v="1440"/>
    <tag k="addr:street" v="Landgrove Road"/>
    <tag k="addr:state" v="VT"/>
    <tag k="ref:vcgi:esiteid" v="140671"/>
  </node>
  <node id="-131" visible="true" lat="43.248894889777" lon="-72.819115909777">
    <!-- conflict: "124 Vacation Lodges Road, Londonderry, VT" Fuzzy match to "124 Vacation Lodges Road, , VT" -->
    <tag k="addr:city" v="Londonderry"/>
    <tag k="addr:housenumber" v="124"/>
    <tag k="addr:street" v="Vacation Lodges Road"/>
    <tag k="addr:state" v="VT"/>
    <tag k="ref:vcgi:esiteid" v="140672"/>
  </node>
  <node id="-132" visible="true" lat="43.248737761795" lon="-72.847279423809">
    <!-- conflict: "563 Spruce Hill, Londonderry, VT" Fuzzy match to "563 Spruce Hill, , VT" -->
    <tag k="addr:city" v="Londonderry"/>
    <tag k="addr:housenumber" v="563"/>
    <tag k="addr:street" v="Spruce Hill"/>
    <tag k="addr:state" v="VT"/>
    <tag k="ref:vcgi:esiteid" v="140673"/>
  </node>
  <node id="-133" visible="true" lat="43.248731337166" lon="-72.817007559721">
    <!-- conflict: "2 Vacation Lodges Road, Londonderry, VT" Fuzzy match to "2 Vacation Lodges Road, , VT" -->
    <tag k="addr:city" v="Londonderry"/>
    <tag k="addr:housenumber" v="2"/>
    <tag k="addr:street" v="Vacation Lodges Road"/>
    <tag k="addr:state" v="VT"/>
    <tag k="ref:vcgi:esiteid" v="140674"/>
  </node>
  <node id="-134" visible="true" lat="43.248727042099" lon="-72.818085941167">
    <!-- conflict: "71 Vacation Lodges Road, Londonderry, VT" Fuzzy match to "71 Vacation Lodges Road, , VT" -->
    <tag k="addr:city" v="Londonderry"/>
    <tag k="addr:housenumber" v="71"/>
    <tag k="addr:street" v="Vacation Lodges Road"/>
    <tag k="addr:state" v="VT"/>
    <tag k="ref:vcgi:esiteid" v="140675"/>
  </node>
  <node id="-135" visible="true" lat="43.24846764144" lon="-72.840569773659">
    <!-- conflict: "1013 Reilly Road, Londonderry, VT" Fuzzy match to "1013 Reilly Road, , VT" -->
    <tag k="addr:city" v="Londonderry"/>
    <tag k="addr:housenumber" v="1013"/>
    <tag k="addr:street" v="Reilly Road"/>
    <tag k="addr:state" v="VT"/>
    <tag k="ref:vcgi:esiteid" v="140676"/>
  </node>
  <node id="-136" visible="true" lat="43.248353201607" lon="-72.81403473036">
    <!-- conflict: "152 Roberts Road, Londonderry, VT" Fuzzy match to "152 Roberts Road, , VT" -->
    <tag k="addr:city" v="Londonderry"/>
    <tag k="addr:housenumber" v="152"/>
    <tag k="addr:street" v="Roberts Road"/>
    <tag k="addr:state" v="VT"/>
    <tag k="ref:vcgi:esiteid" v="140677"/>
  </node>
  <node id="-137" visible="true" lat="43.248337942461" lon="-72.815400392715">
    <!-- conflict: "207 Roberts Road, Londonderry, VT" Fuzzy match to "207 Roberts Road, , VT" -->
    <tag k="addr:city" v="Londonderry"/>
    <tag k="addr:housenumber" v="207"/>
    <tag k="addr:street" v="Roberts Road"/>
    <tag k="addr:state" v="VT"/>
    <tag k="ref:vcgi:esiteid" v="140678"/>
  </node>
  <node id="-138" visible="true" lat="43.248261649877" lon="-72.818078311875">
    <!-- conflict: "183 Vacation Lodges Road, Londonderry, VT" Fuzzy match to "183 Vacation Lodges Road, , VT" -->
    <tag k="addr:city" v="Londonderry"/>
    <tag k="addr:housenumber" v="183"/>
    <tag k="addr:street" v="Vacation Lodges Road"/>
    <tag k="addr:state" v="VT"/>
    <tag k="ref:vcgi:esiteid" v="140679"/>
  </node>
  <node id="-139" visible="true" lat="43.248053169737" lon="-72.817584331839">
    <!-- conflict: "33 Vacation Lodges Road, Londonderry, VT" Fuzzy match to "33 Vacation Lodges Road, , VT" -->
    <tag k="addr:city" v="Londonderry"/>
    <tag k="addr:housenumber" v="33"/>
    <tag k="addr:street" v="Vacation Lodges Road"/>
    <tag k="addr:state" v="VT"/>
    <tag k="ref:vcgi:esiteid" v="140680"/>
  </node>
  <node id="-140" visible="true" lat="43.247887808998" lon="-72.829667365847">
    <!-- conflict: "1301 Landgrove Road, Londonderry, VT" Fuzzy match to "1301 Landgrove Road, , VT" -->
    <tag k="addr:city" v="Londonderry"/>
    <tag k="addr:housenumber" v="1301"/>
    <tag k="addr:street" v="Landgrove Road"/>
    <tag k="addr:state" v="VT"/>
    <tag k="ref:vcgi:esiteid" v="140681"/>
  </node>
  <node id="-141" visible="true" lat="43.24792214172" lon="-72.81668976087">
    <!-- conflict: "97 Rinehart Road, Londonderry, VT" Fuzzy match to "97 Rinehart Road, , VT" -->
    <tag k="addr:city" v="Londonderry"/>
    <tag k="addr:housenumber" v="97"/>
    <tag k="addr:street" v="Rinehart Road"/>
    <tag k="addr:state" v="VT"/>
    <tag k="ref:vcgi:esiteid" v="140682"/>
  </node>
  <node id="-142" visible="true" lat="43.247674185827" lon="-72.805474547262">
    <!-- conflict: "1491 Hells Peak Road, Londonderry, VT" Fuzzy match to "1491 Hells Peak Road, , VT" -->
    <tag k="addr:city" v="Londonderry"/>
    <tag k="addr:housenumber" v="1491"/>
    <tag k="addr:street" v="Hells Peak Road"/>
    <tag k="addr:state" v="VT"/>
    <tag k="ref:vcgi:esiteid" v="140683"/>
  </node>
  <node id="-143" visible="true" lat="43.247616964861" lon="-72.823769840819">
    <!-- conflict: "1501 Barker Road, Londonderry, VT" Fuzzy match to "1501 Barker Road, , VT" -->
    <tag k="addr:city" v="Londonderry"/>
    <tag k="addr:housenumber" v="1501"/>
    <tag k="addr:street" v="Barker Road"/>
    <tag k="addr:state" v="VT"/>
    <tag k="ref:vcgi:esiteid" v="140684"/>
  </node>
  <node id="-144" visible="true" lat="43.247567373638" lon="-72.814126283793">
    <!-- conflict: "102 Roberts Road, Londonderry, VT" Fuzzy match to "102 Roberts Road, , VT" -->
    <tag k="addr:city" v="Londonderry"/>
    <tag k="addr:housenumber" v="102"/>
    <tag k="addr:street" v="Roberts Road"/>
    <tag k="addr:state" v="VT"/>
    <tag k="ref:vcgi:esiteid" v="140685"/>
  </node>
  <node id="-146" visible="true" lat="43.247237908718" lon="-72.816585897707">
    <!-- conflict: "53 Rinehart Road, Londonderry, VT" Fuzzy match to "53 Rinehart Road, , VT" -->
    <tag k="addr:city" v="Londonderry"/>
    <tag k="addr:housenumber" v="53"/>
    <tag k="addr:street" v="Rinehart Road"/>
    <tag k="addr:state" v="VT"/>
    <tag k="ref:vcgi:esiteid" v="140687"/>
  </node>
  <node id="-147" visible="true" lat="43.24726982776" lon="-72.82137421133">
    <!-- conflict: "1342 Barker Road, Londonderry, VT" Fuzzy match to "1342 Barker Road, , VT" -->
    <tag k="addr:city" v="Londonderry"/>
    <tag k="addr:housenumber" v="1342"/>
    <tag k="addr:street" v="Barker Road"/>
    <tag k="addr:state" v="VT"/>
    <tag k="ref:vcgi:esiteid" v="140688"/>
  </node>
  <node id="-148" visible="true" lat="43.247018056845" lon="-72.839364330052">
    <!-- conflict: "902 Reilly Road, Londonderry, VT" Fuzzy match to "902 Reilly Road, , VT" -->
    <tag k="addr:city" v="Londonderry"/>
    <tag k="addr:housenumber" v="902"/>
    <tag k="addr:street" v="Reilly Road"/>
    <tag k="addr:state" v="VT"/>
    <tag k="ref:vcgi:esiteid" v="140689"/>
  </node>
  <node id="-149" visible="true" lat="43.247006612636" lon="-72.826600347704">
    <!-- conflict: "1174 Landgrove Road, Londonderry, VT" Fuzzy match to "1174 Landgrove Road, , VT" -->
    <tag k="addr:city" v="Londonderry"/>
    <tag k="addr:housenumber" v="1174"/>
    <tag k="addr:street" v="Landgrove Road"/>
    <tag k="addr:state" v="VT"/>
    <tag k="ref:vcgi:esiteid" v="140690"/>
  </node>
  <node id="-150" visible="true" lat="43.246942919807" lon="-72.81853114248">
    <!-- conflict: "1182 Barker Road, Londonderry, VT" Fuzzy match to "1182 Barker Road, , VT" -->
    <tag k="addr:city" v="Londonderry"/>
    <tag k="addr:housenumber" v="1182"/>
    <tag k="addr:street" v="Barker Road"/>
    <tag k="addr:state" v="VT"/>
    <tag k="ref:vcgi:esiteid" v="140691"/>
  </node>
  <node id="-151" visible="true" lat="43.246899803346" lon="-72.80999877911">
    <!-- conflict: "234 Pitchfork Lane, Londonderry, VT" Fuzzy match to "234 Pitchfork Lane, , VT" -->
    <tag k="addr:city" v="Londonderry"/>
    <tag k="addr:housenumber" v="234"/>
    <tag k="addr:street" v="Pitchfork Lane"/>
    <tag k="addr:state" v="VT"/>
    <tag k="ref:vcgi:esiteid" v="140692"/>
  </node>
  <node id="-152" visible="true" lat="43.246823507425" lon="-72.828034673962">
    <!-- conflict: "1229 Landgrove Road, Londonderry, VT" Fuzzy match to "1229 Landgrove Road, , VT" -->
    <tag k="addr:city" v="Londonderry"/>
    <tag k="addr:housenumber" v="1229"/>
    <tag k="addr:street" v="Landgrove Road"/>
    <tag k="addr:state" v="VT"/>
    <tag k="ref:vcgi:esiteid" v="140693"/>
  </node>
  <node id="-153" visible="true" lat="43.246398979923" lon="-72.814583702921">
    <!-- conflict: "42 Roberts Road, Londonderry, VT" Fuzzy match to "42 Roberts Road, , VT" -->
    <tag k="addr:city" v="Londonderry"/>
    <tag k="addr:housenumber" v="42"/>
    <tag k="addr:street" v="Roberts Road"/>
    <tag k="addr:state" v="VT"/>
    <tag k="ref:vcgi:esiteid" v="140694"/>
  </node>
  <node id="-154" visible="true" lat="43.2465374037" lon="-72.84298829281">
    <!-- conflict: "205 Spruce Hill, Londonderry, VT" Fuzzy match to "205 Spruce Hill, , VT" -->
    <tag k="addr:city" v="Londonderry"/>
    <tag k="addr:housenumber" v="205"/>
    <tag k="addr:street" v="Spruce Hill"/>
    <tag k="addr:state" v="VT"/>
    <tag k="ref:vcgi:esiteid" v="140695"/>
  </node>
  <node id="-155" visible="true" lat="43.246392446375" lon="-72.815125735018">
    <!-- conflict: "14 Roberts Road, Londonderry, VT" Fuzzy match to "14 Roberts Road, , VT" -->
    <tag k="addr:city" v="Londonderry"/>
    <tag k="addr:housenumber" v="14"/>
    <tag k="addr:street" v="Roberts Road"/>
    <tag k="addr:state" v="VT"/>
    <tag k="ref:vcgi:esiteid" v="140696"/>
  </node>
  <node id="-156" visible="true" lat="43.24620552739" lon="-72.786431573054">
    <!-- conflict: "220 Boynton Road, Londonderry, VT" Fuzzy match to "220 Boynton Road, , VT" -->
    <tag k="addr:city" v="Londonderry"/>
    <tag k="addr:housenumber" v="220"/>
    <tag k="addr:street" v="Boynton Road"/>
    <tag k="addr:state" v="VT"/>
    <tag k="ref:vcgi:esiteid" v="140697"/>
  </node>
  <node id="-157" visible="true" lat="43.245782096012" lon="-72.824853216199">
    <!-- conflict: "1070 Landgrove Road, Londonderry, VT" Fuzzy match to "1070 Landgrove Road, , VT" -->
    <tag k="addr:city" v="Londonderry"/>
    <tag k="addr:housenumber" v="1070"/>
    <tag k="addr:street" v="Landgrove Road"/>
    <tag k="addr:state" v="VT"/>
    <tag k="ref:vcgi:esiteid" v="140698"/>
  </node>
  <node id="-158" visible="true" lat="43.245824056671" lon="-72.808060912503">
    <!-- conflict: "115 Pitchfork Lane, Londonderry, VT" Fuzzy match to "115 Pitchfork Lane, , VT" -->
    <tag k="addr:city" v="Londonderry"/>
    <tag k="addr:housenumber" v="115"/>
    <tag k="addr:street" v="Pitchfork Lane"/>
    <tag k="addr:state" v="VT"/>
    <tag k="ref:vcgi:esiteid" v="140699"/>
  </node>
  <node id="-159" visible="true" lat="43.245724875888" lon="-72.81894806225">
    <!-- conflict: "1209 Barker Road, Londonderry, VT" Fuzzy match to "1209 Barker Road, , VT" -->
    <tag k="addr:city" v="Londonderry"/>
    <tag k="addr:housenumber" v="1209"/>
    <tag k="addr:street" v="Barker Road"/>
    <tag k="addr:state" v="VT"/>
    <tag k="ref:vcgi:esiteid" v="140700"/>
  </node>
  <node id="-160" visible="true" lat="43.24568987065" lon="-72.839838198054">
    <!-- conflict: "811 Reilly Road, Londonderry, VT" Fuzzy match to "811 Reilly Road, , VT" -->
    <tag k="addr:city" v="Londonderry"/>
    <tag k="addr:housenumber" v="811"/>
    <tag k="addr:street" v="Reilly Road"/>
    <tag k="addr:state" v="VT"/>
    <tag k="ref:vcgi:esiteid" v="140701"/>
  </node>
  <node id="-161" visible="true" lat="43.245823652426" lon="-72.786717146695">
    <!-- conflict: "254 Boynton Road, Londonderry, VT" Fuzzy match to "254 Boynton Road, , VT" -->
    <tag k="addr:city" v="Londonderry"/>
    <tag k="addr:housenumber" v="254"/>
    <tag k="addr:street" v="Boynton Road"/>
    <tag k="addr:state" v="VT"/>
    <tag k="ref:vcgi:esiteid" v="140702"/>
  </node>
  <node id="-162" visible="true" lat="43.245732505946" lon="-72.783707878867">
    <!-- conflict: "207 Boynton Road, Londonderry, VT" Fuzzy match to "207 Boynton Road, , VT" -->
    <tag k="addr:city" v="Londonderry"/>
    <tag k="addr:housenumber" v="207"/>
    <tag k="addr:street" v="Boynton Road"/>
    <tag k="addr:state" v="VT"/>
    <tag k="ref:vcgi:esiteid" v="140703"/>
  </node>
  <node id="-163" visible="true" lat="43.245288435358" lon="-72.814644395046">
    <!-- conflict: "932 Barker Road, Londonderry, VT" Fuzzy match to "932 Barker Road, , VT" -->
    <tag k="addr:city" v="Londonderry"/>
    <tag k="addr:housenumber" v="932"/>
    <tag k="addr:street" v="Barker Road"/>
    <tag k="addr:state" v="VT"/>
    <tag k="ref:vcgi:esiteid" v="140704"/>
  </node>
  <node id="-164" visible="true" lat="43.245305257312" lon="-72.830056464315">
    <!-- conflict: "1245 Landgrove Road, Londonderry, VT" Fuzzy match to "1245 Landgrove Road, , VT" -->
    <tag k="addr:city" v="Londonderry"/>
    <tag k="addr:housenumber" v="1245"/>
    <tag k="addr:street" v="Landgrove Road"/>
    <tag k="addr:state" v="VT"/>
    <tag k="ref:vcgi:esiteid" v="140705"/>
  </node>
  <node id="-165" visible="true" lat="43.244801717281" lon="-72.825402532785">
    <!-- conflict: "1042 Landgrove Road, Londonderry, VT" Fuzzy match to "1042 Landgrove Road, , VT" -->
    <tag k="addr:city" v="Londonderry"/>
    <tag k="addr:housenumber" v="1042"/>
    <tag k="addr:street" v="Landgrove Road"/>
    <tag k="addr:state" v="VT"/>
    <tag k="ref:vcgi:esiteid" v="140706"/>
  </node>
  <node id="-166" visible="true" lat="43.244824607891" lon="-72.79728057436">
    <!-- conflict: "58 Cliffs Lane, Londonderry, VT" Fuzzy match to "58 Cliffs Lane, , VT" -->
    <tag k="addr:city" v="Londonderry"/>
    <tag k="addr:housenumber" v="58"/>
    <tag k="addr:street" v="Cliffs Lane"/>
    <tag k="addr:state" v="VT"/>
    <tag k="ref:vcgi:esiteid" v="140707"/>
  </node>
  <node id="-167" visible="true" lat="43.244652946163" lon="-72.796319271764">
    <!-- conflict: "15 Cliffs Lane, Londonderry, VT" Fuzzy match to "15 Cliffs Lane, , VT" -->
    <tag k="addr:city" v="Londonderry"/>
    <tag k="addr:housenumber" v="15"/>
    <tag k="addr:street" v="Cliffs Lane"/>
    <tag k="addr:state" v="VT"/>
    <tag k="ref:vcgi:esiteid" v="140708"/>
  </node>
  <node id="-168" visible="true" lat="43.244484874267" lon="-72.814359267475">
    <!-- conflict: "866 Barker Road, Londonderry, VT" Fuzzy match to "866 Barker Road, , VT" -->
    <tag k="addr:city" v="Londonderry"/>
    <tag k="addr:housenumber" v="866"/>
    <tag k="addr:street" v="Barker Road"/>
    <tag k="addr:state" v="VT"/>
    <tag k="ref:vcgi:esiteid" v="140709"/>
  </node>
  <node id="-169" visible="true" lat="43.244301992353" lon="-72.827935492935">
    <!-- conflict: "1005 Landgrove Road, Londonderry, VT" Fuzzy match to "1005 Landgrove Road, , VT" -->
    <tag k="addr:city" v="Londonderry"/>
    <tag k="addr:housenumber" v="1005"/>
    <tag k="addr:street" v="Landgrove Road"/>
    <tag k="addr:state" v="VT"/>
    <tag k="ref:vcgi:esiteid" v="140710"/>
  </node>
  <node id="-170" visible="true" lat="43.244279105394" lon="-72.796899104515">
    <!-- conflict: "87 Cliffs Lane, Londonderry, VT" Fuzzy match to "87 Cliffs Lane, , VT" -->
    <tag k="addr:city" v="Londonderry"/>
    <tag k="addr:housenumber" v="87"/>
    <tag k="addr:street" v="Cliffs Lane"/>
    <tag k="addr:state" v="VT"/>
    <tag k="ref:vcgi:esiteid" v="140711"/>
  </node>
  <node id="-171" visible="true" lat="43.244031261032" lon="-72.839298377284">
    <!-- conflict: "684 Reilly Road, Londonderry, VT" Fuzzy match to "684 Reilly Road, , VT" -->
    <tag k="addr:city" v="Londonderry"/>
    <tag k="addr:housenumber" v="684"/>
    <tag k="addr:street" v="Reilly Road"/>
    <tag k="addr:state" v="VT"/>
    <tag k="ref:vcgi:esiteid" v="140712"/>
  </node>
  <node id="-172" visible="true" lat="43.243935781822" lon="-72.805886535144">
    <!-- conflict: "1230 Hells Peak Road, Londonderry, VT" Fuzzy match to "1230 Hells Peak Road, , VT" -->
    <tag k="addr:city" v="Londonderry"/>
    <tag k="addr:housenumber" v="1230"/>
    <tag k="addr:street" v="Hells Peak Road"/>
    <tag k="addr:state" v="VT"/>
    <tag k="ref:vcgi:esiteid" v="140713"/>
  </node>
  <node id="-173" visible="true" lat="43.243680198277" lon="-72.797478939543">
    <!-- conflict: "139 Cliffs Lane, Londonderry, VT" Fuzzy match to "139 Cliffs Lane, , VT" -->
    <tag k="addr:city" v="Londonderry"/>
    <tag k="addr:housenumber" v="139"/>
    <tag k="addr:street" v="Cliffs Lane"/>
    <tag k="addr:state" v="VT"/>
    <tag k="ref:vcgi:esiteid" v="140714"/>
  </node>
  <node id="-174" visible="true" lat="43.243600088943" lon="-72.825127874724">
    <!-- conflict: "938 Landgrove Road, Londonderry, VT" Fuzzy match to "938 Landgrove Road, , VT" -->
    <tag k="addr:city" v="Londonderry"/>
    <tag k="addr:housenumber" v="938"/>
    <tag k="addr:street" v="Landgrove Road"/>
    <tag k="addr:state" v="VT"/>
    <tag k="ref:vcgi:esiteid" v="140715"/>
  </node>
  <node id="-175" visible="true" lat="43.243428262895" lon="-72.813886465575">
    <!-- conflict: "794 Barker Road, Londonderry, VT" Fuzzy match to "794 Barker Road, , VT" -->
    <tag k="addr:city" v="Londonderry"/>
    <tag k="addr:housenumber" v="794"/>
    <tag k="addr:street" v="Barker Road"/>
    <tag k="addr:state" v="VT"/>
    <tag k="ref:vcgi:esiteid" v="140716"/>
  </node>
  <node id="-176" visible="true" lat="43.243222433143" lon="-72.797738338769">
    <!-- conflict: "179 Cliffs Lane, Londonderry, VT" Fuzzy match to "179 Cliffs Lane, , VT" -->
    <tag k="addr:city" v="Londonderry"/>
    <tag k="addr:housenumber" v="179"/>
    <tag k="addr:street" v="Cliffs Lane"/>
    <tag k="addr:state" v="VT"/>
    <tag k="ref:vcgi:esiteid" v="140717"/>
  </node>
  <node id="-177" visible="true" lat="43.242873879134" lon="-72.814318493045">
    <!-- conflict: "762 Barker Road, Londonderry, VT" Fuzzy match to "762 Barker Road, , VT" -->
    <tag k="addr:city" v="Londonderry"/>
    <tag k="addr:housenumber" v="762"/>
    <tag k="addr:street" v="Barker Road"/>
    <tag k="addr:state" v="VT"/>
    <tag k="ref:vcgi:esiteid" v="140718"/>
  </node>
  <node id="-178" visible="true" lat="43.242783741375" lon="-72.827904973272">
    <!-- conflict: "923 Landgrove Road, Londonderry, VT" Fuzzy match to "923 Landgrove Road, , VT" -->
    <tag k="addr:city" v="Londonderry"/>
    <tag k="addr:housenumber" v="923"/>
    <tag k="addr:street" v="Landgrove Road"/>
    <tag k="addr:state" v="VT"/>
    <tag k="ref:vcgi:esiteid" v="140719"/>
  </node>
  <node id="-179" visible="true" lat="43.242775691216" lon="-72.798891795014">
    <!-- conflict: "180 Merrills Lane, Londonderry, VT" Fuzzy match to "180 Merrills Lane, , VT" -->
    <tag k="addr:city" v="Londonderry"/>
    <tag k="addr:housenumber" v="180"/>
    <tag k="addr:street" v="Merrills Lane"/>
    <tag k="addr:state" v="VT"/>
    <tag k="ref:vcgi:esiteid" v="140720"/>
  </node>
  <node id="-180" visible="true" lat="43.242707449687" lon="-72.800637509301">
    <!-- conflict: "233 Merrills Lane, Londonderry, VT" Fuzzy match to "233 Merrills Lane, , VT" -->
    <tag k="addr:city" v="Londonderry"/>
    <tag k="addr:housenumber" v="233"/>
    <tag k="addr:street" v="Merrills Lane"/>
    <tag k="addr:state" v="VT"/>
    <tag k="ref:vcgi:esiteid" v="140721"/>
  </node>
  <node id="-181" visible="true" lat="43.242623526056" lon="-72.796380305589">
    <!-- conflict: "7113 Vermont Route 100, Londonderry, VT" Fuzzy match to "7113 Vermont Route 100, , VT" -->
    <tag k="addr:city" v="Londonderry"/>
    <tag k="addr:housenumber" v="7113"/>
    <tag k="addr:street" v="Vermont Route 100"/>
    <tag k="addr:state" v="VT"/>
    <tag k="ref:vcgi:esiteid" v="140722"/>
  </node>
  <node id="-182" visible="true" lat="43.242501454782" lon="-72.822884831955">
    <!-- conflict: "770 Landgrove Road, Londonderry, VT" Fuzzy match to "770 Landgrove Road, , VT" -->
    <tag k="addr:city" v="Londonderry"/>
    <tag k="addr:housenumber" v="770"/>
    <tag k="addr:street" v="Landgrove Road"/>
    <tag k="addr:state" v="VT"/>
    <tag k="ref:vcgi:esiteid" v="140723"/>
  </node>
  <node id="-183" visible="true" lat="43.242402273637" lon="-72.783890982496">
    <!-- conflict: "473 Boynton Road, Londonderry, VT" Fuzzy match to "473 Boynton Road, , VT" -->
    <tag k="addr:city" v="Londonderry"/>
    <tag k="addr:housenumber" v="473"/>
    <tag k="addr:street" v="Boynton Road"/>
    <tag k="addr:state" v="VT"/>
    <tag k="ref:vcgi:esiteid" v="140724"/>
  </node>
  <node id="-184" visible="true" lat="43.242200092717" lon="-72.825051579839">
    <!-- conflict: "838 Landgrove Road, Londonderry, VT" Fuzzy match to "838 Landgrove Road, , VT" -->
    <tag k="addr:city" v="Londonderry"/>
    <tag k="addr:housenumber" v="838"/>
    <tag k="addr:street" v="Landgrove Road"/>
    <tag k="addr:state" v="VT"/>
    <tag k="ref:vcgi:esiteid" v="140725"/>
  </node>
  <node id="-185" visible="true" lat="43.24214287242" lon="-72.82575348521">
    <!-- conflict: "847 Landgrove Road, Londonderry, VT" Fuzzy match to "847 Landgrove Road, , VT" -->
    <tag k="addr:city" v="Londonderry"/>
    <tag k="addr:housenumber" v="847"/>
    <tag k="addr:street" v="Landgrove Road"/>
    <tag k="addr:state" v="VT"/>
    <tag k="ref:vcgi:esiteid" v="140726"/>
  </node>
  <node id="-186" visible="true" lat="43.2417652178" lon="-72.824158939851">
    <!-- conflict: "778 Landgrove Road, Londonderry, VT" Fuzzy match to "778 Landgrove Road, , VT" -->
    <tag k="addr:city" v="Londonderry"/>
    <tag k="addr:housenumber" v="778"/>
    <tag k="addr:street" v="Landgrove Road"/>
    <tag k="addr:state" v="VT"/>
    <tag k="ref:vcgi:esiteid" v="140727"/>
  </node>
  <node id="-187" visible="true" lat="43.241822440021" lon="-72.79553344266">
    <!-- conflict: "7060 Vermont Route 100, Londonderry, VT" Fuzzy match to "7060 Vermont Route 100, , VT" -->
    <tag k="addr:city" v="Londonderry"/>
    <tag k="addr:housenumber" v="7060"/>
    <tag k="addr:street" v="Vermont Route 100"/>
    <tag k="addr:state" v="VT"/>
    <tag k="ref:vcgi:esiteid" v="140728"/>
  </node>
  <node id="-188" visible="true" lat="43.241803107933" lon="-72.814262147156">
    <!-- conflict: "680 Barker Road, Londonderry, VT" Fuzzy match to "680 Barker Road, , VT" -->
    <tag k="addr:city" v="Londonderry"/>
    <tag k="addr:housenumber" v="680"/>
    <tag k="addr:street" v="Barker Road"/>
    <tag k="addr:state" v="VT"/>
    <tag k="ref:vcgi:esiteid" v="140729"/>
  </node>
  <node id="-189" visible="true" lat="43.241662222235" lon="-72.82479980949">
    <!-- conflict: "796 Landgrove Road, Londonderry, VT" Fuzzy match to "796 Landgrove Road, , VT" -->
    <tag k="addr:city" v="Londonderry"/>
    <tag k="addr:housenumber" v="796"/>
    <tag k="addr:street" v="Landgrove Road"/>
    <tag k="addr:state" v="VT"/>
    <tag k="ref:vcgi:esiteid" v="140730"/>
  </node>
  <node id="-190" visible="true" lat="43.241692740021" lon="-72.806084899005">
    <!-- conflict: "1070 Hells Peak Road, Londonderry, VT" Fuzzy match to "1070 Hells Peak Road, , VT" -->
    <tag k="addr:city" v="Londonderry"/>
    <tag k="addr:housenumber" v="1070"/>
    <tag k="addr:street" v="Hells Peak Road"/>
    <tag k="addr:state" v="VT"/>
    <tag k="ref:vcgi:esiteid" v="140731"/>
  </node>
  <node id="-191" visible="true" lat="43.241273124241" lon="-72.783273001247">
    <!-- conflict: "609 Boynton Road, Londonderry, VT" Fuzzy match to "609 Boynton Road, , VT" -->
    <tag k="addr:city" v="Londonderry"/>
    <tag k="addr:housenumber" v="609"/>
    <tag k="addr:street" v="Boynton Road"/>
    <tag k="addr:state" v="VT"/>
    <tag k="ref:vcgi:esiteid" v="140732"/>
  </node>
  <node id="-192" visible="true" lat="43.241006093768" lon="-72.821885380407">
    <!-- conflict: "772 Landgrove Road, Londonderry, VT" Fuzzy match to "772 Landgrove Road, , VT" -->
    <tag k="addr:city" v="Londonderry"/>
    <tag k="addr:housenumber" v="772"/>
    <tag k="addr:street" v="Landgrove Road"/>
    <tag k="addr:state" v="VT"/>
    <tag k="ref:vcgi:esiteid" v="140733"/>
  </node>
  <node id="-193" visible="true" lat="43.240880895058" lon="-72.814067153364">
    <!-- conflict: "624 Barker Road, Londonderry, VT" Fuzzy match to "624 Barker Road, , VT" -->
    <tag k="addr:city" v="Londonderry"/>
    <tag k="addr:housenumber" v="624"/>
    <tag k="addr:street" v="Barker Road"/>
    <tag k="addr:state" v="VT"/>
    <tag k="ref:vcgi:esiteid" v="140734"/>
  </node>
  <node id="-194" visible="true" lat="43.240994650173" lon="-72.78545500847">
    <!-- conflict: "610 Boynton Road, Londonderry, VT" Fuzzy match to "610 Boynton Road, , VT" -->
    <tag k="addr:city" v="Londonderry"/>
    <tag k="addr:housenumber" v="610"/>
    <tag k="addr:street" v="Boynton Road"/>
    <tag k="addr:state" v="VT"/>
    <tag k="ref:vcgi:esiteid" v="140735"/>
  </node>
  <node id="-195" visible="true" lat="43.240700917219" lon="-72.823182378152">
    <!-- conflict: "680 Landgrove Road, Londonderry, VT" Fuzzy match to "680 Landgrove Road, , VT" -->
    <tag k="addr:city" v="Londonderry"/>
    <tag k="addr:housenumber" v="680"/>
    <tag k="addr:street" v="Landgrove Road"/>
    <tag k="addr:state" v="VT"/>
    <tag k="ref:vcgi:esiteid" v="140736"/>
  </node>
  <node id="-196" visible="true" lat="43.240071493329" lon="-72.806420592752">
    <!-- conflict: "961 Hells Peak Road, Londonderry, VT" Fuzzy match to "961 Hells Peak Road, , VT" -->
    <tag k="addr:city" v="Londonderry"/>
    <tag k="addr:housenumber" v="961"/>
    <tag k="addr:street" v="Hells Peak Road"/>
    <tag k="addr:state" v="VT"/>
    <tag k="ref:vcgi:esiteid" v="140737"/>
  </node>
  <node id="-197" visible="true" lat="43.239547142842" lon="-72.82762618993">
    <!-- conflict: "162 Blue Jay Lane, Londonderry, VT" Fuzzy match to "162 Blue Jay Lane, , VT" -->
    <tag k="addr:city" v="Londonderry"/>
    <tag k="addr:housenumber" v="162"/>
    <tag k="addr:street" v="Blue Jay Lane"/>
    <tag k="addr:state" v="VT"/>
    <tag k="ref:vcgi:esiteid" v="140738"/>
  </node>
  <node id="-198" visible="true" lat="43.239449784391" lon="-72.787942881208">
    <!-- conflict: "698 Boynton Road, Londonderry, VT" Fuzzy match to "698 Boynton Road, , VT" -->
    <tag k="addr:city" v="Londonderry"/>
    <tag k="addr:housenumber" v="698"/>
    <tag k="addr:street" v="Boynton Road"/>
    <tag k="addr:state" v="VT"/>
    <tag k="ref:vcgi:esiteid" v="140739"/>
  </node>
  <node id="-199" visible="true" lat="43.239236072633" lon="-72.840951243459">
    <!-- conflict: "363 Reilly Road, Londonderry, VT" Fuzzy match to "363 Reilly Road, , VT" -->
    <tag k="addr:city" v="Londonderry"/>
    <tag k="addr:housenumber" v="363"/>
    <tag k="addr:street" v="Reilly Road"/>
    <tag k="addr:state" v="VT"/>
    <tag k="ref:vcgi:esiteid" v="140740"/>
  </node>
  <node id="-200" visible="true" lat="43.239037404738" lon="-72.826477298031">
    <!-- conflict: "151 Blue Jay Lane, Londonderry, VT" Fuzzy match to "151 Blue Jay Lane, , VT" -->
    <tag k="addr:city" v="Londonderry"/>
    <tag k="addr:housenumber" v="151"/>
    <tag k="addr:street" v="Blue Jay Lane"/>
    <tag k="addr:state" v="VT"/>
    <tag k="ref:vcgi:esiteid" v="140741"/>
  </node>
  <node id="-201" visible="true" lat="43.238923554311" lon="-72.824133109436">
    <!-- conflict: "589 Landgrove Road, Londonderry, VT" Fuzzy match to "589 Landgrove Road, , VT" -->
    <tag k="addr:city" v="Londonderry"/>
    <tag k="addr:housenumber" v="589"/>
    <tag k="addr:street" v="Landgrove Road"/>
    <tag k="addr:state" v="VT"/>
    <tag k="ref:vcgi:esiteid" v="140742"/>
  </node>
  <node id="-202" visible="true" lat="43.238534284433" lon="-72.827904566745">
    <!-- conflict: "179 Blue Jay Lane, Londonderry, VT" Fuzzy match to "179 Blue Jay Lane, , VT" -->
    <tag k="addr:city" v="Londonderry"/>
    <tag k="addr:housenumber" v="179"/>
    <tag k="addr:street" v="Blue Jay Lane"/>
    <tag k="addr:state" v="VT"/>
    <tag k="ref:vcgi:esiteid" v="140743"/>
  </node>
  <node id="-203" visible="true" lat="43.238511685514" lon="-72.813321472854">
    <!-- conflict: "442 Barker Road, Londonderry, VT" Fuzzy match to "442 Barker Road, , VT" -->
    <tag k="addr:city" v="Londonderry"/>
    <tag k="addr:housenumber" v="442"/>
    <tag k="addr:street" v="Barker Road"/>
    <tag k="addr:state" v="VT"/>
    <tag k="ref:vcgi:esiteid" v="140744"/>
  </node>
  <node id="-204" visible="true" lat="43.238373950494" lon="-72.840768136692">
    <!-- conflict: "305 Reilly Road, Londonderry, VT" Fuzzy match to "305 Reilly Road, , VT" -->
    <tag k="addr:city" v="Londonderry"/>
    <tag k="addr:housenumber" v="305"/>
    <tag k="addr:street" v="Reilly Road"/>
    <tag k="addr:state" v="VT"/>
    <tag k="ref:vcgi:esiteid" v="140745"/>
  </node>
  <node id="-205" visible="true" lat="43.238351063387" lon="-72.823251040949">
    <!-- conflict: "556 Landgrove Road, Londonderry, VT" Fuzzy match to "556 Landgrove Road, , VT" -->
    <tag k="addr:city" v="Londonderry"/>
    <tag k="addr:housenumber" v="556"/>
    <tag k="addr:street" v="Landgrove Road"/>
    <tag k="addr:state" v="VT"/>
    <tag k="ref:vcgi:esiteid" v="140746"/>
  </node>
  <node id="-206" visible="true" lat="43.23834725039" lon="-72.801842953574">
    <!-- conflict: "315 Evergreen Lane, Londonderry, VT" Fuzzy match to "315 Evergreen Lane, , VT" -->
    <tag k="addr:city" v="Londonderry"/>
    <tag k="addr:housenumber" v="315"/>
    <tag k="addr:street" v="Evergreen Lane"/>
    <tag k="addr:state" v="VT"/>
    <tag k="ref:vcgi:esiteid" v="140747"/>
  </node>
  <node id="-207" visible="true" lat="43.238243824337" lon="-72.812790694538">
    <!-- conflict: "404 Barker Road, Londonderry, VT" Fuzzy match to "404 Barker Road, , VT" -->
    <tag k="addr:city" v="Londonderry"/>
    <tag k="addr:housenumber" v="404"/>
    <tag k="addr:street" v="Barker Road"/>
    <tag k="addr:state" v="VT"/>
    <tag k="ref:vcgi:esiteid" v="140748"/>
  </node>
  <node id="-208" visible="true" lat="43.238280995514" lon="-72.764756238678">
    <!-- conflict: "389 Cobble Hill Road, Londonderry, VT" Fuzzy match to "389 Cobble Hill Road, , VT" -->
    <tag k="addr:city" v="Londonderry"/>
    <tag k="addr:housenumber" v="389"/>
    <tag k="addr:street" v="Cobble Hill Road"/>
    <tag k="addr:state" v="VT"/>
    <tag k="ref:vcgi:esiteid" v="140749"/>
  </node>
  <node id="-209" visible="true" lat="43.238145071916" lon="-72.784463186278">
    <!-- conflict: "801 Boynton Road, Londonderry, VT" Fuzzy match to "801 Boynton Road, , VT" -->
    <tag k="addr:city" v="Londonderry"/>
    <tag k="addr:housenumber" v="801"/>
    <tag k="addr:street" v="Boynton Road"/>
    <tag k="addr:state" v="VT"/>
    <tag k="ref:vcgi:esiteid" v="140750"/>
  </node>
  <node id="-211" visible="true" lat="43.23797679876" lon="-72.822815496712">
    <!-- conflict: "532 Landgrove Road, Londonderry, VT" Fuzzy match to "532 Landgrove Road, , VT" -->
    <tag k="addr:city" v="Londonderry"/>
    <tag k="addr:housenumber" v="532"/>
    <tag k="addr:street" v="Landgrove Road"/>
    <tag k="addr:state" v="VT"/>
    <tag k="ref:vcgi:esiteid" v="140752"/>
  </node>
  <node id="-212" visible="true" lat="43.237984852883" lon="-72.802048947725">
    <!-- conflict: "311 Evergreen Lane, Londonderry, VT" Fuzzy match to "311 Evergreen Lane, , VT" -->
    <tag k="addr:city" v="Londonderry"/>
    <tag k="addr:housenumber" v="311"/>
    <tag k="addr:street" v="Evergreen Lane"/>
    <tag k="addr:state" v="VT"/>
    <tag k="ref:vcgi:esiteid" v="140753"/>
  </node>
  <node id="-213" visible="true" lat="43.237820821611" lon="-72.80121734383">
    <!-- conflict: "302 Evergreen Lane, Londonderry, VT" Fuzzy match to "302 Evergreen Lane, , VT" -->
    <tag k="addr:city" v="Londonderry"/>
    <tag k="addr:housenumber" v="302"/>
    <tag k="addr:street" v="Evergreen Lane"/>
    <tag k="addr:state" v="VT"/>
    <tag k="ref:vcgi:esiteid" v="140754"/>
  </node>
  <node id="-214" visible="true" lat="43.237558544425" lon="-72.81249504397">
    <!-- conflict: "366 Barker Road, Londonderry, VT" Fuzzy match to "366 Barker Road, , VT" -->
    <tag k="addr:city" v="Londonderry"/>
    <tag k="addr:housenumber" v="366"/>
    <tag k="addr:street" v="Barker Road"/>
    <tag k="addr:state" v="VT"/>
    <tag k="ref:vcgi:esiteid" v="140755"/>
  </node>
  <node id="-215" visible="true" lat="43.237405582732" lon="-72.78425720386">
    <!-- conflict: "849 Boynton Road, Londonderry, VT" Fuzzy match to "849 Boynton Road, , VT" -->
    <tag k="addr:city" v="Londonderry"/>
    <tag k="addr:housenumber" v="849"/>
    <tag k="addr:street" v="Boynton Road"/>
    <tag k="addr:state" v="VT"/>
    <tag k="ref:vcgi:esiteid" v="140756"/>
  </node>
  <node id="-216" visible="true" lat="43.237237173638" lon="-72.802026059496">
    <!-- conflict: "263 Evergreen Lane, Londonderry, VT" Fuzzy match to "263 Evergreen Lane, , VT" -->
    <tag k="addr:city" v="Londonderry"/>
    <tag k="addr:housenumber" v="263"/>
    <tag k="addr:street" v="Evergreen Lane"/>
    <tag k="addr:state" v="VT"/>
    <tag k="ref:vcgi:esiteid" v="140757"/>
  </node>
  <node id="-217" visible="true" lat="43.237061695514" lon="-72.801133420056">
    <!-- conflict: "246 Evergreen Lane, Londonderry, VT" Fuzzy match to "246 Evergreen Lane, , VT" -->
    <tag k="addr:city" v="Londonderry"/>
    <tag k="addr:housenumber" v="246"/>
    <tag k="addr:street" v="Evergreen Lane"/>
    <tag k="addr:state" v="VT"/>
    <tag k="ref:vcgi:esiteid" v="140758"/>
  </node>
  <node id="-218" visible="true" lat="43.236827657385" lon="-72.800981232636">
    <!-- conflict: "236 Evergreen Lane, Londonderry, VT" Fuzzy match to "236 Evergreen Lane, , VT" -->
    <tag k="addr:city" v="Londonderry"/>
    <tag k="addr:housenumber" v="236"/>
    <tag k="addr:street" v="Evergreen Lane"/>
    <tag k="addr:state" v="VT"/>
    <tag k="ref:vcgi:esiteid" v="140759"/>
  </node>
  <node id="-220" visible="true" lat="43.236706927618" lon="-72.842782298582">
    <!-- conflict: "373 Vermont Route 11, Londonderry, VT" Fuzzy match to "373 Vermont Route 11, , VT" -->
    <tag k="addr:city" v="Londonderry"/>
    <tag k="addr:housenumber" v="373"/>
    <tag k="addr:street" v="Vermont Route 11"/>
    <tag k="addr:state" v="VT"/>
    <tag k="ref:vcgi:esiteid" v="140761"/>
  </node>
  <node id="-221" visible="true" lat="43.236676599049" lon="-72.782905360415">
    <!-- conflict: "947 Boynton Road, Londonderry, VT" Fuzzy match to "947 Boynton Road, , VT" -->
    <tag k="addr:city" v="Londonderry"/>
    <tag k="addr:housenumber" v="947"/>
    <tag k="addr:street" v="Boynton Road"/>
    <tag k="addr:state" v="VT"/>
    <tag k="ref:vcgi:esiteid" v="140762"/>
  </node>
  <node id="-222" visible="true" lat="43.236520009331" lon="-72.801812435974">
    <!-- conflict: "217 Evergreen Lane, Londonderry, VT" Fuzzy match to "217 Evergreen Lane, , VT" -->
    <tag k="addr:city" v="Londonderry"/>
    <tag k="addr:housenumber" v="217"/>
    <tag k="addr:street" v="Evergreen Lane"/>
    <tag k="addr:state" v="VT"/>
    <tag k="ref:vcgi:esiteid" v="140763"/>
  </node>
  <node id="-223" visible="true" lat="43.236499616907" lon="-72.82472878436">
    <!-- conflict: "423 Landgrove Road, Londonderry, VT" Fuzzy match to "423 Landgrove Road, , VT" -->
    <tag k="addr:city" v="Londonderry"/>
    <tag k="addr:housenumber" v="423"/>
    <tag k="addr:street" v="Landgrove Road"/>
    <tag k="addr:state" v="VT"/>
    <tag k="ref:vcgi:esiteid" v="140764"/>
  </node>
  <node id="-224" visible="true" lat="43.23625557185" lon="-72.812509688214">
    <!-- conflict: "289 Barker Road, Londonderry, VT" Fuzzy match to "289 Barker Road, , VT" -->
    <tag k="addr:city" v="Londonderry"/>
    <tag k="addr:housenumber" v="289"/>
    <tag k="addr:street" v="Barker Road"/>
    <tag k="addr:state" v="VT"/>
    <tag k="ref:vcgi:esiteid" v="140765"/>
  </node>
  <node id="-226" visible="true" lat="43.236220089368" lon="-72.810949435523">
    <!-- conflict: "268 Barker Road, Londonderry, VT" Fuzzy match to "268 Barker Road, , VT" -->
    <tag k="addr:city" v="Londonderry"/>
    <tag k="addr:housenumber" v="268"/>
    <tag k="addr:street" v="Barker Road"/>
    <tag k="addr:state" v="VT"/>
    <tag k="ref:vcgi:esiteid" v="140767"/>
  </node>
  <node id="-227" visible="true" lat="43.236156057888" lon="-72.801805004796">
    <!-- conflict: "201 Evergreen Lane, Londonderry, VT" Fuzzy match to "201 Evergreen Lane, , VT" -->
    <tag k="addr:city" v="Londonderry"/>
    <tag k="addr:housenumber" v="201"/>
    <tag k="addr:street" v="Evergreen Lane"/>
    <tag k="addr:state" v="VT"/>
    <tag k="ref:vcgi:esiteid" v="140768"/>
  </node>
  <node id="-228" visible="true" lat="43.236073687599" lon="-72.846566478825">
    <!-- conflict: "173 Vermont Route 11, Londonderry, VT" Fuzzy match to "173 Vermont Route 11, , VT" -->
    <tag k="addr:city" v="Londonderry"/>
    <tag k="addr:housenumber" v="173"/>
    <tag k="addr:street" v="Vermont Route 11"/>
    <tag k="addr:state" v="VT"/>
    <tag k="ref:vcgi:esiteid" v="140769"/>
  </node>
  <node id="-229" visible="true" lat="43.236134796521" lon="-72.82656744248">
    <!-- conflict: "527 Landgrove Road, Londonderry, VT" Fuzzy match to "527 Landgrove Road, , VT" -->
    <tag k="addr:city" v="Londonderry"/>
    <tag k="addr:housenumber" v="527"/>
    <tag k="addr:street" v="Landgrove Road"/>
    <tag k="addr:state" v="VT"/>
    <tag k="ref:vcgi:esiteid" v="140770"/>
  </node>
  <node id="-230" visible="true" lat="43.235932544705" lon="-72.846169750167">
    <!-- conflict: "195 Vermont Route 11, Londonderry, VT" Fuzzy match to "195 Vermont Route 11, , VT" -->
    <tag k="addr:city" v="Londonderry"/>
    <tag k="addr:housenumber" v="195"/>
    <tag k="addr:street" v="Vermont Route 11"/>
    <tag k="addr:state" v="VT"/>
    <tag k="ref:vcgi:esiteid" v="140771"/>
  </node>
  <node id="-231" visible="true" lat="43.236291348342" lon="-72.800515319227">
    <!-- conflict: "156 Evergreen Lane, Londonderry, VT" Fuzzy match to "156 Evergreen Lane, , VT" -->
    <tag k="addr:city" v="Londonderry"/>
    <tag k="addr:housenumber" v="156"/>
    <tag k="addr:street" v="Evergreen Lane"/>
    <tag k="addr:state" v="VT"/>
    <tag k="ref:vcgi:esiteid" v="140772"/>
  </node>
  <node id="-232" visible="true" lat="43.236043172286" lon="-72.797868038491">
    <!-- conflict: "6635 Vermont Route 100, Londonderry, VT" Fuzzy match to "6635 Vermont Route 100, , VT" -->
    <tag k="addr:city" v="Londonderry"/>
    <tag k="addr:housenumber" v="6635"/>
    <tag k="addr:street" v="Vermont Route 100"/>
    <tag k="addr:state" v="VT"/>
    <tag k="ref:vcgi:esiteid" v="140773"/>
  </node>
  <node id="-233" visible="true" lat="43.235997396136" lon="-72.801324153707">
    <!-- conflict: "183 Evergreen Lane, Londonderry, VT" Fuzzy match to "183 Evergreen Lane, , VT" -->
    <tag k="addr:city" v="Londonderry"/>
    <tag k="addr:housenumber" v="183"/>
    <tag k="addr:street" v="Evergreen Lane"/>
    <tag k="addr:state" v="VT"/>
    <tag k="ref:vcgi:esiteid" v="140774"/>
  </node>
  <node id="-234" visible="true" lat="43.235928731281" lon="-72.795853876866">
    <!-- conflict: "97 Cobble Ridge Road, Londonderry, VT" Fuzzy match to "97 Cobble Ridge Road, , VT" -->
    <tag k="addr:city" v="Londonderry"/>
    <tag k="addr:housenumber" v="97"/>
    <tag k="addr:street" v="Cobble Ridge Road"/>
    <tag k="addr:state" v="VT"/>
    <tag k="ref:vcgi:esiteid" v="140775"/>
  </node>
  <node id="-235" visible="true" lat="43.235123652607" lon="-72.822729057584">
    <!-- conflict: "302 Landgrove Road, Londonderry, VT" Fuzzy match to "302 Landgrove Road, , VT" -->
    <tag k="addr:city" v="Londonderry"/>
    <tag k="addr:housenumber" v="302"/>
    <tag k="addr:street" v="Landgrove Road"/>
    <tag k="addr:state" v="VT"/>
    <tag k="ref:vcgi:esiteid" v="140776"/>
  </node>
  <node id="-236" visible="true" lat="43.235840993689" lon="-72.794694207733">
    <!-- conflict: "157 Cobble Ridge Road, Londonderry, VT" Fuzzy match to "157 Cobble Ridge Road, , VT" -->
    <tag k="addr:city" v="Londonderry"/>
    <tag k="addr:housenumber" v="157"/>
    <tag k="addr:street" v="Cobble Ridge Road"/>
    <tag k="addr:state" v="VT"/>
    <tag k="ref:vcgi:esiteid" v="140777"/>
  </node>
  <node id="-237" visible="true" lat="43.235825901734" lon="-72.783220724653">
    <!-- conflict: "949 Boynton Road, Londonderry, VT" Fuzzy match to "949 Boynton Road, , VT" -->
    <tag k="addr:city" v="Londonderry"/>
    <tag k="addr:housenumber" v="949"/>
    <tag k="addr:street" v="Boynton Road"/>
    <tag k="addr:state" v="VT"/>
    <tag k="ref:vcgi:esiteid" v="140778"/>
  </node>
  <node id="-238" visible="true" lat="43.235844807907" lon="-72.784325857339">
    <!-- conflict: "963 Boynton Road, Londonderry, VT" Fuzzy match to "963 Boynton Road, , VT" -->
    <tag k="addr:city" v="Londonderry"/>
    <tag k="addr:housenumber" v="963"/>
    <tag k="addr:street" v="Boynton Road"/>
    <tag k="addr:state" v="VT"/>
    <tag k="ref:vcgi:esiteid" v="140779"/>
  </node>
  <node id="-239" visible="true" lat="43.235799031242" lon="-72.799538875985">
    <!-- conflict: "96 Evergreen Lane, Londonderry, VT" Fuzzy match to "96 Evergreen Lane, , VT" -->
    <tag k="addr:city" v="Londonderry"/>
    <tag k="addr:housenumber" v="96"/>
    <tag k="addr:street" v="Evergreen Lane"/>
    <tag k="addr:state" v="VT"/>
    <tag k="ref:vcgi:esiteid" v="140780"/>
  </node>
  <node id="-240" visible="true" lat="43.235754835597" lon="-72.836674723177">
    <!-- conflict: "691 Vermont Route 11, Londonderry, VT" Fuzzy match to "691 Vermont Route 11, , VT" -->
    <tag k="addr:city" v="Londonderry"/>
    <tag k="addr:housenumber" v="691"/>
    <tag k="addr:street" v="Vermont Route 11"/>
    <tag k="addr:state" v="VT"/>
    <tag k="ref:vcgi:esiteid" v="140781"/>
  </node>
  <node id="-241" visible="true" lat="43.235615924856" lon="-72.845170298131">
    <!-- conflict: "249 Vermont Route 11, Londonderry, VT" Fuzzy match to "249 Vermont Route 11, , VT" -->
    <tag k="addr:city" v="Londonderry"/>
    <tag k="addr:housenumber" v="249"/>
    <tag k="addr:street" v="Vermont Route 11"/>
    <tag k="addr:state" v="VT"/>
    <tag k="ref:vcgi:esiteid" v="140782"/>
  </node>
  <node id="-242" visible="true" lat="43.235844690549" lon="-72.801009210772">
    <!-- conflict: "161 Evergreen Lane, Londonderry, VT" Fuzzy match to "161 Evergreen Lane, , VT" -->
    <tag k="addr:city" v="Londonderry"/>
    <tag k="addr:housenumber" v="161"/>
    <tag k="addr:street" v="Evergreen Lane"/>
    <tag k="addr:state" v="VT"/>
    <tag k="ref:vcgi:esiteid" v="140783"/>
  </node>
  <node id="-243" visible="true" lat="43.23569603451" lon="-72.806252744048">
    <!-- conflict: "641 Hells Peak Road, Londonderry, VT" Fuzzy match to "641 Hells Peak Road, , VT" -->
    <tag k="addr:city" v="Londonderry"/>
    <tag k="addr:housenumber" v="641"/>
    <tag k="addr:street" v="Hells Peak Road"/>
    <tag k="addr:state" v="VT"/>
    <tag k="ref:vcgi:esiteid" v="140784"/>
  </node>
  <node id="-244" visible="true" lat="43.235578175079" lon="-72.792428266108">
    <!-- conflict: "342 Cobble Ridge Road, Londonderry, VT" Fuzzy match to "342 Cobble Ridge Road, , VT" -->
    <tag k="addr:city" v="Londonderry"/>
    <tag k="addr:housenumber" v="342"/>
    <tag k="addr:street" v="Cobble Ridge Road"/>
    <tag k="addr:state" v="VT"/>
    <tag k="ref:vcgi:esiteid" v="140785"/>
  </node>
  <node id="-245" visible="true" lat="43.235414069259" lon="-72.846911245476">
    <!-- conflict: "26 Sherwood Forest, Londonderry, VT" Fuzzy match to "26 Sherwood Forest, , VT" -->
    <tag k="addr:city" v="Londonderry"/>
    <tag k="addr:housenumber" v="26"/>
    <tag k="addr:street" v="Sherwood Forest"/>
    <tag k="addr:state" v="VT"/>
    <tag k="ref:vcgi:esiteid" v="140786"/>
  </node>
  <node id="-246" visible="true" lat="43.235489264082" lon="-72.84297022364">
    <!-- conflict: "375 Vermont Route 11, Londonderry, VT" Fuzzy match to "375 Vermont Route 11, , VT" -->
    <tag k="addr:city" v="Londonderry"/>
    <tag k="addr:housenumber" v="375"/>
    <tag k="addr:street" v="Vermont Route 11"/>
    <tag k="addr:state" v="VT"/>
    <tag k="ref:vcgi:esiteid" v="140787"/>
  </node>
  <node id="-247" visible="true" lat="43.235256379432" lon="-72.843737571967">
    <!-- conflict: "335 Vermont Route 11, Londonderry, VT" Fuzzy match to "335 Vermont Route 11, , VT" -->
    <tag k="addr:city" v="Londonderry"/>
    <tag k="addr:housenumber" v="335"/>
    <tag k="addr:street" v="Vermont Route 11"/>
    <tag k="addr:state" v="VT"/>
    <tag k="ref:vcgi:esiteid" v="140788"/>
  </node>
  <node id="-248" visible="true" lat="43.235699803902" lon="-72.83449504781">
    <!-- conflict: "809 Vermont Route 11, Londonderry, VT" Fuzzy match to "809 Vermont Route 11, , VT" -->
    <tag k="addr:city" v="Londonderry"/>
    <tag k="addr:housenumber" v="809"/>
    <tag k="addr:street" v="Vermont Route 11"/>
    <tag k="addr:state" v="VT"/>
    <tag k="ref:vcgi:esiteid" v="140789"/>
  </node>
  <node id="-249" visible="true" lat="43.235429006314" lon="-72.799126887606">
    <!-- conflict: "74 Evergreen Lane, Londonderry, VT" Fuzzy match to "74 Evergreen Lane, , VT" -->
    <tag k="addr:city" v="Londonderry"/>
    <tag k="addr:housenumber" v="74"/>
    <tag k="addr:street" v="Evergreen Lane"/>
    <tag k="addr:state" v="VT"/>
    <tag k="ref:vcgi:esiteid" v="140790"/>
  </node>
  <node id="-250" visible="true" lat="43.235322193638" lon="-72.810990600343">
    <!-- conflict: "182 Barker Road, Londonderry, VT" Fuzzy match to "182 Barker Road, , VT" -->
    <tag k="addr:city" v="Londonderry"/>
    <tag k="addr:housenumber" v="182"/>
    <tag k="addr:street" v="Barker Road"/>
    <tag k="addr:state" v="VT"/>
    <tag k="ref:vcgi:esiteid" v="140791"/>
  </node>
  <node id="-251" visible="true" lat="43.235139246849" lon="-72.800280219135">
    <!-- conflict: "135 Evergreen Lane, Londonderry, VT" Fuzzy match to "135 Evergreen Lane, , VT" -->
    <tag k="addr:city" v="Londonderry"/>
    <tag k="addr:housenumber" v="135"/>
    <tag k="addr:street" v="Evergreen Lane"/>
    <tag k="addr:state" v="VT"/>
    <tag k="ref:vcgi:esiteid" v="140792"/>
  </node>
  <node id="-252" visible="true" lat="43.235207753322" lon="-72.806603697452">
    <!-- conflict: "599 Hells Peak Road, Londonderry, VT" Fuzzy match to "599 Hells Peak Road, , VT" -->
    <tag k="addr:city" v="Londonderry"/>
    <tag k="addr:housenumber" v="599"/>
    <tag k="addr:street" v="Hells Peak Road"/>
    <tag k="addr:state" v="VT"/>
    <tag k="ref:vcgi:esiteid" v="140793"/>
  </node>
  <node id="-253" visible="true" lat="43.235245899962" lon="-72.784470815566">
    <!-- conflict: "1005 Boynton Road, Londonderry, VT" Fuzzy match to "1005 Boynton Road, , VT" -->
    <tag k="addr:city" v="Londonderry"/>
    <tag k="addr:housenumber" v="1005"/>
    <tag k="addr:street" v="Boynton Road"/>
    <tag k="addr:state" v="VT"/>
    <tag k="ref:vcgi:esiteid" v="140794"/>
  </node>
  <node id="-254" visible="true" lat="43.235097126702" lon="-72.833970344434">
    <!-- conflict: "825 Vermont Route 11, Londonderry, VT" Fuzzy match to "825 Vermont Route 11, , VT" -->
    <tag k="addr:city" v="Londonderry"/>
    <tag k="addr:housenumber" v="825"/>
    <tag k="addr:street" v="Vermont Route 11"/>
    <tag k="addr:state" v="VT"/>
    <tag k="ref:vcgi:esiteid" v="140795"/>
  </node>
  <node id="-255" visible="true" lat="43.235082999205" lon="-72.847872890539">
    <!-- conflict: "124 Vermont Route 11, Londonderry, VT" Fuzzy match to "124 Vermont Route 11, , VT" -->
    <tag k="addr:city" v="Londonderry"/>
    <tag k="addr:housenumber" v="124"/>
    <tag k="addr:street" v="Vermont Route 11"/>
    <tag k="addr:state" v="VT"/>
    <tag k="ref:vcgi:esiteid" v="140796"/>
  </node>
  <node id="-256" visible="true" lat="43.235089029965" lon="-72.796401217984">
    <!-- conflict: "58 Stone Hollow, Londonderry, VT" Fuzzy match to "58 Stone Hollow, , VT" -->
    <tag k="addr:city" v="Londonderry"/>
    <tag k="addr:housenumber" v="58"/>
    <tag k="addr:street" v="Stone Hollow"/>
    <tag k="addr:state" v="VT"/>
    <tag k="ref:vcgi:esiteid" v="140797"/>
  </node>
  <node id="-257" visible="true" lat="43.235200418226" lon="-72.798369040318">
    <!-- conflict: "28 Evergreen Lane, Londonderry, VT" Fuzzy match to "28 Evergreen Lane, , VT" -->
    <tag k="addr:city" v="Londonderry"/>
    <tag k="addr:housenumber" v="28"/>
    <tag k="addr:street" v="Evergreen Lane"/>
    <tag k="addr:state" v="VT"/>
    <tag k="ref:vcgi:esiteid" v="140798"/>
  </node>
  <node id="-258" visible="true" lat="43.235051350352" lon="-72.794610286021">
    <!-- conflict: "166 Cobble Ridge Road, Londonderry, VT" Fuzzy match to "166 Cobble Ridge Road, , VT" -->
    <tag k="addr:city" v="Londonderry"/>
    <tag k="addr:housenumber" v="166"/>
    <tag k="addr:street" v="Cobble Ridge Road"/>
    <tag k="addr:state" v="VT"/>
    <tag k="ref:vcgi:esiteid" v="140799"/>
  </node>
  <node id="-259" visible="true" lat="43.234709327029" lon="-72.840235824438">
    <!-- conflict: "504 Vermont Route 11, Londonderry, VT" Fuzzy match to "504 Vermont Route 11, , VT" -->
    <tag k="addr:city" v="Londonderry"/>
    <tag k="addr:housenumber" v="504"/>
    <tag k="addr:street" v="Vermont Route 11"/>
    <tag k="addr:state" v="VT"/>
    <tag k="ref:vcgi:esiteid" v="140800"/>
  </node>
  <node id="-260" visible="true" lat="43.234921650226" lon="-72.799790646839">
    <!-- conflict: "81 Evergreen Lane, Londonderry, VT" Fuzzy match to "81 Evergreen Lane, , VT" -->
    <tag k="addr:city" v="Londonderry"/>
    <tag k="addr:housenumber" v="81"/>
    <tag k="addr:street" v="Evergreen Lane"/>
    <tag k="addr:state" v="VT"/>
    <tag k="ref:vcgi:esiteid" v="140801"/>
  </node>
  <node id="-261" visible="true" lat="43.234696582363" lon="-72.841210642402">
    <!-- conflict: "462 Vermont Route 11, Londonderry, VT" Fuzzy match to "462 Vermont Route 11, , VT" -->
    <tag k="addr:city" v="Londonderry"/>
    <tag k="addr:housenumber" v="462"/>
    <tag k="addr:street" v="Vermont Route 11"/>
    <tag k="addr:state" v="VT"/>
    <tag k="ref:vcgi:esiteid" v="140802"/>
  </node>
  <node id="-262" visible="true" lat="43.234854642188" lon="-72.822657872902">
    <!-- conflict: "292 Landgrove Road, Londonderry, VT" Fuzzy match to "292 Landgrove Road, , VT" -->
    <tag k="addr:city" v="Londonderry"/>
    <tag k="addr:housenumber" v="292"/>
    <tag k="addr:street" v="Landgrove Road"/>
    <tag k="addr:state" v="VT"/>
    <tag k="ref:vcgi:esiteid" v="140803"/>
  </node>
  <node id="-263" visible="true" lat="43.234704213403" lon="-72.798783565399">
    <!-- conflict: "33 Evergreen Lane, Londonderry, VT" Fuzzy match to "33 Evergreen Lane, , VT" -->
    <tag k="addr:city" v="Londonderry"/>
    <tag k="addr:housenumber" v="33"/>
    <tag k="addr:street" v="Evergreen Lane"/>
    <tag k="addr:state" v="VT"/>
    <tag k="ref:vcgi:esiteid" v="140804"/>
  </node>
  <node id="-264" visible="true" lat="43.234540179988" lon="-72.824326787567">
    <!-- conflict: "241 Landgrove Road, Londonderry, VT" Fuzzy match to "241 Landgrove Road, , VT" -->
    <tag k="addr:city" v="Londonderry"/>
    <tag k="addr:housenumber" v="241"/>
    <tag k="addr:street" v="Landgrove Road"/>
    <tag k="addr:state" v="VT"/>
    <tag k="ref:vcgi:esiteid" v="140805"/>
  </node>
  <node id="-265" visible="true" lat="43.234489286747" lon="-72.831171996952">
    <!-- conflict: "967 Vermont Route 11, Londonderry, VT" Fuzzy match to "967 Vermont Route 11, , VT" -->
    <tag k="addr:city" v="Londonderry"/>
    <tag k="addr:housenumber" v="967"/>
    <tag k="addr:street" v="Vermont Route 11"/>
    <tag k="addr:state" v="VT"/>
    <tag k="ref:vcgi:esiteid" v="140806"/>
  </node>
  <node id="-266" visible="true" lat="43.23440666574" lon="-72.829438482212">
    <!-- conflict: "1055 Vermont Route 11, Londonderry, VT" Fuzzy match to "1055 Vermont Route 11, , VT" -->
    <tag k="addr:city" v="Londonderry"/>
    <tag k="addr:housenumber" v="1055"/>
    <tag k="addr:street" v="Vermont Route 11"/>
    <tag k="addr:state" v="VT"/>
    <tag k="ref:vcgi:esiteid" v="140807"/>
  </node>
  <node id="-267" visible="true" lat="43.234323439667" lon="-72.800185587909">
    <!-- conflict: "6427 Vermont Route 100, Londonderry, VT" Fuzzy match to "6427 Vermont Route 100, , VT" -->
    <tag k="addr:city" v="Londonderry"/>
    <tag k="addr:housenumber" v="6427"/>
    <tag k="addr:street" v="Vermont Route 100"/>
    <tag k="addr:state" v="VT"/>
    <tag k="ref:vcgi:esiteid" v="140808"/>
  </node>
  <node id="-268" visible="true" lat="43.23423924222" lon="-72.846087426705">
    <!-- conflict: "125 Sherwood Forest, Londonderry, VT" Fuzzy match to "125 Sherwood Forest, , VT" -->
    <tag k="addr:city" v="Londonderry"/>
    <tag k="addr:housenumber" v="125"/>
    <tag k="addr:street" v="Sherwood Forest"/>
    <tag k="addr:state" v="VT"/>
    <tag k="ref:vcgi:esiteid" v="140809"/>
  </node>
  <node id="-269" visible="true" lat="43.234160274115" lon="-72.841270479682">
    <!-- conflict: "61 Brophy Lane, Londonderry, VT" Fuzzy match to "61 Brophy Lane, , VT" -->
    <tag k="addr:city" v="Londonderry"/>
    <tag k="addr:housenumber" v="61"/>
    <tag k="addr:street" v="Brophy Lane"/>
    <tag k="addr:state" v="VT"/>
    <tag k="ref:vcgi:esiteid" v="140810"/>
  </node>
  <node id="-270" visible="true" lat="43.234212117598" lon="-72.794732356564">
    <!-- conflict: "224 Cobble Ridge Road, Londonderry, VT" Fuzzy match to "224 Cobble Ridge Road, , VT" -->
    <tag k="addr:city" v="Londonderry"/>
    <tag k="addr:housenumber" v="224"/>
    <tag k="addr:street" v="Cobble Ridge Road"/>
    <tag k="addr:state" v="VT"/>
    <tag k="ref:vcgi:esiteid" v="140811"/>
  </node>
  <node id="-271" visible="true" lat="43.233983233879" lon="-72.845338146453">
    <!-- conflict: "175 Sherwood Forest, Londonderry, VT" Fuzzy match to "175 Sherwood Forest, , VT" -->
    <tag k="addr:city" v="Londonderry"/>
    <tag k="addr:housenumber" v="175"/>
    <tag k="addr:street" v="Sherwood Forest"/>
    <tag k="addr:state" v="VT"/>
    <tag k="ref:vcgi:esiteid" v="140812"/>
  </node>
  <node id="-272" visible="true" lat="43.23412819443" lon="-72.782914417985">
    <!-- conflict: "1139 Boynton Road, Londonderry, VT" Fuzzy match to "1139 Boynton Road, , VT" -->
    <tag k="addr:city" v="Londonderry"/>
    <tag k="addr:housenumber" v="1139"/>
    <tag k="addr:street" v="Boynton Road"/>
    <tag k="addr:state" v="VT"/>
    <tag k="ref:vcgi:esiteid" v="140813"/>
  </node>
  <node id="-273" visible="true" lat="43.233926013164" lon="-72.841286934794">
    <!-- conflict: "73 Brophy Lane, Londonderry, VT" Fuzzy match to "73 Brophy Lane, , VT" -->
    <tag k="addr:city" v="Londonderry"/>
    <tag k="addr:housenumber" v="73"/>
    <tag k="addr:street" v="Brophy Lane"/>
    <tag k="addr:state" v="VT"/>
    <tag k="ref:vcgi:esiteid" v="140814"/>
  </node>
  <node id="-274" visible="true" lat="43.233741328228" lon="-72.830431055182">
    <!-- conflict: "1020 Vermont Route 11, Londonderry, VT" Fuzzy match to "1020 Vermont Route 11, , VT" -->
    <tag k="addr:city" v="Londonderry"/>
    <tag k="addr:housenumber" v="1020"/>
    <tag k="addr:street" v="Vermont Route 11"/>
    <tag k="addr:state" v="VT"/>
    <tag k="ref:vcgi:esiteid" v="140815"/>
  </node>
  <node id="-275" visible="true" lat="43.233801255384" lon="-72.844729061078">
    <!-- conflict: "205 Sherwood Forest, Londonderry, VT" Fuzzy match to "205 Sherwood Forest, , VT" -->
    <tag k="addr:city" v="Londonderry"/>
    <tag k="addr:housenumber" v="205"/>
    <tag k="addr:street" v="Sherwood Forest"/>
    <tag k="addr:state" v="VT"/>
    <tag k="ref:vcgi:esiteid" v="140816"/>
  </node>
  <node id="-276" visible="true" lat="43.233801610528" lon="-72.795717814033">
    <!-- conflict: "165 Stone Hollow, Londonderry, VT" Fuzzy match to "165 Stone Hollow, , VT" -->
    <tag k="addr:city" v="Londonderry"/>
    <tag k="addr:housenumber" v="165"/>
    <tag k="addr:street" v="Stone Hollow"/>
    <tag k="addr:state" v="VT"/>
    <tag k="ref:vcgi:esiteid" v="140817"/>
  </node>
  <node id="-277" visible="true" lat="43.233662800723" lon="-72.822091372532">
    <!-- conflict: "216 Landgrove Road, Londonderry, VT" Fuzzy match to "216 Landgrove Road, , VT" -->
    <tag k="addr:city" v="Londonderry"/>
    <tag k="addr:housenumber" v="216"/>
    <tag k="addr:street" v="Landgrove Road"/>
    <tag k="addr:state" v="VT"/>
    <tag k="ref:vcgi:esiteid" v="140818"/>
  </node>
  <node id="-278" visible="true" lat="43.233732410269" lon="-72.755510266723">
    <!-- conflict: "2232 Little Pond Road, Londonderry, VT" Fuzzy match to "2232 Little Pond Road, , VT" -->
    <tag k="addr:city" v="Londonderry"/>
    <tag k="addr:housenumber" v="2232"/>
    <tag k="addr:street" v="Little Pond Road"/>
    <tag k="addr:state" v="VT"/>
    <tag k="ref:vcgi:esiteid" v="140819"/>
  </node>
  <node id="-279" visible="true" lat="43.233639910871" lon="-72.819268496343">
    <!-- conflict: "228 Pingree Park Lane, Londonderry, VT" Fuzzy match to "228 Pingree Park Lane, , VT" -->
    <tag k="addr:city" v="Londonderry"/>
    <tag k="addr:housenumber" v="228"/>
    <tag k="addr:street" v="Pingree Park Lane"/>
    <tag k="addr:state" v="VT"/>
    <tag k="ref:vcgi:esiteid" v="140820"/>
  </node>
  <node id="-280" visible="true" lat="43.233368409751" lon="-72.845873931353">
    <!-- conflict: "162 Sherwood Forest, Londonderry, VT" Fuzzy match to "162 Sherwood Forest, , VT" -->
    <tag k="addr:city" v="Londonderry"/>
    <tag k="addr:housenumber" v="162"/>
    <tag k="addr:street" v="Sherwood Forest"/>
    <tag k="addr:state" v="VT"/>
    <tag k="ref:vcgi:esiteid" v="140821"/>
  </node>
  <node id="-281" visible="true" lat="43.233447454941" lon="-72.809058254182">
    <!-- conflict: "421 Hells Peak Road, Londonderry, VT" Fuzzy match to "421 Hells Peak Road, , VT" -->
    <tag k="addr:city" v="Londonderry"/>
    <tag k="addr:housenumber" v="421"/>
    <tag k="addr:street" v="Hells Peak Road"/>
    <tag k="addr:state" v="VT"/>
    <tag k="ref:vcgi:esiteid" v="140822"/>
  </node>
  <node id="-282" visible="true" lat="43.233152542445" lon="-72.842474603173">
    <!-- conflict: "114 Brophy Lane, Londonderry, VT" Fuzzy match to "114 Brophy Lane, , VT" -->
    <tag k="addr:city" v="Londonderry"/>
    <tag k="addr:housenumber" v="114"/>
    <tag k="addr:street" v="Brophy Lane"/>
    <tag k="addr:state" v="VT"/>
    <tag k="ref:vcgi:esiteid" v="140823"/>
  </node>
  <node id="-283" visible="true" lat="43.233446664461" lon="-72.81161429964">
    <!-- conflict: "19 Barker Road, Londonderry, VT" Fuzzy match to "19 Barker Road, , VT" -->
    <tag k="addr:city" v="Londonderry"/>
    <tag k="addr:housenumber" v="19"/>
    <tag k="addr:street" v="Barker Road"/>
    <tag k="addr:state" v="VT"/>
    <tag k="ref:vcgi:esiteid" v="140824"/>
  </node>
  <node id="-284" visible="true" lat="43.233361439449" lon="-72.82302978991">
    <!-- conflict: "203 Landgrove Road, Londonderry, VT" Fuzzy match to "203 Landgrove Road, , VT" -->
    <tag k="addr:city" v="Londonderry"/>
    <tag k="addr:housenumber" v="203"/>
    <tag k="addr:street" v="Landgrove Road"/>
    <tag k="addr:state" v="VT"/>
    <tag k="ref:vcgi:esiteid" v="140825"/>
  </node>
  <node id="-285" visible="true" lat="43.233229063928" lon="-72.843954254834">
    <!-- conflict: "243 Sherwood Forest, Londonderry, VT" Fuzzy match to "243 Sherwood Forest, , VT" -->
    <tag k="addr:city" v="Londonderry"/>
    <tag k="addr:housenumber" v="243"/>
    <tag k="addr:street" v="Sherwood Forest"/>
    <tag k="addr:state" v="VT"/>
    <tag k="ref:vcgi:esiteid" v="140826"/>
  </node>
  <node id="-286" visible="true" lat="43.233193591193" lon="-72.825646672383">
    <!-- conflict: "606 Old Stowell Hill, Londonderry, VT" Fuzzy match to "606 Old Stowell Hill, , VT" -->
    <tag k="addr:city" v="Londonderry"/>
    <tag k="addr:housenumber" v="606"/>
    <tag k="addr:street" v="Old Stowell Hill"/>
    <tag k="addr:state" v="VT"/>
    <tag k="ref:vcgi:esiteid" v="140827"/>
  </node>
  <node id="-287" visible="true" lat="43.233163074993" lon="-72.799935604535">
    <!-- conflict: "6371 Vermont Route 100, Londonderry, VT" Fuzzy match to "6371 Vermont Route 100, , VT" -->
    <tag k="addr:city" v="Londonderry"/>
    <tag k="addr:housenumber" v="6371"/>
    <tag k="addr:street" v="Vermont Route 100"/>
    <tag k="addr:state" v="VT"/>
    <tag k="ref:vcgi:esiteid" v="140828"/>
  </node>
  <node id="-288" visible="true" lat="43.233189779439" lon="-72.766457811419">
    <!-- conflict: "1625 Little Pond Road, Londonderry, VT" Fuzzy match to "1625 Little Pond Road, , VT" -->
    <tag k="addr:city" v="Londonderry"/>
    <tag k="addr:housenumber" v="1625"/>
    <tag k="addr:street" v="Little Pond Road"/>
    <tag k="addr:state" v="VT"/>
    <tag k="ref:vcgi:esiteid" v="140829"/>
  </node>
  <node id="-289" visible="true" lat="43.233026974335" lon="-72.82468786381">
    <!-- conflict: "560 Old Stowell Hill, Londonderry, VT" Fuzzy match to "560 Old Stowell Hill, , VT" -->
    <tag k="addr:city" v="Londonderry"/>
    <tag k="addr:housenumber" v="560"/>
    <tag k="addr:street" v="Old Stowell Hill"/>
    <tag k="addr:state" v="VT"/>
    <tag k="ref:vcgi:esiteid" v="140830"/>
  </node>
  <node id="-290" visible="true" lat="43.233002857852" lon="-72.794892573761">
    <!-- conflict: "634 Derry Woods Road, Londonderry, VT" Fuzzy match to "634 Derry Woods Road, , VT" -->
    <tag k="addr:city" v="Londonderry"/>
    <tag k="addr:housenumber" v="634"/>
    <tag k="addr:street" v="Derry Woods Road"/>
    <tag k="addr:state" v="VT"/>
    <tag k="ref:vcgi:esiteid" v="140831"/>
  </node>
  <node id="-291" visible="true" lat="43.232899861358" lon="-72.799447322972">
    <!-- conflict: "6405 Vermont Route 100, Londonderry, VT" Fuzzy match to "6405 Vermont Route 100, , VT" -->
    <tag k="addr:city" v="Londonderry"/>
    <tag k="addr:housenumber" v="6405"/>
    <tag k="addr:street" v="Vermont Route 100"/>
    <tag k="addr:state" v="VT"/>
    <tag k="ref:vcgi:esiteid" v="140832"/>
  </node>
  <node id="-292" visible="true" lat="43.232767985857" lon="-72.841400409218">
    <!-- conflict: "115 Brophy Lane, Londonderry, VT" Fuzzy match to "115 Brophy Lane, , VT" -->
    <tag k="addr:city" v="Londonderry"/>
    <tag k="addr:housenumber" v="115"/>
    <tag k="addr:street" v="Brophy Lane"/>
    <tag k="addr:state" v="VT"/>
    <tag k="ref:vcgi:esiteid" v="140833"/>
  </node>
  <node id="-293" visible="true" lat="43.232728198733" lon="-72.843835154277">
    <!-- conflict: "275 Sherwood Forest, Londonderry, VT" Fuzzy match to "275 Sherwood Forest, , VT" -->
    <tag k="addr:city" v="Londonderry"/>
    <tag k="addr:housenumber" v="275"/>
    <tag k="addr:street" v="Sherwood Forest"/>
    <tag k="addr:state" v="VT"/>
    <tag k="ref:vcgi:esiteid" v="140834"/>
  </node>
  <node id="-294" visible="true" lat="43.232793049078" lon="-72.821610721948">
    <!-- conflict: "154 Landgrove Road, Londonderry, VT" Fuzzy match to "154 Landgrove Road, , VT" -->
    <tag k="addr:city" v="Londonderry"/>
    <tag k="addr:housenumber" v="154"/>
    <tag k="addr:street" v="Landgrove Road"/>
    <tag k="addr:state" v="VT"/>
    <tag k="ref:vcgi:esiteid" v="140835"/>
  </node>
  <node id="-295" visible="true" lat="43.232664612522" lon="-72.842163260103">
    <!-- conflict: "176 Brophy Lane, Londonderry, VT" Fuzzy match to "176 Brophy Lane, , VT" -->
    <tag k="addr:city" v="Londonderry"/>
    <tag k="addr:housenumber" v="176"/>
    <tag k="addr:street" v="Brophy Lane"/>
    <tag k="addr:state" v="VT"/>
    <tag k="ref:vcgi:esiteid" v="140836"/>
  </node>
  <node id="-296" visible="true" lat="43.232859863081" lon="-72.824291365626">
    <!-- conflict: "534 Old Stowell Hill, Londonderry, VT" Fuzzy match to "534 Old Stowell Hill, , VT" -->
    <tag k="addr:city" v="Londonderry"/>
    <tag k="addr:housenumber" v="534"/>
    <tag k="addr:street" v="Old Stowell Hill"/>
    <tag k="addr:state" v="VT"/>
    <tag k="ref:vcgi:esiteid" v="140837"/>
  </node>
  <node id="-297" visible="true" lat="43.232892234121" lon="-72.756852400236">
    <!-- conflict: "2205 Little Pond Road, Londonderry, VT" Fuzzy match to "2205 Little Pond Road, , VT" -->
    <tag k="addr:city" v="Londonderry"/>
    <tag k="addr:housenumber" v="2205"/>
    <tag k="addr:street" v="Little Pond Road"/>
    <tag k="addr:state" v="VT"/>
    <tag k="ref:vcgi:esiteid" v="140838"/>
  </node>
  <node id="-298" visible="true" lat="43.232475372033" lon="-72.841383417007">
    <!-- conflict: "155 Brophy Lane, Londonderry, VT" Fuzzy match to "155 Brophy Lane, , VT" -->
    <tag k="addr:city" v="Londonderry"/>
    <tag k="addr:housenumber" v="155"/>
    <tag k="addr:street" v="Brophy Lane"/>
    <tag k="addr:state" v="VT"/>
    <tag k="ref:vcgi:esiteid" v="140839"/>
  </node>
  <node id="-299" visible="true" lat="43.232625204656" lon="-72.763604415966">
    <!-- conflict: "1756 Little Pond Road, Londonderry, VT" Fuzzy match to "1756 Little Pond Road, , VT" -->
    <tag k="addr:city" v="Londonderry"/>
    <tag k="addr:housenumber" v="1756"/>
    <tag k="addr:street" v="Little Pond Road"/>
    <tag k="addr:state" v="VT"/>
    <tag k="ref:vcgi:esiteid" v="140840"/>
  </node>
  <node id="-300" visible="true" lat="43.232545094123" lon="-72.768151536334">
    <!-- conflict: "1533 Little Pond Road, Londonderry, VT" Fuzzy match to "1533 Little Pond Road, , VT" -->
    <tag k="addr:city" v="Londonderry"/>
    <tag k="addr:housenumber" v="1533"/>
    <tag k="addr:street" v="Little Pond Road"/>
    <tag k="addr:state" v="VT"/>
    <tag k="ref:vcgi:esiteid" v="140841"/>
  </node>
  <node id="-301" visible="true" lat="43.232438283143" lon="-72.808861997636">
    <!-- conflict: "366 Hells Peak Road, Londonderry, VT" Fuzzy match to "366 Hells Peak Road, , VT" -->
    <tag k="addr:city" v="Londonderry"/>
    <tag k="addr:housenumber" v="366"/>
    <tag k="addr:street" v="Hells Peak Road"/>
    <tag k="addr:state" v="VT"/>
    <tag k="ref:vcgi:esiteid" v="140842"/>
  </node>
  <node id="-302" visible="true" lat="43.232239916877" lon="-72.843720713368">
    <!-- conflict: "309 Sherwood Forest, Londonderry, VT" Fuzzy match to "309 Sherwood Forest, , VT" -->
    <tag k="addr:city" v="Londonderry"/>
    <tag k="addr:housenumber" v="309"/>
    <tag k="addr:street" v="Sherwood Forest"/>
    <tag k="addr:state" v="VT"/>
    <tag k="ref:vcgi:esiteid" v="140843"/>
  </node>
  <node id="-303" visible="true" lat="43.232220842489" lon="-72.844949047821">
    <!-- conflict: "300 Sherwood Forest, Londonderry, VT" Fuzzy match to "300 Sherwood Forest, , VT" -->
    <tag k="addr:city" v="Londonderry"/>
    <tag k="addr:housenumber" v="300"/>
    <tag k="addr:street" v="Sherwood Forest"/>
    <tag k="addr:state" v="VT"/>
    <tag k="ref:vcgi:esiteid" v="140844"/>
  </node>
  <node id="-304" visible="true" lat="43.232342914192" lon="-72.797845150565">
    <!-- conflict: "218 Otter Lane, Londonderry, VT" Fuzzy match to "218 Otter Lane, , VT" -->
    <tag k="addr:city" v="Londonderry"/>
    <tag k="addr:housenumber" v="218"/>
    <tag k="addr:street" v="Otter Lane"/>
    <tag k="addr:state" v="VT"/>
    <tag k="ref:vcgi:esiteid" v="140845"/>
  </node>
  <node id="-305" visible="true" lat="43.232249389304" lon="-72.810009950677">
    <!-- conflict: "331 Hells Peak Road, Londonderry, VT" Fuzzy match to "331 Hells Peak Road, , VT" -->
    <tag k="addr:city" v="Londonderry"/>
    <tag k="addr:housenumber" v="331"/>
    <tag k="addr:street" v="Hells Peak Road"/>
    <tag k="addr:state" v="VT"/>
    <tag k="ref:vcgi:esiteid" v="140846"/>
  </node>
  <node id="-306" visible="true" lat="43.232217029943" lon="-72.818131716728">
    <!-- conflict: "132 Pingree Park Lane, Londonderry, VT" Fuzzy match to "132 Pingree Park Lane, , VT" -->
    <tag k="addr:city" v="Londonderry"/>
    <tag k="addr:housenumber" v="132"/>
    <tag k="addr:street" v="Pingree Park Lane"/>
    <tag k="addr:state" v="VT"/>
    <tag k="ref:vcgi:esiteid" v="140847"/>
  </node>
  <node id="-307" visible="true" lat="43.232062100711" lon="-72.823738144318">
    <!-- conflict: "503 Old Stowell Hill, Londonderry, VT" Fuzzy match to "503 Old Stowell Hill, , VT" -->
    <tag k="addr:city" v="Londonderry"/>
    <tag k="addr:housenumber" v="503"/>
    <tag k="addr:street" v="Old Stowell Hill"/>
    <tag k="addr:state" v="VT"/>
    <tag k="ref:vcgi:esiteid" v="140848"/>
  </node>
  <node id="-308" visible="true" lat="43.232228475507" lon="-72.795754693653">
    <!-- conflict: "519 Derry Woods Road, Londonderry, VT" Fuzzy match to "519 Derry Woods Road, , VT" -->
    <tag k="addr:city" v="Londonderry"/>
    <tag k="addr:housenumber" v="519"/>
    <tag k="addr:street" v="Derry Woods Road"/>
    <tag k="addr:state" v="VT"/>
    <tag k="ref:vcgi:esiteid" v="140849"/>
  </node>
  <node id="-309" visible="true" lat="43.232213214311" lon="-72.794762873914">
    <!-- conflict: "580 Derry Woods Road, Londonderry, VT" Fuzzy match to "580 Derry Woods Road, , VT" -->
    <tag k="addr:city" v="Londonderry"/>
    <tag k="addr:housenumber" v="580"/>
    <tag k="addr:street" v="Derry Woods Road"/>
    <tag k="addr:state" v="VT"/>
    <tag k="ref:vcgi:esiteid" v="140850"/>
  </node>
  <node id="-310" visible="true" lat="43.231942768733" lon="-72.842125884719">
    <!-- conflict: "204 Brophy Lane, Londonderry, VT" Fuzzy match to "204 Brophy Lane, , VT" -->
    <tag k="addr:city" v="Londonderry"/>
    <tag k="addr:housenumber" v="204"/>
    <tag k="addr:street" v="Brophy Lane"/>
    <tag k="addr:state" v="VT"/>
    <tag k="ref:vcgi:esiteid" v="140851"/>
  </node>
  <node id="-311" visible="true" lat="43.232041553354" lon="-72.841462413157">
    <!-- conflict: "205 Brophy Lane, Londonderry, VT" Fuzzy match to "205 Brophy Lane, , VT" -->
    <tag k="addr:city" v="Londonderry"/>
    <tag k="addr:housenumber" v="205"/>
    <tag k="addr:street" v="Brophy Lane"/>
    <tag k="addr:state" v="VT"/>
    <tag k="ref:vcgi:esiteid" v="140852"/>
  </node>
  <node id="-312" visible="true" lat="43.231957629052" lon="-72.843438425361">
    <!-- conflict: "339 Sherwood Forest, Londonderry, VT" Fuzzy match to "339 Sherwood Forest, , VT" -->
    <tag k="addr:city" v="Londonderry"/>
    <tag k="addr:housenumber" v="339"/>
    <tag k="addr:street" v="Sherwood Forest"/>
    <tag k="addr:state" v="VT"/>
    <tag k="ref:vcgi:esiteid" v="140853"/>
  </node>
  <node id="-313" visible="true" lat="43.231915666977" lon="-72.844567577851">
    <!-- conflict: "320 Sherwood Forest, Londonderry, VT" Fuzzy match to "320 Sherwood Forest, , VT" -->
    <tag k="addr:city" v="Londonderry"/>
    <tag k="addr:housenumber" v="320"/>
    <tag k="addr:street" v="Sherwood Forest"/>
    <tag k="addr:state" v="VT"/>
    <tag k="ref:vcgi:esiteid" v="140854"/>
  </node>
  <node id="-314" visible="true" lat="43.231656267869" lon="-72.844231882629">
    <!-- conflict: "340 Sherwood Forest, Londonderry, VT" Fuzzy match to "340 Sherwood Forest, , VT" -->
    <tag k="addr:city" v="Londonderry"/>
    <tag k="addr:housenumber" v="340"/>
    <tag k="addr:street" v="Sherwood Forest"/>
    <tag k="addr:state" v="VT"/>
    <tag k="ref:vcgi:esiteid" v="140855"/>
  </node>
  <node id="-315" visible="true" lat="43.231724934345" lon="-72.819237977121">
    <!-- conflict: "268 Old Stowell Hill, Londonderry, VT" Fuzzy match to "268 Old Stowell Hill, , VT" -->
    <tag k="addr:city" v="Londonderry"/>
    <tag k="addr:housenumber" v="268"/>
    <tag k="addr:street" v="Old Stowell Hill"/>
    <tag k="addr:state" v="VT"/>
    <tag k="ref:vcgi:esiteid" v="140856"/>
  </node>
  <node id="-316" visible="true" lat="43.231633380794" lon="-72.824830326957">
    <!-- conflict: "1347 Vermont Route 11, Londonderry, VT" Fuzzy match to "1347 Vermont Route 11, , VT" -->
    <tag k="addr:city" v="Londonderry"/>
    <tag k="addr:housenumber" v="1347"/>
    <tag k="addr:street" v="Vermont Route 11"/>
    <tag k="addr:state" v="VT"/>
    <tag k="ref:vcgi:esiteid" v="140857"/>
  </node>
  <node id="-317" visible="true" lat="43.231629565429" lon="-72.808175353028">
    <!-- conflict: "137 Lorenzo Lane, Londonderry, VT" Fuzzy match to "137 Lorenzo Lane, , VT" -->
    <tag k="addr:city" v="Londonderry"/>
    <tag k="addr:housenumber" v="137"/>
    <tag k="addr:street" v="Lorenzo Lane"/>
    <tag k="addr:state" v="VT"/>
    <tag k="ref:vcgi:esiteid" v="140858"/>
  </node>
  <node id="-318" visible="true" lat="43.231544132375" lon="-72.843327012563">
    <!-- conflict: "367 Sherwood Forest, Londonderry, VT" Fuzzy match to "367 Sherwood Forest, , VT" -->
    <tag k="addr:city" v="Londonderry"/>
    <tag k="addr:housenumber" v="367"/>
    <tag k="addr:street" v="Sherwood Forest"/>
    <tag k="addr:state" v="VT"/>
    <tag k="ref:vcgi:esiteid" v="140859"/>
  </node>
  <node id="-319" visible="true" lat="43.231550631592" lon="-72.822078694638">
    <!-- conflict: "411 Old Stowell Hill, Londonderry, VT" Fuzzy match to "411 Old Stowell Hill, , VT" -->
    <tag k="addr:city" v="Londonderry"/>
    <tag k="addr:housenumber" v="411"/>
    <tag k="addr:street" v="Old Stowell Hill"/>
    <tag k="addr:state" v="VT"/>
    <tag k="ref:vcgi:esiteid" v="140860"/>
  </node>
  <node id="-320" visible="true" lat="43.231624684043" lon="-72.820709499568">
    <!-- conflict: "351 Old Stowell Hill, Londonderry, VT" Fuzzy match to "351 Old Stowell Hill, , VT" -->
    <tag k="addr:city" v="Londonderry"/>
    <tag k="addr:housenumber" v="351"/>
    <tag k="addr:street" v="Old Stowell Hill"/>
    <tag k="addr:state" v="VT"/>
    <tag k="ref:vcgi:esiteid" v="140861"/>
  </node>
  <node id="-321" visible="true" lat="43.231465535186" lon="-72.809876707414">
    <!-- conflict: "278 Hells Peak Road, Londonderry, VT" Fuzzy match to "278 Hells Peak Road, , VT" -->
    <tag k="addr:city" v="Londonderry"/>
    <tag k="addr:housenumber" v="278"/>
    <tag k="addr:street" v="Hells Peak Road"/>
    <tag k="addr:state" v="VT"/>
    <tag k="ref:vcgi:esiteid" v="140862"/>
  </node>
  <node id="-322" visible="true" lat="43.231470366429" lon="-72.841390305159">
    <!-- conflict: "235 Brophy Lane, Londonderry, VT" Fuzzy match to "235 Brophy Lane, , VT" -->
    <tag k="addr:city" v="Londonderry"/>
    <tag k="addr:housenumber" v="235"/>
    <tag k="addr:street" v="Brophy Lane"/>
    <tag k="addr:state" v="VT"/>
    <tag k="ref:vcgi:esiteid" v="140863"/>
  </node>
  <node id="-323" visible="true" lat="43.231461719916" lon="-72.798249508155">
    <!-- conflict: "190 Otter Lane, Londonderry, VT" Fuzzy match to "190 Otter Lane, , VT" -->
    <tag k="addr:city" v="Londonderry"/>
    <tag k="addr:housenumber" v="190"/>
    <tag k="addr:street" v="Otter Lane"/>
    <tag k="addr:state" v="VT"/>
    <tag k="ref:vcgi:esiteid" v="140864"/>
  </node>
  <node id="-324" visible="true" lat="43.231414610624" lon="-72.806967227574">
    <!-- conflict: "138 Lorenzo Lane, Londonderry, VT" Fuzzy match to "138 Lorenzo Lane, , VT" -->
    <tag k="addr:city" v="Londonderry"/>
    <tag k="addr:housenumber" v="138"/>
    <tag k="addr:street" v="Lorenzo Lane"/>
    <tag k="addr:state" v="VT"/>
    <tag k="ref:vcgi:esiteid" v="140865"/>
  </node>
  <node id="-325" visible="true" lat="43.231435016305" lon="-72.793656609195">
    <!-- conflict: "89 Derry Woods East, Londonderry, VT" Fuzzy match to "89 Derry Woods East, , VT" -->
    <tag k="addr:city" v="Londonderry"/>
    <tag k="addr:housenumber" v="89"/>
    <tag k="addr:street" v="Derry Woods East"/>
    <tag k="addr:state" v="VT"/>
    <tag k="ref:vcgi:esiteid" v="140866"/>
  </node>
  <node id="-326" visible="true" lat="43.231400684993" lon="-72.80246093457">
    <!-- conflict: "6205 Vermont Route 100, Londonderry, VT" Fuzzy match to "6205 Vermont Route 100, , VT" -->
    <tag k="addr:city" v="Londonderry"/>
    <tag k="addr:housenumber" v="6205"/>
    <tag k="addr:street" v="Vermont Route 100"/>
    <tag k="addr:state" v="VT"/>
    <tag k="ref:vcgi:esiteid" v="140867"/>
  </node>
  <node id="-327" visible="true" lat="43.231259539054" lon="-72.842606822196">
    <!-- conflict: "264 Brophy Lane, Londonderry, VT" Fuzzy match to "264 Brophy Lane, , VT" -->
    <tag k="addr:city" v="Londonderry"/>
    <tag k="addr:housenumber" v="264"/>
    <tag k="addr:street" v="Brophy Lane"/>
    <tag k="addr:state" v="VT"/>
    <tag k="ref:vcgi:esiteid" v="140868"/>
  </node>
  <node id="-328" visible="true" lat="43.231171802207" lon="-72.819794925224">
    <!-- conflict: "188 Sugarbush Road, Londonderry, VT" Fuzzy match to "188 Sugarbush Road, , VT" -->
    <tag k="addr:city" v="Londonderry"/>
    <tag k="addr:housenumber" v="188"/>
    <tag k="addr:street" v="Sugarbush Road"/>
    <tag k="addr:state" v="VT"/>
    <tag k="ref:vcgi:esiteid" v="140869"/>
  </node>
  <node id="-329" visible="true" lat="43.231180473622" lon="-72.843899053257">
    <!-- conflict: "378 Sherwood Forest, Londonderry, VT" Fuzzy match to "378 Sherwood Forest, , VT" -->
    <tag k="addr:city" v="Londonderry"/>
    <tag k="addr:housenumber" v="378"/>
    <tag k="addr:street" v="Sherwood Forest"/>
    <tag k="addr:state" v="VT"/>
    <tag k="ref:vcgi:esiteid" v="140870"/>
  </node>
  <node id="-330" visible="true" lat="43.231206136075" lon="-72.796296382697">
    <!-- conflict: "475 Derry Woods Road, Londonderry, VT" Fuzzy match to "475 Derry Woods Road, , VT" -->
    <tag k="addr:city" v="Londonderry"/>
    <tag k="addr:housenumber" v="475"/>
    <tag k="addr:street" v="Derry Woods Road"/>
    <tag k="addr:state" v="VT"/>
    <tag k="ref:vcgi:esiteid" v="140871"/>
  </node>
  <node id="-331" visible="true" lat="43.231042103034" lon="-72.803620602303">
    <!-- conflict: "6135 Vermont Route 100, Londonderry, VT" Fuzzy match to "6135 Vermont Route 100, , VT" -->
    <tag k="addr:city" v="Londonderry"/>
    <tag k="addr:housenumber" v="6135"/>
    <tag k="addr:street" v="Vermont Route 100"/>
    <tag k="addr:state" v="VT"/>
    <tag k="ref:vcgi:esiteid" v="140872"/>
  </node>
  <node id="-332" visible="true" lat="43.230862810637" lon="-72.842744151772">
    <!-- conflict: "425 Sherwood Forest, Londonderry, VT" Fuzzy match to "425 Sherwood Forest, , VT" -->
    <tag k="addr:city" v="Londonderry"/>
    <tag k="addr:housenumber" v="425"/>
    <tag k="addr:street" v="Sherwood Forest"/>
    <tag k="addr:state" v="VT"/>
    <tag k="ref:vcgi:esiteid" v="140873"/>
  </node>
  <node id="-333" visible="true" lat="43.230769540376" lon="-72.843543925096">
    <!-- conflict: "412 Sherwood Forest, Londonderry, VT" Fuzzy match to "412 Sherwood Forest, , VT" -->
    <tag k="addr:city" v="Londonderry"/>
    <tag k="addr:housenumber" v="412"/>
    <tag k="addr:street" v="Sherwood Forest"/>
    <tag k="addr:state" v="VT"/>
    <tag k="ref:vcgi:esiteid" v="140874"/>
  </node>
  <node id="-334" visible="true" lat="43.230893328374" lon="-72.819001467504">
    <!-- conflict: "229 Old Stowell Hill, Londonderry, VT" Fuzzy match to "229 Old Stowell Hill, , VT" -->
    <tag k="addr:city" v="Londonderry"/>
    <tag k="addr:housenumber" v="229"/>
    <tag k="addr:street" v="Old Stowell Hill"/>
    <tag k="addr:state" v="VT"/>
    <tag k="ref:vcgi:esiteid" v="140875"/>
  </node>
  <node id="-335" visible="true" lat="43.230954365724" lon="-72.795495294066">
    <!-- conflict: "17 Derry Woods East, Londonderry, VT" Fuzzy match to "17 Derry Woods East, , VT" -->
    <tag k="addr:city" v="Londonderry"/>
    <tag k="addr:housenumber" v="17"/>
    <tag k="addr:street" v="Derry Woods East"/>
    <tag k="addr:state" v="VT"/>
    <tag k="ref:vcgi:esiteid" v="140876"/>
  </node>
  <node id="-336" visible="true" lat="43.230968474541" lon="-72.809422889402">
    <!-- conflict: "238 Hells Peak Road, Londonderry, VT" Fuzzy match to "238 Hells Peak Road, , VT" -->
    <tag k="addr:city" v="Londonderry"/>
    <tag k="addr:housenumber" v="238"/>
    <tag k="addr:street" v="Hells Peak Road"/>
    <tag k="addr:state" v="VT"/>
    <tag k="ref:vcgi:esiteid" v="140877"/>
  </node>
  <node id="-337" visible="true" lat="43.230961995637" lon="-72.7710201893">
    <!-- conflict: "1347 Little Pond Road, Londonderry, VT" Fuzzy match to "1347 Little Pond Road, , VT" -->
    <tag k="addr:city" v="Londonderry"/>
    <tag k="addr:housenumber" v="1347"/>
    <tag k="addr:street" v="Little Pond Road"/>
    <tag k="addr:state" v="VT"/>
    <tag k="ref:vcgi:esiteid" v="140878"/>
  </node>
  <node id="-338" visible="true" lat="43.230805591701" lon="-72.797112726974">
    <!-- conflict: "431 Derry Woods Road, Londonderry, VT" Fuzzy match to "431 Derry Woods Road, , VT" -->
    <tag k="addr:city" v="Londonderry"/>
    <tag k="addr:housenumber" v="431"/>
    <tag k="addr:street" v="Derry Woods Road"/>
    <tag k="addr:state" v="VT"/>
    <tag k="ref:vcgi:esiteid" v="140879"/>
  </node>
  <node id="-339" visible="true" lat="43.231088095464" lon="-72.771451287228">
    <!-- conflict: "1319 Little Pond Road, Londonderry, VT" Fuzzy match to "1319 Little Pond Road, , VT" -->
    <tag k="addr:city" v="Londonderry"/>
    <tag k="addr:housenumber" v="1319"/>
    <tag k="addr:street" v="Little Pond Road"/>
    <tag k="addr:state" v="VT"/>
    <tag k="ref:vcgi:esiteid" v="140880"/>
  </node>
  <node id="-340" visible="true" lat="43.230687336606" lon="-72.810731200509">
    <!-- conflict: "223 Hells Peak Road, Londonderry, VT" Fuzzy match to "223 Hells Peak Road, , VT" -->
    <tag k="addr:city" v="Londonderry"/>
    <tag k="addr:housenumber" v="223"/>
    <tag k="addr:street" v="Hells Peak Road"/>
    <tag k="addr:state" v="VT"/>
    <tag k="ref:vcgi:esiteid" v="140881"/>
  </node>
  <node id="-341" visible="true" lat="43.230664446172" lon="-72.818085940891">
    <!-- conflict: "199 Old Stowell Hill, Londonderry, VT" Fuzzy match to "199 Old Stowell Hill, , VT" -->
    <tag k="addr:city" v="Londonderry"/>
    <tag k="addr:housenumber" v="199"/>
    <tag k="addr:street" v="Old Stowell Hill"/>
    <tag k="addr:state" v="VT"/>
    <tag k="ref:vcgi:esiteid" v="140882"/>
  </node>
  <node id="-342" visible="true" lat="43.230727558541" lon="-72.772162575622">
    <!-- conflict: "1289 Little Pond Road, Londonderry, VT" Fuzzy match to "1289 Little Pond Road, , VT" -->
    <tag k="addr:city" v="Londonderry"/>
    <tag k="addr:housenumber" v="1289"/>
    <tag k="addr:street" v="Little Pond Road"/>
    <tag k="addr:state" v="VT"/>
    <tag k="ref:vcgi:esiteid" v="140883"/>
  </node>
  <node id="-343" visible="true" lat="43.230599597247" lon="-72.799393915666">
    <!-- conflict: "101 Otter Lane, Londonderry, VT" Fuzzy match to "101 Otter Lane, , VT" -->
    <tag k="addr:city" v="Londonderry"/>
    <tag k="addr:housenumber" v="101"/>
    <tag k="addr:street" v="Otter Lane"/>
    <tag k="addr:state" v="VT"/>
    <tag k="ref:vcgi:esiteid" v="140884"/>
  </node>
  <node id="-344" visible="true" lat="43.230538562575" lon="-72.819916995078">
    <!-- conflict: "148 Sugarbush Road, Londonderry, VT" Fuzzy match to "148 Sugarbush Road, , VT" -->
    <tag k="addr:city" v="Londonderry"/>
    <tag k="addr:housenumber" v="148"/>
    <tag k="addr:street" v="Sugarbush Road"/>
    <tag k="addr:state" v="VT"/>
    <tag k="ref:vcgi:esiteid" v="140885"/>
  </node>
  <node id="-345" visible="true" lat="43.230500416557" lon="-72.796235345603">
    <!-- conflict: "444 Derry Woods Road, Londonderry, VT" Fuzzy match to "444 Derry Woods Road, , VT" -->
    <tag k="addr:city" v="Londonderry"/>
    <tag k="addr:housenumber" v="444"/>
    <tag k="addr:street" v="Derry Woods Road"/>
    <tag k="addr:state" v="VT"/>
    <tag k="ref:vcgi:esiteid" v="140886"/>
  </node>
  <node id="-346" visible="true" lat="43.230347828671" lon="-72.817483217467">
    <!-- conflict: "133 Old Stowell Hill, Londonderry, VT" Fuzzy match to "133 Old Stowell Hill, , VT" -->
    <tag k="addr:city" v="Londonderry"/>
    <tag k="addr:housenumber" v="133"/>
    <tag k="addr:street" v="Old Stowell Hill"/>
    <tag k="addr:state" v="VT"/>
    <tag k="ref:vcgi:esiteid" v="140887"/>
  </node>
  <node id="-347" visible="true" lat="43.230252458584" lon="-72.843255321724">
    <!-- conflict: "452 Sherwood Forest, Londonderry, VT" Fuzzy match to "452 Sherwood Forest, , VT" -->
    <tag k="addr:city" v="Londonderry"/>
    <tag k="addr:housenumber" v="452"/>
    <tag k="addr:street" v="Sherwood Forest"/>
    <tag k="addr:state" v="VT"/>
    <tag k="ref:vcgi:esiteid" v="140888"/>
  </node>
  <node id="-348" visible="true" lat="43.230336383938" lon="-72.809884337401">
    <!-- conflict: "194 Hells Peak Road, Londonderry, VT" Fuzzy match to "194 Hells Peak Road, , VT" -->
    <tag k="addr:city" v="Londonderry"/>
    <tag k="addr:housenumber" v="194"/>
    <tag k="addr:street" v="Hells Peak Road"/>
    <tag k="addr:state" v="VT"/>
    <tag k="ref:vcgi:esiteid" v="140889"/>
  </node>
  <node id="-349" visible="true" lat="43.230418842036" lon="-72.794213972865">
    <!-- conflict: "88 Derry Woods East, Londonderry, VT" Fuzzy match to "88 Derry Woods East, , VT" -->
    <tag k="addr:city" v="Londonderry"/>
    <tag k="addr:housenumber" v="88"/>
    <tag k="addr:street" v="Derry Woods East"/>
    <tag k="addr:state" v="VT"/>
    <tag k="ref:vcgi:esiteid" v="140890"/>
  </node>
  <node id="-350" visible="true" lat="43.230053388034" lon="-72.84266747332">
    <!-- conflict: "350 Brophy Lane, Londonderry, VT" Fuzzy match to "350 Brophy Lane, , VT" -->
    <tag k="addr:city" v="Londonderry"/>
    <tag k="addr:housenumber" v="350"/>
    <tag k="addr:street" v="Brophy Lane"/>
    <tag k="addr:state" v="VT"/>
    <tag k="ref:vcgi:esiteid" v="140891"/>
  </node>
  <node id="-351" visible="true" lat="43.230218128661" lon="-72.816727906741">
    <!-- conflict: "104 Old Stowell Hill, Londonderry, VT" Fuzzy match to "104 Old Stowell Hill, , VT" -->
    <tag k="addr:city" v="Londonderry"/>
    <tag k="addr:housenumber" v="104"/>
    <tag k="addr:street" v="Old Stowell Hill"/>
    <tag k="addr:state" v="VT"/>
    <tag k="ref:vcgi:esiteid" v="140892"/>
  </node>
  <node id="-352" visible="true" lat="43.230263349021" lon="-72.824221204484">
    <!-- conflict: "1418 Vermont Route 11, Londonderry, VT" Fuzzy match to "1418 Vermont Route 11, , VT" -->
    <tag k="addr:city" v="Londonderry"/>
    <tag k="addr:housenumber" v="1418"/>
    <tag k="addr:street" v="Vermont Route 11"/>
    <tag k="addr:state" v="VT"/>
    <tag k="ref:vcgi:esiteid" v="140893"/>
  </node>
  <node id="-353" visible="true" lat="43.230321126737" lon="-72.774750965761">
    <!-- conflict: "1145 Little Pond Road, Londonderry, VT" Fuzzy match to "1145 Little Pond Road, , VT" -->
    <tag k="addr:city" v="Londonderry"/>
    <tag k="addr:housenumber" v="1145"/>
    <tag k="addr:street" v="Little Pond Road"/>
    <tag k="addr:state" v="VT"/>
    <tag k="ref:vcgi:esiteid" v="140894"/>
  </node>
  <node id="-354" visible="true" lat="43.23017616674" lon="-72.820992740433">
    <!-- conflict: "1561 Vermont Route 11, Londonderry, VT" Fuzzy match to "1561 Vermont Route 11, , VT" -->
    <tag k="addr:city" v="Londonderry"/>
    <tag k="addr:housenumber" v="1561"/>
    <tag k="addr:street" v="Vermont Route 11"/>
    <tag k="addr:state" v="VT"/>
    <tag k="ref:vcgi:esiteid" v="140895"/>
  </node>
  <node id="-355" visible="true" lat="43.230168736681" lon="-72.781478716848">
    <!-- conflict: "1406 Boynton Road, Londonderry, VT" Fuzzy match to "1406 Boynton Road, , VT" -->
    <tag k="addr:city" v="Londonderry"/>
    <tag k="addr:housenumber" v="1406"/>
    <tag k="addr:street" v="Boynton Road"/>
    <tag k="addr:state" v="VT"/>
    <tag k="ref:vcgi:esiteid" v="140896"/>
  </node>
  <node id="-356" visible="true" lat="43.230076983564" lon="-72.818230899201">
    <!-- conflict: "201 Old Stowell Hill, Londonderry, VT" Fuzzy match to "201 Old Stowell Hill, , VT" -->
    <tag k="addr:city" v="Londonderry"/>
    <tag k="addr:housenumber" v="201"/>
    <tag k="addr:street" v="Old Stowell Hill"/>
    <tag k="addr:state" v="VT"/>
    <tag k="ref:vcgi:esiteid" v="140897"/>
  </node>
  <node id="-357" visible="true" lat="43.230050281072" lon="-72.810815125541">
    <!-- conflict: "143 Hells Peak Road, Londonderry, VT" Fuzzy match to "143 Hells Peak Road, , VT" -->
    <tag k="addr:city" v="Londonderry"/>
    <tag k="addr:housenumber" v="143"/>
    <tag k="addr:street" v="Hells Peak Road"/>
    <tag k="addr:state" v="VT"/>
    <tag k="ref:vcgi:esiteid" v="140898"/>
  </node>
  <node id="-358" visible="true" lat="43.230107502626" lon="-72.773438706836">
    <!-- conflict: "1213 Little Pond Road, Londonderry, VT" Fuzzy match to "1213 Little Pond Road, , VT" -->
    <tag k="addr:city" v="Londonderry"/>
    <tag k="addr:housenumber" v="1213"/>
    <tag k="addr:street" v="Little Pond Road"/>
    <tag k="addr:state" v="VT"/>
    <tag k="ref:vcgi:esiteid" v="140899"/>
  </node>
  <node id="-359" visible="true" lat="43.22996635855" lon="-72.809525757146">
    <!-- conflict: "174 Hells Peak Road, Londonderry, VT" Fuzzy match to "174 Hells Peak Road, , VT" -->
    <tag k="addr:city" v="Londonderry"/>
    <tag k="addr:housenumber" v="174"/>
    <tag k="addr:street" v="Hells Peak Road"/>
    <tag k="addr:state" v="VT"/>
    <tag k="ref:vcgi:esiteid" v="140900"/>
  </node>
  <node id="-360" visible="true" lat="43.229966359133" lon="-72.798188471517">
    <!-- conflict: "333 Derry Woods Road, Londonderry, VT" Fuzzy match to "333 Derry Woods Road, , VT" -->
    <tag k="addr:city" v="Londonderry"/>
    <tag k="addr:housenumber" v="333"/>
    <tag k="addr:street" v="Derry Woods Road"/>
    <tag k="addr:state" v="VT"/>
    <tag k="ref:vcgi:esiteid" v="140901"/>
  </node>
  <node id="-361" visible="true" lat="43.229874015714" lon="-72.804187892845">
    <!-- conflict: "6068 Vermont Route 100, Londonderry, VT" Fuzzy match to "6068 Vermont Route 100, , VT" -->
    <tag k="addr:city" v="Londonderry"/>
    <tag k="addr:housenumber" v="6068"/>
    <tag k="addr:street" v="Vermont Route 100"/>
    <tag k="addr:state" v="VT"/>
    <tag k="ref:vcgi:esiteid" v="140902"/>
  </node>
  <node id="-362" visible="true" lat="43.22980232591" lon="-72.819970400248">
    <!-- conflict: "92 Sugarbush Road, Londonderry, VT" Fuzzy match to "92 Sugarbush Road, , VT" -->
    <tag k="addr:city" v="Londonderry"/>
    <tag k="addr:housenumber" v="92"/>
    <tag k="addr:street" v="Sugarbush Road"/>
    <tag k="addr:state" v="VT"/>
    <tag k="ref:vcgi:esiteid" v="140903"/>
  </node>
  <node id="-363" visible="true" lat="43.229726029927" lon="-72.841759958717">
    <!-- conflict: "532 Sherwood Forest, Londonderry, VT" Fuzzy match to "532 Sherwood Forest, , VT" -->
    <tag k="addr:city" v="Londonderry"/>
    <tag k="addr:housenumber" v="532"/>
    <tag k="addr:street" v="Sherwood Forest"/>
    <tag k="addr:state" v="VT"/>
    <tag k="ref:vcgi:esiteid" v="140904"/>
  </node>
  <node id="-364" visible="true" lat="43.229867177811" lon="-72.774369495738">
    <!-- conflict: "1161 Little Pond Road, Londonderry, VT" Fuzzy match to "1161 Little Pond Road, , VT" -->
    <tag k="addr:city" v="Londonderry"/>
    <tag k="addr:housenumber" v="1161"/>
    <tag k="addr:street" v="Little Pond Road"/>
    <tag k="addr:state" v="VT"/>
    <tag k="ref:vcgi:esiteid" v="140905"/>
  </node>
  <node id="-365" visible="true" lat="43.229684069328" lon="-72.808648376206">
    <!-- conflict: "210 Williams Street, Londonderry, VT" Fuzzy match to "210 Williams Street, , VT" -->
    <tag k="addr:city" v="Londonderry"/>
    <tag k="addr:housenumber" v="210"/>
    <tag k="addr:street" v="Williams Street"/>
    <tag k="addr:state" v="VT"/>
    <tag k="ref:vcgi:esiteid" v="140906"/>
  </node>
  <node id="-366" visible="true" lat="43.229767994752" lon="-72.776246326564">
    <!-- conflict: "1071 Little Pond Road, Londonderry, VT" Fuzzy match to "1071 Little Pond Road, , VT" -->
    <tag k="addr:city" v="Londonderry"/>
    <tag k="addr:housenumber" v="1071"/>
    <tag k="addr:street" v="Little Pond Road"/>
    <tag k="addr:state" v="VT"/>
    <tag k="ref:vcgi:esiteid" v="140907"/>
  </node>
  <node id="-367" visible="true" lat="43.22950477893" lon="-72.840920726126">
    <!-- conflict: "566 Sherwood Forest, Londonderry, VT" Fuzzy match to "566 Sherwood Forest, , VT" -->
    <tag k="addr:city" v="Londonderry"/>
    <tag k="addr:housenumber" v="566"/>
    <tag k="addr:street" v="Sherwood Forest"/>
    <tag k="addr:state" v="VT"/>
    <tag k="ref:vcgi:esiteid" v="140908"/>
  </node>
  <node id="-368" visible="true" lat="43.229531481566" lon="-72.819146425922">
    <!-- conflict: "58 Sugarbush Road, Londonderry, VT" Fuzzy match to "58 Sugarbush Road, , VT" -->
    <tag k="addr:city" v="Londonderry"/>
    <tag k="addr:housenumber" v="58"/>
    <tag k="addr:street" v="Sugarbush Road"/>
    <tag k="addr:state" v="VT"/>
    <tag k="ref:vcgi:esiteid" v="140909"/>
  </node>
  <node id="-369" visible="true" lat="43.229622256504" lon="-72.813747539552">
    <!-- conflict: "1965 North Main Street, Londonderry, VT" Fuzzy match to "1965 North Main Street, , VT" -->
    <tag k="addr:city" v="Londonderry"/>
    <tag k="addr:housenumber" v="1965"/>
    <tag k="addr:street" v="North Main Street"/>
    <tag k="addr:state" v="VT"/>
    <tag k="ref:vcgi:esiteid" v="140910"/>
  </node>
  <node id="-370" visible="true" lat="43.22955055639" lon="-72.806763913132">
    <!-- conflict: "30 Williams Street, Londonderry, VT" Fuzzy match to "30 Williams Street, , VT" -->
    <tag k="addr:city" v="Londonderry"/>
    <tag k="addr:housenumber" v="30"/>
    <tag k="addr:street" v="Williams Street"/>
    <tag k="addr:state" v="VT"/>
    <tag k="ref:vcgi:esiteid" v="140911"/>
  </node>
  <node id="-371" visible="true" lat="43.229392358255" lon="-72.816175650654">
    <!-- conflict: "1871 Vermont Route 11, Londonderry, VT" Fuzzy match to "1871 Vermont Route 11, , VT" -->
    <tag k="addr:city" v="Londonderry"/>
    <tag k="addr:housenumber" v="1871"/>
    <tag k="addr:street" v="Vermont Route 11"/>
    <tag k="addr:state" v="VT"/>
    <tag k="ref:vcgi:esiteid" v="140912"/>
  </node>
  <node id="-372" visible="true" lat="43.229378894314" lon="-72.813027650194">
    <!-- conflict: "2005 North Main Street, Londonderry, VT" Fuzzy match to "2005 North Main Street, , VT" -->
    <tag k="addr:city" v="Londonderry"/>
    <tag k="addr:housenumber" v="2005"/>
    <tag k="addr:street" v="North Main Street"/>
    <tag k="addr:state" v="VT"/>
    <tag k="ref:vcgi:esiteid" v="140913"/>
  </node>
  <node id="-373" visible="true" lat="43.229474262084" lon="-72.775101915956">
    <!-- conflict: "1121 Little Pond Road, Londonderry, VT" Fuzzy match to "1121 Little Pond Road, , VT" -->
    <tag k="addr:city" v="Londonderry"/>
    <tag k="addr:housenumber" v="1121"/>
    <tag k="addr:street" v="Little Pond Road"/>
    <tag k="addr:state" v="VT"/>
    <tag k="ref:vcgi:esiteid" v="140914"/>
  </node>
  <node id="-374" visible="true" lat="43.229272187196" lon="-72.804895029873">
    <!-- conflict: "6052 Vermont Route 100, Londonderry, VT" Fuzzy match to "6052 Vermont Route 100, , VT" -->
    <tag k="addr:city" v="Londonderry"/>
    <tag k="addr:housenumber" v="6052"/>
    <tag k="addr:street" v="Vermont Route 100"/>
    <tag k="addr:state" v="VT"/>
    <tag k="ref:vcgi:esiteid" v="140915"/>
  </node>
  <node id="-375" visible="true" lat="43.229333118679" lon="-72.811120300774">
    <!-- conflict: "141 Hells Peak Road, Londonderry, VT" Fuzzy match to "141 Hells Peak Road, , VT" -->
    <tag k="addr:city" v="Londonderry"/>
    <tag k="addr:housenumber" v="141"/>
    <tag k="addr:street" v="Hells Peak Road"/>
    <tag k="addr:state" v="VT"/>
    <tag k="ref:vcgi:esiteid" v="140916"/>
  </node>
  <node id="-376" visible="true" lat="43.229241932678" lon="-72.841721338111">
    <!-- conflict: "534 Sherwood Forest, Londonderry, VT" Fuzzy match to "534 Sherwood Forest, , VT" -->
    <tag k="addr:city" v="Londonderry"/>
    <tag k="addr:housenumber" v="534"/>
    <tag k="addr:street" v="Sherwood Forest"/>
    <tag k="addr:state" v="VT"/>
    <tag k="ref:vcgi:esiteid" v="140917"/>
  </node>
  <node id="-377" visible="true" lat="43.229264453047" lon="-72.820443423757">
    <!-- conflict: "55 Sugarbush Road, Londonderry, VT" Fuzzy match to "55 Sugarbush Road, , VT" -->
    <tag k="addr:city" v="Londonderry"/>
    <tag k="addr:housenumber" v="55"/>
    <tag k="addr:street" v="Sugarbush Road"/>
    <tag k="addr:state" v="VT"/>
    <tag k="ref:vcgi:esiteid" v="140918"/>
  </node>
  <node id="-378" visible="true" lat="43.229258660363" lon="-72.842624374961">
    <!-- conflict: "410 Brophy Lane, Londonderry, VT" Fuzzy match to "410 Brophy Lane, , VT" -->
    <tag k="addr:city" v="Londonderry"/>
    <tag k="addr:housenumber" v="410"/>
    <tag k="addr:street" v="Brophy Lane"/>
    <tag k="addr:state" v="VT"/>
    <tag k="ref:vcgi:esiteid" v="140919"/>
  </node>
  <node id="-379" visible="true" lat="43.229222491287" lon="-72.812791137972">
    <!-- conflict: "2021 North Main Street, Londonderry, VT" Fuzzy match to "2021 North Main Street, , VT" -->
    <tag k="addr:city" v="Londonderry"/>
    <tag k="addr:housenumber" v="2021"/>
    <tag k="addr:street" v="North Main Street"/>
    <tag k="addr:state" v="VT"/>
    <tag k="ref:vcgi:esiteid" v="140920"/>
  </node>
  <node id="-380" visible="true" lat="43.229176715221" lon="-72.809968260509">
    <!-- conflict: "114 Hells Peak Road, Londonderry, VT" Fuzzy match to "114 Hells Peak Road, , VT" -->
    <tag k="addr:city" v="Londonderry"/>
    <tag k="addr:housenumber" v="114"/>
    <tag k="addr:street" v="Hells Peak Road"/>
    <tag k="addr:state" v="VT"/>
    <tag k="ref:vcgi:esiteid" v="140921"/>
  </node>
  <node id="-381" visible="true" lat="43.229282655292" lon="-72.808548332973">
    <!-- conflict: "150 Williams Street, Londonderry, VT" Fuzzy match to "150 Williams Street, , VT" -->
    <tag k="addr:city" v="Londonderry"/>
    <tag k="addr:housenumber" v="150"/>
    <tag k="addr:street" v="Williams Street"/>
    <tag k="addr:state" v="VT"/>
    <tag k="ref:vcgi:esiteid" v="140922"/>
  </node>
  <node id="-382" visible="true" lat="43.229161457267" lon="-72.797333979828">
    <!-- conflict: "332 Derry Woods Road, Londonderry, VT" Fuzzy match to "332 Derry Woods Road, , VT" -->
    <tag k="addr:city" v="Londonderry"/>
    <tag k="addr:housenumber" v="332"/>
    <tag k="addr:street" v="Derry Woods Road"/>
    <tag k="addr:state" v="VT"/>
    <tag k="ref:vcgi:esiteid" v="140923"/>
  </node>
  <node id="-385" visible="true" lat="43.229062274049" lon="-72.805558469139">
    <!-- conflict: "5954 Vermont Route 100, Londonderry, VT" Fuzzy match to "5954 Vermont Route 100, , VT" -->
    <tag k="addr:city" v="Londonderry"/>
    <tag k="addr:housenumber" v="5954"/>
    <tag k="addr:street" v="Vermont Route 100"/>
    <tag k="addr:state" v="VT"/>
    <tag k="ref:vcgi:esiteid" v="140926"/>
  </node>
  <node id="-386" visible="true" lat="43.228970371291" lon="-72.814658956492">
    <!-- conflict: "5790 Vermont Route 100, Londonderry, VT" Fuzzy match to "5790 Vermont Route 100, , VT" -->
    <tag k="addr:city" v="Londonderry"/>
    <tag k="addr:housenumber" v="5790"/>
    <tag k="addr:street" v="Vermont Route 100"/>
    <tag k="addr:state" v="VT"/>
    <tag k="ref:vcgi:esiteid" v="140927"/>
  </node>
  <node id="-387" visible="true" lat="43.228982165309" lon="-72.814179687401">
    <!-- conflict: "1950 North Main Street, Londonderry, VT" Fuzzy match to "1950 North Main Street, , VT" -->
    <tag k="addr:city" v="Londonderry"/>
    <tag k="addr:housenumber" v="1950"/>
    <tag k="addr:street" v="North Main Street"/>
    <tag k="addr:state" v="VT"/>
    <tag k="ref:vcgi:esiteid" v="140928"/>
  </node>
  <node id="-388" visible="true" lat="43.228971218754" lon="-72.807794211621">
    <!-- conflict: "82 Williams Street, Londonderry, VT" Fuzzy match to "82 Williams Street, , VT" -->
    <tag k="addr:city" v="Londonderry"/>
    <tag k="addr:housenumber" v="82"/>
    <tag k="addr:street" v="Williams Street"/>
    <tag k="addr:state" v="VT"/>
    <tag k="ref:vcgi:esiteid" v="140929"/>
  </node>
  <node id="-389" visible="true" lat="43.22897072061" lon="-72.809129027973">
    <!-- conflict: "165 Williams Street, Londonderry, VT" Fuzzy match to "165 Williams Street, , VT" -->
    <tag k="addr:city" v="Londonderry"/>
    <tag k="addr:housenumber" v="165"/>
    <tag k="addr:street" v="Williams Street"/>
    <tag k="addr:state" v="VT"/>
    <tag k="ref:vcgi:esiteid" v="140930"/>
  </node>
  <node id="-390" visible="true" lat="43.229008870463" lon="-72.788995048377">
    <!-- conflict: "286 Dutchmans Lane, Londonderry, VT" Fuzzy match to "286 Dutchmans Lane, , VT" -->
    <tag k="addr:city" v="Londonderry"/>
    <tag k="addr:housenumber" v="286"/>
    <tag k="addr:street" v="Dutchmans Lane"/>
    <tag k="addr:state" v="VT"/>
    <tag k="ref:vcgi:esiteid" v="140931"/>
  </node>
  <node id="-391" visible="true" lat="43.228821580372" lon="-72.839685236026">
    <!-- conflict: "641 Sherwood Forest, Londonderry, VT" Fuzzy match to "641 Sherwood Forest, , VT" -->
    <tag k="addr:city" v="Londonderry"/>
    <tag k="addr:housenumber" v="641"/>
    <tag k="addr:street" v="Sherwood Forest"/>
    <tag k="addr:state" v="VT"/>
    <tag k="ref:vcgi:esiteid" v="140932"/>
  </node>
  <node id="-393" visible="true" lat="43.22889824205" lon="-72.811951904042">
    <!-- conflict: "2069 North Main Street, Londonderry, VT" Fuzzy match to "2069 North Main Street, , VT" -->
    <tag k="addr:city" v="Londonderry"/>
    <tag k="addr:housenumber" v="2069"/>
    <tag k="addr:street" v="North Main Street"/>
    <tag k="addr:state" v="VT"/>
    <tag k="ref:vcgi:esiteid" v="140934"/>
  </node>
  <node id="-394" visible="true" lat="43.228796129857" lon="-72.841991305508">
    <!-- conflict: "433 Brophy Lane, Londonderry, VT" Fuzzy match to "433 Brophy Lane, , VT" -->
    <tag k="addr:city" v="Londonderry"/>
    <tag k="addr:housenumber" v="433"/>
    <tag k="addr:street" v="Brophy Lane"/>
    <tag k="addr:state" v="VT"/>
    <tag k="ref:vcgi:esiteid" v="140935"/>
  </node>
  <node id="-395" visible="true" lat="43.228750413131" lon="-72.805265337415">
    <!-- conflict: "135 Overlook Drive, Londonderry, VT" Fuzzy match to "135 Overlook Drive, , VT" -->
    <tag k="addr:city" v="Londonderry"/>
    <tag k="addr:housenumber" v="135"/>
    <tag k="addr:street" v="Overlook Drive"/>
    <tag k="addr:state" v="VT"/>
    <tag k="ref:vcgi:esiteid" v="140936"/>
  </node>
  <node id="-396" visible="true" lat="43.228784081214" lon="-72.77834968459">
    <!-- conflict: "959 Little Pond Road, Londonderry, VT" Fuzzy match to "959 Little Pond Road, , VT" -->
    <tag k="addr:city" v="Londonderry"/>
    <tag k="addr:housenumber" v="959"/>
    <tag k="addr:street" v="Little Pond Road"/>
    <tag k="addr:state" v="VT"/>
    <tag k="ref:vcgi:esiteid" v="140937"/>
  </node>
  <node id="-397" visible="true" lat="43.228653725943" lon="-72.812524449559">
    <!-- conflict: "2046 North Main Street, Londonderry, VT" Fuzzy match to "2046 North Main Street, , VT" -->
    <tag k="addr:city" v="Londonderry"/>
    <tag k="addr:housenumber" v="2046"/>
    <tag k="addr:street" v="North Main Street"/>
    <tag k="addr:state" v="VT"/>
    <tag k="ref:vcgi:esiteid" v="140938"/>
  </node>
  <node id="-398" visible="true" lat="43.228902059404" lon="-72.746186501227">
    <!-- conflict: "345 Loon Circle, Londonderry, VT" Fuzzy match to "345 Loon Circle, , VT" -->
    <tag k="addr:city" v="Londonderry"/>
    <tag k="addr:housenumber" v="345"/>
    <tag k="addr:street" v="Loon Circle"/>
    <tag k="addr:state" v="VT"/>
    <tag k="ref:vcgi:esiteid" v="140939"/>
  </node>
  <node id="-399" visible="true" lat="43.228730396066" lon="-72.808633116661">
    <!-- conflict: "147 Williams Street, Londonderry, VT" Fuzzy match to "147 Williams Street, , VT" -->
    <tag k="addr:city" v="Londonderry"/>
    <tag k="addr:housenumber" v="147"/>
    <tag k="addr:street" v="Williams Street"/>
    <tag k="addr:state" v="VT"/>
    <tag k="ref:vcgi:esiteid" v="140940"/>
  </node>
  <node id="-400" visible="true" lat="43.228521140207" lon="-72.806107463462">
    <!-- conflict: "5924 Vermont Route 100, Londonderry, VT" Fuzzy match to "5924 Vermont Route 100, , VT" -->
    <tag k="addr:city" v="Londonderry"/>
    <tag k="addr:housenumber" v="5924"/>
    <tag k="addr:street" v="Vermont Route 100"/>
    <tag k="addr:state" v="VT"/>
    <tag k="ref:vcgi:esiteid" v="140941"/>
  </node>
  <node id="-401" visible="true" lat="43.228699879353" lon="-72.780679005486">
    <!-- conflict: "1527 Boynton Road, Londonderry, VT" Fuzzy match to "1527 Boynton Road, , VT" -->
    <tag k="addr:city" v="Londonderry"/>
    <tag k="addr:housenumber" v="1527"/>
    <tag k="addr:street" v="Boynton Road"/>
    <tag k="addr:state" v="VT"/>
    <tag k="ref:vcgi:esiteid" v="140943"/>
  </node>
  <node id="-402" visible="true" lat="43.228688435253" lon="-72.776017443168">
    <!-- conflict: "1054 Little Pond Road, Londonderry, VT" Fuzzy match to "1054 Little Pond Road, , VT" -->
    <tag k="addr:city" v="Londonderry"/>
    <tag k="addr:housenumber" v="1054"/>
    <tag k="addr:street" v="Little Pond Road"/>
    <tag k="addr:state" v="VT"/>
    <tag k="ref:vcgi:esiteid" v="140944"/>
  </node>
  <node id="-403" visible="true" lat="43.228604511809" lon="-72.806618954827">
    <!-- conflict: "5915 Vermont Route 100, Londonderry, VT" Fuzzy match to "5915 Vermont Route 100, , VT" -->
    <tag k="addr:city" v="Londonderry"/>
    <tag k="addr:housenumber" v="5915"/>
    <tag k="addr:street" v="Vermont Route 100"/>
    <tag k="addr:state" v="VT"/>
    <tag k="ref:vcgi:esiteid" v="140945"/>
  </node>
  <node id="-404" visible="true" lat="43.228646673188" lon="-72.807289080832">
    <!-- conflict: "95 Williams Street, Londonderry, VT" Fuzzy match to "95 Williams Street, , VT" -->
    <tag k="addr:city" v="Londonderry"/>
    <tag k="addr:housenumber" v="95"/>
    <tag k="addr:street" v="Williams Street"/>
    <tag k="addr:state" v="VT"/>
    <tag k="ref:vcgi:esiteid" v="140946"/>
  </node>
  <node id="-405" visible="true" lat="43.228593067092" lon="-72.798875116873">
    <!-- conflict: "254 Derry Woods Road, Londonderry, VT" Fuzzy match to "254 Derry Woods Road, , VT" -->
    <tag k="addr:city" v="Londonderry"/>
    <tag k="addr:housenumber" v="254"/>
    <tag k="addr:street" v="Derry Woods Road"/>
    <tag k="addr:state" v="VT"/>
    <tag k="ref:vcgi:esiteid" v="140947"/>
  </node>
  <node id="-406" visible="true" lat="43.228537202045" lon="-72.812089622887">
    <!-- conflict: "2072 North Main Street, Londonderry, VT" Fuzzy match to "2072 North Main Street, , VT" -->
    <tag k="addr:city" v="Londonderry"/>
    <tag k="addr:housenumber" v="2072"/>
    <tag k="addr:street" v="North Main Street"/>
    <tag k="addr:state" v="VT"/>
    <tag k="ref:vcgi:esiteid" v="140948"/>
  </node>
  <node id="-407" visible="true" lat="43.228455736343" lon="-72.839219369664">
    <!-- conflict: "546 Tallwood Circle, Londonderry, VT" Fuzzy match to "546 Tallwood Circle, , VT" -->
    <tag k="addr:city" v="Londonderry"/>
    <tag k="addr:housenumber" v="546"/>
    <tag k="addr:street" v="Tallwood Circle"/>
    <tag k="addr:state" v="VT"/>
    <tag k="ref:vcgi:esiteid" v="140949"/>
  </node>
  <node id="-409" visible="true" lat="43.228347649129" lon="-72.817448504311">
    <!-- conflict: "1802 Vermont Route 11, Londonderry, VT" Fuzzy match to "1802 Vermont Route 11, , VT" -->
    <tag k="addr:city" v="Londonderry"/>
    <tag k="addr:housenumber" v="1802"/>
    <tag k="addr:street" v="Vermont Route 11"/>
    <tag k="addr:state" v="VT"/>
    <tag k="ref:vcgi:esiteid" v="140951"/>
  </node>
  <node id="-410" visible="true" lat="43.228393111999" lon="-72.807648947384">
    <!-- conflict: "105 Williams Street, Londonderry, VT" Fuzzy match to "105 Williams Street, , VT" -->
    <tag k="addr:city" v="Londonderry"/>
    <tag k="addr:housenumber" v="105"/>
    <tag k="addr:street" v="Williams Street"/>
    <tag k="addr:state" v="VT"/>
    <tag k="ref:vcgi:esiteid" v="140952"/>
  </node>
  <node id="-411" visible="true" lat="43.228460636784" lon="-72.803991987178">
    <!-- conflict: "70 Overlook Drive, Londonderry, VT" Fuzzy match to "70 Overlook Drive, , VT" -->
    <tag k="addr:city" v="Londonderry"/>
    <tag k="addr:housenumber" v="70"/>
    <tag k="addr:street" v="Overlook Drive"/>
    <tag k="addr:state" v="VT"/>
    <tag k="ref:vcgi:esiteid" v="140953"/>
  </node>
  <node id="-412" visible="true" lat="43.228400691897" lon="-72.813760550027">
    <!-- conflict: "5780 Vermont Route 100, Londonderry, VT" Fuzzy match to "5780 Vermont Route 100, , VT" -->
    <tag k="addr:city" v="Londonderry"/>
    <tag k="addr:housenumber" v="5780"/>
    <tag k="addr:street" v="Vermont Route 100"/>
    <tag k="addr:state" v="VT"/>
    <tag k="ref:vcgi:esiteid" v="140954"/>
  </node>
  <node id="-413" visible="true" lat="43.228318407852" lon="-72.840836801856">
    <!-- conflict: "666 Sherwood Forest, Londonderry, VT" Fuzzy match to "666 Sherwood Forest, , VT" -->
    <tag k="addr:city" v="Londonderry"/>
    <tag k="addr:housenumber" v="666"/>
    <tag k="addr:street" v="Sherwood Forest"/>
    <tag k="addr:state" v="VT"/>
    <tag k="ref:vcgi:esiteid" v="140955"/>
  </node>
  <node id="-414" visible="true" lat="43.228403924174" lon="-72.779015154957">
    <!-- conflict: "911 Little Pond Road, Londonderry, VT" Fuzzy match to "911 Little Pond Road, , VT" -->
    <tag k="addr:city" v="Londonderry"/>
    <tag k="addr:housenumber" v="911"/>
    <tag k="addr:street" v="Little Pond Road"/>
    <tag k="addr:state" v="VT"/>
    <tag k="ref:vcgi:esiteid" v="140956"/>
  </node>
  <node id="-415" visible="true" lat="43.228430368941" lon="-72.809594888456">
    <!-- conflict: "148 High Street, Londonderry, VT" Fuzzy match to "148 High Street, , VT" -->
    <tag k="addr:city" v="Londonderry"/>
    <tag k="addr:housenumber" v="148"/>
    <tag k="addr:street" v="High Street"/>
    <tag k="addr:state" v="VT"/>
    <tag k="ref:vcgi:esiteid" v="140957"/>
  </node>
  <node id="-418" visible="true" lat="43.228276446675" lon="-72.810632018714">
    <!-- conflict: "2147 North Main Street, Londonderry, VT" Fuzzy match to "2147 North Main Street, , VT" -->
    <tag k="addr:city" v="Londonderry"/>
    <tag k="addr:housenumber" v="2147"/>
    <tag k="addr:street" v="North Main Street"/>
    <tag k="addr:state" v="VT"/>
    <tag k="ref:vcgi:esiteid" v="140960"/>
  </node>
  <node id="-419" visible="true" lat="43.228141331159" lon="-72.806342991427">
    <!-- conflict: "5892 Vermont Route 100, Londonderry, VT" Fuzzy match to "5892 Vermont Route 100, , VT" -->
    <tag k="addr:city" v="Londonderry"/>
    <tag k="addr:housenumber" v="5892"/>
    <tag k="addr:street" v="Vermont Route 100"/>
    <tag k="addr:state" v="VT"/>
    <tag k="ref:vcgi:esiteid" v="140963"/>
  </node>
  <node id="-420" visible="true" lat="43.228142711046" lon="-72.806831707799">
    <!-- conflict: "5879 Vermont Route 100, Londonderry, VT" Fuzzy match to "5879 Vermont Route 100, , VT" -->
    <tag k="addr:city" v="Londonderry"/>
    <tag k="addr:housenumber" v="5879"/>
    <tag k="addr:street" v="Vermont Route 100"/>
    <tag k="addr:state" v="VT"/>
    <tag k="ref:vcgi:esiteid" v="140964"/>
  </node>
  <node id="-421" visible="true" lat="43.228280264053" lon="-72.747246987357">
    <!-- conflict: "502 Loon Circle, Londonderry, VT" Fuzzy match to "502 Loon Circle, , VT" -->
    <tag k="addr:city" v="Londonderry"/>
    <tag k="addr:housenumber" v="502"/>
    <tag k="addr:street" v="Loon Circle"/>
    <tag k="addr:state" v="VT"/>
    <tag k="ref:vcgi:esiteid" v="140965"/>
  </node>
  <node id="-422" visible="true" lat="43.228036120694" lon="-72.839158333473">
    <!-- conflict: "498 Tallwood Circle, Londonderry, VT" Fuzzy match to "498 Tallwood Circle, , VT" -->
    <tag k="addr:city" v="Londonderry"/>
    <tag k="addr:housenumber" v="498"/>
    <tag k="addr:street" v="Tallwood Circle"/>
    <tag k="addr:state" v="VT"/>
    <tag k="ref:vcgi:esiteid" v="140966"/>
  </node>
  <node id="-423" visible="true" lat="43.228192523518" lon="-72.780984182642">
    <!-- conflict: "1548 Boynton Road, Londonderry, VT" Fuzzy match to "1548 Boynton Road, , VT" -->
    <tag k="addr:city" v="Londonderry"/>
    <tag k="addr:housenumber" v="1548"/>
    <tag k="addr:street" v="Boynton Road"/>
    <tag k="addr:state" v="VT"/>
    <tag k="ref:vcgi:esiteid" v="140967"/>
  </node>
  <node id="-424" visible="true" lat="43.228097155983" lon="-72.810273436136">
    <!-- conflict: "2167 North Main Street, Londonderry, VT" Fuzzy match to "2167 North Main Street, , VT" -->
    <tag k="addr:city" v="Londonderry"/>
    <tag k="addr:housenumber" v="2167"/>
    <tag k="addr:street" v="North Main Street"/>
    <tag k="addr:state" v="VT"/>
    <tag k="ref:vcgi:esiteid" v="140968"/>
  </node>
  <node id="-425" visible="true" lat="43.228059009036" lon="-72.811051634912">
    <!-- conflict: "2136 North Main Street, Londonderry, VT" Fuzzy match to "2136 North Main Street, , VT" -->
    <tag k="addr:city" v="Londonderry"/>
    <tag k="addr:housenumber" v="2136"/>
    <tag k="addr:street" v="North Main Street"/>
    <tag k="addr:state" v="VT"/>
    <tag k="ref:vcgi:esiteid" v="140970"/>
  </node>
  <node id="-426" visible="true" lat="43.228062823134" lon="-72.80336883285">
    <!-- conflict: "71 Pine Tree Hill, Londonderry, VT" Fuzzy match to "71 Pine Tree Hill, , VT" -->
    <tag k="addr:city" v="Londonderry"/>
    <tag k="addr:housenumber" v="71"/>
    <tag k="addr:street" v="Pine Tree Hill"/>
    <tag k="addr:state" v="VT"/>
    <tag k="ref:vcgi:esiteid" v="140971"/>
  </node>
  <node id="-427" visible="true" lat="43.228112415209" lon="-72.780129688987">
    <!-- conflict: "1575 Boynton Road, Londonderry, VT" Fuzzy match to "1575 Boynton Road, , VT" -->
    <tag k="addr:city" v="Londonderry"/>
    <tag k="addr:housenumber" v="1575"/>
    <tag k="addr:street" v="Boynton Road"/>
    <tag k="addr:state" v="VT"/>
    <tag k="ref:vcgi:esiteid" v="140972"/>
  </node>
  <node id="-428" visible="true" lat="43.228024676083" lon="-72.810136106971">
    <!-- conflict: "2173 North Main Street, Londonderry, VT" Fuzzy match to "2173 North Main Street, , VT" -->
    <tag k="addr:city" v="Londonderry"/>
    <tag k="addr:housenumber" v="2173"/>
    <tag k="addr:street" v="North Main Street"/>
    <tag k="addr:state" v="VT"/>
    <tag k="ref:vcgi:esiteid" v="140973"/>
  </node>
  <node id="-429" visible="true" lat="43.227941039651" lon="-72.840452841769">
    <!-- conflict: "2 Tallwood Circle, Londonderry, VT" Fuzzy match to "2 Tallwood Circle, , VT" -->
    <tag k="addr:city" v="Londonderry"/>
    <tag k="addr:housenumber" v="2"/>
    <tag k="addr:street" v="Tallwood Circle"/>
    <tag k="addr:state" v="VT"/>
    <tag k="ref:vcgi:esiteid" v="140975"/>
  </node>
  <node id="-430" visible="true" lat="43.227949134133" lon="-72.810724593076">
    <!-- conflict: "2152 North Main Street, Londonderry, VT" Fuzzy match to "2152 North Main Street, , VT" -->
    <tag k="addr:city" v="Londonderry"/>
    <tag k="addr:housenumber" v="2152"/>
    <tag k="addr:street" v="North Main Street"/>
    <tag k="addr:state" v="VT"/>
    <tag k="ref:vcgi:esiteid" v="140977"/>
  </node>
  <node id="-431" visible="true" lat="43.227910234461" lon="-72.82040527571">
    <!-- conflict: "2 Doane Lane, Londonderry, VT" Fuzzy match to "2 Doane Lane, , VT" -->
    <tag k="addr:city" v="Londonderry"/>
    <tag k="addr:housenumber" v="2"/>
    <tag k="addr:street" v="Doane Lane"/>
    <tag k="addr:state" v="VT"/>
    <tag k="ref:vcgi:esiteid" v="140978"/>
  </node>
  <node id="-432" visible="true" lat="43.227933122639" lon="-72.809945372642">
    <!-- conflict: "2187 North Main Street, Londonderry, VT" Fuzzy match to "2187 North Main Street, , VT" -->
    <tag k="addr:city" v="Londonderry"/>
    <tag k="addr:housenumber" v="2187"/>
    <tag k="addr:street" v="North Main Street"/>
    <tag k="addr:state" v="VT"/>
    <tag k="ref:vcgi:esiteid" v="140979"/>
  </node>
  <node id="-433" visible="true" lat="43.227872088478" lon="-72.808457639422">
    <!-- conflict: "76 High Street, Londonderry, VT" Fuzzy match to "76 High Street, , VT" -->
    <tag k="addr:city" v="Londonderry"/>
    <tag k="addr:housenumber" v="76"/>
    <tag k="addr:street" v="High Street"/>
    <tag k="addr:state" v="VT"/>
    <tag k="ref:vcgi:esiteid" v="140982"/>
  </node>
  <node id="-434" visible="true" lat="43.22734964263" lon="-72.815557964055">
    <!-- conflict: "5690 Vermont Route 100, Londonderry, VT" Fuzzy match to "5690 Vermont Route 100, , VT" -->
    <tag k="addr:city" v="Londonderry"/>
    <tag k="addr:housenumber" v="5690"/>
    <tag k="addr:street" v="Vermont Route 100"/>
    <tag k="addr:state" v="VT"/>
    <tag k="ref:vcgi:esiteid" v="140983"/>
  </node>
  <node id="-435" visible="true" lat="43.227856830041" lon="-72.806977537052">
    <!-- conflict: "5855 Vermont Route 100, Londonderry, VT" Fuzzy match to "5855 Vermont Route 100, , VT" -->
    <tag k="addr:city" v="Londonderry"/>
    <tag k="addr:housenumber" v="5855"/>
    <tag k="addr:street" v="Vermont Route 100"/>
    <tag k="addr:state" v="VT"/>
    <tag k="ref:vcgi:esiteid" v="140984"/>
  </node>
  <node id="-436" visible="true" lat="43.227826313362" lon="-72.80977752676">
    <!-- conflict: "2197 North Main Street, Londonderry, VT" Fuzzy match to "2197 North Main Street, , VT" -->
    <tag k="addr:city" v="Londonderry"/>
    <tag k="addr:housenumber" v="2197"/>
    <tag k="addr:street" v="North Main Street"/>
    <tag k="addr:state" v="VT"/>
    <tag k="ref:vcgi:esiteid" v="140986"/>
  </node>
  <node id="-437" visible="true" lat="43.227940754996" lon="-72.746232279065">
    <!-- conflict: "549 Loon Circle, Londonderry, VT" Fuzzy match to "549 Loon Circle, , VT" -->
    <tag k="addr:city" v="Londonderry"/>
    <tag k="addr:housenumber" v="549"/>
    <tag k="addr:street" v="Loon Circle"/>
    <tag k="addr:state" v="VT"/>
    <tag k="ref:vcgi:esiteid" v="140988"/>
  </node>
  <node id="-438" visible="true" lat="43.227776721807" lon="-72.81047943112">
    <!-- conflict: "2170 North Main Street, Londonderry, VT" Fuzzy match to "2170 North Main Street, , VT" -->
    <tag k="addr:city" v="Londonderry"/>
    <tag k="addr:housenumber" v="2170"/>
    <tag k="addr:street" v="North Main Street"/>
    <tag k="addr:state" v="VT"/>
    <tag k="ref:vcgi:esiteid" v="140989"/>
  </node>
  <node id="-439" visible="true" lat="43.227751228033" lon="-72.806478227693">
    <!-- conflict: "5862 Vermont Route 100, Londonderry, VT" Fuzzy match to "5862 Vermont Route 100, , VT" -->
    <tag k="addr:city" v="Londonderry"/>
    <tag k="addr:housenumber" v="5862"/>
    <tag k="addr:street" v="Vermont Route 100"/>
    <tag k="addr:state" v="VT"/>
    <tag k="ref:vcgi:esiteid" v="140991"/>
  </node>
  <node id="-440" visible="true" lat="43.227763378033" lon="-72.805941896552">
    <!-- conflict: "5874 Vermont Route 100, Londonderry, VT" Fuzzy match to "5874 Vermont Route 100, , VT" -->
    <tag k="addr:city" v="Londonderry"/>
    <tag k="addr:housenumber" v="5874"/>
    <tag k="addr:street" v="Vermont Route 100"/>
    <tag k="addr:state" v="VT"/>
    <tag k="ref:vcgi:esiteid" v="140992"/>
  </node>
  <node id="-441" visible="true" lat="43.227414456781" lon="-72.816008576064">
    <!-- conflict: "5680 Vermont Route 100, Londonderry, VT" Fuzzy match to "5680 Vermont Route 100, , VT" -->
    <tag k="addr:city" v="Londonderry"/>
    <tag k="addr:housenumber" v="5680"/>
    <tag k="addr:street" v="Vermont Route 100"/>
    <tag k="addr:state" v="VT"/>
    <tag k="ref:vcgi:esiteid" v="140993"/>
  </node>
  <node id="-442" visible="true" lat="43.227563123114" lon="-72.818454079337">
    <!-- conflict: "5599 Vermont Route 100, Londonderry, VT" Fuzzy match to "5599 Vermont Route 100, , VT" -->
    <tag k="addr:city" v="Londonderry"/>
    <tag k="addr:housenumber" v="5599"/>
    <tag k="addr:street" v="Vermont Route 100"/>
    <tag k="addr:state" v="VT"/>
    <tag k="ref:vcgi:esiteid" v="140995"/>
  </node>
  <node id="-443" visible="true" lat="43.227681353607" lon="-72.788750906701">
    <!-- conflict: "285 Dutchmans Lane, Londonderry, VT" Fuzzy match to "285 Dutchmans Lane, , VT" -->
    <tag k="addr:city" v="Londonderry"/>
    <tag k="addr:housenumber" v="285"/>
    <tag k="addr:street" v="Dutchmans Lane"/>
    <tag k="addr:state" v="VT"/>
    <tag k="ref:vcgi:esiteid" v="140996"/>
  </node>
  <node id="-444" visible="true" lat="43.227552402365" lon="-72.806662960702">
    <!-- conflict: "31 Pond Street, Londonderry, VT" Fuzzy match to "31 Pond Street, , VT" -->
    <tag k="addr:city" v="Londonderry"/>
    <tag k="addr:housenumber" v="31"/>
    <tag k="addr:street" v="Pond Street"/>
    <tag k="addr:state" v="VT"/>
    <tag k="ref:vcgi:esiteid" v="140997"/>
  </node>
  <node id="-445" visible="true" lat="43.227566966794" lon="-72.817070290164">
    <!-- conflict: "5605 Vermont Route 100, Londonderry, VT" Fuzzy match to "5605 Vermont Route 100, , VT" -->
    <tag k="addr:city" v="Londonderry"/>
    <tag k="addr:housenumber" v="5605"/>
    <tag k="addr:street" v="Vermont Route 100"/>
    <tag k="addr:state" v="VT"/>
    <tag k="ref:vcgi:esiteid" v="140998"/>
  </node>
  <node id="-446" visible="true" lat="43.22764702306" lon="-72.78764464499">
    <!-- conflict: "209 Dutchmans Lane, Londonderry, VT" Fuzzy match to "209 Dutchmans Lane, , VT" -->
    <tag k="addr:city" v="Londonderry"/>
    <tag k="addr:housenumber" v="209"/>
    <tag k="addr:street" v="Dutchmans Lane"/>
    <tag k="addr:state" v="VT"/>
    <tag k="ref:vcgi:esiteid" v="140999"/>
  </node>
  <node id="-447" visible="true" lat="43.227639393483" lon="-72.788995048456">
    <!-- conflict: "287 Dutchmans Lane, Londonderry, VT" Fuzzy match to "287 Dutchmans Lane, , VT" -->
    <tag k="addr:city" v="Londonderry"/>
    <tag k="addr:housenumber" v="287"/>
    <tag k="addr:street" v="Dutchmans Lane"/>
    <tag k="addr:state" v="VT"/>
    <tag k="ref:vcgi:esiteid" v="141001"/>
  </node>
  <node id="-448" visible="true" lat="43.227613260963" lon="-72.838306476867">
    <!-- conflict: "436 Tallwood Circle, Londonderry, VT" Fuzzy match to "436 Tallwood Circle, , VT" -->
    <tag k="addr:city" v="Londonderry"/>
    <tag k="addr:housenumber" v="436"/>
    <tag k="addr:street" v="Tallwood Circle"/>
    <tag k="addr:state" v="VT"/>
    <tag k="ref:vcgi:esiteid" v="141002"/>
  </node>
  <node id="-449" visible="true" lat="43.227547957124" lon="-72.802584579899">
    <!-- conflict: "82 Pine Tree Hill, Londonderry, VT" Fuzzy match to "82 Pine Tree Hill, , VT" -->
    <tag k="addr:city" v="Londonderry"/>
    <tag k="addr:housenumber" v="82"/>
    <tag k="addr:street" v="Pine Tree Hill"/>
    <tag k="addr:state" v="VT"/>
    <tag k="ref:vcgi:esiteid" v="141003"/>
  </node>
  <node id="-450" visible="true" lat="43.227612689942" lon="-72.781716602762">
    <!-- conflict: "761 Little Pond Road, Londonderry, VT" Fuzzy match to "761 Little Pond Road, , VT" -->
    <tag k="addr:city" v="Londonderry"/>
    <tag k="addr:housenumber" v="761"/>
    <tag k="addr:street" v="Little Pond Road"/>
    <tag k="addr:state" v="VT"/>
    <tag k="ref:vcgi:esiteid" v="141004"/>
  </node>
  <node id="-451" visible="true" lat="43.227442713643" lon="-72.82135207984">
    <!-- conflict: "146 Doane Lane, Londonderry, VT" Fuzzy match to "146 Doane Lane, , VT" -->
    <tag k="addr:city" v="Londonderry"/>
    <tag k="addr:housenumber" v="146"/>
    <tag k="addr:street" v="Doane Lane"/>
    <tag k="addr:state" v="VT"/>
    <tag k="ref:vcgi:esiteid" v="141005"/>
  </node>
  <node id="-452" visible="true" lat="43.227551871996" lon="-72.80366041395">
    <!-- conflict: "66 Pine Tree Hill, Londonderry, VT" Fuzzy match to "66 Pine Tree Hill, , VT" -->
    <tag k="addr:city" v="Londonderry"/>
    <tag k="addr:housenumber" v="66"/>
    <tag k="addr:street" v="Pine Tree Hill"/>
    <tag k="addr:state" v="VT"/>
    <tag k="ref:vcgi:esiteid" v="141006"/>
  </node>
  <node id="-453" visible="true" lat="43.227404651638" lon="-72.80736133814">
    <!-- conflict: "5821 Vermont Route 100, Londonderry, VT" Fuzzy match to "5821 Vermont Route 100, , VT" -->
    <tag k="addr:city" v="Londonderry"/>
    <tag k="addr:housenumber" v="5821"/>
    <tag k="addr:street" v="Vermont Route 100"/>
    <tag k="addr:state" v="VT"/>
    <tag k="ref:vcgi:esiteid" v="141007"/>
  </node>
  <node id="-454" visible="true" lat="43.227430855711" lon="-72.839707417273">
    <!-- conflict: "475 Tallwood Circle, Londonderry, VT" Fuzzy match to "475 Tallwood Circle, , VT" -->
    <tag k="addr:city" v="Londonderry"/>
    <tag k="addr:housenumber" v="475"/>
    <tag k="addr:street" v="Tallwood Circle"/>
    <tag k="addr:state" v="VT"/>
    <tag k="ref:vcgi:esiteid" v="141009"/>
  </node>
  <node id="-455" visible="true" lat="43.227448657234" lon="-72.805451657999">
    <!-- conflict: "33 Overlook Drive, Londonderry, VT" Fuzzy match to "33 Overlook Drive, , VT" -->
    <tag k="addr:city" v="Londonderry"/>
    <tag k="addr:housenumber" v="33"/>
    <tag k="addr:street" v="Overlook Drive"/>
    <tag k="addr:state" v="VT"/>
    <tag k="ref:vcgi:esiteid" v="141010"/>
  </node>
  <node id="-456" visible="true" lat="43.227326585847" lon="-72.837930001419">
    <!-- conflict: "430 Tallwood Circle, Londonderry, VT" Fuzzy match to "430 Tallwood Circle, , VT" -->
    <tag k="addr:city" v="Londonderry"/>
    <tag k="addr:housenumber" v="430"/>
    <tag k="addr:street" v="Tallwood Circle"/>
    <tag k="addr:state" v="VT"/>
    <tag k="ref:vcgi:esiteid" v="141012"/>
  </node>
  <node id="-458" visible="true" lat="43.227360919182" lon="-72.819421083844">
    <!-- conflict: "41 Doane Lane, Londonderry, VT" Fuzzy match to "41 Doane Lane, , VT" -->
    <tag k="addr:city" v="Londonderry"/>
    <tag k="addr:housenumber" v="41"/>
    <tag k="addr:street" v="Doane Lane"/>
    <tag k="addr:state" v="VT"/>
    <tag k="ref:vcgi:esiteid" v="141014"/>
  </node>
  <node id="-459" visible="true" lat="43.227257921522" lon="-72.84063080685">
    <!-- conflict: "52 Tallwood Circle, Londonderry, VT" Fuzzy match to "52 Tallwood Circle, , VT" -->
    <tag k="addr:city" v="Londonderry"/>
    <tag k="addr:housenumber" v="52"/>
    <tag k="addr:street" v="Tallwood Circle"/>
    <tag k="addr:state" v="VT"/>
    <tag k="ref:vcgi:esiteid" v="141015"/>
  </node>
  <node id="-460" visible="true" lat="43.227372364032" lon="-72.799638056603">
    <!-- conflict: "158 Derry Woods Road, Londonderry, VT" Fuzzy match to "158 Derry Woods Road, , VT" -->
    <tag k="addr:city" v="Londonderry"/>
    <tag k="addr:housenumber" v="158"/>
    <tag k="addr:street" v="Derry Woods Road"/>
    <tag k="addr:state" v="VT"/>
    <tag k="ref:vcgi:esiteid" v="141016"/>
  </node>
  <node id="-461" visible="true" lat="43.227151497065" lon="-72.787515029496">
    <!-- conflict: "151 Dutchmans Lane, Londonderry, VT" Fuzzy match to "151 Dutchmans Lane, , VT" -->
    <tag k="addr:city" v="Londonderry"/>
    <tag k="addr:housenumber" v="151"/>
    <tag k="addr:street" v="Dutchmans Lane"/>
    <tag k="addr:state" v="VT"/>
    <tag k="ref:vcgi:esiteid" v="141017"/>
  </node>
  <node id="-462" visible="true" lat="43.227153578713" lon="-72.820317775599">
    <!-- conflict: "103 Doane Lane, Londonderry, VT" Fuzzy match to "103 Doane Lane, , VT" -->
    <tag k="addr:city" v="Londonderry"/>
    <tag k="addr:housenumber" v="103"/>
    <tag k="addr:street" v="Doane Lane"/>
    <tag k="addr:state" v="VT"/>
    <tag k="ref:vcgi:esiteid" v="141018"/>
  </node>
  <node id="-463" visible="true" lat="43.227173998834" lon="-72.807236936244">
    <!-- conflict: "5808 Vermont Route 100, Londonderry, VT" Fuzzy match to "5808 Vermont Route 100, , VT" -->
    <tag k="addr:city" v="Londonderry"/>
    <tag k="addr:housenumber" v="5808"/>
    <tag k="addr:street" v="Vermont Route 100"/>
    <tag k="addr:state" v="VT"/>
    <tag k="ref:vcgi:esiteid" v="141021"/>
  </node>
  <node id="-464" visible="true" lat="43.227078630618" lon="-72.839059151631">
    <!-- conflict: "433 Tallwood Circle, Londonderry, VT" Fuzzy match to "433 Tallwood Circle, , VT" -->
    <tag k="addr:city" v="Londonderry"/>
    <tag k="addr:housenumber" v="433"/>
    <tag k="addr:street" v="Tallwood Circle"/>
    <tag k="addr:state" v="VT"/>
    <tag k="ref:vcgi:esiteid" v="141022"/>
  </node>
  <node id="-465" visible="true" lat="43.22706458017" lon="-72.804980595657">
    <!-- conflict: "107 Pond Street, Londonderry, VT" Fuzzy match to "107 Pond Street, , VT" -->
    <tag k="addr:city" v="Londonderry"/>
    <tag k="addr:housenumber" v="107"/>
    <tag k="addr:street" v="Pond Street"/>
    <tag k="addr:state" v="VT"/>
    <tag k="ref:vcgi:esiteid" v="141023"/>
  </node>
  <node id="-466" visible="true" lat="43.227120593681" lon="-72.806031492786">
    <!-- conflict: "55 Pond Street, Londonderry, VT" Fuzzy match to "55 Pond Street, , VT" -->
    <tag k="addr:city" v="Londonderry"/>
    <tag k="addr:housenumber" v="55"/>
    <tag k="addr:street" v="Pond Street"/>
    <tag k="addr:state" v="VT"/>
    <tag k="ref:vcgi:esiteid" v="141024"/>
  </node>
  <node id="-467" visible="true" lat="43.227188820216" lon="-72.803786581686">
    <!-- conflict: "38 Pine Tree Hill, Londonderry, VT" Fuzzy match to "38 Pine Tree Hill, , VT" -->
    <tag k="addr:city" v="Londonderry"/>
    <tag k="addr:housenumber" v="38"/>
    <tag k="addr:street" v="Pine Tree Hill"/>
    <tag k="addr:state" v="VT"/>
    <tag k="ref:vcgi:esiteid" v="141025"/>
  </node>
  <node id="-468" visible="true" lat="43.227151112586" lon="-72.77825285654">
    <!-- conflict: "804 Mountain Lake Road, Londonderry, VT" Fuzzy match to "804 Mountain Lake Road, , VT" -->
    <tag k="addr:city" v="Londonderry"/>
    <tag k="addr:housenumber" v="804"/>
    <tag k="addr:street" v="Mountain Lake Road"/>
    <tag k="addr:state" v="VT"/>
    <tag k="ref:vcgi:esiteid" v="141026"/>
  </node>
  <node id="-469" visible="true" lat="43.227159309588" lon="-72.837675677162">
    <!-- conflict: "410 Tallwood Circle, Londonderry, VT" Fuzzy match to "410 Tallwood Circle, , VT" -->
    <tag k="addr:city" v="Londonderry"/>
    <tag k="addr:housenumber" v="410"/>
    <tag k="addr:street" v="Tallwood Circle"/>
    <tag k="addr:state" v="VT"/>
    <tag k="ref:vcgi:esiteid" v="141027"/>
  </node>
  <node id="-470" visible="true" lat="43.227047196567" lon="-72.818136624133">
    <!-- conflict: "5597 Vermont Route 100, Londonderry, VT" Fuzzy match to "5597 Vermont Route 100, , VT" -->
    <tag k="addr:city" v="Londonderry"/>
    <tag k="addr:housenumber" v="5597"/>
    <tag k="addr:street" v="Vermont Route 100"/>
    <tag k="addr:state" v="VT"/>
    <tag k="ref:vcgi:esiteid" v="141028"/>
  </node>
  <node id="-471" visible="true" lat="43.226874850246" lon="-72.840460719322">
    <!-- conflict: "76 Tallwood Circle, Londonderry, VT" Fuzzy match to "76 Tallwood Circle, , VT" -->
    <tag k="addr:city" v="Londonderry"/>
    <tag k="addr:housenumber" v="76"/>
    <tag k="addr:street" v="Tallwood Circle"/>
    <tag k="addr:state" v="VT"/>
    <tag k="ref:vcgi:esiteid" v="141029"/>
  </node>
  <node id="-472" visible="true" lat="43.226994240081" lon="-72.74861505785">
    <!-- conflict: "138 Gardiner Drive, Londonderry, VT" Fuzzy match to "138 Gardiner Drive, , VT" -->
    <tag k="addr:city" v="Londonderry"/>
    <tag k="addr:housenumber" v="138"/>
    <tag k="addr:street" v="Gardiner Drive"/>
    <tag k="addr:state" v="VT"/>
    <tag k="ref:vcgi:esiteid" v="141031"/>
  </node>
  <node id="-473" visible="true" lat="43.226800234386" lon="-72.787228775007">
    <!-- conflict: "139 Dutchmans Lane, Londonderry, VT" Fuzzy match to "139 Dutchmans Lane, , VT" -->
    <tag k="addr:city" v="Londonderry"/>
    <tag k="addr:housenumber" v="139"/>
    <tag k="addr:street" v="Dutchmans Lane"/>
    <tag k="addr:state" v="VT"/>
    <tag k="ref:vcgi:esiteid" v="141032"/>
  </node>
  <node id="-474" visible="true" lat="43.226739123153" lon="-72.839455879285">
    <!-- conflict: "57 Tallwood Circle, Londonderry, VT" Fuzzy match to "57 Tallwood Circle, , VT" -->
    <tag k="addr:city" v="Londonderry"/>
    <tag k="addr:housenumber" v="57"/>
    <tag k="addr:street" v="Tallwood Circle"/>
    <tag k="addr:state" v="VT"/>
    <tag k="ref:vcgi:esiteid" v="141033"/>
  </node>
  <node id="-475" visible="true" lat="43.226739122888" lon="-72.837617195375">
    <!-- conflict: "398 Tallwood Circle, Londonderry, VT" Fuzzy match to "398 Tallwood Circle, , VT" -->
    <tag k="addr:city" v="Londonderry"/>
    <tag k="addr:housenumber" v="398"/>
    <tag k="addr:street" v="Tallwood Circle"/>
    <tag k="addr:state" v="VT"/>
    <tag k="ref:vcgi:esiteid" v="141034"/>
  </node>
  <node id="-476" visible="true" lat="43.226707308163" lon="-72.817563562679">
    <!-- conflict: "5583 Vermont Route 100, Londonderry, VT" Fuzzy match to "5583 Vermont Route 100, , VT" -->
    <tag k="addr:city" v="Londonderry"/>
    <tag k="addr:housenumber" v="5583"/>
    <tag k="addr:street" v="Vermont Route 100"/>
    <tag k="addr:state" v="VT"/>
    <tag k="ref:vcgi:esiteid" v="141035"/>
  </node>
  <node id="-477" visible="true" lat="43.226556170913" lon="-72.838109841867">
    <!-- conflict: "379 Tallwood Circle, Londonderry, VT" Fuzzy match to "379 Tallwood Circle, , VT" -->
    <tag k="addr:city" v="Londonderry"/>
    <tag k="addr:housenumber" v="379"/>
    <tag k="addr:street" v="Tallwood Circle"/>
    <tag k="addr:state" v="VT"/>
    <tag k="ref:vcgi:esiteid" v="141037"/>
  </node>
  <node id="-478" visible="true" lat="43.226876455163" lon="-72.744736915454">
    <!-- conflict: "175 Loon Circle, Londonderry, VT" Fuzzy match to "175 Loon Circle, , VT" -->
    <tag k="addr:city" v="Londonderry"/>
    <tag k="addr:housenumber" v="175"/>
    <tag k="addr:street" v="Loon Circle"/>
    <tag k="addr:state" v="VT"/>
    <tag k="ref:vcgi:esiteid" v="141038"/>
  </node>
  <node id="-479" visible="true" lat="43.226693346756" lon="-72.804070738051">
    <!-- conflict: "161 Pond Street, Londonderry, VT" Fuzzy match to "161 Pond Street, , VT" -->
    <tag k="addr:city" v="Londonderry"/>
    <tag k="addr:housenumber" v="161"/>
    <tag k="addr:street" v="Pond Street"/>
    <tag k="addr:state" v="VT"/>
    <tag k="ref:vcgi:esiteid" v="141039"/>
  </node>
  <node id="-480" visible="true" lat="43.226525499441" lon="-72.840058602478">
    <!-- conflict: "104 Tallwood Circle, Londonderry, VT" Fuzzy match to "104 Tallwood Circle, , VT" -->
    <tag k="addr:city" v="Londonderry"/>
    <tag k="addr:housenumber" v="104"/>
    <tag k="addr:street" v="Tallwood Circle"/>
    <tag k="addr:state" v="VT"/>
    <tag k="ref:vcgi:esiteid" v="141040"/>
  </node>
  <node id="-481" visible="true" lat="43.226609424131" lon="-72.803216244633">
    <!-- conflict: "10 Pine Tree Hill, Londonderry, VT" Fuzzy match to "10 Pine Tree Hill, , VT" -->
    <tag k="addr:city" v="Londonderry"/>
    <tag k="addr:housenumber" v="10"/>
    <tag k="addr:street" v="Pine Tree Hill"/>
    <tag k="addr:state" v="VT"/>
    <tag k="ref:vcgi:esiteid" v="141041"/>
  </node>
  <node id="-482" visible="true" lat="43.226311221844" lon="-72.83683556656">
    <!-- conflict: "376 Tallwood Circle, Londonderry, VT" Fuzzy match to "376 Tallwood Circle, , VT" -->
    <tag k="addr:city" v="Londonderry"/>
    <tag k="addr:housenumber" v="376"/>
    <tag k="addr:street" v="Tallwood Circle"/>
    <tag k="addr:state" v="VT"/>
    <tag k="ref:vcgi:esiteid" v="141042"/>
  </node>
  <node id="-483" visible="true" lat="43.225999812956" lon="-72.742243849505">
    <!-- conflict: "545 Howard Hill Road, Londonderry, VT" Fuzzy match to "545 Howard Hill Road, , VT" -->
    <tag k="addr:city" v="Londonderry"/>
    <tag k="addr:housenumber" v="545"/>
    <tag k="addr:street" v="Howard Hill Road"/>
    <tag k="addr:state" v="VT"/>
    <tag k="ref:vcgi:esiteid" v="141043"/>
  </node>
  <node id="-484" visible="true" lat="43.226319504714" lon="-72.838990488051">
    <!-- conflict: "139 Tallwood Circle, Londonderry, VT" Fuzzy match to "139 Tallwood Circle, , VT" -->
    <tag k="addr:city" v="Londonderry"/>
    <tag k="addr:housenumber" v="139"/>
    <tag k="addr:street" v="Tallwood Circle"/>
    <tag k="addr:state" v="VT"/>
    <tag k="ref:vcgi:esiteid" v="141044"/>
  </node>
  <node id="-485" visible="true" lat="43.226296834891" lon="-72.817788262211">
    <!-- conflict: "5551 Vermont Route 100, Londonderry, VT" Fuzzy match to "5551 Vermont Route 100, , VT" -->
    <tag k="addr:city" v="Londonderry"/>
    <tag k="addr:housenumber" v="5551"/>
    <tag k="addr:street" v="Vermont Route 100"/>
    <tag k="addr:state" v="VT"/>
    <tag k="ref:vcgi:esiteid" v="141045"/>
  </node>
  <node id="-486" visible="true" lat="43.226283376017" lon="-72.809787050155">
    <!-- conflict: "160 Edgehill Road, Londonderry, VT" Fuzzy match to "160 Edgehill Road, , VT" -->
    <tag k="addr:city" v="Londonderry"/>
    <tag k="addr:housenumber" v="160"/>
    <tag k="addr:street" v="Edgehill Road"/>
    <tag k="addr:state" v="VT"/>
    <tag k="ref:vcgi:esiteid" v="141046"/>
  </node>
  <node id="-487" visible="true" lat="43.226306524622" lon="-72.818987984092">
    <!-- conflict: "5489 Vermont Route 100, Londonderry, VT" Fuzzy match to "5489 Vermont Route 100, , VT" -->
    <tag k="addr:city" v="Londonderry"/>
    <tag k="addr:housenumber" v="5489"/>
    <tag k="addr:street" v="Vermont Route 100"/>
    <tag k="addr:state" v="VT"/>
    <tag k="ref:vcgi:esiteid" v="141047"/>
  </node>
  <node id="-490" visible="true" lat="43.226185992064" lon="-72.808816221447">
    <!-- conflict: "110 Edgehill Road, Londonderry, VT" Fuzzy match to "110 Edgehill Road, , VT" -->
    <tag k="addr:city" v="Londonderry"/>
    <tag k="addr:housenumber" v="110"/>
    <tag k="addr:street" v="Edgehill Road"/>
    <tag k="addr:state" v="VT"/>
    <tag k="ref:vcgi:esiteid" v="141050"/>
  </node>
  <node id="-491" visible="true" lat="43.22624101046" lon="-72.806932207334">
    <!-- conflict: "2493 Middletown Road, Londonderry, VT" Fuzzy match to "2493 Middletown Road, , VT" -->
    <tag k="addr:city" v="Londonderry"/>
    <tag k="addr:housenumber" v="2493"/>
    <tag k="addr:street" v="Middletown Road"/>
    <tag k="addr:state" v="VT"/>
    <tag k="ref:vcgi:esiteid" v="141051"/>
  </node>
  <node id="-492" visible="true" lat="43.226189761654" lon="-72.806408365202">
    <!-- conflict: "2484 Middletown Road, Londonderry, VT" Fuzzy match to "2484 Middletown Road, , VT" -->
    <tag k="addr:city" v="Londonderry"/>
    <tag k="addr:housenumber" v="2484"/>
    <tag k="addr:street" v="Middletown Road"/>
    <tag k="addr:state" v="VT"/>
    <tag k="ref:vcgi:esiteid" v="141052"/>
  </node>
  <node id="-493" visible="true" lat="43.226195288128" lon="-72.806249514771">
    <!-- conflict: "2400 Vermont Route 11, Londonderry, VT" Fuzzy match to "2400 Vermont Route 11, , VT" -->
    <tag k="addr:city" v="Londonderry"/>
    <tag k="addr:housenumber" v="2400"/>
    <tag k="addr:street" v="Vermont Route 11"/>
    <tag k="addr:state" v="VT"/>
    <tag k="ref:vcgi:esiteid" v="141053"/>
  </node>
  <node id="-494" visible="true" lat="43.226060105166" lon="-72.838250435991">
    <!-- conflict: "337 Tallwood Circle, Londonderry, VT" Fuzzy match to "337 Tallwood Circle, , VT" -->
    <tag k="addr:city" v="Londonderry"/>
    <tag k="addr:housenumber" v="337"/>
    <tag k="addr:street" v="Tallwood Circle"/>
    <tag k="addr:state" v="VT"/>
    <tag k="ref:vcgi:esiteid" v="141054"/>
  </node>
  <node id="-495" visible="true" lat="43.226147361897" lon="-72.805260959476">
    <!-- conflict: "2454 Vermont Route 11, Londonderry, VT" Fuzzy match to "2454 Vermont Route 11, , VT" -->
    <tag k="addr:city" v="Londonderry"/>
    <tag k="addr:housenumber" v="2454"/>
    <tag k="addr:street" v="Vermont Route 11"/>
    <tag k="addr:state" v="VT"/>
    <tag k="ref:vcgi:esiteid" v="141055"/>
  </node>
  <node id="-496" visible="true" lat="43.226124472325" lon="-72.805993379967">
    <!-- conflict: "2418 Vermont Route 11, Londonderry, VT" Fuzzy match to "2418 Vermont Route 11, , VT" -->
    <tag k="addr:city" v="Londonderry"/>
    <tag k="addr:housenumber" v="2418"/>
    <tag k="addr:street" v="Vermont Route 11"/>
    <tag k="addr:state" v="VT"/>
    <tag k="ref:vcgi:esiteid" v="141056"/>
  </node>
  <node id="-497" visible="true" lat="43.22621571297" lon="-72.810765149314">
    <!-- conflict: "212 Edgehill Road, Londonderry, VT" Fuzzy match to "212 Edgehill Road, , VT" -->
    <tag k="addr:city" v="Londonderry"/>
    <tag k="addr:housenumber" v="212"/>
    <tag k="addr:street" v="Edgehill Road"/>
    <tag k="addr:state" v="VT"/>
    <tag k="ref:vcgi:esiteid" v="141057"/>
  </node>
  <node id="-498" visible="true" lat="43.226122987239" lon="-72.740634073802">
    <!-- conflict: "550 Howard Hill Road, Londonderry, VT" Fuzzy match to "550 Howard Hill Road, , VT" -->
    <tag k="addr:city" v="Londonderry"/>
    <tag k="addr:housenumber" v="550"/>
    <tag k="addr:street" v="Howard Hill Road"/>
    <tag k="addr:state" v="VT"/>
    <tag k="ref:vcgi:esiteid" v="141058"/>
  </node>
  <node id="-499" visible="true" lat="43.225911372464" lon="-72.821150806471">
    <!-- conflict: "87 Doane Lane, Londonderry, VT" Fuzzy match to "87 Doane Lane, , VT" -->
    <tag k="addr:city" v="Londonderry"/>
    <tag k="addr:housenumber" v="87"/>
    <tag k="addr:street" v="Doane Lane"/>
    <tag k="addr:state" v="VT"/>
    <tag k="ref:vcgi:esiteid" v="141059"/>
  </node>
  <node id="-500" visible="true" lat="43.22668831112" lon="-72.784466450931">
    <!-- conflict: "575 Little Pond Road, Londonderry, VT" Fuzzy match to "575 Little Pond Road, , VT" -->
    <tag k="addr:city" v="Londonderry"/>
    <tag k="addr:housenumber" v="575"/>
    <tag k="addr:street" v="Little Pond Road"/>
    <tag k="addr:state" v="VT"/>
    <tag k="ref:vcgi:esiteid" v="141060"/>
  </node>
  <node id="-501" visible="true" lat="43.225987626889" lon="-72.809518126853">
    <!-- conflict: "147 Edgehill Road, Londonderry, VT" Fuzzy match to "147 Edgehill Road, , VT" -->
    <tag k="addr:city" v="Londonderry"/>
    <tag k="addr:housenumber" v="147"/>
    <tag k="addr:street" v="Edgehill Road"/>
    <tag k="addr:state" v="VT"/>
    <tag k="ref:vcgi:esiteid" v="141061"/>
  </node>
  <node id="-502" visible="true" lat="43.226098919463" lon="-72.745477811866">
    <!-- conflict: "148 Keith Hill, Londonderry, VT" Fuzzy match to "148 Keith Hill, , VT" -->
    <tag k="addr:city" v="Londonderry"/>
    <tag k="addr:housenumber" v="148"/>
    <tag k="addr:street" v="Keith Hill"/>
    <tag k="addr:state" v="VT"/>
    <tag k="ref:vcgi:esiteid" v="141062"/>
  </node>
  <node id="-503" visible="true" lat="43.226041185538" lon="-72.739943303996">
    <!-- conflict: "23 Hemlock Drive, Londonderry, VT" Fuzzy match to "23 Hemlock Drive, , VT" -->
    <tag k="addr:city" v="Londonderry"/>
    <tag k="addr:housenumber" v="23"/>
    <tag k="addr:street" v="Hemlock Drive"/>
    <tag k="addr:state" v="VT"/>
    <tag k="ref:vcgi:esiteid" v="141063"/>
  </node>
  <node id="-504" visible="true" lat="43.225861743219" lon="-72.808976438277">
    <!-- conflict: "111 Edgehill Road, Londonderry, VT" Fuzzy match to "111 Edgehill Road, , VT" -->
    <tag k="addr:city" v="Londonderry"/>
    <tag k="addr:housenumber" v="111"/>
    <tag k="addr:street" v="Edgehill Road"/>
    <tag k="addr:state" v="VT"/>
    <tag k="ref:vcgi:esiteid" v="141064"/>
  </node>
  <node id="-505" visible="true" lat="43.225837658952" lon="-72.804630520409">
    <!-- conflict: "2486 Vermont Route 11, Londonderry, VT" Fuzzy match to "2486 Vermont Route 11, , VT" -->
    <tag k="addr:city" v="Londonderry"/>
    <tag k="addr:housenumber" v="2486"/>
    <tag k="addr:street" v="Vermont Route 11"/>
    <tag k="addr:state" v="VT"/>
    <tag k="ref:vcgi:esiteid" v="141065"/>
  </node>
  <node id="-506" visible="true" lat="43.225854113842" lon="-72.808617858153">
    <!-- conflict: "95 Edgehill Road, Londonderry, VT" Fuzzy match to "95 Edgehill Road, , VT" -->
    <tag k="addr:city" v="Londonderry"/>
    <tag k="addr:housenumber" v="95"/>
    <tag k="addr:street" v="Edgehill Road"/>
    <tag k="addr:state" v="VT"/>
    <tag k="ref:vcgi:esiteid" v="141066"/>
  </node>
  <node id="-508" visible="true" lat="43.225836325272" lon="-72.806234220538">
    <!-- conflict: "2452 Middletown Road, Londonderry, VT" Fuzzy match to "2452 Middletown Road, , VT" -->
    <tag k="addr:city" v="Londonderry"/>
    <tag k="addr:housenumber" v="2452"/>
    <tag k="addr:street" v="Middletown Road"/>
    <tag k="addr:state" v="VT"/>
    <tag k="ref:vcgi:esiteid" v="141068"/>
  </node>
  <node id="-509" visible="true" lat="43.225833990786" lon="-72.808184235036">
    <!-- conflict: "79 Edgehill Road, Londonderry, VT" Fuzzy match to "79 Edgehill Road, , VT" -->
    <tag k="addr:city" v="Londonderry"/>
    <tag k="addr:housenumber" v="79"/>
    <tag k="addr:street" v="Edgehill Road"/>
    <tag k="addr:state" v="VT"/>
    <tag k="ref:vcgi:esiteid" v="141069"/>
  </node>
  <node id="-510" visible="true" lat="43.2257434885" lon="-72.810151365388">
    <!-- conflict: "183 Edgehill Road, Londonderry, VT" Fuzzy match to "183 Edgehill Road, , VT" -->
    <tag k="addr:city" v="Londonderry"/>
    <tag k="addr:housenumber" v="183"/>
    <tag k="addr:street" v="Edgehill Road"/>
    <tag k="addr:state" v="VT"/>
    <tag k="ref:vcgi:esiteid" v="141070"/>
  </node>
  <node id="-511" visible="true" lat="43.225774183861" lon="-72.746253167428">
    <!-- conflict: "174 Keith Hill, Londonderry, VT" Fuzzy match to "174 Keith Hill, , VT" -->
    <tag k="addr:city" v="Londonderry"/>
    <tag k="addr:housenumber" v="174"/>
    <tag k="addr:street" v="Keith Hill"/>
    <tag k="addr:state" v="VT"/>
    <tag k="ref:vcgi:esiteid" v="141071"/>
  </node>
  <node id="-512" visible="true" lat="43.225571266046" lon="-72.838909930503">
    <!-- conflict: "187 Tallwood Circle, Londonderry, VT" Fuzzy match to "187 Tallwood Circle, , VT" -->
    <tag k="addr:city" v="Londonderry"/>
    <tag k="addr:housenumber" v="187"/>
    <tag k="addr:street" v="Tallwood Circle"/>
    <tag k="addr:state" v="VT"/>
    <tag k="ref:vcgi:esiteid" v="141072"/>
  </node>
  <node id="-513" visible="true" lat="43.225714666362" lon="-72.804201065977">
    <!-- conflict: "2508 Vermont Route 11, Londonderry, VT" Fuzzy match to "2508 Vermont Route 11, , VT" -->
    <tag k="addr:city" v="Londonderry"/>
    <tag k="addr:housenumber" v="2508"/>
    <tag k="addr:street" v="Vermont Route 11"/>
    <tag k="addr:state" v="VT"/>
    <tag k="ref:vcgi:esiteid" v="141075"/>
  </node>
  <node id="-514" visible="true" lat="43.225596918332" lon="-72.840155247523">
    <!-- conflict: "182 Tallwood Circle, Londonderry, VT" Fuzzy match to "182 Tallwood Circle, , VT" -->
    <tag k="addr:city" v="Londonderry"/>
    <tag k="addr:housenumber" v="182"/>
    <tag k="addr:street" v="Tallwood Circle"/>
    <tag k="addr:state" v="VT"/>
    <tag k="ref:vcgi:esiteid" v="141076"/>
  </node>
  <node id="-515" visible="true" lat="43.225556567431" lon="-72.811356811523">
    <!-- conflict: "253 Edgehill Road, Londonderry, VT" Fuzzy match to "253 Edgehill Road, , VT" -->
    <tag k="addr:city" v="Londonderry"/>
    <tag k="addr:housenumber" v="253"/>
    <tag k="addr:street" v="Edgehill Road"/>
    <tag k="addr:state" v="VT"/>
    <tag k="ref:vcgi:esiteid" v="141077"/>
  </node>
  <node id="-516" visible="true" lat="43.2256862708" lon="-72.729912997661">
    <!-- conflict: "7357 Vermont Route 11, Londonderry, VT" Fuzzy match to "7357 Vermont Route 11, , VT" -->
    <tag k="addr:city" v="Londonderry"/>
    <tag k="addr:housenumber" v="7357"/>
    <tag k="addr:street" v="Vermont Route 11"/>
    <tag k="addr:state" v="VT"/>
    <tag k="ref:vcgi:esiteid" v="141078"/>
  </node>
  <node id="-517" visible="true" lat="43.225487418318" lon="-72.805901828671">
    <!-- conflict: "2430 Middletown Road, Londonderry, VT" Fuzzy match to "2430 Middletown Road, , VT" -->
    <tag k="addr:city" v="Londonderry"/>
    <tag k="addr:housenumber" v="2430"/>
    <tag k="addr:street" v="Middletown Road"/>
    <tag k="addr:state" v="VT"/>
    <tag k="ref:vcgi:esiteid" v="141079"/>
  </node>
  <node id="-518" visible="true" lat="43.225609974879" lon="-72.741242652055">
    <!-- conflict: "524 Howard Hill Road, Londonderry, VT" Fuzzy match to "524 Howard Hill Road, , VT" -->
    <tag k="addr:city" v="Londonderry"/>
    <tag k="addr:housenumber" v="524"/>
    <tag k="addr:street" v="Howard Hill Road"/>
    <tag k="addr:state" v="VT"/>
    <tag k="ref:vcgi:esiteid" v="141080"/>
  </node>
  <node id="-519" visible="true" lat="43.225510791236" lon="-72.777596727852">
    <!-- conflict: "696 Mountain Lake Road, Londonderry, VT" Fuzzy match to "696 Mountain Lake Road, , VT" -->
    <tag k="addr:city" v="Londonderry"/>
    <tag k="addr:housenumber" v="696"/>
    <tag k="addr:street" v="Mountain Lake Road"/>
    <tag k="addr:state" v="VT"/>
    <tag k="ref:vcgi:esiteid" v="141081"/>
  </node>
  <node id="-520" visible="true" lat="43.225208654439" lon="-72.818667500846">
    <!-- conflict: "5471 Vermont Route 100, Londonderry, VT" Fuzzy match to "5471 Vermont Route 100, , VT" -->
    <tag k="addr:city" v="Londonderry"/>
    <tag k="addr:housenumber" v="5471"/>
    <tag k="addr:street" v="Vermont Route 100"/>
    <tag k="addr:state" v="VT"/>
    <tag k="ref:vcgi:esiteid" v="141082"/>
  </node>
  <node id="-521" visible="true" lat="43.225325458098" lon="-72.837379364061">
    <!-- conflict: "312 Tallwood Circle, Londonderry, VT" Fuzzy match to "312 Tallwood Circle, , VT" -->
    <tag k="addr:city" v="Londonderry"/>
    <tag k="addr:housenumber" v="312"/>
    <tag k="addr:street" v="Tallwood Circle"/>
    <tag k="addr:state" v="VT"/>
    <tag k="ref:vcgi:esiteid" v="141083"/>
  </node>
  <node id="-522" visible="true" lat="43.225358203758" lon="-72.778527516116">
    <!-- conflict: "705 Mountain Lake Road, Londonderry, VT" Fuzzy match to "705 Mountain Lake Road, , VT" -->
    <tag k="addr:city" v="Londonderry"/>
    <tag k="addr:housenumber" v="705"/>
    <tag k="addr:street" v="Mountain Lake Road"/>
    <tag k="addr:state" v="VT"/>
    <tag k="ref:vcgi:esiteid" v="141084"/>
  </node>
  <node id="-523" visible="true" lat="43.225430684603" lon="-72.740487341655">
    <!-- conflict: "56 Hemlock Drive, Londonderry, VT" Fuzzy match to "56 Hemlock Drive, , VT" -->
    <tag k="addr:city" v="Londonderry"/>
    <tag k="addr:housenumber" v="56"/>
    <tag k="addr:street" v="Hemlock Drive"/>
    <tag k="addr:state" v="VT"/>
    <tag k="ref:vcgi:esiteid" v="141085"/>
  </node>
  <node id="-524" visible="true" lat="43.225266165086" lon="-72.80582553365">
    <!-- conflict: "2414 Middletown Road, Londonderry, VT" Fuzzy match to "2414 Middletown Road, , VT" -->
    <tag k="addr:city" v="Londonderry"/>
    <tag k="addr:housenumber" v="2414"/>
    <tag k="addr:street" v="Middletown Road"/>
    <tag k="addr:state" v="VT"/>
    <tag k="ref:vcgi:esiteid" v="141086"/>
  </node>
  <node id="-525" visible="true" lat="43.225300982865" lon="-72.7862408356">
    <!-- conflict: "19 Dutchmans Lane, Londonderry, VT" Fuzzy match to "19 Dutchmans Lane, , VT" -->
    <tag k="addr:city" v="Londonderry"/>
    <tag k="addr:housenumber" v="19"/>
    <tag k="addr:street" v="Dutchmans Lane"/>
    <tag k="addr:state" v="VT"/>
    <tag k="ref:vcgi:esiteid" v="141087"/>
  </node>
  <node id="-526" visible="true" lat="43.225384908546" lon="-72.745110756645">
    <!-- conflict: "159 Keith Hill, Londonderry, VT" Fuzzy match to "159 Keith Hill, , VT" -->
    <tag k="addr:city" v="Londonderry"/>
    <tag k="addr:housenumber" v="159"/>
    <tag k="addr:street" v="Keith Hill"/>
    <tag k="addr:state" v="VT"/>
    <tag k="ref:vcgi:esiteid" v="141088"/>
  </node>
  <node id="-527" visible="true" lat="43.225362020909" lon="-72.73937345029">
    <!-- conflict: "57 Hemlock Drive, Londonderry, VT" Fuzzy match to "57 Hemlock Drive, , VT" -->
    <tag k="addr:city" v="Londonderry"/>
    <tag k="addr:housenumber" v="57"/>
    <tag k="addr:street" v="Hemlock Drive"/>
    <tag k="addr:state" v="VT"/>
    <tag k="ref:vcgi:esiteid" v="141089"/>
  </node>
  <node id="-528" visible="true" lat="43.225072098778" lon="-72.839783945112">
    <!-- conflict: "190 Tallwood Circle, Londonderry, VT" Fuzzy match to "190 Tallwood Circle, , VT" -->
    <tag k="addr:city" v="Londonderry"/>
    <tag k="addr:housenumber" v="190"/>
    <tag k="addr:street" v="Tallwood Circle"/>
    <tag k="addr:state" v="VT"/>
    <tag k="ref:vcgi:esiteid" v="141090"/>
  </node>
  <node id="-529" visible="true" lat="43.225275977867" lon="-72.746840431483">
    <!-- conflict: "218 Keith Hill, Londonderry, VT" Fuzzy match to "218 Keith Hill, , VT" -->
    <tag k="addr:city" v="Londonderry"/>
    <tag k="addr:housenumber" v="218"/>
    <tag k="addr:street" v="Keith Hill"/>
    <tag k="addr:state" v="VT"/>
    <tag k="ref:vcgi:esiteid" v="141091"/>
  </node>
  <node id="-530" visible="true" lat="43.225166985102" lon="-72.802338899257">
    <!-- conflict: "2582 Vermont Route 11, Londonderry, VT" Fuzzy match to "2582 Vermont Route 11, , VT" -->
    <tag k="addr:city" v="Londonderry"/>
    <tag k="addr:housenumber" v="2582"/>
    <tag k="addr:street" v="Vermont Route 11"/>
    <tag k="addr:state" v="VT"/>
    <tag k="ref:vcgi:esiteid" v="141092"/>
  </node>
  <node id="-531" visible="true" lat="43.225197986724" lon="-72.784928579891">
    <!-- conflict: "534 Little Pond Road, Londonderry, VT" Fuzzy match to "534 Little Pond Road, , VT" -->
    <tag k="addr:city" v="Londonderry"/>
    <tag k="addr:housenumber" v="534"/>
    <tag k="addr:street" v="Little Pond Road"/>
    <tag k="addr:state" v="VT"/>
    <tag k="ref:vcgi:esiteid" v="141093"/>
  </node>
  <node id="-532" visible="true" lat="43.225232320896" lon="-72.743104226489">
    <!-- conflict: "451 Howard Hill Road, Londonderry, VT" Fuzzy match to "451 Howard Hill Road, , VT" -->
    <tag k="addr:city" v="Londonderry"/>
    <tag k="addr:housenumber" v="451"/>
    <tag k="addr:street" v="Howard Hill Road"/>
    <tag k="addr:state" v="VT"/>
    <tag k="ref:vcgi:esiteid" v="141094"/>
  </node>
  <node id="-533" visible="true" lat="43.224854661464" lon="-72.837472236504">
    <!-- conflict: "292 Tallwood Circle, Londonderry, VT" Fuzzy match to "292 Tallwood Circle, , VT" -->
    <tag k="addr:city" v="Londonderry"/>
    <tag k="addr:housenumber" v="292"/>
    <tag k="addr:street" v="Tallwood Circle"/>
    <tag k="addr:state" v="VT"/>
    <tag k="ref:vcgi:esiteid" v="141095"/>
  </node>
  <node id="-534" visible="true" lat="43.224835591081" lon="-72.788750906523">
    <!-- conflict: "361 Little Pond Road, Londonderry, VT" Fuzzy match to "361 Little Pond Road, , VT" -->
    <tag k="addr:city" v="Londonderry"/>
    <tag k="addr:housenumber" v="361"/>
    <tag k="addr:street" v="Little Pond Road"/>
    <tag k="addr:state" v="VT"/>
    <tag k="ref:vcgi:esiteid" v="141096"/>
  </node>
  <node id="-535" visible="true" lat="43.224696129246" lon="-72.838016961341">
    <!-- conflict: "272 Tallwood Circle, Londonderry, VT" Fuzzy match to "272 Tallwood Circle, , VT" -->
    <tag k="addr:city" v="Londonderry"/>
    <tag k="addr:housenumber" v="272"/>
    <tag k="addr:street" v="Tallwood Circle"/>
    <tag k="addr:state" v="VT"/>
    <tag k="ref:vcgi:esiteid" v="141097"/>
  </node>
  <node id="-536" visible="true" lat="43.224847035089" lon="-72.739762549815">
    <!-- conflict: "95 Hemlock Drive, Londonderry, VT" Fuzzy match to "95 Hemlock Drive, , VT" -->
    <tag k="addr:city" v="Londonderry"/>
    <tag k="addr:housenumber" v="95"/>
    <tag k="addr:street" v="Hemlock Drive"/>
    <tag k="addr:state" v="VT"/>
    <tag k="ref:vcgi:esiteid" v="141098"/>
  </node>
  <node id="-537" visible="true" lat="43.224759297736" lon="-72.73294186791">
    <!-- conflict: "7137 Vermont Route 11, Londonderry, VT" Fuzzy match to "7137 Vermont Route 11, , VT" -->
    <tag k="addr:city" v="Londonderry"/>
    <tag k="addr:housenumber" v="7137"/>
    <tag k="addr:street" v="Vermont Route 11"/>
    <tag k="addr:state" v="VT"/>
    <tag k="ref:vcgi:esiteid" v="141099"/>
  </node>
  <node id="-538" visible="true" lat="43.224732400312" lon="-72.736642764113">
    <!-- conflict: "196 Powder Mill Road, Londonderry, VT" Fuzzy match to "196 Powder Mill Road, , VT" -->
    <tag k="addr:city" v="Londonderry"/>
    <tag k="addr:housenumber" v="196"/>
    <tag k="addr:street" v="Powder Mill Road"/>
    <tag k="addr:state" v="VT"/>
    <tag k="ref:vcgi:esiteid" v="141100"/>
  </node>
  <node id="-539" visible="true" lat="43.224531628953" lon="-72.788667552223">
    <!-- conflict: "347 Little Pond Road, Londonderry, VT" Fuzzy match to "347 Little Pond Road, , VT" -->
    <tag k="addr:city" v="Londonderry"/>
    <tag k="addr:housenumber" v="347"/>
    <tag k="addr:street" v="Little Pond Road"/>
    <tag k="addr:state" v="VT"/>
    <tag k="ref:vcgi:esiteid" v="141101"/>
  </node>
  <node id="-540" visible="true" lat="43.224289604214" lon="-72.80005771032">
    <!-- conflict: "2762 Vermont Route 11, Londonderry, VT" Fuzzy match to "2762 Vermont Route 11, , VT" -->
    <tag k="addr:city" v="Londonderry"/>
    <tag k="addr:housenumber" v="2762"/>
    <tag k="addr:street" v="Vermont Route 11"/>
    <tag k="addr:state" v="VT"/>
    <tag k="ref:vcgi:esiteid" v="141103"/>
  </node>
  <node id="-541" visible="true" lat="43.224299992952" lon="-72.735898823465">
    <!-- conflict: "129 Powder Mill Road, Londonderry, VT" Fuzzy match to "129 Powder Mill Road, , VT" -->
    <tag k="addr:city" v="Londonderry"/>
    <tag k="addr:housenumber" v="129"/>
    <tag k="addr:street" v="Powder Mill Road"/>
    <tag k="addr:state" v="VT"/>
    <tag k="ref:vcgi:esiteid" v="141104"/>
  </node>
  <node id="-542" visible="true" lat="43.224247735123" lon="-72.819072270368">
    <!-- conflict: "5395 Vermont Route 100, Londonderry, VT" Fuzzy match to "5395 Vermont Route 100, , VT" -->
    <tag k="addr:city" v="Londonderry"/>
    <tag k="addr:housenumber" v="5395"/>
    <tag k="addr:street" v="Vermont Route 100"/>
    <tag k="addr:state" v="VT"/>
    <tag k="ref:vcgi:esiteid" v="141105"/>
  </node>
  <node id="-543" visible="true" lat="43.22421330898" lon="-72.80571872206">
    <!-- conflict: "2344 Middletown Road, Londonderry, VT" Fuzzy match to "2344 Middletown Road, , VT" -->
    <tag k="addr:city" v="Londonderry"/>
    <tag k="addr:housenumber" v="2344"/>
    <tag k="addr:street" v="Middletown Road"/>
    <tag k="addr:state" v="VT"/>
    <tag k="ref:vcgi:esiteid" v="141106"/>
  </node>
  <node id="-544" visible="true" lat="43.224379035344" lon="-72.789184402329">
    <!-- conflict: "317 Little Pond Road, Londonderry, VT" Fuzzy match to "317 Little Pond Road, , VT" -->
    <tag k="addr:city" v="Londonderry"/>
    <tag k="addr:housenumber" v="317"/>
    <tag k="addr:street" v="Little Pond Road"/>
    <tag k="addr:state" v="VT"/>
    <tag k="ref:vcgi:esiteid" v="141107"/>
  </node>
  <node id="-545" visible="true" lat="43.224049763282" lon="-72.740304236307">
    <!-- conflict: "80 Hemlock Drive, Londonderry, VT" Fuzzy match to "80 Hemlock Drive, , VT" -->
    <tag k="addr:city" v="Londonderry"/>
    <tag k="addr:housenumber" v="80"/>
    <tag k="addr:street" v="Hemlock Drive"/>
    <tag k="addr:state" v="VT"/>
    <tag k="ref:vcgi:esiteid" v="141108"/>
  </node>
  <node id="-546" visible="true" lat="43.223905685" lon="-72.798306507763">
    <!-- conflict: "2851 Vermont Route 11, Londonderry, VT" Fuzzy match to "2851 Vermont Route 11, , VT" -->
    <tag k="addr:city" v="Londonderry"/>
    <tag k="addr:housenumber" v="2851"/>
    <tag k="addr:street" v="Vermont Route 11"/>
    <tag k="addr:state" v="VT"/>
    <tag k="ref:vcgi:esiteid" v="141109"/>
  </node>
  <node id="-547" visible="true" lat="43.22398872864" lon="-72.745003944663">
    <!-- conflict: "445 Keith Hill, Londonderry, VT" Fuzzy match to "445 Keith Hill, , VT" -->
    <tag k="addr:city" v="Londonderry"/>
    <tag k="addr:housenumber" v="445"/>
    <tag k="addr:street" v="Keith Hill"/>
    <tag k="addr:state" v="VT"/>
    <tag k="ref:vcgi:esiteid" v="141110"/>
  </node>
  <node id="-548" visible="true" lat="43.223874285463" lon="-72.785256642215">
    <!-- conflict: "121 Chaves Road, Londonderry, VT" Fuzzy match to "121 Chaves Road, , VT" -->
    <tag k="addr:city" v="Londonderry"/>
    <tag k="addr:housenumber" v="121"/>
    <tag k="addr:street" v="Chaves Road"/>
    <tag k="addr:state" v="VT"/>
    <tag k="ref:vcgi:esiteid" v="141111"/>
  </node>
  <node id="-549" visible="true" lat="43.223855211423" lon="-72.789666433754">
    <!-- conflict: "269 Little Pond Road, Londonderry, VT" Fuzzy match to "269 Little Pond Road, , VT" -->
    <tag k="addr:city" v="Londonderry"/>
    <tag k="addr:housenumber" v="269"/>
    <tag k="addr:street" v="Little Pond Road"/>
    <tag k="addr:state" v="VT"/>
    <tag k="ref:vcgi:esiteid" v="141112"/>
  </node>
  <node id="-550" visible="true" lat="43.22388226464" lon="-72.737192927459">
    <!-- conflict: "211 Powder Mill Road, Londonderry, VT" Fuzzy match to "211 Powder Mill Road, , VT" -->
    <tag k="addr:city" v="Londonderry"/>
    <tag k="addr:housenumber" v="211"/>
    <tag k="addr:street" v="Powder Mill Road"/>
    <tag k="addr:state" v="VT"/>
    <tag k="ref:vcgi:esiteid" v="141113"/>
  </node>
  <node id="-551" visible="true" lat="43.223820880977" lon="-72.774384753728">
    <!-- conflict: "486 Mountain Lake Road, Londonderry, VT" Fuzzy match to "486 Mountain Lake Road, , VT" -->
    <tag k="addr:city" v="Londonderry"/>
    <tag k="addr:housenumber" v="486"/>
    <tag k="addr:street" v="Mountain Lake Road"/>
    <tag k="addr:state" v="VT"/>
    <tag k="ref:vcgi:esiteid" v="141114"/>
  </node>
  <node id="-552" visible="true" lat="43.223599619043" lon="-72.819437090963">
    <!-- conflict: "5335 Vermont Route 100, Londonderry, VT" Fuzzy match to "5335 Vermont Route 100, , VT" -->
    <tag k="addr:city" v="Londonderry"/>
    <tag k="addr:housenumber" v="5335"/>
    <tag k="addr:street" v="Vermont Route 100"/>
    <tag k="addr:state" v="VT"/>
    <tag k="ref:vcgi:esiteid" v="141115"/>
  </node>
  <node id="-553" visible="true" lat="43.223698570494" lon="-72.746022713758">
    <!-- conflict: "504 Keith Hill, Londonderry, VT" Fuzzy match to "504 Keith Hill, , VT" -->
    <tag k="addr:city" v="Londonderry"/>
    <tag k="addr:housenumber" v="504"/>
    <tag k="addr:street" v="Keith Hill"/>
    <tag k="addr:state" v="VT"/>
    <tag k="ref:vcgi:esiteid" v="141116"/>
  </node>
  <node id="-554" visible="true" lat="43.223563702466" lon="-72.791121628948">
    <!-- conflict: "191 Little Pond Road, Londonderry, VT" Fuzzy match to "191 Little Pond Road, , VT" -->
    <tag k="addr:city" v="Londonderry"/>
    <tag k="addr:housenumber" v="191"/>
    <tag k="addr:street" v="Little Pond Road"/>
    <tag k="addr:state" v="VT"/>
    <tag k="ref:vcgi:esiteid" v="141117"/>
  </node>
  <node id="-555" visible="true" lat="43.223622517467" lon="-72.742890602594">
    <!-- conflict: "389 Howard Hill Road, Londonderry, VT" Fuzzy match to "389 Howard Hill Road, , VT" -->
    <tag k="addr:city" v="Londonderry"/>
    <tag k="addr:housenumber" v="389"/>
    <tag k="addr:street" v="Howard Hill Road"/>
    <tag k="addr:state" v="VT"/>
    <tag k="ref:vcgi:esiteid" v="141118"/>
  </node>
  <node id="-556" visible="true" lat="43.223465628057" lon="-72.805489838807">
    <!-- conflict: "2292 Middletown Road, Londonderry, VT" Fuzzy match to "2292 Middletown Road, , VT" -->
    <tag k="addr:city" v="Londonderry"/>
    <tag k="addr:housenumber" v="2292"/>
    <tag k="addr:street" v="Middletown Road"/>
    <tag k="addr:state" v="VT"/>
    <tag k="ref:vcgi:esiteid" v="141119"/>
  </node>
  <node id="-557" visible="true" lat="43.22356320705" lon="-72.798694863383">
    <!-- conflict: "2826 Vermont Route 11, Londonderry, VT" Fuzzy match to "2826 Vermont Route 11, , VT" -->
    <tag k="addr:city" v="Londonderry"/>
    <tag k="addr:housenumber" v="2826"/>
    <tag k="addr:street" v="Vermont Route 11"/>
    <tag k="addr:state" v="VT"/>
    <tag k="ref:vcgi:esiteid" v="141120"/>
  </node>
  <node id="-558" visible="true" lat="43.223458482889" lon="-72.792870781049">
    <!-- conflict: "103 Little Pond Road, Londonderry, VT" Fuzzy match to "103 Little Pond Road, , VT" -->
    <tag k="addr:city" v="Londonderry"/>
    <tag k="addr:housenumber" v="103"/>
    <tag k="addr:street" v="Little Pond Road"/>
    <tag k="addr:state" v="VT"/>
    <tag k="ref:vcgi:esiteid" v="141121"/>
  </node>
  <node id="-559" visible="true" lat="43.223332643584" lon="-72.820172094011">
    <!-- conflict: "5327 Vermont Route 100, Londonderry, VT" Fuzzy match to "5327 Vermont Route 100, , VT" -->
    <tag k="addr:city" v="Londonderry"/>
    <tag k="addr:housenumber" v="5327"/>
    <tag k="addr:street" v="Vermont Route 100"/>
    <tag k="addr:state" v="VT"/>
    <tag k="ref:vcgi:esiteid" v="141122"/>
  </node>
  <node id="-560" visible="true" lat="43.22342796582" lon="-72.793580316745">
    <!-- conflict: "73 Little Pond Road, Londonderry, VT" Fuzzy match to "73 Little Pond Road, , VT" -->
    <tag k="addr:city" v="Londonderry"/>
    <tag k="addr:housenumber" v="73"/>
    <tag k="addr:street" v="Little Pond Road"/>
    <tag k="addr:state" v="VT"/>
    <tag k="ref:vcgi:esiteid" v="141123"/>
  </node>
  <node id="-561" visible="true" lat="43.223348163942" lon="-72.768832423093">
    <!-- conflict: "230 Hilton Lane, Londonderry, VT" Fuzzy match to "230 Hilton Lane, , VT" -->
    <tag k="addr:city" v="Londonderry"/>
    <tag k="addr:housenumber" v="230"/>
    <tag k="addr:street" v="Hilton Lane"/>
    <tag k="addr:state" v="VT"/>
    <tag k="ref:vcgi:esiteid" v="141124"/>
  </node>
  <node id="-562" visible="true" lat="43.223434727704" lon="-72.742103547177">
    <!-- conflict: "329 Howard Hill Road, Londonderry, VT" Fuzzy match to "329 Howard Hill Road, , VT" -->
    <tag k="addr:city" v="Londonderry"/>
    <tag k="addr:housenumber" v="329"/>
    <tag k="addr:street" v="Howard Hill Road"/>
    <tag k="addr:state" v="VT"/>
    <tag k="ref:vcgi:esiteid" v="141125"/>
  </node>
  <node id="-563" visible="true" lat="43.223558466309" lon="-72.785498261096">
    <!-- conflict: "123 Chaves Road, Londonderry, VT" Fuzzy match to "123 Chaves Road, , VT" -->
    <tag k="addr:city" v="Londonderry"/>
    <tag k="addr:housenumber" v="123"/>
    <tag k="addr:street" v="Chaves Road"/>
    <tag k="addr:state" v="VT"/>
    <tag k="ref:vcgi:esiteid" v="141126"/>
  </node>
  <node id="-564" visible="true" lat="43.223378375723" lon="-72.771912829421">
    <!-- conflict: "338 Mountain Lake Road, Londonderry, VT" Fuzzy match to "338 Mountain Lake Road, , VT" -->
    <tag k="addr:city" v="Londonderry"/>
    <tag k="addr:housenumber" v="338"/>
    <tag k="addr:street" v="Mountain Lake Road"/>
    <tag k="addr:state" v="VT"/>
    <tag k="ref:vcgi:esiteid" v="141127"/>
  </node>
  <node id="-565" visible="true" lat="43.223247836513" lon="-72.738383545153">
    <!-- conflict: "287 Powder Mill Road, Londonderry, VT" Fuzzy match to "287 Powder Mill Road, , VT" -->
    <tag k="addr:city" v="Londonderry"/>
    <tag k="addr:housenumber" v="287"/>
    <tag k="addr:street" v="Powder Mill Road"/>
    <tag k="addr:state" v="VT"/>
    <tag k="ref:vcgi:esiteid" v="141128"/>
  </node>
  <node id="-566" visible="true" lat="43.223290638593" lon="-72.745591408783">
    <!-- conflict: "495 Keith Hill, Londonderry, VT" Fuzzy match to "495 Keith Hill, , VT" -->
    <tag k="addr:city" v="Londonderry"/>
    <tag k="addr:housenumber" v="495"/>
    <tag k="addr:street" v="Keith Hill"/>
    <tag k="addr:state" v="VT"/>
    <tag k="ref:vcgi:esiteid" v="141129"/>
  </node>
  <node id="-567" visible="true" lat="43.223145680539" lon="-72.739373450233">
    <!-- conflict: "329 Powder Mill Road, Londonderry, VT" Fuzzy match to "329 Powder Mill Road, , VT" -->
    <tag k="addr:city" v="Londonderry"/>
    <tag k="addr:housenumber" v="329"/>
    <tag k="addr:street" v="Powder Mill Road"/>
    <tag k="addr:state" v="VT"/>
    <tag k="ref:vcgi:esiteid" v="141130"/>
  </node>
  <node id="-568" visible="true" lat="43.22285576149" lon="-72.794816277618">
    <!-- conflict: "3031 Vermont Route 11, Londonderry, VT" Fuzzy match to "3031 Vermont Route 11, , VT" -->
    <tag k="addr:city" v="Londonderry"/>
    <tag k="addr:housenumber" v="3031"/>
    <tag k="addr:street" v="Vermont Route 11"/>
    <tag k="addr:state" v="VT"/>
    <tag k="ref:vcgi:esiteid" v="141131"/>
  </node>
  <node id="-569" visible="true" lat="43.2228171298" lon="-72.796838103033">
    <!-- conflict: "2914 Vermont Route 11, Londonderry, VT" Fuzzy match to "2914 Vermont Route 11, , VT" -->
    <tag k="addr:city" v="Londonderry"/>
    <tag k="addr:housenumber" v="2914"/>
    <tag k="addr:street" v="Vermont Route 11"/>
    <tag k="addr:state" v="VT"/>
    <tag k="ref:vcgi:esiteid" v="141132"/>
  </node>
  <node id="-570" visible="true" lat="43.222768023856" lon="-72.812615660221">
    <!-- conflict: "582 Brooks Lane, Londonderry, VT" Fuzzy match to "582 Brooks Lane, , VT" -->
    <tag k="addr:city" v="Londonderry"/>
    <tag k="addr:housenumber" v="582"/>
    <tag k="addr:street" v="Brooks Lane"/>
    <tag k="addr:state" v="VT"/>
    <tag k="ref:vcgi:esiteid" v="141133"/>
  </node>
  <node id="-571" visible="true" lat="43.222645033466" lon="-72.772570313289">
    <!-- conflict: "357 Mountain Lake Road, Londonderry, VT" Fuzzy match to "357 Mountain Lake Road, , VT" -->
    <tag k="addr:city" v="Londonderry"/>
    <tag k="addr:housenumber" v="357"/>
    <tag k="addr:street" v="Mountain Lake Road"/>
    <tag k="addr:state" v="VT"/>
    <tag k="ref:vcgi:esiteid" v="141134"/>
  </node>
  <node id="-572" visible="true" lat="43.222759908718" lon="-72.795762357126">
    <!-- conflict: "2998 Vermont Route 11, Londonderry, VT" Fuzzy match to "2998 Vermont Route 11, , VT" -->
    <tag k="addr:city" v="Londonderry"/>
    <tag k="addr:housenumber" v="2998"/>
    <tag k="addr:street" v="Vermont Route 11"/>
    <tag k="addr:state" v="VT"/>
    <tag k="ref:vcgi:esiteid" v="141135"/>
  </node>
  <node id="-573" visible="true" lat="43.222740836301" lon="-72.79795199434">
    <!-- conflict: "2870 Vermont Route 11, Londonderry, VT" Fuzzy match to "2870 Vermont Route 11, , VT" -->
    <tag k="addr:city" v="Londonderry"/>
    <tag k="addr:housenumber" v="2870"/>
    <tag k="addr:street" v="Vermont Route 11"/>
    <tag k="addr:state" v="VT"/>
    <tag k="ref:vcgi:esiteid" v="141136"/>
  </node>
  <node id="-574" visible="true" lat="43.222898514353" lon="-72.739971414351">
    <!-- conflict: "258 Howard Hill Road, Londonderry, VT" Fuzzy match to "258 Howard Hill Road, , VT" -->
    <tag k="addr:city" v="Londonderry"/>
    <tag k="addr:housenumber" v="258"/>
    <tag k="addr:street" v="Howard Hill Road"/>
    <tag k="addr:state" v="VT"/>
    <tag k="ref:vcgi:esiteid" v="141137"/>
  </node>
  <node id="-575" visible="true" lat="43.22264595492" lon="-72.766930831149">
    <!-- conflict: "114 Hilton Lane, Londonderry, VT" Fuzzy match to "114 Hilton Lane, , VT" -->
    <tag k="addr:city" v="Londonderry"/>
    <tag k="addr:housenumber" v="114"/>
    <tag k="addr:street" v="Hilton Lane"/>
    <tag k="addr:state" v="VT"/>
    <tag k="ref:vcgi:esiteid" v="141138"/>
  </node>
  <node id="-576" visible="true" lat="43.222153856793" lon="-72.770524277504">
    <!-- conflict: "233 Mountain Lake Road, Londonderry, VT" Fuzzy match to "233 Mountain Lake Road, , VT" -->
    <tag k="addr:city" v="Londonderry"/>
    <tag k="addr:housenumber" v="233"/>
    <tag k="addr:street" v="Mountain Lake Road"/>
    <tag k="addr:state" v="VT"/>
    <tag k="ref:vcgi:esiteid" v="141139"/>
  </node>
  <node id="-577" visible="true" lat="43.222146228136" lon="-72.768281236434">
    <!-- conflict: "139 Hilton Lane, Londonderry, VT" Fuzzy match to "139 Hilton Lane, , VT" -->
    <tag k="addr:city" v="Londonderry"/>
    <tag k="addr:housenumber" v="139"/>
    <tag k="addr:street" v="Hilton Lane"/>
    <tag k="addr:state" v="VT"/>
    <tag k="ref:vcgi:esiteid" v="141140"/>
  </node>
  <node id="-578" visible="true" lat="43.222175973058" lon="-72.820688635337">
    <!-- conflict: "5257 Vermont Route 100, Londonderry, VT" Fuzzy match to "5257 Vermont Route 100, , VT" -->
    <tag k="addr:city" v="Londonderry"/>
    <tag k="addr:housenumber" v="5257"/>
    <tag k="addr:street" v="Vermont Route 100"/>
    <tag k="addr:state" v="VT"/>
    <tag k="ref:vcgi:esiteid" v="141141"/>
  </node>
  <node id="-579" visible="true" lat="43.221899342468" lon="-72.787032278392">
    <!-- conflict: "240 Chaves Road, Londonderry, VT" Fuzzy match to "240 Chaves Road, , VT" -->
    <tag k="addr:city" v="Londonderry"/>
    <tag k="addr:housenumber" v="240"/>
    <tag k="addr:street" v="Chaves Road"/>
    <tag k="addr:state" v="VT"/>
    <tag k="ref:vcgi:esiteid" v="141142"/>
  </node>
  <node id="-580" visible="true" lat="43.222111898121" lon="-72.741540197292">
    <!-- conflict: "224 Twin Brook Circle, Londonderry, VT" Fuzzy match to "224 Twin Brook Circle, , VT" -->
    <tag k="addr:city" v="Londonderry"/>
    <tag k="addr:housenumber" v="224"/>
    <tag k="addr:street" v="Twin Brook Circle"/>
    <tag k="addr:state" v="VT"/>
    <tag k="ref:vcgi:esiteid" v="141143"/>
  </node>
  <node id="-581" visible="true" lat="43.221859642326" lon="-72.795419035515">
    <!-- conflict: "3034 Vermont Route 11, Londonderry, VT" Fuzzy match to "3034 Vermont Route 11, , VT" -->
    <tag k="addr:city" v="Londonderry"/>
    <tag k="addr:housenumber" v="3034"/>
    <tag k="addr:street" v="Vermont Route 11"/>
    <tag k="addr:state" v="VT"/>
    <tag k="ref:vcgi:esiteid" v="141144"/>
  </node>
  <node id="-582" visible="true" lat="43.221829122664" lon="-72.805680575497">
    <!-- conflict: "2180 Middletown Road, Londonderry, VT" Fuzzy match to "2180 Middletown Road, , VT" -->
    <tag k="addr:city" v="Londonderry"/>
    <tag k="addr:housenumber" v="2180"/>
    <tag k="addr:street" v="Middletown Road"/>
    <tag k="addr:state" v="VT"/>
    <tag k="ref:vcgi:esiteid" v="141145"/>
  </node>
  <node id="-583" visible="true" lat="43.221833424406" lon="-72.748322732788">
    <!-- conflict: "219 Pierce Ridge, Londonderry, VT" Fuzzy match to "219 Pierce Ridge, , VT" -->
    <tag k="addr:city" v="Londonderry"/>
    <tag k="addr:housenumber" v="219"/>
    <tag k="addr:street" v="Pierce Ridge"/>
    <tag k="addr:state" v="VT"/>
    <tag k="ref:vcgi:esiteid" v="141146"/>
  </node>
  <node id="-584" visible="true" lat="43.221805683308" lon="-72.742443045819">
    <!-- conflict: "162 Twin Brook Circle, Londonderry, VT" Fuzzy match to "162 Twin Brook Circle, , VT" -->
    <tag k="addr:city" v="Londonderry"/>
    <tag k="addr:housenumber" v="162"/>
    <tag k="addr:street" v="Twin Brook Circle"/>
    <tag k="addr:state" v="VT"/>
    <tag k="ref:vcgi:esiteid" v="141147"/>
  </node>
  <node id="-585" visible="true" lat="43.221596911803" lon="-72.771996751116">
    <!-- conflict: "293 Mountain Lake Road, Londonderry, VT" Fuzzy match to "293 Mountain Lake Road, , VT" -->
    <tag k="addr:city" v="Londonderry"/>
    <tag k="addr:housenumber" v="293"/>
    <tag k="addr:street" v="Mountain Lake Road"/>
    <tag k="addr:state" v="VT"/>
    <tag k="ref:vcgi:esiteid" v="141148"/>
  </node>
  <node id="-586" visible="true" lat="43.22150917355" lon="-72.785134574111">
    <!-- conflict: "269 Chaves Road, Londonderry, VT" Fuzzy match to "269 Chaves Road, , VT" -->
    <tag k="addr:city" v="Londonderry"/>
    <tag k="addr:housenumber" v="269"/>
    <tag k="addr:street" v="Chaves Road"/>
    <tag k="addr:state" v="VT"/>
    <tag k="ref:vcgi:esiteid" v="141149"/>
  </node>
  <node id="-587" visible="true" lat="43.221481985828" lon="-72.793740567127">
    <!-- conflict: "3148 Vermont Route 11, Londonderry, VT" Fuzzy match to "3148 Vermont Route 11, , VT" -->
    <tag k="addr:city" v="Londonderry"/>
    <tag k="addr:housenumber" v="3148"/>
    <tag k="addr:street" v="Vermont Route 11"/>
    <tag k="addr:state" v="VT"/>
    <tag k="ref:vcgi:esiteid" v="141150"/>
  </node>
  <node id="-588" visible="true" lat="43.221537355009" lon="-72.740032199562">
    <!-- conflict: "38 Warner Drive, Londonderry, VT" Fuzzy match to "38 Warner Drive, , VT" -->
    <tag k="addr:city" v="Londonderry"/>
    <tag k="addr:housenumber" v="38"/>
    <tag k="addr:street" v="Warner Drive"/>
    <tag k="addr:state" v="VT"/>
    <tag k="ref:vcgi:esiteid" v="141151"/>
  </node>
  <node id="-589" visible="true" lat="43.221493916339" lon="-72.747140177221">
    <!-- conflict: "256 Pierce Ridge, Londonderry, VT" Fuzzy match to "256 Pierce Ridge, , VT" -->
    <tag k="addr:city" v="Londonderry"/>
    <tag k="addr:housenumber" v="256"/>
    <tag k="addr:street" v="Pierce Ridge"/>
    <tag k="addr:state" v="VT"/>
    <tag k="ref:vcgi:esiteid" v="141152"/>
  </node>
  <node id="-590" visible="true" lat="43.221367279355" lon="-72.741917345033">
    <!-- conflict: "200 Twin Brook Circle, Londonderry, VT" Fuzzy match to "200 Twin Brook Circle, , VT" -->
    <tag k="addr:city" v="Londonderry"/>
    <tag k="addr:housenumber" v="200"/>
    <tag k="addr:street" v="Twin Brook Circle"/>
    <tag k="addr:state" v="VT"/>
    <tag k="ref:vcgi:esiteid" v="141153"/>
  </node>
  <node id="-591" visible="true" lat="43.221211627769" lon="-72.786713858581">
    <!-- conflict: "242 Chaves Road, Londonderry, VT" Fuzzy match to "242 Chaves Road, , VT" -->
    <tag k="addr:city" v="Londonderry"/>
    <tag k="addr:housenumber" v="242"/>
    <tag k="addr:street" v="Chaves Road"/>
    <tag k="addr:state" v="VT"/>
    <tag k="ref:vcgi:esiteid" v="141154"/>
  </node>
  <node id="-592" visible="true" lat="43.221318438926" lon="-72.739014868619">
    <!-- conflict: "156 Howard Hill Road, Londonderry, VT" Fuzzy match to "156 Howard Hill Road, , VT" -->
    <tag k="addr:city" v="Londonderry"/>
    <tag k="addr:housenumber" v="156"/>
    <tag k="addr:street" v="Howard Hill Road"/>
    <tag k="addr:state" v="VT"/>
    <tag k="ref:vcgi:esiteid" v="141155"/>
  </node>
  <node id="-593" visible="true" lat="43.221098788227" lon="-72.820736435164">
    <!-- conflict: "5129 Vermont Route 100, Londonderry, VT" Fuzzy match to "5129 Vermont Route 100, , VT" -->
    <tag k="addr:city" v="Londonderry"/>
    <tag k="addr:housenumber" v="5129"/>
    <tag k="addr:street" v="Vermont Route 100"/>
    <tag k="addr:state" v="VT"/>
    <tag k="ref:vcgi:esiteid" v="141156"/>
  </node>
  <node id="-594" visible="true" lat="43.221245883845" lon="-72.741135422985">
    <!-- conflict: "202 Twin Brook Circle, Londonderry, VT" Fuzzy match to "202 Twin Brook Circle, , VT" -->
    <tag k="addr:city" v="Londonderry"/>
    <tag k="addr:housenumber" v="202"/>
    <tag k="addr:street" v="Twin Brook Circle"/>
    <tag k="addr:state" v="VT"/>
    <tag k="ref:vcgi:esiteid" v="141157"/>
  </node>
  <node id="-595" visible="true" lat="43.221017079599" lon="-72.73751187636">
    <!-- conflict: "75 Howard Hill Road, Londonderry, VT" Fuzzy match to "75 Howard Hill Road, , VT" -->
    <tag k="addr:city" v="Londonderry"/>
    <tag k="addr:housenumber" v="75"/>
    <tag k="addr:street" v="Howard Hill Road"/>
    <tag k="addr:state" v="VT"/>
    <tag k="ref:vcgi:esiteid" v="141158"/>
  </node>
  <node id="-596" visible="true" lat="43.220848745845" lon="-72.802811921849">
    <!-- conflict: "117 Adams Drive, Londonderry, VT" Fuzzy match to "117 Adams Drive, , VT" -->
    <tag k="addr:city" v="Londonderry"/>
    <tag k="addr:housenumber" v="117"/>
    <tag k="addr:street" v="Adams Drive"/>
    <tag k="addr:state" v="VT"/>
    <tag k="ref:vcgi:esiteid" v="141159"/>
  </node>
  <node id="-597" visible="true" lat="43.22085392728" lon="-72.740276697888">
    <!-- conflict: "130 Warner Drive, Londonderry, VT" Fuzzy match to "130 Warner Drive, , VT" -->
    <tag k="addr:city" v="Londonderry"/>
    <tag k="addr:housenumber" v="130"/>
    <tag k="addr:street" v="Warner Drive"/>
    <tag k="addr:state" v="VT"/>
    <tag k="ref:vcgi:esiteid" v="141160"/>
  </node>
  <node id="-598" visible="true" lat="43.220688528241" lon="-72.804345430653">
    <!-- conflict: "101 Adams Drive, Londonderry, VT" Fuzzy match to "101 Adams Drive, , VT" -->
    <tag k="addr:city" v="Londonderry"/>
    <tag k="addr:housenumber" v="101"/>
    <tag k="addr:street" v="Adams Drive"/>
    <tag k="addr:state" v="VT"/>
    <tag k="ref:vcgi:esiteid" v="141161"/>
  </node>
  <node id="-599" visible="true" lat="43.22057447712" lon="-72.820987986521">
    <!-- conflict: "5105 Vermont Route 100, Londonderry, VT" Fuzzy match to "5105 Vermont Route 100, , VT" -->
    <tag k="addr:city" v="Londonderry"/>
    <tag k="addr:housenumber" v="5105"/>
    <tag k="addr:street" v="Vermont Route 100"/>
    <tag k="addr:state" v="VT"/>
    <tag k="ref:vcgi:esiteid" v="141162"/>
  </node>
  <node id="-600" visible="true" lat="43.220714018573" lon="-72.784781387723">
    <!-- conflict: "333 Chaves Road, Londonderry, VT" Fuzzy match to "333 Chaves Road, , VT" -->
    <tag k="addr:city" v="Londonderry"/>
    <tag k="addr:housenumber" v="333"/>
    <tag k="addr:street" v="Chaves Road"/>
    <tag k="addr:state" v="VT"/>
    <tag k="ref:vcgi:esiteid" v="141163"/>
  </node>
  <node id="-601" visible="true" lat="43.220556489709" lon="-72.785593027054">
    <!-- conflict: "324 Chaves Road, Londonderry, VT" Fuzzy match to "324 Chaves Road, , VT" -->
    <tag k="addr:city" v="Londonderry"/>
    <tag k="addr:housenumber" v="324"/>
    <tag k="addr:street" v="Chaves Road"/>
    <tag k="addr:state" v="VT"/>
    <tag k="ref:vcgi:esiteid" v="141164"/>
  </node>
  <node id="-602" visible="true" lat="43.220557580252" lon="-72.805610038809">
    <!-- conflict: "27 Adams Drive, Londonderry, VT" Fuzzy match to "27 Adams Drive, , VT" -->
    <tag k="addr:city" v="Londonderry"/>
    <tag k="addr:housenumber" v="27"/>
    <tag k="addr:street" v="Adams Drive"/>
    <tag k="addr:state" v="VT"/>
    <tag k="ref:vcgi:esiteid" v="141166"/>
  </node>
  <node id="-603" visible="true" lat="43.220517352483" lon="-72.766885055646">
    <!-- conflict: "17 Mountain Lake Road, Londonderry, VT" Fuzzy match to "17 Mountain Lake Road, , VT" -->
    <tag k="addr:city" v="Londonderry"/>
    <tag k="addr:housenumber" v="17"/>
    <tag k="addr:street" v="Mountain Lake Road"/>
    <tag k="addr:state" v="VT"/>
    <tag k="ref:vcgi:esiteid" v="141167"/>
  </node>
  <node id="-604" visible="true" lat="43.220463682698" lon="-72.821252556821">
    <!-- conflict: "5099 Vermont Route 100, Londonderry, VT" Fuzzy match to "5099 Vermont Route 100, , VT" -->
    <tag k="addr:city" v="Londonderry"/>
    <tag k="addr:housenumber" v="5099"/>
    <tag k="addr:street" v="Vermont Route 100"/>
    <tag k="addr:state" v="VT"/>
    <tag k="ref:vcgi:esiteid" v="141169"/>
  </node>
  <node id="-605" visible="true" lat="43.220442288916" lon="-72.736958363794">
    <!-- conflict: "6825 Vermont Route 11, Londonderry, VT" Fuzzy match to "6825 Vermont Route 11, , VT" -->
    <tag k="addr:city" v="Londonderry"/>
    <tag k="addr:housenumber" v="6825"/>
    <tag k="addr:street" v="Vermont Route 11"/>
    <tag k="addr:state" v="VT"/>
    <tag k="ref:vcgi:esiteid" v="141170"/>
  </node>
  <node id="-606" visible="true" lat="43.220089621402" lon="-72.803139984909">
    <!-- conflict: "115 Adams Drive, Londonderry, VT" Fuzzy match to "115 Adams Drive, , VT" -->
    <tag k="addr:city" v="Londonderry"/>
    <tag k="addr:housenumber" v="115"/>
    <tag k="addr:street" v="Adams Drive"/>
    <tag k="addr:state" v="VT"/>
    <tag k="ref:vcgi:esiteid" v="141171"/>
  </node>
  <node id="-607" visible="true" lat="43.219967551223" lon="-72.800118743426">
    <!-- conflict: "34 Eves Drive, Londonderry, VT" Fuzzy match to "34 Eves Drive, , VT" -->
    <tag k="addr:city" v="Londonderry"/>
    <tag k="addr:housenumber" v="34"/>
    <tag k="addr:street" v="Eves Drive"/>
    <tag k="addr:state" v="VT"/>
    <tag k="ref:vcgi:esiteid" v="141172"/>
  </node>
  <node id="-608" visible="true" lat="43.219917959386" lon="-72.805604280359">
    <!-- conflict: "2040 Middletown Road, Londonderry, VT" Fuzzy match to "2040 Middletown Road, , VT" -->
    <tag k="addr:city" v="Londonderry"/>
    <tag k="addr:housenumber" v="2040"/>
    <tag k="addr:street" v="Middletown Road"/>
    <tag k="addr:state" v="VT"/>
    <tag k="ref:vcgi:esiteid" v="141173"/>
  </node>
  <node id="-609" visible="true" lat="43.219879813142" lon="-72.804551423905">
    <!-- conflict: "86 Adams Drive, Londonderry, VT" Fuzzy match to "86 Adams Drive, , VT" -->
    <tag k="addr:city" v="Londonderry"/>
    <tag k="addr:housenumber" v="86"/>
    <tag k="addr:street" v="Adams Drive"/>
    <tag k="addr:state" v="VT"/>
    <tag k="ref:vcgi:esiteid" v="141174"/>
  </node>
  <node id="-610" visible="true" lat="43.219650930814" lon="-72.801331817724">
    <!-- conflict: "19 Eves Drive, Londonderry, VT" Fuzzy match to "19 Eves Drive, , VT" -->
    <tag k="addr:city" v="Londonderry"/>
    <tag k="addr:housenumber" v="19"/>
    <tag k="addr:street" v="Eves Drive"/>
    <tag k="addr:state" v="VT"/>
    <tag k="ref:vcgi:esiteid" v="141175"/>
  </node>
  <node id="-611" visible="true" lat="43.219795232592" lon="-72.737676909985">
    <!-- conflict: "6769 Vermont Route 11, Londonderry, VT" Fuzzy match to "6769 Vermont Route 11, , VT" -->
    <tag k="addr:city" v="Londonderry"/>
    <tag k="addr:housenumber" v="6769"/>
    <tag k="addr:street" v="Vermont Route 11"/>
    <tag k="addr:state" v="VT"/>
    <tag k="ref:vcgi:esiteid" v="141176"/>
  </node>
  <node id="-612" visible="true" lat="43.219559862012" lon="-72.78495909691">
    <!-- conflict: "402 Chaves Road, Londonderry, VT" Fuzzy match to "402 Chaves Road, , VT" -->
    <tag k="addr:city" v="Londonderry"/>
    <tag k="addr:housenumber" v="402"/>
    <tag k="addr:street" v="Chaves Road"/>
    <tag k="addr:state" v="VT"/>
    <tag k="ref:vcgi:esiteid" v="141177"/>
  </node>
  <node id="-613" visible="true" lat="43.219461366152" lon="-72.782725738417">
    <!-- conflict: "359 Chaves Road, Londonderry, VT" Fuzzy match to "359 Chaves Road, , VT" -->
    <tag k="addr:city" v="Londonderry"/>
    <tag k="addr:housenumber" v="359"/>
    <tag k="addr:street" v="Chaves Road"/>
    <tag k="addr:state" v="VT"/>
    <tag k="ref:vcgi:esiteid" v="141178"/>
  </node>
  <node id="-614" visible="true" lat="43.219536976213" lon="-72.739922766083">
    <!-- conflict: "149 Warner Drive, Londonderry, VT" Fuzzy match to "149 Warner Drive, , VT" -->
    <tag k="addr:city" v="Londonderry"/>
    <tag k="addr:housenumber" v="149"/>
    <tag k="addr:street" v="Warner Drive"/>
    <tag k="addr:state" v="VT"/>
    <tag k="ref:vcgi:esiteid" v="141179"/>
  </node>
  <node id="-615" visible="true" lat="43.219464495764" lon="-72.766618026402">
    <!-- conflict: "599 Lowell Lake Road, Londonderry, VT" Fuzzy match to "599 Lowell Lake Road, , VT" -->
    <tag k="addr:city" v="Londonderry"/>
    <tag k="addr:housenumber" v="599"/>
    <tag k="addr:street" v="Lowell Lake Road"/>
    <tag k="addr:state" v="VT"/>
    <tag k="ref:vcgi:esiteid" v="141180"/>
  </node>
  <node id="-616" visible="true" lat="43.219327164944" lon="-72.80852630468">
    <!-- conflict: "1937 Middletown Road, Londonderry, VT" Fuzzy match to "1937 Middletown Road, , VT" -->
    <tag k="addr:city" v="Londonderry"/>
    <tag k="addr:housenumber" v="1937"/>
    <tag k="addr:street" v="Middletown Road"/>
    <tag k="addr:state" v="VT"/>
    <tag k="ref:vcgi:esiteid" v="141181"/>
  </node>
  <node id="-617" visible="true" lat="43.219063953053" lon="-72.789567253529">
    <!-- conflict: "3423 Vermont Route 11, Londonderry, VT" Fuzzy match to "3423 Vermont Route 11, , VT" -->
    <tag k="addr:city" v="Londonderry"/>
    <tag k="addr:housenumber" v="3423"/>
    <tag k="addr:street" v="Vermont Route 11"/>
    <tag k="addr:state" v="VT"/>
    <tag k="ref:vcgi:esiteid" v="141183"/>
  </node>
  <node id="-618" visible="true" lat="43.218994802529" lon="-72.803658783606">
    <!-- conflict: "160 Adams Drive, Londonderry, VT" Fuzzy match to "160 Adams Drive, , VT" -->
    <tag k="addr:city" v="Londonderry"/>
    <tag k="addr:housenumber" v="160"/>
    <tag k="addr:street" v="Adams Drive"/>
    <tag k="addr:state" v="VT"/>
    <tag k="ref:vcgi:esiteid" v="141184"/>
  </node>
  <node id="-619" visible="true" lat="43.219083026568" lon="-72.737015966943">
    <!-- conflict: "6754 Vermont Route 11, Londonderry, VT" Fuzzy match to "6754 Vermont Route 11, , VT" -->
    <tag k="addr:city" v="Londonderry"/>
    <tag k="addr:housenumber" v="6754"/>
    <tag k="addr:street" v="Vermont Route 11"/>
    <tag k="addr:state" v="VT"/>
    <tag k="ref:vcgi:esiteid" v="141185"/>
  </node>
  <node id="-620" visible="true" lat="43.218884176716" lon="-72.806405368898">
    <!-- conflict: "25 Green Mountain Trail, Londonderry, VT" Fuzzy match to "25 Green Mountain Trail, , VT" -->
    <tag k="addr:city" v="Londonderry"/>
    <tag k="addr:housenumber" v="25"/>
    <tag k="addr:street" v="Green Mountain Trail"/>
    <tag k="addr:state" v="VT"/>
    <tag k="ref:vcgi:esiteid" v="141186"/>
  </node>
  <node id="-621" visible="true" lat="43.218709185086" lon="-72.766526473845">
    <!-- conflict: "535 Lowell Lake Road, Londonderry, VT" Fuzzy match to "535 Lowell Lake Road, , VT" -->
    <tag k="addr:city" v="Londonderry"/>
    <tag k="addr:housenumber" v="535"/>
    <tag k="addr:street" v="Lowell Lake Road"/>
    <tag k="addr:state" v="VT"/>
    <tag k="ref:vcgi:esiteid" v="141187"/>
  </node>
  <node id="-622" visible="true" lat="43.218617148892" lon="-72.802613556541">
    <!-- conflict: "232 Adams Drive, Londonderry, VT" Fuzzy match to "232 Adams Drive, , VT" -->
    <tag k="addr:city" v="Londonderry"/>
    <tag k="addr:housenumber" v="232"/>
    <tag k="addr:street" v="Adams Drive"/>
    <tag k="addr:state" v="VT"/>
    <tag k="ref:vcgi:esiteid" v="141188"/>
  </node>
  <node id="-623" visible="true" lat="43.218441671015" lon="-72.800454438061">
    <!-- conflict: "350 Adams Drive, Londonderry, VT" Fuzzy match to "350 Adams Drive, , VT" -->
    <tag k="addr:city" v="Londonderry"/>
    <tag k="addr:housenumber" v="350"/>
    <tag k="addr:street" v="Adams Drive"/>
    <tag k="addr:state" v="VT"/>
    <tag k="ref:vcgi:esiteid" v="141189"/>
  </node>
  <node id="-624" visible="true" lat="43.218411153493" lon="-72.806916535825">
    <!-- conflict: "24 Green Mountain Trail, Londonderry, VT" Fuzzy match to "24 Green Mountain Trail, , VT" -->
    <tag k="addr:city" v="Londonderry"/>
    <tag k="addr:housenumber" v="24"/>
    <tag k="addr:street" v="Green Mountain Trail"/>
    <tag k="addr:state" v="VT"/>
    <tag k="ref:vcgi:esiteid" v="141190"/>
  </node>
  <node id="-625" visible="true" lat="43.218331530195" lon="-72.777428881119">
    <!-- conflict: "792 Mansfield Lane, Londonderry, VT" Fuzzy match to "792 Mansfield Lane, , VT" -->
    <tag k="addr:city" v="Londonderry"/>
    <tag k="addr:housenumber" v="792"/>
    <tag k="addr:street" v="Mansfield Lane"/>
    <tag k="addr:state" v="VT"/>
    <tag k="ref:vcgi:esiteid" v="141191"/>
  </node>
  <node id="-626" visible="true" lat="43.218396381723" lon="-72.739320043184">
    <!-- conflict: "6641 Vermont Route 11, Londonderry, VT" Fuzzy match to "6641 Vermont Route 11, , VT" -->
    <tag k="addr:city" v="Londonderry"/>
    <tag k="addr:housenumber" v="6641"/>
    <tag k="addr:street" v="Vermont Route 11"/>
    <tag k="addr:state" v="VT"/>
    <tag k="ref:vcgi:esiteid" v="141192"/>
  </node>
  <node id="-627" visible="true" lat="43.218354420126" lon="-72.738541845048">
    <!-- conflict: "6668 Vermont Route 11, Londonderry, VT" Fuzzy match to "6668 Vermont Route 11, , VT" -->
    <tag k="addr:city" v="Londonderry"/>
    <tag k="addr:housenumber" v="6668"/>
    <tag k="addr:street" v="Vermont Route 11"/>
    <tag k="addr:state" v="VT"/>
    <tag k="ref:vcgi:esiteid" v="141193"/>
  </node>
  <node id="-628" visible="true" lat="43.218102163292" lon="-72.804436982717">
    <!-- conflict: "167 Green Mountain Trail, Londonderry, VT" Fuzzy match to "167 Green Mountain Trail, , VT" -->
    <tag k="addr:city" v="Londonderry"/>
    <tag k="addr:housenumber" v="167"/>
    <tag k="addr:street" v="Green Mountain Trail"/>
    <tag k="addr:state" v="VT"/>
    <tag k="ref:vcgi:esiteid" v="141194"/>
  </node>
  <node id="-629" visible="true" lat="43.218060201299" lon="-72.805169405352">
    <!-- conflict: "137 Green Mountain Trail, Londonderry, VT" Fuzzy match to "137 Green Mountain Trail, , VT" -->
    <tag k="addr:city" v="Londonderry"/>
    <tag k="addr:housenumber" v="137"/>
    <tag k="addr:street" v="Green Mountain Trail"/>
    <tag k="addr:state" v="VT"/>
    <tag k="ref:vcgi:esiteid" v="141195"/>
  </node>
  <node id="-630" visible="true" lat="43.218041129111" lon="-72.807366672036">
    <!-- conflict: "1896 Middletown Road, Londonderry, VT" Fuzzy match to "1896 Middletown Road, , VT" -->
    <tag k="addr:city" v="Londonderry"/>
    <tag k="addr:housenumber" v="1896"/>
    <tag k="addr:street" v="Middletown Road"/>
    <tag k="addr:state" v="VT"/>
    <tag k="ref:vcgi:esiteid" v="141196"/>
  </node>
  <node id="-631" visible="true" lat="43.218048758097" lon="-72.804063141625">
    <!-- conflict: "169 Green Mountain Trail, Londonderry, VT" Fuzzy match to "169 Green Mountain Trail, , VT" -->
    <tag k="addr:city" v="Londonderry"/>
    <tag k="addr:housenumber" v="169"/>
    <tag k="addr:street" v="Green Mountain Trail"/>
    <tag k="addr:state" v="VT"/>
    <tag k="ref:vcgi:esiteid" v="141197"/>
  </node>
  <node id="-632" visible="true" lat="43.21788521057" lon="-72.7856838896">
    <!-- conflict: "3447 Vermont Route 11, Londonderry, VT" Fuzzy match to "3447 Vermont Route 11, , VT" -->
    <tag k="addr:city" v="Londonderry"/>
    <tag k="addr:housenumber" v="3447"/>
    <tag k="addr:street" v="Vermont Route 11"/>
    <tag k="addr:state" v="VT"/>
    <tag k="ref:vcgi:esiteid" v="141198"/>
  </node>
  <node id="-633" visible="true" lat="43.217820359853" lon="-72.809479978613">
    <!-- conflict: "1795 Middletown Road, Londonderry, VT" Fuzzy match to "1795 Middletown Road, , VT" -->
    <tag k="addr:city" v="Londonderry"/>
    <tag k="addr:housenumber" v="1795"/>
    <tag k="addr:street" v="Middletown Road"/>
    <tag k="addr:state" v="VT"/>
    <tag k="ref:vcgi:esiteid" v="141199"/>
  </node>
  <node id="-634" visible="true" lat="43.217740931642" lon="-72.825566558831">
    <!-- conflict: "4669 Vermont Route 100, Londonderry, VT" Fuzzy match to "4669 Vermont Route 100, , VT" -->
    <tag k="addr:city" v="Londonderry"/>
    <tag k="addr:housenumber" v="4669"/>
    <tag k="addr:street" v="Vermont Route 100"/>
    <tag k="addr:state" v="VT"/>
    <tag k="ref:vcgi:esiteid" v="141200"/>
  </node>
  <node id="-635" visible="true" lat="43.217972949577" lon="-72.740273718859">
    <!-- conflict: "6583 Vermont Route 11, Londonderry, VT" Fuzzy match to "6583 Vermont Route 11, , VT" -->
    <tag k="addr:city" v="Londonderry"/>
    <tag k="addr:housenumber" v="6583"/>
    <tag k="addr:street" v="Vermont Route 11"/>
    <tag k="addr:state" v="VT"/>
    <tag k="ref:vcgi:esiteid" v="141201"/>
  </node>
  <node id="-636" visible="true" lat="43.217806458084" lon="-72.768409655145">
    <!-- conflict: "80 Coburns Way, Londonderry, VT" Fuzzy match to "80 Coburns Way, , VT" -->
    <tag k="addr:city" v="Londonderry"/>
    <tag k="addr:housenumber" v="80"/>
    <tag k="addr:street" v="Coburns Way"/>
    <tag k="addr:state" v="VT"/>
    <tag k="ref:vcgi:esiteid" v="141202"/>
  </node>
  <node id="-637" visible="true" lat="43.217457963559" lon="-72.815156250426">
    <!-- conflict: "207 Brooks Lane, Londonderry, VT" Fuzzy match to "207 Brooks Lane, , VT" -->
    <tag k="addr:city" v="Londonderry"/>
    <tag k="addr:housenumber" v="207"/>
    <tag k="addr:street" v="Brooks Lane"/>
    <tag k="addr:state" v="VT"/>
    <tag k="ref:vcgi:esiteid" v="141203"/>
  </node>
  <node id="-638" visible="true" lat="43.217618106324" lon="-72.739884334171">
    <!-- conflict: "6586 Vermont Route 11, Londonderry, VT" Fuzzy match to "6586 Vermont Route 11, , VT" -->
    <tag k="addr:city" v="Londonderry"/>
    <tag k="addr:housenumber" v="6586"/>
    <tag k="addr:street" v="Vermont Route 11"/>
    <tag k="addr:state" v="VT"/>
    <tag k="ref:vcgi:esiteid" v="141204"/>
  </node>
  <node id="-639" visible="true" lat="43.217618166647" lon="-72.736718930956">
    <!-- conflict: "6694 Vermont Route 11, Londonderry, VT" Fuzzy match to "6694 Vermont Route 11, , VT" -->
    <tag k="addr:city" v="Londonderry"/>
    <tag k="addr:housenumber" v="6694"/>
    <tag k="addr:street" v="Vermont Route 11"/>
    <tag k="addr:state" v="VT"/>
    <tag k="ref:vcgi:esiteid" v="141205"/>
  </node>
  <node id="-640" visible="true" lat="43.217104385744" lon="-72.810641337057">
    <!-- conflict: "1751 Middletown Road, Londonderry, VT" Fuzzy match to "1751 Middletown Road, , VT" -->
    <tag k="addr:city" v="Londonderry"/>
    <tag k="addr:housenumber" v="1751"/>
    <tag k="addr:street" v="Middletown Road"/>
    <tag k="addr:state" v="VT"/>
    <tag k="ref:vcgi:esiteid" v="141206"/>
  </node>
  <node id="-641" visible="true" lat="43.217251969238" lon="-72.815400391215">
    <!-- conflict: "205 Brooks Lane, Londonderry, VT" Fuzzy match to "205 Brooks Lane, , VT" -->
    <tag k="addr:city" v="Londonderry"/>
    <tag k="addr:housenumber" v="205"/>
    <tag k="addr:street" v="Brooks Lane"/>
    <tag k="addr:state" v="VT"/>
    <tag k="ref:vcgi:esiteid" v="141207"/>
  </node>
  <node id="-642" visible="true" lat="43.217262930365" lon="-72.805749238154">
    <!-- conflict: "120 Green Mountain Trail, Londonderry, VT" Fuzzy match to "120 Green Mountain Trail, , VT" -->
    <tag k="addr:city" v="Londonderry"/>
    <tag k="addr:housenumber" v="120"/>
    <tag k="addr:street" v="Green Mountain Trail"/>
    <tag k="addr:state" v="VT"/>
    <tag k="ref:vcgi:esiteid" v="141208"/>
  </node>
  <node id="-643" visible="true" lat="43.217262930555" lon="-72.801438629209">
    <!-- conflict: "321 Green Mountain Trail, Londonderry, VT" Fuzzy match to "321 Green Mountain Trail, , VT" -->
    <tag k="addr:city" v="Londonderry"/>
    <tag k="addr:housenumber" v="321"/>
    <tag k="addr:street" v="Green Mountain Trail"/>
    <tag k="addr:state" v="VT"/>
    <tag k="ref:vcgi:esiteid" v="141209"/>
  </node>
  <node id="-644" visible="true" lat="43.217332080436" lon="-72.741936928088">
    <!-- conflict: "6487 Vermont Route 11, Londonderry, VT" Fuzzy match to "6487 Vermont Route 11, , VT" -->
    <tag k="addr:city" v="Londonderry"/>
    <tag k="addr:housenumber" v="6487"/>
    <tag k="addr:street" v="Vermont Route 11"/>
    <tag k="addr:state" v="VT"/>
    <tag k="ref:vcgi:esiteid" v="141210"/>
  </node>
  <node id="-645" visible="true" lat="43.217206119854" lon="-72.740265804583">
    <!-- conflict: "30 Route 121, Londonderry, VT" Fuzzy match to "30 Route 121, , VT" -->
    <tag k="addr:city" v="Londonderry"/>
    <tag k="addr:housenumber" v="30"/>
    <tag k="addr:street" v="Route 121"/>
    <tag k="addr:state" v="VT"/>
    <tag k="ref:vcgi:esiteid" v="141211"/>
  </node>
  <node id="-646" visible="true" lat="43.216973496735" lon="-72.777192370378">
    <!-- conflict: "698 Mansfield Lane, Londonderry, VT" Fuzzy match to "698 Mansfield Lane, , VT" -->
    <tag k="addr:city" v="Londonderry"/>
    <tag k="addr:housenumber" v="698"/>
    <tag k="addr:street" v="Mansfield Lane"/>
    <tag k="addr:state" v="VT"/>
    <tag k="ref:vcgi:esiteid" v="141212"/>
  </node>
  <node id="-647" visible="true" lat="43.217011570495" lon="-72.739327386698">
    <!-- conflict: "65 Route 121, Londonderry, VT" Fuzzy match to "65 Route 121, , VT" -->
    <tag k="addr:city" v="Londonderry"/>
    <tag k="addr:housenumber" v="65"/>
    <tag k="addr:street" v="Route 121"/>
    <tag k="addr:state" v="VT"/>
    <tag k="ref:vcgi:esiteid" v="141213"/>
  </node>
  <node id="-648" visible="true" lat="43.216561024777" lon="-72.801827728541">
    <!-- conflict: "314 Green Mountain Trail, Londonderry, VT" Fuzzy match to "314 Green Mountain Trail, , VT" -->
    <tag k="addr:city" v="Londonderry"/>
    <tag k="addr:housenumber" v="314"/>
    <tag k="addr:street" v="Green Mountain Trail"/>
    <tag k="addr:state" v="VT"/>
    <tag k="ref:vcgi:esiteid" v="141214"/>
  </node>
  <node id="-649" visible="true" lat="43.216423695977" lon="-72.802819550402">
    <!-- conflict: "274 Green Mountain Trail, Londonderry, VT" Fuzzy match to "274 Green Mountain Trail, , VT" -->
    <tag k="addr:city" v="Londonderry"/>
    <tag k="addr:housenumber" v="274"/>
    <tag k="addr:street" v="Green Mountain Trail"/>
    <tag k="addr:state" v="VT"/>
    <tag k="ref:vcgi:esiteid" v="141215"/>
  </node>
  <node id="-650" visible="true" lat="43.216546252204" lon="-72.743287330547">
    <!-- conflict: "6403 Vermont Route 11, Londonderry, VT" Fuzzy match to "6403 Vermont Route 11, , VT" -->
    <tag k="addr:city" v="Londonderry"/>
    <tag k="addr:housenumber" v="6403"/>
    <tag k="addr:street" v="Vermont Route 11"/>
    <tag k="addr:state" v="VT"/>
    <tag k="ref:vcgi:esiteid" v="141216"/>
  </node>
  <node id="-651" visible="true" lat="43.216354464451" lon="-72.739860790283">
    <!-- conflict: "84 Route 121, Londonderry, VT" Fuzzy match to "84 Route 121, , VT" -->
    <tag k="addr:city" v="Londonderry"/>
    <tag k="addr:housenumber" v="84"/>
    <tag k="addr:street" v="Route 121"/>
    <tag k="addr:state" v="VT"/>
    <tag k="ref:vcgi:esiteid" v="141217"/>
  </node>
  <node id="-652" visible="true" lat="43.216336443536" lon="-72.764954817373">
    <!-- conflict: "367 Lowell Lake Road, Londonderry, VT" Fuzzy match to "367 Lowell Lake Road, , VT" -->
    <tag k="addr:city" v="Londonderry"/>
    <tag k="addr:housenumber" v="367"/>
    <tag k="addr:street" v="Lowell Lake Road"/>
    <tag k="addr:state" v="VT"/>
    <tag k="ref:vcgi:esiteid" v="141218"/>
  </node>
  <node id="-653" visible="true" lat="43.216378388859" lon="-72.742349426257">
    <!-- conflict: "6430 Vermont Route 11, Londonderry, VT" Fuzzy match to "6430 Vermont Route 11, , VT" -->
    <tag k="addr:city" v="Londonderry"/>
    <tag k="addr:housenumber" v="6430"/>
    <tag k="addr:street" v="Vermont Route 11"/>
    <tag k="addr:state" v="VT"/>
    <tag k="ref:vcgi:esiteid" v="141219"/>
  </node>
  <node id="-654" visible="true" lat="43.216130448793" lon="-72.76379514885">
    <!-- conflict: "3 Old Sawmill Road, Londonderry, VT" Fuzzy match to "3 Old Sawmill Road, , VT" -->
    <tag k="addr:city" v="Londonderry"/>
    <tag k="addr:housenumber" v="3"/>
    <tag k="addr:street" v="Old Sawmill Road"/>
    <tag k="addr:state" v="VT"/>
    <tag k="ref:vcgi:esiteid" v="141221"/>
  </node>
  <node id="-655" visible="true" lat="43.215897753426" lon="-72.767899764917">
    <!-- conflict: "79 Coburns Way, Londonderry, VT" Fuzzy match to "79 Coburns Way, , VT" -->
    <tag k="addr:city" v="Londonderry"/>
    <tag k="addr:housenumber" v="79"/>
    <tag k="addr:street" v="Coburns Way"/>
    <tag k="addr:state" v="VT"/>
    <tag k="ref:vcgi:esiteid" v="141222"/>
  </node>
  <node id="-656" visible="true" lat="43.215958773388" lon="-72.738504209591">
    <!-- conflict: "149 Route 121, Londonderry, VT" Fuzzy match to "149 Route 121, , VT" -->
    <tag k="addr:city" v="Londonderry"/>
    <tag k="addr:housenumber" v="149"/>
    <tag k="addr:street" v="Route 121"/>
    <tag k="addr:state" v="VT"/>
    <tag k="ref:vcgi:esiteid" v="141223"/>
  </node>
  <node id="-657" visible="true" lat="43.215748493386" lon="-72.811181369683">
    <!-- conflict: "1660 Middletown Road, Londonderry, VT" Fuzzy match to "1660 Middletown Road, , VT" -->
    <tag k="addr:city" v="Londonderry"/>
    <tag k="addr:housenumber" v="1660"/>
    <tag k="addr:street" v="Middletown Road"/>
    <tag k="addr:state" v="VT"/>
    <tag k="ref:vcgi:esiteid" v="141224"/>
  </node>
  <node id="-658" visible="true" lat="43.215756610622" lon="-72.76617552031">
    <!-- conflict: "112 Beaver Hollow, Londonderry, VT" Fuzzy match to "112 Beaver Hollow, , VT" -->
    <tag k="addr:city" v="Londonderry"/>
    <tag k="addr:housenumber" v="112"/>
    <tag k="addr:street" v="Beaver Hollow"/>
    <tag k="addr:state" v="VT"/>
    <tag k="ref:vcgi:esiteid" v="141225"/>
  </node>
  <node id="-659" visible="true" lat="43.215658827585" lon="-72.745374824204">
    <!-- conflict: "6259 Vermont Route 11, Londonderry, VT" Fuzzy match to "6259 Vermont Route 11, , VT" -->
    <tag k="addr:city" v="Londonderry"/>
    <tag k="addr:housenumber" v="6259"/>
    <tag k="addr:street" v="Vermont Route 11"/>
    <tag k="addr:state" v="VT"/>
    <tag k="ref:vcgi:esiteid" v="141226"/>
  </node>
  <node id="-660" visible="true" lat="43.21566505743" lon="-72.763093245375">
    <!-- conflict: "41 Old Sawmill Road, Londonderry, VT" Fuzzy match to "41 Old Sawmill Road, , VT" -->
    <tag k="addr:city" v="Londonderry"/>
    <tag k="addr:housenumber" v="41"/>
    <tag k="addr:street" v="Old Sawmill Road"/>
    <tag k="addr:state" v="VT"/>
    <tag k="ref:vcgi:esiteid" v="141227"/>
  </node>
  <node id="-661" visible="true" lat="43.215557553046" lon="-72.747887158774">
    <!-- conflict: "6257 Vermont Route 11, Londonderry, VT" Fuzzy match to "6257 Vermont Route 11, , VT" -->
    <tag k="addr:city" v="Londonderry"/>
    <tag k="addr:housenumber" v="6257"/>
    <tag k="addr:street" v="Vermont Route 11"/>
    <tag k="addr:state" v="VT"/>
    <tag k="ref:vcgi:esiteid" v="141228"/>
  </node>
  <node id="-662" visible="true" lat="43.215378649319" lon="-72.763777893892">
    <!-- conflict: "26 Old Sawmill Road, Londonderry, VT" Fuzzy match to "26 Old Sawmill Road, , VT" -->
    <tag k="addr:city" v="Londonderry"/>
    <tag k="addr:housenumber" v="26"/>
    <tag k="addr:street" v="Old Sawmill Road"/>
    <tag k="addr:state" v="VT"/>
    <tag k="ref:vcgi:esiteid" v="141229"/>
  </node>
  <node id="-663" visible="true" lat="43.2154526131" lon="-72.764784924805">
    <!-- conflict: "34 Muskrat Lane, Londonderry, VT" Fuzzy match to "34 Muskrat Lane, , VT" -->
    <tag k="addr:city" v="Londonderry"/>
    <tag k="addr:housenumber" v="34"/>
    <tag k="addr:street" v="Muskrat Lane"/>
    <tag k="addr:state" v="VT"/>
    <tag k="ref:vcgi:esiteid" v="141230"/>
  </node>
  <node id="-664" visible="true" lat="43.215272142238" lon="-72.762429488465">
    <!-- conflict: "91 Old Sawmill Road, Londonderry, VT" Fuzzy match to "91 Old Sawmill Road, , VT" -->
    <tag k="addr:city" v="Londonderry"/>
    <tag k="addr:housenumber" v="91"/>
    <tag k="addr:street" v="Old Sawmill Road"/>
    <tag k="addr:state" v="VT"/>
    <tag k="ref:vcgi:esiteid" v="141231"/>
  </node>
  <node id="-665" visible="true" lat="43.215462912708" lon="-72.752406039828">
    <!-- conflict: "5887 Vermont Route 11, Londonderry, VT" Fuzzy match to "5887 Vermont Route 11, , VT" -->
    <tag k="addr:city" v="Londonderry"/>
    <tag k="addr:housenumber" v="5887"/>
    <tag k="addr:street" v="Vermont Route 11"/>
    <tag k="addr:state" v="VT"/>
    <tag k="ref:vcgi:esiteid" v="141232"/>
  </node>
  <node id="-666" visible="true" lat="43.215093832683" lon="-72.764343524653">
    <!-- conflict: "273 Lowell Lake Road, Londonderry, VT" Fuzzy match to "273 Lowell Lake Road, , VT" -->
    <tag k="addr:city" v="Londonderry"/>
    <tag k="addr:housenumber" v="273"/>
    <tag k="addr:street" v="Lowell Lake Road"/>
    <tag k="addr:state" v="VT"/>
    <tag k="ref:vcgi:esiteid" v="141233"/>
  </node>
  <node id="-667" visible="true" lat="43.215146181854" lon="-72.744751888464">
    <!-- conflict: "6284 Vermont Route 11, Londonderry, VT" Fuzzy match to "6284 Vermont Route 11, , VT" -->
    <tag k="addr:city" v="Londonderry"/>
    <tag k="addr:housenumber" v="6284"/>
    <tag k="addr:street" v="Vermont Route 11"/>
    <tag k="addr:state" v="VT"/>
    <tag k="ref:vcgi:esiteid" v="141234"/>
  </node>
  <node id="-668" visible="true" lat="43.215123370831" lon="-72.755265483207">
    <!-- conflict: "5735 Vermont Route 11, Londonderry, VT" Fuzzy match to "5735 Vermont Route 11, , VT" -->
    <tag k="addr:city" v="Londonderry"/>
    <tag k="addr:housenumber" v="5735"/>
    <tag k="addr:street" v="Vermont Route 11"/>
    <tag k="addr:state" v="VT"/>
    <tag k="ref:vcgi:esiteid" v="141235"/>
  </node>
  <node id="-669" visible="true" lat="43.215156237067" lon="-72.765508909095">
    <!-- conflict: "18 Muskrat Lane, Londonderry, VT" Fuzzy match to "18 Muskrat Lane, , VT" -->
    <tag k="addr:city" v="Londonderry"/>
    <tag k="addr:housenumber" v="18"/>
    <tag k="addr:street" v="Muskrat Lane"/>
    <tag k="addr:state" v="VT"/>
    <tag k="ref:vcgi:esiteid" v="141236"/>
  </node>
  <node id="-670" visible="true" lat="43.214982225526" lon="-72.761353741737">
    <!-- conflict: "157 Old Sawmill Road, Londonderry, VT" Fuzzy match to "157 Old Sawmill Road, , VT" -->
    <tag k="addr:city" v="Londonderry"/>
    <tag k="addr:housenumber" v="157"/>
    <tag k="addr:street" v="Old Sawmill Road"/>
    <tag k="addr:state" v="VT"/>
    <tag k="ref:vcgi:esiteid" v="141237"/>
  </node>
  <node id="-671" visible="true" lat="43.214898285292" lon="-72.739068784276">
    <!-- conflict: "218 Route 121, Londonderry, VT" Fuzzy match to "218 Route 121, , VT" -->
    <tag k="addr:city" v="Londonderry"/>
    <tag k="addr:housenumber" v="218"/>
    <tag k="addr:street" v="Route 121"/>
    <tag k="addr:state" v="VT"/>
    <tag k="ref:vcgi:esiteid" v="141238"/>
  </node>
  <node id="-672" visible="true" lat="43.2148181935" lon="-72.764085066264">
    <!-- conflict: "253 Lowell Lake Road, Londonderry, VT" Fuzzy match to "253 Lowell Lake Road, , VT" -->
    <tag k="addr:city" v="Londonderry"/>
    <tag k="addr:housenumber" v="253"/>
    <tag k="addr:street" v="Lowell Lake Road"/>
    <tag k="addr:state" v="VT"/>
    <tag k="ref:vcgi:esiteid" v="141239"/>
  </node>
  <node id="-673" visible="true" lat="43.214791491804" lon="-72.76072050152">
    <!-- conflict: "183 Old Sawmill Road, Londonderry, VT" Fuzzy match to "183 Old Sawmill Road, , VT" -->
    <tag k="addr:city" v="Londonderry"/>
    <tag k="addr:housenumber" v="183"/>
    <tag k="addr:street" v="Old Sawmill Road"/>
    <tag k="addr:state" v="VT"/>
    <tag k="ref:vcgi:esiteid" v="141240"/>
  </node>
  <node id="-674" visible="true" lat="43.21473427033" lon="-72.777970568618">
    <!-- conflict: "545 Mansfield Lane, Londonderry, VT" Fuzzy match to "545 Mansfield Lane, , VT" -->
    <tag k="addr:city" v="Londonderry"/>
    <tag k="addr:housenumber" v="545"/>
    <tag k="addr:street" v="Mansfield Lane"/>
    <tag k="addr:state" v="VT"/>
    <tag k="ref:vcgi:esiteid" v="141241"/>
  </node>
  <node id="-675" visible="true" lat="43.214623158007" lon="-72.809998813286">
    <!-- conflict: "1714 Middletown Road, Londonderry, VT" Fuzzy match to "1714 Middletown Road, , VT" -->
    <tag k="addr:city" v="Londonderry"/>
    <tag k="addr:housenumber" v="1714"/>
    <tag k="addr:street" v="Middletown Road"/>
    <tag k="addr:state" v="VT"/>
    <tag k="ref:vcgi:esiteid" v="141242"/>
  </node>
  <node id="-676" visible="true" lat="43.214657976496" lon="-72.765458358238">
    <!-- conflict: "189 Beaver Hollow, Londonderry, VT" Fuzzy match to "189 Beaver Hollow, , VT" -->
    <tag k="addr:city" v="Londonderry"/>
    <tag k="addr:housenumber" v="189"/>
    <tag k="addr:street" v="Beaver Hollow"/>
    <tag k="addr:state" v="VT"/>
    <tag k="ref:vcgi:esiteid" v="141243"/>
  </node>
  <node id="-677" visible="true" lat="43.214627459496" lon="-72.766427290429">
    <!-- conflict: "192 Beaver Hollow, Londonderry, VT" Fuzzy match to "192 Beaver Hollow, , VT" -->
    <tag k="addr:city" v="Londonderry"/>
    <tag k="addr:housenumber" v="192"/>
    <tag k="addr:street" v="Beaver Hollow"/>
    <tag k="addr:state" v="VT"/>
    <tag k="ref:vcgi:esiteid" v="141244"/>
  </node>
  <node id="-678" visible="true" lat="43.214725767648" lon="-72.748480267947">
    <!-- conflict: "6081 Vermont Route 11, Londonderry, VT" Fuzzy match to "6081 Vermont Route 11, , VT" -->
    <tag k="addr:city" v="Londonderry"/>
    <tag k="addr:housenumber" v="6081"/>
    <tag k="addr:street" v="Vermont Route 11"/>
    <tag k="addr:state" v="VT"/>
    <tag k="ref:vcgi:esiteid" v="141245"/>
  </node>
  <node id="-679" visible="true" lat="43.214505387829" lon="-72.788430471999">
    <!-- conflict: "3715 Vermont Route 11, Londonderry, VT" Fuzzy match to "3715 Vermont Route 11, , VT" -->
    <tag k="addr:city" v="Londonderry"/>
    <tag k="addr:housenumber" v="3715"/>
    <tag k="addr:street" v="Vermont Route 11"/>
    <tag k="addr:state" v="VT"/>
    <tag k="ref:vcgi:esiteid" v="141246"/>
  </node>
  <node id="-680" visible="true" lat="43.214496434245" lon="-72.763850615768">
    <!-- conflict: "237 Lowell Lake Road, Londonderry, VT" Fuzzy match to "237 Lowell Lake Road, , VT" -->
    <tag k="addr:city" v="Londonderry"/>
    <tag k="addr:housenumber" v="237"/>
    <tag k="addr:street" v="Lowell Lake Road"/>
    <tag k="addr:state" v="VT"/>
    <tag k="ref:vcgi:esiteid" v="141247"/>
  </node>
  <node id="-681" visible="true" lat="43.214413835226" lon="-72.76376463188">
    <!-- conflict: "219 Lowell Lake Road, Londonderry, VT" Fuzzy match to "219 Lowell Lake Road, , VT" -->
    <tag k="addr:city" v="Londonderry"/>
    <tag k="addr:housenumber" v="219"/>
    <tag k="addr:street" v="Lowell Lake Road"/>
    <tag k="addr:state" v="VT"/>
    <tag k="ref:vcgi:esiteid" v="141248"/>
  </node>
  <node id="-682" visible="true" lat="43.214487128749" lon="-72.757857792807">
    <!-- conflict: "5607 Vermont Route 11, Londonderry, VT" Fuzzy match to "5607 Vermont Route 11, , VT" -->
    <tag k="addr:city" v="Londonderry"/>
    <tag k="addr:housenumber" v="5607"/>
    <tag k="addr:street" v="Vermont Route 11"/>
    <tag k="addr:state" v="VT"/>
    <tag k="ref:vcgi:esiteid" v="141249"/>
  </node>
  <node id="-683" visible="true" lat="43.214318468153" lon="-72.765389692716">
    <!-- conflict: "193 Beaver Hollow, Londonderry, VT" Fuzzy match to "193 Beaver Hollow, , VT" -->
    <tag k="addr:city" v="Londonderry"/>
    <tag k="addr:housenumber" v="193"/>
    <tag k="addr:street" v="Beaver Hollow"/>
    <tag k="addr:state" v="VT"/>
    <tag k="ref:vcgi:esiteid" v="141250"/>
  </node>
  <node id="-684" visible="true" lat="43.214174117901" lon="-72.762139438942">
    <!-- conflict: "136 Old Sawmill Road, Londonderry, VT" Fuzzy match to "136 Old Sawmill Road, , VT" -->
    <tag k="addr:city" v="Londonderry"/>
    <tag k="addr:housenumber" v="136"/>
    <tag k="addr:street" v="Old Sawmill Road"/>
    <tag k="addr:state" v="VT"/>
    <tag k="ref:vcgi:esiteid" v="141251"/>
  </node>
  <node id="-685" visible="true" lat="43.214146830092" lon="-72.748271745057">
    <!-- conflict: "6098 Vermont Route 11, Londonderry, VT" Fuzzy match to "6098 Vermont Route 11, , VT" -->
    <tag k="addr:city" v="Londonderry"/>
    <tag k="addr:housenumber" v="6098"/>
    <tag k="addr:street" v="Vermont Route 11"/>
    <tag k="addr:state" v="VT"/>
    <tag k="ref:vcgi:esiteid" v="141252"/>
  </node>
  <node id="-686" visible="true" lat="43.214127715402" lon="-72.747033875712">
    <!-- conflict: "6156 Vermont Route 11, Londonderry, VT" Fuzzy match to "6156 Vermont Route 11, , VT" -->
    <tag k="addr:city" v="Londonderry"/>
    <tag k="addr:housenumber" v="6156"/>
    <tag k="addr:street" v="Vermont Route 11"/>
    <tag k="addr:state" v="VT"/>
    <tag k="ref:vcgi:esiteid" v="141253"/>
  </node>
  <node id="-687" visible="true" lat="43.214050612803" lon="-72.761036575691">
    <!-- conflict: "196 Old Sawmill Road, Londonderry, VT" Fuzzy match to "196 Old Sawmill Road, , VT" -->
    <tag k="addr:city" v="Londonderry"/>
    <tag k="addr:housenumber" v="196"/>
    <tag k="addr:street" v="Old Sawmill Road"/>
    <tag k="addr:state" v="VT"/>
    <tag k="ref:vcgi:esiteid" v="141254"/>
  </node>
  <node id="-688" visible="true" lat="43.214085772527" lon="-72.760171185224">
    <!-- conflict: "227 Old Sawmill Road, Londonderry, VT" Fuzzy match to "227 Old Sawmill Road, , VT" -->
    <tag k="addr:city" v="Londonderry"/>
    <tag k="addr:housenumber" v="227"/>
    <tag k="addr:street" v="Old Sawmill Road"/>
    <tag k="addr:state" v="VT"/>
    <tag k="ref:vcgi:esiteid" v="141255"/>
  </node>
  <node id="-689" visible="true" lat="43.214085696546" lon="-72.738762811778">
    <!-- conflict: "270 Route 121, Londonderry, VT" Fuzzy match to "270 Route 121, , VT" -->
    <tag k="addr:city" v="Londonderry"/>
    <tag k="addr:housenumber" v="270"/>
    <tag k="addr:street" v="Route 121"/>
    <tag k="addr:state" v="VT"/>
    <tag k="ref:vcgi:esiteid" v="141256"/>
  </node>
  <node id="-690" visible="true" lat="43.213967030957" lon="-72.788628868645">
    <!-- conflict: "3742 Vermont Route 11, Londonderry, VT" Fuzzy match to "3742 Vermont Route 11, , VT" -->
    <tag k="addr:city" v="Londonderry"/>
    <tag k="addr:housenumber" v="3742"/>
    <tag k="addr:street" v="Vermont Route 11"/>
    <tag k="addr:state" v="VT"/>
    <tag k="ref:vcgi:esiteid" v="141257"/>
  </node>
  <node id="-691" visible="true" lat="43.213795854208" lon="-72.763787520224">
    <!-- conflict: "175 Lowell Lake Road, Londonderry, VT" Fuzzy match to "175 Lowell Lake Road, , VT" -->
    <tag k="addr:city" v="Londonderry"/>
    <tag k="addr:housenumber" v="175"/>
    <tag k="addr:street" v="Lowell Lake Road"/>
    <tag k="addr:state" v="VT"/>
    <tag k="ref:vcgi:esiteid" v="141258"/>
  </node>
  <node id="-692" visible="true" lat="43.213723676151" lon="-72.738686130145">
    <!-- conflict: "292 Route 121, Londonderry, VT" Fuzzy match to "292 Route 121, , VT" -->
    <tag k="addr:city" v="Londonderry"/>
    <tag k="addr:housenumber" v="292"/>
    <tag k="addr:street" v="Route 121"/>
    <tag k="addr:state" v="VT"/>
    <tag k="ref:vcgi:esiteid" v="141259"/>
  </node>
  <node id="-693" visible="true" lat="43.213685212357" lon="-72.738168515108">
    <!-- conflict: "299 Route 121, Londonderry, VT" Fuzzy match to "299 Route 121, , VT" -->
    <tag k="addr:city" v="Londonderry"/>
    <tag k="addr:housenumber" v="299"/>
    <tag k="addr:street" v="Route 121"/>
    <tag k="addr:state" v="VT"/>
    <tag k="ref:vcgi:esiteid" v="141260"/>
  </node>
  <node id="-694" visible="true" lat="43.213544005761" lon="-72.760018312016">
    <!-- conflict: "261 Old Sawmill Road, Londonderry, VT" Fuzzy match to "261 Old Sawmill Road, , VT" -->
    <tag k="addr:city" v="Londonderry"/>
    <tag k="addr:housenumber" v="261"/>
    <tag k="addr:street" v="Old Sawmill Road"/>
    <tag k="addr:state" v="VT"/>
    <tag k="ref:vcgi:esiteid" v="141261"/>
  </node>
  <node id="-695" visible="true" lat="43.213025762325" lon="-72.760621611346">
    <!-- conflict: "286 Old Sawmill Road, Londonderry, VT" Fuzzy match to "286 Old Sawmill Road, , VT" -->
    <tag k="addr:city" v="Londonderry"/>
    <tag k="addr:housenumber" v="286"/>
    <tag k="addr:street" v="Old Sawmill Road"/>
    <tag k="addr:state" v="VT"/>
    <tag k="ref:vcgi:esiteid" v="141262"/>
  </node>
  <node id="-696" visible="true" lat="43.213116837698" lon="-72.777581468489">
    <!-- conflict: "431 Mansfield Lane, Londonderry, VT" Fuzzy match to "431 Mansfield Lane, , VT" -->
    <tag k="addr:city" v="Londonderry"/>
    <tag k="addr:housenumber" v="431"/>
    <tag k="addr:street" v="Mansfield Lane"/>
    <tag k="addr:state" v="VT"/>
    <tag k="ref:vcgi:esiteid" v="141263"/>
  </node>
  <node id="-698" visible="true" lat="43.213128207315" lon="-72.738732294305">
    <!-- conflict: "338 Route 121, Londonderry, VT" Fuzzy match to "338 Route 121, , VT" -->
    <tag k="addr:city" v="Londonderry"/>
    <tag k="addr:housenumber" v="338"/>
    <tag k="addr:street" v="Route 121"/>
    <tag k="addr:state" v="VT"/>
    <tag k="ref:vcgi:esiteid" v="141265"/>
  </node>
  <node id="-699" visible="true" lat="43.212566183812" lon="-72.760640345627">
    <!-- conflict: "318 Old Sawmill Road, Londonderry, VT" Fuzzy match to "318 Old Sawmill Road, , VT" -->
    <tag k="addr:city" v="Londonderry"/>
    <tag k="addr:housenumber" v="318"/>
    <tag k="addr:street" v="Old Sawmill Road"/>
    <tag k="addr:state" v="VT"/>
    <tag k="ref:vcgi:esiteid" v="141266"/>
  </node>
  <node id="-700" visible="true" lat="43.211899079942" lon="-72.836785145226">
    <!-- conflict: "410 Rowley Lane, South Londonderry, VT" Fuzzy match to "410 Rowley Lane, , VT" -->
    <tag k="addr:city" v="South Londonderry"/>
    <tag k="addr:housenumber" v="410"/>
    <tag k="addr:street" v="Rowley Lane"/>
    <tag k="addr:state" v="VT"/>
    <tag k="ref:vcgi:esiteid" v="141267"/>
  </node>
  <node id="-703" visible="true" lat="43.211624805452" lon="-72.813317602579">
    <!-- conflict: "1320 Middletown Road, South Londonderry, VT" Fuzzy match to "1320 Middletown Road, , VT" -->
    <tag k="addr:city" v="South Londonderry"/>
    <tag k="addr:housenumber" v="1320"/>
    <tag k="addr:street" v="Middletown Road"/>
    <tag k="addr:state" v="VT"/>
    <tag k="ref:vcgi:esiteid" v="141270"/>
  </node>
  <node id="-704" visible="true" lat="43.211905313744" lon="-72.839438185706">
    <!-- conflict: "363 Rowley Lane, South Londonderry, VT" Fuzzy match to "363 Rowley Lane, , VT" -->
    <tag k="addr:city" v="South Londonderry"/>
    <tag k="addr:housenumber" v="363"/>
    <tag k="addr:street" v="Rowley Lane"/>
    <tag k="addr:state" v="VT"/>
    <tag k="ref:vcgi:esiteid" v="141271"/>
  </node>
  <node id="-705" visible="true" lat="43.211697751373" lon="-72.763086127654">
    <!-- conflict: "5257 Vermont Route 11, Londonderry, VT" Fuzzy match to "5257 Vermont Route 11, , VT" -->
    <tag k="addr:city" v="Londonderry"/>
    <tag k="addr:housenumber" v="5257"/>
    <tag k="addr:street" v="Vermont Route 11"/>
    <tag k="addr:state" v="VT"/>
    <tag k="ref:vcgi:esiteid" v="141272"/>
  </node>
  <node id="-708" visible="true" lat="43.211278077024" lon="-72.824875917652">
    <!-- conflict: "4427 Vermont Route 100, Londonderry, VT" Fuzzy match to "4427 Vermont Route 100, , VT" -->
    <tag k="addr:city" v="Londonderry"/>
    <tag k="addr:housenumber" v="4427"/>
    <tag k="addr:street" v="Vermont Route 100"/>
    <tag k="addr:state" v="VT"/>
    <tag k="ref:vcgi:esiteid" v="141276"/>
  </node>
  <node id="-711" visible="true" lat="43.211082219172" lon="-72.812411193507">
    <!-- conflict: "1290 Middletown Road, South Londonderry, VT" Fuzzy match to "1290 Middletown Road, , VT" -->
    <tag k="addr:city" v="South Londonderry"/>
    <tag k="addr:housenumber" v="1290"/>
    <tag k="addr:street" v="Middletown Road"/>
    <tag k="addr:state" v="VT"/>
    <tag k="ref:vcgi:esiteid" v="141279"/>
  </node>
  <node id="-713" visible="true" lat="43.211205674452" lon="-72.777512804632">
    <!-- conflict: "295 Mansfield Lane, Londonderry, VT" Fuzzy match to "295 Mansfield Lane, , VT" -->
    <tag k="addr:city" v="Londonderry"/>
    <tag k="addr:housenumber" v="295"/>
    <tag k="addr:street" v="Mansfield Lane"/>
    <tag k="addr:state" v="VT"/>
    <tag k="ref:vcgi:esiteid" v="141281"/>
  </node>
  <node id="-714" visible="true" lat="43.21094778067" lon="-72.836066673406">
    <!-- conflict: "334 Rowley Lane, South Londonderry, VT" Fuzzy match to "334 Rowley Lane, , VT" -->
    <tag k="addr:city" v="South Londonderry"/>
    <tag k="addr:housenumber" v="334"/>
    <tag k="addr:street" v="Rowley Lane"/>
    <tag k="addr:state" v="VT"/>
    <tag k="ref:vcgi:esiteid" v="141282"/>
  </node>
  <node id="-715" visible="true" lat="43.211034011374" lon="-72.815072325237">
    <!-- conflict: "1327 Middletown Road, South Londonderry, VT" Fuzzy match to "1327 Middletown Road, , VT" -->
    <tag k="addr:city" v="South Londonderry"/>
    <tag k="addr:housenumber" v="1327"/>
    <tag k="addr:street" v="Middletown Road"/>
    <tag k="addr:state" v="VT"/>
    <tag k="ref:vcgi:esiteid" v="141283"/>
  </node>
  <node id="-716" visible="true" lat="43.211213795832" lon="-72.762460839361">
    <!-- conflict: "5256 Vermont Route 11, Londonderry, VT" Fuzzy match to "5256 Vermont Route 11, , VT" -->
    <tag k="addr:city" v="Londonderry"/>
    <tag k="addr:housenumber" v="5256"/>
    <tag k="addr:street" v="Vermont Route 11"/>
    <tag k="addr:state" v="VT"/>
    <tag k="ref:vcgi:esiteid" v="141284"/>
  </node>
  <node id="-718" visible="true" lat="43.210902706266" lon="-72.824158601177">
    <!-- conflict: "4421 Vermont Route 100, Londonderry, VT" Fuzzy match to "4421 Vermont Route 100, , VT" -->
    <tag k="addr:city" v="Londonderry"/>
    <tag k="addr:housenumber" v="4421"/>
    <tag k="addr:street" v="Vermont Route 100"/>
    <tag k="addr:state" v="VT"/>
    <tag k="ref:vcgi:esiteid" v="141286"/>
  </node>
  <node id="-719" visible="true" lat="43.210811042568" lon="-72.823208261834">
    <!-- conflict: "4404 Vermont Route 100, South Londonderry, VT" Fuzzy match to "4404 Vermont Route 100, , VT" -->
    <tag k="addr:city" v="South Londonderry"/>
    <tag k="addr:housenumber" v="4404"/>
    <tag k="addr:street" v="Vermont Route 100"/>
    <tag k="addr:state" v="VT"/>
    <tag k="ref:vcgi:esiteid" v="141287"/>
  </node>
  <node id="-721" visible="true" lat="43.210629637034" lon="-72.760385320445">
    <!-- conflict: "111 Vartland Ridge, Londonderry, VT" Fuzzy match to "111 Vartland Ridge, , VT" -->
    <tag k="addr:city" v="Londonderry"/>
    <tag k="addr:housenumber" v="111"/>
    <tag k="addr:street" v="Vartland Ridge"/>
    <tag k="addr:state" v="VT"/>
    <tag k="ref:vcgi:esiteid" v="141289"/>
  </node>
  <node id="-722" visible="true" lat="43.210443048234" lon="-72.777899533777">
    <!-- conflict: "241 Mansfield Lane, Londonderry, VT" Fuzzy match to "241 Mansfield Lane, , VT" -->
    <tag k="addr:city" v="Londonderry"/>
    <tag k="addr:housenumber" v="241"/>
    <tag k="addr:street" v="Mansfield Lane"/>
    <tag k="addr:state" v="VT"/>
    <tag k="ref:vcgi:esiteid" v="141290"/>
  </node>
  <node id="-723" visible="true" lat="43.21053979574" lon="-72.835974305682">
    <!-- conflict: "292 Rowley Lane, South Londonderry, VT" Fuzzy match to "292 Rowley Lane, , VT" -->
    <tag k="addr:city" v="South Londonderry"/>
    <tag k="addr:housenumber" v="292"/>
    <tag k="addr:street" v="Rowley Lane"/>
    <tag k="addr:state" v="VT"/>
    <tag k="ref:vcgi:esiteid" v="141291"/>
  </node>
  <node id="-724" visible="true" lat="43.210366420892" lon="-72.767457769694">
    <!-- conflict: "5031 Vermont Route 11, Londonderry, VT" Fuzzy match to "5031 Vermont Route 11, , VT" -->
    <tag k="addr:city" v="Londonderry"/>
    <tag k="addr:housenumber" v="5031"/>
    <tag k="addr:street" v="Vermont Route 11"/>
    <tag k="addr:state" v="VT"/>
    <tag k="ref:vcgi:esiteid" v="141292"/>
  </node>
  <node id="-725" visible="true" lat="43.210370178044" lon="-72.759713135924">
    <!-- conflict: "137 Vartland Ridge, Londonderry, VT" Fuzzy match to "137 Vartland Ridge, , VT" -->
    <tag k="addr:city" v="Londonderry"/>
    <tag k="addr:housenumber" v="137"/>
    <tag k="addr:street" v="Vartland Ridge"/>
    <tag k="addr:state" v="VT"/>
    <tag k="ref:vcgi:esiteid" v="141293"/>
  </node>
  <node id="-726" visible="true" lat="43.210472107781" lon="-72.761608022652">
    <!-- conflict: "57 Vartland Ridge, Londonderry, VT" Fuzzy match to "57 Vartland Ridge, , VT" -->
    <tag k="addr:city" v="Londonderry"/>
    <tag k="addr:housenumber" v="57"/>
    <tag k="addr:street" v="Vartland Ridge"/>
    <tag k="addr:state" v="VT"/>
    <tag k="ref:vcgi:esiteid" v="141294"/>
  </node>
  <node id="-727" visible="true" lat="43.210137557263" lon="-72.840234076817">
    <!-- conflict: "285 Rowley Lane, South Londonderry, VT" Fuzzy match to "285 Rowley Lane, , VT" -->
    <tag k="addr:city" v="South Londonderry"/>
    <tag k="addr:housenumber" v="285"/>
    <tag k="addr:street" v="Rowley Lane"/>
    <tag k="addr:state" v="VT"/>
    <tag k="ref:vcgi:esiteid" v="141295"/>
  </node>
  <node id="-728" visible="true" lat="43.210176692889" lon="-72.760861803388">
    <!-- conflict: "90 Vartland Ridge, Londonderry, VT" Fuzzy match to "90 Vartland Ridge, , VT" -->
    <tag k="addr:city" v="Londonderry"/>
    <tag k="addr:housenumber" v="90"/>
    <tag k="addr:street" v="Vartland Ridge"/>
    <tag k="addr:state" v="VT"/>
    <tag k="ref:vcgi:esiteid" v="141296"/>
  </node>
  <node id="-729" visible="true" lat="43.210005970332" lon="-72.822781857776">
    <!-- conflict: "4378 Vermont Route 100, South Londonderry, VT" Fuzzy match to "4378 Vermont Route 100, , VT" -->
    <tag k="addr:city" v="South Londonderry"/>
    <tag k="addr:housenumber" v="4378"/>
    <tag k="addr:street" v="Vermont Route 100"/>
    <tag k="addr:state" v="VT"/>
    <tag k="ref:vcgi:esiteid" v="141297"/>
  </node>
  <node id="-730" visible="true" lat="43.210102755683" lon="-72.775300063641">
    <!-- conflict: "260 Mansfield Lane, Londonderry, VT" Fuzzy match to "260 Mansfield Lane, , VT" -->
    <tag k="addr:city" v="Londonderry"/>
    <tag k="addr:housenumber" v="260"/>
    <tag k="addr:street" v="Mansfield Lane"/>
    <tag k="addr:state" v="VT"/>
    <tag k="ref:vcgi:esiteid" v="141298"/>
  </node>
  <node id="-733" visible="true" lat="43.209878141712" lon="-72.768762396743">
    <!-- conflict: "4942 Vermont Route 11, Londonderry, VT" Fuzzy match to "4942 Vermont Route 11, , VT" -->
    <tag k="addr:city" v="Londonderry"/>
    <tag k="addr:housenumber" v="4942"/>
    <tag k="addr:street" v="Vermont Route 11"/>
    <tag k="addr:state" v="VT"/>
    <tag k="ref:vcgi:esiteid" v="141301"/>
  </node>
  <node id="-734" visible="true" lat="43.209660720357" lon="-72.840279854629">
    <!-- conflict: "287 Rowley Lane, South Londonderry, VT" Fuzzy match to "287 Rowley Lane, , VT" -->
    <tag k="addr:city" v="South Londonderry"/>
    <tag k="addr:housenumber" v="287"/>
    <tag k="addr:street" v="Rowley Lane"/>
    <tag k="addr:state" v="VT"/>
    <tag k="ref:vcgi:esiteid" v="141302"/>
  </node>
  <node id="-735" visible="true" lat="43.209862883108" lon="-72.761964605218">
    <!-- conflict: "93 Cromack Lane, Londonderry, VT" Fuzzy match to "93 Cromack Lane, , VT" -->
    <tag k="addr:city" v="Londonderry"/>
    <tag k="addr:housenumber" v="93"/>
    <tag k="addr:street" v="Cromack Lane"/>
    <tag k="addr:state" v="VT"/>
    <tag k="ref:vcgi:esiteid" v="141303"/>
  </node>
  <node id="-736" visible="true" lat="43.209649275951" lon="-72.837006842327">
    <!-- conflict: "239 Rowley Lane, South Londonderry, VT" Fuzzy match to "239 Rowley Lane, , VT" -->
    <tag k="addr:city" v="South Londonderry"/>
    <tag k="addr:housenumber" v="239"/>
    <tag k="addr:street" v="Rowley Lane"/>
    <tag k="addr:state" v="VT"/>
    <tag k="ref:vcgi:esiteid" v="141304"/>
  </node>
  <node id="-737" visible="true" lat="43.209564275723" lon="-72.824668751007">
    <!-- conflict: "4287 Vermont Route 100, South Londonderry, VT" Fuzzy match to "4287 Vermont Route 100, , VT" -->
    <tag k="addr:city" v="South Londonderry"/>
    <tag k="addr:housenumber" v="4287"/>
    <tag k="addr:street" v="Vermont Route 100"/>
    <tag k="addr:state" v="VT"/>
    <tag k="ref:vcgi:esiteid" v="141305"/>
  </node>
  <node id="-739" visible="true" lat="43.209492872463" lon="-72.836228643576">
    <!-- conflict: "9 Rowley Circle, South Londonderry, VT" Fuzzy match to "9 Rowley Circle, , VT" -->
    <tag k="addr:city" v="South Londonderry"/>
    <tag k="addr:housenumber" v="9"/>
    <tag k="addr:street" v="Rowley Circle"/>
    <tag k="addr:state" v="VT"/>
    <tag k="ref:vcgi:esiteid" v="141307"/>
  </node>
  <node id="-740" visible="true" lat="43.209622049418" lon="-72.812883759508">
    <!-- conflict: "1176 Middletown Road, South Londonderry, VT" Fuzzy match to "1176 Middletown Road, , VT" -->
    <tag k="addr:city" v="South Londonderry"/>
    <tag k="addr:housenumber" v="1176"/>
    <tag k="addr:street" v="Middletown Road"/>
    <tag k="addr:state" v="VT"/>
    <tag k="ref:vcgi:esiteid" v="141308"/>
  </node>
  <node id="-741" visible="true" lat="43.209396495714" lon="-72.798762642703">
    <!-- conflict: "727 Parsons Lane, South Londonderry, VT" Fuzzy match to "727 Parsons Lane, , VT" -->
    <tag k="addr:city" v="South Londonderry"/>
    <tag k="addr:housenumber" v="727"/>
    <tag k="addr:street" v="Parsons Lane"/>
    <tag k="addr:state" v="VT"/>
    <tag k="ref:vcgi:esiteid" v="141309"/>
  </node>
  <node id="-742" visible="true" lat="43.209412746694" lon="-72.771051216256">
    <!-- conflict: "4820 Vermont Route 11, Londonderry, VT" Fuzzy match to "4820 Vermont Route 11, , VT" -->
    <tag k="addr:city" v="Londonderry"/>
    <tag k="addr:housenumber" v="4820"/>
    <tag k="addr:street" v="Vermont Route 11"/>
    <tag k="addr:state" v="VT"/>
    <tag k="ref:vcgi:esiteid" v="141310"/>
  </node>
  <node id="-743" visible="true" lat="43.209344102662" lon="-72.782799977299">
    <!-- conflict: "4179 Vermont Route 11, Londonderry, VT" Fuzzy match to "4179 Vermont Route 11, , VT" -->
    <tag k="addr:city" v="Londonderry"/>
    <tag k="addr:housenumber" v="4179"/>
    <tag k="addr:street" v="Vermont Route 11"/>
    <tag k="addr:state" v="VT"/>
    <tag k="ref:vcgi:esiteid" v="141311"/>
  </node>
  <node id="-744" visible="true" lat="43.20906181094" lon="-72.837266241482">
    <!-- conflict: "197 Rowley Lane, South Londonderry, VT" Fuzzy match to "197 Rowley Lane, , VT" -->
    <tag k="addr:city" v="South Londonderry"/>
    <tag k="addr:housenumber" v="197"/>
    <tag k="addr:street" v="Rowley Lane"/>
    <tag k="addr:state" v="VT"/>
    <tag k="ref:vcgi:esiteid" v="141312"/>
  </node>
  <node id="-745" visible="true" lat="43.209210019404" lon="-72.766499283054">
    <!-- conflict: "86 Bentley Drive, Londonderry, VT" Fuzzy match to "86 Bentley Drive, , VT" -->
    <tag k="addr:city" v="Londonderry"/>
    <tag k="addr:housenumber" v="86"/>
    <tag k="addr:street" v="Bentley Drive"/>
    <tag k="addr:state" v="VT"/>
    <tag k="ref:vcgi:esiteid" v="141313"/>
  </node>
  <node id="-747" visible="true" lat="43.208867261252" lon="-72.836152350929">
    <!-- conflict: "16 Rowley Circle, South Londonderry, VT" Fuzzy match to "16 Rowley Circle, , VT" -->
    <tag k="addr:city" v="South Londonderry"/>
    <tag k="addr:housenumber" v="16"/>
    <tag k="addr:street" v="Rowley Circle"/>
    <tag k="addr:state" v="VT"/>
    <tag k="ref:vcgi:esiteid" v="141315"/>
  </node>
  <node id="-749" visible="true" lat="43.208993072172" lon="-72.763894045193">
    <!-- conflict: "195 Cromack Lane, Londonderry, VT" Fuzzy match to "195 Cromack Lane, , VT" -->
    <tag k="addr:city" v="Londonderry"/>
    <tag k="addr:housenumber" v="195"/>
    <tag k="addr:street" v="Cromack Lane"/>
    <tag k="addr:state" v="VT"/>
    <tag k="ref:vcgi:esiteid" v="141317"/>
  </node>
  <node id="-750" visible="true" lat="43.20866889849" lon="-72.839028633132">
    <!-- conflict: "137 Rowley Lane, South Londonderry, VT" Fuzzy match to "137 Rowley Lane, , VT" -->
    <tag k="addr:city" v="South Londonderry"/>
    <tag k="addr:housenumber" v="137"/>
    <tag k="addr:street" v="Rowley Lane"/>
    <tag k="addr:state" v="VT"/>
    <tag k="ref:vcgi:esiteid" v="141318"/>
  </node>
  <node id="-751" visible="true" lat="43.208688313486" lon="-72.773314842743">
    <!-- conflict: "25 Magic Mountain Access Road, Londonderry, VT" Fuzzy match to "25 Magic Mountain Access Road, , VT" -->
    <tag k="addr:city" v="Londonderry"/>
    <tag k="addr:housenumber" v="25"/>
    <tag k="addr:street" v="Magic Mountain Access Road"/>
    <tag k="addr:state" v="VT"/>
    <tag k="ref:vcgi:esiteid" v="141319"/>
  </node>
  <node id="-752" visible="true" lat="43.20834876763" lon="-72.849350861926">
    <!-- conflict: "143 Beattie Road, South Londonderry, VT" Fuzzy match to "143 Beattie Road, , VT" -->
    <tag k="addr:city" v="South Londonderry"/>
    <tag k="addr:housenumber" v="143"/>
    <tag k="addr:street" v="Beattie Road"/>
    <tag k="addr:state" v="VT"/>
    <tag k="ref:vcgi:esiteid" v="141320"/>
  </node>
  <node id="-754" visible="true" lat="43.208698276001" lon="-72.763624097541">
    <!-- conflict: "165 Cromack Lane, Londonderry, VT" Fuzzy match to "165 Cromack Lane, , VT" -->
    <tag k="addr:city" v="Londonderry"/>
    <tag k="addr:housenumber" v="165"/>
    <tag k="addr:street" v="Cromack Lane"/>
    <tag k="addr:state" v="VT"/>
    <tag k="ref:vcgi:esiteid" v="141322"/>
  </node>
  <node id="-755" visible="true" lat="43.208398054372" lon="-72.834885870213">
    <!-- conflict: "99 Rowley Circle, South Londonderry, VT" Fuzzy match to "99 Rowley Circle, , VT" -->
    <tag k="addr:city" v="South Londonderry"/>
    <tag k="addr:housenumber" v="99"/>
    <tag k="addr:street" v="Rowley Circle"/>
    <tag k="addr:state" v="VT"/>
    <tag k="ref:vcgi:esiteid" v="141323"/>
  </node>
  <node id="-756" visible="true" lat="43.208558196288" lon="-72.771973576149">
    <!-- conflict: "4770 Vermont Route 11, Londonderry, VT" Fuzzy match to "4770 Vermont Route 11, , VT" -->
    <tag k="addr:city" v="Londonderry"/>
    <tag k="addr:housenumber" v="4770"/>
    <tag k="addr:street" v="Vermont Route 11"/>
    <tag k="addr:state" v="VT"/>
    <tag k="ref:vcgi:esiteid" v="141324"/>
  </node>
  <node id="-757" visible="true" lat="43.208348462376" lon="-72.835519110801">
    <!-- conflict: "84 Rowley Circle, South Londonderry, VT" Fuzzy match to "84 Rowley Circle, , VT" -->
    <tag k="addr:city" v="South Londonderry"/>
    <tag k="addr:housenumber" v="84"/>
    <tag k="addr:street" v="Rowley Circle"/>
    <tag k="addr:state" v="VT"/>
    <tag k="ref:vcgi:esiteid" v="141325"/>
  </node>
  <node id="-758" visible="true" lat="43.208282954638" lon="-72.768823542659">
    <!-- conflict: "630 Magic Circle, Londonderry, VT" Fuzzy match to "630 Magic Circle, , VT" -->
    <tag k="addr:city" v="Londonderry"/>
    <tag k="addr:housenumber" v="630"/>
    <tag k="addr:street" v="Magic Circle"/>
    <tag k="addr:state" v="VT"/>
    <tag k="ref:vcgi:esiteid" v="141326"/>
  </node>
  <node id="-759" visible="true" lat="43.20824546648" lon="-72.83641174971">
    <!-- conflict: "150 Rowley Lane, South Londonderry, VT" Fuzzy match to "150 Rowley Lane, , VT" -->
    <tag k="addr:city" v="South Londonderry"/>
    <tag k="addr:housenumber" v="150"/>
    <tag k="addr:street" v="Rowley Lane"/>
    <tag k="addr:state" v="VT"/>
    <tag k="ref:vcgi:esiteid" v="141327"/>
  </node>
  <node id="-762" visible="true" lat="43.207939711867" lon="-72.848333597297">
    <!-- conflict: "98 Beattie Road, South Londonderry, VT" Fuzzy match to "98 Beattie Road, , VT" -->
    <tag k="addr:city" v="South Londonderry"/>
    <tag k="addr:housenumber" v="98"/>
    <tag k="addr:street" v="Beattie Road"/>
    <tag k="addr:state" v="VT"/>
    <tag k="ref:vcgi:esiteid" v="141330"/>
  </node>
  <node id="-763" visible="true" lat="43.208291168205" lon="-72.769326175677">
    <!-- conflict: "646 Magic Circle, Londonderry, VT" Fuzzy match to "646 Magic Circle, , VT" -->
    <tag k="addr:city" v="Londonderry"/>
    <tag k="addr:housenumber" v="646"/>
    <tag k="addr:street" v="Magic Circle"/>
    <tag k="addr:state" v="VT"/>
    <tag k="ref:vcgi:esiteid" v="141331"/>
  </node>
  <node id="-764" visible="true" lat="43.208169097917" lon="-72.768570865425">
    <!-- conflict: "622 Magic Circle, Londonderry, VT" Fuzzy match to "622 Magic Circle, , VT" -->
    <tag k="addr:city" v="Londonderry"/>
    <tag k="addr:housenumber" v="622"/>
    <tag k="addr:street" v="Magic Circle"/>
    <tag k="addr:state" v="VT"/>
    <tag k="ref:vcgi:esiteid" v="141332"/>
  </node>
  <node id="-765" visible="true" lat="43.208165341509" lon="-72.76968555281">
    <!-- conflict: "658 Magic Circle, Londonderry, VT" Fuzzy match to "658 Magic Circle, , VT" -->
    <tag k="addr:city" v="Londonderry"/>
    <tag k="addr:housenumber" v="658"/>
    <tag k="addr:street" v="Magic Circle"/>
    <tag k="addr:state" v="VT"/>
    <tag k="ref:vcgi:esiteid" v="141333"/>
  </node>
  <node id="-766" visible="true" lat="43.207856366983" lon="-72.836633002775">
    <!-- conflict: "120 Rowley Lane, South Londonderry, VT" Fuzzy match to "120 Rowley Lane, , VT" -->
    <tag k="addr:city" v="South Londonderry"/>
    <tag k="addr:housenumber" v="120"/>
    <tag k="addr:street" v="Rowley Lane"/>
    <tag k="addr:state" v="VT"/>
    <tag k="ref:vcgi:esiteid" v="141334"/>
  </node>
  <node id="-767" visible="true" lat="43.207837295245" lon="-72.836198125601">
    <!-- conflict: "126 Rowley Lane, South Londonderry, VT" Fuzzy match to "126 Rowley Lane, , VT" -->
    <tag k="addr:city" v="South Londonderry"/>
    <tag k="addr:housenumber" v="126"/>
    <tag k="addr:street" v="Rowley Lane"/>
    <tag k="addr:state" v="VT"/>
    <tag k="ref:vcgi:esiteid" v="141335"/>
  </node>
  <node id="-768" visible="true" lat="43.207859210674" lon="-72.77009175638">
    <!-- conflict: "670 Magic Circle, Londonderry, VT" Fuzzy match to "670 Magic Circle, , VT" -->
    <tag k="addr:city" v="Londonderry"/>
    <tag k="addr:housenumber" v="670"/>
    <tag k="addr:street" v="Magic Circle"/>
    <tag k="addr:state" v="VT"/>
    <tag k="ref:vcgi:esiteid" v="141336"/>
  </node>
  <node id="-769" visible="true" lat="43.208129171465" lon="-72.813953849049">
    <!-- conflict: "1061 Middletown Road, South Londonderry, VT" Fuzzy match to "1061 Middletown Road, Londonderry, VT" -->
    <tag k="addr:city" v="South Londonderry"/>
    <tag k="addr:housenumber" v="1061"/>
    <tag k="addr:street" v="Middletown Road"/>
    <tag k="addr:state" v="VT"/>
    <tag k="ref:vcgi:esiteid" v="141337"/>
  </node>
  <node id="-770" visible="true" lat="43.207661817302" lon="-72.839028632456">
    <!-- conflict: "2021 Winhall Hollow Road, South Londonderry, VT" Fuzzy match to "2021 Winhall Hollow Road, , VT" -->
    <tag k="addr:city" v="South Londonderry"/>
    <tag k="addr:housenumber" v="2021"/>
    <tag k="addr:street" v="Winhall Hollow Road"/>
    <tag k="addr:state" v="VT"/>
    <tag k="ref:vcgi:esiteid" v="141338"/>
  </node>
  <node id="-771" visible="true" lat="43.207787687266" lon="-72.767862128041">
    <!-- conflict: "576 Magic Circle, Londonderry, VT" Fuzzy match to "576 Magic Circle, , VT" -->
    <tag k="addr:city" v="Londonderry"/>
    <tag k="addr:housenumber" v="576"/>
    <tag k="addr:street" v="Magic Circle"/>
    <tag k="addr:state" v="VT"/>
    <tag k="ref:vcgi:esiteid" v="141339"/>
  </node>
  <node id="-772" visible="true" lat="43.207494879854" lon="-72.844020407838">
    <!-- conflict: "1693 Winhall Hollow Road, South Londonderry, VT" Fuzzy match to "1693 Winhall Hollow Road, , VT" -->
    <tag k="addr:city" v="South Londonderry"/>
    <tag k="addr:housenumber" v="1693"/>
    <tag k="addr:street" v="Winhall Hollow Road"/>
    <tag k="addr:state" v="VT"/>
    <tag k="ref:vcgi:esiteid" v="141340"/>
  </node>
  <node id="-773" visible="true" lat="43.207741444511" lon="-72.780953695216">
    <!-- conflict: "3095 Thompsonburg Road, South Londonderry, VT" Fuzzy match to "3095 Thompsonburg Road, Londonderry, VT" -->
    <tag k="addr:city" v="South Londonderry"/>
    <tag k="addr:housenumber" v="3095"/>
    <tag k="addr:street" v="Thompsonburg Road"/>
    <tag k="addr:state" v="VT"/>
    <tag k="ref:vcgi:esiteid" v="141341"/>
  </node>
  <node id="-774" visible="true" lat="43.207742663332" lon="-72.813905339962">
    <!-- conflict: "1043 Middletown Road, South Londonderry, VT" Fuzzy match to "1043 Middletown Road, , VT" -->
    <tag k="addr:city" v="South Londonderry"/>
    <tag k="addr:housenumber" v="1043"/>
    <tag k="addr:street" v="Middletown Road"/>
    <tag k="addr:state" v="VT"/>
    <tag k="ref:vcgi:esiteid" v="141342"/>
  </node>
  <node id="-775" visible="true" lat="43.207642728267" lon="-72.769410895182">
    <!-- conflict: "659 Magic Circle, Londonderry, VT" Fuzzy match to "659 Magic Circle, , VT" -->
    <tag k="addr:city" v="Londonderry"/>
    <tag k="addr:housenumber" v="659"/>
    <tag k="addr:street" v="Magic Circle"/>
    <tag k="addr:state" v="VT"/>
    <tag k="ref:vcgi:esiteid" v="141343"/>
  </node>
  <node id="-776" visible="true" lat="43.207570107449" lon="-72.768725633616">
    <!-- conflict: "611 Magic Circle, Londonderry, VT" Fuzzy match to "611 Magic Circle, , VT" -->
    <tag k="addr:city" v="Londonderry"/>
    <tag k="addr:housenumber" v="611"/>
    <tag k="addr:street" v="Magic Circle"/>
    <tag k="addr:state" v="VT"/>
    <tag k="ref:vcgi:esiteid" v="141344"/>
  </node>
  <node id="-777" visible="true" lat="43.207593137745" lon="-72.767473027754">
    <!-- conflict: "552 Magic Circle, Londonderry, VT" Fuzzy match to "552 Magic Circle, , VT" -->
    <tag k="addr:city" v="Londonderry"/>
    <tag k="addr:housenumber" v="552"/>
    <tag k="addr:street" v="Magic Circle"/>
    <tag k="addr:state" v="VT"/>
    <tag k="ref:vcgi:esiteid" v="141345"/>
  </node>
  <node id="-778" visible="true" lat="43.207371418735" lon="-72.801408111745">
    <!-- conflict: "591 Parsons Lane, South Londonderry, VT" Fuzzy match to "591 Parsons Lane, , VT" -->
    <tag k="addr:city" v="South Londonderry"/>
    <tag k="addr:housenumber" v="591"/>
    <tag k="addr:street" v="Parsons Lane"/>
    <tag k="addr:state" v="VT"/>
    <tag k="ref:vcgi:esiteid" v="141347"/>
  </node>
  <node id="-779" visible="true" lat="43.2073169049" lon="-72.766997107844">
    <!-- conflict: "534 Magic Circle, Londonderry, VT" Fuzzy match to "534 Magic Circle, , VT" -->
    <tag k="addr:city" v="Londonderry"/>
    <tag k="addr:housenumber" v="534"/>
    <tag k="addr:street" v="Magic Circle"/>
    <tag k="addr:state" v="VT"/>
    <tag k="ref:vcgi:esiteid" v="141348"/>
  </node>
  <node id="-780" visible="true" lat="43.207402332091" lon="-72.800435685024">
    <!-- conflict: "621 Parsons Lane, South Londonderry, VT" Fuzzy match to "621 Parsons Lane, , VT" -->
    <tag k="addr:city" v="South Londonderry"/>
    <tag k="addr:housenumber" v="621"/>
    <tag k="addr:street" v="Parsons Lane"/>
    <tag k="addr:state" v="VT"/>
    <tag k="ref:vcgi:esiteid" v="141349"/>
  </node>
  <node id="-781" visible="true" lat="43.207345199288" lon="-72.780099170403">
    <!-- conflict: "3064 Thompsonburg Road, South Londonderry, VT" Fuzzy match to "3064 Thompsonburg Road, Londonderry, VT" -->
    <tag k="addr:city" v="South Londonderry"/>
    <tag k="addr:housenumber" v="3064"/>
    <tag k="addr:street" v="Thompsonburg Road"/>
    <tag k="addr:state" v="VT"/>
    <tag k="ref:vcgi:esiteid" v="141350"/>
  </node>
  <node id="-782" visible="true" lat="43.207360439031" lon="-72.770700263842">
    <!-- conflict: "732 Magic Circle, Londonderry, VT" Fuzzy match to "732 Magic Circle, , VT" -->
    <tag k="addr:city" v="Londonderry"/>
    <tag k="addr:housenumber" v="732"/>
    <tag k="addr:street" v="Magic Circle"/>
    <tag k="addr:state" v="VT"/>
    <tag k="ref:vcgi:esiteid" v="141351"/>
  </node>
  <node id="-783" visible="true" lat="43.207302753665" lon="-72.780633260666">
    <!-- conflict: "3065 Thompsonburg Road, South Londonderry, VT" Fuzzy match to "3065 Thompsonburg Road, Londonderry, VT" -->
    <tag k="addr:city" v="South Londonderry"/>
    <tag k="addr:housenumber" v="3065"/>
    <tag k="addr:street" v="Thompsonburg Road"/>
    <tag k="addr:state" v="VT"/>
    <tag k="ref:vcgi:esiteid" v="141352"/>
  </node>
  <node id="-784" visible="true" lat="43.207115832784" lon="-72.803422273276">
    <!-- conflict: "493 Parsons Lane, South Londonderry, VT" Fuzzy match to "493 Parsons Lane, , VT" -->
    <tag k="addr:city" v="South Londonderry"/>
    <tag k="addr:housenumber" v="493"/>
    <tag k="addr:street" v="Parsons Lane"/>
    <tag k="addr:state" v="VT"/>
    <tag k="ref:vcgi:esiteid" v="141354"/>
  </node>
  <node id="-785" visible="true" lat="43.207127102145" lon="-72.770999734034">
    <!-- conflict: "760 Magic Circle, Londonderry, VT" Fuzzy match to "760 Magic Circle, , VT" -->
    <tag k="addr:city" v="Londonderry"/>
    <tag k="addr:housenumber" v="760"/>
    <tag k="addr:street" v="Magic Circle"/>
    <tag k="addr:state" v="VT"/>
    <tag k="ref:vcgi:esiteid" v="141355"/>
  </node>
  <node id="-786" visible="true" lat="43.207218641473" lon="-72.768890610649">
    <!-- conflict: "44 Cedar Lane, Londonderry, VT" Fuzzy match to "44 Cedar Lane, , VT" -->
    <tag k="addr:city" v="Londonderry"/>
    <tag k="addr:housenumber" v="44"/>
    <tag k="addr:street" v="Cedar Lane"/>
    <tag k="addr:state" v="VT"/>
    <tag k="ref:vcgi:esiteid" v="141356"/>
  </node>
  <node id="-787" visible="true" lat="43.207089596589" lon="-72.769441414044">
    <!-- conflict: "707 Magic Circle, Londonderry, VT" Fuzzy match to "707 Magic Circle, , VT" -->
    <tag k="addr:city" v="Londonderry"/>
    <tag k="addr:housenumber" v="707"/>
    <tag k="addr:street" v="Magic Circle"/>
    <tag k="addr:state" v="VT"/>
    <tag k="ref:vcgi:esiteid" v="141357"/>
  </node>
  <node id="-788" visible="true" lat="43.207072567218" lon="-72.768072486443">
    <!-- conflict: "27 Cedar Lane, Londonderry, VT" Fuzzy match to "27 Cedar Lane, , VT" -->
    <tag k="addr:city" v="Londonderry"/>
    <tag k="addr:housenumber" v="27"/>
    <tag k="addr:street" v="Cedar Lane"/>
    <tag k="addr:state" v="VT"/>
    <tag k="ref:vcgi:esiteid" v="141358"/>
  </node>
  <node id="-789" visible="true" lat="43.206986133392" lon="-72.785691552112">
    <!-- conflict: "125 Rest Haven Road, Londonderry, VT" Fuzzy match to "125 Rest Haven Road, , VT" -->
    <tag k="addr:city" v="Londonderry"/>
    <tag k="addr:housenumber" v="125"/>
    <tag k="addr:street" v="Rest Haven Road"/>
    <tag k="addr:state" v="VT"/>
    <tag k="ref:vcgi:esiteid" v="141359"/>
  </node>
  <node id="-790" visible="true" lat="43.206978772076" lon="-72.771378379993">
    <!-- conflict: "774 Magic Circle, Londonderry, VT" Fuzzy match to "774 Magic Circle, , VT" -->
    <tag k="addr:city" v="Londonderry"/>
    <tag k="addr:housenumber" v="774"/>
    <tag k="addr:street" v="Magic Circle"/>
    <tag k="addr:state" v="VT"/>
    <tag k="ref:vcgi:esiteid" v="141360"/>
  </node>
  <node id="-791" visible="true" lat="43.206904223759" lon="-72.767662881722">
    <!-- conflict: "545 Magic Circle, Londonderry, VT" Fuzzy match to "545 Magic Circle, , VT" -->
    <tag k="addr:city" v="Londonderry"/>
    <tag k="addr:housenumber" v="545"/>
    <tag k="addr:street" v="Magic Circle"/>
    <tag k="addr:state" v="VT"/>
    <tag k="ref:vcgi:esiteid" v="141361"/>
  </node>
  <node id="-792" visible="true" lat="43.206895047147" lon="-72.771707344136">
    <!-- conflict: "794 Magic Circle, Londonderry, VT" Fuzzy match to "794 Magic Circle, , VT" -->
    <tag k="addr:city" v="Londonderry"/>
    <tag k="addr:housenumber" v="794"/>
    <tag k="addr:street" v="Magic Circle"/>
    <tag k="addr:state" v="VT"/>
    <tag k="ref:vcgi:esiteid" v="141362"/>
  </node>
  <node id="-793" visible="true" lat="43.206727663424" lon="-72.768406294675">
    <!-- conflict: "43 Cedar Lane, Londonderry, VT" Fuzzy match to "43 Cedar Lane, , VT" -->
    <tag k="addr:city" v="Londonderry"/>
    <tag k="addr:housenumber" v="43"/>
    <tag k="addr:street" v="Cedar Lane"/>
    <tag k="addr:state" v="VT"/>
    <tag k="ref:vcgi:esiteid" v="141363"/>
  </node>
  <node id="-794" visible="true" lat="43.206692885479" lon="-72.842576301726">
    <!-- conflict: "19 Horton Road, South Londonderry, VT" Fuzzy match to "19 Horton Road, , VT" -->
    <tag k="addr:city" v="South Londonderry"/>
    <tag k="addr:housenumber" v="19"/>
    <tag k="addr:street" v="Horton Road"/>
    <tag k="addr:state" v="VT"/>
    <tag k="ref:vcgi:esiteid" v="141364"/>
  </node>
  <node id="-795" visible="true" lat="43.206700031844" lon="-72.808625522632">
    <!-- conflict: "215 Parsons Lane, South Londonderry, VT" Fuzzy match to "215 Parsons Lane, , VT" -->
    <tag k="addr:city" v="South Londonderry"/>
    <tag k="addr:housenumber" v="215"/>
    <tag k="addr:street" v="Parsons Lane"/>
    <tag k="addr:state" v="VT"/>
    <tag k="ref:vcgi:esiteid" v="141365"/>
  </node>
  <node id="-796" visible="true" lat="43.206753902897" lon="-72.770417976348">
    <!-- conflict: "745 Magic Circle, Londonderry, VT" Fuzzy match to "745 Magic Circle, , VT" -->
    <tag k="addr:city" v="Londonderry"/>
    <tag k="addr:housenumber" v="745"/>
    <tag k="addr:street" v="Magic Circle"/>
    <tag k="addr:state" v="VT"/>
    <tag k="ref:vcgi:esiteid" v="141366"/>
  </node>
  <node id="-797" visible="true" lat="43.206685238997" lon="-72.772073555834">
    <!-- conflict: "812 Magic Circle, Londonderry, VT" Fuzzy match to "812 Magic Circle, , VT" -->
    <tag k="addr:city" v="Londonderry"/>
    <tag k="addr:housenumber" v="812"/>
    <tag k="addr:street" v="Magic Circle"/>
    <tag k="addr:state" v="VT"/>
    <tag k="ref:vcgi:esiteid" v="141368"/>
  </node>
  <node id="-798" visible="true" lat="43.206673735447" lon="-72.766800843723">
    <!-- conflict: "498 Magic Circle, Londonderry, VT" Fuzzy match to "498 Magic Circle, , VT" -->
    <tag k="addr:city" v="Londonderry"/>
    <tag k="addr:housenumber" v="498"/>
    <tag k="addr:street" v="Magic Circle"/>
    <tag k="addr:state" v="VT"/>
    <tag k="ref:vcgi:esiteid" v="141369"/>
  </node>
  <node id="-799" visible="true" lat="43.206593626852" lon="-72.770905460059">
    <!-- conflict: "769 Magic Circle, Londonderry, VT" Fuzzy match to "769 Magic Circle, , VT" -->
    <tag k="addr:city" v="Londonderry"/>
    <tag k="addr:housenumber" v="769"/>
    <tag k="addr:street" v="Magic Circle"/>
    <tag k="addr:state" v="VT"/>
    <tag k="ref:vcgi:esiteid" v="141370"/>
  </node>
  <node id="-800" visible="true" lat="43.206364819814" lon="-72.841088570225">
    <!-- conflict: "1846 Winhall Hollow Road, South Londonderry, VT" Fuzzy match to "1846 Winhall Hollow Road, , VT" -->
    <tag k="addr:city" v="South Londonderry"/>
    <tag k="addr:housenumber" v="1846"/>
    <tag k="addr:street" v="Winhall Hollow Road"/>
    <tag k="addr:state" v="VT"/>
    <tag k="ref:vcgi:esiteid" v="141371"/>
  </node>
  <node id="-801" visible="true" lat="43.206593060943" lon="-72.767629274605">
    <!-- conflict: "489 Magic Circle, Londonderry, VT" Fuzzy match to "489 Magic Circle, , VT" -->
    <tag k="addr:city" v="Londonderry"/>
    <tag k="addr:housenumber" v="489"/>
    <tag k="addr:street" v="Magic Circle"/>
    <tag k="addr:state" v="VT"/>
    <tag k="ref:vcgi:esiteid" v="141372"/>
  </node>
  <node id="-802" visible="true" lat="43.206370688313" lon="-72.767469574199">
    <!-- conflict: "487 Magic Circle, Londonderry, VT" Fuzzy match to "487 Magic Circle, , VT" -->
    <tag k="addr:city" v="Londonderry"/>
    <tag k="addr:housenumber" v="487"/>
    <tag k="addr:street" v="Magic Circle"/>
    <tag k="addr:state" v="VT"/>
    <tag k="ref:vcgi:esiteid" v="141373"/>
  </node>
  <node id="-803" visible="true" lat="43.206463520169" lon="-72.798234282675">
    <!-- conflict: "730 Parsons Lane, South Londonderry, VT" Fuzzy match to "730 Parsons Lane, , VT" -->
    <tag k="addr:city" v="South Londonderry"/>
    <tag k="addr:housenumber" v="730"/>
    <tag k="addr:street" v="Parsons Lane"/>
    <tag k="addr:state" v="VT"/>
    <tag k="ref:vcgi:esiteid" v="141374"/>
  </node>
  <node id="-804" visible="true" lat="43.206326956783" lon="-72.7697860693">
    <!-- conflict: "98 Cedar Lane, Londonderry, VT" Fuzzy match to "98 Cedar Lane, , VT" -->
    <tag k="addr:city" v="Londonderry"/>
    <tag k="addr:housenumber" v="98"/>
    <tag k="addr:street" v="Cedar Lane"/>
    <tag k="addr:state" v="VT"/>
    <tag k="ref:vcgi:esiteid" v="141375"/>
  </node>
  <node id="-805" visible="true" lat="43.206406705875" lon="-72.771088565283">
    <!-- conflict: "785 Magic Circle, Londonderry, VT" Fuzzy match to "785 Magic Circle, , VT" -->
    <tag k="addr:city" v="Londonderry"/>
    <tag k="addr:housenumber" v="785"/>
    <tag k="addr:street" v="Magic Circle"/>
    <tag k="addr:state" v="VT"/>
    <tag k="ref:vcgi:esiteid" v="141376"/>
  </node>
  <node id="-806" visible="true" lat="43.206055569503" lon="-72.840187092319">
    <!-- conflict: "1886 Winhall Hollow Road, South Londonderry, VT" Fuzzy match to "1886 Winhall Hollow Road, , VT" -->
    <tag k="addr:city" v="South Londonderry"/>
    <tag k="addr:housenumber" v="1886"/>
    <tag k="addr:street" v="Winhall Hollow Road"/>
    <tag k="addr:state" v="VT"/>
    <tag k="ref:vcgi:esiteid" v="141377"/>
  </node>
  <node id="-807" visible="true" lat="43.206383819143" lon="-72.766632997336">
    <!-- conflict: "480 Magic Circle, Londonderry, VT" Fuzzy match to "480 Magic Circle, , VT" -->
    <tag k="addr:city" v="Londonderry"/>
    <tag k="addr:housenumber" v="480"/>
    <tag k="addr:street" v="Magic Circle"/>
    <tag k="addr:state" v="VT"/>
    <tag k="ref:vcgi:esiteid" v="141378"/>
  </node>
  <node id="-808" visible="true" lat="43.206115695137" lon="-72.772471645892">
    <!-- conflict: "836 Magic Circle, Londonderry, VT" Fuzzy match to "836 Magic Circle, , VT" -->
    <tag k="addr:city" v="Londonderry"/>
    <tag k="addr:housenumber" v="836"/>
    <tag k="addr:street" v="Magic Circle"/>
    <tag k="addr:state" v="VT"/>
    <tag k="ref:vcgi:esiteid" v="141379"/>
  </node>
  <node id="-809" visible="true" lat="43.205747762456" lon="-72.850885201571">
    <!-- conflict: "1325 Winhall Hollow Road, South Londonderry, VT" Fuzzy match to "1325 Winhall Hollow Road, , VT" -->
    <tag k="addr:city" v="South Londonderry"/>
    <tag k="addr:housenumber" v="1325"/>
    <tag k="addr:street" v="Winhall Hollow Road"/>
    <tag k="addr:state" v="VT"/>
    <tag k="ref:vcgi:esiteid" v="141380"/>
  </node>
  <node id="-810" visible="true" lat="43.20609016217" lon="-72.834985053055">
    <!-- conflict: "2153 Winhall Hollow Road, South Londonderry, VT" Fuzzy match to "2153 Winhall Hollow Road, , VT" -->
    <tag k="addr:city" v="South Londonderry"/>
    <tag k="addr:housenumber" v="2153"/>
    <tag k="addr:street" v="Winhall Hollow Road"/>
    <tag k="addr:state" v="VT"/>
    <tag k="ref:vcgi:esiteid" v="141381"/>
  </node>
  <node id="-811" visible="true" lat="43.206208400477" lon="-72.771409797915">
    <!-- conflict: "821 Magic Circle, Londonderry, VT" Fuzzy match to "821 Magic Circle, , VT" -->
    <tag k="addr:city" v="Londonderry"/>
    <tag k="addr:housenumber" v="821"/>
    <tag k="addr:street" v="Magic Circle"/>
    <tag k="addr:state" v="VT"/>
    <tag k="ref:vcgi:esiteid" v="141382"/>
  </node>
  <node id="-812" visible="true" lat="43.206166459548" lon="-72.780297534039">
    <!-- conflict: "2987 Thompsonburg Road, South Londonderry, VT" Fuzzy match to "2987 Thompsonburg Road, , VT" -->
    <tag k="addr:city" v="South Londonderry"/>
    <tag k="addr:housenumber" v="2987"/>
    <tag k="addr:street" v="Thompsonburg Road"/>
    <tag k="addr:state" v="VT"/>
    <tag k="ref:vcgi:esiteid" v="141383"/>
  </node>
  <node id="-813" visible="true" lat="43.205998609278" lon="-72.838380134313">
    <!-- conflict: "1980 Winhall Hollow Road, South Londonderry, VT" Fuzzy match to "1980 Winhall Hollow Road, , VT" -->
    <tag k="addr:city" v="South Londonderry"/>
    <tag k="addr:housenumber" v="1980"/>
    <tag k="addr:street" v="Winhall Hollow Road"/>
    <tag k="addr:state" v="VT"/>
    <tag k="ref:vcgi:esiteid" v="141384"/>
  </node>
  <node id="-814" visible="true" lat="43.206264666568" lon="-72.768330087442">
    <!-- conflict: "93 Cedar Lane, Londonderry, VT" Fuzzy match to "93 Cedar Lane, , VT" -->
    <tag k="addr:city" v="Londonderry"/>
    <tag k="addr:housenumber" v="93"/>
    <tag k="addr:street" v="Cedar Lane"/>
    <tag k="addr:state" v="VT"/>
    <tag k="ref:vcgi:esiteid" v="141385"/>
  </node>
  <node id="-815" visible="true" lat="43.205949018011" lon="-72.827325138189">
    <!-- conflict: "244 Derry Lane, South Londonderry, VT" Fuzzy match to "244 Derry Lane, , VT" -->
    <tag k="addr:city" v="South Londonderry"/>
    <tag k="addr:housenumber" v="244"/>
    <tag k="addr:street" v="Derry Lane"/>
    <tag k="addr:state" v="VT"/>
    <tag k="ref:vcgi:esiteid" v="141386"/>
  </node>
  <node id="-816" visible="true" lat="43.206093901758" lon="-72.770455324228">
    <!-- conflict: "93 Apple Tree Lane, Londonderry, VT" Fuzzy match to "93 Apple Tree Lane, , VT" -->
    <tag k="addr:city" v="Londonderry"/>
    <tag k="addr:housenumber" v="93"/>
    <tag k="addr:street" v="Apple Tree Lane"/>
    <tag k="addr:state" v="VT"/>
    <tag k="ref:vcgi:esiteid" v="141387"/>
  </node>
  <node id="-817" visible="true" lat="43.205949592542" lon="-72.813209101731">
    <!-- conflict: "929 Middletown Road, South Londonderry, VT" Fuzzy match to "929 Middletown Road, , VT" -->
    <tag k="addr:city" v="South Londonderry"/>
    <tag k="addr:housenumber" v="929"/>
    <tag k="addr:street" v="Middletown Road"/>
    <tag k="addr:state" v="VT"/>
    <tag k="ref:vcgi:esiteid" v="141388"/>
  </node>
  <node id="-818" visible="true" lat="43.206032866304" lon="-72.766556702389">
    <!-- conflict: "454 Magic Circle, Londonderry, VT" Fuzzy match to "454 Magic Circle, , VT" -->
    <tag k="addr:city" v="Londonderry"/>
    <tag k="addr:housenumber" v="454"/>
    <tag k="addr:street" v="Magic Circle"/>
    <tag k="addr:state" v="VT"/>
    <tag k="ref:vcgi:esiteid" v="141389"/>
  </node>
  <node id="-819" visible="true" lat="43.205899411193" lon="-72.771608161464">
    <!-- conflict: "857 Magic Circle, Londonderry, VT" Fuzzy match to "857 Magic Circle, , VT" -->
    <tag k="addr:city" v="Londonderry"/>
    <tag k="addr:housenumber" v="857"/>
    <tag k="addr:street" v="Magic Circle"/>
    <tag k="addr:state" v="VT"/>
    <tag k="ref:vcgi:esiteid" v="141390"/>
  </node>
  <node id="-820" visible="true" lat="43.205727766947" lon="-72.83324554941">
    <!-- conflict: "2241 Winhall Hollow Road, South Londonderry, VT" Fuzzy match to "2241 Winhall Hollow Road, , VT" -->
    <tag k="addr:city" v="South Londonderry"/>
    <tag k="addr:housenumber" v="2241"/>
    <tag k="addr:street" v="Winhall Hollow Road"/>
    <tag k="addr:state" v="VT"/>
    <tag k="ref:vcgi:esiteid" v="141391"/>
  </node>
  <node id="-821" visible="true" lat="43.205720137424" lon="-72.822175295038">
    <!-- conflict: "29 Hearthstone Lane, South Londonderry, VT" Fuzzy match to "29 Hearthstone Lane, , VT" -->
    <tag k="addr:city" v="South Londonderry"/>
    <tag k="addr:housenumber" v="29"/>
    <tag k="addr:street" v="Hearthstone Lane"/>
    <tag k="addr:state" v="VT"/>
    <tag k="ref:vcgi:esiteid" v="141392"/>
  </node>
  <node id="-822" visible="true" lat="43.205928456258" lon="-72.769278891805">
    <!-- conflict: "99 Cedar Lane, Londonderry, VT" Fuzzy match to "99 Cedar Lane, , VT" -->
    <tag k="addr:city" v="Londonderry"/>
    <tag k="addr:housenumber" v="99"/>
    <tag k="addr:street" v="Cedar Lane"/>
    <tag k="addr:state" v="VT"/>
    <tag k="ref:vcgi:esiteid" v="141393"/>
  </node>
  <node id="-823" visible="true" lat="43.205689618645" lon="-72.822480470221">
    <!-- conflict: "17 Hearthstone Lane, South Londonderry, VT" Fuzzy match to "17 Hearthstone Lane, , VT" -->
    <tag k="addr:city" v="South Londonderry"/>
    <tag k="addr:housenumber" v="17"/>
    <tag k="addr:street" v="Hearthstone Lane"/>
    <tag k="addr:state" v="VT"/>
    <tag k="ref:vcgi:esiteid" v="141394"/>
  </node>
  <node id="-824" visible="true" lat="43.205628583846" lon="-72.829812321316">
    <!-- conflict: "307 Derry Lane, South Londonderry, VT" Fuzzy match to "307 Derry Lane, , VT" -->
    <tag k="addr:city" v="South Londonderry"/>
    <tag k="addr:housenumber" v="307"/>
    <tag k="addr:street" v="Derry Lane"/>
    <tag k="addr:state" v="VT"/>
    <tag k="ref:vcgi:esiteid" v="141395"/>
  </node>
  <node id="-825" visible="true" lat="43.205781095274" lon="-72.770844424273">
    <!-- conflict: "91 Apple Tree Lane, Londonderry, VT" Fuzzy match to "91 Apple Tree Lane, , VT" -->
    <tag k="addr:city" v="Londonderry"/>
    <tag k="addr:housenumber" v="91"/>
    <tag k="addr:street" v="Apple Tree Lane"/>
    <tag k="addr:state" v="VT"/>
    <tag k="ref:vcgi:esiteid" v="141396"/>
  </node>
  <node id="-826" visible="true" lat="43.205723469026" lon="-72.784974387657">
    <!-- conflict: "2725 Thompsonburg Road, South Londonderry, VT" Fuzzy match to "2725 Thompsonburg Road, , VT" -->
    <tag k="addr:city" v="South Londonderry"/>
    <tag k="addr:housenumber" v="2725"/>
    <tag k="addr:street" v="Thompsonburg Road"/>
    <tag k="addr:state" v="VT"/>
    <tag k="ref:vcgi:esiteid" v="141397"/>
  </node>
  <node id="-827" visible="true" lat="43.205537464703" lon="-72.849079070304">
    <!-- conflict: "14 Livermore Mills Road, South Londonderry, VT" Fuzzy match to "14 Livermore Mills Road, , VT" -->
    <tag k="addr:city" v="South Londonderry"/>
    <tag k="addr:housenumber" v="14"/>
    <tag k="addr:street" v="Livermore Mills Road"/>
    <tag k="addr:state" v="VT"/>
    <tag k="ref:vcgi:esiteid" v="141398"/>
  </node>
  <node id="-828" visible="true" lat="43.205720060816" lon="-72.77251526217">
    <!-- conflict: "868 Magic Circle, Londonderry, VT" Fuzzy match to "868 Magic Circle, , VT" -->
    <tag k="addr:city" v="Londonderry"/>
    <tag k="addr:housenumber" v="868"/>
    <tag k="addr:street" v="Magic Circle"/>
    <tag k="addr:state" v="VT"/>
    <tag k="ref:vcgi:esiteid" v="141399"/>
  </node>
  <node id="-829" visible="true" lat="43.205521288741" lon="-72.809701267278">
    <!-- conflict: "154 Parsons Lane, South Londonderry, VT" Fuzzy match to "154 Parsons Lane, , VT" -->
    <tag k="addr:city" v="South Londonderry"/>
    <tag k="addr:housenumber" v="154"/>
    <tag k="addr:street" v="Parsons Lane"/>
    <tag k="addr:state" v="VT"/>
    <tag k="ref:vcgi:esiteid" v="141400"/>
  </node>
  <node id="-830" visible="true" lat="43.205586604656" lon="-72.770959661959">
    <!-- conflict: "57 Apple Tree Lane, Londonderry, VT" Fuzzy match to "57 Apple Tree Lane, , VT" -->
    <tag k="addr:city" v="Londonderry"/>
    <tag k="addr:housenumber" v="57"/>
    <tag k="addr:street" v="Apple Tree Lane"/>
    <tag k="addr:state" v="VT"/>
    <tag k="ref:vcgi:esiteid" v="141401"/>
  </node>
  <node id="-831" visible="true" lat="43.205514382503" lon="-72.771635571248">
    <!-- conflict: "891 Magic Circle, Londonderry, VT" Fuzzy match to "891 Magic Circle, , VT" -->
    <tag k="addr:city" v="Londonderry"/>
    <tag k="addr:housenumber" v="891"/>
    <tag k="addr:street" v="Magic Circle"/>
    <tag k="addr:state" v="VT"/>
    <tag k="ref:vcgi:esiteid" v="141402"/>
  </node>
  <node id="-832" visible="true" lat="43.205391996107" lon="-72.770096743724">
    <!-- conflict: "72 Apple Tree Lane, Londonderry, VT" Fuzzy match to "72 Apple Tree Lane, , VT" -->
    <tag k="addr:city" v="Londonderry"/>
    <tag k="addr:housenumber" v="72"/>
    <tag k="addr:street" v="Apple Tree Lane"/>
    <tag k="addr:state" v="VT"/>
    <tag k="ref:vcgi:esiteid" v="141403"/>
  </node>
  <node id="-833" visible="true" lat="43.205342296525" lon="-72.843651786149">
    <!-- conflict: "114 Horton Road, South Londonderry, VT" Fuzzy match to "114 Horton Road, , VT" -->
    <tag k="addr:city" v="South Londonderry"/>
    <tag k="addr:housenumber" v="114"/>
    <tag k="addr:street" v="Horton Road"/>
    <tag k="addr:state" v="VT"/>
    <tag k="ref:vcgi:esiteid" v="141404"/>
  </node>
  <node id="-834" visible="true" lat="43.205239485283" lon="-72.822343140176">
    <!-- conflict: "24 Hearthstone Lane, South Londonderry, VT" Fuzzy match to "24 Hearthstone Lane, , VT" -->
    <tag k="addr:city" v="South Londonderry"/>
    <tag k="addr:housenumber" v="24"/>
    <tag k="addr:street" v="Hearthstone Lane"/>
    <tag k="addr:state" v="VT"/>
    <tag k="ref:vcgi:esiteid" v="141405"/>
  </node>
  <node id="-835" visible="true" lat="43.205353849787" lon="-72.76678558443">
    <!-- conflict: "406 Magic Circle, Londonderry, VT" Fuzzy match to "406 Magic Circle, , VT" -->
    <tag k="addr:city" v="Londonderry"/>
    <tag k="addr:housenumber" v="406"/>
    <tag k="addr:street" v="Magic Circle"/>
    <tag k="addr:state" v="VT"/>
    <tag k="ref:vcgi:esiteid" v="141406"/>
  </node>
  <node id="-836" visible="true" lat="43.205512571792" lon="-72.769014441633">
    <!-- conflict: "86 Birch Road, Londonderry, VT" Fuzzy match to "86 Birch Road, , VT" -->
    <tag k="addr:city" v="Londonderry"/>
    <tag k="addr:housenumber" v="86"/>
    <tag k="addr:street" v="Birch Road"/>
    <tag k="addr:state" v="VT"/>
    <tag k="ref:vcgi:esiteid" v="141407"/>
  </node>
  <node id="-837" visible="true" lat="43.205201262334" lon="-72.769379580126">
    <!-- conflict: "89 Birch Road, Londonderry, VT" Fuzzy match to "89 Birch Road, , VT" -->
    <tag k="addr:city" v="Londonderry"/>
    <tag k="addr:housenumber" v="89"/>
    <tag k="addr:street" v="Birch Road"/>
    <tag k="addr:state" v="VT"/>
    <tag k="ref:vcgi:esiteid" v="141409"/>
  </node>
  <node id="-838" visible="true" lat="43.20519742982" lon="-72.767527758617">
    <!-- conflict: "27 Birch Road, Londonderry, VT" Fuzzy match to "27 Birch Road, , VT" -->
    <tag k="addr:city" v="Londonderry"/>
    <tag k="addr:housenumber" v="27"/>
    <tag k="addr:street" v="Birch Road"/>
    <tag k="addr:state" v="VT"/>
    <tag k="ref:vcgi:esiteid" v="141410"/>
  </node>
  <node id="-839" visible="true" lat="43.205136471189" lon="-72.771310615381">
    <!-- conflict: "107 Magic Circle, Londonderry, VT" Fuzzy match to "107 Magic Circle, , VT" -->
    <tag k="addr:city" v="Londonderry"/>
    <tag k="addr:housenumber" v="107"/>
    <tag k="addr:street" v="Magic Circle"/>
    <tag k="addr:state" v="VT"/>
    <tag k="ref:vcgi:esiteid" v="141411"/>
  </node>
  <node id="-840" visible="true" lat="43.205198629292" lon="-72.780505088692">
    <!-- conflict: "2904 Thompsonburg Road, South Londonderry, VT" Fuzzy match to "2904 Thompsonburg Road, , VT" -->
    <tag k="addr:city" v="South Londonderry"/>
    <tag k="addr:housenumber" v="2904"/>
    <tag k="addr:street" v="Thompsonburg Road"/>
    <tag k="addr:state" v="VT"/>
    <tag k="ref:vcgi:esiteid" v="141412"/>
  </node>
  <node id="-842" visible="true" lat="43.204915235421" lon="-72.832680974152">
    <!-- conflict: "2288 Winhall Hollow Road, South Londonderry, VT" Fuzzy match to "2288 Winhall Hollow Road, , VT" -->
    <tag k="addr:city" v="South Londonderry"/>
    <tag k="addr:housenumber" v="2288"/>
    <tag k="addr:street" v="Winhall Hollow Road"/>
    <tag k="addr:state" v="VT"/>
    <tag k="ref:vcgi:esiteid" v="141414"/>
  </node>
  <node id="-843" visible="true" lat="43.204962492366" lon="-72.822406501733">
    <!-- conflict: "3996 Vermont Route 100, South Londonderry, VT" Fuzzy match to "3996 Vermont Route 100, , VT" -->
    <tag k="addr:city" v="South Londonderry"/>
    <tag k="addr:housenumber" v="3996"/>
    <tag k="addr:street" v="Vermont Route 100"/>
    <tag k="addr:state" v="VT"/>
    <tag k="ref:vcgi:esiteid" v="141415"/>
  </node>
  <node id="-844" visible="true" lat="43.204754617966" lon="-72.852482507002">
    <!-- conflict: "1265 Winhall Hollow Road, South Londonderry, VT" Fuzzy match to "1265 Winhall Hollow Road, , VT" -->
    <tag k="addr:city" v="South Londonderry"/>
    <tag k="addr:housenumber" v="1265"/>
    <tag k="addr:street" v="Winhall Hollow Road"/>
    <tag k="addr:state" v="VT"/>
    <tag k="ref:vcgi:esiteid" v="141416"/>
  </node>
  <node id="-845" visible="true" lat="43.204732974474" lon="-72.822205519149">
    <!-- conflict: "3988 Vermont Route 100, South Londonderry, VT" Fuzzy match to "3988 Vermont Route 100, , VT" -->
    <tag k="addr:city" v="South Londonderry"/>
    <tag k="addr:housenumber" v="3988"/>
    <tag k="addr:street" v="Vermont Route 100"/>
    <tag k="addr:state" v="VT"/>
    <tag k="ref:vcgi:esiteid" v="141417"/>
  </node>
  <node id="-846" visible="true" lat="43.204746877025" lon="-72.82318978928">
    <!-- conflict: "3997 Vermont Route 100, South Londonderry, VT" Fuzzy match to "3997 Vermont Route 100, , VT" -->
    <tag k="addr:city" v="South Londonderry"/>
    <tag k="addr:housenumber" v="3997"/>
    <tag k="addr:street" v="Vermont Route 100"/>
    <tag k="addr:state" v="VT"/>
    <tag k="ref:vcgi:esiteid" v="141418"/>
  </node>
  <node id="-847" visible="true" lat="43.204939247646" lon="-72.768165558449">
    <!-- conflict: "35 Birch Road, Londonderry, VT" Fuzzy match to "35 Birch Road, , VT" -->
    <tag k="addr:city" v="Londonderry"/>
    <tag k="addr:housenumber" v="35"/>
    <tag k="addr:street" v="Birch Road"/>
    <tag k="addr:state" v="VT"/>
    <tag k="ref:vcgi:esiteid" v="141419"/>
  </node>
  <node id="-849" visible="true" lat="43.204803148624" lon="-72.781765059319">
    <!-- conflict: "2855 Thompsonburg Road, South Londonderry, VT" Fuzzy match to "2855 Thompsonburg Road, , VT" -->
    <tag k="addr:city" v="South Londonderry"/>
    <tag k="addr:housenumber" v="2855"/>
    <tag k="addr:street" v="Thompsonburg Road"/>
    <tag k="addr:state" v="VT"/>
    <tag k="ref:vcgi:esiteid" v="141421"/>
  </node>
  <node id="-850" visible="true" lat="43.2048198522" lon="-72.766008183845">
    <!-- conflict: "57 Beech Road, Londonderry, VT" Fuzzy match to "57 Beech Road, , VT" -->
    <tag k="addr:city" v="Londonderry"/>
    <tag k="addr:housenumber" v="57"/>
    <tag k="addr:street" v="Beech Road"/>
    <tag k="addr:state" v="VT"/>
    <tag k="ref:vcgi:esiteid" v="141423"/>
  </node>
  <node id="-851" visible="true" lat="43.204785519161" lon="-72.770234870941">
    <!-- conflict: "30 Apple Tree Lane, Londonderry, VT" Fuzzy match to "30 Apple Tree Lane, , VT" -->
    <tag k="addr:city" v="Londonderry"/>
    <tag k="addr:housenumber" v="30"/>
    <tag k="addr:street" v="Apple Tree Lane"/>
    <tag k="addr:state" v="VT"/>
    <tag k="ref:vcgi:esiteid" v="141424"/>
  </node>
  <node id="-852" visible="true" lat="43.204773827713" lon="-72.769027711424">
    <!-- conflict: "85 Birch Road, Londonderry, VT" Fuzzy match to "85 Birch Road, , VT" -->
    <tag k="addr:city" v="Londonderry"/>
    <tag k="addr:housenumber" v="85"/>
    <tag k="addr:street" v="Birch Road"/>
    <tag k="addr:state" v="VT"/>
    <tag k="ref:vcgi:esiteid" v="141425"/>
  </node>
  <node id="-853" visible="true" lat="43.204705410493" lon="-72.77090625705">
    <!-- conflict: "149 Magic Circle, Londonderry, VT" Fuzzy match to "149 Magic Circle, , VT" -->
    <tag k="addr:city" v="Londonderry"/>
    <tag k="addr:housenumber" v="149"/>
    <tag k="addr:street" v="Magic Circle"/>
    <tag k="addr:state" v="VT"/>
    <tag k="ref:vcgi:esiteid" v="141426"/>
  </node>
  <node id="-854" visible="true" lat="43.204637434497" lon="-72.851738314257">
    <!-- conflict: "1276 Winhall Hollow Road, South Londonderry, VT" Fuzzy match to "1276 Winhall Hollow Road, , VT" -->
    <tag k="addr:city" v="South Londonderry"/>
    <tag k="addr:housenumber" v="1276"/>
    <tag k="addr:street" v="Winhall Hollow Road"/>
    <tag k="addr:state" v="VT"/>
    <tag k="ref:vcgi:esiteid" v="141427"/>
  </node>
  <node id="-855" visible="true" lat="43.204679323409" lon="-72.767809393564">
    <!-- conflict: "341 Magic Circle, Londonderry, VT" Fuzzy match to "341 Magic Circle, , VT" -->
    <tag k="addr:city" v="Londonderry"/>
    <tag k="addr:housenumber" v="341"/>
    <tag k="addr:street" v="Magic Circle"/>
    <tag k="addr:state" v="VT"/>
    <tag k="ref:vcgi:esiteid" v="141428"/>
  </node>
  <node id="-856" visible="true" lat="43.204629057307" lon="-72.764641725368">
    <!-- conflict: "113 Beech Road, Londonderry, VT" Fuzzy match to "113 Beech Road, , VT" -->
    <tag k="addr:city" v="Londonderry"/>
    <tag k="addr:housenumber" v="113"/>
    <tag k="addr:street" v="Beech Road"/>
    <tag k="addr:state" v="VT"/>
    <tag k="ref:vcgi:esiteid" v="141429"/>
  </node>
  <node id="-857" visible="true" lat="43.204442485429" lon="-72.766675685885">
    <!-- conflict: "30 Beech Road, Londonderry, VT" Fuzzy match to "30 Beech Road, , VT" -->
    <tag k="addr:city" v="Londonderry"/>
    <tag k="addr:housenumber" v="30"/>
    <tag k="addr:street" v="Beech Road"/>
    <tag k="addr:state" v="VT"/>
    <tag k="ref:vcgi:esiteid" v="141430"/>
  </node>
  <node id="-858" visible="true" lat="43.204429418745" lon="-72.770109075638">
    <!-- conflict: "199 Magic Circle, Londonderry, VT" Fuzzy match to "199 Magic Circle, , VT" -->
    <tag k="addr:city" v="Londonderry"/>
    <tag k="addr:housenumber" v="199"/>
    <tag k="addr:street" v="Magic Circle"/>
    <tag k="addr:state" v="VT"/>
    <tag k="ref:vcgi:esiteid" v="141431"/>
  </node>
  <node id="-859" visible="true" lat="43.204465026081" lon="-72.77134033439">
    <!-- conflict: "138 Magic Circle, Londonderry, VT" Fuzzy match to "138 Magic Circle, , VT" -->
    <tag k="addr:city" v="Londonderry"/>
    <tag k="addr:housenumber" v="138"/>
    <tag k="addr:street" v="Magic Circle"/>
    <tag k="addr:state" v="VT"/>
    <tag k="ref:vcgi:esiteid" v="141432"/>
  </node>
  <node id="-860" visible="true" lat="43.204319309461" lon="-72.782566011779">
    <!-- conflict: "2793 Thompsonburg Road, South Londonderry, VT" Fuzzy match to "2793 Thompsonburg Road, , VT" -->
    <tag k="addr:city" v="South Londonderry"/>
    <tag k="addr:housenumber" v="2793"/>
    <tag k="addr:street" v="Thompsonburg Road"/>
    <tag k="addr:state" v="VT"/>
    <tag k="ref:vcgi:esiteid" v="141433"/>
  </node>
  <node id="-861" visible="true" lat="43.204338283134" lon="-72.769659620071">
    <!-- conflict: "217 Magic Circle, Londonderry, VT" Fuzzy match to "217 Magic Circle, , VT" -->
    <tag k="addr:city" v="Londonderry"/>
    <tag k="addr:housenumber" v="217"/>
    <tag k="addr:street" v="Magic Circle"/>
    <tag k="addr:state" v="VT"/>
    <tag k="ref:vcgi:esiteid" v="141434"/>
  </node>
  <node id="-862" visible="true" lat="43.204125592044" lon="-72.847390453146">
    <!-- conflict: "147 Livermore Mills Road, South Londonderry, VT" Fuzzy match to "147 Livermore Mills Road, , VT" -->
    <tag k="addr:city" v="South Londonderry"/>
    <tag k="addr:housenumber" v="147"/>
    <tag k="addr:street" v="Livermore Mills Road"/>
    <tag k="addr:state" v="VT"/>
    <tag k="ref:vcgi:esiteid" v="141435"/>
  </node>
  <node id="-863" visible="true" lat="43.204316310925" lon="-72.777635385796">
    <!-- conflict: "208 Old Baybrook Road, South Londonderry, VT" Fuzzy match to "208 Old Baybrook Road, , VT" -->
    <tag k="addr:city" v="South Londonderry"/>
    <tag k="addr:housenumber" v="208"/>
    <tag k="addr:street" v="Old Baybrook Road"/>
    <tag k="addr:state" v="VT"/>
    <tag k="ref:vcgi:esiteid" v="141436"/>
  </node>
  <node id="-864" visible="true" lat="43.204235287056" lon="-72.769296664875">
    <!-- conflict: "237 Magic Circle, Londonderry, VT" Fuzzy match to "237 Magic Circle, , VT" -->
    <tag k="addr:city" v="Londonderry"/>
    <tag k="addr:housenumber" v="237"/>
    <tag k="addr:street" v="Magic Circle"/>
    <tag k="addr:state" v="VT"/>
    <tag k="ref:vcgi:esiteid" v="141437"/>
  </node>
  <node id="-865" visible="true" lat="43.204188078053" lon="-72.770514110062">
    <!-- conflict: "1 Snow Drift Lane, Londonderry, VT" Fuzzy match to "1 Snow Drift Lane, , VT" -->
    <tag k="addr:city" v="Londonderry"/>
    <tag k="addr:housenumber" v="1"/>
    <tag k="addr:street" v="Snow Drift Lane"/>
    <tag k="addr:state" v="VT"/>
    <tag k="ref:vcgi:esiteid" v="141438"/>
  </node>
  <node id="-866" visible="true" lat="43.204269507317" lon="-72.766304412698">
    <!-- conflict: "62 Beech Road, Londonderry, VT" Fuzzy match to "62 Beech Road, , VT" -->
    <tag k="addr:city" v="Londonderry"/>
    <tag k="addr:housenumber" v="62"/>
    <tag k="addr:street" v="Beech Road"/>
    <tag k="addr:state" v="VT"/>
    <tag k="ref:vcgi:esiteid" v="141440"/>
  </node>
  <node id="-867" visible="true" lat="43.204279374089" lon="-72.768481846232">
    <!-- conflict: "287 Magic Circle, Londonderry, VT" Fuzzy match to "287 Magic Circle, , VT" -->
    <tag k="addr:city" v="Londonderry"/>
    <tag k="addr:housenumber" v="287"/>
    <tag k="addr:street" v="Magic Circle"/>
    <tag k="addr:state" v="VT"/>
    <tag k="ref:vcgi:esiteid" v="141441"/>
  </node>
  <node id="-868" visible="true" lat="43.204051953493" lon="-72.770531846735">
    <!-- conflict: "3 Snow Drift Lane, Londonderry, VT" Fuzzy match to "3 Snow Drift Lane, , VT" -->
    <tag k="addr:city" v="Londonderry"/>
    <tag k="addr:housenumber" v="3"/>
    <tag k="addr:street" v="Snow Drift Lane"/>
    <tag k="addr:state" v="VT"/>
    <tag k="ref:vcgi:esiteid" v="141443"/>
  </node>
  <node id="-869" visible="true" lat="43.203992078942" lon="-72.831597600425">
    <!-- conflict: "2372 Winhall Hollow Road, South Londonderry, VT" Fuzzy match to "2372 Winhall Hollow Road, , VT" -->
    <tag k="addr:city" v="South Londonderry"/>
    <tag k="addr:housenumber" v="2372"/>
    <tag k="addr:street" v="Winhall Hollow Road"/>
    <tag k="addr:state" v="VT"/>
    <tag k="ref:vcgi:esiteid" v="141444"/>
  </node>
  <node id="-870" visible="true" lat="43.203995892918" lon="-72.828484806403">
    <!-- conflict: "184 Derry Lane, South Londonderry, VT" Fuzzy match to "184 Derry Lane, , VT" -->
    <tag k="addr:city" v="South Londonderry"/>
    <tag k="addr:housenumber" v="184"/>
    <tag k="addr:street" v="Derry Lane"/>
    <tag k="addr:state" v="VT"/>
    <tag k="ref:vcgi:esiteid" v="141445"/>
  </node>
  <node id="-871" visible="true" lat="43.204099199396" lon="-72.765441371088">
    <!-- conflict: "98 Beech Road, Londonderry, VT" Fuzzy match to "98 Beech Road, , VT" -->
    <tag k="addr:city" v="Londonderry"/>
    <tag k="addr:housenumber" v="98"/>
    <tag k="addr:street" v="Beech Road"/>
    <tag k="addr:state" v="VT"/>
    <tag k="ref:vcgi:esiteid" v="141446"/>
  </node>
  <node id="-872" visible="true" lat="43.203911970634" lon="-72.83070496024">
    <!-- conflict: "2446 Winhall Hollow Road, South Londonderry, VT" Fuzzy match to "2446 Winhall Hollow Road, , VT" -->
    <tag k="addr:city" v="South Londonderry"/>
    <tag k="addr:housenumber" v="2446"/>
    <tag k="addr:street" v="Winhall Hollow Road"/>
    <tag k="addr:state" v="VT"/>
    <tag k="ref:vcgi:esiteid" v="141447"/>
  </node>
  <node id="-873" visible="true" lat="43.204007339206" lon="-72.783166186383">
    <!-- conflict: "2723 Thompsonburg Road, South Londonderry, VT" Fuzzy match to "2723 Thompsonburg Road, , VT" -->
    <tag k="addr:city" v="South Londonderry"/>
    <tag k="addr:housenumber" v="2723"/>
    <tag k="addr:street" v="Thompsonburg Road"/>
    <tag k="addr:state" v="VT"/>
    <tag k="ref:vcgi:esiteid" v="141448"/>
  </node>
  <node id="-874" visible="true" lat="43.204007770544" lon="-72.770004141344">
    <!-- conflict: "208 Magic Circle, Londonderry, VT" Fuzzy match to "208 Magic Circle, , VT" -->
    <tag k="addr:city" v="Londonderry"/>
    <tag k="addr:housenumber" v="208"/>
    <tag k="addr:street" v="Magic Circle"/>
    <tag k="addr:state" v="VT"/>
    <tag k="ref:vcgi:esiteid" v="141449"/>
  </node>
  <node id="-875" visible="true" lat="43.203951567907" lon="-72.77061868608">
    <!-- conflict: "5 Snow Drift Lane, Londonderry, VT" Fuzzy match to "5 Snow Drift Lane, , VT" -->
    <tag k="addr:city" v="Londonderry"/>
    <tag k="addr:housenumber" v="5"/>
    <tag k="addr:street" v="Snow Drift Lane"/>
    <tag k="addr:state" v="VT"/>
    <tag k="ref:vcgi:esiteid" v="141450"/>
  </node>
  <node id="-876" visible="true" lat="43.203835676174" lon="-72.828423770625">
    <!-- conflict: "172 Derry Lane, South Londonderry, VT" Fuzzy match to "172 Derry Lane, , VT" -->
    <tag k="addr:city" v="South Londonderry"/>
    <tag k="addr:housenumber" v="172"/>
    <tag k="addr:street" v="Derry Lane"/>
    <tag k="addr:state" v="VT"/>
    <tag k="ref:vcgi:esiteid" v="141451"/>
  </node>
  <node id="-877" visible="true" lat="43.203850917841" lon="-72.767465398564">
    <!-- conflict: "37 Maple Way, Londonderry, VT" Fuzzy match to "37 Maple Way, , VT" -->
    <tag k="addr:city" v="Londonderry"/>
    <tag k="addr:housenumber" v="37"/>
    <tag k="addr:street" v="Maple Way"/>
    <tag k="addr:state" v="VT"/>
    <tag k="ref:vcgi:esiteid" v="141452"/>
  </node>
  <node id="-878" visible="true" lat="43.204035206038" lon="-72.764793460594">
    <!-- conflict: "114 Beech Road, Londonderry, VT" Fuzzy match to "114 Beech Road, , VT" -->
    <tag k="addr:city" v="Londonderry"/>
    <tag k="addr:housenumber" v="114"/>
    <tag k="addr:street" v="Beech Road"/>
    <tag k="addr:state" v="VT"/>
    <tag k="ref:vcgi:esiteid" v="141453"/>
  </node>
  <node id="-879" visible="true" lat="43.203808895601" lon="-72.769318545279">
    <!-- conflict: "248 Magic Circle, Londonderry, VT" Fuzzy match to "248 Magic Circle, , VT" -->
    <tag k="addr:city" v="Londonderry"/>
    <tag k="addr:housenumber" v="248"/>
    <tag k="addr:street" v="Magic Circle"/>
    <tag k="addr:state" v="VT"/>
    <tag k="ref:vcgi:esiteid" v="141454"/>
  </node>
  <node id="-880" visible="true" lat="43.203776030862" lon="-72.770145646303">
    <!-- conflict: "210 Magic Circle, Londonderry, VT" Fuzzy match to "210 Magic Circle, , VT" -->
    <tag k="addr:city" v="Londonderry"/>
    <tag k="addr:housenumber" v="210"/>
    <tag k="addr:street" v="Magic Circle"/>
    <tag k="addr:state" v="VT"/>
    <tag k="ref:vcgi:esiteid" v="141455"/>
  </node>
  <node id="-881" visible="true" lat="43.2038041149" lon="-72.769684239749">
    <!-- conflict: "232 Magic Circle, Londonderry, VT" Fuzzy match to "232 Magic Circle, , VT" -->
    <tag k="addr:city" v="Londonderry"/>
    <tag k="addr:housenumber" v="232"/>
    <tag k="addr:street" v="Magic Circle"/>
    <tag k="addr:state" v="VT"/>
    <tag k="ref:vcgi:esiteid" v="141456"/>
  </node>
  <node id="-882" visible="true" lat="43.203583829104" lon="-72.768624268378">
    <!-- conflict: "278 Magic Circle, Londonderry, VT" Fuzzy match to "278 Magic Circle, , VT" -->
    <tag k="addr:city" v="Londonderry"/>
    <tag k="addr:housenumber" v="278"/>
    <tag k="addr:street" v="Magic Circle"/>
    <tag k="addr:state" v="VT"/>
    <tag k="ref:vcgi:esiteid" v="141457"/>
  </node>
  <node id="-883" visible="true" lat="43.20351903839" lon="-72.772661017237">
    <!-- conflict: "393 Magic Mountain Access Road, Londonderry, VT" Fuzzy match to "393 Magic Mountain Access Road, , VT" -->
    <tag k="addr:city" v="Londonderry"/>
    <tag k="addr:housenumber" v="393"/>
    <tag k="addr:street" v="Magic Mountain Access Road"/>
    <tag k="addr:state" v="VT"/>
    <tag k="ref:vcgi:esiteid" v="141458"/>
  </node>
  <node id="-884" visible="true" lat="43.20344655964" lon="-72.766328619989">
    <!-- conflict: "107 Maple Way, Londonderry, VT" Fuzzy match to "107 Maple Way, , VT" -->
    <tag k="addr:city" v="Londonderry"/>
    <tag k="addr:housenumber" v="107"/>
    <tag k="addr:street" v="Maple Way"/>
    <tag k="addr:state" v="VT"/>
    <tag k="ref:vcgi:esiteid" v="141459"/>
  </node>
  <node id="-885" visible="true" lat="43.20334731737" lon="-72.772942508754">
    <!-- conflict: "403 Magic Mountain Access Road, Londonderry, VT" Fuzzy match to "403 Magic Mountain Access Road, , VT" -->
    <tag k="addr:city" v="Londonderry"/>
    <tag k="addr:housenumber" v="403"/>
    <tag k="addr:street" v="Magic Mountain Access Road"/>
    <tag k="addr:state" v="VT"/>
    <tag k="ref:vcgi:esiteid" v="141460"/>
  </node>
  <node id="-886" visible="true" lat="43.203339747961" lon="-72.767640875913">
    <!-- conflict: "48 Maple Way, Londonderry, VT" Fuzzy match to "48 Maple Way, , VT" -->
    <tag k="addr:city" v="Londonderry"/>
    <tag k="addr:housenumber" v="48"/>
    <tag k="addr:street" v="Maple Way"/>
    <tag k="addr:state" v="VT"/>
    <tag k="ref:vcgi:esiteid" v="141461"/>
  </node>
  <node id="-887" visible="true" lat="43.203240585692" lon="-72.784409779752">
    <!-- conflict: "2667 Thompsonburg Road, South Londonderry, VT" Fuzzy match to "2667 Thompsonburg Road, , VT" -->
    <tag k="addr:city" v="South Londonderry"/>
    <tag k="addr:housenumber" v="2667"/>
    <tag k="addr:street" v="Thompsonburg Road"/>
    <tag k="addr:state" v="VT"/>
    <tag k="ref:vcgi:esiteid" v="141462"/>
  </node>
  <node id="-888" visible="true" lat="43.203057477302" lon="-72.82710388465">
    <!-- conflict: "112 Derry Lane, South Londonderry, VT" Fuzzy match to "112 Derry Lane, , VT" -->
    <tag k="addr:city" v="South Londonderry"/>
    <tag k="addr:housenumber" v="112"/>
    <tag k="addr:street" v="Derry Lane"/>
    <tag k="addr:state" v="VT"/>
    <tag k="ref:vcgi:esiteid" v="141463"/>
  </node>
  <node id="-889" visible="true" lat="43.203187100573" lon="-72.77027221887">
    <!-- conflict: "117 Snow Drift Lane, Londonderry, VT" Fuzzy match to "117 Snow Drift Lane, , VT" -->
    <tag k="addr:city" v="Londonderry"/>
    <tag k="addr:housenumber" v="117"/>
    <tag k="addr:street" v="Snow Drift Lane"/>
    <tag k="addr:state" v="VT"/>
    <tag k="ref:vcgi:esiteid" v="141464"/>
  </node>
  <node id="-890" visible="true" lat="43.203110885796" lon="-72.784867542584">
    <!-- conflict: "2643 Thompsonburg Road, South Londonderry, VT" Fuzzy match to "2643 Thompsonburg Road, , VT" -->
    <tag k="addr:city" v="South Londonderry"/>
    <tag k="addr:housenumber" v="2643"/>
    <tag k="addr:street" v="Thompsonburg Road"/>
    <tag k="addr:state" v="VT"/>
    <tag k="ref:vcgi:esiteid" v="141465"/>
  </node>
  <node id="-892" visible="true" lat="43.202799562222" lon="-72.820871696635">
    <!-- conflict: "3832 Vermont Route 100, South Londonderry, VT" Fuzzy match to "3832 Vermont Route 100, , VT" -->
    <tag k="addr:city" v="South Londonderry"/>
    <tag k="addr:housenumber" v="3832"/>
    <tag k="addr:street" v="Vermont Route 100"/>
    <tag k="addr:state" v="VT"/>
    <tag k="ref:vcgi:esiteid" v="141467"/>
  </node>
  <node id="-893" visible="true" lat="43.202778988004" lon="-72.772683907199">
    <!-- conflict: "441 Magic Mountain Access Road, Londonderry, VT" Fuzzy match to "441 Magic Mountain Access Road, , VT" -->
    <tag k="addr:city" v="Londonderry"/>
    <tag k="addr:housenumber" v="441"/>
    <tag k="addr:street" v="Magic Mountain Access Road"/>
    <tag k="addr:state" v="VT"/>
    <tag k="ref:vcgi:esiteid" v="141468"/>
  </node>
  <node id="-894" visible="true" lat="43.202706526177" lon="-72.787202137651">
    <!-- conflict: "2515 Thompsonburg Road, South Londonderry, VT" Fuzzy match to "2515 Thompsonburg Road, , VT" -->
    <tag k="addr:city" v="South Londonderry"/>
    <tag k="addr:housenumber" v="2515"/>
    <tag k="addr:street" v="Thompsonburg Road"/>
    <tag k="addr:state" v="VT"/>
    <tag k="ref:vcgi:esiteid" v="141469"/>
  </node>
  <node id="-895" visible="true" lat="43.202500531153" lon="-72.855790417598">
    <!-- conflict: "1027 Winhall Hollow Road, South Londonderry, VT" Fuzzy match to "1027 Winhall Hollow Road, , VT" -->
    <tag k="addr:city" v="South Londonderry"/>
    <tag k="addr:housenumber" v="1027"/>
    <tag k="addr:street" v="Winhall Hollow Road"/>
    <tag k="addr:state" v="VT"/>
    <tag k="ref:vcgi:esiteid" v="141470"/>
  </node>
  <node id="-896" visible="true" lat="43.202604753984" lon="-72.771418985748">
    <!-- conflict: "82 Mountain Side Condos Lane, Londonderry, VT" Fuzzy match to "82 Mountain Side Condos Lane, , VT" -->
    <tag k="addr:city" v="Londonderry"/>
    <tag k="addr:housenumber" v="82"/>
    <tag k="addr:street" v="Mountain Side Condos Lane"/>
    <tag k="addr:state" v="VT"/>
    <tag k="ref:vcgi:esiteid" v="141471"/>
  </node>
  <node id="-897" visible="true" lat="43.202519051434" lon="-72.771666764435">
    <!-- conflict: "70 Mountain Side Condos Lane, Londonderry, VT" Fuzzy match to "70 Mountain Side Condos Lane, , VT" -->
    <tag k="addr:city" v="Londonderry"/>
    <tag k="addr:housenumber" v="70"/>
    <tag k="addr:street" v="Mountain Side Condos Lane"/>
    <tag k="addr:state" v="VT"/>
    <tag k="ref:vcgi:esiteid" v="141472"/>
  </node>
  <node id="-898" visible="true" lat="43.202485983586" lon="-72.772413650061">
    <!-- conflict: "33 Mountain Side Condos Lane, Londonderry, VT" Fuzzy match to "33 Mountain Side Condos Lane, , VT" -->
    <tag k="addr:city" v="Londonderry"/>
    <tag k="addr:housenumber" v="33"/>
    <tag k="addr:street" v="Mountain Side Condos Lane"/>
    <tag k="addr:state" v="VT"/>
    <tag k="ref:vcgi:esiteid" v="141473"/>
  </node>
  <node id="-899" visible="true" lat="43.202513262962" lon="-72.772122627631">
    <!-- conflict: "49 Mountain Side Condos Lane, Londonderry, VT" Fuzzy match to "49 Mountain Side Condos Lane, , VT" -->
    <tag k="addr:city" v="Londonderry"/>
    <tag k="addr:housenumber" v="49"/>
    <tag k="addr:street" v="Mountain Side Condos Lane"/>
    <tag k="addr:state" v="VT"/>
    <tag k="ref:vcgi:esiteid" v="141474"/>
  </node>
  <node id="-900" visible="true" lat="43.202397052732" lon="-72.812936131249">
    <!-- conflict: "684 Middletown Road, South Londonderry, VT" Fuzzy match to "684 Middletown Road, , VT" -->
    <tag k="addr:city" v="South Londonderry"/>
    <tag k="addr:housenumber" v="684"/>
    <tag k="addr:street" v="Middletown Road"/>
    <tag k="addr:state" v="VT"/>
    <tag k="ref:vcgi:esiteid" v="141475"/>
  </node>
  <node id="-901" visible="true" lat="43.202325969933" lon="-72.771881461897">
    <!-- conflict: "54 Mountain Side Condos Lane, Londonderry, VT" Fuzzy match to "54 Mountain Side Condos Lane, , VT" -->
    <tag k="addr:city" v="Londonderry"/>
    <tag k="addr:housenumber" v="54"/>
    <tag k="addr:street" v="Mountain Side Condos Lane"/>
    <tag k="addr:state" v="VT"/>
    <tag k="ref:vcgi:esiteid" v="141476"/>
  </node>
  <node id="-902" visible="true" lat="43.202261601282" lon="-72.772756133352">
    <!-- conflict: "10 Mountain Side Condos Lane, Londonderry, VT" Fuzzy match to "10 Mountain Side Condos Lane, , VT" -->
    <tag k="addr:city" v="Londonderry"/>
    <tag k="addr:housenumber" v="10"/>
    <tag k="addr:street" v="Mountain Side Condos Lane"/>
    <tag k="addr:state" v="VT"/>
    <tag k="ref:vcgi:esiteid" v="141477"/>
  </node>
  <node id="-903" visible="true" lat="43.202061840795" lon="-72.856438915588">
    <!-- conflict: "963 Winhall Hollow Road, South Londonderry, VT" Fuzzy match to "963 Winhall Hollow Road, , VT" -->
    <tag k="addr:city" v="South Londonderry"/>
    <tag k="addr:housenumber" v="963"/>
    <tag k="addr:street" v="Winhall Hollow Road"/>
    <tag k="addr:state" v="VT"/>
    <tag k="ref:vcgi:esiteid" v="141478"/>
  </node>
  <node id="-904" visible="true" lat="43.202235175351" lon="-72.772399216833">
    <!-- conflict: "26 Mountain Side Condos Lane, Londonderry, VT" Fuzzy match to "26 Mountain Side Condos Lane, , VT" -->
    <tag k="addr:city" v="Londonderry"/>
    <tag k="addr:housenumber" v="26"/>
    <tag k="addr:street" v="Mountain Side Condos Lane"/>
    <tag k="addr:state" v="VT"/>
    <tag k="ref:vcgi:esiteid" v="141479"/>
  </node>
  <node id="-905" visible="true" lat="43.202161025039" lon="-72.814942625324">
    <!-- conflict: "653 Middletown Road, South Londonderry, VT" Fuzzy match to "653 Middletown Road, , VT" -->
    <tag k="addr:city" v="South Londonderry"/>
    <tag k="addr:housenumber" v="653"/>
    <tag k="addr:street" v="Middletown Road"/>
    <tag k="addr:state" v="VT"/>
    <tag k="ref:vcgi:esiteid" v="141480"/>
  </node>
  <node id="-906" visible="true" lat="43.201920696716" lon="-72.84255341366">
    <!-- conflict: "474 Horton Road, South Londonderry, VT" Fuzzy match to "474 Horton Road, , VT" -->
    <tag k="addr:city" v="South Londonderry"/>
    <tag k="addr:housenumber" v="474"/>
    <tag k="addr:street" v="Horton Road"/>
    <tag k="addr:state" v="VT"/>
    <tag k="ref:vcgi:esiteid" v="141481"/>
  </node>
  <node id="-908" visible="true" lat="43.201627351413" lon="-72.821176713619">
    <!-- conflict: "3752 Vermont Route 100, South Londonderry, VT" Fuzzy match to "3752 Vermont Route 100, , VT" -->
    <tag k="addr:city" v="South Londonderry"/>
    <tag k="addr:housenumber" v="3752"/>
    <tag k="addr:street" v="Vermont Route 100"/>
    <tag k="addr:state" v="VT"/>
    <tag k="ref:vcgi:esiteid" v="141483"/>
  </node>
  <node id="-909" visible="true" lat="43.201602256744" lon="-72.81997732079">
    <!-- conflict: "3814 Vermont Route 100, South Londonderry, VT" Fuzzy match to "3814 Vermont Route 100, , VT" -->
    <tag k="addr:city" v="South Londonderry"/>
    <tag k="addr:housenumber" v="3814"/>
    <tag k="addr:street" v="Vermont Route 100"/>
    <tag k="addr:state" v="VT"/>
    <tag k="ref:vcgi:esiteid" v="141484"/>
  </node>
  <node id="-910" visible="true" lat="43.201336971433" lon="-72.773240054613">
    <!-- conflict: "529 Magic Mountain Access Road, Londonderry, VT" Fuzzy match to "529 Magic Mountain Access Road, , VT" -->
    <tag k="addr:city" v="Londonderry"/>
    <tag k="addr:housenumber" v="529"/>
    <tag k="addr:street" v="Magic Mountain Access Road"/>
    <tag k="addr:state" v="VT"/>
    <tag k="ref:vcgi:esiteid" v="141486"/>
  </node>
  <node id="-911" visible="true" lat="43.201079465599" lon="-72.82038298287">
    <!-- conflict: "3702 Vermont Route 100, South Londonderry, VT" Fuzzy match to "3702 Vermont Route 100, , VT" -->
    <tag k="addr:city" v="South Londonderry"/>
    <tag k="addr:housenumber" v="3702"/>
    <tag k="addr:street" v="Vermont Route 100"/>
    <tag k="addr:state" v="VT"/>
    <tag k="ref:vcgi:esiteid" v="141487"/>
  </node>
  <node id="-912" visible="true" lat="43.201028060203" lon="-72.814759520892">
    <!-- conflict: "573 Middletown Road, South Londonderry, VT" Fuzzy match to "573 Middletown Road, , VT" -->
    <tag k="addr:city" v="South Londonderry"/>
    <tag k="addr:housenumber" v="573"/>
    <tag k="addr:street" v="Middletown Road"/>
    <tag k="addr:state" v="VT"/>
    <tag k="ref:vcgi:esiteid" v="141488"/>
  </node>
  <node id="-913" visible="true" lat="43.200806805444" lon="-72.859742446252">
    <!-- conflict: "775 Winhall Hollow Road, South Londonderry, VT" Fuzzy match to "775 Winhall Hollow Road, , VT" -->
    <tag k="addr:city" v="South Londonderry"/>
    <tag k="addr:housenumber" v="775"/>
    <tag k="addr:street" v="Winhall Hollow Road"/>
    <tag k="addr:state" v="VT"/>
    <tag k="ref:vcgi:esiteid" v="141489"/>
  </node>
  <node id="-914" visible="true" lat="43.200951687928" lon="-72.773598637002">
    <!-- conflict: "45 Trailside Condos Lane, Londonderry, VT" Fuzzy match to "45 Trailside Condos Lane, , VT" -->
    <tag k="addr:city" v="Londonderry"/>
    <tag k="addr:housenumber" v="45"/>
    <tag k="addr:street" v="Trailside Condos Lane"/>
    <tag k="addr:state" v="VT"/>
    <tag k="ref:vcgi:esiteid" v="141490"/>
  </node>
  <node id="-915" visible="true" lat="43.200669476303" lon="-72.859208388807">
    <!-- conflict: "777 Winhall Hollow Road, South Londonderry, VT" Fuzzy match to "777 Winhall Hollow Road, , VT" -->
    <tag k="addr:city" v="South Londonderry"/>
    <tag k="addr:housenumber" v="777"/>
    <tag k="addr:street" v="Winhall Hollow Road"/>
    <tag k="addr:state" v="VT"/>
    <tag k="ref:vcgi:esiteid" v="141491"/>
  </node>
  <node id="-916" visible="true" lat="43.200090034796" lon="-72.854723978408">
    <!-- conflict: "934 Winhall Hollow Road, South Londonderry, VT" Fuzzy match to "934 Winhall Hollow Road, , VT" -->
    <tag k="addr:city" v="South Londonderry"/>
    <tag k="addr:housenumber" v="934"/>
    <tag k="addr:street" v="Winhall Hollow Road"/>
    <tag k="addr:state" v="VT"/>
    <tag k="ref:vcgi:esiteid" v="141492"/>
  </node>
  <node id="-917" visible="true" lat="43.200444937389" lon="-72.794850312549">
    <!-- conflict: "2131 Thompsonburg Road, South Londonderry, VT" Fuzzy match to "2131 Thompsonburg Road, , VT" -->
    <tag k="addr:city" v="South Londonderry"/>
    <tag k="addr:housenumber" v="2131"/>
    <tag k="addr:street" v="Thompsonburg Road"/>
    <tag k="addr:state" v="VT"/>
    <tag k="ref:vcgi:esiteid" v="141493"/>
  </node>
  <node id="-918" visible="true" lat="43.200276586745" lon="-72.820890888018">
    <!-- conflict: "3648 Vermont Route 100, South Londonderry, VT" Fuzzy match to "3648 Vermont Route 100, , VT" -->
    <tag k="addr:city" v="South Londonderry"/>
    <tag k="addr:housenumber" v="3648"/>
    <tag k="addr:street" v="Vermont Route 100"/>
    <tag k="addr:state" v="VT"/>
    <tag k="ref:vcgi:esiteid" v="141494"/>
  </node>
  <node id="-919" visible="true" lat="43.200328200558" lon="-72.819393733679">
    <!-- conflict: "3568 Vermont Route 100, South Londonderry, VT" Fuzzy match to "3568 Vermont Route 100, , VT" -->
    <tag k="addr:city" v="South Londonderry"/>
    <tag k="addr:housenumber" v="3568"/>
    <tag k="addr:street" v="Vermont Route 100"/>
    <tag k="addr:state" v="VT"/>
    <tag k="ref:vcgi:esiteid" v="141495"/>
  </node>
  <node id="-920" visible="true" lat="43.20041000105" lon="-72.773171389462">
    <!-- conflict: "85 Trailside Condos Lane, Londonderry, VT" Fuzzy match to "85 Trailside Condos Lane, , VT" -->
    <tag k="addr:city" v="Londonderry"/>
    <tag k="addr:housenumber" v="85"/>
    <tag k="addr:street" v="Trailside Condos Lane"/>
    <tag k="addr:state" v="VT"/>
    <tag k="ref:vcgi:esiteid" v="141496"/>
  </node>
  <node id="-921" visible="true" lat="43.200276563218" lon="-72.821145326045">
    <!-- conflict: "3650 Vermont Route 100, South Londonderry, VT" Fuzzy match to "3650 Vermont Route 100, , VT" -->
    <tag k="addr:city" v="South Londonderry"/>
    <tag k="addr:housenumber" v="3650"/>
    <tag k="addr:street" v="Vermont Route 100"/>
    <tag k="addr:state" v="VT"/>
    <tag k="ref:vcgi:esiteid" v="141497"/>
  </node>
  <node id="-922" visible="true" lat="43.200070570654" lon="-72.814347532875">
    <!-- conflict: "475 Middletown Road, South Londonderry, VT" Fuzzy match to "475 Middletown Road, , VT" -->
    <tag k="addr:city" v="South Londonderry"/>
    <tag k="addr:housenumber" v="475"/>
    <tag k="addr:street" v="Middletown Road"/>
    <tag k="addr:state" v="VT"/>
    <tag k="ref:vcgi:esiteid" v="141498"/>
  </node>
  <node id="-923" visible="true" lat="43.199990444278" lon="-72.773073006108">
    <!-- conflict: "113 Trailside Condos Lane, Londonderry, VT" Fuzzy match to "113 Trailside Condos Lane, , VT" -->
    <tag k="addr:city" v="Londonderry"/>
    <tag k="addr:housenumber" v="113"/>
    <tag k="addr:street" v="Trailside Condos Lane"/>
    <tag k="addr:state" v="VT"/>
    <tag k="ref:vcgi:esiteid" v="141500"/>
  </node>
  <node id="-924" visible="true" lat="43.199834059662" lon="-72.78960539806">
    <!-- conflict: "2305 Thompsonburg Road, South Londonderry, VT" Fuzzy match to "2305 Thompsonburg Road, , VT" -->
    <tag k="addr:city" v="South Londonderry"/>
    <tag k="addr:housenumber" v="2305"/>
    <tag k="addr:street" v="Thompsonburg Road"/>
    <tag k="addr:state" v="VT"/>
    <tag k="ref:vcgi:esiteid" v="141501"/>
  </node>
  <node id="-925" visible="true" lat="43.19964283904" lon="-72.813607518397">
    <!-- conflict: "482 Middletown Road, South Londonderry, VT" Fuzzy match to "482 Middletown Road, , VT" -->
    <tag k="addr:city" v="South Londonderry"/>
    <tag k="addr:housenumber" v="482"/>
    <tag k="addr:street" v="Middletown Road"/>
    <tag k="addr:state" v="VT"/>
    <tag k="ref:vcgi:esiteid" v="141503"/>
  </node>
  <node id="-926" visible="true" lat="43.199518532644" lon="-72.820634105731">
    <!-- conflict: "3590 Vermont Route 100, South Londonderry, VT" Fuzzy match to "3590 Vermont Route 100, , VT" -->
    <tag k="addr:city" v="South Londonderry"/>
    <tag k="addr:housenumber" v="3590"/>
    <tag k="addr:street" v="Vermont Route 100"/>
    <tag k="addr:state" v="VT"/>
    <tag k="ref:vcgi:esiteid" v="141504"/>
  </node>
  <node id="-927" visible="true" lat="43.199086377605" lon="-72.813988950712">
    <!-- conflict: "445 Middletown Road, South Londonderry, VT" Fuzzy match to "445 Middletown Road, , VT" -->
    <tag k="addr:city" v="South Londonderry"/>
    <tag k="addr:housenumber" v="445"/>
    <tag k="addr:street" v="Middletown Road"/>
    <tag k="addr:state" v="VT"/>
    <tag k="ref:vcgi:esiteid" v="141505"/>
  </node>
  <node id="-928" visible="true" lat="43.19904090298" lon="-72.782316516898">
    <!-- conflict: "341 Under The Mountain Road, South Londonderry, VT" Fuzzy match to "341 Under The Mountain Road, , VT" -->
    <tag k="addr:city" v="South Londonderry"/>
    <tag k="addr:housenumber" v="341"/>
    <tag k="addr:street" v="Under The Mountain Road"/>
    <tag k="addr:state" v="VT"/>
    <tag k="ref:vcgi:esiteid" v="141506"/>
  </node>
  <node id="-929" visible="true" lat="43.198898973879" lon="-72.792756372992">
    <!-- conflict: "2115 Thompsonburg Road, South Londonderry, VT" Fuzzy match to "2115 Thompsonburg Road, , VT" -->
    <tag k="addr:city" v="South Londonderry"/>
    <tag k="addr:housenumber" v="2115"/>
    <tag k="addr:street" v="Thompsonburg Road"/>
    <tag k="addr:state" v="VT"/>
    <tag k="ref:vcgi:esiteid" v="141507"/>
  </node>
  <node id="-930" visible="true" lat="43.198729549361" lon="-72.82011888149">
    <!-- conflict: "3528 Vermont Route 100, South Londonderry, VT" Fuzzy match to "3528 Vermont Route 100, , VT" -->
    <tag k="addr:city" v="South Londonderry"/>
    <tag k="addr:housenumber" v="3528"/>
    <tag k="addr:street" v="Vermont Route 100"/>
    <tag k="addr:state" v="VT"/>
    <tag k="ref:vcgi:esiteid" v="141508"/>
  </node>
  <node id="-931" visible="true" lat="43.198811235771" lon="-72.81369907138">
    <!-- conflict: "400 Middletown Road, South Londonderry, VT" Fuzzy match to "400 Middletown Road, , VT" -->
    <tag k="addr:city" v="South Londonderry"/>
    <tag k="addr:housenumber" v="400"/>
    <tag k="addr:street" v="Middletown Road"/>
    <tag k="addr:state" v="VT"/>
    <tag k="ref:vcgi:esiteid" v="141509"/>
  </node>
  <node id="-932" visible="true" lat="43.198712439511" lon="-72.820597473818">
    <!-- conflict: "3545 Vermont Route 100, South Londonderry, VT" Fuzzy match to "3545 Vermont Route 100, , VT" -->
    <tag k="addr:city" v="South Londonderry"/>
    <tag k="addr:housenumber" v="3545"/>
    <tag k="addr:street" v="Vermont Route 100"/>
    <tag k="addr:state" v="VT"/>
    <tag k="ref:vcgi:esiteid" v="141510"/>
  </node>
  <node id="-933" visible="true" lat="43.198658648936" lon="-72.793320949505">
    <!-- conflict: "2103 Thompsonburg Road, South Londonderry, VT" Fuzzy match to "2103 Thompsonburg Road, , VT" -->
    <tag k="addr:city" v="South Londonderry"/>
    <tag k="addr:housenumber" v="2103"/>
    <tag k="addr:street" v="Thompsonburg Road"/>
    <tag k="addr:state" v="VT"/>
    <tag k="ref:vcgi:esiteid" v="141511"/>
  </node>
  <node id="-934" visible="true" lat="43.198388287663" lon="-72.814164426768">
    <!-- conflict: "395 Middletown Road, South Londonderry, VT" Fuzzy match to "395 Middletown Road, , VT" -->
    <tag k="addr:city" v="South Londonderry"/>
    <tag k="addr:housenumber" v="395"/>
    <tag k="addr:street" v="Middletown Road"/>
    <tag k="addr:state" v="VT"/>
    <tag k="ref:vcgi:esiteid" v="141512"/>
  </node>
  <node id="-935" visible="true" lat="43.198410692217" lon="-72.805093109215">
    <!-- conflict: "452 Carley Lane, South Londonderry, VT" Fuzzy match to "452 Carley Lane, , VT" -->
    <tag k="addr:city" v="South Londonderry"/>
    <tag k="addr:housenumber" v="452"/>
    <tag k="addr:street" v="Carley Lane"/>
    <tag k="addr:state" v="VT"/>
    <tag k="ref:vcgi:esiteid" v="141513"/>
  </node>
  <node id="-936" visible="true" lat="43.198176054334" lon="-72.822308530797">
    <!-- conflict: "3007 Winhall Hollow Road, South Londonderry, VT" Fuzzy match to "3007 Winhall Hollow Road, , VT" -->
    <tag k="addr:city" v="South Londonderry"/>
    <tag k="addr:housenumber" v="3007"/>
    <tag k="addr:street" v="Winhall Hollow Road"/>
    <tag k="addr:state" v="VT"/>
    <tag k="ref:vcgi:esiteid" v="141514"/>
  </node>
  <node id="-937" visible="true" lat="43.197974616632" lon="-72.818188748997">
    <!-- conflict: "3452 Vermont Route 100, South Londonderry, VT" Fuzzy match to "3452 Vermont Route 100, , VT" -->
    <tag k="addr:city" v="South Londonderry"/>
    <tag k="addr:housenumber" v="3452"/>
    <tag k="addr:street" v="Vermont Route 100"/>
    <tag k="addr:state" v="VT"/>
    <tag k="ref:vcgi:esiteid" v="141515"/>
  </node>
  <node id="-938" visible="true" lat="43.197453201856" lon="-72.811875645623">
    <!-- conflict: "374 Middletown Road, South Londonderry, VT" Fuzzy match to "374 Middletown Road, , VT" -->
    <tag k="addr:city" v="South Londonderry"/>
    <tag k="addr:housenumber" v="374"/>
    <tag k="addr:street" v="Middletown Road"/>
    <tag k="addr:state" v="VT"/>
    <tag k="ref:vcgi:esiteid" v="141516"/>
  </node>
  <node id="-939" visible="true" lat="43.197058478878" lon="-72.794212459811">
    <!-- conflict: "1997 Thompsonburg Road, South Londonderry, VT" Fuzzy match to "1997 Thompsonburg Road, , VT" -->
    <tag k="addr:city" v="South Londonderry"/>
    <tag k="addr:housenumber" v="1997"/>
    <tag k="addr:street" v="Thompsonburg Road"/>
    <tag k="addr:state" v="VT"/>
    <tag k="ref:vcgi:esiteid" v="141517"/>
  </node>
  <node id="-940" visible="true" lat="43.196981949447" lon="-72.818734561314">
    <!-- conflict: "3389 Vermont Route 100, South Londonderry, VT" Fuzzy match to "3389 Vermont Route 100, , VT" -->
    <tag k="addr:city" v="South Londonderry"/>
    <tag k="addr:housenumber" v="3389"/>
    <tag k="addr:street" v="Vermont Route 100"/>
    <tag k="addr:state" v="VT"/>
    <tag k="ref:vcgi:esiteid" v="141518"/>
  </node>
  <node id="-941" visible="true" lat="43.196951294641" lon="-72.805778641366">
    <!-- conflict: "66 Crazy Grouse Lane, South Londonderry, VT" Fuzzy match to "66 Crazy Grouse Lane, , VT" -->
    <tag k="addr:city" v="South Londonderry"/>
    <tag k="addr:housenumber" v="66"/>
    <tag k="addr:street" v="Crazy Grouse Lane"/>
    <tag k="addr:state" v="VT"/>
    <tag k="ref:vcgi:esiteid" v="141519"/>
  </node>
  <node id="-942" visible="true" lat="43.196874504086" lon="-72.816439375202">
    <!-- conflict: "3310 Vermont Route 100, South Londonderry, VT" Fuzzy match to "3310 Vermont Route 100, , VT" -->
    <tag k="addr:city" v="South Londonderry"/>
    <tag k="addr:housenumber" v="3310"/>
    <tag k="addr:street" v="Vermont Route 100"/>
    <tag k="addr:state" v="VT"/>
    <tag k="ref:vcgi:esiteid" v="141520"/>
  </node>
  <node id="-943" visible="true" lat="43.196839520348" lon="-72.822510988776">
    <!-- conflict: "3066 Winhall Hollow Road, South Londonderry, VT" Fuzzy match to "3066 Winhall Hollow Road, , VT" -->
    <tag k="addr:city" v="South Londonderry"/>
    <tag k="addr:housenumber" v="3066"/>
    <tag k="addr:street" v="Winhall Hollow Road"/>
    <tag k="addr:state" v="VT"/>
    <tag k="ref:vcgi:esiteid" v="141521"/>
  </node>
  <node id="-944" visible="true" lat="43.196679301977" lon="-72.86216859206">
    <!-- conflict: "2643 Spring Hill Road, South Londonderry, VT" Fuzzy match to "2643 Spring Hill Road, Londonderry, VT" -->
    <tag k="addr:city" v="South Londonderry"/>
    <tag k="addr:housenumber" v="2643"/>
    <tag k="addr:street" v="Spring Hill Road"/>
    <tag k="addr:state" v="VT"/>
    <tag k="ref:vcgi:esiteid" v="141522"/>
  </node>
  <node id="-945" visible="true" lat="43.19675941144" lon="-72.824647218141">
    <!-- conflict: "3020 Winhall Hollow Road, South Londonderry, VT" Fuzzy match to "3020 Winhall Hollow Road, , VT" -->
    <tag k="addr:city" v="South Londonderry"/>
    <tag k="addr:housenumber" v="3020"/>
    <tag k="addr:street" v="Winhall Hollow Road"/>
    <tag k="addr:state" v="VT"/>
    <tag k="ref:vcgi:esiteid" v="141523"/>
  </node>
  <node id="-946" visible="true" lat="43.196572491025" lon="-72.821114807744">
    <!-- conflict: "3133 Winhall Hollow Road, South Londonderry, VT" Fuzzy match to "3133 Winhall Hollow Road, , VT" -->
    <tag k="addr:city" v="South Londonderry"/>
    <tag k="addr:housenumber" v="3133"/>
    <tag k="addr:street" v="Winhall Hollow Road"/>
    <tag k="addr:state" v="VT"/>
    <tag k="ref:vcgi:esiteid" v="141524"/>
  </node>
  <node id="-947" visible="true" lat="43.19670487824" lon="-72.817754340755">
    <!-- conflict: "3326 Vermont Route 100, South Londonderry, VT" Fuzzy match to "3326 Vermont Route 100, , VT" -->
    <tag k="addr:city" v="South Londonderry"/>
    <tag k="addr:housenumber" v="3326"/>
    <tag k="addr:street" v="Vermont Route 100"/>
    <tag k="addr:state" v="VT"/>
    <tag k="ref:vcgi:esiteid" v="141525"/>
  </node>
  <node id="-948" visible="true" lat="43.196528694347" lon="-72.816301468654">
    <!-- conflict: "3308 Vermont Route 100, South Londonderry, VT" Fuzzy match to "3308 Vermont Route 100, , VT" -->
    <tag k="addr:city" v="South Londonderry"/>
    <tag k="addr:housenumber" v="3308"/>
    <tag k="addr:street" v="Vermont Route 100"/>
    <tag k="addr:state" v="VT"/>
    <tag k="ref:vcgi:esiteid" v="141526"/>
  </node>
  <node id="-949" visible="true" lat="43.196484753471" lon="-72.817345885767">
    <!-- conflict: "3316 Vermont Route 100, South Londonderry, VT" Fuzzy match to "3316 Vermont Route 100, , VT" -->
    <tag k="addr:city" v="South Londonderry"/>
    <tag k="addr:housenumber" v="3316"/>
    <tag k="addr:street" v="Vermont Route 100"/>
    <tag k="addr:state" v="VT"/>
    <tag k="ref:vcgi:esiteid" v="141527"/>
  </node>
  <node id="-950" visible="true" lat="43.196176705626" lon="-72.816456643453">
    <!-- conflict: "3272 Vermont Route 100, South Londonderry, VT" Fuzzy match to "3272 Vermont Route 100, , VT" -->
    <tag k="addr:city" v="South Londonderry"/>
    <tag k="addr:housenumber" v="3272"/>
    <tag k="addr:street" v="Vermont Route 100"/>
    <tag k="addr:state" v="VT"/>
    <tag k="ref:vcgi:esiteid" v="141528"/>
  </node>
  <node id="-951" visible="true" lat="43.19623298351" lon="-72.821419983248">
    <!-- conflict: "3132 Winhall Hollow Road, South Londonderry, VT" Fuzzy match to "3132 Winhall Hollow Road, , VT" -->
    <tag k="addr:city" v="South Londonderry"/>
    <tag k="addr:housenumber" v="3132"/>
    <tag k="addr:street" v="Winhall Hollow Road"/>
    <tag k="addr:state" v="VT"/>
    <tag k="ref:vcgi:esiteid" v="141529"/>
  </node>
  <node id="-952" visible="true" lat="43.196206280006" lon="-72.823525698057">
    <!-- conflict: "387 Tuttle Hill, South Londonderry, VT" Fuzzy match to "387 Tuttle Hill, , VT" -->
    <tag k="addr:city" v="South Londonderry"/>
    <tag k="addr:housenumber" v="387"/>
    <tag k="addr:street" v="Tuttle Hill"/>
    <tag k="addr:state" v="VT"/>
    <tag k="ref:vcgi:esiteid" v="141530"/>
  </node>
  <node id="-953" visible="true" lat="43.196137837709" lon="-72.81701894092">
    <!-- conflict: "3292 Vermont Route 100, South Londonderry, VT" Fuzzy match to "3292 Vermont Route 100, , VT" -->
    <tag k="addr:city" v="South Londonderry"/>
    <tag k="addr:housenumber" v="3292"/>
    <tag k="addr:street" v="Vermont Route 100"/>
    <tag k="addr:state" v="VT"/>
    <tag k="ref:vcgi:esiteid" v="141531"/>
  </node>
  <node id="-954" visible="true" lat="43.196077349687" lon="-72.81401733595">
    <!-- conflict: "247 Middletown Road, South Londonderry, VT" Fuzzy match to "247 Middletown Road, , VT" -->
    <tag k="addr:city" v="South Londonderry"/>
    <tag k="addr:housenumber" v="247"/>
    <tag k="addr:street" v="Middletown Road"/>
    <tag k="addr:state" v="VT"/>
    <tag k="ref:vcgi:esiteid" v="141532"/>
  </node>
  <node id="-955" visible="true" lat="43.196030805805" lon="-72.793191215852">
    <!-- conflict: "1966 Thompsonburg Road, South Londonderry, VT" Fuzzy match to "1966 Thompsonburg Road, , VT" -->
    <tag k="addr:city" v="South Londonderry"/>
    <tag k="addr:housenumber" v="1966"/>
    <tag k="addr:street" v="Thompsonburg Road"/>
    <tag k="addr:state" v="VT"/>
    <tag k="ref:vcgi:esiteid" v="141533"/>
  </node>
  <node id="-956" visible="true" lat="43.195912549497" lon="-72.822259217852">
    <!-- conflict: "378 Tuttle Hill, South Londonderry, VT" Fuzzy match to "378 Tuttle Hill, , VT" -->
    <tag k="addr:city" v="South Londonderry"/>
    <tag k="addr:housenumber" v="378"/>
    <tag k="addr:street" v="Tuttle Hill"/>
    <tag k="addr:state" v="VT"/>
    <tag k="ref:vcgi:esiteid" v="141534"/>
  </node>
  <node id="-957" visible="true" lat="43.195931138202" lon="-72.804734528105">
    <!-- conflict: "145 Crazy Grouse Lane, South Londonderry, VT" Fuzzy match to "145 Crazy Grouse Lane, , VT" -->
    <tag k="addr:city" v="South Londonderry"/>
    <tag k="addr:housenumber" v="145"/>
    <tag k="addr:street" v="Crazy Grouse Lane"/>
    <tag k="addr:state" v="VT"/>
    <tag k="ref:vcgi:esiteid" v="141535"/>
  </node>
  <node id="-958" visible="true" lat="43.195748517298" lon="-72.820756226324">
    <!-- conflict: "3156 Winhall Hollow Road, South Londonderry, VT" Fuzzy match to "3156 Winhall Hollow Road, , VT" -->
    <tag k="addr:city" v="South Londonderry"/>
    <tag k="addr:housenumber" v="3156"/>
    <tag k="addr:street" v="Winhall Hollow Road"/>
    <tag k="addr:state" v="VT"/>
    <tag k="ref:vcgi:esiteid" v="141536"/>
  </node>
  <node id="-959" visible="true" lat="43.19573707292" lon="-72.814049985089">
    <!-- conflict: "213 Middletown Road, South Londonderry, VT" Fuzzy match to "213 Middletown Road, , VT" -->
    <tag k="addr:city" v="South Londonderry"/>
    <tag k="addr:housenumber" v="213"/>
    <tag k="addr:street" v="Middletown Road"/>
    <tag k="addr:state" v="VT"/>
    <tag k="ref:vcgi:esiteid" v="141537"/>
  </node>
  <node id="-960" visible="true" lat="43.195485302319" lon="-72.82206848216">
    <!-- conflict: "376 Tuttle Hill, South Londonderry, VT" Fuzzy match to "376 Tuttle Hill, , VT" -->
    <tag k="addr:city" v="South Londonderry"/>
    <tag k="addr:housenumber" v="376"/>
    <tag k="addr:street" v="Tuttle Hill"/>
    <tag k="addr:state" v="VT"/>
    <tag k="ref:vcgi:esiteid" v="141538"/>
  </node>
  <node id="-961" visible="true" lat="43.195462413847" lon="-72.823563844267">
    <!-- conflict: "363 Tuttle Hill, South Londonderry, VT" Fuzzy match to "363 Tuttle Hill, , VT" -->
    <tag k="addr:city" v="South Londonderry"/>
    <tag k="addr:housenumber" v="363"/>
    <tag k="addr:street" v="Tuttle Hill"/>
    <tag k="addr:state" v="VT"/>
    <tag k="ref:vcgi:esiteid" v="141539"/>
  </node>
  <node id="-962" visible="true" lat="43.195412823354" lon="-72.816056517532">
    <!-- conflict: "3222 Vermont Route 100, South Londonderry, VT" Fuzzy match to "3222 Vermont Route 100, , VT" -->
    <tag k="addr:city" v="South Londonderry"/>
    <tag k="addr:housenumber" v="3222"/>
    <tag k="addr:street" v="Vermont Route 100"/>
    <tag k="addr:state" v="VT"/>
    <tag k="ref:vcgi:esiteid" v="141540"/>
  </node>
  <node id="-963" visible="true" lat="43.195244976067" lon="-72.850480356776">
    <!-- conflict: "770 Livermore Mills Road, South Londonderry, VT" Fuzzy match to "770 Livermore Mills Road, , VT" -->
    <tag k="addr:city" v="South Londonderry"/>
    <tag k="addr:housenumber" v="770"/>
    <tag k="addr:street" v="Livermore Mills Road"/>
    <tag k="addr:state" v="VT"/>
    <tag k="ref:vcgi:esiteid" v="141541"/>
  </node>
  <node id="-964" visible="true" lat="43.195317455783" lon="-72.822556764113">
    <!-- conflict: "350 Tuttle Hill, South Londonderry, VT" Fuzzy match to "350 Tuttle Hill, , VT" -->
    <tag k="addr:city" v="South Londonderry"/>
    <tag k="addr:housenumber" v="350"/>
    <tag k="addr:street" v="Tuttle Hill"/>
    <tag k="addr:state" v="VT"/>
    <tag k="ref:vcgi:esiteid" v="141542"/>
  </node>
  <node id="-965" visible="true" lat="43.194566888232" lon="-72.782636418104">
    <!-- conflict: "590 Under The Mountain Road, South Londonderry, VT" Fuzzy match to "590 Under The Mountain Road, , VT" -->
    <tag k="addr:city" v="South Londonderry"/>
    <tag k="addr:housenumber" v="590"/>
    <tag k="addr:street" v="Under The Mountain Road"/>
    <tag k="addr:state" v="VT"/>
    <tag k="ref:vcgi:esiteid" v="141543"/>
  </node>
  <node id="-966" visible="true" lat="43.19535511922" lon="-72.796807584552">
    <!-- conflict: "1797 Thompsonburg Road, South Londonderry, VT" Fuzzy match to "1797 Thompsonburg Road, , VT" -->
    <tag k="addr:city" v="South Londonderry"/>
    <tag k="addr:housenumber" v="1797"/>
    <tag k="addr:street" v="Thompsonburg Road"/>
    <tag k="addr:state" v="VT"/>
    <tag k="ref:vcgi:esiteid" v="141544"/>
  </node>
  <node id="-967" visible="true" lat="43.19516105297" lon="-72.819710998445">
    <!-- conflict: "3210 Winhall Hollow Road, South Londonderry, VT" Fuzzy match to "3210 Winhall Hollow Road, , VT" -->
    <tag k="addr:city" v="South Londonderry"/>
    <tag k="addr:housenumber" v="3210"/>
    <tag k="addr:street" v="Winhall Hollow Road"/>
    <tag k="addr:state" v="VT"/>
    <tag k="ref:vcgi:esiteid" v="141545"/>
  </node>
  <node id="-968" visible="true" lat="43.195145793848" lon="-72.821259766106">
    <!-- conflict: "106 Tuttle Hill, South Londonderry, VT" Fuzzy match to "106 Tuttle Hill, , VT" -->
    <tag k="addr:city" v="South Londonderry"/>
    <tag k="addr:housenumber" v="106"/>
    <tag k="addr:street" v="Tuttle Hill"/>
    <tag k="addr:state" v="VT"/>
    <tag k="ref:vcgi:esiteid" v="141546"/>
  </node>
  <node id="-969" visible="true" lat="43.195069501834" lon="-72.815888671045">
    <!-- conflict: "3198 Vermont Route 100, South Londonderry, VT" Fuzzy match to "3198 Vermont Route 100, , VT" -->
    <tag k="addr:city" v="South Londonderry"/>
    <tag k="addr:housenumber" v="3198"/>
    <tag k="addr:street" v="Vermont Route 100"/>
    <tag k="addr:state" v="VT"/>
    <tag k="ref:vcgi:esiteid" v="141547"/>
  </node>
  <node id="-970" visible="true" lat="43.194964963237" lon="-72.814035624565">
    <!-- conflict: "157 Middletown Road, South Londonderry, VT" Fuzzy match to "157 Middletown Road, , VT" -->
    <tag k="addr:city" v="South Londonderry"/>
    <tag k="addr:housenumber" v="157"/>
    <tag k="addr:street" v="Middletown Road"/>
    <tag k="addr:state" v="VT"/>
    <tag k="ref:vcgi:esiteid" v="141548"/>
  </node>
  <node id="-971" visible="true" lat="43.1947795827" lon="-72.814309384554">
    <!-- conflict: "139 Middletown Road, South Londonderry, VT" Fuzzy match to "139 Middletown Road, , VT" -->
    <tag k="addr:city" v="South Londonderry"/>
    <tag k="addr:housenumber" v="139"/>
    <tag k="addr:street" v="Middletown Road"/>
    <tag k="addr:state" v="VT"/>
    <tag k="ref:vcgi:esiteid" v="141549"/>
  </node>
  <node id="-972" visible="true" lat="43.194741436387" lon="-72.822465210495">
    <!-- conflict: "294 Tuttle Hill, South Londonderry, VT" Fuzzy match to "294 Tuttle Hill, , VT" -->
    <tag k="addr:city" v="South Londonderry"/>
    <tag k="addr:housenumber" v="294"/>
    <tag k="addr:street" v="Tuttle Hill"/>
    <tag k="addr:state" v="VT"/>
    <tag k="ref:vcgi:esiteid" v="141550"/>
  </node>
  <node id="-973" visible="true" lat="43.194656249871" lon="-72.816019563188">
    <!-- conflict: "3178 Vermont Route 100, South Londonderry, VT" Fuzzy match to "3178 Vermont Route 100, , VT" -->
    <tag k="addr:city" v="South Londonderry"/>
    <tag k="addr:housenumber" v="3178"/>
    <tag k="addr:street" v="Vermont Route 100"/>
    <tag k="addr:state" v="VT"/>
    <tag k="ref:vcgi:esiteid" v="141551"/>
  </node>
  <node id="-974" visible="true" lat="43.1947218791" lon="-72.797906216206">
    <!-- conflict: "1707 Thompsonburg Road, South Londonderry, VT" Fuzzy match to "1707 Thompsonburg Road, , VT" -->
    <tag k="addr:city" v="South Londonderry"/>
    <tag k="addr:housenumber" v="1707"/>
    <tag k="addr:street" v="Thompsonburg Road"/>
    <tag k="addr:state" v="VT"/>
    <tag k="ref:vcgi:esiteid" v="141552"/>
  </node>
  <node id="-975" visible="true" lat="43.194550702857" lon="-72.82124450744">
    <!-- conflict: "222 Tuttle Hill, South Londonderry, VT" Fuzzy match to "222 Tuttle Hill, , VT" -->
    <tag k="addr:city" v="South Londonderry"/>
    <tag k="addr:housenumber" v="222"/>
    <tag k="addr:street" v="Tuttle Hill"/>
    <tag k="addr:state" v="VT"/>
    <tag k="ref:vcgi:esiteid" v="141553"/>
  </node>
  <node id="-976" visible="true" lat="43.194428630474" lon="-72.860192579609">
    <!-- conflict: "2455 Spring Hill Road, South Londonderry, VT" Fuzzy match to "2455 Spring Hill Road, , VT" -->
    <tag k="addr:city" v="South Londonderry"/>
    <tag k="addr:housenumber" v="2455"/>
    <tag k="addr:street" v="Spring Hill Road"/>
    <tag k="addr:state" v="VT"/>
    <tag k="ref:vcgi:esiteid" v="141554"/>
  </node>
  <node id="-977" visible="true" lat="43.194527812114" lon="-72.823365479815">
    <!-- conflict: "317 Tuttle Hill, South Londonderry, VT" Fuzzy match to "317 Tuttle Hill, , VT" -->
    <tag k="addr:city" v="South Londonderry"/>
    <tag k="addr:housenumber" v="317"/>
    <tag k="addr:street" v="Tuttle Hill"/>
    <tag k="addr:state" v="VT"/>
    <tag k="ref:vcgi:esiteid" v="141555"/>
  </node>
  <node id="-978" visible="true" lat="43.194405742754" lon="-72.816048887946">
    <!-- conflict: "5 Crescent Street, South Londonderry, VT" Fuzzy match to "5 Crescent Street, , VT" -->
    <tag k="addr:city" v="South Londonderry"/>
    <tag k="addr:housenumber" v="5"/>
    <tag k="addr:street" v="Crescent Street"/>
    <tag k="addr:state" v="VT"/>
    <tag k="ref:vcgi:esiteid" v="141557"/>
  </node>
  <node id="-979" visible="true" lat="43.194393815691" lon="-72.813782993008">
    <!-- conflict: "122 Middletown Road, South Londonderry, VT" Fuzzy match to "122 Middletown Road, , VT" -->
    <tag k="addr:city" v="South Londonderry"/>
    <tag k="addr:housenumber" v="122"/>
    <tag k="addr:street" v="Middletown Road"/>
    <tag k="addr:state" v="VT"/>
    <tag k="ref:vcgi:esiteid" v="141558"/>
  </node>
  <node id="-980" visible="true" lat="43.194382370659" lon="-72.812691990366">
    <!-- conflict: "192 Middletown Road, South Londonderry, VT" Fuzzy match to "192 Middletown Road, , VT" -->
    <tag k="addr:city" v="South Londonderry"/>
    <tag k="addr:housenumber" v="192"/>
    <tag k="addr:street" v="Middletown Road"/>
    <tag k="addr:state" v="VT"/>
    <tag k="ref:vcgi:esiteid" v="141559"/>
  </node>
  <node id="-981" visible="true" lat="43.194684352268" lon="-72.794253900956">
    <!-- conflict: "1832 Thompsonburg Road, South Londonderry, VT" Fuzzy match to "1832 Thompsonburg Road, , VT" -->
    <tag k="addr:city" v="South Londonderry"/>
    <tag k="addr:housenumber" v="1832"/>
    <tag k="addr:street" v="Thompsonburg Road"/>
    <tag k="addr:state" v="VT"/>
    <tag k="ref:vcgi:esiteid" v="141560"/>
  </node>
  <node id="-982" visible="true" lat="43.194260784114" lon="-72.823029786702">
    <!-- conflict: "287 Tuttle Hill, South Londonderry, VT" Fuzzy match to "287 Tuttle Hill, , VT" -->
    <tag k="addr:city" v="South Londonderry"/>
    <tag k="addr:housenumber" v="287"/>
    <tag k="addr:street" v="Tuttle Hill"/>
    <tag k="addr:state" v="VT"/>
    <tag k="ref:vcgi:esiteid" v="141561"/>
  </node>
  <node id="-983" visible="true" lat="43.194163489579" lon="-72.81506147754">
    <!-- conflict: "65 Crescent Street, South Londonderry, VT" Fuzzy match to "65 Crescent Street, , VT" -->
    <tag k="addr:city" v="South Londonderry"/>
    <tag k="addr:housenumber" v="65"/>
    <tag k="addr:street" v="Crescent Street"/>
    <tag k="addr:state" v="VT"/>
    <tag k="ref:vcgi:esiteid" v="141562"/>
  </node>
  <node id="-984" visible="true" lat="43.194088386964" lon="-72.813191949705">
    <!-- conflict: "86 Middletown Road, South Londonderry, VT" Fuzzy match to "86 Middletown Road, , VT" -->
    <tag k="addr:city" v="South Londonderry"/>
    <tag k="addr:housenumber" v="86"/>
    <tag k="addr:street" v="Middletown Road"/>
    <tag k="addr:state" v="VT"/>
    <tag k="ref:vcgi:esiteid" v="141563"/>
  </node>
  <node id="-986" visible="true" lat="43.194112012549" lon="-72.815797118015">
    <!-- conflict: "39 Crescent Street, South Londonderry, VT" Fuzzy match to "39 Crescent Street, , VT" -->
    <tag k="addr:city" v="South Londonderry"/>
    <tag k="addr:housenumber" v="39"/>
    <tag k="addr:street" v="Crescent Street"/>
    <tag k="addr:state" v="VT"/>
    <tag k="ref:vcgi:esiteid" v="141566"/>
  </node>
  <node id="-987" visible="true" lat="43.193970867735" lon="-72.821931152226">
    <!-- conflict: "245 Tuttle Hill, South Londonderry, VT" Fuzzy match to "245 Tuttle Hill, , VT" -->
    <tag k="addr:city" v="South Londonderry"/>
    <tag k="addr:housenumber" v="245"/>
    <tag k="addr:street" v="Tuttle Hill"/>
    <tag k="addr:state" v="VT"/>
    <tag k="ref:vcgi:esiteid" v="141567"/>
  </node>
  <node id="-988" visible="true" lat="43.193837352251" lon="-72.861970228727">
    <!-- conflict: "2523 Spring Hill Road, South Londonderry, VT" Fuzzy match to "2523 Spring Hill Road, Londonderry, VT" -->
    <tag k="addr:city" v="South Londonderry"/>
    <tag k="addr:housenumber" v="2523"/>
    <tag k="addr:street" v="Spring Hill Road"/>
    <tag k="addr:state" v="VT"/>
    <tag k="ref:vcgi:esiteid" v="141568"/>
  </node>
  <node id="-989" visible="true" lat="43.193951793588" lon="-72.818825987948">
    <!-- conflict: "3356 Winhall Hollow Road, South Londonderry, VT" Fuzzy match to "3356 Winhall Hollow Road, , VT" -->
    <tag k="addr:city" v="South Londonderry"/>
    <tag k="addr:housenumber" v="3356"/>
    <tag k="addr:street" v="Winhall Hollow Road"/>
    <tag k="addr:state" v="VT"/>
    <tag k="ref:vcgi:esiteid" v="141569"/>
  </node>
  <node id="-990" visible="true" lat="43.193879314594" lon="-72.815034178207">
    <!-- conflict: "72 Crescent Street, South Londonderry, VT" Fuzzy match to "72 Crescent Street, , VT" -->
    <tag k="addr:city" v="South Londonderry"/>
    <tag k="addr:housenumber" v="72"/>
    <tag k="addr:street" v="Crescent Street"/>
    <tag k="addr:state" v="VT"/>
    <tag k="ref:vcgi:esiteid" v="141570"/>
  </node>
  <node id="-991" visible="true" lat="43.193772141152" lon="-72.81662275503">
    <!-- conflict: "3115 Vermont Route 100, South Londonderry, VT" Fuzzy match to "3115 Vermont Route 100, , VT" -->
    <tag k="addr:city" v="South Londonderry"/>
    <tag k="addr:housenumber" v="3115"/>
    <tag k="addr:street" v="Vermont Route 100"/>
    <tag k="addr:state" v="VT"/>
    <tag k="ref:vcgi:esiteid" v="141571"/>
  </node>
  <node id="-992" visible="true" lat="43.193665691944" lon="-72.818574217965">
    <!-- conflict: "3376 Winhall Hollow Road, South Londonderry, VT" Fuzzy match to "3376 Winhall Hollow Road, , VT" -->
    <tag k="addr:city" v="South Londonderry"/>
    <tag k="addr:housenumber" v="3376"/>
    <tag k="addr:street" v="Winhall Hollow Road"/>
    <tag k="addr:state" v="VT"/>
    <tag k="ref:vcgi:esiteid" v="141573"/>
  </node>
  <node id="-993" visible="true" lat="43.193702930897" lon="-72.814081888582">
    <!-- conflict: "70 Middletown Road, South Londonderry, VT" Fuzzy match to "70 Middletown Road, , VT" -->
    <tag k="addr:city" v="South Londonderry"/>
    <tag k="addr:housenumber" v="70"/>
    <tag k="addr:street" v="Middletown Road"/>
    <tag k="addr:state" v="VT"/>
    <tag k="ref:vcgi:esiteid" v="141574"/>
  </node>
  <node id="-994" visible="true" lat="43.193672388214" lon="-72.814562753731">
    <!-- conflict: "53 Middletown Road, South Londonderry, VT" Fuzzy match to "53 Middletown Road, , VT" -->
    <tag k="addr:city" v="South Londonderry"/>
    <tag k="addr:housenumber" v="53"/>
    <tag k="addr:street" v="Middletown Road"/>
    <tag k="addr:state" v="VT"/>
    <tag k="ref:vcgi:esiteid" v="141575"/>
  </node>
  <node id="-995" visible="true" lat="43.19358924393" lon="-72.815113649031">
    <!-- conflict: "62 Crescent Street, South Londonderry, VT" Fuzzy match to "62 Crescent Street, , VT" -->
    <tag k="addr:city" v="South Londonderry"/>
    <tag k="addr:housenumber" v="62"/>
    <tag k="addr:street" v="Crescent Street"/>
    <tag k="addr:state" v="VT"/>
    <tag k="ref:vcgi:esiteid" v="141576"/>
  </node>
  <node id="-996" visible="true" lat="43.193473344401" lon="-72.817923125">
    <!-- conflict: "3402 Winhall Hollow Road, South Londonderry, VT" Fuzzy match to "3402 Winhall Hollow Road, , VT" -->
    <tag k="addr:city" v="South Londonderry"/>
    <tag k="addr:housenumber" v="3402"/>
    <tag k="addr:street" v="Winhall Hollow Road"/>
    <tag k="addr:state" v="VT"/>
    <tag k="ref:vcgi:esiteid" v="141577"/>
  </node>
  <node id="-997" visible="true" lat="43.193414457497" lon="-72.814404916879">
    <!-- conflict: "44 Middletown Road, South Londonderry, VT" Fuzzy match to "44 Middletown Road, , VT" -->
    <tag k="addr:city" v="South Londonderry"/>
    <tag k="addr:housenumber" v="44"/>
    <tag k="addr:street" v="Middletown Road"/>
    <tag k="addr:state" v="VT"/>
    <tag k="ref:vcgi:esiteid" v="141578"/>
  </node>
  <node id="-998" visible="true" lat="43.193379590846" lon="-72.78246428192">
    <!-- conflict: "732 Under The Mountain Road, South Londonderry, VT" Fuzzy match to "732 Under The Mountain Road, , VT" -->
    <tag k="addr:city" v="South Londonderry"/>
    <tag k="addr:housenumber" v="732"/>
    <tag k="addr:street" v="Under The Mountain Road"/>
    <tag k="addr:state" v="VT"/>
    <tag k="ref:vcgi:esiteid" v="141579"/>
  </node>
  <node id="-999" visible="true" lat="43.193278805559" lon="-72.815692933821">
    <!-- conflict: "56 Crescent Street, South Londonderry, VT" Fuzzy match to "56 Crescent Street, , VT" -->
    <tag k="addr:city" v="South Londonderry"/>
    <tag k="addr:housenumber" v="56"/>
    <tag k="addr:street" v="Crescent Street"/>
    <tag k="addr:state" v="VT"/>
    <tag k="ref:vcgi:esiteid" v="141580"/>
  </node>
  <node id="-1000" visible="true" lat="43.193238444391" lon="-72.817551878458">
    <!-- conflict: "3432 Winhall Hollow Road, South Londonderry, VT" Fuzzy match to "3432 Winhall Hollow Road, , VT" -->
    <tag k="addr:city" v="South Londonderry"/>
    <tag k="addr:housenumber" v="3432"/>
    <tag k="addr:street" v="Winhall Hollow Road"/>
    <tag k="addr:state" v="VT"/>
    <tag k="ref:vcgi:esiteid" v="141581"/>
  </node>
  <node id="-1001" visible="true" lat="43.193192668995" lon="-72.814980773078">
    <!-- conflict: "23 Middletown Road, South Londonderry, VT" Fuzzy match to "23 Middletown Road, , VT" -->
    <tag k="addr:city" v="South Londonderry"/>
    <tag k="addr:housenumber" v="23"/>
    <tag k="addr:street" v="Middletown Road"/>
    <tag k="addr:state" v="VT"/>
    <tag k="ref:vcgi:esiteid" v="141582"/>
  </node>
  <node id="-1002" visible="true" lat="43.193181201439" lon="-72.814533708541">
    <!-- conflict: "22 Middletown Road, South Londonderry, VT" Fuzzy match to "22 Middletown Road, , VT" -->
    <tag k="addr:city" v="South Londonderry"/>
    <tag k="addr:housenumber" v="22"/>
    <tag k="addr:street" v="Middletown Road"/>
    <tag k="addr:state" v="VT"/>
    <tag k="ref:vcgi:esiteid" v="141583"/>
  </node>
  <node id="-1003" visible="true" lat="43.192991405308" lon="-72.814636335515">
    <!-- conflict: "1 Main Street, South Londonderry, VT" Fuzzy match to "1 Main Street, , " -->
    <tag k="addr:city" v="South Londonderry"/>
    <tag k="addr:housenumber" v="1"/>
    <tag k="addr:street" v="Main Street"/>
    <tag k="addr:state" v="VT"/>
    <tag k="ref:vcgi:esiteid" v="141584"/>
  </node>
  <node id="-1004" visible="true" lat="43.192933269695" lon="-72.817048339671">
    <!-- conflict: "3468 Winhall Hollow Road, South Londonderry, VT" Fuzzy match to "3468 Winhall Hollow Road, , VT" -->
    <tag k="addr:city" v="South Londonderry"/>
    <tag k="addr:housenumber" v="3468"/>
    <tag k="addr:street" v="Winhall Hollow Road"/>
    <tag k="addr:state" v="VT"/>
    <tag k="ref:vcgi:esiteid" v="141585"/>
  </node>
  <node id="-1005" visible="true" lat="43.192727277248" lon="-72.816750792457">
    <!-- conflict: "3488 Winhall Hollow Road, South Londonderry, VT" Fuzzy match to "3488 Winhall Hollow Road, , VT" -->
    <tag k="addr:city" v="South Londonderry"/>
    <tag k="addr:housenumber" v="3488"/>
    <tag k="addr:street" v="Winhall Hollow Road"/>
    <tag k="addr:state" v="VT"/>
    <tag k="ref:vcgi:esiteid" v="141586"/>
  </node>
  <node id="-1006" visible="true" lat="43.19272346122" lon="-72.814629820184">
    <!-- conflict: "17 Main Street, South Londonderry, VT" Fuzzy match to "17 Main Street, , VT" -->
    <tag k="addr:city" v="South Londonderry"/>
    <tag k="addr:housenumber" v="17"/>
    <tag k="addr:street" v="Main Street"/>
    <tag k="addr:state" v="VT"/>
    <tag k="ref:vcgi:esiteid" v="141587"/>
  </node>
  <node id="-1007" visible="true" lat="43.192507416295" lon="-72.813753330398">
    <!-- conflict: "51 Main Street, South Londonderry, VT" Fuzzy match to "51 Main Street, , VT" -->
    <tag k="addr:city" v="South Londonderry"/>
    <tag k="addr:housenumber" v="51"/>
    <tag k="addr:street" v="Main Street"/>
    <tag k="addr:state" v="VT"/>
    <tag k="ref:vcgi:esiteid" v="141588"/>
  </node>
  <node id="-1008" visible="true" lat="43.192555131964" lon="-72.800957976516">
    <!-- conflict: "1555 Thompsonburg Road, South Londonderry, VT" Fuzzy match to "1555 Thompsonburg Road, , VT" -->
    <tag k="addr:city" v="South Londonderry"/>
    <tag k="addr:housenumber" v="1555"/>
    <tag k="addr:street" v="Thompsonburg Road"/>
    <tag k="addr:state" v="VT"/>
    <tag k="ref:vcgi:esiteid" v="141589"/>
  </node>
  <node id="-1010" visible="true" lat="43.192299545463" lon="-72.810975375578">
    <!-- conflict: "166 Old School Street, South Londonderry, VT" Fuzzy match to "166 Old School Street, , VT" -->
    <tag k="addr:city" v="South Londonderry"/>
    <tag k="addr:housenumber" v="166"/>
    <tag k="addr:street" v="Old School Street"/>
    <tag k="addr:state" v="VT"/>
    <tag k="ref:vcgi:esiteid" v="141591"/>
  </node>
  <node id="-1011" visible="true" lat="43.192076107588" lon="-72.814988364433">
    <!-- conflict: "11 West River Street, South Londonderry, VT" Fuzzy match to "11 West River Street, , VT" -->
    <tag k="addr:city" v="South Londonderry"/>
    <tag k="addr:housenumber" v="11"/>
    <tag k="addr:street" v="West River Street"/>
    <tag k="addr:state" v="VT"/>
    <tag k="ref:vcgi:esiteid" v="141592"/>
  </node>
  <node id="-1012" visible="true" lat="43.192217622604" lon="-72.813961151604">
    <!-- conflict: "67 Main Street, South Londonderry, VT" Fuzzy match to "67 Main Street, , VT" -->
    <tag k="addr:city" v="South Londonderry"/>
    <tag k="addr:housenumber" v="67"/>
    <tag k="addr:street" v="Main Street"/>
    <tag k="addr:state" v="VT"/>
    <tag k="ref:vcgi:esiteid" v="141594"/>
  </node>
  <node id="-1013" visible="true" lat="43.192155413929" lon="-72.815602270182">
    <!-- conflict: "3552 Winhall Hollow Road, South Londonderry, VT" Fuzzy match to "3552 Winhall Hollow Road, , VT" -->
    <tag k="addr:city" v="South Londonderry"/>
    <tag k="addr:housenumber" v="3552"/>
    <tag k="addr:street" v="Winhall Hollow Road"/>
    <tag k="addr:state" v="VT"/>
    <tag k="ref:vcgi:esiteid" v="141595"/>
  </node>
  <node id="-1014" visible="true" lat="43.192004781446" lon="-72.814351175543">
    <!-- conflict: "60 Main Street, South Londonderry, VT" Fuzzy match to "60 Main Street, , VT" -->
    <tag k="addr:city" v="South Londonderry"/>
    <tag k="addr:housenumber" v="60"/>
    <tag k="addr:street" v="Main Street"/>
    <tag k="addr:state" v="VT"/>
    <tag k="ref:vcgi:esiteid" v="141596"/>
  </node>
  <node id="-1015" visible="true" lat="43.192070663347" lon="-72.810738863653">
    <!-- conflict: "164 Old School Street, South Londonderry, VT" Fuzzy match to "164 Old School Street, , VT" -->
    <tag k="addr:city" v="South Londonderry"/>
    <tag k="addr:housenumber" v="164"/>
    <tag k="addr:street" v="Old School Street"/>
    <tag k="addr:state" v="VT"/>
    <tag k="ref:vcgi:esiteid" v="141597"/>
  </node>
  <node id="-1016" visible="true" lat="43.192054393347" lon="-72.813835373482">
    <!-- conflict: "77 Main Street, South Londonderry, VT" Fuzzy match to "77 Main Street, , VT" -->
    <tag k="addr:city" v="South Londonderry"/>
    <tag k="addr:housenumber" v="77"/>
    <tag k="addr:street" v="Main Street"/>
    <tag k="addr:state" v="VT"/>
    <tag k="ref:vcgi:esiteid" v="141598"/>
  </node>
  <node id="-1017" visible="true" lat="43.191998184328" lon="-72.798890409484">
    <!-- conflict: "1484 Thompsonburg Road, South Londonderry, VT" Fuzzy match to "1484 Thompsonburg Road, , VT" -->
    <tag k="addr:city" v="South Londonderry"/>
    <tag k="addr:housenumber" v="1484"/>
    <tag k="addr:street" v="Thompsonburg Road"/>
    <tag k="addr:state" v="VT"/>
    <tag k="ref:vcgi:esiteid" v="141599"/>
  </node>
  <node id="-1018" visible="true" lat="43.191883742764" lon="-72.811150850576">
    <!-- conflict: "167 Old School Street, South Londonderry, VT" Fuzzy match to "167 Old School Street, , VT" -->
    <tag k="addr:city" v="South Londonderry"/>
    <tag k="addr:housenumber" v="167"/>
    <tag k="addr:street" v="Old School Street"/>
    <tag k="addr:state" v="VT"/>
    <tag k="ref:vcgi:esiteid" v="141600"/>
  </node>
  <node id="-1019" visible="true" lat="43.191785035924" lon="-72.814051599309">
    <!-- conflict: "74 Main Street, South Londonderry, VT" Fuzzy match to "74 Main Street, , VT" -->
    <tag k="addr:city" v="South Londonderry"/>
    <tag k="addr:housenumber" v="74"/>
    <tag k="addr:street" v="Main Street"/>
    <tag k="addr:state" v="VT"/>
    <tag k="ref:vcgi:esiteid" v="141601"/>
  </node>
  <node id="-1020" visible="true" lat="43.191902817945" lon="-72.799798308493">
    <!-- conflict: "1485 Thompsonburg Road, South Londonderry, VT" Fuzzy match to "1485 Thompsonburg Road, , VT" -->
    <tag k="addr:city" v="South Londonderry"/>
    <tag k="addr:housenumber" v="1485"/>
    <tag k="addr:street" v="Thompsonburg Road"/>
    <tag k="addr:state" v="VT"/>
    <tag k="ref:vcgi:esiteid" v="141602"/>
  </node>
  <node id="-1021" visible="true" lat="43.191781230576" lon="-72.813569334002">
    <!-- conflict: "101 Main Street, South Londonderry, VT" Fuzzy match to "101 Main Street, , VT" -->
    <tag k="addr:city" v="South Londonderry"/>
    <tag k="addr:housenumber" v="101"/>
    <tag k="addr:street" v="Main Street"/>
    <tag k="addr:state" v="VT"/>
    <tag k="ref:vcgi:esiteid" v="141603"/>
  </node>
  <node id="-1022" visible="true" lat="43.191801853658" lon="-72.81503080394">
    <!-- conflict: "34 West River Street, South Londonderry, VT" Fuzzy match to "34 West River Street, , VT" -->
    <tag k="addr:city" v="South Londonderry"/>
    <tag k="addr:housenumber" v="34"/>
    <tag k="addr:street" v="West River Street"/>
    <tag k="addr:state" v="VT"/>
    <tag k="ref:vcgi:esiteid" v="141604"/>
  </node>
  <node id="-1023" visible="true" lat="43.19164771681" lon="-72.815942075952">
    <!-- conflict: "6 Melendy Hill Road, South Londonderry, VT" Fuzzy match to "6 Melendy Hill Road, , VT" -->
    <tag k="addr:city" v="South Londonderry"/>
    <tag k="addr:housenumber" v="6"/>
    <tag k="addr:street" v="Melendy Hill Road"/>
    <tag k="addr:state" v="VT"/>
    <tag k="ref:vcgi:esiteid" v="141605"/>
  </node>
  <node id="-1024" visible="true" lat="43.191418351078" lon="-72.812218966558">
    <!-- conflict: "25 Old School Street, South Londonderry, VT" Fuzzy match to "25 Old School Street, , VT" -->
    <tag k="addr:city" v="South Londonderry"/>
    <tag k="addr:housenumber" v="25"/>
    <tag k="addr:street" v="Old School Street"/>
    <tag k="addr:state" v="VT"/>
    <tag k="ref:vcgi:esiteid" v="141606"/>
  </node>
  <node id="-1025" visible="true" lat="43.191374575571" lon="-72.813207058457">
    <!-- conflict: "23 Old School Street, South Londonderry, VT" Fuzzy match to "23 Old School Street, , VT" -->
    <tag k="addr:city" v="South Londonderry"/>
    <tag k="addr:housenumber" v="23"/>
    <tag k="addr:street" v="Old School Street"/>
    <tag k="addr:state" v="VT"/>
    <tag k="ref:vcgi:esiteid" v="141607"/>
  </node>
  <node id="-1026" visible="true" lat="43.191224002642" lon="-72.811022195207">
    <!-- conflict: "133 Old School Street, South Londonderry, VT" Fuzzy match to "133 Old School Street, , VT" -->
    <tag k="addr:city" v="South Londonderry"/>
    <tag k="addr:housenumber" v="133"/>
    <tag k="addr:street" v="Old School Street"/>
    <tag k="addr:state" v="VT"/>
    <tag k="ref:vcgi:esiteid" v="141608"/>
  </node>
  <node id="-1027" visible="true" lat="43.191175213839" lon="-72.814444576966">
    <!-- conflict: "78 West River Street, South Londonderry, VT" Fuzzy match to "78 West River Street, , VT" -->
    <tag k="addr:city" v="South Londonderry"/>
    <tag k="addr:housenumber" v="78"/>
    <tag k="addr:street" v="West River Street"/>
    <tag k="addr:state" v="VT"/>
    <tag k="ref:vcgi:esiteid" v="141609"/>
  </node>
  <node id="-1028" visible="true" lat="43.191209448919" lon="-72.811743559773">
    <!-- conflict: "45 Old School Street, South Londonderry, VT" Fuzzy match to "45 Old School Street, , VT" -->
    <tag k="addr:city" v="South Londonderry"/>
    <tag k="addr:housenumber" v="45"/>
    <tag k="addr:street" v="Old School Street"/>
    <tag k="addr:state" v="VT"/>
    <tag k="ref:vcgi:esiteid" v="141610"/>
  </node>
  <node id="-1029" visible="true" lat="43.191050274675" lon="-72.811590164351">
    <!-- conflict: "55 Old School Street, South Londonderry, VT" Fuzzy match to "55 Old School Street, , VT" -->
    <tag k="addr:city" v="South Londonderry"/>
    <tag k="addr:housenumber" v="55"/>
    <tag k="addr:street" v="Old School Street"/>
    <tag k="addr:state" v="VT"/>
    <tag k="ref:vcgi:esiteid" v="141611"/>
  </node>
  <node id="-1030" visible="true" lat="43.191052385372" lon="-72.815723311026">
    <!-- conflict: "8 Melendy Hill Road, South Londonderry, VT" Fuzzy match to "8 Melendy Hill Road, , VT" -->
    <tag k="addr:city" v="South Londonderry"/>
    <tag k="addr:housenumber" v="8"/>
    <tag k="addr:street" v="Melendy Hill Road"/>
    <tag k="addr:state" v="VT"/>
    <tag k="ref:vcgi:esiteid" v="141612"/>
  </node>
  <node id="-1032" visible="true" lat="43.190880960426" lon="-72.850106515754">
    <!-- conflict: "1063 Livermore Mills Road, South Londonderry, VT" Fuzzy match to "1063 Livermore Mills Road, , VT" -->
    <tag k="addr:city" v="South Londonderry"/>
    <tag k="addr:housenumber" v="1063"/>
    <tag k="addr:street" v="Livermore Mills Road"/>
    <tag k="addr:state" v="VT"/>
    <tag k="ref:vcgi:esiteid" v="141614"/>
  </node>
  <node id="-1033" visible="true" lat="43.190931595715" lon="-72.818815534436">
    <!-- conflict: "210 Bungalow Road, South Londonderry, VT" Fuzzy match to "210 Bungalow Road, , VT" -->
    <tag k="addr:city" v="South Londonderry"/>
    <tag k="addr:housenumber" v="210"/>
    <tag k="addr:street" v="Bungalow Road"/>
    <tag k="addr:state" v="VT"/>
    <tag k="ref:vcgi:esiteid" v="141615"/>
  </node>
  <node id="-1034" visible="true" lat="43.190849605092" lon="-72.815535972569">
    <!-- conflict: "28 Melendy Hill Road, South Londonderry, VT" Fuzzy match to "28 Melendy Hill Road, , VT" -->
    <tag k="addr:city" v="South Londonderry"/>
    <tag k="addr:housenumber" v="28"/>
    <tag k="addr:street" v="Melendy Hill Road"/>
    <tag k="addr:state" v="VT"/>
    <tag k="ref:vcgi:esiteid" v="141616"/>
  </node>
  <node id="-1035" visible="true" lat="43.190933133859" lon="-72.813771109673">
    <!-- conflict: "126 West River Street, South Londonderry, VT" Fuzzy match to "126 West River Street, , VT" -->
    <tag k="addr:city" v="South Londonderry"/>
    <tag k="addr:housenumber" v="126"/>
    <tag k="addr:street" v="West River Street"/>
    <tag k="addr:state" v="VT"/>
    <tag k="ref:vcgi:esiteid" v="141617"/>
  </node>
  <node id="-1036" visible="true" lat="43.190749396311" lon="-72.813609839596">
    <!-- conflict: "134 West River Street, South Londonderry, VT" Fuzzy match to "134 West River Street, , VT" -->
    <tag k="addr:city" v="South Londonderry"/>
    <tag k="addr:housenumber" v="134"/>
    <tag k="addr:street" v="West River Street"/>
    <tag k="addr:state" v="VT"/>
    <tag k="ref:vcgi:esiteid" v="141618"/>
  </node>
  <node id="-1037" visible="true" lat="43.1906711539" lon="-72.81242492451">
    <!-- conflict: "195 Main Street, South Londonderry, VT" Fuzzy match to "195 Main Street, , VT" -->
    <tag k="addr:city" v="South Londonderry"/>
    <tag k="addr:housenumber" v="195"/>
    <tag k="addr:street" v="Main Street"/>
    <tag k="addr:state" v="VT"/>
    <tag k="ref:vcgi:esiteid" v="141619"/>
  </node>
  <node id="-1039" visible="true" lat="43.19040030681" lon="-72.813359016439">
    <!-- conflict: "158 West River Street, South Londonderry, VT" Fuzzy match to "158 West River Street, , VT" -->
    <tag k="addr:city" v="South Londonderry"/>
    <tag k="addr:housenumber" v="158"/>
    <tag k="addr:street" v="West River Street"/>
    <tag k="addr:state" v="VT"/>
    <tag k="ref:vcgi:esiteid" v="141621"/>
  </node>
  <node id="-1040" visible="true" lat="43.19042065199" lon="-72.816074379509">
    <!-- conflict: "94 Melendy Hill Road, South Londonderry, VT" Fuzzy match to "94 Melendy Hill Road, , VT" -->
    <tag k="addr:city" v="South Londonderry"/>
    <tag k="addr:housenumber" v="94"/>
    <tag k="addr:street" v="Melendy Hill Road"/>
    <tag k="addr:state" v="VT"/>
    <tag k="ref:vcgi:esiteid" v="141622"/>
  </node>
  <node id="-1041" visible="true" lat="43.190579601646" lon="-72.786645190779">
    <!-- conflict: "994 Under The Mountain Road, South Londonderry, VT" Fuzzy match to "994 Under The Mountain Road, , VT" -->
    <tag k="addr:city" v="South Londonderry"/>
    <tag k="addr:housenumber" v="994"/>
    <tag k="addr:street" v="Under The Mountain Road"/>
    <tag k="addr:state" v="VT"/>
    <tag k="ref:vcgi:esiteid" v="141623"/>
  </node>
  <node id="-1042" visible="true" lat="43.190459214473" lon="-72.814217572024">
    <!-- conflict: "2826 Vermont Route 100, South Londonderry, VT" Fuzzy match to "2826 Vermont Route 100, , VT" -->
    <tag k="addr:city" v="South Londonderry"/>
    <tag k="addr:housenumber" v="2826"/>
    <tag k="addr:street" v="Vermont Route 100"/>
    <tag k="addr:state" v="VT"/>
    <tag k="ref:vcgi:esiteid" v="141624"/>
  </node>
  <node id="-1043" visible="true" lat="43.190407940486" lon="-72.812234188679">
    <!-- conflict: "215 Main Street, South Londonderry, VT" Fuzzy match to "215 Main Street, , VT" -->
    <tag k="addr:city" v="South Londonderry"/>
    <tag k="addr:housenumber" v="215"/>
    <tag k="addr:street" v="Main Street"/>
    <tag k="addr:state" v="VT"/>
    <tag k="ref:vcgi:esiteid" v="141625"/>
  </node>
  <node id="-1044" visible="true" lat="43.190056987828" lon="-72.815766600427">
    <!-- conflict: "96 Melendy Hill Road, South Londonderry, VT" Fuzzy match to "96 Melendy Hill Road, , VT" -->
    <tag k="addr:city" v="South Londonderry"/>
    <tag k="addr:housenumber" v="96"/>
    <tag k="addr:street" v="Melendy Hill Road"/>
    <tag k="addr:state" v="VT"/>
    <tag k="ref:vcgi:esiteid" v="141626"/>
  </node>
  <node id="-1045" visible="true" lat="43.189934917017" lon="-72.811906125654">
    <!-- conflict: "253 Main Street, South Londonderry, VT" Fuzzy match to "253 Main Street, , VT" -->
    <tag k="addr:city" v="South Londonderry"/>
    <tag k="addr:housenumber" v="253"/>
    <tag k="addr:street" v="Main Street"/>
    <tag k="addr:state" v="VT"/>
    <tag k="ref:vcgi:esiteid" v="141627"/>
  </node>
  <node id="-1046" visible="true" lat="43.18991584263" lon="-72.818368224762">
    <!-- conflict: "340 Melendy Hill Road, South Londonderry, VT" Fuzzy match to "340 Melendy Hill Road, , VT" -->
    <tag k="addr:city" v="South Londonderry"/>
    <tag k="addr:housenumber" v="340"/>
    <tag k="addr:street" v="Melendy Hill Road"/>
    <tag k="addr:state" v="VT"/>
    <tag k="ref:vcgi:esiteid" v="141628"/>
  </node>
  <node id="-1047" visible="true" lat="43.18990821377" lon="-72.814873961499">
    <!-- conflict: "95 Melendy Hill Road, South Londonderry, VT" Fuzzy match to "95 Melendy Hill Road, , VT" -->
    <tag k="addr:city" v="South Londonderry"/>
    <tag k="addr:housenumber" v="95"/>
    <tag k="addr:street" v="Melendy Hill Road"/>
    <tag k="addr:state" v="VT"/>
    <tag k="ref:vcgi:esiteid" v="141629"/>
  </node>
  <node id="-1048" visible="true" lat="43.189723846055" lon="-72.813155045978">
    <!-- conflict: "270 West River Street, South Londonderry, VT" Fuzzy match to "270 West River Street, , VT" -->
    <tag k="addr:city" v="South Londonderry"/>
    <tag k="addr:housenumber" v="270"/>
    <tag k="addr:street" v="West River Street"/>
    <tag k="addr:state" v="VT"/>
    <tag k="ref:vcgi:esiteid" v="141630"/>
  </node>
  <node id="-1049" visible="true" lat="43.189630691323" lon="-72.815647434441">
    <!-- conflict: "22 Bungalow Road, South Londonderry, VT" Fuzzy match to "22 Bungalow Road, , VT" -->
    <tag k="addr:city" v="South Londonderry"/>
    <tag k="addr:housenumber" v="22"/>
    <tag k="addr:street" v="Bungalow Road"/>
    <tag k="addr:state" v="VT"/>
    <tag k="ref:vcgi:esiteid" v="141631"/>
  </node>
  <node id="-1050" visible="true" lat="43.18959343082" lon="-72.810277632828">
    <!-- conflict: "70 Old School Street, South Londonderry, VT" Fuzzy match to "70 Old School Street, , VT" -->
    <tag k="addr:city" v="South Londonderry"/>
    <tag k="addr:housenumber" v="70"/>
    <tag k="addr:street" v="Old School Street"/>
    <tag k="addr:state" v="VT"/>
    <tag k="ref:vcgi:esiteid" v="141632"/>
  </node>
  <node id="-1051" visible="true" lat="43.189637371389" lon="-72.820573120166">
    <!-- conflict: "342 Melendy Hill Road, South Londonderry, VT" Fuzzy match to "342 Melendy Hill Road, , VT" -->
    <tag k="addr:city" v="South Londonderry"/>
    <tag k="addr:housenumber" v="342"/>
    <tag k="addr:street" v="Melendy Hill Road"/>
    <tag k="addr:state" v="VT"/>
    <tag k="ref:vcgi:esiteid" v="141633"/>
  </node>
  <node id="-1052" visible="true" lat="43.189627024599" lon="-72.81161263882">
    <!-- conflict: "283 Main Street, South Londonderry, VT" Fuzzy match to "283 Main Street, , VT" -->
    <tag k="addr:city" v="South Londonderry"/>
    <tag k="addr:housenumber" v="283"/>
    <tag k="addr:street" v="Main Street"/>
    <tag k="addr:state" v="VT"/>
    <tag k="ref:vcgi:esiteid" v="141634"/>
  </node>
  <node id="-1053" visible="true" lat="43.189346793879" lon="-72.815056309877">
    <!-- conflict: "131 Melendy Hill Road, South Londonderry, VT" Fuzzy match to "131 Melendy Hill Road, , VT" -->
    <tag k="addr:city" v="South Londonderry"/>
    <tag k="addr:housenumber" v="131"/>
    <tag k="addr:street" v="Melendy Hill Road"/>
    <tag k="addr:state" v="VT"/>
    <tag k="ref:vcgi:esiteid" v="141635"/>
  </node>
  <node id="-1054" visible="true" lat="43.189374156589" lon="-72.79756285785">
    <!-- conflict: "1213 Thompsonburg Road, South Londonderry, VT" Fuzzy match to "1213 Thompsonburg Road, , VT" -->
    <tag k="addr:city" v="South Londonderry"/>
    <tag k="addr:housenumber" v="1213"/>
    <tag k="addr:street" v="Thompsonburg Road"/>
    <tag k="addr:state" v="VT"/>
    <tag k="ref:vcgi:esiteid" v="141636"/>
  </node>
  <node id="-1055" visible="true" lat="43.18928119805" lon="-72.815707131326">
    <!-- conflict: "176 Melendy Hill Road, South Londonderry, VT" Fuzzy match to "176 Melendy Hill Road, , VT" -->
    <tag k="addr:city" v="South Londonderry"/>
    <tag k="addr:housenumber" v="176"/>
    <tag k="addr:street" v="Melendy Hill Road"/>
    <tag k="addr:state" v="VT"/>
    <tag k="ref:vcgi:esiteid" v="141637"/>
  </node>
  <node id="-1056" visible="true" lat="43.18929786467" lon="-72.785744921937">
    <!-- conflict: "1058 Under The Mountain Road, South Londonderry, VT" Fuzzy match to "1058 Under The Mountain Road, , VT" -->
    <tag k="addr:city" v="South Londonderry"/>
    <tag k="addr:housenumber" v="1058"/>
    <tag k="addr:street" v="Under The Mountain Road"/>
    <tag k="addr:state" v="VT"/>
    <tag k="ref:vcgi:esiteid" v="141638"/>
  </node>
  <node id="-1057" visible="true" lat="43.189081376535" lon="-72.814417556404">
    <!-- conflict: "2745 Vermont Route 100, South Londonderry, VT" Fuzzy match to "2745 Vermont Route 100, , VT" -->
    <tag k="addr:city" v="South Londonderry"/>
    <tag k="addr:housenumber" v="2745"/>
    <tag k="addr:street" v="Vermont Route 100"/>
    <tag k="addr:state" v="VT"/>
    <tag k="ref:vcgi:esiteid" v="141639"/>
  </node>
  <node id="-1058" visible="true" lat="43.188959884085" lon="-72.815111197997">
    <!-- conflict: "149 Melendy Hill Road, South Londonderry, VT" Fuzzy match to "149 Melendy Hill Road, , VT" -->
    <tag k="addr:city" v="South Londonderry"/>
    <tag k="addr:housenumber" v="149"/>
    <tag k="addr:street" v="Melendy Hill Road"/>
    <tag k="addr:state" v="VT"/>
    <tag k="ref:vcgi:esiteid" v="141640"/>
  </node>
  <node id="-1059" visible="true" lat="43.189148544641" lon="-72.811013399973">
    <!-- conflict: "331 Main Street, South Londonderry, VT" Fuzzy match to "331 Main Street, , VT" -->
    <tag k="addr:city" v="South Londonderry"/>
    <tag k="addr:housenumber" v="331"/>
    <tag k="addr:street" v="Main Street"/>
    <tag k="addr:state" v="VT"/>
    <tag k="ref:vcgi:esiteid" v="141641"/>
  </node>
  <node id="-1060" visible="true" lat="43.188901135279" lon="-72.808923030588">
    <!-- conflict: "451 Main Street, South Londonderry, VT" Fuzzy match to "451 Main Street, , VT" -->
    <tag k="addr:city" v="South Londonderry"/>
    <tag k="addr:housenumber" v="451"/>
    <tag k="addr:street" v="Main Street"/>
    <tag k="addr:state" v="VT"/>
    <tag k="ref:vcgi:esiteid" v="141642"/>
  </node>
  <node id="-1061" visible="true" lat="43.188943613472" lon="-72.810789223975">
    <!-- conflict: "347 Main Street, South Londonderry, VT" Fuzzy match to "347 Main Street, , VT" -->
    <tag k="addr:city" v="South Londonderry"/>
    <tag k="addr:housenumber" v="347"/>
    <tag k="addr:street" v="Main Street"/>
    <tag k="addr:state" v="VT"/>
    <tag k="ref:vcgi:esiteid" v="141643"/>
  </node>
  <node id="-1062" visible="true" lat="43.18875359396" lon="-72.795287131161">
    <!-- conflict: "59 Cross Road, South Londonderry, VT" Fuzzy match to "59 Cross Road, , VT" -->
    <tag k="addr:city" v="South Londonderry"/>
    <tag k="addr:housenumber" v="59"/>
    <tag k="addr:street" v="Cross Road"/>
    <tag k="addr:state" v="VT"/>
    <tag k="ref:vcgi:esiteid" v="141644"/>
  </node>
  <node id="-1063" visible="true" lat="43.188790507774" lon="-72.798600456253">
    <!-- conflict: "1211 Thompsonburg Road, South Londonderry, VT" Fuzzy match to "1211 Thompsonburg Road, , VT" -->
    <tag k="addr:city" v="South Londonderry"/>
    <tag k="addr:housenumber" v="1211"/>
    <tag k="addr:street" v="Thompsonburg Road"/>
    <tag k="addr:state" v="VT"/>
    <tag k="ref:vcgi:esiteid" v="141645"/>
  </node>
  <node id="-1064" visible="true" lat="43.188569413238" lon="-72.816498759005">
    <!-- conflict: "206 Melendy Hill Road, South Londonderry, VT" Fuzzy match to "206 Melendy Hill Road, , VT" -->
    <tag k="addr:city" v="South Londonderry"/>
    <tag k="addr:housenumber" v="206"/>
    <tag k="addr:street" v="Melendy Hill Road"/>
    <tag k="addr:state" v="VT"/>
    <tag k="ref:vcgi:esiteid" v="141646"/>
  </node>
  <node id="-1065" visible="true" lat="43.188550884795" lon="-72.81035059321">
    <!-- conflict: "377 Main Street, South Londonderry, VT" Fuzzy match to "377 Main Street, , VT" -->
    <tag k="addr:city" v="South Londonderry"/>
    <tag k="addr:housenumber" v="377"/>
    <tag k="addr:street" v="Main Street"/>
    <tag k="addr:state" v="VT"/>
    <tag k="ref:vcgi:esiteid" v="141647"/>
  </node>
  <node id="-1066" visible="true" lat="43.188435350851" lon="-72.813943673306">
    <!-- conflict: "2691 Vermont Route 100, South Londonderry, VT" Fuzzy match to "2691 Vermont Route 100, , VT" -->
    <tag k="addr:city" v="South Londonderry"/>
    <tag k="addr:housenumber" v="2691"/>
    <tag k="addr:street" v="Vermont Route 100"/>
    <tag k="addr:state" v="VT"/>
    <tag k="ref:vcgi:esiteid" v="141648"/>
  </node>
  <node id="-1067" visible="true" lat="43.188420482714" lon="-72.811799312969">
    <!-- conflict: "322 West River Street, South Londonderry, VT" Fuzzy match to "322 West River Street, , VT" -->
    <tag k="addr:city" v="South Londonderry"/>
    <tag k="addr:housenumber" v="322"/>
    <tag k="addr:street" v="West River Street"/>
    <tag k="addr:state" v="VT"/>
    <tag k="ref:vcgi:esiteid" v="141649"/>
  </node>
  <node id="-1068" visible="true" lat="43.188290782993" lon="-72.811410213798">
    <!-- conflict: "342 West River Street, South Londonderry, VT" Fuzzy match to "342 West River Street, , VT" -->
    <tag k="addr:city" v="South Londonderry"/>
    <tag k="addr:housenumber" v="342"/>
    <tag k="addr:street" v="West River Street"/>
    <tag k="addr:state" v="VT"/>
    <tag k="ref:vcgi:esiteid" v="141650"/>
  </node>
  <node id="-1069" visible="true" lat="43.188043010262" lon="-72.81387578403">
    <!-- conflict: "2665 Vermont Route 100, South Londonderry, VT" Fuzzy match to "2665 Vermont Route 100, , VT" -->
    <tag k="addr:city" v="South Londonderry"/>
    <tag k="addr:housenumber" v="2665"/>
    <tag k="addr:street" v="Vermont Route 100"/>
    <tag k="addr:state" v="VT"/>
    <tag k="ref:vcgi:esiteid" v="141652"/>
  </node>
  <node id="-1070" visible="true" lat="43.188167551927" lon="-72.816028186771">
    <!-- conflict: "244 Melendy Hill Road, South Londonderry, VT" Fuzzy match to "244 Melendy Hill Road, , VT" -->
    <tag k="addr:city" v="South Londonderry"/>
    <tag k="addr:housenumber" v="244"/>
    <tag k="addr:street" v="Melendy Hill Road"/>
    <tag k="addr:state" v="VT"/>
    <tag k="ref:vcgi:esiteid" v="141653"/>
  </node>
  <node id="-1071" visible="true" lat="43.187894052606" lon="-72.854211131834">
    <!-- conflict: "1346 Livermore Mills Road, South Londonderry, VT" Fuzzy match to "1346 Livermore Mills Road, , VT" -->
    <tag k="addr:city" v="South Londonderry"/>
    <tag k="addr:housenumber" v="1346"/>
    <tag k="addr:street" v="Livermore Mills Road"/>
    <tag k="addr:state" v="VT"/>
    <tag k="ref:vcgi:esiteid" v="141654"/>
  </node>
  <node id="-1072" visible="true" lat="43.187990138478" lon="-72.809649371996">
    <!-- conflict: "437 Main Street, South Londonderry, VT" Fuzzy match to "437 Main Street, , VT" -->
    <tag k="addr:city" v="South Londonderry"/>
    <tag k="addr:housenumber" v="437"/>
    <tag k="addr:street" v="Main Street"/>
    <tag k="addr:state" v="VT"/>
    <tag k="ref:vcgi:esiteid" v="141655"/>
  </node>
  <node id="-1073" visible="true" lat="43.187983412593" lon="-72.809426443431">
    <!-- conflict: "443 Main Street, South Londonderry, VT" Fuzzy match to "443 Main Street, , VT" -->
    <tag k="addr:city" v="South Londonderry"/>
    <tag k="addr:housenumber" v="443"/>
    <tag k="addr:street" v="Main Street"/>
    <tag k="addr:state" v="VT"/>
    <tag k="ref:vcgi:esiteid" v="141656"/>
  </node>
  <node id="-1074" visible="true" lat="43.187871166549" lon="-72.815285948518">
    <!-- conflict: "233 Melendy Hill Road, South Londonderry, VT" Fuzzy match to "233 Melendy Hill Road, , VT" -->
    <tag k="addr:city" v="South Londonderry"/>
    <tag k="addr:housenumber" v="233"/>
    <tag k="addr:street" v="Melendy Hill Road"/>
    <tag k="addr:state" v="VT"/>
    <tag k="ref:vcgi:esiteid" v="141657"/>
  </node>
  <node id="-1075" visible="true" lat="43.187863537864" lon="-72.809205318018">
    <!-- conflict: "461 Main Street, South Londonderry, VT" Fuzzy match to "461 Main Street, , VT" -->
    <tag k="addr:city" v="South Londonderry"/>
    <tag k="addr:housenumber" v="461"/>
    <tag k="addr:street" v="Main Street"/>
    <tag k="addr:state" v="VT"/>
    <tag k="ref:vcgi:esiteid" v="141658"/>
  </node>
  <node id="-1076" visible="true" lat="43.187878312454" lon="-72.804528533992">
    <!-- conflict: "78 Doe Lane, South Londonderry, VT" Fuzzy match to "78 Doe Lane, , VT" -->
    <tag k="addr:city" v="South Londonderry"/>
    <tag k="addr:housenumber" v="78"/>
    <tag k="addr:street" v="Doe Lane"/>
    <tag k="addr:state" v="VT"/>
    <tag k="ref:vcgi:esiteid" v="141659"/>
  </node>
  <node id="-1077" visible="true" lat="43.187768168217" lon="-72.808373714643">
    <!-- conflict: "507 Main Street, South Londonderry, VT" Fuzzy match to "507 Main Street, , VT" -->
    <tag k="addr:city" v="South Londonderry"/>
    <tag k="addr:housenumber" v="507"/>
    <tag k="addr:street" v="Main Street"/>
    <tag k="addr:state" v="VT"/>
    <tag k="ref:vcgi:esiteid" v="141660"/>
  </node>
  <node id="-1078" visible="true" lat="43.187705472559" lon="-72.808175671092">
    <!-- conflict: "521 Main Street, South Londonderry, VT" Fuzzy match to "521 Main Street, , VT" -->
    <tag k="addr:city" v="South Londonderry"/>
    <tag k="addr:housenumber" v="521"/>
    <tag k="addr:street" v="Main Street"/>
    <tag k="addr:state" v="VT"/>
    <tag k="ref:vcgi:esiteid" v="141661"/>
  </node>
  <node id="-1079" visible="true" lat="43.187733837703" lon="-72.810891415082">
    <!-- conflict: "392 West River Street, South Londonderry, VT" Fuzzy match to "392 West River Street, , VT" -->
    <tag k="addr:city" v="South Londonderry"/>
    <tag k="addr:housenumber" v="392"/>
    <tag k="addr:street" v="West River Street"/>
    <tag k="addr:state" v="VT"/>
    <tag k="ref:vcgi:esiteid" v="141662"/>
  </node>
  <node id="-1080" visible="true" lat="43.187649913089" lon="-72.81736114424">
    <!-- conflict: "282 Melendy Hill Road, South Londonderry, VT" Fuzzy match to "282 Melendy Hill Road, , VT" -->
    <tag k="addr:city" v="South Londonderry"/>
    <tag k="addr:housenumber" v="282"/>
    <tag k="addr:street" v="Melendy Hill Road"/>
    <tag k="addr:state" v="VT"/>
    <tag k="ref:vcgi:esiteid" v="141664"/>
  </node>
  <node id="-1081" visible="true" lat="43.187602257982" lon="-72.813882936469">
    <!-- conflict: "2631 Vermont Route 100, South Londonderry, VT" Fuzzy match to "2631 Vermont Route 100, , VT" -->
    <tag k="addr:city" v="South Londonderry"/>
    <tag k="addr:housenumber" v="2631"/>
    <tag k="addr:street" v="Vermont Route 100"/>
    <tag k="addr:state" v="VT"/>
    <tag k="ref:vcgi:esiteid" v="141665"/>
  </node>
  <node id="-1082" visible="true" lat="43.18755833838" lon="-72.809686479659">
    <!-- conflict: "448 Main Street, South Londonderry, VT" Fuzzy match to "448 Main Street, , VT" -->
    <tag k="addr:city" v="South Londonderry"/>
    <tag k="addr:housenumber" v="448"/>
    <tag k="addr:street" v="Main Street"/>
    <tag k="addr:state" v="VT"/>
    <tag k="ref:vcgi:esiteid" v="141666"/>
  </node>
  <node id="-1083" visible="true" lat="43.187524027577" lon="-72.807587886986">
    <!-- conflict: "545 Main Street, South Londonderry, VT" Fuzzy match to "545 Main Street, , VT" -->
    <tag k="addr:city" v="South Londonderry"/>
    <tag k="addr:housenumber" v="545"/>
    <tag k="addr:street" v="Main Street"/>
    <tag k="addr:state" v="VT"/>
    <tag k="ref:vcgi:esiteid" v="141667"/>
  </node>
  <node id="-1084" visible="true" lat="43.187538802128" lon="-72.80431491035">
    <!-- conflict: "64 Doe Lane, South Londonderry, VT" Fuzzy match to "64 Doe Lane, , VT" -->
    <tag k="addr:city" v="South Londonderry"/>
    <tag k="addr:housenumber" v="64"/>
    <tag k="addr:street" v="Doe Lane"/>
    <tag k="addr:state" v="VT"/>
    <tag k="ref:vcgi:esiteid" v="141668"/>
  </node>
  <node id="-1085" visible="true" lat="43.18758122885" lon="-72.782220649">
    <!-- conflict: "1049 Under The Mountain Road, South Londonderry, VT" Fuzzy match to "1049 Under The Mountain Road, , VT" -->
    <tag k="addr:city" v="South Londonderry"/>
    <tag k="addr:housenumber" v="1049"/>
    <tag k="addr:street" v="Under The Mountain Road"/>
    <tag k="addr:state" v="VT"/>
    <tag k="ref:vcgi:esiteid" v="141669"/>
  </node>
  <node id="-1086" visible="true" lat="43.187479611264" lon="-72.809193893061">
    <!-- conflict: "466 Main Street, South Londonderry, VT" Fuzzy match to "466 Main Street, , VT" -->
    <tag k="addr:city" v="South Londonderry"/>
    <tag k="addr:housenumber" v="466"/>
    <tag k="addr:street" v="Main Street"/>
    <tag k="addr:state" v="VT"/>
    <tag k="ref:vcgi:esiteid" v="141670"/>
  </node>
  <node id="-1087" visible="true" lat="43.18721122334" lon="-72.816300658236">
    <!-- conflict: "290 Melendy Hill Road, South Londonderry, VT" Fuzzy match to "290 Melendy Hill Road, , VT" -->
    <tag k="addr:city" v="South Londonderry"/>
    <tag k="addr:housenumber" v="290"/>
    <tag k="addr:street" v="Melendy Hill Road"/>
    <tag k="addr:state" v="VT"/>
    <tag k="ref:vcgi:esiteid" v="141671"/>
  </node>
  <node id="-1088" visible="true" lat="43.187253186112" lon="-72.785729663957">
    <!-- conflict: "1192 Under The Mountain Road, South Londonderry, VT" Fuzzy match to "1192 Under The Mountain Road, , VT" -->
    <tag k="addr:city" v="South Londonderry"/>
    <tag k="addr:housenumber" v="1192"/>
    <tag k="addr:street" v="Under The Mountain Road"/>
    <tag k="addr:state" v="VT"/>
    <tag k="ref:vcgi:esiteid" v="141672"/>
  </node>
  <node id="-1089" visible="true" lat="43.18715781874" lon="-72.806489253017">
    <!-- conflict: "605 Main Street, South Londonderry, VT" Fuzzy match to "605 Main Street, , VT" -->
    <tag k="addr:city" v="South Londonderry"/>
    <tag k="addr:housenumber" v="605"/>
    <tag k="addr:street" v="Main Street"/>
    <tag k="addr:state" v="VT"/>
    <tag k="ref:vcgi:esiteid" v="141673"/>
  </node>
  <node id="-1090" visible="true" lat="43.18708533919" lon="-72.80622985332">
    <!-- conflict: "619 Main Street, South Londonderry, VT" Fuzzy match to "619 Main Street, , VT" -->
    <tag k="addr:city" v="South Londonderry"/>
    <tag k="addr:housenumber" v="619"/>
    <tag k="addr:street" v="Main Street"/>
    <tag k="addr:state" v="VT"/>
    <tag k="ref:vcgi:esiteid" v="141674"/>
  </node>
  <node id="-1091" visible="true" lat="43.18700600695" lon="-72.804616116193">
    <!-- conflict: "707 Thompsonburg Road, South Londonderry, VT" Fuzzy match to "707 Thompsonburg Road, , VT" -->
    <tag k="addr:city" v="South Londonderry"/>
    <tag k="addr:housenumber" v="707"/>
    <tag k="addr:street" v="Thompsonburg Road"/>
    <tag k="addr:state" v="VT"/>
    <tag k="ref:vcgi:esiteid" v="141675"/>
  </node>
  <node id="-1092" visible="true" lat="43.187013021724" lon="-72.797897364223">
    <!-- conflict: "20 Cross Road, South Londonderry, VT" Fuzzy match to "20 Cross Road, , VT" -->
    <tag k="addr:city" v="South Londonderry"/>
    <tag k="addr:housenumber" v="20"/>
    <tag k="addr:street" v="Cross Road"/>
    <tag k="addr:state" v="VT"/>
    <tag k="ref:vcgi:esiteid" v="141676"/>
  </node>
  <node id="-1093" visible="true" lat="43.187081504399" lon="-72.784822273981">
    <!-- conflict: "1203 Under The Mountain Road, South Londonderry, VT" Fuzzy match to "1203 Under The Mountain Road, , VT" -->
    <tag k="addr:city" v="South Londonderry"/>
    <tag k="addr:housenumber" v="1203"/>
    <tag k="addr:street" v="Under The Mountain Road"/>
    <tag k="addr:state" v="VT"/>
    <tag k="ref:vcgi:esiteid" v="141677"/>
  </node>
  <node id="-1094" visible="true" lat="43.18703526425" lon="-72.803818999876">
    <!-- conflict: "14 Doe Lane, South Londonderry, VT" Fuzzy match to "14 Doe Lane, , VT" -->
    <tag k="addr:city" v="South Londonderry"/>
    <tag k="addr:housenumber" v="14"/>
    <tag k="addr:street" v="Doe Lane"/>
    <tag k="addr:state" v="VT"/>
    <tag k="ref:vcgi:esiteid" v="141678"/>
  </node>
  <node id="-1095" visible="true" lat="43.187062090616" lon="-72.814512087652">
    <!-- conflict: "94 Windy Rise Lane West, South Londonderry, VT" Fuzzy match to "94 Windy Rise Lane West, , VT" -->
    <tag k="addr:city" v="South Londonderry"/>
    <tag k="addr:housenumber" v="94"/>
    <tag k="addr:street" v="Windy Rise Lane West"/>
    <tag k="addr:state" v="VT"/>
    <tag k="ref:vcgi:esiteid" v="141679"/>
  </node>
  <node id="-1096" visible="true" lat="43.186833567278" lon="-72.842133796447">
    <!-- conflict: "352 Lyons Road, South Londonderry, VT" Fuzzy match to "352 Lyons Road, , VT" -->
    <tag k="addr:city" v="South Londonderry"/>
    <tag k="addr:housenumber" v="352"/>
    <tag k="addr:street" v="Lyons Road"/>
    <tag k="addr:state" v="VT"/>
    <tag k="ref:vcgi:esiteid" v="141680"/>
  </node>
  <node id="-1097" visible="true" lat="43.186864085465" lon="-72.815278318511">
    <!-- conflict: "111 Windy Rise Lane West, South Londonderry, VT" Fuzzy match to "111 Windy Rise Lane West, , VT" -->
    <tag k="addr:city" v="South Londonderry"/>
    <tag k="addr:housenumber" v="111"/>
    <tag k="addr:street" v="Windy Rise Lane West"/>
    <tag k="addr:state" v="VT"/>
    <tag k="ref:vcgi:esiteid" v="141682"/>
  </node>
  <node id="-1098" visible="true" lat="43.186753458527" lon="-72.813882138794">
    <!-- conflict: "50 Windy Rise Lane West, South Londonderry, VT" Fuzzy match to "50 Windy Rise Lane West, , VT" -->
    <tag k="addr:city" v="South Londonderry"/>
    <tag k="addr:housenumber" v="50"/>
    <tag k="addr:street" v="Windy Rise Lane West"/>
    <tag k="addr:state" v="VT"/>
    <tag k="ref:vcgi:esiteid" v="141683"/>
  </node>
  <node id="-1099" visible="true" lat="43.18670378895" lon="-72.797417610762">
    <!-- conflict: "82 Cross Road, South Londonderry, VT" Fuzzy match to "82 Cross Road, , VT" -->
    <tag k="addr:city" v="South Londonderry"/>
    <tag k="addr:housenumber" v="82"/>
    <tag k="addr:street" v="Cross Road"/>
    <tag k="addr:state" v="VT"/>
    <tag k="ref:vcgi:esiteid" v="141684"/>
  </node>
  <node id="-1100" visible="true" lat="43.186497873018" lon="-72.843720710646">
    <!-- conflict: "281 Lyons Road, South Londonderry, VT" Fuzzy match to "281 Lyons Road, , VT" -->
    <tag k="addr:city" v="South Londonderry"/>
    <tag k="addr:housenumber" v="281"/>
    <tag k="addr:street" v="Lyons Road"/>
    <tag k="addr:state" v="VT"/>
    <tag k="ref:vcgi:esiteid" v="141685"/>
  </node>
  <node id="-1101" visible="true" lat="43.186524094266" lon="-72.803391752475">
    <!-- conflict: "765 Thompsonburg Road, South Londonderry, VT" Fuzzy match to "765 Thompsonburg Road, , VT" -->
    <tag k="addr:city" v="South Londonderry"/>
    <tag k="addr:housenumber" v="765"/>
    <tag k="addr:street" v="Thompsonburg Road"/>
    <tag k="addr:state" v="VT"/>
    <tag k="ref:vcgi:esiteid" v="141686"/>
  </node>
  <node id="-1102" visible="true" lat="43.186443290078" lon="-72.813628367138">
    <!-- conflict: "30 Windy Rise Lane West, South Londonderry, VT" Fuzzy match to "30 Windy Rise Lane West, , VT" -->
    <tag k="addr:city" v="South Londonderry"/>
    <tag k="addr:housenumber" v="30"/>
    <tag k="addr:street" v="Windy Rise Lane West"/>
    <tag k="addr:state" v="VT"/>
    <tag k="ref:vcgi:esiteid" v="141687"/>
  </node>
  <node id="-1103" visible="true" lat="43.186528146384" lon="-72.811298810422">
    <!-- conflict: "2540 Vermont Route 100, South Londonderry, VT" Fuzzy match to "2540 Vermont Route 100, , VT" -->
    <tag k="addr:city" v="South Londonderry"/>
    <tag k="addr:housenumber" v="2540"/>
    <tag k="addr:street" v="Vermont Route 100"/>
    <tag k="addr:state" v="VT"/>
    <tag k="ref:vcgi:esiteid" v="141688"/>
  </node>
  <node id="-1104" visible="true" lat="43.186364359488" lon="-72.808045649178">
    <!-- conflict: "564 West River Street, South Londonderry, VT" Fuzzy match to "564 West River Street, , VT" -->
    <tag k="addr:city" v="South Londonderry"/>
    <tag k="addr:housenumber" v="564"/>
    <tag k="addr:street" v="West River Street"/>
    <tag k="addr:state" v="VT"/>
    <tag k="ref:vcgi:esiteid" v="141689"/>
  </node>
  <node id="-1105" visible="true" lat="43.186280602647" lon="-72.814276395269">
    <!-- conflict: "45 Windy Rise Lane West, South Londonderry, VT" Fuzzy match to "45 Windy Rise Lane West, , VT" -->
    <tag k="addr:city" v="South Londonderry"/>
    <tag k="addr:housenumber" v="45"/>
    <tag k="addr:street" v="Windy Rise Lane West"/>
    <tag k="addr:state" v="VT"/>
    <tag k="ref:vcgi:esiteid" v="141690"/>
  </node>
  <node id="-1106" visible="true" lat="43.186173625627" lon="-72.809510493886">
    <!-- conflict: "494 West River Street, South Londonderry, VT" Fuzzy match to "494 West River Street, , VT" -->
    <tag k="addr:city" v="South Londonderry"/>
    <tag k="addr:housenumber" v="494"/>
    <tag k="addr:street" v="West River Street"/>
    <tag k="addr:state" v="VT"/>
    <tag k="ref:vcgi:esiteid" v="141691"/>
  </node>
  <node id="-1107" visible="true" lat="43.186051553135" lon="-72.847123420502">
    <!-- conflict: "1414 Spring Hill Road, South Londonderry, VT" Fuzzy match to "1414 Spring Hill Road, , VT" -->
    <tag k="addr:city" v="South Londonderry"/>
    <tag k="addr:housenumber" v="1414"/>
    <tag k="addr:street" v="Spring Hill Road"/>
    <tag k="addr:state" v="VT"/>
    <tag k="ref:vcgi:esiteid" v="141692"/>
  </node>
  <node id="-1108" visible="true" lat="43.185967629163" lon="-72.854195873365">
    <!-- conflict: "1743 Spring Hill Road, South Londonderry, VT" Fuzzy match to "1743 Spring Hill Road, , VT" -->
    <tag k="addr:city" v="South Londonderry"/>
    <tag k="addr:housenumber" v="1743"/>
    <tag k="addr:street" v="Spring Hill Road"/>
    <tag k="addr:state" v="VT"/>
    <tag k="ref:vcgi:esiteid" v="141693"/>
  </node>
  <node id="-1109" visible="true" lat="43.185997665849" lon="-72.800355252763">
    <!-- conflict: "951 Thompsonburg Road, South Londonderry, VT" Fuzzy match to "951 Thompsonburg Road, , VT" -->
    <tag k="addr:city" v="South Londonderry"/>
    <tag k="addr:housenumber" v="951"/>
    <tag k="addr:street" v="Thompsonburg Road"/>
    <tag k="addr:state" v="VT"/>
    <tag k="ref:vcgi:esiteid" v="141694"/>
  </node>
  <node id="-1110" visible="true" lat="43.18594807502" lon="-72.801537809086">
    <!-- conflict: "877 Thompsonburg Road, South Londonderry, VT" Fuzzy match to "877 Thompsonburg Road, , VT" -->
    <tag k="addr:city" v="South Londonderry"/>
    <tag k="addr:housenumber" v="877"/>
    <tag k="addr:street" v="Thompsonburg Road"/>
    <tag k="addr:state" v="VT"/>
    <tag k="ref:vcgi:esiteid" v="141695"/>
  </node>
  <node id="-1111" visible="true" lat="43.185895151367" lon="-72.815728452394">
    <!-- conflict: "369 Melendy Hill Road, South Londonderry, VT" Fuzzy match to "369 Melendy Hill Road, , VT" -->
    <tag k="addr:city" v="South Londonderry"/>
    <tag k="addr:housenumber" v="369"/>
    <tag k="addr:street" v="Melendy Hill Road"/>
    <tag k="addr:state" v="VT"/>
    <tag k="ref:vcgi:esiteid" v="141696"/>
  </node>
  <node id="-1112" visible="true" lat="43.185757821389" lon="-72.854905406036">
    <!-- conflict: "1699 Spring Hill Road, South Londonderry, VT" Fuzzy match to "1699 Spring Hill Road, , VT" -->
    <tag k="addr:city" v="South Londonderry"/>
    <tag k="addr:housenumber" v="1699"/>
    <tag k="addr:street" v="Spring Hill Road"/>
    <tag k="addr:state" v="VT"/>
    <tag k="ref:vcgi:esiteid" v="141697"/>
  </node>
  <node id="-1113" visible="true" lat="43.184941477572" lon="-72.817124632235">
    <!-- conflict: "452 Melendy Hill Road, South Londonderry, VT" Fuzzy match to "452 Melendy Hill Road, , VT" -->
    <tag k="addr:city" v="South Londonderry"/>
    <tag k="addr:housenumber" v="452"/>
    <tag k="addr:street" v="Melendy Hill Road"/>
    <tag k="addr:state" v="VT"/>
    <tag k="ref:vcgi:esiteid" v="141698"/>
  </node>
  <node id="-1114" visible="true" lat="43.184529410312" lon="-72.800072640622">
    <!-- conflict: "297 Rowes Road, South Londonderry, VT" Fuzzy match to "297 Rowes Road, , VT" -->
    <tag k="addr:city" v="South Londonderry"/>
    <tag k="addr:housenumber" v="297"/>
    <tag k="addr:street" v="Rowes Road"/>
    <tag k="addr:state" v="VT"/>
    <tag k="ref:vcgi:esiteid" v="141699"/>
  </node>
  <node id="-1115" visible="true" lat="43.184556115733" lon="-72.784424747606">
    <!-- conflict: "1373 Under The Mountain Road, South Londonderry, VT" Fuzzy match to "1373 Under The Mountain Road, , VT" -->
    <tag k="addr:city" v="South Londonderry"/>
    <tag k="addr:housenumber" v="1373"/>
    <tag k="addr:street" v="Under The Mountain Road"/>
    <tag k="addr:state" v="VT"/>
    <tag k="ref:vcgi:esiteid" v="141700"/>
  </node>
  <node id="-1116" visible="true" lat="43.184243386568" lon="-72.858292859879">
    <!-- conflict: "1685 Spring Hill Road, South Londonderry, VT" Fuzzy match to "1685 Spring Hill Road, , VT" -->
    <tag k="addr:city" v="South Londonderry"/>
    <tag k="addr:housenumber" v="1685"/>
    <tag k="addr:street" v="Spring Hill Road"/>
    <tag k="addr:state" v="VT"/>
    <tag k="ref:vcgi:esiteid" v="141701"/>
  </node>
  <node id="-1117" visible="true" lat="43.184109872631" lon="-72.85578278663">
    <!-- conflict: "1683 Spring Hill Road, South Londonderry, VT" Fuzzy match to "1683 Spring Hill Road, , VT" -->
    <tag k="addr:city" v="South Londonderry"/>
    <tag k="addr:housenumber" v="1683"/>
    <tag k="addr:street" v="Spring Hill Road"/>
    <tag k="addr:state" v="VT"/>
    <tag k="ref:vcgi:esiteid" v="141702"/>
  </node>
  <node id="-1118" visible="true" lat="43.184408068731" lon="-72.783999345442">
    <!-- conflict: "1375 Under The Mountain Road, South Londonderry, VT" Fuzzy match to "1375 Under The Mountain Road, , VT" -->
    <tag k="addr:city" v="South Londonderry"/>
    <tag k="addr:housenumber" v="1375"/>
    <tag k="addr:street" v="Under The Mountain Road"/>
    <tag k="addr:state" v="VT"/>
    <tag k="ref:vcgi:esiteid" v="141703"/>
  </node>
  <node id="-1119" visible="true" lat="43.184102245385" lon="-72.812211300621">
    <!-- conflict: "125 Windy Rise Lane East, South Londonderry, VT" Fuzzy match to "125 Windy Rise Lane East, , VT" -->
    <tag k="addr:city" v="South Londonderry"/>
    <tag k="addr:housenumber" v="125"/>
    <tag k="addr:street" v="Windy Rise Lane East"/>
    <tag k="addr:state" v="VT"/>
    <tag k="ref:vcgi:esiteid" v="141704"/>
  </node>
  <node id="-1120" visible="true" lat="43.183993671956" lon="-72.815020254424">
    <!-- conflict: "2317 Vermont Route 100, South Londonderry, VT" Fuzzy match to "2317 Vermont Route 100, , VT" -->
    <tag k="addr:city" v="South Londonderry"/>
    <tag k="addr:housenumber" v="2317"/>
    <tag k="addr:street" v="Vermont Route 100"/>
    <tag k="addr:state" v="VT"/>
    <tag k="ref:vcgi:esiteid" v="141705"/>
  </node>
  <node id="-1121" visible="true" lat="43.183702732156" lon="-72.809027405073">
    <!-- conflict: "167 Windy Rise Lane East, South Londonderry, VT" Fuzzy match to "167 Windy Rise Lane East, , VT" -->
    <tag k="addr:city" v="South Londonderry"/>
    <tag k="addr:housenumber" v="167"/>
    <tag k="addr:street" v="Windy Rise Lane East"/>
    <tag k="addr:state" v="VT"/>
    <tag k="ref:vcgi:esiteid" v="141706"/>
  </node>
  <node id="-1122" visible="true" lat="43.183652108801" lon="-72.849862376534">
    <!-- conflict: "1463 Spring Hill Road, South Londonderry, VT" Fuzzy match to "1463 Spring Hill Road, , VT" -->
    <tag k="addr:city" v="South Londonderry"/>
    <tag k="addr:housenumber" v="1463"/>
    <tag k="addr:street" v="Spring Hill Road"/>
    <tag k="addr:state" v="VT"/>
    <tag k="ref:vcgi:esiteid" v="141707"/>
  </node>
  <node id="-1123" visible="true" lat="43.183453194843" lon="-72.84903760467">
    <!-- conflict: "1423 Spring Hill Road, South Londonderry, VT" Fuzzy match to "1423 Spring Hill Road, , VT" -->
    <tag k="addr:city" v="South Londonderry"/>
    <tag k="addr:housenumber" v="1423"/>
    <tag k="addr:street" v="Spring Hill Road"/>
    <tag k="addr:state" v="VT"/>
    <tag k="ref:vcgi:esiteid" v="141708"/>
  </node>
  <node id="-1124" visible="true" lat="43.183716960562" lon="-72.785523670835">
    <!-- conflict: "1434 Under The Mountain Road, South Londonderry, VT" Fuzzy match to "1434 Under The Mountain Road, , VT" -->
    <tag k="addr:city" v="South Londonderry"/>
    <tag k="addr:housenumber" v="1434"/>
    <tag k="addr:street" v="Under The Mountain Road"/>
    <tag k="addr:state" v="VT"/>
    <tag k="ref:vcgi:esiteid" v="141709"/>
  </node>
  <node id="-1125" visible="true" lat="43.183446115292" lon="-72.812897946691">
    <!-- conflict: "150 Windy Rise Lane East, South Londonderry, VT" Fuzzy match to "150 Windy Rise Lane East, , VT" -->
    <tag k="addr:city" v="South Londonderry"/>
    <tag k="addr:housenumber" v="150"/>
    <tag k="addr:street" v="Windy Rise Lane East"/>
    <tag k="addr:state" v="VT"/>
    <tag k="ref:vcgi:esiteid" v="141710"/>
  </node>
  <node id="-1126" visible="true" lat="43.18353898787" lon="-72.790151437672">
    <!-- conflict: "549 Cross Road, South Londonderry, VT" Fuzzy match to "549 Cross Road, , VT" -->
    <tag k="addr:city" v="South Londonderry"/>
    <tag k="addr:housenumber" v="549"/>
    <tag k="addr:street" v="Cross Road"/>
    <tag k="addr:state" v="VT"/>
    <tag k="ref:vcgi:esiteid" v="141711"/>
  </node>
  <node id="-1127" visible="true" lat="43.183312600238" lon="-72.846627511385">
    <!-- conflict: "1300 Spring Hill Road, South Londonderry, VT" Fuzzy match to "1300 Spring Hill Road, , VT" -->
    <tag k="addr:city" v="South Londonderry"/>
    <tag k="addr:housenumber" v="1300"/>
    <tag k="addr:street" v="Spring Hill Road"/>
    <tag k="addr:state" v="VT"/>
    <tag k="ref:vcgi:esiteid" v="141712"/>
  </node>
  <node id="-1128" visible="true" lat="43.183280149046" lon="-72.814701667259">
    <!-- conflict: "2294 Vermont Route 100, South Londonderry, VT" Fuzzy match to "2294 Vermont Route 100, , VT" -->
    <tag k="addr:city" v="South Londonderry"/>
    <tag k="addr:housenumber" v="2294"/>
    <tag k="addr:street" v="Vermont Route 100"/>
    <tag k="addr:state" v="VT"/>
    <tag k="ref:vcgi:esiteid" v="141713"/>
  </node>
  <node id="-1129" visible="true" lat="43.18314856974" lon="-72.81160094985">
    <!-- conflict: "197 Windy Rise Lane East, South Londonderry, VT" Fuzzy match to "197 Windy Rise Lane East, , VT" -->
    <tag k="addr:city" v="South Londonderry"/>
    <tag k="addr:housenumber" v="197"/>
    <tag k="addr:street" v="Windy Rise Lane East"/>
    <tag k="addr:state" v="VT"/>
    <tag k="ref:vcgi:esiteid" v="141714"/>
  </node>
  <node id="-1130" visible="true" lat="43.182902758194" lon="-72.850133668626">
    <!-- conflict: "66 Hilltop Road, South Londonderry, VT" Fuzzy match to "66 Hilltop Road, , VT" -->
    <tag k="addr:city" v="South Londonderry"/>
    <tag k="addr:housenumber" v="66"/>
    <tag k="addr:street" v="Hilltop Road"/>
    <tag k="addr:state" v="VT"/>
    <tag k="ref:vcgi:esiteid" v="141715"/>
  </node>
  <node id="-1131" visible="true" lat="43.183098957585" lon="-72.796823315657">
    <!-- conflict: "350 Cross Road, South Londonderry, VT" Fuzzy match to "350 Cross Road, , VT" -->
    <tag k="addr:city" v="South Londonderry"/>
    <tag k="addr:housenumber" v="350"/>
    <tag k="addr:street" v="Cross Road"/>
    <tag k="addr:state" v="VT"/>
    <tag k="ref:vcgi:esiteid" v="141716"/>
  </node>
  <node id="-1132" visible="true" lat="43.183017318922" lon="-72.847063171347">
    <!-- conflict: "1317 Spring Hill Road, South Londonderry, VT" Fuzzy match to "1317 Spring Hill Road, , VT" -->
    <tag k="addr:city" v="South Londonderry"/>
    <tag k="addr:housenumber" v="1317"/>
    <tag k="addr:street" v="Spring Hill Road"/>
    <tag k="addr:state" v="VT"/>
    <tag k="ref:vcgi:esiteid" v="141717"/>
  </node>
  <node id="-1133" visible="true" lat="43.182877726033" lon="-72.848328866342">
    <!-- conflict: "37 Hilltop Road, South Londonderry, VT" Fuzzy match to "37 Hilltop Road, , VT" -->
    <tag k="addr:city" v="South Londonderry"/>
    <tag k="addr:housenumber" v="37"/>
    <tag k="addr:street" v="Hilltop Road"/>
    <tag k="addr:state" v="VT"/>
    <tag k="ref:vcgi:esiteid" v="141718"/>
  </node>
  <node id="-1134" visible="true" lat="43.182866745941" lon="-72.846462711396">
    <!-- conflict: "1287 Spring Hill Road, South Londonderry, VT" Fuzzy match to "1287 Spring Hill Road, , VT" -->
    <tag k="addr:city" v="South Londonderry"/>
    <tag k="addr:housenumber" v="1287"/>
    <tag k="addr:street" v="Spring Hill Road"/>
    <tag k="addr:state" v="VT"/>
    <tag k="ref:vcgi:esiteid" v="141719"/>
  </node>
  <node id="-1135" visible="true" lat="43.182809060765" lon="-72.844086921192">
    <!-- conflict: "22 Lyons Road, South Londonderry, VT" Fuzzy match to "22 Lyons Road, , VT" -->
    <tag k="addr:city" v="South Londonderry"/>
    <tag k="addr:housenumber" v="22"/>
    <tag k="addr:street" v="Lyons Road"/>
    <tag k="addr:state" v="VT"/>
    <tag k="ref:vcgi:esiteid" v="141720"/>
  </node>
  <node id="-1136" visible="true" lat="43.182636665715" lon="-72.790682092366">
    <!-- conflict: "504 Cross Road, South Londonderry, VT" Fuzzy match to "504 Cross Road, , VT" -->
    <tag k="addr:city" v="South Londonderry"/>
    <tag k="addr:housenumber" v="504"/>
    <tag k="addr:street" v="Cross Road"/>
    <tag k="addr:state" v="VT"/>
    <tag k="ref:vcgi:esiteid" v="141721"/>
  </node>
  <node id="-1137" visible="true" lat="43.182289690609" lon="-72.847348530072">
    <!-- conflict: "1351 Spring Hill Road, South Londonderry, VT" Fuzzy match to "1351 Spring Hill Road, , VT" -->
    <tag k="addr:city" v="South Londonderry"/>
    <tag k="addr:housenumber" v="1351"/>
    <tag k="addr:street" v="Spring Hill Road"/>
    <tag k="addr:state" v="VT"/>
    <tag k="ref:vcgi:esiteid" v="141722"/>
  </node>
  <node id="-1138" visible="true" lat="43.182382760947" lon="-72.849959098084">
    <!-- conflict: "25 Hilltop North, South Londonderry, VT" Fuzzy match to "25 Hilltop North, , VT" -->
    <tag k="addr:city" v="South Londonderry"/>
    <tag k="addr:housenumber" v="25"/>
    <tag k="addr:street" v="Hilltop North"/>
    <tag k="addr:state" v="VT"/>
    <tag k="ref:vcgi:esiteid" v="141723"/>
  </node>
  <node id="-1139" visible="true" lat="43.182465611964" lon="-72.810261263992">
    <!-- conflict: "301 Windy Rise Lane East, South Londonderry, VT" Fuzzy match to "301 Windy Rise Lane East, , VT" -->
    <tag k="addr:city" v="South Londonderry"/>
    <tag k="addr:housenumber" v="301"/>
    <tag k="addr:street" v="Windy Rise Lane East"/>
    <tag k="addr:state" v="VT"/>
    <tag k="ref:vcgi:esiteid" v="141724"/>
  </node>
  <node id="-1140" visible="true" lat="43.182532634245" lon="-72.815569094442">
    <!-- conflict: "2218 Vermont Route 100, South Londonderry, VT" Fuzzy match to "2218 Vermont Route 100, , VT" -->
    <tag k="addr:city" v="South Londonderry"/>
    <tag k="addr:housenumber" v="2218"/>
    <tag k="addr:street" v="Vermont Route 100"/>
    <tag k="addr:state" v="VT"/>
    <tag k="ref:vcgi:esiteid" v="141725"/>
  </node>
  <node id="-1141" visible="true" lat="43.182251222581" lon="-72.848571508748">
    <!-- conflict: "93 Hilltop Road, South Londonderry, VT" Fuzzy match to "93 Hilltop Road, , VT" -->
    <tag k="addr:city" v="South Londonderry"/>
    <tag k="addr:housenumber" v="93"/>
    <tag k="addr:street" v="Hilltop Road"/>
    <tag k="addr:state" v="VT"/>
    <tag k="ref:vcgi:esiteid" v="141726"/>
  </node>
  <node id="-1142" visible="true" lat="43.182178556181" lon="-72.815829696788">
    <!-- conflict: "2194 Vermont Route 100, South Londonderry, VT" Fuzzy match to "2194 Vermont Route 100, , VT" -->
    <tag k="addr:city" v="South Londonderry"/>
    <tag k="addr:housenumber" v="2194"/>
    <tag k="addr:street" v="Vermont Route 100"/>
    <tag k="addr:state" v="VT"/>
    <tag k="ref:vcgi:esiteid" v="141727"/>
  </node>
  <node id="-1143" visible="true" lat="43.182126264399" lon="-72.849866169511">
    <!-- conflict: "3 Hilltop North, South Londonderry, VT" Fuzzy match to "3 Hilltop North, , VT" -->
    <tag k="addr:city" v="South Londonderry"/>
    <tag k="addr:housenumber" v="3"/>
    <tag k="addr:street" v="Hilltop North"/>
    <tag k="addr:state" v="VT"/>
    <tag k="ref:vcgi:esiteid" v="141728"/>
  </node>
  <node id="-1144" visible="true" lat="43.181950579286" lon="-72.847817269954">
    <!-- conflict: "97 Hilltop Road, South Londonderry, VT" Fuzzy match to "97 Hilltop Road, , VT" -->
    <tag k="addr:city" v="South Londonderry"/>
    <tag k="addr:housenumber" v="97"/>
    <tag k="addr:street" v="Hilltop Road"/>
    <tag k="addr:state" v="VT"/>
    <tag k="ref:vcgi:esiteid" v="141729"/>
  </node>
  <node id="-1145" visible="true" lat="43.181862784742" lon="-72.849680953964">
    <!-- conflict: "1 Hilltop North, South Londonderry, VT" Fuzzy match to "1 Hilltop North, , VT" -->
    <tag k="addr:city" v="South Londonderry"/>
    <tag k="addr:housenumber" v="1"/>
    <tag k="addr:street" v="Hilltop North"/>
    <tag k="addr:state" v="VT"/>
    <tag k="ref:vcgi:esiteid" v="141730"/>
  </node>
  <node id="-1146" visible="true" lat="43.182004160131" lon="-72.809624934929">
    <!-- conflict: "303 Windy Rise Lane East, South Londonderry, VT" Fuzzy match to "303 Windy Rise Lane East, , VT" -->
    <tag k="addr:city" v="South Londonderry"/>
    <tag k="addr:housenumber" v="303"/>
    <tag k="addr:street" v="Windy Rise Lane East"/>
    <tag k="addr:state" v="VT"/>
    <tag k="ref:vcgi:esiteid" v="141731"/>
  </node>
  <node id="-1147" visible="true" lat="43.181843459295" lon="-72.848145837716">
    <!-- conflict: "95 Hilltop Road, South Londonderry, VT" Fuzzy match to "95 Hilltop Road, , VT" -->
    <tag k="addr:city" v="South Londonderry"/>
    <tag k="addr:housenumber" v="95"/>
    <tag k="addr:street" v="Hilltop Road"/>
    <tag k="addr:state" v="VT"/>
    <tag k="ref:vcgi:esiteid" v="141732"/>
  </node>
  <node id="-1148" visible="true" lat="43.181914861752" lon="-72.786632396834">
    <!-- conflict: "712 Cross Road, South Londonderry, VT" Fuzzy match to "712 Cross Road, , VT" -->
    <tag k="addr:city" v="South Londonderry"/>
    <tag k="addr:housenumber" v="712"/>
    <tag k="addr:street" v="Cross Road"/>
    <tag k="addr:state" v="VT"/>
    <tag k="ref:vcgi:esiteid" v="141733"/>
  </node>
  <node id="-1149" visible="true" lat="43.181176388539" lon="-72.851750334463">
    <!-- conflict: "288 Hilltop Road, South Londonderry, VT" Fuzzy match to "288 Hilltop Road, , VT" -->
    <tag k="addr:city" v="South Londonderry"/>
    <tag k="addr:housenumber" v="288"/>
    <tag k="addr:street" v="Hilltop Road"/>
    <tag k="addr:state" v="VT"/>
    <tag k="ref:vcgi:esiteid" v="141734"/>
  </node>
  <node id="-1150" visible="true" lat="43.181610997787" lon="-72.849564374559">
    <!-- conflict: "150 Hilltop Road, South Londonderry, VT" Fuzzy match to "150 Hilltop Road, , VT" -->
    <tag k="addr:city" v="South Londonderry"/>
    <tag k="addr:housenumber" v="150"/>
    <tag k="addr:street" v="Hilltop Road"/>
    <tag k="addr:state" v="VT"/>
    <tag k="ref:vcgi:esiteid" v="141735"/>
  </node>
  <node id="-1151" visible="true" lat="43.181761789297" lon="-72.785924721657">
    <!-- conflict: "746 Cross Road, South Londonderry, VT" Fuzzy match to "746 Cross Road, , VT" -->
    <tag k="addr:city" v="South Londonderry"/>
    <tag k="addr:housenumber" v="746"/>
    <tag k="addr:street" v="Cross Road"/>
    <tag k="addr:state" v="VT"/>
    <tag k="ref:vcgi:esiteid" v="141736"/>
  </node>
  <node id="-1152" visible="true" lat="43.181573099195" lon="-72.85041932099">
    <!-- conflict: "220 Hilltop Road, South Londonderry, VT" Fuzzy match to "220 Hilltop Road, , VT" -->
    <tag k="addr:city" v="South Londonderry"/>
    <tag k="addr:housenumber" v="220"/>
    <tag k="addr:street" v="Hilltop Road"/>
    <tag k="addr:state" v="VT"/>
    <tag k="ref:vcgi:esiteid" v="141737"/>
  </node>
  <node id="-1153" visible="true" lat="43.181470102531" lon="-72.81005218161">
    <!-- conflict: "339 Windy Rise Lane East, South Londonderry, VT" Fuzzy match to "339 Windy Rise Lane East, , VT" -->
    <tag k="addr:city" v="South Londonderry"/>
    <tag k="addr:housenumber" v="339"/>
    <tag k="addr:street" v="Windy Rise Lane East"/>
    <tag k="addr:state" v="VT"/>
    <tag k="ref:vcgi:esiteid" v="141738"/>
  </node>
  <node id="-1154" visible="true" lat="43.181309884104" lon="-72.849068916222">
    <!-- conflict: "173 Hilltop Road, South Londonderry, VT" Fuzzy match to "173 Hilltop Road, , VT" -->
    <tag k="addr:city" v="South Londonderry"/>
    <tag k="addr:housenumber" v="173"/>
    <tag k="addr:street" v="Hilltop Road"/>
    <tag k="addr:state" v="VT"/>
    <tag k="ref:vcgi:esiteid" v="141739"/>
  </node>
  <node id="-1155" visible="true" lat="43.181294625508" lon="-72.840852056459">
    <!-- conflict: "976 Spring Hill Road, South Londonderry, VT" Fuzzy match to "976 Spring Hill Road, , VT" -->
    <tag k="addr:city" v="South Londonderry"/>
    <tag k="addr:housenumber" v="976"/>
    <tag k="addr:street" v="Spring Hill Road"/>
    <tag k="addr:state" v="VT"/>
    <tag k="ref:vcgi:esiteid" v="141740"/>
  </node>
  <node id="-1156" visible="true" lat="43.181169595082" lon="-72.816790211658">
    <!-- conflict: "2108 Vermont Route 100, South Londonderry, VT" Fuzzy match to "2108 Vermont Route 100, , VT" -->
    <tag k="addr:city" v="South Londonderry"/>
    <tag k="addr:housenumber" v="2108"/>
    <tag k="addr:street" v="Vermont Route 100"/>
    <tag k="addr:state" v="VT"/>
    <tag k="ref:vcgi:esiteid" v="141741"/>
  </node>
  <node id="-1157" visible="true" lat="43.181138145367" lon="-72.781617128153">
    <!-- conflict: "1751 Under The Mountain Road, South Londonderry, VT" Fuzzy match to "1751 Under The Mountain Road, , VT" -->
    <tag k="addr:city" v="South Londonderry"/>
    <tag k="addr:housenumber" v="1751"/>
    <tag k="addr:street" v="Under The Mountain Road"/>
    <tag k="addr:state" v="VT"/>
    <tag k="ref:vcgi:esiteid" v="141742"/>
  </node>
  <node id="-1158" visible="true" lat="43.180788649556" lon="-72.851058269497">
    <!-- conflict: "259 Hilltop Road, South Londonderry, VT" Fuzzy match to "259 Hilltop Road, , VT" -->
    <tag k="addr:city" v="South Londonderry"/>
    <tag k="addr:housenumber" v="259"/>
    <tag k="addr:street" v="Hilltop Road"/>
    <tag k="addr:state" v="VT"/>
    <tag k="ref:vcgi:esiteid" v="141743"/>
  </node>
  <node id="-1159" visible="true" lat="43.180886453706" lon="-72.809167171578">
    <!-- conflict: "345 Windy Rise Lane East, South Londonderry, VT" Fuzzy match to "345 Windy Rise Lane East, , VT" -->
    <tag k="addr:city" v="South Londonderry"/>
    <tag k="addr:housenumber" v="345"/>
    <tag k="addr:street" v="Windy Rise Lane East"/>
    <tag k="addr:state" v="VT"/>
    <tag k="ref:vcgi:esiteid" v="141744"/>
  </node>
  <node id="-1160" visible="true" lat="43.180954755441" lon="-72.818464090047">
    <!-- conflict: "745 Melendy Hill Road, South Londonderry, VT" Fuzzy match to "745 Melendy Hill Road, , VT" -->
    <tag k="addr:city" v="South Londonderry"/>
    <tag k="addr:housenumber" v="745"/>
    <tag k="addr:street" v="Melendy Hill Road"/>
    <tag k="addr:state" v="VT"/>
    <tag k="ref:vcgi:esiteid" v="141745"/>
  </node>
  <node id="-1161" visible="true" lat="43.180821603859" lon="-72.811318659761">
    <!-- conflict: "404 Windy Rise Lane East, South Londonderry, VT" Fuzzy match to "404 Windy Rise Lane East, , VT" -->
    <tag k="addr:city" v="South Londonderry"/>
    <tag k="addr:housenumber" v="404"/>
    <tag k="addr:street" v="Windy Rise Lane East"/>
    <tag k="addr:state" v="VT"/>
    <tag k="ref:vcgi:esiteid" v="141746"/>
  </node>
  <node id="-1162" visible="true" lat="43.180170731639" lon="-72.841105358328">
    <!-- conflict: "10 Haven Hill Road, South Londonderry, VT" Fuzzy match to "10 Haven Hill Road, , VT" -->
    <tag k="addr:city" v="South Londonderry"/>
    <tag k="addr:housenumber" v="10"/>
    <tag k="addr:street" v="Haven Hill Road"/>
    <tag k="addr:state" v="VT"/>
    <tag k="ref:vcgi:esiteid" v="141747"/>
  </node>
  <node id="-1163" visible="true" lat="43.180361483944" lon="-72.817342363637">
    <!-- conflict: "2046 Vermont Route 100, South Londonderry, VT" Fuzzy match to "2046 Vermont Route 100, , VT" -->
    <tag k="addr:city" v="South Londonderry"/>
    <tag k="addr:housenumber" v="2046"/>
    <tag k="addr:street" v="Vermont Route 100"/>
    <tag k="addr:state" v="VT"/>
    <tag k="ref:vcgi:esiteid" v="141748"/>
  </node>
  <node id="-1164" visible="true" lat="43.180081926332" lon="-72.812334014966">
    <!-- conflict: "486 Windy Rise Lane East, South Londonderry, VT" Fuzzy match to "486 Windy Rise Lane East, , VT" -->
    <tag k="addr:city" v="South Londonderry"/>
    <tag k="addr:housenumber" v="486"/>
    <tag k="addr:street" v="Windy Rise Lane East"/>
    <tag k="addr:state" v="VT"/>
    <tag k="ref:vcgi:esiteid" v="141749"/>
  </node>
  <node id="-1165" visible="true" lat="43.179678171426" lon="-72.817212866761">
    <!-- conflict: "1994 Vermont Route 100, South Londonderry, VT" Fuzzy match to "1994 Vermont Route 100, , VT" -->
    <tag k="addr:city" v="South Londonderry"/>
    <tag k="addr:housenumber" v="1994"/>
    <tag k="addr:street" v="Vermont Route 100"/>
    <tag k="addr:state" v="VT"/>
    <tag k="ref:vcgi:esiteid" v="141750"/>
  </node>
  <node id="-1166" visible="true" lat="43.17982815557" lon="-72.786662294701">
    <!-- conflict: "1720 Under The Mountain Road, South Londonderry, VT" Fuzzy match to "1720 Under The Mountain Road, , VT" -->
    <tag k="addr:city" v="South Londonderry"/>
    <tag k="addr:housenumber" v="1720"/>
    <tag k="addr:street" v="Under The Mountain Road"/>
    <tag k="addr:state" v="VT"/>
    <tag k="ref:vcgi:esiteid" v="141751"/>
  </node>
  <node id="-1167" visible="true" lat="43.17938483963" lon="-72.811281725483">
    <!-- conflict: "487 Windy Rise Lane East, South Londonderry, VT" Fuzzy match to "487 Windy Rise Lane East, , VT" -->
    <tag k="addr:city" v="South Londonderry"/>
    <tag k="addr:housenumber" v="487"/>
    <tag k="addr:street" v="Windy Rise Lane East"/>
    <tag k="addr:state" v="VT"/>
    <tag k="ref:vcgi:esiteid" v="141752"/>
  </node>
  <node id="-1168" visible="true" lat="43.179437416565" lon="-72.818156316288">
    <!-- conflict: "1954 Vermont Route 100, South Londonderry, VT" Fuzzy match to "1954 Vermont Route 100, , VT" -->
    <tag k="addr:city" v="South Londonderry"/>
    <tag k="addr:housenumber" v="1954"/>
    <tag k="addr:street" v="Vermont Route 100"/>
    <tag k="addr:state" v="VT"/>
    <tag k="ref:vcgi:esiteid" v="141753"/>
  </node>
  <node id="-1169" visible="true" lat="43.17880892901" lon="-72.83678522633">
    <!-- conflict: "709 Spring Hill Road, South Londonderry, VT" Fuzzy match to "709 Spring Hill Road, , VT" -->
    <tag k="addr:city" v="South Londonderry"/>
    <tag k="addr:housenumber" v="709"/>
    <tag k="addr:street" v="Spring Hill Road"/>
    <tag k="addr:state" v="VT"/>
    <tag k="ref:vcgi:esiteid" v="141754"/>
  </node>
  <node id="-1170" visible="true" lat="43.178460726689" lon="-72.809342429222">
    <!-- conflict: "619 Windy Rise Lane East, South Londonderry, VT" Fuzzy match to "619 Windy Rise Lane East, , VT" -->
    <tag k="addr:city" v="South Londonderry"/>
    <tag k="addr:housenumber" v="619"/>
    <tag k="addr:street" v="Windy Rise Lane East"/>
    <tag k="addr:state" v="VT"/>
    <tag k="ref:vcgi:esiteid" v="141755"/>
  </node>
  <node id="-1171" visible="true" lat="43.178242866954" lon="-72.816842344853">
    <!-- conflict: "101 Smith Haven Lane, South Londonderry, VT" Fuzzy match to "101 Smith Haven Lane, , VT" -->
    <tag k="addr:city" v="South Londonderry"/>
    <tag k="addr:housenumber" v="101"/>
    <tag k="addr:street" v="Smith Haven Lane"/>
    <tag k="addr:state" v="VT"/>
    <tag k="ref:vcgi:esiteid" v="141756"/>
  </node>
  <node id="-1172" visible="true" lat="43.178228990976" lon="-72.818060266948">
    <!-- conflict: "50 Smith Haven Lane, South Londonderry, VT" Fuzzy match to "50 Smith Haven Lane, , VT" -->
    <tag k="addr:city" v="South Londonderry"/>
    <tag k="addr:housenumber" v="50"/>
    <tag k="addr:street" v="Smith Haven Lane"/>
    <tag k="addr:state" v="VT"/>
    <tag k="ref:vcgi:esiteid" v="141757"/>
  </node>
  <node id="-1173" visible="true" lat="43.178221308415" lon="-72.824808454162">
    <!-- conflict: "252 Glebe View Lane, South Londonderry, VT" Fuzzy match to "252 Glebe View Lane, , VT" -->
    <tag k="addr:city" v="South Londonderry"/>
    <tag k="addr:housenumber" v="252"/>
    <tag k="addr:street" v="Glebe View Lane"/>
    <tag k="addr:state" v="VT"/>
    <tag k="ref:vcgi:esiteid" v="141758"/>
  </node>
  <node id="-1174" visible="true" lat="43.1781360571" lon="-72.812203670661">
    <!-- conflict: "536 Windy Rise Lane East, South Londonderry, VT" Fuzzy match to "536 Windy Rise Lane East, , VT" -->
    <tag k="addr:city" v="South Londonderry"/>
    <tag k="addr:housenumber" v="536"/>
    <tag k="addr:street" v="Windy Rise Lane East"/>
    <tag k="addr:state" v="VT"/>
    <tag k="ref:vcgi:esiteid" v="141759"/>
  </node>
  <node id="-1175" visible="true" lat="43.178181696838" lon="-72.827552669545">
    <!-- conflict: "330 Glebe View Lane, South Londonderry, VT" Fuzzy match to "330 Glebe View Lane, , VT" -->
    <tag k="addr:city" v="South Londonderry"/>
    <tag k="addr:housenumber" v="330"/>
    <tag k="addr:street" v="Glebe View Lane"/>
    <tag k="addr:state" v="VT"/>
    <tag k="ref:vcgi:esiteid" v="141760"/>
  </node>
  <node id="-1176" visible="true" lat="43.177924609545" lon="-72.820187775239">
    <!-- conflict: "960 Melendy Hill Road, South Londonderry, VT" Fuzzy match to "960 Melendy Hill Road, , VT" -->
    <tag k="addr:city" v="South Londonderry"/>
    <tag k="addr:housenumber" v="960"/>
    <tag k="addr:street" v="Melendy Hill Road"/>
    <tag k="addr:state" v="VT"/>
    <tag k="ref:vcgi:esiteid" v="141761"/>
  </node>
  <node id="-1177" visible="true" lat="43.177918617634" lon="-72.818269041977">
    <!-- conflict: "48 Smith Haven Lane, South Londonderry, VT" Fuzzy match to "48 Smith Haven Lane, , VT" -->
    <tag k="addr:city" v="South Londonderry"/>
    <tag k="addr:housenumber" v="48"/>
    <tag k="addr:street" v="Smith Haven Lane"/>
    <tag k="addr:state" v="VT"/>
    <tag k="ref:vcgi:esiteid" v="141762"/>
  </node>
  <node id="-1178" visible="true" lat="43.177903358984" lon="-72.816895748861">
    <!-- conflict: "117 Smith Haven Lane, South Londonderry, VT" Fuzzy match to "117 Smith Haven Lane, , VT" -->
    <tag k="addr:city" v="South Londonderry"/>
    <tag k="addr:housenumber" v="117"/>
    <tag k="addr:street" v="Smith Haven Lane"/>
    <tag k="addr:state" v="VT"/>
    <tag k="ref:vcgi:esiteid" v="141763"/>
  </node>
  <node id="-1179" visible="true" lat="43.178154395994" lon="-72.784293013789">
    <!-- conflict: "1841 Under The Mountain Road, South Londonderry, VT" Fuzzy match to "1841 Under The Mountain Road, , VT" -->
    <tag k="addr:city" v="South Londonderry"/>
    <tag k="addr:housenumber" v="1841"/>
    <tag k="addr:street" v="Under The Mountain Road"/>
    <tag k="addr:state" v="VT"/>
    <tag k="ref:vcgi:esiteid" v="141764"/>
  </node>
  <node id="-1180" visible="true" lat="43.177615396785" lon="-72.822681978015">
    <!-- conflict: "151 Glebe View Lane, South Londonderry, VT" Fuzzy match to "151 Glebe View Lane, , VT" -->
    <tag k="addr:city" v="South Londonderry"/>
    <tag k="addr:housenumber" v="151"/>
    <tag k="addr:street" v="Glebe View Lane"/>
    <tag k="addr:state" v="VT"/>
    <tag k="ref:vcgi:esiteid" v="141765"/>
  </node>
  <node id="-1181" visible="true" lat="43.177318908688" lon="-72.827395884272">
    <!-- conflict: "380 Glebe View Lane, South Londonderry, VT" Fuzzy match to "380 Glebe View Lane, , VT" -->
    <tag k="addr:city" v="South Londonderry"/>
    <tag k="addr:housenumber" v="380"/>
    <tag k="addr:street" v="Glebe View Lane"/>
    <tag k="addr:state" v="VT"/>
    <tag k="ref:vcgi:esiteid" v="141766"/>
  </node>
  <node id="-1182" visible="true" lat="43.177367314512" lon="-72.812066074237">
    <!-- conflict: "566 Windy Rise Lane East, South Londonderry, VT" Fuzzy match to "566 Windy Rise Lane East, , VT" -->
    <tag k="addr:city" v="South Londonderry"/>
    <tag k="addr:housenumber" v="566"/>
    <tag k="addr:street" v="Windy Rise Lane East"/>
    <tag k="addr:state" v="VT"/>
    <tag k="ref:vcgi:esiteid" v="141767"/>
  </node>
  <node id="-1183" visible="true" lat="43.177380727515" lon="-72.784333989817">
    <!-- conflict: "1853 Under The Mountain Road, South Londonderry, VT" Fuzzy match to "1853 Under The Mountain Road, , VT" -->
    <tag k="addr:city" v="South Londonderry"/>
    <tag k="addr:housenumber" v="1853"/>
    <tag k="addr:street" v="Under The Mountain Road"/>
    <tag k="addr:state" v="VT"/>
    <tag k="ref:vcgi:esiteid" v="141768"/>
  </node>
  <node id="-1184" visible="true" lat="43.177281563831" lon="-72.817414547786">
    <!-- conflict: "169 Smith Haven Lane, South Londonderry, VT" Fuzzy match to "169 Smith Haven Lane, , VT" -->
    <tag k="addr:city" v="South Londonderry"/>
    <tag k="addr:housenumber" v="169"/>
    <tag k="addr:street" v="Smith Haven Lane"/>
    <tag k="addr:state" v="VT"/>
    <tag k="ref:vcgi:esiteid" v="141769"/>
  </node>
  <node id="-1185" visible="true" lat="43.176980201988" lon="-72.845811164317">
    <!-- conflict: "386 Haven Hill Road, South Londonderry, VT" Fuzzy match to "386 Haven Hill Road, , VT" -->
    <tag k="addr:city" v="South Londonderry"/>
    <tag k="addr:housenumber" v="386"/>
    <tag k="addr:street" v="Haven Hill Road"/>
    <tag k="addr:state" v="VT"/>
    <tag k="ref:vcgi:esiteid" v="141770"/>
  </node>
  <node id="-1186" visible="true" lat="43.176770395054" lon="-72.811272883796">
    <!-- conflict: "568 Windy Rise Lane East, South Londonderry, VT" Fuzzy match to "568 Windy Rise Lane East, , VT" -->
    <tag k="addr:city" v="South Londonderry"/>
    <tag k="addr:housenumber" v="568"/>
    <tag k="addr:street" v="Windy Rise Lane East"/>
    <tag k="addr:state" v="VT"/>
    <tag k="ref:vcgi:esiteid" v="141771"/>
  </node>
  <node id="-1187" visible="true" lat="43.176419441041" lon="-72.82853058093">
    <!-- conflict: "484 Glebe View Lane, South Londonderry, VT" Fuzzy match to "484 Glebe View Lane, , VT" -->
    <tag k="addr:city" v="South Londonderry"/>
    <tag k="addr:housenumber" v="484"/>
    <tag k="addr:street" v="Glebe View Lane"/>
    <tag k="addr:state" v="VT"/>
    <tag k="ref:vcgi:esiteid" v="141772"/>
  </node>
  <node id="-1188" visible="true" lat="43.175366585542" lon="-72.817178039091">
    <!-- conflict: "167 No Name Road, South Londonderry, VT" Fuzzy match to "167 No Name Road, , VT" -->
    <tag k="addr:city" v="South Londonderry"/>
    <tag k="addr:housenumber" v="167"/>
    <tag k="addr:street" v="No Name Road"/>
    <tag k="addr:state" v="VT"/>
    <tag k="ref:vcgi:esiteid" v="141773"/>
  </node>
  <node id="-1189" visible="true" lat="43.175099555863" lon="-72.832124027237">
    <!-- conflict: "326 Spring Hill Road, South Londonderry, VT" Fuzzy match to "326 Spring Hill Road, , VT" -->
    <tag k="addr:city" v="South Londonderry"/>
    <tag k="addr:housenumber" v="326"/>
    <tag k="addr:street" v="Spring Hill Road"/>
    <tag k="addr:state" v="VT"/>
    <tag k="ref:vcgi:esiteid" v="141774"/>
  </node>
  <node id="-1190" visible="true" lat="43.174200372313" lon="-72.820021927412">
    <!-- conflict: "34 No Name Road, South Londonderry, VT" Fuzzy match to "34 No Name Road, , VT" -->
    <tag k="addr:city" v="South Londonderry"/>
    <tag k="addr:housenumber" v="34"/>
    <tag k="addr:street" v="No Name Road"/>
    <tag k="addr:state" v="VT"/>
    <tag k="ref:vcgi:esiteid" v="141775"/>
  </node>
  <node id="-1191" visible="true" lat="43.174008552803" lon="-72.834328922523">
    <!-- conflict: "309 Spring Hill Road, South Londonderry, VT" Fuzzy match to "309 Spring Hill Road, , VT" -->
    <tag k="addr:city" v="South Londonderry"/>
    <tag k="addr:housenumber" v="309"/>
    <tag k="addr:street" v="Spring Hill Road"/>
    <tag k="addr:state" v="VT"/>
    <tag k="ref:vcgi:esiteid" v="141776"/>
  </node>
  <node id="-1192" visible="true" lat="43.17521036411" lon="-72.78626886406">
    <!-- conflict: "2070 Under The Mountain Road, South Londonderry, VT" Fuzzy match to "2070 Under The Mountain Road, , VT" -->
    <tag k="addr:city" v="South Londonderry"/>
    <tag k="addr:housenumber" v="2070"/>
    <tag k="addr:street" v="Under The Mountain Road"/>
    <tag k="addr:state" v="VT"/>
    <tag k="ref:vcgi:esiteid" v="141777"/>
  </node>
  <node id="-1193" visible="true" lat="43.173920814826" lon="-72.848664558772">
    <!-- conflict: "662 Haven Hill Road, South Londonderry, VT" Fuzzy match to "662 Haven Hill Road, , VT" -->
    <tag k="addr:city" v="South Londonderry"/>
    <tag k="addr:housenumber" v="662"/>
    <tag k="addr:street" v="Haven Hill Road"/>
    <tag k="addr:state" v="VT"/>
    <tag k="ref:vcgi:esiteid" v="141778"/>
  </node>
  <node id="-1194" visible="true" lat="43.173913184586" lon="-72.819230344744">
    <!-- conflict: "94 No Name Road, South Londonderry, VT" Fuzzy match to "94 No Name Road, , VT" -->
    <tag k="addr:city" v="South Londonderry"/>
    <tag k="addr:housenumber" v="94"/>
    <tag k="addr:street" v="No Name Road"/>
    <tag k="addr:state" v="VT"/>
    <tag k="ref:vcgi:esiteid" v="141779"/>
  </node>
  <node id="-1195" visible="true" lat="43.173688118291" lon="-72.818101194724">
    <!-- conflict: "140 No Name Road, South Londonderry, VT" Fuzzy match to "140 No Name Road, , VT" -->
    <tag k="addr:city" v="South Londonderry"/>
    <tag k="addr:housenumber" v="140"/>
    <tag k="addr:street" v="No Name Road"/>
    <tag k="addr:state" v="VT"/>
    <tag k="ref:vcgi:esiteid" v="141780"/>
  </node>
  <node id="-1196" visible="true" lat="43.173653846436" lon="-72.822199308398">
    <!-- conflict: "1519 Vermont Route 100, South Londonderry, VT" Fuzzy match to "1519 Vermont Route 100, , VT" -->
    <tag k="addr:city" v="South Londonderry"/>
    <tag k="addr:housenumber" v="1519"/>
    <tag k="addr:street" v="Vermont Route 100"/>
    <tag k="addr:state" v="VT"/>
    <tag k="ref:vcgi:esiteid" v="141781"/>
  </node>
  <node id="-1197" visible="true" lat="43.173405752674" lon="-72.785233460239">
    <!-- conflict: "2153 Under The Mountain Road, South Londonderry, VT" Fuzzy match to "2153 Under The Mountain Road, , VT" -->
    <tag k="addr:city" v="South Londonderry"/>
    <tag k="addr:housenumber" v="2153"/>
    <tag k="addr:street" v="Under The Mountain Road"/>
    <tag k="addr:state" v="VT"/>
    <tag k="ref:vcgi:esiteid" v="141782"/>
  </node>
  <node id="-1198" visible="true" lat="43.173241797912" lon="-72.817307737493">
    <!-- conflict: "252 No Name Road, South Londonderry, VT" Fuzzy match to "252 No Name Road, , VT" -->
    <tag k="addr:city" v="South Londonderry"/>
    <tag k="addr:housenumber" v="252"/>
    <tag k="addr:street" v="No Name Road"/>
    <tag k="addr:state" v="VT"/>
    <tag k="ref:vcgi:esiteid" v="141783"/>
  </node>
  <node id="-1199" visible="true" lat="43.172936622274" lon="-72.840226444981">
    <!-- conflict: "464 Deerwood Hill, South Londonderry, VT" Fuzzy match to "464 Deerwood Hill, , VT" -->
    <tag k="addr:city" v="South Londonderry"/>
    <tag k="addr:housenumber" v="464"/>
    <tag k="addr:street" v="Deerwood Hill"/>
    <tag k="addr:state" v="VT"/>
    <tag k="ref:vcgi:esiteid" v="141784"/>
  </node>
  <node id="-1200" visible="true" lat="43.172932807159" lon="-72.837945256996">
    <!-- conflict: "392 Deerwood Hill, South Londonderry, VT" Fuzzy match to "392 Deerwood Hill, , VT" -->
    <tag k="addr:city" v="South Londonderry"/>
    <tag k="addr:housenumber" v="392"/>
    <tag k="addr:street" v="Deerwood Hill"/>
    <tag k="addr:state" v="VT"/>
    <tag k="ref:vcgi:esiteid" v="141785"/>
  </node>
  <node id="-1201" visible="true" lat="43.173012791023" lon="-72.821672688593">
    <!-- conflict: "1475 Vermont Route 100, South Londonderry, VT" Fuzzy match to "1475 Vermont Route 100, , VT" -->
    <tag k="addr:city" v="South Londonderry"/>
    <tag k="addr:housenumber" v="1475"/>
    <tag k="addr:street" v="Vermont Route 100"/>
    <tag k="addr:state" v="VT"/>
    <tag k="ref:vcgi:esiteid" v="141786"/>
  </node>
  <node id="-1202" visible="true" lat="43.172879402993" lon="-72.816148069094">
    <!-- conflict: "275 No Name Road, South Londonderry, VT" Fuzzy match to "275 No Name Road, , VT" -->
    <tag k="addr:city" v="South Londonderry"/>
    <tag k="addr:housenumber" v="275"/>
    <tag k="addr:street" v="No Name Road"/>
    <tag k="addr:state" v="VT"/>
    <tag k="ref:vcgi:esiteid" v="141787"/>
  </node>
  <node id="-1203" visible="true" lat="43.172265235683" lon="-72.838143620201">
    <!-- conflict: "390 Deerwood Hill, South Londonderry, VT" Fuzzy match to "390 Deerwood Hill, , VT" -->
    <tag k="addr:city" v="South Londonderry"/>
    <tag k="addr:housenumber" v="390"/>
    <tag k="addr:street" v="Deerwood Hill"/>
    <tag k="addr:state" v="VT"/>
    <tag k="ref:vcgi:esiteid" v="141788"/>
  </node>
  <node id="-1204" visible="true" lat="43.172238532844" lon="-72.817147519477">
    <!-- conflict: "322 No Name Road, South Londonderry, VT" Fuzzy match to "322 No Name Road, , VT" -->
    <tag k="addr:city" v="South Londonderry"/>
    <tag k="addr:housenumber" v="322"/>
    <tag k="addr:street" v="No Name Road"/>
    <tag k="addr:state" v="VT"/>
    <tag k="ref:vcgi:esiteid" v="141789"/>
  </node>
  <node id="-1205" visible="true" lat="43.172146979944" lon="-72.814385678566">
    <!-- conflict: "119 Magoon Road, South Londonderry, VT" Fuzzy match to "119 Magoon Road, , VT" -->
    <tag k="addr:city" v="South Londonderry"/>
    <tag k="addr:housenumber" v="119"/>
    <tag k="addr:street" v="Magoon Road"/>
    <tag k="addr:state" v="VT"/>
    <tag k="ref:vcgi:esiteid" v="141790"/>
  </node>
  <node id="-1206" visible="true" lat="43.171727745642" lon="-72.859184173124">
    <!-- conflict: "970 Haven Hill Road, South Londonderry, VT" Fuzzy match to "970 Haven Hill Road, , VT" -->
    <tag k="addr:city" v="South Londonderry"/>
    <tag k="addr:housenumber" v="970"/>
    <tag k="addr:street" v="Haven Hill Road"/>
    <tag k="addr:state" v="VT"/>
    <tag k="ref:vcgi:esiteid" v="141791"/>
  </node>
  <node id="-1207" visible="true" lat="43.17199465396" lon="-72.786989950171">
    <!-- conflict: "2224 Under The Mountain Road, South Londonderry, VT" Fuzzy match to "2224 Under The Mountain Road, , VT" -->
    <tag k="addr:city" v="South Londonderry"/>
    <tag k="addr:housenumber" v="2224"/>
    <tag k="addr:street" v="Under The Mountain Road"/>
    <tag k="addr:state" v="VT"/>
    <tag k="ref:vcgi:esiteid" v="141792"/>
  </node>
  <node id="-1208" visible="true" lat="43.171824373656" lon="-72.820996510106">
    <!-- conflict: "49 Winhall Station Road, South Londonderry, VT" Fuzzy match to "49 Winhall Station Road, , VT" -->
    <tag k="addr:city" v="South Londonderry"/>
    <tag k="addr:housenumber" v="49"/>
    <tag k="addr:street" v="Winhall Station Road"/>
    <tag k="addr:state" v="VT"/>
    <tag k="ref:vcgi:esiteid" v="141793"/>
  </node>
  <node id="-1209" visible="true" lat="43.171818202074" lon="-72.821271080492">
    <!-- conflict: "13 Winhall Station Road, South Londonderry, VT" Fuzzy match to "13 Winhall Station Road, , VT" -->
    <tag k="addr:city" v="South Londonderry"/>
    <tag k="addr:housenumber" v="13"/>
    <tag k="addr:street" v="Winhall Station Road"/>
    <tag k="addr:state" v="VT"/>
    <tag k="ref:vcgi:esiteid" v="141794"/>
  </node>
  <node id="-1210" visible="true" lat="43.171832918821" lon="-72.819702186385">
    <!-- conflict: "97 Winhall Station Road, South Londonderry, VT" Fuzzy match to "97 Winhall Station Road, , VT" -->
    <tag k="addr:city" v="South Londonderry"/>
    <tag k="addr:housenumber" v="97"/>
    <tag k="addr:street" v="Winhall Station Road"/>
    <tag k="addr:state" v="VT"/>
    <tag k="ref:vcgi:esiteid" v="141795"/>
  </node>
  <node id="-1211" visible="true" lat="43.17159842299" lon="-72.832336443551">
    <!-- conflict: "70 Cook Brook Road, South Londonderry, VT" Fuzzy match to "70 Cook Brook Road, , VT" -->
    <tag k="addr:city" v="South Londonderry"/>
    <tag k="addr:housenumber" v="70"/>
    <tag k="addr:street" v="Cook Brook Road"/>
    <tag k="addr:state" v="VT"/>
    <tag k="ref:vcgi:esiteid" v="141796"/>
  </node>
  <node id="-1212" visible="true" lat="43.171670143525" lon="-72.813172604399">
    <!-- conflict: "177 Magoon Road, South Londonderry, VT" Fuzzy match to "177 Magoon Road, , VT" -->
    <tag k="addr:city" v="South Londonderry"/>
    <tag k="addr:housenumber" v="177"/>
    <tag k="addr:street" v="Magoon Road"/>
    <tag k="addr:state" v="VT"/>
    <tag k="ref:vcgi:esiteid" v="141797"/>
  </node>
  <node id="-1213" visible="true" lat="43.171643439099" lon="-72.8166134615">
    <!-- conflict: "13 Magoon Road, South Londonderry, VT" Fuzzy match to "13 Magoon Road, , VT" -->
    <tag k="addr:city" v="South Londonderry"/>
    <tag k="addr:housenumber" v="13"/>
    <tag k="addr:street" v="Magoon Road"/>
    <tag k="addr:state" v="VT"/>
    <tag k="ref:vcgi:esiteid" v="141798"/>
  </node>
  <node id="-1214" visible="true" lat="43.171563330716" lon="-72.836686405294">
    <!-- conflict: "342 Deerwood Hill, South Londonderry, VT" Fuzzy match to "342 Deerwood Hill, , VT" -->
    <tag k="addr:city" v="South Londonderry"/>
    <tag k="addr:housenumber" v="342"/>
    <tag k="addr:street" v="Deerwood Hill"/>
    <tag k="addr:state" v="VT"/>
    <tag k="ref:vcgi:esiteid" v="141799"/>
  </node>
  <node id="-1215" visible="true" lat="43.171410742068" lon="-72.859055796448">
    <!-- conflict: "968 Haven Hill Road, South Londonderry, VT" Fuzzy match to "968 Haven Hill Road, , VT" -->
    <tag k="addr:city" v="South Londonderry"/>
    <tag k="addr:housenumber" v="968"/>
    <tag k="addr:street" v="Haven Hill Road"/>
    <tag k="addr:state" v="VT"/>
    <tag k="ref:vcgi:esiteid" v="141800"/>
  </node>
  <node id="-1216" visible="true" lat="43.171490852073" lon="-72.815491941669">
    <!-- conflict: "62 Magoon Road, South Londonderry, VT" Fuzzy match to "62 Magoon Road, , VT" -->
    <tag k="addr:city" v="South Londonderry"/>
    <tag k="addr:housenumber" v="62"/>
    <tag k="addr:street" v="Magoon Road"/>
    <tag k="addr:state" v="VT"/>
    <tag k="ref:vcgi:esiteid" v="141801"/>
  </node>
  <node id="-1217" visible="true" lat="43.171362698823" lon="-72.829292726101">
    <!-- conflict: "60 Spring Hill Road, South Londonderry, VT" Fuzzy match to "60 Spring Hill Road, , VT" -->
    <tag k="addr:city" v="South Londonderry"/>
    <tag k="addr:housenumber" v="60"/>
    <tag k="addr:street" v="Spring Hill Road"/>
    <tag k="addr:state" v="VT"/>
    <tag k="ref:vcgi:esiteid" v="141802"/>
  </node>
  <node id="-1218" visible="true" lat="43.171207736946" lon="-72.833714095232">
    <!-- conflict: "759 Vermont Route 100, South Londonderry, VT" Fuzzy match to "759 Vermont Route 100, , VT" -->
    <tag k="addr:city" v="South Londonderry"/>
    <tag k="addr:housenumber" v="759"/>
    <tag k="addr:street" v="Vermont Route 100"/>
    <tag k="addr:state" v="VT"/>
    <tag k="ref:vcgi:esiteid" v="141803"/>
  </node>
  <node id="-1219" visible="true" lat="43.171218661893" lon="-72.824705375368">
    <!-- conflict: "1227 Vermont Route 100, South Londonderry, VT" Fuzzy match to "1227 Vermont Route 100, , VT" -->
    <tag k="addr:city" v="South Londonderry"/>
    <tag k="addr:housenumber" v="1227"/>
    <tag k="addr:street" v="Vermont Route 100"/>
    <tag k="addr:state" v="VT"/>
    <tag k="ref:vcgi:esiteid" v="141804"/>
  </node>
  <node id="-1220" visible="true" lat="43.171200934145" lon="-72.840913092862">
    <!-- conflict: "484 Deerwood Hill, South Londonderry, VT" Fuzzy match to "484 Deerwood Hill, , VT" -->
    <tag k="addr:city" v="South Londonderry"/>
    <tag k="addr:housenumber" v="484"/>
    <tag k="addr:street" v="Deerwood Hill"/>
    <tag k="addr:state" v="VT"/>
    <tag k="ref:vcgi:esiteid" v="141805"/>
  </node>
  <node id="-1221" visible="true" lat="43.171239012001" lon="-72.822027380376">
    <!-- conflict: "8 Winhall Station Road, South Londonderry, VT" Fuzzy match to "8 Winhall Station Road, , VT" -->
    <tag k="addr:city" v="South Londonderry"/>
    <tag k="addr:housenumber" v="8"/>
    <tag k="addr:street" v="Winhall Station Road"/>
    <tag k="addr:state" v="VT"/>
    <tag k="ref:vcgi:esiteid" v="141806"/>
  </node>
  <node id="-1222" visible="true" lat="43.171063606373" lon="-72.818490293764">
    <!-- conflict: "170 Winhall Station Road, South Londonderry, VT" Fuzzy match to "170 Winhall Station Road, , VT" -->
    <tag k="addr:city" v="South Londonderry"/>
    <tag k="addr:housenumber" v="170"/>
    <tag k="addr:street" v="Winhall Station Road"/>
    <tag k="addr:state" v="VT"/>
    <tag k="ref:vcgi:esiteid" v="141807"/>
  </node>
  <node id="-1223" visible="true" lat="43.171006385737" lon="-72.829942018713">
    <!-- conflict: "951 Vermont Route 100, South Londonderry, VT" Fuzzy match to "951 Vermont Route 100, , VT" -->
    <tag k="addr:city" v="South Londonderry"/>
    <tag k="addr:housenumber" v="951"/>
    <tag k="addr:street" v="Vermont Route 100"/>
    <tag k="addr:state" v="VT"/>
    <tag k="ref:vcgi:esiteid" v="141808"/>
  </node>
  <node id="-1224" visible="true" lat="43.170933905301" lon="-72.853135386262">
    <!-- conflict: "973 Haven Hill Road, South Londonderry, VT" Fuzzy match to "973 Haven Hill Road, , VT" -->
    <tag k="addr:city" v="South Londonderry"/>
    <tag k="addr:housenumber" v="973"/>
    <tag k="addr:street" v="Haven Hill Road"/>
    <tag k="addr:state" v="VT"/>
    <tag k="ref:vcgi:esiteid" v="141809"/>
  </node>
  <node id="-1225" visible="true" lat="43.170783101856" lon="-72.832597346725">
    <!-- conflict: "65 Cook Brook Road, South Londonderry, VT" Fuzzy match to "65 Cook Brook Road, , VT" -->
    <tag k="addr:city" v="South Londonderry"/>
    <tag k="addr:housenumber" v="65"/>
    <tag k="addr:street" v="Cook Brook Road"/>
    <tag k="addr:state" v="VT"/>
    <tag k="ref:vcgi:esiteid" v="141810"/>
  </node>
  <node id="-1226" visible="true" lat="43.170666876985" lon="-72.838296207607">
    <!-- conflict: "387 Deerwood Hill, South Londonderry, VT" Fuzzy match to "387 Deerwood Hill, , VT" -->
    <tag k="addr:city" v="South Londonderry"/>
    <tag k="addr:housenumber" v="387"/>
    <tag k="addr:street" v="Deerwood Hill"/>
    <tag k="addr:state" v="VT"/>
    <tag k="ref:vcgi:esiteid" v="141811"/>
  </node>
  <node id="-1227" visible="true" lat="43.170323553492" lon="-72.83572510177">
    <!-- conflict: "288 Deerwood Hill, South Londonderry, VT" Fuzzy match to "288 Deerwood Hill, , VT" -->
    <tag k="addr:city" v="South Londonderry"/>
    <tag k="addr:housenumber" v="288"/>
    <tag k="addr:street" v="Deerwood Hill"/>
    <tag k="addr:state" v="VT"/>
    <tag k="ref:vcgi:esiteid" v="141812"/>
  </node>
  <node id="-1228" visible="true" lat="43.170258704128" lon="-72.839371954533">
    <!-- conflict: "525 Deerwood Hill, South Londonderry, VT" Fuzzy match to "525 Deerwood Hill, , VT" -->
    <tag k="addr:city" v="South Londonderry"/>
    <tag k="addr:housenumber" v="525"/>
    <tag k="addr:street" v="Deerwood Hill"/>
    <tag k="addr:state" v="VT"/>
    <tag k="ref:vcgi:esiteid" v="141813"/>
  </node>
  <node id="-1229" visible="true" lat="43.170369312468" lon="-72.78577594442">
    <!-- conflict: "2361 Under The Mountain Road, South Londonderry, VT" Fuzzy match to "2361 Under The Mountain Road, , VT" -->
    <tag k="addr:city" v="South Londonderry"/>
    <tag k="addr:housenumber" v="2361"/>
    <tag k="addr:street" v="Under The Mountain Road"/>
    <tag k="addr:state" v="VT"/>
    <tag k="ref:vcgi:esiteid" v="141814"/>
  </node>
  <node id="-1230" visible="true" lat="43.170170966098" lon="-72.840539251094">
    <!-- conflict: "546 Deerwood Hill, South Londonderry, VT" Fuzzy match to "546 Deerwood Hill, , VT" -->
    <tag k="addr:city" v="South Londonderry"/>
    <tag k="addr:housenumber" v="546"/>
    <tag k="addr:street" v="Deerwood Hill"/>
    <tag k="addr:state" v="VT"/>
    <tag k="ref:vcgi:esiteid" v="141815"/>
  </node>
  <node id="-1231" visible="true" lat="43.16968649858" lon="-72.86305360086">
    <!-- conflict: "1192 Haven Hill Road, South Londonderry, VT" Fuzzy match to "1192 Haven Hill Road, , VT" -->
    <tag k="addr:city" v="South Londonderry"/>
    <tag k="addr:housenumber" v="1192"/>
    <tag k="addr:street" v="Haven Hill Road"/>
    <tag k="addr:state" v="VT"/>
    <tag k="ref:vcgi:esiteid" v="141816"/>
  </node>
  <node id="-1232" visible="true" lat="43.169446173841" lon="-72.853555002453">
    <!-- conflict: "1089 Haven Hill Road, South Londonderry, VT" Fuzzy match to "1089 Haven Hill Road, , VT" -->
    <tag k="addr:city" v="South Londonderry"/>
    <tag k="addr:housenumber" v="1089"/>
    <tag k="addr:street" v="Haven Hill Road"/>
    <tag k="addr:state" v="VT"/>
    <tag k="ref:vcgi:esiteid" v="141817"/>
  </node>
  <node id="-1233" visible="true" lat="43.169609993436" lon="-72.838269138263">
    <!-- conflict: "643 Deerwood Hill, South Londonderry, VT" Fuzzy match to "643 Deerwood Hill, , VT" -->
    <tag k="addr:city" v="South Londonderry"/>
    <tag k="addr:housenumber" v="643"/>
    <tag k="addr:street" v="Deerwood Hill"/>
    <tag k="addr:state" v="VT"/>
    <tag k="ref:vcgi:esiteid" v="141818"/>
  </node>
  <node id="-1234" visible="true" lat="43.169349239308" lon="-72.855095142671">
    <!-- conflict: "1127 Haven Hill Road, South Londonderry, VT" Fuzzy match to "1127 Haven Hill Road, , VT" -->
    <tag k="addr:city" v="South Londonderry"/>
    <tag k="addr:housenumber" v="1127"/>
    <tag k="addr:street" v="Haven Hill Road"/>
    <tag k="addr:state" v="VT"/>
    <tag k="ref:vcgi:esiteid" v="141819"/>
  </node>
  <node id="-1235" visible="true" lat="43.169320288422" lon="-72.849458015593">
    <!-- conflict: "841 Haven Hill Road, South Londonderry, VT" Fuzzy match to "841 Haven Hill Road, , VT" -->
    <tag k="addr:city" v="South Londonderry"/>
    <tag k="addr:housenumber" v="841"/>
    <tag k="addr:street" v="Haven Hill Road"/>
    <tag k="addr:state" v="VT"/>
    <tag k="ref:vcgi:esiteid" v="141820"/>
  </node>
  <node id="-1236" visible="true" lat="43.168944231253" lon="-72.833346624618">
    <!-- conflict: "722 Vermont Route 100, South Londonderry, VT" Fuzzy match to "722 Vermont Route 100, , VT" -->
    <tag k="addr:city" v="South Londonderry"/>
    <tag k="addr:housenumber" v="722"/>
    <tag k="addr:street" v="Vermont Route 100"/>
    <tag k="addr:state" v="VT"/>
    <tag k="ref:vcgi:esiteid" v="141821"/>
  </node>
  <node id="-1237" visible="true" lat="43.168854894385" lon="-72.839417729991">
    <!-- conflict: "636 Deerwood Hill, South Londonderry, VT" Fuzzy match to "636 Deerwood Hill, , VT" -->
    <tag k="addr:city" v="South Londonderry"/>
    <tag k="addr:housenumber" v="636"/>
    <tag k="addr:street" v="Deerwood Hill"/>
    <tag k="addr:state" v="VT"/>
    <tag k="ref:vcgi:esiteid" v="141822"/>
  </node>
  <node id="-1238" visible="true" lat="43.168973133011" lon="-72.786325262317">
    <!-- conflict: "2460 Under The Mountain Road, South Londonderry, VT" Fuzzy match to "2460 Under The Mountain Road, , VT" -->
    <tag k="addr:city" v="South Londonderry"/>
    <tag k="addr:housenumber" v="2460"/>
    <tag k="addr:street" v="Under The Mountain Road"/>
    <tag k="addr:state" v="VT"/>
    <tag k="ref:vcgi:esiteid" v="141823"/>
  </node>
  <node id="-1239" visible="true" lat="43.168698493016" lon="-72.83848694365">
    <!-- conflict: "644 Deerwood Hill, South Londonderry, VT" Fuzzy match to "644 Deerwood Hill, , VT" -->
    <tag k="addr:city" v="South Londonderry"/>
    <tag k="addr:housenumber" v="644"/>
    <tag k="addr:street" v="Deerwood Hill"/>
    <tag k="addr:state" v="VT"/>
    <tag k="ref:vcgi:esiteid" v="141824"/>
  </node>
  <node id="-1240" visible="true" lat="43.168145361362" lon="-72.83591583587">
    <!-- conflict: "116 Deerwood Hill, South Londonderry, VT" Fuzzy match to "116 Deerwood Hill, , VT" -->
    <tag k="addr:city" v="South Londonderry"/>
    <tag k="addr:housenumber" v="116"/>
    <tag k="addr:street" v="Deerwood Hill"/>
    <tag k="addr:state" v="VT"/>
    <tag k="ref:vcgi:esiteid" v="141825"/>
  </node>
  <node id="-1241" visible="true" lat="43.168156807293" lon="-72.819886471664">
    <!-- conflict: "1852 Goodaleville Road, South Londonderry, VT" Fuzzy match to "1852 Goodaleville Road, , VT" -->
    <tag k="addr:city" v="South Londonderry"/>
    <tag k="addr:housenumber" v="1852"/>
    <tag k="addr:street" v="Goodaleville Road"/>
    <tag k="addr:state" v="VT"/>
    <tag k="ref:vcgi:esiteid" v="141826"/>
  </node>
  <node id="-1242" visible="true" lat="43.168042365943" lon="-72.815324093594">
    <!-- conflict: "526 Winhall Station Road, South Londonderry, VT" Fuzzy match to "526 Winhall Station Road, , VT" -->
    <tag k="addr:city" v="South Londonderry"/>
    <tag k="addr:housenumber" v="526"/>
    <tag k="addr:street" v="Winhall Station Road"/>
    <tag k="addr:state" v="VT"/>
    <tag k="ref:vcgi:esiteid" v="141827"/>
  </node>
  <node id="-1243" visible="true" lat="43.167840185465" lon="-72.862016002601">
    <!-- conflict: "1412 Haven Hill Road, South Londonderry, VT" Fuzzy match to "1412 Haven Hill Road, , VT" -->
    <tag k="addr:city" v="South Londonderry"/>
    <tag k="addr:housenumber" v="1412"/>
    <tag k="addr:street" v="Haven Hill Road"/>
    <tag k="addr:state" v="VT"/>
    <tag k="ref:vcgi:esiteid" v="141828"/>
  </node>
  <node id="-1244" visible="true" lat="43.167668922213" lon="-72.837517188401">
    <!-- conflict: "487 Vermont Route 100, South Londonderry, VT" Fuzzy match to "487 Vermont Route 100, , VT" -->
    <tag k="addr:city" v="South Londonderry"/>
    <tag k="addr:housenumber" v="487"/>
    <tag k="addr:street" v="Vermont Route 100"/>
    <tag k="addr:state" v="VT"/>
    <tag k="ref:vcgi:esiteid" v="141829"/>
  </node>
  <node id="-1245" visible="true" lat="43.167424383441" lon="-72.855187693562">
    <!-- conflict: "80 White Pine Drive, South Londonderry, VT" Fuzzy match to "80 White Pine Drive, , VT" -->
    <tag k="addr:city" v="South Londonderry"/>
    <tag k="addr:housenumber" v="80"/>
    <tag k="addr:street" v="White Pine Drive"/>
    <tag k="addr:state" v="VT"/>
    <tag k="ref:vcgi:esiteid" v="141830"/>
  </node>
  <node id="-1246" visible="true" lat="43.167262080623" lon="-72.812130770498">
    <!-- conflict: "597 Winhall Station Road, South Londonderry, VT" Fuzzy match to "597 Winhall Station Road, , VT" -->
    <tag k="addr:city" v="South Londonderry"/>
    <tag k="addr:housenumber" v="597"/>
    <tag k="addr:street" v="Winhall Station Road"/>
    <tag k="addr:state" v="VT"/>
    <tag k="ref:vcgi:esiteid" v="141831"/>
  </node>
  <node id="-1247" visible="true" lat="43.166985692746" lon="-72.860604564014">
    <!-- conflict: "1410 Haven Hill Road, South Londonderry, VT" Fuzzy match to "1410 Haven Hill Road, , VT" -->
    <tag k="addr:city" v="South Londonderry"/>
    <tag k="addr:housenumber" v="1410"/>
    <tag k="addr:street" v="Haven Hill Road"/>
    <tag k="addr:state" v="VT"/>
    <tag k="ref:vcgi:esiteid" v="141832"/>
  </node>
  <node id="-1248" visible="true" lat="43.167032236752" lon="-72.834643183045">
    <!-- conflict: "628 Vermont Route 100, South Londonderry, VT" Fuzzy match to "628 Vermont Route 100, , VT" -->
    <tag k="addr:city" v="South Londonderry"/>
    <tag k="addr:housenumber" v="628"/>
    <tag k="addr:street" v="Vermont Route 100"/>
    <tag k="addr:state" v="VT"/>
    <tag k="ref:vcgi:esiteid" v="141833"/>
  </node>
  <node id="-1249" visible="true" lat="43.166962805274" lon="-72.851159372305">
    <!-- conflict: "273 White Pine Drive, South Londonderry, VT" Fuzzy match to "273 White Pine Drive, , VT" -->
    <tag k="addr:city" v="South Londonderry"/>
    <tag k="addr:housenumber" v="273"/>
    <tag k="addr:street" v="White Pine Drive"/>
    <tag k="addr:state" v="VT"/>
    <tag k="ref:vcgi:esiteid" v="141834"/>
  </node>
  <node id="-1250" visible="true" lat="43.166894139636" lon="-72.852692880023">
    <!-- conflict: "226 White Pine Drive, South Londonderry, VT" Fuzzy match to "226 White Pine Drive, , VT" -->
    <tag k="addr:city" v="South Londonderry"/>
    <tag k="addr:housenumber" v="226"/>
    <tag k="addr:street" v="White Pine Drive"/>
    <tag k="addr:state" v="VT"/>
    <tag k="ref:vcgi:esiteid" v="141835"/>
  </node>
  <node id="-1251" visible="true" lat="43.166566076593" lon="-72.858331005336">
    <!-- conflict: "1393 Haven Hill Road, South Londonderry, VT" Fuzzy match to "1393 Haven Hill Road, , VT" -->
    <tag k="addr:city" v="South Londonderry"/>
    <tag k="addr:housenumber" v="1393"/>
    <tag k="addr:street" v="Haven Hill Road"/>
    <tag k="addr:state" v="VT"/>
    <tag k="ref:vcgi:esiteid" v="141836"/>
  </node>
  <node id="-1252" visible="true" lat="43.166190474459" lon="-72.846398366585">
    <!-- conflict: "527 White Pine Drive, South Londonderry, VT" Fuzzy match to "527 White Pine Drive, , VT" -->
    <tag k="addr:city" v="South Londonderry"/>
    <tag k="addr:housenumber" v="527"/>
    <tag k="addr:street" v="White Pine Drive"/>
    <tag k="addr:state" v="VT"/>
    <tag k="ref:vcgi:esiteid" v="141837"/>
  </node>
  <node id="-1253" visible="true" lat="43.16612402022" lon="-72.835130012334">
    <!-- conflict: "516 Vermont Route 100, South Londonderry, VT" Fuzzy match to "516 Vermont Route 100, , VT" -->
    <tag k="addr:city" v="South Londonderry"/>
    <tag k="addr:housenumber" v="516"/>
    <tag k="addr:street" v="Vermont Route 100"/>
    <tag k="addr:state" v="VT"/>
    <tag k="ref:vcgi:esiteid" v="141838"/>
  </node>
  <node id="-1254" visible="true" lat="43.166173178051" lon="-72.837010276801">
    <!-- conflict: "425 Vermont Route 100, South Londonderry, VT" Fuzzy match to "425 Vermont Route 100, , VT" -->
    <tag k="addr:city" v="South Londonderry"/>
    <tag k="addr:housenumber" v="425"/>
    <tag k="addr:street" v="Vermont Route 100"/>
    <tag k="addr:state" v="VT"/>
    <tag k="ref:vcgi:esiteid" v="141839"/>
  </node>
  <node id="-1255" visible="true" lat="43.166192237682" lon="-72.811036371532">
    <!-- conflict: "725 Winhall Station Road, South Londonderry, VT" Fuzzy match to "725 Winhall Station Road, , VT" -->
    <tag k="addr:city" v="South Londonderry"/>
    <tag k="addr:housenumber" v="725"/>
    <tag k="addr:street" v="Winhall Station Road"/>
    <tag k="addr:state" v="VT"/>
    <tag k="ref:vcgi:esiteid" v="141840"/>
  </node>
  <node id="-1256" visible="true" lat="43.165692511445" lon="-72.848969735656">
    <!-- conflict: "427 White Pine Drive, South Londonderry, VT" Fuzzy match to "427 White Pine Drive, , VT" -->
    <tag k="addr:city" v="South Londonderry"/>
    <tag k="addr:housenumber" v="427"/>
    <tag k="addr:street" v="White Pine Drive"/>
    <tag k="addr:state" v="VT"/>
    <tag k="ref:vcgi:esiteid" v="141841"/>
  </node>
  <node id="-1257" visible="true" lat="43.165715381223" lon="-72.786912723818">
    <!-- conflict: "2687 Under The Mountain Road, South Londonderry, VT" Fuzzy match to "2687 Under The Mountain Road, , VT" -->
    <tag k="addr:city" v="South Londonderry"/>
    <tag k="addr:housenumber" v="2687"/>
    <tag k="addr:street" v="Under The Mountain Road"/>
    <tag k="addr:state" v="VT"/>
    <tag k="ref:vcgi:esiteid" v="141842"/>
  </node>
  <node id="-1258" visible="true" lat="43.16478505335" lon="-72.858992739406">
    <!-- conflict: "1517 Haven Hill Road, South Londonderry, VT" Fuzzy match to "1517 Haven Hill Road, , VT" -->
    <tag k="addr:city" v="South Londonderry"/>
    <tag k="addr:housenumber" v="1517"/>
    <tag k="addr:street" v="Haven Hill Road"/>
    <tag k="addr:state" v="VT"/>
    <tag k="ref:vcgi:esiteid" v="141843"/>
  </node>
  <node id="-1259" visible="true" lat="43.165063084426" lon="-72.850716866145">
    <!-- conflict: "348 White Pine Drive, South Londonderry, VT" Fuzzy match to "348 White Pine Drive, , VT" -->
    <tag k="addr:city" v="South Londonderry"/>
    <tag k="addr:housenumber" v="348"/>
    <tag k="addr:street" v="White Pine Drive"/>
    <tag k="addr:state" v="VT"/>
    <tag k="ref:vcgi:esiteid" v="141844"/>
  </node>
  <node id="-1260" visible="true" lat="43.165139381115" lon="-72.812958980223">
    <!-- conflict: "724 Winhall Station Road, South Londonderry, VT" Fuzzy match to "724 Winhall Station Road, , VT" -->
    <tag k="addr:city" v="South Londonderry"/>
    <tag k="addr:housenumber" v="724"/>
    <tag k="addr:street" v="Winhall Station Road"/>
    <tag k="addr:state" v="VT"/>
    <tag k="ref:vcgi:esiteid" v="141845"/>
  </node>
  <node id="-1261" visible="true" lat="43.164807501484" lon="-72.826806336007">
    <!-- conflict: "196 Memorial Drive, South Londonderry, VT" Fuzzy match to "196 Memorial Drive, , VT" -->
    <tag k="addr:city" v="South Londonderry"/>
    <tag k="addr:housenumber" v="196"/>
    <tag k="addr:street" v="Memorial Drive"/>
    <tag k="addr:state" v="VT"/>
    <tag k="ref:vcgi:esiteid" v="141846"/>
  </node>
  <node id="-1262" visible="true" lat="43.16466635716" lon="-72.825547485524">
    <!-- conflict: "215 Memorial Drive, South Londonderry, VT" Fuzzy match to "215 Memorial Drive, , VT" -->
    <tag k="addr:city" v="South Londonderry"/>
    <tag k="addr:housenumber" v="215"/>
    <tag k="addr:street" v="Memorial Drive"/>
    <tag k="addr:state" v="VT"/>
    <tag k="ref:vcgi:esiteid" v="141848"/>
  </node>
  <node id="-1263" visible="true" lat="43.164418956467" lon="-72.844190154318">
    <!-- conflict: "569 Bobcat Run, South Londonderry, VT" Fuzzy match to "569 Bobcat Run, , VT" -->
    <tag k="addr:city" v="South Londonderry"/>
    <tag k="addr:housenumber" v="569"/>
    <tag k="addr:street" v="Bobcat Run"/>
    <tag k="addr:state" v="VT"/>
    <tag k="ref:vcgi:esiteid" v="141849"/>
  </node>
  <node id="-1264" visible="true" lat="43.164280748424" lon="-72.786151810499">
    <!-- conflict: "58 Moonlight Lane, South Londonderry, VT" Fuzzy match to "58 Moonlight Lane, , VT" -->
    <tag k="addr:city" v="South Londonderry"/>
    <tag k="addr:housenumber" v="58"/>
    <tag k="addr:street" v="Moonlight Lane"/>
    <tag k="addr:state" v="VT"/>
    <tag k="ref:vcgi:esiteid" v="141850"/>
  </node>
  <node id="-1265" visible="true" lat="43.164036933447" lon="-72.81134917778">
    <!-- conflict: "836 Winhall Station Road, South Londonderry, VT" Fuzzy match to "836 Winhall Station Road, , VT" -->
    <tag k="addr:city" v="South Londonderry"/>
    <tag k="addr:housenumber" v="836"/>
    <tag k="addr:street" v="Winhall Station Road"/>
    <tag k="addr:state" v="VT"/>
    <tag k="ref:vcgi:esiteid" v="141851"/>
  </node>
  <node id="-1266" visible="true" lat="43.163766069046" lon="-72.791131780328">
    <!-- conflict: "249 Flying Squirrel Lane, South Londonderry, VT" Fuzzy match to "249 Flying Squirrel Lane, , VT" -->
    <tag k="addr:city" v="South Londonderry"/>
    <tag k="addr:housenumber" v="249"/>
    <tag k="addr:street" v="Flying Squirrel Lane"/>
    <tag k="addr:state" v="VT"/>
    <tag k="ref:vcgi:esiteid" v="141852"/>
  </node>
  <node id="-1267" visible="true" lat="43.163718227352" lon="-72.8268278152">
    <!-- conflict: "226 Memorial Drive, South Londonderry, VT" Fuzzy match to "226 Memorial Drive, , VT" -->
    <tag k="addr:city" v="South Londonderry"/>
    <tag k="addr:housenumber" v="226"/>
    <tag k="addr:street" v="Memorial Drive"/>
    <tag k="addr:state" v="VT"/>
    <tag k="ref:vcgi:esiteid" v="141853"/>
  </node>
  <node id="-1268" visible="true" lat="43.163506687792" lon="-72.849709785173">
    <!-- conflict: "624 White Pine Drive, South Londonderry, VT" Fuzzy match to "624 White Pine Drive, , VT" -->
    <tag k="addr:city" v="South Londonderry"/>
    <tag k="addr:housenumber" v="624"/>
    <tag k="addr:street" v="White Pine Drive"/>
    <tag k="addr:state" v="VT"/>
    <tag k="ref:vcgi:esiteid" v="141854"/>
  </node>
  <node id="-1269" visible="true" lat="43.163695783418" lon="-72.836827611855">
    <!-- conflict: "286 Vermont Route 100, South Londonderry, VT" Fuzzy match to "286 Vermont Route 100, , VT" -->
    <tag k="addr:city" v="South Londonderry"/>
    <tag k="addr:housenumber" v="286"/>
    <tag k="addr:street" v="Vermont Route 100"/>
    <tag k="addr:state" v="VT"/>
    <tag k="ref:vcgi:esiteid" v="141855"/>
  </node>
  <node id="-1270" visible="true" lat="43.163414926004" lon="-72.823843742628">
    <!-- conflict: "1491 Goodaleville Road, South Londonderry, VT" Fuzzy match to "1491 Goodaleville Road, , VT" -->
    <tag k="addr:city" v="South Londonderry"/>
    <tag k="addr:housenumber" v="1491"/>
    <tag k="addr:street" v="Goodaleville Road"/>
    <tag k="addr:state" v="VT"/>
    <tag k="ref:vcgi:esiteid" v="141856"/>
  </node>
  <node id="-1271" visible="true" lat="43.163144216319" lon="-72.825327101571">
    <!-- conflict: "316 Memorial Drive, South Londonderry, VT" Fuzzy match to "316 Memorial Drive, , VT" -->
    <tag k="addr:city" v="South Londonderry"/>
    <tag k="addr:housenumber" v="316"/>
    <tag k="addr:street" v="Memorial Drive"/>
    <tag k="addr:state" v="VT"/>
    <tag k="ref:vcgi:esiteid" v="141857"/>
  </node>
  <node id="-1272" visible="true" lat="43.163193626875" lon="-72.787862213644">
    <!-- conflict: "2868 Under The Mountain Road, South Londonderry, VT" Fuzzy match to "2868 Under The Mountain Road, , VT" -->
    <tag k="addr:city" v="South Londonderry"/>
    <tag k="addr:housenumber" v="2868"/>
    <tag k="addr:street" v="Under The Mountain Road"/>
    <tag k="addr:state" v="VT"/>
    <tag k="ref:vcgi:esiteid" v="141858"/>
  </node>
  <node id="-1273" visible="true" lat="43.16302603743" lon="-72.848443306845">
    <!-- conflict: "627 White Pine Drive, South Londonderry, VT" Fuzzy match to "627 White Pine Drive, , VT" -->
    <tag k="addr:city" v="South Londonderry"/>
    <tag k="addr:housenumber" v="627"/>
    <tag k="addr:street" v="White Pine Drive"/>
    <tag k="addr:state" v="VT"/>
    <tag k="ref:vcgi:esiteid" v="141859"/>
  </node>
  <node id="-1274" visible="true" lat="43.162943687221" lon="-72.810392237824">
    <!-- conflict: "919 Winhall Station Road, South Londonderry, VT" Fuzzy match to "919 Winhall Station Road, , VT" -->
    <tag k="addr:city" v="South Londonderry"/>
    <tag k="addr:housenumber" v="919"/>
    <tag k="addr:street" v="Winhall Station Road"/>
    <tag k="addr:state" v="VT"/>
    <tag k="ref:vcgi:esiteid" v="141860"/>
  </node>
  <node id="-1275" visible="true" lat="43.162112764986" lon="-72.809898215494">
    <!-- conflict: "918 Winhall Station Road, South Londonderry, VT" Fuzzy match to "918 Winhall Station Road, , VT" -->
    <tag k="addr:city" v="South Londonderry"/>
    <tag k="addr:housenumber" v="918"/>
    <tag k="addr:street" v="Winhall Station Road"/>
    <tag k="addr:state" v="VT"/>
    <tag k="ref:vcgi:esiteid" v="141861"/>
  </node>
  <node id="-1276" visible="true" lat="43.162958606584" lon="-72.782620881787">
    <!-- conflict: "248 Moonlight Lane, South Londonderry, VT" Fuzzy match to "248 Moonlight Lane, , VT" -->
    <tag k="addr:city" v="South Londonderry"/>
    <tag k="addr:housenumber" v="248"/>
    <tag k="addr:street" v="Moonlight Lane"/>
    <tag k="addr:state" v="VT"/>
    <tag k="ref:vcgi:esiteid" v="141862"/>
  </node>
  <node id="-1277" visible="true" lat="43.162833590318" lon="-72.842256816085">
    <!-- conflict: "434 Bobcat Run, South Londonderry, VT" Fuzzy match to "434 Bobcat Run, , VT" -->
    <tag k="addr:city" v="South Londonderry"/>
    <tag k="addr:housenumber" v="434"/>
    <tag k="addr:street" v="Bobcat Run"/>
    <tag k="addr:state" v="VT"/>
    <tag k="ref:vcgi:esiteid" v="141863"/>
  </node>
  <node id="-1278" visible="true" lat="43.162602606632" lon="-72.827119140351">
    <!-- conflict: "1331 Goodaleville Road, South Londonderry, VT" Fuzzy match to "1331 Goodaleville Road, , VT" -->
    <tag k="addr:city" v="South Londonderry"/>
    <tag k="addr:housenumber" v="1331"/>
    <tag k="addr:street" v="Goodaleville Road"/>
    <tag k="addr:state" v="VT"/>
    <tag k="ref:vcgi:esiteid" v="141864"/>
  </node>
  <node id="-1279" visible="true" lat="43.162816958808" lon="-72.823970603526">
    <!-- conflict: "1443 Goodaleville Road, South Londonderry, VT" Fuzzy match to "1443 Goodaleville Road, , VT" -->
    <tag k="addr:city" v="South Londonderry"/>
    <tag k="addr:housenumber" v="1443"/>
    <tag k="addr:street" v="Goodaleville Road"/>
    <tag k="addr:state" v="VT"/>
    <tag k="ref:vcgi:esiteid" v="141865"/>
  </node>
  <node id="-1280" visible="true" lat="43.162123906602" lon="-72.838868297309">
    <!-- conflict: "70 Pussycat Lane, South Londonderry, VT" Fuzzy match to "70 Pussycat Lane, Londonderry, VT" -->
    <tag k="addr:city" v="South Londonderry"/>
    <tag k="addr:housenumber" v="70"/>
    <tag k="addr:street" v="Pussycat Lane"/>
    <tag k="addr:state" v="VT"/>
    <tag k="ref:vcgi:esiteid" v="141866"/>
  </node>
  <node id="-1281" visible="true" lat="43.16163890667" lon="-72.838803637609">
    <!-- conflict: "43 Pussycat Lane, South Londonderry, VT" Fuzzy match to "43 Pussycat Lane, Londonderry, VT" -->
    <tag k="addr:city" v="South Londonderry"/>
    <tag k="addr:housenumber" v="43"/>
    <tag k="addr:street" v="Pussycat Lane"/>
    <tag k="addr:state" v="VT"/>
    <tag k="ref:vcgi:esiteid" v="141867"/>
  </node>
  <node id="-1282" visible="true" lat="43.161458196766" lon="-72.826737670899">
    <!-- conflict: "1327 Goodaleville Road, South Londonderry, VT" Fuzzy match to "1327 Goodaleville Road, , VT" -->
    <tag k="addr:city" v="South Londonderry"/>
    <tag k="addr:housenumber" v="1327"/>
    <tag k="addr:street" v="Goodaleville Road"/>
    <tag k="addr:state" v="VT"/>
    <tag k="ref:vcgi:esiteid" v="141868"/>
  </node>
  <node id="-1283" visible="true" lat="43.16122553337" lon="-72.843107422008">
    <!-- conflict: "328 Bobcat Run, South Londonderry, VT" Fuzzy match to "328 Bobcat Run, , VT" -->
    <tag k="addr:city" v="South Londonderry"/>
    <tag k="addr:housenumber" v="328"/>
    <tag k="addr:street" v="Bobcat Run"/>
    <tag k="addr:state" v="VT"/>
    <tag k="ref:vcgi:esiteid" v="141869"/>
  </node>
  <node id="-1284" visible="true" lat="43.160991642197" lon="-72.823413504362">
    <!-- conflict: "1330 Goodaleville Road, South Londonderry, VT" Fuzzy match to "1330 Goodaleville Road, , VT" -->
    <tag k="addr:city" v="South Londonderry"/>
    <tag k="addr:housenumber" v="1330"/>
    <tag k="addr:street" v="Goodaleville Road"/>
    <tag k="addr:state" v="VT"/>
    <tag k="ref:vcgi:esiteid" v="141870"/>
  </node>
  <node id="-1285" visible="true" lat="43.160706700846" lon="-72.841012272197">
    <!-- conflict: "210 Bobcat Run, South Londonderry, VT" Fuzzy match to "210 Bobcat Run, , VT" -->
    <tag k="addr:city" v="South Londonderry"/>
    <tag k="addr:housenumber" v="210"/>
    <tag k="addr:street" v="Bobcat Run"/>
    <tag k="addr:state" v="VT"/>
    <tag k="ref:vcgi:esiteid" v="141871"/>
  </node>
  <node id="-1286" visible="true" lat="43.160798233735" lon="-72.787324709778">
    <!-- conflict: "3035 Under The Mountain Road, South Londonderry, VT" Fuzzy match to "3035 Under The Mountain Road, , VT" -->
    <tag k="addr:city" v="South Londonderry"/>
    <tag k="addr:housenumber" v="3035"/>
    <tag k="addr:street" v="Under The Mountain Road"/>
    <tag k="addr:state" v="VT"/>
    <tag k="ref:vcgi:esiteid" v="141872"/>
  </node>
  <node id="-1287" visible="true" lat="43.160466408194" lon="-72.824037051995">
    <!-- conflict: "1303 Goodaleville Road, South Londonderry, VT" Fuzzy match to "1303 Goodaleville Road, , VT" -->
    <tag k="addr:city" v="South Londonderry"/>
    <tag k="addr:housenumber" v="1303"/>
    <tag k="addr:street" v="Goodaleville Road"/>
    <tag k="addr:state" v="VT"/>
    <tag k="ref:vcgi:esiteid" v="141873"/>
  </node>
  <node id="-1288" visible="true" lat="43.160493077053" lon="-72.838876041588">
    <!-- conflict: "96 Bobcat Run, South Londonderry, VT" Fuzzy match to "96 Bobcat Run, Londonderry, VT" -->
    <tag k="addr:city" v="South Londonderry"/>
    <tag k="addr:housenumber" v="96"/>
    <tag k="addr:street" v="Bobcat Run"/>
    <tag k="addr:state" v="VT"/>
    <tag k="ref:vcgi:esiteid" v="141874"/>
  </node>
  <node id="-1289" visible="true" lat="43.159528588013" lon="-72.836849234266">
    <!-- conflict: "2 Vermont Route 100, South Londonderry, VT" Fuzzy match to "2 Vermont Route 100, Londonderry, VT" -->
    <tag k="addr:city" v="South Londonderry"/>
    <tag k="addr:housenumber" v="2"/>
    <tag k="addr:street" v="Vermont Route 100"/>
    <tag k="addr:state" v="VT"/>
    <tag k="ref:vcgi:esiteid" v="141875"/>
  </node>
  <node id="-1290" visible="true" lat="43.158890827125" lon="-72.790833434937">
    <!-- conflict: "3234 Under The Mountain Road, South Londonderry, VT" Fuzzy match to "3234 Under The Mountain Road, , VT" -->
    <tag k="addr:city" v="South Londonderry"/>
    <tag k="addr:housenumber" v="3234"/>
    <tag k="addr:street" v="Under The Mountain Road"/>
    <tag k="addr:state" v="VT"/>
    <tag k="ref:vcgi:esiteid" v="141876"/>
  </node>
  <node id="-1291" visible="true" lat="43.158688726467" lon="-72.824250487758">
    <!-- conflict: "1172 Goodaleville Road, South Londonderry, VT" Fuzzy match to "1172 Goodaleville Road, , VT" -->
    <tag k="addr:city" v="South Londonderry"/>
    <tag k="addr:housenumber" v="1172"/>
    <tag k="addr:street" v="Goodaleville Road"/>
    <tag k="addr:state" v="VT"/>
    <tag k="ref:vcgi:esiteid" v="141877"/>
  </node>
  <node id="-1292" visible="true" lat="43.158494177083" lon="-72.825967101085">
    <!-- conflict: "1127 Goodaleville Road, South Londonderry, VT" Fuzzy match to "1127 Goodaleville Road, , VT" -->
    <tag k="addr:city" v="South Londonderry"/>
    <tag k="addr:housenumber" v="1127"/>
    <tag k="addr:street" v="Goodaleville Road"/>
    <tag k="addr:state" v="VT"/>
    <tag k="ref:vcgi:esiteid" v="141878"/>
  </node>
  <node id="-1293" visible="true" lat="43.15818137105" lon="-72.818383481581">
    <!-- conflict: "366 Cohen Road, South Londonderry, VT" Fuzzy match to "366 Cohen Road, , VT" -->
    <tag k="addr:city" v="South Londonderry"/>
    <tag k="addr:housenumber" v="366"/>
    <tag k="addr:street" v="Cohen Road"/>
    <tag k="addr:state" v="VT"/>
    <tag k="ref:vcgi:esiteid" v="141879"/>
  </node>
  <node id="-1294" visible="true" lat="43.156965696045" lon="-72.823322924338">
    <!-- conflict: "127 Cohen Road, South Londonderry, VT" Fuzzy match to "127 Cohen Road, , VT" -->
    <tag k="addr:city" v="South Londonderry"/>
    <tag k="addr:housenumber" v="127"/>
    <tag k="addr:street" v="Cohen Road"/>
    <tag k="addr:state" v="VT"/>
    <tag k="ref:vcgi:esiteid" v="141880"/>
  </node>
  <node id="-1295" visible="true" lat="43.156880559953" lon="-72.826371459271">
    <!-- conflict: "1010 Goodaleville Road, South Londonderry, VT" Fuzzy match to "1010 Goodaleville Road, , VT" -->
    <tag k="addr:city" v="South Londonderry"/>
    <tag k="addr:housenumber" v="1010"/>
    <tag k="addr:street" v="Goodaleville Road"/>
    <tag k="addr:state" v="VT"/>
    <tag k="ref:vcgi:esiteid" v="141881"/>
  </node>
  <node id="-1296" visible="true" lat="43.155463012383" lon="-72.788660767966">
    <!-- conflict: "3378 Under The Mountain Road, South Londonderry, VT" Fuzzy match to "3378 Under The Mountain Road, , VT" -->
    <tag k="addr:city" v="South Londonderry"/>
    <tag k="addr:housenumber" v="3378"/>
    <tag k="addr:street" v="Under The Mountain Road"/>
    <tag k="addr:state" v="VT"/>
    <tag k="ref:vcgi:esiteid" v="141882"/>
  </node>
  <node id="-1297" visible="true" lat="43.154225509641" lon="-72.787370485967">
    <!-- conflict: "3502 Under The Mountain Road, South Londonderry, VT" Fuzzy match to "3502 Under The Mountain Road, , VT" -->
    <tag k="addr:city" v="South Londonderry"/>
    <tag k="addr:housenumber" v="3502"/>
    <tag k="addr:street" v="Under The Mountain Road"/>
    <tag k="addr:state" v="VT"/>
    <tag k="ref:vcgi:esiteid" v="141883"/>
  </node>
  <node id="-1298" visible="true" lat="43.153321426998" lon="-72.786638063399">
    <!-- conflict: "3572 Under The Mountain Road, South Londonderry, VT" Fuzzy match to "3572 Under The Mountain Road, , VT" -->
    <tag k="addr:city" v="South Londonderry"/>
    <tag k="addr:housenumber" v="3572"/>
    <tag k="addr:street" v="Under The Mountain Road"/>
    <tag k="addr:state" v="VT"/>
    <tag k="ref:vcgi:esiteid" v="141884"/>
  </node>
  <node id="-1299" visible="true" lat="43.152291400147" lon="-72.78458495743">
    <!-- conflict: "3579 Under The Mountain Road, South Londonderry, VT" Fuzzy match to "3579 Under The Mountain Road, , VT" -->
    <tag k="addr:city" v="South Londonderry"/>
    <tag k="addr:housenumber" v="3579"/>
    <tag k="addr:street" v="Under The Mountain Road"/>
    <tag k="addr:state" v="VT"/>
    <tag k="ref:vcgi:esiteid" v="141885"/>
  </node>
  <node id="-1300" visible="true" lat="43.260742148473" lon="-72.841521920764">
    <!-- conflict: "4 Cody Road, Londonderry, VT" Fuzzy match to "4 Cody Road, , VT" -->
    <tag k="addr:city" v="Londonderry"/>
    <tag k="addr:housenumber" v="4"/>
    <tag k="addr:street" v="Cody Road"/>
    <tag k="addr:state" v="VT"/>
    <tag k="ref:vcgi:esiteid" v="141886"/>
  </node>
  <node id="-1302" visible="true" lat="43.245582596277" lon="-72.83739265482">
    <!-- conflict: "904 Reilly Road, Londonderry, VT" Fuzzy match to "904 Reilly Road, , VT" -->
    <tag k="addr:city" v="Londonderry"/>
    <tag k="addr:housenumber" v="904"/>
    <tag k="addr:street" v="Reilly Road"/>
    <tag k="addr:state" v="VT"/>
    <tag k="ref:vcgi:esiteid" v="141888"/>
  </node>
  <node id="-1303" visible="true" lat="43.247750615045" lon="-72.845365518091">
    <!-- conflict: "361 Spruce Hill, Londonderry, VT" Fuzzy match to "361 Spruce Hill, , VT" -->
    <tag k="addr:city" v="Londonderry"/>
    <tag k="addr:housenumber" v="361"/>
    <tag k="addr:street" v="Spruce Hill"/>
    <tag k="addr:state" v="VT"/>
    <tag k="ref:vcgi:esiteid" v="141889"/>
  </node>
  <node id="-1304" visible="true" lat="43.247463258627" lon="-72.830042184335">
    <!-- conflict: "1271 Landgrove Road, Londonderry, VT" Fuzzy match to "1271 Landgrove Road, , VT" -->
    <tag k="addr:city" v="Londonderry"/>
    <tag k="addr:housenumber" v="1271"/>
    <tag k="addr:street" v="Landgrove Road"/>
    <tag k="addr:state" v="VT"/>
    <tag k="ref:vcgi:esiteid" v="141890"/>
  </node>
  <node id="-1305" visible="true" lat="43.24541765995" lon="-72.807132912579">
    <!-- conflict: "69 Pitchfork Lane, Londonderry, VT" Fuzzy match to "69 Pitchfork Lane, , VT" -->
    <tag k="addr:city" v="Londonderry"/>
    <tag k="addr:housenumber" v="69"/>
    <tag k="addr:street" v="Pitchfork Lane"/>
    <tag k="addr:state" v="VT"/>
    <tag k="ref:vcgi:esiteid" v="141891"/>
  </node>
  <node id="-1306" visible="true" lat="43.247956767048" lon="-72.816215157003">
    <!-- conflict: "94 Rinehart Road, Londonderry, VT" Fuzzy match to "94 Rinehart Road, , VT" -->
    <tag k="addr:city" v="Londonderry"/>
    <tag k="addr:housenumber" v="94"/>
    <tag k="addr:street" v="Rinehart Road"/>
    <tag k="addr:state" v="VT"/>
    <tag k="ref:vcgi:esiteid" v="141892"/>
  </node>
  <node id="-1307" visible="true" lat="43.243884111676" lon="-72.782168712078">
    <!-- conflict: "275 Boynton Road, Londonderry, VT" Fuzzy match to "275 Boynton Road, , VT" -->
    <tag k="addr:city" v="Londonderry"/>
    <tag k="addr:housenumber" v="275"/>
    <tag k="addr:street" v="Boynton Road"/>
    <tag k="addr:state" v="VT"/>
    <tag k="ref:vcgi:esiteid" v="141893"/>
  </node>
  <node id="-1308" visible="true" lat="43.236928357135" lon="-72.840317682986">
    <!-- conflict: "197 Reilly Road, Londonderry, VT" Fuzzy match to "197 Reilly Road, , VT" -->
    <tag k="addr:city" v="Londonderry"/>
    <tag k="addr:housenumber" v="197"/>
    <tag k="addr:street" v="Reilly Road"/>
    <tag k="addr:state" v="VT"/>
    <tag k="ref:vcgi:esiteid" v="141894"/>
  </node>
  <node id="-1309" visible="true" lat="43.234899084643" lon="-72.847162342441">
    <!-- conflict: "36 Sherwood Forest, Londonderry, VT" Fuzzy match to "36 Sherwood Forest, , VT" -->
    <tag k="addr:city" v="Londonderry"/>
    <tag k="addr:housenumber" v="36"/>
    <tag k="addr:street" v="Sherwood Forest"/>
    <tag k="addr:state" v="VT"/>
    <tag k="ref:vcgi:esiteid" v="141895"/>
  </node>
  <node id="-1310" visible="true" lat="43.243555588619" lon="-72.785481122763">
    <!-- conflict: "435 Boynton Road, Londonderry, VT" Fuzzy match to "435 Boynton Road, , VT" -->
    <tag k="addr:city" v="Londonderry"/>
    <tag k="addr:housenumber" v="435"/>
    <tag k="addr:street" v="Boynton Road"/>
    <tag k="addr:state" v="VT"/>
    <tag k="ref:vcgi:esiteid" v="141896"/>
  </node>
  <node id="-1311" visible="true" lat="43.239858859335" lon="-72.813499963724">
    <!-- conflict: "514 Barker Road, Londonderry, VT" Fuzzy match to "514 Barker Road, , VT" -->
    <tag k="addr:city" v="Londonderry"/>
    <tag k="addr:housenumber" v="514"/>
    <tag k="addr:street" v="Barker Road"/>
    <tag k="addr:state" v="VT"/>
    <tag k="ref:vcgi:esiteid" v="141897"/>
  </node>
  <node id="-1312" visible="true" lat="43.234568919181" lon="-72.844695270478">
    <!-- conflict: "334 Vermont Route 11, Londonderry, VT" Fuzzy match to "334 Vermont Route 11, , VT" -->
    <tag k="addr:city" v="Londonderry"/>
    <tag k="addr:housenumber" v="334"/>
    <tag k="addr:street" v="Vermont Route 11"/>
    <tag k="addr:state" v="VT"/>
    <tag k="ref:vcgi:esiteid" v="141898"/>
  </node>
  <node id="-1313" visible="true" lat="43.205031292532" lon="-72.821836459175">
    <!-- conflict: "50 Hearthstone Lane, South Londonderry, VT" Fuzzy match to "50 Hearthstone Lane, , VT" -->
    <tag k="addr:city" v="South Londonderry"/>
    <tag k="addr:housenumber" v="50"/>
    <tag k="addr:street" v="Hearthstone Lane"/>
    <tag k="addr:state" v="VT"/>
    <tag k="ref:vcgi:esiteid" v="141900"/>
  </node>
  <node id="-1314" visible="true" lat="43.204639287256" lon="-72.833706081832">
    <!-- conflict: "2242 Winhall Hollow Road, South Londonderry, VT" Fuzzy match to "2242 Winhall Hollow Road, , VT" -->
    <tag k="addr:city" v="South Londonderry"/>
    <tag k="addr:housenumber" v="2242"/>
    <tag k="addr:street" v="Winhall Hollow Road"/>
    <tag k="addr:state" v="VT"/>
    <tag k="ref:vcgi:esiteid" v="141901"/>
  </node>
  <node id="-1315" visible="true" lat="43.204300055262" lon="-72.839773688803">
    <!-- conflict: "1888 Winhall Hollow Road, South Londonderry, VT" Fuzzy match to "1888 Winhall Hollow Road, , VT" -->
    <tag k="addr:city" v="South Londonderry"/>
    <tag k="addr:housenumber" v="1888"/>
    <tag k="addr:street" v="Winhall Hollow Road"/>
    <tag k="addr:state" v="VT"/>
    <tag k="ref:vcgi:esiteid" v="141902"/>
  </node>
  <node id="-1316" visible="true" lat="43.207215383878" lon="-72.844933167788">
    <!-- conflict: "1667 Winhall Hollow Road, South Londonderry, VT" Fuzzy match to "1667 Winhall Hollow Road, , VT" -->
    <tag k="addr:city" v="South Londonderry"/>
    <tag k="addr:housenumber" v="1667"/>
    <tag k="addr:street" v="Winhall Hollow Road"/>
    <tag k="addr:state" v="VT"/>
    <tag k="ref:vcgi:esiteid" v="141903"/>
  </node>
  <node id="-1317" visible="true" lat="43.208310043635" lon="-72.846157876384">
    <!-- conflict: "1627 Winhall Hollow Road, South Londonderry, VT" Fuzzy match to "1627 Winhall Hollow Road, , VT" -->
    <tag k="addr:city" v="South Londonderry"/>
    <tag k="addr:housenumber" v="1627"/>
    <tag k="addr:street" v="Winhall Hollow Road"/>
    <tag k="addr:state" v="VT"/>
    <tag k="ref:vcgi:esiteid" v="141904"/>
  </node>
  <node id="-1318" visible="true" lat="43.206090123803" lon="-72.848028744768">
    <!-- conflict: "1572 Winhall Hollow Road, South Londonderry, VT" Fuzzy match to "1572 Winhall Hollow Road, , VT" -->
    <tag k="addr:city" v="South Londonderry"/>
    <tag k="addr:housenumber" v="1572"/>
    <tag k="addr:street" v="Winhall Hollow Road"/>
    <tag k="addr:state" v="VT"/>
    <tag k="ref:vcgi:esiteid" v="141905"/>
  </node>
  <node id="-1319" visible="true" lat="43.220590277841" lon="-72.79977248879">
    <!-- conflict: "96 Eves Drive, Londonderry, VT" Fuzzy match to "96 Eves Drive, , VT" -->
    <tag k="addr:city" v="Londonderry"/>
    <tag k="addr:housenumber" v="96"/>
    <tag k="addr:street" v="Eves Drive"/>
    <tag k="addr:state" v="VT"/>
    <tag k="ref:vcgi:esiteid" v="141906"/>
  </node>
  <node id="-1320" visible="true" lat="43.219338623388" lon="-72.802028195541">
    <!-- conflict: "231 Adams Drive, Londonderry, VT" Fuzzy match to "231 Adams Drive, , VT" -->
    <tag k="addr:city" v="Londonderry"/>
    <tag k="addr:housenumber" v="231"/>
    <tag k="addr:street" v="Adams Drive"/>
    <tag k="addr:state" v="VT"/>
    <tag k="ref:vcgi:esiteid" v="141907"/>
  </node>
  <node id="-1321" visible="true" lat="43.219385404135" lon="-72.799281518224">
    <!-- conflict: "355 Adams Drive, Londonderry, VT" Fuzzy match to "355 Adams Drive, , VT" -->
    <tag k="addr:city" v="Londonderry"/>
    <tag k="addr:housenumber" v="355"/>
    <tag k="addr:street" v="Adams Drive"/>
    <tag k="addr:state" v="VT"/>
    <tag k="ref:vcgi:esiteid" v="141908"/>
  </node>
  <node id="-1322" visible="true" lat="43.224217433268" lon="-72.802662896601">
    <!-- conflict: "2578 Vermont Route 11, Londonderry, VT" Fuzzy match to "2578 Vermont Route 11, , VT" -->
    <tag k="addr:city" v="Londonderry"/>
    <tag k="addr:housenumber" v="2578"/>
    <tag k="addr:street" v="Vermont Route 11"/>
    <tag k="addr:state" v="VT"/>
    <tag k="ref:vcgi:esiteid" v="141909"/>
  </node>
  <node id="-1323" visible="true" lat="43.214715709685" lon="-72.789816749333">
    <!-- conflict: "3714 Vermont Route 11, Londonderry, VT" Fuzzy match to "3714 Vermont Route 11, , VT" -->
    <tag k="addr:city" v="Londonderry"/>
    <tag k="addr:housenumber" v="3714"/>
    <tag k="addr:street" v="Vermont Route 11"/>
    <tag k="addr:state" v="VT"/>
    <tag k="ref:vcgi:esiteid" v="141910"/>
  </node>
  <node id="-1324" visible="true" lat="43.224201460503" lon="-72.772904338458">
    <!-- conflict: "396 Mountain Lake Road, Londonderry, VT" Fuzzy match to "396 Mountain Lake Road, , VT" -->
    <tag k="addr:city" v="Londonderry"/>
    <tag k="addr:housenumber" v="396"/>
    <tag k="addr:street" v="Mountain Lake Road"/>
    <tag k="addr:state" v="VT"/>
    <tag k="ref:vcgi:esiteid" v="141911"/>
  </node>
  <node id="-1325" visible="true" lat="43.205528723529" lon="-72.81179718113">
    <!-- conflict: "34 Parsons Lane, South Londonderry, VT" Fuzzy match to "34 Parsons Lane, , VT" -->
    <tag k="addr:city" v="South Londonderry"/>
    <tag k="addr:housenumber" v="34"/>
    <tag k="addr:street" v="Parsons Lane"/>
    <tag k="addr:state" v="VT"/>
    <tag k="ref:vcgi:esiteid" v="141912"/>
  </node>
  <node id="-1326" visible="true" lat="43.201095506007" lon="-72.825387617571">
    <!-- conflict: "2843 Winhall Hollow Road, South Londonderry, VT" Fuzzy match to "2843 Winhall Hollow Road, , VT" -->
    <tag k="addr:city" v="South Londonderry"/>
    <tag k="addr:housenumber" v="2843"/>
    <tag k="addr:street" v="Winhall Hollow Road"/>
    <tag k="addr:state" v="VT"/>
    <tag k="ref:vcgi:esiteid" v="141913"/>
  </node>
  <node id="-1327" visible="true" lat="43.187487323891" lon="-72.848372898017">
    <!-- conflict: "1550 Spring Hill Road, South Londonderry, VT" Fuzzy match to "1550 Spring Hill Road, , VT" -->
    <tag k="addr:city" v="South Londonderry"/>
    <tag k="addr:housenumber" v="1550"/>
    <tag k="addr:street" v="Spring Hill Road"/>
    <tag k="addr:state" v="VT"/>
    <tag k="ref:vcgi:esiteid" v="141914"/>
  </node>
  <node id="-1328" visible="true" lat="43.194453756773" lon="-72.862372507259">
    <!-- conflict: "2525 Spring Hill Road, South Londonderry, VT" Fuzzy match to "2525 Spring Hill Road, Londonderry, VT" -->
    <tag k="addr:city" v="South Londonderry"/>
    <tag k="addr:housenumber" v="2525"/>
    <tag k="addr:street" v="Spring Hill Road"/>
    <tag k="addr:state" v="VT"/>
    <tag k="ref:vcgi:esiteid" v="141916"/>
  </node>
  <node id="-1329" visible="true" lat="43.202736620087" lon="-72.785499201083">
    <!-- conflict: "2631 Thompsonburg Road, South Londonderry, VT" Fuzzy match to "2631 Thompsonburg Road, , VT" -->
    <tag k="addr:city" v="South Londonderry"/>
    <tag k="addr:housenumber" v="2631"/>
    <tag k="addr:street" v="Thompsonburg Road"/>
    <tag k="addr:state" v="VT"/>
    <tag k="ref:vcgi:esiteid" v="141917"/>
  </node>
  <node id="-1330" visible="true" lat="43.197951472345" lon="-72.790428283805">
    <!-- conflict: "1998 Thompsonburg Road, South Londonderry, VT" Fuzzy match to "1998 Thompsonburg Road, , VT" -->
    <tag k="addr:city" v="South Londonderry"/>
    <tag k="addr:housenumber" v="1998"/>
    <tag k="addr:street" v="Thompsonburg Road"/>
    <tag k="addr:state" v="VT"/>
    <tag k="ref:vcgi:esiteid" v="141918"/>
  </node>
  <node id="-1331" visible="true" lat="43.18462607529" lon="-72.804132911824">
    <!-- conflict: "579 West River Street, South Londonderry, VT" Fuzzy match to "579 West River Street, , VT" -->
    <tag k="addr:city" v="South Londonderry"/>
    <tag k="addr:housenumber" v="579"/>
    <tag k="addr:street" v="West River Street"/>
    <tag k="addr:state" v="VT"/>
    <tag k="ref:vcgi:esiteid" v="141919"/>
  </node>
  <node id="-1332" visible="true" lat="43.181215389984" lon="-72.813995835406">
    <!-- conflict: "2292 Vermont Route 100, South Londonderry, VT" Fuzzy match to "2292 Vermont Route 100, , VT" -->
    <tag k="addr:city" v="South Londonderry"/>
    <tag k="addr:housenumber" v="2292"/>
    <tag k="addr:street" v="Vermont Route 100"/>
    <tag k="addr:state" v="VT"/>
    <tag k="ref:vcgi:esiteid" v="141920"/>
  </node>
  <node id="-1333" visible="true" lat="43.166785578202" lon="-72.824996848735">
    <!-- conflict: "1661 Goodaleville Road, South Londonderry, VT" Fuzzy match to "1661 Goodaleville Road, , VT" -->
    <tag k="addr:city" v="South Londonderry"/>
    <tag k="addr:housenumber" v="1661"/>
    <tag k="addr:street" v="Goodaleville Road"/>
    <tag k="addr:state" v="VT"/>
    <tag k="ref:vcgi:esiteid" v="141921"/>
  </node>
  <node id="-1334" visible="true" lat="43.164337669313" lon="-72.823890636917">
    <!-- conflict: "1567 Goodaleville Road, South Londonderry, VT" Fuzzy match to "1567 Goodaleville Road, , VT" -->
    <tag k="addr:city" v="South Londonderry"/>
    <tag k="addr:housenumber" v="1567"/>
    <tag k="addr:street" v="Goodaleville Road"/>
    <tag k="addr:state" v="VT"/>
    <tag k="ref:vcgi:esiteid" v="141922"/>
  </node>
  <node id="-1335" visible="true" lat="43.160307561443" lon="-72.817123063195">
    <!-- conflict: "1426 Goodaleville Road, South Londonderry, VT" Fuzzy match to "1426 Goodaleville Road, , VT" -->
    <tag k="addr:city" v="South Londonderry"/>
    <tag k="addr:housenumber" v="1426"/>
    <tag k="addr:street" v="Goodaleville Road"/>
    <tag k="addr:state" v="VT"/>
    <tag k="ref:vcgi:esiteid" v="141923"/>
  </node>
  <node id="-1336" visible="true" lat="43.167820134379" lon="-72.856355398551">
    <!-- conflict: "1234 Haven Hill Road, South Londonderry, VT" Fuzzy match to "1234 Haven Hill Road, , VT" -->
    <tag k="addr:city" v="South Londonderry"/>
    <tag k="addr:housenumber" v="1234"/>
    <tag k="addr:street" v="Haven Hill Road"/>
    <tag k="addr:state" v="VT"/>
    <tag k="ref:vcgi:esiteid" v="141924"/>
  </node>
  <node id="-1337" visible="true" lat="43.167121250797" lon="-72.853655595534">
    <!-- conflict: "162 White Pine Drive, South Londonderry, VT" Fuzzy match to "162 White Pine Drive, , VT" -->
    <tag k="addr:city" v="South Londonderry"/>
    <tag k="addr:housenumber" v="162"/>
    <tag k="addr:street" v="White Pine Drive"/>
    <tag k="addr:state" v="VT"/>
    <tag k="ref:vcgi:esiteid" v="141925"/>
  </node>
  <node id="-1338" visible="true" lat="43.164899955016" lon="-72.849103585442">
    <!-- conflict: "468 White Pine Drive, South Londonderry, VT" Fuzzy match to "468 White Pine Drive, , VT" -->
    <tag k="addr:city" v="South Londonderry"/>
    <tag k="addr:housenumber" v="468"/>
    <tag k="addr:street" v="White Pine Drive"/>
    <tag k="addr:state" v="VT"/>
    <tag k="ref:vcgi:esiteid" v="141926"/>
  </node>
  <node id="-1339" visible="true" lat="43.174495419937" lon="-72.815833071544">
    <!-- conflict: "198 No Name Road, South Londonderry, VT" Fuzzy match to "198 No Name Road, , VT" -->
    <tag k="addr:city" v="South Londonderry"/>
    <tag k="addr:housenumber" v="198"/>
    <tag k="addr:street" v="No Name Road"/>
    <tag k="addr:state" v="VT"/>
    <tag k="ref:vcgi:esiteid" v="141927"/>
  </node>
  <node id="-1340" visible="true" lat="43.182751581536" lon="-72.817455697481">
    <!-- conflict: "603 Melendy Hill Road, South Londonderry, VT" Fuzzy match to "603 Melendy Hill Road, , VT" -->
    <tag k="addr:city" v="South Londonderry"/>
    <tag k="addr:housenumber" v="603"/>
    <tag k="addr:street" v="Melendy Hill Road"/>
    <tag k="addr:state" v="VT"/>
    <tag k="ref:vcgi:esiteid" v="141928"/>
  </node>
  <node id="-1341" visible="true" lat="43.181835354784" lon="-72.787168755199">
    <!-- conflict: "686 Cross Road, South Londonderry, VT" Fuzzy match to "686 Cross Road, , VT" -->
    <tag k="addr:city" v="South Londonderry"/>
    <tag k="addr:housenumber" v="686"/>
    <tag k="addr:street" v="Cross Road"/>
    <tag k="addr:state" v="VT"/>
    <tag k="ref:vcgi:esiteid" v="141929"/>
  </node>
  <node id="-1342" visible="true" lat="43.182669914605" lon="-72.787678108962">
    <!-- conflict: "679 Cross Road, South Londonderry, VT" Fuzzy match to "679 Cross Road, , VT" -->
    <tag k="addr:city" v="South Londonderry"/>
    <tag k="addr:housenumber" v="679"/>
    <tag k="addr:street" v="Cross Road"/>
    <tag k="addr:state" v="VT"/>
    <tag k="ref:vcgi:esiteid" v="141930"/>
  </node>
  <node id="-1343" visible="true" lat="43.168107419982" lon="-72.783686958343">
    <!-- conflict: "2429 Under The Mountain Road, South Londonderry, VT" Fuzzy match to "2429 Under The Mountain Road, , VT" -->
    <tag k="addr:city" v="South Londonderry"/>
    <tag k="addr:housenumber" v="2429"/>
    <tag k="addr:street" v="Under The Mountain Road"/>
    <tag k="addr:state" v="VT"/>
    <tag k="ref:vcgi:esiteid" v="141931"/>
  </node>
  <node id="-1344" visible="true" lat="43.151582627392" lon="-72.805407623026">
    <!-- conflict: "86 Hughes Lane, Jamaica, VT" Fuzzy match to "86 Hughes Lane, , VT" -->
    <tag k="addr:city" v="Jamaica"/>
    <tag k="addr:housenumber" v="86"/>
    <tag k="addr:street" v="Hughes Lane"/>
    <tag k="addr:state" v="VT"/>
    <tag k="ref:vcgi:esiteid" v="141932"/>
  </node>
  <node id="-1345" visible="true" lat="43.150949833309" lon="-72.802567148374">
    <!-- conflict: "50 Rose Lane, Jamaica, VT" Fuzzy match to "50 Rose Lane, , VT" -->
    <tag k="addr:city" v="Jamaica"/>
    <tag k="addr:housenumber" v="50"/>
    <tag k="addr:street" v="Rose Lane"/>
    <tag k="addr:state" v="VT"/>
    <tag k="ref:vcgi:esiteid" v="141933"/>
  </node>
  <node id="-1346" visible="true" lat="43.151762006974" lon="-72.802259152261">
    <!-- conflict: "56 Rose Lane, Jamaica, VT" Fuzzy match to "56 Rose Lane, , VT" -->
    <tag k="addr:city" v="Jamaica"/>
    <tag k="addr:housenumber" v="56"/>
    <tag k="addr:street" v="Rose Lane"/>
    <tag k="addr:state" v="VT"/>
    <tag k="ref:vcgi:esiteid" v="141934"/>
  </node>
  <node id="-1347" visible="true" lat="43.143658959149" lon="-72.774462130454">
    <!-- conflict: "550 Leonards Road, South Londonderry, VT" Fuzzy match to "550 Leonards Road, , VT" -->
    <tag k="addr:city" v="South Londonderry"/>
    <tag k="addr:housenumber" v="550"/>
    <tag k="addr:street" v="Leonards Road"/>
    <tag k="addr:state" v="VT"/>
    <tag k="ref:vcgi:esiteid" v="141936"/>
  </node>
  <node id="-1348" visible="true" lat="43.150504982656" lon="-72.783773174294">
    <!-- conflict: "3715 Under The Mountain Road, South Londonderry, VT" Fuzzy match to "3715 Under The Mountain Road, , VT" -->
    <tag k="addr:city" v="South Londonderry"/>
    <tag k="addr:housenumber" v="3715"/>
    <tag k="addr:street" v="Under The Mountain Road"/>
    <tag k="addr:state" v="VT"/>
    <tag k="ref:vcgi:esiteid" v="141939"/>
  </node>
  <node id="-1349" visible="true" lat="43.226893724171" lon="-72.802852911926">
    <!-- conflict: "78 Pine Tree Hill, Londonderry, VT" Fuzzy match to "78 Pine Tree Hill, , VT" -->
    <tag k="addr:city" v="Londonderry"/>
    <tag k="addr:housenumber" v="78"/>
    <tag k="addr:street" v="Pine Tree Hill"/>
    <tag k="addr:state" v="VT"/>
    <tag k="ref:vcgi:esiteid" v="141940"/>
  </node>
  <node id="-1350" visible="true" lat="43.231474641757" lon="-72.815810528921">
    <!-- conflict: "36 Pingree Park Lane, Londonderry, VT" Fuzzy match to "36 Pingree Park Lane, , VT" -->
    <tag k="addr:city" v="Londonderry"/>
    <tag k="addr:housenumber" v="36"/>
    <tag k="addr:street" v="Pingree Park Lane"/>
    <tag k="addr:state" v="VT"/>
    <tag k="ref:vcgi:esiteid" v="141941"/>
  </node>
  <node id="-1351" visible="true" lat="43.23112848048" lon="-72.825041001534">
    <!-- conflict: "1350 Vermont Route 11, Londonderry, VT" Fuzzy match to "1350 Vermont Route 11, , VT" -->
    <tag k="addr:city" v="Londonderry"/>
    <tag k="addr:housenumber" v="1350"/>
    <tag k="addr:street" v="Vermont Route 11"/>
    <tag k="addr:state" v="VT"/>
    <tag k="ref:vcgi:esiteid" v="141942"/>
  </node>
  <node id="-1352" visible="true" lat="43.228340035529" lon="-72.810117110185">
    <!-- conflict: "49 Hells Peak Road, Londonderry, VT" Fuzzy match to "49 Hells Peak Road, , VT" -->
    <tag k="addr:city" v="Londonderry"/>
    <tag k="addr:housenumber" v="49"/>
    <tag k="addr:street" v="Hells Peak Road"/>
    <tag k="addr:state" v="VT"/>
    <tag k="ref:vcgi:esiteid" v="141943"/>
  </node>
  <node id="-1353" visible="true" lat="43.228794677896" lon="-72.810779439104">
    <!-- conflict: "115 Hells Peak Road, Londonderry, VT" Fuzzy match to "115 Hells Peak Road, , VT" -->
    <tag k="addr:city" v="Londonderry"/>
    <tag k="addr:housenumber" v="115"/>
    <tag k="addr:street" v="Hells Peak Road"/>
    <tag k="addr:state" v="VT"/>
    <tag k="ref:vcgi:esiteid" v="141944"/>
  </node>
  <node id="-1354" visible="true" lat="43.22027535129" lon="-72.740349569075">
    <!-- conflict: "132 Warner Drive, Londonderry, VT" Fuzzy match to "132 Warner Drive, , VT" -->
    <tag k="addr:city" v="Londonderry"/>
    <tag k="addr:housenumber" v="132"/>
    <tag k="addr:street" v="Warner Drive"/>
    <tag k="addr:state" v="VT"/>
    <tag k="ref:vcgi:esiteid" v="141945"/>
  </node>
  <node id="-1355" visible="true" lat="43.224674627615" lon="-72.737612715971">
    <!-- conflict: "244 Powder Mill Road, Londonderry, VT" Fuzzy match to "244 Powder Mill Road, , VT" -->
    <tag k="addr:city" v="Londonderry"/>
    <tag k="addr:housenumber" v="244"/>
    <tag k="addr:street" v="Powder Mill Road"/>
    <tag k="addr:state" v="VT"/>
    <tag k="ref:vcgi:esiteid" v="141946"/>
  </node>
  <node id="-1356" visible="true" lat="43.226616195328" lon="-72.741754906933">
    <!-- conflict: "585 Howard Hill Road, Londonderry, VT" Fuzzy match to "585 Howard Hill Road, , VT" -->
    <tag k="addr:city" v="Londonderry"/>
    <tag k="addr:housenumber" v="585"/>
    <tag k="addr:street" v="Howard Hill Road"/>
    <tag k="addr:state" v="VT"/>
    <tag k="ref:vcgi:esiteid" v="141947"/>
  </node>
  <node id="-1357" visible="true" lat="43.202964907649" lon="-72.769517221768">
    <!-- conflict: "119 Snow Drift Lane, Londonderry, VT" Fuzzy match to "119 Snow Drift Lane, , VT" -->
    <tag k="addr:city" v="Londonderry"/>
    <tag k="addr:housenumber" v="119"/>
    <tag k="addr:street" v="Snow Drift Lane"/>
    <tag k="addr:state" v="VT"/>
    <tag k="ref:vcgi:esiteid" v="141948"/>
  </node>
  <node id="-1358" visible="true" lat="43.204447386108" lon="-72.768161652955">
    <!-- conflict: "309 Magic Circle, Londonderry, VT" Fuzzy match to "309 Magic Circle, , VT" -->
    <tag k="addr:city" v="Londonderry"/>
    <tag k="addr:housenumber" v="309"/>
    <tag k="addr:street" v="Magic Circle"/>
    <tag k="addr:state" v="VT"/>
    <tag k="ref:vcgi:esiteid" v="141949"/>
  </node>
  <node id="-1359" visible="true" lat="43.19149967515" lon="-72.81484799116">
    <!-- conflict: "36 West River Street, South Londonderry, VT" Fuzzy match to "36 West River Street, , VT" -->
    <tag k="addr:city" v="South Londonderry"/>
    <tag k="addr:housenumber" v="36"/>
    <tag k="addr:street" v="West River Street"/>
    <tag k="addr:state" v="VT"/>
    <tag k="ref:vcgi:esiteid" v="141950"/>
  </node>
  <node id="-1360" visible="true" lat="43.193595014318" lon="-72.815914155712">
    <!-- conflict: "3100 Vermont Route 100, South Londonderry, VT" Fuzzy match to "3100 Vermont Route 100, , VT" -->
    <tag k="addr:city" v="South Londonderry"/>
    <tag k="addr:housenumber" v="3100"/>
    <tag k="addr:street" v="Vermont Route 100"/>
    <tag k="addr:state" v="VT"/>
    <tag k="ref:vcgi:esiteid" v="141951"/>
  </node>
  <node id="-1361" visible="true" lat="43.191927741875" lon="-72.814801074875">
    <!-- conflict: "33 West River Street, South Londonderry, VT" Fuzzy match to "33 West River Street, , VT" -->
    <tag k="addr:city" v="South Londonderry"/>
    <tag k="addr:housenumber" v="33"/>
    <tag k="addr:street" v="West River Street"/>
    <tag k="addr:state" v="VT"/>
    <tag k="ref:vcgi:esiteid" v="141952"/>
  </node>
  <node id="-1362" visible="true" lat="43.221594129664" lon="-72.806788644721">
    <!-- conflict: "2177 Middletown Road, Londonderry, VT" Fuzzy match to "2177 Middletown Road, , VT" -->
    <tag k="addr:city" v="Londonderry"/>
    <tag k="addr:housenumber" v="2177"/>
    <tag k="addr:street" v="Middletown Road"/>
    <tag k="addr:state" v="VT"/>
    <tag k="ref:vcgi:esiteid" v="141961"/>
  </node>
  <node id="-1363" visible="true" lat="43.220680495374" lon="-72.801166859367">
    <!-- conflict: "63 Eves Drive, Londonderry, VT" Fuzzy match to "63 Eves Drive, , VT" -->
    <tag k="addr:city" v="Londonderry"/>
    <tag k="addr:housenumber" v="63"/>
    <tag k="addr:street" v="Eves Drive"/>
    <tag k="addr:state" v="VT"/>
    <tag k="ref:vcgi:esiteid" v="141962"/>
  </node>
  <node id="-1364" visible="true" lat="43.218286277665" lon="-72.799049781203">
    <!-- conflict: "384 Adams Drive, Londonderry, VT" Fuzzy match to "384 Adams Drive, , VT" -->
    <tag k="addr:city" v="Londonderry"/>
    <tag k="addr:housenumber" v="384"/>
    <tag k="addr:street" v="Adams Drive"/>
    <tag k="addr:state" v="VT"/>
    <tag k="ref:vcgi:esiteid" v="141963"/>
  </node>
  <node id="-1365" visible="true" lat="43.2417921507" lon="-72.798858797221">
    <!-- conflict: "141 Merrills Lane, Londonderry, VT" Fuzzy match to "141 Merrills Lane, , VT" -->
    <tag k="addr:city" v="Londonderry"/>
    <tag k="addr:housenumber" v="141"/>
    <tag k="addr:street" v="Merrills Lane"/>
    <tag k="addr:state" v="VT"/>
    <tag k="ref:vcgi:esiteid" v="141964"/>
  </node>
  <node id="-1366" visible="true" lat="43.168250815369" lon="-72.784935987664">
    <!-- conflict: "2427 Under The Mountain Road, South Londonderry, VT" Fuzzy match to "2427 Under The Mountain Road, , VT" -->
    <tag k="addr:city" v="South Londonderry"/>
    <tag k="addr:housenumber" v="2427"/>
    <tag k="addr:street" v="Under The Mountain Road"/>
    <tag k="addr:state" v="VT"/>
    <tag k="ref:vcgi:esiteid" v="141965"/>
  </node>
  <node id="-1367" visible="true" lat="43.230208585738" lon="-72.819722942319">
    <!-- conflict: "118 Sugarbush Road, Londonderry, VT" Fuzzy match to "118 Sugarbush Road, , VT" -->
    <tag k="addr:city" v="Londonderry"/>
    <tag k="addr:housenumber" v="118"/>
    <tag k="addr:street" v="Sugarbush Road"/>
    <tag k="addr:state" v="VT"/>
    <tag k="ref:vcgi:esiteid" v="141966"/>
  </node>
  <node id="-1368" visible="true" lat="43.226283626326" lon="-72.821006812238">
    <!-- conflict: "85 Doane Lane, Londonderry, VT" Fuzzy match to "85 Doane Lane, , VT" -->
    <tag k="addr:city" v="Londonderry"/>
    <tag k="addr:housenumber" v="85"/>
    <tag k="addr:street" v="Doane Lane"/>
    <tag k="addr:state" v="VT"/>
    <tag k="ref:vcgi:esiteid" v="141967"/>
  </node>
  <node id="-1369" visible="true" lat="43.226875506422" lon="-72.808175316134">
    <!-- conflict: "2296 North Main Street, Londonderry, VT" Fuzzy match to "2296 North Main Street, , VT" -->
    <tag k="addr:city" v="Londonderry"/>
    <tag k="addr:housenumber" v="2296"/>
    <tag k="addr:street" v="North Main Street"/>
    <tag k="addr:state" v="VT"/>
    <tag k="ref:vcgi:esiteid" v="141968"/>
  </node>
  <node id="-1370" visible="true" lat="43.17085182554" lon="-72.815436636652">
    <!-- conflict: "323 Winhall Station Road, South Londonderry, VT" Fuzzy match to "323 Winhall Station Road, , VT" -->
    <tag k="addr:city" v="South Londonderry"/>
    <tag k="addr:housenumber" v="323"/>
    <tag k="addr:street" v="Winhall Station Road"/>
    <tag k="addr:state" v="VT"/>
    <tag k="ref:vcgi:esiteid" v="141969"/>
  </node>
  <node id="-1371" visible="true" lat="43.242598967686" lon="-72.785977147349">
    <!-- conflict: "444 Boynton Road, Londonderry, VT" Fuzzy match to "444 Boynton Road, , VT" -->
    <tag k="addr:city" v="Londonderry"/>
    <tag k="addr:housenumber" v="444"/>
    <tag k="addr:street" v="Boynton Road"/>
    <tag k="addr:state" v="VT"/>
    <tag k="ref:vcgi:esiteid" v="141970"/>
  </node>
  <node id="-1372" visible="true" lat="43.247339617695" lon="-72.793833551028">
    <!-- conflict: "7500 Vermont Route 100, Londonderry, VT" Fuzzy match to "7500 Vermont Route 100, , VT" -->
    <tag k="addr:city" v="Londonderry"/>
    <tag k="addr:housenumber" v="7500"/>
    <tag k="addr:street" v="Vermont Route 100"/>
    <tag k="addr:state" v="VT"/>
    <tag k="ref:vcgi:esiteid" v="141971"/>
  </node>
  <node id="-1373" visible="true" lat="43.216799272615" lon="-72.7545265504">
    <!-- conflict: "5611 Vermont Route 11, Londonderry, VT" Fuzzy match to "5611 Vermont Route 11, , VT" -->
    <tag k="addr:city" v="Londonderry"/>
    <tag k="addr:housenumber" v="5611"/>
    <tag k="addr:street" v="Vermont Route 11"/>
    <tag k="addr:state" v="VT"/>
    <tag k="ref:vcgi:esiteid" v="141972"/>
  </node>
  <node id="-1374" visible="true" lat="43.212331422735" lon="-72.791271330545">
    <!-- conflict: "3826 Vermont Route 11, Londonderry, VT" Fuzzy match to "3826 Vermont Route 11, , VT" -->
    <tag k="addr:city" v="Londonderry"/>
    <tag k="addr:housenumber" v="3826"/>
    <tag k="addr:street" v="Vermont Route 11"/>
    <tag k="addr:state" v="VT"/>
    <tag k="ref:vcgi:esiteid" v="141973"/>
  </node>
  <node id="-1375" visible="true" lat="43.23517329382" lon="-72.846117431123">
    <!-- conflict: "23 Sherwood Forest, Londonderry, VT" Fuzzy match to "23 Sherwood Forest, , VT" -->
    <tag k="addr:city" v="Londonderry"/>
    <tag k="addr:housenumber" v="23"/>
    <tag k="addr:street" v="Sherwood Forest"/>
    <tag k="addr:state" v="VT"/>
    <tag k="ref:vcgi:esiteid" v="141974"/>
  </node>
  <node id="-1376" visible="true" lat="43.186304568037" lon="-72.799619478346">
    <!-- conflict: "953 Thompsonburg Road, South Londonderry, VT" Fuzzy match to "953 Thompsonburg Road, , VT" -->
    <tag k="addr:city" v="South Londonderry"/>
    <tag k="addr:housenumber" v="953"/>
    <tag k="addr:street" v="Thompsonburg Road"/>
    <tag k="addr:state" v="VT"/>
    <tag k="ref:vcgi:esiteid" v="141975"/>
  </node>
  <node id="-1377" visible="true" lat="43.198735767537" lon="-72.813004872237">
    <!-- conflict: "396 Middletown Road, South Londonderry, VT" Fuzzy match to "396 Middletown Road, , VT" -->
    <tag k="addr:city" v="South Londonderry"/>
    <tag k="addr:housenumber" v="396"/>
    <tag k="addr:street" v="Middletown Road"/>
    <tag k="addr:state" v="VT"/>
    <tag k="ref:vcgi:esiteid" v="141976"/>
  </node>
  <node id="-1378" visible="true" lat="43.208667794921" lon="-72.851186678875">
    <!-- conflict: "245 Beattie Road, South Londonderry, VT" Fuzzy match to "245 Beattie Road, , VT" -->
    <tag k="addr:city" v="South Londonderry"/>
    <tag k="addr:housenumber" v="245"/>
    <tag k="addr:street" v="Beattie Road"/>
    <tag k="addr:state" v="VT"/>
    <tag k="ref:vcgi:esiteid" v="141977"/>
  </node>
  <node id="-1379" visible="true" lat="43.205149572033" lon="-72.82049580344">
    <!-- conflict: "109 Hearthstone Lane, South Londonderry, VT" Fuzzy match to "109 Hearthstone Lane, , VT" -->
    <tag k="addr:city" v="South Londonderry"/>
    <tag k="addr:housenumber" v="109"/>
    <tag k="addr:street" v="Hearthstone Lane"/>
    <tag k="addr:state" v="VT"/>
    <tag k="ref:vcgi:esiteid" v="141979"/>
  </node>
  <node id="-1380" visible="true" lat="43.205123199064" lon="-72.835210665596">
    <!-- conflict: "2046 Winhall Hollow Road, South Londonderry, VT" Fuzzy match to "2046 Winhall Hollow Road, , VT" -->
    <tag k="addr:city" v="South Londonderry"/>
    <tag k="addr:housenumber" v="2046"/>
    <tag k="addr:street" v="Winhall Hollow Road"/>
    <tag k="addr:state" v="VT"/>
    <tag k="ref:vcgi:esiteid" v="141981"/>
  </node>
  <node id="-1381" visible="true" lat="43.195216854459" lon="-72.862034803584">
    <!-- conflict: "2527 Spring Hill Road, South Londonderry, VT" Fuzzy match to "2527 Spring Hill Road, Londonderry, VT" -->
    <tag k="addr:city" v="South Londonderry"/>
    <tag k="addr:housenumber" v="2527"/>
    <tag k="addr:street" v="Spring Hill Road"/>
    <tag k="addr:state" v="VT"/>
    <tag k="ref:vcgi:esiteid" v="141982"/>
  </node>
  <node id="-1382" visible="true" lat="43.23435918809" lon="-72.847173823234">
    <!-- conflict: "56 Sherwood Forest, Londonderry, VT" Fuzzy match to "56 Sherwood Forest, , VT" -->
    <tag k="addr:city" v="Londonderry"/>
    <tag k="addr:housenumber" v="56"/>
    <tag k="addr:street" v="Sherwood Forest"/>
    <tag k="addr:state" v="VT"/>
    <tag k="ref:vcgi:esiteid" v="141983"/>
  </node>
  <node id="-1383" visible="true" lat="43.211022889977" lon="-72.837868790601">
    <!-- conflict: "357 Rowley Lane, South Londonderry, VT" Fuzzy match to "357 Rowley Lane, , VT" -->
    <tag k="addr:city" v="South Londonderry"/>
    <tag k="addr:housenumber" v="357"/>
    <tag k="addr:street" v="Rowley Lane"/>
    <tag k="addr:state" v="VT"/>
    <tag k="ref:vcgi:esiteid" v="141984"/>
  </node>
  <node id="-1384" visible="true" lat="43.202910631334" lon="-72.817720663018">
    <!-- conflict: "144 Old Farm Road, South Londonderry, VT" Fuzzy match to "144 Old Farm Road, , VT" -->
    <tag k="addr:city" v="South Londonderry"/>
    <tag k="addr:housenumber" v="144"/>
    <tag k="addr:street" v="Old Farm Road"/>
    <tag k="addr:state" v="VT"/>
    <tag k="ref:vcgi:esiteid" v="141985"/>
  </node>
  <node id="-1385" visible="true" lat="43.153980122514" lon="-72.801324018169">
    <!-- conflict: "90 Rose Lane, Jamaica, VT" Fuzzy match to "90 Rose Lane, , VT" -->
    <tag k="addr:city" v="Jamaica"/>
    <tag k="addr:housenumber" v="90"/>
    <tag k="addr:street" v="Rose Lane"/>
    <tag k="addr:state" v="VT"/>
    <tag k="ref:vcgi:esiteid" v="141986"/>
  </node>
  <node id="-1386" visible="true" lat="43.165755652099" lon="-72.779456490021">
    <!-- conflict: "322 Moonlight Lane, South Londonderry, VT" Fuzzy match to "322 Moonlight Lane, , VT" -->
    <tag k="addr:city" v="South Londonderry"/>
    <tag k="addr:housenumber" v="322"/>
    <tag k="addr:street" v="Moonlight Lane"/>
    <tag k="addr:state" v="VT"/>
    <tag k="ref:vcgi:esiteid" v="141988"/>
  </node>
  <node id="-1387" visible="true" lat="43.230726072029" lon="-72.82572967019">
    <!-- conflict: "1352 Vermont Route 11, Londonderry, VT" Fuzzy match to "1352 Vermont Route 11, , VT" -->
    <tag k="addr:city" v="Londonderry"/>
    <tag k="addr:housenumber" v="1352"/>
    <tag k="addr:street" v="Vermont Route 11"/>
    <tag k="addr:state" v="VT"/>
    <tag k="ref:vcgi:esiteid" v="141989"/>
  </node>
  <node id="-1388" visible="true" lat="43.205328725734" lon="-72.820931867479">
    <!-- conflict: "96 Hearthstone Lane, South Londonderry, VT" Fuzzy match to "96 Hearthstone Lane, , VT" -->
    <tag k="addr:city" v="South Londonderry"/>
    <tag k="addr:housenumber" v="96"/>
    <tag k="addr:street" v="Hearthstone Lane"/>
    <tag k="addr:state" v="VT"/>
    <tag k="ref:vcgi:esiteid" v="141991"/>
  </node>
  <node id="-1389" visible="true" lat="43.209247696652" lon="-72.764342155172">
    <!-- conflict: "4968 Vermont Route 11, Londonderry, VT" Fuzzy match to "4968 Vermont Route 11, , VT" -->
    <tag k="addr:city" v="Londonderry"/>
    <tag k="addr:housenumber" v="4968"/>
    <tag k="addr:street" v="Vermont Route 11"/>
    <tag k="addr:state" v="VT"/>
    <tag k="ref:vcgi:esiteid" v="141992"/>
  </node>
  <node id="-1390" visible="true" lat="43.217973269177" lon="-72.757032520499">
    <!-- conflict: "5609 Vermont Route 11, Londonderry, VT" Fuzzy match to "5609 Vermont Route 11, , VT" -->
    <tag k="addr:city" v="Londonderry"/>
    <tag k="addr:housenumber" v="5609"/>
    <tag k="addr:street" v="Vermont Route 11"/>
    <tag k="addr:state" v="VT"/>
    <tag k="ref:vcgi:esiteid" v="141993"/>
  </node>
  <node id="-1391" visible="true" lat="43.216427831579" lon="-72.767033121209">
    <!-- conflict: "61 Coburns Way, Londonderry, VT" Fuzzy match to "61 Coburns Way, , VT" -->
    <tag k="addr:city" v="Londonderry"/>
    <tag k="addr:housenumber" v="61"/>
    <tag k="addr:street" v="Coburns Way"/>
    <tag k="addr:state" v="VT"/>
    <tag k="ref:vcgi:esiteid" v="141994"/>
  </node>
  <node id="-1392" visible="true" lat="43.152862110763" lon="-72.800837860631">
    <!-- conflict: "76 Rose Lane, Jamaica, VT" Fuzzy match to "76 Rose Lane, , VT" -->
    <tag k="addr:city" v="Jamaica"/>
    <tag k="addr:housenumber" v="76"/>
    <tag k="addr:street" v="Rose Lane"/>
    <tag k="addr:state" v="VT"/>
    <tag k="ref:vcgi:esiteid" v="141995"/>
  </node>
  <node id="-1393" visible="true" lat="43.170776779311" lon="-72.786449530406">
    <!-- conflict: "2332 Under The Mountain Road, South Londonderry, VT" Fuzzy match to "2332 Under The Mountain Road, , VT" -->
    <tag k="addr:city" v="South Londonderry"/>
    <tag k="addr:housenumber" v="2332"/>
    <tag k="addr:street" v="Under The Mountain Road"/>
    <tag k="addr:state" v="VT"/>
    <tag k="ref:vcgi:esiteid" v="141996"/>
  </node>
  <node id="-1394" visible="true" lat="43.23942093231" lon="-72.824096022184">
    <!-- conflict: "25 Blue Jay Lane, Londonderry, VT" Fuzzy match to "25 Blue Jay Lane, , VT" -->
    <tag k="addr:city" v="Londonderry"/>
    <tag k="addr:housenumber" v="25"/>
    <tag k="addr:street" v="Blue Jay Lane"/>
    <tag k="addr:state" v="VT"/>
    <tag k="ref:vcgi:esiteid" v="141997"/>
  </node>
  <node id="-1395" visible="true" lat="43.169698295158" lon="-72.836997357726">
    <!-- conflict: "233 Deerwood Hill, South Londonderry, VT" Fuzzy match to "233 Deerwood Hill, , VT" -->
    <tag k="addr:city" v="South Londonderry"/>
    <tag k="addr:housenumber" v="233"/>
    <tag k="addr:street" v="Deerwood Hill"/>
    <tag k="addr:state" v="VT"/>
    <tag k="ref:vcgi:esiteid" v="141998"/>
  </node>
  <node id="-1396" visible="true" lat="43.202958771928" lon="-72.777592017585">
    <!-- conflict: "288 Old Baybrook Road, South Londonderry, VT" Fuzzy match to "288 Old Baybrook Road, , VT" -->
    <tag k="addr:city" v="South Londonderry"/>
    <tag k="addr:housenumber" v="288"/>
    <tag k="addr:street" v="Old Baybrook Road"/>
    <tag k="addr:state" v="VT"/>
    <tag k="ref:vcgi:esiteid" v="141999"/>
  </node>
  <node id="-1397" visible="true" lat="43.221037252691" lon="-72.800790521769">
    <!-- conflict: "99 Eves Drive, Londonderry, VT" Fuzzy match to "99 Eves Drive, , VT" -->
    <tag k="addr:city" v="Londonderry"/>
    <tag k="addr:housenumber" v="99"/>
    <tag k="addr:street" v="Eves Drive"/>
    <tag k="addr:state" v="VT"/>
    <tag k="ref:vcgi:esiteid" v="142000"/>
  </node>
  <node id="-1398" visible="true" lat="43.226047003666" lon="-72.779994000318">
    <!-- conflict: "835 Mountain Lake Road, Londonderry, VT" Fuzzy match to "835 Mountain Lake Road, , VT" -->
    <tag k="addr:city" v="Londonderry"/>
    <tag k="addr:housenumber" v="835"/>
    <tag k="addr:street" v="Mountain Lake Road"/>
    <tag k="addr:state" v="VT"/>
    <tag k="ref:vcgi:esiteid" v="142001"/>
  </node>
  <node id="-1399" visible="true" lat="43.1868528216" lon="-72.808290368346">
    <!-- conflict: "531 West River Street, South Londonderry, VT" Fuzzy match to "531 West River Street, , VT" -->
    <tag k="addr:city" v="South Londonderry"/>
    <tag k="addr:housenumber" v="531"/>
    <tag k="addr:street" v="West River Street"/>
    <tag k="addr:state" v="VT"/>
    <tag k="ref:vcgi:esiteid" v="142002"/>
  </node>
  <node id="-1400" visible="true" lat="43.156325325498" lon="-72.785473452124">
    <!-- conflict: "3333 Under The Mountain Road, South Londonderry, VT" Fuzzy match to "3333 Under The Mountain Road, , VT" -->
    <tag k="addr:city" v="South Londonderry"/>
    <tag k="addr:housenumber" v="3333"/>
    <tag k="addr:street" v="Under The Mountain Road"/>
    <tag k="addr:state" v="VT"/>
    <tag k="ref:vcgi:esiteid" v="142004"/>
  </node>
  <node id="-1401" visible="true" lat="43.170559120277" lon="-72.815139602806">
    <!-- conflict: "325 Winhall Station Road, South Londonderry, VT" Fuzzy match to "325 Winhall Station Road, , VT" -->
    <tag k="addr:city" v="South Londonderry"/>
    <tag k="addr:housenumber" v="325"/>
    <tag k="addr:street" v="Winhall Station Road"/>
    <tag k="addr:state" v="VT"/>
    <tag k="ref:vcgi:esiteid" v="142005"/>
  </node>
  <node id="-1402" visible="true" lat="43.185671005084" lon="-72.784086781163">
    <!-- conflict: "1295 Under The Mountain Road, South Londonderry, VT" Fuzzy match to "1295 Under The Mountain Road, , VT" -->
    <tag k="addr:city" v="South Londonderry"/>
    <tag k="addr:housenumber" v="1295"/>
    <tag k="addr:street" v="Under The Mountain Road"/>
    <tag k="addr:state" v="VT"/>
    <tag k="ref:vcgi:esiteid" v="142006"/>
  </node>
  <node id="-1403" visible="true" lat="43.161117374682" lon="-72.784152837522">
    <!-- conflict: "2989 Under The Mountain Road, South Londonderry, VT" Fuzzy match to "2989 Under The Mountain Road, , VT" -->
    <tag k="addr:city" v="South Londonderry"/>
    <tag k="addr:housenumber" v="2989"/>
    <tag k="addr:street" v="Under The Mountain Road"/>
    <tag k="addr:state" v="VT"/>
    <tag k="ref:vcgi:esiteid" v="142007"/>
  </node>
  <node id="-1404" visible="true" lat="43.21590609449" lon="-72.80933297324">
    <!-- conflict: "1814 Middletown Road, Londonderry, VT" Fuzzy match to "1814 Middletown Road, , VT" -->
    <tag k="addr:city" v="Londonderry"/>
    <tag k="addr:housenumber" v="1814"/>
    <tag k="addr:street" v="Middletown Road"/>
    <tag k="addr:state" v="VT"/>
    <tag k="ref:vcgi:esiteid" v="142008"/>
  </node>
  <node id="-1405" visible="true" lat="43.219876700184" lon="-72.813914462527">
    <!-- conflict: "367 Brooks Lane, Londonderry, VT" Fuzzy match to "367 Brooks Lane, , VT" -->
    <tag k="addr:city" v="Londonderry"/>
    <tag k="addr:housenumber" v="367"/>
    <tag k="addr:street" v="Brooks Lane"/>
    <tag k="addr:state" v="VT"/>
    <tag k="ref:vcgi:esiteid" v="142009"/>
  </node>
  <node id="-1406" visible="true" lat="43.23380485951" lon="-72.797466834189">
    <!-- conflict: "116 Stone Hollow, Londonderry, VT" Fuzzy match to "116 Stone Hollow, , VT" -->
    <tag k="addr:city" v="Londonderry"/>
    <tag k="addr:housenumber" v="116"/>
    <tag k="addr:street" v="Stone Hollow"/>
    <tag k="addr:state" v="VT"/>
    <tag k="ref:vcgi:esiteid" v="142010"/>
  </node>
  <node id="-1407" visible="true" lat="43.253240394181" lon="-72.815165557446">
    <!-- conflict: "182 Roberts Road, Londonderry, VT" Fuzzy match to "182 Roberts Road, , VT" -->
    <tag k="addr:city" v="Londonderry"/>
    <tag k="addr:housenumber" v="182"/>
    <tag k="addr:street" v="Roberts Road"/>
    <tag k="addr:state" v="VT"/>
    <tag k="ref:vcgi:esiteid" v="142011"/>
  </node>
  <node id="-1408" visible="true" lat="43.234796368316" lon="-72.846357610247">
    <!-- conflict: "41 Sherwood Forest, Londonderry, VT" Fuzzy match to "41 Sherwood Forest, , VT" -->
    <tag k="addr:city" v="Londonderry"/>
    <tag k="addr:housenumber" v="41"/>
    <tag k="addr:street" v="Sherwood Forest"/>
    <tag k="addr:state" v="VT"/>
    <tag k="ref:vcgi:esiteid" v="142012"/>
  </node>
  <node id="-1409" visible="true" lat="43.23437043725" lon="-72.796875132619">
    <!-- conflict: "90 Stone Hollow, Londonderry, VT" Fuzzy match to "90 Stone Hollow, , VT" -->
    <tag k="addr:city" v="Londonderry"/>
    <tag k="addr:housenumber" v="90"/>
    <tag k="addr:street" v="Stone Hollow"/>
    <tag k="addr:state" v="VT"/>
    <tag k="ref:vcgi:esiteid" v="142013"/>
  </node>
  <node id="-1410" visible="true" lat="43.231063550827" lon="-72.792661637186">
    <!-- conflict: "131 Derry Woods East, Londonderry, VT" Fuzzy match to "131 Derry Woods East, , VT" -->
    <tag k="addr:city" v="Londonderry"/>
    <tag k="addr:housenumber" v="131"/>
    <tag k="addr:street" v="Derry Woods East"/>
    <tag k="addr:state" v="VT"/>
    <tag k="ref:vcgi:esiteid" v="142014"/>
  </node>
  <node id="-1411" visible="true" lat="43.212830803573" lon="-72.839489900805">
    <!-- conflict: "459 Rowley Lane, South Londonderry, VT" Fuzzy match to "459 Rowley Lane, , VT" -->
    <tag k="addr:city" v="South Londonderry"/>
    <tag k="addr:housenumber" v="459"/>
    <tag k="addr:street" v="Rowley Lane"/>
    <tag k="addr:state" v="VT"/>
    <tag k="ref:vcgi:esiteid" v="142015"/>
  </node>
  <node id="-1412" visible="true" lat="43.215735699106" lon="-72.838276513723">
    <!-- conflict: "650 Rowley Lane, South Londonderry, VT" Fuzzy match to "650 Rowley Lane, , VT" -->
    <tag k="addr:city" v="South Londonderry"/>
    <tag k="addr:housenumber" v="650"/>
    <tag k="addr:street" v="Rowley Lane"/>
    <tag k="addr:state" v="VT"/>
    <tag k="ref:vcgi:esiteid" v="142016"/>
  </node>
  <node id="-1413" visible="true" lat="43.220942765669" lon="-72.748067008775">
    <!-- conflict: "232 Pierce Ridge, Londonderry, VT" Fuzzy match to "232 Pierce Ridge, , VT" -->
    <tag k="addr:city" v="Londonderry"/>
    <tag k="addr:housenumber" v="232"/>
    <tag k="addr:street" v="Pierce Ridge"/>
    <tag k="addr:state" v="VT"/>
    <tag k="ref:vcgi:esiteid" v="142019"/>
  </node>
  <node id="-1414" visible="true" lat="43.189906629817" lon="-72.813698463771">
    <!-- conflict: "2820 Vermont Route 100, South Londonderry, VT" Fuzzy match to "2820 Vermont Route 100, , VT" -->
    <tag k="addr:city" v="South Londonderry"/>
    <tag k="addr:housenumber" v="2820"/>
    <tag k="addr:street" v="Vermont Route 100"/>
    <tag k="addr:state" v="VT"/>
    <tag k="ref:vcgi:esiteid" v="142020"/>
  </node>
  <node id="-1415" visible="true" lat="43.172030081184" lon="-72.839202292032">
    <!-- conflict: "450 Deerwood Hill, South Londonderry, VT" Fuzzy match to "450 Deerwood Hill, , VT" -->
    <tag k="addr:city" v="South Londonderry"/>
    <tag k="addr:housenumber" v="450"/>
    <tag k="addr:street" v="Deerwood Hill"/>
    <tag k="addr:state" v="VT"/>
    <tag k="ref:vcgi:esiteid" v="142021"/>
  </node>
  <node id="-1416" visible="true" lat="43.231395172962" lon="-72.808756376174">
    <!-- conflict: "133 Lorenzo Lane, Londonderry, VT" Fuzzy match to "133 Lorenzo Lane, , VT" -->
    <tag k="addr:city" v="Londonderry"/>
    <tag k="addr:housenumber" v="133"/>
    <tag k="addr:street" v="Lorenzo Lane"/>
    <tag k="addr:state" v="VT"/>
    <tag k="ref:vcgi:esiteid" v="142022"/>
  </node>
  <node id="-1417" visible="true" lat="43.21390340069" lon="-72.837128213201">
    <!-- conflict: "524 Rowley Lane, South Londonderry, VT" Fuzzy match to "524 Rowley Lane, , VT" -->
    <tag k="addr:city" v="South Londonderry"/>
    <tag k="addr:housenumber" v="524"/>
    <tag k="addr:street" v="Rowley Lane"/>
    <tag k="addr:state" v="VT"/>
    <tag k="ref:vcgi:esiteid" v="142023"/>
  </node>
  <node id="-1418" visible="true" lat="43.169955377979" lon="-72.837316287245">
    <!-- conflict: "321 Deerwood Hill, South Londonderry, VT" Fuzzy match to "321 Deerwood Hill, , VT" -->
    <tag k="addr:city" v="South Londonderry"/>
    <tag k="addr:housenumber" v="321"/>
    <tag k="addr:street" v="Deerwood Hill"/>
    <tag k="addr:state" v="VT"/>
    <tag k="ref:vcgi:esiteid" v="142024"/>
  </node>
  <node id="-1419" visible="true" lat="43.233319070536" lon="-72.841122563363">
    <!-- conflict: "97 Brophy Lane, Londonderry, VT" Fuzzy match to "97 Brophy Lane, , VT" -->
    <tag k="addr:city" v="Londonderry"/>
    <tag k="addr:housenumber" v="97"/>
    <tag k="addr:street" v="Brophy Lane"/>
    <tag k="addr:state" v="VT"/>
    <tag k="ref:vcgi:esiteid" v="142025"/>
  </node>
  <node id="-1420" visible="true" lat="43.235115233143" lon="-72.791590763727">
    <!-- conflict: "344 Cobble Ridge Road, Londonderry, VT" Fuzzy match to "344 Cobble Ridge Road, , VT" -->
    <tag k="addr:city" v="Londonderry"/>
    <tag k="addr:housenumber" v="344"/>
    <tag k="addr:street" v="Cobble Ridge Road"/>
    <tag k="addr:state" v="VT"/>
    <tag k="ref:vcgi:esiteid" v="142026"/>
  </node>
  <node id="-1421" visible="true" lat="43.180251341965" lon="-72.810195676142">
    <!-- conflict: "421 Windy Rise Lane East, South Londonderry, VT" Fuzzy match to "421 Windy Rise Lane East, , VT" -->
    <tag k="addr:city" v="South Londonderry"/>
    <tag k="addr:housenumber" v="421"/>
    <tag k="addr:street" v="Windy Rise Lane East"/>
    <tag k="addr:state" v="VT"/>
    <tag k="ref:vcgi:esiteid" v="142027"/>
  </node>
  <node id="-1422" visible="true" lat="43.255594553283" lon="-72.84516675695">
    <!-- conflict: "1602 Reilly Road, Londonderry, VT" Fuzzy match to "1602 Reilly Road, , VT" -->
    <tag k="addr:city" v="Londonderry"/>
    <tag k="addr:housenumber" v="1602"/>
    <tag k="addr:street" v="Reilly Road"/>
    <tag k="addr:state" v="VT"/>
    <tag k="ref:vcgi:esiteid" v="142028"/>
  </node>
  <node id="-1423" visible="true" lat="43.253055515644" lon="-72.839867941195">
    <!-- conflict: "2035 Landgrove Road, Londonderry, VT" Fuzzy match to "2035 Landgrove Road, , VT" -->
    <tag k="addr:city" v="Londonderry"/>
    <tag k="addr:housenumber" v="2035"/>
    <tag k="addr:street" v="Landgrove Road"/>
    <tag k="addr:state" v="VT"/>
    <tag k="ref:vcgi:esiteid" v="142029"/>
  </node>
  <node id="-1424" visible="true" lat="43.248675082665" lon="-72.816380422451">
    <!-- conflict: "112 Rinehart Road, Londonderry, VT" Fuzzy match to "112 Rinehart Road, , VT" -->
    <tag k="addr:city" v="Londonderry"/>
    <tag k="addr:housenumber" v="112"/>
    <tag k="addr:street" v="Rinehart Road"/>
    <tag k="addr:state" v="VT"/>
    <tag k="ref:vcgi:esiteid" v="142030"/>
  </node>
  <node id="-1425" visible="true" lat="43.23785813273" lon="-72.839232336226">
    <!-- conflict: "286 Reilly Road, Londonderry, VT" Fuzzy match to "286 Reilly Road, , VT" -->
    <tag k="addr:city" v="Londonderry"/>
    <tag k="addr:housenumber" v="286"/>
    <tag k="addr:street" v="Reilly Road"/>
    <tag k="addr:state" v="VT"/>
    <tag k="ref:vcgi:esiteid" v="142031"/>
  </node>
  <node id="-1426" visible="true" lat="43.22685885686" lon="-72.797949286697">
    <!-- conflict: "95 Pitt Road, Londonderry, VT" Fuzzy match to "95 Pitt Road, , VT" -->
    <tag k="addr:city" v="Londonderry"/>
    <tag k="addr:housenumber" v="95"/>
    <tag k="addr:street" v="Pitt Road"/>
    <tag k="addr:state" v="VT"/>
    <tag k="ref:vcgi:esiteid" v="142032"/>
  </node>
  <node id="-1427" visible="true" lat="43.226140826899" lon="-72.797508254103">
    <!-- conflict: "145 Pitt Road, Londonderry, VT" Fuzzy match to "145 Pitt Road, , VT" -->
    <tag k="addr:city" v="Londonderry"/>
    <tag k="addr:housenumber" v="145"/>
    <tag k="addr:street" v="Pitt Road"/>
    <tag k="addr:state" v="VT"/>
    <tag k="ref:vcgi:esiteid" v="142033"/>
  </node>
  <node id="-1428" visible="true" lat="43.238992359082" lon="-72.813430198485">
    <!-- conflict: "494 Barker Road, Londonderry, VT" Fuzzy match to "494 Barker Road, , VT" -->
    <tag k="addr:city" v="Londonderry"/>
    <tag k="addr:housenumber" v="494"/>
    <tag k="addr:street" v="Barker Road"/>
    <tag k="addr:state" v="VT"/>
    <tag k="ref:vcgi:esiteid" v="142034"/>
  </node>
  <node id="-1429" visible="true" lat="43.217752534441" lon="-72.798257360758">
    <!-- conflict: "494 Adams Drive, Londonderry, VT" Fuzzy match to "494 Adams Drive, , VT" -->
    <tag k="addr:city" v="Londonderry"/>
    <tag k="addr:housenumber" v="494"/>
    <tag k="addr:street" v="Adams Drive"/>
    <tag k="addr:state" v="VT"/>
    <tag k="ref:vcgi:esiteid" v="142035"/>
  </node>
  <node id="-1430" visible="true" lat="43.219219457918" lon="-72.805413879264">
    <!-- conflict: "2038 Middletown Road, Londonderry, VT" Fuzzy match to "2038 Middletown Road, , VT" -->
    <tag k="addr:city" v="Londonderry"/>
    <tag k="addr:housenumber" v="2038"/>
    <tag k="addr:street" v="Middletown Road"/>
    <tag k="addr:state" v="VT"/>
    <tag k="ref:vcgi:esiteid" v="142036"/>
  </node>
  <node id="-1431" visible="true" lat="43.217239516777" lon="-72.792062496477">
    <!-- conflict: "3352 Vermont Route 11, Londonderry, VT" Fuzzy match to "3352 Vermont Route 11, , VT" -->
    <tag k="addr:city" v="Londonderry"/>
    <tag k="addr:housenumber" v="3352"/>
    <tag k="addr:street" v="Vermont Route 11"/>
    <tag k="addr:state" v="VT"/>
    <tag k="ref:vcgi:esiteid" v="142037"/>
  </node>
  <node id="-1432" visible="true" lat="43.217628590246" lon="-72.776852803768">
    <!-- conflict: "776 Mansfield Lane, Londonderry, VT" Fuzzy match to "776 Mansfield Lane, , VT" -->
    <tag k="addr:city" v="Londonderry"/>
    <tag k="addr:housenumber" v="776"/>
    <tag k="addr:street" v="Mansfield Lane"/>
    <tag k="addr:state" v="VT"/>
    <tag k="ref:vcgi:esiteid" v="142038"/>
  </node>
  <node id="-1434" visible="true" lat="43.223041296821" lon="-72.775394658673">
    <!-- conflict: "543 Mountain Lake Road, Londonderry, VT" Fuzzy match to "543 Mountain Lake Road, , VT" -->
    <tag k="addr:city" v="Londonderry"/>
    <tag k="addr:housenumber" v="543"/>
    <tag k="addr:street" v="Mountain Lake Road"/>
    <tag k="addr:state" v="VT"/>
    <tag k="ref:vcgi:esiteid" v="142040"/>
  </node>
  <node id="-1436" visible="true" lat="43.209226163317" lon="-72.772410579379">
    <!-- conflict: "4744 Vermont Route 11, Londonderry, VT" Fuzzy match to "4744 Vermont Route 11, , VT" -->
    <tag k="addr:city" v="Londonderry"/>
    <tag k="addr:housenumber" v="4744"/>
    <tag k="addr:street" v="Vermont Route 11"/>
    <tag k="addr:state" v="VT"/>
    <tag k="ref:vcgi:esiteid" v="142042"/>
  </node>
  <node id="-1437" visible="true" lat="43.199838356747" lon="-72.857668390857">
    <!-- conflict: "828 Winhall Hollow Road, South Londonderry, VT" Fuzzy match to "828 Winhall Hollow Road, , VT" -->
    <tag k="addr:city" v="South Londonderry"/>
    <tag k="addr:housenumber" v="828"/>
    <tag k="addr:street" v="Winhall Hollow Road"/>
    <tag k="addr:state" v="VT"/>
    <tag k="ref:vcgi:esiteid" v="142043"/>
  </node>
  <node id="-1438" visible="true" lat="43.202760046912" lon="-72.788439880271">
    <!-- conflict: "2513 Thompsonburg Road, South Londonderry, VT" Fuzzy match to "2513 Thompsonburg Road, , VT" -->
    <tag k="addr:city" v="South Londonderry"/>
    <tag k="addr:housenumber" v="2513"/>
    <tag k="addr:street" v="Thompsonburg Road"/>
    <tag k="addr:state" v="VT"/>
    <tag k="ref:vcgi:esiteid" v="142044"/>
  </node>
  <node id="-1439" visible="true" lat="43.197081487222" lon="-72.796929249528">
    <!-- conflict: "193 Bel Air Drive, South Londonderry, VT" Fuzzy match to "193 Bel Air Drive, , VT" -->
    <tag k="addr:city" v="South Londonderry"/>
    <tag k="addr:housenumber" v="193"/>
    <tag k="addr:street" v="Bel Air Drive"/>
    <tag k="addr:state" v="VT"/>
    <tag k="ref:vcgi:esiteid" v="142045"/>
  </node>
  <node id="-1440" visible="true" lat="43.19857401918" lon="-72.797007952791">
    <!-- conflict: "276 Bel Air Drive, South Londonderry, VT" Fuzzy match to "276 Bel Air Drive, , VT" -->
    <tag k="addr:city" v="South Londonderry"/>
    <tag k="addr:housenumber" v="276"/>
    <tag k="addr:street" v="Bel Air Drive"/>
    <tag k="addr:state" v="VT"/>
    <tag k="ref:vcgi:esiteid" v="142046"/>
  </node>
  <node id="-1441" visible="true" lat="43.200844173757" lon="-72.788256873658">
    <!-- conflict: "30 Fieldstone Way, South Londonderry, VT" Fuzzy match to "30 Fieldstone Way, , VT" -->
    <tag k="addr:city" v="South Londonderry"/>
    <tag k="addr:housenumber" v="30"/>
    <tag k="addr:street" v="Fieldstone Way"/>
    <tag k="addr:state" v="VT"/>
    <tag k="ref:vcgi:esiteid" v="142047"/>
  </node>
  <node id="-1442" visible="true" lat="43.201496302884" lon="-72.789057365666">
    <!-- conflict: "94 Fieldstone Way, South Londonderry, VT" Fuzzy match to "94 Fieldstone Way, , VT" -->
    <tag k="addr:city" v="South Londonderry"/>
    <tag k="addr:housenumber" v="94"/>
    <tag k="addr:street" v="Fieldstone Way"/>
    <tag k="addr:state" v="VT"/>
    <tag k="ref:vcgi:esiteid" v="142048"/>
  </node>
  <node id="-1443" visible="true" lat="43.200888429126" lon="-72.790359356661">
    <!-- conflict: "109 Fieldstone Way, South Londonderry, VT" Fuzzy match to "109 Fieldstone Way, , VT" -->
    <tag k="addr:city" v="South Londonderry"/>
    <tag k="addr:housenumber" v="109"/>
    <tag k="addr:street" v="Fieldstone Way"/>
    <tag k="addr:state" v="VT"/>
    <tag k="ref:vcgi:esiteid" v="142049"/>
  </node>
  <node id="-1444" visible="true" lat="43.17108016769" lon="-72.83174844479">
    <!-- conflict: "64 Cook Brook Road, South Londonderry, VT" Fuzzy match to "64 Cook Brook Road, , VT" -->
    <tag k="addr:city" v="South Londonderry"/>
    <tag k="addr:housenumber" v="64"/>
    <tag k="addr:street" v="Cook Brook Road"/>
    <tag k="addr:state" v="VT"/>
    <tag k="ref:vcgi:esiteid" v="142050"/>
  </node>
  <node id="-1445" visible="true" lat="43.165556706588" lon="-72.847301964761">
    <!-- conflict: "503 White Pine Drive, South Londonderry, VT" Fuzzy match to "503 White Pine Drive, , VT" -->
    <tag k="addr:city" v="South Londonderry"/>
    <tag k="addr:housenumber" v="503"/>
    <tag k="addr:street" v="White Pine Drive"/>
    <tag k="addr:state" v="VT"/>
    <tag k="ref:vcgi:esiteid" v="142051"/>
  </node>
  <node id="-1446" visible="true" lat="43.22988444391" lon="-72.839968373882">
    <!-- conflict: "569 Sherwood Forest, Londonderry, VT" Fuzzy match to "569 Sherwood Forest, , VT" -->
    <tag k="addr:city" v="Londonderry"/>
    <tag k="addr:housenumber" v="569"/>
    <tag k="addr:street" v="Sherwood Forest"/>
    <tag k="addr:state" v="VT"/>
    <tag k="ref:vcgi:esiteid" v="142052"/>
  </node>
  <node id="-1447" visible="true" lat="43.225935414435" lon="-72.837487876033">
    <!-- conflict: "372 Tallwood Circle, Londonderry, VT" Fuzzy match to "372 Tallwood Circle, , VT" -->
    <tag k="addr:city" v="Londonderry"/>
    <tag k="addr:housenumber" v="372"/>
    <tag k="addr:street" v="Tallwood Circle"/>
    <tag k="addr:state" v="VT"/>
    <tag k="ref:vcgi:esiteid" v="142053"/>
  </node>
  <node id="-1448" visible="true" lat="43.228921214484" lon="-72.821620672572">
    <!-- conflict: "1596 Vermont Route 11, Londonderry, VT" Fuzzy match to "1596 Vermont Route 11, , VT" -->
    <tag k="addr:city" v="Londonderry"/>
    <tag k="addr:housenumber" v="1596"/>
    <tag k="addr:street" v="Vermont Route 11"/>
    <tag k="addr:state" v="VT"/>
    <tag k="ref:vcgi:esiteid" v="142054"/>
  </node>
  <node id="-1449" visible="true" lat="43.229742772537" lon="-72.817299603769">
    <!-- conflict: "77 Old Stowell Hill, Londonderry, VT" Fuzzy match to "77 Old Stowell Hill, , VT" -->
    <tag k="addr:city" v="Londonderry"/>
    <tag k="addr:housenumber" v="77"/>
    <tag k="addr:street" v="Old Stowell Hill"/>
    <tag k="addr:state" v="VT"/>
    <tag k="ref:vcgi:esiteid" v="142055"/>
  </node>
  <node id="-1450" visible="true" lat="43.224161659055" lon="-72.747701805614">
    <!-- conflict: "320 Keith Hill, Londonderry, VT" Fuzzy match to "320 Keith Hill, , VT" -->
    <tag k="addr:city" v="Londonderry"/>
    <tag k="addr:housenumber" v="320"/>
    <tag k="addr:street" v="Keith Hill"/>
    <tag k="addr:state" v="VT"/>
    <tag k="ref:vcgi:esiteid" v="142056"/>
  </node>
  <node id="-1451" visible="true" lat="43.205824519989" lon="-72.773252416995">
    <!-- conflict: "237 Magic Mountain Access Road, Londonderry, VT" Fuzzy match to "237 Magic Mountain Access Road, , VT" -->
    <tag k="addr:city" v="Londonderry"/>
    <tag k="addr:housenumber" v="237"/>
    <tag k="addr:street" v="Magic Mountain Access Road"/>
    <tag k="addr:state" v="VT"/>
    <tag k="ref:vcgi:esiteid" v="142057"/>
  </node>
  <node id="-1452" visible="true" lat="43.205544512337" lon="-72.773195671495">
    <!-- conflict: "241 Magic Mountain Access Road, Londonderry, VT" Fuzzy match to "241 Magic Mountain Access Road, , VT" -->
    <tag k="addr:city" v="Londonderry"/>
    <tag k="addr:housenumber" v="241"/>
    <tag k="addr:street" v="Magic Mountain Access Road"/>
    <tag k="addr:state" v="VT"/>
    <tag k="ref:vcgi:esiteid" v="142058"/>
  </node>
  <node id="-1453" visible="true" lat="43.206171110591" lon="-72.773326893382">
    <!-- conflict: "215 Magic Mountain Access Road, Londonderry, VT" Fuzzy match to "215 Magic Mountain Access Road, , VT" -->
    <tag k="addr:city" v="Londonderry"/>
    <tag k="addr:housenumber" v="215"/>
    <tag k="addr:street" v="Magic Mountain Access Road"/>
    <tag k="addr:state" v="VT"/>
    <tag k="ref:vcgi:esiteid" v="142059"/>
  </node>
  <node id="-1454" visible="true" lat="43.206986943512" lon="-72.773213053282">
    <!-- conflict: "151 Magic Mountain Access Road, Londonderry, VT" Fuzzy match to "151 Magic Mountain Access Road, , VT" -->
    <tag k="addr:city" v="Londonderry"/>
    <tag k="addr:housenumber" v="151"/>
    <tag k="addr:street" v="Magic Mountain Access Road"/>
    <tag k="addr:state" v="VT"/>
    <tag k="ref:vcgi:esiteid" v="142060"/>
  </node>
  <node id="-1455" visible="true" lat="43.196100602562" lon="-72.815185554889">
    <!-- conflict: "3246 Vermont Route 100, South Londonderry, VT" Fuzzy match to "3246 Vermont Route 100, , VT" -->
    <tag k="addr:city" v="South Londonderry"/>
    <tag k="addr:housenumber" v="3246"/>
    <tag k="addr:street" v="Vermont Route 100"/>
    <tag k="addr:state" v="VT"/>
    <tag k="ref:vcgi:esiteid" v="142061"/>
  </node>
  <node id="-1456" visible="true" lat="43.211061398816" lon="-72.850627416165">
    <!-- conflict: "320 Beattie Road, South Londonderry, VT" Fuzzy match to "320 Beattie Road, , VT" -->
    <tag k="addr:city" v="South Londonderry"/>
    <tag k="addr:housenumber" v="320"/>
    <tag k="addr:street" v="Beattie Road"/>
    <tag k="addr:state" v="VT"/>
    <tag k="ref:vcgi:esiteid" v="327044"/>
  </node>
  <node id="-1457" visible="true" lat="43.20351319779" lon="-72.820040378894">
    <!-- conflict: "100 Old Farm Road, South Londonderry, VT" Fuzzy match to "100 Old Farm Road, , VT" -->
    <tag k="addr:city" v="South Londonderry"/>
    <tag k="addr:housenumber" v="100"/>
    <tag k="addr:street" v="Old Farm Road"/>
    <tag k="addr:state" v="VT"/>
    <tag k="ref:vcgi:esiteid" v="329634"/>
  </node>
  <node id="-1458" visible="true" lat="43.241363617429" lon="-72.838891865756">
    <!-- conflict: "524 Reilly Road, Londonderry, VT" Fuzzy match to "524 Reilly Road, , VT" -->
    <tag k="addr:city" v="Londonderry"/>
    <tag k="addr:housenumber" v="524"/>
    <tag k="addr:street" v="Reilly Road"/>
    <tag k="addr:state" v="VT"/>
    <tag k="ref:vcgi:esiteid" v="331144"/>
  </node>
  <node id="-1459" visible="true" lat="43.229019335787" lon="-72.819537502118">
    <!-- conflict: "1721 Vermont Route 11, Londonderry, VT" Fuzzy match to "1721 Vermont Route 11, , VT" -->
    <tag k="addr:city" v="Londonderry"/>
    <tag k="addr:housenumber" v="1721"/>
    <tag k="addr:street" v="Vermont Route 11"/>
    <tag k="addr:state" v="VT"/>
    <tag k="ref:vcgi:esiteid" v="331145"/>
  </node>
  <node id="-1460" visible="true" lat="43.166531027824" lon="-72.849086696194">
    <!-- conflict: "415 White Pine Drive, South Londonderry, VT" Fuzzy match to "415 White Pine Drive, , VT" -->
    <tag k="addr:city" v="South Londonderry"/>
    <tag k="addr:housenumber" v="415"/>
    <tag k="addr:street" v="White Pine Drive"/>
    <tag k="addr:state" v="VT"/>
    <tag k="ref:vcgi:esiteid" v="332655"/>
  </node>
  <node id="-1461" visible="true" lat="43.202022694225" lon="-72.831728353368">
    <!-- conflict: "2570 Winhall Hollow Road, South Londonderry, VT" Fuzzy match to "2570 Winhall Hollow Road, , VT" -->
    <tag k="addr:city" v="South Londonderry"/>
    <tag k="addr:housenumber" v="2570"/>
    <tag k="addr:street" v="Winhall Hollow Road"/>
    <tag k="addr:state" v="VT"/>
    <tag k="ref:vcgi:esiteid" v="332999"/>
  </node>
  <node id="-1462" visible="true" lat="43.22387854299" lon="-72.797056982409">
    <!-- conflict: "2923 Vermont Route 11, Londonderry, VT" Fuzzy match to "2923 Vermont Route 11, , VT" -->
    <tag k="addr:city" v="Londonderry"/>
    <tag k="addr:housenumber" v="2923"/>
    <tag k="addr:street" v="Vermont Route 11"/>
    <tag k="addr:state" v="VT"/>
    <tag k="ref:vcgi:esiteid" v="337999"/>
  </node>
  <node id="-1463" visible="true" lat="43.214546540457" lon="-72.75321602645">
    <!-- conflict: "5740 Vermont Route 11, Londonderry, VT" Fuzzy match to "5740 Vermont Route 11, , VT" -->
    <tag k="addr:city" v="Londonderry"/>
    <tag k="addr:housenumber" v="5740"/>
    <tag k="addr:street" v="Vermont Route 11"/>
    <tag k="addr:state" v="VT"/>
    <tag k="ref:vcgi:esiteid" v="338000"/>
  </node>
  <node id="-1464" visible="true" lat="43.23380513408" lon="-72.847232148022">
    <!-- conflict: "140 Sherwood Forest, Londonderry, VT" Fuzzy match to "140 Sherwood Forest, , VT" -->
    <tag k="addr:city" v="Londonderry"/>
    <tag k="addr:housenumber" v="140"/>
    <tag k="addr:street" v="Sherwood Forest"/>
    <tag k="addr:state" v="VT"/>
    <tag k="ref:vcgi:esiteid" v="338001"/>
  </node>
  <node id="-1465" visible="true" lat="43.233604336353" lon="-72.84669528384">
    <!-- conflict: "144 Sherwood Forest, Londonderry, VT" Fuzzy match to "144 Sherwood Forest, , VT" -->
    <tag k="addr:city" v="Londonderry"/>
    <tag k="addr:housenumber" v="144"/>
    <tag k="addr:street" v="Sherwood Forest"/>
    <tag k="addr:state" v="VT"/>
    <tag k="ref:vcgi:esiteid" v="338002"/>
  </node>
  <node id="-1466" visible="true" lat="43.232947665316" lon="-72.844771604553">
    <!-- conflict: "252 Sherwood Forest, Londonderry, VT" Fuzzy match to "252 Sherwood Forest, , VT" -->
    <tag k="addr:city" v="Londonderry"/>
    <tag k="addr:housenumber" v="252"/>
    <tag k="addr:street" v="Sherwood Forest"/>
    <tag k="addr:state" v="VT"/>
    <tag k="ref:vcgi:esiteid" v="338003"/>
  </node>
  <node id="-1467" visible="true" lat="43.204244007325" lon="-72.814913626025">
    <!-- conflict: "825 Middletown Road, South Londonderry, VT" Fuzzy match to "825 Middletown Road, , VT" -->
    <tag k="addr:city" v="South Londonderry"/>
    <tag k="addr:housenumber" v="825"/>
    <tag k="addr:street" v="Middletown Road"/>
    <tag k="addr:state" v="VT"/>
    <tag k="ref:vcgi:esiteid" v="338238"/>
  </node>
  <node id="-1468" visible="true" lat="43.176713099573" lon="-72.822006518697">
    <!-- conflict: "45 Glebe View Lane, South Londonderry, VT" Fuzzy match to "45 Glebe View Lane, , VT" -->
    <tag k="addr:city" v="South Londonderry"/>
    <tag k="addr:housenumber" v="45"/>
    <tag k="addr:street" v="Glebe View Lane"/>
    <tag k="addr:state" v="VT"/>
    <tag k="ref:vcgi:esiteid" v="338239"/>
  </node>
  <node id="-1469" visible="true" lat="43.23649924357" lon="-72.797929804653">
    <!-- conflict: "6677 Vermont Route 100, Londonderry, VT" Fuzzy match to "6677 Vermont Route 100, , VT" -->
    <tag k="addr:city" v="Londonderry"/>
    <tag k="addr:housenumber" v="6677"/>
    <tag k="addr:street" v="Vermont Route 100"/>
    <tag k="addr:state" v="VT"/>
    <tag k="ref:vcgi:esiteid" v="338240"/>
  </node>
  <node id="-1470" visible="true" lat="43.236645644002" lon="-72.849629304957">
    <!-- conflict: "5 Vermont Route 11, Londonderry, VT" Fuzzy match to "5 Vermont Route 11, , VT" -->
    <tag k="addr:city" v="Londonderry"/>
    <tag k="addr:housenumber" v="5"/>
    <tag k="addr:street" v="Vermont Route 11"/>
    <tag k="addr:state" v="VT"/>
    <tag k="ref:vcgi:esiteid" v="338241"/>
  </node>
  <node id="-1471" visible="true" lat="43.18505374272" lon="-72.799545802782">
    <!-- conflict: "175 Rowes Road, South Londonderry, VT" Fuzzy match to "175 Rowes Road, , VT" -->
    <tag k="addr:city" v="South Londonderry"/>
    <tag k="addr:housenumber" v="175"/>
    <tag k="addr:street" v="Rowes Road"/>
    <tag k="addr:state" v="VT"/>
    <tag k="ref:vcgi:esiteid" v="338696"/>
  </node>
  <node id="-1472" visible="true" lat="43.186156169304" lon="-72.796396529809">
    <!-- conflict: "110 Cross Road, South Londonderry, VT" Fuzzy match to "110 Cross Road, , VT" -->
    <tag k="addr:city" v="South Londonderry"/>
    <tag k="addr:housenumber" v="110"/>
    <tag k="addr:street" v="Cross Road"/>
    <tag k="addr:state" v="VT"/>
    <tag k="ref:vcgi:esiteid" v="338697"/>
  </node>
  <node id="-1473" visible="true" lat="43.18539470491" lon="-72.7956839233">
    <!-- conflict: "242 Cross Road, South Londonderry, VT" Fuzzy match to "242 Cross Road, , VT" -->
    <tag k="addr:city" v="South Londonderry"/>
    <tag k="addr:housenumber" v="242"/>
    <tag k="addr:street" v="Cross Road"/>
    <tag k="addr:state" v="VT"/>
    <tag k="ref:vcgi:esiteid" v="338698"/>
  </node>
  <node id="-1474" visible="true" lat="43.22302194181" lon="-72.765519086969">
    <!-- conflict: "883 Lowell Lake Road, Londonderry, VT" Fuzzy match to "883 Lowell Lake Road, , VT" -->
    <tag k="addr:city" v="Londonderry"/>
    <tag k="addr:housenumber" v="883"/>
    <tag k="addr:street" v="Lowell Lake Road"/>
    <tag k="addr:state" v="VT"/>
    <tag k="ref:vcgi:esiteid" v="338775"/>
  </node>
  <node id="-1475" visible="true" lat="43.225083822445" lon="-72.824728323291">
    <!-- conflict: "5261 Vermont Route 100, Londonderry, VT" Fuzzy match to "5261 Vermont Route 100, , VT" -->
    <tag k="addr:city" v="Londonderry"/>
    <tag k="addr:housenumber" v="5261"/>
    <tag k="addr:street" v="Vermont Route 100"/>
    <tag k="addr:state" v="VT"/>
    <tag k="ref:vcgi:esiteid" v="338810"/>
  </node>
  <node id="-1476" visible="true" lat="43.17547315763" lon="-72.82228527747">
    <!-- conflict: "1643 Vermont Route 100, South Londonderry, VT" Fuzzy match to "1643 Vermont Route 100, , VT" -->
    <tag k="addr:city" v="South Londonderry"/>
    <tag k="addr:housenumber" v="1643"/>
    <tag k="addr:street" v="Vermont Route 100"/>
    <tag k="addr:state" v="VT"/>
    <tag k="ref:vcgi:esiteid" v="340794"/>
  </node>
  <node id="-1477" visible="true" lat="43.17275153601" lon="-72.819007148103">
    <!-- conflict: "165 Winhall Station Road, South Londonderry, VT" Fuzzy match to "165 Winhall Station Road, , VT" -->
    <tag k="addr:city" v="South Londonderry"/>
    <tag k="addr:housenumber" v="165"/>
    <tag k="addr:street" v="Winhall Station Road"/>
    <tag k="addr:state" v="VT"/>
    <tag k="ref:vcgi:esiteid" v="340795"/>
  </node>
  <node id="-1478" visible="true" lat="43.164727574278" lon="-72.820358810721">
    <!-- conflict: "190 Guinness Drive, South Londonderry, VT" Fuzzy match to "190 Guinness Drive, , VT" -->
    <tag k="addr:city" v="South Londonderry"/>
    <tag k="addr:housenumber" v="190"/>
    <tag k="addr:street" v="Guinness Drive"/>
    <tag k="addr:state" v="VT"/>
    <tag k="ref:vcgi:esiteid" v="340796"/>
  </node>
  <node id="-1479" visible="true" lat="43.164510462323" lon="-72.818048046171">
    <!-- conflict: "196 Guinness Drive, South Londonderry, VT" Fuzzy match to "196 Guinness Drive, , VT" -->
    <tag k="addr:city" v="South Londonderry"/>
    <tag k="addr:housenumber" v="196"/>
    <tag k="addr:street" v="Guinness Drive"/>
    <tag k="addr:state" v="VT"/>
    <tag k="ref:vcgi:esiteid" v="340797"/>
  </node>
  <node id="-1480" visible="true" lat="43.166024650106" lon="-72.816185245225">
    <!-- conflict: "193 Guinness Drive, South Londonderry, VT" Fuzzy match to "193 Guinness Drive, , VT" -->
    <tag k="addr:city" v="South Londonderry"/>
    <tag k="addr:housenumber" v="193"/>
    <tag k="addr:street" v="Guinness Drive"/>
    <tag k="addr:state" v="VT"/>
    <tag k="ref:vcgi:esiteid" v="340798"/>
  </node>
  <node id="-1481" visible="true" lat="43.16031379303" lon="-72.841663758792">
    <!-- conflict: "244 Bobcat Run, South Londonderry, VT" Fuzzy match to "244 Bobcat Run, , VT" -->
    <tag k="addr:city" v="South Londonderry"/>
    <tag k="addr:housenumber" v="244"/>
    <tag k="addr:street" v="Bobcat Run"/>
    <tag k="addr:state" v="VT"/>
    <tag k="ref:vcgi:esiteid" v="341842"/>
  </node>
  <node id="-1482" visible="true" lat="43.165429058446" lon="-72.835135437419">
    <!-- conflict: "440 Vermont Route 100, South Londonderry, VT" Fuzzy match to "440 Vermont Route 100, , VT" -->
    <tag k="addr:city" v="South Londonderry"/>
    <tag k="addr:housenumber" v="440"/>
    <tag k="addr:street" v="Vermont Route 100"/>
    <tag k="addr:state" v="VT"/>
    <tag k="ref:vcgi:esiteid" v="341844"/>
  </node>
  <node id="-1483" visible="true" lat="43.195220230441" lon="-72.804301429675">
    <!-- conflict: "157 Crazy Grouse Lane, South Londonderry, VT" Fuzzy match to "157 Crazy Grouse Lane, , VT" -->
    <tag k="addr:city" v="South Londonderry"/>
    <tag k="addr:housenumber" v="157"/>
    <tag k="addr:street" v="Crazy Grouse Lane"/>
    <tag k="addr:state" v="VT"/>
    <tag k="ref:vcgi:esiteid" v="342191"/>
  </node>
  <node id="-1484" visible="true" lat="43.233604088204" lon="-72.796822138062">
    <!-- conflict: "128 Stone Hollow, Londonderry, VT" Fuzzy match to "128 Stone Hollow, , VT" -->
    <tag k="addr:city" v="Londonderry"/>
    <tag k="addr:housenumber" v="128"/>
    <tag k="addr:street" v="Stone Hollow"/>
    <tag k="addr:state" v="VT"/>
    <tag k="ref:vcgi:esiteid" v="345783"/>
  </node>
  <node id="-1485" visible="true" lat="43.233307315199" lon="-72.796290241406">
    <!-- conflict: "142 Stone Hollow, Londonderry, VT" Fuzzy match to "142 Stone Hollow, , VT" -->
    <tag k="addr:city" v="Londonderry"/>
    <tag k="addr:housenumber" v="142"/>
    <tag k="addr:street" v="Stone Hollow"/>
    <tag k="addr:state" v="VT"/>
    <tag k="ref:vcgi:esiteid" v="345784"/>
  </node>
  <node id="-1486" visible="true" lat="43.232835919115" lon="-72.795640957998">
    <!-- conflict: "198 Stone Hollow, Londonderry, VT" Fuzzy match to "198 Stone Hollow, , VT" -->
    <tag k="addr:city" v="Londonderry"/>
    <tag k="addr:housenumber" v="198"/>
    <tag k="addr:street" v="Stone Hollow"/>
    <tag k="addr:state" v="VT"/>
    <tag k="ref:vcgi:esiteid" v="345785"/>
  </node>
  <node id="-1487" visible="true" lat="43.244701851198" lon="-72.843490933163">
    <!-- conflict: "155 Spruce Hill, Londonderry, VT" Fuzzy match to "155 Spruce Hill, , VT" -->
    <tag k="addr:city" v="Londonderry"/>
    <tag k="addr:housenumber" v="155"/>
    <tag k="addr:street" v="Spruce Hill"/>
    <tag k="addr:state" v="VT"/>
    <tag k="ref:vcgi:esiteid" v="365093"/>
  </node>
  <node id="-1488" visible="true" lat="43.236608421877" lon="-72.779625877014">
    <!-- conflict: "889 Boynton Road, Londonderry, VT" Fuzzy match to "889 Boynton Road, , VT" -->
    <tag k="addr:city" v="Londonderry"/>
    <tag k="addr:housenumber" v="889"/>
    <tag k="addr:street" v="Boynton Road"/>
    <tag k="addr:state" v="VT"/>
    <tag k="ref:vcgi:esiteid" v="365292"/>
  </node>
  <node id="-1489" visible="true" lat="43.220687011508" lon="-72.74946422245">
    <!-- conflict: "170 Pierce Ridge, Londonderry, VT" Fuzzy match to "170 Pierce Ridge, , VT" -->
    <tag k="addr:city" v="Londonderry"/>
    <tag k="addr:housenumber" v="170"/>
    <tag k="addr:street" v="Pierce Ridge"/>
    <tag k="addr:state" v="VT"/>
    <tag k="ref:vcgi:esiteid" v="449346"/>
  </node>
  <node id="-1490" visible="true" lat="43.240344109169" lon="-72.780063393561">
    <!-- conflict: "667 Boynton Road, Londonderry, VT" Fuzzy match to "667 Boynton Road, , VT" -->
    <tag k="addr:city" v="Londonderry"/>
    <tag k="addr:housenumber" v="667"/>
    <tag k="addr:street" v="Boynton Road"/>
    <tag k="addr:state" v="VT"/>
    <tag k="ref:vcgi:esiteid" v="450077"/>
  </node>
  <node id="-1491" visible="true" lat="43.230609365643" lon="-72.789017077409">
    <!-- conflict: "280 Dutchmans Lane, Londonderry, VT" Fuzzy match to "280 Dutchmans Lane, , VT" -->
    <tag k="addr:city" v="Londonderry"/>
    <tag k="addr:housenumber" v="280"/>
    <tag k="addr:street" v="Dutchmans Lane"/>
    <tag k="addr:state" v="VT"/>
    <tag k="ref:vcgi:esiteid" v="450078"/>
  </node>
  <node id="-1492" visible="true" lat="43.21415416408" lon="-72.785645751205">
    <!-- conflict: "112 Stoney Brook Road, Londonderry, VT" Fuzzy match to "112 Stoney Brook Road, , VT" -->
    <tag k="addr:city" v="Londonderry"/>
    <tag k="addr:housenumber" v="112"/>
    <tag k="addr:street" v="Stoney Brook Road"/>
    <tag k="addr:state" v="VT"/>
    <tag k="ref:vcgi:esiteid" v="450079"/>
  </node>
  <node id="-1493" visible="true" lat="43.213974464147" lon="-72.786913414279">
    <!-- conflict: "139 Stoney Brook Road, Londonderry, VT" Fuzzy match to "139 Stoney Brook Road, , VT" -->
    <tag k="addr:city" v="Londonderry"/>
    <tag k="addr:housenumber" v="139"/>
    <tag k="addr:street" v="Stoney Brook Road"/>
    <tag k="addr:state" v="VT"/>
    <tag k="ref:vcgi:esiteid" v="450080"/>
  </node>
  <node id="-1494" visible="true" lat="43.212408370396" lon="-72.786064167679">
    <!-- conflict: "46 Stoney Brook Road, Londonderry, VT" Fuzzy match to "46 Stoney Brook Road, , VT" -->
    <tag k="addr:city" v="Londonderry"/>
    <tag k="addr:housenumber" v="46"/>
    <tag k="addr:street" v="Stoney Brook Road"/>
    <tag k="addr:state" v="VT"/>
    <tag k="ref:vcgi:esiteid" v="450081"/>
  </node>
  <node id="-1495" visible="true" lat="43.218915636283" lon="-72.813810445426">
    <!-- conflict: "363 Brooks Lane, Londonderry, VT" Fuzzy match to "363 Brooks Lane, , VT" -->
    <tag k="addr:city" v="Londonderry"/>
    <tag k="addr:housenumber" v="363"/>
    <tag k="addr:street" v="Brooks Lane"/>
    <tag k="addr:state" v="VT"/>
    <tag k="ref:vcgi:esiteid" v="450082"/>
  </node>
  <node id="-1496" visible="true" lat="43.209395135955" lon="-72.790329914239">
    <!-- conflict: "370 Rest Haven Road, Londonderry, VT" Fuzzy match to "370 Rest Haven Road, , VT" -->
    <tag k="addr:city" v="Londonderry"/>
    <tag k="addr:housenumber" v="370"/>
    <tag k="addr:street" v="Rest Haven Road"/>
    <tag k="addr:state" v="VT"/>
    <tag k="ref:vcgi:esiteid" v="450083"/>
  </node>
  <node id="-1497" visible="true" lat="43.212823121279" lon="-72.817176513036">
    <!-- conflict: "1417 Middletown Road, South Londonderry, VT" Fuzzy match to "1417 Middletown Road, , VT" -->
    <tag k="addr:city" v="South Londonderry"/>
    <tag k="addr:housenumber" v="1417"/>
    <tag k="addr:street" v="Middletown Road"/>
    <tag k="addr:state" v="VT"/>
    <tag k="ref:vcgi:esiteid" v="450084"/>
  </node>
  <node id="-1498" visible="true" lat="43.207191945381" lon="-72.765590650303">
    <!-- conflict: "158 Bentley Drive, Londonderry, VT" Fuzzy match to "158 Bentley Drive, , VT" -->
    <tag k="addr:city" v="Londonderry"/>
    <tag k="addr:housenumber" v="158"/>
    <tag k="addr:street" v="Bentley Drive"/>
    <tag k="addr:state" v="VT"/>
    <tag k="ref:vcgi:esiteid" v="450085"/>
  </node>
  <node id="-1499" visible="true" lat="43.206948644992" lon="-72.762411651524">
    <!-- conflict: "360 Bentley Drive, Londonderry, VT" Fuzzy match to "360 Bentley Drive, , VT" -->
    <tag k="addr:city" v="Londonderry"/>
    <tag k="addr:housenumber" v="360"/>
    <tag k="addr:street" v="Bentley Drive"/>
    <tag k="addr:state" v="VT"/>
    <tag k="ref:vcgi:esiteid" v="450086"/>
  </node>
  <node id="-1500" visible="true" lat="43.211552417282" lon="-72.765042633196">
    <!-- conflict: "5123 Vermont Route 11, Londonderry, VT" Fuzzy match to "5123 Vermont Route 11, , VT" -->
    <tag k="addr:city" v="Londonderry"/>
    <tag k="addr:housenumber" v="5123"/>
    <tag k="addr:street" v="Vermont Route 11"/>
    <tag k="addr:state" v="VT"/>
    <tag k="ref:vcgi:esiteid" v="450087"/>
  </node>
  <node id="-1501" visible="true" lat="43.199077224273" lon="-72.860329076628">
    <!-- conflict: "670 Winhall Hollow Road, South Londonderry, VT" Fuzzy match to "670 Winhall Hollow Road, , VT" -->
    <tag k="addr:city" v="South Londonderry"/>
    <tag k="addr:housenumber" v="670"/>
    <tag k="addr:street" v="Winhall Hollow Road"/>
    <tag k="addr:state" v="VT"/>
    <tag k="ref:vcgi:esiteid" v="450088"/>
  </node>
  <node id="-1502" visible="true" lat="43.200297073792" lon="-72.857010578703">
    <!-- conflict: "924 Winhall Hollow Road, South Londonderry, VT" Fuzzy match to "924 Winhall Hollow Road, , VT" -->
    <tag k="addr:city" v="South Londonderry"/>
    <tag k="addr:housenumber" v="924"/>
    <tag k="addr:street" v="Winhall Hollow Road"/>
    <tag k="addr:state" v="VT"/>
    <tag k="ref:vcgi:esiteid" v="450089"/>
  </node>
  <node id="-1503" visible="true" lat="43.165592074949" lon="-72.844934450388">
    <!-- conflict: "531 White Pine Drive, South Londonderry, VT" Fuzzy match to "531 White Pine Drive, , VT" -->
    <tag k="addr:city" v="South Londonderry"/>
    <tag k="addr:housenumber" v="531"/>
    <tag k="addr:street" v="White Pine Drive"/>
    <tag k="addr:state" v="VT"/>
    <tag k="ref:vcgi:esiteid" v="450090"/>
  </node>
  <node id="-1504" visible="true" lat="43.165500563579" lon="-72.835107916">
    <!-- conflict: "444 Vermont Route 100, South Londonderry, VT" Fuzzy match to "444 Vermont Route 100, , VT" -->
    <tag k="addr:city" v="South Londonderry"/>
    <tag k="addr:housenumber" v="444"/>
    <tag k="addr:street" v="Vermont Route 100"/>
    <tag k="addr:state" v="VT"/>
    <tag k="ref:vcgi:esiteid" v="450091"/>
  </node>
  <node id="-1505" visible="true" lat="43.182026132907" lon="-72.817084153984">
    <!-- conflict: "2161 Vermont Route 100, South Londonderry, VT" Fuzzy match to "2161 Vermont Route 100, , VT" -->
    <tag k="addr:city" v="South Londonderry"/>
    <tag k="addr:housenumber" v="2161"/>
    <tag k="addr:street" v="Vermont Route 100"/>
    <tag k="addr:state" v="VT"/>
    <tag k="ref:vcgi:esiteid" v="450092"/>
  </node>
  <node id="-1506" visible="true" lat="43.174176413755" lon="-72.786099596808">
    <!-- conflict: "2100 Under The Mountain Road, South Londonderry, VT" Fuzzy match to "2100 Under The Mountain Road, , VT" -->
    <tag k="addr:city" v="South Londonderry"/>
    <tag k="addr:housenumber" v="2100"/>
    <tag k="addr:street" v="Under The Mountain Road"/>
    <tag k="addr:state" v="VT"/>
    <tag k="ref:vcgi:esiteid" v="450093"/>
  </node>
  <node id="-1507" visible="true" lat="43.153965671479" lon="-72.789826499753">
    <!-- conflict: "3380 Under The Mountain Road, South Londonderry, VT" Fuzzy match to "3380 Under The Mountain Road, , VT" -->
    <tag k="addr:city" v="South Londonderry"/>
    <tag k="addr:housenumber" v="3380"/>
    <tag k="addr:street" v="Under The Mountain Road"/>
    <tag k="addr:state" v="VT"/>
    <tag k="ref:vcgi:esiteid" v="450094"/>
  </node>
  <node id="-1508" visible="true" lat="43.180259957783" lon="-72.78606449818">
    <!-- conflict: "1716 Under The Mountain Road, South Londonderry, VT" Fuzzy match to "1716 Under The Mountain Road, , VT" -->
    <tag k="addr:city" v="South Londonderry"/>
    <tag k="addr:housenumber" v="1716"/>
    <tag k="addr:street" v="Under The Mountain Road"/>
    <tag k="addr:state" v="VT"/>
    <tag k="ref:vcgi:esiteid" v="450095"/>
  </node>
  <node id="-1509" visible="true" lat="43.224487422068" lon="-72.741411118084">
    <!-- conflict: "350 Howard Hill Road, Londonderry, VT" Fuzzy match to "350 Howard Hill Road, , VT" -->
    <tag k="addr:city" v="Londonderry"/>
    <tag k="addr:housenumber" v="350"/>
    <tag k="addr:street" v="Howard Hill Road"/>
    <tag k="addr:state" v="VT"/>
    <tag k="ref:vcgi:esiteid" v="450097"/>
  </node>
  <node id="-1510" visible="true" lat="43.23080387505" lon="-72.808782617404">
    <!-- conflict: "75 Lorenzo Lane, Londonderry, VT" Fuzzy match to "75 Lorenzo Lane, , VT" -->
    <tag k="addr:city" v="Londonderry"/>
    <tag k="addr:housenumber" v="75"/>
    <tag k="addr:street" v="Lorenzo Lane"/>
    <tag k="addr:state" v="VT"/>
    <tag k="ref:vcgi:esiteid" v="450098"/>
  </node>
  <node id="-1511" visible="true" lat="43.230232885803" lon="-72.808433604695">
    <!-- conflict: "118 Lorenzo Lane, Londonderry, VT" Fuzzy match to "118 Lorenzo Lane, , VT" -->
    <tag k="addr:city" v="Londonderry"/>
    <tag k="addr:housenumber" v="118"/>
    <tag k="addr:street" v="Lorenzo Lane"/>
    <tag k="addr:state" v="VT"/>
    <tag k="ref:vcgi:esiteid" v="450099"/>
  </node>
  <node id="-1512" visible="true" lat="43.247049718467" lon="-72.816562953074">
    <!-- conflict: "49 Rinehart Road, Londonderry, VT" Fuzzy match to "49 Rinehart Road, , VT" -->
    <tag k="addr:city" v="Londonderry"/>
    <tag k="addr:housenumber" v="49"/>
    <tag k="addr:street" v="Rinehart Road"/>
    <tag k="addr:state" v="VT"/>
    <tag k="ref:vcgi:esiteid" v="450100"/>
  </node>
  <node id="-1514" visible="true" lat="43.220990632561" lon="-72.807549328262">
    <!-- conflict: "2121 Middletown Road, Londonderry, VT" Fuzzy match to "2121 Middletown Road, , VT" -->
    <tag k="addr:city" v="Londonderry"/>
    <tag k="addr:housenumber" v="2121"/>
    <tag k="addr:street" v="Middletown Road"/>
    <tag k="addr:state" v="VT"/>
    <tag k="ref:vcgi:esiteid" v="452623"/>
  </node>
  <node id="-1515" visible="true" lat="43.16774286497" lon="-72.863942688421">
    <!-- conflict: "235 Gale Meadow Road, South Londonderry, VT" Fuzzy match to "235 Gale Meadow Road, , VT" -->
    <tag k="addr:city" v="South Londonderry"/>
    <tag k="addr:housenumber" v="235"/>
    <tag k="addr:street" v="Gale Meadow Road"/>
    <tag k="addr:state" v="VT"/>
    <tag k="ref:vcgi:esiteid" v="452827"/>
  </node>
  <node id="-1516" visible="true" lat="43.208976003303" lon="-72.800312934424">
    <!-- conflict: "619 Parsons Lane, South Londonderry, VT" Fuzzy match to "619 Parsons Lane, , VT" -->
    <tag k="addr:city" v="South Londonderry"/>
    <tag k="addr:housenumber" v="619"/>
    <tag k="addr:street" v="Parsons Lane"/>
    <tag k="addr:state" v="VT"/>
    <tag k="ref:vcgi:esiteid" v="453729"/>
  </node>
  <node id="-1517" visible="true" lat="43.211495067707" lon="-72.770519399582">
    <!-- conflict: "4935 Vermont Route 11, Londonderry, VT" Fuzzy match to "4935 Vermont Route 11, , VT" -->
    <tag k="addr:city" v="Londonderry"/>
    <tag k="addr:housenumber" v="4935"/>
    <tag k="addr:street" v="Vermont Route 11"/>
    <tag k="addr:state" v="VT"/>
    <tag k="ref:vcgi:esiteid" v="453730"/>
  </node>
  <node id="-1518" visible="true" lat="43.208286112161" lon="-72.850789007478">
    <!-- conflict: "243 Beattie Road, South Londonderry, VT" Fuzzy match to "243 Beattie Road, , VT" -->
    <tag k="addr:city" v="South Londonderry"/>
    <tag k="addr:housenumber" v="243"/>
    <tag k="addr:street" v="Beattie Road"/>
    <tag k="addr:state" v="VT"/>
    <tag k="ref:vcgi:esiteid" v="453731"/>
  </node>
  <node id="-1519" visible="true" lat="43.216282950313" lon="-72.782826273731">
    <!-- conflict: "326 Stoney Brook Road, Londonderry, VT" Fuzzy match to "326 Stoney Brook Road, , VT" -->
    <tag k="addr:city" v="Londonderry"/>
    <tag k="addr:housenumber" v="326"/>
    <tag k="addr:street" v="Stoney Brook Road"/>
    <tag k="addr:state" v="VT"/>
    <tag k="ref:vcgi:esiteid" v="454124"/>
  </node>
  <node id="-1522" visible="true" lat="43.184887585224" lon="-72.849103477718">
    <!-- conflict: "1548 Spring Hill Road, South Londonderry, VT" Fuzzy match to "1548 Spring Hill Road, , VT" -->
    <tag k="addr:city" v="South Londonderry"/>
    <tag k="addr:housenumber" v="1548"/>
    <tag k="addr:street" v="Spring Hill Road"/>
    <tag k="addr:state" v="VT"/>
    <tag k="ref:vcgi:esiteid" v="610790"/>
  </node>
  <node id="-1523" visible="true" lat="43.185030078887" lon="-72.84688784549">
    <!-- conflict: "1370 Spring Hill Road, South Londonderry, VT" Fuzzy match to "1370 Spring Hill Road, , VT" -->
    <tag k="addr:city" v="South Londonderry"/>
    <tag k="addr:housenumber" v="1370"/>
    <tag k="addr:street" v="Spring Hill Road"/>
    <tag k="addr:state" v="VT"/>
    <tag k="ref:vcgi:esiteid" v="610791"/>
  </node>
  <node id="-1524" visible="true" lat="43.1922758479" lon="-72.786726183514">
    <!-- conflict: "908 Under The Mountain Road, South Londonderry, VT" Fuzzy match to "908 Under The Mountain Road, , VT" -->
    <tag k="addr:city" v="South Londonderry"/>
    <tag k="addr:housenumber" v="908"/>
    <tag k="addr:street" v="Under The Mountain Road"/>
    <tag k="addr:state" v="VT"/>
    <tag k="ref:vcgi:esiteid" v="611311"/>
  </node>
  <node id="-1525" visible="true" lat="43.201645510885" lon="-72.779545106456">
    <!-- conflict: "2838 Thompsonburg Road, South Londonderry, VT" Fuzzy match to "2838 Thompsonburg Road, , VT" -->
    <tag k="addr:city" v="South Londonderry"/>
    <tag k="addr:housenumber" v="2838"/>
    <tag k="addr:street" v="Thompsonburg Road"/>
    <tag k="addr:state" v="VT"/>
    <tag k="ref:vcgi:esiteid" v="611312"/>
  </node>
  <node id="-1526" visible="true" lat="43.202931299122" lon="-72.779668181356">
    <!-- conflict: "2842 Thompsonburg Road, South Londonderry, VT" Fuzzy match to "2842 Thompsonburg Road, , VT" -->
    <tag k="addr:city" v="South Londonderry"/>
    <tag k="addr:housenumber" v="2842"/>
    <tag k="addr:street" v="Thompsonburg Road"/>
    <tag k="addr:state" v="VT"/>
    <tag k="ref:vcgi:esiteid" v="611313"/>
  </node>
  <node id="-1527" visible="true" lat="43.229159951772" lon="-72.744556031124">
    <!-- conflict: "278 Loon Circle, Londonderry, VT" Fuzzy match to "278 Loon Circle, , VT" -->
    <tag k="addr:city" v="Londonderry"/>
    <tag k="addr:housenumber" v="278"/>
    <tag k="addr:street" v="Loon Circle"/>
    <tag k="addr:state" v="VT"/>
    <tag k="ref:vcgi:esiteid" v="611407"/>
  </node>
  <node id="-1528" visible="true" lat="43.227428129847" lon="-72.809890581428">
    <!-- conflict: "2212 North Main Street, Londonderry, VT" Fuzzy match to "2212 North Main Street, , VT" -->
    <tag k="addr:city" v="Londonderry"/>
    <tag k="addr:housenumber" v="2212"/>
    <tag k="addr:street" v="North Main Street"/>
    <tag k="addr:state" v="VT"/>
    <tag k="ref:vcgi:esiteid" v="611899"/>
  </node>
  <node id="-1529" visible="true" lat="43.238423154749" lon="-72.807713756191">
    <!-- conflict: "795 Hells Peak Road, Londonderry, VT" Fuzzy match to "795 Hells Peak Road, , VT" -->
    <tag k="addr:city" v="Londonderry"/>
    <tag k="addr:housenumber" v="795"/>
    <tag k="addr:street" v="Hells Peak Road"/>
    <tag k="addr:state" v="VT"/>
    <tag k="ref:vcgi:esiteid" v="612932"/>
  </node>
  <node id="-1530" visible="true" lat="43.205515880716" lon="-72.768502528754">
    <!-- conflict: "80 Birch Road, Londonderry, VT" Fuzzy match to "80 Birch Road, , VT" -->
    <tag k="addr:city" v="Londonderry"/>
    <tag k="addr:housenumber" v="80"/>
    <tag k="addr:street" v="Birch Road"/>
    <tag k="addr:state" v="VT"/>
    <tag k="ref:vcgi:esiteid" v="613619"/>
  </node>
  <node id="-1531" visible="true" lat="43.250959474163" lon="-72.800473543629">
    <!-- conflict: "315 Hobart Road, Londonderry, VT" Fuzzy match to "315 Hobart Road, , VT" -->
    <tag k="addr:city" v="Londonderry"/>
    <tag k="addr:housenumber" v="315"/>
    <tag k="addr:street" v="Hobart Road"/>
    <tag k="addr:state" v="VT"/>
    <tag k="ref:vcgi:esiteid" v="617034"/>
  </node>
  <node id="-1532" visible="true" lat="43.230066242713" lon="-72.791370218259">
    <!-- conflict: "455 Wolf Pack Drive, Londonderry, VT" Fuzzy match to "455 Wolf Pack Drive, , VT" -->
    <tag k="addr:city" v="Londonderry"/>
    <tag k="addr:housenumber" v="455"/>
    <tag k="addr:street" v="Wolf Pack Drive"/>
    <tag k="addr:state" v="VT"/>
    <tag k="ref:vcgi:esiteid" v="620289"/>
  </node>
  <node id="-1533" visible="true" lat="43.21611843131" lon="-72.750214010033">
    <!-- conflict: "6063 Vermont Route 11, Londonderry, VT" Fuzzy match to "6063 Vermont Route 11, , VT" -->
    <tag k="addr:city" v="Londonderry"/>
    <tag k="addr:housenumber" v="6063"/>
    <tag k="addr:street" v="Vermont Route 11"/>
    <tag k="addr:state" v="VT"/>
    <tag k="ref:vcgi:esiteid" v="620561"/>
  </node>
  <node id="-1535" visible="true" lat="43.148194627574" lon="-72.783240906216">
    <!-- conflict: "3932 Under The Mountain Road, South Londonderry, VT" Fuzzy match to "3932 Under The Mountain Road, , VT" -->
    <tag k="addr:city" v="South Londonderry"/>
    <tag k="addr:housenumber" v="3932"/>
    <tag k="addr:street" v="Under The Mountain Road"/>
    <tag k="addr:state" v="VT"/>
    <tag k="ref:vcgi:esiteid" v="655708"/>
  </node>
  <node id="-1536" visible="true" lat="43.253696760945" lon="-72.836280665891">
    <!-- conflict: "1878 Landgrove Road, Londonderry, VT" Fuzzy match to "1878 Landgrove Road, , VT" -->
    <tag k="addr:city" v="Londonderry"/>
    <tag k="addr:housenumber" v="1878"/>
    <tag k="addr:street" v="Landgrove Road"/>
    <tag k="addr:state" v="VT"/>
    <tag k="ref:vcgi:esiteid" v="700032"/>
  </node>
  <node id="-1537" visible="true" lat="43.175480042906" lon="-72.848611937027">
    <!-- conflict: "588 Haven Hill Road, South Londonderry, VT" Fuzzy match to "588 Haven Hill Road, , VT" -->
    <tag k="addr:city" v="South Londonderry"/>
    <tag k="addr:housenumber" v="588"/>
    <tag k="addr:street" v="Haven Hill Road"/>
    <tag k="addr:state" v="VT"/>
    <tag k="ref:vcgi:esiteid" v="700033"/>
  </node>
  <node id="-1538" visible="true" lat="43.179571977477" lon="-72.785518717287">
    <!-- conflict: "1722 Under The Mountain Road, South Londonderry, VT" Fuzzy match to "1722 Under The Mountain Road, , VT" -->
    <tag k="addr:city" v="South Londonderry"/>
    <tag k="addr:housenumber" v="1722"/>
    <tag k="addr:street" v="Under The Mountain Road"/>
    <tag k="addr:state" v="VT"/>
    <tag k="ref:vcgi:esiteid" v="700166"/>
  </node>
  <node id="-1539" visible="true" lat="43.247484251867" lon="-72.798735171383">
    <!-- conflict: "7465 Vermont Route 100, Londonderry, VT" Fuzzy match to "7465 Vermont Route 100, , VT" -->
    <tag k="addr:city" v="Londonderry"/>
    <tag k="addr:housenumber" v="7465"/>
    <tag k="addr:street" v="Vermont Route 100"/>
    <tag k="addr:state" v="VT"/>
    <tag k="ref:vcgi:esiteid" v="700167"/>
  </node>
  <node id="-1540" visible="true" lat="43.247741398101" lon="-72.797721370193">
    <!-- conflict: "7469 Vermont Route 100, Londonderry, VT" Fuzzy match to "7469 Vermont Route 100, , VT" -->
    <tag k="addr:city" v="Londonderry"/>
    <tag k="addr:housenumber" v="7469"/>
    <tag k="addr:street" v="Vermont Route 100"/>
    <tag k="addr:state" v="VT"/>
    <tag k="ref:vcgi:esiteid" v="700168"/>
  </node>
  <node id="-1541" visible="true" lat="43.207006853501" lon="-72.825071668555">
    <!-- conflict: "4215 Vermont Route 100, South Londonderry, VT" Fuzzy match to "4215 Vermont Route 100, , VT" -->
    <tag k="addr:city" v="South Londonderry"/>
    <tag k="addr:housenumber" v="4215"/>
    <tag k="addr:street" v="Vermont Route 100"/>
    <tag k="addr:state" v="VT"/>
    <tag k="ref:vcgi:esiteid" v="700169"/>
  </node>
  <node id="-1542" visible="true" lat="43.17931756376" lon="-72.785299736364">
    <!-- conflict: "1724 Under The Mountain Road, South Londonderry, VT" Fuzzy match to "1724 Under The Mountain Road, , VT" -->
    <tag k="addr:city" v="South Londonderry"/>
    <tag k="addr:housenumber" v="1724"/>
    <tag k="addr:street" v="Under The Mountain Road"/>
    <tag k="addr:state" v="VT"/>
    <tag k="ref:vcgi:esiteid" v="700170"/>
  </node>
  <node id="-1543" visible="true" lat="43.247270564129" lon="-72.797342308733">
    <!-- conflict: "7459 Vermont Route 100, Londonderry, VT" Fuzzy match to "7459 Vermont Route 100, , VT" -->
    <tag k="addr:city" v="Londonderry"/>
    <tag k="addr:housenumber" v="7459"/>
    <tag k="addr:street" v="Vermont Route 100"/>
    <tag k="addr:state" v="VT"/>
    <tag k="ref:vcgi:esiteid" v="700171"/>
  </node>
  <node id="-1544" visible="true" lat="43.1637094343" lon="-72.791494051089">
    <!-- conflict: "289 Flying Squirrel Lane, South Londonderry, VT" Fuzzy match to "289 Flying Squirrel Lane, , VT" -->
    <tag k="addr:city" v="South Londonderry"/>
    <tag k="addr:housenumber" v="289"/>
    <tag k="addr:street" v="Flying Squirrel Lane"/>
    <tag k="addr:state" v="VT"/>
    <tag k="ref:vcgi:esiteid" v="700172"/>
  </node>
  <node id="-1545" visible="true" lat="43.160391956939" lon="-72.809625918944">
    <!-- conflict: "838 Cohen Road, South Londonderry, VT" Fuzzy match to "838 Cohen Road, , VT" -->
    <tag k="addr:city" v="South Londonderry"/>
    <tag k="addr:housenumber" v="838"/>
    <tag k="addr:street" v="Cohen Road"/>
    <tag k="addr:state" v="VT"/>
    <tag k="ref:vcgi:esiteid" v="700173"/>
  </node>
  <node id="-1546" visible="true" lat="43.189463941241" lon="-72.760536078002">
    <!-- conflict: "1799 Magic Maintenance Trail, Londonderry, VT" Fuzzy match to "1799 Magic Maintenance Trail, , VT" -->
    <tag k="addr:city" v="Londonderry"/>
    <tag k="addr:housenumber" v="1799"/>
    <tag k="addr:street" v="Magic Maintenance Trail"/>
    <tag k="addr:state" v="VT"/>
    <tag k="ref:vcgi:esiteid" v="753735"/>
  </node>
  <node id="-1547" visible="true" lat="43.213470752253" lon="-72.815659980372">
    <!-- conflict: "1419 Middletown Road, South Londonderry, VT" Fuzzy match to "1419 Middletown Road, , VT" -->
    <tag k="addr:city" v="South Londonderry"/>
    <tag k="addr:housenumber" v="1419"/>
    <tag k="addr:street" v="Middletown Road"/>
    <tag k="addr:state" v="VT"/>
    <tag k="ref:vcgi:esiteid" v="755912"/>
  </node>
  <node id="-1548" visible="true" lat="43.221572516042" lon="-72.802930186063">
    <!-- conflict: "119 Adams Drive, Londonderry, VT" Fuzzy match to "119 Adams Drive, , VT" -->
    <tag k="addr:city" v="Londonderry"/>
    <tag k="addr:housenumber" v="119"/>
    <tag k="addr:street" v="Adams Drive"/>
    <tag k="addr:state" v="VT"/>
    <tag k="ref:vcgi:esiteid" v="755932"/>
  </node>
  <node id="-1549" visible="true" lat="43.164039595829" lon="-72.790132290521">
    <!-- conflict: "174 Flying Squirrel Lane, South Londonderry, VT" Fuzzy match to "174 Flying Squirrel Lane, , VT" -->
    <tag k="addr:city" v="South Londonderry"/>
    <tag k="addr:housenumber" v="174"/>
    <tag k="addr:street" v="Flying Squirrel Lane"/>
    <tag k="addr:state" v="VT"/>
    <tag k="ref:vcgi:esiteid" v="756068"/>
  </node>
  <node id="-1550" visible="true" lat="43.22547657839" lon="-72.790052705673">
    <!-- conflict: "76 Wolf Pack Drive, Londonderry, VT" Fuzzy match to "76 Wolf Pack Drive, , VT" -->
    <tag k="addr:city" v="Londonderry"/>
    <tag k="addr:housenumber" v="76"/>
    <tag k="addr:street" v="Wolf Pack Drive"/>
    <tag k="addr:state" v="VT"/>
    <tag k="ref:vcgi:esiteid" v="756183"/>
  </node>
  <node id="-1551" visible="true" lat="43.199968636404" lon="-72.826352650338">
    <!-- conflict: "2792 Winhall Hollow Road, South Londonderry, VT" Fuzzy match to "2792 Winhall Hollow Road, , VT" -->
    <tag k="addr:city" v="South Londonderry"/>
    <tag k="addr:housenumber" v="2792"/>
    <tag k="addr:street" v="Winhall Hollow Road"/>
    <tag k="addr:state" v="VT"/>
    <tag k="ref:vcgi:esiteid" v="756184"/>
  </node>
  <node id="-1556" visible="true" lat="43.229033868587" lon="-72.815372477892">
    <!-- conflict: "5765 Vermont Route 100, Londonderry, VT" Fuzzy match to "5765 Vermont Route 100, , VT" -->
    <tag k="addr:city" v="Londonderry"/>
    <tag k="addr:housenumber" v="5765"/>
    <tag k="addr:street" v="Vermont Route 100"/>
    <tag k="addr:state" v="VT"/>
    <tag k="ref:vcgi:esiteid" v="756433"/>
  </node>
  <node id="-1557" visible="true" lat="43.227125030697" lon="-72.813021567422">
    <!-- conflict: "220 Edgehill Road, Londonderry, VT" Fuzzy match to "220 Edgehill Road, , VT" -->
    <tag k="addr:city" v="Londonderry"/>
    <tag k="addr:housenumber" v="220"/>
    <tag k="addr:street" v="Edgehill Road"/>
    <tag k="addr:state" v="VT"/>
    <tag k="ref:vcgi:esiteid" v="757012"/>
  </node>
  <node id="-1558" visible="true" lat="43.237204435736" lon="-72.806522268344">
    <!-- conflict: "733 Hells Peak Road, Londonderry, VT" Fuzzy match to "733 Hells Peak Road, , VT" -->
    <tag k="addr:city" v="Londonderry"/>
    <tag k="addr:housenumber" v="733"/>
    <tag k="addr:street" v="Hells Peak Road"/>
    <tag k="addr:state" v="VT"/>
    <tag k="ref:vcgi:esiteid" v="757179"/>
  </node>
  <node id="-1560" visible="true" lat="43.239020482899" lon="-72.794967040441">
    <!-- conflict: "6930 Vermont Route 100, Londonderry, VT" Fuzzy match to "6930 Vermont Route 100, , VT" -->
    <tag k="addr:city" v="Londonderry"/>
    <tag k="addr:housenumber" v="6930"/>
    <tag k="addr:street" v="Vermont Route 100"/>
    <tag k="addr:state" v="VT"/>
    <tag k="ref:vcgi:esiteid" v="757656"/>
  </node>
  <node id="-1561" visible="true" lat="43.224712722563" lon="-72.745565292139">
    <!-- conflict: "435 Keith Hill, Londonderry, VT" Fuzzy match to "435 Keith Hill, , VT" -->
    <tag k="addr:city" v="Londonderry"/>
    <tag k="addr:housenumber" v="435"/>
    <tag k="addr:street" v="Keith Hill"/>
    <tag k="addr:state" v="VT"/>
    <tag k="ref:vcgi:esiteid" v="758199"/>
  </node>
  <node id="-1562" visible="true" lat="43.196506577567" lon="-72.795465682762">
    <!-- conflict: "40 Bel Air Drive, South Londonderry, VT" Fuzzy match to "40 Bel Air Drive, , VT" -->
    <tag k="addr:city" v="South Londonderry"/>
    <tag k="addr:housenumber" v="40"/>
    <tag k="addr:street" v="Bel Air Drive"/>
    <tag k="addr:state" v="VT"/>
    <tag k="ref:vcgi:esiteid" v="758200"/>
  </node>
  <node id="-1563" visible="true" lat="43.234556147729" lon="-72.806232344954">
    <!-- conflict: "35 Bob Perry Lane, Londonderry, VT" Fuzzy match to "35 Bob Perry Lane, , VT" -->
    <tag k="addr:city" v="Londonderry"/>
    <tag k="addr:housenumber" v="35"/>
    <tag k="addr:street" v="Bob Perry Lane"/>
    <tag k="addr:state" v="VT"/>
    <tag k="ref:vcgi:esiteid" v="758722"/>
  </node>
  <node id="-1564" visible="true" lat="43.228496370983" lon="-72.778565192431">
    <!-- conflict: "913 Little Pond Road, Londonderry, VT" Fuzzy match to "913 Little Pond Road, , VT" -->
    <tag k="addr:city" v="Londonderry"/>
    <tag k="addr:housenumber" v="913"/>
    <tag k="addr:street" v="Little Pond Road"/>
    <tag k="addr:state" v="VT"/>
    <tag k="ref:vcgi:esiteid" v="759268"/>
  </node>
  <node id="-1565" visible="true" lat="43.212668146134" lon="-72.763653384917">
    <!-- conflict: "79 Lowell Lake Road, Londonderry, VT" Fuzzy match to "79 Lowell Lake Road, , VT" -->
    <tag k="addr:city" v="Londonderry"/>
    <tag k="addr:housenumber" v="79"/>
    <tag k="addr:street" v="Lowell Lake Road"/>
    <tag k="addr:state" v="VT"/>
    <tag k="ref:vcgi:esiteid" v="759303"/>
  </node>
  <node id="-1566" visible="true" lat="43.212422926545" lon="-72.764645453496">
    <!-- conflict: "125 Lowell Lake Road, Londonderry, VT" Fuzzy match to "125 Lowell Lake Road, , VT" -->
    <tag k="addr:city" v="Londonderry"/>
    <tag k="addr:housenumber" v="125"/>
    <tag k="addr:street" v="Lowell Lake Road"/>
    <tag k="addr:state" v="VT"/>
    <tag k="ref:vcgi:esiteid" v="759304"/>
  </node>
  <node id="-1568" visible="true" lat="43.192293001021" lon="-72.760569898691">
    <!-- conflict: "1589 Magic Maintenance Trail, Londonderry, VT" Fuzzy match to "1589 Magic Maintenance Trail, , VT" -->
    <tag k="addr:city" v="Londonderry"/>
    <tag k="addr:housenumber" v="1589"/>
    <tag k="addr:street" v="Magic Maintenance Trail"/>
    <tag k="addr:state" v="VT"/>
    <tag k="ref:vcgi:esiteid" v="759554"/>
  </node>
  <node id="-1569" visible="true" lat="43.191981436453" lon="-72.758577872154">
    <!-- conflict: "1531 Magic Maintenance Trail, Londonderry, VT" Fuzzy match to "1531 Magic Maintenance Trail, , VT" -->
    <tag k="addr:city" v="Londonderry"/>
    <tag k="addr:housenumber" v="1531"/>
    <tag k="addr:street" v="Magic Maintenance Trail"/>
    <tag k="addr:state" v="VT"/>
    <tag k="ref:vcgi:esiteid" v="759555"/>
  </node>
  <node id="-1570" visible="true" lat="43.197932406039" lon="-72.764045608277">
    <!-- conflict: "675 Magic Maintenance Trail, Londonderry, VT" Fuzzy match to "675 Magic Maintenance Trail, , VT" -->
    <tag k="addr:city" v="Londonderry"/>
    <tag k="addr:housenumber" v="675"/>
    <tag k="addr:street" v="Magic Maintenance Trail"/>
    <tag k="addr:state" v="VT"/>
    <tag k="ref:vcgi:esiteid" v="759556"/>
  </node>
  <node id="-1571" visible="true" lat="43.228882114856" lon="-72.805069688432">
    <!-- conflict: "136 Overlook Drive, Londonderry, VT" Fuzzy match to "136 Overlook Drive, , VT" -->
    <tag k="addr:city" v="Londonderry"/>
    <tag k="addr:housenumber" v="136"/>
    <tag k="addr:street" v="Overlook Drive"/>
    <tag k="addr:state" v="VT"/>
    <tag k="ref:vcgi:esiteid" v="759587"/>
  </node>
  <node id="-1572" visible="true" lat="43.205446669222" lon="-72.764231595495">
    <!-- conflict: "85 Beech Road, Londonderry, VT" Fuzzy match to "85 Beech Road, , VT" -->
    <tag k="addr:city" v="Londonderry"/>
    <tag k="addr:housenumber" v="85"/>
    <tag k="addr:street" v="Beech Road"/>
    <tag k="addr:state" v="VT"/>
    <tag k="ref:vcgi:esiteid" v="759800"/>
  </node>
  <node id="-1573" visible="true" lat="43.230979293535" lon="-72.772660504842">
    <!-- conflict: "1287 Little Pond Road, Londonderry, VT" Fuzzy match to "1287 Little Pond Road, , VT" -->
    <tag k="addr:city" v="Londonderry"/>
    <tag k="addr:housenumber" v="1287"/>
    <tag k="addr:street" v="Little Pond Road"/>
    <tag k="addr:state" v="VT"/>
    <tag k="ref:vcgi:esiteid" v="759801"/>
  </node>
  <node id="-1574" visible="true" lat="43.246622738458" lon="-72.808870181696">
    <!-- conflict: "176 Pitchfork Lane, Londonderry, VT" Fuzzy match to "176 Pitchfork Lane, , VT" -->
    <tag k="addr:city" v="Londonderry"/>
    <tag k="addr:housenumber" v="176"/>
    <tag k="addr:street" v="Pitchfork Lane"/>
    <tag k="addr:state" v="VT"/>
    <tag k="ref:vcgi:esiteid" v="759866"/>
  </node>
  <node id="-1576" visible="true" lat="43.208318840244" lon="-72.785072519881">
    <!-- conflict: "140 Rest Haven Road, Londonderry, VT" Fuzzy match to "140 Rest Haven Road, , VT" -->
    <tag k="addr:city" v="Londonderry"/>
    <tag k="addr:housenumber" v="140"/>
    <tag k="addr:street" v="Rest Haven Road"/>
    <tag k="addr:state" v="VT"/>
    <tag k="ref:vcgi:esiteid" v="759996"/>
  </node>
  <node id="-1577" visible="true" lat="43.207866636464" lon="-72.784948317375">
    <!-- conflict: "123 Rest Haven Road, Londonderry, VT" Fuzzy match to "123 Rest Haven Road, , VT" -->
    <tag k="addr:city" v="Londonderry"/>
    <tag k="addr:housenumber" v="123"/>
    <tag k="addr:street" v="Rest Haven Road"/>
    <tag k="addr:state" v="VT"/>
    <tag k="ref:vcgi:esiteid" v="759997"/>
  </node>
  <node id="-1578" visible="true" lat="43.218253462434" lon="-72.825215143199">
    <!-- conflict: "4671 Vermont Route 100, Londonderry, VT" Fuzzy match to "4671 Vermont Route 100, , VT" -->
    <tag k="addr:city" v="Londonderry"/>
    <tag k="addr:housenumber" v="4671"/>
    <tag k="addr:street" v="Vermont Route 100"/>
    <tag k="addr:state" v="VT"/>
    <tag k="ref:vcgi:esiteid" v="760253"/>
  </node>
  <node id="-1579" visible="true" lat="43.179297259231" lon="-72.821743762168">
    <!-- conflict: "896 Melendy Hill Road, South Londonderry, VT" Fuzzy match to "896 Melendy Hill Road, , VT" -->
    <tag k="addr:city" v="South Londonderry"/>
    <tag k="addr:housenumber" v="896"/>
    <tag k="addr:street" v="Melendy Hill Road"/>
    <tag k="addr:state" v="VT"/>
    <tag k="ref:vcgi:esiteid" v="760267"/>
  </node>
  <node id="-1580" visible="true" lat="43.180452706212" lon="-72.786228342076">
    <!-- conflict: "1714 Under The Mountain Road, South Londonderry, VT" Fuzzy match to "1714 Under The Mountain Road, , VT" -->
    <tag k="addr:city" v="South Londonderry"/>
    <tag k="addr:housenumber" v="1714"/>
    <tag k="addr:street" v="Under The Mountain Road"/>
    <tag k="addr:state" v="VT"/>
    <tag k="ref:vcgi:esiteid" v="760581"/>
  </node>
  <node id="-1581" visible="true" lat="43.16858868011" lon="-72.786415498954">
    <!-- conflict: "2462 Under The Mountain Road, South Londonderry, VT" Fuzzy match to "2462 Under The Mountain Road, , VT" -->
    <tag k="addr:city" v="South Londonderry"/>
    <tag k="addr:housenumber" v="2462"/>
    <tag k="addr:street" v="Under The Mountain Road"/>
    <tag k="addr:state" v="VT"/>
    <tag k="ref:vcgi:esiteid" v="760582"/>
  </node>
  <node id="-1582" visible="true" lat="43.248548665553" lon="-72.804699702655">
    <!-- conflict: "30 Hobart Road, Londonderry, VT" Fuzzy match to "30 Hobart Road, , VT" -->
    <tag k="addr:city" v="Londonderry"/>
    <tag k="addr:housenumber" v="30"/>
    <tag k="addr:street" v="Hobart Road"/>
    <tag k="addr:state" v="VT"/>
    <tag k="ref:vcgi:esiteid" v="760583"/>
  </node>
  <node id="-1583" visible="true" lat="43.155742087251" lon="-72.791051571722">
    <!-- conflict: "3302 Under The Mountain Road, South Londonderry, VT" Fuzzy match to "3302 Under The Mountain Road, , VT" -->
    <tag k="addr:city" v="South Londonderry"/>
    <tag k="addr:housenumber" v="3302"/>
    <tag k="addr:street" v="Under The Mountain Road"/>
    <tag k="addr:state" v="VT"/>
    <tag k="ref:vcgi:esiteid" v="760584"/>
  </node>
  <node id="-1584" visible="true" lat="43.154621120887" lon="-72.784100536801">
    <!-- conflict: "3635 Under The Mountain Road, South Londonderry, VT" Fuzzy match to "3635 Under The Mountain Road, , VT" -->
    <tag k="addr:city" v="South Londonderry"/>
    <tag k="addr:housenumber" v="3635"/>
    <tag k="addr:street" v="Under The Mountain Road"/>
    <tag k="addr:state" v="VT"/>
    <tag k="ref:vcgi:esiteid" v="760586"/>
  </node>
  <node id="-1585" visible="true" lat="43.150619445755" lon="-72.803696685406">
    <!-- conflict: "15 Hughes Lane, Jamaica, VT" Fuzzy match to "15 Hughes Lane, , VT" -->
    <tag k="addr:city" v="Jamaica"/>
    <tag k="addr:housenumber" v="15"/>
    <tag k="addr:street" v="Hughes Lane"/>
    <tag k="addr:state" v="VT"/>
    <tag k="ref:vcgi:esiteid" v="760788"/>
  </node>
  <node id="-1586" visible="true" lat="43.159279356622" lon="-72.836217292587">
    <!-- conflict: "4 Vermont Route 100, South Londonderry, VT" Fuzzy match to "4 Vermont Route 100, , VT" -->
    <tag k="addr:city" v="South Londonderry"/>
    <tag k="addr:housenumber" v="4"/>
    <tag k="addr:street" v="Vermont Route 100"/>
    <tag k="addr:state" v="VT"/>
    <tag k="ref:vcgi:esiteid" v="760792"/>
  </node>
  <node id="-1587" visible="true" lat="43.244083559303" lon="-72.842398575542">
    <!-- conflict: "705 Reilly Road, Londonderry, VT" Fuzzy match to "705 Reilly Road, , VT" -->
    <tag k="addr:city" v="Londonderry"/>
    <tag k="addr:housenumber" v="705"/>
    <tag k="addr:street" v="Reilly Road"/>
    <tag k="addr:state" v="VT"/>
    <tag k="ref:vcgi:esiteid" v="760888"/>
  </node>
  <node id="-1588" visible="true" lat="43.226525032561" lon="-72.747662561564">
    <!-- conflict: "135 Gardiner Drive, Londonderry, VT" Fuzzy match to "135 Gardiner Drive, , VT" -->
    <tag k="addr:city" v="Londonderry"/>
    <tag k="addr:housenumber" v="135"/>
    <tag k="addr:street" v="Gardiner Drive"/>
    <tag k="addr:state" v="VT"/>
    <tag k="ref:vcgi:esiteid" v="761121"/>
  </node>
  <node id="-1589" visible="true" lat="43.169215228702" lon="-72.837181602048">
    <!-- conflict: "219 Deerwood Hill, South Londonderry, VT" Fuzzy match to "219 Deerwood Hill, , VT" -->
    <tag k="addr:city" v="South Londonderry"/>
    <tag k="addr:housenumber" v="219"/>
    <tag k="addr:street" v="Deerwood Hill"/>
    <tag k="addr:state" v="VT"/>
    <tag k="ref:vcgi:esiteid" v="761122"/>
  </node>
  <node id="-1590" visible="true" lat="43.205044554535" lon="-72.781517276767">
    <!-- conflict: "2889 Thompsonburg Road, South Londonderry, VT" Fuzzy match to "2889 Thompsonburg Road, , VT" -->
    <tag k="addr:city" v="South Londonderry"/>
    <tag k="addr:housenumber" v="2889"/>
    <tag k="addr:street" v="Thompsonburg Road"/>
    <tag k="addr:state" v="VT"/>
    <tag k="ref:vcgi:esiteid" v="761123"/>
  </node>
  <node id="-1591" visible="true" lat="43.168704254534" lon="-72.833219101334">
    <!-- conflict: "720 Vermont Route 100, South Londonderry, VT" Fuzzy match to "720 Vermont Route 100, , VT" -->
    <tag k="addr:city" v="South Londonderry"/>
    <tag k="addr:housenumber" v="720"/>
    <tag k="addr:street" v="Vermont Route 100"/>
    <tag k="addr:state" v="VT"/>
    <tag k="ref:vcgi:esiteid" v="761316"/>
  </node>
  <node id="-1592" visible="true" lat="43.242633978927" lon="-72.831448052193">
    <!-- conflict: "927 Landgrove Road, Londonderry, VT" Fuzzy match to "927 Landgrove Road, , VT" -->
    <tag k="addr:city" v="Londonderry"/>
    <tag k="addr:housenumber" v="927"/>
    <tag k="addr:street" v="Landgrove Road"/>
    <tag k="addr:state" v="VT"/>
    <tag k="ref:vcgi:esiteid" v="761317"/>
  </node>
  <node id="-1593" visible="true" lat="43.213384367608" lon="-72.764838986615">
    <!-- conflict: "129 Lowell Lake Road, Londonderry, VT" Fuzzy match to "129 Lowell Lake Road, , VT" -->
    <tag k="addr:city" v="Londonderry"/>
    <tag k="addr:housenumber" v="129"/>
    <tag k="addr:street" v="Lowell Lake Road"/>
    <tag k="addr:state" v="VT"/>
    <tag k="ref:vcgi:esiteid" v="761334"/>
  </node>
  <node id="-1594" visible="true" lat="43.18981735304" lon="-72.781997033772">
    <!-- conflict: "949 Under The Mountain Road, South Londonderry, VT" Fuzzy match to "949 Under The Mountain Road, , VT" -->
    <tag k="addr:city" v="South Londonderry"/>
    <tag k="addr:housenumber" v="949"/>
    <tag k="addr:street" v="Under The Mountain Road"/>
    <tag k="addr:state" v="VT"/>
    <tag k="ref:vcgi:esiteid" v="761335"/>
  </node>
  <node id="-1595" visible="true" lat="43.16809674373" lon="-72.785303144878">
    <!-- conflict: "2425 Under The Mountain Road, South Londonderry, VT" Fuzzy match to "2425 Under The Mountain Road, , VT" -->
    <tag k="addr:city" v="South Londonderry"/>
    <tag k="addr:housenumber" v="2425"/>
    <tag k="addr:street" v="Under The Mountain Road"/>
    <tag k="addr:state" v="VT"/>
    <tag k="ref:vcgi:esiteid" v="761504"/>
  </node>
  <node id="-1596" visible="true" lat="43.205617617465" lon="-72.806877170551">
    <!-- conflict: "298 Parsons Lane, South Londonderry, VT" Fuzzy match to "298 Parsons Lane, , VT" -->
    <tag k="addr:city" v="South Londonderry"/>
    <tag k="addr:housenumber" v="298"/>
    <tag k="addr:street" v="Parsons Lane"/>
    <tag k="addr:state" v="VT"/>
    <tag k="ref:vcgi:esiteid" v="762263"/>
  </node>
  <node id="-1597" visible="true" lat="43.224974468939" lon="-72.742196462236">
    <!-- conflict: "478 Howard Hill Road, Londonderry, VT" Fuzzy match to "478 Howard Hill Road, , VT" -->
    <tag k="addr:city" v="Londonderry"/>
    <tag k="addr:housenumber" v="478"/>
    <tag k="addr:street" v="Howard Hill Road"/>
    <tag k="addr:state" v="VT"/>
    <tag k="ref:vcgi:esiteid" v="762264"/>
  </node>
  <node id="-1598" visible="true" lat="43.193868764127" lon="-72.7776747361">
    <!-- conflict: "609 Under The Mountain Road, South Londonderry, VT" Fuzzy match to "609 Under The Mountain Road, , VT" -->
    <tag k="addr:city" v="South Londonderry"/>
    <tag k="addr:housenumber" v="609"/>
    <tag k="addr:street" v="Under The Mountain Road"/>
    <tag k="addr:state" v="VT"/>
    <tag k="ref:vcgi:esiteid" v="762265"/>
  </node>
  <node id="-1599" visible="true" lat="43.160100973084" lon="-72.825448091458">
    <!-- conflict: "1221 Goodaleville Road, South Londonderry, VT" Fuzzy match to "1221 Goodaleville Road, , VT" -->
    <tag k="addr:city" v="South Londonderry"/>
    <tag k="addr:housenumber" v="1221"/>
    <tag k="addr:street" v="Goodaleville Road"/>
    <tag k="addr:state" v="VT"/>
    <tag k="ref:vcgi:esiteid" v="762395"/>
  </node>
  <node id="-1600" visible="true" lat="43.191185580247" lon="-72.777749762625">
    <!-- conflict: "887 Under The Mountain Road, South Londonderry, VT" Fuzzy match to "887 Under The Mountain Road, , VT" -->
    <tag k="addr:city" v="South Londonderry"/>
    <tag k="addr:housenumber" v="887"/>
    <tag k="addr:street" v="Under The Mountain Road"/>
    <tag k="addr:state" v="VT"/>
    <tag k="ref:vcgi:esiteid" v="762396"/>
  </node>
  <node id="-1602" visible="true" lat="43.208319696297" lon="-72.765324176924">
    <!-- conflict: "146 Bentley Drive, Londonderry, VT" Fuzzy match to "146 Bentley Drive, , VT" -->
    <tag k="addr:city" v="Londonderry"/>
    <tag k="addr:housenumber" v="146"/>
    <tag k="addr:street" v="Bentley Drive"/>
    <tag k="addr:state" v="VT"/>
    <tag k="ref:vcgi:esiteid" v="762568"/>
  </node>
  <node id="-1603" visible="true" lat="43.171445670542" lon="-72.820755032903">
    <!-- conflict: "64 Winhall Station Road, South Londonderry, VT" Fuzzy match to "64 Winhall Station Road, , VT" -->
    <tag k="addr:city" v="South Londonderry"/>
    <tag k="addr:housenumber" v="64"/>
    <tag k="addr:street" v="Winhall Station Road"/>
    <tag k="addr:state" v="VT"/>
    <tag k="ref:vcgi:esiteid" v="762620"/>
  </node>
  <node id="-1604" visible="true" lat="43.185659275954" lon="-72.797836757668">
    <!-- conflict: "112 Cross Road, South Londonderry, VT" Fuzzy match to "112 Cross Road, , VT" -->
    <tag k="addr:city" v="South Londonderry"/>
    <tag k="addr:housenumber" v="112"/>
    <tag k="addr:street" v="Cross Road"/>
    <tag k="addr:state" v="VT"/>
    <tag k="ref:vcgi:esiteid" v="762725"/>
  </node>
  <node id="-1605" visible="true" lat="43.182844456399" lon="-72.846314350405">
    <!-- conflict: "1285 Spring Hill Road, South Londonderry, VT" Fuzzy match to "1285 Spring Hill Road, , VT" -->
    <tag k="addr:city" v="South Londonderry"/>
    <tag k="addr:housenumber" v="1285"/>
    <tag k="addr:street" v="Spring Hill Road"/>
    <tag k="addr:state" v="VT"/>
    <tag k="ref:vcgi:esiteid" v="762922"/>
  </node>
  <node id="-1606" visible="true" lat="43.224583472495" lon="-72.805175402968">
    <!-- conflict: "2366 Middletown Road, Londonderry, VT" Fuzzy match to "2366 Middletown Road, , VT" -->
    <tag k="addr:city" v="Londonderry"/>
    <tag k="addr:housenumber" v="2366"/>
    <tag k="addr:street" v="Middletown Road"/>
    <tag k="addr:state" v="VT"/>
    <tag k="ref:vcgi:esiteid" v="763366"/>
  </node>
  <node id="-1607" visible="true" lat="43.2011315496" lon="-72.773933701223">
    <!-- conflict: "531 Magic Mountain Access Road, Londonderry, VT" Fuzzy match to "531 Magic Mountain Access Road, , VT" -->
    <tag k="addr:city" v="Londonderry"/>
    <tag k="addr:housenumber" v="531"/>
    <tag k="addr:street" v="Magic Mountain Access Road"/>
    <tag k="addr:state" v="VT"/>
    <tag k="ref:vcgi:esiteid" v="763430"/>
  </node>
  <node id="-1608" visible="true" lat="43.194974017995" lon="-72.804920437679">
    <!-- conflict: "160 Crazy Grouse Lane, South Londonderry, VT" Fuzzy match to "160 Crazy Grouse Lane, , VT" -->
    <tag k="addr:city" v="South Londonderry"/>
    <tag k="addr:housenumber" v="160"/>
    <tag k="addr:street" v="Crazy Grouse Lane"/>
    <tag k="addr:state" v="VT"/>
    <tag k="ref:vcgi:esiteid" v="763616"/>
  </node>
  <node id="-1609" visible="true" lat="43.237395224127" lon="-72.797600300974">
    <!-- conflict: "6749 Vermont Route 100, Londonderry, VT" Fuzzy match to "6749 Vermont Route 100, , VT" -->
    <tag k="addr:city" v="Londonderry"/>
    <tag k="addr:housenumber" v="6749"/>
    <tag k="addr:street" v="Vermont Route 100"/>
    <tag k="addr:state" v="VT"/>
    <tag k="ref:vcgi:esiteid" v="763934"/>
  </node>
  <node id="-1610" visible="true" lat="43.220560038972" lon="-72.770082074912">
    <!-- conflict: "201 Mountain Lake Road, Londonderry, VT" Fuzzy match to "201 Mountain Lake Road, , VT" -->
    <tag k="addr:city" v="Londonderry"/>
    <tag k="addr:housenumber" v="201"/>
    <tag k="addr:street" v="Mountain Lake Road"/>
    <tag k="addr:state" v="VT"/>
    <tag k="ref:vcgi:esiteid" v="763935"/>
  </node>
  <node id="-1611" visible="true" lat="43.213210807964" lon="-72.787091227316">
    <!-- conflict: "29 Stoney Brook Road, Londonderry, VT" Fuzzy match to "29 Stoney Brook Road, , VT" -->
    <tag k="addr:city" v="Londonderry"/>
    <tag k="addr:housenumber" v="29"/>
    <tag k="addr:street" v="Stoney Brook Road"/>
    <tag k="addr:state" v="VT"/>
    <tag k="ref:vcgi:esiteid" v="763979"/>
  </node>
  <node id="-1612" visible="true" lat="43.245034312544" lon="-72.791105770756">
    <!-- conflict: "7062 Vermont Route 100, Londonderry, VT" Fuzzy match to "7062 Vermont Route 100, , VT" -->
    <tag k="addr:city" v="Londonderry"/>
    <tag k="addr:housenumber" v="7062"/>
    <tag k="addr:street" v="Vermont Route 100"/>
    <tag k="addr:state" v="VT"/>
    <tag k="ref:vcgi:esiteid" v="764205"/>
  </node>
  <node id="-1613" visible="true" lat="43.202607963928" lon="-72.771318794093">
    <!-- conflict: "86 Mountain Side Condos Lane, Londonderry, VT" Fuzzy match to "86 Mountain Side Condos Lane, , VT" -->
    <tag k="addr:city" v="Londonderry"/>
    <tag k="addr:housenumber" v="86"/>
    <tag k="addr:street" v="Mountain Side Condos Lane"/>
    <tag k="addr:state" v="VT"/>
    <tag k="ref:vcgi:esiteid" v="764879"/>
  </node>
  <node id="-1614" visible="true" lat="43.202623636764" lon="-72.771940036338">
    <!-- conflict: "65 Mountain Side Condos Lane, Londonderry, VT" Fuzzy match to "65 Mountain Side Condos Lane, , VT" -->
    <tag k="addr:city" v="Londonderry"/>
    <tag k="addr:housenumber" v="65"/>
    <tag k="addr:street" v="Mountain Side Condos Lane"/>
    <tag k="addr:state" v="VT"/>
    <tag k="ref:vcgi:esiteid" v="764880"/>
  </node>
  <node id="-1615" visible="true" lat="43.254789325555" lon="-72.837703092987">
    <!-- conflict: "2000 Landgrove Road, Londonderry, VT" Fuzzy match to "2000 Landgrove Road, , VT" -->
    <tag k="addr:city" v="Londonderry"/>
    <tag k="addr:housenumber" v="2000"/>
    <tag k="addr:street" v="Landgrove Road"/>
    <tag k="addr:state" v="VT"/>
    <tag k="ref:vcgi:esiteid" v="765318"/>
  </node>
  <node id="-1616" visible="true" lat="43.182079060891" lon="-72.789508624115">
    <!-- conflict: "578 Cross Road, South Londonderry, VT" Fuzzy match to "578 Cross Road, , VT" -->
    <tag k="addr:city" v="South Londonderry"/>
    <tag k="addr:housenumber" v="578"/>
    <tag k="addr:street" v="Cross Road"/>
    <tag k="addr:state" v="VT"/>
    <tag k="ref:vcgi:esiteid" v="765882"/>
  </node>
  <node id="-1617" visible="true" lat="43.203775898079" lon="-72.818604547047">
    <!-- conflict: "142 Old Farm Road, South Londonderry, VT" Fuzzy match to "142 Old Farm Road, , VT" -->
    <tag k="addr:city" v="South Londonderry"/>
    <tag k="addr:housenumber" v="142"/>
    <tag k="addr:street" v="Old Farm Road"/>
    <tag k="addr:state" v="VT"/>
    <tag k="ref:vcgi:esiteid" v="766025"/>
  </node>
  <node id="-1619" visible="true" lat="43.235658241382" lon="-72.80089862224">
    <!-- conflict: "159 Evergreen Lane, Londonderry, VT" Fuzzy match to "159 Evergreen Lane, , VT" -->
    <tag k="addr:city" v="Londonderry"/>
    <tag k="addr:housenumber" v="159"/>
    <tag k="addr:street" v="Evergreen Lane"/>
    <tag k="addr:state" v="VT"/>
    <tag k="ref:vcgi:esiteid" v="766372"/>
  </node>
  <node id="-1620" visible="true" lat="43.238026902481" lon="-72.796560983804">
    <!-- conflict: "6800 Vermont Route 100, Londonderry, VT" Fuzzy match to "6800 Vermont Route 100, , VT" -->
    <tag k="addr:city" v="Londonderry"/>
    <tag k="addr:housenumber" v="6800"/>
    <tag k="addr:street" v="Vermont Route 100"/>
    <tag k="addr:state" v="VT"/>
    <tag k="ref:vcgi:esiteid" v="767056"/>
  </node>
  <node id="-1621" visible="true" lat="43.18161692429" lon="-72.788866020146">
    <!-- conflict: "640 Cross Road, South Londonderry, VT" Fuzzy match to "640 Cross Road, , VT" -->
    <tag k="addr:city" v="South Londonderry"/>
    <tag k="addr:housenumber" v="640"/>
    <tag k="addr:street" v="Cross Road"/>
    <tag k="addr:state" v="VT"/>
    <tag k="ref:vcgi:esiteid" v="767108"/>
  </node>
  <node id="-1622" visible="true" lat="43.179754318722" lon="-72.788082212237">
    <!-- conflict: "644 Cross Road, South Londonderry, VT" Fuzzy match to "644 Cross Road, , VT" -->
    <tag k="addr:city" v="South Londonderry"/>
    <tag k="addr:housenumber" v="644"/>
    <tag k="addr:street" v="Cross Road"/>
    <tag k="addr:state" v="VT"/>
    <tag k="ref:vcgi:esiteid" v="767109"/>
  </node>
  <node id="-1623" visible="true" lat="43.171240276856" lon="-72.820601957083">
    <!-- conflict: "90 Winhall Station Road, South Londonderry, VT" Fuzzy match to "90 Winhall Station Road, , VT" -->
    <tag k="addr:city" v="South Londonderry"/>
    <tag k="addr:housenumber" v="90"/>
    <tag k="addr:street" v="Winhall Station Road"/>
    <tag k="addr:state" v="VT"/>
    <tag k="ref:vcgi:esiteid" v="767245"/>
  </node>
  <node id="-1624" visible="true" lat="43.185345746342" lon="-72.84645149598">
    <!-- conflict: "1412 Spring Hill Road, South Londonderry, VT" Fuzzy match to "1412 Spring Hill Road, , VT" -->
    <tag k="addr:city" v="South Londonderry"/>
    <tag k="addr:housenumber" v="1412"/>
    <tag k="addr:street" v="Spring Hill Road"/>
    <tag k="addr:state" v="VT"/>
    <tag k="ref:vcgi:esiteid" v="767444"/>
  </node>
  <node id="-1625" visible="true" lat="43.181993668828" lon="-72.790214983096">
    <!-- conflict: "580 Cross Road, South Londonderry, VT" Fuzzy match to "580 Cross Road, , VT" -->
    <tag k="addr:city" v="South Londonderry"/>
    <tag k="addr:housenumber" v="580"/>
    <tag k="addr:street" v="Cross Road"/>
    <tag k="addr:state" v="VT"/>
    <tag k="ref:vcgi:esiteid" v="767445"/>
  </node>
  <node id="-1626" visible="true" lat="43.196215248703" lon="-72.797305860106">
    <!-- conflict: "125 Bel Air Drive, South Londonderry, VT" Fuzzy match to "125 Bel Air Drive, , VT" -->
    <tag k="addr:city" v="South Londonderry"/>
    <tag k="addr:housenumber" v="125"/>
    <tag k="addr:street" v="Bel Air Drive"/>
    <tag k="addr:state" v="VT"/>
    <tag k="ref:vcgi:esiteid" v="767478"/>
  </node>
  <node id="-1627" visible="true" lat="43.169436532317" lon="-72.854876182374">
    <!-- conflict: "1125 Haven Hill Road, South Londonderry, VT" Fuzzy match to "1125 Haven Hill Road, , VT" -->
    <tag k="addr:city" v="South Londonderry"/>
    <tag k="addr:housenumber" v="1125"/>
    <tag k="addr:street" v="Haven Hill Road"/>
    <tag k="addr:state" v="VT"/>
    <tag k="ref:vcgi:esiteid" v="767831"/>
  </node>
  <node id="-1628" visible="true" lat="43.162958506896" lon="-72.842714990495">
    <!-- conflict: "432 Bobcat Run, South Londonderry, VT" Fuzzy match to "432 Bobcat Run, , VT" -->
    <tag k="addr:city" v="South Londonderry"/>
    <tag k="addr:housenumber" v="432"/>
    <tag k="addr:street" v="Bobcat Run"/>
    <tag k="addr:state" v="VT"/>
    <tag k="ref:vcgi:esiteid" v="767936"/>
  </node>
  <node id="-1629" visible="true" lat="43.224531161962" lon="-72.752488195891">
    <!-- conflict: "616 Gardiner Drive, Londonderry, VT" Fuzzy match to "616 Gardiner Drive, , VT" -->
    <tag k="addr:city" v="Londonderry"/>
    <tag k="addr:housenumber" v="616"/>
    <tag k="addr:street" v="Gardiner Drive"/>
    <tag k="addr:state" v="VT"/>
    <tag k="ref:vcgi:esiteid" v="767982"/>
  </node>
  <node id="-1630" visible="true" lat="43.223828317586" lon="-72.752606121439">
    <!-- conflict: "500 Gardiner Drive, Londonderry, VT" Fuzzy match to "500 Gardiner Drive, , VT" -->
    <tag k="addr:city" v="Londonderry"/>
    <tag k="addr:housenumber" v="500"/>
    <tag k="addr:street" v="Gardiner Drive"/>
    <tag k="addr:state" v="VT"/>
    <tag k="ref:vcgi:esiteid" v="767983"/>
  </node>
  <node id="-1631" visible="true" lat="43.224442882184" lon="-72.750693324187">
    <!-- conflict: "376 Gardiner Drive, Londonderry, VT" Fuzzy match to "376 Gardiner Drive, , VT" -->
    <tag k="addr:city" v="Londonderry"/>
    <tag k="addr:housenumber" v="376"/>
    <tag k="addr:street" v="Gardiner Drive"/>
    <tag k="addr:state" v="VT"/>
    <tag k="ref:vcgi:esiteid" v="767984"/>
  </node>
  <node id="-1632" visible="true" lat="43.225214336174" lon="-72.748623582766">
    <!-- conflict: "305 Gardiner Drive, Londonderry, VT" Fuzzy match to "305 Gardiner Drive, , VT" -->
    <tag k="addr:city" v="Londonderry"/>
    <tag k="addr:housenumber" v="305"/>
    <tag k="addr:street" v="Gardiner Drive"/>
    <tag k="addr:state" v="VT"/>
    <tag k="ref:vcgi:esiteid" v="767985"/>
  </node>
  <node id="-1633" visible="true" lat="43.225780719904" lon="-72.750158026143">
    <!-- conflict: "256 Gardiner Drive, Londonderry, VT" Fuzzy match to "256 Gardiner Drive, , VT" -->
    <tag k="addr:city" v="Londonderry"/>
    <tag k="addr:housenumber" v="256"/>
    <tag k="addr:street" v="Gardiner Drive"/>
    <tag k="addr:state" v="VT"/>
    <tag k="ref:vcgi:esiteid" v="767986"/>
  </node>
  <node id="-1634" visible="true" lat="43.226394795542" lon="-72.749533433605">
    <!-- conflict: "214 Gardiner Drive, Londonderry, VT" Fuzzy match to "214 Gardiner Drive, , VT" -->
    <tag k="addr:city" v="Londonderry"/>
    <tag k="addr:housenumber" v="214"/>
    <tag k="addr:street" v="Gardiner Drive"/>
    <tag k="addr:state" v="VT"/>
    <tag k="ref:vcgi:esiteid" v="767987"/>
  </node>
  <node id="-1635" visible="true" lat="43.225416789532" lon="-72.75452330773">
    <!-- conflict: "695 Gardiner Drive, Londonderry, VT" Fuzzy match to "695 Gardiner Drive, , VT" -->
    <tag k="addr:city" v="Londonderry"/>
    <tag k="addr:housenumber" v="695"/>
    <tag k="addr:street" v="Gardiner Drive"/>
    <tag k="addr:state" v="VT"/>
    <tag k="ref:vcgi:esiteid" v="767988"/>
  </node>
  <node id="-1636" visible="true" lat="43.226799200108" lon="-72.740757855082">
    <!-- conflict: "590 Howard Hill Road, Londonderry, VT" Fuzzy match to "590 Howard Hill Road, , VT" -->
    <tag k="addr:city" v="Londonderry"/>
    <tag k="addr:housenumber" v="590"/>
    <tag k="addr:street" v="Howard Hill Road"/>
    <tag k="addr:state" v="VT"/>
    <tag k="ref:vcgi:esiteid" v="768241"/>
  </node>
  <node id="-1637" visible="true" lat="43.153127192396" lon="-72.77641083609">
    <!-- conflict: "1685 Toad Road, Windham, VT" Fuzzy match to "1685 Toad Road, , VT" -->
    <tag k="addr:city" v="Windham"/>
    <tag k="addr:housenumber" v="1685"/>
    <tag k="addr:street" v="Toad Road"/>
    <tag k="addr:state" v="VT"/>
    <tag k="ref:vcgi:esiteid" v="768286"/>
  </node>
  <node id="-1638" visible="true" lat="43.241517898099" lon="-72.797379048372">
    <!-- conflict: "139 Merrills Lane, Londonderry, VT" Fuzzy match to "139 Merrills Lane, , VT" -->
    <tag k="addr:city" v="Londonderry"/>
    <tag k="addr:housenumber" v="139"/>
    <tag k="addr:street" v="Merrills Lane"/>
    <tag k="addr:state" v="VT"/>
    <tag k="ref:vcgi:esiteid" v="768288"/>
  </node>
  <node id="-1639" visible="true" lat="43.171199350537" lon="-72.828523132067">
    <!-- conflict: "1031 Vermont Route 100, South Londonderry, VT" Fuzzy match to "1031 Vermont Route 100, , VT" -->
    <tag k="addr:city" v="South Londonderry"/>
    <tag k="addr:housenumber" v="1031"/>
    <tag k="addr:street" v="Vermont Route 100"/>
    <tag k="addr:state" v="VT"/>
    <tag k="ref:vcgi:esiteid" v="768310"/>
  </node>
  <node id="-1640" visible="true" lat="43.185437738594" lon="-72.79671407378">
    <!-- conflict: "244 Cross Road, South Londonderry, VT" Fuzzy match to "244 Cross Road, , VT" -->
    <tag k="addr:city" v="South Londonderry"/>
    <tag k="addr:housenumber" v="244"/>
    <tag k="addr:street" v="Cross Road"/>
    <tag k="addr:state" v="VT"/>
    <tag k="ref:vcgi:esiteid" v="768875"/>
  </node>
  <node id="-1641" visible="true" lat="43.178162252768" lon="-72.824256691971">
    <!-- conflict: "250 Glebe View Lane, South Londonderry, VT" Fuzzy match to "250 Glebe View Lane, , VT" -->
    <tag k="addr:city" v="South Londonderry"/>
    <tag k="addr:housenumber" v="250"/>
    <tag k="addr:street" v="Glebe View Lane"/>
    <tag k="addr:state" v="VT"/>
    <tag k="ref:vcgi:esiteid" v="769096"/>
  </node>
  <node id="-1642" visible="true" lat="43.236369622457" lon="-72.826801557417">
    <!-- conflict: "525 Landgrove Road, Londonderry, VT" Fuzzy match to "525 Landgrove Road, , VT" -->
    <tag k="addr:city" v="Londonderry"/>
    <tag k="addr:housenumber" v="525"/>
    <tag k="addr:street" v="Landgrove Road"/>
    <tag k="addr:state" v="VT"/>
    <tag k="ref:vcgi:esiteid" v="769121"/>
  </node>
  <node id="-1643" visible="true" lat="43.236026865104" lon="-72.826364547454">
    <!-- conflict: "529 Landgrove Road, Londonderry, VT" Fuzzy match to "529 Landgrove Road, , VT" -->
    <tag k="addr:city" v="Londonderry"/>
    <tag k="addr:housenumber" v="529"/>
    <tag k="addr:street" v="Landgrove Road"/>
    <tag k="addr:state" v="VT"/>
    <tag k="ref:vcgi:esiteid" v="769122"/>
  </node>
  <node id="-1644" visible="true" lat="43.214923340524" lon="-72.7822174846">
    <!-- conflict: "324 Stoney Brook Road, Londonderry, VT" Fuzzy match to "324 Stoney Brook Road, , VT" -->
    <tag k="addr:city" v="Londonderry"/>
    <tag k="addr:housenumber" v="324"/>
    <tag k="addr:street" v="Stoney Brook Road"/>
    <tag k="addr:state" v="VT"/>
    <tag k="ref:vcgi:esiteid" v="769376"/>
  </node>
  <node id="-1646" visible="true" lat="43.233876379839" lon="-72.822346929969">
    <!-- conflict: "218 Landgrove Road, Londonderry, VT" Fuzzy match to "218 Landgrove Road, , VT" -->
    <tag k="addr:city" v="Londonderry"/>
    <tag k="addr:housenumber" v="218"/>
    <tag k="addr:street" v="Landgrove Road"/>
    <tag k="addr:state" v="VT"/>
    <tag k="ref:vcgi:esiteid" v="769502"/>
  </node>
  <node id="-1647" visible="true" lat="43.163862508618" lon="-72.789738630692">
    <!-- conflict: "175 Flying Squirrel Lane, South Londonderry, VT" Fuzzy match to "175 Flying Squirrel Lane, , VT" -->
    <tag k="addr:city" v="South Londonderry"/>
    <tag k="addr:housenumber" v="175"/>
    <tag k="addr:street" v="Flying Squirrel Lane"/>
    <tag k="addr:state" v="VT"/>
    <tag k="ref:vcgi:esiteid" v="769739"/>
  </node>
  <node id="-1648" visible="true" lat="43.229286170986" lon="-72.791663247889">
    <!-- conflict: "454 Wolf Pack Drive, Londonderry, VT" Fuzzy match to "454 Wolf Pack Drive, , VT" -->
    <tag k="addr:city" v="Londonderry"/>
    <tag k="addr:housenumber" v="454"/>
    <tag k="addr:street" v="Wolf Pack Drive"/>
    <tag k="addr:state" v="VT"/>
    <tag k="ref:vcgi:esiteid" v="769822"/>
  </node>
  <node id="-1650" visible="true" lat="43.212453780532" lon="-72.759921900688">
    <!-- conflict: "349 Old Sawmill Road, Londonderry, VT" Fuzzy match to "349 Old Sawmill Road, , VT" -->
    <tag k="addr:city" v="Londonderry"/>
    <tag k="addr:housenumber" v="349"/>
    <tag k="addr:street" v="Old Sawmill Road"/>
    <tag k="addr:state" v="VT"/>
    <tag k="ref:vcgi:esiteid" v="769923"/>
  </node>
  <node id="-1651" visible="true" lat="43.250387072712" lon="-72.815228980221">
    <!-- conflict: "180 Roberts Road, Londonderry, VT" Fuzzy match to "180 Roberts Road, , VT" -->
    <tag k="addr:city" v="Londonderry"/>
    <tag k="addr:housenumber" v="180"/>
    <tag k="addr:street" v="Roberts Road"/>
    <tag k="addr:state" v="VT"/>
    <tag k="ref:vcgi:esiteid" v="769924"/>
  </node>
  <node id="-1652" visible="true" lat="43.24132519358" lon="-72.813300309504">
    <!-- conflict: "626 Barker Road, Londonderry, VT" Fuzzy match to "626 Barker Road, , VT" -->
    <tag k="addr:city" v="Londonderry"/>
    <tag k="addr:housenumber" v="626"/>
    <tag k="addr:street" v="Barker Road"/>
    <tag k="addr:state" v="VT"/>
    <tag k="ref:vcgi:esiteid" v="771298"/>
  </node>
  <node id="-1653" visible="true" lat="43.227150334846" lon="-72.80789955515">
    <!-- conflict: "2309 North Main Street, Londonderry, VT" Fuzzy match to "2309 North Main Street, , " -->
    <tag k="addr:city" v="Londonderry"/>
    <tag k="addr:housenumber" v="2309"/>
    <tag k="addr:street" v="North Main Street"/>
    <tag k="addr:state" v="VT"/>
    <tag k="ref:vcgi:esiteid" v="771809"/>
  </node>
  <node id="-1664" visible="true" lat="43.178347974057" lon="-72.81889325626">
    <!-- conflict: "18 Smith Haven Lane, South Londonderry, VT" Fuzzy match to "18 Smith Haven Lane, , VT" -->
    <tag k="addr:city" v="South Londonderry"/>
    <tag k="addr:housenumber" v="18"/>
    <tag k="addr:street" v="Smith Haven Lane"/>
    <tag k="addr:state" v="VT"/>
    <tag k="ref:vcgi:esiteid" v="1050320"/>
  </node>
  <node id="-1665" visible="true" lat="43.201737947668" lon="-72.774876691296">
    <!-- conflict: "560 Magic Mountain Access Road, Londonderry, VT" Fuzzy match to "560 Magic Mountain Access Road, , VT" -->
    <tag k="addr:city" v="Londonderry"/>
    <tag k="addr:housenumber" v="560"/>
    <tag k="addr:street" v="Magic Mountain Access Road"/>
    <tag k="addr:state" v="VT"/>
    <tag k="ref:vcgi:esiteid" v="1050322"/>
  </node>
  <node id="-1666" visible="true" lat="43.207782883932" lon="-72.824447064236">
    <!-- conflict: "4191 Vermont Route 100, South Londonderry, VT" Fuzzy match to "4191 Vermont Route 100, , VT" -->
    <tag k="addr:city" v="South Londonderry"/>
    <tag k="addr:housenumber" v="4191"/>
    <tag k="addr:street" v="Vermont Route 100"/>
    <tag k="addr:state" v="VT"/>
    <tag k="ref:vcgi:esiteid" v="1050323"/>
  </node>
  <node id="-1667" visible="true" lat="43.237783148648" lon="-72.848979942782">
    <!-- conflict: "89 Vermont Route 11, Londonderry, VT" Fuzzy match to "89 Vermont Route 11, , VT" -->
    <tag k="addr:city" v="Londonderry"/>
    <tag k="addr:housenumber" v="89"/>
    <tag k="addr:street" v="Vermont Route 11"/>
    <tag k="addr:state" v="VT"/>
    <tag k="ref:vcgi:esiteid" v="1050326"/>
  </node>
</osm>
