<?xml version="1.0" encoding="UTF-8"?>
<osm version="0.6" generator="JOSM" upload="false">
  <node id="-100" visible="true" lat="44.59169478862" lon="-72.002729808967">
    <!-- conflict: "420 Steendom Lane, Lyndonville, VT" Fuzzy match to "420 Steendom Lane, , VT" -->
    <tag k="addr:city" v="Lyndonville"/>
    <tag k="addr:housenumber" v="420"/>
    <tag k="addr:street" v="Steendom Lane"/>
    <tag k="addr:state" v="VT"/>
    <tag k="ref:vcgi:esiteid" v="254323"/>
  </node>
  <node id="-101" visible="true" lat="44.72678724004" lon="-72.097386477843">
    <!-- conflict: "752 Wheeler Mountain Road, Barton, VT" Fuzzy match to "752 Wheeler Mountain Road, , VT" -->
    <tag k="addr:city" v="Barton"/>
    <tag k="addr:housenumber" v="752"/>
    <tag k="addr:street" v="Wheeler Mountain Road"/>
    <tag k="addr:state" v="VT"/>
    <tag k="ref:vcgi:esiteid" v="254324"/>
  </node>
  <node id="-102" visible="true" lat="44.726149777586" lon="-72.098408595031">
    <!-- conflict: "684 Wheeler Mountain Road, Barton, VT" Fuzzy match to "684 Wheeler Mountain Road, , VT" -->
    <tag k="addr:city" v="Barton"/>
    <tag k="addr:housenumber" v="684"/>
    <tag k="addr:street" v="Wheeler Mountain Road"/>
    <tag k="addr:state" v="VT"/>
    <tag k="ref:vcgi:esiteid" v="254325"/>
  </node>
  <node id="-103" visible="true" lat="44.699300280096" lon="-72.083840667471">
    <!-- conflict: "7008 United States Route 5, Sutton, VT" No match in OSM, but a different address exists <5m away: "7008 U.S. Route 5, , VT" -->
    <tag k="addr:city" v="Sutton"/>
    <tag k="addr:housenumber" v="7008"/>
    <tag k="addr:street" v="United States Route 5"/>
    <tag k="addr:state" v="VT"/>
    <tag k="ref:vcgi:esiteid" v="254326"/>
  </node>
  <node id="-104" visible="true" lat="44.697951601199" lon="-72.090898010447">
    <!-- conflict: "7079 United States Route 5, Sutton, VT" No match in OSM, but a different address exists <5m away: "7079 U.S. Route 5, Sutton, VT" -->
    <tag k="addr:city" v="Sutton"/>
    <tag k="addr:housenumber" v="7079"/>
    <tag k="addr:street" v="United States Route 5"/>
    <tag k="addr:state" v="VT"/>
    <tag k="ref:vcgi:esiteid" v="254327"/>
  </node>
  <node id="-105" visible="true" lat="44.69783062234" lon="-72.090722684296">
    <!-- conflict: "7065 United States Route 5, Sutton, VT" No match in OSM, but a different address exists <5m away: "7065 U.S. Route 5, Sutton, VT" -->
    <tag k="addr:city" v="Sutton"/>
    <tag k="addr:housenumber" v="7065"/>
    <tag k="addr:street" v="United States Route 5"/>
    <tag k="addr:state" v="VT"/>
    <tag k="ref:vcgi:esiteid" v="254328"/>
  </node>
  <node id="-106" visible="true" lat="44.697712201377" lon="-72.090526696745">
    <!-- conflict: "7051 United States Route 5, Sutton, VT" No match in OSM, but a different address exists <5m away: "7051 U.S. Route 5, Sutton, VT" -->
    <tag k="addr:city" v="Sutton"/>
    <tag k="addr:housenumber" v="7051"/>
    <tag k="addr:street" v="United States Route 5"/>
    <tag k="addr:state" v="VT"/>
    <tag k="ref:vcgi:esiteid" v="254329"/>
  </node>
  <node id="-107" visible="true" lat="44.696951137127" lon="-72.0895900067">
    <!-- conflict: "6991 United States Route 5, Sutton, VT" No match in OSM, but a different address exists <5m away: "6991 U.S. Route 5, Sutton, VT" -->
    <tag k="addr:city" v="Sutton"/>
    <tag k="addr:housenumber" v="6991"/>
    <tag k="addr:street" v="United States Route 5"/>
    <tag k="addr:state" v="VT"/>
    <tag k="ref:vcgi:esiteid" v="254330"/>
  </node>
  <node id="-108" visible="true" lat="44.696555094208" lon="-72.088626396285">
    <!-- conflict: "6931 United States Route 5, Sutton, VT" No match in OSM, but a different address exists <5m away: "6931 U.S. Route 5, Sutton, VT" -->
    <tag k="addr:city" v="Sutton"/>
    <tag k="addr:housenumber" v="6931"/>
    <tag k="addr:street" v="United States Route 5"/>
    <tag k="addr:state" v="VT"/>
    <tag k="ref:vcgi:esiteid" v="254331"/>
  </node>
  <node id="-109" visible="true" lat="44.696278212481" lon="-72.087321754195">
    <!-- conflict: "6871 United States Route 5, Sutton, VT" No match in OSM, but a different address exists <5m away: "6871 U.S. Route 5, Sutton, VT" -->
    <tag k="addr:city" v="Sutton"/>
    <tag k="addr:housenumber" v="6871"/>
    <tag k="addr:street" v="United States Route 5"/>
    <tag k="addr:state" v="VT"/>
    <tag k="ref:vcgi:esiteid" v="254332"/>
  </node>
  <node id="-110" visible="true" lat="44.696120696203" lon="-72.086577503987">
    <!-- conflict: "6827 United States Route 5, Sutton, VT" No match in OSM, but a different address exists <5m away: "6827 U.S. Route 5, Sutton, VT" -->
    <tag k="addr:city" v="Sutton"/>
    <tag k="addr:housenumber" v="6827"/>
    <tag k="addr:street" v="United States Route 5"/>
    <tag k="addr:state" v="VT"/>
    <tag k="ref:vcgi:esiteid" v="254333"/>
  </node>
  <node id="-111" visible="true" lat="44.695851812695" lon="-72.020562275723">
    <!-- conflict: "912 Dolloff Pond Road, Sutton, VT" Fuzzy match to "912 Dolloff Pond Road, , VT" -->
    <tag k="addr:city" v="Sutton"/>
    <tag k="addr:housenumber" v="912"/>
    <tag k="addr:street" v="Dolloff Pond Road"/>
    <tag k="addr:state" v="VT"/>
    <tag k="ref:vcgi:esiteid" v="254334"/>
  </node>
  <node id="-112" visible="true" lat="44.694669256987" lon="-72.023987875076">
    <!-- conflict: "910 Dolloff Pond Road, Sutton, VT" Fuzzy match to "910 Dolloff Pond Road, , VT" -->
    <tag k="addr:city" v="Sutton"/>
    <tag k="addr:housenumber" v="910"/>
    <tag k="addr:street" v="Dolloff Pond Road"/>
    <tag k="addr:state" v="VT"/>
    <tag k="ref:vcgi:esiteid" v="254336"/>
  </node>
  <node id="-114" visible="true" lat="44.693860539969" lon="-72.058953401925">
    <!-- conflict: "359 Marl Pond Road, Sutton, VT" Fuzzy match to "359 Marl Pond Road, , VT" -->
    <tag k="addr:city" v="Sutton"/>
    <tag k="addr:housenumber" v="359"/>
    <tag k="addr:street" v="Marl Pond Road"/>
    <tag k="addr:state" v="VT"/>
    <tag k="ref:vcgi:esiteid" v="254338"/>
  </node>
  <node id="-115" visible="true" lat="44.692243107286" lon="-72.057503816466">
    <!-- conflict: "106 Marl Pond Road, Sutton, VT" Fuzzy match to "106 Marl Pond Road, , VT" -->
    <tag k="addr:city" v="Sutton"/>
    <tag k="addr:housenumber" v="106"/>
    <tag k="addr:street" v="Marl Pond Road"/>
    <tag k="addr:state" v="VT"/>
    <tag k="ref:vcgi:esiteid" v="254340"/>
  </node>
  <node id="-116" visible="true" lat="44.692206017387" lon="-72.061032784233">
    <!-- conflict: "5491 United States Route 5, Sutton, VT" No match in OSM, but a different address exists <5m away: "5491 U.S. Route 5, Sutton, VT" -->
    <tag k="addr:city" v="Sutton"/>
    <tag k="addr:housenumber" v="5491"/>
    <tag k="addr:street" v="United States Route 5"/>
    <tag k="addr:state" v="VT"/>
    <tag k="ref:vcgi:esiteid" v="254341"/>
  </node>
  <node id="-118" visible="true" lat="44.69163275916" lon="-71.999024487706">
    <!-- conflict: "3815 Vermont Route 5A, West Burke, VT" Fuzzy match to "3815 Vermont Route 5A, Sutton, VT" -->
    <tag k="addr:city" v="West Burke"/>
    <tag k="addr:housenumber" v="3815"/>
    <tag k="addr:street" v="Vermont Route 5A"/>
    <tag k="addr:state" v="VT"/>
    <tag k="ref:vcgi:esiteid" v="254343"/>
  </node>
  <node id="-119" visible="true" lat="44.691559446905" lon="-72.060361377458">
    <!-- conflict: "5443 United States Route 5, Sutton, VT" No match in OSM, but a different address exists <5m away: "5443 U.S. Route 5, Sutton, VT" -->
    <tag k="addr:city" v="Sutton"/>
    <tag k="addr:housenumber" v="5443"/>
    <tag k="addr:street" v="United States Route 5"/>
    <tag k="addr:state" v="VT"/>
    <tag k="ref:vcgi:esiteid" v="254344"/>
  </node>
  <node id="-122" visible="true" lat="44.690362543236" lon="-71.995958663756">
    <!-- conflict: "147 Newark Pond Road, West Burke, VT" Fuzzy match to "147 Newark Pond Road, , VT" -->
    <tag k="addr:city" v="West Burke"/>
    <tag k="addr:housenumber" v="147"/>
    <tag k="addr:street" v="Newark Pond Road"/>
    <tag k="addr:state" v="VT"/>
    <tag k="ref:vcgi:esiteid" v="254347"/>
  </node>
  <node id="-123" visible="true" lat="44.689929641248" lon="-71.995992629761">
    <!-- conflict: "103 Newark Pond Road, West Burke, VT" Fuzzy match to "103 Newark Pond Road, , VT" -->
    <tag k="addr:city" v="West Burke"/>
    <tag k="addr:housenumber" v="103"/>
    <tag k="addr:street" v="Newark Pond Road"/>
    <tag k="addr:state" v="VT"/>
    <tag k="ref:vcgi:esiteid" v="254348"/>
  </node>
  <node id="-124" visible="true" lat="44.689844459457" lon="-72.055016617665">
    <!-- conflict: "5150 United States Route 5, Sutton, VT" No match in OSM, but a different address exists <5m away: "5150 U.S. Route 5, Sutton, VT" -->
    <tag k="addr:city" v="Sutton"/>
    <tag k="addr:housenumber" v="5150"/>
    <tag k="addr:street" v="United States Route 5"/>
    <tag k="addr:state" v="VT"/>
    <tag k="ref:vcgi:esiteid" v="254349"/>
  </node>
  <node id="-125" visible="true" lat="44.689626226975" lon="-71.994721507424">
    <!-- conflict: "94 Rocky Road, West Burke, VT" Fuzzy match to "94 Rocky Road, , VT" -->
    <tag k="addr:city" v="West Burke"/>
    <tag k="addr:housenumber" v="94"/>
    <tag k="addr:street" v="Rocky Road"/>
    <tag k="addr:state" v="VT"/>
    <tag k="ref:vcgi:esiteid" v="254350"/>
  </node>
  <node id="-126" visible="true" lat="44.689602680556" lon="-72.054541540903">
    <!-- conflict: "5118 United States Route 5, Sutton, VT" No match in OSM, but a different address exists <5m away: "5118 U.S. Route 5, Sutton, VT" -->
    <tag k="addr:city" v="Sutton"/>
    <tag k="addr:housenumber" v="5118"/>
    <tag k="addr:street" v="United States Route 5"/>
    <tag k="addr:state" v="VT"/>
    <tag k="ref:vcgi:esiteid" v="254351"/>
  </node>
  <node id="-128" visible="true" lat="44.689119131091" lon="-72.055047645212">
    <!-- conflict: "5121 United States Route 5, Sutton, VT" No match in OSM, but a different address exists <5m away: "5121 U.S. Route 5, Sutton, VT" -->
    <tag k="addr:city" v="Sutton"/>
    <tag k="addr:housenumber" v="5121"/>
    <tag k="addr:street" v="United States Route 5"/>
    <tag k="addr:state" v="VT"/>
    <tag k="ref:vcgi:esiteid" v="254353"/>
  </node>
  <node id="-130" visible="true" lat="44.688867100791" lon="-72.052880400674">
    <!-- conflict: "5020 United States Route 5, Sutton, VT" No match in OSM, but a different address exists <5m away: "5020 U.S. Route 5, Sutton, VT" -->
    <tag k="addr:city" v="Sutton"/>
    <tag k="addr:housenumber" v="5020"/>
    <tag k="addr:street" v="United States Route 5"/>
    <tag k="addr:state" v="VT"/>
    <tag k="ref:vcgi:esiteid" v="254355"/>
  </node>
  <node id="-131" visible="true" lat="44.688568042553" lon="-72.04723453545">
    <!-- conflict: "4716 United States Route 5, Sutton, VT" No match in OSM, but a different address exists <5m away: "4716 U.S. Route 5, Sutton, VT" -->
    <tag k="addr:city" v="Sutton"/>
    <tag k="addr:housenumber" v="4716"/>
    <tag k="addr:street" v="United States Route 5"/>
    <tag k="addr:state" v="VT"/>
    <tag k="ref:vcgi:esiteid" v="254356"/>
  </node>
  <node id="-132" visible="true" lat="44.688443831689" lon="-72.051337675271">
    <!-- conflict: "4932 United States Route 5, Sutton, VT" No match in OSM, but a different address exists <5m away: "4932 U.S. Route 5, Sutton, VT" -->
    <tag k="addr:city" v="Sutton"/>
    <tag k="addr:housenumber" v="4932"/>
    <tag k="addr:street" v="United States Route 5"/>
    <tag k="addr:state" v="VT"/>
    <tag k="ref:vcgi:esiteid" v="254357"/>
  </node>
  <node id="-133" visible="true" lat="44.688437817464" lon="-72.048133117234">
    <!-- conflict: "4806 United States Route 5, Sutton, VT" No match in OSM, but a different address exists <5m away: "4806 U.S. Route 5, Sutton, VT" -->
    <tag k="addr:city" v="Sutton"/>
    <tag k="addr:housenumber" v="4806"/>
    <tag k="addr:street" v="United States Route 5"/>
    <tag k="addr:state" v="VT"/>
    <tag k="ref:vcgi:esiteid" v="254358"/>
  </node>
  <node id="-134" visible="true" lat="44.688119420606" lon="-72.012131790491">
    <!-- conflict: "581 Nygrens Road, Sutton, VT" Fuzzy match to "581 Nygrens Road, , VT" -->
    <tag k="addr:city" v="Sutton"/>
    <tag k="addr:housenumber" v="581"/>
    <tag k="addr:street" v="Nygrens Road"/>
    <tag k="addr:state" v="VT"/>
    <tag k="ref:vcgi:esiteid" v="254359"/>
  </node>
  <node id="-136" visible="true" lat="44.687836572103" lon="-72.046848192439">
    <!-- conflict: "4705 United States Route 5, Sutton, VT" No match in OSM, but a different address exists <5m away: "4705 U.S. Route 5, Sutton, VT" -->
    <tag k="addr:city" v="Sutton"/>
    <tag k="addr:housenumber" v="4705"/>
    <tag k="addr:street" v="United States Route 5"/>
    <tag k="addr:state" v="VT"/>
    <tag k="ref:vcgi:esiteid" v="254361"/>
  </node>
  <node id="-137" visible="true" lat="44.687804176719" lon="-71.995245687686">
    <!-- conflict: "3480 Vermont Route 5A, West Burke, VT" Fuzzy match to "3480 Vermont Route 5A, , VT" -->
    <tag k="addr:city" v="West Burke"/>
    <tag k="addr:housenumber" v="3480"/>
    <tag k="addr:street" v="Vermont Route 5A"/>
    <tag k="addr:state" v="VT"/>
    <tag k="ref:vcgi:esiteid" v="254362"/>
  </node>
  <node id="-138" visible="true" lat="44.687791497031" lon="-71.996208922467">
    <!-- conflict: "3521 Vermont Route 5A, West Burke, VT" Fuzzy match to "3521 Vermont Route 5A, , VT" -->
    <tag k="addr:city" v="West Burke"/>
    <tag k="addr:housenumber" v="3521"/>
    <tag k="addr:street" v="Vermont Route 5A"/>
    <tag k="addr:state" v="VT"/>
    <tag k="ref:vcgi:esiteid" v="254363"/>
  </node>
  <node id="-139" visible="true" lat="44.687711606541" lon="-72.010160350347">
    <!-- conflict: "566 Nygrens Road, Sutton, VT" Fuzzy match to "566 Nygrens Road, , VT" -->
    <tag k="addr:city" v="Sutton"/>
    <tag k="addr:housenumber" v="566"/>
    <tag k="addr:street" v="Nygrens Road"/>
    <tag k="addr:state" v="VT"/>
    <tag k="ref:vcgi:esiteid" v="254364"/>
  </node>
  <node id="-140" visible="true" lat="44.687851491489" lon="-72.04819712252">
    <!-- conflict: "4805 United States Route 5, Sutton, VT" No match in OSM, but a different address exists <5m away: "4805 U.S. Route 5, Sutton, VT" -->
    <tag k="addr:city" v="Sutton"/>
    <tag k="addr:housenumber" v="4805"/>
    <tag k="addr:street" v="United States Route 5"/>
    <tag k="addr:state" v="VT"/>
    <tag k="ref:vcgi:esiteid" v="254365"/>
  </node>
  <node id="-150" visible="true" lat="44.687021135917" lon="-72.040533541084">
    <!-- conflict: "4426 United States Route 5, Sutton, VT" No match in OSM, but a different address exists <5m away: "4426 U.S. Route 5, Sutton, VT" -->
    <tag k="addr:city" v="Sutton"/>
    <tag k="addr:housenumber" v="4426"/>
    <tag k="addr:street" v="United States Route 5"/>
    <tag k="addr:state" v="VT"/>
    <tag k="ref:vcgi:esiteid" v="254375"/>
  </node>
  <node id="-151" visible="true" lat="44.686819312068" lon="-71.994921701188">
    <!-- conflict: "3372 Vermont Route 5A, West Burke, VT" Fuzzy match to "3372 Vermont Route 5A, , VT" -->
    <tag k="addr:city" v="West Burke"/>
    <tag k="addr:housenumber" v="3372"/>
    <tag k="addr:street" v="Vermont Route 5A"/>
    <tag k="addr:state" v="VT"/>
    <tag k="ref:vcgi:esiteid" v="254376"/>
  </node>
  <node id="-152" visible="true" lat="44.686762425814" lon="-72.022771991339">
    <!-- conflict: "787 Dolloff Pond Road, Sutton, VT" Fuzzy match to "787 Dolloff Pond Road, , VT" -->
    <tag k="addr:city" v="Sutton"/>
    <tag k="addr:housenumber" v="787"/>
    <tag k="addr:street" v="Dolloff Pond Road"/>
    <tag k="addr:state" v="VT"/>
    <tag k="ref:vcgi:esiteid" v="254377"/>
  </node>
  <node id="-154" visible="true" lat="44.685987003037" lon="-72.054749603758">
    <!-- conflict: "3980 Underpass Road, Sutton, VT" Fuzzy match to "3980 Underpass Road, , VT" -->
    <tag k="addr:city" v="Sutton"/>
    <tag k="addr:housenumber" v="3980"/>
    <tag k="addr:street" v="Underpass Road"/>
    <tag k="addr:state" v="VT"/>
    <tag k="ref:vcgi:esiteid" v="254380"/>
  </node>
  <node id="-155" visible="true" lat="44.686009922914" lon="-72.040219777694">
    <!-- conflict: "4373 United States Route 5, Sutton, VT" No match in OSM, but a different address exists <5m away: "4373 U.S. Route 5, , VT" -->
    <tag k="addr:city" v="Sutton"/>
    <tag k="addr:housenumber" v="4373"/>
    <tag k="addr:street" v="United States Route 5"/>
    <tag k="addr:state" v="VT"/>
    <tag k="ref:vcgi:esiteid" v="254381"/>
  </node>
  <node id="-156" visible="true" lat="44.685391392928" lon="-71.991965117653">
    <!-- conflict: "358 Rocky Road, West Burke, VT" Fuzzy match to "358 Rocky Road, , VT" -->
    <tag k="addr:city" v="West Burke"/>
    <tag k="addr:housenumber" v="358"/>
    <tag k="addr:street" v="Rocky Road"/>
    <tag k="addr:state" v="VT"/>
    <tag k="ref:vcgi:esiteid" v="254382"/>
  </node>
  <node id="-157" visible="true" lat="44.685370137379" lon="-71.995168857939">
    <!-- conflict: "3308 Vermont Route 5A, West Burke, VT" Fuzzy match to "3308 Vermont Route 5A, , VT" -->
    <tag k="addr:city" v="West Burke"/>
    <tag k="addr:housenumber" v="3308"/>
    <tag k="addr:street" v="Vermont Route 5A"/>
    <tag k="addr:state" v="VT"/>
    <tag k="ref:vcgi:esiteid" v="254383"/>
  </node>
  <node id="-158" visible="true" lat="44.685292729725" lon="-72.01165876906">
    <!-- conflict: "383 Nygrens Road, Sutton, VT" Fuzzy match to "383 Nygrens Road, , VT" -->
    <tag k="addr:city" v="Sutton"/>
    <tag k="addr:housenumber" v="383"/>
    <tag k="addr:street" v="Nygrens Road"/>
    <tag k="addr:state" v="VT"/>
    <tag k="ref:vcgi:esiteid" v="254384"/>
  </node>
  <node id="-160" visible="true" lat="44.684747228" lon="-71.995011423893">
    <!-- conflict: "3264 Vermont Route 5A, West Burke, VT" Fuzzy match to "3264 Vermont Route 5A, , VT" -->
    <tag k="addr:city" v="West Burke"/>
    <tag k="addr:housenumber" v="3264"/>
    <tag k="addr:street" v="Vermont Route 5A"/>
    <tag k="addr:state" v="VT"/>
    <tag k="ref:vcgi:esiteid" v="254386"/>
  </node>
  <node id="-161" visible="true" lat="44.687650944297" lon="-72.060406718386">
    <!-- conflict: "3911 Underpass Road, Sutton, VT" Fuzzy match to "3911 Underpass Road, , VT" -->
    <tag k="addr:city" v="Sutton"/>
    <tag k="addr:housenumber" v="3911"/>
    <tag k="addr:street" v="Underpass Road"/>
    <tag k="addr:state" v="VT"/>
    <tag k="ref:vcgi:esiteid" v="254387"/>
  </node>
  <node id="-163" visible="true" lat="44.684197186751" lon="-71.986029644775">
    <!-- conflict: "2354 East Ridge Road, West Burke, VT" Fuzzy match to "2354 East Ridge Road, , VT" -->
    <tag k="addr:city" v="West Burke"/>
    <tag k="addr:housenumber" v="2354"/>
    <tag k="addr:street" v="East Ridge Road"/>
    <tag k="addr:state" v="VT"/>
    <tag k="ref:vcgi:esiteid" v="254389"/>
  </node>
  <node id="-164" visible="true" lat="44.684560305883" lon="-72.05595504728">
    <!-- conflict: "3767 Underpass Road, Sutton, VT" Fuzzy match to "3767 Underpass Road, , VT" -->
    <tag k="addr:city" v="Sutton"/>
    <tag k="addr:housenumber" v="3767"/>
    <tag k="addr:street" v="Underpass Road"/>
    <tag k="addr:state" v="VT"/>
    <tag k="ref:vcgi:esiteid" v="254390"/>
  </node>
  <node id="-165" visible="true" lat="44.684083852682" lon="-72.010611908044">
    <!-- conflict: "358 Nygrens Road, Sutton, VT" Fuzzy match to "358 Nygrens Road, , VT" -->
    <tag k="addr:city" v="Sutton"/>
    <tag k="addr:housenumber" v="358"/>
    <tag k="addr:street" v="Nygrens Road"/>
    <tag k="addr:state" v="VT"/>
    <tag k="ref:vcgi:esiteid" v="254391"/>
  </node>
  <node id="-166" visible="true" lat="44.684368851559" lon="-71.995836923834">
    <!-- conflict: "3197 Vermont Route 5A, West Burke, VT" Fuzzy match to "3197 Vermont Route 5A, , VT" -->
    <tag k="addr:city" v="West Burke"/>
    <tag k="addr:housenumber" v="3197"/>
    <tag k="addr:street" v="Vermont Route 5A"/>
    <tag k="addr:state" v="VT"/>
    <tag k="ref:vcgi:esiteid" v="254392"/>
  </node>
  <node id="-168" visible="true" lat="44.683255679692" lon="-72.056687470491">
    <!-- conflict: "3769 Underpass Road, Sutton, VT" Fuzzy match to "3769 Underpass Road, , VT" -->
    <tag k="addr:city" v="Sutton"/>
    <tag k="addr:housenumber" v="3769"/>
    <tag k="addr:street" v="Underpass Road"/>
    <tag k="addr:state" v="VT"/>
    <tag k="ref:vcgi:esiteid" v="254394"/>
  </node>
  <node id="-169" visible="true" lat="44.682495311133" lon="-71.987419607605">
    <!-- conflict: "2144 East Ridge Road, West Burke, VT" Fuzzy match to "2144 East Ridge Road, , VT" -->
    <tag k="addr:city" v="West Burke"/>
    <tag k="addr:housenumber" v="2144"/>
    <tag k="addr:street" v="East Ridge Road"/>
    <tag k="addr:state" v="VT"/>
    <tag k="ref:vcgi:esiteid" v="254395"/>
  </node>
  <node id="-170" visible="true" lat="44.682389744882" lon="-72.020035845677">
    <!-- conflict: "457 Dolloff Pond Road, Sutton, VT" Fuzzy match to "457 Dolloff Pond Road, , VT" -->
    <tag k="addr:city" v="Sutton"/>
    <tag k="addr:housenumber" v="457"/>
    <tag k="addr:street" v="Dolloff Pond Road"/>
    <tag k="addr:state" v="VT"/>
    <tag k="ref:vcgi:esiteid" v="254396"/>
  </node>
  <node id="-171" visible="true" lat="44.682206639811" lon="-72.012559036181">
    <!-- conflict: "165 Nygrens Road, Sutton, VT" Fuzzy match to "165 Nygrens Road, , VT" -->
    <tag k="addr:city" v="Sutton"/>
    <tag k="addr:housenumber" v="165"/>
    <tag k="addr:street" v="Nygrens Road"/>
    <tag k="addr:state" v="VT"/>
    <tag k="ref:vcgi:esiteid" v="254397"/>
  </node>
  <node id="-172" visible="true" lat="44.681668765524" lon="-72.053734893779">
    <!-- conflict: "3639 Underpass Road, Sutton, VT" Fuzzy match to "3639 Underpass Road, , VT" -->
    <tag k="addr:city" v="Sutton"/>
    <tag k="addr:housenumber" v="3639"/>
    <tag k="addr:street" v="Underpass Road"/>
    <tag k="addr:state" v="VT"/>
    <tag k="ref:vcgi:esiteid" v="254398"/>
  </node>
  <node id="-173" visible="true" lat="44.681446669794" lon="-72.018865452756">
    <!-- conflict: "388 Dolloff Pond Road, Sutton, VT" Fuzzy match to "388 Dolloff Pond Road, , VT" -->
    <tag k="addr:city" v="Sutton"/>
    <tag k="addr:housenumber" v="388"/>
    <tag k="addr:street" v="Dolloff Pond Road"/>
    <tag k="addr:state" v="VT"/>
    <tag k="ref:vcgi:esiteid" v="254399"/>
  </node>
  <node id="-174" visible="true" lat="44.680898837857" lon="-72.058944426954">
    <!-- conflict: "425 Ernie Evans Road, Sutton, VT" Fuzzy match to "425 Ernie Evans Road, , VT" -->
    <tag k="addr:city" v="Sutton"/>
    <tag k="addr:housenumber" v="425"/>
    <tag k="addr:street" v="Ernie Evans Road"/>
    <tag k="addr:state" v="VT"/>
    <tag k="ref:vcgi:esiteid" v="254400"/>
  </node>
  <node id="-175" visible="true" lat="44.680608281426" lon="-72.013085466248">
    <!-- conflict: "51 Nygrens Road, Sutton, VT" Fuzzy match to "51 Nygrens Road, , VT" -->
    <tag k="addr:city" v="Sutton"/>
    <tag k="addr:housenumber" v="51"/>
    <tag k="addr:street" v="Nygrens Road"/>
    <tag k="addr:state" v="VT"/>
    <tag k="ref:vcgi:esiteid" v="254401"/>
  </node>
  <node id="-176" visible="true" lat="44.6797942787" lon="-71.994601438938">
    <!-- conflict: "2920 Vermont Route 5A, West Burke, VT" Fuzzy match to "2920 Vermont Route 5A, , VT" -->
    <tag k="addr:city" v="West Burke"/>
    <tag k="addr:housenumber" v="2920"/>
    <tag k="addr:street" v="Vermont Route 5A"/>
    <tag k="addr:state" v="VT"/>
    <tag k="ref:vcgi:esiteid" v="254402"/>
  </node>
  <node id="-177" visible="true" lat="44.680348725199" lon="-71.995773892942">
    <!-- conflict: "2929 Vermont Route 5A, West Burke, VT" Fuzzy match to "2929 Vermont Route 5A, , VT" -->
    <tag k="addr:city" v="West Burke"/>
    <tag k="addr:housenumber" v="2929"/>
    <tag k="addr:street" v="Vermont Route 5A"/>
    <tag k="addr:state" v="VT"/>
    <tag k="ref:vcgi:esiteid" v="254403"/>
  </node>
  <node id="-178" visible="true" lat="44.67943670176" lon="-72.017302726204">
    <!-- conflict: "266 Dolloff Pond Road, Sutton, VT" Fuzzy match to "266 Dolloff Pond Road, , VT" -->
    <tag k="addr:city" v="Sutton"/>
    <tag k="addr:housenumber" v="266"/>
    <tag k="addr:street" v="Dolloff Pond Road"/>
    <tag k="addr:state" v="VT"/>
    <tag k="ref:vcgi:esiteid" v="254404"/>
  </node>
  <node id="-179" visible="true" lat="44.679421908043" lon="-72.059678193924">
    <!-- conflict: "351 Ernie Evans Road, Sutton, VT" Fuzzy match to "351 Ernie Evans Road, , VT" -->
    <tag k="addr:city" v="Sutton"/>
    <tag k="addr:housenumber" v="351"/>
    <tag k="addr:street" v="Ernie Evans Road"/>
    <tag k="addr:state" v="VT"/>
    <tag k="ref:vcgi:esiteid" v="254405"/>
  </node>
  <node id="-180" visible="true" lat="44.679086215394" lon="-72.00904951338">
    <!-- conflict: "3038 North Ridge Road, Sutton, VT" Fuzzy match to "3038 North Ridge Road, , VT" -->
    <tag k="addr:city" v="Sutton"/>
    <tag k="addr:housenumber" v="3038"/>
    <tag k="addr:street" v="North Ridge Road"/>
    <tag k="addr:state" v="VT"/>
    <tag k="ref:vcgi:esiteid" v="254406"/>
  </node>
  <node id="-181" visible="true" lat="44.679055353463" lon="-71.994971197884">
    <!-- conflict: "2870 Vermont Route 5A, West Burke, VT" Fuzzy match to "2870 Vermont Route 5A, , VT" -->
    <tag k="addr:city" v="West Burke"/>
    <tag k="addr:housenumber" v="2870"/>
    <tag k="addr:street" v="Vermont Route 5A"/>
    <tag k="addr:state" v="VT"/>
    <tag k="ref:vcgi:esiteid" v="254407"/>
  </node>
  <node id="-182" visible="true" lat="44.679097659021" lon="-72.052704924393">
    <!-- conflict: "3491 Underpass Road, Sutton, VT" Fuzzy match to "3491 Underpass Road, , VT" -->
    <tag k="addr:city" v="Sutton"/>
    <tag k="addr:housenumber" v="3491"/>
    <tag k="addr:street" v="Underpass Road"/>
    <tag k="addr:state" v="VT"/>
    <tag k="ref:vcgi:esiteid" v="254408"/>
  </node>
  <node id="-183" visible="true" lat="44.678594120305" lon="-71.986535164287">
    <!-- conflict: "1895 East Ridge Road, West Burke, VT" Fuzzy match to "1895 East Ridge Road, , VT" -->
    <tag k="addr:city" v="West Burke"/>
    <tag k="addr:housenumber" v="1895"/>
    <tag k="addr:street" v="East Ridge Road"/>
    <tag k="addr:state" v="VT"/>
    <tag k="ref:vcgi:esiteid" v="254409"/>
  </node>
  <node id="-184" visible="true" lat="44.678601749568" lon="-71.993668649528">
    <!-- conflict: "2794 Vermont Route 5A, West Burke, VT" Fuzzy match to "2794 Vermont Route 5A, , VT" -->
    <tag k="addr:city" v="West Burke"/>
    <tag k="addr:housenumber" v="2794"/>
    <tag k="addr:street" v="Vermont Route 5A"/>
    <tag k="addr:state" v="VT"/>
    <tag k="ref:vcgi:esiteid" v="254410"/>
  </node>
  <node id="-185" visible="true" lat="44.67813087888" lon="-72.004111482982">
    <!-- conflict: "526 Sargents Road, Sutton, VT" Fuzzy match to "526 Sargents Road, , VT" -->
    <tag k="addr:city" v="Sutton"/>
    <tag k="addr:housenumber" v="526"/>
    <tag k="addr:street" v="Sargents Road"/>
    <tag k="addr:state" v="VT"/>
    <tag k="ref:vcgi:esiteid" v="254411"/>
  </node>
  <node id="-186" visible="true" lat="44.677453526551" lon="-71.986207098446">
    <!-- conflict: "1821 East Ridge Road, West Burke, VT" Fuzzy match to "1821 East Ridge Road, , VT" -->
    <tag k="addr:city" v="West Burke"/>
    <tag k="addr:housenumber" v="1821"/>
    <tag k="addr:street" v="East Ridge Road"/>
    <tag k="addr:state" v="VT"/>
    <tag k="ref:vcgi:esiteid" v="254412"/>
  </node>
  <node id="-187" visible="true" lat="44.677526004861" lon="-72.006226637664">
    <!-- conflict: "2855 North Ridge Road, Sutton, VT" Fuzzy match to "2855 North Ridge Road, , VT" -->
    <tag k="addr:city" v="Sutton"/>
    <tag k="addr:housenumber" v="2855"/>
    <tag k="addr:street" v="North Ridge Road"/>
    <tag k="addr:state" v="VT"/>
    <tag k="ref:vcgi:esiteid" v="254413"/>
  </node>
  <node id="-188" visible="true" lat="44.67678164064" lon="-71.995769179331">
    <!-- conflict: "2715 Vermont Route 5A, West Burke, VT" Fuzzy match to "2715 Vermont Route 5A, , VT" -->
    <tag k="addr:city" v="West Burke"/>
    <tag k="addr:housenumber" v="2715"/>
    <tag k="addr:street" v="Vermont Route 5A"/>
    <tag k="addr:state" v="VT"/>
    <tag k="ref:vcgi:esiteid" v="254414"/>
  </node>
  <node id="-189" visible="true" lat="44.676740175634" lon="-72.054741973294">
    <!-- conflict: "3391 Underpass Road, Sutton, VT" Fuzzy match to "3391 Underpass Road, , VT" -->
    <tag k="addr:city" v="Sutton"/>
    <tag k="addr:housenumber" v="3391"/>
    <tag k="addr:street" v="Underpass Road"/>
    <tag k="addr:state" v="VT"/>
    <tag k="ref:vcgi:esiteid" v="254415"/>
  </node>
  <node id="-190" visible="true" lat="44.67662191867" lon="-72.051308744684">
    <!-- conflict: "3310 Underpass Road, Sutton, VT" Fuzzy match to "3310 Underpass Road, , VT" -->
    <tag k="addr:city" v="Sutton"/>
    <tag k="addr:housenumber" v="3310"/>
    <tag k="addr:street" v="Underpass Road"/>
    <tag k="addr:state" v="VT"/>
    <tag k="ref:vcgi:esiteid" v="254416"/>
  </node>
  <node id="-191" visible="true" lat="44.676272699466" lon="-71.995799920222">
    <!-- conflict: "2705 Vermont Route 5A, West Burke, VT" Fuzzy match to "2705 Vermont Route 5A, , VT" -->
    <tag k="addr:city" v="West Burke"/>
    <tag k="addr:housenumber" v="2705"/>
    <tag k="addr:street" v="Vermont Route 5A"/>
    <tag k="addr:state" v="VT"/>
    <tag k="ref:vcgi:esiteid" v="254417"/>
  </node>
  <node id="-192" visible="true" lat="44.676354380237" lon="-72.001567160603">
    <!-- conflict: "364 Sargents Road, West Burke, VT" Fuzzy match to "364 Sargents Road, , VT" -->
    <tag k="addr:city" v="West Burke"/>
    <tag k="addr:housenumber" v="364"/>
    <tag k="addr:street" v="Sargents Road"/>
    <tag k="addr:state" v="VT"/>
    <tag k="ref:vcgi:esiteid" v="254418"/>
  </node>
  <node id="-193" visible="true" lat="44.675946721016" lon="-71.983849614913">
    <!-- conflict: "1641 East Ridge Road, West Burke, VT" Fuzzy match to "1641 East Ridge Road, , VT" -->
    <tag k="addr:city" v="West Burke"/>
    <tag k="addr:housenumber" v="1641"/>
    <tag k="addr:street" v="East Ridge Road"/>
    <tag k="addr:state" v="VT"/>
    <tag k="ref:vcgi:esiteid" v="254419"/>
  </node>
  <node id="-195" visible="true" lat="44.675443180184" lon="-72.001740551844">
    <!-- conflict: "350 Sargents Road, West Burke, VT" Fuzzy match to "350 Sargents Road, , VT" -->
    <tag k="addr:city" v="West Burke"/>
    <tag k="addr:housenumber" v="350"/>
    <tag k="addr:street" v="Sargents Road"/>
    <tag k="addr:state" v="VT"/>
    <tag k="ref:vcgi:esiteid" v="254421"/>
  </node>
  <node id="-196" visible="true" lat="44.675506167262" lon="-71.996719847674">
    <!-- conflict: "60 Sargents Road, West Burke, VT" Fuzzy match to "60 Sargents Road, , VT" -->
    <tag k="addr:city" v="West Burke"/>
    <tag k="addr:housenumber" v="60"/>
    <tag k="addr:street" v="Sargents Road"/>
    <tag k="addr:state" v="VT"/>
    <tag k="ref:vcgi:esiteid" v="254422"/>
  </node>
  <node id="-197" visible="true" lat="44.675314615909" lon="-72.000681941683">
    <!-- conflict: "274 Sargents Road, West Burke, VT" Fuzzy match to "274 Sargents Road, , VT" -->
    <tag k="addr:city" v="West Burke"/>
    <tag k="addr:housenumber" v="274"/>
    <tag k="addr:street" v="Sargents Road"/>
    <tag k="addr:state" v="VT"/>
    <tag k="ref:vcgi:esiteid" v="254423"/>
  </node>
  <node id="-198" visible="true" lat="44.675281576306" lon="-71.999745015501">
    <!-- conflict: "212 Sargents Road, West Burke, VT" Fuzzy match to "212 Sargents Road, , VT" -->
    <tag k="addr:city" v="West Burke"/>
    <tag k="addr:housenumber" v="212"/>
    <tag k="addr:street" v="Sargents Road"/>
    <tag k="addr:state" v="VT"/>
    <tag k="ref:vcgi:esiteid" v="254424"/>
  </node>
  <node id="-199" visible="true" lat="44.67506552463" lon="-71.993943308033">
    <!-- conflict: "2650 Vermont Route 5A, West Burke, VT" Fuzzy match to "2650 Vermont Route 5A, , VT" -->
    <tag k="addr:city" v="West Burke"/>
    <tag k="addr:housenumber" v="2650"/>
    <tag k="addr:street" v="Vermont Route 5A"/>
    <tag k="addr:state" v="VT"/>
    <tag k="ref:vcgi:esiteid" v="254425"/>
  </node>
  <node id="-200" visible="true" lat="44.675077835078" lon="-71.998355784083">
    <!-- conflict: "146 Sargents Road, West Burke, VT" Fuzzy match to "146 Sargents Road, , VT" -->
    <tag k="addr:city" v="West Burke"/>
    <tag k="addr:housenumber" v="146"/>
    <tag k="addr:street" v="Sargents Road"/>
    <tag k="addr:state" v="VT"/>
    <tag k="ref:vcgi:esiteid" v="254426"/>
  </node>
  <node id="-201" visible="true" lat="44.675046451324" lon="-72.011925798035">
    <!-- conflict: "296 Cross Road, Sutton, VT" Fuzzy match to "296 Cross Road, , VT" -->
    <tag k="addr:city" v="Sutton"/>
    <tag k="addr:housenumber" v="296"/>
    <tag k="addr:street" v="Cross Road"/>
    <tag k="addr:state" v="VT"/>
    <tag k="ref:vcgi:esiteid" v="254427"/>
  </node>
  <node id="-202" visible="true" lat="44.675092335553" lon="-71.998862124205">
    <!-- conflict: "172 Sargents Road, West Burke, VT" Fuzzy match to "172 Sargents Road, , VT" -->
    <tag k="addr:city" v="West Burke"/>
    <tag k="addr:housenumber" v="172"/>
    <tag k="addr:street" v="Sargents Road"/>
    <tag k="addr:state" v="VT"/>
    <tag k="ref:vcgi:esiteid" v="254428"/>
  </node>
  <node id="-203" visible="true" lat="44.674877881224" lon="-72.054632935243">
    <!-- conflict: "1533 Morey Road, Sutton, VT" Fuzzy match to "1533 Morey Road, , VT" -->
    <tag k="addr:city" v="Sutton"/>
    <tag k="addr:housenumber" v="1533"/>
    <tag k="addr:street" v="Morey Road"/>
    <tag k="addr:state" v="VT"/>
    <tag k="ref:vcgi:esiteid" v="254429"/>
  </node>
  <node id="-204" visible="true" lat="44.674843849112" lon="-71.995599987505">
    <!-- conflict: "2575 Vermont Route 5A, West Burke, VT" Fuzzy match to "2575 Vermont Route 5A, , VT" -->
    <tag k="addr:city" v="West Burke"/>
    <tag k="addr:housenumber" v="2575"/>
    <tag k="addr:street" v="Vermont Route 5A"/>
    <tag k="addr:state" v="VT"/>
    <tag k="ref:vcgi:esiteid" v="254430"/>
  </node>
  <node id="-205" visible="true" lat="44.674739772335" lon="-72.000760419277">
    <!-- conflict: "273 Sargents Road, West Burke, VT" Fuzzy match to "273 Sargents Road, , VT" -->
    <tag k="addr:city" v="West Burke"/>
    <tag k="addr:housenumber" v="273"/>
    <tag k="addr:street" v="Sargents Road"/>
    <tag k="addr:state" v="VT"/>
    <tag k="ref:vcgi:esiteid" v="254431"/>
  </node>
  <node id="-206" visible="true" lat="44.674599416444" lon="-71.998648045932">
    <!-- conflict: "167 Sargents Road, West Burke, VT" Fuzzy match to "167 Sargents Road, , VT" -->
    <tag k="addr:city" v="West Burke"/>
    <tag k="addr:housenumber" v="167"/>
    <tag k="addr:street" v="Sargents Road"/>
    <tag k="addr:state" v="VT"/>
    <tag k="ref:vcgi:esiteid" v="254432"/>
  </node>
  <node id="-207" visible="true" lat="44.674438759146" lon="-71.979442965818">
    <!-- conflict: "98 Camp Road, West Burke, VT" Fuzzy match to "98 Camp Road, , VT" -->
    <tag k="addr:city" v="West Burke"/>
    <tag k="addr:housenumber" v="98"/>
    <tag k="addr:street" v="Camp Road"/>
    <tag k="addr:state" v="VT"/>
    <tag k="ref:vcgi:esiteid" v="254433"/>
  </node>
  <node id="-208" visible="true" lat="44.674655902574" lon="-72.049330244578">
    <!-- conflict: "3140 Underpass Road, Sutton, VT" Fuzzy match to "3140 Underpass Road, , VT" -->
    <tag k="addr:city" v="Sutton"/>
    <tag k="addr:housenumber" v="3140"/>
    <tag k="addr:street" v="Underpass Road"/>
    <tag k="addr:state" v="VT"/>
    <tag k="ref:vcgi:esiteid" v="254434"/>
  </node>
  <node id="-209" visible="true" lat="44.674355991845" lon="-71.989953132894">
    <!-- conflict: "168 Benton Drive, West Burke, VT" Fuzzy match to "168 Benton Drive, , VT" -->
    <tag k="addr:city" v="West Burke"/>
    <tag k="addr:housenumber" v="168"/>
    <tag k="addr:street" v="Benton Drive"/>
    <tag k="addr:state" v="VT"/>
    <tag k="ref:vcgi:esiteid" v="254435"/>
  </node>
  <node id="-210" visible="true" lat="44.673712161625" lon="-72.05893550692">
    <!-- conflict: "185 Hopeful Acres Drive, Sutton, VT" Fuzzy match to "185 Hopeful Acres Drive, , VT" -->
    <tag k="addr:city" v="Sutton"/>
    <tag k="addr:housenumber" v="185"/>
    <tag k="addr:street" v="Hopeful Acres Drive"/>
    <tag k="addr:state" v="VT"/>
    <tag k="ref:vcgi:esiteid" v="254436"/>
  </node>
  <node id="-212" visible="true" lat="44.67326522946" lon="-71.975605616918">
    <!-- conflict: "270 Camp Road, West Burke, VT" Fuzzy match to "270 Camp Road, , VT" -->
    <tag k="addr:city" v="West Burke"/>
    <tag k="addr:housenumber" v="270"/>
    <tag k="addr:street" v="Camp Road"/>
    <tag k="addr:state" v="VT"/>
    <tag k="ref:vcgi:esiteid" v="254438"/>
  </node>
  <node id="-213" visible="true" lat="44.672963626349" lon="-72.006447888189">
    <!-- conflict: "2529 North Ridge Road, Sutton, VT" Fuzzy match to "2529 North Ridge Road, , VT" -->
    <tag k="addr:city" v="Sutton"/>
    <tag k="addr:housenumber" v="2529"/>
    <tag k="addr:street" v="North Ridge Road"/>
    <tag k="addr:state" v="VT"/>
    <tag k="ref:vcgi:esiteid" v="254439"/>
  </node>
  <node id="-214" visible="true" lat="44.672940737138" lon="-72.050225370719">
    <!-- conflict: "3051 Underpass Road, Sutton, VT" Fuzzy match to "3051 Underpass Road, , VT" -->
    <tag k="addr:city" v="Sutton"/>
    <tag k="addr:housenumber" v="3051"/>
    <tag k="addr:street" v="Underpass Road"/>
    <tag k="addr:state" v="VT"/>
    <tag k="ref:vcgi:esiteid" v="254440"/>
  </node>
  <node id="-215" visible="true" lat="44.672812196914" lon="-72.047194179925">
    <!-- conflict: "3014 Underpass Road, Sutton, VT" Fuzzy match to "3014 Underpass Road, , VT" -->
    <tag k="addr:city" v="Sutton"/>
    <tag k="addr:housenumber" v="3014"/>
    <tag k="addr:street" v="Underpass Road"/>
    <tag k="addr:state" v="VT"/>
    <tag k="ref:vcgi:esiteid" v="254441"/>
  </node>
  <node id="-216" visible="true" lat="44.672064784376" lon="-71.9950966575">
    <!-- conflict: "2385 Vermont Route 5A, West Burke, VT" Fuzzy match to "2385 Vermont Route 5A, , VT" -->
    <tag k="addr:city" v="West Burke"/>
    <tag k="addr:housenumber" v="2385"/>
    <tag k="addr:street" v="Vermont Route 5A"/>
    <tag k="addr:state" v="VT"/>
    <tag k="ref:vcgi:esiteid" v="254442"/>
  </node>
  <node id="-217" visible="true" lat="44.671843059961" lon="-72.050504102132">
    <!-- conflict: "2973 Underpass Road, Sutton, VT" Fuzzy match to "2973 Underpass Road, , VT" -->
    <tag k="addr:city" v="Sutton"/>
    <tag k="addr:housenumber" v="2973"/>
    <tag k="addr:street" v="Underpass Road"/>
    <tag k="addr:state" v="VT"/>
    <tag k="ref:vcgi:esiteid" v="254443"/>
  </node>
  <node id="-218" visible="true" lat="44.671187377581" lon="-72.050223054094">
    <!-- conflict: "2941 Underpass Road, Sutton, VT" Fuzzy match to "2941 Underpass Road, , VT" -->
    <tag k="addr:city" v="Sutton"/>
    <tag k="addr:housenumber" v="2941"/>
    <tag k="addr:street" v="Underpass Road"/>
    <tag k="addr:state" v="VT"/>
    <tag k="ref:vcgi:esiteid" v="254444"/>
  </node>
  <node id="-219" visible="true" lat="44.670620321461" lon="-71.993080417633">
    <!-- conflict: "2240 Vermont Route 5A, West Burke, VT" Fuzzy match to "2240 Vermont Route 5A, , VT" -->
    <tag k="addr:city" v="West Burke"/>
    <tag k="addr:housenumber" v="2240"/>
    <tag k="addr:street" v="Vermont Route 5A"/>
    <tag k="addr:state" v="VT"/>
    <tag k="ref:vcgi:esiteid" v="254445"/>
  </node>
  <node id="-220" visible="true" lat="44.670758635127" lon="-71.995744051238">
    <!-- conflict: "2327 Vermont Route 5A, West Burke, VT" Fuzzy match to "2327 Vermont Route 5A, , VT" -->
    <tag k="addr:city" v="West Burke"/>
    <tag k="addr:housenumber" v="2327"/>
    <tag k="addr:street" v="Vermont Route 5A"/>
    <tag k="addr:state" v="VT"/>
    <tag k="ref:vcgi:esiteid" v="254446"/>
  </node>
  <node id="-221" visible="true" lat="44.670502528077" lon="-72.006427157364">
    <!-- conflict: "2375 North Ridge Road, Sutton, VT" Fuzzy match to "2375 North Ridge Road, , VT" -->
    <tag k="addr:city" v="Sutton"/>
    <tag k="addr:housenumber" v="2375"/>
    <tag k="addr:street" v="North Ridge Road"/>
    <tag k="addr:state" v="VT"/>
    <tag k="ref:vcgi:esiteid" v="254447"/>
  </node>
  <node id="-222" visible="true" lat="44.67090121842" lon="-72.048148392038">
    <!-- conflict: "2924 Underpass Road, Sutton, VT" Fuzzy match to "2924 Underpass Road, , VT" -->
    <tag k="addr:city" v="Sutton"/>
    <tag k="addr:housenumber" v="2924"/>
    <tag k="addr:street" v="Underpass Road"/>
    <tag k="addr:state" v="VT"/>
    <tag k="ref:vcgi:esiteid" v="254448"/>
  </node>
  <node id="-223" visible="true" lat="44.670459989008" lon="-71.976535928192">
    <!-- conflict: "3787 Sugarhouse Road, West Burke, VT" Fuzzy match to "3787 Sugarhouse Road, , VT" -->
    <tag k="addr:city" v="West Burke"/>
    <tag k="addr:housenumber" v="3787"/>
    <tag k="addr:street" v="Sugarhouse Road"/>
    <tag k="addr:state" v="VT"/>
    <tag k="ref:vcgi:esiteid" v="254449"/>
  </node>
  <node id="-224" visible="true" lat="44.67039252043" lon="-71.992501351153">
    <!-- conflict: "2238 Vermont Route 5A, West Burke, VT" Fuzzy match to "2238 Vermont Route 5A, , VT" -->
    <tag k="addr:city" v="West Burke"/>
    <tag k="addr:housenumber" v="2238"/>
    <tag k="addr:street" v="Vermont Route 5A"/>
    <tag k="addr:state" v="VT"/>
    <tag k="ref:vcgi:esiteid" v="254450"/>
  </node>
  <node id="-226" visible="true" lat="44.670560364032" lon="-72.055497281582">
    <!-- conflict: "1172 Morey Road, Sutton, VT" Fuzzy match to "1172 Morey Road, , VT" -->
    <tag k="addr:city" v="Sutton"/>
    <tag k="addr:housenumber" v="1172"/>
    <tag k="addr:street" v="Morey Road"/>
    <tag k="addr:state" v="VT"/>
    <tag k="ref:vcgi:esiteid" v="254452"/>
  </node>
  <node id="-227" visible="true" lat="44.669686763229" lon="-72.047652231916">
    <!-- conflict: "2789 Underpass Road, Sutton, VT" Fuzzy match to "2789 Underpass Road, , VT" -->
    <tag k="addr:city" v="Sutton"/>
    <tag k="addr:housenumber" v="2789"/>
    <tag k="addr:street" v="Underpass Road"/>
    <tag k="addr:state" v="VT"/>
    <tag k="ref:vcgi:esiteid" v="254453"/>
  </node>
  <node id="-228" visible="true" lat="44.669597919881" lon="-72.05812959226">
    <!-- conflict: "1133 Morey Road, Sutton, VT" Fuzzy match to "1133 Morey Road, , VT" -->
    <tag k="addr:city" v="Sutton"/>
    <tag k="addr:housenumber" v="1133"/>
    <tag k="addr:street" v="Morey Road"/>
    <tag k="addr:state" v="VT"/>
    <tag k="ref:vcgi:esiteid" v="254454"/>
  </node>
  <node id="-229" visible="true" lat="44.669035062276" lon="-72.025135611973">
    <!-- conflict: "2904 United States Route 5, Sutton, VT" No match in OSM, but a different address exists <5m away: "2904 U.S. Route 5, Sutton, VT" -->
    <tag k="addr:city" v="Sutton"/>
    <tag k="addr:housenumber" v="2904"/>
    <tag k="addr:street" v="United States Route 5"/>
    <tag k="addr:state" v="VT"/>
    <tag k="ref:vcgi:esiteid" v="254455"/>
  </node>
  <node id="-230" visible="true" lat="44.668281234099" lon="-72.026709945789">
    <!-- conflict: "2987 United States Route 5, Sutton, VT" No match in OSM, but a different address exists <5m away: "2987 U.S. Route 5, Sutton, VT" -->
    <tag k="addr:city" v="Sutton"/>
    <tag k="addr:housenumber" v="2987"/>
    <tag k="addr:street" v="United States Route 5"/>
    <tag k="addr:state" v="VT"/>
    <tag k="ref:vcgi:esiteid" v="254456"/>
  </node>
  <node id="-231" visible="true" lat="44.667831560378" lon="-72.024632733518">
    <!-- conflict: "2902 United States Route 5, Sutton, VT" No match in OSM, but a different address exists <5m away: "2902 U.S. Route 5, Sutton, VT" -->
    <tag k="addr:city" v="Sutton"/>
    <tag k="addr:housenumber" v="2902"/>
    <tag k="addr:street" v="United States Route 5"/>
    <tag k="addr:state" v="VT"/>
    <tag k="ref:vcgi:esiteid" v="254457"/>
  </node>
  <node id="-232" visible="true" lat="44.668097313093" lon="-72.045198726816">
    <!-- conflict: "2630 Underpass Road, Sutton, VT" Fuzzy match to "2630 Underpass Road, , VT" -->
    <tag k="addr:city" v="Sutton"/>
    <tag k="addr:housenumber" v="2630"/>
    <tag k="addr:street" v="Underpass Road"/>
    <tag k="addr:state" v="VT"/>
    <tag k="ref:vcgi:esiteid" v="254458"/>
  </node>
  <node id="-233" visible="true" lat="44.666843397717" lon="-72.055333031057">
    <!-- conflict: "905 Morey Road, Sutton, VT" Fuzzy match to "905 Morey Road, , VT" -->
    <tag k="addr:city" v="Sutton"/>
    <tag k="addr:housenumber" v="905"/>
    <tag k="addr:street" v="Morey Road"/>
    <tag k="addr:state" v="VT"/>
    <tag k="ref:vcgi:esiteid" v="254459"/>
  </node>
  <node id="-234" visible="true" lat="44.666432863101" lon="-71.984040350865">
    <!-- conflict: "839 East Ridge Road, West Burke, VT" Fuzzy match to "839 East Ridge Road, , VT" -->
    <tag k="addr:city" v="West Burke"/>
    <tag k="addr:housenumber" v="839"/>
    <tag k="addr:street" v="East Ridge Road"/>
    <tag k="addr:state" v="VT"/>
    <tag k="ref:vcgi:esiteid" v="254460"/>
  </node>
  <node id="-236" visible="true" lat="44.666158202487" lon="-72.053444975885">
    <!-- conflict: "842 Morey Road, Sutton, VT" Fuzzy match to "842 Morey Road, , VT" -->
    <tag k="addr:city" v="Sutton"/>
    <tag k="addr:housenumber" v="842"/>
    <tag k="addr:street" v="Morey Road"/>
    <tag k="addr:state" v="VT"/>
    <tag k="ref:vcgi:esiteid" v="254462"/>
  </node>
  <node id="-237" visible="true" lat="44.665730356612" lon="-72.024414298206">
    <!-- conflict: "2725 United States Route 5, Sutton, VT" No match in OSM, but a different address exists <5m away: "2725 U.S. Route 5, Sutton, VT" -->
    <tag k="addr:city" v="Sutton"/>
    <tag k="addr:housenumber" v="2725"/>
    <tag k="addr:street" v="United States Route 5"/>
    <tag k="addr:state" v="VT"/>
    <tag k="ref:vcgi:esiteid" v="254463"/>
  </node>
  <node id="-238" visible="true" lat="44.665059665729" lon="-72.02401845818">
    <!-- conflict: "2671 United States Route 5, Sutton, VT" No match in OSM, but a different address exists <5m away: "2671 U.S. Route 5, Sutton, VT" -->
    <tag k="addr:city" v="Sutton"/>
    <tag k="addr:housenumber" v="2671"/>
    <tag k="addr:street" v="United States Route 5"/>
    <tag k="addr:state" v="VT"/>
    <tag k="ref:vcgi:esiteid" v="254464"/>
  </node>
  <node id="-239" visible="true" lat="44.664936788344" lon="-72.02312450377">
    <!-- conflict: "2626 United States Route 5, Sutton, VT" No match in OSM, but a different address exists <5m away: "2626 U.S. Route 5, Sutton, VT" -->
    <tag k="addr:city" v="Sutton"/>
    <tag k="addr:housenumber" v="2626"/>
    <tag k="addr:street" v="United States Route 5"/>
    <tag k="addr:state" v="VT"/>
    <tag k="ref:vcgi:esiteid" v="254465"/>
  </node>
  <node id="-240" visible="true" lat="44.664766194455" lon="-72.023003366422">
    <!-- conflict: "2624 United States Route 5, Sutton, VT" No match in OSM, but a different address exists <5m away: "2624 U.S. Route 5, Sutton, VT" -->
    <tag k="addr:city" v="Sutton"/>
    <tag k="addr:housenumber" v="2624"/>
    <tag k="addr:street" v="United States Route 5"/>
    <tag k="addr:state" v="VT"/>
    <tag k="ref:vcgi:esiteid" v="254466"/>
  </node>
  <node id="-241" visible="true" lat="44.664661122028" lon="-72.022832996574">
    <!-- conflict: "2612 United States Route 5, Sutton, VT" No match in OSM, but a different address exists <5m away: "2612 U.S. Route 5, Sutton, VT" -->
    <tag k="addr:city" v="Sutton"/>
    <tag k="addr:housenumber" v="2612"/>
    <tag k="addr:street" v="United States Route 5"/>
    <tag k="addr:state" v="VT"/>
    <tag k="ref:vcgi:esiteid" v="254467"/>
  </node>
  <node id="-242" visible="true" lat="44.6635954537" lon="-72.037605535254">
    <!-- conflict: "51 Four Corners Trail, Sutton, VT" Fuzzy match to "51 Four Corners Trail, , VT" -->
    <tag k="addr:city" v="Sutton"/>
    <tag k="addr:housenumber" v="51"/>
    <tag k="addr:street" v="Four Corners Trail"/>
    <tag k="addr:state" v="VT"/>
    <tag k="ref:vcgi:esiteid" v="254468"/>
  </node>
  <node id="-243" visible="true" lat="44.664126723207" lon="-72.044842592268">
    <!-- conflict: "2383 Underpass Road, Sutton, VT" Fuzzy match to "2383 Underpass Road, , VT" -->
    <tag k="addr:city" v="Sutton"/>
    <tag k="addr:housenumber" v="2383"/>
    <tag k="addr:street" v="Underpass Road"/>
    <tag k="addr:state" v="VT"/>
    <tag k="ref:vcgi:esiteid" v="254469"/>
  </node>
  <node id="-244" visible="true" lat="44.664123800443" lon="-72.054325552964">
    <!-- conflict: "721 Morey Road, Sutton, VT" Fuzzy match to "721 Morey Road, , VT" -->
    <tag k="addr:city" v="Sutton"/>
    <tag k="addr:housenumber" v="721"/>
    <tag k="addr:street" v="Morey Road"/>
    <tag k="addr:state" v="VT"/>
    <tag k="ref:vcgi:esiteid" v="254470"/>
  </node>
  <node id="-245" visible="true" lat="44.663921250898" lon="-72.022386638748">
    <!-- conflict: "2566 United States Route 5, Sutton, VT" No match in OSM, but a different address exists <5m away: "2566 U.S. Route 5, Sutton, VT" -->
    <tag k="addr:city" v="Sutton"/>
    <tag k="addr:housenumber" v="2566"/>
    <tag k="addr:street" v="United States Route 5"/>
    <tag k="addr:state" v="VT"/>
    <tag k="ref:vcgi:esiteid" v="254471"/>
  </node>
  <node id="-246" visible="true" lat="44.663152224051" lon="-71.983346074327">
    <!-- conflict: "612 East Ridge Road, West Burke, VT" Fuzzy match to "612 East Ridge Road, , VT" -->
    <tag k="addr:city" v="West Burke"/>
    <tag k="addr:housenumber" v="612"/>
    <tag k="addr:street" v="East Ridge Road"/>
    <tag k="addr:state" v="VT"/>
    <tag k="ref:vcgi:esiteid" v="254472"/>
  </node>
  <node id="-249" visible="true" lat="44.662766936922" lon="-72.061562652116">
    <!-- conflict: "2116 King George Farm Road, Sutton, VT" Fuzzy match to "2116 King George Farm Road, , VT" -->
    <tag k="addr:city" v="Sutton"/>
    <tag k="addr:housenumber" v="2116"/>
    <tag k="addr:street" v="King George Farm Road"/>
    <tag k="addr:state" v="VT"/>
    <tag k="ref:vcgi:esiteid" v="254475"/>
  </node>
  <node id="-250" visible="true" lat="44.661981112329" lon="-71.991929144707">
    <!-- conflict: "1665 Vermont Route 5A, West Burke, VT" Fuzzy match to "1665 Vermont Route 5A, , VT" -->
    <tag k="addr:city" v="West Burke"/>
    <tag k="addr:housenumber" v="1665"/>
    <tag k="addr:street" v="Vermont Route 5A"/>
    <tag k="addr:state" v="VT"/>
    <tag k="ref:vcgi:esiteid" v="254477"/>
  </node>
  <node id="-251" visible="true" lat="44.661730662042" lon="-72.051649654522">
    <!-- conflict: "513 Morey Road, Sutton, VT" Fuzzy match to "513 Morey Road, , VT" -->
    <tag k="addr:city" v="Sutton"/>
    <tag k="addr:housenumber" v="513"/>
    <tag k="addr:street" v="Morey Road"/>
    <tag k="addr:state" v="VT"/>
    <tag k="ref:vcgi:esiteid" v="254478"/>
  </node>
  <node id="-253" visible="true" lat="44.660649781641" lon="-72.007653334173">
    <!-- conflict: "581 Michaud Drive, Sutton, VT" Fuzzy match to "581 Michaud Drive, , VT" -->
    <tag k="addr:city" v="Sutton"/>
    <tag k="addr:housenumber" v="581"/>
    <tag k="addr:street" v="Michaud Drive"/>
    <tag k="addr:state" v="VT"/>
    <tag k="ref:vcgi:esiteid" v="254480"/>
  </node>
  <node id="-254" visible="true" lat="44.660501898052" lon="-72.004788204569">
    <!-- conflict: "1596 North Ridge Road, Sutton, VT" Fuzzy match to "1596 North Ridge Road, , VT" -->
    <tag k="addr:city" v="Sutton"/>
    <tag k="addr:housenumber" v="1596"/>
    <tag k="addr:street" v="North Ridge Road"/>
    <tag k="addr:state" v="VT"/>
    <tag k="ref:vcgi:esiteid" v="254481"/>
  </node>
  <node id="-255" visible="true" lat="44.660451416416" lon="-72.003556347564">
    <!-- conflict: "1526 North Ridge Road, Sutton, VT" Fuzzy match to "1526 North Ridge Road, , VT" -->
    <tag k="addr:city" v="Sutton"/>
    <tag k="addr:housenumber" v="1526"/>
    <tag k="addr:street" v="North Ridge Road"/>
    <tag k="addr:state" v="VT"/>
    <tag k="ref:vcgi:esiteid" v="254482"/>
  </node>
  <node id="-257" visible="true" lat="44.660387318821" lon="-72.038163107135">
    <!-- conflict: "49 Four Corners Trail, Sutton, VT" Fuzzy match to "49 Four Corners Trail, , VT" -->
    <tag k="addr:city" v="Sutton"/>
    <tag k="addr:housenumber" v="49"/>
    <tag k="addr:street" v="Four Corners Trail"/>
    <tag k="addr:state" v="VT"/>
    <tag k="ref:vcgi:esiteid" v="254484"/>
  </node>
  <node id="-259" visible="true" lat="44.660196563682" lon="-72.047814271413">
    <!-- conflict: "318 Morey Road, Sutton, VT" Fuzzy match to "318 Morey Road, , VT" -->
    <tag k="addr:city" v="Sutton"/>
    <tag k="addr:housenumber" v="318"/>
    <tag k="addr:street" v="Morey Road"/>
    <tag k="addr:state" v="VT"/>
    <tag k="ref:vcgi:esiteid" v="254486"/>
  </node>
  <node id="-262" visible="true" lat="44.659711366912" lon="-71.989152045703">
    <!-- conflict: "1455 Vermont Route 5A, West Burke, VT" Fuzzy match to "1455 Vermont Route 5A, , VT" -->
    <tag k="addr:city" v="West Burke"/>
    <tag k="addr:housenumber" v="1455"/>
    <tag k="addr:street" v="Vermont Route 5A"/>
    <tag k="addr:state" v="VT"/>
    <tag k="ref:vcgi:esiteid" v="254489"/>
  </node>
  <node id="-263" visible="true" lat="44.659493926858" lon="-71.997956369719">
    <!-- conflict: "1246 North Ridge Road, Sutton, VT" Fuzzy match to "1246 North Ridge Road, , VT" -->
    <tag k="addr:city" v="Sutton"/>
    <tag k="addr:housenumber" v="1246"/>
    <tag k="addr:street" v="North Ridge Road"/>
    <tag k="addr:state" v="VT"/>
    <tag k="ref:vcgi:esiteid" v="254490"/>
  </node>
  <node id="-264" visible="true" lat="44.659087421928" lon="-72.041603772616">
    <!-- conflict: "2021 Underpass Road, Sutton, VT" Fuzzy match to "2021 Underpass Road, , VT" -->
    <tag k="addr:city" v="Sutton"/>
    <tag k="addr:housenumber" v="2021"/>
    <tag k="addr:street" v="Underpass Road"/>
    <tag k="addr:state" v="VT"/>
    <tag k="ref:vcgi:esiteid" v="254491"/>
  </node>
  <node id="-266" visible="true" lat="44.659585478271" lon="-72.060799713032">
    <!-- conflict: "1932 King George Farm Road, Sutton, VT" Fuzzy match to "1932 King George Farm Road, , VT" -->
    <tag k="addr:city" v="Sutton"/>
    <tag k="addr:housenumber" v="1932"/>
    <tag k="addr:street" v="King George Farm Road"/>
    <tag k="addr:state" v="VT"/>
    <tag k="ref:vcgi:esiteid" v="254493"/>
  </node>
  <node id="-268" visible="true" lat="44.659142156824" lon="-71.998779185988">
    <!-- conflict: "1285 North Ridge Road, Sutton, VT" Fuzzy match to "1285 North Ridge Road, , VT" -->
    <tag k="addr:city" v="Sutton"/>
    <tag k="addr:housenumber" v="1285"/>
    <tag k="addr:street" v="North Ridge Road"/>
    <tag k="addr:state" v="VT"/>
    <tag k="ref:vcgi:esiteid" v="254495"/>
  </node>
  <node id="-269" visible="true" lat="44.659013274188" lon="-72.056908720545">
    <!-- conflict: "1708 King George Farm Road, Sutton, VT" Fuzzy match to "1708 King George Farm Road, , VT" -->
    <tag k="addr:city" v="Sutton"/>
    <tag k="addr:housenumber" v="1708"/>
    <tag k="addr:street" v="King George Farm Road"/>
    <tag k="addr:state" v="VT"/>
    <tag k="ref:vcgi:esiteid" v="254497"/>
  </node>
  <node id="-271" visible="true" lat="44.658166170721" lon="-72.049761467182">
    <!-- conflict: "163 Morey Road, Sutton, VT" Fuzzy match to "163 Morey Road, , VT" -->
    <tag k="addr:city" v="Sutton"/>
    <tag k="addr:housenumber" v="163"/>
    <tag k="addr:street" v="Morey Road"/>
    <tag k="addr:state" v="VT"/>
    <tag k="ref:vcgi:esiteid" v="254499"/>
  </node>
  <node id="-273" visible="true" lat="44.657842163708" lon="-71.995347115909">
    <!-- conflict: "1086 North Ridge Road, Sutton, VT" Fuzzy match to "1086 North Ridge Road, , VT" -->
    <tag k="addr:city" v="Sutton"/>
    <tag k="addr:housenumber" v="1086"/>
    <tag k="addr:street" v="North Ridge Road"/>
    <tag k="addr:state" v="VT"/>
    <tag k="ref:vcgi:esiteid" v="254501"/>
  </node>
  <node id="-274" visible="true" lat="44.657807830425" lon="-71.996483897163">
    <!-- conflict: "1119 North Ridge Road, Sutton, VT" Fuzzy match to "1119 North Ridge Road, , VT" -->
    <tag k="addr:city" v="Sutton"/>
    <tag k="addr:housenumber" v="1119"/>
    <tag k="addr:street" v="North Ridge Road"/>
    <tag k="addr:state" v="VT"/>
    <tag k="ref:vcgi:esiteid" v="254502"/>
  </node>
  <node id="-275" visible="true" lat="44.657086853667" lon="-71.981721012808">
    <!-- conflict: "172 East Ridge Road, West Burke, VT" Fuzzy match to "172 East Ridge Road, , VT" -->
    <tag k="addr:city" v="West Burke"/>
    <tag k="addr:housenumber" v="172"/>
    <tag k="addr:street" v="East Ridge Road"/>
    <tag k="addr:state" v="VT"/>
    <tag k="ref:vcgi:esiteid" v="254503"/>
  </node>
  <node id="-277" visible="true" lat="44.656770233199" lon="-71.984894841596">
    <!-- conflict: "1106 Vermont Route 5A, West Burke, VT" Fuzzy match to "1106 Vermont Route 5A, , VT" -->
    <tag k="addr:city" v="West Burke"/>
    <tag k="addr:housenumber" v="1106"/>
    <tag k="addr:street" v="Vermont Route 5A"/>
    <tag k="addr:state" v="VT"/>
    <tag k="ref:vcgi:esiteid" v="254505"/>
  </node>
  <node id="-278" visible="true" lat="44.656651978686" lon="-71.982529727997">
    <!-- conflict: "135 East Ridge Road, West Burke, VT" Fuzzy match to "135 East Ridge Road, , VT" -->
    <tag k="addr:city" v="West Burke"/>
    <tag k="addr:housenumber" v="135"/>
    <tag k="addr:street" v="East Ridge Road"/>
    <tag k="addr:state" v="VT"/>
    <tag k="ref:vcgi:esiteid" v="254506"/>
  </node>
  <node id="-279" visible="true" lat="44.656682494449" lon="-72.015030960921">
    <!-- conflict: "1922 United States Route 5, Sutton, VT" No match in OSM, but a different address exists <5m away: "1922 U.S. Route 5, Sutton, VT" -->
    <tag k="addr:city" v="Sutton"/>
    <tag k="addr:housenumber" v="1922"/>
    <tag k="addr:street" v="United States Route 5"/>
    <tag k="addr:state" v="VT"/>
    <tag k="ref:vcgi:esiteid" v="254507"/>
  </node>
  <node id="-280" visible="true" lat="44.656281953467" lon="-71.986130804205">
    <!-- conflict: "1103 Vermont Route 5A, West Burke, VT" Fuzzy match to "1103 Vermont Route 5A, , VT" -->
    <tag k="addr:city" v="West Burke"/>
    <tag k="addr:housenumber" v="1103"/>
    <tag k="addr:street" v="Vermont Route 5A"/>
    <tag k="addr:state" v="VT"/>
    <tag k="ref:vcgi:esiteid" v="254508"/>
  </node>
  <node id="-281" visible="true" lat="44.656190400565" lon="-71.982682316121">
    <!-- conflict: "101 East Ridge Road, West Burke, VT" Fuzzy match to "101 East Ridge Road, , VT" -->
    <tag k="addr:city" v="West Burke"/>
    <tag k="addr:housenumber" v="101"/>
    <tag k="addr:street" v="East Ridge Road"/>
    <tag k="addr:state" v="VT"/>
    <tag k="ref:vcgi:esiteid" v="254509"/>
  </node>
  <node id="-285" visible="true" lat="44.655083682129" lon="-71.992547613171">
    <!-- conflict: "862 North Ridge Road, Sutton, VT" Fuzzy match to "862 North Ridge Road, , VT" -->
    <tag k="addr:city" v="Sutton"/>
    <tag k="addr:housenumber" v="862"/>
    <tag k="addr:street" v="North Ridge Road"/>
    <tag k="addr:state" v="VT"/>
    <tag k="ref:vcgi:esiteid" v="254513"/>
  </node>
  <node id="-286" visible="true" lat="44.655036170044" lon="-71.982180727488">
    <!-- conflict: "20 East Ridge Road, West Burke, VT" Fuzzy match to "20 East Ridge Road, , VT" -->
    <tag k="addr:city" v="West Burke"/>
    <tag k="addr:housenumber" v="20"/>
    <tag k="addr:street" v="East Ridge Road"/>
    <tag k="addr:state" v="VT"/>
    <tag k="ref:vcgi:esiteid" v="254514"/>
  </node>
  <node id="-287" visible="true" lat="44.655231428858" lon="-72.077494870926">
    <!-- conflict: "3095 King George Farm Road, Sutton, VT" Fuzzy match to "3095 King George Farm Road, , VT" -->
    <tag k="addr:city" v="Sutton"/>
    <tag k="addr:housenumber" v="3095"/>
    <tag k="addr:street" v="King George Farm Road"/>
    <tag k="addr:state" v="VT"/>
    <tag k="ref:vcgi:esiteid" v="254515"/>
  </node>
  <node id="-288" visible="true" lat="44.654786590641" lon="-72.000184153164">
    <!-- conflict: "1229 North Ridge Road, Sutton, VT" Fuzzy match to "1229 North Ridge Road, , VT" -->
    <tag k="addr:city" v="Sutton"/>
    <tag k="addr:housenumber" v="1229"/>
    <tag k="addr:street" v="North Ridge Road"/>
    <tag k="addr:state" v="VT"/>
    <tag k="ref:vcgi:esiteid" v="254516"/>
  </node>
  <node id="-289" visible="true" lat="44.654587433981" lon="-71.982661182692">
    <!-- conflict: "965 Vermont Route 5A, West Burke, VT" Fuzzy match to "965 Vermont Route 5A, , VT" -->
    <tag k="addr:city" v="West Burke"/>
    <tag k="addr:housenumber" v="965"/>
    <tag k="addr:street" v="Vermont Route 5A"/>
    <tag k="addr:state" v="VT"/>
    <tag k="ref:vcgi:esiteid" v="254517"/>
  </node>
  <node id="-290" visible="true" lat="44.654842330298" lon="-72.077441464164">
    <!-- conflict: "3097 King George Farm Road, Sutton, VT" Fuzzy match to "3097 King George Farm Road, , VT" -->
    <tag k="addr:city" v="Sutton"/>
    <tag k="addr:housenumber" v="3097"/>
    <tag k="addr:street" v="King George Farm Road"/>
    <tag k="addr:state" v="VT"/>
    <tag k="ref:vcgi:esiteid" v="254518"/>
  </node>
  <node id="-291" visible="true" lat="44.653579609932" lon="-71.981346471173">
    <!-- conflict: "868 Vermont Route 5A, West Burke, VT" Fuzzy match to "868 Vermont Route 5A, , VT" -->
    <tag k="addr:city" v="West Burke"/>
    <tag k="addr:housenumber" v="868"/>
    <tag k="addr:street" v="Vermont Route 5A"/>
    <tag k="addr:state" v="VT"/>
    <tag k="ref:vcgi:esiteid" v="254519"/>
  </node>
  <node id="-292" visible="true" lat="44.653301246664" lon="-72.011997002402">
    <!-- conflict: "1655 United States Route 5, Sutton, VT" No match in OSM, but a different address exists <5m away: "1655 U.S. Route 5, Sutton, VT" -->
    <tag k="addr:city" v="Sutton"/>
    <tag k="addr:housenumber" v="1655"/>
    <tag k="addr:street" v="United States Route 5"/>
    <tag k="addr:state" v="VT"/>
    <tag k="ref:vcgi:esiteid" v="254520"/>
  </node>
  <node id="-293" visible="true" lat="44.653337005195" lon="-72.011361218975">
    <!-- conflict: "1630 United States Route 5, Sutton, VT" No match in OSM, but a different address exists <5m away: "1630 U.S. Route 5, Sutton, VT" -->
    <tag k="addr:city" v="Sutton"/>
    <tag k="addr:housenumber" v="1630"/>
    <tag k="addr:street" v="United States Route 5"/>
    <tag k="addr:state" v="VT"/>
    <tag k="ref:vcgi:esiteid" v="254521"/>
  </node>
  <node id="-294" visible="true" lat="44.652913345434" lon="-72.010804725064">
    <!-- conflict: "1594 United States Route 5, Sutton, VT" No match in OSM, but a different address exists <5m away: "1594 U.S. Route 5, , VT" -->
    <tag k="addr:city" v="Sutton"/>
    <tag k="addr:housenumber" v="1594"/>
    <tag k="addr:street" v="United States Route 5"/>
    <tag k="addr:state" v="VT"/>
    <tag k="ref:vcgi:esiteid" v="254522"/>
  </node>
  <node id="-295" visible="true" lat="44.652841094609" lon="-71.991479010507">
    <!-- conflict: "696 North Ridge Road, Sutton, VT" Fuzzy match to "696 North Ridge Road, , VT" -->
    <tag k="addr:city" v="Sutton"/>
    <tag k="addr:housenumber" v="696"/>
    <tag k="addr:street" v="North Ridge Road"/>
    <tag k="addr:state" v="VT"/>
    <tag k="ref:vcgi:esiteid" v="254523"/>
  </node>
  <node id="-296" visible="true" lat="44.652987671667" lon="-72.037214821569">
    <!-- conflict: "1522 Underpass Road, Sutton, VT" Fuzzy match to "1522 Underpass Road, , VT" -->
    <tag k="addr:city" v="Sutton"/>
    <tag k="addr:housenumber" v="1522"/>
    <tag k="addr:street" v="Underpass Road"/>
    <tag k="addr:state" v="VT"/>
    <tag k="ref:vcgi:esiteid" v="254524"/>
  </node>
  <node id="-298" visible="true" lat="44.652435029455" lon="-72.020056901571">
    <!-- conflict: "1384 Station Road, Sutton, VT" Fuzzy match to "1384 Station Road, , VT" -->
    <tag k="addr:city" v="Sutton"/>
    <tag k="addr:housenumber" v="1384"/>
    <tag k="addr:street" v="Station Road"/>
    <tag k="addr:state" v="VT"/>
    <tag k="ref:vcgi:esiteid" v="254526"/>
  </node>
  <node id="-299" visible="true" lat="44.652255273087" lon="-72.010404036795">
    <!-- conflict: "1520 United States Route 5, Sutton, VT" No match in OSM, but a different address exists <5m away: "1520 U.S. Route 5, Sutton, VT" -->
    <tag k="addr:city" v="Sutton"/>
    <tag k="addr:housenumber" v="1520"/>
    <tag k="addr:street" v="United States Route 5"/>
    <tag k="addr:state" v="VT"/>
    <tag k="ref:vcgi:esiteid" v="254527"/>
  </node>
  <node id="-300" visible="true" lat="44.651980170612" lon="-71.981628527155">
    <!-- conflict: "763 Vermont Route 5A, West Burke, VT" Fuzzy match to "763 Vermont Route 5A, , VT" -->
    <tag k="addr:city" v="West Burke"/>
    <tag k="addr:housenumber" v="763"/>
    <tag k="addr:street" v="Vermont Route 5A"/>
    <tag k="addr:state" v="VT"/>
    <tag k="ref:vcgi:esiteid" v="254528"/>
  </node>
  <node id="-301" visible="true" lat="44.651986264836" lon="-72.009262581554">
    <!-- conflict: "1480 United States Route 5, Sutton, VT" No match in OSM, but a different address exists <5m away: "1480 U.S. Route 5, Sutton, VT" -->
    <tag k="addr:city" v="Sutton"/>
    <tag k="addr:housenumber" v="1480"/>
    <tag k="addr:street" v="United States Route 5"/>
    <tag k="addr:state" v="VT"/>
    <tag k="ref:vcgi:esiteid" v="254529"/>
  </node>
  <node id="-302" visible="true" lat="44.651299486468" lon="-71.991508284738">
    <!-- conflict: "657 North Ridge Road, Sutton, VT" Fuzzy match to "657 North Ridge Road, , VT" -->
    <tag k="addr:city" v="Sutton"/>
    <tag k="addr:housenumber" v="657"/>
    <tag k="addr:street" v="North Ridge Road"/>
    <tag k="addr:state" v="VT"/>
    <tag k="ref:vcgi:esiteid" v="254530"/>
  </node>
  <node id="-303" visible="true" lat="44.651545337916" lon="-72.018115618552">
    <!-- conflict: "1380 Station Road, Sutton, VT" Fuzzy match to "1380 Station Road, , VT" -->
    <tag k="addr:city" v="Sutton"/>
    <tag k="addr:housenumber" v="1380"/>
    <tag k="addr:street" v="Station Road"/>
    <tag k="addr:state" v="VT"/>
    <tag k="ref:vcgi:esiteid" v="254531"/>
  </node>
  <node id="-304" visible="true" lat="44.650924404977" lon="-72.008551083923">
    <!-- conflict: "1382 United States Route 5, Sutton, VT" No match in OSM, but a different address exists <5m away: "1382 U.S. Route 5, Sutton, VT" -->
    <tag k="addr:city" v="Sutton"/>
    <tag k="addr:housenumber" v="1382"/>
    <tag k="addr:street" v="United States Route 5"/>
    <tag k="addr:state" v="VT"/>
    <tag k="ref:vcgi:esiteid" v="254532"/>
  </node>
  <node id="-305" visible="true" lat="44.650711745203" lon="-71.981995757741">
    <!-- conflict: "669 Vermont Route 5A, West Burke, VT" Fuzzy match to "669 Vermont Route 5A, , VT" -->
    <tag k="addr:city" v="West Burke"/>
    <tag k="addr:housenumber" v="669"/>
    <tag k="addr:street" v="Vermont Route 5A"/>
    <tag k="addr:state" v="VT"/>
    <tag k="ref:vcgi:esiteid" v="254533"/>
  </node>
  <node id="-306" visible="true" lat="44.650620940174" lon="-72.007958508308">
    <!-- conflict: "1374 United States Route 5, Sutton, VT" No match in OSM, but a different address exists <5m away: "1374 U.S. Route 5, , VT" -->
    <tag k="addr:city" v="Sutton"/>
    <tag k="addr:housenumber" v="1374"/>
    <tag k="addr:street" v="United States Route 5"/>
    <tag k="addr:state" v="VT"/>
    <tag k="ref:vcgi:esiteid" v="254534"/>
  </node>
  <node id="-308" visible="true" lat="44.650380614039" lon="-72.036004172344">
    <!-- conflict: "1360 Underpass Road, Sutton, VT" Fuzzy match to "1360 Underpass Road, , VT" -->
    <tag k="addr:city" v="Sutton"/>
    <tag k="addr:housenumber" v="1360"/>
    <tag k="addr:street" v="Underpass Road"/>
    <tag k="addr:state" v="VT"/>
    <tag k="ref:vcgi:esiteid" v="254536"/>
  </node>
  <node id="-309" visible="true" lat="44.650285913978" lon="-72.007346758758">
    <!-- conflict: "1334 United States Route 5, Sutton, VT" No match in OSM, but a different address exists <5m away: "1334 U.S. Route 5, Sutton, VT" -->
    <tag k="addr:city" v="Sutton"/>
    <tag k="addr:housenumber" v="1334"/>
    <tag k="addr:street" v="United States Route 5"/>
    <tag k="addr:state" v="VT"/>
    <tag k="ref:vcgi:esiteid" v="254537"/>
  </node>
  <node id="-310" visible="true" lat="44.649537411735" lon="-71.992197308359">
    <!-- conflict: "509 North Ridge Road, West Burke, VT" Fuzzy match to "509 North Ridge Road, , VT" -->
    <tag k="addr:city" v="West Burke"/>
    <tag k="addr:housenumber" v="509"/>
    <tag k="addr:street" v="North Ridge Road"/>
    <tag k="addr:state" v="VT"/>
    <tag k="ref:vcgi:esiteid" v="254538"/>
  </node>
  <node id="-311" visible="true" lat="44.649811292277" lon="-72.007022162475">
    <!-- conflict: "1262 United States Route 5, Sutton, VT" No match in OSM, but a different address exists <5m away: "1262 U.S. Route 5, Sutton, VT" -->
    <tag k="addr:city" v="Sutton"/>
    <tag k="addr:housenumber" v="1262"/>
    <tag k="addr:street" v="United States Route 5"/>
    <tag k="addr:state" v="VT"/>
    <tag k="ref:vcgi:esiteid" v="254539"/>
  </node>
  <node id="-313" visible="true" lat="44.648787040291" lon="-72.006041594708">
    <!-- conflict: "1180 United States Route 5, Sutton, VT" No match in OSM, but a different address exists <5m away: "1180 U.S. Route 5, Sutton, VT" -->
    <tag k="addr:city" v="Sutton"/>
    <tag k="addr:housenumber" v="1180"/>
    <tag k="addr:street" v="United States Route 5"/>
    <tag k="addr:state" v="VT"/>
    <tag k="ref:vcgi:esiteid" v="254541"/>
  </node>
  <node id="-314" visible="true" lat="44.648058181125" lon="-72.005018024978">
    <!-- conflict: "1144 United States Route 5, Sutton, VT" No match in OSM, but a different address exists <5m away: "1144 U.S. Route 5, Sutton, VT" -->
    <tag k="addr:city" v="Sutton"/>
    <tag k="addr:housenumber" v="1144"/>
    <tag k="addr:street" v="United States Route 5"/>
    <tag k="addr:state" v="VT"/>
    <tag k="ref:vcgi:esiteid" v="254542"/>
  </node>
  <node id="-316" visible="true" lat="44.64735174473" lon="-71.98651227333">
    <!-- conflict: "180 North Ridge Road, West Burke, VT" Fuzzy match to "180 North Ridge Road, , VT" -->
    <tag k="addr:city" v="West Burke"/>
    <tag k="addr:housenumber" v="180"/>
    <tag k="addr:street" v="North Ridge Road"/>
    <tag k="addr:state" v="VT"/>
    <tag k="ref:vcgi:esiteid" v="254544"/>
  </node>
  <node id="-318" visible="true" lat="44.646976004722" lon="-72.006541797884">
    <!-- conflict: "937 United States Route 5, Sutton, VT" No match in OSM, but a different address exists <5m away: "937 U.S. Route 5, Sutton, VT" -->
    <tag k="addr:city" v="Sutton"/>
    <tag k="addr:housenumber" v="937"/>
    <tag k="addr:street" v="United States Route 5"/>
    <tag k="addr:state" v="VT"/>
    <tag k="ref:vcgi:esiteid" v="254546"/>
  </node>
  <node id="-319" visible="true" lat="44.647096158767" lon="-72.035592184442">
    <!-- conflict: "1105 Underpass Road, Sutton, VT" Fuzzy match to "1105 Underpass Road, , VT" -->
    <tag k="addr:city" v="Sutton"/>
    <tag k="addr:housenumber" v="1105"/>
    <tag k="addr:street" v="Underpass Road"/>
    <tag k="addr:state" v="VT"/>
    <tag k="ref:vcgi:esiteid" v="254547"/>
  </node>
  <node id="-320" visible="true" lat="44.647036411708" lon="-71.982918600507">
    <!-- conflict: "4 North Ridge Road, West Burke, VT" Fuzzy match to "4 North Ridge Road, , VT" -->
    <tag k="addr:city" v="West Burke"/>
    <tag k="addr:housenumber" v="4"/>
    <tag k="addr:street" v="North Ridge Road"/>
    <tag k="addr:state" v="VT"/>
    <tag k="ref:vcgi:esiteid" v="254548"/>
  </node>
  <node id="-323" visible="true" lat="44.646523473804" lon="-71.9837906329">
    <!-- conflict: "39 North Ridge Road, West Burke, VT" Fuzzy match to "39 North Ridge Road, , VT" -->
    <tag k="addr:city" v="West Burke"/>
    <tag k="addr:housenumber" v="39"/>
    <tag k="addr:street" v="North Ridge Road"/>
    <tag k="addr:state" v="VT"/>
    <tag k="ref:vcgi:esiteid" v="254551"/>
  </node>
  <node id="-324" visible="true" lat="44.64638829478" lon="-72.034592467282">
    <!-- conflict: "1040 Underpass Road, Sutton, VT" Fuzzy match to "1040 Underpass Road, , VT" -->
    <tag k="addr:city" v="Sutton"/>
    <tag k="addr:housenumber" v="1040"/>
    <tag k="addr:street" v="Underpass Road"/>
    <tag k="addr:state" v="VT"/>
    <tag k="ref:vcgi:esiteid" v="254552"/>
  </node>
  <node id="-326" visible="true" lat="44.645395241669" lon="-71.999181701828">
    <!-- conflict: "792 United States Route 5, Sutton, VT" No match in OSM, but a different address exists <5m away: "792 U.S. Route 5, Sutton, VT" -->
    <tag k="addr:city" v="Sutton"/>
    <tag k="addr:housenumber" v="792"/>
    <tag k="addr:street" v="United States Route 5"/>
    <tag k="addr:state" v="VT"/>
    <tag k="ref:vcgi:esiteid" v="254555"/>
  </node>
  <node id="-328" visible="true" lat="44.645020964207" lon="-71.998635384154">
    <!-- conflict: "734 United States Route 5, Sutton, VT" No match in OSM, but a different address exists <5m away: "734 U.S. Route 5, Sutton, VT" -->
    <tag k="addr:city" v="Sutton"/>
    <tag k="addr:housenumber" v="734"/>
    <tag k="addr:street" v="United States Route 5"/>
    <tag k="addr:state" v="VT"/>
    <tag k="ref:vcgi:esiteid" v="254558"/>
  </node>
  <node id="-330" visible="true" lat="44.645170044777" lon="-71.996938965498">
    <!-- conflict: "694 United States Route 5, Sutton, VT" No match in OSM, but a different address exists <5m away: "694 U.S. Route 5, Sutton, VT" -->
    <tag k="addr:city" v="Sutton"/>
    <tag k="addr:housenumber" v="694"/>
    <tag k="addr:street" v="United States Route 5"/>
    <tag k="addr:state" v="VT"/>
    <tag k="ref:vcgi:esiteid" v="254560"/>
  </node>
  <node id="-331" visible="true" lat="44.644686393375" lon="-71.998097727721">
    <!-- conflict: "714 United States Route 5, Sutton, VT" No match in OSM, but a different address exists <5m away: "714 U.S. Route 5, Sutton, VT" -->
    <tag k="addr:city" v="Sutton"/>
    <tag k="addr:housenumber" v="714"/>
    <tag k="addr:street" v="United States Route 5"/>
    <tag k="addr:state" v="VT"/>
    <tag k="ref:vcgi:esiteid" v="254561"/>
  </node>
  <node id="-332" visible="true" lat="44.644524121652" lon="-71.996568357505">
    <!-- conflict: "690 United States Route 5, Sutton, VT" No match in OSM, but a different address exists <5m away: "690 U.S. Route 5, , VT" -->
    <tag k="addr:city" v="Sutton"/>
    <tag k="addr:housenumber" v="690"/>
    <tag k="addr:street" v="United States Route 5"/>
    <tag k="addr:state" v="VT"/>
    <tag k="ref:vcgi:esiteid" v="254562"/>
  </node>
  <node id="-334" visible="true" lat="44.644102029987" lon="-71.992800457897">
    <!-- conflict: "416 United States Route 5, Sutton, VT" No match in OSM, but a different address exists <5m away: "416 U.S. Route 5, Sutton, VT" -->
    <tag k="addr:city" v="Sutton"/>
    <tag k="addr:housenumber" v="416"/>
    <tag k="addr:street" v="United States Route 5"/>
    <tag k="addr:state" v="VT"/>
    <tag k="ref:vcgi:esiteid" v="254564"/>
  </node>
  <node id="-336" visible="true" lat="44.643882093229" lon="-71.991729284461">
    <!-- conflict: "392 United States Route 5, Sutton, VT" No match in OSM, but a different address exists <5m away: "392 U.S. Route 5, Sutton, VT" -->
    <tag k="addr:city" v="Sutton"/>
    <tag k="addr:housenumber" v="392"/>
    <tag k="addr:street" v="United States Route 5"/>
    <tag k="addr:state" v="VT"/>
    <tag k="ref:vcgi:esiteid" v="254566"/>
  </node>
  <node id="-337" visible="true" lat="44.644003711016" lon="-71.993819963722">
    <!-- conflict: "452 United States Route 5, Sutton, VT" No match in OSM, but a different address exists <5m away: "452 U.S. Route 5, Sutton, VT" -->
    <tag k="addr:city" v="Sutton"/>
    <tag k="addr:housenumber" v="452"/>
    <tag k="addr:street" v="United States Route 5"/>
    <tag k="addr:state" v="VT"/>
    <tag k="ref:vcgi:esiteid" v="254567"/>
  </node>
  <node id="-338" visible="true" lat="44.643929187877" lon="-71.992744391133">
    <!-- conflict: "432 United States Route 5, Sutton, VT" No match in OSM, but a different address exists <5m away: "432 U.S. Route 5, Sutton, VT" -->
    <tag k="addr:city" v="Sutton"/>
    <tag k="addr:housenumber" v="432"/>
    <tag k="addr:street" v="United States Route 5"/>
    <tag k="addr:state" v="VT"/>
    <tag k="ref:vcgi:esiteid" v="254568"/>
  </node>
  <node id="-340" visible="true" lat="44.643833459463" lon="-71.988754495772">
    <!-- conflict: "264 United States Route 5, Sutton, VT" No match in OSM, but a different address exists <5m away: "264 U.S. Route 5, Sutton, VT" -->
    <tag k="addr:city" v="Sutton"/>
    <tag k="addr:housenumber" v="264"/>
    <tag k="addr:street" v="United States Route 5"/>
    <tag k="addr:state" v="VT"/>
    <tag k="ref:vcgi:esiteid" v="254570"/>
  </node>
  <node id="-341" visible="true" lat="44.6435870479" lon="-71.990506967428">
    <!-- conflict: "320 United States Route 5, Sutton, VT" No match in OSM, but a different address exists <5m away: "320 U.S. Route 5, Sutton, VT" -->
    <tag k="addr:city" v="Sutton"/>
    <tag k="addr:housenumber" v="320"/>
    <tag k="addr:street" v="United States Route 5"/>
    <tag k="addr:state" v="VT"/>
    <tag k="ref:vcgi:esiteid" v="254571"/>
  </node>
  <node id="-342" visible="true" lat="44.643479923073" lon="-71.989940619428">
    <!-- conflict: "296 United States Route 5, Sutton, VT" No match in OSM, but a different address exists <5m away: "296 U.S. Route 5, , VT" -->
    <tag k="addr:city" v="Sutton"/>
    <tag k="addr:housenumber" v="296"/>
    <tag k="addr:street" v="United States Route 5"/>
    <tag k="addr:state" v="VT"/>
    <tag k="ref:vcgi:esiteid" v="254572"/>
  </node>
  <node id="-343" visible="true" lat="44.643417479116" lon="-71.989497650735">
    <!-- conflict: "280 United States Route 5, Sutton, VT" No match in OSM, but a different address exists <5m away: "280 U.S. Route 5, , VT" -->
    <tag k="addr:city" v="Sutton"/>
    <tag k="addr:housenumber" v="280"/>
    <tag k="addr:street" v="United States Route 5"/>
    <tag k="addr:state" v="VT"/>
    <tag k="ref:vcgi:esiteid" v="254573"/>
  </node>
  <node id="-344" visible="true" lat="44.643293358288" lon="-71.98901888329">
    <!-- conflict: "254 United States Route 5, Sutton, VT" No match in OSM, but a different address exists <5m away: "254 U.S. Route 5, Sutton, VT" -->
    <tag k="addr:city" v="Sutton"/>
    <tag k="addr:housenumber" v="254"/>
    <tag k="addr:street" v="United States Route 5"/>
    <tag k="addr:state" v="VT"/>
    <tag k="ref:vcgi:esiteid" v="254574"/>
  </node>
  <node id="-346" visible="true" lat="44.642995360631" lon="-71.988556950897">
    <!-- conflict: "222 United States Route 5, Sutton, VT" No match in OSM, but a different address exists <5m away: "222 U.S. Route 5, Sutton, VT" -->
    <tag k="addr:city" v="Sutton"/>
    <tag k="addr:housenumber" v="222"/>
    <tag k="addr:street" v="United States Route 5"/>
    <tag k="addr:state" v="VT"/>
    <tag k="ref:vcgi:esiteid" v="254576"/>
  </node>
  <node id="-347" visible="true" lat="44.643115294065" lon="-72.021850640154">
    <!-- conflict: "754 Station Road, Sutton, VT" Fuzzy match to "754 Station Road, , VT" -->
    <tag k="addr:city" v="Sutton"/>
    <tag k="addr:housenumber" v="754"/>
    <tag k="addr:street" v="Station Road"/>
    <tag k="addr:state" v="VT"/>
    <tag k="ref:vcgi:esiteid" v="254577"/>
  </node>
  <node id="-348" visible="true" lat="44.642303589007" lon="-71.987979394407">
    <!-- conflict: "129 United States Route 5, Sutton, VT" No match in OSM, but a different address exists <5m away: "129 U.S. Route 5, Sutton, VT" -->
    <tag k="addr:city" v="Sutton"/>
    <tag k="addr:housenumber" v="129"/>
    <tag k="addr:street" v="United States Route 5"/>
    <tag k="addr:state" v="VT"/>
    <tag k="ref:vcgi:esiteid" v="254578"/>
  </node>
  <node id="-349" visible="true" lat="44.641626283297" lon="-71.985673186442">
    <!-- conflict: "61 United States Route 5, Sutton, VT" No match in OSM, but a different address exists <5m away: "61 U.S. Route 5, , VT" -->
    <tag k="addr:city" v="Sutton"/>
    <tag k="addr:housenumber" v="61"/>
    <tag k="addr:street" v="United States Route 5"/>
    <tag k="addr:state" v="VT"/>
    <tag k="ref:vcgi:esiteid" v="254579"/>
  </node>
  <node id="-350" visible="true" lat="44.641843319917" lon="-72.033105000898">
    <!-- conflict: "722 Underpass Road, Sutton, VT" Fuzzy match to "722 Underpass Road, , VT" -->
    <tag k="addr:city" v="Sutton"/>
    <tag k="addr:housenumber" v="722"/>
    <tag k="addr:street" v="Underpass Road"/>
    <tag k="addr:state" v="VT"/>
    <tag k="ref:vcgi:esiteid" v="254580"/>
  </node>
  <node id="-353" visible="true" lat="44.640916348118" lon="-72.017693618644">
    <!-- conflict: "287 Burke Road, Sutton, VT" Fuzzy match to "287 Burke Road, , VT" -->
    <tag k="addr:city" v="Sutton"/>
    <tag k="addr:housenumber" v="287"/>
    <tag k="addr:street" v="Burke Road"/>
    <tag k="addr:state" v="VT"/>
    <tag k="ref:vcgi:esiteid" v="254583"/>
  </node>
  <node id="-355" visible="true" lat="44.639610789944" lon="-71.986266640229">
    <!-- conflict: "152 Mill Road, West Burke, VT" Fuzzy match to "152 Mill Road, , VT" -->
    <tag k="addr:city" v="West Burke"/>
    <tag k="addr:housenumber" v="152"/>
    <tag k="addr:street" v="Mill Road"/>
    <tag k="addr:state" v="VT"/>
    <tag k="ref:vcgi:esiteid" v="254585"/>
  </node>
  <node id="-357" visible="true" lat="44.637372491753" lon="-72.051705469844">
    <!-- conflict: "1320 Sheffield Road, Sutton, VT" Fuzzy match to "1320 Sheffield Road, , VT" -->
    <tag k="addr:city" v="Sutton"/>
    <tag k="addr:housenumber" v="1320"/>
    <tag k="addr:street" v="Sheffield Road"/>
    <tag k="addr:state" v="VT"/>
    <tag k="ref:vcgi:esiteid" v="254587"/>
  </node>
  <node id="-358" visible="true" lat="44.637100139191" lon="-72.06162204662">
    <!-- conflict: "1815 Sheffield Road, Sutton, VT" Fuzzy match to "1815 Sheffield Road, , VT" -->
    <tag k="addr:city" v="Sutton"/>
    <tag k="addr:housenumber" v="1815"/>
    <tag k="addr:street" v="Sheffield Road"/>
    <tag k="addr:state" v="VT"/>
    <tag k="ref:vcgi:esiteid" v="254588"/>
  </node>
  <node id="-384" visible="true" lat="44.632411024276" lon="-72.026131763621">
    <!-- conflict: "4510 Calendar Brook Road, Sutton, VT" Fuzzy match to "4510 Calendar Brook Road, , VT" -->
    <tag k="addr:city" v="Sutton"/>
    <tag k="addr:housenumber" v="4510"/>
    <tag k="addr:street" v="Calendar Brook Road"/>
    <tag k="addr:state" v="VT"/>
    <tag k="ref:vcgi:esiteid" v="254617"/>
  </node>
  <node id="-394" visible="true" lat="44.632104662961" lon="-72.065636021897">
    <!-- conflict: "66 Gold Mine Road, Sutton, VT" Fuzzy match to "66 Gold Mine Road, , VT" -->
    <tag k="addr:city" v="Sutton"/>
    <tag k="addr:housenumber" v="66"/>
    <tag k="addr:street" v="Gold Mine Road"/>
    <tag k="addr:state" v="VT"/>
    <tag k="ref:vcgi:esiteid" v="254627"/>
  </node>
  <node id="-402" visible="true" lat="44.630123587688" lon="-72.003899485287">
    <!-- conflict: "1121 Burke Road, Sutton, VT" Fuzzy match to "1121 Burke Road, , VT" -->
    <tag k="addr:city" v="Sutton"/>
    <tag k="addr:housenumber" v="1121"/>
    <tag k="addr:street" v="Burke Road"/>
    <tag k="addr:state" v="VT"/>
    <tag k="ref:vcgi:esiteid" v="254635"/>
  </node>
  <node id="-405" visible="true" lat="44.629662987836" lon="-72.031312091546">
    <!-- conflict: "179 Sheffield Road, Sutton, VT" Fuzzy match to "179 Sheffield Road, , VT" -->
    <tag k="addr:city" v="Sutton"/>
    <tag k="addr:housenumber" v="179"/>
    <tag k="addr:street" v="Sheffield Road"/>
    <tag k="addr:state" v="VT"/>
    <tag k="ref:vcgi:esiteid" v="254638"/>
  </node>
  <node id="-407" visible="true" lat="44.629152167123" lon="-72.001980309736">
    <!-- conflict: "1234 Burke Road, Sutton, VT" Fuzzy match to "1234 Burke Road, , VT" -->
    <tag k="addr:city" v="Sutton"/>
    <tag k="addr:housenumber" v="1234"/>
    <tag k="addr:street" v="Burke Road"/>
    <tag k="addr:state" v="VT"/>
    <tag k="ref:vcgi:esiteid" v="254640"/>
  </node>
  <node id="-411" visible="true" lat="44.628752457394" lon="-71.994980954416">
    <!-- conflict: "1585 Burke Road, Sutton, VT" Fuzzy match to "1585 Burke Road, , VT" -->
    <tag k="addr:city" v="Sutton"/>
    <tag k="addr:housenumber" v="1585"/>
    <tag k="addr:street" v="Burke Road"/>
    <tag k="addr:state" v="VT"/>
    <tag k="ref:vcgi:esiteid" v="254644"/>
  </node>
  <node id="-412" visible="true" lat="44.629176954773" lon="-71.993604020897">
    <!-- conflict: "1641 Burke Road, Sutton, VT" Fuzzy match to "1641 Burke Road, , VT" -->
    <tag k="addr:city" v="Sutton"/>
    <tag k="addr:housenumber" v="1641"/>
    <tag k="addr:street" v="Burke Road"/>
    <tag k="addr:state" v="VT"/>
    <tag k="ref:vcgi:esiteid" v="254645"/>
  </node>
  <node id="-413" visible="true" lat="44.628556593169" lon="-71.999818805207">
    <!-- conflict: "8 Simpson Hill, Sutton, VT" Fuzzy match to "8 Simpson Hill, , VT" -->
    <tag k="addr:city" v="Sutton"/>
    <tag k="addr:housenumber" v="8"/>
    <tag k="addr:street" v="Simpson Hill"/>
    <tag k="addr:state" v="VT"/>
    <tag k="ref:vcgi:esiteid" v="254646"/>
  </node>
  <node id="-416" visible="true" lat="44.628152369425" lon="-72.028115373861">
    <!-- conflict: "184 Wheelock Road, Sutton, VT" Fuzzy match to "184 Wheelock Road, , VT" -->
    <tag k="addr:city" v="Sutton"/>
    <tag k="addr:housenumber" v="184"/>
    <tag k="addr:street" v="Wheelock Road"/>
    <tag k="addr:state" v="VT"/>
    <tag k="ref:vcgi:esiteid" v="254649"/>
  </node>
  <node id="-417" visible="true" lat="44.627333461456" lon="-72.030802224461">
    <!-- conflict: "368 Wheelock Road, Sutton, VT" Fuzzy match to "368 Wheelock Road, , VT" -->
    <tag k="addr:city" v="Sutton"/>
    <tag k="addr:housenumber" v="368"/>
    <tag k="addr:street" v="Wheelock Road"/>
    <tag k="addr:state" v="VT"/>
    <tag k="ref:vcgi:esiteid" v="254650"/>
  </node>
  <node id="-421" visible="true" lat="44.625863549616" lon="-72.027482133513">
    <!-- conflict: "219 Sutton Hollow, Sutton, VT" Fuzzy match to "219 Sutton Hollow, , VT" -->
    <tag k="addr:city" v="Sutton"/>
    <tag k="addr:housenumber" v="219"/>
    <tag k="addr:street" v="Sutton Hollow"/>
    <tag k="addr:state" v="VT"/>
    <tag k="ref:vcgi:esiteid" v="254654"/>
  </node>
  <node id="-422" visible="true" lat="44.626670936199" lon="-72.064160246382">
    <!-- conflict: "912 Wood Hill Road, Sutton, VT" Fuzzy match to "912 Wood Hill Road, , VT" -->
    <tag k="addr:city" v="Sutton"/>
    <tag k="addr:housenumber" v="912"/>
    <tag k="addr:street" v="Wood Hill Road"/>
    <tag k="addr:state" v="VT"/>
    <tag k="ref:vcgi:esiteid" v="254655"/>
  </node>
  <node id="-423" visible="true" lat="44.624903292599" lon="-72.03326038861">
    <!-- conflict: "123 Sylvester Drive, Sutton, VT" Fuzzy match to "123 Sylvester Drive, , VT" -->
    <tag k="addr:city" v="Sutton"/>
    <tag k="addr:housenumber" v="123"/>
    <tag k="addr:street" v="Sylvester Drive"/>
    <tag k="addr:state" v="VT"/>
    <tag k="ref:vcgi:esiteid" v="254656"/>
  </node>
  <node id="-426" visible="true" lat="44.624050210419" lon="-72.030124532737">
    <!-- conflict: "617 Wheelock Road, Sutton, VT" Fuzzy match to "617 Wheelock Road, , VT" -->
    <tag k="addr:city" v="Sutton"/>
    <tag k="addr:housenumber" v="617"/>
    <tag k="addr:street" v="Wheelock Road"/>
    <tag k="addr:state" v="VT"/>
    <tag k="ref:vcgi:esiteid" v="254659"/>
  </node>
  <node id="-427" visible="true" lat="44.623414514722" lon="-71.996171087916">
    <!-- conflict: "429 Simpson Hill, Sutton, VT" Fuzzy match to "429 Simpson Hill, , VT" -->
    <tag k="addr:city" v="Sutton"/>
    <tag k="addr:housenumber" v="429"/>
    <tag k="addr:street" v="Simpson Hill"/>
    <tag k="addr:state" v="VT"/>
    <tag k="ref:vcgi:esiteid" v="254660"/>
  </node>
  <node id="-429" visible="true" lat="44.623392461691" lon="-72.030495962751">
    <!-- conflict: "685 Wheelock Road, Sutton, VT" Fuzzy match to "685 Wheelock Road, , VT" -->
    <tag k="addr:city" v="Sutton"/>
    <tag k="addr:housenumber" v="685"/>
    <tag k="addr:street" v="Wheelock Road"/>
    <tag k="addr:state" v="VT"/>
    <tag k="ref:vcgi:esiteid" v="254662"/>
  </node>
  <node id="-432" visible="true" lat="44.622137822652" lon="-72.030883414709">
    <!-- conflict: "775 Wheelock Road, Sutton, VT" Fuzzy match to "775 Wheelock Road, , VT" -->
    <tag k="addr:city" v="Sutton"/>
    <tag k="addr:housenumber" v="775"/>
    <tag k="addr:street" v="Wheelock Road"/>
    <tag k="addr:state" v="VT"/>
    <tag k="ref:vcgi:esiteid" v="254665"/>
  </node>
  <node id="-434" visible="true" lat="44.626269876171" lon="-72.042195174253">
    <!-- conflict: "1250 Wheelock Road, Sutton, VT" Fuzzy match to "1250 Wheelock Road, , VT" -->
    <tag k="addr:city" v="Sutton"/>
    <tag k="addr:housenumber" v="1250"/>
    <tag k="addr:street" v="Wheelock Road"/>
    <tag k="addr:state" v="VT"/>
    <tag k="ref:vcgi:esiteid" v="254667"/>
  </node>
  <node id="-435" visible="true" lat="44.621385094804" lon="-72.04380141302">
    <!-- conflict: "1498 Wheelock Road, Sutton, VT" Fuzzy match to "1498 Wheelock Road, , VT" -->
    <tag k="addr:city" v="Sutton"/>
    <tag k="addr:housenumber" v="1498"/>
    <tag k="addr:street" v="Wheelock Road"/>
    <tag k="addr:state" v="VT"/>
    <tag k="ref:vcgi:esiteid" v="254668"/>
  </node>
  <node id="-437" visible="true" lat="44.620822237088" lon="-72.031005997621">
    <!-- conflict: "1800 South Ridge Road, Sutton, VT" Fuzzy match to "1800 South Ridge Road, , VT" -->
    <tag k="addr:city" v="Sutton"/>
    <tag k="addr:housenumber" v="1800"/>
    <tag k="addr:street" v="South Ridge Road"/>
    <tag k="addr:state" v="VT"/>
    <tag k="ref:vcgi:esiteid" v="254670"/>
  </node>
  <node id="-440" visible="true" lat="44.620425651969" lon="-72.037267040932">
    <!-- conflict: "1148 Wheelock Road, Sutton, VT" Fuzzy match to "1148 Wheelock Road, , VT" -->
    <tag k="addr:city" v="Sutton"/>
    <tag k="addr:housenumber" v="1148"/>
    <tag k="addr:street" v="Wheelock Road"/>
    <tag k="addr:state" v="VT"/>
    <tag k="ref:vcgi:esiteid" v="254673"/>
  </node>
  <node id="-441" visible="true" lat="44.619885162043" lon="-72.013369947648">
    <!-- conflict: "3328 Calendar Brook Road, Lyndonville, VT" Fuzzy match to "3328 Calendar Brook Road, , VT" -->
    <tag k="addr:city" v="Lyndonville"/>
    <tag k="addr:housenumber" v="3328"/>
    <tag k="addr:street" v="Calendar Brook Road"/>
    <tag k="addr:state" v="VT"/>
    <tag k="ref:vcgi:esiteid" v="254674"/>
  </node>
  <node id="-442" visible="true" lat="44.619477746976" lon="-71.996903510214">
    <!-- conflict: "700 Simpson Hill, Sutton, VT" Fuzzy match to "700 Simpson Hill, , VT" -->
    <tag k="addr:city" v="Sutton"/>
    <tag k="addr:housenumber" v="700"/>
    <tag k="addr:street" v="Simpson Hill"/>
    <tag k="addr:state" v="VT"/>
    <tag k="ref:vcgi:esiteid" v="254675"/>
  </node>
  <node id="-443" visible="true" lat="44.619545731028" lon="-72.036548205238">
    <!-- conflict: "1121 Wheelock Road, Sutton, VT" Fuzzy match to "1121 Wheelock Road, , VT" -->
    <tag k="addr:city" v="Sutton"/>
    <tag k="addr:housenumber" v="1121"/>
    <tag k="addr:street" v="Wheelock Road"/>
    <tag k="addr:state" v="VT"/>
    <tag k="ref:vcgi:esiteid" v="254676"/>
  </node>
  <node id="-444" visible="true" lat="44.618920801112" lon="-71.996369453175">
    <!-- conflict: "743 Simpson Hill, Sutton, VT" Fuzzy match to "743 Simpson Hill, , VT" -->
    <tag k="addr:city" v="Sutton"/>
    <tag k="addr:housenumber" v="743"/>
    <tag k="addr:street" v="Simpson Hill"/>
    <tag k="addr:state" v="VT"/>
    <tag k="ref:vcgi:esiteid" v="254677"/>
  </node>
  <node id="-445" visible="true" lat="44.619090692706" lon="-72.038457058948">
    <!-- conflict: "1214 Wheelock Road, Sutton, VT" Fuzzy match to "1214 Wheelock Road, , VT" -->
    <tag k="addr:city" v="Sutton"/>
    <tag k="addr:housenumber" v="1214"/>
    <tag k="addr:street" v="Wheelock Road"/>
    <tag k="addr:state" v="VT"/>
    <tag k="ref:vcgi:esiteid" v="254678"/>
  </node>
  <node id="-446" visible="true" lat="44.618946182382" lon="-72.031105105724">
    <!-- conflict: "1673 South Ridge Road, Sutton, VT" Fuzzy match to "1673 South Ridge Road, , VT" -->
    <tag k="addr:city" v="Sutton"/>
    <tag k="addr:housenumber" v="1673"/>
    <tag k="addr:street" v="South Ridge Road"/>
    <tag k="addr:state" v="VT"/>
    <tag k="ref:vcgi:esiteid" v="254679"/>
  </node>
  <node id="-448" visible="true" lat="44.618265840946" lon="-72.030122582778">
    <!-- conflict: "1610 South Ridge Road, Sutton, VT" Fuzzy match to "1610 South Ridge Road, , VT" -->
    <tag k="addr:city" v="Sutton"/>
    <tag k="addr:housenumber" v="1610"/>
    <tag k="addr:street" v="South Ridge Road"/>
    <tag k="addr:state" v="VT"/>
    <tag k="ref:vcgi:esiteid" v="254681"/>
  </node>
  <node id="-449" visible="true" lat="44.617845055325" lon="-71.996613593419">
    <!-- conflict: "814 Simpson Hill, Sutton, VT" Fuzzy match to "814 Simpson Hill, , VT" -->
    <tag k="addr:city" v="Sutton"/>
    <tag k="addr:housenumber" v="814"/>
    <tag k="addr:street" v="Simpson Hill"/>
    <tag k="addr:state" v="VT"/>
    <tag k="ref:vcgi:esiteid" v="254682"/>
  </node>
  <node id="-450" visible="true" lat="44.617825982956" lon="-71.99628552871">
    <!-- conflict: "817 Simpson Hill, Sutton, VT" Fuzzy match to "817 Simpson Hill, , VT" -->
    <tag k="addr:city" v="Sutton"/>
    <tag k="addr:housenumber" v="817"/>
    <tag k="addr:street" v="Simpson Hill"/>
    <tag k="addr:state" v="VT"/>
    <tag k="ref:vcgi:esiteid" v="254683"/>
  </node>
  <node id="-451" visible="true" lat="44.617561027673" lon="-72.011077115367">
    <!-- conflict: "3172 Calendar Brook Road, Lyndonville, VT" Fuzzy match to "3172 Calendar Brook Road, Sutton, VT" -->
    <tag k="addr:city" v="Lyndonville"/>
    <tag k="addr:housenumber" v="3172"/>
    <tag k="addr:street" v="Calendar Brook Road"/>
    <tag k="addr:state" v="VT"/>
    <tag k="ref:vcgi:esiteid" v="254684"/>
  </node>
  <node id="-452" visible="true" lat="44.617105005064" lon="-71.996087162783">
    <!-- conflict: "869 Simpson Hill, Sutton, VT" Fuzzy match to "869 Simpson Hill, , VT" -->
    <tag k="addr:city" v="Sutton"/>
    <tag k="addr:housenumber" v="869"/>
    <tag k="addr:street" v="Simpson Hill"/>
    <tag k="addr:state" v="VT"/>
    <tag k="ref:vcgi:esiteid" v="254685"/>
  </node>
  <node id="-453" visible="true" lat="44.617051596912" lon="-72.04662428983">
    <!-- conflict: "144 Freedom Road, Sutton, VT" Fuzzy match to "144 Freedom Road, , VT" -->
    <tag k="addr:city" v="Sutton"/>
    <tag k="addr:housenumber" v="144"/>
    <tag k="addr:street" v="Freedom Road"/>
    <tag k="addr:state" v="VT"/>
    <tag k="ref:vcgi:esiteid" v="254686"/>
  </node>
  <node id="-454" visible="true" lat="44.616495874365" lon="-72.01085028915">
    <!-- conflict: "3098 Calendar Brook Road, Lyndonville, VT" Fuzzy match to "3098 Calendar Brook Road, Sutton, VT" -->
    <tag k="addr:city" v="Lyndonville"/>
    <tag k="addr:housenumber" v="3098"/>
    <tag k="addr:street" v="Calendar Brook Road"/>
    <tag k="addr:state" v="VT"/>
    <tag k="ref:vcgi:esiteid" v="254687"/>
  </node>
  <node id="-455" visible="true" lat="44.616671263864" lon="-72.047296404515">
    <!-- conflict: "163 Freedom Road, Sutton, VT" Fuzzy match to "163 Freedom Road, , VT" -->
    <tag k="addr:city" v="Sutton"/>
    <tag k="addr:housenumber" v="163"/>
    <tag k="addr:street" v="Freedom Road"/>
    <tag k="addr:state" v="VT"/>
    <tag k="ref:vcgi:esiteid" v="254688"/>
  </node>
  <node id="-456" visible="true" lat="44.616391656995" lon="-71.995957463299">
    <!-- conflict: "917 Simpson Hill, Sutton, VT" Fuzzy match to "917 Simpson Hill, , VT" -->
    <tag k="addr:city" v="Sutton"/>
    <tag k="addr:housenumber" v="917"/>
    <tag k="addr:street" v="Simpson Hill"/>
    <tag k="addr:state" v="VT"/>
    <tag k="ref:vcgi:esiteid" v="254689"/>
  </node>
  <node id="-457" visible="true" lat="44.6163902245" lon="-72.043842061173">
    <!-- conflict: "1536 Wheelock Road, Sutton, VT" Fuzzy match to "1536 Wheelock Road, , VT" -->
    <tag k="addr:city" v="Sutton"/>
    <tag k="addr:housenumber" v="1536"/>
    <tag k="addr:street" v="Wheelock Road"/>
    <tag k="addr:state" v="VT"/>
    <tag k="ref:vcgi:esiteid" v="254690"/>
  </node>
  <node id="-458" visible="true" lat="44.616198893253" lon="-72.016248339507">
    <!-- conflict: "5269 Pudding Hill Road, Sutton, VT" Fuzzy match to "5269 Pudding Hill Road, , VT" -->
    <tag k="addr:city" v="Sutton"/>
    <tag k="addr:housenumber" v="5269"/>
    <tag k="addr:street" v="Pudding Hill Road"/>
    <tag k="addr:state" v="VT"/>
    <tag k="ref:vcgi:esiteid" v="254691"/>
  </node>
  <node id="-459" visible="true" lat="44.615296837725" lon="-72.016900160109">
    <!-- conflict: "5211 Pudding Hill Road, Sutton, VT" Fuzzy match to "5211 Pudding Hill Road, , VT" -->
    <tag k="addr:city" v="Sutton"/>
    <tag k="addr:housenumber" v="5211"/>
    <tag k="addr:street" v="Pudding Hill Road"/>
    <tag k="addr:state" v="VT"/>
    <tag k="ref:vcgi:esiteid" v="254692"/>
  </node>
  <node id="-460" visible="true" lat="44.613702798164" lon="-72.046049949127">
    <!-- conflict: "1752 Wheelock Road, Sutton, VT" Fuzzy match to "1752 Wheelock Road, , VT" -->
    <tag k="addr:city" v="Sutton"/>
    <tag k="addr:housenumber" v="1752"/>
    <tag k="addr:street" v="Wheelock Road"/>
    <tag k="addr:state" v="VT"/>
    <tag k="ref:vcgi:esiteid" v="254693"/>
  </node>
  <node id="-461" visible="true" lat="44.613301218881" lon="-72.046704291113">
    <!-- conflict: "1760 Wheelock Road, Sutton, VT" Fuzzy match to "1760 Wheelock Road, , VT" -->
    <tag k="addr:city" v="Sutton"/>
    <tag k="addr:housenumber" v="1760"/>
    <tag k="addr:street" v="Wheelock Road"/>
    <tag k="addr:state" v="VT"/>
    <tag k="ref:vcgi:esiteid" v="254694"/>
  </node>
  <node id="-462" visible="true" lat="44.612992760053" lon="-72.016335585102">
    <!-- conflict: "5059 Pudding Hill Road, Sutton, VT" Fuzzy match to "5059 Pudding Hill Road, , VT" -->
    <tag k="addr:city" v="Sutton"/>
    <tag k="addr:housenumber" v="5059"/>
    <tag k="addr:street" v="Pudding Hill Road"/>
    <tag k="addr:state" v="VT"/>
    <tag k="ref:vcgi:esiteid" v="254695"/>
  </node>
  <node id="-463" visible="true" lat="44.612449003738" lon="-72.029815210998">
    <!-- conflict: "1215 South Ridge Road, Sutton, VT" Fuzzy match to "1215 South Ridge Road, , VT" -->
    <tag k="addr:city" v="Sutton"/>
    <tag k="addr:housenumber" v="1215"/>
    <tag k="addr:street" v="South Ridge Road"/>
    <tag k="addr:state" v="VT"/>
    <tag k="ref:vcgi:esiteid" v="254696"/>
  </node>
  <node id="-464" visible="true" lat="44.612619373902" lon="-72.046105853299">
    <!-- conflict: "1826 Wheelock Road, Sutton, VT" Fuzzy match to "1826 Wheelock Road, , VT" -->
    <tag k="addr:city" v="Sutton"/>
    <tag k="addr:housenumber" v="1826"/>
    <tag k="addr:street" v="Wheelock Road"/>
    <tag k="addr:state" v="VT"/>
    <tag k="ref:vcgi:esiteid" v="254697"/>
  </node>
  <node id="-465" visible="true" lat="44.612229717689" lon="-72.005981500836">
    <!-- conflict: "2720 Calendar Brook Road, Lyndonville, VT" Fuzzy match to "2720 Calendar Brook Road, Sutton, VT" -->
    <tag k="addr:city" v="Lyndonville"/>
    <tag k="addr:housenumber" v="2720"/>
    <tag k="addr:street" v="Calendar Brook Road"/>
    <tag k="addr:state" v="VT"/>
    <tag k="ref:vcgi:esiteid" v="254698"/>
  </node>
  <node id="-466" visible="true" lat="44.612330068635" lon="-72.047965176883">
    <!-- conflict: "1860 Wheelock Road, Sutton, VT" Fuzzy match to "1860 Wheelock Road, , VT" -->
    <tag k="addr:city" v="Sutton"/>
    <tag k="addr:housenumber" v="1860"/>
    <tag k="addr:street" v="Wheelock Road"/>
    <tag k="addr:state" v="VT"/>
    <tag k="ref:vcgi:esiteid" v="254699"/>
  </node>
  <node id="-467" visible="true" lat="44.611512202347" lon="-72.046178337016">
    <!-- conflict: "1914 Wheelock Road, Sutton, VT" Fuzzy match to "1914 Wheelock Road, , VT" -->
    <tag k="addr:city" v="Sutton"/>
    <tag k="addr:housenumber" v="1914"/>
    <tag k="addr:street" v="Wheelock Road"/>
    <tag k="addr:state" v="VT"/>
    <tag k="ref:vcgi:esiteid" v="254700"/>
  </node>
  <node id="-468" visible="true" lat="44.610725616521" lon="-72.028384642831">
    <!-- conflict: "1079 South Ridge Road, Sutton, VT" Fuzzy match to "1079 South Ridge Road, , VT" -->
    <tag k="addr:city" v="Sutton"/>
    <tag k="addr:housenumber" v="1079"/>
    <tag k="addr:street" v="South Ridge Road"/>
    <tag k="addr:state" v="VT"/>
    <tag k="ref:vcgi:esiteid" v="254701"/>
  </node>
  <node id="-469" visible="true" lat="44.610666498128" lon="-72.003050735521">
    <!-- conflict: "2506 Calendar Brook Road, Lyndonville, VT" Fuzzy match to "2506 Calendar Brook Road, Sutton, VT" -->
    <tag k="addr:city" v="Lyndonville"/>
    <tag k="addr:housenumber" v="2506"/>
    <tag k="addr:street" v="Calendar Brook Road"/>
    <tag k="addr:state" v="VT"/>
    <tag k="ref:vcgi:esiteid" v="254702"/>
  </node>
  <node id="-470" visible="true" lat="44.610448356817" lon="-71.996125311032">
    <!-- conflict: "1288 Simpson Hill, Sutton, VT" Fuzzy match to "1288 Simpson Hill, , VT" -->
    <tag k="addr:city" v="Sutton"/>
    <tag k="addr:housenumber" v="1288"/>
    <tag k="addr:street" v="Simpson Hill"/>
    <tag k="addr:state" v="VT"/>
    <tag k="ref:vcgi:esiteid" v="254703"/>
  </node>
  <node id="-471" visible="true" lat="44.61052083589" lon="-72.015099621142">
    <!-- conflict: "4877 Pudding Hill Road, Sutton, VT" Fuzzy match to "4877 Pudding Hill Road, , VT" -->
    <tag k="addr:city" v="Sutton"/>
    <tag k="addr:housenumber" v="4877"/>
    <tag k="addr:street" v="Pudding Hill Road"/>
    <tag k="addr:state" v="VT"/>
    <tag k="ref:vcgi:esiteid" v="254704"/>
  </node>
  <node id="-472" visible="true" lat="44.610246178595" lon="-71.995995611265">
    <!-- conflict: "1286 Simpson Hill, Sutton, VT" Fuzzy match to "1286 Simpson Hill, , VT" -->
    <tag k="addr:city" v="Sutton"/>
    <tag k="addr:housenumber" v="1286"/>
    <tag k="addr:street" v="Simpson Hill"/>
    <tag k="addr:state" v="VT"/>
    <tag k="ref:vcgi:esiteid" v="254705"/>
  </node>
  <node id="-473" visible="true" lat="44.609641051008" lon="-72.002471916924">
    <!-- conflict: "2460 Calendar Brook Road, Lyndonville, VT" Fuzzy match to "2460 Calendar Brook Road, Sutton, VT" -->
    <tag k="addr:city" v="Lyndonville"/>
    <tag k="addr:housenumber" v="2460"/>
    <tag k="addr:street" v="Calendar Brook Road"/>
    <tag k="addr:state" v="VT"/>
    <tag k="ref:vcgi:esiteid" v="254706"/>
  </node>
  <node id="-474" visible="true" lat="44.609361168066" lon="-71.994736760836">
    <!-- conflict: "1463 Simpson Hill, Sutton, VT" Fuzzy match to "1463 Simpson Hill, , VT" -->
    <tag k="addr:city" v="Sutton"/>
    <tag k="addr:housenumber" v="1463"/>
    <tag k="addr:street" v="Simpson Hill"/>
    <tag k="addr:state" v="VT"/>
    <tag k="ref:vcgi:esiteid" v="254707"/>
  </node>
  <node id="-475" visible="true" lat="44.609388604059" lon="-72.027957625223">
    <!-- conflict: "985 South Ridge Road, Sutton, VT" Fuzzy match to "985 South Ridge Road, , VT" -->
    <tag k="addr:city" v="Sutton"/>
    <tag k="addr:housenumber" v="985"/>
    <tag k="addr:street" v="South Ridge Road"/>
    <tag k="addr:state" v="VT"/>
    <tag k="ref:vcgi:esiteid" v="254708"/>
  </node>
  <node id="-476" visible="true" lat="44.609501080142" lon="-72.00495629356">
    <!-- conflict: "2543 Calendar Brook Road, Lyndonville, VT" Fuzzy match to "2543 Calendar Brook Road, Sutton, VT" -->
    <tag k="addr:city" v="Lyndonville"/>
    <tag k="addr:housenumber" v="2543"/>
    <tag k="addr:street" v="Calendar Brook Road"/>
    <tag k="addr:state" v="VT"/>
    <tag k="ref:vcgi:esiteid" v="254709"/>
  </node>
  <node id="-477" visible="true" lat="44.609446997453" lon="-72.001898827449">
    <!-- conflict: "2426 Calendar Brook Road, Lyndonville, VT" Fuzzy match to "2426 Calendar Brook Road, Sutton, VT" -->
    <tag k="addr:city" v="Lyndonville"/>
    <tag k="addr:housenumber" v="2426"/>
    <tag k="addr:street" v="Calendar Brook Road"/>
    <tag k="addr:state" v="VT"/>
    <tag k="ref:vcgi:esiteid" v="254710"/>
  </node>
  <node id="-478" visible="true" lat="44.608989060268" lon="-71.999606292013">
    <!-- conflict: "2296 Calendar Brook Road, Lyndonville, VT" Fuzzy match to "2296 Calendar Brook Road, Sutton, VT" -->
    <tag k="addr:city" v="Lyndonville"/>
    <tag k="addr:housenumber" v="2296"/>
    <tag k="addr:street" v="Calendar Brook Road"/>
    <tag k="addr:state" v="VT"/>
    <tag k="ref:vcgi:esiteid" v="254711"/>
  </node>
  <node id="-480" visible="true" lat="44.607896323525" lon="-72.027825454759">
    <!-- conflict: "883 South Ridge Road, Sutton, VT" Fuzzy match to "883 South Ridge Road, , VT" -->
    <tag k="addr:city" v="Sutton"/>
    <tag k="addr:housenumber" v="883"/>
    <tag k="addr:street" v="South Ridge Road"/>
    <tag k="addr:state" v="VT"/>
    <tag k="ref:vcgi:esiteid" v="254713"/>
  </node>
  <node id="-481" visible="true" lat="44.607719192127" lon="-71.998607398634">
    <!-- conflict: "2214 Calendar Brook Road, Lyndonville, VT" Fuzzy match to "2214 Calendar Brook Road, Sutton, VT" -->
    <tag k="addr:city" v="Lyndonville"/>
    <tag k="addr:housenumber" v="2214"/>
    <tag k="addr:street" v="Calendar Brook Road"/>
    <tag k="addr:state" v="VT"/>
    <tag k="ref:vcgi:esiteid" v="254714"/>
  </node>
  <node id="-482" visible="true" lat="44.607284734797" lon="-72.00076077362">
    <!-- conflict: "92 Fiddlehead Lane, Lyndonville, VT" Fuzzy match to "92 Fiddlehead Lane, Sutton, VT" -->
    <tag k="addr:city" v="Lyndonville"/>
    <tag k="addr:housenumber" v="92"/>
    <tag k="addr:street" v="Fiddlehead Lane"/>
    <tag k="addr:state" v="VT"/>
    <tag k="ref:vcgi:esiteid" v="254715"/>
  </node>
  <node id="-483" visible="true" lat="44.607130005018" lon="-72.000081642604">
    <!-- conflict: "46 Fiddlehead Lane, Lyndonville, VT" Fuzzy match to "46 Fiddlehead Lane, Sutton, VT" -->
    <tag k="addr:city" v="Lyndonville"/>
    <tag k="addr:housenumber" v="46"/>
    <tag k="addr:street" v="Fiddlehead Lane"/>
    <tag k="addr:state" v="VT"/>
    <tag k="ref:vcgi:esiteid" v="254716"/>
  </node>
  <node id="-484" visible="true" lat="44.606711028026" lon="-72.001050324346">
    <!-- conflict: "110 Fiddlehead Lane, Lyndonville, VT" Fuzzy match to "110 Fiddlehead Lane, Sutton, VT" -->
    <tag k="addr:city" v="Lyndonville"/>
    <tag k="addr:housenumber" v="110"/>
    <tag k="addr:street" v="Fiddlehead Lane"/>
    <tag k="addr:state" v="VT"/>
    <tag k="ref:vcgi:esiteid" v="254717"/>
  </node>
  <node id="-485" visible="true" lat="44.606734810469" lon="-71.999051057442">
    <!-- conflict: "25 Fiddlehead Lane, Lyndonville, VT" Fuzzy match to "25 Fiddlehead Lane, Sutton, VT" -->
    <tag k="addr:city" v="Lyndonville"/>
    <tag k="addr:housenumber" v="25"/>
    <tag k="addr:street" v="Fiddlehead Lane"/>
    <tag k="addr:state" v="VT"/>
    <tag k="ref:vcgi:esiteid" v="254718"/>
  </node>
  <node id="-486" visible="true" lat="44.606740467631" lon="-72.047997582334">
    <!-- conflict: "2276 Wheelock Road, Sutton, VT" Fuzzy match to "2276 Wheelock Road, , VT" -->
    <tag k="addr:city" v="Sutton"/>
    <tag k="addr:housenumber" v="2276"/>
    <tag k="addr:street" v="Wheelock Road"/>
    <tag k="addr:state" v="VT"/>
    <tag k="ref:vcgi:esiteid" v="254719"/>
  </node>
  <node id="-487" visible="true" lat="44.606233113694" lon="-72.051194297969">
    <!-- conflict: "2455 Wheelock Road, Sutton, VT" Fuzzy match to "2455 Wheelock Road, , VT" -->
    <tag k="addr:city" v="Sutton"/>
    <tag k="addr:housenumber" v="2455"/>
    <tag k="addr:street" v="Wheelock Road"/>
    <tag k="addr:state" v="VT"/>
    <tag k="ref:vcgi:esiteid" v="254720"/>
  </node>
  <node id="-488" visible="true" lat="44.605103262609" lon="-72.011481867919">
    <!-- conflict: "4460 Pudding Hill Road, Sutton, VT" Fuzzy match to "4460 Pudding Hill Road, , VT" -->
    <tag k="addr:city" v="Sutton"/>
    <tag k="addr:housenumber" v="4460"/>
    <tag k="addr:street" v="Pudding Hill Road"/>
    <tag k="addr:state" v="VT"/>
    <tag k="ref:vcgi:esiteid" v="254721"/>
  </node>
  <node id="-489" visible="true" lat="44.604696841012" lon="-72.005681428916">
    <!-- conflict: "293 Chapman Road, Sutton, VT" Fuzzy match to "293 Chapman Road, , VT" -->
    <tag k="addr:city" v="Sutton"/>
    <tag k="addr:housenumber" v="293"/>
    <tag k="addr:street" v="Chapman Road"/>
    <tag k="addr:state" v="VT"/>
    <tag k="ref:vcgi:esiteid" v="254722"/>
  </node>
  <node id="-490" visible="true" lat="44.604588980814" lon="-72.016663646858">
    <!-- conflict: "238 South Ridge Road, Sutton, VT" Fuzzy match to "238 South Ridge Road, , VT" -->
    <tag k="addr:city" v="Sutton"/>
    <tag k="addr:housenumber" v="238"/>
    <tag k="addr:street" v="South Ridge Road"/>
    <tag k="addr:state" v="VT"/>
    <tag k="ref:vcgi:esiteid" v="254723"/>
  </node>
  <node id="-491" visible="true" lat="44.604661259505" lon="-72.014662547401">
    <!-- conflict: "142 South Ridge Road, Sutton, VT" Fuzzy match to "142 South Ridge Road, , VT" -->
    <tag k="addr:city" v="Sutton"/>
    <tag k="addr:housenumber" v="142"/>
    <tag k="addr:street" v="South Ridge Road"/>
    <tag k="addr:state" v="VT"/>
    <tag k="ref:vcgi:esiteid" v="254724"/>
  </node>
  <node id="-492" visible="true" lat="44.604222769369" lon="-72.013337229796">
    <!-- conflict: "74 South Ridge Road, Sutton, VT" Fuzzy match to "74 South Ridge Road, , VT" -->
    <tag k="addr:city" v="Sutton"/>
    <tag k="addr:housenumber" v="74"/>
    <tag k="addr:street" v="South Ridge Road"/>
    <tag k="addr:state" v="VT"/>
    <tag k="ref:vcgi:esiteid" v="254725"/>
  </node>
  <node id="-493" visible="true" lat="44.604164036578" lon="-72.023850054086">
    <!-- conflict: "571 South Ridge Road, Sutton, VT" Fuzzy match to "571 South Ridge Road, , VT" -->
    <tag k="addr:city" v="Sutton"/>
    <tag k="addr:housenumber" v="571"/>
    <tag k="addr:street" v="South Ridge Road"/>
    <tag k="addr:state" v="VT"/>
    <tag k="ref:vcgi:esiteid" v="254726"/>
  </node>
  <node id="-494" visible="true" lat="44.604066365862" lon="-72.021454909087">
    <!-- conflict: "477 South Ridge Road, Sutton, VT" Fuzzy match to "477 South Ridge Road, , VT" -->
    <tag k="addr:city" v="Sutton"/>
    <tag k="addr:housenumber" v="477"/>
    <tag k="addr:street" v="South Ridge Road"/>
    <tag k="addr:state" v="VT"/>
    <tag k="ref:vcgi:esiteid" v="254727"/>
  </node>
  <node id="-495" visible="true" lat="44.603926953255" lon="-72.009765464484">
    <!-- conflict: "103 Chapman Road, Sutton, VT" Fuzzy match to "103 Chapman Road, , VT" -->
    <tag k="addr:city" v="Sutton"/>
    <tag k="addr:housenumber" v="103"/>
    <tag k="addr:street" v="Chapman Road"/>
    <tag k="addr:state" v="VT"/>
    <tag k="ref:vcgi:esiteid" v="254728"/>
  </node>
  <node id="-496" visible="true" lat="44.603967182832" lon="-72.022629836281">
    <!-- conflict: "553 South Ridge Road, Sutton, VT" Fuzzy match to "553 South Ridge Road, , VT" -->
    <tag k="addr:city" v="Sutton"/>
    <tag k="addr:housenumber" v="553"/>
    <tag k="addr:street" v="South Ridge Road"/>
    <tag k="addr:state" v="VT"/>
    <tag k="ref:vcgi:esiteid" v="254729"/>
  </node>
  <node id="-497" visible="true" lat="44.603935466188" lon="-72.045395698958">
    <!-- conflict: "213 Riendeau Road, Sutton, VT" Fuzzy match to "213 Riendeau Road, , VT" -->
    <tag k="addr:city" v="Sutton"/>
    <tag k="addr:housenumber" v="213"/>
    <tag k="addr:street" v="Riendeau Road"/>
    <tag k="addr:state" v="VT"/>
    <tag k="ref:vcgi:esiteid" v="254730"/>
  </node>
  <node id="-498" visible="true" lat="44.603343307622" lon="-72.004500609614">
    <!-- conflict: "304 Chapman Road, Sutton, VT" Fuzzy match to "304 Chapman Road, , VT" -->
    <tag k="addr:city" v="Sutton"/>
    <tag k="addr:housenumber" v="304"/>
    <tag k="addr:street" v="Chapman Road"/>
    <tag k="addr:state" v="VT"/>
    <tag k="ref:vcgi:esiteid" v="254731"/>
  </node>
  <node id="-499" visible="true" lat="44.603494160438" lon="-72.054581749867">
    <!-- conflict: "2649 Wheelock Road, Sutton, VT" Fuzzy match to "2649 Wheelock Road, , VT" -->
    <tag k="addr:city" v="Sutton"/>
    <tag k="addr:housenumber" v="2649"/>
    <tag k="addr:street" v="Wheelock Road"/>
    <tag k="addr:state" v="VT"/>
    <tag k="ref:vcgi:esiteid" v="254732"/>
  </node>
  <node id="-500" visible="true" lat="44.603016623843" lon="-72.04670835231">
    <!-- conflict: "284 Riendeau Road, Sutton, VT" Fuzzy match to "284 Riendeau Road, , VT" -->
    <tag k="addr:city" v="Sutton"/>
    <tag k="addr:housenumber" v="284"/>
    <tag k="addr:street" v="Riendeau Road"/>
    <tag k="addr:state" v="VT"/>
    <tag k="ref:vcgi:esiteid" v="254733"/>
  </node>
  <node id="-501" visible="true" lat="44.602518231059" lon="-72.012181949067">
    <!-- conflict: "4307 Pudding Hill Road, Lyndonville, VT" Fuzzy match to "4307 Pudding Hill Road, , VT" -->
    <tag k="addr:city" v="Lyndonville"/>
    <tag k="addr:housenumber" v="4307"/>
    <tag k="addr:street" v="Pudding Hill Road"/>
    <tag k="addr:state" v="VT"/>
    <tag k="ref:vcgi:esiteid" v="254734"/>
  </node>
  <node id="-502" visible="true" lat="44.602755073036" lon="-72.011410152874">
    <!-- conflict: "4304 Pudding Hill Road, Lyndonville, VT" Fuzzy match to "4304 Pudding Hill Road, , VT" -->
    <tag k="addr:city" v="Lyndonville"/>
    <tag k="addr:housenumber" v="4304"/>
    <tag k="addr:street" v="Pudding Hill Road"/>
    <tag k="addr:state" v="VT"/>
    <tag k="ref:vcgi:esiteid" v="254735"/>
  </node>
  <node id="-503" visible="true" lat="44.602527395411" lon="-72.04523779889">
    <!-- conflict: "305 Riendeau Road, Sutton, VT" Fuzzy match to "305 Riendeau Road, , VT" -->
    <tag k="addr:city" v="Sutton"/>
    <tag k="addr:housenumber" v="305"/>
    <tag k="addr:street" v="Riendeau Road"/>
    <tag k="addr:state" v="VT"/>
    <tag k="ref:vcgi:esiteid" v="254736"/>
  </node>
  <node id="-504" visible="true" lat="44.601880544656" lon="-72.011941050791">
    <!-- conflict: "4251 Pudding Hill Road, Lyndonville, VT" Fuzzy match to "4251 Pudding Hill Road, , VT" -->
    <tag k="addr:city" v="Lyndonville"/>
    <tag k="addr:housenumber" v="4251"/>
    <tag k="addr:street" v="Pudding Hill Road"/>
    <tag k="addr:state" v="VT"/>
    <tag k="ref:vcgi:esiteid" v="254737"/>
  </node>
  <node id="-505" visible="true" lat="44.602037374599" lon="-72.04502212723">
    <!-- conflict: "377 Riendeau Road, Sutton, VT" Fuzzy match to "377 Riendeau Road, , VT" -->
    <tag k="addr:city" v="Sutton"/>
    <tag k="addr:housenumber" v="377"/>
    <tag k="addr:street" v="Riendeau Road"/>
    <tag k="addr:state" v="VT"/>
    <tag k="ref:vcgi:esiteid" v="254738"/>
  </node>
  <node id="-506" visible="true" lat="44.601018500811" lon="-72.046058369984">
    <!-- conflict: "392 Riendeau Road, Sutton, VT" Fuzzy match to "392 Riendeau Road, , VT" -->
    <tag k="addr:city" v="Sutton"/>
    <tag k="addr:housenumber" v="392"/>
    <tag k="addr:street" v="Riendeau Road"/>
    <tag k="addr:state" v="VT"/>
    <tag k="ref:vcgi:esiteid" v="254739"/>
  </node>
  <node id="-507" visible="true" lat="44.599687279513" lon="-72.012205763457">
    <!-- conflict: "4089 Pudding Hill Road, Lyndonville, VT" Fuzzy match to "4089 Pudding Hill Road, , VT" -->
    <tag k="addr:city" v="Lyndonville"/>
    <tag k="addr:housenumber" v="4089"/>
    <tag k="addr:street" v="Pudding Hill Road"/>
    <tag k="addr:state" v="VT"/>
    <tag k="ref:vcgi:esiteid" v="254740"/>
  </node>
  <node id="-508" visible="true" lat="44.597261403091" lon="-72.01208735462">
    <!-- conflict: "3949 Pudding Hill Road, Lyndonville, VT" Fuzzy match to "3949 Pudding Hill Road, , VT" -->
    <tag k="addr:city" v="Lyndonville"/>
    <tag k="addr:housenumber" v="3949"/>
    <tag k="addr:street" v="Pudding Hill Road"/>
    <tag k="addr:state" v="VT"/>
    <tag k="ref:vcgi:esiteid" v="254741"/>
  </node>
  <node id="-509" visible="true" lat="44.599186670769" lon="-72.003896226327">
    <!-- conflict: "298 Chapman Road, Sutton, VT" Fuzzy match to "298 Chapman Road, , VT" -->
    <tag k="addr:city" v="Sutton"/>
    <tag k="addr:housenumber" v="298"/>
    <tag k="addr:street" v="Chapman Road"/>
    <tag k="addr:state" v="VT"/>
    <tag k="ref:vcgi:esiteid" v="254742"/>
  </node>
  <node id="-510" visible="true" lat="44.596339781526" lon="-72.012245025928">
    <!-- conflict: "3899 Pudding Hill Road, Lyndonville, VT" Fuzzy match to "3899 Pudding Hill Road, , VT" -->
    <tag k="addr:city" v="Lyndonville"/>
    <tag k="addr:housenumber" v="3899"/>
    <tag k="addr:street" v="Pudding Hill Road"/>
    <tag k="addr:state" v="VT"/>
    <tag k="ref:vcgi:esiteid" v="254743"/>
  </node>
  <node id="-511" visible="true" lat="44.594850056084" lon="-72.009171578722">
    <!-- conflict: "3700 Pudding Hill Road, Lyndonville, VT" Fuzzy match to "3700 Pudding Hill Road, , VT" -->
    <tag k="addr:city" v="Lyndonville"/>
    <tag k="addr:housenumber" v="3700"/>
    <tag k="addr:street" v="Pudding Hill Road"/>
    <tag k="addr:state" v="VT"/>
    <tag k="ref:vcgi:esiteid" v="254744"/>
  </node>
  <node id="-512" visible="true" lat="44.59480256676" lon="-72.028499187671">
    <!-- conflict: "299 Robert Hazen Drive, Lyndonville, VT" Fuzzy match to "299 Robert Hazen Drive, , VT" -->
    <tag k="addr:city" v="Lyndonville"/>
    <tag k="addr:housenumber" v="299"/>
    <tag k="addr:street" v="Robert Hazen Drive"/>
    <tag k="addr:state" v="VT"/>
    <tag k="ref:vcgi:esiteid" v="254745"/>
  </node>
  <node id="-513" visible="true" lat="44.594566858114" lon="-72.010670393895">
    <!-- conflict: "3729 Pudding Hill Road, Lyndonville, VT" Fuzzy match to "3729 Pudding Hill Road, , VT" -->
    <tag k="addr:city" v="Lyndonville"/>
    <tag k="addr:housenumber" v="3729"/>
    <tag k="addr:street" v="Pudding Hill Road"/>
    <tag k="addr:state" v="VT"/>
    <tag k="ref:vcgi:esiteid" v="254746"/>
  </node>
  <node id="-514" visible="true" lat="44.594610249241" lon="-72.009962882566">
    <!-- conflict: "3716 Pudding Hill Road, Lyndonville, VT" Fuzzy match to "3716 Pudding Hill Road, , VT" -->
    <tag k="addr:city" v="Lyndonville"/>
    <tag k="addr:housenumber" v="3716"/>
    <tag k="addr:street" v="Pudding Hill Road"/>
    <tag k="addr:state" v="VT"/>
    <tag k="ref:vcgi:esiteid" v="254747"/>
  </node>
  <node id="-515" visible="true" lat="44.594286660969" lon="-72.0239516208">
    <!-- conflict: "56 Robert Hazen Drive, Lyndonville, VT" Fuzzy match to "56 Robert Hazen Drive, , VT" -->
    <tag k="addr:city" v="Lyndonville"/>
    <tag k="addr:housenumber" v="56"/>
    <tag k="addr:street" v="Robert Hazen Drive"/>
    <tag k="addr:state" v="VT"/>
    <tag k="ref:vcgi:esiteid" v="254748"/>
  </node>
  <node id="-516" visible="true" lat="44.594002992581" lon="-72.012514083994">
    <!-- conflict: "99 Lanes Way, Lyndonville, VT" Fuzzy match to "99 Lanes Way, , VT" -->
    <tag k="addr:city" v="Lyndonville"/>
    <tag k="addr:housenumber" v="99"/>
    <tag k="addr:street" v="Lanes Way"/>
    <tag k="addr:state" v="VT"/>
    <tag k="ref:vcgi:esiteid" v="254749"/>
  </node>
  <node id="-518" visible="true" lat="44.613299036907" lon="-71.996172517875">
    <!-- conflict: "1116 Simpson Hill, Sutton, VT" Fuzzy match to "1116 Simpson Hill, , VT" -->
    <tag k="addr:city" v="Sutton"/>
    <tag k="addr:housenumber" v="1116"/>
    <tag k="addr:street" v="Simpson Hill"/>
    <tag k="addr:state" v="VT"/>
    <tag k="ref:vcgi:esiteid" v="254751"/>
  </node>
  <node id="-520" visible="true" lat="44.694446895364" lon="-72.063916659748">
    <!-- conflict: "5666 United States Route 5, Sutton, VT" No match in OSM, but a different address exists <5m away: "5666 U.S. Route 5, , VT" -->
    <tag k="addr:city" v="Sutton"/>
    <tag k="addr:housenumber" v="5666"/>
    <tag k="addr:street" v="United States Route 5"/>
    <tag k="addr:state" v="VT"/>
    <tag k="ref:vcgi:esiteid" v="254753"/>
  </node>
  <node id="-521" visible="true" lat="44.695547582206" lon="-72.084529865071">
    <!-- conflict: "6717 United States Route 5, Sutton, VT" No match in OSM, but a different address exists <5m away: "6717 U.S. Route 5, Sutton, VT" -->
    <tag k="addr:city" v="Sutton"/>
    <tag k="addr:housenumber" v="6717"/>
    <tag k="addr:street" v="United States Route 5"/>
    <tag k="addr:state" v="VT"/>
    <tag k="ref:vcgi:esiteid" v="254754"/>
  </node>
  <node id="-522" visible="true" lat="44.660405846182" lon="-72.0422478724">
    <!-- conflict: "2061 Underpass Road, Sutton, VT" Fuzzy match to "2061 Underpass Road, , VT" -->
    <tag k="addr:city" v="Sutton"/>
    <tag k="addr:housenumber" v="2061"/>
    <tag k="addr:street" v="Underpass Road"/>
    <tag k="addr:state" v="VT"/>
    <tag k="ref:vcgi:esiteid" v="254755"/>
  </node>
  <node id="-523" visible="true" lat="44.617084311941" lon="-72.013384802598">
    <!-- conflict: "132 Dexter Road, Lyndonville, VT" Fuzzy match to "132 Dexter Road, Sutton, VT" -->
    <tag k="addr:city" v="Lyndonville"/>
    <tag k="addr:housenumber" v="132"/>
    <tag k="addr:street" v="Dexter Road"/>
    <tag k="addr:state" v="VT"/>
    <tag k="ref:vcgi:esiteid" v="254756"/>
  </node>
  <node id="-526" visible="true" lat="44.605602177439" lon="-71.999925315043">
    <!-- conflict: "111 Fiddlehead Lane, Lyndonville, VT" Fuzzy match to "111 Fiddlehead Lane, Sutton, VT" -->
    <tag k="addr:city" v="Lyndonville"/>
    <tag k="addr:housenumber" v="111"/>
    <tag k="addr:street" v="Fiddlehead Lane"/>
    <tag k="addr:state" v="VT"/>
    <tag k="ref:vcgi:esiteid" v="254759"/>
  </node>
  <node id="-527" visible="true" lat="44.668446799727" lon="-72.007378066605">
    <!-- conflict: "2197 North Ridge Road, Sutton, VT" Fuzzy match to "2197 North Ridge Road, , VT" -->
    <tag k="addr:city" v="Sutton"/>
    <tag k="addr:housenumber" v="2197"/>
    <tag k="addr:street" v="North Ridge Road"/>
    <tag k="addr:state" v="VT"/>
    <tag k="ref:vcgi:esiteid" v="254760"/>
  </node>
  <node id="-528" visible="true" lat="44.626547635813" lon="-72.065947650605">
    <!-- conflict: "850 Wood Hill Road, Sutton, VT" Fuzzy match to "850 Wood Hill Road, , VT" -->
    <tag k="addr:city" v="Sutton"/>
    <tag k="addr:housenumber" v="850"/>
    <tag k="addr:street" v="Wood Hill Road"/>
    <tag k="addr:state" v="VT"/>
    <tag k="ref:vcgi:esiteid" v="254761"/>
  </node>
  <node id="-529" visible="true" lat="44.65827921595" lon="-72.042533648378">
    <!-- conflict: "121 Four Corners Road, Sutton, VT" Fuzzy match to "121 Four Corners Road, , VT" -->
    <tag k="addr:city" v="Sutton"/>
    <tag k="addr:housenumber" v="121"/>
    <tag k="addr:street" v="Four Corners Road"/>
    <tag k="addr:state" v="VT"/>
    <tag k="ref:vcgi:esiteid" v="254762"/>
  </node>
  <node id="-530" visible="true" lat="44.622668723249" lon="-72.03060420169">
    <!-- conflict: "733 Wheelock Road, Sutton, VT" Fuzzy match to "733 Wheelock Road, , VT" -->
    <tag k="addr:city" v="Sutton"/>
    <tag k="addr:housenumber" v="733"/>
    <tag k="addr:street" v="Wheelock Road"/>
    <tag k="addr:state" v="VT"/>
    <tag k="ref:vcgi:esiteid" v="254764"/>
  </node>
  <node id="-533" visible="true" lat="44.622915148736" lon="-72.032026145423">
    <!-- conflict: "710 Wheelock Road, Sutton, VT" Fuzzy match to "710 Wheelock Road, , VT" -->
    <tag k="addr:city" v="Sutton"/>
    <tag k="addr:housenumber" v="710"/>
    <tag k="addr:street" v="Wheelock Road"/>
    <tag k="addr:state" v="VT"/>
    <tag k="ref:vcgi:esiteid" v="254767"/>
  </node>
  <node id="-537" visible="true" lat="44.658292953054" lon="-72.00245159765">
    <!-- conflict: "1501 North Ridge Road, Sutton, VT" Fuzzy match to "1501 North Ridge Road, , VT" -->
    <tag k="addr:city" v="Sutton"/>
    <tag k="addr:housenumber" v="1501"/>
    <tag k="addr:street" v="North Ridge Road"/>
    <tag k="addr:state" v="VT"/>
    <tag k="ref:vcgi:esiteid" v="254772"/>
  </node>
  <node id="-538" visible="true" lat="44.638214928978" lon="-72.071268325741">
    <!-- conflict: "2269 Sheffield Road, Sutton, VT" Fuzzy match to "2269 Sheffield Road, , VT" -->
    <tag k="addr:city" v="Sutton"/>
    <tag k="addr:housenumber" v="2269"/>
    <tag k="addr:street" v="Sheffield Road"/>
    <tag k="addr:state" v="VT"/>
    <tag k="ref:vcgi:esiteid" v="254773"/>
  </node>
  <node id="-539" visible="true" lat="44.655769047995" lon="-72.022328706494">
    <!-- conflict: "1561 Station Road, Sutton, VT" Fuzzy match to "1561 Station Road, , VT" -->
    <tag k="addr:city" v="Sutton"/>
    <tag k="addr:housenumber" v="1561"/>
    <tag k="addr:street" v="Station Road"/>
    <tag k="addr:state" v="VT"/>
    <tag k="ref:vcgi:esiteid" v="254774"/>
  </node>
  <node id="-540" visible="true" lat="44.665161813088" lon="-72.045846546578">
    <!-- conflict: "2457 Underpass Road, Sutton, VT" Fuzzy match to "2457 Underpass Road, , VT" -->
    <tag k="addr:city" v="Sutton"/>
    <tag k="addr:housenumber" v="2457"/>
    <tag k="addr:street" v="Underpass Road"/>
    <tag k="addr:state" v="VT"/>
    <tag k="ref:vcgi:esiteid" v="254775"/>
  </node>
  <node id="-541" visible="true" lat="44.668479371047" lon="-71.994137671591">
    <!-- conflict: "2095 Vermont Route 5A, West Burke, VT" Fuzzy match to "2095 Vermont Route 5A, , VT" -->
    <tag k="addr:city" v="West Burke"/>
    <tag k="addr:housenumber" v="2095"/>
    <tag k="addr:street" v="Vermont Route 5A"/>
    <tag k="addr:state" v="VT"/>
    <tag k="ref:vcgi:esiteid" v="254776"/>
  </node>
  <node id="-542" visible="true" lat="44.649270878555" lon="-71.982914105373">
    <!-- conflict: "535 Vermont Route 5A, West Burke, VT" Fuzzy match to "535 Vermont Route 5A, , VT" -->
    <tag k="addr:city" v="West Burke"/>
    <tag k="addr:housenumber" v="535"/>
    <tag k="addr:street" v="Vermont Route 5A"/>
    <tag k="addr:state" v="VT"/>
    <tag k="ref:vcgi:esiteid" v="254777"/>
  </node>
  <node id="-543" visible="true" lat="44.648481405038" lon="-71.982775030115">
    <!-- conflict: "501 Vermont Route 5A, West Burke, VT" Fuzzy match to "501 Vermont Route 5A, , VT" -->
    <tag k="addr:city" v="West Burke"/>
    <tag k="addr:housenumber" v="501"/>
    <tag k="addr:street" v="Vermont Route 5A"/>
    <tag k="addr:state" v="VT"/>
    <tag k="ref:vcgi:esiteid" v="254778"/>
  </node>
  <node id="-544" visible="true" lat="44.727900311285" lon="-72.098059554544">
    <!-- conflict: "825 Wheeler Mountain Road, Barton, VT" Fuzzy match to "825 Wheeler Mountain Road, , VT" -->
    <tag k="addr:city" v="Barton"/>
    <tag k="addr:housenumber" v="825"/>
    <tag k="addr:street" v="Wheeler Mountain Road"/>
    <tag k="addr:state" v="VT"/>
    <tag k="ref:vcgi:esiteid" v="254779"/>
  </node>
  <node id="-546" visible="true" lat="44.601130737326" lon="-72.045277274823">
    <!-- conflict: "391 Riendeau Road, Sutton, VT" Fuzzy match to "391 Riendeau Road, , VT" -->
    <tag k="addr:city" v="Sutton"/>
    <tag k="addr:housenumber" v="391"/>
    <tag k="addr:street" v="Riendeau Road"/>
    <tag k="addr:state" v="VT"/>
    <tag k="ref:vcgi:esiteid" v="254781"/>
  </node>
  <node id="-547" visible="true" lat="44.600508867909" lon="-72.058071024841">
    <!-- conflict: "1640 Sutton Road, Lyndonville, VT" Fuzzy match to "1640 Sutton Road, Sutton, VT" -->
    <tag k="addr:city" v="Lyndonville"/>
    <tag k="addr:housenumber" v="1640"/>
    <tag k="addr:street" v="Sutton Road"/>
    <tag k="addr:state" v="VT"/>
    <tag k="ref:vcgi:esiteid" v="285634"/>
  </node>
  <node id="-548" visible="true" lat="44.653885963921" lon="-72.010514476105">
    <!-- conflict: "1648 United States Route 5, Sutton, VT" No match in OSM, but a different address exists <5m away: "1648 U.S. Route 5, Sutton, VT" -->
    <tag k="addr:city" v="Sutton"/>
    <tag k="addr:housenumber" v="1648"/>
    <tag k="addr:street" v="United States Route 5"/>
    <tag k="addr:state" v="VT"/>
    <tag k="ref:vcgi:esiteid" v="316703"/>
  </node>
  <node id="-549" visible="true" lat="44.656517432601" lon="-72.008669388563">
    <!-- conflict: "1678 United States Route 5, Sutton, VT" No match in OSM, but a different address exists <5m away: "1678 U.S. Route 5, Sutton, VT" -->
    <tag k="addr:city" v="Sutton"/>
    <tag k="addr:housenumber" v="1678"/>
    <tag k="addr:street" v="United States Route 5"/>
    <tag k="addr:state" v="VT"/>
    <tag k="ref:vcgi:esiteid" v="326726"/>
  </node>
  <node id="-550" visible="true" lat="44.674052033088" lon="-72.057123317315">
    <!-- conflict: "90 Hopeful Acres Drive, Sutton, VT" Fuzzy match to "90 Hopeful Acres Drive, , VT" -->
    <tag k="addr:city" v="Sutton"/>
    <tag k="addr:housenumber" v="90"/>
    <tag k="addr:street" v="Hopeful Acres Drive"/>
    <tag k="addr:state" v="VT"/>
    <tag k="ref:vcgi:esiteid" v="328848"/>
  </node>
  <node id="-551" visible="true" lat="44.672735562378" lon="-72.058446847728">
    <!-- conflict: "93 Hopeful Acres Drive, Sutton, VT" Fuzzy match to "93 Hopeful Acres Drive, , VT" -->
    <tag k="addr:city" v="Sutton"/>
    <tag k="addr:housenumber" v="93"/>
    <tag k="addr:street" v="Hopeful Acres Drive"/>
    <tag k="addr:state" v="VT"/>
    <tag k="ref:vcgi:esiteid" v="328849"/>
  </node>
  <node id="-552" visible="true" lat="44.617051867646" lon="-72.044058687369">
    <!-- conflict: "46 Freedom Road, Sutton, VT" Fuzzy match to "46 Freedom Road, , VT" -->
    <tag k="addr:city" v="Sutton"/>
    <tag k="addr:housenumber" v="46"/>
    <tag k="addr:street" v="Freedom Road"/>
    <tag k="addr:state" v="VT"/>
    <tag k="ref:vcgi:esiteid" v="331169"/>
  </node>
  <node id="-553" visible="true" lat="44.676808527647" lon="-71.982137350035">
    <!-- conflict: "1586 East Ridge Road, West Burke, VT" Fuzzy match to "1586 East Ridge Road, , VT" -->
    <tag k="addr:city" v="West Burke"/>
    <tag k="addr:housenumber" v="1586"/>
    <tag k="addr:street" v="East Ridge Road"/>
    <tag k="addr:state" v="VT"/>
    <tag k="ref:vcgi:esiteid" v="336934"/>
  </node>
  <node id="-555" visible="true" lat="44.619753856478" lon="-72.015427598167">
    <!-- conflict: "3402 Calendar Brook Road, Sutton, VT" Fuzzy match to "3402 Calendar Brook Road, , VT" -->
    <tag k="addr:city" v="Sutton"/>
    <tag k="addr:housenumber" v="3402"/>
    <tag k="addr:street" v="Calendar Brook Road"/>
    <tag k="addr:state" v="VT"/>
    <tag k="ref:vcgi:esiteid" v="365611"/>
  </node>
  <node id="-556" visible="true" lat="44.675300012758" lon="-72.030454592728">
    <!-- conflict: "3443 United States Route 5, Sutton, VT" No match in OSM, but a different address exists <5m away: "3443 U.S. Route 5, , VT" -->
    <tag k="addr:city" v="Sutton"/>
    <tag k="addr:housenumber" v="3443"/>
    <tag k="addr:street" v="United States Route 5"/>
    <tag k="addr:state" v="VT"/>
    <tag k="ref:vcgi:esiteid" v="365649"/>
  </node>
  <node id="-557" visible="true" lat="44.624949303436" lon="-72.037351844102">
    <!-- conflict: "334 Sylvester Drive, Sutton, VT" Fuzzy match to "334 Sylvester Drive, , VT" -->
    <tag k="addr:city" v="Sutton"/>
    <tag k="addr:housenumber" v="334"/>
    <tag k="addr:street" v="Sylvester Drive"/>
    <tag k="addr:state" v="VT"/>
    <tag k="ref:vcgi:esiteid" v="449126"/>
  </node>
  <node id="-558" visible="true" lat="44.624339441624" lon="-72.035280313126">
    <!-- conflict: "243 Sylvester Drive, Sutton, VT" Fuzzy match to "243 Sylvester Drive, , VT" -->
    <tag k="addr:city" v="Sutton"/>
    <tag k="addr:housenumber" v="243"/>
    <tag k="addr:street" v="Sylvester Drive"/>
    <tag k="addr:state" v="VT"/>
    <tag k="ref:vcgi:esiteid" v="449127"/>
  </node>
  <node id="-559" visible="true" lat="44.629117858315" lon="-72.002964219782">
    <!-- conflict: "1184 Burke Road, Sutton, VT" Fuzzy match to "1184 Burke Road, , VT" -->
    <tag k="addr:city" v="Sutton"/>
    <tag k="addr:housenumber" v="1184"/>
    <tag k="addr:street" v="Burke Road"/>
    <tag k="addr:state" v="VT"/>
    <tag k="ref:vcgi:esiteid" v="452839"/>
  </node>
  <node id="-560" visible="true" lat="44.678533930001" lon="-72.053442547476">
    <!-- conflict: "43 Ernie Evans Road, Sutton, VT" Fuzzy match to "43 Ernie Evans Road, , VT" -->
    <tag k="addr:city" v="Sutton"/>
    <tag k="addr:housenumber" v="43"/>
    <tag k="addr:street" v="Ernie Evans Road"/>
    <tag k="addr:state" v="VT"/>
    <tag k="ref:vcgi:esiteid" v="452841"/>
  </node>
  <node id="-561" visible="true" lat="44.665721452248" lon="-72.054882423211">
    <!-- conflict: "835 Morey Road, Sutton, VT" Fuzzy match to "835 Morey Road, , VT" -->
    <tag k="addr:city" v="Sutton"/>
    <tag k="addr:housenumber" v="835"/>
    <tag k="addr:street" v="Morey Road"/>
    <tag k="addr:state" v="VT"/>
    <tag k="ref:vcgi:esiteid" v="452842"/>
  </node>
  <node id="-562" visible="true" lat="44.664091893864" lon="-72.056878602346">
    <!-- conflict: "775 Morey Road, Sutton, VT" Fuzzy match to "775 Morey Road, , VT" -->
    <tag k="addr:city" v="Sutton"/>
    <tag k="addr:housenumber" v="775"/>
    <tag k="addr:street" v="Morey Road"/>
    <tag k="addr:state" v="VT"/>
    <tag k="ref:vcgi:esiteid" v="452843"/>
  </node>
  <node id="-563" visible="true" lat="44.662543083795" lon="-72.050585898394">
    <!-- conflict: "510 Morey Road, Sutton, VT" Fuzzy match to "510 Morey Road, , VT" -->
    <tag k="addr:city" v="Sutton"/>
    <tag k="addr:housenumber" v="510"/>
    <tag k="addr:street" v="Morey Road"/>
    <tag k="addr:state" v="VT"/>
    <tag k="ref:vcgi:esiteid" v="452844"/>
  </node>
  <node id="-564" visible="true" lat="44.640625963181" lon="-72.070895993013">
    <!-- conflict: "46 Union House Road, Sutton, VT" Fuzzy match to "46 Union House Road, , VT" -->
    <tag k="addr:city" v="Sutton"/>
    <tag k="addr:housenumber" v="46"/>
    <tag k="addr:street" v="Union House Road"/>
    <tag k="addr:state" v="VT"/>
    <tag k="ref:vcgi:esiteid" v="452845"/>
  </node>
  <node id="-565" visible="true" lat="44.690971636496" lon="-71.996406103076">
    <!-- conflict: "165 Newark Pond Road, West Burke, VT" Fuzzy match to "165 Newark Pond Road, , VT" -->
    <tag k="addr:city" v="West Burke"/>
    <tag k="addr:housenumber" v="165"/>
    <tag k="addr:street" v="Newark Pond Road"/>
    <tag k="addr:state" v="VT"/>
    <tag k="ref:vcgi:esiteid" v="452846"/>
  </node>
  <node id="-566" visible="true" lat="44.686030509166" lon="-72.016733898683">
    <!-- conflict: "347 Nygrens Road, Sutton, VT" Fuzzy match to "347 Nygrens Road, , VT" -->
    <tag k="addr:city" v="Sutton"/>
    <tag k="addr:housenumber" v="347"/>
    <tag k="addr:street" v="Nygrens Road"/>
    <tag k="addr:state" v="VT"/>
    <tag k="ref:vcgi:esiteid" v="452847"/>
  </node>
  <node id="-567" visible="true" lat="44.673977127102" lon="-72.019579669429">
    <!-- conflict: "809 Pierce Hill Road, Sutton, VT" Fuzzy match to "809 Pierce Hill Road, , VT" -->
    <tag k="addr:city" v="Sutton"/>
    <tag k="addr:housenumber" v="809"/>
    <tag k="addr:street" v="Pierce Hill Road"/>
    <tag k="addr:state" v="VT"/>
    <tag k="ref:vcgi:esiteid" v="452848"/>
  </node>
  <node id="-568" visible="true" lat="44.645375039191" lon="-71.992543047615">
    <!-- conflict: "414 United States Route 5, Sutton, VT" No match in OSM, but a different address exists <5m away: "414 U.S. Route 5, , VT" -->
    <tag k="addr:city" v="Sutton"/>
    <tag k="addr:housenumber" v="414"/>
    <tag k="addr:street" v="United States Route 5"/>
    <tag k="addr:state" v="VT"/>
    <tag k="ref:vcgi:esiteid" v="452851"/>
  </node>
  <node id="-569" visible="true" lat="44.643189989745" lon="-71.986273455238">
    <!-- conflict: "144 United States Route 5, Sutton, VT" No match in OSM, but a different address exists <5m away: "144 U.S. Route 5, , VT" -->
    <tag k="addr:city" v="Sutton"/>
    <tag k="addr:housenumber" v="144"/>
    <tag k="addr:street" v="United States Route 5"/>
    <tag k="addr:state" v="VT"/>
    <tag k="ref:vcgi:esiteid" v="452852"/>
  </node>
  <node id="-571" visible="true" lat="44.686877255347" lon="-71.991516961627">
    <!-- conflict: "359 Rocky Road, West Burke, VT" Fuzzy match to "359 Rocky Road, , VT" -->
    <tag k="addr:city" v="West Burke"/>
    <tag k="addr:housenumber" v="359"/>
    <tag k="addr:street" v="Rocky Road"/>
    <tag k="addr:state" v="VT"/>
    <tag k="ref:vcgi:esiteid" v="455541"/>
  </node>
  <node id="-572" visible="true" lat="44.688449466348" lon="-72.053464480518">
    <!-- conflict: "5005 United States Route 5, Sutton, VT" No match in OSM, but a different address exists <5m away: "5005 U.S. Route 5, , VT" -->
    <tag k="addr:city" v="Sutton"/>
    <tag k="addr:housenumber" v="5005"/>
    <tag k="addr:street" v="United States Route 5"/>
    <tag k="addr:state" v="VT"/>
    <tag k="ref:vcgi:esiteid" v="455542"/>
  </node>
  <node id="-573" visible="true" lat="44.611729691821" lon="-72.044857591032">
    <!-- conflict: "1847 Wheelock Road, Sutton, VT" Fuzzy match to "1847 Wheelock Road, , VT" -->
    <tag k="addr:city" v="Sutton"/>
    <tag k="addr:housenumber" v="1847"/>
    <tag k="addr:street" v="Wheelock Road"/>
    <tag k="addr:state" v="VT"/>
    <tag k="ref:vcgi:esiteid" v="455543"/>
  </node>
  <node id="-574" visible="true" lat="44.668513212987" lon="-71.99055050275">
    <!-- conflict: "1676 Vermont Route 5A, West Burke, VT" Fuzzy match to "1676 Vermont Route 5A, , VT" -->
    <tag k="addr:city" v="West Burke"/>
    <tag k="addr:housenumber" v="1676"/>
    <tag k="addr:street" v="Vermont Route 5A"/>
    <tag k="addr:state" v="VT"/>
    <tag k="ref:vcgi:esiteid" v="610894"/>
  </node>
  <node id="-575" visible="true" lat="44.660393368309" lon="-71.990283622349">
    <!-- conflict: "1521 Vermont Route 5A, West Burke, VT" Fuzzy match to "1521 Vermont Route 5A, , VT" -->
    <tag k="addr:city" v="West Burke"/>
    <tag k="addr:housenumber" v="1521"/>
    <tag k="addr:street" v="Vermont Route 5A"/>
    <tag k="addr:state" v="VT"/>
    <tag k="ref:vcgi:esiteid" v="610895"/>
  </node>
  <node id="-576" visible="true" lat="44.678792121743" lon="-71.995794602987">
    <!-- conflict: "2777 Vermont Route 5A, West Burke, VT" Fuzzy match to "2777 Vermont Route 5A, , VT" -->
    <tag k="addr:city" v="West Burke"/>
    <tag k="addr:housenumber" v="2777"/>
    <tag k="addr:street" v="Vermont Route 5A"/>
    <tag k="addr:state" v="VT"/>
    <tag k="ref:vcgi:esiteid" v="611886"/>
  </node>
  <node id="-577" visible="true" lat="44.680766456611" lon="-71.995771821212">
    <!-- conflict: "2931 Vermont Route 5A, West Burke, VT" Fuzzy match to "2931 Vermont Route 5A, , VT" -->
    <tag k="addr:city" v="West Burke"/>
    <tag k="addr:housenumber" v="2931"/>
    <tag k="addr:street" v="Vermont Route 5A"/>
    <tag k="addr:state" v="VT"/>
    <tag k="ref:vcgi:esiteid" v="611887"/>
  </node>
  <node id="-578" visible="true" lat="44.68162177733" lon="-71.994818429773">
    <!-- conflict: "3024 Vermont Route 5A, West Burke, VT" Fuzzy match to "3024 Vermont Route 5A, , VT" -->
    <tag k="addr:city" v="West Burke"/>
    <tag k="addr:housenumber" v="3024"/>
    <tag k="addr:street" v="Vermont Route 5A"/>
    <tag k="addr:state" v="VT"/>
    <tag k="ref:vcgi:esiteid" v="611888"/>
  </node>
  <node id="-579" visible="true" lat="44.65431519175" lon="-72.040391470563">
    <!-- conflict: "1549 Underpass Road, Sutton, VT" Fuzzy match to "1549 Underpass Road, , VT" -->
    <tag k="addr:city" v="Sutton"/>
    <tag k="addr:housenumber" v="1549"/>
    <tag k="addr:street" v="Underpass Road"/>
    <tag k="addr:state" v="VT"/>
    <tag k="ref:vcgi:esiteid" v="611913"/>
  </node>
  <node id="-580" visible="true" lat="44.654911084128" lon="-72.037010909952">
    <!-- conflict: "1690 Underpass Road, Sutton, VT" Fuzzy match to "1690 Underpass Road, , VT" -->
    <tag k="addr:city" v="Sutton"/>
    <tag k="addr:housenumber" v="1690"/>
    <tag k="addr:street" v="Underpass Road"/>
    <tag k="addr:state" v="VT"/>
    <tag k="ref:vcgi:esiteid" v="611914"/>
  </node>
  <node id="-581" visible="true" lat="44.6572129137" lon="-72.040982397663">
    <!-- conflict: "1875 Underpass Road, Sutton, VT" Fuzzy match to "1875 Underpass Road, , VT" -->
    <tag k="addr:city" v="Sutton"/>
    <tag k="addr:housenumber" v="1875"/>
    <tag k="addr:street" v="Underpass Road"/>
    <tag k="addr:state" v="VT"/>
    <tag k="ref:vcgi:esiteid" v="611915"/>
  </node>
  <node id="-582" visible="true" lat="44.66768010527" lon="-72.042681684532">
    <!-- conflict: "2604 Underpass Road, Sutton, VT" Fuzzy match to "2604 Underpass Road, , VT" -->
    <tag k="addr:city" v="Sutton"/>
    <tag k="addr:housenumber" v="2604"/>
    <tag k="addr:street" v="Underpass Road"/>
    <tag k="addr:state" v="VT"/>
    <tag k="ref:vcgi:esiteid" v="611916"/>
  </node>
  <node id="-583" visible="true" lat="44.663196846805" lon="-72.043962924482">
    <!-- conflict: "2267 Underpass Road, Sutton, VT" Fuzzy match to "2267 Underpass Road, , VT" -->
    <tag k="addr:city" v="Sutton"/>
    <tag k="addr:housenumber" v="2267"/>
    <tag k="addr:street" v="Underpass Road"/>
    <tag k="addr:state" v="VT"/>
    <tag k="ref:vcgi:esiteid" v="611917"/>
  </node>
  <node id="-584" visible="true" lat="44.689787469132" lon="-72.021642237085">
    <!-- conflict: "890 Dolloff Pond Road, Sutton, VT" Fuzzy match to "890 Dolloff Pond Road, , VT" -->
    <tag k="addr:city" v="Sutton"/>
    <tag k="addr:housenumber" v="890"/>
    <tag k="addr:street" v="Dolloff Pond Road"/>
    <tag k="addr:state" v="VT"/>
    <tag k="ref:vcgi:esiteid" v="617621"/>
  </node>
  <node id="-585" visible="true" lat="44.67766616263" lon="-72.031226715891">
    <!-- conflict: "3610 United States Route 5, Sutton, VT" No match in OSM, but a different address exists <5m away: "3610 U.S. Route 5, , VT" -->
    <tag k="addr:city" v="Sutton"/>
    <tag k="addr:housenumber" v="3610"/>
    <tag k="addr:street" v="United States Route 5"/>
    <tag k="addr:state" v="VT"/>
    <tag k="ref:vcgi:esiteid" v="617658"/>
  </node>
  <node id="-586" visible="true" lat="44.627731395928" lon="-72.000835548566">
    <!-- conflict: "84 Simpson Hill, Sutton, VT" Fuzzy match to "84 Simpson Hill, , VT" -->
    <tag k="addr:city" v="Sutton"/>
    <tag k="addr:housenumber" v="84"/>
    <tag k="addr:street" v="Simpson Hill"/>
    <tag k="addr:state" v="VT"/>
    <tag k="ref:vcgi:esiteid" v="618029"/>
  </node>
  <node id="-587" visible="true" lat="44.651476557553" lon="-72.019976611159">
    <!-- conflict: "1328 Station Road, Sutton, VT" Fuzzy match to "1328 Station Road, , VT" -->
    <tag k="addr:city" v="Sutton"/>
    <tag k="addr:housenumber" v="1328"/>
    <tag k="addr:street" v="Station Road"/>
    <tag k="addr:state" v="VT"/>
    <tag k="ref:vcgi:esiteid" v="618030"/>
  </node>
  <node id="-588" visible="true" lat="44.679981758751" lon="-72.056771251873">
    <!-- conflict: "224 Ernie Evans Road, Sutton, VT" Fuzzy match to "224 Ernie Evans Road, , VT" -->
    <tag k="addr:city" v="Sutton"/>
    <tag k="addr:housenumber" v="224"/>
    <tag k="addr:street" v="Ernie Evans Road"/>
    <tag k="addr:state" v="VT"/>
    <tag k="ref:vcgi:esiteid" v="618375"/>
  </node>
  <node id="-590" visible="true" lat="44.674764115841" lon="-72.051441323155">
    <!-- conflict: "3185 Underpass Road, Sutton, VT" Fuzzy match to "3185 Underpass Road, , VT" -->
    <tag k="addr:city" v="Sutton"/>
    <tag k="addr:housenumber" v="3185"/>
    <tag k="addr:street" v="Underpass Road"/>
    <tag k="addr:state" v="VT"/>
    <tag k="ref:vcgi:esiteid" v="620316"/>
  </node>
  <node id="-591" visible="true" lat="44.673549429567" lon="-72.049233326954">
    <!-- conflict: "3086 Underpass Road, Sutton, VT" Fuzzy match to "3086 Underpass Road, , VT" -->
    <tag k="addr:city" v="Sutton"/>
    <tag k="addr:housenumber" v="3086"/>
    <tag k="addr:street" v="Underpass Road"/>
    <tag k="addr:state" v="VT"/>
    <tag k="ref:vcgi:esiteid" v="620317"/>
  </node>
  <node id="-593" visible="true" lat="44.657498931954" lon="-72.01812792691">
    <!-- conflict: "2093 United States Route 5, Sutton, VT" No match in OSM, but a different address exists <5m away: "2093 U.S. Route 5, , VT" -->
    <tag k="addr:city" v="Sutton"/>
    <tag k="addr:housenumber" v="2093"/>
    <tag k="addr:street" v="United States Route 5"/>
    <tag k="addr:state" v="VT"/>
    <tag k="ref:vcgi:esiteid" v="654873"/>
  </node>
  <node id="-594" visible="true" lat="44.661485199634" lon="-72.048492073913">
    <!-- conflict: "388 Morey Road, Sutton, VT" Fuzzy match to "388 Morey Road, , VT" -->
    <tag k="addr:city" v="Sutton"/>
    <tag k="addr:housenumber" v="388"/>
    <tag k="addr:street" v="Morey Road"/>
    <tag k="addr:state" v="VT"/>
    <tag k="ref:vcgi:esiteid" v="700189"/>
  </node>
  <node id="-596" visible="true" lat="44.644592540821" lon="-72.034927112006">
    <!-- conflict: "925 Underpass Road, Sutton, VT" Fuzzy match to "925 Underpass Road, , VT" -->
    <tag k="addr:city" v="Sutton"/>
    <tag k="addr:housenumber" v="925"/>
    <tag k="addr:street" v="Underpass Road"/>
    <tag k="addr:state" v="VT"/>
    <tag k="ref:vcgi:esiteid" v="750824"/>
  </node>
  <node id="-597" visible="true" lat="44.643242124226" lon="-72.040721061442">
    <!-- conflict: "62 Craig Pond Road, Sutton, VT" Fuzzy match to "62 Craig Pond Road, , VT" -->
    <tag k="addr:city" v="Sutton"/>
    <tag k="addr:housenumber" v="62"/>
    <tag k="addr:street" v="Craig Pond Road"/>
    <tag k="addr:state" v="VT"/>
    <tag k="ref:vcgi:esiteid" v="750825"/>
  </node>
  <node id="-599" visible="true" lat="44.668775611814" lon="-72.02686681273">
    <!-- conflict: "2989 United States Route 5, Sutton, VT" No match in OSM, but a different address exists <5m away: "2989 U.S. Route 5, , VT" -->
    <tag k="addr:city" v="Sutton"/>
    <tag k="addr:housenumber" v="2989"/>
    <tag k="addr:street" v="United States Route 5"/>
    <tag k="addr:state" v="VT"/>
    <tag k="ref:vcgi:esiteid" v="751786"/>
  </node>
  <node id="-600" visible="true" lat="44.667491841373" lon="-72.022190391414">
    <!-- conflict: "2800 United States Route 5, Sutton, VT" No match in OSM, but a different address exists <5m away: "2800 U.S. Route 5, , VT" -->
    <tag k="addr:city" v="Sutton"/>
    <tag k="addr:housenumber" v="2800"/>
    <tag k="addr:street" v="United States Route 5"/>
    <tag k="addr:state" v="VT"/>
    <tag k="ref:vcgi:esiteid" v="751787"/>
  </node>
  <node id="-601" visible="true" lat="44.670376638729" lon="-72.030847145608">
    <!-- conflict: "3247 United States Route 5, Sutton, VT" No match in OSM, but a different address exists <5m away: "3247 U.S. Route 5, , VT" -->
    <tag k="addr:city" v="Sutton"/>
    <tag k="addr:housenumber" v="3247"/>
    <tag k="addr:street" v="United States Route 5"/>
    <tag k="addr:state" v="VT"/>
    <tag k="ref:vcgi:esiteid" v="751788"/>
  </node>
  <node id="-602" visible="true" lat="44.693746834917" lon="-72.088063853946">
    <!-- conflict: "6791 United States Route 5, Sutton, VT" No match in OSM, but a different address exists <5m away: "6791 U.S. Route 5, , VT" -->
    <tag k="addr:city" v="Sutton"/>
    <tag k="addr:housenumber" v="6791"/>
    <tag k="addr:street" v="United States Route 5"/>
    <tag k="addr:state" v="VT"/>
    <tag k="ref:vcgi:esiteid" v="751834"/>
  </node>
  <node id="-603" visible="true" lat="44.695850047822" lon="-72.082711792342">
    <!-- conflict: "6640 United States Route 5, Sutton, VT" No match in OSM, but a different address exists <5m away: "6640 U.S. Route 5, , VT" -->
    <tag k="addr:city" v="Sutton"/>
    <tag k="addr:housenumber" v="6640"/>
    <tag k="addr:street" v="United States Route 5"/>
    <tag k="addr:state" v="VT"/>
    <tag k="ref:vcgi:esiteid" v="751835"/>
  </node>
  <node id="-604" visible="true" lat="44.634818228273" lon="-72.008807260727">
    <!-- conflict: "839 Burke Road, Sutton, VT" Fuzzy match to "839 Burke Road, , VT" -->
    <tag k="addr:city" v="Sutton"/>
    <tag k="addr:housenumber" v="839"/>
    <tag k="addr:street" v="Burke Road"/>
    <tag k="addr:state" v="VT"/>
    <tag k="ref:vcgi:esiteid" v="751987"/>
  </node>
  <node id="-605" visible="true" lat="44.610377013704" lon="-72.001083650467">
    <!-- conflict: "2504 Calendar Brook Road, Lyndonville, VT" Fuzzy match to "2504 Calendar Brook Road, , VT" -->
    <tag k="addr:city" v="Lyndonville"/>
    <tag k="addr:housenumber" v="2504"/>
    <tag k="addr:street" v="Calendar Brook Road"/>
    <tag k="addr:state" v="VT"/>
    <tag k="ref:vcgi:esiteid" v="751988"/>
  </node>
  <node id="-606" visible="true" lat="44.617583761305" lon="-72.015172847771">
    <!-- conflict: "56 Dexter Road, Lyndonville, VT" Fuzzy match to "56 Dexter Road, , VT" -->
    <tag k="addr:city" v="Lyndonville"/>
    <tag k="addr:housenumber" v="56"/>
    <tag k="addr:street" v="Dexter Road"/>
    <tag k="addr:state" v="VT"/>
    <tag k="ref:vcgi:esiteid" v="751989"/>
  </node>
  <node id="-607" visible="true" lat="44.61749784743" lon="-72.049791751732">
    <!-- conflict: "313 Freedom Road, Sutton, VT" Fuzzy match to "313 Freedom Road, , VT" -->
    <tag k="addr:city" v="Sutton"/>
    <tag k="addr:housenumber" v="313"/>
    <tag k="addr:street" v="Freedom Road"/>
    <tag k="addr:state" v="VT"/>
    <tag k="ref:vcgi:esiteid" v="751990"/>
  </node>
  <node id="-608" visible="true" lat="44.6168976809" lon="-72.047947882274">
    <!-- conflict: "223 Freedom Road, Sutton, VT" Fuzzy match to "223 Freedom Road, , VT" -->
    <tag k="addr:city" v="Sutton"/>
    <tag k="addr:housenumber" v="223"/>
    <tag k="addr:street" v="Freedom Road"/>
    <tag k="addr:state" v="VT"/>
    <tag k="ref:vcgi:esiteid" v="751991"/>
  </node>
  <node id="-609" visible="true" lat="44.620161232749" lon="-72.052562700809">
    <!-- conflict: "604 Freedom Road, Sutton, VT" Fuzzy match to "604 Freedom Road, , VT" -->
    <tag k="addr:city" v="Sutton"/>
    <tag k="addr:housenumber" v="604"/>
    <tag k="addr:street" v="Freedom Road"/>
    <tag k="addr:state" v="VT"/>
    <tag k="ref:vcgi:esiteid" v="751992"/>
  </node>
  <node id="-610" visible="true" lat="44.659596728189" lon="-72.011406864694">
    <!-- conflict: "339 Michaud Drive, Sutton, VT" Fuzzy match to "339 Michaud Drive, , VT" -->
    <tag k="addr:city" v="Sutton"/>
    <tag k="addr:housenumber" v="339"/>
    <tag k="addr:street" v="Michaud Drive"/>
    <tag k="addr:state" v="VT"/>
    <tag k="ref:vcgi:esiteid" v="751993"/>
  </node>
  <node id="-611" visible="true" lat="44.605015693606" lon="-72.023208809522">
    <!-- conflict: "632 South Ridge Road, Sutton, VT" Fuzzy match to "632 South Ridge Road, , VT" -->
    <tag k="addr:city" v="Sutton"/>
    <tag k="addr:housenumber" v="632"/>
    <tag k="addr:street" v="South Ridge Road"/>
    <tag k="addr:state" v="VT"/>
    <tag k="ref:vcgi:esiteid" v="751994"/>
  </node>
  <node id="-612" visible="true" lat="44.602532698235" lon="-72.026465293382">
    <!-- conflict: "653 South Ridge Road, Sutton, VT" Fuzzy match to "653 South Ridge Road, , VT" -->
    <tag k="addr:city" v="Sutton"/>
    <tag k="addr:housenumber" v="653"/>
    <tag k="addr:street" v="South Ridge Road"/>
    <tag k="addr:state" v="VT"/>
    <tag k="ref:vcgi:esiteid" v="751995"/>
  </node>
  <node id="-613" visible="true" lat="44.606266643174" lon="-72.027721512231">
    <!-- conflict: "781 South Ridge Road, Sutton, VT" Fuzzy match to "781 South Ridge Road, , VT" -->
    <tag k="addr:city" v="Sutton"/>
    <tag k="addr:housenumber" v="781"/>
    <tag k="addr:street" v="South Ridge Road"/>
    <tag k="addr:state" v="VT"/>
    <tag k="ref:vcgi:esiteid" v="751996"/>
  </node>
  <node id="-614" visible="true" lat="44.606006118455" lon="-72.030948323235">
    <!-- conflict: "789 South Ridge Road, Sutton, VT" Fuzzy match to "789 South Ridge Road, , VT" -->
    <tag k="addr:city" v="Sutton"/>
    <tag k="addr:housenumber" v="789"/>
    <tag k="addr:street" v="South Ridge Road"/>
    <tag k="addr:state" v="VT"/>
    <tag k="ref:vcgi:esiteid" v="751997"/>
  </node>
  <node id="-615" visible="true" lat="44.639563369645" lon="-72.02572080267">
    <!-- conflict: "469 Station Road, Sutton, VT" Fuzzy match to "469 Station Road, , VT" -->
    <tag k="addr:city" v="Sutton"/>
    <tag k="addr:housenumber" v="469"/>
    <tag k="addr:street" v="Station Road"/>
    <tag k="addr:state" v="VT"/>
    <tag k="ref:vcgi:esiteid" v="752589"/>
  </node>
  <node id="-616" visible="true" lat="44.638832798899" lon="-72.025202290406">
    <!-- conflict: "517 Station Road, Sutton, VT" Fuzzy match to "517 Station Road, , VT" -->
    <tag k="addr:city" v="Sutton"/>
    <tag k="addr:housenumber" v="517"/>
    <tag k="addr:street" v="Station Road"/>
    <tag k="addr:state" v="VT"/>
    <tag k="ref:vcgi:esiteid" v="752590"/>
  </node>
  <node id="-617" visible="true" lat="44.654812142317" lon="-72.025779695251">
    <!-- conflict: "1329 Station Road, Sutton, VT" Fuzzy match to "1329 Station Road, , VT" -->
    <tag k="addr:city" v="Sutton"/>
    <tag k="addr:housenumber" v="1329"/>
    <tag k="addr:street" v="Station Road"/>
    <tag k="addr:state" v="VT"/>
    <tag k="ref:vcgi:esiteid" v="752728"/>
  </node>
  <node id="-618" visible="true" lat="44.645392264918" lon="-72.023730499771">
    <!-- conflict: "809 Station Road, Sutton, VT" Fuzzy match to "809 Station Road, , VT" -->
    <tag k="addr:city" v="Sutton"/>
    <tag k="addr:housenumber" v="809"/>
    <tag k="addr:street" v="Station Road"/>
    <tag k="addr:state" v="VT"/>
    <tag k="ref:vcgi:esiteid" v="752729"/>
  </node>
  <node id="-619" visible="true" lat="44.69211231173" lon="-72.012251007598">
    <!-- conflict: "1101 Nygrens Road, Sutton, VT" Fuzzy match to "1101 Nygrens Road, , VT" -->
    <tag k="addr:city" v="Sutton"/>
    <tag k="addr:housenumber" v="1101"/>
    <tag k="addr:street" v="Nygrens Road"/>
    <tag k="addr:state" v="VT"/>
    <tag k="ref:vcgi:esiteid" v="753296"/>
  </node>
  <node id="-620" visible="true" lat="44.669618475488" lon="-71.994491023429">
    <!-- conflict: "2305 Vermont Route 5A, West Burke, VT" Fuzzy match to "2305 Vermont Route 5A, , VT" -->
    <tag k="addr:city" v="West Burke"/>
    <tag k="addr:housenumber" v="2305"/>
    <tag k="addr:street" v="Vermont Route 5A"/>
    <tag k="addr:state" v="VT"/>
    <tag k="ref:vcgi:esiteid" v="753498"/>
  </node>
  <node id="-621" visible="true" lat="44.637683108078" lon="-72.057668311999">
    <!-- conflict: "1612 Sheffield Road, Sutton, VT" Fuzzy match to "1612 Sheffield Road, , VT" -->
    <tag k="addr:city" v="Sutton"/>
    <tag k="addr:housenumber" v="1612"/>
    <tag k="addr:street" v="Sheffield Road"/>
    <tag k="addr:state" v="VT"/>
    <tag k="ref:vcgi:esiteid" v="754968"/>
  </node>
  <node id="-622" visible="true" lat="44.657746189363" lon="-72.039398957998">
    <!-- conflict: "50 Four Corners Trail, Sutton, VT" Fuzzy match to "50 Four Corners Trail, , VT" -->
    <tag k="addr:city" v="Sutton"/>
    <tag k="addr:housenumber" v="50"/>
    <tag k="addr:street" v="Four Corners Trail"/>
    <tag k="addr:state" v="VT"/>
    <tag k="ref:vcgi:esiteid" v="757201"/>
  </node>
  <node id="-623" visible="true" lat="44.612898884958" lon="-72.028111990702">
    <!-- conflict: "1226 South Ridge Road, Sutton, VT" Fuzzy match to "1226 South Ridge Road, , VT" -->
    <tag k="addr:city" v="Sutton"/>
    <tag k="addr:housenumber" v="1226"/>
    <tag k="addr:street" v="South Ridge Road"/>
    <tag k="addr:state" v="VT"/>
    <tag k="ref:vcgi:esiteid" v="758113"/>
  </node>
  <node id="-624" visible="true" lat="44.670335170867" lon="-72.046712458121">
    <!-- conflict: "2810 Underpass Road, Sutton, VT" Fuzzy match to "2810 Underpass Road, , VT" -->
    <tag k="addr:city" v="Sutton"/>
    <tag k="addr:housenumber" v="2810"/>
    <tag k="addr:street" v="Underpass Road"/>
    <tag k="addr:state" v="VT"/>
    <tag k="ref:vcgi:esiteid" v="758116"/>
  </node>
  <node id="-625" visible="true" lat="44.669058665213" lon="-72.045446143094">
    <!-- conflict: "2700 Underpass Road, Sutton, VT" Fuzzy match to "2700 Underpass Road, , VT" -->
    <tag k="addr:city" v="Sutton"/>
    <tag k="addr:housenumber" v="2700"/>
    <tag k="addr:street" v="Underpass Road"/>
    <tag k="addr:state" v="VT"/>
    <tag k="ref:vcgi:esiteid" v="758117"/>
  </node>
  <node id="-626" visible="true" lat="44.670497025994" lon="-72.040738636658">
    <!-- conflict: "2606 Underpass Road, Sutton, VT" Fuzzy match to "2606 Underpass Road, , VT" -->
    <tag k="addr:city" v="Sutton"/>
    <tag k="addr:housenumber" v="2606"/>
    <tag k="addr:street" v="Underpass Road"/>
    <tag k="addr:state" v="VT"/>
    <tag k="ref:vcgi:esiteid" v="758118"/>
  </node>
  <node id="-627" visible="true" lat="44.686245760007" lon="-72.04122414313">
    <!-- conflict: "4425 United States Route 5, Sutton, VT" No match in OSM, but a different address exists <5m away: "4425 U.S. Route 5, , VT" -->
    <tag k="addr:city" v="Sutton"/>
    <tag k="addr:housenumber" v="4425"/>
    <tag k="addr:street" v="United States Route 5"/>
    <tag k="addr:state" v="VT"/>
    <tag k="ref:vcgi:esiteid" v="758310"/>
  </node>
  <node id="-628" visible="true" lat="44.741087770583" lon="-72.09856376584">
    <!-- conflict: "319 Stevens Lane, Barton, VT" Fuzzy match to "319 Stevens Lane, , VT" -->
    <tag k="addr:city" v="Barton"/>
    <tag k="addr:housenumber" v="319"/>
    <tag k="addr:street" v="Stevens Lane"/>
    <tag k="addr:state" v="VT"/>
    <tag k="ref:vcgi:esiteid" v="758785"/>
  </node>
  <node id="-629" visible="true" lat="44.682840849461" lon="-71.988432749345">
    <!-- conflict: "2191 East Ridge Road, West Burke, VT" Fuzzy match to "2191 East Ridge Road, , VT" -->
    <tag k="addr:city" v="West Burke"/>
    <tag k="addr:housenumber" v="2191"/>
    <tag k="addr:street" v="East Ridge Road"/>
    <tag k="addr:state" v="VT"/>
    <tag k="ref:vcgi:esiteid" v="759415"/>
  </node>
  <node id="-633" visible="true" lat="44.659220678985" lon="-72.011079799701">
    <!-- conflict: "348 Michaud Drive, Sutton, VT" Fuzzy match to "348 Michaud Drive, , VT" -->
    <tag k="addr:city" v="Sutton"/>
    <tag k="addr:housenumber" v="348"/>
    <tag k="addr:street" v="Michaud Drive"/>
    <tag k="addr:state" v="VT"/>
    <tag k="ref:vcgi:esiteid" v="759665"/>
  </node>
  <node id="-634" visible="true" lat="44.628661063827" lon="-71.997738168203">
    <!-- conflict: "1416 Burke Road, Sutton, VT" Fuzzy match to "1416 Burke Road, , VT" -->
    <tag k="addr:city" v="Sutton"/>
    <tag k="addr:housenumber" v="1416"/>
    <tag k="addr:street" v="Burke Road"/>
    <tag k="addr:state" v="VT"/>
    <tag k="ref:vcgi:esiteid" v="760214"/>
  </node>
  <node id="-635" visible="true" lat="44.650827772704" lon="-72.038703619006">
    <!-- conflict: "1445 Underpass Road, Sutton, VT" Fuzzy match to "1445 Underpass Road, , VT" -->
    <tag k="addr:city" v="Sutton"/>
    <tag k="addr:housenumber" v="1445"/>
    <tag k="addr:street" v="Underpass Road"/>
    <tag k="addr:state" v="VT"/>
    <tag k="ref:vcgi:esiteid" v="760564"/>
  </node>
  <node id="-636" visible="true" lat="44.650967056788" lon="-72.044020262601">
    <!-- conflict: "820 King George Farm Road, Sutton, VT" Fuzzy match to "820 King George Farm Road, , VT" -->
    <tag k="addr:city" v="Sutton"/>
    <tag k="addr:housenumber" v="820"/>
    <tag k="addr:street" v="King George Farm Road"/>
    <tag k="addr:state" v="VT"/>
    <tag k="ref:vcgi:esiteid" v="760565"/>
  </node>
  <node id="-637" visible="true" lat="44.637452198034" lon="-72.065111114537">
    <!-- conflict: "2005 Sheffield Road, Sutton, VT" Fuzzy match to "2005 Sheffield Road, , VT" -->
    <tag k="addr:city" v="Sutton"/>
    <tag k="addr:housenumber" v="2005"/>
    <tag k="addr:street" v="Sheffield Road"/>
    <tag k="addr:state" v="VT"/>
    <tag k="ref:vcgi:esiteid" v="760974"/>
  </node>
  <node id="-638" visible="true" lat="44.634760208913" lon="-72.025689296065">
    <!-- conflict: "96 Station Road, Sutton, VT" Fuzzy match to "96 Station Road, , VT" -->
    <tag k="addr:city" v="Sutton"/>
    <tag k="addr:housenumber" v="96"/>
    <tag k="addr:street" v="Station Road"/>
    <tag k="addr:state" v="VT"/>
    <tag k="ref:vcgi:esiteid" v="760988"/>
  </node>
  <node id="-639" visible="true" lat="44.63673945568" lon="-72.029271387812">
    <!-- conflict: "320 Underpass Road, Sutton, VT" Fuzzy match to "320 Underpass Road, , VT" -->
    <tag k="addr:city" v="Sutton"/>
    <tag k="addr:housenumber" v="320"/>
    <tag k="addr:street" v="Underpass Road"/>
    <tag k="addr:state" v="VT"/>
    <tag k="ref:vcgi:esiteid" v="760989"/>
  </node>
  <node id="-640" visible="true" lat="44.632012239054" lon="-72.064021465972">
    <!-- conflict: "588 Wood Hill Road, Sutton, VT" Fuzzy match to "588 Wood Hill Road, , VT" -->
    <tag k="addr:city" v="Sutton"/>
    <tag k="addr:housenumber" v="588"/>
    <tag k="addr:street" v="Wood Hill Road"/>
    <tag k="addr:state" v="VT"/>
    <tag k="ref:vcgi:esiteid" v="761126"/>
  </node>
  <node id="-641" visible="true" lat="44.662020404871" lon="-72.043552727148">
    <!-- conflict: "2209 Underpass Road, Sutton, VT" Fuzzy match to "2209 Underpass Road, , VT" -->
    <tag k="addr:city" v="Sutton"/>
    <tag k="addr:housenumber" v="2209"/>
    <tag k="addr:street" v="Underpass Road"/>
    <tag k="addr:state" v="VT"/>
    <tag k="ref:vcgi:esiteid" v="761127"/>
  </node>
  <node id="-642" visible="true" lat="44.669238109179" lon="-71.996115613573">
    <!-- conflict: "2307 Vermont Route 5A, West Burke, VT" Fuzzy match to "2307 Vermont Route 5A, , VT" -->
    <tag k="addr:city" v="West Burke"/>
    <tag k="addr:housenumber" v="2307"/>
    <tag k="addr:street" v="Vermont Route 5A"/>
    <tag k="addr:state" v="VT"/>
    <tag k="ref:vcgi:esiteid" v="761946"/>
  </node>
  <node id="-643" visible="true" lat="44.676134780163" lon="-72.030958537155">
    <!-- conflict: "3455 United States Route 5, Sutton, VT" No match in OSM, but a different address exists <5m away: "3455 U.S. Route 5, , VT" -->
    <tag k="addr:city" v="Sutton"/>
    <tag k="addr:housenumber" v="3455"/>
    <tag k="addr:street" v="United States Route 5"/>
    <tag k="addr:state" v="VT"/>
    <tag k="ref:vcgi:esiteid" v="762161"/>
  </node>
  <node id="-644" visible="true" lat="44.692908645636" lon="-72.074154812515">
    <!-- conflict: "5069 Underpass Road, Sutton, VT" Fuzzy match to "5069 Underpass Road, , VT" -->
    <tag k="addr:city" v="Sutton"/>
    <tag k="addr:housenumber" v="5069"/>
    <tag k="addr:street" v="Underpass Road"/>
    <tag k="addr:state" v="VT"/>
    <tag k="ref:vcgi:esiteid" v="762165"/>
  </node>
  <node id="-648" visible="true" lat="44.656719185668" lon="-72.03317255118">
    <!-- conflict: "366 Four Corners Trail, Sutton, VT" Fuzzy match to "366 Four Corners Trail, , VT" -->
    <tag k="addr:city" v="Sutton"/>
    <tag k="addr:housenumber" v="366"/>
    <tag k="addr:street" v="Four Corners Trail"/>
    <tag k="addr:state" v="VT"/>
    <tag k="ref:vcgi:esiteid" v="762169"/>
  </node>
  <node id="-649" visible="true" lat="44.617155527361" lon="-72.051301193274">
    <!-- conflict: "375 Freedom Road, Sutton, VT" Fuzzy match to "375 Freedom Road, , VT" -->
    <tag k="addr:city" v="Sutton"/>
    <tag k="addr:housenumber" v="375"/>
    <tag k="addr:street" v="Freedom Road"/>
    <tag k="addr:state" v="VT"/>
    <tag k="ref:vcgi:esiteid" v="762170"/>
  </node>
  <node id="-651" visible="true" lat="44.664482224452" lon="-72.03677030625">
    <!-- conflict: "53 Four Corners Trail, Sutton, VT" Fuzzy match to "53 Four Corners Trail, , VT" -->
    <tag k="addr:city" v="Sutton"/>
    <tag k="addr:housenumber" v="53"/>
    <tag k="addr:street" v="Four Corners Trail"/>
    <tag k="addr:state" v="VT"/>
    <tag k="ref:vcgi:esiteid" v="762810"/>
  </node>
  <node id="-652" visible="true" lat="44.600761216676" lon="-72.01210177146">
    <!-- conflict: "4133 Pudding Hill Road, Lyndonville, VT" Fuzzy match to "4133 Pudding Hill Road, , VT" -->
    <tag k="addr:city" v="Lyndonville"/>
    <tag k="addr:housenumber" v="4133"/>
    <tag k="addr:street" v="Pudding Hill Road"/>
    <tag k="addr:state" v="VT"/>
    <tag k="ref:vcgi:esiteid" v="763895"/>
  </node>
  <node id="-653" visible="true" lat="44.650404067822" lon="-72.07562344696">
    <!-- conflict: "722 Union House Road, Sutton, VT" Fuzzy match to "722 Union House Road, , VT" -->
    <tag k="addr:city" v="Sutton"/>
    <tag k="addr:housenumber" v="722"/>
    <tag k="addr:street" v="Union House Road"/>
    <tag k="addr:state" v="VT"/>
    <tag k="ref:vcgi:esiteid" v="764040"/>
  </node>
  <node id="-654" visible="true" lat="44.690170325319" lon="-71.997940437534">
    <!-- conflict: "3743 Vermont Route 5A, West Burke, VT" Fuzzy match to "3743 Vermont Route 5A, , VT" -->
    <tag k="addr:city" v="West Burke"/>
    <tag k="addr:housenumber" v="3743"/>
    <tag k="addr:street" v="Vermont Route 5A"/>
    <tag k="addr:state" v="VT"/>
    <tag k="ref:vcgi:esiteid" v="764062"/>
  </node>
  <node id="-655" visible="true" lat="44.658676477152" lon="-72.046438266503">
    <!-- conflict: "301 Four Corners Road, Sutton, VT" Fuzzy match to "301 Four Corners Road, , VT" -->
    <tag k="addr:city" v="Sutton"/>
    <tag k="addr:housenumber" v="301"/>
    <tag k="addr:street" v="Four Corners Road"/>
    <tag k="addr:state" v="VT"/>
    <tag k="ref:vcgi:esiteid" v="764302"/>
  </node>
  <node id="-656" visible="true" lat="44.689004767921" lon="-71.997075243131">
    <!-- conflict: "3631 Vermont Route 5A, West Burke, VT" Fuzzy match to "3631 Vermont Route 5A, , VT" -->
    <tag k="addr:city" v="West Burke"/>
    <tag k="addr:housenumber" v="3631"/>
    <tag k="addr:street" v="Vermont Route 5A"/>
    <tag k="addr:state" v="VT"/>
    <tag k="ref:vcgi:esiteid" v="764345"/>
  </node>
  <node id="-657" visible="true" lat="44.676839051545" lon="-72.03829294047">
    <!-- conflict: "3705 United States Route 5, Sutton, VT" No match in OSM, but a different address exists <5m away: "3705 U.S. Route 5, , VT" -->
    <tag k="addr:city" v="Sutton"/>
    <tag k="addr:housenumber" v="3705"/>
    <tag k="addr:street" v="United States Route 5"/>
    <tag k="addr:state" v="VT"/>
    <tag k="ref:vcgi:esiteid" v="765297"/>
  </node>
  <node id="-658" visible="true" lat="44.676901500949" lon="-72.036076619104">
    <!-- conflict: "3703 United States Route 5, Sutton, VT" No match in OSM, but a different address exists <5m away: "3703 U.S. Route 5, , VT" -->
    <tag k="addr:city" v="Sutton"/>
    <tag k="addr:housenumber" v="3703"/>
    <tag k="addr:street" v="United States Route 5"/>
    <tag k="addr:state" v="VT"/>
    <tag k="ref:vcgi:esiteid" v="765298"/>
  </node>
  <node id="-659" visible="true" lat="44.634941208898" lon="-72.057885532913">
    <!-- conflict: "183 Wood Hill Road, Sutton, VT" Fuzzy match to "183 Wood Hill Road, , VT" -->
    <tag k="addr:city" v="Sutton"/>
    <tag k="addr:housenumber" v="183"/>
    <tag k="addr:street" v="Wood Hill Road"/>
    <tag k="addr:state" v="VT"/>
    <tag k="ref:vcgi:esiteid" v="765857"/>
  </node>
  <node id="-660" visible="true" lat="44.63572832719" lon="-72.053024611775">
    <!-- conflict: "51 Mabels Trail, Sutton, VT" Fuzzy match to "51 Mabels Trail, , VT" -->
    <tag k="addr:city" v="Sutton"/>
    <tag k="addr:housenumber" v="51"/>
    <tag k="addr:street" v="Mabels Trail"/>
    <tag k="addr:state" v="VT"/>
    <tag k="ref:vcgi:esiteid" v="765858"/>
  </node>
  <node id="-661" visible="true" lat="44.635270600494" lon="-72.055180675427">
    <!-- conflict: "90 Mabels Trail, Sutton, VT" Fuzzy match to "90 Mabels Trail, , VT" -->
    <tag k="addr:city" v="Sutton"/>
    <tag k="addr:housenumber" v="90"/>
    <tag k="addr:street" v="Mabels Trail"/>
    <tag k="addr:state" v="VT"/>
    <tag k="ref:vcgi:esiteid" v="765859"/>
  </node>
  <node id="-662" visible="true" lat="44.63221385284" lon="-72.055314064925">
    <!-- conflict: "311 Mabels Trail, Sutton, VT" Fuzzy match to "311 Mabels Trail, , VT" -->
    <tag k="addr:city" v="Sutton"/>
    <tag k="addr:housenumber" v="311"/>
    <tag k="addr:street" v="Mabels Trail"/>
    <tag k="addr:state" v="VT"/>
    <tag k="ref:vcgi:esiteid" v="765860"/>
  </node>
  <node id="-663" visible="true" lat="44.687813650866" lon="-72.05077453287">
    <!-- conflict: "4855 United States Route 5, Sutton, VT" No match in OSM, but a different address exists <5m away: "4855 U.S. Route 5, , VT" -->
    <tag k="addr:city" v="Sutton"/>
    <tag k="addr:housenumber" v="4855"/>
    <tag k="addr:street" v="United States Route 5"/>
    <tag k="addr:state" v="VT"/>
    <tag k="ref:vcgi:esiteid" v="766402"/>
  </node>
  <node id="-664" visible="true" lat="44.667406215555" lon="-72.045697778793">
    <!-- conflict: "2623 Underpass Road, Sutton, VT" Fuzzy match to "2623 Underpass Road, , VT" -->
    <tag k="addr:city" v="Sutton"/>
    <tag k="addr:housenumber" v="2623"/>
    <tag k="addr:street" v="Underpass Road"/>
    <tag k="addr:state" v="VT"/>
    <tag k="ref:vcgi:esiteid" v="766404"/>
  </node>
  <node id="-665" visible="true" lat="44.604837188683" lon="-72.024629818261">
    <!-- conflict: "655 South Ridge Road, Sutton, VT" Fuzzy match to "655 South Ridge Road, , VT" -->
    <tag k="addr:city" v="Sutton"/>
    <tag k="addr:housenumber" v="655"/>
    <tag k="addr:street" v="South Ridge Road"/>
    <tag k="addr:state" v="VT"/>
    <tag k="ref:vcgi:esiteid" v="766483"/>
  </node>
  <node id="-666" visible="true" lat="44.65311550935" lon="-71.987445213952">
    <!-- conflict: "510 North Ridge Road, West Burke, VT" Fuzzy match to "510 North Ridge Road, , VT" -->
    <tag k="addr:city" v="West Burke"/>
    <tag k="addr:housenumber" v="510"/>
    <tag k="addr:street" v="North Ridge Road"/>
    <tag k="addr:state" v="VT"/>
    <tag k="ref:vcgi:esiteid" v="766712"/>
  </node>
  <node id="-667" visible="true" lat="44.651699040971" lon="-71.988828541578">
    <!-- conflict: "508 North Ridge Road, West Burke, VT" Fuzzy match to "508 North Ridge Road, , VT" -->
    <tag k="addr:city" v="West Burke"/>
    <tag k="addr:housenumber" v="508"/>
    <tag k="addr:street" v="North Ridge Road"/>
    <tag k="addr:state" v="VT"/>
    <tag k="ref:vcgi:esiteid" v="767059"/>
  </node>
  <node id="-668" visible="true" lat="44.642718938087" lon="-72.072718334303">
    <!-- conflict: "169 Union House Road, Sutton, VT" Fuzzy match to "169 Union House Road, , VT" -->
    <tag k="addr:city" v="Sutton"/>
    <tag k="addr:housenumber" v="169"/>
    <tag k="addr:street" v="Union House Road"/>
    <tag k="addr:state" v="VT"/>
    <tag k="ref:vcgi:esiteid" v="767643"/>
  </node>
  <node id="-669" visible="true" lat="44.676798458928" lon="-72.003126207651">
    <!-- conflict: "456 Sargents Road, West Burke, VT" Fuzzy match to "456 Sargents Road, , VT" -->
    <tag k="addr:city" v="West Burke"/>
    <tag k="addr:housenumber" v="456"/>
    <tag k="addr:street" v="Sargents Road"/>
    <tag k="addr:state" v="VT"/>
    <tag k="ref:vcgi:esiteid" v="767997"/>
  </node>
  <node id="-670" visible="true" lat="44.623872241572" lon="-72.032163256805">
    <!-- conflict: "602 Wheelock Road, Sutton, VT" Fuzzy match to "602 Wheelock Road, , VT" -->
    <tag k="addr:city" v="Sutton"/>
    <tag k="addr:housenumber" v="602"/>
    <tag k="addr:street" v="Wheelock Road"/>
    <tag k="addr:state" v="VT"/>
    <tag k="ref:vcgi:esiteid" v="768223"/>
  </node>
  <node id="-671" visible="true" lat="44.67840939535" lon="-72.032803275334">
    <!-- conflict: "3685 United States Route 5, Sutton, VT" No match in OSM, but a different address exists <5m away: "3685 U.S. Route 5, , VT" -->
    <tag k="addr:city" v="Sutton"/>
    <tag k="addr:housenumber" v="3685"/>
    <tag k="addr:street" v="United States Route 5"/>
    <tag k="addr:state" v="VT"/>
    <tag k="ref:vcgi:esiteid" v="768266"/>
  </node>
  <node id="-675" visible="true" lat="44.632730299374" lon="-72.026629931087">
    <!-- conflict: "4 Center Street, Sutton, VT" Fuzzy match to "4 Center Street, , VT" -->
    <tag k="addr:city" v="Sutton"/>
    <tag k="addr:housenumber" v="4"/>
    <tag k="addr:street" v="Center Street"/>
    <tag k="addr:state" v="VT"/>
    <tag k="ref:vcgi:esiteid" v="768436"/>
  </node>
  <node id="-676" visible="true" lat="44.604215505074" lon="-72.007140280111">
    <!-- conflict: "277 Chapman Road, Sutton, VT" Fuzzy match to "277 Chapman Road, , VT" -->
    <tag k="addr:city" v="Sutton"/>
    <tag k="addr:housenumber" v="277"/>
    <tag k="addr:street" v="Chapman Road"/>
    <tag k="addr:state" v="VT"/>
    <tag k="ref:vcgi:esiteid" v="769667"/>
  </node>
  <node id="-677" visible="true" lat="44.637600595987" lon="-72.054081052391">
    <!-- conflict: "1364 Sheffield Road, Sutton, VT" Fuzzy match to "1364 Sheffield Road, , VT" -->
    <tag k="addr:city" v="Sutton"/>
    <tag k="addr:housenumber" v="1364"/>
    <tag k="addr:street" v="Sheffield Road"/>
    <tag k="addr:state" v="VT"/>
    <tag k="ref:vcgi:esiteid" v="769879"/>
  </node>
  <node id="-679" visible="true" lat="44.645735782851" lon="-72.000189017872">
    <!-- conflict: "824 United States Route 5, Sutton, VT" No match in OSM, but a different address exists <5m away: "824 U.S. Route 5, , VT" -->
    <tag k="addr:city" v="Sutton"/>
    <tag k="addr:housenumber" v="824"/>
    <tag k="addr:street" v="United States Route 5"/>
    <tag k="addr:state" v="VT"/>
    <tag k="ref:vcgi:esiteid" v="770096"/>
  </node>
  <node id="-682" visible="true" lat="44.688440229424" lon="-71.992004514911">
    <!-- conflict: "237 Rocky Road, West Burke, VT" Fuzzy match to "237 Rocky Road, , VT" -->
    <tag k="addr:city" v="West Burke"/>
    <tag k="addr:housenumber" v="237"/>
    <tag k="addr:street" v="Rocky Road"/>
    <tag k="addr:state" v="VT"/>
    <tag k="ref:vcgi:esiteid" v="771736"/>
  </node>
  <node id="-683" visible="true" lat="44.66029994618" lon="-72.002934708443">
    <!-- conflict: "1486 North Ridge Road, Sutton, VT" Fuzzy match to "1486 North Ridge Road, , VT" -->
    <tag k="addr:city" v="Sutton"/>
    <tag k="addr:housenumber" v="1486"/>
    <tag k="addr:street" v="North Ridge Road"/>
    <tag k="addr:state" v="VT"/>
    <tag k="ref:vcgi:esiteid" v="771879"/>
  </node>
  <node id="-685" visible="true" lat="44.708874231986" lon="-72.047111617228">
    <!-- conflict: "1730 CCC Road, Sutton, VT" Fuzzy match to "1730 CCC Road, , VT" -->
    <tag k="addr:city" v="Sutton"/>
    <tag k="addr:housenumber" v="1730"/>
    <tag k="addr:street" v="CCC Road"/>
    <tag k="addr:state" v="VT"/>
    <tag k="ref:vcgi:esiteid" v="800146"/>
  </node>
  <node id="-686" visible="true" lat="44.72050840417" lon="-72.099930561696">
    <!-- conflict: "286 Wheeler Mountain Road, Barton, VT" Fuzzy match to "286 Wheeler Mountain Road, , VT" -->
    <tag k="addr:city" v="Barton"/>
    <tag k="addr:housenumber" v="286"/>
    <tag k="addr:street" v="Wheeler Mountain Road"/>
    <tag k="addr:state" v="VT"/>
    <tag k="ref:vcgi:esiteid" v="800147"/>
  </node>
  <node id="-687" visible="true" lat="44.62189033123" lon="-72.033550654241">
    <!-- conflict: "790 Wheelock Road, Sutton, VT" Fuzzy match to "790 Wheelock Road, , VT" -->
    <tag k="addr:city" v="Sutton"/>
    <tag k="addr:housenumber" v="790"/>
    <tag k="addr:street" v="Wheelock Road"/>
    <tag k="addr:state" v="VT"/>
    <tag k="ref:vcgi:esiteid" v="900336"/>
  </node>
  <node id="-688" visible="true" lat="44.63314870952" lon="-72.02858725126">
    <!-- conflict: "91 Underpass Road, Sutton, VT" Fuzzy match to "91 Underpass Road, , VT" -->
    <tag k="addr:city" v="Sutton"/>
    <tag k="addr:housenumber" v="91"/>
    <tag k="addr:street" v="Underpass Road"/>
    <tag k="addr:state" v="VT"/>
    <tag k="ref:vcgi:esiteid" v="1050761"/>
  </node>
</osm>
