<?xml version="1.0" encoding="UTF-8"?>
<osm version="0.6" generator="JOSM" upload="false">
  <node id="-106" visible="true" lat="44.123826095328" lon="-72.764704108522">
    <tag k="addr:city" v="Roxbury"/>
    <tag k="addr:housenumber" v="736"/>
    <tag k="addr:street" v="Shaw Road"/>
    <tag k="addr:state" v="VT"/>
    <tag k="ref:vcgi:esiteid" v="205305"/>
  </node>
  <node id="-107" visible="true" lat="44.120105107959" lon="-72.767038122706">
    <tag k="addr:city" v="Roxbury"/>
    <tag k="addr:housenumber" v="452"/>
    <tag k="addr:street" v="Shaw Road"/>
    <tag k="addr:state" v="VT"/>
    <tag k="ref:vcgi:esiteid" v="205306"/>
  </node>
  <node id="-108" visible="true" lat="44.11908948907" lon="-72.74443589675">
    <tag k="addr:city" v="Roxbury"/>
    <tag k="addr:housenumber" v="993"/>
    <tag k="addr:street" v="Northfield Road"/>
    <tag k="addr:state" v="VT"/>
    <tag k="ref:vcgi:esiteid" v="205307"/>
  </node>
  <node id="-109" visible="true" lat="44.118943774703" lon="-72.751220724158">
    <tag k="addr:city" v="Roxbury"/>
    <tag k="addr:housenumber" v="392"/>
    <tag k="addr:street" v="Erskine Road"/>
    <tag k="addr:state" v="VT"/>
    <tag k="ref:vcgi:esiteid" v="205308"/>
  </node>
  <node id="-110" visible="true" lat="44.118916710925" lon="-72.743866447436">
    <tag k="addr:city" v="Roxbury"/>
    <tag k="addr:housenumber" v="991"/>
    <tag k="addr:street" v="Northfield Road"/>
    <tag k="addr:state" v="VT"/>
    <tag k="ref:vcgi:esiteid" v="205309"/>
  </node>
  <node id="-111" visible="true" lat="44.11810157683" lon="-72.744151890654">
    <tag k="addr:city" v="Roxbury"/>
    <tag k="addr:housenumber" v="949"/>
    <tag k="addr:street" v="Northfield Road"/>
    <tag k="addr:state" v="VT"/>
    <tag k="ref:vcgi:esiteid" v="205310"/>
  </node>
  <node id="-112" visible="true" lat="44.116409429823" lon="-72.745869708524">
    <tag k="addr:city" v="Roxbury"/>
    <tag k="addr:housenumber" v="785"/>
    <tag k="addr:street" v="Northfield Road"/>
    <tag k="addr:state" v="VT"/>
    <tag k="ref:vcgi:esiteid" v="205311"/>
  </node>
  <node id="-113" visible="true" lat="44.11577964238" lon="-72.749117058038">
    <tag k="addr:city" v="Roxbury"/>
    <tag k="addr:housenumber" v="151"/>
    <tag k="addr:street" v="Erskine Road"/>
    <tag k="addr:state" v="VT"/>
    <tag k="ref:vcgi:esiteid" v="205312"/>
  </node>
  <node id="-114" visible="true" lat="44.115732537865" lon="-72.743080119759">
    <tag k="addr:city" v="Roxbury"/>
    <tag k="addr:housenumber" v="808"/>
    <tag k="addr:street" v="Northfield Road"/>
    <tag k="addr:state" v="VT"/>
    <tag k="ref:vcgi:esiteid" v="205313"/>
  </node>
  <node id="-115" visible="true" lat="44.115069874525" lon="-72.7453037391">
    <tag k="addr:city" v="Roxbury"/>
    <tag k="addr:housenumber" v="711"/>
    <tag k="addr:street" v="Northfield Road"/>
    <tag k="addr:state" v="VT"/>
    <tag k="ref:vcgi:esiteid" v="205314"/>
  </node>
  <node id="-116" visible="true" lat="44.114505200656" lon="-72.767998127249">
    <tag k="addr:city" v="Roxbury"/>
    <tag k="addr:housenumber" v="14"/>
    <tag k="addr:street" v="Shaw Road"/>
    <tag k="addr:state" v="VT"/>
    <tag k="ref:vcgi:esiteid" v="205315"/>
  </node>
  <node id="-117" visible="true" lat="44.114556305418" lon="-72.769606343545">
    <tag k="addr:city" v="Roxbury"/>
    <tag k="addr:housenumber" v="2516"/>
    <tag k="addr:street" v="Warren Mountain Road"/>
    <tag k="addr:state" v="VT"/>
    <tag k="ref:vcgi:esiteid" v="205316"/>
  </node>
  <node id="-118" visible="true" lat="44.113687596591" lon="-72.746644013039">
    <tag k="addr:city" v="Roxbury"/>
    <tag k="addr:housenumber" v="605"/>
    <tag k="addr:street" v="Northfield Road"/>
    <tag k="addr:state" v="VT"/>
    <tag k="ref:vcgi:esiteid" v="205317"/>
  </node>
  <node id="-119" visible="true" lat="44.113838027431" lon="-72.725432990295">
    <tag k="addr:city" v="Roxbury"/>
    <tag k="addr:housenumber" v="34"/>
    <tag k="addr:street" v="Roxbury Road"/>
    <tag k="addr:state" v="VT"/>
    <tag k="ref:vcgi:esiteid" v="205318"/>
  </node>
  <node id="-120" visible="true" lat="44.11317241196" lon="-72.767783337638">
    <tag k="addr:city" v="Roxbury"/>
    <tag k="addr:housenumber" v="2323"/>
    <tag k="addr:street" v="Warren Mountain Road"/>
    <tag k="addr:state" v="VT"/>
    <tag k="ref:vcgi:esiteid" v="205319"/>
  </node>
  <node id="-121" visible="true" lat="44.113212687514" lon="-72.746537625203">
    <tag k="addr:city" v="Roxbury"/>
    <tag k="addr:housenumber" v="569"/>
    <tag k="addr:street" v="Northfield Road"/>
    <tag k="addr:state" v="VT"/>
    <tag k="ref:vcgi:esiteid" v="205320"/>
  </node>
  <node id="-122" visible="true" lat="44.112945437392" lon="-72.74619536304">
    <tag k="addr:city" v="Roxbury"/>
    <tag k="addr:housenumber" v="564"/>
    <tag k="addr:street" v="Northfield Road"/>
    <tag k="addr:state" v="VT"/>
    <tag k="ref:vcgi:esiteid" v="205321"/>
  </node>
  <node id="-123" visible="true" lat="44.113200824157" lon="-72.725946780919">
    <tag k="addr:city" v="Roxbury"/>
    <tag k="addr:housenumber" v="92"/>
    <tag k="addr:street" v="Roxbury Road"/>
    <tag k="addr:state" v="VT"/>
    <tag k="ref:vcgi:esiteid" v="205322"/>
  </node>
  <node id="-124" visible="true" lat="44.112728904787" lon="-72.746860381858">
    <tag k="addr:city" v="Roxbury"/>
    <tag k="addr:housenumber" v="533"/>
    <tag k="addr:street" v="Northfield Road"/>
    <tag k="addr:state" v="VT"/>
    <tag k="ref:vcgi:esiteid" v="205323"/>
  </node>
  <node id="-125" visible="true" lat="44.112776795473" lon="-72.764124530975">
    <tag k="addr:city" v="Roxbury"/>
    <tag k="addr:housenumber" v="2138"/>
    <tag k="addr:street" v="Warren Mountain Road"/>
    <tag k="addr:state" v="VT"/>
    <tag k="ref:vcgi:esiteid" v="205324"/>
  </node>
  <node id="-126" visible="true" lat="44.11275377813" lon="-72.764734902017">
    <tag k="addr:city" v="Roxbury"/>
    <tag k="addr:housenumber" v="2160"/>
    <tag k="addr:street" v="Warren Mountain Road"/>
    <tag k="addr:state" v="VT"/>
    <tag k="ref:vcgi:esiteid" v="205325"/>
  </node>
  <node id="-127" visible="true" lat="44.112130522454" lon="-72.764848066697">
    <tag k="addr:city" v="Roxbury"/>
    <tag k="addr:housenumber" v="2151"/>
    <tag k="addr:street" v="Warren Mountain Road"/>
    <tag k="addr:state" v="VT"/>
    <tag k="ref:vcgi:esiteid" v="205326"/>
  </node>
  <node id="-128" visible="true" lat="44.112068364936" lon="-72.726425421017">
    <tag k="addr:city" v="Roxbury"/>
    <tag k="addr:housenumber" v="146"/>
    <tag k="addr:street" v="Roxbury Road"/>
    <tag k="addr:state" v="VT"/>
    <tag k="ref:vcgi:esiteid" v="205327"/>
  </node>
  <node id="-129" visible="true" lat="44.112458624055" lon="-72.762663665729">
    <tag k="addr:city" v="Roxbury"/>
    <tag k="addr:housenumber" v="2078"/>
    <tag k="addr:street" v="Warren Mountain Road"/>
    <tag k="addr:state" v="VT"/>
    <tag k="ref:vcgi:esiteid" v="205328"/>
  </node>
  <node id="-131" visible="true" lat="44.111304595549" lon="-72.764783727352">
    <tag k="addr:city" v="Roxbury"/>
    <tag k="addr:housenumber" v="2123"/>
    <tag k="addr:street" v="Warren Mountain Road"/>
    <tag k="addr:state" v="VT"/>
    <tag k="ref:vcgi:esiteid" v="205330"/>
  </node>
  <node id="-132" visible="true" lat="44.111714175659" lon="-72.726538630762">
    <tag k="addr:city" v="Roxbury"/>
    <tag k="addr:housenumber" v="208"/>
    <tag k="addr:street" v="Roxbury Road"/>
    <tag k="addr:state" v="VT"/>
    <tag k="ref:vcgi:esiteid" v="205331"/>
  </node>
  <node id="-133" visible="true" lat="44.111147578675" lon="-72.745782946375">
    <tag k="addr:city" v="Roxbury"/>
    <tag k="addr:housenumber" v="440"/>
    <tag k="addr:street" v="Northfield Road"/>
    <tag k="addr:state" v="VT"/>
    <tag k="ref:vcgi:esiteid" v="205333"/>
  </node>
  <node id="-134" visible="true" lat="44.110770908446" lon="-72.761011484257">
    <tag k="addr:city" v="Roxbury"/>
    <tag k="addr:housenumber" v="1948"/>
    <tag k="addr:street" v="Warren Mountain Road"/>
    <tag k="addr:state" v="VT"/>
    <tag k="ref:vcgi:esiteid" v="205334"/>
  </node>
  <node id="-135" visible="true" lat="44.110603231112" lon="-72.725609205152">
    <tag k="addr:city" v="Roxbury"/>
    <tag k="addr:housenumber" v="139"/>
    <tag k="addr:street" v="Roxbury Road"/>
    <tag k="addr:state" v="VT"/>
    <tag k="ref:vcgi:esiteid" v="205335"/>
  </node>
  <node id="-136" visible="true" lat="44.110280299629" lon="-72.748990289412">
    <tag k="addr:city" v="Roxbury"/>
    <tag k="addr:housenumber" v="331"/>
    <tag k="addr:street" v="Northfield Road"/>
    <tag k="addr:state" v="VT"/>
    <tag k="ref:vcgi:esiteid" v="205336"/>
  </node>
  <node id="-137" visible="true" lat="44.10993149137" lon="-72.725683914125">
    <tag k="addr:city" v="Roxbury"/>
    <tag k="addr:housenumber" v="267"/>
    <tag k="addr:street" v="Roxbury Road"/>
    <tag k="addr:state" v="VT"/>
    <tag k="ref:vcgi:esiteid" v="205337"/>
  </node>
  <node id="-138" visible="true" lat="44.110600569546" lon="-72.727346834114">
    <tag k="addr:city" v="Roxbury"/>
    <tag k="addr:housenumber" v="248"/>
    <tag k="addr:street" v="Roxbury Road"/>
    <tag k="addr:state" v="VT"/>
    <tag k="ref:vcgi:esiteid" v="205338"/>
  </node>
  <node id="-139" visible="true" lat="44.109777676259" lon="-72.74804115155">
    <tag k="addr:city" v="Roxbury"/>
    <tag k="addr:housenumber" v="330"/>
    <tag k="addr:street" v="Northfield Road"/>
    <tag k="addr:state" v="VT"/>
    <tag k="ref:vcgi:esiteid" v="205339"/>
  </node>
  <node id="-140" visible="true" lat="44.109722788185" lon="-72.758866343536">
    <tag k="addr:city" v="Roxbury"/>
    <tag k="addr:housenumber" v="1796"/>
    <tag k="addr:street" v="Warren Mountain Road"/>
    <tag k="addr:state" v="VT"/>
    <tag k="ref:vcgi:esiteid" v="205340"/>
  </node>
  <node id="-141" visible="true" lat="44.108900355177" lon="-72.726987629621">
    <tag k="addr:city" v="Roxbury"/>
    <tag k="addr:housenumber" v="381"/>
    <tag k="addr:street" v="Roxbury Road"/>
    <tag k="addr:state" v="VT"/>
    <tag k="ref:vcgi:esiteid" v="205341"/>
  </node>
  <node id="-142" visible="true" lat="44.108806178804" lon="-72.755718220804">
    <tag k="addr:city" v="Roxbury"/>
    <tag k="addr:housenumber" v="1662"/>
    <tag k="addr:street" v="Warren Mountain Road"/>
    <tag k="addr:state" v="VT"/>
    <tag k="ref:vcgi:esiteid" v="205342"/>
  </node>
  <node id="-143" visible="true" lat="44.108369882938" lon="-72.763725354447">
    <tag k="addr:city" v="Roxbury"/>
    <tag k="addr:housenumber" v="262"/>
    <tag k="addr:street" v="Old Warren Road"/>
    <tag k="addr:state" v="VT"/>
    <tag k="ref:vcgi:esiteid" v="205343"/>
  </node>
  <node id="-144" visible="true" lat="44.107938169474" lon="-72.76491673152">
    <tag k="addr:city" v="Roxbury"/>
    <tag k="addr:housenumber" v="324"/>
    <tag k="addr:street" v="Old Warren Road"/>
    <tag k="addr:state" v="VT"/>
    <tag k="ref:vcgi:esiteid" v="205344"/>
  </node>
  <node id="-145" visible="true" lat="44.107896207032" lon="-72.772813157142">
    <tag k="addr:city" v="Roxbury"/>
    <tag k="addr:housenumber" v="746"/>
    <tag k="addr:street" v="Old Warren Road"/>
    <tag k="addr:state" v="VT"/>
    <tag k="ref:vcgi:esiteid" v="205345"/>
  </node>
  <node id="-146" visible="true" lat="44.107903171825" lon="-72.756371086477">
    <tag k="addr:city" v="Roxbury"/>
    <tag k="addr:housenumber" v="1623"/>
    <tag k="addr:street" v="Warren Mountain Road"/>
    <tag k="addr:state" v="VT"/>
    <tag k="ref:vcgi:esiteid" v="205346"/>
  </node>
  <node id="-147" visible="true" lat="44.107977075456" lon="-72.726690174599">
    <tag k="addr:city" v="Roxbury"/>
    <tag k="addr:housenumber" v="429"/>
    <tag k="addr:street" v="Roxbury Road"/>
    <tag k="addr:state" v="VT"/>
    <tag k="ref:vcgi:esiteid" v="205347"/>
  </node>
  <node id="-148" visible="true" lat="44.107581400613" lon="-72.725569238987">
    <tag k="addr:city" v="Roxbury"/>
    <tag k="addr:housenumber" v="431"/>
    <tag k="addr:street" v="Roxbury Road"/>
    <tag k="addr:state" v="VT"/>
    <tag k="ref:vcgi:esiteid" v="205348"/>
  </node>
  <node id="-149" visible="true" lat="44.106751107927" lon="-72.734304671356">
    <tag k="addr:city" v="Roxbury"/>
    <tag k="addr:housenumber" v="464"/>
    <tag k="addr:street" v="Premo Road"/>
    <tag k="addr:state" v="VT"/>
    <tag k="ref:vcgi:esiteid" v="205349"/>
  </node>
  <node id="-150" visible="true" lat="44.106135827099" lon="-72.751576080616">
    <tag k="addr:city" v="Roxbury"/>
    <tag k="addr:housenumber" v="1354"/>
    <tag k="addr:street" v="Warren Mountain Road"/>
    <tag k="addr:state" v="VT"/>
    <tag k="ref:vcgi:esiteid" v="205350"/>
  </node>
  <node id="-151" visible="true" lat="44.105705000946" lon="-72.735452177594">
    <tag k="addr:city" v="Roxbury"/>
    <tag k="addr:housenumber" v="549"/>
    <tag k="addr:street" v="Premo Road"/>
    <tag k="addr:state" v="VT"/>
    <tag k="ref:vcgi:esiteid" v="205351"/>
  </node>
  <node id="-152" visible="true" lat="44.105448670979" lon="-72.745847045955">
    <!-- match: "160 Dunbars Way, Roxbury, VT"  ignoring street punctuation to "160 Dunbar's Way, Roxbury, VT" -->
    <tag k="addr:city" v="Roxbury"/>
    <tag k="addr:housenumber" v="160"/>
    <tag k="addr:street" v="Dunbars Way"/>
    <tag k="addr:state" v="VT"/>
    <tag k="ref:vcgi:esiteid" v="205352"/>
  </node>
  <node id="-153" visible="true" lat="44.105126134181" lon="-72.732310862655">
    <tag k="addr:city" v="Roxbury"/>
    <tag k="addr:housenumber" v="215"/>
    <tag k="addr:street" v="Premo Road"/>
    <tag k="addr:state" v="VT"/>
    <tag k="ref:vcgi:esiteid" v="205353"/>
  </node>
  <node id="-154" visible="true" lat="44.104390499433" lon="-72.739503209523">
    <tag k="addr:city" v="Roxbury"/>
    <tag k="addr:housenumber" v="394"/>
    <tag k="addr:street" v="Warren Mountain Road"/>
    <tag k="addr:state" v="VT"/>
    <tag k="ref:vcgi:esiteid" v="205354"/>
  </node>
  <node id="-155" visible="true" lat="44.103339966187" lon="-72.746106122495">
    <tag k="addr:city" v="Roxbury"/>
    <tag k="addr:housenumber" v="1038"/>
    <tag k="addr:street" v="Warren Mountain Road"/>
    <tag k="addr:state" v="VT"/>
    <tag k="ref:vcgi:esiteid" v="205355"/>
  </node>
  <node id="-158" visible="true" lat="44.103381793451" lon="-72.727775613386">
    <tag k="addr:city" v="Roxbury"/>
    <tag k="addr:housenumber" v="140"/>
    <tag k="addr:street" v="Schuler Road"/>
    <tag k="addr:state" v="VT"/>
    <tag k="ref:vcgi:esiteid" v="205358"/>
  </node>
  <node id="-160" visible="true" lat="44.102511726004" lon="-72.747894987621">
    <tag k="addr:city" v="Roxbury"/>
    <tag k="addr:housenumber" v="1035"/>
    <tag k="addr:street" v="Warren Mountain Road"/>
    <tag k="addr:state" v="VT"/>
    <tag k="ref:vcgi:esiteid" v="205360"/>
  </node>
  <node id="-161" visible="true" lat="44.101970277471" lon="-72.751673970231">
    <tag k="addr:city" v="Roxbury"/>
    <tag k="addr:housenumber" v="2051"/>
    <tag k="addr:street" v="Carrie Howe Road"/>
    <tag k="addr:state" v="VT"/>
    <tag k="ref:vcgi:esiteid" v="205361"/>
  </node>
  <node id="-162" visible="true" lat="44.101851652683" lon="-72.746408621074">
    <tag k="addr:city" v="Roxbury"/>
    <tag k="addr:housenumber" v="953"/>
    <tag k="addr:street" v="Warren Mountain Road"/>
    <tag k="addr:state" v="VT"/>
    <tag k="ref:vcgi:esiteid" v="205362"/>
  </node>
  <node id="-163" visible="true" lat="44.101361540469" lon="-72.731619951667">
    <tag k="addr:city" v="Roxbury"/>
    <tag k="addr:housenumber" v="45"/>
    <tag k="addr:street" v="Ellis Road"/>
    <tag k="addr:state" v="VT"/>
    <tag k="ref:vcgi:esiteid" v="205363"/>
  </node>
  <node id="-164" visible="true" lat="44.101113601106" lon="-72.745052898544">
    <tag k="addr:city" v="Roxbury"/>
    <tag k="addr:housenumber" v="860"/>
    <tag k="addr:street" v="Warren Mountain Road"/>
    <tag k="addr:state" v="VT"/>
    <tag k="ref:vcgi:esiteid" v="205364"/>
  </node>
  <node id="-165" visible="true" lat="44.100947540154" lon="-72.75162133968">
    <tag k="addr:city" v="Roxbury"/>
    <tag k="addr:housenumber" v="1981"/>
    <tag k="addr:street" v="Carrie Howe Road"/>
    <tag k="addr:state" v="VT"/>
    <tag k="ref:vcgi:esiteid" v="205365"/>
  </node>
  <node id="-166" visible="true" lat="44.099723198902" lon="-72.750854609057">
    <tag k="addr:city" v="Roxbury"/>
    <tag k="addr:housenumber" v="1921"/>
    <tag k="addr:street" v="Carrie Howe Road"/>
    <tag k="addr:state" v="VT"/>
    <tag k="ref:vcgi:esiteid" v="205366"/>
  </node>
  <node id="-167" visible="true" lat="44.099185430295" lon="-72.743715020395">
    <tag k="addr:city" v="Roxbury"/>
    <tag k="addr:housenumber" v="702"/>
    <tag k="addr:street" v="Warren Mountain Road"/>
    <tag k="addr:state" v="VT"/>
    <tag k="ref:vcgi:esiteid" v="205367"/>
  </node>
  <node id="-169" visible="true" lat="44.098716180981" lon="-72.743623846226">
    <tag k="addr:city" v="Roxbury"/>
    <tag k="addr:housenumber" v="680"/>
    <tag k="addr:street" v="Warren Mountain Road"/>
    <tag k="addr:state" v="VT"/>
    <tag k="ref:vcgi:esiteid" v="205369"/>
  </node>
  <node id="-170" visible="true" lat="44.098675796237" lon="-72.732372878524">
    <tag k="addr:city" v="Roxbury"/>
    <tag k="addr:housenumber" v="159"/>
    <tag k="addr:street" v="Ellis Road"/>
    <tag k="addr:state" v="VT"/>
    <tag k="ref:vcgi:esiteid" v="205370"/>
  </node>
  <node id="-171" visible="true" lat="44.098412853286" lon="-72.744313807822">
    <tag k="addr:city" v="Roxbury"/>
    <tag k="addr:housenumber" v="653"/>
    <tag k="addr:street" v="Warren Mountain Road"/>
    <tag k="addr:state" v="VT"/>
    <tag k="ref:vcgi:esiteid" v="205371"/>
  </node>
  <node id="-172" visible="true" lat="44.098142023835" lon="-72.744341651925">
    <tag k="addr:city" v="Roxbury"/>
    <tag k="addr:housenumber" v="651"/>
    <tag k="addr:street" v="Warren Mountain Road"/>
    <tag k="addr:state" v="VT"/>
    <tag k="ref:vcgi:esiteid" v="205372"/>
  </node>
  <node id="-173" visible="true" lat="44.097710963611" lon="-72.737710299867">
    <tag k="addr:city" v="Roxbury"/>
    <tag k="addr:housenumber" v="316"/>
    <tag k="addr:street" v="Warren Mountain Road"/>
    <tag k="addr:state" v="VT"/>
    <tag k="ref:vcgi:esiteid" v="205373"/>
  </node>
  <node id="-174" visible="true" lat="44.097567994292" lon="-72.749429222977">
    <tag k="addr:city" v="Roxbury"/>
    <tag k="addr:housenumber" v="1712"/>
    <tag k="addr:street" v="Carrie Howe Road"/>
    <tag k="addr:state" v="VT"/>
    <tag k="ref:vcgi:esiteid" v="205374"/>
  </node>
  <node id="-175" visible="true" lat="44.097582938014" lon="-72.74412624699">
    <tag k="addr:city" v="Roxbury"/>
    <tag k="addr:housenumber" v="635"/>
    <tag k="addr:street" v="Warren Mountain Road"/>
    <tag k="addr:state" v="VT"/>
    <tag k="ref:vcgi:esiteid" v="205375"/>
  </node>
  <node id="-176" visible="true" lat="44.097692778397" lon="-72.731439583203">
    <tag k="addr:city" v="Roxbury"/>
    <tag k="addr:housenumber" v="1203"/>
    <tag k="addr:street" v="Roxbury Road"/>
    <tag k="addr:state" v="VT"/>
    <tag k="ref:vcgi:esiteid" v="205376"/>
  </node>
  <node id="-177" visible="true" lat="44.097264427724" lon="-72.743549952924">
    <tag k="addr:city" v="Roxbury"/>
    <tag k="addr:housenumber" v="583"/>
    <tag k="addr:street" v="Warren Mountain Road"/>
    <tag k="addr:state" v="VT"/>
    <tag k="ref:vcgi:esiteid" v="205377"/>
  </node>
  <node id="-180" visible="true" lat="44.096915938398" lon="-72.742000693485">
    <tag k="addr:city" v="Roxbury"/>
    <tag k="addr:housenumber" v="530"/>
    <tag k="addr:street" v="Warren Mountain Road"/>
    <tag k="addr:state" v="VT"/>
    <tag k="ref:vcgi:esiteid" v="205380"/>
  </node>
  <node id="-181" visible="true" lat="44.096537369772" lon="-72.741586601877">
    <tag k="addr:city" v="Roxbury"/>
    <tag k="addr:housenumber" v="478"/>
    <tag k="addr:street" v="Warren Mountain Road"/>
    <tag k="addr:state" v="VT"/>
    <tag k="ref:vcgi:esiteid" v="205381"/>
  </node>
  <node id="-182" visible="true" lat="44.096333922328" lon="-72.741058162987">
    <tag k="addr:city" v="Roxbury"/>
    <tag k="addr:housenumber" v="476"/>
    <tag k="addr:street" v="Warren Mountain Road"/>
    <tag k="addr:state" v="VT"/>
    <tag k="ref:vcgi:esiteid" v="205382"/>
  </node>
  <node id="-183" visible="true" lat="44.095990083173" lon="-72.737532574874">
    <tag k="addr:city" v="Roxbury"/>
    <tag k="addr:housenumber" v="314"/>
    <tag k="addr:street" v="Warren Mountain Road"/>
    <tag k="addr:state" v="VT"/>
    <tag k="ref:vcgi:esiteid" v="205383"/>
  </node>
  <node id="-184" visible="true" lat="44.096059205612" lon="-72.732601843117">
    <tag k="addr:city" v="Roxbury"/>
    <tag k="addr:housenumber" v="1312"/>
    <tag k="addr:street" v="Roxbury Road"/>
    <tag k="addr:state" v="VT"/>
    <tag k="ref:vcgi:esiteid" v="205384"/>
  </node>
  <node id="-185" visible="true" lat="44.096282787546" lon="-72.731270397731">
    <tag k="addr:city" v="Roxbury"/>
    <tag k="addr:housenumber" v="1329"/>
    <tag k="addr:street" v="Roxbury Road"/>
    <tag k="addr:state" v="VT"/>
    <tag k="ref:vcgi:esiteid" v="205385"/>
  </node>
  <node id="-186" visible="true" lat="44.0956721969" lon="-72.732722046693">
    <tag k="addr:city" v="Roxbury"/>
    <tag k="addr:housenumber" v="1340"/>
    <tag k="addr:street" v="Roxbury Road"/>
    <tag k="addr:state" v="VT"/>
    <tag k="ref:vcgi:esiteid" v="205386"/>
  </node>
  <node id="-187" visible="true" lat="44.09544990046" lon="-72.739753671786">
    <tag k="addr:city" v="Roxbury"/>
    <tag k="addr:housenumber" v="364"/>
    <tag k="addr:street" v="Warren Mountain Road"/>
    <tag k="addr:state" v="VT"/>
    <tag k="ref:vcgi:esiteid" v="205387"/>
  </node>
  <node id="-188" visible="true" lat="44.095165866572" lon="-72.739146239041">
    <tag k="addr:city" v="Roxbury"/>
    <tag k="addr:housenumber" v="335"/>
    <tag k="addr:street" v="Warren Mountain Road"/>
    <tag k="addr:state" v="VT"/>
    <tag k="ref:vcgi:esiteid" v="205388"/>
  </node>
  <node id="-189" visible="true" lat="44.095149980059" lon="-72.732818744719">
    <tag k="addr:city" v="Roxbury"/>
    <tag k="addr:housenumber" v="1384"/>
    <tag k="addr:street" v="Roxbury Road"/>
    <tag k="addr:state" v="VT"/>
    <tag k="ref:vcgi:esiteid" v="205389"/>
  </node>
  <node id="-190" visible="true" lat="44.094561319964" lon="-72.736312101044">
    <tag k="addr:city" v="Roxbury"/>
    <tag k="addr:housenumber" v="178"/>
    <tag k="addr:street" v="Warren Mountain Road"/>
    <tag k="addr:state" v="VT"/>
    <tag k="ref:vcgi:esiteid" v="205390"/>
  </node>
  <node id="-191" visible="true" lat="44.094736018179" lon="-72.7329377915">
    <tag k="addr:city" v="Roxbury"/>
    <tag k="addr:housenumber" v="1412"/>
    <tag k="addr:street" v="Roxbury Road"/>
    <tag k="addr:state" v="VT"/>
    <tag k="ref:vcgi:esiteid" v="205391"/>
  </node>
  <node id="-192" visible="true" lat="44.094403902844" lon="-72.736722228651">
    <tag k="addr:city" v="Roxbury"/>
    <tag k="addr:housenumber" v="199"/>
    <tag k="addr:street" v="Warren Mountain Road"/>
    <tag k="addr:state" v="VT"/>
    <tag k="ref:vcgi:esiteid" v="205392"/>
  </node>
  <node id="-193" visible="true" lat="44.094422638694" lon="-72.740620152606">
    <tag k="addr:city" v="Roxbury"/>
    <tag k="addr:housenumber" v="83"/>
    <tag k="addr:street" v="Webster Road"/>
    <tag k="addr:state" v="VT"/>
    <tag k="ref:vcgi:esiteid" v="205393"/>
  </node>
  <node id="-194" visible="true" lat="44.094432186502" lon="-72.736040581815">
    <tag k="addr:city" v="Roxbury"/>
    <tag k="addr:housenumber" v="162"/>
    <tag k="addr:street" v="Warren Mountain Road"/>
    <tag k="addr:state" v="VT"/>
    <tag k="ref:vcgi:esiteid" v="205394"/>
  </node>
  <node id="-195" visible="true" lat="44.09437977019" lon="-72.73308456714">
    <tag k="addr:city" v="Roxbury"/>
    <tag k="addr:housenumber" v="1432"/>
    <tag k="addr:street" v="Roxbury Road"/>
    <tag k="addr:state" v="VT"/>
    <tag k="ref:vcgi:esiteid" v="205395"/>
  </node>
  <node id="-196" visible="true" lat="44.094136592317" lon="-72.732705414479">
    <tag k="addr:city" v="Roxbury"/>
    <tag k="addr:housenumber" v="1435"/>
    <tag k="addr:street" v="Roxbury Road"/>
    <tag k="addr:state" v="VT"/>
    <tag k="ref:vcgi:esiteid" v="205396"/>
  </node>
  <node id="-197" visible="true" lat="44.094043344832" lon="-72.737649300678">
    <tag k="addr:city" v="Roxbury"/>
    <tag k="addr:housenumber" v="237"/>
    <tag k="addr:street" v="Warren Mountain Road"/>
    <tag k="addr:state" v="VT"/>
    <tag k="ref:vcgi:esiteid" v="205397"/>
  </node>
  <node id="-198" visible="true" lat="44.094126477063" lon="-72.73316894817">
    <tag k="addr:city" v="Roxbury"/>
    <tag k="addr:housenumber" v="1452"/>
    <tag k="addr:street" v="Roxbury Road"/>
    <tag k="addr:state" v="VT"/>
    <tag k="ref:vcgi:esiteid" v="205398"/>
  </node>
  <node id="-200" visible="true" lat="44.093595245871" lon="-72.735359473892">
    <tag k="addr:city" v="Roxbury"/>
    <tag k="addr:housenumber" v="117"/>
    <tag k="addr:street" v="Warren Mountain Road"/>
    <tag k="addr:state" v="VT"/>
    <tag k="ref:vcgi:esiteid" v="205400"/>
  </node>
  <node id="-201" visible="true" lat="44.093838221966" lon="-72.732263412744">
    <tag k="addr:city" v="Roxbury"/>
    <tag k="addr:housenumber" v="1471"/>
    <tag k="addr:street" v="Roxbury Road"/>
    <tag k="addr:state" v="VT"/>
    <tag k="ref:vcgi:esiteid" v="205401"/>
  </node>
  <node id="-202" visible="true" lat="44.093639436244" lon="-72.734526614375">
    <tag k="addr:city" v="Roxbury"/>
    <tag k="addr:housenumber" v="68"/>
    <tag k="addr:street" v="Warren Mountain Road"/>
    <tag k="addr:state" v="VT"/>
    <tag k="ref:vcgi:esiteid" v="205402"/>
  </node>
  <node id="-203" visible="true" lat="44.093673156644" lon="-72.733321415919">
    <tag k="addr:city" v="Roxbury"/>
    <tag k="addr:housenumber" v="1484"/>
    <tag k="addr:street" v="Roxbury Road"/>
    <tag k="addr:state" v="VT"/>
    <tag k="ref:vcgi:esiteid" v="205403"/>
  </node>
  <node id="-204" visible="true" lat="44.093599807813" lon="-72.732755291896">
    <tag k="addr:city" v="Roxbury"/>
    <tag k="addr:housenumber" v="1483"/>
    <tag k="addr:street" v="Roxbury Road"/>
    <tag k="addr:state" v="VT"/>
    <tag k="ref:vcgi:esiteid" v="205404"/>
  </node>
  <node id="-205" visible="true" lat="44.093316633999" lon="-72.734334906928">
    <tag k="addr:city" v="Roxbury"/>
    <tag k="addr:housenumber" v="59"/>
    <tag k="addr:street" v="Warren Mountain Road"/>
    <tag k="addr:state" v="VT"/>
    <tag k="ref:vcgi:esiteid" v="205405"/>
  </node>
  <node id="-206" visible="true" lat="44.093436237433" lon="-72.732900250786">
    <tag k="addr:city" v="Roxbury"/>
    <tag k="addr:housenumber" v="1491"/>
    <tag k="addr:street" v="Roxbury Road"/>
    <tag k="addr:state" v="VT"/>
    <tag k="ref:vcgi:esiteid" v="205406"/>
  </node>
  <node id="-207" visible="true" lat="44.093475633181" lon="-72.733409778161">
    <tag k="addr:city" v="Roxbury"/>
    <tag k="addr:housenumber" v="1496"/>
    <tag k="addr:street" v="Roxbury Road"/>
    <tag k="addr:state" v="VT"/>
    <tag k="ref:vcgi:esiteid" v="205407"/>
  </node>
  <node id="-208" visible="true" lat="44.093231515309" lon="-72.732950121897">
    <tag k="addr:city" v="Roxbury"/>
    <tag k="addr:housenumber" v="19"/>
    <tag k="addr:street" v="Tracy Hill Road"/>
    <tag k="addr:state" v="VT"/>
    <tag k="ref:vcgi:esiteid" v="205408"/>
  </node>
  <node id="-209" visible="true" lat="44.093142467095" lon="-72.743718548861">
    <tag k="addr:city" v="Roxbury"/>
    <tag k="addr:housenumber" v="324"/>
    <tag k="addr:street" v="Webster Road"/>
    <tag k="addr:state" v="VT"/>
    <tag k="ref:vcgi:esiteid" v="205409"/>
  </node>
  <node id="-211" visible="true" lat="44.092867234553" lon="-72.734306902967">
    <tag k="addr:city" v="Roxbury"/>
    <tag k="addr:housenumber" v="38"/>
    <tag k="addr:street" v="Town Garage Road"/>
    <tag k="addr:state" v="VT"/>
    <tag k="ref:vcgi:esiteid" v="205411"/>
  </node>
  <node id="-212" visible="true" lat="44.092613097557" lon="-72.757268919091">
    <tag k="addr:city" v="Roxbury"/>
    <tag k="addr:housenumber" v="520"/>
    <tag k="addr:street" v="West Hill Road"/>
    <tag k="addr:state" v="VT"/>
    <tag k="ref:vcgi:esiteid" v="205412"/>
  </node>
  <node id="-213" visible="true" lat="44.093405592374" lon="-72.711536655151">
    <tag k="addr:city" v="Roxbury"/>
    <tag k="addr:housenumber" v="482"/>
    <tag k="addr:street" v="Old Mail Route Road"/>
    <tag k="addr:state" v="VT"/>
    <tag k="ref:vcgi:esiteid" v="205413"/>
  </node>
  <node id="-214" visible="true" lat="44.092773107515" lon="-72.733645341864">
    <tag k="addr:city" v="Roxbury"/>
    <tag k="addr:housenumber" v="1540"/>
    <tag k="addr:street" v="Roxbury Road"/>
    <tag k="addr:state" v="VT"/>
    <tag k="ref:vcgi:esiteid" v="205414"/>
  </node>
  <node id="-215" visible="true" lat="44.092811996298" lon="-72.732113918431">
    <tag k="addr:city" v="Roxbury"/>
    <tag k="addr:housenumber" v="61"/>
    <tag k="addr:street" v="Tracy Hill Road"/>
    <tag k="addr:state" v="VT"/>
    <tag k="ref:vcgi:esiteid" v="205415"/>
  </node>
  <node id="-216" visible="true" lat="44.09263664138" lon="-72.748915614733">
    <tag k="addr:city" v="Roxbury"/>
    <tag k="addr:housenumber" v="1393"/>
    <tag k="addr:street" v="Carrie Howe Road"/>
    <tag k="addr:state" v="VT"/>
    <tag k="ref:vcgi:esiteid" v="205416"/>
  </node>
  <node id="-217" visible="true" lat="44.092599269422" lon="-72.742181125559">
    <tag k="addr:city" v="Roxbury"/>
    <tag k="addr:housenumber" v="274"/>
    <tag k="addr:street" v="Webster Road"/>
    <tag k="addr:state" v="VT"/>
    <tag k="ref:vcgi:esiteid" v="205417"/>
  </node>
  <node id="-218" visible="true" lat="44.092462073414" lon="-72.729063615774">
    <tag k="addr:city" v="Roxbury"/>
    <tag k="addr:housenumber" v="159"/>
    <tag k="addr:street" v="Tracy Hill Road"/>
    <tag k="addr:state" v="VT"/>
    <tag k="ref:vcgi:esiteid" v="205418"/>
  </node>
  <node id="-219" visible="true" lat="44.092513882107" lon="-72.733609072154">
    <tag k="addr:city" v="Roxbury"/>
    <tag k="addr:housenumber" v="1556"/>
    <tag k="addr:street" v="Roxbury Road"/>
    <tag k="addr:state" v="VT"/>
    <tag k="ref:vcgi:esiteid" v="205419"/>
  </node>
  <node id="-220" visible="true" lat="44.092411570607" lon="-72.73292997121">
    <tag k="addr:city" v="Roxbury"/>
    <tag k="addr:housenumber" v="1559"/>
    <tag k="addr:street" v="Roxbury Road"/>
    <tag k="addr:state" v="VT"/>
    <tag k="ref:vcgi:esiteid" v="205420"/>
  </node>
  <node id="-221" visible="true" lat="44.091396947864" lon="-72.74104460237">
    <tag k="addr:city" v="Roxbury"/>
    <tag k="addr:housenumber" v="223"/>
    <tag k="addr:street" v="Webster Road"/>
    <tag k="addr:state" v="VT"/>
    <tag k="ref:vcgi:esiteid" v="205421"/>
  </node>
  <node id="-222" visible="true" lat="44.092277282491" lon="-72.733197176239">
    <tag k="addr:city" v="Roxbury"/>
    <tag k="addr:housenumber" v="1567"/>
    <tag k="addr:street" v="Roxbury Road"/>
    <tag k="addr:state" v="VT"/>
    <tag k="ref:vcgi:esiteid" v="205422"/>
  </node>
  <node id="-223" visible="true" lat="44.092243948078" lon="-72.757707931303">
    <tag k="addr:city" v="Roxbury"/>
    <tag k="addr:housenumber" v="526"/>
    <tag k="addr:street" v="West Hill Road"/>
    <tag k="addr:state" v="VT"/>
    <tag k="ref:vcgi:esiteid" v="205423"/>
  </node>
  <node id="-224" visible="true" lat="44.092115851261" lon="-72.733227764758">
    <tag k="addr:city" v="Roxbury"/>
    <tag k="addr:housenumber" v="1579"/>
    <tag k="addr:street" v="Roxbury Road"/>
    <tag k="addr:state" v="VT"/>
    <tag k="ref:vcgi:esiteid" v="205424"/>
  </node>
  <node id="-225" visible="true" lat="44.091958900907" lon="-72.73332679535">
    <tag k="addr:city" v="Roxbury"/>
    <tag k="addr:housenumber" v="1589"/>
    <tag k="addr:street" v="Roxbury Road"/>
    <tag k="addr:state" v="VT"/>
    <tag k="ref:vcgi:esiteid" v="205425"/>
  </node>
  <node id="-226" visible="true" lat="44.092008585853" lon="-72.733866030196">
    <tag k="addr:city" v="Roxbury"/>
    <tag k="addr:housenumber" v="1592"/>
    <tag k="addr:street" v="Roxbury Road"/>
    <tag k="addr:state" v="VT"/>
    <tag k="ref:vcgi:esiteid" v="205426"/>
  </node>
  <node id="-227" visible="true" lat="44.092059786891" lon="-72.73202775751">
    <tag k="addr:city" v="Roxbury"/>
    <tag k="addr:housenumber" v="123"/>
    <tag k="addr:street" v="Tracy Hill Road"/>
    <tag k="addr:state" v="VT"/>
    <tag k="ref:vcgi:esiteid" v="205427"/>
  </node>
  <node id="-228" visible="true" lat="44.091886422334" lon="-72.733326795108">
    <tag k="addr:city" v="Roxbury"/>
    <tag k="addr:housenumber" v="1593"/>
    <tag k="addr:street" v="Roxbury Road"/>
    <tag k="addr:state" v="VT"/>
    <tag k="ref:vcgi:esiteid" v="205428"/>
  </node>
  <node id="-229" visible="true" lat="44.092019331524" lon="-72.730532136231">
    <tag k="addr:city" v="Roxbury"/>
    <tag k="addr:housenumber" v="203"/>
    <tag k="addr:street" v="Tracy Hill Road"/>
    <tag k="addr:state" v="VT"/>
    <tag k="ref:vcgi:esiteid" v="205429"/>
  </node>
  <node id="-230" visible="true" lat="44.091839196607" lon="-72.734913866747">
    <tag k="addr:city" v="Roxbury"/>
    <tag k="addr:housenumber" v="112"/>
    <tag k="addr:street" v="Town Garage Road"/>
    <tag k="addr:state" v="VT"/>
    <tag k="ref:vcgi:esiteid" v="205430"/>
  </node>
  <node id="-231" visible="true" lat="44.091751513238" lon="-72.733410336008">
    <tag k="addr:city" v="Roxbury"/>
    <tag k="addr:housenumber" v="1601"/>
    <tag k="addr:street" v="Roxbury Road"/>
    <tag k="addr:state" v="VT"/>
    <tag k="ref:vcgi:esiteid" v="205431"/>
  </node>
  <node id="-232" visible="true" lat="44.091613391901" lon="-72.733407569993">
    <tag k="addr:city" v="Roxbury"/>
    <tag k="addr:housenumber" v="1607"/>
    <tag k="addr:street" v="Roxbury Road"/>
    <tag k="addr:state" v="VT"/>
    <tag k="ref:vcgi:esiteid" v="205432"/>
  </node>
  <node id="-233" visible="true" lat="44.091678586917" lon="-72.73390035551">
    <tag k="addr:city" v="Roxbury"/>
    <tag k="addr:housenumber" v="1616"/>
    <tag k="addr:street" v="Roxbury Road"/>
    <tag k="addr:state" v="VT"/>
    <tag k="ref:vcgi:esiteid" v="205433"/>
  </node>
  <node id="-234" visible="true" lat="44.091707127127" lon="-72.744963596784">
    <tag k="addr:city" v="Roxbury"/>
    <tag k="addr:housenumber" v="434"/>
    <tag k="addr:street" v="Webster Road"/>
    <tag k="addr:state" v="VT"/>
    <tag k="ref:vcgi:esiteid" v="205434"/>
  </node>
  <node id="-236" visible="true" lat="44.091688803528" lon="-72.730819166231">
    <tag k="addr:city" v="Roxbury"/>
    <tag k="addr:housenumber" v="174"/>
    <tag k="addr:street" v="Tracy Hill Road"/>
    <tag k="addr:state" v="VT"/>
    <tag k="ref:vcgi:esiteid" v="205436"/>
  </node>
  <node id="-237" visible="true" lat="44.091424342027" lon="-72.733949007516">
    <tag k="addr:city" v="Roxbury"/>
    <tag k="addr:housenumber" v="1632"/>
    <tag k="addr:street" v="Roxbury Road"/>
    <tag k="addr:state" v="VT"/>
    <tag k="ref:vcgi:esiteid" v="205437"/>
  </node>
  <node id="-238" visible="true" lat="44.091472841569" lon="-72.733485785936">
    <tag k="addr:city" v="Roxbury"/>
    <tag k="addr:housenumber" v="1629"/>
    <tag k="addr:street" v="Roxbury Road"/>
    <tag k="addr:state" v="VT"/>
    <tag k="ref:vcgi:esiteid" v="205438"/>
  </node>
  <node id="-239" visible="true" lat="44.091432831581" lon="-72.731773028782">
    <tag k="addr:city" v="Roxbury"/>
    <tag k="addr:housenumber" v="150"/>
    <tag k="addr:street" v="Tracy Hill Road"/>
    <tag k="addr:state" v="VT"/>
    <tag k="ref:vcgi:esiteid" v="205439"/>
  </node>
  <node id="-240" visible="true" lat="44.091315189898" lon="-72.736444932609">
    <tag k="addr:city" v="Roxbury"/>
    <tag k="addr:housenumber" v="130"/>
    <tag k="addr:street" v="Town Garage Road"/>
    <tag k="addr:state" v="VT"/>
    <tag k="ref:vcgi:esiteid" v="205440"/>
  </node>
  <node id="-241" visible="true" lat="44.091251545265" lon="-72.734066593868">
    <tag k="addr:city" v="Roxbury"/>
    <tag k="addr:housenumber" v="1642"/>
    <tag k="addr:street" v="Roxbury Road"/>
    <tag k="addr:state" v="VT"/>
    <tag k="ref:vcgi:esiteid" v="205441"/>
  </node>
  <node id="-244" visible="true" lat="44.090991786135" lon="-72.734189801622">
    <tag k="addr:city" v="Roxbury"/>
    <tag k="addr:housenumber" v="1664"/>
    <tag k="addr:street" v="Roxbury Road"/>
    <tag k="addr:state" v="VT"/>
    <tag k="ref:vcgi:esiteid" v="205444"/>
  </node>
  <node id="-245" visible="true" lat="44.090901551855" lon="-72.733629474753">
    <tag k="addr:city" v="Roxbury"/>
    <tag k="addr:housenumber" v="1657"/>
    <tag k="addr:street" v="Roxbury Road"/>
    <tag k="addr:state" v="VT"/>
    <tag k="ref:vcgi:esiteid" v="205445"/>
  </node>
  <node id="-246" visible="true" lat="44.090788121414" lon="-72.733082035366">
    <tag k="addr:city" v="Roxbury"/>
    <tag k="addr:housenumber" v="1653"/>
    <tag k="addr:street" v="Roxbury Road"/>
    <tag k="addr:state" v="VT"/>
    <tag k="ref:vcgi:esiteid" v="205446"/>
  </node>
  <node id="-248" visible="true" lat="44.09045319032" lon="-72.734301348179">
    <tag k="addr:city" v="Roxbury"/>
    <tag k="addr:housenumber" v="1708"/>
    <tag k="addr:street" v="Roxbury Road"/>
    <tag k="addr:state" v="VT"/>
    <tag k="ref:vcgi:esiteid" v="205448"/>
  </node>
  <node id="-249" visible="true" lat="44.090536578573" lon="-72.733787433577">
    <tag k="addr:city" v="Roxbury"/>
    <tag k="addr:housenumber" v="1701"/>
    <tag k="addr:street" v="Roxbury Road"/>
    <tag k="addr:state" v="VT"/>
    <tag k="ref:vcgi:esiteid" v="205449"/>
  </node>
  <node id="-250" visible="true" lat="44.090117127817" lon="-72.734363310468">
    <tag k="addr:city" v="Roxbury"/>
    <tag k="addr:housenumber" v="1726"/>
    <tag k="addr:street" v="Roxbury Road"/>
    <tag k="addr:state" v="VT"/>
    <tag k="ref:vcgi:esiteid" v="205451"/>
  </node>
  <node id="-253" visible="true" lat="44.089656599117" lon="-72.734507447728">
    <tag k="addr:city" v="Roxbury"/>
    <tag k="addr:housenumber" v="1760"/>
    <tag k="addr:street" v="Roxbury Road"/>
    <tag k="addr:state" v="VT"/>
    <tag k="ref:vcgi:esiteid" v="205454"/>
  </node>
  <node id="-254" visible="true" lat="44.08956115996" lon="-72.73400462435">
    <tag k="addr:city" v="Roxbury"/>
    <tag k="addr:housenumber" v="1765"/>
    <tag k="addr:street" v="Roxbury Road"/>
    <tag k="addr:state" v="VT"/>
    <tag k="ref:vcgi:esiteid" v="205455"/>
  </node>
  <node id="-255" visible="true" lat="44.089479076149" lon="-72.716647276168">
    <tag k="addr:city" v="Roxbury"/>
    <tag k="addr:housenumber" v="939"/>
    <tag k="addr:street" v="Tracy Hill Road"/>
    <tag k="addr:state" v="VT"/>
    <tag k="ref:vcgi:esiteid" v="205456"/>
  </node>
  <node id="-256" visible="true" lat="44.089293091821" lon="-72.734636356287">
    <tag k="addr:city" v="Roxbury"/>
    <tag k="addr:housenumber" v="1784"/>
    <tag k="addr:street" v="Roxbury Road"/>
    <tag k="addr:state" v="VT"/>
    <tag k="ref:vcgi:esiteid" v="205457"/>
  </node>
  <node id="-257" visible="true" lat="44.089124595178" lon="-72.719376686811">
    <tag k="addr:city" v="Roxbury"/>
    <tag k="addr:housenumber" v="855"/>
    <tag k="addr:street" v="Tracy Hill Road"/>
    <tag k="addr:state" v="VT"/>
    <tag k="ref:vcgi:esiteid" v="205458"/>
  </node>
  <node id="-258" visible="true" lat="44.088951389943" lon="-72.734064216833">
    <tag k="addr:city" v="Roxbury"/>
    <tag k="addr:housenumber" v="1803"/>
    <tag k="addr:street" v="Roxbury Road"/>
    <tag k="addr:state" v="VT"/>
    <tag k="ref:vcgi:esiteid" v="205459"/>
  </node>
  <node id="-259" visible="true" lat="44.088921755398" lon="-72.734634161539">
    <tag k="addr:city" v="Roxbury"/>
    <tag k="addr:housenumber" v="1808"/>
    <tag k="addr:street" v="Roxbury Road"/>
    <tag k="addr:state" v="VT"/>
    <tag k="ref:vcgi:esiteid" v="205460"/>
  </node>
  <node id="-260" visible="true" lat="44.089126343534" lon="-72.693373251889">
    <tag k="addr:city" v="Roxbury"/>
    <tag k="addr:housenumber" v="935"/>
    <tag k="addr:street" v="Horner Road"/>
    <tag k="addr:state" v="VT"/>
    <tag k="ref:vcgi:esiteid" v="205461"/>
  </node>
  <node id="-261" visible="true" lat="44.088810878683" lon="-72.72024185693">
    <tag k="addr:city" v="Roxbury"/>
    <tag k="addr:housenumber" v="838"/>
    <tag k="addr:street" v="Tracy Hill Road"/>
    <tag k="addr:state" v="VT"/>
    <tag k="ref:vcgi:esiteid" v="205462"/>
  </node>
  <node id="-262" visible="true" lat="44.088649201015" lon="-72.748553611987">
    <tag k="addr:city" v="Roxbury"/>
    <tag k="addr:housenumber" v="1107"/>
    <tag k="addr:street" v="Carrie Howe Road"/>
    <tag k="addr:state" v="VT"/>
    <tag k="ref:vcgi:esiteid" v="205463"/>
  </node>
  <node id="-263" visible="true" lat="44.088693584054" lon="-72.714472746411">
    <tag k="addr:city" v="Roxbury"/>
    <tag k="addr:housenumber" v="1127"/>
    <tag k="addr:street" v="Tracy Hill Road"/>
    <tag k="addr:state" v="VT"/>
    <tag k="ref:vcgi:esiteid" v="205464"/>
  </node>
  <node id="-265" visible="true" lat="44.08816659112" lon="-72.716065699415">
    <tag k="addr:city" v="Roxbury"/>
    <tag k="addr:housenumber" v="997"/>
    <tag k="addr:street" v="Tracy Hill Road"/>
    <tag k="addr:state" v="VT"/>
    <tag k="ref:vcgi:esiteid" v="205466"/>
  </node>
  <node id="-266" visible="true" lat="44.087921844701" lon="-72.716751218373">
    <tag k="addr:city" v="Roxbury"/>
    <tag k="addr:housenumber" v="998"/>
    <tag k="addr:street" v="Tracy Hill Road"/>
    <tag k="addr:state" v="VT"/>
    <tag k="ref:vcgi:esiteid" v="205467"/>
  </node>
  <node id="-267" visible="true" lat="44.087663051155" lon="-72.715165431412">
    <tag k="addr:city" v="Roxbury"/>
    <tag k="addr:housenumber" v="1075"/>
    <tag k="addr:street" v="Tracy Hill Road"/>
    <tag k="addr:state" v="VT"/>
    <tag k="ref:vcgi:esiteid" v="205468"/>
  </node>
  <node id="-268" visible="true" lat="44.087598202053" lon="-72.692139911969">
    <tag k="addr:city" v="Roxbury"/>
    <tag k="addr:housenumber" v="1053"/>
    <tag k="addr:street" v="Horner Road"/>
    <tag k="addr:state" v="VT"/>
    <tag k="ref:vcgi:esiteid" v="205469"/>
  </node>
  <node id="-272" visible="true" lat="44.087519819281" lon="-72.709230773814">
    <tag k="addr:city" v="Roxbury"/>
    <tag k="addr:housenumber" v="145"/>
    <tag k="addr:street" v="Horner Road"/>
    <tag k="addr:state" v="VT"/>
    <tag k="ref:vcgi:esiteid" v="205473"/>
  </node>
  <node id="-274" visible="true" lat="44.086991774057" lon="-72.720891776876">
    <tag k="addr:city" v="Roxbury"/>
    <tag k="addr:housenumber" v="400"/>
    <tag k="addr:street" v="Moose Run Road"/>
    <tag k="addr:state" v="VT"/>
    <tag k="ref:vcgi:esiteid" v="205475"/>
  </node>
  <node id="-275" visible="true" lat="44.087262111928" lon="-72.718090586967">
    <tag k="addr:city" v="Roxbury"/>
    <tag k="addr:housenumber" v="143"/>
    <tag k="addr:street" v="Moose Run Road"/>
    <tag k="addr:state" v="VT"/>
    <tag k="ref:vcgi:esiteid" v="205476"/>
  </node>
  <node id="-276" visible="true" lat="44.087399461879" lon="-72.748727407215">
    <tag k="addr:city" v="Roxbury"/>
    <tag k="addr:housenumber" v="1013"/>
    <tag k="addr:street" v="Carrie Howe Road"/>
    <tag k="addr:state" v="VT"/>
    <tag k="ref:vcgi:esiteid" v="205477"/>
  </node>
  <node id="-278" visible="true" lat="44.087117549252" lon="-72.695931721297">
    <tag k="addr:city" v="Roxbury"/>
    <tag k="addr:housenumber" v="830"/>
    <tag k="addr:street" v="Horner Road"/>
    <tag k="addr:state" v="VT"/>
    <tag k="ref:vcgi:esiteid" v="205479"/>
  </node>
  <node id="-279" visible="true" lat="44.087144726431" lon="-72.697566729133">
    <tag k="addr:city" v="Roxbury"/>
    <tag k="addr:housenumber" v="757"/>
    <tag k="addr:street" v="Horner Road"/>
    <tag k="addr:state" v="VT"/>
    <tag k="ref:vcgi:esiteid" v="205480"/>
  </node>
  <node id="-280" visible="true" lat="44.086927727453" lon="-72.734598872308">
    <tag k="addr:city" v="Roxbury"/>
    <tag k="addr:housenumber" v="1933"/>
    <tag k="addr:street" v="Roxbury Road"/>
    <tag k="addr:state" v="VT"/>
    <tag k="ref:vcgi:esiteid" v="205481"/>
  </node>
  <node id="-281" visible="true" lat="44.086986008332" lon="-72.698868618518">
    <tag k="addr:city" v="Roxbury"/>
    <tag k="addr:housenumber" v="691"/>
    <tag k="addr:street" v="Horner Road"/>
    <tag k="addr:state" v="VT"/>
    <tag k="ref:vcgi:esiteid" v="205482"/>
  </node>
  <node id="-283" visible="true" lat="44.086780845485" lon="-72.733917861155">
    <tag k="addr:city" v="Roxbury"/>
    <tag k="addr:housenumber" v="1929"/>
    <tag k="addr:street" v="Roxbury Road"/>
    <tag k="addr:state" v="VT"/>
    <tag k="ref:vcgi:esiteid" v="205484"/>
  </node>
  <node id="-284" visible="true" lat="44.086930629416" lon="-72.691361712765">
    <tag k="addr:city" v="Roxbury"/>
    <tag k="addr:housenumber" v="1127"/>
    <tag k="addr:street" v="Horner Road"/>
    <tag k="addr:state" v="VT"/>
    <tag k="ref:vcgi:esiteid" v="205485"/>
  </node>
  <node id="-286" visible="true" lat="44.08693917028" lon="-72.697110477873">
    <tag k="addr:city" v="Roxbury"/>
    <tag k="addr:housenumber" v="764"/>
    <tag k="addr:street" v="Horner Road"/>
    <tag k="addr:state" v="VT"/>
    <tag k="ref:vcgi:esiteid" v="205487"/>
  </node>
  <node id="-287" visible="true" lat="44.086641931921" lon="-72.734816328813">
    <tag k="addr:city" v="Roxbury"/>
    <tag k="addr:housenumber" v="21"/>
    <tag k="addr:street" v="Sullivan Hill Road"/>
    <tag k="addr:state" v="VT"/>
    <tag k="ref:vcgi:esiteid" v="205488"/>
  </node>
  <node id="-288" visible="true" lat="44.086527805858" lon="-72.735242214121">
    <tag k="addr:city" v="Roxbury"/>
    <tag k="addr:housenumber" v="1977"/>
    <tag k="addr:street" v="Roxbury Road"/>
    <tag k="addr:state" v="VT"/>
    <tag k="ref:vcgi:esiteid" v="205489"/>
  </node>
  <node id="-289" visible="true" lat="44.08698701542" lon="-72.748904376632">
    <tag k="addr:city" v="Roxbury"/>
    <tag k="addr:housenumber" v="969"/>
    <tag k="addr:street" v="Carrie Howe Road"/>
    <tag k="addr:state" v="VT"/>
    <tag k="ref:vcgi:esiteid" v="205490"/>
  </node>
  <node id="-291" visible="true" lat="44.086369866602" lon="-72.734803500293">
    <tag k="addr:city" v="Roxbury"/>
    <tag k="addr:housenumber" v="52"/>
    <tag k="addr:street" v="Sullivan Hill Road"/>
    <tag k="addr:state" v="VT"/>
    <tag k="ref:vcgi:esiteid" v="205492"/>
  </node>
  <node id="-292" visible="true" lat="44.086471681938" lon="-72.69815841237">
    <tag k="addr:city" v="Roxbury"/>
    <tag k="addr:housenumber" v="728"/>
    <tag k="addr:street" v="Horner Road"/>
    <tag k="addr:state" v="VT"/>
    <tag k="ref:vcgi:esiteid" v="205493"/>
  </node>
  <node id="-293" visible="true" lat="44.085921159511" lon="-72.702531915427">
    <tag k="addr:city" v="Roxbury"/>
    <tag k="addr:housenumber" v="502"/>
    <tag k="addr:street" v="Horner Road"/>
    <tag k="addr:state" v="VT"/>
    <tag k="ref:vcgi:esiteid" v="205494"/>
  </node>
  <node id="-295" visible="true" lat="44.086102023458" lon="-72.705433056536">
    <tag k="addr:city" v="Roxbury"/>
    <tag k="addr:housenumber" v="370"/>
    <tag k="addr:street" v="Horner Road"/>
    <tag k="addr:state" v="VT"/>
    <tag k="ref:vcgi:esiteid" v="205496"/>
  </node>
  <node id="-298" visible="true" lat="44.085696193798" lon="-72.733849341047">
    <tag k="addr:city" v="Roxbury"/>
    <tag k="addr:housenumber" v="107"/>
    <tag k="addr:street" v="Sullivan Hill Road"/>
    <tag k="addr:state" v="VT"/>
    <tag k="ref:vcgi:esiteid" v="205499"/>
  </node>
  <node id="-300" visible="true" lat="44.085532243728" lon="-72.733809698064">
    <tag k="addr:city" v="Roxbury"/>
    <tag k="addr:housenumber" v="119"/>
    <tag k="addr:street" v="Sullivan Hill Road"/>
    <tag k="addr:state" v="VT"/>
    <tag k="ref:vcgi:esiteid" v="205501"/>
  </node>
  <node id="-306" visible="true" lat="44.084805841015" lon="-72.731652557476">
    <tag k="addr:city" v="Roxbury"/>
    <tag k="addr:housenumber" v="243"/>
    <tag k="addr:street" v="Sullivan Hill Road"/>
    <tag k="addr:state" v="VT"/>
    <tag k="ref:vcgi:esiteid" v="205507"/>
  </node>
  <node id="-307" visible="true" lat="44.084980129592" lon="-72.691619158385">
    <tag k="addr:city" v="Roxbury"/>
    <tag k="addr:housenumber" v="1152"/>
    <tag k="addr:street" v="Horner Road"/>
    <tag k="addr:state" v="VT"/>
    <tag k="ref:vcgi:esiteid" v="205508"/>
  </node>
  <node id="-311" visible="true" lat="44.083570856812" lon="-72.737068143296">
    <tag k="addr:city" v="Roxbury"/>
    <tag k="addr:housenumber" v="2234"/>
    <tag k="addr:street" v="Roxbury Road"/>
    <tag k="addr:state" v="VT"/>
    <tag k="ref:vcgi:esiteid" v="205512"/>
  </node>
  <node id="-314" visible="true" lat="44.083227480711" lon="-72.737675427387">
    <tag k="addr:city" v="Roxbury"/>
    <tag k="addr:housenumber" v="2232"/>
    <tag k="addr:street" v="Roxbury Road"/>
    <tag k="addr:state" v="VT"/>
    <tag k="ref:vcgi:esiteid" v="205515"/>
  </node>
  <node id="-316" visible="true" lat="44.082582288868" lon="-72.757033673114">
    <tag k="addr:city" v="Roxbury"/>
    <tag k="addr:housenumber" v="47"/>
    <tag k="addr:street" v="Pent Road"/>
    <tag k="addr:state" v="VT"/>
    <tag k="ref:vcgi:esiteid" v="205517"/>
  </node>
  <node id="-317" visible="true" lat="44.082634955933" lon="-72.736182347025">
    <tag k="addr:city" v="Roxbury"/>
    <tag k="addr:housenumber" v="2237"/>
    <tag k="addr:street" v="Roxbury Road"/>
    <tag k="addr:state" v="VT"/>
    <tag k="ref:vcgi:esiteid" v="205518"/>
  </node>
  <node id="-318" visible="true" lat="44.081694512795" lon="-72.75746898773">
    <tag k="addr:city" v="Roxbury"/>
    <tag k="addr:housenumber" v="21"/>
    <tag k="addr:street" v="Pent Road"/>
    <tag k="addr:state" v="VT"/>
    <tag k="ref:vcgi:esiteid" v="205519"/>
  </node>
  <node id="-319" visible="true" lat="44.08184071592" lon="-72.758429641872">
    <tag k="addr:city" v="Roxbury"/>
    <tag k="addr:housenumber" v="1234"/>
    <tag k="addr:street" v="West Hill Road"/>
    <tag k="addr:state" v="VT"/>
    <tag k="ref:vcgi:esiteid" v="205520"/>
  </node>
  <node id="-322" visible="true" lat="44.080829757209" lon="-72.755040052215">
    <tag k="addr:city" v="Roxbury"/>
    <tag k="addr:housenumber" v="138"/>
    <tag k="addr:street" v="Pent Road"/>
    <tag k="addr:state" v="VT"/>
    <tag k="ref:vcgi:esiteid" v="205523"/>
  </node>
  <node id="-326" visible="true" lat="44.079444431332" lon="-72.759479382052">
    <tag k="addr:city" v="Roxbury"/>
    <tag k="addr:housenumber" v="1350"/>
    <tag k="addr:street" v="West Hill Road"/>
    <tag k="addr:state" v="VT"/>
    <tag k="ref:vcgi:esiteid" v="205527"/>
  </node>
  <node id="-330" visible="true" lat="44.079473172315" lon="-72.763096389268">
    <tag k="addr:city" v="Roxbury"/>
    <tag k="addr:housenumber" v="446"/>
    <tag k="addr:street" v="Ordway Road"/>
    <tag k="addr:state" v="VT"/>
    <tag k="ref:vcgi:esiteid" v="205531"/>
  </node>
  <node id="-332" visible="true" lat="44.079521816447" lon="-72.763383332743">
    <tag k="addr:city" v="Roxbury"/>
    <tag k="addr:housenumber" v="439"/>
    <tag k="addr:street" v="Ordway Road"/>
    <tag k="addr:state" v="VT"/>
    <tag k="ref:vcgi:esiteid" v="205533"/>
  </node>
  <node id="-334" visible="true" lat="44.078957339403" lon="-72.748039749733">
    <tag k="addr:city" v="Roxbury"/>
    <tag k="addr:housenumber" v="437"/>
    <tag k="addr:street" v="Carrie Howe Road"/>
    <tag k="addr:state" v="VT"/>
    <tag k="ref:vcgi:esiteid" v="205535"/>
  </node>
  <node id="-340" visible="true" lat="44.077699555321" lon="-72.764183710315">
    <tag k="addr:city" v="Roxbury"/>
    <tag k="addr:housenumber" v="322"/>
    <tag k="addr:street" v="Ordway Road"/>
    <tag k="addr:state" v="VT"/>
    <tag k="ref:vcgi:esiteid" v="205541"/>
  </node>
  <node id="-341" visible="true" lat="44.077525865529" lon="-72.75930935974">
    <tag k="addr:city" v="Roxbury"/>
    <tag k="addr:housenumber" v="1528"/>
    <tag k="addr:street" v="West Hill Road"/>
    <tag k="addr:state" v="VT"/>
    <tag k="ref:vcgi:esiteid" v="205542"/>
  </node>
  <node id="-349" visible="true" lat="44.07608252532" lon="-72.720725281091">
    <tag k="addr:city" v="Roxbury"/>
    <tag k="addr:housenumber" v="111"/>
    <tag k="addr:street" v="Pincus Road"/>
    <tag k="addr:state" v="VT"/>
    <tag k="ref:vcgi:esiteid" v="205551"/>
  </node>
  <node id="-353" visible="true" lat="44.075678136791" lon="-72.758318675191">
    <tag k="addr:city" v="Roxbury"/>
    <tag k="addr:housenumber" v="1641"/>
    <tag k="addr:street" v="West Hill Road"/>
    <tag k="addr:state" v="VT"/>
    <tag k="ref:vcgi:esiteid" v="205555"/>
  </node>
  <node id="-355" visible="true" lat="44.075205395108" lon="-72.766029248417">
    <tag k="addr:city" v="Roxbury"/>
    <tag k="addr:housenumber" v="151"/>
    <tag k="addr:street" v="Ordway Road"/>
    <tag k="addr:state" v="VT"/>
    <tag k="ref:vcgi:esiteid" v="205557"/>
  </node>
  <node id="-359" visible="true" lat="44.074773288745" lon="-72.745569880581">
    <tag k="addr:city" v="Roxbury"/>
    <tag k="addr:housenumber" v="45"/>
    <tag k="addr:street" v="Pike Road"/>
    <tag k="addr:state" v="VT"/>
    <tag k="ref:vcgi:esiteid" v="205561"/>
  </node>
  <node id="-360" visible="true" lat="44.074589790871" lon="-72.759178472342">
    <tag k="addr:city" v="Roxbury"/>
    <tag k="addr:housenumber" v="1729"/>
    <tag k="addr:street" v="West Hill Road"/>
    <tag k="addr:state" v="VT"/>
    <tag k="ref:vcgi:esiteid" v="205562"/>
  </node>
  <node id="-361" visible="true" lat="44.073995631234" lon="-72.759676800442">
    <tag k="addr:city" v="Roxbury"/>
    <tag k="addr:housenumber" v="1767"/>
    <tag k="addr:street" v="West Hill Road"/>
    <tag k="addr:state" v="VT"/>
    <tag k="ref:vcgi:esiteid" v="205563"/>
  </node>
  <node id="-362" visible="true" lat="44.073993831047" lon="-72.74626709645">
    <tag k="addr:city" v="Roxbury"/>
    <tag k="addr:housenumber" v="47"/>
    <tag k="addr:street" v="Carrie Howe Road"/>
    <tag k="addr:state" v="VT"/>
    <tag k="ref:vcgi:esiteid" v="205564"/>
  </node>
  <node id="-363" visible="true" lat="44.073511988491" lon="-72.762957857196">
    <tag k="addr:city" v="Roxbury"/>
    <tag k="addr:housenumber" v="118"/>
    <tag k="addr:street" v="Rice Tract Road"/>
    <tag k="addr:state" v="VT"/>
    <tag k="ref:vcgi:esiteid" v="205565"/>
  </node>
  <node id="-364" visible="true" lat="44.073253530833" lon="-72.711821156727">
    <tag k="addr:city" v="Roxbury"/>
    <tag k="addr:housenumber" v="988"/>
    <tag k="addr:street" v="Beaver Meadow Road"/>
    <tag k="addr:state" v="VT"/>
    <tag k="ref:vcgi:esiteid" v="205566"/>
  </node>
  <node id="-365" visible="true" lat="44.072527445225" lon="-72.760680034252">
    <tag k="addr:city" v="Roxbury"/>
    <tag k="addr:housenumber" v="926"/>
    <tag k="addr:street" v="Oxbow Road"/>
    <tag k="addr:state" v="VT"/>
    <tag k="ref:vcgi:esiteid" v="205567"/>
  </node>
  <node id="-366" visible="true" lat="44.0726072679" lon="-72.76163652784">
    <tag k="addr:city" v="Roxbury"/>
    <tag k="addr:housenumber" v="1904"/>
    <tag k="addr:street" v="West Hill Road"/>
    <tag k="addr:state" v="VT"/>
    <tag k="ref:vcgi:esiteid" v="205568"/>
  </node>
  <node id="-367" visible="true" lat="44.072353768833" lon="-72.759589564432">
    <tag k="addr:city" v="Roxbury"/>
    <tag k="addr:housenumber" v="868"/>
    <tag k="addr:street" v="Oxbow Road"/>
    <tag k="addr:state" v="VT"/>
    <tag k="ref:vcgi:esiteid" v="205569"/>
  </node>
  <node id="-368" visible="true" lat="44.071462432389" lon="-72.712327829555">
    <tag k="addr:city" v="Roxbury"/>
    <tag k="addr:housenumber" v="1081"/>
    <tag k="addr:street" v="Beaver Meadow Road"/>
    <tag k="addr:state" v="VT"/>
    <tag k="ref:vcgi:esiteid" v="205570"/>
  </node>
  <node id="-369" visible="true" lat="44.070908895924" lon="-72.75772220694">
    <tag k="addr:city" v="Roxbury"/>
    <tag k="addr:housenumber" v="737"/>
    <tag k="addr:street" v="Oxbow Road"/>
    <tag k="addr:state" v="VT"/>
    <tag k="ref:vcgi:esiteid" v="205571"/>
  </node>
  <node id="-372" visible="true" lat="44.070167913588" lon="-72.762616434691">
    <tag k="addr:city" v="Roxbury"/>
    <tag k="addr:housenumber" v="2074"/>
    <tag k="addr:street" v="West Hill Road"/>
    <tag k="addr:state" v="VT"/>
    <tag k="ref:vcgi:esiteid" v="205574"/>
  </node>
  <node id="-375" visible="true" lat="44.069576654217" lon="-72.71534849345">
    <tag k="addr:city" v="Roxbury"/>
    <tag k="addr:housenumber" v="1290"/>
    <tag k="addr:street" v="Beaver Meadow Road"/>
    <tag k="addr:state" v="VT"/>
    <tag k="ref:vcgi:esiteid" v="205577"/>
  </node>
  <node id="-376" visible="true" lat="44.069112172444" lon="-72.745354953994">
    <tag k="addr:city" v="Roxbury"/>
    <tag k="addr:housenumber" v="3375"/>
    <tag k="addr:street" v="Roxbury Road"/>
    <tag k="addr:state" v="VT"/>
    <tag k="ref:vcgi:esiteid" v="205578"/>
  </node>
  <node id="-378" visible="true" lat="44.068993917907" lon="-72.745286289516">
    <tag k="addr:city" v="Roxbury"/>
    <tag k="addr:housenumber" v="3385"/>
    <tag k="addr:street" v="Roxbury Road"/>
    <tag k="addr:state" v="VT"/>
    <tag k="ref:vcgi:esiteid" v="205580"/>
  </node>
  <node id="-382" visible="true" lat="44.068530706314" lon="-72.747576977814">
    <tag k="addr:city" v="Roxbury"/>
    <tag k="addr:housenumber" v="128"/>
    <tag k="addr:street" v="Oxbow Road"/>
    <tag k="addr:state" v="VT"/>
    <tag k="ref:vcgi:esiteid" v="205584"/>
  </node>
  <node id="-383" visible="true" lat="44.068535771894" lon="-72.745100230402">
    <tag k="addr:city" v="Roxbury"/>
    <tag k="addr:housenumber" v="3423"/>
    <tag k="addr:street" v="Roxbury Road"/>
    <tag k="addr:state" v="VT"/>
    <tag k="ref:vcgi:esiteid" v="205585"/>
  </node>
  <node id="-384" visible="true" lat="44.068472875949" lon="-72.747067704565">
    <tag k="addr:city" v="Roxbury"/>
    <tag k="addr:housenumber" v="86"/>
    <tag k="addr:street" v="Oxbow Road"/>
    <tag k="addr:state" v="VT"/>
    <tag k="ref:vcgi:esiteid" v="205586"/>
  </node>
  <node id="-385" visible="true" lat="44.06845855774" lon="-72.711888353497">
    <tag k="addr:city" v="Roxbury"/>
    <tag k="addr:housenumber" v="1299"/>
    <tag k="addr:street" v="Beaver Meadow Road"/>
    <tag k="addr:state" v="VT"/>
    <tag k="ref:vcgi:esiteid" v="205587"/>
  </node>
  <node id="-387" visible="true" lat="44.06821960431" lon="-72.744423257687">
    <tag k="addr:city" v="Roxbury"/>
    <tag k="addr:housenumber" v="3459"/>
    <tag k="addr:street" v="Roxbury Road"/>
    <tag k="addr:state" v="VT"/>
    <tag k="ref:vcgi:esiteid" v="205589"/>
  </node>
  <node id="-388" visible="true" lat="44.067943368315" lon="-72.746693228274">
    <tag k="addr:city" v="Roxbury"/>
    <tag k="addr:housenumber" v="27"/>
    <tag k="addr:street" v="Oxbow Road"/>
    <tag k="addr:state" v="VT"/>
    <tag k="ref:vcgi:esiteid" v="205590"/>
  </node>
  <node id="-389" visible="true" lat="44.068157788699" lon="-72.744975471025">
    <tag k="addr:city" v="Roxbury"/>
    <tag k="addr:housenumber" v="3453"/>
    <tag k="addr:street" v="Roxbury Road"/>
    <tag k="addr:state" v="VT"/>
    <tag k="ref:vcgi:esiteid" v="205591"/>
  </node>
  <node id="-393" visible="true" lat="44.067462615355" lon="-72.763374586116">
    <tag k="addr:city" v="Roxbury"/>
    <tag k="addr:housenumber" v="2255"/>
    <tag k="addr:street" v="West Hill Road"/>
    <tag k="addr:state" v="VT"/>
    <tag k="ref:vcgi:esiteid" v="205595"/>
  </node>
  <node id="-394" visible="true" lat="44.067632938909" lon="-72.713522284352">
    <tag k="addr:city" v="Roxbury"/>
    <tag k="addr:housenumber" v="1301"/>
    <tag k="addr:street" v="Beaver Meadow Road"/>
    <tag k="addr:state" v="VT"/>
    <tag k="ref:vcgi:esiteid" v="205596"/>
  </node>
  <node id="-395" visible="true" lat="44.067512466442" lon="-72.744723936419">
    <tag k="addr:city" v="Roxbury"/>
    <tag k="addr:housenumber" v="3491"/>
    <tag k="addr:street" v="Roxbury Road"/>
    <tag k="addr:state" v="VT"/>
    <tag k="ref:vcgi:esiteid" v="205597"/>
  </node>
  <node id="-397" visible="true" lat="44.067028158457" lon="-72.7462263849">
    <tag k="addr:city" v="Roxbury"/>
    <tag k="addr:housenumber" v="18"/>
    <tag k="addr:street" v="Thurston Hill Road"/>
    <tag k="addr:state" v="VT"/>
    <tag k="ref:vcgi:esiteid" v="205599"/>
  </node>
  <node id="-398" visible="true" lat="44.06681684484" lon="-72.763780345356">
    <tag k="addr:city" v="Roxbury"/>
    <tag k="addr:housenumber" v="2305"/>
    <tag k="addr:street" v="West Hill Road"/>
    <tag k="addr:state" v="VT"/>
    <tag k="ref:vcgi:esiteid" v="205600"/>
  </node>
  <node id="-399" visible="true" lat="44.066358084397" lon="-72.744962995704">
    <tag k="addr:city" v="Roxbury"/>
    <tag k="addr:housenumber" v="9"/>
    <tag k="addr:street" v="Thurston Hill Road"/>
    <tag k="addr:state" v="VT"/>
    <tag k="ref:vcgi:esiteid" v="205601"/>
  </node>
  <node id="-400" visible="true" lat="44.065943458159" lon="-72.744701955564">
    <tag k="addr:city" v="Roxbury"/>
    <tag k="addr:housenumber" v="3600"/>
    <tag k="addr:street" v="Roxbury Road"/>
    <tag k="addr:state" v="VT"/>
    <tag k="ref:vcgi:esiteid" v="205602"/>
  </node>
  <node id="-401" visible="true" lat="44.065367946008" lon="-72.767505160321">
    <tag k="addr:city" v="Roxbury"/>
    <tag k="addr:housenumber" v="2544"/>
    <tag k="addr:street" v="West Hill Road"/>
    <tag k="addr:state" v="VT"/>
    <tag k="ref:vcgi:esiteid" v="205603"/>
  </node>
  <node id="-402" visible="true" lat="44.064961268891" lon="-72.767369119415">
    <tag k="addr:city" v="Roxbury"/>
    <tag k="addr:housenumber" v="2537"/>
    <tag k="addr:street" v="West Hill Road"/>
    <tag k="addr:state" v="VT"/>
    <tag k="ref:vcgi:esiteid" v="205604"/>
  </node>
  <node id="-403" visible="true" lat="44.064442147702" lon="-72.744267253726">
    <tag k="addr:city" v="Roxbury"/>
    <tag k="addr:housenumber" v="3696"/>
    <tag k="addr:street" v="Roxbury Road"/>
    <tag k="addr:state" v="VT"/>
    <tag k="ref:vcgi:esiteid" v="205605"/>
  </node>
  <node id="-404" visible="true" lat="44.064259877404" lon="-72.764977762171">
    <tag k="addr:city" v="Roxbury"/>
    <tag k="addr:housenumber" v="78"/>
    <tag k="addr:street" v="Raynor Road"/>
    <tag k="addr:state" v="VT"/>
    <tag k="ref:vcgi:esiteid" v="205606"/>
  </node>
  <node id="-405" visible="true" lat="44.064158551312" lon="-72.767994103173">
    <tag k="addr:city" v="Roxbury"/>
    <tag k="addr:housenumber" v="2597"/>
    <tag k="addr:street" v="West Hill Road"/>
    <tag k="addr:state" v="VT"/>
    <tag k="ref:vcgi:esiteid" v="205607"/>
  </node>
  <node id="-407" visible="true" lat="44.064280389929" lon="-72.770905024737">
    <tag k="addr:city" v="Roxbury"/>
    <tag k="addr:housenumber" v="2735"/>
    <tag k="addr:street" v="West Hill Road"/>
    <tag k="addr:state" v="VT"/>
    <tag k="ref:vcgi:esiteid" v="205609"/>
  </node>
  <node id="-408" visible="true" lat="44.064235986924" lon="-72.745355270581">
    <tag k="addr:city" v="Roxbury"/>
    <tag k="addr:housenumber" v="157"/>
    <tag k="addr:street" v="Thurston Hill Road"/>
    <tag k="addr:state" v="VT"/>
    <tag k="ref:vcgi:esiteid" v="205610"/>
  </node>
  <node id="-409" visible="true" lat="44.064037958514" lon="-72.764265894687">
    <tag k="addr:city" v="Roxbury"/>
    <tag k="addr:housenumber" v="95"/>
    <tag k="addr:street" v="Raynor Road"/>
    <tag k="addr:state" v="VT"/>
    <tag k="ref:vcgi:esiteid" v="205611"/>
  </node>
  <node id="-411" visible="true" lat="44.063208872063" lon="-72.76299906192">
    <tag k="addr:city" v="Roxbury"/>
    <tag k="addr:housenumber" v="89"/>
    <tag k="addr:street" v="Tillou Road"/>
    <tag k="addr:state" v="VT"/>
    <tag k="ref:vcgi:esiteid" v="205613"/>
  </node>
  <node id="-412" visible="true" lat="44.062142327592" lon="-72.773074741852">
    <tag k="addr:city" v="Roxbury"/>
    <tag k="addr:housenumber" v="2701"/>
    <tag k="addr:street" v="West Hill Road"/>
    <tag k="addr:state" v="VT"/>
    <tag k="ref:vcgi:esiteid" v="205615"/>
  </node>
  <node id="-413" visible="true" lat="44.062145647546" lon="-72.765720581174">
    <tag k="addr:city" v="Roxbury"/>
    <tag k="addr:housenumber" v="240"/>
    <tag k="addr:street" v="Raynor Road"/>
    <tag k="addr:state" v="VT"/>
    <tag k="ref:vcgi:esiteid" v="205616"/>
  </node>
  <node id="-414" visible="true" lat="44.062024582172" lon="-72.761561682636">
    <tag k="addr:city" v="Roxbury"/>
    <tag k="addr:housenumber" v="185"/>
    <tag k="addr:street" v="Tillou Road"/>
    <tag k="addr:state" v="VT"/>
    <tag k="ref:vcgi:esiteid" v="205617"/>
  </node>
  <node id="-415" visible="true" lat="44.061652383288" lon="-72.765150897882">
    <tag k="addr:city" v="Roxbury"/>
    <tag k="addr:housenumber" v="247"/>
    <tag k="addr:street" v="Raynor Road"/>
    <tag k="addr:state" v="VT"/>
    <tag k="ref:vcgi:esiteid" v="205618"/>
  </node>
  <node id="-416" visible="true" lat="44.061677182383" lon="-72.743428367098">
    <tag k="addr:city" v="Roxbury"/>
    <tag k="addr:housenumber" v="3902"/>
    <tag k="addr:street" v="Roxbury Road"/>
    <tag k="addr:state" v="VT"/>
    <tag k="ref:vcgi:esiteid" v="205619"/>
  </node>
  <node id="-418" visible="true" lat="44.060685981676" lon="-72.767508378854">
    <tag k="addr:city" v="Roxbury"/>
    <tag k="addr:housenumber" v="350"/>
    <tag k="addr:street" v="Raynor Road"/>
    <tag k="addr:state" v="VT"/>
    <tag k="ref:vcgi:esiteid" v="205621"/>
  </node>
  <node id="-419" visible="true" lat="44.060674110212" lon="-72.715504471733">
    <tag k="addr:city" v="Roxbury"/>
    <tag k="addr:housenumber" v="1865"/>
    <tag k="addr:street" v="Beaver Meadow Road"/>
    <tag k="addr:state" v="VT"/>
    <tag k="ref:vcgi:esiteid" v="205622"/>
  </node>
  <node id="-420" visible="true" lat="44.059804237292" lon="-72.715589903065">
    <tag k="addr:city" v="Roxbury"/>
    <tag k="addr:housenumber" v="1911"/>
    <tag k="addr:street" v="Beaver Meadow Road"/>
    <tag k="addr:state" v="VT"/>
    <tag k="ref:vcgi:esiteid" v="205623"/>
  </node>
  <node id="-421" visible="true" lat="44.059247114792" lon="-72.717324676983">
    <tag k="addr:city" v="Roxbury"/>
    <tag k="addr:housenumber" v="1989"/>
    <tag k="addr:street" v="Beaver Meadow Road"/>
    <tag k="addr:state" v="VT"/>
    <tag k="ref:vcgi:esiteid" v="205624"/>
  </node>
  <node id="-423" visible="true" lat="44.057882485203" lon="-72.719005047976">
    <tag k="addr:city" v="Roxbury"/>
    <tag k="addr:housenumber" v="2167"/>
    <tag k="addr:street" v="Beaver Meadow Road"/>
    <tag k="addr:state" v="VT"/>
    <tag k="ref:vcgi:esiteid" v="205626"/>
  </node>
  <node id="-425" visible="true" lat="44.055156333061" lon="-72.749283088389">
    <tag k="addr:city" v="Roxbury"/>
    <tag k="addr:housenumber" v="839"/>
    <tag k="addr:street" v="Thurston Hill Road"/>
    <tag k="addr:state" v="VT"/>
    <tag k="ref:vcgi:esiteid" v="205628"/>
  </node>
  <node id="-426" visible="true" lat="44.054254516594" lon="-72.766688886662">
    <tag k="addr:city" v="Roxbury"/>
    <tag k="addr:housenumber" v="787"/>
    <tag k="addr:street" v="Raynor Road"/>
    <tag k="addr:state" v="VT"/>
    <tag k="ref:vcgi:esiteid" v="205629"/>
  </node>
  <node id="-427" visible="true" lat="44.05386303451" lon="-72.749596259858">
    <tag k="addr:city" v="Roxbury"/>
    <tag k="addr:housenumber" v="935"/>
    <tag k="addr:street" v="Thurston Hill Road"/>
    <tag k="addr:state" v="VT"/>
    <tag k="ref:vcgi:esiteid" v="205630"/>
  </node>
  <node id="-428" visible="true" lat="44.053375280718" lon="-72.749758120748">
    <tag k="addr:city" v="Roxbury"/>
    <tag k="addr:housenumber" v="19"/>
    <tag k="addr:street" v="Merrill Farm Road"/>
    <tag k="addr:state" v="VT"/>
    <tag k="ref:vcgi:esiteid" v="205631"/>
  </node>
  <node id="-429" visible="true" lat="44.053061384623" lon="-72.752232186192">
    <tag k="addr:city" v="Roxbury"/>
    <tag k="addr:housenumber" v="1069"/>
    <tag k="addr:street" v="Thurston Hill Road"/>
    <tag k="addr:state" v="VT"/>
    <tag k="ref:vcgi:esiteid" v="205632"/>
  </node>
  <node id="-430" visible="true" lat="44.052984639397" lon="-72.767728397798">
    <tag k="addr:city" v="Roxbury"/>
    <tag k="addr:housenumber" v="898"/>
    <tag k="addr:street" v="Raynor Road"/>
    <tag k="addr:state" v="VT"/>
    <tag k="ref:vcgi:esiteid" v="205633"/>
  </node>
  <node id="-432" visible="true" lat="44.051961152947" lon="-72.766677718899">
    <tag k="addr:city" v="Roxbury"/>
    <tag k="addr:housenumber" v="959"/>
    <tag k="addr:street" v="Raynor Road"/>
    <tag k="addr:state" v="VT"/>
    <tag k="ref:vcgi:esiteid" v="205635"/>
  </node>
  <node id="-434" visible="true" lat="44.051411434729" lon="-72.740111613987">
    <tag k="addr:city" v="Roxbury"/>
    <tag k="addr:housenumber" v="440"/>
    <tag k="addr:street" v="Cram Hill Road"/>
    <tag k="addr:state" v="VT"/>
    <tag k="ref:vcgi:esiteid" v="205637"/>
  </node>
  <node id="-435" visible="true" lat="44.050676014217" lon="-72.767269580894">
    <tag k="addr:city" v="Roxbury"/>
    <tag k="addr:housenumber" v="1048"/>
    <tag k="addr:street" v="Raynor Road"/>
    <tag k="addr:state" v="VT"/>
    <tag k="ref:vcgi:esiteid" v="205638"/>
  </node>
  <node id="-436" visible="true" lat="44.050452377778" lon="-72.748894940518">
    <tag k="addr:city" v="Roxbury"/>
    <tag k="addr:housenumber" v="240"/>
    <tag k="addr:street" v="Merrill Farm Road"/>
    <tag k="addr:state" v="VT"/>
    <tag k="ref:vcgi:esiteid" v="205639"/>
  </node>
  <node id="-438" visible="true" lat="44.047540871896" lon="-72.72337064133">
    <tag k="addr:city" v="Roxbury"/>
    <tag k="addr:housenumber" v="2970"/>
    <tag k="addr:street" v="Beaver Meadow Road"/>
    <tag k="addr:state" v="VT"/>
    <tag k="ref:vcgi:esiteid" v="205641"/>
  </node>
  <node id="-439" visible="true" lat="44.046849596682" lon="-72.748231235642">
    <tag k="addr:city" v="Roxbury"/>
    <tag k="addr:housenumber" v="363"/>
    <tag k="addr:street" v="Merrill Farm Road"/>
    <tag k="addr:state" v="VT"/>
    <tag k="ref:vcgi:esiteid" v="205642"/>
  </node>
  <node id="-442" visible="true" lat="44.04447898875" lon="-72.74368499622">
    <tag k="addr:city" v="Roxbury"/>
    <tag k="addr:housenumber" v="5016"/>
    <tag k="addr:street" v="Roxbury Road"/>
    <tag k="addr:state" v="VT"/>
    <tag k="ref:vcgi:esiteid" v="205645"/>
  </node>
  <node id="-443" visible="true" lat="44.043080416246" lon="-72.715573232809">
    <tag k="addr:city" v="Roxbury"/>
    <tag k="addr:housenumber" v="2351"/>
    <tag k="addr:street" v="Cram Hill Road"/>
    <tag k="addr:state" v="VT"/>
    <tag k="ref:vcgi:esiteid" v="205646"/>
  </node>
  <node id="-444" visible="true" lat="44.042885358371" lon="-72.70974403401">
    <tag k="addr:city" v="Roxbury"/>
    <tag k="addr:housenumber" v="190"/>
    <tag k="addr:street" v="Nameless Road"/>
    <tag k="addr:state" v="VT"/>
    <tag k="ref:vcgi:esiteid" v="205647"/>
  </node>
  <node id="-445" visible="true" lat="44.042957710501" lon="-72.721792198128">
    <tag k="addr:city" v="Roxbury"/>
    <tag k="addr:housenumber" v="2020"/>
    <tag k="addr:street" v="Cram Hill Road"/>
    <tag k="addr:state" v="VT"/>
    <tag k="ref:vcgi:esiteid" v="205648"/>
  </node>
  <node id="-447" visible="true" lat="44.041874855892" lon="-72.708780039968">
    <tag k="addr:city" v="Roxbury"/>
    <tag k="addr:housenumber" v="144"/>
    <tag k="addr:street" v="Nameless Road"/>
    <tag k="addr:state" v="VT"/>
    <tag k="ref:vcgi:esiteid" v="205650"/>
  </node>
  <node id="-448" visible="true" lat="44.041546308645" lon="-72.710316947091">
    <tag k="addr:city" v="Roxbury"/>
    <tag k="addr:housenumber" v="96"/>
    <tag k="addr:street" v="Nameless Road"/>
    <tag k="addr:state" v="VT"/>
    <tag k="ref:vcgi:esiteid" v="205651"/>
  </node>
  <node id="-449" visible="true" lat="44.040562697006" lon="-72.749862773683">
    <tag k="addr:city" v="Roxbury"/>
    <tag k="addr:housenumber" v="5664"/>
    <tag k="addr:street" v="Roxbury Road"/>
    <tag k="addr:state" v="VT"/>
    <tag k="ref:vcgi:esiteid" v="205652"/>
  </node>
  <node id="-456" visible="true" lat="44.035638495574" lon="-72.727800418873">
    <tag k="addr:city" v="Roxbury"/>
    <tag k="addr:housenumber" v="121"/>
    <tag k="addr:street" v="Fisher Road"/>
    <tag k="addr:state" v="VT"/>
    <tag k="ref:vcgi:esiteid" v="205659"/>
  </node>
  <node id="-457" visible="true" lat="44.035379328013" lon="-72.689119142491">
    <tag k="addr:city" v="Roxbury"/>
    <tag k="addr:housenumber" v="4355"/>
    <tag k="addr:street" v="Cram Hill Road"/>
    <tag k="addr:state" v="VT"/>
    <tag k="ref:vcgi:esiteid" v="205660"/>
  </node>
  <node id="-460" visible="true" lat="44.033898432645" lon="-72.733436999217">
    <tag k="addr:city" v="Roxbury"/>
    <tag k="addr:housenumber" v="724"/>
    <tag k="addr:street" v="Braintree Hill Road"/>
    <tag k="addr:state" v="VT"/>
    <tag k="ref:vcgi:esiteid" v="205663"/>
  </node>
  <node id="-462" visible="true" lat="44.033627661026" lon="-72.730631885157">
    <tag k="addr:city" v="Roxbury"/>
    <tag k="addr:housenumber" v="1014"/>
    <tag k="addr:street" v="Braintree Hill Road"/>
    <tag k="addr:state" v="VT"/>
    <tag k="ref:vcgi:esiteid" v="205665"/>
  </node>
  <node id="-468" visible="true" lat="44.028211348778" lon="-72.73005615215">
    <tag k="addr:city" v="Roxbury"/>
    <tag k="addr:housenumber" v="1400"/>
    <tag k="addr:street" v="Braintree Hill Road"/>
    <tag k="addr:state" v="VT"/>
    <tag k="ref:vcgi:esiteid" v="205671"/>
  </node>
  <node id="-470" visible="true" lat="44.027341909007" lon="-72.701580208022">
    <tag k="addr:city" v="Roxbury"/>
    <tag k="addr:housenumber" v="3852"/>
    <tag k="addr:street" v="Cram Hill Road"/>
    <tag k="addr:state" v="VT"/>
    <tag k="ref:vcgi:esiteid" v="205673"/>
  </node>
  <node id="-471" visible="true" lat="44.02225295216" lon="-72.677728453007">
    <tag k="addr:city" v="Roxbury"/>
    <tag k="addr:housenumber" v="4886"/>
    <tag k="addr:street" v="Cram Hill Road"/>
    <tag k="addr:state" v="VT"/>
    <tag k="ref:vcgi:esiteid" v="205674"/>
  </node>
  <node id="-472" visible="true" lat="44.066757824252" lon="-72.770705005569">
    <tag k="addr:city" v="Roxbury"/>
    <tag k="addr:housenumber" v="2606"/>
    <tag k="addr:street" v="West Hill Road"/>
    <tag k="addr:state" v="VT"/>
    <tag k="ref:vcgi:esiteid" v="205675"/>
  </node>
  <node id="-473" visible="true" lat="44.071290448958" lon="-72.751198617659">
    <tag k="addr:city" v="Roxbury"/>
    <tag k="addr:housenumber" v="130"/>
    <tag k="addr:street" v="Rabtoy Road"/>
    <tag k="addr:state" v="VT"/>
    <tag k="ref:vcgi:esiteid" v="205676"/>
  </node>
  <node id="-477" visible="true" lat="44.045258597389" lon="-72.734722339123">
    <tag k="addr:city" v="Roxbury"/>
    <tag k="addr:housenumber" v="1471"/>
    <tag k="addr:street" v="Cram Hill Road"/>
    <tag k="addr:state" v="VT"/>
    <tag k="ref:vcgi:esiteid" v="205680"/>
  </node>
  <node id="-478" visible="true" lat="44.049318575301" lon="-72.752210123499">
    <tag k="addr:city" v="Roxbury"/>
    <tag k="addr:housenumber" v="1025"/>
    <tag k="addr:street" v="Thurston Hill Road"/>
    <tag k="addr:state" v="VT"/>
    <tag k="ref:vcgi:esiteid" v="205681"/>
  </node>
  <node id="-479" visible="true" lat="44.042881384342" lon="-72.718278869795">
    <tag k="addr:city" v="Roxbury"/>
    <tag k="addr:housenumber" v="2213"/>
    <tag k="addr:street" v="Cram Hill Road"/>
    <tag k="addr:state" v="VT"/>
    <tag k="ref:vcgi:esiteid" v="205682"/>
  </node>
  <node id="-480" visible="true" lat="44.043053402216" lon="-72.713191718026">
    <tag k="addr:city" v="Roxbury"/>
    <tag k="addr:housenumber" v="2419"/>
    <tag k="addr:street" v="Cram Hill Road"/>
    <tag k="addr:state" v="VT"/>
    <tag k="ref:vcgi:esiteid" v="205684"/>
  </node>
  <node id="-481" visible="true" lat="44.098757421076" lon="-72.752911628718">
    <tag k="addr:city" v="Roxbury"/>
    <tag k="addr:housenumber" v="1835"/>
    <tag k="addr:street" v="Carrie Howe Road"/>
    <tag k="addr:state" v="VT"/>
    <tag k="ref:vcgi:esiteid" v="205686"/>
  </node>
  <node id="-482" visible="true" lat="44.097346713383" lon="-72.753881541128">
    <tag k="addr:city" v="Roxbury"/>
    <tag k="addr:housenumber" v="1797"/>
    <tag k="addr:street" v="Carrie Howe Road"/>
    <tag k="addr:state" v="VT"/>
    <tag k="ref:vcgi:esiteid" v="205687"/>
  </node>
  <node id="-483" visible="true" lat="44.100193868384" lon="-72.732235492795">
    <tag k="addr:city" v="Roxbury"/>
    <tag k="addr:housenumber" v="138"/>
    <tag k="addr:street" v="Ellis Road"/>
    <tag k="addr:state" v="VT"/>
    <tag k="ref:vcgi:esiteid" v="205688"/>
  </node>
  <node id="-484" visible="true" lat="44.100716572072" lon="-72.732132151607">
    <tag k="addr:city" v="Roxbury"/>
    <tag k="addr:housenumber" v="120"/>
    <tag k="addr:street" v="Ellis Road"/>
    <tag k="addr:state" v="VT"/>
    <tag k="ref:vcgi:esiteid" v="205689"/>
  </node>
  <node id="-485" visible="true" lat="44.104245308687" lon="-72.731701951975">
    <tag k="addr:city" v="Roxbury"/>
    <tag k="addr:housenumber" v="149"/>
    <tag k="addr:street" v="Premo Road"/>
    <tag k="addr:state" v="VT"/>
    <tag k="ref:vcgi:esiteid" v="205690"/>
  </node>
  <node id="-486" visible="true" lat="44.102834103459" lon="-72.731911958337">
    <tag k="addr:city" v="Roxbury"/>
    <tag k="addr:housenumber" v="93"/>
    <tag k="addr:street" v="Premo Road"/>
    <tag k="addr:state" v="VT"/>
    <tag k="ref:vcgi:esiteid" v="205691"/>
  </node>
  <node id="-487" visible="true" lat="44.106483798738" lon="-72.729076813203">
    <tag k="addr:city" v="Roxbury"/>
    <tag k="addr:housenumber" v="568"/>
    <tag k="addr:street" v="Roxbury Road"/>
    <tag k="addr:state" v="VT"/>
    <tag k="ref:vcgi:esiteid" v="205692"/>
  </node>
  <node id="-488" visible="true" lat="44.107538502424" lon="-72.728460507658">
    <tag k="addr:city" v="Roxbury"/>
    <tag k="addr:housenumber" v="496"/>
    <tag k="addr:street" v="Roxbury Road"/>
    <tag k="addr:state" v="VT"/>
    <tag k="ref:vcgi:esiteid" v="205693"/>
  </node>
  <node id="-489" visible="true" lat="44.102191034569" lon="-72.73203858737">
    <tag k="addr:city" v="Roxbury"/>
    <tag k="addr:housenumber" v="37"/>
    <tag k="addr:street" v="Premo Road"/>
    <tag k="addr:state" v="VT"/>
    <tag k="ref:vcgi:esiteid" v="205694"/>
  </node>
  <node id="-491" visible="true" lat="44.082524685753" lon="-72.711946993726">
    <tag k="addr:city" v="Roxbury"/>
    <tag k="addr:housenumber" v="232"/>
    <tag k="addr:street" v="Beaver Meadow Road"/>
    <tag k="addr:state" v="VT"/>
    <tag k="ref:vcgi:esiteid" v="205696"/>
  </node>
  <node id="-492" visible="true" lat="44.091149684342" lon="-72.72872287034">
    <tag k="addr:city" v="Roxbury"/>
    <tag k="addr:housenumber" v="324"/>
    <tag k="addr:street" v="Tracy Hill Road"/>
    <tag k="addr:state" v="VT"/>
    <tag k="ref:vcgi:esiteid" v="205697"/>
  </node>
  <node id="-493" visible="true" lat="44.090868537747" lon="-72.729764011329">
    <tag k="addr:city" v="Roxbury"/>
    <tag k="addr:housenumber" v="286"/>
    <tag k="addr:street" v="Tracy Hill Road"/>
    <tag k="addr:state" v="VT"/>
    <tag k="ref:vcgi:esiteid" v="205698"/>
  </node>
  <node id="-494" visible="true" lat="44.087961313432" lon="-72.699293525901">
    <tag k="addr:city" v="Roxbury"/>
    <tag k="addr:housenumber" v="677"/>
    <tag k="addr:street" v="Horner Road"/>
    <tag k="addr:state" v="VT"/>
    <tag k="ref:vcgi:esiteid" v="205699"/>
  </node>
  <node id="-495" visible="true" lat="44.086818577258" lon="-72.702083862818">
    <tag k="addr:city" v="Roxbury"/>
    <tag k="addr:housenumber" v="505"/>
    <tag k="addr:street" v="Horner Road"/>
    <tag k="addr:state" v="VT"/>
    <tag k="ref:vcgi:esiteid" v="205700"/>
  </node>
  <node id="-497" visible="true" lat="44.087642952974" lon="-72.696835465325">
    <tag k="addr:city" v="Roxbury"/>
    <tag k="addr:housenumber" v="811"/>
    <tag k="addr:street" v="Horner Road"/>
    <tag k="addr:state" v="VT"/>
    <tag k="ref:vcgi:esiteid" v="205702"/>
  </node>
  <node id="-498" visible="true" lat="44.085902585746" lon="-72.712655540103">
    <tag k="addr:city" v="Roxbury"/>
    <tag k="addr:housenumber" v="1248"/>
    <tag k="addr:street" v="Tracy Hill Road"/>
    <tag k="addr:state" v="VT"/>
    <tag k="ref:vcgi:esiteid" v="205703"/>
  </node>
  <node id="-499" visible="true" lat="44.107558349998" lon="-72.732642254053">
    <tag k="addr:city" v="Roxbury"/>
    <tag k="addr:housenumber" v="39"/>
    <tag k="addr:street" v="Bartelink Road"/>
    <tag k="addr:state" v="VT"/>
    <tag k="ref:vcgi:esiteid" v="205704"/>
  </node>
  <node id="-500" visible="true" lat="44.10037959009" lon="-72.732100040525">
    <tag k="addr:city" v="Roxbury"/>
    <tag k="addr:housenumber" v="134"/>
    <tag k="addr:street" v="Ellis Road"/>
    <tag k="addr:state" v="VT"/>
    <tag k="ref:vcgi:esiteid" v="205705"/>
  </node>
  <node id="-510" visible="true" lat="44.085643214048" lon="-72.710564982434">
    <tag k="addr:city" v="Roxbury"/>
    <tag k="addr:housenumber" v="49"/>
    <tag k="addr:street" v="Beaver Meadow Road"/>
    <tag k="addr:state" v="VT"/>
    <tag k="ref:vcgi:esiteid" v="205716"/>
  </node>
  <node id="-511" visible="true" lat="44.077708670078" lon="-72.758031805966">
    <tag k="addr:city" v="Roxbury"/>
    <tag k="addr:housenumber" v="1523"/>
    <tag k="addr:street" v="West Hill Road"/>
    <tag k="addr:state" v="VT"/>
    <tag k="ref:vcgi:esiteid" v="205717"/>
  </node>
  <node id="-512" visible="true" lat="44.071384978447" lon="-72.760256189017">
    <tag k="addr:city" v="Roxbury"/>
    <tag k="addr:housenumber" v="1961"/>
    <tag k="addr:street" v="West Hill Road"/>
    <tag k="addr:state" v="VT"/>
    <tag k="ref:vcgi:esiteid" v="205718"/>
  </node>
  <node id="-516" visible="true" lat="44.118345832041" lon="-72.753956158441">
    <tag k="addr:city" v="Roxbury"/>
    <tag k="addr:housenumber" v="393"/>
    <tag k="addr:street" v="Erskine Road"/>
    <tag k="addr:state" v="VT"/>
    <tag k="ref:vcgi:esiteid" v="205722"/>
  </node>
  <node id="-518" visible="true" lat="44.084830278984" lon="-72.748945323721">
    <tag k="addr:city" v="Roxbury"/>
    <tag k="addr:housenumber" v="737"/>
    <tag k="addr:street" v="Carrie Howe Road"/>
    <tag k="addr:state" v="VT"/>
    <tag k="ref:vcgi:esiteid" v="205724"/>
  </node>
  <node id="-521" visible="true" lat="44.059188901355" lon="-72.764274079791">
    <tag k="addr:city" v="Roxbury"/>
    <tag k="addr:housenumber" v="397"/>
    <tag k="addr:street" v="Raynor Road"/>
    <tag k="addr:state" v="VT"/>
    <tag k="ref:vcgi:esiteid" v="205727"/>
  </node>
  <node id="-523" visible="true" lat="44.094465655033" lon="-72.734711257492">
    <tag k="addr:city" v="Roxbury"/>
    <tag k="addr:housenumber" v="118"/>
    <tag k="addr:street" v="Warren Mountain Road"/>
    <tag k="addr:state" v="VT"/>
    <tag k="ref:vcgi:esiteid" v="205729"/>
  </node>
  <node id="-525" visible="true" lat="44.084874525676" lon="-72.719288717185">
    <tag k="addr:city" v="Roxbury"/>
    <tag k="addr:housenumber" v="399"/>
    <tag k="addr:street" v="Moose Run Road"/>
    <tag k="addr:state" v="VT"/>
    <tag k="ref:vcgi:esiteid" v="205731"/>
  </node>
  <node id="-528" visible="true" lat="44.083412718571" lon="-72.709533992869">
    <tag k="addr:city" v="Roxbury"/>
    <tag k="addr:housenumber" v="75"/>
    <tag k="addr:street" v="Beaver Meadow Road"/>
    <tag k="addr:state" v="VT"/>
    <tag k="ref:vcgi:esiteid" v="205734"/>
  </node>
  <node id="-529" visible="true" lat="44.087192501481" lon="-72.703449471695">
    <tag k="addr:city" v="Roxbury"/>
    <tag k="addr:housenumber" v="487"/>
    <tag k="addr:street" v="Horner Road"/>
    <tag k="addr:state" v="VT"/>
    <tag k="ref:vcgi:esiteid" v="205735"/>
  </node>
  <node id="-530" visible="true" lat="44.08700745294" lon="-72.715066522422">
    <tag k="addr:city" v="Roxbury"/>
    <tag k="addr:housenumber" v="1122"/>
    <tag k="addr:street" v="Tracy Hill Road"/>
    <tag k="addr:state" v="VT"/>
    <tag k="ref:vcgi:esiteid" v="205736"/>
  </node>
  <node id="-531" visible="true" lat="44.079105911925" lon="-72.757749533066">
    <tag k="addr:city" v="Roxbury"/>
    <tag k="addr:housenumber" v="1369"/>
    <tag k="addr:street" v="West Hill Road"/>
    <tag k="addr:state" v="VT"/>
    <tag k="ref:vcgi:esiteid" v="205737"/>
  </node>
  <node id="-532" visible="true" lat="44.092689702225" lon="-72.732108186497">
    <tag k="addr:city" v="Roxbury"/>
    <tag k="addr:housenumber" v="63"/>
    <tag k="addr:street" v="Tracy Hill Road"/>
    <tag k="addr:state" v="VT"/>
    <tag k="ref:vcgi:esiteid" v="205738"/>
  </node>
  <node id="-533" visible="true" lat="44.095165783005" lon="-72.739799695845">
    <tag k="addr:city" v="Roxbury"/>
    <tag k="addr:housenumber" v="365"/>
    <tag k="addr:street" v="Warren Mountain Road"/>
    <tag k="addr:state" v="VT"/>
    <tag k="ref:vcgi:esiteid" v="205739"/>
  </node>
  <node id="-534" visible="true" lat="44.07974967416" lon="-72.75701914862">
    <tag k="addr:city" v="Roxbury"/>
    <tag k="addr:housenumber" v="1347"/>
    <tag k="addr:street" v="West Hill Road"/>
    <tag k="addr:state" v="VT"/>
    <tag k="ref:vcgi:esiteid" v="205740"/>
  </node>
  <node id="-535" visible="true" lat="44.08660379025" lon="-72.705237304355">
    <tag k="addr:city" v="Roxbury"/>
    <tag k="addr:housenumber" v="371"/>
    <tag k="addr:street" v="Horner Road"/>
    <tag k="addr:state" v="VT"/>
    <tag k="ref:vcgi:esiteid" v="205741"/>
  </node>
  <node id="-536" visible="true" lat="44.086700599677" lon="-72.697178662348">
    <tag k="addr:city" v="Roxbury"/>
    <tag k="addr:housenumber" v="750"/>
    <tag k="addr:street" v="Horner Road"/>
    <tag k="addr:state" v="VT"/>
    <tag k="ref:vcgi:esiteid" v="205742"/>
  </node>
  <node id="-541" visible="true" lat="44.065651744159" lon="-72.743828090381">
    <tag k="addr:city" v="Roxbury"/>
    <tag k="addr:housenumber" v="3651"/>
    <tag k="addr:street" v="Roxbury Road"/>
    <tag k="addr:state" v="VT"/>
    <tag k="ref:vcgi:esiteid" v="205748"/>
  </node>
  <node id="-544" visible="true" lat="44.095353136245" lon="-72.736534270903">
    <tag k="addr:city" v="Roxbury"/>
    <tag k="addr:housenumber" v="208"/>
    <tag k="addr:street" v="Warren Mountain Road"/>
    <tag k="addr:state" v="VT"/>
    <tag k="ref:vcgi:esiteid" v="205751"/>
  </node>
  <node id="-545" visible="true" lat="44.095264556343" lon="-72.737186429429">
    <tag k="addr:city" v="Roxbury"/>
    <tag k="addr:housenumber" v="210"/>
    <tag k="addr:street" v="Warren Mountain Road"/>
    <tag k="addr:state" v="VT"/>
    <tag k="ref:vcgi:esiteid" v="205752"/>
  </node>
  <node id="-546" visible="true" lat="44.087684550042" lon="-72.706522395546">
    <tag k="addr:city" v="Roxbury"/>
    <tag k="addr:housenumber" v="173"/>
    <tag k="addr:street" v="Horner Road"/>
    <tag k="addr:state" v="VT"/>
    <tag k="ref:vcgi:esiteid" v="205754"/>
  </node>
  <node id="-549" visible="true" lat="44.112120085934" lon="-72.746037023866">
    <tag k="addr:city" v="Roxbury"/>
    <tag k="addr:housenumber" v="542"/>
    <tag k="addr:street" v="Northfield Road"/>
    <tag k="addr:state" v="VT"/>
    <tag k="ref:vcgi:esiteid" v="311734"/>
  </node>
  <node id="-550" visible="true" lat="44.086317293569" lon="-72.714162363201">
    <tag k="addr:city" v="Roxbury"/>
    <tag k="addr:housenumber" v="1190"/>
    <tag k="addr:street" v="Tracy Hill Road"/>
    <tag k="addr:state" v="VT"/>
    <tag k="ref:vcgi:esiteid" v="316715"/>
  </node>
  <node id="-551" visible="true" lat="44.060783482803" lon="-72.750475442023">
    <tag k="addr:city" v="Roxbury"/>
    <tag k="addr:housenumber" v="612"/>
    <tag k="addr:street" v="Thurston Hill Road"/>
    <tag k="addr:state" v="VT"/>
    <tag k="ref:vcgi:esiteid" v="316716"/>
  </node>
  <node id="-552" visible="true" lat="44.043748944561" lon="-72.725847549191">
    <tag k="addr:city" v="Roxbury"/>
    <tag k="addr:housenumber" v="1840"/>
    <tag k="addr:street" v="Cram Hill Road"/>
    <tag k="addr:state" v="VT"/>
    <tag k="ref:vcgi:esiteid" v="316717"/>
  </node>
  <node id="-554" visible="true" lat="44.10524143712" lon="-72.748544671097">
    <!-- match: "35 Dunbars Way, Roxbury, VT"  ignoring street punctuation to "35 Dunbar's Way, Roxbury, VT" -->
    <tag k="addr:city" v="Roxbury"/>
    <tag k="addr:housenumber" v="35"/>
    <tag k="addr:street" v="Dunbars Way"/>
    <tag k="addr:state" v="VT"/>
    <tag k="ref:vcgi:esiteid" v="316719"/>
  </node>
  <node id="-555" visible="true" lat="44.11333567058" lon="-72.765899637185">
    <tag k="addr:city" v="Roxbury"/>
    <tag k="addr:housenumber" v="2240"/>
    <tag k="addr:street" v="Warren Mountain Road"/>
    <tag k="addr:state" v="VT"/>
    <tag k="ref:vcgi:esiteid" v="316720"/>
  </node>
  <node id="-557" visible="true" lat="44.085370422133" lon="-72.703948547953">
    <tag k="addr:city" v="Roxbury"/>
    <tag k="addr:housenumber" v="508"/>
    <tag k="addr:street" v="Horner Road"/>
    <tag k="addr:state" v="VT"/>
    <tag k="ref:vcgi:esiteid" v="327645"/>
  </node>
  <node id="-558" visible="true" lat="44.101985320943" lon="-72.743877600617">
    <tag k="addr:city" v="Roxbury"/>
    <tag k="addr:housenumber" v="950"/>
    <tag k="addr:street" v="Warren Mountain Road"/>
    <tag k="addr:state" v="VT"/>
    <tag k="ref:vcgi:esiteid" v="328266"/>
  </node>
  <node id="-559" visible="true" lat="44.104905612629" lon="-72.750468294813">
    <tag k="addr:city" v="Roxbury"/>
    <tag k="addr:housenumber" v="2266"/>
    <tag k="addr:street" v="Carrie Howe Road"/>
    <tag k="addr:state" v="VT"/>
    <tag k="ref:vcgi:esiteid" v="329583"/>
  </node>
  <node id="-560" visible="true" lat="44.102879449408" lon="-72.755678077209">
    <tag k="addr:city" v="Roxbury"/>
    <tag k="addr:housenumber" v="2151"/>
    <tag k="addr:street" v="Carrie Howe Road"/>
    <tag k="addr:state" v="VT"/>
    <tag k="ref:vcgi:esiteid" v="329584"/>
  </node>
  <node id="-561" visible="true" lat="44.115283926068" lon="-72.774713416986">
    <tag k="addr:city" v="Roxbury"/>
    <tag k="addr:housenumber" v="2740"/>
    <tag k="addr:street" v="Warren Mountain Road"/>
    <tag k="addr:state" v="VT"/>
    <tag k="ref:vcgi:esiteid" v="330012"/>
  </node>
  <node id="-562" visible="true" lat="44.079175922402" lon="-72.710482682679">
    <tag k="addr:city" v="Roxbury"/>
    <tag k="addr:housenumber" v="498"/>
    <tag k="addr:street" v="Beaver Meadow Road"/>
    <tag k="addr:state" v="VT"/>
    <tag k="ref:vcgi:esiteid" v="335733"/>
  </node>
  <node id="-563" visible="true" lat="44.080579129941" lon="-72.710205683715">
    <tag k="addr:city" v="Roxbury"/>
    <tag k="addr:housenumber" v="413"/>
    <tag k="addr:street" v="Beaver Meadow Road"/>
    <tag k="addr:state" v="VT"/>
    <tag k="ref:vcgi:esiteid" v="335734"/>
  </node>
  <node id="-564" visible="true" lat="44.10722249379" lon="-72.735788722317">
    <tag k="addr:city" v="Roxbury"/>
    <tag k="addr:housenumber" v="504"/>
    <tag k="addr:street" v="Premo Road"/>
    <tag k="addr:state" v="VT"/>
    <tag k="ref:vcgi:esiteid" v="336528"/>
  </node>
  <node id="-566" visible="true" lat="44.115639114728" lon="-72.775195055602">
    <tag k="addr:city" v="Roxbury"/>
    <tag k="addr:housenumber" v="2742"/>
    <tag k="addr:street" v="Warren Mountain Road"/>
    <tag k="addr:state" v="VT"/>
    <tag k="ref:vcgi:esiteid" v="337718"/>
  </node>
  <node id="-568" visible="true" lat="44.083296057333" lon="-72.758027679542">
    <tag k="addr:city" v="Roxbury"/>
    <tag k="addr:housenumber" v="1184"/>
    <tag k="addr:street" v="West Hill Road"/>
    <tag k="addr:state" v="VT"/>
    <tag k="ref:vcgi:esiteid" v="337839"/>
  </node>
  <node id="-569" visible="true" lat="44.04016214876" lon="-72.712021950109">
    <tag k="addr:city" v="Roxbury"/>
    <tag k="addr:housenumber" v="2628"/>
    <tag k="addr:street" v="Cram Hill Road"/>
    <tag k="addr:state" v="VT"/>
    <tag k="ref:vcgi:esiteid" v="338314"/>
  </node>
  <node id="-571" visible="true" lat="44.0848064332" lon="-72.710974164391">
    <tag k="addr:city" v="Roxbury"/>
    <tag k="addr:housenumber" v="55"/>
    <tag k="addr:street" v="Beaver Meadow Road"/>
    <tag k="addr:state" v="VT"/>
    <tag k="ref:vcgi:esiteid" v="339056"/>
  </node>
  <node id="-572" visible="true" lat="44.083429737048" lon="-72.712613718959">
    <tag k="addr:city" v="Roxbury"/>
    <tag k="addr:housenumber" v="118"/>
    <tag k="addr:street" v="Beaver Meadow Road"/>
    <tag k="addr:state" v="VT"/>
    <tag k="ref:vcgi:esiteid" v="339057"/>
  </node>
  <node id="-573" visible="true" lat="44.075046543981" lon="-72.763527119191">
    <tag k="addr:city" v="Roxbury"/>
    <tag k="addr:housenumber" v="116"/>
    <tag k="addr:street" v="Ordway Road"/>
    <tag k="addr:state" v="VT"/>
    <tag k="ref:vcgi:esiteid" v="339686"/>
  </node>
  <node id="-576" visible="true" lat="44.061801712846" lon="-72.74611820577">
    <tag k="addr:city" v="Roxbury"/>
    <tag k="addr:housenumber" v="329"/>
    <tag k="addr:street" v="Thurston Hill Road"/>
    <tag k="addr:state" v="VT"/>
    <tag k="ref:vcgi:esiteid" v="340133"/>
  </node>
  <node id="-577" visible="true" lat="44.085924542581" lon="-72.699645385098">
    <tag k="addr:city" v="Roxbury"/>
    <tag k="addr:housenumber" v="672"/>
    <tag k="addr:street" v="Horner Road"/>
    <tag k="addr:state" v="VT"/>
    <tag k="ref:vcgi:esiteid" v="340218"/>
  </node>
  <node id="-579" visible="true" lat="44.063663178406" lon="-72.715087242595">
    <tag k="addr:city" v="Roxbury"/>
    <tag k="addr:housenumber" v="1673"/>
    <tag k="addr:street" v="Beaver Meadow Road"/>
    <tag k="addr:state" v="VT"/>
    <tag k="ref:vcgi:esiteid" v="341612"/>
  </node>
  <node id="-581" visible="true" lat="44.068729821186" lon="-72.762534363223">
    <tag k="addr:city" v="Roxbury"/>
    <tag k="addr:housenumber" v="2157"/>
    <tag k="addr:street" v="West Hill Road"/>
    <tag k="addr:state" v="VT"/>
    <tag k="ref:vcgi:esiteid" v="342937"/>
  </node>
  <node id="-583" visible="true" lat="44.094216116723" lon="-72.736101738199">
    <tag k="addr:city" v="Roxbury"/>
    <tag k="addr:housenumber" v="161"/>
    <tag k="addr:street" v="Warren Mountain Road"/>
    <tag k="addr:state" v="VT"/>
    <tag k="ref:vcgi:esiteid" v="344081"/>
  </node>
  <node id="-584" visible="true" lat="44.067303674852" lon="-72.763827940879">
    <tag k="addr:city" v="Roxbury"/>
    <tag k="addr:housenumber" v="2279"/>
    <tag k="addr:street" v="West Hill Road"/>
    <tag k="addr:state" v="VT"/>
    <tag k="ref:vcgi:esiteid" v="344083"/>
  </node>
  <node id="-585" visible="true" lat="44.087420421199" lon="-72.714123544134">
    <tag k="addr:city" v="Roxbury"/>
    <tag k="addr:housenumber" v="1135"/>
    <tag k="addr:street" v="Tracy Hill Road"/>
    <tag k="addr:state" v="VT"/>
    <tag k="ref:vcgi:esiteid" v="344101"/>
  </node>
  <node id="-586" visible="true" lat="44.053829979516" lon="-72.749596748745">
    <tag k="addr:city" v="Roxbury"/>
    <tag k="addr:housenumber" v="937"/>
    <tag k="addr:street" v="Thurston Hill Road"/>
    <tag k="addr:state" v="VT"/>
    <tag k="ref:vcgi:esiteid" v="344195"/>
  </node>
  <node id="-589" visible="true" lat="44.094876194178" lon="-72.75138818417">
    <tag k="addr:city" v="Roxbury"/>
    <tag k="addr:housenumber" v="1593"/>
    <tag k="addr:street" v="Carrie Howe Road"/>
    <tag k="addr:state" v="VT"/>
    <tag k="ref:vcgi:esiteid" v="345967"/>
  </node>
  <node id="-590" visible="true" lat="44.086983609327" lon="-72.728302533641">
    <tag k="addr:city" v="Roxbury"/>
    <tag k="addr:housenumber" v="472"/>
    <tag k="addr:street" v="Tracy Hill Road"/>
    <tag k="addr:state" v="VT"/>
    <tag k="ref:vcgi:esiteid" v="445441"/>
  </node>
  <node id="-591" visible="true" lat="44.045110225945" lon="-72.7171359251">
    <tag k="addr:city" v="Roxbury"/>
    <tag k="addr:housenumber" v="2315"/>
    <tag k="addr:street" v="Cram Hill Road"/>
    <tag k="addr:state" v="VT"/>
    <tag k="ref:vcgi:esiteid" v="448187"/>
  </node>
  <node id="-592" visible="true" lat="44.039926739169" lon="-72.709481483697">
    <tag k="addr:city" v="Roxbury"/>
    <tag k="addr:housenumber" v="2741"/>
    <tag k="addr:street" v="Cram Hill Road"/>
    <tag k="addr:state" v="VT"/>
    <tag k="ref:vcgi:esiteid" v="448188"/>
  </node>
  <node id="-596" visible="true" lat="44.093576557225" lon="-72.743605865829">
    <tag k="addr:city" v="Roxbury"/>
    <tag k="addr:housenumber" v="322"/>
    <tag k="addr:street" v="Webster Road"/>
    <tag k="addr:state" v="VT"/>
    <tag k="ref:vcgi:esiteid" v="451939"/>
  </node>
  <node id="-597" visible="true" lat="44.05165411235" lon="-72.739255106542">
    <tag k="addr:city" v="Roxbury"/>
    <tag k="addr:housenumber" v="442"/>
    <tag k="addr:street" v="Cram Hill Road"/>
    <tag k="addr:state" v="VT"/>
    <tag k="ref:vcgi:esiteid" v="451940"/>
  </node>
  <node id="-599" visible="true" lat="44.030486556739" lon="-72.730397136669">
    <tag k="addr:city" v="Roxbury"/>
    <tag k="addr:housenumber" v="1262"/>
    <tag k="addr:street" v="Braintree Hill Road"/>
    <tag k="addr:state" v="VT"/>
    <tag k="ref:vcgi:esiteid" v="455398"/>
  </node>
  <node id="-600" visible="true" lat="44.047290492383" lon="-72.741697885233">
    <tag k="addr:city" v="Roxbury"/>
    <tag k="addr:housenumber" v="5019"/>
    <tag k="addr:street" v="Roxbury Road"/>
    <tag k="addr:state" v="VT"/>
    <tag k="ref:vcgi:esiteid" v="455399"/>
  </node>
  <node id="-601" visible="true" lat="44.093273380511" lon="-72.713025042571">
    <tag k="addr:city" v="Roxbury"/>
    <tag k="addr:housenumber" v="491"/>
    <tag k="addr:street" v="Old Mail Route Road"/>
    <tag k="addr:state" v="VT"/>
    <tag k="ref:vcgi:esiteid" v="455400"/>
  </node>
  <node id="-602" visible="true" lat="44.094228261831" lon="-72.714303871657">
    <tag k="addr:city" v="Roxbury"/>
    <tag k="addr:housenumber" v="493"/>
    <tag k="addr:street" v="Old Mail Route Road"/>
    <tag k="addr:state" v="VT"/>
    <tag k="ref:vcgi:esiteid" v="455401"/>
  </node>
  <node id="-603" visible="true" lat="44.033493487957" lon="-72.711230534384">
    <tag k="addr:city" v="Roxbury"/>
    <tag k="addr:housenumber" v="662"/>
    <tag k="addr:street" v="Belcher Road"/>
    <tag k="addr:state" v="VT"/>
    <tag k="ref:vcgi:esiteid" v="455554"/>
  </node>
  <node id="-604" visible="true" lat="44.036201532888" lon="-72.712338287654">
    <tag k="addr:city" v="Roxbury"/>
    <tag k="addr:housenumber" v="159"/>
    <tag k="addr:street" v="Belcher Road"/>
    <tag k="addr:state" v="VT"/>
    <tag k="ref:vcgi:esiteid" v="455555"/>
  </node>
  <node id="-605" visible="true" lat="44.038201017311" lon="-72.711185324032">
    <tag k="addr:city" v="Roxbury"/>
    <tag k="addr:housenumber" v="51"/>
    <tag k="addr:street" v="Belcher Road"/>
    <tag k="addr:state" v="VT"/>
    <tag k="ref:vcgi:esiteid" v="455556"/>
  </node>
  <node id="-606" visible="true" lat="44.082689205178" lon="-72.731338239293">
    <tag k="addr:city" v="Roxbury"/>
    <tag k="addr:housenumber" v="294"/>
    <tag k="addr:street" v="Sullivan Hill Road"/>
    <tag k="addr:state" v="VT"/>
    <tag k="ref:vcgi:esiteid" v="612553"/>
  </node>
  <node id="-607" visible="true" lat="44.0809603753" lon="-72.75774292885">
    <tag k="addr:city" v="Roxbury"/>
    <tag k="addr:housenumber" v="1287"/>
    <tag k="addr:street" v="West Hill Road"/>
    <tag k="addr:state" v="VT"/>
    <tag k="ref:vcgi:esiteid" v="612554"/>
  </node>
  <node id="-608" visible="true" lat="44.080065679057" lon="-72.758206803115">
    <tag k="addr:city" v="Roxbury"/>
    <tag k="addr:housenumber" v="1345"/>
    <tag k="addr:street" v="West Hill Road"/>
    <tag k="addr:state" v="VT"/>
    <tag k="ref:vcgi:esiteid" v="612555"/>
  </node>
  <node id="-609" visible="true" lat="44.02568553288" lon="-72.727265180317">
    <tag k="addr:city" v="Roxbury"/>
    <tag k="addr:housenumber" v="1601"/>
    <tag k="addr:street" v="Braintree Hill Road"/>
    <tag k="addr:state" v="VT"/>
    <tag k="ref:vcgi:esiteid" v="616217"/>
  </node>
  <node id="-610" visible="true" lat="44.108227383673" lon="-72.72876426881">
    <tag k="addr:city" v="Roxbury"/>
    <tag k="addr:housenumber" v="480"/>
    <tag k="addr:street" v="Roxbury Road"/>
    <tag k="addr:state" v="VT"/>
    <tag k="ref:vcgi:esiteid" v="620023"/>
  </node>
  <node id="-612" visible="true" lat="44.086269163056" lon="-72.711862559988">
    <tag k="addr:city" v="Roxbury"/>
    <tag k="addr:housenumber" v="20"/>
    <tag k="addr:street" v="Old Mail Route Road"/>
    <tag k="addr:state" v="VT"/>
    <tag k="ref:vcgi:esiteid" v="620495"/>
  </node>
  <node id="-613" visible="true" lat="44.098598936011" lon="-72.738945985729">
    <tag k="addr:city" v="Roxbury"/>
    <tag k="addr:housenumber" v="392"/>
    <tag k="addr:street" v="Warren Mountain Road"/>
    <tag k="addr:state" v="VT"/>
    <tag k="ref:vcgi:esiteid" v="620496"/>
  </node>
  <node id="-616" visible="true" lat="44.085701450451" lon="-72.714051921286">
    <tag k="addr:city" v="Roxbury"/>
    <tag k="addr:housenumber" v="1238"/>
    <tag k="addr:street" v="Tracy Hill Road"/>
    <tag k="addr:state" v="VT"/>
    <tag k="ref:vcgi:esiteid" v="750155"/>
  </node>
  <node id="-619" visible="true" lat="44.113902326488" lon="-72.764687946834">
    <tag k="addr:city" v="Roxbury"/>
    <tag k="addr:housenumber" v="2210"/>
    <tag k="addr:street" v="Warren Mountain Road"/>
    <tag k="addr:state" v="VT"/>
    <tag k="ref:vcgi:esiteid" v="755984"/>
  </node>
  <node id="-620" visible="true" lat="44.112517637867" lon="-72.760555968392">
    <tag k="addr:city" v="Roxbury"/>
    <tag k="addr:housenumber" v="2080"/>
    <tag k="addr:street" v="Warren Mountain Road"/>
    <tag k="addr:state" v="VT"/>
    <tag k="ref:vcgi:esiteid" v="755985"/>
  </node>
  <node id="-622" visible="true" lat="44.123984455208" lon="-72.765552740156">
    <tag k="addr:city" v="Roxbury"/>
    <tag k="addr:housenumber" v="741"/>
    <tag k="addr:street" v="Shaw Road"/>
    <tag k="addr:state" v="VT"/>
    <tag k="ref:vcgi:esiteid" v="756759"/>
  </node>
  <node id="-623" visible="true" lat="44.117871772375" lon="-72.768263973289">
    <tag k="addr:city" v="Roxbury"/>
    <tag k="addr:housenumber" v="289"/>
    <tag k="addr:street" v="Shaw Road"/>
    <tag k="addr:state" v="VT"/>
    <tag k="ref:vcgi:esiteid" v="757006"/>
  </node>
  <node id="-624" visible="true" lat="44.062574891144" lon="-72.715297341471">
    <tag k="addr:city" v="Roxbury"/>
    <tag k="addr:housenumber" v="1737"/>
    <tag k="addr:street" v="Beaver Meadow Road"/>
    <tag k="addr:state" v="VT"/>
    <tag k="ref:vcgi:esiteid" v="758596"/>
  </node>
  <node id="-626" visible="true" lat="44.038044364095" lon="-72.703709038913">
    <tag k="addr:city" v="Roxbury"/>
    <tag k="addr:housenumber" v="2981"/>
    <tag k="addr:street" v="Cram Hill Road"/>
    <tag k="addr:state" v="VT"/>
    <tag k="ref:vcgi:esiteid" v="758815"/>
  </node>
  <node id="-627" visible="true" lat="44.040125910546" lon="-72.710122856381">
    <tag k="addr:city" v="Roxbury"/>
    <tag k="addr:housenumber" v="2679"/>
    <tag k="addr:street" v="Cram Hill Road"/>
    <tag k="addr:state" v="VT"/>
    <tag k="ref:vcgi:esiteid" v="758816"/>
  </node>
  <node id="-628" visible="true" lat="44.040960373032" lon="-72.712794814684">
    <tag k="addr:city" v="Roxbury"/>
    <tag k="addr:housenumber" v="2508"/>
    <tag k="addr:street" v="Cram Hill Road"/>
    <tag k="addr:state" v="VT"/>
    <tag k="ref:vcgi:esiteid" v="758817"/>
  </node>
  <node id="-629" visible="true" lat="44.064727264433" lon="-72.764356264509">
    <tag k="addr:city" v="Roxbury"/>
    <tag k="addr:housenumber" v="37"/>
    <tag k="addr:street" v="Raynor Road"/>
    <tag k="addr:state" v="VT"/>
    <tag k="ref:vcgi:esiteid" v="758818"/>
  </node>
  <node id="-630" visible="true" lat="44.03933100408" lon="-72.720805393825">
    <tag k="addr:city" v="Roxbury"/>
    <tag k="addr:housenumber" v="185"/>
    <tag k="addr:street" v="Upper Fisher Road"/>
    <tag k="addr:state" v="VT"/>
    <tag k="ref:vcgi:esiteid" v="758819"/>
  </node>
  <node id="-632" visible="true" lat="44.106383817819" lon="-72.746835055072">
    <tag k="addr:city" v="Roxbury"/>
    <tag k="addr:housenumber" v="115"/>
    <tag k="addr:street" v="Dunbars Way"/>
    <tag k="addr:state" v="VT"/>
    <tag k="ref:vcgi:esiteid" v="760517"/>
  </node>
  <node id="-633" visible="true" lat="44.077654158441" lon="-72.711148012195">
    <tag k="addr:city" v="Roxbury"/>
    <tag k="addr:housenumber" v="750"/>
    <tag k="addr:street" v="Beaver Meadow Road"/>
    <tag k="addr:state" v="VT"/>
    <tag k="ref:vcgi:esiteid" v="761009"/>
  </node>
  <node id="-634" visible="true" lat="44.071184575526" lon="-72.712521385027">
    <tag k="addr:city" v="Roxbury"/>
    <tag k="addr:housenumber" v="1083"/>
    <tag k="addr:street" v="Beaver Meadow Road"/>
    <tag k="addr:state" v="VT"/>
    <tag k="ref:vcgi:esiteid" v="761010"/>
  </node>
  <node id="-635" visible="true" lat="44.104637567323" lon="-72.750681693597">
    <tag k="addr:city" v="Roxbury"/>
    <tag k="addr:housenumber" v="2244"/>
    <tag k="addr:street" v="Carrie Howe Road"/>
    <tag k="addr:state" v="VT"/>
    <tag k="ref:vcgi:esiteid" v="761011"/>
  </node>
  <node id="-636" visible="true" lat="44.11511583816" lon="-72.773441768795">
    <tag k="addr:city" v="Roxbury"/>
    <tag k="addr:housenumber" v="2652"/>
    <tag k="addr:street" v="Warren Mountain Road"/>
    <tag k="addr:state" v="VT"/>
    <tag k="ref:vcgi:esiteid" v="761012"/>
  </node>
  <node id="-638" visible="true" lat="44.096772969507" lon="-72.742854499735">
    <tag k="addr:city" v="Roxbury"/>
    <tag k="addr:housenumber" v="563"/>
    <tag k="addr:street" v="Warren Mountain Road"/>
    <tag k="addr:state" v="VT"/>
    <tag k="ref:vcgi:esiteid" v="761773"/>
  </node>
  <node id="-641" visible="true" lat="44.065411623917" lon="-72.741674328961">
    <tag k="addr:city" v="Roxbury"/>
    <tag k="addr:housenumber" v="3945"/>
    <tag k="addr:street" v="Roxbury Road"/>
    <tag k="addr:state" v="VT"/>
    <tag k="ref:vcgi:esiteid" v="761917"/>
  </node>
  <node id="-644" visible="true" lat="44.063838766557" lon="-72.743923507992">
    <tag k="addr:city" v="Roxbury"/>
    <tag k="addr:housenumber" v="3800"/>
    <tag k="addr:street" v="Roxbury Road"/>
    <tag k="addr:state" v="VT"/>
    <tag k="ref:vcgi:esiteid" v="761920"/>
  </node>
  <node id="-646" visible="true" lat="44.063282043305" lon="-72.743831414547">
    <tag k="addr:city" v="Roxbury"/>
    <tag k="addr:housenumber" v="3802"/>
    <tag k="addr:street" v="Roxbury Road"/>
    <tag k="addr:state" v="VT"/>
    <tag k="ref:vcgi:esiteid" v="762639"/>
  </node>
  <node id="-650" visible="true" lat="44.109276811633" lon="-72.726168808129">
    <tag k="addr:city" v="Roxbury"/>
    <tag k="addr:housenumber" v="335"/>
    <tag k="addr:street" v="Roxbury Road"/>
    <tag k="addr:state" v="VT"/>
    <tag k="ref:vcgi:esiteid" v="762849"/>
  </node>
  <node id="-651" visible="true" lat="44.074732890007" lon="-72.7105303533">
    <tag k="addr:city" v="Roxbury"/>
    <tag k="addr:housenumber" v="840"/>
    <tag k="addr:street" v="Beaver Meadow Road"/>
    <tag k="addr:state" v="VT"/>
    <tag k="ref:vcgi:esiteid" v="762850"/>
  </node>
  <node id="-654" visible="true" lat="44.06683505352" lon="-72.745124374587">
    <tag k="addr:city" v="Roxbury"/>
    <tag k="addr:housenumber" v="3530"/>
    <tag k="addr:street" v="Roxbury Road"/>
    <tag k="addr:state" v="VT"/>
    <tag k="ref:vcgi:esiteid" v="762853"/>
  </node>
  <node id="-655" visible="true" lat="44.103978572993" lon="-72.752123733455">
    <tag k="addr:city" v="Roxbury"/>
    <tag k="addr:housenumber" v="2155"/>
    <tag k="addr:street" v="Carrie Howe Road"/>
    <tag k="addr:state" v="VT"/>
    <tag k="ref:vcgi:esiteid" v="762854"/>
  </node>
  <node id="-657" visible="true" lat="44.119805291548" lon="-72.767096612302">
    <tag k="addr:city" v="Roxbury"/>
    <tag k="addr:housenumber" v="430"/>
    <tag k="addr:street" v="Shaw Road"/>
    <tag k="addr:state" v="VT"/>
    <tag k="ref:vcgi:esiteid" v="764101"/>
  </node>
  <node id="-658" visible="true" lat="44.092236057421" lon="-72.733745593896">
    <tag k="addr:city" v="Roxbury"/>
    <tag k="addr:housenumber" v="1574"/>
    <tag k="addr:street" v="Roxbury Road"/>
    <tag k="addr:state" v="VT"/>
    <tag k="ref:vcgi:esiteid" v="764168"/>
  </node>
  <node id="-659" visible="true" lat="44.064791403902" lon="-72.744628602981">
    <tag k="addr:city" v="Roxbury"/>
    <tag k="addr:housenumber" v="3694"/>
    <tag k="addr:street" v="Roxbury Road"/>
    <tag k="addr:state" v="VT"/>
    <tag k="ref:vcgi:esiteid" v="764207"/>
  </node>
  <node id="-660" visible="true" lat="44.063038704344" lon="-72.743706871065">
    <tag k="addr:city" v="Roxbury"/>
    <tag k="addr:housenumber" v="3804"/>
    <tag k="addr:street" v="Roxbury Road"/>
    <tag k="addr:state" v="VT"/>
    <tag k="ref:vcgi:esiteid" v="764208"/>
  </node>
  <node id="-661" visible="true" lat="44.108941405044" lon="-72.748614831977">
    <tag k="addr:city" v="Roxbury"/>
    <tag k="addr:housenumber" v="228"/>
    <tag k="addr:street" v="Northfield Road"/>
    <tag k="addr:state" v="VT"/>
    <tag k="ref:vcgi:esiteid" v="765184"/>
  </node>
  <node id="-667" visible="true" lat="44.031359869306" lon="-72.738236621764">
    <tag k="addr:city" v="Roxbury"/>
    <tag k="addr:housenumber" v="150"/>
    <tag k="addr:street" v="Braintree Hill Road"/>
    <tag k="addr:state" v="VT"/>
    <tag k="ref:vcgi:esiteid" v="765914"/>
  </node>
  <node id="-669" visible="true" lat="44.113349530555" lon="-72.770831921264">
    <tag k="addr:city" v="Roxbury"/>
    <tag k="addr:housenumber" v="2433"/>
    <tag k="addr:street" v="Warren Mountain Road"/>
    <tag k="addr:state" v="VT"/>
    <tag k="ref:vcgi:esiteid" v="767235"/>
  </node>
  <node id="-671" visible="true" lat="44.074301786739" lon="-72.706094996812">
    <tag k="addr:city" v="Roxbury"/>
    <tag k="addr:housenumber" v="825"/>
    <tag k="addr:street" v="Beaver Meadow Road"/>
    <tag k="addr:state" v="VT"/>
    <tag k="ref:vcgi:esiteid" v="767826"/>
  </node>
  <node id="-672" visible="true" lat="44.041560810948" lon="-72.742834868078">
    <tag k="addr:city" v="Roxbury"/>
    <tag k="addr:housenumber" v="5285"/>
    <tag k="addr:street" v="Roxbury Road"/>
    <tag k="addr:state" v="VT"/>
    <tag k="ref:vcgi:esiteid" v="768216"/>
  </node>
  <node id="-673" visible="true" lat="44.041787443636" lon="-72.74213703425">
    <tag k="addr:city" v="Roxbury"/>
    <tag k="addr:housenumber" v="5255"/>
    <tag k="addr:street" v="Roxbury Road"/>
    <tag k="addr:state" v="VT"/>
    <tag k="ref:vcgi:esiteid" v="768217"/>
  </node>
  <node id="-677" visible="true" lat="44.114004730358" lon="-72.744404341614">
    <tag k="addr:city" v="Roxbury"/>
    <tag k="addr:housenumber" v="650"/>
    <tag k="addr:street" v="Northfield Road"/>
    <tag k="addr:state" v="VT"/>
    <tag k="ref:vcgi:esiteid" v="770277"/>
  </node>
  <node id="-678" visible="true" lat="44.112755913413" lon="-72.741294761362">
    <tag k="addr:city" v="Roxbury"/>
    <tag k="addr:housenumber" v="544"/>
    <tag k="addr:street" v="Northfield Road"/>
    <tag k="addr:state" v="VT"/>
    <tag k="ref:vcgi:esiteid" v="770278"/>
  </node>
  <node id="-680" visible="true" lat="44.081400959534" lon="-72.710513289593">
    <tag k="addr:city" v="Roxbury"/>
    <tag k="addr:housenumber" v="339"/>
    <tag k="addr:street" v="Beaver Meadow Road"/>
    <tag k="addr:state" v="VT"/>
    <tag k="ref:vcgi:esiteid" v="772918"/>
  </node>
</osm>
