{
    "type": "FeatureCollection",
    "name": "FS_VCGI_OPENDATA_Emergency_ESITE_point_SP_v1 - WATERFORD",
    "crs": {
        "type": "name",
        "properties": {
            "name": "urn:ogc:def:crs:OGC:1.3:CRS84"
        }
    },
    "features": [
{"type":"Feature","id":157654,"geometry":{"type":"Point","coordinates":[-72.0306215032522,44.3907093106877]},"properties":{"OBJECTID":157654,"SEGMENTID":39688,"ESITEID":246971,"GEONAMEID":22339,"PD":"W","PT":" ","SN":"HILL","ST":"RD","SD":" ","PRIMARYNAME":"W HILL RD  ","ALIAS1":null,"ALIAS2":null,"ALIAS3":null,"ALIAS4":null,"ALIAS5":"1\/26\/2022 1:38:20 PM","PRIMARYADDRESS":"389 W HILL RD","SITETYPE":"MOBILE HOME","TOWNNAME":"WATERFORD","MCODE":721,"ESN":300,"ZIP":"05819","PARCELNUM":"889.1","GPSX":-72.03062046,"GPSY":44.39070029,"MAPYEAR":"Thu, 01 Jan 1998 00:00:00 GMT","UPDATEDATE":"Wed, 29 Mar 2023 16:00:30 GMT","STATE":"VT","FIPS8":5005,"SPAN":"699-222-10408","SUBTYPE":null,"GlobalID_1":"0859bb8c-320f-479b-8ca9-c4ef1e55ec66","UNITCOUNT":1,"PRIMARYADD1":"389 W HILL RD WATERFORD","PRIMARYADD2":"389 W HILL RD WATERFORD VT 05819","SITETYPE_MULTI1":null,"SITETYPE_MULTI2":null,"SITETYPE_MULTI3":null,"SITETYPE_MULTI4":null,"SITETYPE_MULTI5":null,"COUNTY":"CALEDONIA","COUNTRY":"US","SOURCEOFDATA":"Vermont Enhanced 911 Board","DRIVEWAYID":null,"ESZ":"00300","HOUSE_NUMBER":389,"HOUSE_NUMBERSUFFIX":null,"HOUSE_NUMBERPREFIX":null,"FIPS":"5005"}},
{"type":"Feature","id":239854,"geometry":{"type":"Point","coordinates":[-72.0248967748119,44.378529206951]},"properties":{"OBJECTID":239854,"SEGMENTID":12407,"ESITEID":275364,"GEONAMEID":654,"PD":"","PT":"","SN":"GRANGE HALL","ST":"LN","SD":"","PRIMARYNAME":"GRANGE HALL LN","ALIAS1":null,"ALIAS2":null,"ALIAS3":null,"ALIAS4":null,"ALIAS5":"1\/26\/2023 1:45:39 PM","PRIMARYADDRESS":"182 GRANGE HALL LN","SITETYPE":"SINGLE FAMILY DWELLING","TOWNNAME":"WATERFORD","MCODE":721,"ESN":300,"ZIP":"05819","PARCELNUM":"716.","GPSX":-72.02489574,"GPSY":44.37852019,"MAPYEAR":"Thu, 01 Jan 1998 00:00:00 GMT","UPDATEDATE":"Thu, 29 May 2025 13:20:19 GMT","STATE":"VT","FIPS8":5005,"SPAN":"699-222-10296","SUBTYPE":null,"GlobalID_1":"745a098f-dd16-4662-a7d9-6b4fcbe4733f","UNITCOUNT":1,"PRIMARYADD1":"182 GRANGE HALL LN WATERFORD","PRIMARYADD2":"182 GRANGE HALL LN WATERFORD VT 05819","SITETYPE_MULTI1":null,"SITETYPE_MULTI2":null,"SITETYPE_MULTI3":null,"SITETYPE_MULTI4":null,"SITETYPE_MULTI5":null,"COUNTY":"CALEDONIA","COUNTRY":"US","SOURCEOFDATA":"Vermont Enhanced 911 Board","DRIVEWAYID":null,"ESZ":"00300","HOUSE_NUMBER":182,"HOUSE_NUMBERSUFFIX":null,"HOUSE_NUMBERPREFIX":null,"FIPS":"5005"}},
{"type":"Feature","id":145585,"geometry":{"type":"Point","coordinates":[-71.942204522518,44.436380728707]},"properties":{"OBJECTID":145585,"SEGMENTID":28578,"ESITEID":275365,"GEONAMEID":22304,"PD":"E","PT":" ","SN":"VILLAGE","ST":"RD","SD":" ","PRIMARYNAME":"E VILLAGE RD  ","ALIAS1":null,"ALIAS2":null,"ALIAS3":null,"ALIAS4":null,"ALIAS5":"5\/12\/2015 7:30:22 PM","PRIMARYADDRESS":"2 E VILLAGE RD","SITETYPE":"MOBILE HOME","TOWNNAME":"WATERFORD","MCODE":721,"ESN":300,"ZIP":"05819","PARCELNUM":"025.","GPSX":-71.9422035,"GPSY":44.4363717,"MAPYEAR":"Thu, 01 Jan 1998 00:00:00 GMT","UPDATEDATE":"Fri, 27 Jan 2023 21:37:34 GMT","STATE":"VT","FIPS8":5005,"SPAN":"699-222-10765","SUBTYPE":null,"GlobalID_1":"8a4bec31-638a-4262-8a6a-6b3b649ee91d","UNITCOUNT":1,"PRIMARYADD1":"2 E VILLAGE RD WATERFORD","PRIMARYADD2":"2 E VILLAGE RD WATERFORD VT 05819","SITETYPE_MULTI1":null,"SITETYPE_MULTI2":null,"SITETYPE_MULTI3":null,"SITETYPE_MULTI4":null,"SITETYPE_MULTI5":null,"COUNTY":"CALEDONIA","COUNTRY":"US","SOURCEOFDATA":"Vermont Enhanced 911 Board","DRIVEWAYID":null,"ESZ":"00300","HOUSE_NUMBER":2,"HOUSE_NUMBERSUFFIX":null,"HOUSE_NUMBERPREFIX":null,"FIPS":"5005"}},
{"type":"Feature","id":124601,"geometry":{"type":"Point","coordinates":[-71.9682418957969,44.4228320678893]},"properties":{"OBJECTID":124601,"SEGMENTID":10036,"ESITEID":275366,"GEONAMEID":19756,"PD":"","PT":"","SN":"HIGGINS HILL","ST":"RD","SD":"","PRIMARYNAME":"HIGGINS HILL RD","ALIAS1":null,"ALIAS2":null,"ALIAS3":null,"ALIAS4":null,"ALIAS5":"9\/1\/2020 3:11:03 PM","PRIMARYADDRESS":"1340 HIGGINS HILL RD","SITETYPE":"MOBILE HOME","TOWNNAME":"WATERFORD","MCODE":721,"ESN":300,"ZIP":"05819","PARCELNUM":"592.","GPSX":-71.96824087,"GPSY":44.42282304,"MAPYEAR":"Thu, 01 Jan 1998 00:00:00 GMT","UPDATEDATE":"Fri, 27 Jan 2023 21:23:00 GMT","STATE":"VT","FIPS8":5005,"SPAN":"699-222-10210","SUBTYPE":null,"GlobalID_1":"de285393-0444-4fcf-af83-a6e2ac8f8d99","UNITCOUNT":1,"PRIMARYADD1":"1340 HIGGINS HILL RD WATERFORD","PRIMARYADD2":"1340 HIGGINS HILL RD WATERFORD VT 05819","SITETYPE_MULTI1":null,"SITETYPE_MULTI2":null,"SITETYPE_MULTI3":null,"SITETYPE_MULTI4":null,"SITETYPE_MULTI5":null,"COUNTY":"CALEDONIA","COUNTRY":"US","SOURCEOFDATA":"Vermont Enhanced 911 Board","DRIVEWAYID":null,"ESZ":"00300","HOUSE_NUMBER":1340,"HOUSE_NUMBERSUFFIX":null,"HOUSE_NUMBERPREFIX":null,"FIPS":"5005"}},
{"type":"Feature","id":331901,"geometry":{"type":"Point","coordinates":[-71.9686726629678,44.4225954250664]},"properties":{"OBJECTID":331901,"SEGMENTID":10036,"ESITEID":275367,"GEONAMEID":19756,"PD":"","PT":"","SN":"HIGGINS HILL","ST":"RD","SD":"","PRIMARYNAME":"HIGGINS HILL RD","ALIAS1":null,"ALIAS2":null,"ALIAS3":null,"ALIAS4":null,"ALIAS5":"9\/1\/2020 3:11:07 PM","PRIMARYADDRESS":"1320 HIGGINS HILL RD","SITETYPE":"SINGLE FAMILY DWELLING","TOWNNAME":"WATERFORD","MCODE":721,"ESN":300,"ZIP":"05819","PARCELNUM":"342.","GPSX":-71.96867164,"GPSY":44.4225864,"MAPYEAR":"Thu, 01 Jan 1998 00:00:00 GMT","UPDATEDATE":"Fri, 27 Jan 2023 21:23:00 GMT","STATE":"VT","FIPS8":5005,"SPAN":"699-222-10148","SUBTYPE":null,"GlobalID_1":"371de203-1f29-4240-a95a-d361cc2cc762","UNITCOUNT":1,"PRIMARYADD1":"1320 HIGGINS HILL RD WATERFORD","PRIMARYADD2":"1320 HIGGINS HILL RD WATERFORD VT 05819","SITETYPE_MULTI1":null,"SITETYPE_MULTI2":null,"SITETYPE_MULTI3":null,"SITETYPE_MULTI4":null,"SITETYPE_MULTI5":null,"COUNTY":"CALEDONIA","COUNTRY":"US","SOURCEOFDATA":"Vermont Enhanced 911 Board","DRIVEWAYID":null,"ESZ":"00300","HOUSE_NUMBER":1320,"HOUSE_NUMBERSUFFIX":null,"HOUSE_NUMBERPREFIX":null,"FIPS":"5005"}},
{"type":"Feature","id":270349,"geometry":{"type":"Point","coordinates":[-71.9690815821293,44.4223464729597]},"properties":{"OBJECTID":270349,"SEGMENTID":10036,"ESITEID":275368,"GEONAMEID":19756,"PD":"","PT":"","SN":"HIGGINS HILL","ST":"RD","SD":"","PRIMARYNAME":"HIGGINS HILL RD","ALIAS1":null,"ALIAS2":null,"ALIAS3":null,"ALIAS4":null,"ALIAS5":"9\/1\/2020 3:11:07 PM","PRIMARYADDRESS":"1290 HIGGINS HILL RD","SITETYPE":"MOBILE HOME","TOWNNAME":"WATERFORD","MCODE":721,"ESN":300,"ZIP":"05819","PARCELNUM":"059.","GPSX":-71.96908056,"GPSY":44.42233744,"MAPYEAR":"Thu, 01 Jan 1998 00:00:00 GMT","UPDATEDATE":"Fri, 27 Jan 2023 21:23:00 GMT","STATE":"VT","FIPS8":5005,"SPAN":"699-222-10043","SUBTYPE":null,"GlobalID_1":"a1797bbb-9f8a-4ad1-8d12-f31000a762aa","UNITCOUNT":1,"PRIMARYADD1":"1290 HIGGINS HILL RD WATERFORD","PRIMARYADD2":"1290 HIGGINS HILL RD WATERFORD VT 05819","SITETYPE_MULTI1":null,"SITETYPE_MULTI2":null,"SITETYPE_MULTI3":null,"SITETYPE_MULTI4":null,"SITETYPE_MULTI5":null,"COUNTY":"CALEDONIA","COUNTRY":"US","SOURCEOFDATA":"Vermont Enhanced 911 Board","DRIVEWAYID":null,"ESZ":"00300","HOUSE_NUMBER":1290,"HOUSE_NUMBERSUFFIX":null,"HOUSE_NUMBERPREFIX":null,"FIPS":"5005"}},
{"type":"Feature","id":291094,"geometry":{"type":"Point","coordinates":[-71.9711658022211,44.4213144342892]},"properties":{"OBJECTID":291094,"SEGMENTID":10036,"ESITEID":275371,"GEONAMEID":19756,"PD":"","PT":"","SN":"HIGGINS HILL","ST":"RD","SD":"","PRIMARYNAME":"HIGGINS HILL RD","ALIAS1":null,"ALIAS2":null,"ALIAS3":null,"ALIAS4":null,"ALIAS5":"9\/1\/2020 3:11:08 PM","PRIMARYADDRESS":"1158 HIGGINS HILL RD","SITETYPE":"SINGLE FAMILY DWELLING","TOWNNAME":"WATERFORD","MCODE":721,"ESN":300,"ZIP":"05819","PARCELNUM":"944.","GPSX":-71.97116478,"GPSY":44.42130541,"MAPYEAR":"Thu, 01 Jan 1998 00:00:00 GMT","UPDATEDATE":"Fri, 27 Jan 2023 21:23:01 GMT","STATE":"VT","FIPS8":5005,"SPAN":"699-222-10375","SUBTYPE":null,"GlobalID_1":"034c66d7-c093-4d7e-944c-404d53d42038","UNITCOUNT":1,"PRIMARYADD1":"1158 HIGGINS HILL RD WATERFORD","PRIMARYADD2":"1158 HIGGINS HILL RD WATERFORD VT 05819","SITETYPE_MULTI1":null,"SITETYPE_MULTI2":null,"SITETYPE_MULTI3":null,"SITETYPE_MULTI4":null,"SITETYPE_MULTI5":null,"COUNTY":"CALEDONIA","COUNTRY":"US","SOURCEOFDATA":"Vermont Enhanced 911 Board","DRIVEWAYID":null,"ESZ":"00300","HOUSE_NUMBER":1158,"HOUSE_NUMBERSUFFIX":null,"HOUSE_NUMBERPREFIX":null,"FIPS":"5005"}},
{"type":"Feature","id":113438,"geometry":{"type":"Point","coordinates":[-71.9302759731463,44.4368872318563]},"properties":{"OBJECTID":113438,"SEGMENTID":5919,"ESITEID":275374,"GEONAMEID":22304,"PD":"E","PT":" ","SN":"VILLAGE","ST":"RD","SD":" ","PRIMARYNAME":"E VILLAGE RD  ","ALIAS1":null,"ALIAS2":null,"ALIAS3":null,"ALIAS4":null,"ALIAS5":"5\/12\/2015 7:30:22 PM","PRIMARYADDRESS":"993 E VILLAGE RD","SITETYPE":"SINGLE FAMILY DWELLING","TOWNNAME":"WATERFORD","MCODE":721,"ESN":300,"ZIP":"05819","PARCELNUM":"829.","GPSX":-71.93027496,"GPSY":44.4368782,"MAPYEAR":"Thu, 01 Jan 1998 00:00:00 GMT","UPDATEDATE":"Fri, 27 Jan 2023 21:37:34 GMT","STATE":"VT","FIPS8":5005,"SPAN":"699-222-10676","SUBTYPE":null,"GlobalID_1":"4dff6c2c-3cd1-4fdb-bb2e-58dbc9a7f02b","UNITCOUNT":1,"PRIMARYADD1":"993 E VILLAGE RD WATERFORD","PRIMARYADD2":"993 E VILLAGE RD WATERFORD VT 05819","SITETYPE_MULTI1":null,"SITETYPE_MULTI2":null,"SITETYPE_MULTI3":null,"SITETYPE_MULTI4":null,"SITETYPE_MULTI5":null,"COUNTY":"CALEDONIA","COUNTRY":"US","SOURCEOFDATA":"Vermont Enhanced 911 Board","DRIVEWAYID":null,"ESZ":"00300","HOUSE_NUMBER":993,"HOUSE_NUMBERSUFFIX":null,"HOUSE_NUMBERPREFIX":null,"FIPS":"5005"}},
{"type":"Feature","id":340819,"geometry":{"type":"Point","coordinates":[-71.9403898567131,44.4361931700916]},"properties":{"OBJECTID":340819,"SEGMENTID":86013,"ESITEID":275375,"GEONAMEID":22304,"PD":"E","PT":" ","SN":"VILLAGE","ST":"RD","SD":" ","PRIMARYNAME":"E VILLAGE RD  ","ALIAS1":null,"ALIAS2":null,"ALIAS3":null,"ALIAS4":null,"ALIAS5":"5\/12\/2015 7:30:22 PM","PRIMARYADDRESS":"91 E VILLAGE RD","SITETYPE":"SINGLE FAMILY DWELLING","TOWNNAME":"WATERFORD","MCODE":721,"ESN":300,"ZIP":"05819","PARCELNUM":"799.","GPSX":-71.94038884,"GPSY":44.43618414,"MAPYEAR":"Thu, 01 Jan 1998 00:00:00 GMT","UPDATEDATE":"Fri, 27 Jan 2023 21:37:34 GMT","STATE":"VT","FIPS8":5005,"SPAN":"699-222-10661","SUBTYPE":null,"GlobalID_1":"c9560e88-d6f8-4ee6-9f17-8639b6896887","UNITCOUNT":1,"PRIMARYADD1":"91 E VILLAGE RD WATERFORD","PRIMARYADD2":"91 E VILLAGE RD WATERFORD VT 05819","SITETYPE_MULTI1":null,"SITETYPE_MULTI2":null,"SITETYPE_MULTI3":null,"SITETYPE_MULTI4":null,"SITETYPE_MULTI5":null,"COUNTY":"CALEDONIA","COUNTRY":"US","SOURCEOFDATA":"Vermont Enhanced 911 Board","DRIVEWAYID":null,"ESZ":"00300","HOUSE_NUMBER":91,"HOUSE_NUMBERSUFFIX":null,"HOUSE_NUMBERPREFIX":null,"FIPS":"5005"}},
{"type":"Feature","id":128040,"geometry":{"type":"Point","coordinates":[-71.9409259766381,44.4355221616127]},"properties":{"OBJECTID":128040,"SEGMENTID":86013,"ESITEID":275376,"GEONAMEID":22304,"PD":"E","PT":" ","SN":"VILLAGE","ST":"RD","SD":" ","PRIMARYNAME":"E VILLAGE RD  ","ALIAS1":null,"ALIAS2":null,"ALIAS3":null,"ALIAS4":null,"ALIAS5":"5\/12\/2015 7:30:22 PM","PRIMARYADDRESS":"86 E VILLAGE RD","SITETYPE":"SINGLE FAMILY DWELLING","TOWNNAME":"WATERFORD","MCODE":721,"ESN":300,"ZIP":"05819","PARCELNUM":"254.","GPSX":-71.94092496,"GPSY":44.43551313,"MAPYEAR":"Thu, 01 Jan 1998 00:00:00 GMT","UPDATEDATE":"Fri, 27 Jan 2023 21:37:35 GMT","STATE":"VT","FIPS8":5005,"SPAN":"699-222-10061","SUBTYPE":null,"GlobalID_1":"4294f80b-ee91-44ee-8af9-a097ca7e4359","UNITCOUNT":1,"PRIMARYADD1":"86 E VILLAGE RD WATERFORD","PRIMARYADD2":"86 E VILLAGE RD WATERFORD VT 05819","SITETYPE_MULTI1":null,"SITETYPE_MULTI2":null,"SITETYPE_MULTI3":null,"SITETYPE_MULTI4":null,"SITETYPE_MULTI5":null,"COUNTY":"CALEDONIA","COUNTRY":"US","SOURCEOFDATA":"Vermont Enhanced 911 Board","DRIVEWAYID":null,"ESZ":"00300","HOUSE_NUMBER":86,"HOUSE_NUMBERSUFFIX":null,"HOUSE_NUMBERPREFIX":null,"FIPS":"5005"}},
{"type":"Feature","id":37888,"geometry":{"type":"Point","coordinates":[-71.9385149944236,44.4340257276266]},"properties":{"OBJECTID":37888,"SEGMENTID":86013,"ESITEID":275377,"GEONAMEID":22304,"PD":"E","PT":" ","SN":"VILLAGE","ST":"RD","SD":" ","PRIMARYNAME":"E VILLAGE RD  ","ALIAS1":null,"ALIAS2":null,"ALIAS3":null,"ALIAS4":null,"ALIAS5":"5\/12\/2015 7:30:22 PM","PRIMARYADDRESS":"241 E VILLAGE RD","SITETYPE":"SINGLE FAMILY DWELLING","TOWNNAME":"WATERFORD","MCODE":721,"ESN":300,"ZIP":"05819","PARCELNUM":"859.","GPSX":-71.93851398,"GPSY":44.4340167,"MAPYEAR":"Thu, 01 Jan 1998 00:00:00 GMT","UPDATEDATE":"Fri, 27 Jan 2023 21:37:35 GMT","STATE":"VT","FIPS8":5005,"SPAN":"699-222-10718","SUBTYPE":null,"GlobalID_1":"13fa7399-25ca-4473-a75e-fa5934cdc354","UNITCOUNT":1,"PRIMARYADD1":"241 E VILLAGE RD WATERFORD","PRIMARYADD2":"241 E VILLAGE RD WATERFORD VT 05819","SITETYPE_MULTI1":null,"SITETYPE_MULTI2":null,"SITETYPE_MULTI3":null,"SITETYPE_MULTI4":null,"SITETYPE_MULTI5":null,"COUNTY":"CALEDONIA","COUNTRY":"US","SOURCEOFDATA":"Vermont Enhanced 911 Board","DRIVEWAYID":null,"ESZ":"00300","HOUSE_NUMBER":241,"HOUSE_NUMBERSUFFIX":null,"HOUSE_NUMBERPREFIX":null,"FIPS":"5005"}},
{"type":"Feature","id":127773,"geometry":{"type":"Point","coordinates":[-71.9311562190879,44.4338570638488]},"properties":{"OBJECTID":127773,"SEGMENTID":5919,"ESITEID":275378,"GEONAMEID":22304,"PD":"E","PT":" ","SN":"VILLAGE","ST":"RD","SD":" ","PRIMARYNAME":"E VILLAGE RD  ","ALIAS1":null,"ALIAS2":null,"ALIAS3":null,"ALIAS4":null,"ALIAS5":"11\/21\/2017 1:46:19 PM","PRIMARYADDRESS":"677 E VILLAGE RD","SITETYPE":"SINGLE FAMILY DWELLING","TOWNNAME":"WATERFORD","MCODE":721,"ESN":300,"ZIP":"05819","PARCELNUM":"490.","GPSX":-71.93115521,"GPSY":44.43384804,"MAPYEAR":"Thu, 01 Jan 1998 00:00:00 GMT","UPDATEDATE":"Fri, 27 Jan 2023 21:37:35 GMT","STATE":"VT","FIPS8":5005,"SPAN":"699-222-10026","SUBTYPE":null,"GlobalID_1":"687bf3f9-c16d-4702-924a-23a1f266e41e","UNITCOUNT":1,"PRIMARYADD1":"677 E VILLAGE RD WATERFORD","PRIMARYADD2":"677 E VILLAGE RD WATERFORD VT 05819","SITETYPE_MULTI1":null,"SITETYPE_MULTI2":null,"SITETYPE_MULTI3":null,"SITETYPE_MULTI4":null,"SITETYPE_MULTI5":null,"COUNTY":"CALEDONIA","COUNTRY":"US","SOURCEOFDATA":"Vermont Enhanced 911 Board","DRIVEWAYID":null,"ESZ":"00300","HOUSE_NUMBER":677,"HOUSE_NUMBERSUFFIX":null,"HOUSE_NUMBERPREFIX":null,"FIPS":"5005"}},
{"type":"Feature","id":326427,"geometry":{"type":"Point","coordinates":[-71.9379884807193,44.4336222718014]},"properties":{"OBJECTID":326427,"SEGMENTID":86013,"ESITEID":275379,"GEONAMEID":22304,"PD":"E","PT":" ","SN":"VILLAGE","ST":"RD","SD":" ","PRIMARYNAME":"E VILLAGE RD  ","ALIAS1":null,"ALIAS2":null,"ALIAS3":null,"ALIAS4":null,"ALIAS5":"5\/12\/2015 7:30:22 PM","PRIMARYADDRESS":"283 E VILLAGE RD","SITETYPE":"SINGLE FAMILY DWELLING","TOWNNAME":"WATERFORD","MCODE":721,"ESN":300,"ZIP":"05819","PARCELNUM":"858.","GPSX":-71.93798746,"GPSY":44.43361324,"MAPYEAR":"Thu, 01 Jan 1998 00:00:00 GMT","UPDATEDATE":"Fri, 27 Jan 2023 21:37:35 GMT","STATE":"VT","FIPS8":5005,"SPAN":"699-222-10716","SUBTYPE":null,"GlobalID_1":"08cba265-a5dc-4c67-b54c-c0aff1ca5b55","UNITCOUNT":1,"PRIMARYADD1":"283 E VILLAGE RD WATERFORD","PRIMARYADD2":"283 E VILLAGE RD WATERFORD VT 05819","SITETYPE_MULTI1":null,"SITETYPE_MULTI2":null,"SITETYPE_MULTI3":null,"SITETYPE_MULTI4":null,"SITETYPE_MULTI5":null,"COUNTY":"CALEDONIA","COUNTRY":"US","SOURCEOFDATA":"Vermont Enhanced 911 Board","DRIVEWAYID":null,"ESZ":"00300","HOUSE_NUMBER":283,"HOUSE_NUMBERSUFFIX":null,"HOUSE_NUMBERPREFIX":null,"FIPS":"5005"}},
{"type":"Feature","id":22232,"geometry":{"type":"Point","coordinates":[-71.9284527585341,44.4330709548691]},"properties":{"OBJECTID":22232,"SEGMENTID":5919,"ESITEID":275380,"GEONAMEID":22304,"PD":"E","PT":" ","SN":"VILLAGE","ST":"RD","SD":" ","PRIMARYNAME":"E VILLAGE RD  ","ALIAS1":null,"ALIAS2":null,"ALIAS3":null,"ALIAS4":null,"ALIAS5":"5\/12\/2015 7:30:22 PM","PRIMARYADDRESS":"780 E VILLAGE RD","SITETYPE":"SINGLE FAMILY DWELLING","TOWNNAME":"WATERFORD","MCODE":721,"ESN":300,"ZIP":"05819","PARCELNUM":"258.","GPSX":-71.92845174,"GPSY":44.43306192,"MAPYEAR":"Thu, 01 Jan 1998 00:00:00 GMT","UPDATEDATE":"Fri, 27 Jan 2023 21:37:35 GMT","STATE":"VT","FIPS8":5005,"SPAN":"699-222-10067","SUBTYPE":null,"GlobalID_1":"b6d35c85-f0a0-4092-8e19-13717081b1b9","UNITCOUNT":1,"PRIMARYADD1":"780 E VILLAGE RD WATERFORD","PRIMARYADD2":"780 E VILLAGE RD WATERFORD VT 05819","SITETYPE_MULTI1":null,"SITETYPE_MULTI2":null,"SITETYPE_MULTI3":null,"SITETYPE_MULTI4":null,"SITETYPE_MULTI5":null,"COUNTY":"CALEDONIA","COUNTRY":"US","SOURCEOFDATA":"Vermont Enhanced 911 Board","DRIVEWAYID":null,"ESZ":"00300","HOUSE_NUMBER":780,"HOUSE_NUMBERSUFFIX":null,"HOUSE_NUMBERPREFIX":null,"FIPS":"5005"}},
{"type":"Feature","id":316548,"geometry":{"type":"Point","coordinates":[-71.9333182573552,44.4328518218602]},"properties":{"OBJECTID":316548,"SEGMENTID":5919,"ESITEID":275381,"GEONAMEID":22304,"PD":"E","PT":" ","SN":"VILLAGE","ST":"RD","SD":" ","PRIMARYNAME":"E VILLAGE RD  ","ALIAS1":null,"ALIAS2":null,"ALIAS3":null,"ALIAS4":null,"ALIAS5":"11\/21\/2017 1:18:43 PM","PRIMARYADDRESS":"591 E VILLAGE RD","SITETYPE":"MOBILE HOME","TOWNNAME":"WATERFORD","MCODE":721,"ESN":300,"ZIP":"05819","PARCELNUM":"355.","GPSX":-71.93331826,"GPSY":44.43285182,"MAPYEAR":"Thu, 01 Jan 1998 00:00:00 GMT","UPDATEDATE":"Wed, 11 Jun 2025 12:33:57 GMT","STATE":"VT","FIPS8":5005,"SPAN":"699-222-10461","SUBTYPE":null,"GlobalID_1":"1a0e7e1c-b729-40fe-b993-5f3858b1a068","UNITCOUNT":1,"PRIMARYADD1":"591 E VILLAGE RD WATERFORD","PRIMARYADD2":"591 E VILLAGE RD WATERFORD VT 05819","SITETYPE_MULTI1":null,"SITETYPE_MULTI2":null,"SITETYPE_MULTI3":null,"SITETYPE_MULTI4":null,"SITETYPE_MULTI5":null,"COUNTY":"CALEDONIA","COUNTRY":"US","SOURCEOFDATA":"Vermont Enhanced 911 Board","DRIVEWAYID":null,"ESZ":"00300","HOUSE_NUMBER":591,"HOUSE_NUMBERSUFFIX":null,"HOUSE_NUMBERPREFIX":null,"FIPS":"5005"}},
{"type":"Feature","id":342357,"geometry":{"type":"Point","coordinates":[-71.9326337179769,44.4331300982525]},"properties":{"OBJECTID":342357,"SEGMENTID":5919,"ESITEID":275382,"GEONAMEID":22304,"PD":"E","PT":" ","SN":"VILLAGE","ST":"RD","SD":" ","PRIMARYNAME":"E VILLAGE RD  ","ALIAS1":null,"ALIAS2":null,"ALIAS3":null,"ALIAS4":null,"ALIAS5":"11\/21\/2017 1:18:37 PM","PRIMARYADDRESS":"623 E VILLAGE RD","SITETYPE":"SINGLE FAMILY DWELLING","TOWNNAME":"WATERFORD","MCODE":721,"ESN":300,"ZIP":"05819","PARCELNUM":"505.","GPSX":-71.93263271,"GPSY":44.43312107,"MAPYEAR":"Thu, 01 Jan 1998 00:00:00 GMT","UPDATEDATE":"Fri, 27 Jan 2023 21:37:35 GMT","STATE":"VT","FIPS8":5005,"SPAN":"699-222-10334","SUBTYPE":null,"GlobalID_1":"fa0c1c0b-398c-4319-b29c-87d98b4ce557","UNITCOUNT":1,"PRIMARYADD1":"623 E VILLAGE RD WATERFORD","PRIMARYADD2":"623 E VILLAGE RD WATERFORD VT 05819","SITETYPE_MULTI1":null,"SITETYPE_MULTI2":null,"SITETYPE_MULTI3":null,"SITETYPE_MULTI4":null,"SITETYPE_MULTI5":null,"COUNTY":"CALEDONIA","COUNTRY":"US","SOURCEOFDATA":"Vermont Enhanced 911 Board","DRIVEWAYID":null,"ESZ":"00300","HOUSE_NUMBER":623,"HOUSE_NUMBERSUFFIX":null,"HOUSE_NUMBERPREFIX":null,"FIPS":"5005"}},
{"type":"Feature","id":2339,"geometry":{"type":"Point","coordinates":[-71.9375620465783,44.4328665407253]},"properties":{"OBJECTID":2339,"SEGMENTID":86013,"ESITEID":275383,"GEONAMEID":22304,"PD":"E","PT":" ","SN":"VILLAGE","ST":"RD","SD":" ","PRIMARYNAME":"E VILLAGE RD  ","ALIAS1":null,"ALIAS2":null,"ALIAS3":null,"ALIAS4":null,"ALIAS5":"5\/12\/2015 7:30:22 PM","PRIMARYADDRESS":"333 E VILLAGE RD","SITETYPE":"SINGLE FAMILY DWELLING","TOWNNAME":"WATERFORD","MCODE":721,"ESN":300,"ZIP":"05819","PARCELNUM":"857.","GPSX":-71.93756103,"GPSY":44.43285751,"MAPYEAR":"Thu, 01 Jan 1998 00:00:00 GMT","UPDATEDATE":"Fri, 27 Jan 2023 21:37:35 GMT","STATE":"VT","FIPS8":5005,"SPAN":"699-222-10717","SUBTYPE":null,"GlobalID_1":"53155a97-f9be-4c9a-8fe6-4fe0386473e5","UNITCOUNT":1,"PRIMARYADD1":"333 E VILLAGE RD WATERFORD","PRIMARYADD2":"333 E VILLAGE RD WATERFORD VT 05819","SITETYPE_MULTI1":null,"SITETYPE_MULTI2":null,"SITETYPE_MULTI3":null,"SITETYPE_MULTI4":null,"SITETYPE_MULTI5":null,"COUNTY":"CALEDONIA","COUNTRY":"US","SOURCEOFDATA":"Vermont Enhanced 911 Board","DRIVEWAYID":null,"ESZ":"00300","HOUSE_NUMBER":333,"HOUSE_NUMBERSUFFIX":null,"HOUSE_NUMBERPREFIX":null,"FIPS":"5005"}},
{"type":"Feature","id":69507,"geometry":{"type":"Point","coordinates":[-71.9351212055412,44.4322638404135]},"properties":{"OBJECTID":69507,"SEGMENTID":86013,"ESITEID":275384,"GEONAMEID":22304,"PD":"E","PT":" ","SN":"VILLAGE","ST":"RD","SD":" ","PRIMARYNAME":"E VILLAGE RD  ","ALIAS1":null,"ALIAS2":null,"ALIAS3":null,"ALIAS4":null,"ALIAS5":"11\/21\/2017 1:45:46 PM","PRIMARYADDRESS":"485 E VILLAGE RD","SITETYPE":"SINGLE FAMILY DWELLING","TOWNNAME":"WATERFORD","MCODE":721,"ESN":300,"ZIP":"05819","PARCELNUM":"483.","GPSX":-71.93512019,"GPSY":44.43225481,"MAPYEAR":"Thu, 01 Jan 1998 00:00:00 GMT","UPDATEDATE":"Fri, 27 Jan 2023 21:37:35 GMT","STATE":"VT","FIPS8":5005,"SPAN":"699-222-10312","SUBTYPE":null,"GlobalID_1":"d539ac90-1dd9-4198-bdf3-22f4aad2863d","UNITCOUNT":1,"PRIMARYADD1":"485 E VILLAGE RD WATERFORD","PRIMARYADD2":"485 E VILLAGE RD WATERFORD VT 05819","SITETYPE_MULTI1":null,"SITETYPE_MULTI2":null,"SITETYPE_MULTI3":null,"SITETYPE_MULTI4":null,"SITETYPE_MULTI5":null,"COUNTY":"CALEDONIA","COUNTRY":"US","SOURCEOFDATA":"Vermont Enhanced 911 Board","DRIVEWAYID":null,"ESZ":"00300","HOUSE_NUMBER":485,"HOUSE_NUMBERSUFFIX":null,"HOUSE_NUMBERPREFIX":null,"FIPS":"5005"}},
{"type":"Feature","id":243654,"geometry":{"type":"Point","coordinates":[-71.937005101186,44.4322371140202]},"properties":{"OBJECTID":243654,"SEGMENTID":86013,"ESITEID":275385,"GEONAMEID":22304,"PD":"E","PT":" ","SN":"VILLAGE","ST":"RD","SD":" ","PRIMARYNAME":"E VILLAGE RD  ","ALIAS1":null,"ALIAS2":null,"ALIAS3":null,"ALIAS4":null,"ALIAS5":"5\/13\/2015 2:02:16 PM","PRIMARYADDRESS":"384 E VILLAGE RD","SITETYPE":"OTHER","TOWNNAME":"WATERFORD","MCODE":721,"ESN":300,"ZIP":"05819","PARCELNUM":"430.","GPSX":-71.93700408,"GPSY":44.43222808,"MAPYEAR":"Thu, 01 Jan 1998 00:00:00 GMT","UPDATEDATE":"Fri, 27 Jan 2023 21:37:35 GMT","STATE":"VT","FIPS8":5005,"SPAN":"699-222-10252","SUBTYPE":null,"GlobalID_1":"74059f71-b377-49d2-89fb-1fc1d4881ab3","UNITCOUNT":1,"PRIMARYADD1":"384 E VILLAGE RD WATERFORD","PRIMARYADD2":"384 E VILLAGE RD WATERFORD VT 05819","SITETYPE_MULTI1":null,"SITETYPE_MULTI2":null,"SITETYPE_MULTI3":null,"SITETYPE_MULTI4":null,"SITETYPE_MULTI5":null,"COUNTY":"CALEDONIA","COUNTRY":"US","SOURCEOFDATA":"Vermont Enhanced 911 Board","DRIVEWAYID":null,"ESZ":"00300","HOUSE_NUMBER":384,"HOUSE_NUMBERSUFFIX":null,"HOUSE_NUMBERPREFIX":null,"FIPS":"5005"}},
{"type":"Feature","id":117060,"geometry":{"type":"Point","coordinates":[-71.9342076622594,44.4318806352574]},"properties":{"OBJECTID":117060,"SEGMENTID":5919,"ESITEID":275386,"GEONAMEID":22304,"PD":"E","PT":" ","SN":"VILLAGE","ST":"RD","SD":" ","PRIMARYNAME":"E VILLAGE RD  ","ALIAS1":null,"ALIAS2":null,"ALIAS3":null,"ALIAS4":null,"ALIAS5":"11\/21\/2017 1:45:51 PM","PRIMARYADDRESS":"516 E VILLAGE RD","SITETYPE":"SINGLE FAMILY DWELLING","TOWNNAME":"WATERFORD","MCODE":721,"ESN":300,"ZIP":"05819","PARCELNUM":"603.","GPSX":-71.93420665,"GPSY":44.43187161,"MAPYEAR":"Thu, 01 Jan 1998 00:00:00 GMT","UPDATEDATE":"Fri, 27 Jan 2023 21:37:35 GMT","STATE":"VT","FIPS8":5005,"SPAN":"699-222-10410","SUBTYPE":null,"GlobalID_1":"f2eee686-fdcc-4838-94b4-b1910ba6928c","UNITCOUNT":1,"PRIMARYADD1":"516 E VILLAGE RD WATERFORD","PRIMARYADD2":"516 E VILLAGE RD WATERFORD VT 05819","SITETYPE_MULTI1":null,"SITETYPE_MULTI2":null,"SITETYPE_MULTI3":null,"SITETYPE_MULTI4":null,"SITETYPE_MULTI5":null,"COUNTY":"CALEDONIA","COUNTRY":"US","SOURCEOFDATA":"Vermont Enhanced 911 Board","DRIVEWAYID":null,"ESZ":"00300","HOUSE_NUMBER":516,"HOUSE_NUMBERSUFFIX":null,"HOUSE_NUMBERPREFIX":null,"FIPS":"5005"}},
{"type":"Feature","id":192345,"geometry":{"type":"Point","coordinates":[-71.9352015345667,44.4315378614833]},"properties":{"OBJECTID":192345,"SEGMENTID":9747,"ESITEID":275387,"GEONAMEID":22305,"PD":" ","PT":" ","SN":"WALSH","ST":"RD","SD":" ","PRIMARYNAME":"WALSH RD","ALIAS1":null,"ALIAS2":null,"ALIAS3":null,"ALIAS4":null,"ALIAS5":"11\/21\/2017 1:45:56 PM","PRIMARYADDRESS":"673 WALSH RD","SITETYPE":"SINGLE FAMILY DWELLING","TOWNNAME":"WATERFORD","MCODE":721,"ESN":300,"ZIP":"05819","PARCELNUM":"430.","GPSX":-71.93520052,"GPSY":44.43152884,"MAPYEAR":"Thu, 01 Jan 1998 00:00:00 GMT","UPDATEDATE":"Fri, 27 Jan 2023 21:22:59 GMT","STATE":"VT","FIPS8":5005,"SPAN":"699-222-10252","SUBTYPE":null,"GlobalID_1":"15a78a2e-388b-445e-8929-3acd2d783928","UNITCOUNT":1,"PRIMARYADD1":"673 WALSH RD WATERFORD","PRIMARYADD2":"673 WALSH RD WATERFORD VT 05819","SITETYPE_MULTI1":null,"SITETYPE_MULTI2":null,"SITETYPE_MULTI3":null,"SITETYPE_MULTI4":null,"SITETYPE_MULTI5":null,"COUNTY":"CALEDONIA","COUNTRY":"US","SOURCEOFDATA":"Vermont Enhanced 911 Board","DRIVEWAYID":null,"ESZ":"00300","HOUSE_NUMBER":673,"HOUSE_NUMBERSUFFIX":null,"HOUSE_NUMBERPREFIX":null,"FIPS":"5005"}},
{"type":"Feature","id":40485,"geometry":{"type":"Point","coordinates":[-71.9323435389729,44.4302534720162]},"properties":{"OBJECTID":40485,"SEGMENTID":9747,"ESITEID":275388,"GEONAMEID":22305,"PD":" ","PT":" ","SN":"WALSH","ST":"RD","SD":" ","PRIMARYNAME":"WALSH RD","ALIAS1":null,"ALIAS2":null,"ALIAS3":null,"ALIAS4":null,"ALIAS5":"5\/12\/2015 7:29:44 PM","PRIMARYADDRESS":"588 WALSH RD","SITETYPE":"SINGLE FAMILY DWELLING","TOWNNAME":"WATERFORD","MCODE":721,"ESN":300,"ZIP":"05819","PARCELNUM":"593.","GPSX":-71.93234252,"GPSY":44.43024444,"MAPYEAR":"Thu, 01 Jan 1998 00:00:00 GMT","UPDATEDATE":"Fri, 27 Jan 2023 21:22:59 GMT","STATE":"VT","FIPS8":5005,"SPAN":"699-222-10677","SUBTYPE":null,"GlobalID_1":"96c98678-9676-448c-9ed9-aea14bd07ea5","UNITCOUNT":1,"PRIMARYADD1":"588 WALSH RD WATERFORD","PRIMARYADD2":"588 WALSH RD WATERFORD VT 05819","SITETYPE_MULTI1":null,"SITETYPE_MULTI2":null,"SITETYPE_MULTI3":null,"SITETYPE_MULTI4":null,"SITETYPE_MULTI5":null,"COUNTY":"CALEDONIA","COUNTRY":"US","SOURCEOFDATA":"Vermont Enhanced 911 Board","DRIVEWAYID":null,"ESZ":"00300","HOUSE_NUMBER":588,"HOUSE_NUMBERSUFFIX":null,"HOUSE_NUMBERPREFIX":null,"FIPS":"5005"}},
{"type":"Feature","id":279701,"geometry":{"type":"Point","coordinates":[-71.9294455084085,44.4298350203615]},"properties":{"OBJECTID":279701,"SEGMENTID":5919,"ESITEID":275389,"GEONAMEID":22304,"PD":"E","PT":" ","SN":"VILLAGE","ST":"RD","SD":" ","PRIMARYNAME":"E VILLAGE RD  ","ALIAS1":null,"ALIAS2":null,"ALIAS3":null,"ALIAS4":null,"ALIAS5":"5\/12\/2015 7:30:22 PM","PRIMARYADDRESS":"758 E VILLAGE RD","SITETYPE":"SINGLE FAMILY DWELLING","TOWNNAME":"WATERFORD","MCODE":721,"ESN":300,"ZIP":"05819","PARCELNUM":"790.1","GPSX":-71.9294445,"GPSY":44.42982599,"MAPYEAR":"Thu, 01 Jan 1998 00:00:00 GMT","UPDATEDATE":"Fri, 15 Nov 2024 06:06:09 GMT","STATE":"VT","FIPS8":5005,"SPAN":"699-222-10707","SUBTYPE":null,"GlobalID_1":"a33e1dca-2185-4bb4-ab5d-f329264b5fda","UNITCOUNT":1,"PRIMARYADD1":"758 E VILLAGE RD WATERFORD","PRIMARYADD2":"758 E VILLAGE RD WATERFORD VT 05819","SITETYPE_MULTI1":null,"SITETYPE_MULTI2":null,"SITETYPE_MULTI3":null,"SITETYPE_MULTI4":null,"SITETYPE_MULTI5":null,"COUNTY":"CALEDONIA","COUNTRY":"US","SOURCEOFDATA":"Vermont Enhanced 911 Board","DRIVEWAYID":null,"ESZ":"00300","HOUSE_NUMBER":758,"HOUSE_NUMBERSUFFIX":null,"HOUSE_NUMBERPREFIX":null,"FIPS":"5005"}},
{"type":"Feature","id":101991,"geometry":{"type":"Point","coordinates":[-71.9568666901969,44.4274090503122]},"properties":{"OBJECTID":101991,"SEGMENTID":39584,"ESITEID":275390,"GEONAMEID":22321,"PD":"","PT":"","SN":"VT ROUTE 18","ST":"","SD":"","PRIMARYNAME":"VT ROUTE 18","ALIAS1":null,"ALIAS2":"ROUTE 18","ALIAS3":null,"ALIAS4":null,"ALIAS5":"5\/12\/2015 7:33:23 PM","PRIMARYADDRESS":"45 VT ROUTE 18","SITETYPE":"COMMERCIAL FARM","TOWNNAME":"WATERFORD","MCODE":721,"ESN":300,"ZIP":"05819","PARCELNUM":"467.","GPSX":-71.95686567,"GPSY":44.42740002,"MAPYEAR":"Thu, 01 Jan 1998 00:00:00 GMT","UPDATEDATE":"Wed, 12 Apr 2023 08:54:48 GMT","STATE":"VT","FIPS8":5005,"SPAN":"699-222-10519","SUBTYPE":null,"GlobalID_1":"6eb714fd-cb9c-4d8d-9d53-7baebad2c948","UNITCOUNT":1,"PRIMARYADD1":"45 VT ROUTE 18 WATERFORD","PRIMARYADD2":"45 VT ROUTE 18 WATERFORD VT 05819","SITETYPE_MULTI1":null,"SITETYPE_MULTI2":null,"SITETYPE_MULTI3":null,"SITETYPE_MULTI4":null,"SITETYPE_MULTI5":null,"COUNTY":"CALEDONIA","COUNTRY":"US","SOURCEOFDATA":"Vermont Enhanced 911 Board","DRIVEWAYID":null,"ESZ":"00300","HOUSE_NUMBER":45,"HOUSE_NUMBERSUFFIX":null,"HOUSE_NUMBERPREFIX":null,"FIPS":"5005"}},
{"type":"Feature","id":130853,"geometry":{"type":"Point","coordinates":[-71.9585476606726,44.427358934702]},"properties":{"OBJECTID":130853,"SEGMENTID":39584,"ESITEID":275391,"GEONAMEID":22321,"PD":"","PT":"","SN":"VT ROUTE 18","ST":"","SD":"","PRIMARYNAME":"VT ROUTE 18","ALIAS1":null,"ALIAS2":"ROUTE 18","ALIAS3":null,"ALIAS4":null,"ALIAS5":"11\/21\/2017 12:47:17 PM","PRIMARYADDRESS":"37 VT ROUTE 18","SITETYPE":"SINGLE FAMILY DWELLING","TOWNNAME":"WATERFORD","MCODE":721,"ESN":300,"ZIP":"05819","PARCELNUM":"467.","GPSX":-71.95854664,"GPSY":44.42734991,"MAPYEAR":"Thu, 01 Jan 1998 00:00:00 GMT","UPDATEDATE":"Wed, 12 Apr 2023 08:54:48 GMT","STATE":"VT","FIPS8":5005,"SPAN":"699-222-10519","SUBTYPE":null,"GlobalID_1":"1dfb537f-df41-42cf-9397-c0bbdac9d790","UNITCOUNT":1,"PRIMARYADD1":"37 VT ROUTE 18 WATERFORD","PRIMARYADD2":"37 VT ROUTE 18 WATERFORD VT 05819","SITETYPE_MULTI1":null,"SITETYPE_MULTI2":null,"SITETYPE_MULTI3":null,"SITETYPE_MULTI4":null,"SITETYPE_MULTI5":null,"COUNTY":"CALEDONIA","COUNTRY":"US","SOURCEOFDATA":"Vermont Enhanced 911 Board","DRIVEWAYID":null,"ESZ":"00300","HOUSE_NUMBER":37,"HOUSE_NUMBERSUFFIX":null,"HOUSE_NUMBERPREFIX":null,"FIPS":"5005"}},
{"type":"Feature","id":204463,"geometry":{"type":"Point","coordinates":[-71.9335731628694,44.4267805543777]},"properties":{"OBJECTID":204463,"SEGMENTID":9747,"ESITEID":275392,"GEONAMEID":22305,"PD":" ","PT":" ","SN":"WALSH","ST":"RD","SD":" ","PRIMARYNAME":"WALSH RD","ALIAS1":null,"ALIAS2":null,"ALIAS3":null,"ALIAS4":null,"ALIAS5":"5\/12\/2015 7:29:44 PM","PRIMARYADDRESS":"341 WALSH RD","SITETYPE":"SINGLE FAMILY DWELLING","TOWNNAME":"WATERFORD","MCODE":721,"ESN":300,"ZIP":"05819","PARCELNUM":"513.","GPSX":-71.93357215,"GPSY":44.42677152,"MAPYEAR":"Thu, 01 Jan 1998 00:00:00 GMT","UPDATEDATE":"Fri, 27 Jan 2023 21:23:00 GMT","STATE":"VT","FIPS8":5005,"SPAN":"699-222-10347","SUBTYPE":null,"GlobalID_1":"3fbc7f76-9e8e-4640-82ae-0361b39bc064","UNITCOUNT":1,"PRIMARYADD1":"341 WALSH RD WATERFORD","PRIMARYADD2":"341 WALSH RD WATERFORD VT 05819","SITETYPE_MULTI1":null,"SITETYPE_MULTI2":null,"SITETYPE_MULTI3":null,"SITETYPE_MULTI4":null,"SITETYPE_MULTI5":null,"COUNTY":"CALEDONIA","COUNTRY":"US","SOURCEOFDATA":"Vermont Enhanced 911 Board","DRIVEWAYID":null,"ESZ":"00300","HOUSE_NUMBER":341,"HOUSE_NUMBERSUFFIX":null,"HOUSE_NUMBERPREFIX":null,"FIPS":"5005"}},
{"type":"Feature","id":321998,"geometry":{"type":"Point","coordinates":[-71.9353530759931,44.4269978688429]},"properties":{"OBJECTID":321998,"SEGMENTID":9747,"ESITEID":275393,"GEONAMEID":22305,"PD":" ","PT":" ","SN":"WALSH","ST":"RD","SD":" ","PRIMARYNAME":"WALSH RD","ALIAS1":null,"ALIAS2":null,"ALIAS3":null,"ALIAS4":null,"ALIAS5":"5\/12\/2015 7:29:44 PM","PRIMARYADDRESS":"303 WALSH RD","SITETYPE":"SINGLE FAMILY DWELLING","TOWNNAME":"WATERFORD","MCODE":721,"ESN":300,"ZIP":"05819","PARCELNUM":"513.","GPSX":-71.93535206,"GPSY":44.42698884,"MAPYEAR":"Thu, 01 Jan 1998 00:00:00 GMT","UPDATEDATE":"Fri, 27 Jan 2023 21:23:00 GMT","STATE":"VT","FIPS8":5005,"SPAN":"699-222-10347","SUBTYPE":null,"GlobalID_1":"6b74c5b0-3e6f-482e-8434-5087b0b95170","UNITCOUNT":1,"PRIMARYADD1":"303 WALSH RD WATERFORD","PRIMARYADD2":"303 WALSH RD WATERFORD VT 05819","SITETYPE_MULTI1":null,"SITETYPE_MULTI2":null,"SITETYPE_MULTI3":null,"SITETYPE_MULTI4":null,"SITETYPE_MULTI5":null,"COUNTY":"CALEDONIA","COUNTRY":"US","SOURCEOFDATA":"Vermont Enhanced 911 Board","DRIVEWAYID":null,"ESZ":"00300","HOUSE_NUMBER":303,"HOUSE_NUMBERSUFFIX":null,"HOUSE_NUMBERPREFIX":null,"FIPS":"5005"}},
{"type":"Feature","id":163994,"geometry":{"type":"Point","coordinates":[-71.95846222645,44.4266020313254]},"properties":{"OBJECTID":163994,"SEGMENTID":39584,"ESITEID":275394,"GEONAMEID":22321,"PD":" ","PT":"","SN":"VT ROUTE 18","ST":" ","SD":" ","PRIMARYNAME":"VT ROUTE 18","ALIAS1":null,"ALIAS2":"ROUTE 18","ALIAS3":null,"ALIAS4":null,"ALIAS5":"5\/12\/2015 7:33:30 PM","PRIMARYADDRESS":"68 VT ROUTE 18","SITETYPE":"SINGLE FAMILY DWELLING","TOWNNAME":"WATERFORD","MCODE":721,"ESN":300,"ZIP":"05819","PARCELNUM":"461.","GPSX":-71.9584612,"GPSY":44.426593,"MAPYEAR":"Thu, 01 Jan 1998 00:00:00 GMT","UPDATEDATE":"Fri, 27 Jan 2023 23:58:37 GMT","STATE":"VT","FIPS8":5005,"SPAN":"699-222-10291","SUBTYPE":null,"GlobalID_1":"11ba7d75-3a3b-40d6-b97c-d50edea6b62f","UNITCOUNT":1,"PRIMARYADD1":"68 VT ROUTE 18 WATERFORD","PRIMARYADD2":"68 VT ROUTE 18 WATERFORD VT 05819","SITETYPE_MULTI1":null,"SITETYPE_MULTI2":null,"SITETYPE_MULTI3":null,"SITETYPE_MULTI4":null,"SITETYPE_MULTI5":null,"COUNTY":"CALEDONIA","COUNTRY":"US","SOURCEOFDATA":"Vermont Enhanced 911 Board","DRIVEWAYID":null,"ESZ":"00300","HOUSE_NUMBER":68,"HOUSE_NUMBERSUFFIX":null,"HOUSE_NUMBERPREFIX":null,"FIPS":"5005"}},
{"type":"Feature","id":279870,"geometry":{"type":"Point","coordinates":[-71.9595557359644,44.4259432689708]},"properties":{"OBJECTID":279870,"SEGMENTID":13716,"ESITEID":275395,"GEONAMEID":22307,"PD":" ","PT":" ","SN":"HIGGINS HILL","ST":"RD","SD":" ","PRIMARYNAME":"HIGGINS HILL RD","ALIAS1":null,"ALIAS2":null,"ALIAS3":null,"ALIAS4":null,"ALIAS5":"5\/12\/2015 7:29:44 PM","PRIMARYADDRESS":"1816 HIGGINS HILL RD","SITETYPE":"COMMERCIAL FARM","TOWNNAME":"WATERFORD","MCODE":721,"ESN":300,"ZIP":"05819","PARCELNUM":"461.","GPSX":-71.95955471,"GPSY":44.42593424,"MAPYEAR":"Thu, 01 Jan 1998 00:00:00 GMT","UPDATEDATE":"Fri, 27 Jan 2023 21:23:01 GMT","STATE":"VT","FIPS8":5005,"SPAN":"699-222-10291","SUBTYPE":null,"GlobalID_1":"9b42d4c3-31ae-4843-acef-5bcb9dd92072","UNITCOUNT":1,"PRIMARYADD1":"1816 HIGGINS HILL RD WATERFORD","PRIMARYADD2":"1816 HIGGINS HILL RD WATERFORD VT 05819","SITETYPE_MULTI1":null,"SITETYPE_MULTI2":null,"SITETYPE_MULTI3":null,"SITETYPE_MULTI4":null,"SITETYPE_MULTI5":null,"COUNTY":"CALEDONIA","COUNTRY":"US","SOURCEOFDATA":"Vermont Enhanced 911 Board","DRIVEWAYID":null,"ESZ":"00300","HOUSE_NUMBER":1816,"HOUSE_NUMBERSUFFIX":null,"HOUSE_NUMBERPREFIX":null,"FIPS":"5005"}},
{"type":"Feature","id":308014,"geometry":{"type":"Point","coordinates":[-71.9602148722282,44.4262495005663]},"properties":{"OBJECTID":308014,"SEGMENTID":13716,"ESITEID":275396,"GEONAMEID":22307,"PD":" ","PT":" ","SN":"HIGGINS HILL","ST":"RD","SD":" ","PRIMARYNAME":"HIGGINS HILL RD","ALIAS1":null,"ALIAS2":null,"ALIAS3":null,"ALIAS4":null,"ALIAS5":"5\/12\/2015 7:29:44 PM","PRIMARYADDRESS":"1800 HIGGINS HILL RD","SITETYPE":"SINGLE FAMILY DWELLING","TOWNNAME":"WATERFORD","MCODE":721,"ESN":300,"ZIP":"05819","PARCELNUM":"461.","GPSX":-71.96021385,"GPSY":44.42624047,"MAPYEAR":"Thu, 01 Jan 1998 00:00:00 GMT","UPDATEDATE":"Fri, 27 Jan 2023 21:23:01 GMT","STATE":"VT","FIPS8":5005,"SPAN":"699-222-10291","SUBTYPE":null,"GlobalID_1":"f5b46711-51e1-4d65-8ebd-ba5beb4e4cde","UNITCOUNT":1,"PRIMARYADD1":"1800 HIGGINS HILL RD WATERFORD","PRIMARYADD2":"1800 HIGGINS HILL RD WATERFORD VT 05819","SITETYPE_MULTI1":null,"SITETYPE_MULTI2":null,"SITETYPE_MULTI3":null,"SITETYPE_MULTI4":null,"SITETYPE_MULTI5":null,"COUNTY":"CALEDONIA","COUNTRY":"US","SOURCEOFDATA":"Vermont Enhanced 911 Board","DRIVEWAYID":null,"ESZ":"00300","HOUSE_NUMBER":1800,"HOUSE_NUMBERSUFFIX":null,"HOUSE_NUMBERPREFIX":null,"FIPS":"5005"}},
{"type":"Feature","id":51277,"geometry":{"type":"Point","coordinates":[-71.9332815285617,44.4259530446911]},"properties":{"OBJECTID":51277,"SEGMENTID":9747,"ESITEID":275397,"GEONAMEID":22305,"PD":" ","PT":" ","SN":"WALSH","ST":"RD","SD":" ","PRIMARYNAME":"WALSH RD","ALIAS1":null,"ALIAS2":null,"ALIAS3":null,"ALIAS4":null,"ALIAS5":"5\/12\/2015 7:29:44 PM","PRIMARYADDRESS":"271 WALSH RD","SITETYPE":"SINGLE FAMILY DWELLING","TOWNNAME":"WATERFORD","MCODE":721,"ESN":300,"ZIP":"05819","PARCELNUM":"513.","GPSX":-71.93328051,"GPSY":44.42594401,"MAPYEAR":"Thu, 01 Jan 1998 00:00:00 GMT","UPDATEDATE":"Fri, 27 Jan 2023 21:23:00 GMT","STATE":"VT","FIPS8":5005,"SPAN":"699-222-10347","SUBTYPE":null,"GlobalID_1":"0ac4fc43-bcac-4486-8275-68ce36af40e9","UNITCOUNT":1,"PRIMARYADD1":"271 WALSH RD WATERFORD","PRIMARYADD2":"271 WALSH RD WATERFORD VT 05819","SITETYPE_MULTI1":null,"SITETYPE_MULTI2":null,"SITETYPE_MULTI3":null,"SITETYPE_MULTI4":null,"SITETYPE_MULTI5":null,"COUNTY":"CALEDONIA","COUNTRY":"US","SOURCEOFDATA":"Vermont Enhanced 911 Board","DRIVEWAYID":null,"ESZ":"00300","HOUSE_NUMBER":271,"HOUSE_NUMBERSUFFIX":null,"HOUSE_NUMBERPREFIX":null,"FIPS":"5005"}},
{"type":"Feature","id":167940,"geometry":{"type":"Point","coordinates":[-71.9528598318829,44.4257757029751]},"properties":{"OBJECTID":167940,"SEGMENTID":43501,"ESITEID":275398,"GEONAMEID":22321,"PD":" ","PT":"","SN":"VT ROUTE 18","ST":" ","SD":" ","PRIMARYNAME":"VT ROUTE 18","ALIAS1":null,"ALIAS2":"ROUTE 18","ALIAS3":null,"ALIAS4":null,"ALIAS5":"5\/12\/2015 7:33:13 PM","PRIMARYADDRESS":"361 VT ROUTE 18","SITETYPE":"SINGLE FAMILY DWELLING","TOWNNAME":"WATERFORD","MCODE":721,"ESN":300,"ZIP":"05819","PARCELNUM":"492.","GPSX":-71.95285881,"GPSY":44.42576667,"MAPYEAR":"Thu, 01 Jan 1998 00:00:00 GMT","UPDATEDATE":"Thu, 14 Sep 2023 13:35:24 GMT","STATE":"VT","FIPS8":5005,"SPAN":"699-222-10256","SUBTYPE":null,"GlobalID_1":"af6b4f3f-3169-48dc-8c1a-f511056d2720","UNITCOUNT":1,"PRIMARYADD1":"361 VT ROUTE 18 WATERFORD","PRIMARYADD2":"361 VT ROUTE 18 WATERFORD VT 05819","SITETYPE_MULTI1":null,"SITETYPE_MULTI2":null,"SITETYPE_MULTI3":null,"SITETYPE_MULTI4":null,"SITETYPE_MULTI5":null,"COUNTY":"CALEDONIA","COUNTRY":"US","SOURCEOFDATA":"Vermont Enhanced 911 Board","DRIVEWAYID":null,"ESZ":"00300","HOUSE_NUMBER":361,"HOUSE_NUMBERSUFFIX":null,"HOUSE_NUMBERPREFIX":null,"FIPS":"5005"}},
{"type":"Feature","id":240809,"geometry":{"type":"Point","coordinates":[-71.9164523359528,44.4246696986606]},"properties":{"OBJECTID":240809,"SEGMENTID":13714,"ESITEID":275399,"GEONAMEID":22309,"PD":" ","PT":" ","SN":"CROSS","ST":"RD","SD":" ","PRIMARYNAME":"CROSS RD","ALIAS1":null,"ALIAS2":null,"ALIAS3":null,"ALIAS4":null,"ALIAS5":"8\/12\/2015 8:04:22 AM","PRIMARYADDRESS":"1237 CROSS RD","SITETYPE":"SINGLE FAMILY DWELLING","TOWNNAME":"WATERFORD","MCODE":721,"ESN":300,"ZIP":"05824","PARCELNUM":"951.","GPSX":-71.91645133,"GPSY":44.42466067,"MAPYEAR":"Thu, 01 Jan 1998 00:00:00 GMT","UPDATEDATE":"Tue, 05 Sep 2023 16:10:19 GMT","STATE":"VT","FIPS8":5005,"SPAN":"699-222-10343","SUBTYPE":null,"GlobalID_1":"5f567d46-ca08-4600-9d2c-83d5ea831e32","UNITCOUNT":1,"PRIMARYADD1":"1237 CROSS RD WATERFORD","PRIMARYADD2":"1237 CROSS RD WATERFORD VT 05824","SITETYPE_MULTI1":null,"SITETYPE_MULTI2":null,"SITETYPE_MULTI3":null,"SITETYPE_MULTI4":null,"SITETYPE_MULTI5":null,"COUNTY":"CALEDONIA","COUNTRY":"US","SOURCEOFDATA":"Vermont Enhanced 911 Board","DRIVEWAYID":null,"ESZ":"00300","HOUSE_NUMBER":1237,"HOUSE_NUMBERSUFFIX":null,"HOUSE_NUMBERPREFIX":null,"FIPS":"5005"}},
{"type":"Feature","id":12414,"geometry":{"type":"Point","coordinates":[-71.9329996661919,44.4242491380717]},"properties":{"OBJECTID":12414,"SEGMENTID":9747,"ESITEID":275400,"GEONAMEID":22305,"PD":" ","PT":" ","SN":"WALSH","ST":"RD","SD":" ","PRIMARYNAME":"WALSH RD","ALIAS1":null,"ALIAS2":null,"ALIAS3":null,"ALIAS4":null,"ALIAS5":"5\/12\/2015 7:29:44 PM","PRIMARYADDRESS":"158 WALSH RD","SITETYPE":"SINGLE FAMILY DWELLING","TOWNNAME":"WATERFORD","MCODE":721,"ESN":300,"ZIP":"05819","PARCELNUM":"782.","GPSX":-71.93299865,"GPSY":44.42424011,"MAPYEAR":"Thu, 01 Jan 1998 00:00:00 GMT","UPDATEDATE":"Fri, 27 Jan 2023 21:23:00 GMT","STATE":"VT","FIPS8":5005,"SPAN":"699-222-10626","SUBTYPE":null,"GlobalID_1":"3aea518e-6d00-4f98-af81-fb2b1df827a5","UNITCOUNT":1,"PRIMARYADD1":"158 WALSH RD WATERFORD","PRIMARYADD2":"158 WALSH RD WATERFORD VT 05819","SITETYPE_MULTI1":null,"SITETYPE_MULTI2":null,"SITETYPE_MULTI3":null,"SITETYPE_MULTI4":null,"SITETYPE_MULTI5":null,"COUNTY":"CALEDONIA","COUNTRY":"US","SOURCEOFDATA":"Vermont Enhanced 911 Board","DRIVEWAYID":null,"ESZ":"00300","HOUSE_NUMBER":158,"HOUSE_NUMBERSUFFIX":null,"HOUSE_NUMBERPREFIX":null,"FIPS":"5005"}},
{"type":"Feature","id":162536,"geometry":{"type":"Point","coordinates":[-71.9529352821149,44.4233107219925]},"properties":{"OBJECTID":162536,"SEGMENTID":43501,"ESITEID":275402,"GEONAMEID":22321,"PD":" ","PT":"","SN":"VT ROUTE 18","ST":" ","SD":" ","PRIMARYNAME":"VT ROUTE 18","ALIAS1":null,"ALIAS2":"ROUTE 18","ALIAS3":null,"ALIAS4":null,"ALIAS5":"5\/12\/2015 7:33:33 PM","PRIMARYADDRESS":"386 VT ROUTE 18","SITETYPE":"SINGLE FAMILY DWELLING","TOWNNAME":"WATERFORD","MCODE":721,"ESN":300,"ZIP":"05819","PARCELNUM":"887.","GPSX":-71.95293426,"GPSY":44.42330169,"MAPYEAR":"Thu, 01 Jan 1998 00:00:00 GMT","UPDATEDATE":"Sat, 28 Jan 2023 00:00:07 GMT","STATE":"VT","FIPS8":5005,"SPAN":"699-222-10758","SUBTYPE":null,"GlobalID_1":"b8abf43f-b8f9-4c1c-bec4-9ac1a906cd7f","UNITCOUNT":1,"PRIMARYADD1":"386 VT ROUTE 18 WATERFORD","PRIMARYADD2":"386 VT ROUTE 18 WATERFORD VT 05819","SITETYPE_MULTI1":null,"SITETYPE_MULTI2":null,"SITETYPE_MULTI3":null,"SITETYPE_MULTI4":null,"SITETYPE_MULTI5":null,"COUNTY":"CALEDONIA","COUNTRY":"US","SOURCEOFDATA":"Vermont Enhanced 911 Board","DRIVEWAYID":null,"ESZ":"00300","HOUSE_NUMBER":386,"HOUSE_NUMBERSUFFIX":null,"HOUSE_NUMBERPREFIX":null,"FIPS":"5005"}},
{"type":"Feature","id":172924,"geometry":{"type":"Point","coordinates":[-71.9479039323568,44.4233112797838]},"properties":{"OBJECTID":172924,"SEGMENTID":21056,"ESITEID":275403,"GEONAMEID":22321,"PD":" ","PT":"","SN":"VT ROUTE 18","ST":" ","SD":" ","PRIMARYNAME":"VT ROUTE 18","ALIAS1":null,"ALIAS2":"ROUTE 18","ALIAS3":null,"ALIAS4":null,"ALIAS5":"5\/12\/2015 7:33:16 PM","PRIMARYADDRESS":"649 VT ROUTE 18","SITETYPE":"CEMETERY","TOWNNAME":"WATERFORD","MCODE":721,"ESN":300,"ZIP":"05819","PARCELNUM":"803.1","GPSX":-71.94790292,"GPSY":44.42330226,"MAPYEAR":"Thu, 01 Jan 1998 00:00:00 GMT","UPDATEDATE":"Wed, 29 Jan 2025 21:15:14 GMT","STATE":"VT","FIPS8":5005,"SPAN":"699-222-10666","SUBTYPE":null,"GlobalID_1":"ddefdf38-4ccf-40fe-88ee-22586f398512","UNITCOUNT":1,"PRIMARYADD1":"649 VT ROUTE 18 WATERFORD","PRIMARYADD2":"649 VT ROUTE 18 WATERFORD VT 05819","SITETYPE_MULTI1":null,"SITETYPE_MULTI2":null,"SITETYPE_MULTI3":null,"SITETYPE_MULTI4":null,"SITETYPE_MULTI5":null,"COUNTY":"CALEDONIA","COUNTRY":"US","SOURCEOFDATA":"Vermont Enhanced 911 Board","DRIVEWAYID":null,"ESZ":"00300","HOUSE_NUMBER":649,"HOUSE_NUMBERSUFFIX":null,"HOUSE_NUMBERPREFIX":null,"FIPS":"5005"}},
{"type":"Feature","id":338741,"geometry":{"type":"Point","coordinates":[-71.9327787376641,44.4230710545707]},"properties":{"OBJECTID":338741,"SEGMENTID":9747,"ESITEID":275404,"GEONAMEID":22305,"PD":" ","PT":" ","SN":"WALSH","ST":"RD","SD":" ","PRIMARYNAME":"WALSH RD","ALIAS1":null,"ALIAS2":null,"ALIAS3":null,"ALIAS4":null,"ALIAS5":"5\/12\/2015 7:29:44 PM","PRIMARYADDRESS":"98 WALSH RD","SITETYPE":"SINGLE FAMILY DWELLING","TOWNNAME":"WATERFORD","MCODE":721,"ESN":300,"ZIP":"05819","PARCELNUM":"067.","GPSX":-71.93277772,"GPSY":44.42306202,"MAPYEAR":"Thu, 01 Jan 1998 00:00:00 GMT","UPDATEDATE":"Fri, 27 Jan 2023 21:23:00 GMT","STATE":"VT","FIPS8":5005,"SPAN":"699-222-10034","SUBTYPE":null,"GlobalID_1":"b6edf415-ed46-403a-afbd-ae9a80ffb461","UNITCOUNT":1,"PRIMARYADD1":"98 WALSH RD WATERFORD","PRIMARYADD2":"98 WALSH RD WATERFORD VT 05819","SITETYPE_MULTI1":null,"SITETYPE_MULTI2":null,"SITETYPE_MULTI3":null,"SITETYPE_MULTI4":null,"SITETYPE_MULTI5":null,"COUNTY":"CALEDONIA","COUNTRY":"US","SOURCEOFDATA":"Vermont Enhanced 911 Board","DRIVEWAYID":null,"ESZ":"00300","HOUSE_NUMBER":98,"HOUSE_NUMBERSUFFIX":null,"HOUSE_NUMBERPREFIX":null,"FIPS":"5005"}},
{"type":"Feature","id":92519,"geometry":{"type":"Point","coordinates":[-71.9477560390593,44.422690180624]},"properties":{"OBJECTID":92519,"SEGMENTID":254573,"ESITEID":275406,"GEONAMEID":22308,"PD":" ","PT":" ","SN":"LEE FARM","ST":"RD","SD":" ","PRIMARYNAME":"LEE FARM RD","ALIAS1":null,"ALIAS2":null,"ALIAS3":null,"ALIAS4":null,"ALIAS5":"11\/21\/2017 12:26:35 PM","PRIMARYADDRESS":"31 LEE FARM RD","SITETYPE":"WATER TANK","TOWNNAME":"WATERFORD","MCODE":721,"ESN":300,"ZIP":"05819","PARCELNUM":"803.1","GPSX":-71.94775502,"GPSY":44.42268116,"MAPYEAR":"Thu, 01 Jan 1998 00:00:00 GMT","UPDATEDATE":"Fri, 27 Jan 2023 21:23:01 GMT","STATE":"VT","FIPS8":5005,"SPAN":"699-222-10666","SUBTYPE":null,"GlobalID_1":"47867d3f-a58c-4f98-9af8-be8c68891dcf","UNITCOUNT":1,"PRIMARYADD1":"31 LEE FARM RD WATERFORD","PRIMARYADD2":"31 LEE FARM RD WATERFORD VT 05819","SITETYPE_MULTI1":null,"SITETYPE_MULTI2":null,"SITETYPE_MULTI3":null,"SITETYPE_MULTI4":null,"SITETYPE_MULTI5":null,"COUNTY":"CALEDONIA","COUNTRY":"US","SOURCEOFDATA":"Vermont Enhanced 911 Board","DRIVEWAYID":null,"ESZ":"00300","HOUSE_NUMBER":31,"HOUSE_NUMBERSUFFIX":null,"HOUSE_NUMBERPREFIX":null,"FIPS":"5005"}},
{"type":"Feature","id":86568,"geometry":{"type":"Point","coordinates":[-71.9344660979909,44.4224212150625]},"properties":{"OBJECTID":86568,"SEGMENTID":9747,"ESITEID":275407,"GEONAMEID":22305,"PD":" ","PT":" ","SN":"WALSH","ST":"RD","SD":" ","PRIMARYNAME":"WALSH RD","ALIAS1":null,"ALIAS2":null,"ALIAS3":null,"ALIAS4":null,"ALIAS5":"5\/12\/2015 7:29:44 PM","PRIMARYADDRESS":"29 WALSH RD","SITETYPE":"SINGLE FAMILY DWELLING","TOWNNAME":"WATERFORD","MCODE":721,"ESN":300,"ZIP":"05819","PARCELNUM":"056.","GPSX":-71.93446508,"GPSY":44.42241219,"MAPYEAR":"Thu, 01 Jan 1998 00:00:00 GMT","UPDATEDATE":"Fri, 27 Jan 2023 21:23:00 GMT","STATE":"VT","FIPS8":5005,"SPAN":"699-222-10047","SUBTYPE":null,"GlobalID_1":"6acb11cc-71c6-4be5-b60b-3f8d5808e8e6","UNITCOUNT":1,"PRIMARYADD1":"29 WALSH RD WATERFORD","PRIMARYADD2":"29 WALSH RD WATERFORD VT 05819","SITETYPE_MULTI1":null,"SITETYPE_MULTI2":null,"SITETYPE_MULTI3":null,"SITETYPE_MULTI4":null,"SITETYPE_MULTI5":null,"COUNTY":"CALEDONIA","COUNTRY":"US","SOURCEOFDATA":"Vermont Enhanced 911 Board","DRIVEWAYID":null,"ESZ":"00300","HOUSE_NUMBER":29,"HOUSE_NUMBERSUFFIX":null,"HOUSE_NUMBERPREFIX":null,"FIPS":"5005"}},
{"type":"Feature","id":212591,"geometry":{"type":"Point","coordinates":[-71.918632146093,44.4223638710909]},"properties":{"OBJECTID":212591,"SEGMENTID":13714,"ESITEID":275408,"GEONAMEID":22309,"PD":" ","PT":" ","SN":"CROSS","ST":"RD","SD":" ","PRIMARYNAME":"CROSS RD","ALIAS1":null,"ALIAS2":null,"ALIAS3":null,"ALIAS4":null,"ALIAS5":"9\/8\/2017 11:53:19 AM","PRIMARYADDRESS":"1027 CROSS RD","SITETYPE":"SINGLE FAMILY DWELLING","TOWNNAME":"WATERFORD","MCODE":721,"ESN":300,"ZIP":"05824","PARCELNUM":"659.","GPSX":-71.91863114,"GPSY":44.42235485,"MAPYEAR":"Thu, 01 Jan 1998 00:00:00 GMT","UPDATEDATE":"Tue, 05 Sep 2023 16:10:19 GMT","STATE":"VT","FIPS8":5005,"SPAN":"699-222-10487","SUBTYPE":null,"GlobalID_1":"525742af-01f7-4da2-8989-57540f7f346a","UNITCOUNT":1,"PRIMARYADD1":"1027 CROSS RD WATERFORD","PRIMARYADD2":"1027 CROSS RD WATERFORD VT 05824","SITETYPE_MULTI1":null,"SITETYPE_MULTI2":null,"SITETYPE_MULTI3":null,"SITETYPE_MULTI4":null,"SITETYPE_MULTI5":null,"COUNTY":"CALEDONIA","COUNTRY":"US","SOURCEOFDATA":"Vermont Enhanced 911 Board","DRIVEWAYID":null,"ESZ":"00300","HOUSE_NUMBER":1027,"HOUSE_NUMBERSUFFIX":null,"HOUSE_NUMBERPREFIX":null,"FIPS":"5005"}},
{"type":"Feature","id":12613,"geometry":{"type":"Point","coordinates":[-71.9502407747697,44.4223372478436]},"properties":{"OBJECTID":12613,"SEGMENTID":254573,"ESITEID":275409,"GEONAMEID":22308,"PD":" ","PT":" ","SN":"LEE FARM","ST":"RD","SD":" ","PRIMARYNAME":"LEE FARM RD","ALIAS1":null,"ALIAS2":null,"ALIAS3":null,"ALIAS4":null,"ALIAS5":"11\/21\/2017 12:24:53 PM","PRIMARYADDRESS":"110 LEE FARM RD","SITETYPE":"SINGLE FAMILY DWELLING","TOWNNAME":"WATERFORD","MCODE":721,"ESN":300,"ZIP":"05819","PARCELNUM":"611.","GPSX":-71.95023976,"GPSY":44.42232822,"MAPYEAR":"Thu, 01 Jan 1998 00:00:00 GMT","UPDATEDATE":"Fri, 27 Jan 2023 21:23:01 GMT","STATE":"VT","FIPS8":5005,"SPAN":"699-222-10437","SUBTYPE":null,"GlobalID_1":"a7da5691-3b2f-42a8-9cce-d0265002eebd","UNITCOUNT":1,"PRIMARYADD1":"110 LEE FARM RD WATERFORD","PRIMARYADD2":"110 LEE FARM RD WATERFORD VT 05819","SITETYPE_MULTI1":null,"SITETYPE_MULTI2":null,"SITETYPE_MULTI3":null,"SITETYPE_MULTI4":null,"SITETYPE_MULTI5":null,"COUNTY":"CALEDONIA","COUNTRY":"US","SOURCEOFDATA":"Vermont Enhanced 911 Board","DRIVEWAYID":null,"ESZ":"00300","HOUSE_NUMBER":110,"HOUSE_NUMBERSUFFIX":null,"HOUSE_NUMBERPREFIX":null,"FIPS":"5005"}},
{"type":"Feature","id":91618,"geometry":{"type":"Point","coordinates":[-71.9500142951626,44.4218598578982]},"properties":{"OBJECTID":91618,"SEGMENTID":254573,"ESITEID":275410,"GEONAMEID":22308,"PD":" ","PT":" ","SN":"LEE FARM","ST":"RD","SD":" ","PRIMARYNAME":"LEE FARM RD","ALIAS1":null,"ALIAS2":null,"ALIAS3":null,"ALIAS4":null,"ALIAS5":"11\/21\/2017 12:25:00 PM","PRIMARYADDRESS":"131 LEE FARM RD","SITETYPE":"SINGLE FAMILY DWELLING","TOWNNAME":"WATERFORD","MCODE":721,"ESN":300,"ZIP":"05819","PARCELNUM":"611.","GPSX":-71.95001328,"GPSY":44.42185083,"MAPYEAR":"Thu, 01 Jan 1998 00:00:00 GMT","UPDATEDATE":"Fri, 27 Jan 2023 21:23:01 GMT","STATE":"VT","FIPS8":5005,"SPAN":"699-222-10437","SUBTYPE":null,"GlobalID_1":"c37dddf3-f1e5-4d39-a493-af346bcd855f","UNITCOUNT":1,"PRIMARYADD1":"131 LEE FARM RD WATERFORD","PRIMARYADD2":"131 LEE FARM RD WATERFORD VT 05819","SITETYPE_MULTI1":null,"SITETYPE_MULTI2":null,"SITETYPE_MULTI3":null,"SITETYPE_MULTI4":null,"SITETYPE_MULTI5":null,"COUNTY":"CALEDONIA","COUNTRY":"US","SOURCEOFDATA":"Vermont Enhanced 911 Board","DRIVEWAYID":null,"ESZ":"00300","HOUSE_NUMBER":131,"HOUSE_NUMBERSUFFIX":null,"HOUSE_NUMBERPREFIX":null,"FIPS":"5005"}},
{"type":"Feature","id":268890,"geometry":{"type":"Point","coordinates":[-71.9321833209053,44.421189748809]},"properties":{"OBJECTID":268890,"SEGMENTID":58211,"ESITEID":275411,"GEONAMEID":22306,"PD":" ","PT":" ","SN":"HUDSON","ST":"RD","SD":" ","PRIMARYNAME":"HUDSON RD","ALIAS1":null,"ALIAS2":null,"ALIAS3":null,"ALIAS4":null,"ALIAS5":"5\/12\/2015 7:29:44 PM","PRIMARYADDRESS":"511 HUDSON RD","SITETYPE":"SINGLE FAMILY DWELLING","TOWNNAME":"WATERFORD","MCODE":721,"ESN":300,"ZIP":"05819","PARCELNUM":"684.","GPSX":-71.93218231,"GPSY":44.42118072,"MAPYEAR":"Thu, 01 Jan 1998 00:00:00 GMT","UPDATEDATE":"Fri, 27 Jan 2023 21:23:00 GMT","STATE":"VT","FIPS8":5005,"SPAN":"699-222-10745","SUBTYPE":null,"GlobalID_1":"c4dfcf27-cd30-45b1-9825-0edf7d187c56","UNITCOUNT":1,"PRIMARYADD1":"511 HUDSON RD WATERFORD","PRIMARYADD2":"511 HUDSON RD WATERFORD VT 05819","SITETYPE_MULTI1":null,"SITETYPE_MULTI2":null,"SITETYPE_MULTI3":null,"SITETYPE_MULTI4":null,"SITETYPE_MULTI5":null,"COUNTY":"CALEDONIA","COUNTRY":"US","SOURCEOFDATA":"Vermont Enhanced 911 Board","DRIVEWAYID":null,"ESZ":"00300","HOUSE_NUMBER":511,"HOUSE_NUMBERSUFFIX":null,"HOUSE_NUMBERPREFIX":null,"FIPS":"5005"}},
{"type":"Feature","id":35778,"geometry":{"type":"Point","coordinates":[-71.9316721522894,44.4208807581246]},"properties":{"OBJECTID":35778,"SEGMENTID":58211,"ESITEID":275412,"GEONAMEID":22306,"PD":" ","PT":" ","SN":"HUDSON","ST":"RD","SD":" ","PRIMARYNAME":"HUDSON RD","ALIAS1":null,"ALIAS2":null,"ALIAS3":null,"ALIAS4":null,"ALIAS5":"5\/12\/2015 7:29:44 PM","PRIMARYADDRESS":"549 HUDSON RD","SITETYPE":"SINGLE FAMILY DWELLING","TOWNNAME":"WATERFORD","MCODE":721,"ESN":300,"ZIP":"05819","PARCELNUM":"950.","GPSX":-71.93167114,"GPSY":44.42087173,"MAPYEAR":"Thu, 01 Jan 1998 00:00:00 GMT","UPDATEDATE":"Fri, 27 Jan 2023 21:23:00 GMT","STATE":"VT","FIPS8":5005,"SPAN":"699-222-10345","SUBTYPE":null,"GlobalID_1":"d35b9f6e-d26e-4cfb-96b5-d321a0b4209e","UNITCOUNT":1,"PRIMARYADD1":"549 HUDSON RD WATERFORD","PRIMARYADD2":"549 HUDSON RD WATERFORD VT 05819","SITETYPE_MULTI1":null,"SITETYPE_MULTI2":null,"SITETYPE_MULTI3":null,"SITETYPE_MULTI4":null,"SITETYPE_MULTI5":null,"COUNTY":"CALEDONIA","COUNTRY":"US","SOURCEOFDATA":"Vermont Enhanced 911 Board","DRIVEWAYID":null,"ESZ":"00300","HOUSE_NUMBER":549,"HOUSE_NUMBERSUFFIX":null,"HOUSE_NUMBERPREFIX":null,"FIPS":"5005"}},
{"type":"Feature","id":335020,"geometry":{"type":"Point","coordinates":[-71.919762661923,44.4203314428819]},"properties":{"OBJECTID":335020,"SEGMENTID":13714,"ESITEID":275413,"GEONAMEID":22309,"PD":" ","PT":" ","SN":"CROSS","ST":"RD","SD":" ","PRIMARYNAME":"CROSS RD","ALIAS1":null,"ALIAS2":null,"ALIAS3":null,"ALIAS4":null,"ALIAS5":"5\/12\/2015 7:29:44 PM","PRIMARYADDRESS":"928 CROSS RD","SITETYPE":"SINGLE FAMILY DWELLING","TOWNNAME":"WATERFORD","MCODE":721,"ESN":300,"ZIP":"05824","PARCELNUM":"740.","GPSX":-71.91976165,"GPSY":44.42032241,"MAPYEAR":"Thu, 01 Jan 1998 00:00:00 GMT","UPDATEDATE":"Tue, 05 Sep 2023 16:10:19 GMT","STATE":"VT","FIPS8":5005,"SPAN":"699-222-10695","SUBTYPE":null,"GlobalID_1":"ffa95af5-a974-4bdc-8c5d-9dcbba81be1b","UNITCOUNT":1,"PRIMARYADD1":"928 CROSS RD WATERFORD","PRIMARYADD2":"928 CROSS RD WATERFORD VT 05824","SITETYPE_MULTI1":null,"SITETYPE_MULTI2":null,"SITETYPE_MULTI3":null,"SITETYPE_MULTI4":null,"SITETYPE_MULTI5":null,"COUNTY":"CALEDONIA","COUNTRY":"US","SOURCEOFDATA":"Vermont Enhanced 911 Board","DRIVEWAYID":null,"ESZ":"00300","HOUSE_NUMBER":928,"HOUSE_NUMBERSUFFIX":null,"HOUSE_NUMBERPREFIX":null,"FIPS":"5005"}},
{"type":"Feature","id":193099,"geometry":{"type":"Point","coordinates":[-71.9172502368515,44.4193657537189]},"properties":{"OBJECTID":193099,"SEGMENTID":2227,"ESITEID":275414,"GEONAMEID":22306,"PD":" ","PT":" ","SN":"HUDSON","ST":"RD","SD":" ","PRIMARYNAME":"HUDSON RD","ALIAS1":null,"ALIAS2":null,"ALIAS3":null,"ALIAS4":null,"ALIAS5":"1\/23\/2019 2:28:44 PM","PRIMARYADDRESS":"1317 HUDSON RD","SITETYPE":"SINGLE FAMILY DWELLING","TOWNNAME":"WATERFORD","MCODE":721,"ESN":300,"ZIP":"05824","PARCELNUM":"559.","GPSX":-71.91724923,"GPSY":44.41935673,"MAPYEAR":"Thu, 01 Jan 1998 00:00:00 GMT","UPDATEDATE":"Tue, 05 Sep 2023 16:10:20 GMT","STATE":"VT","FIPS8":5005,"SPAN":"699-222-10637","SUBTYPE":null,"GlobalID_1":"61004484-89c1-411f-a686-dee7615b1a66","UNITCOUNT":1,"PRIMARYADD1":"1317 HUDSON RD WATERFORD","PRIMARYADD2":"1317 HUDSON RD WATERFORD VT 05824","SITETYPE_MULTI1":null,"SITETYPE_MULTI2":null,"SITETYPE_MULTI3":null,"SITETYPE_MULTI4":null,"SITETYPE_MULTI5":null,"COUNTY":"CALEDONIA","COUNTRY":"US","SOURCEOFDATA":"Vermont Enhanced 911 Board","DRIVEWAYID":null,"ESZ":"00300","HOUSE_NUMBER":1317,"HOUSE_NUMBERSUFFIX":null,"HOUSE_NUMBERPREFIX":null,"FIPS":"5005"}},
{"type":"Feature","id":334337,"geometry":{"type":"Point","coordinates":[-71.9297029399457,44.4194104379889]},"properties":{"OBJECTID":334337,"SEGMENTID":58211,"ESITEID":275415,"GEONAMEID":22306,"PD":" ","PT":" ","SN":"HUDSON","ST":"RD","SD":" ","PRIMARYNAME":"HUDSON RD","ALIAS1":null,"ALIAS2":null,"ALIAS3":null,"ALIAS4":null,"ALIAS5":"12\/28\/2018 9:33:35 AM","PRIMARYADDRESS":"693 HUDSON RD","SITETYPE":"SINGLE FAMILY DWELLING","TOWNNAME":"WATERFORD","MCODE":721,"ESN":300,"ZIP":"05819","PARCELNUM":"015.","GPSX":-71.92970193,"GPSY":44.41940141,"MAPYEAR":"Thu, 01 Jan 1998 00:00:00 GMT","UPDATEDATE":"Fri, 27 Jan 2023 21:23:00 GMT","STATE":"VT","FIPS8":5005,"SPAN":"699-222-10018","SUBTYPE":null,"GlobalID_1":"2ee15a06-91af-4123-af1a-28f70c358ecf","UNITCOUNT":1,"PRIMARYADD1":"693 HUDSON RD WATERFORD","PRIMARYADD2":"693 HUDSON RD WATERFORD VT 05819","SITETYPE_MULTI1":null,"SITETYPE_MULTI2":null,"SITETYPE_MULTI3":null,"SITETYPE_MULTI4":null,"SITETYPE_MULTI5":null,"COUNTY":"CALEDONIA","COUNTRY":"US","SOURCEOFDATA":"Vermont Enhanced 911 Board","DRIVEWAYID":null,"ESZ":"00300","HOUSE_NUMBER":693,"HOUSE_NUMBERSUFFIX":null,"HOUSE_NUMBERPREFIX":null,"FIPS":"5005"}},
{"type":"Feature","id":202117,"geometry":{"type":"Point","coordinates":[-71.9243807750501,44.4188260890477]},"properties":{"OBJECTID":202117,"SEGMENTID":58211,"ESITEID":275416,"GEONAMEID":22306,"PD":" ","PT":" ","SN":"HUDSON","ST":"RD","SD":" ","PRIMARYNAME":"HUDSON RD","ALIAS1":null,"ALIAS2":null,"ALIAS3":null,"ALIAS4":null,"ALIAS5":"5\/18\/2018 10:19:40 AM","PRIMARYADDRESS":"968 HUDSON RD","SITETYPE":"MOBILE HOME","TOWNNAME":"WATERFORD","MCODE":721,"ESN":300,"ZIP":"05824","PARCELNUM":"669.","GPSX":-71.92437977,"GPSY":44.41881706,"MAPYEAR":"Thu, 01 Jan 1998 00:00:00 GMT","UPDATEDATE":"Tue, 05 Sep 2023 16:10:20 GMT","STATE":"VT","FIPS8":5005,"SPAN":"699-222-10503","SUBTYPE":null,"GlobalID_1":"b2828486-efbf-4b5c-a70c-3e01d960090e","UNITCOUNT":1,"PRIMARYADD1":"968 HUDSON RD WATERFORD","PRIMARYADD2":"968 HUDSON RD WATERFORD VT 05824","SITETYPE_MULTI1":null,"SITETYPE_MULTI2":null,"SITETYPE_MULTI3":null,"SITETYPE_MULTI4":null,"SITETYPE_MULTI5":null,"COUNTY":"CALEDONIA","COUNTRY":"US","SOURCEOFDATA":"Vermont Enhanced 911 Board","DRIVEWAYID":null,"ESZ":"00300","HOUSE_NUMBER":968,"HOUSE_NUMBERSUFFIX":null,"HOUSE_NUMBERPREFIX":null,"FIPS":"5005"}},
{"type":"Feature","id":36956,"geometry":{"type":"Point","coordinates":[-71.9230464893679,44.4186986360002]},"properties":{"OBJECTID":36956,"SEGMENTID":58583,"ESITEID":275417,"GEONAMEID":22309,"PD":" ","PT":" ","SN":"CROSS","ST":"RD","SD":" ","PRIMARYNAME":"CROSS RD  ","ALIAS1":null,"ALIAS2":null,"ALIAS3":null,"ALIAS4":null,"ALIAS5":"5\/18\/2018 10:19:48 AM","PRIMARYADDRESS":"701 CROSS RD","SITETYPE":"SINGLE FAMILY DWELLING","TOWNNAME":"WATERFORD","MCODE":721,"ESN":300,"ZIP":"05819","PARCELNUM":"477.","GPSX":-71.92304548,"GPSY":44.41868961,"MAPYEAR":"Thu, 01 Jan 1998 00:00:00 GMT","UPDATEDATE":"Fri, 27 Jan 2023 21:23:01 GMT","STATE":"VT","FIPS8":5005,"SPAN":"699-222-10305","SUBTYPE":null,"GlobalID_1":"1e3118c4-ebbf-4737-bd1d-26cc06301e77","UNITCOUNT":1,"PRIMARYADD1":"701 CROSS RD WATERFORD","PRIMARYADD2":"701 CROSS RD WATERFORD VT 05819","SITETYPE_MULTI1":null,"SITETYPE_MULTI2":null,"SITETYPE_MULTI3":null,"SITETYPE_MULTI4":null,"SITETYPE_MULTI5":null,"COUNTY":"CALEDONIA","COUNTRY":"US","SOURCEOFDATA":"Vermont Enhanced 911 Board","DRIVEWAYID":null,"ESZ":"00300","HOUSE_NUMBER":701,"HOUSE_NUMBERSUFFIX":null,"HOUSE_NUMBERPREFIX":null,"FIPS":"5005"}},
{"type":"Feature","id":266692,"geometry":{"type":"Point","coordinates":[-71.9106175617785,44.4167153932712]},"properties":{"OBJECTID":266692,"SEGMENTID":2227,"ESITEID":275418,"GEONAMEID":22306,"PD":" ","PT":" ","SN":"HUDSON","ST":"RD","SD":" ","PRIMARYNAME":"HUDSON RD","ALIAS1":null,"ALIAS2":null,"ALIAS3":null,"ALIAS4":null,"ALIAS5":"5\/12\/2015 7:29:44 PM","PRIMARYADDRESS":"1705 HUDSON RD","SITETYPE":"SINGLE FAMILY DWELLING","TOWNNAME":"WATERFORD","MCODE":721,"ESN":300,"ZIP":"05824","PARCELNUM":"265.","GPSX":-71.91061656,"GPSY":44.41670636,"MAPYEAR":"Thu, 01 Jan 1998 00:00:00 GMT","UPDATEDATE":"Tue, 05 Sep 2023 16:10:20 GMT","STATE":"VT","FIPS8":5005,"SPAN":"699-222-10077","SUBTYPE":null,"GlobalID_1":"b801320b-57b2-435d-9e05-6d8c6a2fed7a","UNITCOUNT":1,"PRIMARYADD1":"1705 HUDSON RD WATERFORD","PRIMARYADD2":"1705 HUDSON RD WATERFORD VT 05824","SITETYPE_MULTI1":null,"SITETYPE_MULTI2":null,"SITETYPE_MULTI3":null,"SITETYPE_MULTI4":null,"SITETYPE_MULTI5":null,"COUNTY":"CALEDONIA","COUNTRY":"US","SOURCEOFDATA":"Vermont Enhanced 911 Board","DRIVEWAYID":null,"ESZ":"00300","HOUSE_NUMBER":1705,"HOUSE_NUMBERSUFFIX":null,"HOUSE_NUMBERPREFIX":null,"FIPS":"5005"}},
{"type":"Feature","id":346274,"geometry":{"type":"Point","coordinates":[-71.9117670532618,44.4154982199066]},"properties":{"OBJECTID":346274,"SEGMENTID":2227,"ESITEID":275419,"GEONAMEID":22306,"PD":" ","PT":" ","SN":"HUDSON","ST":"RD","SD":" ","PRIMARYNAME":"HUDSON RD","ALIAS1":null,"ALIAS2":null,"ALIAS3":null,"ALIAS4":null,"ALIAS5":"5\/12\/2015 7:29:44 PM","PRIMARYADDRESS":"1690 HUDSON RD","SITETYPE":"SINGLE FAMILY DWELLING","TOWNNAME":"WATERFORD","MCODE":721,"ESN":300,"ZIP":"05824","PARCELNUM":"341.","GPSX":-71.91176605,"GPSY":44.41548919,"MAPYEAR":"Thu, 01 Jan 1998 00:00:00 GMT","UPDATEDATE":"Tue, 05 Sep 2023 16:10:20 GMT","STATE":"VT","FIPS8":5005,"SPAN":"699-222-10222","SUBTYPE":null,"GlobalID_1":"cc2f5617-bb7a-4cdc-9e0c-ea5584c0883b","UNITCOUNT":1,"PRIMARYADD1":"1690 HUDSON RD WATERFORD","PRIMARYADD2":"1690 HUDSON RD WATERFORD VT 05824","SITETYPE_MULTI1":null,"SITETYPE_MULTI2":null,"SITETYPE_MULTI3":null,"SITETYPE_MULTI4":null,"SITETYPE_MULTI5":null,"COUNTY":"CALEDONIA","COUNTRY":"US","SOURCEOFDATA":"Vermont Enhanced 911 Board","DRIVEWAYID":null,"ESZ":"00300","HOUSE_NUMBER":1690,"HOUSE_NUMBERSUFFIX":null,"HOUSE_NUMBERPREFIX":null,"FIPS":"5005"}},
{"type":"Feature","id":165804,"geometry":{"type":"Point","coordinates":[-71.9101349078556,44.4157509420717]},"properties":{"OBJECTID":165804,"SEGMENTID":2227,"ESITEID":275420,"GEONAMEID":22306,"PD":" ","PT":" ","SN":"HUDSON","ST":"RD","SD":" ","PRIMARYNAME":"HUDSON RD","ALIAS1":null,"ALIAS2":null,"ALIAS3":null,"ALIAS4":null,"ALIAS5":"5\/12\/2015 7:29:44 PM","PRIMARYADDRESS":"1756 HUDSON RD","SITETYPE":"SINGLE FAMILY DWELLING","TOWNNAME":"WATERFORD","MCODE":721,"ESN":300,"ZIP":"05824","PARCELNUM":"626.","GPSX":-71.9101339,"GPSY":44.41574191,"MAPYEAR":"Thu, 01 Jan 1998 00:00:00 GMT","UPDATEDATE":"Tue, 05 Sep 2023 16:10:20 GMT","STATE":"VT","FIPS8":5005,"SPAN":"699-222-10458","SUBTYPE":null,"GlobalID_1":"be6ce973-4fc2-421d-823f-93b863386abc","UNITCOUNT":1,"PRIMARYADD1":"1756 HUDSON RD WATERFORD","PRIMARYADD2":"1756 HUDSON RD WATERFORD VT 05824","SITETYPE_MULTI1":null,"SITETYPE_MULTI2":null,"SITETYPE_MULTI3":null,"SITETYPE_MULTI4":null,"SITETYPE_MULTI5":null,"COUNTY":"CALEDONIA","COUNTRY":"US","SOURCEOFDATA":"Vermont Enhanced 911 Board","DRIVEWAYID":null,"ESZ":"00300","HOUSE_NUMBER":1756,"HOUSE_NUMBERSUFFIX":null,"HOUSE_NUMBERPREFIX":null,"FIPS":"5005"}},
{"type":"Feature","id":309850,"geometry":{"type":"Point","coordinates":[-71.9074897692663,44.4152309437352]},"properties":{"OBJECTID":309850,"SEGMENTID":2227,"ESITEID":275421,"GEONAMEID":22306,"PD":" ","PT":" ","SN":"HUDSON","ST":"RD","SD":" ","PRIMARYNAME":"HUDSON RD","ALIAS1":null,"ALIAS2":null,"ALIAS3":null,"ALIAS4":null,"ALIAS5":"5\/12\/2015 7:29:44 PM","PRIMARYADDRESS":"1899 HUDSON RD","SITETYPE":"SINGLE FAMILY DWELLING","TOWNNAME":"WATERFORD","MCODE":721,"ESN":300,"ZIP":"05824","PARCELNUM":"276.","GPSX":-71.90748876,"GPSY":44.41522191,"MAPYEAR":"Thu, 01 Jan 1998 00:00:00 GMT","UPDATEDATE":"Tue, 05 Sep 2023 16:10:20 GMT","STATE":"VT","FIPS8":5005,"SPAN":"699-222-10082","SUBTYPE":null,"GlobalID_1":"644cdca7-248f-48d3-8050-d34b494ec735","UNITCOUNT":1,"PRIMARYADD1":"1899 HUDSON RD WATERFORD","PRIMARYADD2":"1899 HUDSON RD WATERFORD VT 05824","SITETYPE_MULTI1":null,"SITETYPE_MULTI2":null,"SITETYPE_MULTI3":null,"SITETYPE_MULTI4":null,"SITETYPE_MULTI5":null,"COUNTY":"CALEDONIA","COUNTRY":"US","SOURCEOFDATA":"Vermont Enhanced 911 Board","DRIVEWAYID":null,"ESZ":"00300","HOUSE_NUMBER":1899,"HOUSE_NUMBERSUFFIX":null,"HOUSE_NUMBERPREFIX":null,"FIPS":"5005"}},
{"type":"Feature","id":162500,"geometry":{"type":"Point","coordinates":[-71.9090586185605,44.4150328283296]},"properties":{"OBJECTID":162500,"SEGMENTID":2227,"ESITEID":275422,"GEONAMEID":22306,"PD":" ","PT":" ","SN":"HUDSON","ST":"RD","SD":" ","PRIMARYNAME":"HUDSON RD","ALIAS1":null,"ALIAS2":null,"ALIAS3":null,"ALIAS4":null,"ALIAS5":"5\/12\/2015 7:29:44 PM","PRIMARYADDRESS":"1822 HUDSON RD","SITETYPE":"SINGLE FAMILY DWELLING","TOWNNAME":"WATERFORD","MCODE":721,"ESN":300,"ZIP":"05824","PARCELNUM":"813.","GPSX":-71.90905761,"GPSY":44.4150238,"MAPYEAR":"Thu, 01 Jan 1998 00:00:00 GMT","UPDATEDATE":"Tue, 05 Sep 2023 16:10:20 GMT","STATE":"VT","FIPS8":5005,"SPAN":"699-222-10639","SUBTYPE":null,"GlobalID_1":"22250e2d-0927-4e8e-b994-3d69365a6d3b","UNITCOUNT":1,"PRIMARYADD1":"1822 HUDSON RD WATERFORD","PRIMARYADD2":"1822 HUDSON RD WATERFORD VT 05824","SITETYPE_MULTI1":null,"SITETYPE_MULTI2":null,"SITETYPE_MULTI3":null,"SITETYPE_MULTI4":null,"SITETYPE_MULTI5":null,"COUNTY":"CALEDONIA","COUNTRY":"US","SOURCEOFDATA":"Vermont Enhanced 911 Board","DRIVEWAYID":null,"ESZ":"00300","HOUSE_NUMBER":1822,"HOUSE_NUMBERSUFFIX":null,"HOUSE_NUMBERPREFIX":null,"FIPS":"5005"}},
{"type":"Feature","id":176166,"geometry":{"type":"Point","coordinates":[-71.9081535177068,44.4146418617674]},"properties":{"OBJECTID":176166,"SEGMENTID":2227,"ESITEID":275423,"GEONAMEID":22306,"PD":" ","PT":" ","SN":"HUDSON","ST":"RD","SD":" ","PRIMARYNAME":"HUDSON RD","ALIAS1":null,"ALIAS2":null,"ALIAS3":null,"ALIAS4":null,"ALIAS5":"9\/8\/2017 11:59:27 AM","PRIMARYADDRESS":"1864 HUDSON RD","SITETYPE":"MOBILE HOME","TOWNNAME":"WATERFORD","MCODE":721,"ESN":300,"ZIP":"05824","PARCELNUM":"295.","GPSX":-71.90815252,"GPSY":44.41463284,"MAPYEAR":"Thu, 01 Jan 1998 00:00:00 GMT","UPDATEDATE":"Tue, 05 Sep 2023 16:10:20 GMT","STATE":"VT","FIPS8":5005,"SPAN":"699-222-10599","SUBTYPE":null,"GlobalID_1":"5961f4fc-b7b9-45a6-8431-b11a889316b2","UNITCOUNT":1,"PRIMARYADD1":"1864 HUDSON RD WATERFORD","PRIMARYADD2":"1864 HUDSON RD WATERFORD VT 05824","SITETYPE_MULTI1":null,"SITETYPE_MULTI2":null,"SITETYPE_MULTI3":null,"SITETYPE_MULTI4":null,"SITETYPE_MULTI5":null,"COUNTY":"CALEDONIA","COUNTRY":"US","SOURCEOFDATA":"Vermont Enhanced 911 Board","DRIVEWAYID":null,"ESZ":"00300","HOUSE_NUMBER":1864,"HOUSE_NUMBERSUFFIX":null,"HOUSE_NUMBERPREFIX":null,"FIPS":"5005"}},
{"type":"Feature","id":257141,"geometry":{"type":"Point","coordinates":[-71.9074283517856,44.4142612792996]},"properties":{"OBJECTID":257141,"SEGMENTID":2227,"ESITEID":275424,"GEONAMEID":22306,"PD":" ","PT":" ","SN":"HUDSON","ST":"RD","SD":" ","PRIMARYNAME":"HUDSON RD","ALIAS1":null,"ALIAS2":null,"ALIAS3":null,"ALIAS4":null,"ALIAS5":"9\/8\/2017 11:59:19 AM","PRIMARYADDRESS":"1924 HUDSON RD","SITETYPE":"MOBILE HOME","TOWNNAME":"WATERFORD","MCODE":721,"ESN":300,"ZIP":"05824","PARCELNUM":"731.","GPSX":-71.90742735,"GPSY":44.41425226,"MAPYEAR":"Thu, 01 Jan 1998 00:00:00 GMT","UPDATEDATE":"Tue, 05 Sep 2023 16:10:20 GMT","STATE":"VT","FIPS8":5005,"SPAN":"699-222-10575","SUBTYPE":null,"GlobalID_1":"c0464829-82f3-4ff6-9cd5-4da2b1307cd7","UNITCOUNT":1,"PRIMARYADD1":"1924 HUDSON RD WATERFORD","PRIMARYADD2":"1924 HUDSON RD WATERFORD VT 05824","SITETYPE_MULTI1":null,"SITETYPE_MULTI2":null,"SITETYPE_MULTI3":null,"SITETYPE_MULTI4":null,"SITETYPE_MULTI5":null,"COUNTY":"CALEDONIA","COUNTRY":"US","SOURCEOFDATA":"Vermont Enhanced 911 Board","DRIVEWAYID":null,"ESZ":"00300","HOUSE_NUMBER":1924,"HOUSE_NUMBERSUFFIX":null,"HOUSE_NUMBERPREFIX":null,"FIPS":"5005"}},
{"type":"Feature","id":184651,"geometry":{"type":"Point","coordinates":[-71.9273920589404,44.4137320147041]},"properties":{"OBJECTID":184651,"SEGMENTID":58583,"ESITEID":275425,"GEONAMEID":22309,"PD":" ","PT":" ","SN":"CROSS","ST":"RD","SD":" ","PRIMARYNAME":"CROSS RD","ALIAS1":null,"ALIAS2":null,"ALIAS3":null,"ALIAS4":null,"ALIAS5":"5\/12\/2015 7:29:44 PM","PRIMARYADDRESS":"320 CROSS RD","SITETYPE":"SINGLE FAMILY DWELLING","TOWNNAME":"WATERFORD","MCODE":721,"ESN":300,"ZIP":"05819","PARCELNUM":"433.1","GPSX":-71.92739105,"GPSY":44.41372299,"MAPYEAR":"Thu, 01 Jan 1998 00:00:00 GMT","UPDATEDATE":"Fri, 27 Jan 2023 21:23:01 GMT","STATE":"VT","FIPS8":5005,"SPAN":"699-222-10770","SUBTYPE":null,"GlobalID_1":"438f1a31-b3d6-446e-93cd-db20bab2eb62","UNITCOUNT":1,"PRIMARYADD1":"320 CROSS RD WATERFORD","PRIMARYADD2":"320 CROSS RD WATERFORD VT 05819","SITETYPE_MULTI1":null,"SITETYPE_MULTI2":null,"SITETYPE_MULTI3":null,"SITETYPE_MULTI4":null,"SITETYPE_MULTI5":null,"COUNTY":"CALEDONIA","COUNTRY":"US","SOURCEOFDATA":"Vermont Enhanced 911 Board","DRIVEWAYID":null,"ESZ":"00300","HOUSE_NUMBER":320,"HOUSE_NUMBERSUFFIX":null,"HOUSE_NUMBERPREFIX":null,"FIPS":"5005"}},
{"type":"Feature","id":211258,"geometry":{"type":"Point","coordinates":[-71.9354995792748,44.4136961156991]},"properties":{"OBJECTID":211258,"SEGMENTID":24879,"ESITEID":275426,"GEONAMEID":22321,"PD":" ","PT":"","SN":"VT ROUTE 18","ST":" ","SD":" ","PRIMARYNAME":"VT ROUTE 18","ALIAS1":null,"ALIAS2":"ROUTE 18","ALIAS3":null,"ALIAS4":null,"ALIAS5":"11\/21\/2017 12:29:21 PM","PRIMARYADDRESS":"1711 VT ROUTE 18","SITETYPE":"SINGLE FAMILY DWELLING","TOWNNAME":"WATERFORD","MCODE":721,"ESN":300,"ZIP":"05819","PARCELNUM":"504.","GPSX":-71.93549857,"GPSY":44.41368709,"MAPYEAR":"Thu, 01 Jan 1998 00:00:00 GMT","UPDATEDATE":"Sat, 28 Jan 2023 00:01:53 GMT","STATE":"VT","FIPS8":5005,"SPAN":"699-222-10335","SUBTYPE":null,"GlobalID_1":"1e61473c-351f-4272-b779-78217f402f40","UNITCOUNT":1,"PRIMARYADD1":"1711 VT ROUTE 18 WATERFORD","PRIMARYADD2":"1711 VT ROUTE 18 WATERFORD VT 05819","SITETYPE_MULTI1":null,"SITETYPE_MULTI2":null,"SITETYPE_MULTI3":null,"SITETYPE_MULTI4":null,"SITETYPE_MULTI5":null,"COUNTY":"CALEDONIA","COUNTRY":"US","SOURCEOFDATA":"Vermont Enhanced 911 Board","DRIVEWAYID":null,"ESZ":"00300","HOUSE_NUMBER":1711,"HOUSE_NUMBERSUFFIX":null,"HOUSE_NUMBERPREFIX":null,"FIPS":"5005"}},
{"type":"Feature","id":106945,"geometry":{"type":"Point","coordinates":[-71.934857333764,44.4132528708054]},"properties":{"OBJECTID":106945,"SEGMENTID":24879,"ESITEID":275427,"GEONAMEID":22321,"PD":" ","PT":"","SN":"VT ROUTE 18","ST":" ","SD":" ","PRIMARYNAME":"VT ROUTE 18","ALIAS1":null,"ALIAS2":"ROUTE 18","ALIAS3":null,"ALIAS4":null,"ALIAS5":"11\/21\/2017 12:29:30 PM","PRIMARYADDRESS":"1765 VT ROUTE 18","SITETYPE":"SINGLE FAMILY DWELLING","TOWNNAME":"WATERFORD","MCODE":721,"ESN":300,"ZIP":"05819","PARCELNUM":"838.","GPSX":-71.93485632,"GPSY":44.41324385,"MAPYEAR":"Thu, 01 Jan 1998 00:00:00 GMT","UPDATEDATE":"Fri, 27 Jan 2023 23:54:59 GMT","STATE":"VT","FIPS8":5005,"SPAN":"699-222-10686","SUBTYPE":null,"GlobalID_1":"40d31fbc-150b-4c95-be83-77e7c600f0db","UNITCOUNT":1,"PRIMARYADD1":"1765 VT ROUTE 18 WATERFORD","PRIMARYADD2":"1765 VT ROUTE 18 WATERFORD VT 05819","SITETYPE_MULTI1":null,"SITETYPE_MULTI2":null,"SITETYPE_MULTI3":null,"SITETYPE_MULTI4":null,"SITETYPE_MULTI5":null,"COUNTY":"CALEDONIA","COUNTRY":"US","SOURCEOFDATA":"Vermont Enhanced 911 Board","DRIVEWAYID":null,"ESZ":"00300","HOUSE_NUMBER":1765,"HOUSE_NUMBERSUFFIX":null,"HOUSE_NUMBERPREFIX":null,"FIPS":"5005"}},
{"type":"Feature","id":35568,"geometry":{"type":"Point","coordinates":[-71.9279566339472,44.412156546162]},"properties":{"OBJECTID":35568,"SEGMENTID":58583,"ESITEID":275428,"GEONAMEID":22309,"PD":" ","PT":" ","SN":"CROSS","ST":"RD","SD":" ","PRIMARYNAME":"CROSS RD","ALIAS1":null,"ALIAS2":null,"ALIAS3":null,"ALIAS4":null,"ALIAS5":"5\/12\/2015 7:29:44 PM","PRIMARYADDRESS":"216 CROSS RD","SITETYPE":"SINGLE FAMILY DWELLING","TOWNNAME":"WATERFORD","MCODE":721,"ESN":300,"ZIP":"05819","PARCELNUM":"433.","GPSX":-71.92795562,"GPSY":44.41214752,"MAPYEAR":"Thu, 01 Jan 1998 00:00:00 GMT","UPDATEDATE":"Fri, 27 Jan 2023 21:23:01 GMT","STATE":"VT","FIPS8":5005,"SPAN":"699-222-10528","SUBTYPE":null,"GlobalID_1":"316024b1-94dd-4157-bb78-3c422788a5a3","UNITCOUNT":1,"PRIMARYADD1":"216 CROSS RD WATERFORD","PRIMARYADD2":"216 CROSS RD WATERFORD VT 05819","SITETYPE_MULTI1":null,"SITETYPE_MULTI2":null,"SITETYPE_MULTI3":null,"SITETYPE_MULTI4":null,"SITETYPE_MULTI5":null,"COUNTY":"CALEDONIA","COUNTRY":"US","SOURCEOFDATA":"Vermont Enhanced 911 Board","DRIVEWAYID":null,"ESZ":"00300","HOUSE_NUMBER":216,"HOUSE_NUMBERSUFFIX":null,"HOUSE_NUMBERPREFIX":null,"FIPS":"5005"}},
{"type":"Feature","id":119434,"geometry":{"type":"Point","coordinates":[-71.9261587562026,44.4119422088672]},"properties":{"OBJECTID":119434,"SEGMENTID":58583,"ESITEID":275429,"GEONAMEID":22309,"PD":" ","PT":" ","SN":"CROSS","ST":"RD","SD":" ","PRIMARYNAME":"CROSS RD","ALIAS1":null,"ALIAS2":null,"ALIAS3":null,"ALIAS4":null,"ALIAS5":"11\/21\/2017 12:28:57 PM","PRIMARYADDRESS":"250 CROSS RD","SITETYPE":"SINGLE FAMILY DWELLING","TOWNNAME":"WATERFORD","MCODE":721,"ESN":300,"ZIP":"05819","PARCELNUM":"955.","GPSX":-71.92615775,"GPSY":44.41193319,"MAPYEAR":"Thu, 01 Jan 1998 00:00:00 GMT","UPDATEDATE":"Fri, 27 Jan 2023 21:23:01 GMT","STATE":"VT","FIPS8":5005,"SPAN":"699-222-10010","SUBTYPE":null,"GlobalID_1":"f09336a3-405f-4135-a38d-842eea89f3fd","UNITCOUNT":1,"PRIMARYADD1":"250 CROSS RD WATERFORD","PRIMARYADD2":"250 CROSS RD WATERFORD VT 05819","SITETYPE_MULTI1":null,"SITETYPE_MULTI2":null,"SITETYPE_MULTI3":null,"SITETYPE_MULTI4":null,"SITETYPE_MULTI5":null,"COUNTY":"CALEDONIA","COUNTRY":"US","SOURCEOFDATA":"Vermont Enhanced 911 Board","DRIVEWAYID":null,"ESZ":"00300","HOUSE_NUMBER":250,"HOUSE_NUMBERSUFFIX":null,"HOUSE_NUMBERPREFIX":null,"FIPS":"5005"}},
{"type":"Feature","id":129381,"geometry":{"type":"Point","coordinates":[-71.9848691211765,44.411494734371]},"properties":{"OBJECTID":129381,"SEGMENTID":21061,"ESITEID":275430,"GEONAMEID":22347,"PD":" ","PT":" ","SN":"BIRCHWOOD HEIGHTS","ST":"LN","SD":" ","PRIMARYNAME":"BIRCHWOOD HEIGHTS LN","ALIAS1":null,"ALIAS2":null,"ALIAS3":null,"ALIAS4":null,"ALIAS5":"3\/26\/2018 11:27:52 AM","PRIMARYADDRESS":"101 BIRCHWOOD HEIGHTS LN","SITETYPE":"SINGLE FAMILY DWELLING","TOWNNAME":"WATERFORD","MCODE":721,"ESN":300,"ZIP":"05819","PARCELNUM":"792.","GPSX":-71.9848681,"GPSY":44.41148571,"MAPYEAR":"Thu, 01 Jan 1998 00:00:00 GMT","UPDATEDATE":"Fri, 27 Jan 2023 21:23:08 GMT","STATE":"VT","FIPS8":5005,"SPAN":"699-222-10633","SUBTYPE":null,"GlobalID_1":"2341c184-6d00-47e2-bc73-9e1e8b1d1550","UNITCOUNT":1,"PRIMARYADD1":"101 BIRCHWOOD HEIGHTS LN WATERFORD","PRIMARYADD2":"101 BIRCHWOOD HEIGHTS LN WATERFORD VT 05819","SITETYPE_MULTI1":null,"SITETYPE_MULTI2":null,"SITETYPE_MULTI3":null,"SITETYPE_MULTI4":null,"SITETYPE_MULTI5":null,"COUNTY":"CALEDONIA","COUNTRY":"US","SOURCEOFDATA":"Vermont Enhanced 911 Board","DRIVEWAYID":null,"ESZ":"00300","HOUSE_NUMBER":101,"HOUSE_NUMBERSUFFIX":null,"HOUSE_NUMBERPREFIX":null,"FIPS":"5005"}},
{"type":"Feature","id":181659,"geometry":{"type":"Point","coordinates":[-71.9863635639684,44.4113752814764]},"properties":{"OBJECTID":181659,"SEGMENTID":21061,"ESITEID":275431,"GEONAMEID":22347,"PD":" ","PT":" ","SN":"BIRCHWOOD HEIGHTS","ST":"LN","SD":" ","PRIMARYNAME":"BIRCHWOOD HEIGHTS LN","ALIAS1":null,"ALIAS2":null,"ALIAS3":null,"ALIAS4":null,"ALIAS5":"3\/26\/2018 11:28:06 AM","PRIMARYADDRESS":"97 BIRCHWOOD HEIGHTS LN","SITETYPE":"ACCESSORY BUILDING","TOWNNAME":"WATERFORD","MCODE":721,"ESN":300,"ZIP":"05819","PARCELNUM":"792.","GPSX":-71.98636254,"GPSY":44.41136626,"MAPYEAR":"Thu, 01 Jan 1998 00:00:00 GMT","UPDATEDATE":"Thu, 14 Sep 2023 13:52:43 GMT","STATE":"VT","FIPS8":5005,"SPAN":"699-222-10633","SUBTYPE":null,"GlobalID_1":"187b5665-257a-45af-8563-9b63a469cd33","UNITCOUNT":1,"PRIMARYADD1":"97 BIRCHWOOD HEIGHTS LN WATERFORD","PRIMARYADD2":"97 BIRCHWOOD HEIGHTS LN WATERFORD VT 05819","SITETYPE_MULTI1":null,"SITETYPE_MULTI2":null,"SITETYPE_MULTI3":null,"SITETYPE_MULTI4":null,"SITETYPE_MULTI5":null,"COUNTY":"CALEDONIA","COUNTRY":"US","SOURCEOFDATA":"Vermont Enhanced 911 Board","DRIVEWAYID":null,"ESZ":"00300","HOUSE_NUMBER":97,"HOUSE_NUMBERSUFFIX":null,"HOUSE_NUMBERPREFIX":null,"FIPS":"5005"}},
{"type":"Feature","id":305834,"geometry":{"type":"Point","coordinates":[-71.9307713042762,44.4105720197489]},"properties":{"OBJECTID":305834,"SEGMENTID":58583,"ESITEID":275432,"GEONAMEID":22309,"PD":" ","PT":" ","SN":"CROSS","ST":"RD","SD":" ","PRIMARYNAME":"CROSS RD","ALIAS1":null,"ALIAS2":null,"ALIAS3":null,"ALIAS4":null,"ALIAS5":"11\/21\/2017 12:28:15 PM","PRIMARYADDRESS":"30 CROSS RD","SITETYPE":"SINGLE FAMILY DWELLING","TOWNNAME":"WATERFORD","MCODE":721,"ESN":300,"ZIP":"05819","PARCELNUM":"583.","GPSX":-71.9307703,"GPSY":44.410563,"MAPYEAR":"Thu, 01 Jan 1998 00:00:00 GMT","UPDATEDATE":"Fri, 27 Jan 2023 21:23:01 GMT","STATE":"VT","FIPS8":5005,"SPAN":"699-222-10209","SUBTYPE":null,"GlobalID_1":"4a4ffb58-6063-40ef-acde-b7b9c2b653fe","UNITCOUNT":1,"PRIMARYADD1":"30 CROSS RD WATERFORD","PRIMARYADD2":"30 CROSS RD WATERFORD VT 05819","SITETYPE_MULTI1":null,"SITETYPE_MULTI2":null,"SITETYPE_MULTI3":null,"SITETYPE_MULTI4":null,"SITETYPE_MULTI5":null,"COUNTY":"CALEDONIA","COUNTRY":"US","SOURCEOFDATA":"Vermont Enhanced 911 Board","DRIVEWAYID":null,"ESZ":"00300","HOUSE_NUMBER":30,"HOUSE_NUMBERSUFFIX":null,"HOUSE_NUMBERPREFIX":null,"FIPS":"5005"}},
{"type":"Feature","id":34877,"geometry":{"type":"Point","coordinates":[-71.9291442427589,44.4099686236726]},"properties":{"OBJECTID":34877,"SEGMENTID":32230,"ESITEID":275433,"GEONAMEID":22321,"PD":" ","PT":"","SN":"VT ROUTE 18","ST":" ","SD":" ","PRIMARYNAME":"VT ROUTE 18","ALIAS1":null,"ALIAS2":"ROUTE 18","ALIAS3":null,"ALIAS4":null,"ALIAS5":"11\/21\/2017 12:28:08 PM","PRIMARYADDRESS":"2141 VT ROUTE 18","SITETYPE":"SINGLE FAMILY DWELLING","TOWNNAME":"WATERFORD","MCODE":721,"ESN":300,"ZIP":"05819","PARCELNUM":"616.","GPSX":-71.92914324,"GPSY":44.4099596,"MAPYEAR":"Thu, 01 Jan 1998 00:00:00 GMT","UPDATEDATE":"Sat, 28 Jan 2023 00:02:52 GMT","STATE":"VT","FIPS8":5005,"SPAN":"699-222-10447","SUBTYPE":null,"GlobalID_1":"8e3926dd-4237-422e-bea9-89f23815d9a1","UNITCOUNT":1,"PRIMARYADD1":"2141 VT ROUTE 18 WATERFORD","PRIMARYADD2":"2141 VT ROUTE 18 WATERFORD VT 05819","SITETYPE_MULTI1":null,"SITETYPE_MULTI2":null,"SITETYPE_MULTI3":null,"SITETYPE_MULTI4":null,"SITETYPE_MULTI5":null,"COUNTY":"CALEDONIA","COUNTRY":"US","SOURCEOFDATA":"Vermont Enhanced 911 Board","DRIVEWAYID":null,"ESZ":"00300","HOUSE_NUMBER":2141,"HOUSE_NUMBERSUFFIX":null,"HOUSE_NUMBERPREFIX":null,"FIPS":"5005"}},
{"type":"Feature","id":50612,"geometry":{"type":"Point","coordinates":[-71.9877157174562,44.4100896127352]},"properties":{"OBJECTID":50612,"SEGMENTID":21061,"ESITEID":275434,"GEONAMEID":22347,"PD":" ","PT":" ","SN":"BIRCHWOOD HEIGHTS","ST":"LN","SD":" ","PRIMARYNAME":"BIRCHWOOD HEIGHTS LN","ALIAS1":null,"ALIAS2":null,"ALIAS3":null,"ALIAS4":null,"ALIAS5":"11\/27\/2017 2:38:39 PM","PRIMARYADDRESS":"35 BIRCHWOOD HEIGHTS LN","SITETYPE":"SINGLE FAMILY DWELLING","TOWNNAME":"WATERFORD","MCODE":721,"ESN":300,"ZIP":"05819","PARCELNUM":"780.","GPSX":-71.98771469,"GPSY":44.41008059,"MAPYEAR":"Thu, 01 Jan 1998 00:00:00 GMT","UPDATEDATE":"Fri, 27 Jan 2023 21:23:08 GMT","STATE":"VT","FIPS8":5005,"SPAN":"699-222-10492","SUBTYPE":null,"GlobalID_1":"7089eb96-3172-4dbf-97a1-dfc8e6c48c2f","UNITCOUNT":1,"PRIMARYADD1":"35 BIRCHWOOD HEIGHTS LN WATERFORD","PRIMARYADD2":"35 BIRCHWOOD HEIGHTS LN WATERFORD VT 05819","SITETYPE_MULTI1":null,"SITETYPE_MULTI2":null,"SITETYPE_MULTI3":null,"SITETYPE_MULTI4":null,"SITETYPE_MULTI5":null,"COUNTY":"CALEDONIA","COUNTRY":"US","SOURCEOFDATA":"Vermont Enhanced 911 Board","DRIVEWAYID":null,"ESZ":"00300","HOUSE_NUMBER":35,"HOUSE_NUMBERSUFFIX":null,"HOUSE_NUMBERPREFIX":null,"FIPS":"5005"}},
{"type":"Feature","id":64374,"geometry":{"type":"Point","coordinates":[-71.9299117431946,44.409590051591]},"properties":{"OBJECTID":64374,"SEGMENTID":32230,"ESITEID":275435,"GEONAMEID":22321,"PD":" ","PT":"","SN":"VT ROUTE 18","ST":" ","SD":" ","PRIMARYNAME":"VT ROUTE 18","ALIAS1":null,"ALIAS2":"ROUTE 18","ALIAS3":null,"ALIAS4":null,"ALIAS5":"11\/21\/2017 12:28:01 PM","PRIMARYADDRESS":"2095 VT ROUTE 18","SITETYPE":"SINGLE FAMILY DWELLING","TOWNNAME":"WATERFORD","MCODE":721,"ESN":300,"ZIP":"05819","PARCELNUM":"617.","GPSX":-71.92991074,"GPSY":44.40958103,"MAPYEAR":"Thu, 01 Jan 1998 00:00:00 GMT","UPDATEDATE":"Fri, 27 Jan 2023 23:56:33 GMT","STATE":"VT","FIPS8":5005,"SPAN":"699-222-10445","SUBTYPE":null,"GlobalID_1":"a76807bf-1ad4-4fd9-adba-25aad3ce890e","UNITCOUNT":1,"PRIMARYADD1":"2095 VT ROUTE 18 WATERFORD","PRIMARYADD2":"2095 VT ROUTE 18 WATERFORD VT 05819","SITETYPE_MULTI1":null,"SITETYPE_MULTI2":null,"SITETYPE_MULTI3":null,"SITETYPE_MULTI4":null,"SITETYPE_MULTI5":null,"COUNTY":"CALEDONIA","COUNTRY":"US","SOURCEOFDATA":"Vermont Enhanced 911 Board","DRIVEWAYID":null,"ESZ":"00300","HOUSE_NUMBER":2095,"HOUSE_NUMBERSUFFIX":null,"HOUSE_NUMBERPREFIX":null,"FIPS":"5005"}},
{"type":"Feature","id":238484,"geometry":{"type":"Point","coordinates":[-71.9872702543125,44.4094373892361]},"properties":{"OBJECTID":238484,"SEGMENTID":21061,"ESITEID":275436,"GEONAMEID":22347,"PD":" ","PT":" ","SN":"BIRCHWOOD HEIGHTS","ST":"LN","SD":" ","PRIMARYNAME":"BIRCHWOOD HEIGHTS LN","ALIAS1":null,"ALIAS2":null,"ALIAS3":null,"ALIAS4":null,"ALIAS5":"11\/27\/2017 2:37:15 PM","PRIMARYADDRESS":"62 BIRCHWOOD HEIGHTS LN","SITETYPE":"SINGLE FAMILY DWELLING","TOWNNAME":"WATERFORD","MCODE":721,"ESN":300,"ZIP":"05819","PARCELNUM":"049.","GPSX":-71.98726923,"GPSY":44.40942837,"MAPYEAR":"Thu, 01 Jan 1998 00:00:00 GMT","UPDATEDATE":"Fri, 27 Jan 2023 21:23:08 GMT","STATE":"VT","FIPS8":5005,"SPAN":"699-222-10055","SUBTYPE":null,"GlobalID_1":"6b8647f3-a505-4ec4-b52d-620591e74ea8","UNITCOUNT":1,"PRIMARYADD1":"62 BIRCHWOOD HEIGHTS LN WATERFORD","PRIMARYADD2":"62 BIRCHWOOD HEIGHTS LN WATERFORD VT 05819","SITETYPE_MULTI1":null,"SITETYPE_MULTI2":null,"SITETYPE_MULTI3":null,"SITETYPE_MULTI4":null,"SITETYPE_MULTI5":null,"COUNTY":"CALEDONIA","COUNTRY":"US","SOURCEOFDATA":"Vermont Enhanced 911 Board","DRIVEWAYID":null,"ESZ":"00300","HOUSE_NUMBER":62,"HOUSE_NUMBERSUFFIX":null,"HOUSE_NUMBERPREFIX":null,"FIPS":"5005"}},
{"type":"Feature","id":84645,"geometry":{"type":"Point","coordinates":[-71.9830181374513,44.4091387740593]},"properties":{"OBJECTID":84645,"SEGMENTID":21061,"ESITEID":275437,"GEONAMEID":22347,"PD":" ","PT":" ","SN":"BIRCHWOOD HEIGHTS","ST":"LN","SD":" ","PRIMARYNAME":"BIRCHWOOD HEIGHTS LN","ALIAS1":null,"ALIAS2":null,"ALIAS3":null,"ALIAS4":null,"ALIAS5":"3\/26\/2018 11:28:18 AM","PRIMARYADDRESS":"265 BIRCHWOOD HEIGHTS LN","SITETYPE":"SINGLE FAMILY DWELLING","TOWNNAME":"WATERFORD","MCODE":721,"ESN":300,"ZIP":"05819","PARCELNUM":"793.","GPSX":-71.98301711,"GPSY":44.40912975,"MAPYEAR":"Thu, 01 Jan 1998 00:00:00 GMT","UPDATEDATE":"Fri, 27 Jan 2023 21:23:08 GMT","STATE":"VT","FIPS8":5005,"SPAN":"699-222-10634","SUBTYPE":null,"GlobalID_1":"47e8b256-871b-42ae-9f64-9d6b833ee5f4","UNITCOUNT":1,"PRIMARYADD1":"265 BIRCHWOOD HEIGHTS LN WATERFORD","PRIMARYADD2":"265 BIRCHWOOD HEIGHTS LN WATERFORD VT 05819","SITETYPE_MULTI1":null,"SITETYPE_MULTI2":null,"SITETYPE_MULTI3":null,"SITETYPE_MULTI4":null,"SITETYPE_MULTI5":null,"COUNTY":"CALEDONIA","COUNTRY":"US","SOURCEOFDATA":"Vermont Enhanced 911 Board","DRIVEWAYID":null,"ESZ":"00300","HOUSE_NUMBER":265,"HOUSE_NUMBERSUFFIX":null,"HOUSE_NUMBERPREFIX":null,"FIPS":"5005"}},
{"type":"Feature","id":147936,"geometry":{"type":"Point","coordinates":[-71.9873873858382,44.4085959155042]},"properties":{"OBJECTID":147936,"SEGMENTID":17356,"ESITEID":275438,"GEONAMEID":22335,"PD":" ","PT":" ","SN":"DANIELS FARM","ST":"RD","SD":" ","PRIMARYNAME":"DANIELS FARM RD  ","ALIAS1":null,"ALIAS2":null,"ALIAS3":null,"ALIAS4":null,"ALIAS5":"11\/27\/2017 2:37:33 PM","PRIMARYADDRESS":"3200 DANIELS FARM RD","SITETYPE":"SINGLE FAMILY DWELLING","TOWNNAME":"WATERFORD","MCODE":721,"ESN":300,"ZIP":"05819","PARCELNUM":"060.","GPSX":-71.98738636,"GPSY":44.4085869,"MAPYEAR":"Thu, 01 Jan 1998 00:00:00 GMT","UPDATEDATE":"Fri, 27 Jan 2023 21:28:54 GMT","STATE":"VT","FIPS8":5005,"SPAN":"699-222-10041","SUBTYPE":null,"GlobalID_1":"143eb1e3-7e19-4eac-bb53-700b64fef0ce","UNITCOUNT":1,"PRIMARYADD1":"3200 DANIELS FARM RD WATERFORD","PRIMARYADD2":"3200 DANIELS FARM RD WATERFORD VT 05819","SITETYPE_MULTI1":null,"SITETYPE_MULTI2":null,"SITETYPE_MULTI3":null,"SITETYPE_MULTI4":null,"SITETYPE_MULTI5":null,"COUNTY":"CALEDONIA","COUNTRY":"US","SOURCEOFDATA":"Vermont Enhanced 911 Board","DRIVEWAYID":null,"ESZ":"00300","HOUSE_NUMBER":3200,"HOUSE_NUMBERSUFFIX":null,"HOUSE_NUMBERPREFIX":null,"FIPS":"5005"}},
{"type":"Feature","id":44559,"geometry":{"type":"Point","coordinates":[-71.9847803819227,44.4084950503366]},"properties":{"OBJECTID":44559,"SEGMENTID":21061,"ESITEID":275439,"GEONAMEID":22347,"PD":" ","PT":" ","SN":"BIRCHWOOD HEIGHTS","ST":"LN","SD":" ","PRIMARYNAME":"BIRCHWOOD HEIGHTS LN","ALIAS1":null,"ALIAS2":null,"ALIAS3":null,"ALIAS4":null,"ALIAS5":"3\/26\/2018 11:28:24 AM","PRIMARYADDRESS":"184 BIRCHWOOD HEIGHTS LN","SITETYPE":"SINGLE FAMILY DWELLING","TOWNNAME":"WATERFORD","MCODE":721,"ESN":300,"ZIP":"05819","PARCELNUM":"794.","GPSX":-71.98477936,"GPSY":44.40848603,"MAPYEAR":"Thu, 01 Jan 1998 00:00:00 GMT","UPDATEDATE":"Fri, 27 Jan 2023 21:23:08 GMT","STATE":"VT","FIPS8":5005,"SPAN":"699-222-10635","SUBTYPE":null,"GlobalID_1":"48fa10c6-0848-402a-a2af-67bd0cbcd21a","UNITCOUNT":1,"PRIMARYADD1":"184 BIRCHWOOD HEIGHTS LN WATERFORD","PRIMARYADD2":"184 BIRCHWOOD HEIGHTS LN WATERFORD VT 05819","SITETYPE_MULTI1":null,"SITETYPE_MULTI2":null,"SITETYPE_MULTI3":null,"SITETYPE_MULTI4":null,"SITETYPE_MULTI5":null,"COUNTY":"CALEDONIA","COUNTRY":"US","SOURCEOFDATA":"Vermont Enhanced 911 Board","DRIVEWAYID":null,"ESZ":"00300","HOUSE_NUMBER":184,"HOUSE_NUMBERSUFFIX":null,"HOUSE_NUMBERPREFIX":null,"FIPS":"5005"}},
{"type":"Feature","id":345722,"geometry":{"type":"Point","coordinates":[-71.9888318856146,44.4078674566455]},"properties":{"OBJECTID":345722,"SEGMENTID":17356,"ESITEID":275440,"GEONAMEID":22335,"PD":" ","PT":" ","SN":"DANIELS FARM","ST":"RD","SD":" ","PRIMARYNAME":"DANIELS FARM RD  ","ALIAS1":null,"ALIAS2":null,"ALIAS3":null,"ALIAS4":null,"ALIAS5":"11\/27\/2017 2:37:22 PM","PRIMARYADDRESS":"3174 DANIELS FARM RD","SITETYPE":"SINGLE FAMILY DWELLING","TOWNNAME":"WATERFORD","MCODE":721,"ESN":300,"ZIP":"05819","PARCELNUM":"392.","GPSX":-71.98883086,"GPSY":44.40785844,"MAPYEAR":"Thu, 01 Jan 1998 00:00:00 GMT","UPDATEDATE":"Fri, 27 Jan 2023 21:28:54 GMT","STATE":"VT","FIPS8":5005,"SPAN":"699-222-10204","SUBTYPE":null,"GlobalID_1":"d774d0bc-752a-4152-ba2c-146164a8da5d","UNITCOUNT":1,"PRIMARYADD1":"3174 DANIELS FARM RD WATERFORD","PRIMARYADD2":"3174 DANIELS FARM RD WATERFORD VT 05819","SITETYPE_MULTI1":null,"SITETYPE_MULTI2":null,"SITETYPE_MULTI3":null,"SITETYPE_MULTI4":null,"SITETYPE_MULTI5":null,"COUNTY":"CALEDONIA","COUNTRY":"US","SOURCEOFDATA":"Vermont Enhanced 911 Board","DRIVEWAYID":null,"ESZ":"00300","HOUSE_NUMBER":3174,"HOUSE_NUMBERSUFFIX":null,"HOUSE_NUMBERPREFIX":null,"FIPS":"5005"}},
{"type":"Feature","id":111618,"geometry":{"type":"Point","coordinates":[-71.9892239604693,44.4072383041413]},"properties":{"OBJECTID":111618,"SEGMENTID":17356,"ESITEID":275441,"GEONAMEID":22335,"PD":" ","PT":" ","SN":"DANIELS FARM","ST":"RD","SD":" ","PRIMARYNAME":"DANIELS FARM RD  ","ALIAS1":null,"ALIAS2":null,"ALIAS3":null,"ALIAS4":null,"ALIAS5":"11\/27\/2017 2:37:28 PM","PRIMARYADDRESS":"3120 DANIELS FARM RD","SITETYPE":"SINGLE FAMILY DWELLING","TOWNNAME":"WATERFORD","MCODE":721,"ESN":300,"ZIP":"05819","PARCELNUM":"283.","GPSX":-71.98922293,"GPSY":44.40722928,"MAPYEAR":"Thu, 01 Jan 1998 00:00:00 GMT","UPDATEDATE":"Thu, 14 Sep 2023 13:53:29 GMT","STATE":"VT","FIPS8":5005,"SPAN":"699-222-10087","SUBTYPE":null,"GlobalID_1":"d7802ac1-1845-4b53-949f-6ef7f39ed0c6","UNITCOUNT":1,"PRIMARYADD1":"3120 DANIELS FARM RD WATERFORD","PRIMARYADD2":"3120 DANIELS FARM RD WATERFORD VT 05819","SITETYPE_MULTI1":null,"SITETYPE_MULTI2":null,"SITETYPE_MULTI3":null,"SITETYPE_MULTI4":null,"SITETYPE_MULTI5":null,"COUNTY":"CALEDONIA","COUNTRY":"US","SOURCEOFDATA":"Vermont Enhanced 911 Board","DRIVEWAYID":null,"ESZ":"00300","HOUSE_NUMBER":3120,"HOUSE_NUMBERSUFFIX":null,"HOUSE_NUMBERPREFIX":null,"FIPS":"5005"}},
{"type":"Feature","id":44260,"geometry":{"type":"Point","coordinates":[-71.9893808403177,44.4058246144239]},"properties":{"OBJECTID":44260,"SEGMENTID":21062,"ESITEID":275442,"GEONAMEID":22335,"PD":" ","PT":" ","SN":"DANIELS FARM","ST":"RD","SD":" ","PRIMARYNAME":"DANIELS FARM RD  ","ALIAS1":null,"ALIAS2":null,"ALIAS3":null,"ALIAS4":null,"ALIAS5":"11\/27\/2017 2:35:23 PM","PRIMARYADDRESS":"3026 DANIELS FARM RD","SITETYPE":"SINGLE FAMILY DWELLING","TOWNNAME":"WATERFORD","MCODE":721,"ESN":300,"ZIP":"05819","PARCELNUM":"599.","GPSX":-71.98937981,"GPSY":44.40581559,"MAPYEAR":"Thu, 01 Jan 1998 00:00:00 GMT","UPDATEDATE":"Fri, 27 Jan 2023 21:28:55 GMT","STATE":"VT","FIPS8":5005,"SPAN":"699-222-10426","SUBTYPE":null,"GlobalID_1":"4ed9bad8-ac18-4138-897e-a1c6bbb76b3f","UNITCOUNT":1,"PRIMARYADD1":"3026 DANIELS FARM RD WATERFORD","PRIMARYADD2":"3026 DANIELS FARM RD WATERFORD VT 05819","SITETYPE_MULTI1":null,"SITETYPE_MULTI2":null,"SITETYPE_MULTI3":null,"SITETYPE_MULTI4":null,"SITETYPE_MULTI5":null,"COUNTY":"CALEDONIA","COUNTRY":"US","SOURCEOFDATA":"Vermont Enhanced 911 Board","DRIVEWAYID":null,"ESZ":"00300","HOUSE_NUMBER":3026,"HOUSE_NUMBERSUFFIX":null,"HOUSE_NUMBERPREFIX":null,"FIPS":"5005"}},
{"type":"Feature","id":86564,"geometry":{"type":"Point","coordinates":[-71.9883814587751,44.4050573890891]},"properties":{"OBJECTID":86564,"SEGMENTID":21062,"ESITEID":275443,"GEONAMEID":22335,"PD":" ","PT":" ","SN":"DANIELS FARM","ST":"RD","SD":" ","PRIMARYNAME":"DANIELS FARM RD  ","ALIAS1":null,"ALIAS2":null,"ALIAS3":null,"ALIAS4":null,"ALIAS5":"5\/12\/2015 7:30:02 PM","PRIMARYADDRESS":"2898 DANIELS FARM RD","SITETYPE":"SINGLE FAMILY DWELLING","TOWNNAME":"WATERFORD","MCODE":721,"ESN":300,"ZIP":"05819","PARCELNUM":"360.","GPSX":-71.98838043,"GPSY":44.40504836,"MAPYEAR":"Thu, 01 Jan 1998 00:00:00 GMT","UPDATEDATE":"Fri, 27 Jan 2023 21:28:55 GMT","STATE":"VT","FIPS8":5005,"SPAN":"699-222-10733","SUBTYPE":null,"GlobalID_1":"00897f77-4d4c-4372-b534-a2e3263f6051","UNITCOUNT":1,"PRIMARYADD1":"2898 DANIELS FARM RD WATERFORD","PRIMARYADD2":"2898 DANIELS FARM RD WATERFORD VT 05819","SITETYPE_MULTI1":null,"SITETYPE_MULTI2":null,"SITETYPE_MULTI3":null,"SITETYPE_MULTI4":null,"SITETYPE_MULTI5":null,"COUNTY":"CALEDONIA","COUNTRY":"US","SOURCEOFDATA":"Vermont Enhanced 911 Board","DRIVEWAYID":null,"ESZ":"00300","HOUSE_NUMBER":2898,"HOUSE_NUMBERSUFFIX":null,"HOUSE_NUMBERPREFIX":null,"FIPS":"5005"}},
{"type":"Feature","id":289390,"geometry":{"type":"Point","coordinates":[-71.9003611033399,44.4042486766295]},"properties":{"OBJECTID":289390,"SEGMENTID":50843,"ESITEID":275444,"GEONAMEID":22312,"PD":" ","PT":"","SN":"LAWRENCE","ST":"RD","SD":"","PRIMARYNAME":"LAWRENCE RD","ALIAS1":null,"ALIAS2":null,"ALIAS3":null,"ALIAS4":null,"ALIAS5":"5\/12\/2015 7:30:01 PM","PRIMARYADDRESS":"1298 LAWRENCE RD","SITETYPE":"SINGLE FAMILY DWELLING","TOWNNAME":"WATERFORD","MCODE":721,"ESN":300,"ZIP":"05819","PARCELNUM":"839.","GPSX":-71.9003601,"GPSY":44.40423965,"MAPYEAR":"Thu, 01 Jan 1998 00:00:00 GMT","UPDATEDATE":"Fri, 27 Jan 2023 21:28:48 GMT","STATE":"VT","FIPS8":5005,"SPAN":"699-222-10118","SUBTYPE":null,"GlobalID_1":"d2bdf807-777d-4b12-9733-ba85335a05e5","UNITCOUNT":1,"PRIMARYADD1":"1298 LAWRENCE RD WATERFORD","PRIMARYADD2":"1298 LAWRENCE RD WATERFORD VT 05819","SITETYPE_MULTI1":null,"SITETYPE_MULTI2":null,"SITETYPE_MULTI3":null,"SITETYPE_MULTI4":null,"SITETYPE_MULTI5":null,"COUNTY":"CALEDONIA","COUNTRY":"US","SOURCEOFDATA":"Vermont Enhanced 911 Board","DRIVEWAYID":null,"ESZ":"00300","HOUSE_NUMBER":1298,"HOUSE_NUMBERSUFFIX":null,"HOUSE_NUMBERPREFIX":null,"FIPS":"5005"}},
{"type":"Feature","id":255904,"geometry":{"type":"Point","coordinates":[-71.9921328589699,44.4037361122277]},"properties":{"OBJECTID":255904,"SEGMENTID":252304,"ESITEID":275445,"GEONAMEID":22336,"PD":" ","PT":" ","SN":"HASTINGS","ST":"RD","SD":" ","PRIMARYNAME":"HASTINGS RD  ","ALIAS1":null,"ALIAS2":null,"ALIAS3":null,"ALIAS4":null,"ALIAS5":"6\/15\/2015 2:32:37 PM","PRIMARYADDRESS":"873 HASTINGS RD","SITETYPE":"SINGLE FAMILY DWELLING","TOWNNAME":"WATERFORD","MCODE":721,"ESN":300,"ZIP":"05819","PARCELNUM":"935.","GPSX":-71.99213183,"GPSY":44.40372709,"MAPYEAR":"Thu, 01 Jan 1998 00:00:00 GMT","UPDATEDATE":"Fri, 27 Jan 2023 21:28:56 GMT","STATE":"VT","FIPS8":5005,"SPAN":"699-222-10443","SUBTYPE":null,"GlobalID_1":"c909d1bc-ae40-4a94-99db-c9ff5270434e","UNITCOUNT":1,"PRIMARYADD1":"873 HASTINGS RD WATERFORD","PRIMARYADD2":"873 HASTINGS RD WATERFORD VT 05819","SITETYPE_MULTI1":null,"SITETYPE_MULTI2":null,"SITETYPE_MULTI3":null,"SITETYPE_MULTI4":null,"SITETYPE_MULTI5":null,"COUNTY":"CALEDONIA","COUNTRY":"US","SOURCEOFDATA":"Vermont Enhanced 911 Board","DRIVEWAYID":null,"ESZ":"00300","HOUSE_NUMBER":873,"HOUSE_NUMBERSUFFIX":null,"HOUSE_NUMBERPREFIX":null,"FIPS":"5005"}},
{"type":"Feature","id":236813,"geometry":{"type":"Point","coordinates":[-71.9521380639628,44.4034764625831]},"properties":{"OBJECTID":236813,"SEGMENTID":252306,"ESITEID":275446,"GEONAMEID":22310,"PD":" ","PT":" ","SN":"SLATE LEDGE","ST":"RD","SD":" ","PRIMARYNAME":"SLATE LEDGE RD","ALIAS1":null,"ALIAS2":null,"ALIAS3":null,"ALIAS4":null,"ALIAS5":"10\/11\/2016 8:20:07 AM","PRIMARYADDRESS":"1276 SLATE LEDGE RD","SITETYPE":"SINGLE FAMILY DWELLING","TOWNNAME":"WATERFORD","MCODE":721,"ESN":300,"ZIP":"05819","PARCELNUM":"479.","GPSX":-71.95213705,"GPSY":44.40346744,"MAPYEAR":"Thu, 01 Jan 1998 00:00:00 GMT","UPDATEDATE":"Fri, 27 Jan 2023 21:23:01 GMT","STATE":"VT","FIPS8":5005,"SPAN":"699-222-10307","SUBTYPE":null,"GlobalID_1":"0b725667-29f7-4a9b-87c0-b059a4e8de3d","UNITCOUNT":1,"PRIMARYADD1":"1276 SLATE LEDGE RD WATERFORD","PRIMARYADD2":"1276 SLATE LEDGE RD WATERFORD VT 05819","SITETYPE_MULTI1":null,"SITETYPE_MULTI2":null,"SITETYPE_MULTI3":null,"SITETYPE_MULTI4":null,"SITETYPE_MULTI5":null,"COUNTY":"CALEDONIA","COUNTRY":"US","SOURCEOFDATA":"Vermont Enhanced 911 Board","DRIVEWAYID":null,"ESZ":"00300","HOUSE_NUMBER":1276,"HOUSE_NUMBERSUFFIX":null,"HOUSE_NUMBERPREFIX":null,"FIPS":"5005"}},
{"type":"Feature","id":198882,"geometry":{"type":"Point","coordinates":[-71.9494058648253,44.4031675580134]},"properties":{"OBJECTID":198882,"SEGMENTID":252306,"ESITEID":275447,"GEONAMEID":22310,"PD":" ","PT":" ","SN":"SLATE LEDGE","ST":"RD","SD":" ","PRIMARYNAME":"SLATE LEDGE RD","ALIAS1":null,"ALIAS2":null,"ALIAS3":null,"ALIAS4":null,"ALIAS5":"10\/11\/2016 8:20:11 AM","PRIMARYADDRESS":"1299 SLATE LEDGE RD","SITETYPE":"SINGLE FAMILY DWELLING","TOWNNAME":"WATERFORD","MCODE":721,"ESN":300,"ZIP":"05819","PARCELNUM":"834.","GPSX":-71.94940485,"GPSY":44.40315854,"MAPYEAR":"Thu, 01 Jan 1998 00:00:00 GMT","UPDATEDATE":"Fri, 27 Jan 2023 21:23:01 GMT","STATE":"VT","FIPS8":5005,"SPAN":"699-222-10679","SUBTYPE":null,"GlobalID_1":"edeb486e-3775-4697-a30e-13bdbc55a434","UNITCOUNT":1,"PRIMARYADD1":"1299 SLATE LEDGE RD WATERFORD","PRIMARYADD2":"1299 SLATE LEDGE RD WATERFORD VT 05819","SITETYPE_MULTI1":null,"SITETYPE_MULTI2":null,"SITETYPE_MULTI3":null,"SITETYPE_MULTI4":null,"SITETYPE_MULTI5":null,"COUNTY":"CALEDONIA","COUNTRY":"US","SOURCEOFDATA":"Vermont Enhanced 911 Board","DRIVEWAYID":null,"ESZ":"00300","HOUSE_NUMBER":1299,"HOUSE_NUMBERSUFFIX":null,"HOUSE_NUMBERPREFIX":null,"FIPS":"5005"}},
{"type":"Feature","id":82776,"geometry":{"type":"Point","coordinates":[-71.9277170122525,44.4027878914775]},"properties":{"OBJECTID":82776,"SEGMENTID":50841,"ESITEID":275448,"GEONAMEID":22326,"PD":" ","PT":" ","SN":"DUCK POND","ST":"RD","SD":" ","PRIMARYNAME":"DUCK POND RD  ","ALIAS1":null,"ALIAS2":null,"ALIAS3":null,"ALIAS4":null,"ALIAS5":"6\/21\/2022 1:22:23 PM","PRIMARYADDRESS":"276 DUCK POND RD","SITETYPE":"SCHOOL K \/ 12","TOWNNAME":"WATERFORD","MCODE":721,"ESN":300,"ZIP":"05819","PARCELNUM":"991.","GPSX":-71.92771601,"GPSY":44.40277887,"MAPYEAR":"Thu, 01 Jan 1998 00:00:00 GMT","UPDATEDATE":"Fri, 27 Jan 2023 21:28:51 GMT","STATE":"VT","FIPS8":5005,"SPAN":"699-222-10706","SUBTYPE":null,"GlobalID_1":"54efea99-de0c-4186-860c-5cd1001527b1","UNITCOUNT":1,"PRIMARYADD1":"276 DUCK POND RD WATERFORD","PRIMARYADD2":"276 DUCK POND RD WATERFORD VT 05819","SITETYPE_MULTI1":null,"SITETYPE_MULTI2":null,"SITETYPE_MULTI3":null,"SITETYPE_MULTI4":null,"SITETYPE_MULTI5":null,"COUNTY":"CALEDONIA","COUNTRY":"US","SOURCEOFDATA":"Vermont Enhanced 911 Board","DRIVEWAYID":null,"ESZ":"00300","HOUSE_NUMBER":276,"HOUSE_NUMBERSUFFIX":null,"HOUSE_NUMBERPREFIX":null,"FIPS":"5005"}},
{"type":"Feature","id":331726,"geometry":{"type":"Point","coordinates":[-71.9218564144075,44.4023696071671]},"properties":{"OBJECTID":331726,"SEGMENTID":62373,"ESITEID":275449,"GEONAMEID":22311,"PD":" ","PT":"","SN":"OLD COUNTY","ST":"RD","SD":"N","PRIMARYNAME":"OLD COUNTY RD N","ALIAS1":null,"ALIAS2":null,"ALIAS3":null,"ALIAS4":null,"ALIAS5":"6\/21\/2022 1:23:54 PM","PRIMARYADDRESS":"91 OLD COUNTY RD N","SITETYPE":"SINGLE FAMILY DWELLING","TOWNNAME":"WATERFORD","MCODE":721,"ESN":300,"ZIP":"05819","PARCELNUM":"776.","GPSX":-71.92185541,"GPSY":44.40236059,"MAPYEAR":"Thu, 01 Jan 1998 00:00:00 GMT","UPDATEDATE":"Fri, 27 Jan 2023 21:23:02 GMT","STATE":"VT","FIPS8":5005,"SPAN":"699-222-10605","SUBTYPE":null,"GlobalID_1":"9a97b316-4656-49fa-ac97-cabac38e7f1b","UNITCOUNT":1,"PRIMARYADD1":"91 OLD COUNTY RD N WATERFORD","PRIMARYADD2":"91 OLD COUNTY RD N WATERFORD VT 05819","SITETYPE_MULTI1":null,"SITETYPE_MULTI2":null,"SITETYPE_MULTI3":null,"SITETYPE_MULTI4":null,"SITETYPE_MULTI5":null,"COUNTY":"CALEDONIA","COUNTRY":"US","SOURCEOFDATA":"Vermont Enhanced 911 Board","DRIVEWAYID":null,"ESZ":"00300","HOUSE_NUMBER":91,"HOUSE_NUMBERSUFFIX":null,"HOUSE_NUMBERPREFIX":null,"FIPS":"5005"}},
{"type":"Feature","id":160654,"geometry":{"type":"Point","coordinates":[-71.9881602050249,44.4025435032208]},"properties":{"OBJECTID":160654,"SEGMENTID":21062,"ESITEID":275450,"GEONAMEID":22335,"PD":" ","PT":" ","SN":"DANIELS FARM","ST":"RD","SD":" ","PRIMARYNAME":"DANIELS FARM RD  ","ALIAS1":null,"ALIAS2":null,"ALIAS3":null,"ALIAS4":null,"ALIAS5":"5\/12\/2015 7:30:02 PM","PRIMARYADDRESS":"2781 DANIELS FARM RD","SITETYPE":"SINGLE FAMILY DWELLING","TOWNNAME":"WATERFORD","MCODE":721,"ESN":300,"ZIP":"05819","PARCELNUM":"698.","GPSX":-71.98815917,"GPSY":44.40253448,"MAPYEAR":"Thu, 01 Jan 1998 00:00:00 GMT","UPDATEDATE":"Fri, 27 Jan 2023 21:28:55 GMT","STATE":"VT","FIPS8":5005,"SPAN":"699-222-10618","SUBTYPE":null,"GlobalID_1":"8b184bde-9d83-424e-b1c8-c832cdc693f4","UNITCOUNT":1,"PRIMARYADD1":"2781 DANIELS FARM RD WATERFORD","PRIMARYADD2":"2781 DANIELS FARM RD WATERFORD VT 05819","SITETYPE_MULTI1":null,"SITETYPE_MULTI2":null,"SITETYPE_MULTI3":null,"SITETYPE_MULTI4":null,"SITETYPE_MULTI5":null,"COUNTY":"CALEDONIA","COUNTRY":"US","SOURCEOFDATA":"Vermont Enhanced 911 Board","DRIVEWAYID":null,"ESZ":"00300","HOUSE_NUMBER":2781,"HOUSE_NUMBERSUFFIX":null,"HOUSE_NUMBERPREFIX":null,"FIPS":"5005"}},
{"type":"Feature","id":161734,"geometry":{"type":"Point","coordinates":[-71.9225779097359,44.4020018187795]},"properties":{"OBJECTID":161734,"SEGMENTID":58212,"ESITEID":275452,"GEONAMEID":22321,"PD":" ","PT":"","SN":"VT ROUTE 18","ST":" ","SD":" ","PRIMARYNAME":"VT ROUTE 18","ALIAS1":null,"ALIAS2":"ROUTE 18","ALIAS3":null,"ALIAS4":null,"ALIAS5":"5\/12\/2015 7:33:12 PM","PRIMARYADDRESS":"2745 VT ROUTE 18","SITETYPE":"SINGLE FAMILY DWELLING","TOWNNAME":"WATERFORD","MCODE":721,"ESN":300,"ZIP":"05819","PARCELNUM":"354.","GPSX":-71.9225769,"GPSY":44.40199279,"MAPYEAR":"Thu, 01 Jan 1998 00:00:00 GMT","UPDATEDATE":"Fri, 27 Jan 2023 23:50:30 GMT","STATE":"VT","FIPS8":5005,"SPAN":"699-222-10169","SUBTYPE":null,"GlobalID_1":"4eb7a6e8-c6e5-4909-a628-4de645eff315","UNITCOUNT":1,"PRIMARYADD1":"2745 VT ROUTE 18 WATERFORD","PRIMARYADD2":"2745 VT ROUTE 18 WATERFORD VT 05819","SITETYPE_MULTI1":null,"SITETYPE_MULTI2":null,"SITETYPE_MULTI3":null,"SITETYPE_MULTI4":null,"SITETYPE_MULTI5":null,"COUNTY":"CALEDONIA","COUNTRY":"US","SOURCEOFDATA":"Vermont Enhanced 911 Board","DRIVEWAYID":null,"ESZ":"00300","HOUSE_NUMBER":2745,"HOUSE_NUMBERSUFFIX":null,"HOUSE_NUMBERPREFIX":null,"FIPS":"5005"}},
{"type":"Feature","id":336700,"geometry":{"type":"Point","coordinates":[-71.9528132102202,44.4019713009759]},"properties":{"OBJECTID":336700,"SEGMENTID":252306,"ESITEID":275453,"GEONAMEID":22310,"PD":" ","PT":" ","SN":"SLATE LEDGE","ST":"RD","SD":" ","PRIMARYNAME":"SLATE LEDGE RD","ALIAS1":null,"ALIAS2":null,"ALIAS3":null,"ALIAS4":null,"ALIAS5":"5\/12\/2015 7:29:44 PM","PRIMARYADDRESS":"1358 SLATE LEDGE RD","SITETYPE":"SINGLE FAMILY DWELLING","TOWNNAME":"WATERFORD","MCODE":721,"ESN":300,"ZIP":"05819","PARCELNUM":"654.","GPSX":-71.95281219,"GPSY":44.40196228,"MAPYEAR":"Thu, 01 Jan 1998 00:00:00 GMT","UPDATEDATE":"Fri, 27 Jan 2023 21:23:01 GMT","STATE":"VT","FIPS8":5005,"SPAN":"699-222-10264","SUBTYPE":null,"GlobalID_1":"a52b4bdb-ca56-4f5f-98dc-f93fcb42655a","UNITCOUNT":1,"PRIMARYADD1":"1358 SLATE LEDGE RD WATERFORD","PRIMARYADD2":"1358 SLATE LEDGE RD WATERFORD VT 05819","SITETYPE_MULTI1":null,"SITETYPE_MULTI2":null,"SITETYPE_MULTI3":null,"SITETYPE_MULTI4":null,"SITETYPE_MULTI5":null,"COUNTY":"CALEDONIA","COUNTRY":"US","SOURCEOFDATA":"Vermont Enhanced 911 Board","DRIVEWAYID":null,"ESZ":"00300","HOUSE_NUMBER":1358,"HOUSE_NUMBERSUFFIX":null,"HOUSE_NUMBERPREFIX":null,"FIPS":"5005"}},
{"type":"Feature","id":126508,"geometry":{"type":"Point","coordinates":[-71.9149740710045,44.4017887965333]},"properties":{"OBJECTID":126508,"SEGMENTID":13600,"ESITEID":275454,"GEONAMEID":22311,"PD":" ","PT":"","SN":"OLD COUNTY","ST":"RD","SD":"N","PRIMARYNAME":"OLD COUNTY RD N","ALIAS1":null,"ALIAS2":null,"ALIAS3":null,"ALIAS4":null,"ALIAS5":"5\/12\/2015 7:29:44 PM","PRIMARYADDRESS":"431 OLD COUNTY RD N","SITETYPE":"SINGLE FAMILY DWELLING","TOWNNAME":"WATERFORD","MCODE":721,"ESN":300,"ZIP":"05819","PARCELNUM":"301.","GPSX":-71.91497306,"GPSY":44.40177977,"MAPYEAR":"Thu, 01 Jan 1998 00:00:00 GMT","UPDATEDATE":"Fri, 27 Jan 2023 21:23:02 GMT","STATE":"VT","FIPS8":5005,"SPAN":"699-222-10104","SUBTYPE":null,"GlobalID_1":"980e3cd7-4c69-4d93-8df8-e12d8fc525c1","UNITCOUNT":1,"PRIMARYADD1":"431 OLD COUNTY RD N WATERFORD","PRIMARYADD2":"431 OLD COUNTY RD N WATERFORD VT 05819","SITETYPE_MULTI1":null,"SITETYPE_MULTI2":null,"SITETYPE_MULTI3":null,"SITETYPE_MULTI4":null,"SITETYPE_MULTI5":null,"COUNTY":"CALEDONIA","COUNTRY":"US","SOURCEOFDATA":"Vermont Enhanced 911 Board","DRIVEWAYID":null,"ESZ":"00300","HOUSE_NUMBER":431,"HOUSE_NUMBERSUFFIX":null,"HOUSE_NUMBERPREFIX":null,"FIPS":"5005"}},
{"type":"Feature","id":316904,"geometry":{"type":"Point","coordinates":[-71.9509287479424,44.4017386044865]},"properties":{"OBJECTID":316904,"SEGMENTID":252306,"ESITEID":275455,"GEONAMEID":22310,"PD":" ","PT":" ","SN":"SLATE LEDGE","ST":"RD","SD":" ","PRIMARYNAME":"SLATE LEDGE RD","ALIAS1":null,"ALIAS2":null,"ALIAS3":null,"ALIAS4":null,"ALIAS5":"5\/12\/2015 7:29:44 PM","PRIMARYADDRESS":"1409 SLATE LEDGE RD","SITETYPE":"SINGLE FAMILY DWELLING","TOWNNAME":"WATERFORD","MCODE":721,"ESN":300,"ZIP":"05819","PARCELNUM":"570.","GPSX":-71.95092773,"GPSY":44.40172958,"MAPYEAR":"Thu, 01 Jan 1998 00:00:00 GMT","UPDATEDATE":"Fri, 27 Jan 2023 21:23:01 GMT","STATE":"VT","FIPS8":5005,"SPAN":"699-222-10400","SUBTYPE":null,"GlobalID_1":"bb98d9a0-cdaa-43aa-bcd9-28047a1c67ba","UNITCOUNT":1,"PRIMARYADD1":"1409 SLATE LEDGE RD WATERFORD","PRIMARYADD2":"1409 SLATE LEDGE RD WATERFORD VT 05819","SITETYPE_MULTI1":null,"SITETYPE_MULTI2":null,"SITETYPE_MULTI3":null,"SITETYPE_MULTI4":null,"SITETYPE_MULTI5":null,"COUNTY":"CALEDONIA","COUNTRY":"US","SOURCEOFDATA":"Vermont Enhanced 911 Board","DRIVEWAYID":null,"ESZ":"00300","HOUSE_NUMBER":1409,"HOUSE_NUMBERSUFFIX":null,"HOUSE_NUMBERPREFIX":null,"FIPS":"5005"}},
{"type":"Feature","id":260757,"geometry":{"type":"Point","coordinates":[-71.9219294106737,44.4015211681397]},"properties":{"OBJECTID":260757,"SEGMENTID":58212,"ESITEID":275456,"GEONAMEID":22321,"PD":" ","PT":"","SN":"VT ROUTE 18","ST":" ","SD":" ","PRIMARYNAME":"VT ROUTE 18","ALIAS1":null,"ALIAS2":"ROUTE 18","ALIAS3":null,"ALIAS4":null,"ALIAS5":"5\/12\/2015 7:33:30 PM","PRIMARYADDRESS":"2777 VT ROUTE 18","SITETYPE":"SINGLE FAMILY DWELLING","TOWNNAME":"WATERFORD","MCODE":721,"ESN":300,"ZIP":"05819","PARCELNUM":"881.","GPSX":-71.9219284,"GPSY":44.40151214,"MAPYEAR":"Thu, 01 Jan 1998 00:00:00 GMT","UPDATEDATE":"Fri, 27 Jan 2023 23:58:37 GMT","STATE":"VT","FIPS8":5005,"SPAN":"699-222-10233","SUBTYPE":null,"GlobalID_1":"735b95fa-a9ec-45b1-9254-c2bd57e5e0bf","UNITCOUNT":1,"PRIMARYADD1":"2777 VT ROUTE 18 WATERFORD","PRIMARYADD2":"2777 VT ROUTE 18 WATERFORD VT 05819","SITETYPE_MULTI1":null,"SITETYPE_MULTI2":null,"SITETYPE_MULTI3":null,"SITETYPE_MULTI4":null,"SITETYPE_MULTI5":null,"COUNTY":"CALEDONIA","COUNTRY":"US","SOURCEOFDATA":"Vermont Enhanced 911 Board","DRIVEWAYID":null,"ESZ":"00300","HOUSE_NUMBER":2777,"HOUSE_NUMBERSUFFIX":null,"HOUSE_NUMBERPREFIX":null,"FIPS":"5005"}},
{"type":"Feature","id":274122,"geometry":{"type":"Point","coordinates":[-71.9861232854012,44.4016913228275]},"properties":{"OBJECTID":274122,"SEGMENTID":21062,"ESITEID":275457,"GEONAMEID":22335,"PD":" ","PT":" ","SN":"DANIELS FARM","ST":"RD","SD":" ","PRIMARYNAME":"DANIELS FARM RD  ","ALIAS1":null,"ALIAS2":null,"ALIAS3":null,"ALIAS4":null,"ALIAS5":"5\/12\/2015 7:30:02 PM","PRIMARYADDRESS":"2667 DANIELS FARM RD","SITETYPE":"SINGLE FAMILY DWELLING","TOWNNAME":"WATERFORD","MCODE":721,"ESN":300,"ZIP":"05819","PARCELNUM":"302.","GPSX":-71.98612225,"GPSY":44.4016823,"MAPYEAR":"Thu, 01 Jan 1998 00:00:00 GMT","UPDATEDATE":"Fri, 27 Jan 2023 21:28:55 GMT","STATE":"VT","FIPS8":5005,"SPAN":"699-222-10513","SUBTYPE":null,"GlobalID_1":"41ec41a8-6ec9-4baa-b2ba-a24556e04e9c","UNITCOUNT":1,"PRIMARYADD1":"2667 DANIELS FARM RD WATERFORD","PRIMARYADD2":"2667 DANIELS FARM RD WATERFORD VT 05819","SITETYPE_MULTI1":null,"SITETYPE_MULTI2":null,"SITETYPE_MULTI3":null,"SITETYPE_MULTI4":null,"SITETYPE_MULTI5":null,"COUNTY":"CALEDONIA","COUNTRY":"US","SOURCEOFDATA":"Vermont Enhanced 911 Board","DRIVEWAYID":null,"ESZ":"00300","HOUSE_NUMBER":2667,"HOUSE_NUMBERSUFFIX":null,"HOUSE_NUMBERPREFIX":null,"FIPS":"5005"}},
{"type":"Feature","id":220439,"geometry":{"type":"Point","coordinates":[-71.9222831880594,44.4010864403296]},"properties":{"OBJECTID":220439,"SEGMENTID":58212,"ESITEID":275458,"GEONAMEID":22321,"PD":" ","PT":"","SN":"VT ROUTE 18","ST":" ","SD":" ","PRIMARYNAME":"VT ROUTE 18","ALIAS1":null,"ALIAS2":"ROUTE 18","ALIAS3":null,"ALIAS4":null,"ALIAS5":"5\/12\/2015 7:33:15 PM","PRIMARYADDRESS":"2797 VT ROUTE 18","SITETYPE":"SINGLE FAMILY DWELLING","TOWNNAME":"WATERFORD","MCODE":721,"ESN":300,"ZIP":"05819","PARCELNUM":"810.","GPSX":-71.92228218,"GPSY":44.40107741,"MAPYEAR":"Thu, 01 Jan 1998 00:00:00 GMT","UPDATEDATE":"Thu, 29 May 2025 13:46:43 GMT","STATE":"VT","FIPS8":5005,"SPAN":"699-222-10638","SUBTYPE":null,"GlobalID_1":"3bc65ec4-4e7f-4f0d-9aaf-49808d85fef5","UNITCOUNT":1,"PRIMARYADD1":"2797 VT ROUTE 18 WATERFORD","PRIMARYADD2":"2797 VT ROUTE 18 WATERFORD VT 05819","SITETYPE_MULTI1":null,"SITETYPE_MULTI2":null,"SITETYPE_MULTI3":null,"SITETYPE_MULTI4":null,"SITETYPE_MULTI5":null,"COUNTY":"CALEDONIA","COUNTRY":"US","SOURCEOFDATA":"Vermont Enhanced 911 Board","DRIVEWAYID":null,"ESZ":"00300","HOUSE_NUMBER":2797,"HOUSE_NUMBERSUFFIX":null,"HOUSE_NUMBERPREFIX":null,"FIPS":"5005"}},
{"type":"Feature","id":300759,"geometry":{"type":"Point","coordinates":[-71.985009264455,44.4014601296123]},"properties":{"OBJECTID":300759,"SEGMENTID":21062,"ESITEID":275459,"GEONAMEID":22335,"PD":" ","PT":" ","SN":"DANIELS FARM","ST":"RD","SD":" ","PRIMARYNAME":"DANIELS FARM RD  ","ALIAS1":null,"ALIAS2":null,"ALIAS3":null,"ALIAS4":null,"ALIAS5":"5\/12\/2015 7:30:02 PM","PRIMARYADDRESS":"2644 DANIELS FARM RD","SITETYPE":"SINGLE FAMILY DWELLING","TOWNNAME":"WATERFORD","MCODE":721,"ESN":300,"ZIP":"05819","PARCELNUM":"624.","GPSX":-71.98500823,"GPSY":44.40145111,"MAPYEAR":"Thu, 01 Jan 1998 00:00:00 GMT","UPDATEDATE":"Fri, 27 Jan 2023 21:28:55 GMT","STATE":"VT","FIPS8":5005,"SPAN":"699-222-10455","SUBTYPE":null,"GlobalID_1":"5feeca7f-49c7-449a-9f70-75edc98cb9db","UNITCOUNT":1,"PRIMARYADD1":"2644 DANIELS FARM RD WATERFORD","PRIMARYADD2":"2644 DANIELS FARM RD WATERFORD VT 05819","SITETYPE_MULTI1":null,"SITETYPE_MULTI2":null,"SITETYPE_MULTI3":null,"SITETYPE_MULTI4":null,"SITETYPE_MULTI5":null,"COUNTY":"CALEDONIA","COUNTRY":"US","SOURCEOFDATA":"Vermont Enhanced 911 Board","DRIVEWAYID":null,"ESZ":"00300","HOUSE_NUMBER":2644,"HOUSE_NUMBERSUFFIX":null,"HOUSE_NUMBERPREFIX":null,"FIPS":"5005"}},
{"type":"Feature","id":198978,"geometry":{"type":"Point","coordinates":[-71.9042131651764,44.4009664471815]},"properties":{"OBJECTID":198978,"SEGMENTID":13601,"ESITEID":275460,"GEONAMEID":22312,"PD":" ","PT":"","SN":"LAWRENCE","ST":"RD","SD":"","PRIMARYNAME":"LAWRENCE RD","ALIAS1":null,"ALIAS2":null,"ALIAS3":null,"ALIAS4":null,"ALIAS5":"5\/12\/2015 7:30:01 PM","PRIMARYADDRESS":"1092 LAWRENCE RD","SITETYPE":"SINGLE FAMILY DWELLING","TOWNNAME":"WATERFORD","MCODE":721,"ESN":300,"ZIP":"05819","PARCELNUM":"629.","GPSX":-71.90421216,"GPSY":44.40095742,"MAPYEAR":"Thu, 01 Jan 1998 00:00:00 GMT","UPDATEDATE":"Fri, 27 Jan 2023 21:28:48 GMT","STATE":"VT","FIPS8":5005,"SPAN":"699-222-10462","SUBTYPE":null,"GlobalID_1":"0cd68d12-0810-49c4-9265-a117707bb60b","UNITCOUNT":1,"PRIMARYADD1":"1092 LAWRENCE RD WATERFORD","PRIMARYADD2":"1092 LAWRENCE RD WATERFORD VT 05819","SITETYPE_MULTI1":null,"SITETYPE_MULTI2":null,"SITETYPE_MULTI3":null,"SITETYPE_MULTI4":null,"SITETYPE_MULTI5":null,"COUNTY":"CALEDONIA","COUNTRY":"US","SOURCEOFDATA":"Vermont Enhanced 911 Board","DRIVEWAYID":null,"ESZ":"00300","HOUSE_NUMBER":1092,"HOUSE_NUMBERSUFFIX":null,"HOUSE_NUMBERPREFIX":null,"FIPS":"5005"}},
{"type":"Feature","id":230129,"geometry":{"type":"Point","coordinates":[-71.917769280185,44.4006352442321]},"properties":{"OBJECTID":230129,"SEGMENTID":39588,"ESITEID":275461,"GEONAMEID":22349,"PD":" ","PT":" ","SN":"STONYBROOK","ST":"RD","SD":" ","PRIMARYNAME":"STONYBROOK RD","ALIAS1":null,"ALIAS2":null,"ALIAS3":null,"ALIAS4":null,"ALIAS5":"5\/12\/2015 7:29:44 PM","PRIMARYADDRESS":"48 STONYBROOK RD","SITETYPE":"SINGLE FAMILY DWELLING","TOWNNAME":"WATERFORD","MCODE":721,"ESN":300,"ZIP":"05819","PARCELNUM":"791.","GPSX":-71.91776827,"GPSY":44.40062622,"MAPYEAR":"Thu, 01 Jan 1998 00:00:00 GMT","UPDATEDATE":"Fri, 27 Jan 2023 21:23:09 GMT","STATE":"VT","FIPS8":5005,"SPAN":"699-222-10134","SUBTYPE":null,"GlobalID_1":"6824d717-8325-42e4-90b2-87a4d81b8d63","UNITCOUNT":1,"PRIMARYADD1":"48 STONYBROOK RD WATERFORD","PRIMARYADD2":"48 STONYBROOK RD WATERFORD VT 05819","SITETYPE_MULTI1":null,"SITETYPE_MULTI2":null,"SITETYPE_MULTI3":null,"SITETYPE_MULTI4":null,"SITETYPE_MULTI5":null,"COUNTY":"CALEDONIA","COUNTRY":"US","SOURCEOFDATA":"Vermont Enhanced 911 Board","DRIVEWAYID":null,"ESZ":"00300","HOUSE_NUMBER":48,"HOUSE_NUMBERSUFFIX":null,"HOUSE_NUMBERPREFIX":null,"FIPS":"5005"}},
{"type":"Feature","id":37623,"geometry":{"type":"Point","coordinates":[-71.9838830830616,44.4007044924285]},"properties":{"OBJECTID":37623,"SEGMENTID":21062,"ESITEID":275462,"GEONAMEID":22335,"PD":" ","PT":" ","SN":"DANIELS FARM","ST":"RD","SD":" ","PRIMARYNAME":"DANIELS FARM RD  ","ALIAS1":null,"ALIAS2":null,"ALIAS3":null,"ALIAS4":null,"ALIAS5":"5\/12\/2015 7:30:02 PM","PRIMARYADDRESS":"2558 DANIELS FARM RD","SITETYPE":"SINGLE FAMILY DWELLING","TOWNNAME":"WATERFORD","MCODE":721,"ESN":300,"ZIP":"05819","PARCELNUM":"290.","GPSX":-71.98388205,"GPSY":44.40069547,"MAPYEAR":"Thu, 01 Jan 1998 00:00:00 GMT","UPDATEDATE":"Fri, 27 Jan 2023 21:28:55 GMT","STATE":"VT","FIPS8":5005,"SPAN":"699-222-10091","SUBTYPE":null,"GlobalID_1":"27781123-6216-4566-be29-948e8dbe6751","UNITCOUNT":1,"PRIMARYADD1":"2558 DANIELS FARM RD WATERFORD","PRIMARYADD2":"2558 DANIELS FARM RD WATERFORD VT 05819","SITETYPE_MULTI1":null,"SITETYPE_MULTI2":null,"SITETYPE_MULTI3":null,"SITETYPE_MULTI4":null,"SITETYPE_MULTI5":null,"COUNTY":"CALEDONIA","COUNTRY":"US","SOURCEOFDATA":"Vermont Enhanced 911 Board","DRIVEWAYID":null,"ESZ":"00300","HOUSE_NUMBER":2558,"HOUSE_NUMBERSUFFIX":null,"HOUSE_NUMBERPREFIX":null,"FIPS":"5005"}},
{"type":"Feature","id":112788,"geometry":{"type":"Point","coordinates":[-71.9139309038658,44.4024509335588]},"properties":{"OBJECTID":112788,"SEGMENTID":13600,"ESITEID":275463,"GEONAMEID":22311,"PD":" ","PT":"","SN":"OLD COUNTY","ST":"RD","SD":"N","PRIMARYNAME":"OLD COUNTY RD N","ALIAS1":null,"ALIAS2":null,"ALIAS3":null,"ALIAS4":null,"ALIAS5":"5\/12\/2015 7:29:44 PM","PRIMARYADDRESS":"467 OLD COUNTY RD N","SITETYPE":"SINGLE FAMILY DWELLING","TOWNNAME":"WATERFORD","MCODE":721,"ESN":300,"ZIP":"05819","PARCELNUM":"712.","GPSX":-71.9139299,"GPSY":44.40244191,"MAPYEAR":"Thu, 01 Jan 1998 00:00:00 GMT","UPDATEDATE":"Fri, 27 Jan 2023 21:23:02 GMT","STATE":"VT","FIPS8":5005,"SPAN":"699-222-10340","SUBTYPE":null,"GlobalID_1":"ffc61c88-49e8-4e6b-a265-3fcea5671cdc","UNITCOUNT":1,"PRIMARYADD1":"467 OLD COUNTY RD N WATERFORD","PRIMARYADD2":"467 OLD COUNTY RD N WATERFORD VT 05819","SITETYPE_MULTI1":null,"SITETYPE_MULTI2":null,"SITETYPE_MULTI3":null,"SITETYPE_MULTI4":null,"SITETYPE_MULTI5":null,"COUNTY":"CALEDONIA","COUNTRY":"US","SOURCEOFDATA":"Vermont Enhanced 911 Board","DRIVEWAYID":null,"ESZ":"00300","HOUSE_NUMBER":467,"HOUSE_NUMBERSUFFIX":null,"HOUSE_NUMBERPREFIX":null,"FIPS":"5005"}},
{"type":"Feature","id":15346,"geometry":{"type":"Point","coordinates":[-71.9267287117623,44.4002988517243]},"properties":{"OBJECTID":15346,"SEGMENTID":50841,"ESITEID":275464,"GEONAMEID":22326,"PD":" ","PT":" ","SN":"DUCK POND","ST":"RD","SD":" ","PRIMARYNAME":"DUCK POND RD  ","ALIAS1":null,"ALIAS2":null,"ALIAS3":null,"ALIAS4":null,"ALIAS5":"6\/21\/2022 1:22:41 PM","PRIMARYADDRESS":"301 DUCK POND RD","SITETYPE":"SINGLE FAMILY DWELLING","TOWNNAME":"WATERFORD","MCODE":721,"ESN":300,"ZIP":"05819","PARCELNUM":"545.","GPSX":-71.92672771,"GPSY":44.40028983,"MAPYEAR":"Thu, 01 Jan 1998 00:00:00 GMT","UPDATEDATE":"Fri, 27 Jan 2023 21:28:51 GMT","STATE":"VT","FIPS8":5005,"SPAN":"699-222-10535","SUBTYPE":null,"GlobalID_1":"2a1c50ae-75ec-4066-932a-214192048d80","UNITCOUNT":1,"PRIMARYADD1":"301 DUCK POND RD WATERFORD","PRIMARYADD2":"301 DUCK POND RD WATERFORD VT 05819","SITETYPE_MULTI1":null,"SITETYPE_MULTI2":null,"SITETYPE_MULTI3":null,"SITETYPE_MULTI4":null,"SITETYPE_MULTI5":null,"COUNTY":"CALEDONIA","COUNTRY":"US","SOURCEOFDATA":"Vermont Enhanced 911 Board","DRIVEWAYID":null,"ESZ":"00300","HOUSE_NUMBER":301,"HOUSE_NUMBERSUFFIX":null,"HOUSE_NUMBERPREFIX":null,"FIPS":"5005"}},
{"type":"Feature","id":157304,"geometry":{"type":"Point","coordinates":[-71.9853532464488,44.4007286653052]},"properties":{"OBJECTID":157304,"SEGMENTID":21062,"ESITEID":275465,"GEONAMEID":22335,"PD":" ","PT":" ","SN":"DANIELS FARM","ST":"RD","SD":" ","PRIMARYNAME":"DANIELS FARM RD  ","ALIAS1":null,"ALIAS2":null,"ALIAS3":null,"ALIAS4":null,"ALIAS5":"5\/12\/2015 7:30:02 PM","PRIMARYADDRESS":"2555 DANIELS FARM RD","SITETYPE":"MOBILE HOME","TOWNNAME":"WATERFORD","MCODE":721,"ESN":300,"ZIP":"05819","PARCELNUM":"051.","GPSX":-71.98535222,"GPSY":44.40071964,"MAPYEAR":"Thu, 01 Jan 1998 00:00:00 GMT","UPDATEDATE":"Fri, 27 Jan 2023 21:28:55 GMT","STATE":"VT","FIPS8":5005,"SPAN":"699-222-10052","SUBTYPE":null,"GlobalID_1":"0f040c38-a65e-42e6-8912-fa5bbd5eb76f","UNITCOUNT":1,"PRIMARYADD1":"2555 DANIELS FARM RD WATERFORD","PRIMARYADD2":"2555 DANIELS FARM RD WATERFORD VT 05819","SITETYPE_MULTI1":null,"SITETYPE_MULTI2":null,"SITETYPE_MULTI3":null,"SITETYPE_MULTI4":null,"SITETYPE_MULTI5":null,"COUNTY":"CALEDONIA","COUNTRY":"US","SOURCEOFDATA":"Vermont Enhanced 911 Board","DRIVEWAYID":null,"ESZ":"00300","HOUSE_NUMBER":2555,"HOUSE_NUMBERSUFFIX":null,"HOUSE_NUMBERPREFIX":null,"FIPS":"5005"}},
{"type":"Feature","id":238956,"geometry":{"type":"Point","coordinates":[-71.9170030883033,44.4000986243607]},"properties":{"OBJECTID":238956,"SEGMENTID":39588,"ESITEID":275466,"GEONAMEID":22349,"PD":" ","PT":" ","SN":"STONYBROOK","ST":"RD","SD":" ","PRIMARYNAME":"STONYBROOK RD","ALIAS1":null,"ALIAS2":null,"ALIAS3":null,"ALIAS4":null,"ALIAS5":"5\/12\/2015 7:29:44 PM","PRIMARYADDRESS":"69 STONYBROOK RD","SITETYPE":"SINGLE FAMILY DWELLING","TOWNNAME":"WATERFORD","MCODE":721,"ESN":300,"ZIP":"05819","PARCELNUM":"908.","GPSX":-71.91700208,"GPSY":44.4000896,"MAPYEAR":"Thu, 01 Jan 1998 00:00:00 GMT","UPDATEDATE":"Fri, 27 Jan 2023 21:23:09 GMT","STATE":"VT","FIPS8":5005,"SPAN":"699-222-10796","SUBTYPE":null,"GlobalID_1":"cfb77cbe-2c9c-48a0-8395-1eb2624b3be2","UNITCOUNT":1,"PRIMARYADD1":"69 STONYBROOK RD WATERFORD","PRIMARYADD2":"69 STONYBROOK RD WATERFORD VT 05819","SITETYPE_MULTI1":null,"SITETYPE_MULTI2":null,"SITETYPE_MULTI3":null,"SITETYPE_MULTI4":null,"SITETYPE_MULTI5":null,"COUNTY":"CALEDONIA","COUNTRY":"US","SOURCEOFDATA":"Vermont Enhanced 911 Board","DRIVEWAYID":null,"ESZ":"00300","HOUSE_NUMBER":69,"HOUSE_NUMBERSUFFIX":null,"HOUSE_NUMBERPREFIX":null,"FIPS":"5005"}},
{"type":"Feature","id":317343,"geometry":{"type":"Point","coordinates":[-71.9104929448229,44.4000639528819]},"properties":{"OBJECTID":317343,"SEGMENTID":13600,"ESITEID":275467,"GEONAMEID":22311,"PD":" ","PT":"","SN":"OLD COUNTY","ST":"RD","SD":"N","PRIMARYNAME":"OLD COUNTY RD N","ALIAS1":null,"ALIAS2":null,"ALIAS3":null,"ALIAS4":null,"ALIAS5":"5\/12\/2015 7:29:44 PM","PRIMARYADDRESS":"695 OLD COUNTY RD N","SITETYPE":"SINGLE FAMILY DWELLING","TOWNNAME":"WATERFORD","MCODE":721,"ESN":300,"ZIP":"05819","PARCELNUM":"943.","GPSX":-71.91049194,"GPSY":44.40005493,"MAPYEAR":"Thu, 01 Jan 1998 00:00:00 GMT","UPDATEDATE":"Fri, 27 Jan 2023 21:23:02 GMT","STATE":"VT","FIPS8":5005,"SPAN":"699-222-10184","SUBTYPE":null,"GlobalID_1":"e9db2547-c8fb-42e3-a19a-7dadc2ee9fc4","UNITCOUNT":1,"PRIMARYADD1":"695 OLD COUNTY RD N WATERFORD","PRIMARYADD2":"695 OLD COUNTY RD N WATERFORD VT 05819","SITETYPE_MULTI1":null,"SITETYPE_MULTI2":null,"SITETYPE_MULTI3":null,"SITETYPE_MULTI4":null,"SITETYPE_MULTI5":null,"COUNTY":"CALEDONIA","COUNTRY":"US","SOURCEOFDATA":"Vermont Enhanced 911 Board","DRIVEWAYID":null,"ESZ":"00300","HOUSE_NUMBER":695,"HOUSE_NUMBERSUFFIX":null,"HOUSE_NUMBERPREFIX":null,"FIPS":"5005"}},
{"type":"Feature","id":248599,"geometry":{"type":"Point","coordinates":[-71.9149303617777,44.3998597155115]},"properties":{"OBJECTID":248599,"SEGMENTID":13600,"ESITEID":275468,"GEONAMEID":22311,"PD":" ","PT":"","SN":"OLD COUNTY","ST":"RD","SD":"N","PRIMARYNAME":"OLD COUNTY RD N","ALIAS1":null,"ALIAS2":null,"ALIAS3":null,"ALIAS4":null,"ALIAS5":"5\/12\/2015 7:29:44 PM","PRIMARYADDRESS":"466 OLD COUNTY RD N","SITETYPE":"SINGLE FAMILY DWELLING","TOWNNAME":"WATERFORD","MCODE":721,"ESN":300,"ZIP":"05819","PARCELNUM":"688.","GPSX":-71.91492935,"GPSY":44.39985069,"MAPYEAR":"Thu, 01 Jan 1998 00:00:00 GMT","UPDATEDATE":"Fri, 27 Jan 2023 21:23:02 GMT","STATE":"VT","FIPS8":5005,"SPAN":"699-222-10042","SUBTYPE":null,"GlobalID_1":"6264f11b-5501-48f5-98b6-3857e6e432d3","UNITCOUNT":1,"PRIMARYADD1":"466 OLD COUNTY RD N WATERFORD","PRIMARYADD2":"466 OLD COUNTY RD N WATERFORD VT 05819","SITETYPE_MULTI1":null,"SITETYPE_MULTI2":null,"SITETYPE_MULTI3":null,"SITETYPE_MULTI4":null,"SITETYPE_MULTI5":null,"COUNTY":"CALEDONIA","COUNTRY":"US","SOURCEOFDATA":"Vermont Enhanced 911 Board","DRIVEWAYID":null,"ESZ":"00300","HOUSE_NUMBER":466,"HOUSE_NUMBERSUFFIX":null,"HOUSE_NUMBERPREFIX":null,"FIPS":"5005"}},
{"type":"Feature","id":306860,"geometry":{"type":"Point","coordinates":[-71.9177315238238,44.3997598319448]},"properties":{"OBJECTID":306860,"SEGMENTID":39588,"ESITEID":275469,"GEONAMEID":22349,"PD":" ","PT":" ","SN":"STONYBROOK","ST":"RD","SD":" ","PRIMARYNAME":"STONYBROOK RD","ALIAS1":null,"ALIAS2":null,"ALIAS3":null,"ALIAS4":null,"ALIAS5":"5\/12\/2015 7:29:44 PM","PRIMARYADDRESS":"88 STONYBROOK RD","SITETYPE":"SINGLE FAMILY DWELLING","TOWNNAME":"WATERFORD","MCODE":721,"ESN":300,"ZIP":"05819","PARCELNUM":"614.","GPSX":-71.91773052,"GPSY":44.39975081,"MAPYEAR":"Thu, 01 Jan 1998 00:00:00 GMT","UPDATEDATE":"Fri, 27 Jan 2023 21:23:09 GMT","STATE":"VT","FIPS8":5005,"SPAN":"699-222-10440","SUBTYPE":null,"GlobalID_1":"3af59bae-2602-4891-93d1-d75b4b94d565","UNITCOUNT":1,"PRIMARYADD1":"88 STONYBROOK RD WATERFORD","PRIMARYADD2":"88 STONYBROOK RD WATERFORD VT 05819","SITETYPE_MULTI1":null,"SITETYPE_MULTI2":null,"SITETYPE_MULTI3":null,"SITETYPE_MULTI4":null,"SITETYPE_MULTI5":null,"COUNTY":"CALEDONIA","COUNTRY":"US","SOURCEOFDATA":"Vermont Enhanced 911 Board","DRIVEWAYID":null,"ESZ":"00300","HOUSE_NUMBER":88,"HOUSE_NUMBERSUFFIX":null,"HOUSE_NUMBERPREFIX":null,"FIPS":"5005"}},
{"type":"Feature","id":1642,"geometry":{"type":"Point","coordinates":[-71.9216267506448,44.400180944707]},"properties":{"OBJECTID":1642,"SEGMENTID":58212,"ESITEID":275470,"GEONAMEID":22321,"PD":" ","PT":"","SN":"VT ROUTE 18","ST":" ","SD":" ","PRIMARYNAME":"VT ROUTE 18","ALIAS1":null,"ALIAS2":"ROUTE 18","ALIAS3":null,"ALIAS4":null,"ALIAS5":"6\/21\/2022 1:23:41 PM","PRIMARYADDRESS":"2887 VT ROUTE 18","SITETYPE":"SINGLE FAMILY DWELLING","TOWNNAME":"WATERFORD","MCODE":721,"ESN":300,"ZIP":"05819","PARCELNUM":"427.","GPSX":-71.92162575,"GPSY":44.40017192,"MAPYEAR":"Thu, 01 Jan 1998 00:00:00 GMT","UPDATEDATE":"Sat, 28 Jan 2023 00:00:07 GMT","STATE":"VT","FIPS8":5005,"SPAN":"699-222-10248","SUBTYPE":null,"GlobalID_1":"d6196162-f077-46e9-8d34-cda5503c4d50","UNITCOUNT":1,"PRIMARYADD1":"2887 VT ROUTE 18 WATERFORD","PRIMARYADD2":"2887 VT ROUTE 18 WATERFORD VT 05819","SITETYPE_MULTI1":null,"SITETYPE_MULTI2":null,"SITETYPE_MULTI3":null,"SITETYPE_MULTI4":null,"SITETYPE_MULTI5":null,"COUNTY":"CALEDONIA","COUNTRY":"US","SOURCEOFDATA":"Vermont Enhanced 911 Board","DRIVEWAYID":null,"ESZ":"00300","HOUSE_NUMBER":2887,"HOUSE_NUMBERSUFFIX":null,"HOUSE_NUMBERPREFIX":null,"FIPS":"5005"}},
{"type":"Feature","id":208116,"geometry":{"type":"Point","coordinates":[-71.9858266120821,44.4004399088334]},"properties":{"OBJECTID":208116,"SEGMENTID":21062,"ESITEID":275471,"GEONAMEID":22335,"PD":" ","PT":" ","SN":"DANIELS FARM","ST":"RD","SD":" ","PRIMARYNAME":"DANIELS FARM RD  ","ALIAS1":null,"ALIAS2":null,"ALIAS3":null,"ALIAS4":null,"ALIAS5":"5\/12\/2015 7:30:02 PM","PRIMARYADDRESS":"2531 DANIELS FARM RD","SITETYPE":"SINGLE FAMILY DWELLING","TOWNNAME":"WATERFORD","MCODE":721,"ESN":300,"ZIP":"05819","PARCELNUM":"655.","GPSX":-71.98582558,"GPSY":44.40043088,"MAPYEAR":"Thu, 01 Jan 1998 00:00:00 GMT","UPDATEDATE":"Fri, 27 Jan 2023 21:28:55 GMT","STATE":"VT","FIPS8":5005,"SPAN":"699-222-10480","SUBTYPE":null,"GlobalID_1":"15ca68f5-a5cd-4076-ae6b-e4488b2e3ff3","UNITCOUNT":1,"PRIMARYADD1":"2531 DANIELS FARM RD WATERFORD","PRIMARYADD2":"2531 DANIELS FARM RD WATERFORD VT 05819","SITETYPE_MULTI1":null,"SITETYPE_MULTI2":null,"SITETYPE_MULTI3":null,"SITETYPE_MULTI4":null,"SITETYPE_MULTI5":null,"COUNTY":"CALEDONIA","COUNTRY":"US","SOURCEOFDATA":"Vermont Enhanced 911 Board","DRIVEWAYID":null,"ESZ":"00300","HOUSE_NUMBER":2531,"HOUSE_NUMBERSUFFIX":null,"HOUSE_NUMBERPREFIX":null,"FIPS":"5005"}},
{"type":"Feature","id":347234,"geometry":{"type":"Point","coordinates":[-71.9254705956612,44.399697128351]},"properties":{"OBJECTID":347234,"SEGMENTID":50841,"ESITEID":275472,"GEONAMEID":22326,"PD":" ","PT":" ","SN":"DUCK POND","ST":"RD","SD":" ","PRIMARYNAME":"DUCK POND RD  ","ALIAS1":null,"ALIAS2":null,"ALIAS3":null,"ALIAS4":null,"ALIAS5":"6\/21\/2022 1:24:19 PM","PRIMARYADDRESS":"173 DUCK POND RD","SITETYPE":"COMMERCIAL","TOWNNAME":"WATERFORD","MCODE":721,"ESN":300,"ZIP":"05819","PARCELNUM":"424.","GPSX":-71.92546959,"GPSY":44.39968811,"MAPYEAR":"Thu, 01 Jan 1998 00:00:00 GMT","UPDATEDATE":"Thu, 29 May 2025 13:46:58 GMT","STATE":"VT","FIPS8":5005,"SPAN":"699-222-10005","SUBTYPE":null,"GlobalID_1":"c746f7a5-4c9c-4def-80fa-5b4a328fa55e","UNITCOUNT":1,"PRIMARYADD1":"173 DUCK POND RD WATERFORD","PRIMARYADD2":"173 DUCK POND RD WATERFORD VT 05819","SITETYPE_MULTI1":null,"SITETYPE_MULTI2":null,"SITETYPE_MULTI3":null,"SITETYPE_MULTI4":null,"SITETYPE_MULTI5":null,"COUNTY":"CALEDONIA","COUNTRY":"US","SOURCEOFDATA":"Vermont Enhanced 911 Board","DRIVEWAYID":null,"ESZ":"00300","HOUSE_NUMBER":173,"HOUSE_NUMBERSUFFIX":null,"HOUSE_NUMBERPREFIX":null,"FIPS":"5005"}},
{"type":"Feature","id":206623,"geometry":{"type":"Point","coordinates":[-71.9823591934768,44.4001454617281]},"properties":{"OBJECTID":206623,"SEGMENTID":21062,"ESITEID":275473,"GEONAMEID":22335,"PD":" ","PT":" ","SN":"DANIELS FARM","ST":"RD","SD":" ","PRIMARYNAME":"DANIELS FARM RD  ","ALIAS1":null,"ALIAS2":null,"ALIAS3":null,"ALIAS4":null,"ALIAS5":"5\/12\/2015 7:30:02 PM","PRIMARYADDRESS":"2490 DANIELS FARM RD","SITETYPE":"SINGLE FAMILY DWELLING","TOWNNAME":"WATERFORD","MCODE":721,"ESN":300,"ZIP":"05819","PARCELNUM":"654.1","GPSX":-71.98235816,"GPSY":44.40013644,"MAPYEAR":"Thu, 01 Jan 1998 00:00:00 GMT","UPDATEDATE":"Fri, 27 Jan 2023 21:28:55 GMT","STATE":"VT","FIPS8":5005,"SPAN":"699-222-10234","SUBTYPE":null,"GlobalID_1":"42fd47f2-505f-45c6-b91a-126c4e476a3c","UNITCOUNT":1,"PRIMARYADD1":"2490 DANIELS FARM RD WATERFORD","PRIMARYADD2":"2490 DANIELS FARM RD WATERFORD VT 05819","SITETYPE_MULTI1":null,"SITETYPE_MULTI2":null,"SITETYPE_MULTI3":null,"SITETYPE_MULTI4":null,"SITETYPE_MULTI5":null,"COUNTY":"CALEDONIA","COUNTRY":"US","SOURCEOFDATA":"Vermont Enhanced 911 Board","DRIVEWAYID":null,"ESZ":"00300","HOUSE_NUMBER":2490,"HOUSE_NUMBERSUFFIX":null,"HOUSE_NUMBERPREFIX":null,"FIPS":"5005"}},
{"type":"Feature","id":204799,"geometry":{"type":"Point","coordinates":[-71.913174002079,44.3998269834098]},"properties":{"OBJECTID":204799,"SEGMENTID":13600,"ESITEID":275474,"GEONAMEID":22311,"PD":" ","PT":"","SN":"OLD COUNTY","ST":"RD","SD":"N","PRIMARYNAME":"OLD COUNTY RD N","ALIAS1":null,"ALIAS2":null,"ALIAS3":null,"ALIAS4":null,"ALIAS5":"5\/12\/2015 7:29:44 PM","PRIMARYADDRESS":"595 OLD COUNTY RD N","SITETYPE":"SINGLE FAMILY DWELLING","TOWNNAME":"WATERFORD","MCODE":721,"ESN":300,"ZIP":"05819","PARCELNUM":"568.","GPSX":-71.913173,"GPSY":44.39981796,"MAPYEAR":"Thu, 01 Jan 1998 00:00:00 GMT","UPDATEDATE":"Fri, 11 Oct 2024 11:29:25 GMT","STATE":"VT","FIPS8":5005,"SPAN":"699-222-10398","SUBTYPE":null,"GlobalID_1":"2b3b82dc-8421-4d42-9527-69b6fc070d4d","UNITCOUNT":1,"PRIMARYADD1":"595 OLD COUNTY RD N WATERFORD","PRIMARYADD2":"595 OLD COUNTY RD N WATERFORD VT 05819","SITETYPE_MULTI1":null,"SITETYPE_MULTI2":null,"SITETYPE_MULTI3":null,"SITETYPE_MULTI4":null,"SITETYPE_MULTI5":null,"COUNTY":"CALEDONIA","COUNTRY":"US","SOURCEOFDATA":"Vermont Enhanced 911 Board","DRIVEWAYID":null,"ESZ":"00300","HOUSE_NUMBER":595,"HOUSE_NUMBERSUFFIX":null,"HOUSE_NUMBERPREFIX":null,"FIPS":"5005"}},
{"type":"Feature","id":307390,"geometry":{"type":"Point","coordinates":[-71.9062057706923,44.3997471324915]},"properties":{"OBJECTID":307390,"SEGMENTID":13601,"ESITEID":275475,"GEONAMEID":22312,"PD":" ","PT":"","SN":"LAWRENCE","ST":"RD","SD":"","PRIMARYNAME":"LAWRENCE RD","ALIAS1":null,"ALIAS2":null,"ALIAS3":null,"ALIAS4":null,"ALIAS5":"5\/12\/2015 7:30:01 PM","PRIMARYADDRESS":"919 LAWRENCE RD","SITETYPE":"SINGLE FAMILY DWELLING","TOWNNAME":"WATERFORD","MCODE":721,"ESN":300,"ZIP":"05819","PARCELNUM":"387.","GPSX":-71.90620477,"GPSY":44.39973811,"MAPYEAR":"Thu, 01 Jan 1998 00:00:00 GMT","UPDATEDATE":"Fri, 27 Jan 2023 21:28:48 GMT","STATE":"VT","FIPS8":5005,"SPAN":"699-222-10200","SUBTYPE":null,"GlobalID_1":"d06aed0e-6b94-40b1-9fe4-9c4242491c3c","UNITCOUNT":1,"PRIMARYADD1":"919 LAWRENCE RD WATERFORD","PRIMARYADD2":"919 LAWRENCE RD WATERFORD VT 05819","SITETYPE_MULTI1":null,"SITETYPE_MULTI2":null,"SITETYPE_MULTI3":null,"SITETYPE_MULTI4":null,"SITETYPE_MULTI5":null,"COUNTY":"CALEDONIA","COUNTRY":"US","SOURCEOFDATA":"Vermont Enhanced 911 Board","DRIVEWAYID":null,"ESZ":"00300","HOUSE_NUMBER":919,"HOUSE_NUMBERSUFFIX":null,"HOUSE_NUMBERPREFIX":null,"FIPS":"5005"}},
{"type":"Feature","id":174860,"geometry":{"type":"Point","coordinates":[-71.9205617847734,44.3995483234971]},"properties":{"OBJECTID":174860,"SEGMENTID":58212,"ESITEID":275476,"GEONAMEID":22321,"PD":" ","PT":"","SN":"VT ROUTE 18","ST":" ","SD":" ","PRIMARYNAME":"VT ROUTE 18","ALIAS1":null,"ALIAS2":"ROUTE 18","ALIAS3":null,"ALIAS4":null,"ALIAS5":"6\/21\/2022 1:23:25 PM","PRIMARYADDRESS":"2929 VT ROUTE 18","SITETYPE":"COMMERCIAL CONSTRUCTION SERVICE","TOWNNAME":"WATERFORD","MCODE":721,"ESN":300,"ZIP":"05819","PARCELNUM":"608.","GPSX":-71.92056078,"GPSY":44.3995393,"MAPYEAR":"Thu, 01 Jan 1998 00:00:00 GMT","UPDATEDATE":"Fri, 27 Jan 2023 23:53:39 GMT","STATE":"VT","FIPS8":5005,"SPAN":"699-222-10152","SUBTYPE":null,"GlobalID_1":"971b2a74-3a01-4c3e-a448-ee0e66342598","UNITCOUNT":1,"PRIMARYADD1":"2929 VT ROUTE 18 WATERFORD","PRIMARYADD2":"2929 VT ROUTE 18 WATERFORD VT 05819","SITETYPE_MULTI1":null,"SITETYPE_MULTI2":null,"SITETYPE_MULTI3":null,"SITETYPE_MULTI4":null,"SITETYPE_MULTI5":null,"COUNTY":"CALEDONIA","COUNTRY":"US","SOURCEOFDATA":"Vermont Enhanced 911 Board","DRIVEWAYID":null,"ESZ":"00300","HOUSE_NUMBER":2929,"HOUSE_NUMBERSUFFIX":null,"HOUSE_NUMBERPREFIX":null,"FIPS":"5005"}},
{"type":"Feature","id":23974,"geometry":{"type":"Point","coordinates":[-71.9839234973852,44.3997480528085]},"properties":{"OBJECTID":23974,"SEGMENTID":21062,"ESITEID":275477,"GEONAMEID":22335,"PD":" ","PT":" ","SN":"DANIELS FARM","ST":"RD","SD":" ","PRIMARYNAME":"DANIELS FARM RD  ","ALIAS1":null,"ALIAS2":null,"ALIAS3":null,"ALIAS4":null,"ALIAS5":"5\/12\/2015 7:30:02 PM","PRIMARYADDRESS":"2477 DANIELS FARM RD","SITETYPE":"OTHER COMMERCIAL","TOWNNAME":"WATERFORD","MCODE":721,"ESN":300,"ZIP":"05819","PARCELNUM":"656.","GPSX":-71.98392247,"GPSY":44.39973903,"MAPYEAR":"Thu, 01 Jan 1998 00:00:00 GMT","UPDATEDATE":"Tue, 13 Feb 2024 16:15:13 GMT","STATE":"VT","FIPS8":5005,"SPAN":"699-222-10482","SUBTYPE":null,"GlobalID_1":"c667b97c-a6f8-4a7b-8cc8-a79c5cd17467","UNITCOUNT":1,"PRIMARYADD1":"2477 DANIELS FARM RD WATERFORD","PRIMARYADD2":"2477 DANIELS FARM RD WATERFORD VT 05819","SITETYPE_MULTI1":null,"SITETYPE_MULTI2":null,"SITETYPE_MULTI3":null,"SITETYPE_MULTI4":null,"SITETYPE_MULTI5":null,"COUNTY":"CALEDONIA","COUNTRY":"US","SOURCEOFDATA":"Vermont Enhanced 911 Board","DRIVEWAYID":null,"ESZ":"00300","HOUSE_NUMBER":2477,"HOUSE_NUMBERSUFFIX":null,"HOUSE_NUMBERPREFIX":null,"FIPS":"5005"}},
{"type":"Feature","id":192830,"geometry":{"type":"Point","coordinates":[-71.923975475843,44.3994102355637]},"properties":{"OBJECTID":192830,"SEGMENTID":58212,"ESITEID":275478,"GEONAMEID":22321,"PD":" ","PT":"","SN":"VT ROUTE 18","ST":" ","SD":" ","PRIMARYNAME":"VT ROUTE 18","ALIAS1":null,"ALIAS2":"ROUTE 18","ALIAS3":null,"ALIAS4":null,"ALIAS5":"6\/21\/2022 1:24:12 PM","PRIMARYADDRESS":"2878 VT ROUTE 18","SITETYPE":"INDUSTRIAL","TOWNNAME":"WATERFORD","MCODE":721,"ESN":300,"ZIP":"05819","PARCELNUM":"938.","GPSX":-71.92397447,"GPSY":44.39940121,"MAPYEAR":"Thu, 01 Jan 1998 00:00:00 GMT","UPDATEDATE":"Thu, 29 May 2025 13:46:33 GMT","STATE":"VT","FIPS8":5005,"SPAN":"699-222-10116","SUBTYPE":null,"GlobalID_1":"464c6f0b-59ed-46b3-a24f-b573f877970b","UNITCOUNT":1,"PRIMARYADD1":"2878 VT ROUTE 18 WATERFORD","PRIMARYADD2":"2878 VT ROUTE 18 WATERFORD VT 05819","SITETYPE_MULTI1":null,"SITETYPE_MULTI2":null,"SITETYPE_MULTI3":null,"SITETYPE_MULTI4":null,"SITETYPE_MULTI5":null,"COUNTY":"CALEDONIA","COUNTRY":"US","SOURCEOFDATA":"Vermont Enhanced 911 Board","DRIVEWAYID":null,"ESZ":"00300","HOUSE_NUMBER":2878,"HOUSE_NUMBERSUFFIX":null,"HOUSE_NUMBERPREFIX":null,"FIPS":"5005"}},
{"type":"Feature","id":160118,"geometry":{"type":"Point","coordinates":[-71.9212821979541,44.3991014240254]},"properties":{"OBJECTID":160118,"SEGMENTID":58212,"ESITEID":275479,"GEONAMEID":22321,"PD":" ","PT":"","SN":"VT ROUTE 18","ST":" ","SD":" ","PRIMARYNAME":"VT ROUTE 18","ALIAS1":null,"ALIAS2":"ROUTE 18","ALIAS3":null,"ALIAS4":null,"ALIAS5":"6\/21\/2022 1:23:34 PM","PRIMARYADDRESS":"2931 VT ROUTE 18","SITETYPE":"SINGLE FAMILY DWELLING","TOWNNAME":"WATERFORD","MCODE":721,"ESN":300,"ZIP":"05819","PARCELNUM":"608.","GPSX":-71.92128119,"GPSY":44.3990924,"MAPYEAR":"Thu, 01 Jan 1998 00:00:00 GMT","UPDATEDATE":"Fri, 27 Jan 2023 23:55:43 GMT","STATE":"VT","FIPS8":5005,"SPAN":"699-222-10152","SUBTYPE":null,"GlobalID_1":"fb203133-d678-42e7-8a66-abe725227a68","UNITCOUNT":1,"PRIMARYADD1":"2931 VT ROUTE 18 WATERFORD","PRIMARYADD2":"2931 VT ROUTE 18 WATERFORD VT 05819","SITETYPE_MULTI1":null,"SITETYPE_MULTI2":null,"SITETYPE_MULTI3":null,"SITETYPE_MULTI4":null,"SITETYPE_MULTI5":null,"COUNTY":"CALEDONIA","COUNTRY":"US","SOURCEOFDATA":"Vermont Enhanced 911 Board","DRIVEWAYID":null,"ESZ":"00300","HOUSE_NUMBER":2931,"HOUSE_NUMBERSUFFIX":null,"HOUSE_NUMBERPREFIX":null,"FIPS":"5005"}},
{"type":"Feature","id":37302,"geometry":{"type":"Point","coordinates":[-71.916598850116,44.3991360702478]},"properties":{"OBJECTID":37302,"SEGMENTID":39588,"ESITEID":275480,"GEONAMEID":22349,"PD":" ","PT":" ","SN":"STONYBROOK","ST":"RD","SD":" ","PRIMARYNAME":"STONYBROOK RD","ALIAS1":null,"ALIAS2":null,"ALIAS3":null,"ALIAS4":null,"ALIAS5":"5\/12\/2015 7:29:44 PM","PRIMARYADDRESS":"167 STONYBROOK RD","SITETYPE":"SINGLE FAMILY DWELLING","TOWNNAME":"WATERFORD","MCODE":721,"ESN":300,"ZIP":"05819","PARCELNUM":"457.","GPSX":-71.91659784,"GPSY":44.39912704,"MAPYEAR":"Thu, 01 Jan 1998 00:00:00 GMT","UPDATEDATE":"Fri, 27 Jan 2023 21:23:09 GMT","STATE":"VT","FIPS8":5005,"SPAN":"699-222-10167","SUBTYPE":null,"GlobalID_1":"f7c648ba-124e-4bd9-81c2-a257b1824ece","UNITCOUNT":1,"PRIMARYADD1":"167 STONYBROOK RD WATERFORD","PRIMARYADD2":"167 STONYBROOK RD WATERFORD VT 05819","SITETYPE_MULTI1":null,"SITETYPE_MULTI2":null,"SITETYPE_MULTI3":null,"SITETYPE_MULTI4":null,"SITETYPE_MULTI5":null,"COUNTY":"CALEDONIA","COUNTRY":"US","SOURCEOFDATA":"Vermont Enhanced 911 Board","DRIVEWAYID":null,"ESZ":"00300","HOUSE_NUMBER":167,"HOUSE_NUMBERSUFFIX":null,"HOUSE_NUMBERPREFIX":null,"FIPS":"5005"}},
{"type":"Feature","id":225694,"geometry":{"type":"Point","coordinates":[-71.9129010577475,44.3988939703307]},"properties":{"OBJECTID":225694,"SEGMENTID":13600,"ESITEID":275481,"GEONAMEID":22311,"PD":" ","PT":"","SN":"OLD COUNTY","ST":"RD","SD":"N","PRIMARYNAME":"OLD COUNTY RD N","ALIAS1":null,"ALIAS2":null,"ALIAS3":null,"ALIAS4":null,"ALIAS5":"5\/12\/2015 7:29:44 PM","PRIMARYADDRESS":"602 OLD COUNTY RD N","SITETYPE":"SINGLE FAMILY DWELLING","TOWNNAME":"WATERFORD","MCODE":721,"ESN":300,"ZIP":"05819","PARCELNUM":"437.","GPSX":-71.91290006,"GPSY":44.39888495,"MAPYEAR":"Thu, 01 Jan 1998 00:00:00 GMT","UPDATEDATE":"Fri, 11 Oct 2024 11:29:09 GMT","STATE":"VT","FIPS8":5005,"SPAN":"699-222-10258","SUBTYPE":null,"GlobalID_1":"2007bb5d-fac3-46b4-8c4b-ddb455d4d793","UNITCOUNT":1,"PRIMARYADD1":"602 OLD COUNTY RD N WATERFORD","PRIMARYADD2":"602 OLD COUNTY RD N WATERFORD VT 05819","SITETYPE_MULTI1":null,"SITETYPE_MULTI2":null,"SITETYPE_MULTI3":null,"SITETYPE_MULTI4":null,"SITETYPE_MULTI5":null,"COUNTY":"CALEDONIA","COUNTRY":"US","SOURCEOFDATA":"Vermont Enhanced 911 Board","DRIVEWAYID":null,"ESZ":"00300","HOUSE_NUMBER":602,"HOUSE_NUMBERSUFFIX":null,"HOUSE_NUMBERPREFIX":null,"FIPS":"5005"}},
{"type":"Feature","id":150024,"geometry":{"type":"Point","coordinates":[-71.9173542283047,44.3987682645185]},"properties":{"OBJECTID":150024,"SEGMENTID":39588,"ESITEID":275482,"GEONAMEID":22349,"PD":" ","PT":" ","SN":"STONYBROOK","ST":"RD","SD":" ","PRIMARYNAME":"STONYBROOK RD","ALIAS1":null,"ALIAS2":null,"ALIAS3":null,"ALIAS4":null,"ALIAS5":"5\/12\/2015 7:29:44 PM","PRIMARYADDRESS":"156 STONYBROOK RD","SITETYPE":"SINGLE FAMILY DWELLING","TOWNNAME":"WATERFORD","MCODE":721,"ESN":300,"ZIP":"05819","PARCELNUM":"312.","GPSX":-71.91735322,"GPSY":44.39875924,"MAPYEAR":"Thu, 01 Jan 1998 00:00:00 GMT","UPDATEDATE":"Fri, 27 Jan 2023 21:23:09 GMT","STATE":"VT","FIPS8":5005,"SPAN":"699-222-10604","SUBTYPE":null,"GlobalID_1":"bb58c633-361f-4056-b871-1faff0301034","UNITCOUNT":1,"PRIMARYADD1":"156 STONYBROOK RD WATERFORD","PRIMARYADD2":"156 STONYBROOK RD WATERFORD VT 05819","SITETYPE_MULTI1":null,"SITETYPE_MULTI2":null,"SITETYPE_MULTI3":null,"SITETYPE_MULTI4":null,"SITETYPE_MULTI5":null,"COUNTY":"CALEDONIA","COUNTRY":"US","SOURCEOFDATA":"Vermont Enhanced 911 Board","DRIVEWAYID":null,"ESZ":"00300","HOUSE_NUMBER":156,"HOUSE_NUMBERSUFFIX":null,"HOUSE_NUMBERPREFIX":null,"FIPS":"5005"}},
{"type":"Feature","id":115568,"geometry":{"type":"Point","coordinates":[-71.9815965040586,44.3991062119177]},"properties":{"OBJECTID":115568,"SEGMENTID":21062,"ESITEID":275483,"GEONAMEID":22335,"PD":" ","PT":" ","SN":"DANIELS FARM","ST":"RD","SD":" ","PRIMARYNAME":"DANIELS FARM RD  ","ALIAS1":null,"ALIAS2":null,"ALIAS3":null,"ALIAS4":null,"ALIAS5":"5\/12\/2015 7:30:02 PM","PRIMARYADDRESS":"2384 DANIELS FARM RD","SITETYPE":"MOBILE HOME","TOWNNAME":"WATERFORD","MCODE":721,"ESN":300,"ZIP":"05819","PARCELNUM":"654.1","GPSX":-71.98159548,"GPSY":44.39909695,"MAPYEAR":"Thu, 01 Jan 1998 00:00:00 GMT","UPDATEDATE":"Tue, 23 Jan 2024 21:30:37 GMT","STATE":"VT","FIPS8":5005,"SPAN":"699-222-10234","SUBTYPE":null,"GlobalID_1":"a66350f2-930e-4a7f-ad35-39e0337e0947","UNITCOUNT":1,"PRIMARYADD1":"2384 DANIELS FARM RD WATERFORD","PRIMARYADD2":"2384 DANIELS FARM RD WATERFORD VT 05819","SITETYPE_MULTI1":null,"SITETYPE_MULTI2":null,"SITETYPE_MULTI3":null,"SITETYPE_MULTI4":null,"SITETYPE_MULTI5":null,"COUNTY":"CALEDONIA","COUNTRY":"US","SOURCEOFDATA":"Vermont Enhanced 911 Board","DRIVEWAYID":null,"ESZ":"00300","HOUSE_NUMBER":2384,"HOUSE_NUMBERSUFFIX":null,"HOUSE_NUMBERPREFIX":"","FIPS":"5005"}},
{"type":"Feature","id":28216,"geometry":{"type":"Point","coordinates":[-71.9159271260982,44.3985152429521]},"properties":{"OBJECTID":28216,"SEGMENTID":39588,"ESITEID":275484,"GEONAMEID":22349,"PD":" ","PT":" ","SN":"STONYBROOK","ST":"RD","SD":" ","PRIMARYNAME":"STONYBROOK RD","ALIAS1":null,"ALIAS2":null,"ALIAS3":null,"ALIAS4":null,"ALIAS5":"5\/12\/2015 7:29:44 PM","PRIMARYADDRESS":"197 STONYBROOK RD","SITETYPE":"SINGLE FAMILY DWELLING","TOWNNAME":"WATERFORD","MCODE":721,"ESN":300,"ZIP":"05819","PARCELNUM":"406.","GPSX":-71.91592612,"GPSY":44.39850622,"MAPYEAR":"Thu, 01 Jan 1998 00:00:00 GMT","UPDATEDATE":"Fri, 27 Jan 2023 21:23:09 GMT","STATE":"VT","FIPS8":5005,"SPAN":"699-222-10224","SUBTYPE":null,"GlobalID_1":"2e058b6a-49b3-4ff1-b8c3-7e5c57ee5e88","UNITCOUNT":1,"PRIMARYADD1":"197 STONYBROOK RD WATERFORD","PRIMARYADD2":"197 STONYBROOK RD WATERFORD VT 05819","SITETYPE_MULTI1":null,"SITETYPE_MULTI2":null,"SITETYPE_MULTI3":null,"SITETYPE_MULTI4":null,"SITETYPE_MULTI5":null,"COUNTY":"CALEDONIA","COUNTRY":"US","SOURCEOFDATA":"Vermont Enhanced 911 Board","DRIVEWAYID":null,"ESZ":"00300","HOUSE_NUMBER":197,"HOUSE_NUMBERSUFFIX":null,"HOUSE_NUMBERPREFIX":null,"FIPS":"5005"}},
{"type":"Feature","id":45112,"geometry":{"type":"Point","coordinates":[-71.982655749208,44.3986164553935]},"properties":{"OBJECTID":45112,"SEGMENTID":21062,"ESITEID":275485,"GEONAMEID":22335,"PD":" ","PT":" ","SN":"DANIELS FARM","ST":"RD","SD":" ","PRIMARYNAME":"DANIELS FARM RD  ","ALIAS1":null,"ALIAS2":null,"ALIAS3":null,"ALIAS4":null,"ALIAS5":"5\/12\/2015 7:30:02 PM","PRIMARYADDRESS":"2406 DANIELS FARM RD","SITETYPE":"SINGLE FAMILY DWELLING","TOWNNAME":"WATERFORD","MCODE":721,"ESN":300,"ZIP":"05819","PARCELNUM":"460.","GPSX":-71.98265472,"GPSY":44.39860743,"MAPYEAR":"Thu, 01 Jan 1998 00:00:00 GMT","UPDATEDATE":"Fri, 27 Jan 2023 21:28:55 GMT","STATE":"VT","FIPS8":5005,"SPAN":"699-222-10285","SUBTYPE":null,"GlobalID_1":"6c81b271-3bb1-4ce2-b99b-f3b87f2d620a","UNITCOUNT":1,"PRIMARYADD1":"2406 DANIELS FARM RD WATERFORD","PRIMARYADD2":"2406 DANIELS FARM RD WATERFORD VT 05819","SITETYPE_MULTI1":null,"SITETYPE_MULTI2":null,"SITETYPE_MULTI3":null,"SITETYPE_MULTI4":null,"SITETYPE_MULTI5":null,"COUNTY":"CALEDONIA","COUNTRY":"US","SOURCEOFDATA":"Vermont Enhanced 911 Board","DRIVEWAYID":null,"ESZ":"00300","HOUSE_NUMBER":2406,"HOUSE_NUMBERSUFFIX":null,"HOUSE_NUMBERPREFIX":null,"FIPS":"5005"}},
{"type":"Feature","id":81753,"geometry":{"type":"Point","coordinates":[-71.9115831313472,44.3984874663234]},"properties":{"OBJECTID":81753,"SEGMENTID":13600,"ESITEID":275486,"GEONAMEID":22311,"PD":" ","PT":"","SN":"OLD COUNTY","ST":"RD","SD":"N","PRIMARYNAME":"OLD COUNTY RD N","ALIAS1":null,"ALIAS2":null,"ALIAS3":null,"ALIAS4":null,"ALIAS5":"5\/12\/2015 7:29:44 PM","PRIMARYADDRESS":"674 OLD COUNTY RD N","SITETYPE":"MOBILE HOME","TOWNNAME":"WATERFORD","MCODE":721,"ESN":300,"ZIP":"05819","PARCELNUM":"437.","GPSX":-71.91158213,"GPSY":44.39847844,"MAPYEAR":"Thu, 01 Jan 1998 00:00:00 GMT","UPDATEDATE":"Fri, 27 Jan 2023 21:23:02 GMT","STATE":"VT","FIPS8":5005,"SPAN":"699-222-10258","SUBTYPE":null,"GlobalID_1":"dea85386-3aa9-4d28-8d8b-9df6e91dccb0","UNITCOUNT":1,"PRIMARYADD1":"674 OLD COUNTY RD N WATERFORD","PRIMARYADD2":"674 OLD COUNTY RD N WATERFORD VT 05819","SITETYPE_MULTI1":null,"SITETYPE_MULTI2":null,"SITETYPE_MULTI3":null,"SITETYPE_MULTI4":null,"SITETYPE_MULTI5":null,"COUNTY":"CALEDONIA","COUNTRY":"US","SOURCEOFDATA":"Vermont Enhanced 911 Board","DRIVEWAYID":null,"ESZ":"00300","HOUSE_NUMBER":674,"HOUSE_NUMBERSUFFIX":null,"HOUSE_NUMBERPREFIX":null,"FIPS":"5005"}},
{"type":"Feature","id":11141,"geometry":{"type":"Point","coordinates":[-71.9170959445375,44.3982679608104]},"properties":{"OBJECTID":11141,"SEGMENTID":39588,"ESITEID":275487,"GEONAMEID":22349,"PD":" ","PT":" ","SN":"STONYBROOK","ST":"RD","SD":" ","PRIMARYNAME":"STONYBROOK RD","ALIAS1":null,"ALIAS2":null,"ALIAS3":null,"ALIAS4":null,"ALIAS5":"5\/12\/2015 7:29:44 PM","PRIMARYADDRESS":"202 STONYBROOK RD","SITETYPE":"SINGLE FAMILY DWELLING","TOWNNAME":"WATERFORD","MCODE":721,"ESN":300,"ZIP":"05819","PARCELNUM":"615.","GPSX":-71.91709494,"GPSY":44.39825893,"MAPYEAR":"Thu, 01 Jan 1998 00:00:00 GMT","UPDATEDATE":"Fri, 27 Jan 2023 21:23:09 GMT","STATE":"VT","FIPS8":5005,"SPAN":"699-222-10441","SUBTYPE":null,"GlobalID_1":"4cd11768-7d4a-473e-816a-617ef95d1c16","UNITCOUNT":1,"PRIMARYADD1":"202 STONYBROOK RD WATERFORD","PRIMARYADD2":"202 STONYBROOK RD WATERFORD VT 05819","SITETYPE_MULTI1":null,"SITETYPE_MULTI2":null,"SITETYPE_MULTI3":null,"SITETYPE_MULTI4":null,"SITETYPE_MULTI5":null,"COUNTY":"CALEDONIA","COUNTRY":"US","SOURCEOFDATA":"Vermont Enhanced 911 Board","DRIVEWAYID":null,"ESZ":"00300","HOUSE_NUMBER":202,"HOUSE_NUMBERSUFFIX":null,"HOUSE_NUMBERPREFIX":null,"FIPS":"5005"}},
{"type":"Feature","id":292007,"geometry":{"type":"Point","coordinates":[-71.9210845468427,44.3983768724615]},"properties":{"OBJECTID":292007,"SEGMENTID":58212,"ESITEID":275488,"GEONAMEID":22321,"PD":" ","PT":"","SN":"VT ROUTE 18","ST":" ","SD":" ","PRIMARYNAME":"VT ROUTE 18","ALIAS1":null,"ALIAS2":"ROUTE 18","ALIAS3":null,"ALIAS4":null,"ALIAS5":"5\/12\/2015 7:33:13 PM","PRIMARYADDRESS":"2991 VT ROUTE 18","SITETYPE":"SINGLE FAMILY DWELLING","TOWNNAME":"WATERFORD","MCODE":721,"ESN":300,"ZIP":"05819","PARCELNUM":"606.","GPSX":-71.92108354,"GPSY":44.39836785,"MAPYEAR":"Thu, 01 Jan 1998 00:00:00 GMT","UPDATEDATE":"Fri, 18 Apr 2025 07:14:22 GMT","STATE":"VT","FIPS8":5005,"SPAN":"699-222-10432","SUBTYPE":null,"GlobalID_1":"7fe5345f-c231-46bb-81d4-f79ee4f9c1e5","UNITCOUNT":1,"PRIMARYADD1":"2991 VT ROUTE 18 WATERFORD","PRIMARYADD2":"2991 VT ROUTE 18 WATERFORD VT 05819","SITETYPE_MULTI1":null,"SITETYPE_MULTI2":null,"SITETYPE_MULTI3":null,"SITETYPE_MULTI4":null,"SITETYPE_MULTI5":null,"COUNTY":"CALEDONIA","COUNTRY":"US","SOURCEOFDATA":"Vermont Enhanced 911 Board","DRIVEWAYID":null,"ESZ":"00300","HOUSE_NUMBER":2991,"HOUSE_NUMBERSUFFIX":null,"HOUSE_NUMBERPREFIX":null,"FIPS":"5005"}},
{"type":"Feature","id":183099,"geometry":{"type":"Point","coordinates":[-71.9559480883154,44.3986460208615]},"properties":{"OBJECTID":183099,"SEGMENTID":2234,"ESITEID":275489,"GEONAMEID":22348,"PD":" ","PT":" ","SN":"DAVIS","ST":"LN","SD":" ","PRIMARYNAME":"DAVIS LN","ALIAS1":null,"ALIAS2":null,"ALIAS3":null,"ALIAS4":null,"ALIAS5":"5\/12\/2015 7:29:44 PM","PRIMARYADDRESS":"107 DAVIS LN","SITETYPE":"SINGLE FAMILY DWELLING","TOWNNAME":"WATERFORD","MCODE":721,"ESN":300,"ZIP":"05819","PARCELNUM":"379.","GPSX":-71.95594707,"GPSY":44.398637,"MAPYEAR":"Thu, 01 Jan 1998 00:00:00 GMT","UPDATEDATE":"Fri, 27 Jan 2023 21:23:08 GMT","STATE":"VT","FIPS8":5005,"SPAN":"699-222-10191","SUBTYPE":null,"GlobalID_1":"e22e8e5c-e4d3-41d6-8cfc-6913d81f50d2","UNITCOUNT":1,"PRIMARYADD1":"107 DAVIS LN WATERFORD","PRIMARYADD2":"107 DAVIS LN WATERFORD VT 05819","SITETYPE_MULTI1":null,"SITETYPE_MULTI2":null,"SITETYPE_MULTI3":null,"SITETYPE_MULTI4":null,"SITETYPE_MULTI5":null,"COUNTY":"CALEDONIA","COUNTRY":"US","SOURCEOFDATA":"Vermont Enhanced 911 Board","DRIVEWAYID":null,"ESZ":"00300","HOUSE_NUMBER":107,"HOUSE_NUMBERSUFFIX":null,"HOUSE_NUMBERPREFIX":null,"FIPS":"5005"}},
{"type":"Feature","id":31482,"geometry":{"type":"Point","coordinates":[-71.9139919369071,44.3981241513924]},"properties":{"OBJECTID":31482,"SEGMENTID":13600,"ESITEID":275490,"GEONAMEID":22311,"PD":" ","PT":"","SN":"OLD COUNTY","ST":"RD","SD":"N","PRIMARYNAME":"OLD COUNTY RD N","ALIAS1":null,"ALIAS2":null,"ALIAS3":null,"ALIAS4":null,"ALIAS5":"5\/12\/2015 7:29:44 PM","PRIMARYADDRESS":"636 OLD COUNTY RD N","SITETYPE":"SINGLE FAMILY DWELLING","TOWNNAME":"WATERFORD","MCODE":721,"ESN":300,"ZIP":"05819","PARCELNUM":"437.","GPSX":-71.91399094,"GPSY":44.39811513,"MAPYEAR":"Thu, 01 Jan 1998 00:00:00 GMT","UPDATEDATE":"Fri, 11 Oct 2024 11:29:37 GMT","STATE":"VT","FIPS8":5005,"SPAN":"699-222-10258","SUBTYPE":null,"GlobalID_1":"d1d0665d-b08d-4f08-bb64-67630a25fb75","UNITCOUNT":1,"PRIMARYADD1":"636 OLD COUNTY RD N WATERFORD","PRIMARYADD2":"636 OLD COUNTY RD N WATERFORD VT 05819","SITETYPE_MULTI1":null,"SITETYPE_MULTI2":null,"SITETYPE_MULTI3":null,"SITETYPE_MULTI4":null,"SITETYPE_MULTI5":null,"COUNTY":"CALEDONIA","COUNTRY":"US","SOURCEOFDATA":"Vermont Enhanced 911 Board","DRIVEWAYID":null,"ESZ":"00300","HOUSE_NUMBER":636,"HOUSE_NUMBERSUFFIX":null,"HOUSE_NUMBERPREFIX":null,"FIPS":"5005"}},
{"type":"Feature","id":309823,"geometry":{"type":"Point","coordinates":[-71.9181046015709,44.3980072802366]},"properties":{"OBJECTID":309823,"SEGMENTID":21065,"ESITEID":275491,"GEONAMEID":22349,"PD":" ","PT":" ","SN":"STONYBROOK","ST":"RD","SD":" ","PRIMARYNAME":"STONYBROOK RD","ALIAS1":null,"ALIAS2":null,"ALIAS3":null,"ALIAS4":null,"ALIAS5":"5\/12\/2015 7:29:44 PM","PRIMARYADDRESS":"274 STONYBROOK RD","SITETYPE":"SINGLE FAMILY DWELLING","TOWNNAME":"WATERFORD","MCODE":721,"ESN":300,"ZIP":"05819","PARCELNUM":"062.","GPSX":-71.91810359,"GPSY":44.39799825,"MAPYEAR":"Thu, 01 Jan 1998 00:00:00 GMT","UPDATEDATE":"Fri, 27 Jan 2023 21:23:09 GMT","STATE":"VT","FIPS8":5005,"SPAN":"699-222-10147","SUBTYPE":null,"GlobalID_1":"6467a3f4-7564-41cb-8a8f-287ac044b9f5","UNITCOUNT":1,"PRIMARYADD1":"274 STONYBROOK RD WATERFORD","PRIMARYADD2":"274 STONYBROOK RD WATERFORD VT 05819","SITETYPE_MULTI1":null,"SITETYPE_MULTI2":null,"SITETYPE_MULTI3":null,"SITETYPE_MULTI4":null,"SITETYPE_MULTI5":null,"COUNTY":"CALEDONIA","COUNTRY":"US","SOURCEOFDATA":"Vermont Enhanced 911 Board","DRIVEWAYID":null,"ESZ":"00300","HOUSE_NUMBER":274,"HOUSE_NUMBERSUFFIX":null,"HOUSE_NUMBERPREFIX":null,"FIPS":"5005"}},
{"type":"Feature","id":62728,"geometry":{"type":"Point","coordinates":[-71.9163752084594,44.3979734981996]},"properties":{"OBJECTID":62728,"SEGMENTID":39588,"ESITEID":275492,"GEONAMEID":22349,"PD":" ","PT":" ","SN":"STONYBROOK","ST":"RD","SD":" ","PRIMARYNAME":"STONYBROOK RD","ALIAS1":null,"ALIAS2":null,"ALIAS3":null,"ALIAS4":null,"ALIAS5":"5\/12\/2015 7:29:44 PM","PRIMARYADDRESS":"237 STONYBROOK RD","SITETYPE":"SINGLE FAMILY DWELLING","TOWNNAME":"WATERFORD","MCODE":721,"ESN":300,"ZIP":"05819","PARCELNUM":"846.","GPSX":-71.9163742,"GPSY":44.39796447,"MAPYEAR":"Thu, 01 Jan 1998 00:00:00 GMT","UPDATEDATE":"Fri, 27 Jan 2023 21:23:09 GMT","STATE":"VT","FIPS8":5005,"SPAN":"699-222-10698","SUBTYPE":null,"GlobalID_1":"8baf34f2-4bd2-4ecb-8612-ececd51ad995","UNITCOUNT":1,"PRIMARYADD1":"237 STONYBROOK RD WATERFORD","PRIMARYADD2":"237 STONYBROOK RD WATERFORD VT 05819","SITETYPE_MULTI1":null,"SITETYPE_MULTI2":null,"SITETYPE_MULTI3":null,"SITETYPE_MULTI4":null,"SITETYPE_MULTI5":null,"COUNTY":"CALEDONIA","COUNTRY":"US","SOURCEOFDATA":"Vermont Enhanced 911 Board","DRIVEWAYID":null,"ESZ":"00300","HOUSE_NUMBER":237,"HOUSE_NUMBERSUFFIX":null,"HOUSE_NUMBERPREFIX":null,"FIPS":"5005"}},
{"type":"Feature","id":167669,"geometry":{"type":"Point","coordinates":[-71.91694135578,44.3975679665333]},"properties":{"OBJECTID":167669,"SEGMENTID":39588,"ESITEID":275493,"GEONAMEID":22349,"PD":" ","PT":" ","SN":"STONYBROOK","ST":"RD","SD":" ","PRIMARYNAME":"STONYBROOK RD","ALIAS1":null,"ALIAS2":null,"ALIAS3":null,"ALIAS4":null,"ALIAS5":"5\/12\/2015 7:29:44 PM","PRIMARYADDRESS":"243 STONYBROOK RD","SITETYPE":"SINGLE FAMILY DWELLING","TOWNNAME":"WATERFORD","MCODE":721,"ESN":300,"ZIP":"05819","PARCELNUM":"845.","GPSX":-71.91694035,"GPSY":44.39755894,"MAPYEAR":"Thu, 01 Jan 1998 00:00:00 GMT","UPDATEDATE":"Fri, 27 Jan 2023 21:23:09 GMT","STATE":"VT","FIPS8":5005,"SPAN":"699-222-10699","SUBTYPE":null,"GlobalID_1":"5f181f0b-e2a8-45ed-9cd7-14882a434d1e","UNITCOUNT":1,"PRIMARYADD1":"243 STONYBROOK RD WATERFORD","PRIMARYADD2":"243 STONYBROOK RD WATERFORD VT 05819","SITETYPE_MULTI1":null,"SITETYPE_MULTI2":null,"SITETYPE_MULTI3":null,"SITETYPE_MULTI4":null,"SITETYPE_MULTI5":null,"COUNTY":"CALEDONIA","COUNTRY":"US","SOURCEOFDATA":"Vermont Enhanced 911 Board","DRIVEWAYID":null,"ESZ":"00300","HOUSE_NUMBER":243,"HOUSE_NUMBERSUFFIX":null,"HOUSE_NUMBERPREFIX":null,"FIPS":"5005"}},
{"type":"Feature","id":167180,"geometry":{"type":"Point","coordinates":[-71.9225429778206,44.3975142078477]},"properties":{"OBJECTID":167180,"SEGMENTID":58212,"ESITEID":275494,"GEONAMEID":22321,"PD":" ","PT":"","SN":"VT ROUTE 18","ST":" ","SD":" ","PRIMARYNAME":"VT ROUTE 18","ALIAS1":null,"ALIAS2":"ROUTE 18","ALIAS3":null,"ALIAS4":null,"ALIAS5":"5\/12\/2015 7:33:33 PM","PRIMARYADDRESS":"3036 VT ROUTE 18","SITETYPE":"SINGLE FAMILY DWELLING","TOWNNAME":"WATERFORD","MCODE":721,"ESN":300,"ZIP":"05819","PARCELNUM":"852.","GPSX":-71.92254197,"GPSY":44.39750518,"MAPYEAR":"Thu, 01 Jan 1998 00:00:00 GMT","UPDATEDATE":"Sat, 28 Jan 2023 00:00:07 GMT","STATE":"VT","FIPS8":5005,"SPAN":"699-222-10173","SUBTYPE":null,"GlobalID_1":"63c03821-f08c-4252-8f8b-5486ca02f96c","UNITCOUNT":1,"PRIMARYADD1":"3036 VT ROUTE 18 WATERFORD","PRIMARYADD2":"3036 VT ROUTE 18 WATERFORD VT 05819","SITETYPE_MULTI1":null,"SITETYPE_MULTI2":null,"SITETYPE_MULTI3":null,"SITETYPE_MULTI4":null,"SITETYPE_MULTI5":null,"COUNTY":"CALEDONIA","COUNTRY":"US","SOURCEOFDATA":"Vermont Enhanced 911 Board","DRIVEWAYID":null,"ESZ":"00300","HOUSE_NUMBER":3036,"HOUSE_NUMBERSUFFIX":null,"HOUSE_NUMBERPREFIX":null,"FIPS":"5005"}},
{"type":"Feature","id":135760,"geometry":{"type":"Point","coordinates":[-71.9820180366927,44.3976797188166]},"properties":{"OBJECTID":135760,"SEGMENTID":21062,"ESITEID":275495,"GEONAMEID":22335,"PD":" ","PT":" ","SN":"DANIELS FARM","ST":"RD","SD":" ","PRIMARYNAME":"DANIELS FARM RD  ","ALIAS1":null,"ALIAS2":null,"ALIAS3":null,"ALIAS4":null,"ALIAS5":"5\/12\/2015 7:30:02 PM","PRIMARYADDRESS":"2332 DANIELS FARM RD","SITETYPE":"SINGLE FAMILY DWELLING","TOWNNAME":"WATERFORD","MCODE":721,"ESN":300,"ZIP":"05819","PARCELNUM":"497.","GPSX":-71.98201701,"GPSY":44.3976707,"MAPYEAR":"Thu, 01 Jan 1998 00:00:00 GMT","UPDATEDATE":"Fri, 27 Jan 2023 21:28:55 GMT","STATE":"VT","FIPS8":5005,"SPAN":"699-222-10328","SUBTYPE":null,"GlobalID_1":"91f8fd28-3bda-42cc-8774-76be68057a9d","UNITCOUNT":1,"PRIMARYADD1":"2332 DANIELS FARM RD WATERFORD","PRIMARYADD2":"2332 DANIELS FARM RD WATERFORD VT 05819","SITETYPE_MULTI1":null,"SITETYPE_MULTI2":null,"SITETYPE_MULTI3":null,"SITETYPE_MULTI4":null,"SITETYPE_MULTI5":null,"COUNTY":"CALEDONIA","COUNTRY":"US","SOURCEOFDATA":"Vermont Enhanced 911 Board","DRIVEWAYID":null,"ESZ":"00300","HOUSE_NUMBER":2332,"HOUSE_NUMBERSUFFIX":null,"HOUSE_NUMBERPREFIX":null,"FIPS":"5005"}},
{"type":"Feature","id":295713,"geometry":{"type":"Point","coordinates":[-71.9927962942332,44.3980001912235]},"properties":{"OBJECTID":295713,"SEGMENTID":252301,"ESITEID":275496,"GEONAMEID":22336,"PD":"","PT":"","SN":"HASTINGS","ST":"RD","SD":"","PRIMARYNAME":"HASTINGS RD","ALIAS1":null,"ALIAS2":null,"ALIAS3":null,"ALIAS4":null,"ALIAS5":"1\/26\/2022 1:54:55 PM","PRIMARYADDRESS":"356 HASTINGS RD","SITETYPE":"SINGLE FAMILY DWELLING","TOWNNAME":"WATERFORD","MCODE":721,"ESN":300,"ZIP":"05819","PARCELNUM":"539.1","GPSX":-71.99279527,"GPSY":44.39799117,"MAPYEAR":"Thu, 01 Jan 1998 00:00:00 GMT","UPDATEDATE":"Thu, 14 Sep 2023 14:00:20 GMT","STATE":"VT","FIPS8":5005,"SPAN":"699-222-10013","SUBTYPE":null,"GlobalID_1":"f1014708-a7d9-4a0c-a5d2-b5dba95fa50f","UNITCOUNT":1,"PRIMARYADD1":"356 HASTINGS RD WATERFORD","PRIMARYADD2":"356 HASTINGS RD WATERFORD VT 05819","SITETYPE_MULTI1":null,"SITETYPE_MULTI2":null,"SITETYPE_MULTI3":null,"SITETYPE_MULTI4":null,"SITETYPE_MULTI5":null,"COUNTY":"CALEDONIA","COUNTRY":"US","SOURCEOFDATA":"Vermont Enhanced 911 Board","DRIVEWAYID":null,"ESZ":"00300","HOUSE_NUMBER":356,"HOUSE_NUMBERSUFFIX":null,"HOUSE_NUMBERPREFIX":null,"FIPS":"5005"}},
{"type":"Feature","id":57072,"geometry":{"type":"Point","coordinates":[-71.9067545389804,44.3973326293537]},"properties":{"OBJECTID":57072,"SEGMENTID":13601,"ESITEID":275497,"GEONAMEID":22312,"PD":" ","PT":"","SN":"LAWRENCE","ST":"RD","SD":"","PRIMARYNAME":"LAWRENCE RD","ALIAS1":null,"ALIAS2":null,"ALIAS3":null,"ALIAS4":null,"ALIAS5":"5\/12\/2015 7:30:01 PM","PRIMARYADDRESS":"820 LAWRENCE RD","SITETYPE":"MOBILE HOME","TOWNNAME":"WATERFORD","MCODE":721,"ESN":300,"ZIP":"05819","PARCELNUM":"472.","GPSX":-71.90675354,"GPSY":44.3973236,"MAPYEAR":"Thu, 01 Jan 1998 00:00:00 GMT","UPDATEDATE":"Fri, 27 Jan 2023 21:28:48 GMT","STATE":"VT","FIPS8":5005,"SPAN":"699-222-10299","SUBTYPE":null,"GlobalID_1":"52df85df-62b6-4433-9218-a99288324b20","UNITCOUNT":1,"PRIMARYADD1":"820 LAWRENCE RD WATERFORD","PRIMARYADD2":"820 LAWRENCE RD WATERFORD VT 05819","SITETYPE_MULTI1":null,"SITETYPE_MULTI2":null,"SITETYPE_MULTI3":null,"SITETYPE_MULTI4":null,"SITETYPE_MULTI5":null,"COUNTY":"CALEDONIA","COUNTRY":"US","SOURCEOFDATA":"Vermont Enhanced 911 Board","DRIVEWAYID":null,"ESZ":"00300","HOUSE_NUMBER":820,"HOUSE_NUMBERSUFFIX":null,"HOUSE_NUMBERPREFIX":null,"FIPS":"5005"}},
{"type":"Feature","id":271377,"geometry":{"type":"Point","coordinates":[-71.9812337869355,44.3972363791584]},"properties":{"OBJECTID":271377,"SEGMENTID":21062,"ESITEID":275498,"GEONAMEID":22335,"PD":" ","PT":" ","SN":"DANIELS FARM","ST":"RD","SD":" ","PRIMARYNAME":"DANIELS FARM RD  ","ALIAS1":null,"ALIAS2":null,"ALIAS3":null,"ALIAS4":null,"ALIAS5":"5\/12\/2015 7:30:02 PM","PRIMARYADDRESS":"2300 DANIELS FARM RD","SITETYPE":"SINGLE FAMILY DWELLING","TOWNNAME":"WATERFORD","MCODE":721,"ESN":300,"ZIP":"05819","PARCELNUM":"569.","GPSX":-71.98123276,"GPSY":44.39722735,"MAPYEAR":"Thu, 01 Jan 1998 00:00:00 GMT","UPDATEDATE":"Fri, 27 Jan 2023 21:28:55 GMT","STATE":"VT","FIPS8":5005,"SPAN":"699-222-10399","SUBTYPE":null,"GlobalID_1":"43b10c92-9033-40ee-a053-93591404e496","UNITCOUNT":1,"PRIMARYADD1":"2300 DANIELS FARM RD WATERFORD","PRIMARYADD2":"2300 DANIELS FARM RD WATERFORD VT 05819","SITETYPE_MULTI1":null,"SITETYPE_MULTI2":null,"SITETYPE_MULTI3":null,"SITETYPE_MULTI4":null,"SITETYPE_MULTI5":null,"COUNTY":"CALEDONIA","COUNTRY":"US","SOURCEOFDATA":"Vermont Enhanced 911 Board","DRIVEWAYID":null,"ESZ":"00300","HOUSE_NUMBER":2300,"HOUSE_NUMBERSUFFIX":null,"HOUSE_NUMBERPREFIX":null,"FIPS":"5005"}},
{"type":"Feature","id":184736,"geometry":{"type":"Point","coordinates":[-71.9829366599842,44.3976988122071]},"properties":{"OBJECTID":184736,"SEGMENTID":21062,"ESITEID":275499,"GEONAMEID":22335,"PD":" ","PT":" ","SN":"DANIELS FARM","ST":"RD","SD":" ","PRIMARYNAME":"DANIELS FARM RD  ","ALIAS1":null,"ALIAS2":null,"ALIAS3":null,"ALIAS4":null,"ALIAS5":"5\/12\/2015 7:30:02 PM","PRIMARYADDRESS":"2325 DANIELS FARM RD","SITETYPE":"SINGLE FAMILY DWELLING","TOWNNAME":"WATERFORD","MCODE":721,"ESN":300,"ZIP":"05819","PARCELNUM":"640.","GPSX":-71.98293563,"GPSY":44.39768979,"MAPYEAR":"Thu, 01 Jan 1998 00:00:00 GMT","UPDATEDATE":"Fri, 27 Jan 2023 21:28:55 GMT","STATE":"VT","FIPS8":5005,"SPAN":"699-222-10468","SUBTYPE":null,"GlobalID_1":"5dbdaf1c-2755-4711-b96b-b397cb6dc6bc","UNITCOUNT":1,"PRIMARYADD1":"2325 DANIELS FARM RD WATERFORD","PRIMARYADD2":"2325 DANIELS FARM RD WATERFORD VT 05819","SITETYPE_MULTI1":null,"SITETYPE_MULTI2":null,"SITETYPE_MULTI3":null,"SITETYPE_MULTI4":null,"SITETYPE_MULTI5":null,"COUNTY":"CALEDONIA","COUNTRY":"US","SOURCEOFDATA":"Vermont Enhanced 911 Board","DRIVEWAYID":null,"ESZ":"00300","HOUSE_NUMBER":2325,"HOUSE_NUMBERSUFFIX":null,"HOUSE_NUMBERPREFIX":null,"FIPS":"5005"}},
{"type":"Feature","id":274879,"geometry":{"type":"Point","coordinates":[-71.9072809678213,44.3971190067463]},"properties":{"OBJECTID":274879,"SEGMENTID":13601,"ESITEID":275500,"GEONAMEID":22312,"PD":" ","PT":"","SN":"LAWRENCE","ST":"RD","SD":"","PRIMARYNAME":"LAWRENCE RD","ALIAS1":null,"ALIAS2":null,"ALIAS3":null,"ALIAS4":null,"ALIAS5":"5\/12\/2015 7:30:01 PM","PRIMARYADDRESS":"792 LAWRENCE RD","SITETYPE":"MOBILE HOME","TOWNNAME":"WATERFORD","MCODE":721,"ESN":300,"ZIP":"05819","PARCELNUM":"473.","GPSX":-71.90727996,"GPSY":44.39710998,"MAPYEAR":"Thu, 01 Jan 1998 00:00:00 GMT","UPDATEDATE":"Fri, 27 Jan 2023 21:28:48 GMT","STATE":"VT","FIPS8":5005,"SPAN":"699-222-10298","SUBTYPE":null,"GlobalID_1":"dab8e5f6-35b7-4539-816d-a9f5a2d85cda","UNITCOUNT":1,"PRIMARYADD1":"792 LAWRENCE RD WATERFORD","PRIMARYADD2":"792 LAWRENCE RD WATERFORD VT 05819","SITETYPE_MULTI1":null,"SITETYPE_MULTI2":null,"SITETYPE_MULTI3":null,"SITETYPE_MULTI4":null,"SITETYPE_MULTI5":null,"COUNTY":"CALEDONIA","COUNTRY":"US","SOURCEOFDATA":"Vermont Enhanced 911 Board","DRIVEWAYID":null,"ESZ":"00300","HOUSE_NUMBER":792,"HOUSE_NUMBERSUFFIX":null,"HOUSE_NUMBERPREFIX":null,"FIPS":"5005"}},
{"type":"Feature","id":119325,"geometry":{"type":"Point","coordinates":[-71.9224981740101,44.3970164208492]},"properties":{"OBJECTID":119325,"SEGMENTID":58212,"ESITEID":275501,"GEONAMEID":22321,"PD":" ","PT":"","SN":"VT ROUTE 18","ST":" ","SD":" ","PRIMARYNAME":"VT ROUTE 18","ALIAS1":null,"ALIAS2":"ROUTE 18","ALIAS3":null,"ALIAS4":null,"ALIAS5":"5\/12\/2015 7:33:35 PM","PRIMARYADDRESS":"3078 VT ROUTE 18","SITETYPE":"SINGLE FAMILY DWELLING","TOWNNAME":"WATERFORD","MCODE":721,"ESN":300,"ZIP":"05819","PARCELNUM":"426.","GPSX":-71.92249716,"GPSY":44.3970074,"MAPYEAR":"Thu, 01 Jan 1998 00:00:00 GMT","UPDATEDATE":"Sat, 28 Jan 2023 00:01:23 GMT","STATE":"VT","FIPS8":5005,"SPAN":"699-222-10243","SUBTYPE":null,"GlobalID_1":"d3ea7ba2-d345-4729-b170-fb187af8a2e6","UNITCOUNT":1,"PRIMARYADD1":"3078 VT ROUTE 18 WATERFORD","PRIMARYADD2":"3078 VT ROUTE 18 WATERFORD VT 05819","SITETYPE_MULTI1":null,"SITETYPE_MULTI2":null,"SITETYPE_MULTI3":null,"SITETYPE_MULTI4":null,"SITETYPE_MULTI5":null,"COUNTY":"CALEDONIA","COUNTRY":"US","SOURCEOFDATA":"Vermont Enhanced 911 Board","DRIVEWAYID":null,"ESZ":"00300","HOUSE_NUMBER":3078,"HOUSE_NUMBERSUFFIX":null,"HOUSE_NUMBERPREFIX":null,"FIPS":"5005"}},
{"type":"Feature","id":45620,"geometry":{"type":"Point","coordinates":[-71.9558109781286,44.3973866756781]},"properties":{"OBJECTID":45620,"SEGMENTID":2234,"ESITEID":275502,"GEONAMEID":22348,"PD":" ","PT":" ","SN":"DAVIS","ST":"LN","SD":" ","PRIMARYNAME":"DAVIS LN","ALIAS1":null,"ALIAS2":null,"ALIAS3":null,"ALIAS4":null,"ALIAS5":"5\/12\/2015 7:29:44 PM","PRIMARYADDRESS":"120 DAVIS LN","SITETYPE":"SINGLE FAMILY DWELLING","TOWNNAME":"WATERFORD","MCODE":721,"ESN":300,"ZIP":"05819","PARCELNUM":"380.","GPSX":-71.95580996,"GPSY":44.39737765,"MAPYEAR":"Thu, 01 Jan 1998 00:00:00 GMT","UPDATEDATE":"Fri, 27 Jan 2023 21:23:09 GMT","STATE":"VT","FIPS8":5005,"SPAN":"699-222-10193","SUBTYPE":null,"GlobalID_1":"807e2192-7a1b-48ef-9d28-f40d63e53e9b","UNITCOUNT":1,"PRIMARYADD1":"120 DAVIS LN WATERFORD","PRIMARYADD2":"120 DAVIS LN WATERFORD VT 05819","SITETYPE_MULTI1":null,"SITETYPE_MULTI2":null,"SITETYPE_MULTI3":null,"SITETYPE_MULTI4":null,"SITETYPE_MULTI5":null,"COUNTY":"CALEDONIA","COUNTRY":"US","SOURCEOFDATA":"Vermont Enhanced 911 Board","DRIVEWAYID":null,"ESZ":"00300","HOUSE_NUMBER":120,"HOUSE_NUMBERSUFFIX":null,"HOUSE_NUMBERPREFIX":null,"FIPS":"5005"}},
{"type":"Feature","id":307689,"geometry":{"type":"Point","coordinates":[-71.9173711541046,44.3968985867136]},"properties":{"OBJECTID":307689,"SEGMENTID":21065,"ESITEID":275503,"GEONAMEID":22349,"PD":" ","PT":" ","SN":"STONYBROOK","ST":"RD","SD":" ","PRIMARYNAME":"STONYBROOK RD","ALIAS1":null,"ALIAS2":null,"ALIAS3":null,"ALIAS4":null,"ALIAS5":"5\/12\/2015 7:29:44 PM","PRIMARYADDRESS":"292 STONYBROOK RD","SITETYPE":"SINGLE FAMILY DWELLING","TOWNNAME":"WATERFORD","MCODE":721,"ESN":300,"ZIP":"05819","PARCELNUM":"456.","GPSX":-71.91737015,"GPSY":44.39688956,"MAPYEAR":"Thu, 01 Jan 1998 00:00:00 GMT","UPDATEDATE":"Fri, 27 Jan 2023 21:23:09 GMT","STATE":"VT","FIPS8":5005,"SPAN":"699-222-10170","SUBTYPE":null,"GlobalID_1":"6b08142f-859f-4171-82e8-39bb925daeee","UNITCOUNT":1,"PRIMARYADD1":"292 STONYBROOK RD WATERFORD","PRIMARYADD2":"292 STONYBROOK RD WATERFORD VT 05819","SITETYPE_MULTI1":null,"SITETYPE_MULTI2":null,"SITETYPE_MULTI3":null,"SITETYPE_MULTI4":null,"SITETYPE_MULTI5":null,"COUNTY":"CALEDONIA","COUNTRY":"US","SOURCEOFDATA":"Vermont Enhanced 911 Board","DRIVEWAYID":null,"ESZ":"00300","HOUSE_NUMBER":292,"HOUSE_NUMBERSUFFIX":null,"HOUSE_NUMBERPREFIX":null,"FIPS":"5005"}},
{"type":"Feature","id":229097,"geometry":{"type":"Point","coordinates":[-71.9213157180841,44.3965062393883]},"properties":{"OBJECTID":229097,"SEGMENTID":58212,"ESITEID":275504,"GEONAMEID":22321,"PD":" ","PT":"","SN":"VT ROUTE 18","ST":" ","SD":" ","PRIMARYNAME":"VT ROUTE 18","ALIAS1":null,"ALIAS2":"ROUTE 18","ALIAS3":null,"ALIAS4":null,"ALIAS5":"5\/12\/2015 7:33:25 PM","PRIMARYADDRESS":"3095 VT ROUTE 18","SITETYPE":"SINGLE FAMILY DWELLING","TOWNNAME":"WATERFORD","MCODE":721,"ESN":300,"ZIP":"05819","PARCELNUM":"343.","GPSX":-71.92131471,"GPSY":44.39649721,"MAPYEAR":"Thu, 01 Jan 1998 00:00:00 GMT","UPDATEDATE":"Fri, 27 Jan 2023 23:57:19 GMT","STATE":"VT","FIPS8":5005,"SPAN":"699-222-10153","SUBTYPE":null,"GlobalID_1":"3566eb6f-17c9-4135-b206-81510792d1a9","UNITCOUNT":1,"PRIMARYADD1":"3095 VT ROUTE 18 WATERFORD","PRIMARYADD2":"3095 VT ROUTE 18 WATERFORD VT 05819","SITETYPE_MULTI1":null,"SITETYPE_MULTI2":null,"SITETYPE_MULTI3":null,"SITETYPE_MULTI4":null,"SITETYPE_MULTI5":null,"COUNTY":"CALEDONIA","COUNTRY":"US","SOURCEOFDATA":"Vermont Enhanced 911 Board","DRIVEWAYID":null,"ESZ":"00300","HOUSE_NUMBER":3095,"HOUSE_NUMBERSUFFIX":null,"HOUSE_NUMBERPREFIX":null,"FIPS":"5005"}},
{"type":"Feature","id":79487,"geometry":{"type":"Point","coordinates":[-71.9213800936355,44.3967527953013]},"properties":{"OBJECTID":79487,"SEGMENTID":58212,"ESITEID":275505,"GEONAMEID":22321,"PD":" ","PT":"","SN":"VT ROUTE 18","ST":" ","SD":" ","PRIMARYNAME":"VT ROUTE 18","ALIAS1":null,"ALIAS2":"ROUTE 18","ALIAS3":null,"ALIAS4":null,"ALIAS5":"5\/12\/2015 7:33:12 PM","PRIMARYADDRESS":"3097 VT ROUTE 18","SITETYPE":"SINGLE FAMILY DWELLING","TOWNNAME":"WATERFORD","MCODE":721,"ESN":300,"ZIP":"05819","PARCELNUM":"496.","GPSX":-71.92137908,"GPSY":44.39674377,"MAPYEAR":"Thu, 01 Jan 1998 00:00:00 GMT","UPDATEDATE":"Fri, 27 Jan 2023 23:50:30 GMT","STATE":"VT","FIPS8":5005,"SPAN":"699-222-10327","SUBTYPE":null,"GlobalID_1":"1ae19721-b996-4612-9cde-357410760158","UNITCOUNT":1,"PRIMARYADD1":"3097 VT ROUTE 18 WATERFORD","PRIMARYADD2":"3097 VT ROUTE 18 WATERFORD VT 05819","SITETYPE_MULTI1":null,"SITETYPE_MULTI2":null,"SITETYPE_MULTI3":null,"SITETYPE_MULTI4":null,"SITETYPE_MULTI5":null,"COUNTY":"CALEDONIA","COUNTRY":"US","SOURCEOFDATA":"Vermont Enhanced 911 Board","DRIVEWAYID":null,"ESZ":"00300","HOUSE_NUMBER":3097,"HOUSE_NUMBERSUFFIX":null,"HOUSE_NUMBERPREFIX":null,"FIPS":"5005"}},
{"type":"Feature","id":302295,"geometry":{"type":"Point","coordinates":[-71.9565587808925,44.396647201625]},"properties":{"OBJECTID":302295,"SEGMENTID":2234,"ESITEID":275506,"GEONAMEID":22348,"PD":" ","PT":" ","SN":"DAVIS","ST":"LN","SD":" ","PRIMARYNAME":"DAVIS LN","ALIAS1":null,"ALIAS2":null,"ALIAS3":null,"ALIAS4":null,"ALIAS5":"5\/12\/2015 7:29:44 PM","PRIMARYADDRESS":"85 DAVIS LN","SITETYPE":"SINGLE FAMILY DWELLING","TOWNNAME":"WATERFORD","MCODE":721,"ESN":300,"ZIP":"05819","PARCELNUM":"378.","GPSX":-71.95655776,"GPSY":44.39663818,"MAPYEAR":"Thu, 01 Jan 1998 00:00:00 GMT","UPDATEDATE":"Fri, 27 Jan 2023 21:23:09 GMT","STATE":"VT","FIPS8":5005,"SPAN":"699-222-10194","SUBTYPE":null,"GlobalID_1":"f532b3bf-e541-4513-a0a6-733ef7b89960","UNITCOUNT":1,"PRIMARYADD1":"85 DAVIS LN WATERFORD","PRIMARYADD2":"85 DAVIS LN WATERFORD VT 05819","SITETYPE_MULTI1":null,"SITETYPE_MULTI2":null,"SITETYPE_MULTI3":null,"SITETYPE_MULTI4":null,"SITETYPE_MULTI5":null,"COUNTY":"CALEDONIA","COUNTRY":"US","SOURCEOFDATA":"Vermont Enhanced 911 Board","DRIVEWAYID":null,"ESZ":"00300","HOUSE_NUMBER":85,"HOUSE_NUMBERSUFFIX":null,"HOUSE_NUMBERPREFIX":null,"FIPS":"5005"}},
{"type":"Feature","id":127029,"geometry":{"type":"Point","coordinates":[-71.9092602627636,44.3962339055486]},"properties":{"OBJECTID":127029,"SEGMENTID":13600,"ESITEID":275507,"GEONAMEID":22311,"PD":" ","PT":"","SN":"OLD COUNTY","ST":"RD","SD":"N","PRIMARYNAME":"OLD COUNTY RD N","ALIAS1":null,"ALIAS2":null,"ALIAS3":null,"ALIAS4":null,"ALIAS5":"5\/12\/2015 7:29:44 PM","PRIMARYADDRESS":"866 OLD COUNTY RD N","SITETYPE":"SINGLE FAMILY DWELLING","TOWNNAME":"WATERFORD","MCODE":721,"ESN":300,"ZIP":"05819","PARCELNUM":"508.","GPSX":-71.90925926,"GPSY":44.39622488,"MAPYEAR":"Thu, 01 Jan 1998 00:00:00 GMT","UPDATEDATE":"Fri, 27 Jan 2023 21:23:02 GMT","STATE":"VT","FIPS8":5005,"SPAN":"699-222-10339","SUBTYPE":null,"GlobalID_1":"d5e3580f-ebcb-4575-9a6d-6eeaf3ac379b","UNITCOUNT":1,"PRIMARYADD1":"866 OLD COUNTY RD N WATERFORD","PRIMARYADD2":"866 OLD COUNTY RD N WATERFORD VT 05819","SITETYPE_MULTI1":null,"SITETYPE_MULTI2":null,"SITETYPE_MULTI3":null,"SITETYPE_MULTI4":null,"SITETYPE_MULTI5":null,"COUNTY":"CALEDONIA","COUNTRY":"US","SOURCEOFDATA":"Vermont Enhanced 911 Board","DRIVEWAYID":null,"ESZ":"00300","HOUSE_NUMBER":866,"HOUSE_NUMBERSUFFIX":null,"HOUSE_NUMBERPREFIX":null,"FIPS":"5005"}},
{"type":"Feature","id":303359,"geometry":{"type":"Point","coordinates":[-71.9083086584088,44.3961497700347]},"properties":{"OBJECTID":303359,"SEGMENTID":252320,"ESITEID":275508,"GEONAMEID":22311,"PD":" ","PT":"","SN":"OLD COUNTY","ST":"RD","SD":"N","PRIMARYNAME":"OLD COUNTY RD N","ALIAS1":null,"ALIAS2":null,"ALIAS3":null,"ALIAS4":null,"ALIAS5":"5\/12\/2015 7:29:44 PM","PRIMARYADDRESS":"923 OLD COUNTY RD N","SITETYPE":"SINGLE FAMILY DWELLING","TOWNNAME":"WATERFORD","MCODE":721,"ESN":300,"ZIP":"05819","PARCELNUM":"590.","GPSX":-71.90830765,"GPSY":44.39614074,"MAPYEAR":"Thu, 01 Jan 1998 00:00:00 GMT","UPDATEDATE":"Fri, 27 Jan 2023 21:23:02 GMT","STATE":"VT","FIPS8":5005,"SPAN":"699-222-10420","SUBTYPE":null,"GlobalID_1":"32d9287d-302a-4b53-b217-c1c2beddd338","UNITCOUNT":1,"PRIMARYADD1":"923 OLD COUNTY RD N WATERFORD","PRIMARYADD2":"923 OLD COUNTY RD N WATERFORD VT 05819","SITETYPE_MULTI1":null,"SITETYPE_MULTI2":null,"SITETYPE_MULTI3":null,"SITETYPE_MULTI4":null,"SITETYPE_MULTI5":null,"COUNTY":"CALEDONIA","COUNTRY":"US","SOURCEOFDATA":"Vermont Enhanced 911 Board","DRIVEWAYID":null,"ESZ":"00300","HOUSE_NUMBER":923,"HOUSE_NUMBERSUFFIX":null,"HOUSE_NUMBERPREFIX":null,"FIPS":"5005"}},
{"type":"Feature","id":178808,"geometry":{"type":"Point","coordinates":[-71.9213279661934,44.3959369628111]},"properties":{"OBJECTID":178808,"SEGMENTID":58212,"ESITEID":275509,"GEONAMEID":22321,"PD":" ","PT":"","SN":"VT ROUTE 18","ST":" ","SD":" ","PRIMARYNAME":"VT ROUTE 18","ALIAS1":null,"ALIAS2":"ROUTE 18","ALIAS3":null,"ALIAS4":null,"ALIAS5":"5\/12\/2015 7:33:16 PM","PRIMARYADDRESS":"3141 VT ROUTE 18","SITETYPE":"MOBILE HOME","TOWNNAME":"WATERFORD","MCODE":721,"ESN":300,"ZIP":"05819","PARCELNUM":"410.","GPSX":-71.92132696,"GPSY":44.39592794,"MAPYEAR":"Thu, 01 Jan 1998 00:00:00 GMT","UPDATEDATE":"Fri, 27 Jan 2023 23:52:49 GMT","STATE":"VT","FIPS8":5005,"SPAN":"699-222-10227","SUBTYPE":null,"GlobalID_1":"ac6091ea-2cb0-462d-8c76-9208e8a18c4d","UNITCOUNT":1,"PRIMARYADD1":"3141 VT ROUTE 18 WATERFORD","PRIMARYADD2":"3141 VT ROUTE 18 WATERFORD VT 05819","SITETYPE_MULTI1":null,"SITETYPE_MULTI2":null,"SITETYPE_MULTI3":null,"SITETYPE_MULTI4":null,"SITETYPE_MULTI5":null,"COUNTY":"CALEDONIA","COUNTRY":"US","SOURCEOFDATA":"Vermont Enhanced 911 Board","DRIVEWAYID":null,"ESZ":"00300","HOUSE_NUMBER":3141,"HOUSE_NUMBERSUFFIX":null,"HOUSE_NUMBERPREFIX":null,"FIPS":"5005"}},
{"type":"Feature","id":249229,"geometry":{"type":"Point","coordinates":[-71.9229338903374,44.3956522002348]},"properties":{"OBJECTID":249229,"SEGMENTID":58212,"ESITEID":275510,"GEONAMEID":22321,"PD":" ","PT":"","SN":"VT ROUTE 18","ST":" ","SD":" ","PRIMARYNAME":"VT ROUTE 18","ALIAS1":null,"ALIAS2":"ROUTE 18","ALIAS3":null,"ALIAS4":null,"ALIAS5":"5\/12\/2015 7:33:35 PM","PRIMARYADDRESS":"3106 VT ROUTE 18","SITETYPE":"OTHER COMMERCIAL","TOWNNAME":"WATERFORD","MCODE":721,"ESN":300,"ZIP":"05819","PARCELNUM":"426.","GPSX":-71.92293288,"GPSY":44.39564317,"MAPYEAR":"Thu, 01 Jan 1998 00:00:00 GMT","UPDATEDATE":"Sat, 28 Jan 2023 00:01:35 GMT","STATE":"VT","FIPS8":5005,"SPAN":"699-222-10243","SUBTYPE":null,"GlobalID_1":"5c99c8ab-7519-421f-8cb5-7c81d0461767","UNITCOUNT":1,"PRIMARYADD1":"3106 VT ROUTE 18 WATERFORD","PRIMARYADD2":"3106 VT ROUTE 18 WATERFORD VT 05819","SITETYPE_MULTI1":null,"SITETYPE_MULTI2":null,"SITETYPE_MULTI3":null,"SITETYPE_MULTI4":null,"SITETYPE_MULTI5":null,"COUNTY":"CALEDONIA","COUNTRY":"US","SOURCEOFDATA":"Vermont Enhanced 911 Board","DRIVEWAYID":null,"ESZ":"00300","HOUSE_NUMBER":3106,"HOUSE_NUMBERSUFFIX":null,"HOUSE_NUMBERPREFIX":null,"FIPS":"5005"}},
{"type":"Feature","id":202894,"geometry":{"type":"Point","coordinates":[-71.9152316217484,44.3956609805625]},"properties":{"OBJECTID":202894,"SEGMENTID":9749,"ESITEID":275511,"GEONAMEID":22312,"PD":" ","PT":"","SN":"LAWRENCE","ST":"RD","SD":"","PRIMARYNAME":"LAWRENCE RD","ALIAS1":null,"ALIAS2":null,"ALIAS3":null,"ALIAS4":null,"ALIAS5":"5\/12\/2015 7:30:01 PM","PRIMARYADDRESS":"533 LAWRENCE RD","SITETYPE":"SINGLE FAMILY DWELLING","TOWNNAME":"WATERFORD","MCODE":721,"ESN":300,"ZIP":"05819","PARCELNUM":"489.","GPSX":-71.91523062,"GPSY":44.39565196,"MAPYEAR":"Thu, 01 Jan 1998 00:00:00 GMT","UPDATEDATE":"Fri, 11 Oct 2024 11:30:09 GMT","STATE":"VT","FIPS8":5005,"SPAN":"699-222-10317","SUBTYPE":null,"GlobalID_1":"510ed18f-a007-4185-bdb7-fbb1e4ac3054","UNITCOUNT":1,"PRIMARYADD1":"533 LAWRENCE RD WATERFORD","PRIMARYADD2":"533 LAWRENCE RD WATERFORD VT 05819","SITETYPE_MULTI1":null,"SITETYPE_MULTI2":null,"SITETYPE_MULTI3":null,"SITETYPE_MULTI4":null,"SITETYPE_MULTI5":null,"COUNTY":"CALEDONIA","COUNTRY":"US","SOURCEOFDATA":"Vermont Enhanced 911 Board","DRIVEWAYID":null,"ESZ":"00300","HOUSE_NUMBER":533,"HOUSE_NUMBERSUFFIX":null,"HOUSE_NUMBERPREFIX":null,"FIPS":"5005"}},
{"type":"Feature","id":83679,"geometry":{"type":"Point","coordinates":[-71.9215387237584,44.3955301948229]},"properties":{"OBJECTID":83679,"SEGMENTID":58212,"ESITEID":275512,"GEONAMEID":22321,"PD":" ","PT":"","SN":"VT ROUTE 18","ST":" ","SD":" ","PRIMARYNAME":"VT ROUTE 18","ALIAS1":null,"ALIAS2":"ROUTE 18","ALIAS3":null,"ALIAS4":null,"ALIAS5":"5\/12\/2015 7:33:31 PM","PRIMARYADDRESS":"3179 VT ROUTE 18","SITETYPE":"SINGLE FAMILY DWELLING","TOWNNAME":"WATERFORD","MCODE":721,"ESN":300,"ZIP":"05819","PARCELNUM":"284.","GPSX":-71.92153772,"GPSY":44.39552117,"MAPYEAR":"Thu, 01 Jan 1998 00:00:00 GMT","UPDATEDATE":"Fri, 27 Jan 2023 23:59:22 GMT","STATE":"VT","FIPS8":5005,"SPAN":"699-222-10592","SUBTYPE":null,"GlobalID_1":"1a591f00-7dad-40fe-9696-76e2b0188606","UNITCOUNT":1,"PRIMARYADD1":"3179 VT ROUTE 18 WATERFORD","PRIMARYADD2":"3179 VT ROUTE 18 WATERFORD VT 05819","SITETYPE_MULTI1":null,"SITETYPE_MULTI2":null,"SITETYPE_MULTI3":null,"SITETYPE_MULTI4":null,"SITETYPE_MULTI5":null,"COUNTY":"CALEDONIA","COUNTRY":"US","SOURCEOFDATA":"Vermont Enhanced 911 Board","DRIVEWAYID":null,"ESZ":"00300","HOUSE_NUMBER":3179,"HOUSE_NUMBERSUFFIX":null,"HOUSE_NUMBERPREFIX":null,"FIPS":"5005"}},
{"type":"Feature","id":342290,"geometry":{"type":"Point","coordinates":[-71.9591488502315,44.395873141229]},"properties":{"OBJECTID":342290,"SEGMENTID":28582,"ESITEID":275513,"GEONAMEID":22335,"PD":" ","PT":" ","SN":"DANIELS FARM","ST":"RD","SD":" ","PRIMARYNAME":"DANIELS FARM RD  ","ALIAS1":null,"ALIAS2":null,"ALIAS3":null,"ALIAS4":null,"ALIAS5":"5\/12\/2015 7:30:02 PM","PRIMARYADDRESS":"838 DANIELS FARM RD","SITETYPE":"SINGLE FAMILY DWELLING","TOWNNAME":"WATERFORD","MCODE":721,"ESN":300,"ZIP":"05819","PARCELNUM":"567.","GPSX":-71.95914783,"GPSY":44.39586412,"MAPYEAR":"Thu, 01 Jan 1998 00:00:00 GMT","UPDATEDATE":"Fri, 03 May 2024 09:57:53 GMT","STATE":"VT","FIPS8":5005,"SPAN":"699-222-10397","SUBTYPE":null,"GlobalID_1":"562a55e0-ea02-49ce-8e64-5ddf7bb42a33","UNITCOUNT":1,"PRIMARYADD1":"838 DANIELS FARM RD WATERFORD","PRIMARYADD2":"838 DANIELS FARM RD WATERFORD VT 05819","SITETYPE_MULTI1":null,"SITETYPE_MULTI2":null,"SITETYPE_MULTI3":null,"SITETYPE_MULTI4":null,"SITETYPE_MULTI5":null,"COUNTY":"CALEDONIA","COUNTRY":"US","SOURCEOFDATA":"Vermont Enhanced 911 Board","DRIVEWAYID":null,"ESZ":"00300","HOUSE_NUMBER":838,"HOUSE_NUMBERSUFFIX":null,"HOUSE_NUMBERPREFIX":null,"FIPS":"5005"}},
{"type":"Feature","id":848,"geometry":{"type":"Point","coordinates":[-71.980516638917,44.3953621604535]},"properties":{"OBJECTID":848,"SEGMENTID":21062,"ESITEID":275514,"GEONAMEID":22335,"PD":" ","PT":" ","SN":"DANIELS FARM","ST":"RD","SD":" ","PRIMARYNAME":"DANIELS FARM RD  ","ALIAS1":null,"ALIAS2":null,"ALIAS3":null,"ALIAS4":null,"ALIAS5":"5\/12\/2015 7:30:02 PM","PRIMARYADDRESS":"2150 DANIELS FARM RD","SITETYPE":"SINGLE FAMILY DWELLING","TOWNNAME":"WATERFORD","MCODE":721,"ESN":300,"ZIP":"05819","PARCELNUM":"853.","GPSX":-71.98051561,"GPSY":44.39535314,"MAPYEAR":"Thu, 01 Jan 1998 00:00:00 GMT","UPDATEDATE":"Fri, 27 Jan 2023 21:28:55 GMT","STATE":"VT","FIPS8":5005,"SPAN":"699-222-10708","SUBTYPE":null,"GlobalID_1":"171660fc-6d66-4b04-bb21-02de829367b2","UNITCOUNT":1,"PRIMARYADD1":"2150 DANIELS FARM RD WATERFORD","PRIMARYADD2":"2150 DANIELS FARM RD WATERFORD VT 05819","SITETYPE_MULTI1":null,"SITETYPE_MULTI2":null,"SITETYPE_MULTI3":null,"SITETYPE_MULTI4":null,"SITETYPE_MULTI5":null,"COUNTY":"CALEDONIA","COUNTRY":"US","SOURCEOFDATA":"Vermont Enhanced 911 Board","DRIVEWAYID":null,"ESZ":"00300","HOUSE_NUMBER":2150,"HOUSE_NUMBERSUFFIX":null,"HOUSE_NUMBERPREFIX":null,"FIPS":"5005"}},
{"type":"Feature","id":286831,"geometry":{"type":"Point","coordinates":[-71.9900995522548,44.3957386779275]},"properties":{"OBJECTID":286831,"SEGMENTID":252301,"ESITEID":275515,"GEONAMEID":22336,"PD":" ","PT":" ","SN":"HASTINGS","ST":"RD","SD":" ","PRIMARYNAME":"HASTINGS RD  ","ALIAS1":null,"ALIAS2":null,"ALIAS3":null,"ALIAS4":null,"ALIAS5":"5\/13\/2015 2:02:10 PM","PRIMARYADDRESS":"52 HASTINGS RD","SITETYPE":"SINGLE FAMILY DWELLING","TOWNNAME":"WATERFORD","MCODE":721,"ESN":300,"ZIP":"05819","PARCELNUM":"966.","GPSX":-71.99009852,"GPSY":44.39572965,"MAPYEAR":"Thu, 01 Jan 1998 00:00:00 GMT","UPDATEDATE":"Fri, 27 Jan 2023 21:28:56 GMT","STATE":"VT","FIPS8":5005,"SPAN":"699-222-10417","SUBTYPE":null,"GlobalID_1":"764bd503-cb15-4e82-aca4-36e067ec5c76","UNITCOUNT":1,"PRIMARYADD1":"52 HASTINGS RD WATERFORD","PRIMARYADD2":"52 HASTINGS RD WATERFORD VT 05819","SITETYPE_MULTI1":null,"SITETYPE_MULTI2":null,"SITETYPE_MULTI3":null,"SITETYPE_MULTI4":null,"SITETYPE_MULTI5":null,"COUNTY":"CALEDONIA","COUNTRY":"US","SOURCEOFDATA":"Vermont Enhanced 911 Board","DRIVEWAYID":null,"ESZ":"00300","HOUSE_NUMBER":52,"HOUSE_NUMBERSUFFIX":null,"HOUSE_NUMBERPREFIX":null,"FIPS":"5005"}},
{"type":"Feature","id":322966,"geometry":{"type":"Point","coordinates":[-71.9824691882646,44.3955546590074]},"properties":{"OBJECTID":322966,"SEGMENTID":28579,"ESITEID":275516,"GEONAMEID":22337,"PD":" ","PT":" ","SN":"SIMPSON BROOK","ST":"RD","SD":" ","PRIMARYNAME":"SIMPSON BROOK RD  ","ALIAS1":null,"ALIAS2":null,"ALIAS3":null,"ALIAS4":null,"ALIAS5":"5\/12\/2015 7:30:02 PM","PRIMARYADDRESS":"84 SIMPSON BROOK RD","SITETYPE":"SINGLE FAMILY DWELLING","TOWNNAME":"WATERFORD","MCODE":721,"ESN":300,"ZIP":"05819","PARCELNUM":"574.","GPSX":-71.98246816,"GPSY":44.39554564,"MAPYEAR":"Thu, 01 Jan 1998 00:00:00 GMT","UPDATEDATE":"Fri, 27 Jan 2023 21:28:56 GMT","STATE":"VT","FIPS8":5005,"SPAN":"699-222-10405","SUBTYPE":null,"GlobalID_1":"166ebf6e-3f60-448b-b910-673b941a3754","UNITCOUNT":1,"PRIMARYADD1":"84 SIMPSON BROOK RD WATERFORD","PRIMARYADD2":"84 SIMPSON BROOK RD WATERFORD VT 05819","SITETYPE_MULTI1":null,"SITETYPE_MULTI2":null,"SITETYPE_MULTI3":null,"SITETYPE_MULTI4":null,"SITETYPE_MULTI5":null,"COUNTY":"CALEDONIA","COUNTRY":"US","SOURCEOFDATA":"Vermont Enhanced 911 Board","DRIVEWAYID":null,"ESZ":"00300","HOUSE_NUMBER":84,"HOUSE_NUMBERSUFFIX":null,"HOUSE_NUMBERPREFIX":null,"FIPS":"5005"}},
{"type":"Feature","id":107298,"geometry":{"type":"Point","coordinates":[-71.9082270116128,44.3951124749528]},"properties":{"OBJECTID":107298,"SEGMENTID":9749,"ESITEID":275517,"GEONAMEID":22312,"PD":" ","PT":"","SN":"LAWRENCE","ST":"RD","SD":"","PRIMARYNAME":"LAWRENCE RD","ALIAS1":null,"ALIAS2":null,"ALIAS3":null,"ALIAS4":null,"ALIAS5":"5\/12\/2015 7:30:01 PM","PRIMARYADDRESS":"652 LAWRENCE RD","SITETYPE":"SINGLE FAMILY DWELLING","TOWNNAME":"WATERFORD","MCODE":721,"ESN":300,"ZIP":"05819","PARCELNUM":"388.","GPSX":-71.90822601,"GPSY":44.39510345,"MAPYEAR":"Thu, 01 Jan 1998 00:00:00 GMT","UPDATEDATE":"Fri, 27 Jan 2023 21:28:48 GMT","STATE":"VT","FIPS8":5005,"SPAN":"699-222-10201","SUBTYPE":null,"GlobalID_1":"f5c54a33-c26f-4a5e-8519-8e876981dfc2","UNITCOUNT":1,"PRIMARYADD1":"652 LAWRENCE RD WATERFORD","PRIMARYADD2":"652 LAWRENCE RD WATERFORD VT 05819","SITETYPE_MULTI1":null,"SITETYPE_MULTI2":null,"SITETYPE_MULTI3":null,"SITETYPE_MULTI4":null,"SITETYPE_MULTI5":null,"COUNTY":"CALEDONIA","COUNTRY":"US","SOURCEOFDATA":"Vermont Enhanced 911 Board","DRIVEWAYID":null,"ESZ":"00300","HOUSE_NUMBER":652,"HOUSE_NUMBERSUFFIX":null,"HOUSE_NUMBERPREFIX":null,"FIPS":"5005"}},
{"type":"Feature","id":168212,"geometry":{"type":"Point","coordinates":[-71.9100503139198,44.3950012618876]},"properties":{"OBJECTID":168212,"SEGMENTID":9749,"ESITEID":275518,"GEONAMEID":22312,"PD":" ","PT":"","SN":"LAWRENCE","ST":"RD","SD":"","PRIMARYNAME":"LAWRENCE RD","ALIAS1":null,"ALIAS2":null,"ALIAS3":null,"ALIAS4":null,"ALIAS5":"5\/12\/2015 7:30:01 PM","PRIMARYADDRESS":"594 LAWRENCE RD","SITETYPE":"SINGLE FAMILY DWELLING","TOWNNAME":"WATERFORD","MCODE":721,"ESN":300,"ZIP":"05819","PARCELNUM":"585.","GPSX":-71.91004931,"GPSY":44.39499224,"MAPYEAR":"Thu, 01 Jan 1998 00:00:00 GMT","UPDATEDATE":"Fri, 27 Jan 2023 21:28:48 GMT","STATE":"VT","FIPS8":5005,"SPAN":"699-222-10279","SUBTYPE":null,"GlobalID_1":"b501d262-969c-4909-b75d-de2c827cb30c","UNITCOUNT":1,"PRIMARYADD1":"594 LAWRENCE RD WATERFORD","PRIMARYADD2":"594 LAWRENCE RD WATERFORD VT 05819","SITETYPE_MULTI1":null,"SITETYPE_MULTI2":null,"SITETYPE_MULTI3":null,"SITETYPE_MULTI4":null,"SITETYPE_MULTI5":null,"COUNTY":"CALEDONIA","COUNTRY":"US","SOURCEOFDATA":"Vermont Enhanced 911 Board","DRIVEWAYID":null,"ESZ":"00300","HOUSE_NUMBER":594,"HOUSE_NUMBERSUFFIX":null,"HOUSE_NUMBERPREFIX":null,"FIPS":"5005"}},
{"type":"Feature","id":394,"geometry":{"type":"Point","coordinates":[-71.9595026956571,44.3949605804376]},"properties":{"OBJECTID":394,"SEGMENTID":28582,"ESITEID":275519,"GEONAMEID":22335,"PD":" ","PT":" ","SN":"DANIELS FARM","ST":"RD","SD":" ","PRIMARYNAME":"DANIELS FARM RD  ","ALIAS1":null,"ALIAS2":null,"ALIAS3":null,"ALIAS4":null,"ALIAS5":"5\/12\/2015 7:30:02 PM","PRIMARYADDRESS":"852 DANIELS FARM RD","SITETYPE":"SINGLE FAMILY DWELLING","TOWNNAME":"WATERFORD","MCODE":721,"ESN":300,"ZIP":"05819","PARCELNUM":"566.","GPSX":-71.95950167,"GPSY":44.39495156,"MAPYEAR":"Thu, 01 Jan 1998 00:00:00 GMT","UPDATEDATE":"Fri, 27 Jan 2023 21:28:55 GMT","STATE":"VT","FIPS8":5005,"SPAN":"699-222-10396","SUBTYPE":null,"GlobalID_1":"2b809e2e-4830-4749-ba4f-590e1a69125b","UNITCOUNT":1,"PRIMARYADD1":"852 DANIELS FARM RD WATERFORD","PRIMARYADD2":"852 DANIELS FARM RD WATERFORD VT 05819","SITETYPE_MULTI1":null,"SITETYPE_MULTI2":null,"SITETYPE_MULTI3":null,"SITETYPE_MULTI4":null,"SITETYPE_MULTI5":null,"COUNTY":"CALEDONIA","COUNTRY":"US","SOURCEOFDATA":"Vermont Enhanced 911 Board","DRIVEWAYID":null,"ESZ":"00300","HOUSE_NUMBER":852,"HOUSE_NUMBERSUFFIX":null,"HOUSE_NUMBERPREFIX":null,"FIPS":"5005"}},
{"type":"Feature","id":161684,"geometry":{"type":"Point","coordinates":[-71.911982538068,44.3947762352339]},"properties":{"OBJECTID":161684,"SEGMENTID":9749,"ESITEID":275520,"GEONAMEID":22312,"PD":" ","PT":"","SN":"LAWRENCE","ST":"RD","SD":"","PRIMARYNAME":"LAWRENCE RD","ALIAS1":null,"ALIAS2":null,"ALIAS3":null,"ALIAS4":null,"ALIAS5":"5\/12\/2015 7:30:01 PM","PRIMARYADDRESS":"495 LAWRENCE RD","SITETYPE":"SINGLE FAMILY DWELLING","TOWNNAME":"WATERFORD","MCODE":721,"ESN":300,"ZIP":"05819","PARCELNUM":"450.","GPSX":-71.91198153,"GPSY":44.39476721,"MAPYEAR":"Thu, 01 Jan 1998 00:00:00 GMT","UPDATEDATE":"Fri, 27 Jan 2023 21:28:48 GMT","STATE":"VT","FIPS8":5005,"SPAN":"699-222-10271","SUBTYPE":null,"GlobalID_1":"7585c6fd-af43-48bc-a86a-95d93b3c85bd","UNITCOUNT":1,"PRIMARYADD1":"495 LAWRENCE RD WATERFORD","PRIMARYADD2":"495 LAWRENCE RD WATERFORD VT 05819","SITETYPE_MULTI1":null,"SITETYPE_MULTI2":null,"SITETYPE_MULTI3":null,"SITETYPE_MULTI4":null,"SITETYPE_MULTI5":null,"COUNTY":"CALEDONIA","COUNTRY":"US","SOURCEOFDATA":"Vermont Enhanced 911 Board","DRIVEWAYID":null,"ESZ":"00300","HOUSE_NUMBER":495,"HOUSE_NUMBERSUFFIX":null,"HOUSE_NUMBERPREFIX":null,"FIPS":"5005"}},
{"type":"Feature","id":139668,"geometry":{"type":"Point","coordinates":[-72.0195277622522,44.3952290091504]},"properties":{"OBJECTID":139668,"SEGMENTID":32233,"ESITEID":275521,"GEONAMEID":22340,"PD":" ","PT":" ","SN":"RIVER","ST":"RD","SD":" ","PRIMARYNAME":"RIVER RD  ","ALIAS1":null,"ALIAS2":null,"ALIAS3":null,"ALIAS4":null,"ALIAS5":"12\/6\/2016 8:33:23 AM","PRIMARYADDRESS":"1374 RIVER RD","SITETYPE":"SINGLE FAMILY DWELLING","TOWNNAME":"WATERFORD","MCODE":721,"ESN":300,"ZIP":"05819","PARCELNUM":"551.","GPSX":-72.01952673,"GPSY":44.39521999,"MAPYEAR":"Thu, 01 Jan 1998 00:00:00 GMT","UPDATEDATE":"Fri, 27 Jan 2023 21:28:57 GMT","STATE":"VT","FIPS8":5005,"SPAN":"699-222-10671","SUBTYPE":null,"GlobalID_1":"a3d69b6c-e797-4dc4-81a5-e146502f194f","UNITCOUNT":1,"PRIMARYADD1":"1374 RIVER RD WATERFORD","PRIMARYADD2":"1374 RIVER RD WATERFORD VT 05819","SITETYPE_MULTI1":null,"SITETYPE_MULTI2":null,"SITETYPE_MULTI3":null,"SITETYPE_MULTI4":null,"SITETYPE_MULTI5":null,"COUNTY":"CALEDONIA","COUNTRY":"US","SOURCEOFDATA":"Vermont Enhanced 911 Board","DRIVEWAYID":null,"ESZ":"00300","HOUSE_NUMBER":1374,"HOUSE_NUMBERSUFFIX":null,"HOUSE_NUMBERPREFIX":null,"FIPS":"5005"}},
{"type":"Feature","id":136636,"geometry":{"type":"Point","coordinates":[-71.9951437326544,44.3948808013275]},"properties":{"OBJECTID":136636,"SEGMENTID":252301,"ESITEID":275522,"GEONAMEID":22336,"PD":" ","PT":" ","SN":"HASTINGS","ST":"RD","SD":" ","PRIMARYNAME":"HASTINGS RD  ","ALIAS1":null,"ALIAS2":null,"ALIAS3":null,"ALIAS4":null,"ALIAS5":"5\/12\/2015 7:30:02 PM","PRIMARYADDRESS":"206 HASTINGS RD","SITETYPE":"SINGLE FAMILY DWELLING","TOWNNAME":"WATERFORD","MCODE":721,"ESN":300,"ZIP":"05819","PARCELNUM":"539.","GPSX":-71.9951427,"GPSY":44.39487178,"MAPYEAR":"Thu, 01 Jan 1998 00:00:00 GMT","UPDATEDATE":"Fri, 27 Jan 2023 21:28:56 GMT","STATE":"VT","FIPS8":5005,"SPAN":"699-222-10367","SUBTYPE":null,"GlobalID_1":"f928a358-7892-4b1a-9ed0-587051aec2cc","UNITCOUNT":1,"PRIMARYADD1":"206 HASTINGS RD WATERFORD","PRIMARYADD2":"206 HASTINGS RD WATERFORD VT 05819","SITETYPE_MULTI1":null,"SITETYPE_MULTI2":null,"SITETYPE_MULTI3":null,"SITETYPE_MULTI4":null,"SITETYPE_MULTI5":null,"COUNTY":"CALEDONIA","COUNTRY":"US","SOURCEOFDATA":"Vermont Enhanced 911 Board","DRIVEWAYID":null,"ESZ":"00300","HOUSE_NUMBER":206,"HOUSE_NUMBERSUFFIX":null,"HOUSE_NUMBERPREFIX":null,"FIPS":"5005"}},
{"type":"Feature","id":240415,"geometry":{"type":"Point","coordinates":[-71.9109145997405,44.3943133468136]},"properties":{"OBJECTID":240415,"SEGMENTID":9749,"ESITEID":275523,"GEONAMEID":22312,"PD":" ","PT":"","SN":"LAWRENCE","ST":"RD","SD":"","PRIMARYNAME":"LAWRENCE RD","ALIAS1":null,"ALIAS2":null,"ALIAS3":null,"ALIAS4":null,"ALIAS5":"5\/12\/2015 7:30:02 PM","PRIMARYADDRESS":"564 LAWRENCE RD","SITETYPE":"SINGLE FAMILY DWELLING","TOWNNAME":"WATERFORD","MCODE":721,"ESN":300,"ZIP":"05819","PARCELNUM":"475.","GPSX":-71.91091359,"GPSY":44.39430432,"MAPYEAR":"Thu, 01 Jan 1998 00:00:00 GMT","UPDATEDATE":"Fri, 27 Jan 2023 21:28:48 GMT","STATE":"VT","FIPS8":5005,"SPAN":"699-222-10302","SUBTYPE":null,"GlobalID_1":"ff8c4ffd-584d-4403-b201-b3d721241435","UNITCOUNT":1,"PRIMARYADD1":"564 LAWRENCE RD WATERFORD","PRIMARYADD2":"564 LAWRENCE RD WATERFORD VT 05819","SITETYPE_MULTI1":null,"SITETYPE_MULTI2":null,"SITETYPE_MULTI3":null,"SITETYPE_MULTI4":null,"SITETYPE_MULTI5":null,"COUNTY":"CALEDONIA","COUNTRY":"US","SOURCEOFDATA":"Vermont Enhanced 911 Board","DRIVEWAYID":null,"ESZ":"00300","HOUSE_NUMBER":564,"HOUSE_NUMBERSUFFIX":null,"HOUSE_NUMBERPREFIX":null,"FIPS":"5005"}},
{"type":"Feature","id":126389,"geometry":{"type":"Point","coordinates":[-71.9814997423309,44.3947157440714]},"properties":{"OBJECTID":126389,"SEGMENTID":28579,"ESITEID":275524,"GEONAMEID":22337,"PD":" ","PT":" ","SN":"SIMPSON BROOK","ST":"RD","SD":" ","PRIMARYNAME":"SIMPSON BROOK RD  ","ALIAS1":null,"ALIAS2":null,"ALIAS3":null,"ALIAS4":null,"ALIAS5":"5\/12\/2015 7:30:02 PM","PRIMARYADDRESS":"41 SIMPSON BROOK RD","SITETYPE":"SINGLE FAMILY DWELLING","TOWNNAME":"WATERFORD","MCODE":721,"ESN":300,"ZIP":"05819","PARCELNUM":"631.","GPSX":-71.98149871,"GPSY":44.39470672,"MAPYEAR":"Thu, 01 Jan 1998 00:00:00 GMT","UPDATEDATE":"Fri, 27 Jan 2023 21:28:57 GMT","STATE":"VT","FIPS8":5005,"SPAN":"699-222-10466","SUBTYPE":null,"GlobalID_1":"2b821f63-9ae1-4c80-a02d-79e2154f6c37","UNITCOUNT":1,"PRIMARYADD1":"41 SIMPSON BROOK RD WATERFORD","PRIMARYADD2":"41 SIMPSON BROOK RD WATERFORD VT 05819","SITETYPE_MULTI1":null,"SITETYPE_MULTI2":null,"SITETYPE_MULTI3":null,"SITETYPE_MULTI4":null,"SITETYPE_MULTI5":null,"COUNTY":"CALEDONIA","COUNTRY":"US","SOURCEOFDATA":"Vermont Enhanced 911 Board","DRIVEWAYID":null,"ESZ":"00300","HOUSE_NUMBER":41,"HOUSE_NUMBERSUFFIX":null,"HOUSE_NUMBERPREFIX":null,"FIPS":"5005"}},
{"type":"Feature","id":65215,"geometry":{"type":"Point","coordinates":[-71.9298310722443,44.3945599246761]},"properties":{"OBJECTID":65215,"SEGMENTID":87647,"ESITEID":275525,"GEONAMEID":22326,"PD":" ","PT":" ","SN":"DUCK POND","ST":"RD","SD":" ","PRIMARYNAME":"DUCK POND RD  ","ALIAS1":null,"ALIAS2":null,"ALIAS3":null,"ALIAS4":null,"ALIAS5":"5\/12\/2015 7:30:02 PM","PRIMARYADDRESS":"755 DUCK POND RD","SITETYPE":"SINGLE FAMILY DWELLING","TOWNNAME":"WATERFORD","MCODE":721,"ESN":300,"ZIP":"05819","PARCELNUM":"945.","GPSX":-71.92983006,"GPSY":44.3945509,"MAPYEAR":"Thu, 01 Jan 1998 00:00:00 GMT","UPDATEDATE":"Fri, 27 Jan 2023 21:28:51 GMT","STATE":"VT","FIPS8":5005,"SPAN":"699-222-10555","SUBTYPE":null,"GlobalID_1":"8c82d5ac-d3d2-4739-b7ab-d319841fa9ee","UNITCOUNT":1,"PRIMARYADD1":"755 DUCK POND RD WATERFORD","PRIMARYADD2":"755 DUCK POND RD WATERFORD VT 05819","SITETYPE_MULTI1":null,"SITETYPE_MULTI2":null,"SITETYPE_MULTI3":null,"SITETYPE_MULTI4":null,"SITETYPE_MULTI5":null,"COUNTY":"CALEDONIA","COUNTRY":"US","SOURCEOFDATA":"Vermont Enhanced 911 Board","DRIVEWAYID":null,"ESZ":"00300","HOUSE_NUMBER":755,"HOUSE_NUMBERSUFFIX":null,"HOUSE_NUMBERPREFIX":null,"FIPS":"5005"}},
{"type":"Feature","id":125077,"geometry":{"type":"Point","coordinates":[-71.9558936461853,44.3945611703173]},"properties":{"OBJECTID":125077,"SEGMENTID":25836,"ESITEID":275526,"GEONAMEID":22335,"PD":" ","PT":" ","SN":"DANIELS FARM","ST":"RD","SD":" ","PRIMARYNAME":"DANIELS FARM RD  ","ALIAS1":null,"ALIAS2":null,"ALIAS3":null,"ALIAS4":null,"ALIAS5":"5\/12\/2015 7:30:02 PM","PRIMARYADDRESS":"682 DANIELS FARM RD","SITETYPE":"SINGLE FAMILY DWELLING","TOWNNAME":"WATERFORD","MCODE":721,"ESN":300,"ZIP":"05819","PARCELNUM":"021.","GPSX":-71.95589263,"GPSY":44.39455215,"MAPYEAR":"Thu, 01 Jan 1998 00:00:00 GMT","UPDATEDATE":"Fri, 27 Jan 2023 21:28:55 GMT","STATE":"VT","FIPS8":5005,"SPAN":"699-222-10628","SUBTYPE":null,"GlobalID_1":"93183e8a-a629-4b7f-b7ef-16042097b445","UNITCOUNT":1,"PRIMARYADD1":"682 DANIELS FARM RD WATERFORD","PRIMARYADD2":"682 DANIELS FARM RD WATERFORD VT 05819","SITETYPE_MULTI1":null,"SITETYPE_MULTI2":null,"SITETYPE_MULTI3":null,"SITETYPE_MULTI4":null,"SITETYPE_MULTI5":null,"COUNTY":"CALEDONIA","COUNTRY":"US","SOURCEOFDATA":"Vermont Enhanced 911 Board","DRIVEWAYID":null,"ESZ":"00300","HOUSE_NUMBER":682,"HOUSE_NUMBERSUFFIX":null,"HOUSE_NUMBERPREFIX":null,"FIPS":"5005"}},
{"type":"Feature","id":284856,"geometry":{"type":"Point","coordinates":[-71.9118052005664,44.3942427233233]},"properties":{"OBJECTID":284856,"SEGMENTID":9749,"ESITEID":275527,"GEONAMEID":22312,"PD":" ","PT":"","SN":"LAWRENCE","ST":"RD","SD":"","PRIMARYNAME":"LAWRENCE RD","ALIAS1":null,"ALIAS2":null,"ALIAS3":null,"ALIAS4":null,"ALIAS5":"5\/12\/2015 7:30:02 PM","PRIMARYADDRESS":"494 LAWRENCE RD","SITETYPE":"MOBILE HOME","TOWNNAME":"WATERFORD","MCODE":721,"ESN":300,"ZIP":"05819","PARCELNUM":"726.","GPSX":-71.9118042,"GPSY":44.3942337,"MAPYEAR":"Thu, 01 Jan 1998 00:00:00 GMT","UPDATEDATE":"Fri, 27 Jan 2023 21:28:48 GMT","STATE":"VT","FIPS8":5005,"SPAN":"699-222-10572","SUBTYPE":null,"GlobalID_1":"d6d05ec8-6244-4e8f-907e-81ec688cbc18","UNITCOUNT":1,"PRIMARYADD1":"494 LAWRENCE RD WATERFORD","PRIMARYADD2":"494 LAWRENCE RD WATERFORD VT 05819","SITETYPE_MULTI1":null,"SITETYPE_MULTI2":null,"SITETYPE_MULTI3":null,"SITETYPE_MULTI4":null,"SITETYPE_MULTI5":null,"COUNTY":"CALEDONIA","COUNTRY":"US","SOURCEOFDATA":"Vermont Enhanced 911 Board","DRIVEWAYID":null,"ESZ":"00300","HOUSE_NUMBER":494,"HOUSE_NUMBERSUFFIX":null,"HOUSE_NUMBERPREFIX":null,"FIPS":"5005"}},
{"type":"Feature","id":187811,"geometry":{"type":"Point","coordinates":[-71.9585361485803,44.3942765302774]},"properties":{"OBJECTID":187811,"SEGMENTID":28582,"ESITEID":275528,"GEONAMEID":22335,"PD":" ","PT":" ","SN":"DANIELS FARM","ST":"RD","SD":" ","PRIMARYNAME":"DANIELS FARM RD  ","ALIAS1":null,"ALIAS2":null,"ALIAS3":null,"ALIAS4":null,"ALIAS5":"5\/12\/2015 7:30:02 PM","PRIMARYADDRESS":"795 DANIELS FARM RD","SITETYPE":"SINGLE FAMILY DWELLING","TOWNNAME":"WATERFORD","MCODE":721,"ESN":300,"ZIP":"05819","PARCELNUM":"325.","GPSX":-71.95853513,"GPSY":44.39426751,"MAPYEAR":"Thu, 01 Jan 1998 00:00:00 GMT","UPDATEDATE":"Fri, 03 May 2024 09:57:26 GMT","STATE":"VT","FIPS8":5005,"SPAN":"699-222-10119","SUBTYPE":null,"GlobalID_1":"0a5aca71-a8b8-4c64-846d-95ec975197f8","UNITCOUNT":1,"PRIMARYADD1":"795 DANIELS FARM RD WATERFORD","PRIMARYADD2":"795 DANIELS FARM RD WATERFORD VT 05819","SITETYPE_MULTI1":null,"SITETYPE_MULTI2":null,"SITETYPE_MULTI3":null,"SITETYPE_MULTI4":null,"SITETYPE_MULTI5":null,"COUNTY":"CALEDONIA","COUNTRY":"US","SOURCEOFDATA":"Vermont Enhanced 911 Board","DRIVEWAYID":null,"ESZ":"00300","HOUSE_NUMBER":795,"HOUSE_NUMBERSUFFIX":null,"HOUSE_NUMBERPREFIX":null,"FIPS":"5005"}},
{"type":"Feature","id":116108,"geometry":{"type":"Point","coordinates":[-71.9601873092061,44.3932447596034]},"properties":{"OBJECTID":116108,"SEGMENTID":28582,"ESITEID":275529,"GEONAMEID":22335,"PD":" ","PT":" ","SN":"DANIELS FARM","ST":"RD","SD":" ","PRIMARYNAME":"DANIELS FARM RD  ","ALIAS1":null,"ALIAS2":null,"ALIAS3":null,"ALIAS4":null,"ALIAS5":"5\/12\/2015 7:30:02 PM","PRIMARYADDRESS":"883 DANIELS FARM RD","SITETYPE":"SINGLE FAMILY DWELLING","TOWNNAME":"WATERFORD","MCODE":721,"ESN":300,"ZIP":"05819","PARCELNUM":"567.2","GPSX":-71.96018629,"GPSY":44.39323574,"MAPYEAR":"Thu, 01 Jan 1998 00:00:00 GMT","UPDATEDATE":"Fri, 03 May 2024 09:57:22 GMT","STATE":"VT","FIPS8":5005,"SPAN":"699-222-10895","SUBTYPE":null,"GlobalID_1":"09f08bdf-455b-44da-9666-ebce7faba081","UNITCOUNT":1,"PRIMARYADD1":"883 DANIELS FARM RD WATERFORD","PRIMARYADD2":"883 DANIELS FARM RD WATERFORD VT 05819","SITETYPE_MULTI1":null,"SITETYPE_MULTI2":null,"SITETYPE_MULTI3":null,"SITETYPE_MULTI4":null,"SITETYPE_MULTI5":null,"COUNTY":"CALEDONIA","COUNTRY":"US","SOURCEOFDATA":"Vermont Enhanced 911 Board","DRIVEWAYID":null,"ESZ":"00300","HOUSE_NUMBER":883,"HOUSE_NUMBERSUFFIX":null,"HOUSE_NUMBERPREFIX":null,"FIPS":"5005"}},
{"type":"Feature","id":97286,"geometry":{"type":"Point","coordinates":[-71.9217844520997,44.3939299185186]},"properties":{"OBJECTID":97286,"SEGMENTID":58212,"ESITEID":275530,"GEONAMEID":22321,"PD":" ","PT":"","SN":"VT ROUTE 18","ST":" ","SD":" ","PRIMARYNAME":"VT ROUTE 18","ALIAS1":null,"ALIAS2":"ROUTE 18","ALIAS3":null,"ALIAS4":null,"ALIAS5":"5\/12\/2015 7:33:15 PM","PRIMARYADDRESS":"3299 VT ROUTE 18","SITETYPE":"SINGLE FAMILY DWELLING","TOWNNAME":"WATERFORD","MCODE":721,"ESN":300,"ZIP":"05819","PARCELNUM":"676.","GPSX":-71.92178344,"GPSY":44.39392089,"MAPYEAR":"Thu, 01 Jan 1998 00:00:00 GMT","UPDATEDATE":"Fri, 27 Jan 2023 23:52:04 GMT","STATE":"VT","FIPS8":5005,"SPAN":"699-222-10203","SUBTYPE":null,"GlobalID_1":"82474b41-9211-4d01-8251-52192eb2bccb","UNITCOUNT":1,"PRIMARYADD1":"3299 VT ROUTE 18 WATERFORD","PRIMARYADD2":"3299 VT ROUTE 18 WATERFORD VT 05819","SITETYPE_MULTI1":null,"SITETYPE_MULTI2":null,"SITETYPE_MULTI3":null,"SITETYPE_MULTI4":null,"SITETYPE_MULTI5":null,"COUNTY":"CALEDONIA","COUNTRY":"US","SOURCEOFDATA":"Vermont Enhanced 911 Board","DRIVEWAYID":null,"ESZ":"00300","HOUSE_NUMBER":3299,"HOUSE_NUMBERSUFFIX":null,"HOUSE_NUMBERPREFIX":null,"FIPS":"5005"}},
{"type":"Feature","id":193311,"geometry":{"type":"Point","coordinates":[-71.9229166030825,44.3937397111999]},"properties":{"OBJECTID":193311,"SEGMENTID":58212,"ESITEID":275531,"GEONAMEID":22321,"PD":" ","PT":"","SN":"VT ROUTE 18","ST":" ","SD":" ","PRIMARYNAME":"VT ROUTE 18","ALIAS1":null,"ALIAS2":"ROUTE 18","ALIAS3":null,"ALIAS4":null,"ALIAS5":"5\/12\/2015 7:33:34 PM","PRIMARYADDRESS":"3314 VT ROUTE 18","SITETYPE":"SINGLE FAMILY DWELLING","TOWNNAME":"WATERFORD","MCODE":721,"ESN":300,"ZIP":"05819","PARCELNUM":"722.","GPSX":-71.92291559,"GPSY":44.39373069,"MAPYEAR":"Thu, 01 Jan 1998 00:00:00 GMT","UPDATEDATE":"Sat, 28 Jan 2023 00:00:56 GMT","STATE":"VT","FIPS8":5005,"SPAN":"699-222-10617","SUBTYPE":null,"GlobalID_1":"1c8734be-76f2-455a-8267-150b2a536e95","UNITCOUNT":1,"PRIMARYADD1":"3314 VT ROUTE 18 WATERFORD","PRIMARYADD2":"3314 VT ROUTE 18 WATERFORD VT 05819","SITETYPE_MULTI1":null,"SITETYPE_MULTI2":null,"SITETYPE_MULTI3":null,"SITETYPE_MULTI4":null,"SITETYPE_MULTI5":null,"COUNTY":"CALEDONIA","COUNTRY":"US","SOURCEOFDATA":"Vermont Enhanced 911 Board","DRIVEWAYID":null,"ESZ":"00300","HOUSE_NUMBER":3314,"HOUSE_NUMBERSUFFIX":null,"HOUSE_NUMBERPREFIX":null,"FIPS":"5005"}},
{"type":"Feature","id":19627,"geometry":{"type":"Point","coordinates":[-71.9860300440979,44.3945087282159]},"properties":{"OBJECTID":19627,"SEGMENTID":28579,"ESITEID":275532,"GEONAMEID":22337,"PD":" ","PT":" ","SN":"SIMPSON BROOK","ST":"RD","SD":" ","PRIMARYNAME":"SIMPSON BROOK RD  ","ALIAS1":null,"ALIAS2":null,"ALIAS3":null,"ALIAS4":null,"ALIAS5":"5\/12\/2015 7:30:02 PM","PRIMARYADDRESS":"252 SIMPSON BROOK RD","SITETYPE":"SINGLE FAMILY DWELLING","TOWNNAME":"WATERFORD","MCODE":721,"ESN":300,"ZIP":"05819","PARCELNUM":"727.","GPSX":-71.98602901,"GPSY":44.39449971,"MAPYEAR":"Thu, 01 Jan 1998 00:00:00 GMT","UPDATEDATE":"Fri, 27 Jan 2023 21:28:57 GMT","STATE":"VT","FIPS8":5005,"SPAN":"699-222-10573","SUBTYPE":null,"GlobalID_1":"915aedbf-d1c0-4ff1-b07f-bd5dab7b1112","UNITCOUNT":1,"PRIMARYADD1":"252 SIMPSON BROOK RD WATERFORD","PRIMARYADD2":"252 SIMPSON BROOK RD WATERFORD VT 05819","SITETYPE_MULTI1":null,"SITETYPE_MULTI2":null,"SITETYPE_MULTI3":null,"SITETYPE_MULTI4":null,"SITETYPE_MULTI5":null,"COUNTY":"CALEDONIA","COUNTRY":"US","SOURCEOFDATA":"Vermont Enhanced 911 Board","DRIVEWAYID":null,"ESZ":"00300","HOUSE_NUMBER":252,"HOUSE_NUMBERSUFFIX":null,"HOUSE_NUMBERPREFIX":null,"FIPS":"5005"}},
{"type":"Feature","id":49035,"geometry":{"type":"Point","coordinates":[-71.9164045392584,44.3938614876358]},"properties":{"OBJECTID":49035,"SEGMENTID":9749,"ESITEID":275533,"GEONAMEID":22312,"PD":" ","PT":"","SN":"LAWRENCE","ST":"RD","SD":"","PRIMARYNAME":"LAWRENCE RD","ALIAS1":null,"ALIAS2":null,"ALIAS3":null,"ALIAS4":null,"ALIAS5":"5\/12\/2015 7:30:02 PM","PRIMARYADDRESS":"277 LAWRENCE RD","SITETYPE":"SINGLE FAMILY DWELLING","TOWNNAME":"WATERFORD","MCODE":721,"ESN":300,"ZIP":"05819","PARCELNUM":"876.","GPSX":-71.91640353,"GPSY":44.39385246,"MAPYEAR":"Thu, 01 Jan 1998 00:00:00 GMT","UPDATEDATE":"Fri, 27 Jan 2023 21:28:48 GMT","STATE":"VT","FIPS8":5005,"SPAN":"699-222-10746","SUBTYPE":null,"GlobalID_1":"b5e5a443-0e30-43b2-985d-0ce4f8050a56","UNITCOUNT":1,"PRIMARYADD1":"277 LAWRENCE RD WATERFORD","PRIMARYADD2":"277 LAWRENCE RD WATERFORD VT 05819","SITETYPE_MULTI1":null,"SITETYPE_MULTI2":null,"SITETYPE_MULTI3":null,"SITETYPE_MULTI4":null,"SITETYPE_MULTI5":null,"COUNTY":"CALEDONIA","COUNTRY":"US","SOURCEOFDATA":"Vermont Enhanced 911 Board","DRIVEWAYID":null,"ESZ":"00300","HOUSE_NUMBER":277,"HOUSE_NUMBERSUFFIX":null,"HOUSE_NUMBERPREFIX":null,"FIPS":"5005"}},
{"type":"Feature","id":34084,"geometry":{"type":"Point","coordinates":[-71.9946376887966,44.3945637071376]},"properties":{"OBJECTID":34084,"SEGMENTID":252301,"ESITEID":275534,"GEONAMEID":22336,"PD":" ","PT":" ","SN":"HASTINGS","ST":"RD","SD":" ","PRIMARYNAME":"HASTINGS RD  ","ALIAS1":null,"ALIAS2":null,"ALIAS3":null,"ALIAS4":null,"ALIAS5":"5\/12\/2015 7:30:02 PM","PRIMARYADDRESS":"176 HASTINGS RD","SITETYPE":"COMMERCIAL FARM","TOWNNAME":"WATERFORD","MCODE":721,"ESN":300,"ZIP":"05819","PARCELNUM":"539.","GPSX":-71.99463666,"GPSY":44.39455468,"MAPYEAR":"Thu, 01 Jan 1998 00:00:00 GMT","UPDATEDATE":"Fri, 27 Jan 2023 21:28:56 GMT","STATE":"VT","FIPS8":5005,"SPAN":"699-222-10367","SUBTYPE":null,"GlobalID_1":"52345229-c37c-412c-a813-5680c23c93b1","UNITCOUNT":1,"PRIMARYADD1":"176 HASTINGS RD WATERFORD","PRIMARYADD2":"176 HASTINGS RD WATERFORD VT 05819","SITETYPE_MULTI1":null,"SITETYPE_MULTI2":null,"SITETYPE_MULTI3":null,"SITETYPE_MULTI4":null,"SITETYPE_MULTI5":null,"COUNTY":"CALEDONIA","COUNTRY":"US","SOURCEOFDATA":"Vermont Enhanced 911 Board","DRIVEWAYID":null,"ESZ":"00300","HOUSE_NUMBER":176,"HOUSE_NUMBERSUFFIX":null,"HOUSE_NUMBERPREFIX":null,"FIPS":"5005"}},
{"type":"Feature","id":180542,"geometry":{"type":"Point","coordinates":[-71.9563990241475,44.393937546551]},"properties":{"OBJECTID":180542,"SEGMENTID":25836,"ESITEID":275535,"GEONAMEID":22335,"PD":" ","PT":" ","SN":"DANIELS FARM","ST":"RD","SD":" ","PRIMARYNAME":"DANIELS FARM RD  ","ALIAS1":null,"ALIAS2":null,"ALIAS3":null,"ALIAS4":null,"ALIAS5":"5\/12\/2015 7:30:02 PM","PRIMARYADDRESS":"687 DANIELS FARM RD","SITETYPE":"SINGLE FAMILY DWELLING","TOWNNAME":"WATERFORD","MCODE":721,"ESN":300,"ZIP":"05819","PARCELNUM":"518.","GPSX":-71.956398,"GPSY":44.39392852,"MAPYEAR":"Thu, 01 Jan 1998 00:00:00 GMT","UPDATEDATE":"Fri, 27 Jan 2023 21:28:55 GMT","STATE":"VT","FIPS8":5005,"SPAN":"699-222-10046","SUBTYPE":null,"GlobalID_1":"14d8d1fa-71ee-40b2-a1ec-8233db8d4249","UNITCOUNT":1,"PRIMARYADD1":"687 DANIELS FARM RD WATERFORD","PRIMARYADD2":"687 DANIELS FARM RD WATERFORD VT 05819","SITETYPE_MULTI1":null,"SITETYPE_MULTI2":null,"SITETYPE_MULTI3":null,"SITETYPE_MULTI4":null,"SITETYPE_MULTI5":null,"COUNTY":"CALEDONIA","COUNTRY":"US","SOURCEOFDATA":"Vermont Enhanced 911 Board","DRIVEWAYID":null,"ESZ":"00300","HOUSE_NUMBER":687,"HOUSE_NUMBERSUFFIX":null,"HOUSE_NUMBERPREFIX":null,"FIPS":"5005"}},
{"type":"Feature","id":64350,"geometry":{"type":"Point","coordinates":[-71.913877462521,44.3937282989011]},"properties":{"OBJECTID":64350,"SEGMENTID":9749,"ESITEID":275536,"GEONAMEID":22312,"PD":" ","PT":"","SN":"LAWRENCE","ST":"RD","SD":"","PRIMARYNAME":"LAWRENCE RD","ALIAS1":null,"ALIAS2":null,"ALIAS3":null,"ALIAS4":null,"ALIAS5":"5\/12\/2015 7:30:02 PM","PRIMARYADDRESS":"397 LAWRENCE RD","SITETYPE":"MOBILE HOME","TOWNNAME":"WATERFORD","MCODE":721,"ESN":300,"ZIP":"05819","PARCELNUM":"493.","GPSX":-71.91387646,"GPSY":44.39371927,"MAPYEAR":"Thu, 01 Jan 1998 00:00:00 GMT","UPDATEDATE":"Fri, 27 Jan 2023 21:28:48 GMT","STATE":"VT","FIPS8":5005,"SPAN":"699-222-10323","SUBTYPE":null,"GlobalID_1":"6b19e38a-4dcd-4454-b07c-93e89c2e7287","UNITCOUNT":1,"PRIMARYADD1":"397 LAWRENCE RD WATERFORD","PRIMARYADD2":"397 LAWRENCE RD WATERFORD VT 05819","SITETYPE_MULTI1":null,"SITETYPE_MULTI2":null,"SITETYPE_MULTI3":null,"SITETYPE_MULTI4":null,"SITETYPE_MULTI5":null,"COUNTY":"CALEDONIA","COUNTRY":"US","SOURCEOFDATA":"Vermont Enhanced 911 Board","DRIVEWAYID":null,"ESZ":"00300","HOUSE_NUMBER":397,"HOUSE_NUMBERSUFFIX":null,"HOUSE_NUMBERPREFIX":null,"FIPS":"5005"}},
{"type":"Feature","id":80914,"geometry":{"type":"Point","coordinates":[-72.0240741062229,44.3941453829515]},"properties":{"OBJECTID":80914,"SEGMENTID":47169,"ESITEID":275537,"GEONAMEID":22338,"PD":" ","PT":"","SN":"US ROUTE 5","ST":" ","SD":" ","PRIMARYNAME":"US ROUTE 5","ALIAS1":null,"ALIAS2":"ROUTE 5","ALIAS3":null,"ALIAS4":null,"ALIAS5":"1\/6\/2022 9:54:10 AM","PRIMARYADDRESS":"1125 US ROUTE 5","SITETYPE":"SINGLE FAMILY DWELLING","TOWNNAME":"WATERFORD","MCODE":721,"ESN":300,"ZIP":"05819","PARCELNUM":"904.","GPSX":-72.02407307,"GPSY":44.39413637,"MAPYEAR":"Thu, 01 Jan 1998 00:00:00 GMT","UPDATEDATE":"Fri, 27 Jan 2023 23:53:22 GMT","STATE":"VT","FIPS8":5005,"SPAN":"699-222-10370","SUBTYPE":null,"GlobalID_1":"538fa82b-51e2-4d23-91de-048331ffd884","UNITCOUNT":1,"PRIMARYADD1":"1125 US ROUTE 5 WATERFORD","PRIMARYADD2":"1125 US ROUTE 5 WATERFORD VT 05819","SITETYPE_MULTI1":null,"SITETYPE_MULTI2":null,"SITETYPE_MULTI3":null,"SITETYPE_MULTI4":null,"SITETYPE_MULTI5":null,"COUNTY":"CALEDONIA","COUNTRY":"US","SOURCEOFDATA":"Vermont Enhanced 911 Board","DRIVEWAYID":null,"ESZ":"00300","HOUSE_NUMBER":1125,"HOUSE_NUMBERSUFFIX":null,"HOUSE_NUMBERPREFIX":null,"FIPS":"5005"}},
{"type":"Feature","id":27383,"geometry":{"type":"Point","coordinates":[-71.9121637807387,44.393475969484]},"properties":{"OBJECTID":27383,"SEGMENTID":9749,"ESITEID":275538,"GEONAMEID":22312,"PD":" ","PT":"","SN":"LAWRENCE","ST":"RD","SD":"","PRIMARYNAME":"LAWRENCE RD","ALIAS1":null,"ALIAS2":null,"ALIAS3":null,"ALIAS4":null,"ALIAS5":"5\/12\/2015 7:30:02 PM","PRIMARYADDRESS":"452 LAWRENCE RD","SITETYPE":"SINGLE FAMILY DWELLING","TOWNNAME":"WATERFORD","MCODE":721,"ESN":300,"ZIP":"05819","PARCELNUM":"279.","GPSX":-71.91216278,"GPSY":44.39346694,"MAPYEAR":"Thu, 01 Jan 1998 00:00:00 GMT","UPDATEDATE":"Fri, 27 Jan 2023 21:28:48 GMT","STATE":"VT","FIPS8":5005,"SPAN":"699-222-10084","SUBTYPE":null,"GlobalID_1":"03cd6b51-78b8-428d-9eab-00a7e85c961b","UNITCOUNT":1,"PRIMARYADD1":"452 LAWRENCE RD WATERFORD","PRIMARYADD2":"452 LAWRENCE RD WATERFORD VT 05819","SITETYPE_MULTI1":null,"SITETYPE_MULTI2":null,"SITETYPE_MULTI3":null,"SITETYPE_MULTI4":null,"SITETYPE_MULTI5":null,"COUNTY":"CALEDONIA","COUNTRY":"US","SOURCEOFDATA":"Vermont Enhanced 911 Board","DRIVEWAYID":null,"ESZ":"00300","HOUSE_NUMBER":452,"HOUSE_NUMBERSUFFIX":null,"HOUSE_NUMBERPREFIX":null,"FIPS":"5005"}},
{"type":"Feature","id":308787,"geometry":{"type":"Point","coordinates":[-71.9289453842134,44.3936624708665]},"properties":{"OBJECTID":308787,"SEGMENTID":87647,"ESITEID":275539,"GEONAMEID":22326,"PD":" ","PT":" ","SN":"DUCK POND","ST":"RD","SD":" ","PRIMARYNAME":"DUCK POND RD  ","ALIAS1":null,"ALIAS2":null,"ALIAS3":null,"ALIAS4":null,"ALIAS5":"5\/12\/2015 7:30:02 PM","PRIMARYADDRESS":"835 DUCK POND RD","SITETYPE":"SINGLE FAMILY DWELLING","TOWNNAME":"WATERFORD","MCODE":721,"ESN":300,"ZIP":"05819","PARCELNUM":"357.","GPSX":-71.92894437,"GPSY":44.39365345,"MAPYEAR":"Thu, 01 Jan 1998 00:00:00 GMT","UPDATEDATE":"Fri, 27 Jan 2023 21:28:51 GMT","STATE":"VT","FIPS8":5005,"SPAN":"699-222-10176","SUBTYPE":null,"GlobalID_1":"eb681da2-7c7d-4180-812b-27a6731ff65a","UNITCOUNT":1,"PRIMARYADD1":"835 DUCK POND RD WATERFORD","PRIMARYADD2":"835 DUCK POND RD WATERFORD VT 05819","SITETYPE_MULTI1":null,"SITETYPE_MULTI2":null,"SITETYPE_MULTI3":null,"SITETYPE_MULTI4":null,"SITETYPE_MULTI5":null,"COUNTY":"CALEDONIA","COUNTRY":"US","SOURCEOFDATA":"Vermont Enhanced 911 Board","DRIVEWAYID":null,"ESZ":"00300","HOUSE_NUMBER":835,"HOUSE_NUMBERSUFFIX":null,"HOUSE_NUMBERPREFIX":null,"FIPS":"5005"}},
{"type":"Feature","id":267398,"geometry":{"type":"Point","coordinates":[-71.9536632835692,44.3934772596927]},"properties":{"OBJECTID":267398,"SEGMENTID":59208,"ESITEID":275540,"GEONAMEID":22335,"PD":" ","PT":" ","SN":"DANIELS FARM","ST":"RD","SD":" ","PRIMARYNAME":"DANIELS FARM RD  ","ALIAS1":null,"ALIAS2":null,"ALIAS3":null,"ALIAS4":null,"ALIAS5":"5\/12\/2015 7:30:02 PM","PRIMARYADDRESS":"560 DANIELS FARM RD","SITETYPE":"SINGLE FAMILY DWELLING","TOWNNAME":"WATERFORD","MCODE":721,"ESN":300,"ZIP":"05819","PARCELNUM":"191.","GPSX":-71.95366227,"GPSY":44.39346824,"MAPYEAR":"Thu, 01 Jan 1998 00:00:00 GMT","UPDATEDATE":"Thu, 29 May 2025 13:29:04 GMT","STATE":"VT","FIPS8":5005,"SPAN":"699-222-10060","SUBTYPE":null,"GlobalID_1":"ff3d6ede-aeb1-45ad-a1e1-4a1768d99eda","UNITCOUNT":1,"PRIMARYADD1":"560 DANIELS FARM RD WATERFORD","PRIMARYADD2":"560 DANIELS FARM RD WATERFORD VT 05819","SITETYPE_MULTI1":null,"SITETYPE_MULTI2":null,"SITETYPE_MULTI3":null,"SITETYPE_MULTI4":null,"SITETYPE_MULTI5":null,"COUNTY":"CALEDONIA","COUNTRY":"US","SOURCEOFDATA":"Vermont Enhanced 911 Board","DRIVEWAYID":null,"ESZ":"00300","HOUSE_NUMBER":560,"HOUSE_NUMBERSUFFIX":null,"HOUSE_NUMBERPREFIX":null,"FIPS":"5005"}},
{"type":"Feature","id":338011,"geometry":{"type":"Point","coordinates":[-71.9605653674151,44.3936366738463]},"properties":{"OBJECTID":338011,"SEGMENTID":28582,"ESITEID":275541,"GEONAMEID":22335,"PD":" ","PT":" ","SN":"DANIELS FARM","ST":"RD","SD":" ","PRIMARYNAME":"DANIELS FARM RD  ","ALIAS1":null,"ALIAS2":null,"ALIAS3":null,"ALIAS4":null,"ALIAS5":"5\/12\/2015 7:30:02 PM","PRIMARYADDRESS":"923 DANIELS FARM RD","SITETYPE":"SINGLE FAMILY DWELLING","TOWNNAME":"WATERFORD","MCODE":721,"ESN":300,"ZIP":"05819","PARCELNUM":"288.","GPSX":-71.96056435,"GPSY":44.39362766,"MAPYEAR":"Thu, 01 Jan 1998 00:00:00 GMT","UPDATEDATE":"Fri, 03 May 2024 09:57:18 GMT","STATE":"VT","FIPS8":5005,"SPAN":"699-222-10668","SUBTYPE":null,"GlobalID_1":"779f250d-7dea-4761-bea9-37d633521153","UNITCOUNT":1,"PRIMARYADD1":"923 DANIELS FARM RD WATERFORD","PRIMARYADD2":"923 DANIELS FARM RD WATERFORD VT 05819","SITETYPE_MULTI1":null,"SITETYPE_MULTI2":null,"SITETYPE_MULTI3":null,"SITETYPE_MULTI4":null,"SITETYPE_MULTI5":null,"COUNTY":"CALEDONIA","COUNTRY":"US","SOURCEOFDATA":"Vermont Enhanced 911 Board","DRIVEWAYID":null,"ESZ":"00300","HOUSE_NUMBER":923,"HOUSE_NUMBERSUFFIX":null,"HOUSE_NUMBERPREFIX":null,"FIPS":"5005"}},
{"type":"Feature","id":170495,"geometry":{"type":"Point","coordinates":[-72.0243159187038,44.3936857735564]},"properties":{"OBJECTID":170495,"SEGMENTID":47169,"ESITEID":275542,"GEONAMEID":22338,"PD":" ","PT":"","SN":"US ROUTE 5","ST":" ","SD":" ","PRIMARYNAME":"US ROUTE 5","ALIAS1":null,"ALIAS2":"ROUTE 5","ALIAS3":null,"ALIAS4":null,"ALIAS5":"5\/12\/2015 7:33:38 PM","PRIMARYADDRESS":"1045 US ROUTE 5","SITETYPE":"SINGLE FAMILY DWELLING","TOWNNAME":"WATERFORD","MCODE":721,"ESN":300,"ZIP":"05819","PARCELNUM":"775.","GPSX":-72.02431488,"GPSY":44.39367675,"MAPYEAR":"Thu, 01 Jan 1998 00:00:00 GMT","UPDATEDATE":"Sat, 28 Jan 2023 00:02:45 GMT","STATE":"VT","FIPS8":5005,"SPAN":"699-222-10622","SUBTYPE":null,"GlobalID_1":"d3d9aa22-fa5d-43b6-983b-5fb4a1022976","UNITCOUNT":1,"PRIMARYADD1":"1045 US ROUTE 5 WATERFORD","PRIMARYADD2":"1045 US ROUTE 5 WATERFORD VT 05819","SITETYPE_MULTI1":null,"SITETYPE_MULTI2":null,"SITETYPE_MULTI3":null,"SITETYPE_MULTI4":null,"SITETYPE_MULTI5":null,"COUNTY":"CALEDONIA","COUNTRY":"US","SOURCEOFDATA":"Vermont Enhanced 911 Board","DRIVEWAYID":null,"ESZ":"00300","HOUSE_NUMBER":1045,"HOUSE_NUMBERSUFFIX":null,"HOUSE_NUMBERPREFIX":null,"FIPS":"5005"}},
{"type":"Feature","id":109001,"geometry":{"type":"Point","coordinates":[-71.9136069856074,44.3928377718936]},"properties":{"OBJECTID":109001,"SEGMENTID":9749,"ESITEID":275543,"GEONAMEID":22312,"PD":" ","PT":"","SN":"LAWRENCE","ST":"RD","SD":"","PRIMARYNAME":"LAWRENCE RD","ALIAS1":null,"ALIAS2":null,"ALIAS3":null,"ALIAS4":null,"ALIAS5":"5\/12\/2015 7:30:02 PM","PRIMARYADDRESS":"436 LAWRENCE RD","SITETYPE":"SINGLE FAMILY DWELLING","TOWNNAME":"WATERFORD","MCODE":721,"ESN":300,"ZIP":"05819","PARCELNUM":"470.","GPSX":-71.91360598,"GPSY":44.39282875,"MAPYEAR":"Thu, 01 Jan 1998 00:00:00 GMT","UPDATEDATE":"Fri, 27 Jan 2023 21:28:48 GMT","STATE":"VT","FIPS8":5005,"SPAN":"699-222-10297","SUBTYPE":null,"GlobalID_1":"b7602d15-3b4f-4f41-82a2-7a7cc2e98455","UNITCOUNT":1,"PRIMARYADD1":"436 LAWRENCE RD WATERFORD","PRIMARYADD2":"436 LAWRENCE RD WATERFORD VT 05819","SITETYPE_MULTI1":null,"SITETYPE_MULTI2":null,"SITETYPE_MULTI3":null,"SITETYPE_MULTI4":null,"SITETYPE_MULTI5":null,"COUNTY":"CALEDONIA","COUNTRY":"US","SOURCEOFDATA":"Vermont Enhanced 911 Board","DRIVEWAYID":null,"ESZ":"00300","HOUSE_NUMBER":436,"HOUSE_NUMBERSUFFIX":null,"HOUSE_NUMBERPREFIX":null,"FIPS":"5005"}},
{"type":"Feature","id":44731,"geometry":{"type":"Point","coordinates":[-71.9311914966229,44.3928808748611]},"properties":{"OBJECTID":44731,"SEGMENTID":87647,"ESITEID":275544,"GEONAMEID":22326,"PD":" ","PT":" ","SN":"DUCK POND","ST":"RD","SD":" ","PRIMARYNAME":"DUCK POND RD  ","ALIAS1":null,"ALIAS2":null,"ALIAS3":null,"ALIAS4":null,"ALIAS5":"5\/12\/2015 7:30:02 PM","PRIMARYADDRESS":"869 DUCK POND RD","SITETYPE":"MOBILE HOME","TOWNNAME":"WATERFORD","MCODE":721,"ESN":300,"ZIP":"05819","PARCELNUM":"357.1","GPSX":-71.93119048,"GPSY":44.39287185,"MAPYEAR":"Thu, 01 Jan 1998 00:00:00 GMT","UPDATEDATE":"Fri, 27 Jan 2023 21:28:51 GMT","STATE":"VT","FIPS8":5005,"SPAN":"699-222-10050","SUBTYPE":null,"GlobalID_1":"b17e6236-50fd-48a9-b853-197aa6efb93b","UNITCOUNT":1,"PRIMARYADD1":"869 DUCK POND RD WATERFORD","PRIMARYADD2":"869 DUCK POND RD WATERFORD VT 05819","SITETYPE_MULTI1":null,"SITETYPE_MULTI2":null,"SITETYPE_MULTI3":null,"SITETYPE_MULTI4":null,"SITETYPE_MULTI5":null,"COUNTY":"CALEDONIA","COUNTRY":"US","SOURCEOFDATA":"Vermont Enhanced 911 Board","DRIVEWAYID":null,"ESZ":"00300","HOUSE_NUMBER":869,"HOUSE_NUMBERSUFFIX":null,"HOUSE_NUMBERPREFIX":null,"FIPS":"5005"}},
{"type":"Feature","id":333262,"geometry":{"type":"Point","coordinates":[-71.9931089015105,44.3929859527841]},"properties":{"OBJECTID":333262,"SEGMENTID":252301,"ESITEID":275545,"GEONAMEID":22336,"PD":" ","PT":" ","SN":"HASTINGS","ST":"RD","SD":" ","PRIMARYNAME":"HASTINGS RD  ","ALIAS1":null,"ALIAS2":null,"ALIAS3":null,"ALIAS4":null,"ALIAS5":"5\/13\/2015 2:02:10 PM","PRIMARYADDRESS":"45 HASTINGS RD","SITETYPE":"SINGLE FAMILY DWELLING","TOWNNAME":"WATERFORD","MCODE":721,"ESN":300,"ZIP":"05819","PARCELNUM":"259.","GPSX":-71.99310787,"GPSY":44.39297693,"MAPYEAR":"Thu, 01 Jan 1998 00:00:00 GMT","UPDATEDATE":"Fri, 27 Jan 2023 21:28:56 GMT","STATE":"VT","FIPS8":5005,"SPAN":"699-222-10069","SUBTYPE":null,"GlobalID_1":"a87ebcc0-1cad-4164-96da-64dc68ffe83e","UNITCOUNT":1,"PRIMARYADD1":"45 HASTINGS RD WATERFORD","PRIMARYADD2":"45 HASTINGS RD WATERFORD VT 05819","SITETYPE_MULTI1":null,"SITETYPE_MULTI2":null,"SITETYPE_MULTI3":null,"SITETYPE_MULTI4":null,"SITETYPE_MULTI5":null,"COUNTY":"CALEDONIA","COUNTRY":"US","SOURCEOFDATA":"Vermont Enhanced 911 Board","DRIVEWAYID":null,"ESZ":"00300","HOUSE_NUMBER":45,"HOUSE_NUMBERSUFFIX":null,"HOUSE_NUMBERPREFIX":null,"FIPS":"5005"}},
{"type":"Feature","id":350829,"geometry":{"type":"Point","coordinates":[-71.9063120329152,44.3925909595148]},"properties":{"OBJECTID":350829,"SEGMENTID":252320,"ESITEID":275547,"GEONAMEID":22311,"PD":" ","PT":"","SN":"OLD COUNTY","ST":"RD","SD":"N","PRIMARYNAME":"OLD COUNTY RD N","ALIAS1":null,"ALIAS2":null,"ALIAS3":null,"ALIAS4":null,"ALIAS5":"5\/13\/2015 2:02:03 PM","PRIMARYADDRESS":"1189 OLD COUNTY RD N","SITETYPE":"CAMP","TOWNNAME":"WATERFORD","MCODE":721,"ESN":300,"ZIP":"05819","PARCELNUM":"590.","GPSX":-71.90631103,"GPSY":44.39258193,"MAPYEAR":"Thu, 01 Jan 1998 00:00:00 GMT","UPDATEDATE":"Fri, 27 Jan 2023 21:23:02 GMT","STATE":"VT","FIPS8":5005,"SPAN":"699-222-10420","SUBTYPE":null,"GlobalID_1":"a99beef8-d049-49e6-9dd4-3eb00ab77b26","UNITCOUNT":1,"PRIMARYADD1":"1189 OLD COUNTY RD N WATERFORD","PRIMARYADD2":"1189 OLD COUNTY RD N WATERFORD VT 05819","SITETYPE_MULTI1":null,"SITETYPE_MULTI2":null,"SITETYPE_MULTI3":null,"SITETYPE_MULTI4":null,"SITETYPE_MULTI5":null,"COUNTY":"CALEDONIA","COUNTRY":"US","SOURCEOFDATA":"Vermont Enhanced 911 Board","DRIVEWAYID":null,"ESZ":"00300","HOUSE_NUMBER":1189,"HOUSE_NUMBERSUFFIX":null,"HOUSE_NUMBERPREFIX":null,"FIPS":"5005"}},
{"type":"Feature","id":68697,"geometry":{"type":"Point","coordinates":[-72.0248238297437,44.3929450253826]},"properties":{"OBJECTID":68697,"SEGMENTID":47169,"ESITEID":275548,"GEONAMEID":22338,"PD":" ","PT":"","SN":"US ROUTE 5","ST":" ","SD":" ","PRIMARYNAME":"US ROUTE 5","ALIAS1":null,"ALIAS2":"ROUTE 5","ALIAS3":null,"ALIAS4":null,"ALIAS5":"8\/24\/2020 3:32:59 PM","PRIMARYADDRESS":"989 US ROUTE 5","SITETYPE":"SINGLE FAMILY DWELLING","TOWNNAME":"WATERFORD","MCODE":721,"ESN":300,"ZIP":"05819","PARCELNUM":"613.","GPSX":-72.02482279,"GPSY":44.39293601,"MAPYEAR":"Thu, 01 Jan 1998 00:00:00 GMT","UPDATEDATE":"Fri, 27 Jan 2023 23:55:22 GMT","STATE":"VT","FIPS8":5005,"SPAN":"699-222-10044","SUBTYPE":null,"GlobalID_1":"1465e507-1415-4c97-8c27-8c044e636a79","UNITCOUNT":1,"PRIMARYADD1":"989 US ROUTE 5 WATERFORD","PRIMARYADD2":"989 US ROUTE 5 WATERFORD VT 05819","SITETYPE_MULTI1":null,"SITETYPE_MULTI2":null,"SITETYPE_MULTI3":null,"SITETYPE_MULTI4":null,"SITETYPE_MULTI5":null,"COUNTY":"CALEDONIA","COUNTRY":"US","SOURCEOFDATA":"Vermont Enhanced 911 Board","DRIVEWAYID":null,"ESZ":"00300","HOUSE_NUMBER":989,"HOUSE_NUMBERSUFFIX":null,"HOUSE_NUMBERPREFIX":null,"FIPS":"5005"}},
{"type":"Feature","id":48853,"geometry":{"type":"Point","coordinates":[-71.9834986427558,44.3926672515102]},"properties":{"OBJECTID":48853,"SEGMENTID":28579,"ESITEID":275549,"GEONAMEID":22337,"PD":" ","PT":" ","SN":"SIMPSON BROOK","ST":"RD","SD":" ","PRIMARYNAME":"SIMPSON BROOK RD  ","ALIAS1":null,"ALIAS2":null,"ALIAS3":null,"ALIAS4":null,"ALIAS5":"5\/12\/2015 7:30:02 PM","PRIMARYADDRESS":"123 SIMPSON BROOK RD","SITETYPE":"SINGLE FAMILY DWELLING","TOWNNAME":"WATERFORD","MCODE":721,"ESN":300,"ZIP":"05819","PARCELNUM":"270.","GPSX":-71.98349761,"GPSY":44.39265823,"MAPYEAR":"Thu, 01 Jan 1998 00:00:00 GMT","UPDATEDATE":"Fri, 27 Jan 2023 21:28:57 GMT","STATE":"VT","FIPS8":5005,"SPAN":"699-222-10802","SUBTYPE":null,"GlobalID_1":"26760c95-50a5-4b3b-8255-d83552853f0a","UNITCOUNT":1,"PRIMARYADD1":"123 SIMPSON BROOK RD WATERFORD","PRIMARYADD2":"123 SIMPSON BROOK RD WATERFORD VT 05819","SITETYPE_MULTI1":null,"SITETYPE_MULTI2":null,"SITETYPE_MULTI3":null,"SITETYPE_MULTI4":null,"SITETYPE_MULTI5":null,"COUNTY":"CALEDONIA","COUNTRY":"US","SOURCEOFDATA":"Vermont Enhanced 911 Board","DRIVEWAYID":null,"ESZ":"00300","HOUSE_NUMBER":123,"HOUSE_NUMBERSUFFIX":null,"HOUSE_NUMBERPREFIX":null,"FIPS":"5005"}},
{"type":"Feature","id":322812,"geometry":{"type":"Point","coordinates":[-71.993652918257,44.3926696997046]},"properties":{"OBJECTID":322812,"SEGMENTID":32234,"ESITEID":275550,"GEONAMEID":22337,"PD":" ","PT":" ","SN":"SIMPSON BROOK","ST":"RD","SD":" ","PRIMARYNAME":"SIMPSON BROOK RD  ","ALIAS1":null,"ALIAS2":null,"ALIAS3":null,"ALIAS4":null,"ALIAS5":"5\/12\/2015 7:30:02 PM","PRIMARYADDRESS":"680 SIMPSON BROOK RD","SITETYPE":"SINGLE FAMILY DWELLING","TOWNNAME":"WATERFORD","MCODE":721,"ESN":300,"ZIP":"05819","PARCELNUM":"494.1","GPSX":-71.99365189,"GPSY":44.39266068,"MAPYEAR":"Thu, 01 Jan 1998 00:00:00 GMT","UPDATEDATE":"Fri, 27 Jan 2023 21:28:57 GMT","STATE":"VT","FIPS8":5005,"SPAN":"699-222-10654","SUBTYPE":null,"GlobalID_1":"0ffe9bfe-e588-4398-822e-60943f3dfd50","UNITCOUNT":1,"PRIMARYADD1":"680 SIMPSON BROOK RD WATERFORD","PRIMARYADD2":"680 SIMPSON BROOK RD WATERFORD VT 05819","SITETYPE_MULTI1":null,"SITETYPE_MULTI2":null,"SITETYPE_MULTI3":null,"SITETYPE_MULTI4":null,"SITETYPE_MULTI5":null,"COUNTY":"CALEDONIA","COUNTRY":"US","SOURCEOFDATA":"Vermont Enhanced 911 Board","DRIVEWAYID":null,"ESZ":"00300","HOUSE_NUMBER":680,"HOUSE_NUMBERSUFFIX":null,"HOUSE_NUMBERPREFIX":null,"FIPS":"5005"}},
{"type":"Feature","id":265649,"geometry":{"type":"Point","coordinates":[-71.9559107448286,44.3923430034131]},"properties":{"OBJECTID":265649,"SEGMENTID":59208,"ESITEID":275551,"GEONAMEID":22335,"PD":" ","PT":" ","SN":"DANIELS FARM","ST":"RD","SD":" ","PRIMARYNAME":"DANIELS FARM RD  ","ALIAS1":null,"ALIAS2":null,"ALIAS3":null,"ALIAS4":null,"ALIAS5":"5\/12\/2015 7:30:02 PM","PRIMARYADDRESS":"593 DANIELS FARM RD","SITETYPE":"SINGLE FAMILY DWELLING","TOWNNAME":"WATERFORD","MCODE":721,"ESN":300,"ZIP":"05819","PARCELNUM":"506.","GPSX":-71.95590972,"GPSY":44.39233398,"MAPYEAR":"Thu, 01 Jan 1998 00:00:00 GMT","UPDATEDATE":"Fri, 27 Jan 2023 21:28:55 GMT","STATE":"VT","FIPS8":5005,"SPAN":"699-222-10336","SUBTYPE":null,"GlobalID_1":"72257015-f5e7-4bb5-83af-bef1c144584b","UNITCOUNT":1,"PRIMARYADD1":"593 DANIELS FARM RD WATERFORD","PRIMARYADD2":"593 DANIELS FARM RD WATERFORD VT 05819","SITETYPE_MULTI1":null,"SITETYPE_MULTI2":null,"SITETYPE_MULTI3":null,"SITETYPE_MULTI4":null,"SITETYPE_MULTI5":null,"COUNTY":"CALEDONIA","COUNTRY":"US","SOURCEOFDATA":"Vermont Enhanced 911 Board","DRIVEWAYID":null,"ESZ":"00300","HOUSE_NUMBER":593,"HOUSE_NUMBERSUFFIX":null,"HOUSE_NUMBERPREFIX":null,"FIPS":"5005"}},
{"type":"Feature","id":202264,"geometry":{"type":"Point","coordinates":[-71.9320669986579,44.392068414171]},"properties":{"OBJECTID":202264,"SEGMENTID":87647,"ESITEID":275552,"GEONAMEID":22326,"PD":" ","PT":" ","SN":"DUCK POND","ST":"RD","SD":" ","PRIMARYNAME":"DUCK POND RD  ","ALIAS1":null,"ALIAS2":null,"ALIAS3":null,"ALIAS4":null,"ALIAS5":"5\/12\/2015 7:30:02 PM","PRIMARYADDRESS":"931 DUCK POND RD","SITETYPE":"SINGLE FAMILY DWELLING","TOWNNAME":"WATERFORD","MCODE":721,"ESN":300,"ZIP":"05819","PARCELNUM":"486.","GPSX":-71.93206599,"GPSY":44.39205939,"MAPYEAR":"Thu, 01 Jan 1998 00:00:00 GMT","UPDATEDATE":"Fri, 27 Jan 2023 21:28:51 GMT","STATE":"VT","FIPS8":5005,"SPAN":"699-222-10568","SUBTYPE":null,"GlobalID_1":"47785eae-03fb-443d-9e65-2f462333d127","UNITCOUNT":1,"PRIMARYADD1":"931 DUCK POND RD WATERFORD","PRIMARYADD2":"931 DUCK POND RD WATERFORD VT 05819","SITETYPE_MULTI1":null,"SITETYPE_MULTI2":null,"SITETYPE_MULTI3":null,"SITETYPE_MULTI4":null,"SITETYPE_MULTI5":null,"COUNTY":"CALEDONIA","COUNTRY":"US","SOURCEOFDATA":"Vermont Enhanced 911 Board","DRIVEWAYID":null,"ESZ":"00300","HOUSE_NUMBER":931,"HOUSE_NUMBERSUFFIX":null,"HOUSE_NUMBERPREFIX":null,"FIPS":"5005"}},
{"type":"Feature","id":168671,"geometry":{"type":"Point","coordinates":[-71.9530489478213,44.392105859199]},"properties":{"OBJECTID":168671,"SEGMENTID":59208,"ESITEID":275553,"GEONAMEID":22335,"PD":" ","PT":" ","SN":"DANIELS FARM","ST":"RD","SD":" ","PRIMARYNAME":"DANIELS FARM RD  ","ALIAS1":null,"ALIAS2":null,"ALIAS3":null,"ALIAS4":null,"ALIAS5":"5\/12\/2015 7:30:02 PM","PRIMARYADDRESS":"485 DANIELS FARM RD","SITETYPE":"SINGLE FAMILY DWELLING","TOWNNAME":"WATERFORD","MCODE":721,"ESN":300,"ZIP":"05819","PARCELNUM":"827.","GPSX":-71.95304793,"GPSY":44.39209684,"MAPYEAR":"Thu, 01 Jan 1998 00:00:00 GMT","UPDATEDATE":"Fri, 27 Jan 2023 21:28:56 GMT","STATE":"VT","FIPS8":5005,"SPAN":"699-222-10669","SUBTYPE":null,"GlobalID_1":"8b1c1578-dd96-4454-833c-a1309fccd960","UNITCOUNT":1,"PRIMARYADD1":"485 DANIELS FARM RD WATERFORD","PRIMARYADD2":"485 DANIELS FARM RD WATERFORD VT 05819","SITETYPE_MULTI1":null,"SITETYPE_MULTI2":null,"SITETYPE_MULTI3":null,"SITETYPE_MULTI4":null,"SITETYPE_MULTI5":null,"COUNTY":"CALEDONIA","COUNTRY":"US","SOURCEOFDATA":"Vermont Enhanced 911 Board","DRIVEWAYID":null,"ESZ":"00300","HOUSE_NUMBER":485,"HOUSE_NUMBERSUFFIX":null,"HOUSE_NUMBERPREFIX":null,"FIPS":"5005"}},
{"type":"Feature","id":6681,"geometry":{"type":"Point","coordinates":[-71.9613242064509,44.3921332917372]},"properties":{"OBJECTID":6681,"SEGMENTID":28582,"ESITEID":275554,"GEONAMEID":22335,"PD":" ","PT":" ","SN":"DANIELS FARM","ST":"RD","SD":" ","PRIMARYNAME":"DANIELS FARM RD  ","ALIAS1":null,"ALIAS2":null,"ALIAS3":null,"ALIAS4":null,"ALIAS5":"5\/12\/2015 7:30:02 PM","PRIMARYADDRESS":"1089 DANIELS FARM RD","SITETYPE":"SINGLE FAMILY DWELLING","TOWNNAME":"WATERFORD","MCODE":721,"ESN":300,"ZIP":"05819","PARCELNUM":"947.","GPSX":-71.96132318,"GPSY":44.39212427,"MAPYEAR":"Thu, 01 Jan 1998 00:00:00 GMT","UPDATEDATE":"Fri, 27 Jan 2023 21:28:56 GMT","STATE":"VT","FIPS8":5005,"SPAN":"699-222-10053","SUBTYPE":null,"GlobalID_1":"5f059bfb-f9eb-450b-9758-69561cc32bd4","UNITCOUNT":1,"PRIMARYADD1":"1089 DANIELS FARM RD WATERFORD","PRIMARYADD2":"1089 DANIELS FARM RD WATERFORD VT 05819","SITETYPE_MULTI1":null,"SITETYPE_MULTI2":null,"SITETYPE_MULTI3":null,"SITETYPE_MULTI4":null,"SITETYPE_MULTI5":null,"COUNTY":"CALEDONIA","COUNTRY":"US","SOURCEOFDATA":"Vermont Enhanced 911 Board","DRIVEWAYID":null,"ESZ":"00300","HOUSE_NUMBER":1089,"HOUSE_NUMBERSUFFIX":null,"HOUSE_NUMBERPREFIX":null,"FIPS":"5005"}},
{"type":"Feature","id":91180,"geometry":{"type":"Point","coordinates":[-71.9902811784852,44.3920607148045]},"properties":{"OBJECTID":91180,"SEGMENTID":28579,"ESITEID":275555,"GEONAMEID":22337,"PD":" ","PT":" ","SN":"SIMPSON BROOK","ST":"RD","SD":" ","PRIMARYNAME":"SIMPSON BROOK RD  ","ALIAS1":null,"ALIAS2":null,"ALIAS3":null,"ALIAS4":null,"ALIAS5":"5\/12\/2015 7:30:02 PM","PRIMARYADDRESS":"593 SIMPSON BROOK RD","SITETYPE":"SINGLE FAMILY DWELLING","TOWNNAME":"WATERFORD","MCODE":721,"ESN":300,"ZIP":"05819","PARCELNUM":"922.","GPSX":-71.99028015,"GPSY":44.39205169,"MAPYEAR":"Thu, 01 Jan 1998 00:00:00 GMT","UPDATEDATE":"Fri, 27 Jan 2023 21:28:57 GMT","STATE":"VT","FIPS8":5005,"SPAN":"699-222-10809","SUBTYPE":null,"GlobalID_1":"98e2df50-0835-447c-99c9-740d0cbc1638","UNITCOUNT":1,"PRIMARYADD1":"593 SIMPSON BROOK RD WATERFORD","PRIMARYADD2":"593 SIMPSON BROOK RD WATERFORD VT 05819","SITETYPE_MULTI1":null,"SITETYPE_MULTI2":null,"SITETYPE_MULTI3":null,"SITETYPE_MULTI4":null,"SITETYPE_MULTI5":null,"COUNTY":"CALEDONIA","COUNTRY":"US","SOURCEOFDATA":"Vermont Enhanced 911 Board","DRIVEWAYID":null,"ESZ":"00300","HOUSE_NUMBER":593,"HOUSE_NUMBERSUFFIX":null,"HOUSE_NUMBERPREFIX":null,"FIPS":"5005"}},
{"type":"Feature","id":19250,"geometry":{"type":"Point","coordinates":[-72.0249638945284,44.3922099336027]},"properties":{"OBJECTID":19250,"SEGMENTID":28584,"ESITEID":275556,"GEONAMEID":22339,"PD":"W","PT":" ","SN":"HILL","ST":"RD","SD":" ","PRIMARYNAME":"W HILL RD  ","ALIAS1":null,"ALIAS2":null,"ALIAS3":null,"ALIAS4":null,"ALIAS5":"5\/12\/2015 7:30:22 PM","PRIMARYADDRESS":"11 W HILL RD","SITETYPE":"OTHER","TOWNNAME":"WATERFORD","MCODE":721,"ESN":300,"ZIP":"05819","PARCELNUM":"613.","GPSX":-72.02496285,"GPSY":44.39220091,"MAPYEAR":"Thu, 01 Jan 1998 00:00:00 GMT","UPDATEDATE":"Fri, 27 Jan 2023 21:37:35 GMT","STATE":"VT","FIPS8":5005,"SPAN":"699-222-10044","SUBTYPE":null,"GlobalID_1":"e45dbc51-cf34-4779-b258-ac6c91c2f14a","UNITCOUNT":1,"PRIMARYADD1":"11 W HILL RD WATERFORD","PRIMARYADD2":"11 W HILL RD WATERFORD VT 05819","SITETYPE_MULTI1":null,"SITETYPE_MULTI2":null,"SITETYPE_MULTI3":null,"SITETYPE_MULTI4":null,"SITETYPE_MULTI5":null,"COUNTY":"CALEDONIA","COUNTRY":"US","SOURCEOFDATA":"Vermont Enhanced 911 Board","DRIVEWAYID":null,"ESZ":"00300","HOUSE_NUMBER":11,"HOUSE_NUMBERSUFFIX":null,"HOUSE_NUMBERPREFIX":null,"FIPS":"5005"}},
{"type":"Feature","id":32525,"geometry":{"type":"Point","coordinates":[-72.0235367218591,44.3920144629977]},"properties":{"OBJECTID":32525,"SEGMENTID":47170,"ESITEID":275557,"GEONAMEID":22338,"PD":" ","PT":"","SN":"US ROUTE 5","ST":" ","SD":" ","PRIMARYNAME":"US ROUTE 5","ALIAS1":null,"ALIAS2":"ROUTE 5","ALIAS3":null,"ALIAS4":null,"ALIAS5":"5\/12\/2015 7:33:36 PM","PRIMARYADDRESS":"932 US ROUTE 5","SITETYPE":"HOUSE OF WORSHIP","TOWNNAME":"WATERFORD","MCODE":721,"ESN":300,"ZIP":"05819","PARCELNUM":"855.","GPSX":-72.02353568,"GPSY":44.39200544,"MAPYEAR":"Thu, 01 Jan 1998 00:00:00 GMT","UPDATEDATE":"Sat, 28 Jan 2023 00:02:03 GMT","STATE":"VT","FIPS8":5005,"SPAN":"699-222-10709","SUBTYPE":null,"GlobalID_1":"23872438-3653-42e3-b1a9-5e2b334b9314","UNITCOUNT":1,"PRIMARYADD1":"932 US ROUTE 5 WATERFORD","PRIMARYADD2":"932 US ROUTE 5 WATERFORD VT 05819","SITETYPE_MULTI1":null,"SITETYPE_MULTI2":null,"SITETYPE_MULTI3":null,"SITETYPE_MULTI4":null,"SITETYPE_MULTI5":null,"COUNTY":"CALEDONIA","COUNTRY":"US","SOURCEOFDATA":"Vermont Enhanced 911 Board","DRIVEWAYID":null,"ESZ":"00300","HOUSE_NUMBER":932,"HOUSE_NUMBERSUFFIX":null,"HOUSE_NUMBERPREFIX":null,"FIPS":"5005"}},
{"type":"Feature","id":233128,"geometry":{"type":"Point","coordinates":[-71.9511576296911,44.3917402802994]},"properties":{"OBJECTID":233128,"SEGMENTID":59208,"ESITEID":275559,"GEONAMEID":22335,"PD":" ","PT":" ","SN":"DANIELS FARM","ST":"RD","SD":" ","PRIMARYNAME":"DANIELS FARM RD  ","ALIAS1":null,"ALIAS2":null,"ALIAS3":null,"ALIAS4":null,"ALIAS5":"5\/13\/2015 2:02:10 PM","PRIMARYADDRESS":"376 DANIELS FARM RD","SITETYPE":"OTHER","TOWNNAME":"WATERFORD","MCODE":721,"ESN":300,"ZIP":"05819","PARCELNUM":"419.","GPSX":-71.95115661,"GPSY":44.39173126,"MAPYEAR":"Thu, 01 Jan 1998 00:00:00 GMT","UPDATEDATE":"Fri, 27 Jan 2023 21:28:56 GMT","STATE":"VT","FIPS8":5005,"SPAN":"699-222-10059","SUBTYPE":null,"GlobalID_1":"f4419aa3-136c-4eb8-9369-ae34d8dc14e0","UNITCOUNT":1,"PRIMARYADD1":"376 DANIELS FARM RD WATERFORD","PRIMARYADD2":"376 DANIELS FARM RD WATERFORD VT 05819","SITETYPE_MULTI1":null,"SITETYPE_MULTI2":null,"SITETYPE_MULTI3":null,"SITETYPE_MULTI4":null,"SITETYPE_MULTI5":null,"COUNTY":"CALEDONIA","COUNTRY":"US","SOURCEOFDATA":"Vermont Enhanced 911 Board","DRIVEWAYID":null,"ESZ":"00300","HOUSE_NUMBER":376,"HOUSE_NUMBERSUFFIX":null,"HOUSE_NUMBERPREFIX":null,"FIPS":"5005"}},
{"type":"Feature","id":874,"geometry":{"type":"Point","coordinates":[-71.9357310551836,44.3914694694151]},"properties":{"OBJECTID":874,"SEGMENTID":87647,"ESITEID":275560,"GEONAMEID":22326,"PD":" ","PT":" ","SN":"DUCK POND","ST":"RD","SD":" ","PRIMARYNAME":"DUCK POND RD  ","ALIAS1":null,"ALIAS2":null,"ALIAS3":null,"ALIAS4":null,"ALIAS5":"5\/12\/2015 7:30:02 PM","PRIMARYADDRESS":"1099 DUCK POND RD","SITETYPE":"SINGLE FAMILY DWELLING","TOWNNAME":"WATERFORD","MCODE":721,"ESN":300,"ZIP":"05819","PARCELNUM":"402.","GPSX":-71.93573004,"GPSY":44.39146045,"MAPYEAR":"Thu, 01 Jan 1998 00:00:00 GMT","UPDATEDATE":"Fri, 27 Jan 2023 21:28:51 GMT","STATE":"VT","FIPS8":5005,"SPAN":"699-222-10218","SUBTYPE":null,"GlobalID_1":"a8d11c3d-68c8-45a4-b475-f0689590a330","UNITCOUNT":1,"PRIMARYADD1":"1099 DUCK POND RD WATERFORD","PRIMARYADD2":"1099 DUCK POND RD WATERFORD VT 05819","SITETYPE_MULTI1":null,"SITETYPE_MULTI2":null,"SITETYPE_MULTI3":null,"SITETYPE_MULTI4":null,"SITETYPE_MULTI5":null,"COUNTY":"CALEDONIA","COUNTRY":"US","SOURCEOFDATA":"Vermont Enhanced 911 Board","DRIVEWAYID":null,"ESZ":"00300","HOUSE_NUMBER":1099,"HOUSE_NUMBERSUFFIX":null,"HOUSE_NUMBERPREFIX":null,"FIPS":"5005"}},
{"type":"Feature","id":70774,"geometry":{"type":"Point","coordinates":[-71.9638991944142,44.3917346943546]},"properties":{"OBJECTID":70774,"SEGMENTID":28582,"ESITEID":275561,"GEONAMEID":22335,"PD":" ","PT":" ","SN":"DANIELS FARM","ST":"RD","SD":" ","PRIMARYNAME":"DANIELS FARM RD  ","ALIAS1":null,"ALIAS2":null,"ALIAS3":null,"ALIAS4":null,"ALIAS5":"5\/12\/2015 7:30:02 PM","PRIMARYADDRESS":"1149 DANIELS FARM RD","SITETYPE":"MULTI-FAMILY DWELLING","TOWNNAME":"WATERFORD","MCODE":721,"ESN":300,"ZIP":"05819","PARCELNUM":"871.","GPSX":-71.96389817,"GPSY":44.39172567,"MAPYEAR":"Thu, 01 Jan 1998 00:00:00 GMT","UPDATEDATE":"Fri, 27 Jan 2023 21:28:56 GMT","STATE":"VT","FIPS8":5005,"SPAN":"699-222-10738","SUBTYPE":null,"GlobalID_1":"1a5dc07b-2dcc-4035-bb45-f3da604addd0","UNITCOUNT":1,"PRIMARYADD1":"1149 DANIELS FARM RD WATERFORD","PRIMARYADD2":"1149 DANIELS FARM RD WATERFORD VT 05819","SITETYPE_MULTI1":null,"SITETYPE_MULTI2":null,"SITETYPE_MULTI3":null,"SITETYPE_MULTI4":null,"SITETYPE_MULTI5":null,"COUNTY":"CALEDONIA","COUNTRY":"US","SOURCEOFDATA":"Vermont Enhanced 911 Board","DRIVEWAYID":null,"ESZ":"00300","HOUSE_NUMBER":1149,"HOUSE_NUMBERSUFFIX":null,"HOUSE_NUMBERPREFIX":null,"FIPS":"5005"}},
{"type":"Feature","id":110757,"geometry":{"type":"Point","coordinates":[-71.9411326018735,44.391408402356]},"properties":{"OBJECTID":110757,"SEGMENTID":87647,"ESITEID":275562,"GEONAMEID":22326,"PD":" ","PT":" ","SN":"DUCK POND","ST":"RD","SD":" ","PRIMARYNAME":"DUCK POND RD  ","ALIAS1":null,"ALIAS2":null,"ALIAS3":null,"ALIAS4":null,"ALIAS5":"5\/12\/2015 7:30:02 PM","PRIMARYADDRESS":"1348 DUCK POND RD","SITETYPE":"SINGLE FAMILY DWELLING","TOWNNAME":"WATERFORD","MCODE":721,"ESN":300,"ZIP":"05819","PARCELNUM":"499.","GPSX":-71.94113159,"GPSY":44.39139938,"MAPYEAR":"Thu, 01 Jan 1998 00:00:00 GMT","UPDATEDATE":"Fri, 27 Jan 2023 21:28:51 GMT","STATE":"VT","FIPS8":5005,"SPAN":"699-222-10332","SUBTYPE":null,"GlobalID_1":"fa4a67fa-0c24-4d2f-ba87-aae0bc56d7ac","UNITCOUNT":1,"PRIMARYADD1":"1348 DUCK POND RD WATERFORD","PRIMARYADD2":"1348 DUCK POND RD WATERFORD VT 05819","SITETYPE_MULTI1":null,"SITETYPE_MULTI2":null,"SITETYPE_MULTI3":null,"SITETYPE_MULTI4":null,"SITETYPE_MULTI5":null,"COUNTY":"CALEDONIA","COUNTRY":"US","SOURCEOFDATA":"Vermont Enhanced 911 Board","DRIVEWAYID":null,"ESZ":"00300","HOUSE_NUMBER":1348,"HOUSE_NUMBERSUFFIX":null,"HOUSE_NUMBERPREFIX":null,"FIPS":"5005"}},
{"type":"Feature","id":189742,"geometry":{"type":"Point","coordinates":[-72.0245279661153,44.3916999031444]},"properties":{"OBJECTID":189742,"SEGMENTID":47170,"ESITEID":275563,"GEONAMEID":22338,"PD":" ","PT":"","SN":"US ROUTE 5","ST":" ","SD":" ","PRIMARYNAME":"US ROUTE 5","ALIAS1":null,"ALIAS2":"ROUTE 5","ALIAS3":null,"ALIAS4":null,"ALIAS5":"5\/12\/2015 7:33:25 PM","PRIMARYADDRESS":"905 US ROUTE 5","SITETYPE":"SINGLE FAMILY DWELLING","TOWNNAME":"WATERFORD","MCODE":721,"ESN":300,"ZIP":"05819","PARCELNUM":"808.","GPSX":-72.02452692,"GPSY":44.39169088,"MAPYEAR":"Thu, 01 Jan 1998 00:00:00 GMT","UPDATEDATE":"Fri, 27 Jan 2023 23:57:01 GMT","STATE":"VT","FIPS8":5005,"SPAN":"699-222-10530","SUBTYPE":null,"GlobalID_1":"0e1aa719-b32d-4dbb-9102-b9ebab97dc9d","UNITCOUNT":1,"PRIMARYADD1":"905 US ROUTE 5 WATERFORD","PRIMARYADD2":"905 US ROUTE 5 WATERFORD VT 05819","SITETYPE_MULTI1":null,"SITETYPE_MULTI2":null,"SITETYPE_MULTI3":null,"SITETYPE_MULTI4":null,"SITETYPE_MULTI5":null,"COUNTY":"CALEDONIA","COUNTRY":"US","SOURCEOFDATA":"Vermont Enhanced 911 Board","DRIVEWAYID":null,"ESZ":"00300","HOUSE_NUMBER":905,"HOUSE_NUMBERSUFFIX":null,"HOUSE_NUMBERPREFIX":null,"FIPS":"5005"}},
{"type":"Feature","id":99879,"geometry":{"type":"Point","coordinates":[-71.9750757889803,44.3912710717319]},"properties":{"OBJECTID":99879,"SEGMENTID":13604,"ESITEID":275564,"GEONAMEID":22335,"PD":" ","PT":" ","SN":"DANIELS FARM","ST":"RD","SD":" ","PRIMARYNAME":"DANIELS FARM RD  ","ALIAS1":null,"ALIAS2":null,"ALIAS3":null,"ALIAS4":null,"ALIAS5":"5\/12\/2015 7:30:02 PM","PRIMARYADDRESS":"1731 DANIELS FARM RD","SITETYPE":"SINGLE FAMILY DWELLING","TOWNNAME":"WATERFORD","MCODE":721,"ESN":300,"ZIP":"05819","PARCELNUM":"005.","GPSX":-71.97507476,"GPSY":44.39126205,"MAPYEAR":"Thu, 01 Jan 1998 00:00:00 GMT","UPDATEDATE":"Fri, 27 Jan 2023 21:28:56 GMT","STATE":"VT","FIPS8":5005,"SPAN":"699-222-10004","SUBTYPE":null,"GlobalID_1":"5c7aa3a5-250a-4d42-847d-79c56b487640","UNITCOUNT":1,"PRIMARYADD1":"1731 DANIELS FARM RD WATERFORD","PRIMARYADD2":"1731 DANIELS FARM RD WATERFORD VT 05819","SITETYPE_MULTI1":null,"SITETYPE_MULTI2":null,"SITETYPE_MULTI3":null,"SITETYPE_MULTI4":null,"SITETYPE_MULTI5":null,"COUNTY":"CALEDONIA","COUNTRY":"US","SOURCEOFDATA":"Vermont Enhanced 911 Board","DRIVEWAYID":null,"ESZ":"00300","HOUSE_NUMBER":1731,"HOUSE_NUMBERSUFFIX":null,"HOUSE_NUMBERPREFIX":null,"FIPS":"5005"}},
{"type":"Feature","id":290214,"geometry":{"type":"Point","coordinates":[-71.9662874969832,44.3908431358875]},"properties":{"OBJECTID":290214,"SEGMENTID":28582,"ESITEID":275565,"GEONAMEID":22335,"PD":" ","PT":" ","SN":"DANIELS FARM","ST":"RD","SD":" ","PRIMARYNAME":"DANIELS FARM RD  ","ALIAS1":null,"ALIAS2":null,"ALIAS3":null,"ALIAS4":null,"ALIAS5":"5\/12\/2015 7:30:02 PM","PRIMARYADDRESS":"1269 DANIELS FARM RD","SITETYPE":"SINGLE FAMILY DWELLING","TOWNNAME":"WATERFORD","MCODE":721,"ESN":300,"ZIP":"05819","PARCELNUM":"933.","GPSX":-71.96628647,"GPSY":44.39083411,"MAPYEAR":"Thu, 01 Jan 1998 00:00:00 GMT","UPDATEDATE":"Fri, 27 Jan 2023 21:28:56 GMT","STATE":"VT","FIPS8":5005,"SPAN":"699-222-10586","SUBTYPE":null,"GlobalID_1":"0cf38679-bd82-4040-b996-fde990839a09","UNITCOUNT":1,"PRIMARYADD1":"1269 DANIELS FARM RD WATERFORD","PRIMARYADD2":"1269 DANIELS FARM RD WATERFORD VT 05819","SITETYPE_MULTI1":null,"SITETYPE_MULTI2":null,"SITETYPE_MULTI3":null,"SITETYPE_MULTI4":null,"SITETYPE_MULTI5":null,"COUNTY":"CALEDONIA","COUNTRY":"US","SOURCEOFDATA":"Vermont Enhanced 911 Board","DRIVEWAYID":null,"ESZ":"00300","HOUSE_NUMBER":1269,"HOUSE_NUMBERSUFFIX":null,"HOUSE_NUMBERPREFIX":null,"FIPS":"5005"}},
{"type":"Feature","id":235107,"geometry":{"type":"Point","coordinates":[-71.9684038574954,44.3908451215353]},"properties":{"OBJECTID":235107,"SEGMENTID":28582,"ESITEID":275566,"GEONAMEID":22335,"PD":" ","PT":" ","SN":"DANIELS FARM","ST":"RD","SD":" ","PRIMARYNAME":"DANIELS FARM RD  ","ALIAS1":null,"ALIAS2":null,"ALIAS3":null,"ALIAS4":null,"ALIAS5":"5\/12\/2015 7:30:02 PM","PRIMARYADDRESS":"1354 DANIELS FARM RD","SITETYPE":"SINGLE FAMILY DWELLING","TOWNNAME":"WATERFORD","MCODE":721,"ESN":300,"ZIP":"05819","PARCELNUM":"006.","GPSX":-71.96840283,"GPSY":44.3908361,"MAPYEAR":"Thu, 01 Jan 1998 00:00:00 GMT","UPDATEDATE":"Fri, 27 Jan 2023 21:28:56 GMT","STATE":"VT","FIPS8":5005,"SPAN":"699-222-10003","SUBTYPE":null,"GlobalID_1":"ce124a3c-373a-4715-ba20-1d03bf5fd291","UNITCOUNT":1,"PRIMARYADD1":"1354 DANIELS FARM RD WATERFORD","PRIMARYADD2":"1354 DANIELS FARM RD WATERFORD VT 05819","SITETYPE_MULTI1":null,"SITETYPE_MULTI2":null,"SITETYPE_MULTI3":null,"SITETYPE_MULTI4":null,"SITETYPE_MULTI5":null,"COUNTY":"CALEDONIA","COUNTRY":"US","SOURCEOFDATA":"Vermont Enhanced 911 Board","DRIVEWAYID":null,"ESZ":"00300","HOUSE_NUMBER":1354,"HOUSE_NUMBERSUFFIX":null,"HOUSE_NUMBERPREFIX":null,"FIPS":"5005"}},
{"type":"Feature","id":52343,"geometry":{"type":"Point","coordinates":[-72.0236375974348,44.3910303701546]},"properties":{"OBJECTID":52343,"SEGMENTID":47170,"ESITEID":275567,"GEONAMEID":22338,"PD":" ","PT":"","SN":"US ROUTE 5","ST":" ","SD":" ","PRIMARYNAME":"US ROUTE 5","ALIAS1":null,"ALIAS2":"ROUTE 5","ALIAS3":null,"ALIAS4":null,"ALIAS5":"9\/11\/2019 1:54:56 PM","PRIMARYADDRESS":"858 US ROUTE 5","SITETYPE":"SINGLE FAMILY DWELLING","TOWNNAME":"WATERFORD","MCODE":721,"ESN":300,"ZIP":"05819","PARCELNUM":"694.","GPSX":-72.02363656,"GPSY":44.39102135,"MAPYEAR":"Thu, 01 Jan 1998 00:00:00 GMT","UPDATEDATE":"Fri, 27 Jan 2023 23:49:41 GMT","STATE":"VT","FIPS8":5005,"SPAN":"699-222-10531","SUBTYPE":null,"GlobalID_1":"b46497f0-3812-497a-8570-7ba088732382","UNITCOUNT":1,"PRIMARYADD1":"858 US ROUTE 5 WATERFORD","PRIMARYADD2":"858 US ROUTE 5 WATERFORD VT 05819","SITETYPE_MULTI1":null,"SITETYPE_MULTI2":null,"SITETYPE_MULTI3":null,"SITETYPE_MULTI4":null,"SITETYPE_MULTI5":null,"COUNTY":"CALEDONIA","COUNTRY":"US","SOURCEOFDATA":"Vermont Enhanced 911 Board","DRIVEWAYID":null,"ESZ":"00300","HOUSE_NUMBER":858,"HOUSE_NUMBERSUFFIX":null,"HOUSE_NUMBERPREFIX":null,"FIPS":"5005"}},
{"type":"Feature","id":139055,"geometry":{"type":"Point","coordinates":[-71.9397135344576,44.3907332000423]},"properties":{"OBJECTID":139055,"SEGMENTID":87647,"ESITEID":275568,"GEONAMEID":22326,"PD":" ","PT":" ","SN":"DUCK POND","ST":"RD","SD":" ","PRIMARYNAME":"DUCK POND RD  ","ALIAS1":null,"ALIAS2":null,"ALIAS3":null,"ALIAS4":null,"ALIAS5":"5\/12\/2015 7:30:02 PM","PRIMARYADDRESS":"1329 DUCK POND RD","SITETYPE":"SINGLE FAMILY DWELLING","TOWNNAME":"WATERFORD","MCODE":721,"ESN":300,"ZIP":"05819","PARCELNUM":"685.","GPSX":-71.93971252,"GPSY":44.39072418,"MAPYEAR":"Thu, 01 Jan 1998 00:00:00 GMT","UPDATEDATE":"Fri, 27 Jan 2023 21:28:51 GMT","STATE":"VT","FIPS8":5005,"SPAN":"699-222-10520","SUBTYPE":null,"GlobalID_1":"c51fbd49-4a73-4661-8a5a-8d1d8d502810","UNITCOUNT":1,"PRIMARYADD1":"1329 DUCK POND RD WATERFORD","PRIMARYADD2":"1329 DUCK POND RD WATERFORD VT 05819","SITETYPE_MULTI1":null,"SITETYPE_MULTI2":null,"SITETYPE_MULTI3":null,"SITETYPE_MULTI4":null,"SITETYPE_MULTI5":null,"COUNTY":"CALEDONIA","COUNTRY":"US","SOURCEOFDATA":"Vermont Enhanced 911 Board","DRIVEWAYID":null,"ESZ":"00300","HOUSE_NUMBER":1329,"HOUSE_NUMBERSUFFIX":null,"HOUSE_NUMBERPREFIX":null,"FIPS":"5005"}},
{"type":"Feature","id":134102,"geometry":{"type":"Point","coordinates":[-71.9406214325179,44.3906111298908]},"properties":{"OBJECTID":134102,"SEGMENTID":87647,"ESITEID":275569,"GEONAMEID":22326,"PD":" ","PT":" ","SN":"DUCK POND","ST":"RD","SD":" ","PRIMARYNAME":"DUCK POND RD  ","ALIAS1":null,"ALIAS2":null,"ALIAS3":null,"ALIAS4":null,"ALIAS5":"5\/12\/2015 7:30:02 PM","PRIMARYADDRESS":"1349 DUCK POND RD","SITETYPE":"SINGLE FAMILY DWELLING","TOWNNAME":"WATERFORD","MCODE":721,"ESN":300,"ZIP":"05819","PARCELNUM":"772.","GPSX":-71.94062042,"GPSY":44.39060211,"MAPYEAR":"Thu, 01 Jan 1998 00:00:00 GMT","UPDATEDATE":"Fri, 27 Jan 2023 21:28:51 GMT","STATE":"VT","FIPS8":5005,"SPAN":"699-222-10616","SUBTYPE":null,"GlobalID_1":"ca464d9b-cf48-4ae4-abbc-d5932b162779","UNITCOUNT":1,"PRIMARYADD1":"1349 DUCK POND RD WATERFORD","PRIMARYADD2":"1349 DUCK POND RD WATERFORD VT 05819","SITETYPE_MULTI1":null,"SITETYPE_MULTI2":null,"SITETYPE_MULTI3":null,"SITETYPE_MULTI4":null,"SITETYPE_MULTI5":null,"COUNTY":"CALEDONIA","COUNTRY":"US","SOURCEOFDATA":"Vermont Enhanced 911 Board","DRIVEWAYID":null,"ESZ":"00300","HOUSE_NUMBER":1349,"HOUSE_NUMBERSUFFIX":null,"HOUSE_NUMBERPREFIX":null,"FIPS":"5005"}},
{"type":"Feature","id":298511,"geometry":{"type":"Point","coordinates":[-71.9420481290592,44.3905920577162]},"properties":{"OBJECTID":298511,"SEGMENTID":87647,"ESITEID":275570,"GEONAMEID":22326,"PD":" ","PT":" ","SN":"DUCK POND","ST":"RD","SD":" ","PRIMARYNAME":"DUCK POND RD  ","ALIAS1":null,"ALIAS2":null,"ALIAS3":null,"ALIAS4":null,"ALIAS5":"5\/12\/2015 7:30:02 PM","PRIMARYADDRESS":"1435 DUCK POND RD","SITETYPE":"SINGLE FAMILY DWELLING","TOWNNAME":"WATERFORD","MCODE":721,"ESN":300,"ZIP":"05819","PARCELNUM":"844.","GPSX":-71.94204711,"GPSY":44.39058303,"MAPYEAR":"Thu, 01 Jan 1998 00:00:00 GMT","UPDATEDATE":"Fri, 27 Jan 2023 21:28:51 GMT","STATE":"VT","FIPS8":5005,"SPAN":"699-222-10546","SUBTYPE":null,"GlobalID_1":"869f6870-6fcf-4ccb-9e0c-d67d87b2252d","UNITCOUNT":1,"PRIMARYADD1":"1435 DUCK POND RD WATERFORD","PRIMARYADD2":"1435 DUCK POND RD WATERFORD VT 05819","SITETYPE_MULTI1":null,"SITETYPE_MULTI2":null,"SITETYPE_MULTI3":null,"SITETYPE_MULTI4":null,"SITETYPE_MULTI5":null,"COUNTY":"CALEDONIA","COUNTRY":"US","SOURCEOFDATA":"Vermont Enhanced 911 Board","DRIVEWAYID":null,"ESZ":"00300","HOUSE_NUMBER":1435,"HOUSE_NUMBERSUFFIX":null,"HOUSE_NUMBERPREFIX":null,"FIPS":"5005"}},
{"type":"Feature","id":237502,"geometry":{"type":"Point","coordinates":[-71.9675786086296,44.3906804026582]},"properties":{"OBJECTID":237502,"SEGMENTID":28582,"ESITEID":275571,"GEONAMEID":22335,"PD":" ","PT":" ","SN":"DANIELS FARM","ST":"RD","SD":" ","PRIMARYNAME":"DANIELS FARM RD  ","ALIAS1":null,"ALIAS2":null,"ALIAS3":null,"ALIAS4":null,"ALIAS5":"5\/12\/2015 7:30:02 PM","PRIMARYADDRESS":"1337 DANIELS FARM RD","SITETYPE":"SINGLE FAMILY DWELLING","TOWNNAME":"WATERFORD","MCODE":721,"ESN":300,"ZIP":"05819","PARCELNUM":"664.","GPSX":-71.96757758,"GPSY":44.39067138,"MAPYEAR":"Thu, 01 Jan 1998 00:00:00 GMT","UPDATEDATE":"Fri, 27 Jan 2023 21:28:56 GMT","STATE":"VT","FIPS8":5005,"SPAN":"699-222-10498","SUBTYPE":null,"GlobalID_1":"5847fa33-6c66-49a1-b4d9-d7441a8521cc","UNITCOUNT":1,"PRIMARYADD1":"1337 DANIELS FARM RD WATERFORD","PRIMARYADD2":"1337 DANIELS FARM RD WATERFORD VT 05819","SITETYPE_MULTI1":null,"SITETYPE_MULTI2":null,"SITETYPE_MULTI3":null,"SITETYPE_MULTI4":null,"SITETYPE_MULTI5":null,"COUNTY":"CALEDONIA","COUNTRY":"US","SOURCEOFDATA":"Vermont Enhanced 911 Board","DRIVEWAYID":null,"ESZ":"00300","HOUSE_NUMBER":1337,"HOUSE_NUMBERSUFFIX":null,"HOUSE_NUMBERPREFIX":null,"FIPS":"5005"}},
{"type":"Feature","id":64867,"geometry":{"type":"Point","coordinates":[-71.9979563511151,44.390725568997]},"properties":{"OBJECTID":64867,"SEGMENTID":32234,"ESITEID":275572,"GEONAMEID":22337,"PD":" ","PT":" ","SN":"SIMPSON BROOK","ST":"RD","SD":" ","PRIMARYNAME":"SIMPSON BROOK RD  ","ALIAS1":null,"ALIAS2":null,"ALIAS3":null,"ALIAS4":null,"ALIAS5":"5\/12\/2015 7:30:02 PM","PRIMARYADDRESS":"906 SIMPSON BROOK RD","SITETYPE":"SINGLE FAMILY DWELLING","TOWNNAME":"WATERFORD","MCODE":721,"ESN":300,"ZIP":"05819","PARCELNUM":"538.","GPSX":-71.99795532,"GPSY":44.39071655,"MAPYEAR":"Thu, 01 Jan 1998 00:00:00 GMT","UPDATEDATE":"Fri, 27 Jan 2023 21:28:57 GMT","STATE":"VT","FIPS8":5005,"SPAN":"699-222-10366","SUBTYPE":null,"GlobalID_1":"835c91e9-2b57-4975-a557-52d2ecbb569f","UNITCOUNT":1,"PRIMARYADD1":"906 SIMPSON BROOK RD WATERFORD","PRIMARYADD2":"906 SIMPSON BROOK RD WATERFORD VT 05819","SITETYPE_MULTI1":null,"SITETYPE_MULTI2":null,"SITETYPE_MULTI3":null,"SITETYPE_MULTI4":null,"SITETYPE_MULTI5":null,"COUNTY":"CALEDONIA","COUNTRY":"US","SOURCEOFDATA":"Vermont Enhanced 911 Board","DRIVEWAYID":null,"ESZ":"00300","HOUSE_NUMBER":906,"HOUSE_NUMBERSUFFIX":null,"HOUSE_NUMBERPREFIX":null,"FIPS":"5005"}},
{"type":"Feature","id":118268,"geometry":{"type":"Point","coordinates":[-71.9414169046529,44.3904870700346]},"properties":{"OBJECTID":118268,"SEGMENTID":87647,"ESITEID":275573,"GEONAMEID":22326,"PD":" ","PT":" ","SN":"DUCK POND","ST":"RD","SD":" ","PRIMARYNAME":"DUCK POND RD  ","ALIAS1":null,"ALIAS2":null,"ALIAS3":null,"ALIAS4":null,"ALIAS5":"5\/12\/2015 7:30:02 PM","PRIMARYADDRESS":"1413 DUCK POND RD","SITETYPE":"SINGLE FAMILY DWELLING","TOWNNAME":"WATERFORD","MCODE":721,"ESN":300,"ZIP":"05819","PARCELNUM":"054.","GPSX":-71.94141589,"GPSY":44.39047805,"MAPYEAR":"Thu, 01 Jan 1998 00:00:00 GMT","UPDATEDATE":"Fri, 27 Jan 2023 21:28:51 GMT","STATE":"VT","FIPS8":5005,"SPAN":"699-222-10049","SUBTYPE":null,"GlobalID_1":"48b4d301-c7a4-43a6-bcf8-2ba0a8034a22","UNITCOUNT":1,"PRIMARYADD1":"1413 DUCK POND RD WATERFORD","PRIMARYADD2":"1413 DUCK POND RD WATERFORD VT 05819","SITETYPE_MULTI1":null,"SITETYPE_MULTI2":null,"SITETYPE_MULTI3":null,"SITETYPE_MULTI4":null,"SITETYPE_MULTI5":null,"COUNTY":"CALEDONIA","COUNTRY":"US","SOURCEOFDATA":"Vermont Enhanced 911 Board","DRIVEWAYID":null,"ESZ":"00300","HOUSE_NUMBER":1413,"HOUSE_NUMBERSUFFIX":null,"HOUSE_NUMBERPREFIX":null,"FIPS":"5005"}},
{"type":"Feature","id":106513,"geometry":{"type":"Point","coordinates":[-71.998444633733,44.3906378314548]},"properties":{"OBJECTID":106513,"SEGMENTID":32234,"ESITEID":275574,"GEONAMEID":22337,"PD":" ","PT":" ","SN":"SIMPSON BROOK","ST":"RD","SD":" ","PRIMARYNAME":"SIMPSON BROOK RD  ","ALIAS1":null,"ALIAS2":null,"ALIAS3":null,"ALIAS4":null,"ALIAS5":"5\/12\/2015 7:30:02 PM","PRIMARYADDRESS":"926 SIMPSON BROOK RD","SITETYPE":"SINGLE FAMILY DWELLING","TOWNNAME":"WATERFORD","MCODE":721,"ESN":300,"ZIP":"05819","PARCELNUM":"538.","GPSX":-71.9984436,"GPSY":44.39062881,"MAPYEAR":"Thu, 01 Jan 1998 00:00:00 GMT","UPDATEDATE":"Fri, 27 Jan 2023 21:28:57 GMT","STATE":"VT","FIPS8":5005,"SPAN":"699-222-10366","SUBTYPE":null,"GlobalID_1":"9d2da459-134e-454a-ab66-a5e07516fe53","UNITCOUNT":1,"PRIMARYADD1":"926 SIMPSON BROOK RD WATERFORD","PRIMARYADD2":"926 SIMPSON BROOK RD WATERFORD VT 05819","SITETYPE_MULTI1":null,"SITETYPE_MULTI2":null,"SITETYPE_MULTI3":null,"SITETYPE_MULTI4":null,"SITETYPE_MULTI5":null,"COUNTY":"CALEDONIA","COUNTRY":"US","SOURCEOFDATA":"Vermont Enhanced 911 Board","DRIVEWAYID":null,"ESZ":"00300","HOUSE_NUMBER":926,"HOUSE_NUMBERSUFFIX":null,"HOUSE_NUMBERPREFIX":null,"FIPS":"5005"}},
{"type":"Feature","id":64115,"geometry":{"type":"Point","coordinates":[-71.9906550187296,44.3904203938426]},"properties":{"OBJECTID":64115,"SEGMENTID":28579,"ESITEID":275575,"GEONAMEID":22337,"PD":" ","PT":" ","SN":"SIMPSON BROOK","ST":"RD","SD":" ","PRIMARYNAME":"SIMPSON BROOK RD  ","ALIAS1":null,"ALIAS2":null,"ALIAS3":null,"ALIAS4":null,"ALIAS5":"5\/12\/2015 7:30:02 PM","PRIMARYADDRESS":"595 SIMPSON BROOK RD","SITETYPE":"SINGLE FAMILY DWELLING","TOWNNAME":"WATERFORD","MCODE":721,"ESN":300,"ZIP":"05819","PARCELNUM":"266.","GPSX":-71.99065399,"GPSY":44.39041137,"MAPYEAR":"Thu, 01 Jan 1998 00:00:00 GMT","UPDATEDATE":"Fri, 27 Jan 2023 21:28:57 GMT","STATE":"VT","FIPS8":5005,"SPAN":"699-222-10213","SUBTYPE":null,"GlobalID_1":"ae6e16a0-1b29-4bb1-add2-c7640d65cec3","UNITCOUNT":1,"PRIMARYADD1":"595 SIMPSON BROOK RD WATERFORD","PRIMARYADD2":"595 SIMPSON BROOK RD WATERFORD VT 05819","SITETYPE_MULTI1":null,"SITETYPE_MULTI2":null,"SITETYPE_MULTI3":null,"SITETYPE_MULTI4":null,"SITETYPE_MULTI5":null,"COUNTY":"CALEDONIA","COUNTRY":"US","SOURCEOFDATA":"Vermont Enhanced 911 Board","DRIVEWAYID":null,"ESZ":"00300","HOUSE_NUMBER":595,"HOUSE_NUMBERSUFFIX":null,"HOUSE_NUMBERPREFIX":null,"FIPS":"5005"}},
{"type":"Feature","id":64665,"geometry":{"type":"Point","coordinates":[-71.9424664066418,44.3899161950684]},"properties":{"OBJECTID":64665,"SEGMENTID":28583,"ESITEID":275576,"GEONAMEID":22329,"PD":" ","PT":" ","SN":"REMICK","ST":"RD","SD":" ","PRIMARYNAME":"REMICK RD  ","ALIAS1":null,"ALIAS2":null,"ALIAS3":null,"ALIAS4":null,"ALIAS5":"5\/12\/2015 7:30:02 PM","PRIMARYADDRESS":"1535 REMICK RD","SITETYPE":"SINGLE FAMILY DWELLING","TOWNNAME":"WATERFORD","MCODE":721,"ESN":300,"ZIP":"05819","PARCELNUM":"027.","GPSX":-71.94246539,"GPSY":44.38990717,"MAPYEAR":"Thu, 01 Jan 1998 00:00:00 GMT","UPDATEDATE":"Fri, 27 Jan 2023 21:28:53 GMT","STATE":"VT","FIPS8":5005,"SPAN":"699-222-10030","SUBTYPE":null,"GlobalID_1":"a946b1e2-d47f-4c24-97ca-f60557db0952","UNITCOUNT":1,"PRIMARYADD1":"1535 REMICK RD WATERFORD","PRIMARYADD2":"1535 REMICK RD WATERFORD VT 05819","SITETYPE_MULTI1":null,"SITETYPE_MULTI2":null,"SITETYPE_MULTI3":null,"SITETYPE_MULTI4":null,"SITETYPE_MULTI5":null,"COUNTY":"CALEDONIA","COUNTRY":"US","SOURCEOFDATA":"Vermont Enhanced 911 Board","DRIVEWAYID":null,"ESZ":"00300","HOUSE_NUMBER":1535,"HOUSE_NUMBERSUFFIX":null,"HOUSE_NUMBERPREFIX":null,"FIPS":"5005"}},
{"type":"Feature","id":183862,"geometry":{"type":"Point","coordinates":[-71.9358530581508,44.3898481923238]},"properties":{"OBJECTID":183862,"SEGMENTID":24885,"ESITEID":275577,"GEONAMEID":22329,"PD":" ","PT":" ","SN":"REMICK","ST":"RD","SD":" ","PRIMARYNAME":"REMICK RD  ","ALIAS1":null,"ALIAS2":null,"ALIAS3":null,"ALIAS4":null,"ALIAS5":"5\/12\/2015 7:30:02 PM","PRIMARYADDRESS":"1252 REMICK RD","SITETYPE":"SINGLE FAMILY DWELLING","TOWNNAME":"WATERFORD","MCODE":721,"ESN":300,"ZIP":"05819","PARCELNUM":"971.","GPSX":-71.93585205,"GPSY":44.38983917,"MAPYEAR":"Thu, 01 Jan 1998 00:00:00 GMT","UPDATEDATE":"Fri, 27 Jan 2023 21:28:53 GMT","STATE":"VT","FIPS8":5005,"SPAN":"699-222-10166","SUBTYPE":null,"GlobalID_1":"a1cb88ba-96a1-4b2b-bd84-4f2678e5d588","UNITCOUNT":1,"PRIMARYADD1":"1252 REMICK RD WATERFORD","PRIMARYADD2":"1252 REMICK RD WATERFORD VT 05819","SITETYPE_MULTI1":null,"SITETYPE_MULTI2":null,"SITETYPE_MULTI3":null,"SITETYPE_MULTI4":null,"SITETYPE_MULTI5":null,"COUNTY":"CALEDONIA","COUNTRY":"US","SOURCEOFDATA":"Vermont Enhanced 911 Board","DRIVEWAYID":null,"ESZ":"00300","HOUSE_NUMBER":1252,"HOUSE_NUMBERSUFFIX":null,"HOUSE_NUMBERPREFIX":null,"FIPS":"5005"}},
{"type":"Feature","id":311698,"geometry":{"type":"Point","coordinates":[-71.9382989839497,44.3899231044646]},"properties":{"OBJECTID":311698,"SEGMENTID":28583,"ESITEID":275578,"GEONAMEID":22329,"PD":" ","PT":" ","SN":"REMICK","ST":"RD","SD":" ","PRIMARYNAME":"REMICK RD  ","ALIAS1":null,"ALIAS2":null,"ALIAS3":null,"ALIAS4":null,"ALIAS5":"5\/12\/2015 7:30:02 PM","PRIMARYADDRESS":"1366 REMICK RD","SITETYPE":"SINGLE FAMILY DWELLING","TOWNNAME":"WATERFORD","MCODE":721,"ESN":300,"ZIP":"05819","PARCELNUM":"372.","GPSX":-71.93829797,"GPSY":44.38991408,"MAPYEAR":"Thu, 01 Jan 1998 00:00:00 GMT","UPDATEDATE":"Fri, 27 Jan 2023 21:28:53 GMT","STATE":"VT","FIPS8":5005,"SPAN":"699-222-10183","SUBTYPE":null,"GlobalID_1":"406232b7-95af-4561-84ae-45cab69d4875","UNITCOUNT":1,"PRIMARYADD1":"1366 REMICK RD WATERFORD","PRIMARYADD2":"1366 REMICK RD WATERFORD VT 05819","SITETYPE_MULTI1":null,"SITETYPE_MULTI2":null,"SITETYPE_MULTI3":null,"SITETYPE_MULTI4":null,"SITETYPE_MULTI5":null,"COUNTY":"CALEDONIA","COUNTRY":"US","SOURCEOFDATA":"Vermont Enhanced 911 Board","DRIVEWAYID":null,"ESZ":"00300","HOUSE_NUMBER":1366,"HOUSE_NUMBERSUFFIX":null,"HOUSE_NUMBERPREFIX":null,"FIPS":"5005"}},
{"type":"Feature","id":301147,"geometry":{"type":"Point","coordinates":[-71.9708018598724,44.3900519225401]},"properties":{"OBJECTID":301147,"SEGMENTID":13604,"ESITEID":275579,"GEONAMEID":22335,"PD":" ","PT":" ","SN":"DANIELS FARM","ST":"RD","SD":" ","PRIMARYNAME":"DANIELS FARM RD  ","ALIAS1":null,"ALIAS2":null,"ALIAS3":null,"ALIAS4":null,"ALIAS5":"5\/12\/2015 7:30:02 PM","PRIMARYADDRESS":"1507 DANIELS FARM RD","SITETYPE":"SINGLE FAMILY DWELLING","TOWNNAME":"WATERFORD","MCODE":721,"ESN":300,"ZIP":"05819","PARCELNUM":"639.","GPSX":-71.97080084,"GPSY":44.3900429,"MAPYEAR":"Thu, 01 Jan 1998 00:00:00 GMT","UPDATEDATE":"Fri, 27 Jan 2023 21:28:56 GMT","STATE":"VT","FIPS8":5005,"SPAN":"699-222-10151","SUBTYPE":null,"GlobalID_1":"02527533-8528-4909-892e-c068634a5dcf","UNITCOUNT":1,"PRIMARYADD1":"1507 DANIELS FARM RD WATERFORD","PRIMARYADD2":"1507 DANIELS FARM RD WATERFORD VT 05819","SITETYPE_MULTI1":null,"SITETYPE_MULTI2":null,"SITETYPE_MULTI3":null,"SITETYPE_MULTI4":null,"SITETYPE_MULTI5":null,"COUNTY":"CALEDONIA","COUNTRY":"US","SOURCEOFDATA":"Vermont Enhanced 911 Board","DRIVEWAYID":null,"ESZ":"00300","HOUSE_NUMBER":1507,"HOUSE_NUMBERSUFFIX":null,"HOUSE_NUMBERPREFIX":null,"FIPS":"5005"}},
{"type":"Feature","id":184839,"geometry":{"type":"Point","coordinates":[-71.9370567754877,44.3897450929089]},"properties":{"OBJECTID":184839,"SEGMENTID":24885,"ESITEID":275580,"GEONAMEID":22329,"PD":" ","PT":" ","SN":"REMICK","ST":"RD","SD":" ","PRIMARYNAME":"REMICK RD  ","ALIAS1":null,"ALIAS2":null,"ALIAS3":null,"ALIAS4":null,"ALIAS5":"5\/12\/2015 7:30:02 PM","PRIMARYADDRESS":"1286 REMICK RD","SITETYPE":"SINGLE FAMILY DWELLING","TOWNNAME":"WATERFORD","MCODE":721,"ESN":300,"ZIP":"05819","PARCELNUM":"718.","GPSX":-71.93705576,"GPSY":44.38973607,"MAPYEAR":"Thu, 01 Jan 1998 00:00:00 GMT","UPDATEDATE":"Fri, 27 Jan 2023 21:28:53 GMT","STATE":"VT","FIPS8":5005,"SPAN":"699-222-10562","SUBTYPE":null,"GlobalID_1":"093fa84e-d8d5-4785-8a3b-26371f9028c2","UNITCOUNT":1,"PRIMARYADD1":"1286 REMICK RD WATERFORD","PRIMARYADD2":"1286 REMICK RD WATERFORD VT 05819","SITETYPE_MULTI1":null,"SITETYPE_MULTI2":null,"SITETYPE_MULTI3":null,"SITETYPE_MULTI4":null,"SITETYPE_MULTI5":null,"COUNTY":"CALEDONIA","COUNTRY":"US","SOURCEOFDATA":"Vermont Enhanced 911 Board","DRIVEWAYID":null,"ESZ":"00300","HOUSE_NUMBER":1286,"HOUSE_NUMBERSUFFIX":null,"HOUSE_NUMBERPREFIX":null,"FIPS":"5005"}},
{"type":"Feature","id":228954,"geometry":{"type":"Point","coordinates":[-71.9466030602604,44.3897240021561]},"properties":{"OBJECTID":228954,"SEGMENTID":59208,"ESITEID":275581,"GEONAMEID":22335,"PD":" ","PT":" ","SN":"DANIELS FARM","ST":"RD","SD":" ","PRIMARYNAME":"DANIELS FARM RD  ","ALIAS1":null,"ALIAS2":null,"ALIAS3":null,"ALIAS4":null,"ALIAS5":"5\/12\/2015 7:30:02 PM","PRIMARYADDRESS":"71 DANIELS FARM RD","SITETYPE":"SINGLE FAMILY DWELLING","TOWNNAME":"WATERFORD","MCODE":721,"ESN":300,"ZIP":"05819","PARCELNUM":"453.","GPSX":-71.94660205,"GPSY":44.38971498,"MAPYEAR":"Thu, 01 Jan 1998 00:00:00 GMT","UPDATEDATE":"Mon, 13 Feb 2023 11:44:31 GMT","STATE":"VT","FIPS8":5005,"SPAN":"699-222-10278","SUBTYPE":null,"GlobalID_1":"cd69054e-34ff-4bd5-af91-76a0fb91b87e","UNITCOUNT":1,"PRIMARYADD1":"71 DANIELS FARM RD WATERFORD","PRIMARYADD2":"71 DANIELS FARM RD WATERFORD VT 05819","SITETYPE_MULTI1":null,"SITETYPE_MULTI2":null,"SITETYPE_MULTI3":null,"SITETYPE_MULTI4":null,"SITETYPE_MULTI5":null,"COUNTY":"CALEDONIA","COUNTRY":"US","SOURCEOFDATA":"Vermont Enhanced 911 Board","DRIVEWAYID":null,"ESZ":"00300","HOUSE_NUMBER":71,"HOUSE_NUMBERSUFFIX":null,"HOUSE_NUMBERPREFIX":null,"FIPS":"5005"}},
{"type":"Feature","id":245438,"geometry":{"type":"Point","coordinates":[-71.9329538878935,44.3896383820142]},"properties":{"OBJECTID":245438,"SEGMENTID":24885,"ESITEID":275582,"GEONAMEID":22329,"PD":" ","PT":" ","SN":"REMICK","ST":"RD","SD":" ","PRIMARYNAME":"REMICK RD  ","ALIAS1":null,"ALIAS2":null,"ALIAS3":null,"ALIAS4":null,"ALIAS5":"5\/12\/2015 7:30:02 PM","PRIMARYADDRESS":"1098 REMICK RD","SITETYPE":"SINGLE FAMILY DWELLING","TOWNNAME":"WATERFORD","MCODE":721,"ESN":300,"ZIP":"05819","PARCELNUM":"642.","GPSX":-71.93295288,"GPSY":44.38962936,"MAPYEAR":"Thu, 01 Jan 1998 00:00:00 GMT","UPDATEDATE":"Fri, 27 Jan 2023 21:28:53 GMT","STATE":"VT","FIPS8":5005,"SPAN":"699-222-10319","SUBTYPE":null,"GlobalID_1":"1b9af812-8228-4e51-9e22-3a0c70dc8e74","UNITCOUNT":1,"PRIMARYADD1":"1098 REMICK RD WATERFORD","PRIMARYADD2":"1098 REMICK RD WATERFORD VT 05819","SITETYPE_MULTI1":null,"SITETYPE_MULTI2":null,"SITETYPE_MULTI3":null,"SITETYPE_MULTI4":null,"SITETYPE_MULTI5":null,"COUNTY":"CALEDONIA","COUNTRY":"US","SOURCEOFDATA":"Vermont Enhanced 911 Board","DRIVEWAYID":null,"ESZ":"00300","HOUSE_NUMBER":1098,"HOUSE_NUMBERSUFFIX":null,"HOUSE_NUMBERPREFIX":null,"FIPS":"5005"}},
{"type":"Feature","id":289214,"geometry":{"type":"Point","coordinates":[-71.9345643918039,44.3897305698297]},"properties":{"OBJECTID":289214,"SEGMENTID":24885,"ESITEID":275583,"GEONAMEID":22329,"PD":" ","PT":" ","SN":"REMICK","ST":"RD","SD":" ","PRIMARYNAME":"REMICK RD  ","ALIAS1":null,"ALIAS2":null,"ALIAS3":null,"ALIAS4":null,"ALIAS5":"5\/12\/2015 7:30:02 PM","PRIMARYADDRESS":"1170 REMICK RD","SITETYPE":"SINGLE FAMILY DWELLING","TOWNNAME":"WATERFORD","MCODE":721,"ESN":300,"ZIP":"05819","PARCELNUM":"315.","GPSX":-71.93456338,"GPSY":44.38972155,"MAPYEAR":"Thu, 01 Jan 1998 00:00:00 GMT","UPDATEDATE":"Fri, 27 Jan 2023 21:28:53 GMT","STATE":"VT","FIPS8":5005,"SPAN":"699-222-10791","SUBTYPE":null,"GlobalID_1":"5598332a-4df9-42b0-a10c-0dcfad60582e","UNITCOUNT":1,"PRIMARYADD1":"1170 REMICK RD WATERFORD","PRIMARYADD2":"1170 REMICK RD WATERFORD VT 05819","SITETYPE_MULTI1":null,"SITETYPE_MULTI2":null,"SITETYPE_MULTI3":null,"SITETYPE_MULTI4":null,"SITETYPE_MULTI5":null,"COUNTY":"CALEDONIA","COUNTRY":"US","SOURCEOFDATA":"Vermont Enhanced 911 Board","DRIVEWAYID":null,"ESZ":"00300","HOUSE_NUMBER":1170,"HOUSE_NUMBERSUFFIX":null,"HOUSE_NUMBERPREFIX":null,"FIPS":"5005"}},
{"type":"Feature","id":275608,"geometry":{"type":"Point","coordinates":[-71.9436587891651,44.3893973482686]},"properties":{"OBJECTID":275608,"SEGMENTID":28583,"ESITEID":275584,"GEONAMEID":22329,"PD":" ","PT":" ","SN":"REMICK","ST":"RD","SD":" ","PRIMARYNAME":"REMICK RD  ","ALIAS1":null,"ALIAS2":null,"ALIAS3":null,"ALIAS4":null,"ALIAS5":"5\/12\/2015 7:30:02 PM","PRIMARYADDRESS":"1583 REMICK RD","SITETYPE":"SINGLE FAMILY DWELLING","TOWNNAME":"WATERFORD","MCODE":721,"ESN":300,"ZIP":"05819","PARCELNUM":"724.","GPSX":-71.94365778,"GPSY":44.38938833,"MAPYEAR":"Thu, 01 Jan 1998 00:00:00 GMT","UPDATEDATE":"Mon, 13 Feb 2023 11:44:59 GMT","STATE":"VT","FIPS8":5005,"SPAN":"699-222-10570","SUBTYPE":null,"GlobalID_1":"9fd025bf-5d62-401a-bbdf-bf24efc4980d","UNITCOUNT":1,"PRIMARYADD1":"1583 REMICK RD WATERFORD","PRIMARYADD2":"1583 REMICK RD WATERFORD VT 05819","SITETYPE_MULTI1":null,"SITETYPE_MULTI2":null,"SITETYPE_MULTI3":null,"SITETYPE_MULTI4":null,"SITETYPE_MULTI5":null,"COUNTY":"CALEDONIA","COUNTRY":"US","SOURCEOFDATA":"Vermont Enhanced 911 Board","DRIVEWAYID":null,"ESZ":"00300","HOUSE_NUMBER":1583,"HOUSE_NUMBERSUFFIX":null,"HOUSE_NUMBERPREFIX":null,"FIPS":"5005"}},
{"type":"Feature","id":62194,"geometry":{"type":"Point","coordinates":[-71.9991465374106,44.3898100416436]},"properties":{"OBJECTID":62194,"SEGMENTID":32234,"ESITEID":275585,"GEONAMEID":22337,"PD":" ","PT":" ","SN":"SIMPSON BROOK","ST":"RD","SD":" ","PRIMARYNAME":"SIMPSON BROOK RD  ","ALIAS1":null,"ALIAS2":null,"ALIAS3":null,"ALIAS4":null,"ALIAS5":"5\/12\/2015 7:30:02 PM","PRIMARYADDRESS":"984 SIMPSON BROOK RD","SITETYPE":"SINGLE FAMILY DWELLING","TOWNNAME":"WATERFORD","MCODE":721,"ESN":300,"ZIP":"05819","PARCELNUM":"444.","GPSX":-71.9991455,"GPSY":44.38980102,"MAPYEAR":"Thu, 01 Jan 1998 00:00:00 GMT","UPDATEDATE":"Fri, 27 Jan 2023 21:28:57 GMT","STATE":"VT","FIPS8":5005,"SPAN":"699-222-10673","SUBTYPE":null,"GlobalID_1":"8613fca5-ba94-4ff6-a3d6-1d17a17ff563","UNITCOUNT":1,"PRIMARYADD1":"984 SIMPSON BROOK RD WATERFORD","PRIMARYADD2":"984 SIMPSON BROOK RD WATERFORD VT 05819","SITETYPE_MULTI1":null,"SITETYPE_MULTI2":null,"SITETYPE_MULTI3":null,"SITETYPE_MULTI4":null,"SITETYPE_MULTI5":null,"COUNTY":"CALEDONIA","COUNTRY":"US","SOURCEOFDATA":"Vermont Enhanced 911 Board","DRIVEWAYID":null,"ESZ":"00300","HOUSE_NUMBER":984,"HOUSE_NUMBERSUFFIX":null,"HOUSE_NUMBERPREFIX":null,"FIPS":"5005"}},
{"type":"Feature","id":102453,"geometry":{"type":"Point","coordinates":[-71.9336949151056,44.3894695944703]},"properties":{"OBJECTID":102453,"SEGMENTID":24885,"ESITEID":275586,"GEONAMEID":22329,"PD":" ","PT":" ","SN":"REMICK","ST":"RD","SD":" ","PRIMARYNAME":"REMICK RD  ","ALIAS1":null,"ALIAS2":null,"ALIAS3":null,"ALIAS4":null,"ALIAS5":"5\/12\/2015 7:30:02 PM","PRIMARYADDRESS":"1130 REMICK RD","SITETYPE":"SINGLE FAMILY DWELLING","TOWNNAME":"WATERFORD","MCODE":721,"ESN":300,"ZIP":"05819","PARCELNUM":"537.","GPSX":-71.9336939,"GPSY":44.38946057,"MAPYEAR":"Thu, 01 Jan 1998 00:00:00 GMT","UPDATEDATE":"Fri, 27 Jan 2023 21:28:53 GMT","STATE":"VT","FIPS8":5005,"SPAN":"699-222-10641","SUBTYPE":null,"GlobalID_1":"54a137e0-45fc-47e5-86b3-401570a0cdbe","UNITCOUNT":1,"PRIMARYADD1":"1130 REMICK RD WATERFORD","PRIMARYADD2":"1130 REMICK RD WATERFORD VT 05819","SITETYPE_MULTI1":null,"SITETYPE_MULTI2":null,"SITETYPE_MULTI3":null,"SITETYPE_MULTI4":null,"SITETYPE_MULTI5":null,"COUNTY":"CALEDONIA","COUNTRY":"US","SOURCEOFDATA":"Vermont Enhanced 911 Board","DRIVEWAYID":null,"ESZ":"00300","HOUSE_NUMBER":1130,"HOUSE_NUMBERSUFFIX":null,"HOUSE_NUMBERPREFIX":null,"FIPS":"5005"}},
{"type":"Feature","id":284519,"geometry":{"type":"Point","coordinates":[-71.9395612956957,44.3895259077016]},"properties":{"OBJECTID":284519,"SEGMENTID":28583,"ESITEID":275587,"GEONAMEID":22329,"PD":" ","PT":" ","SN":"REMICK","ST":"RD","SD":" ","PRIMARYNAME":"REMICK RD  ","ALIAS1":null,"ALIAS2":null,"ALIAS3":null,"ALIAS4":null,"ALIAS5":"5\/12\/2015 7:30:02 PM","PRIMARYADDRESS":"1375 REMICK RD","SITETYPE":"SINGLE FAMILY DWELLING","TOWNNAME":"WATERFORD","MCODE":721,"ESN":300,"ZIP":"05819","PARCELNUM":"347.","GPSX":-71.93956028,"GPSY":44.38951688,"MAPYEAR":"Thu, 01 Jan 1998 00:00:00 GMT","UPDATEDATE":"Fri, 27 Jan 2023 21:28:53 GMT","STATE":"VT","FIPS8":5005,"SPAN":"699-222-10159","SUBTYPE":null,"GlobalID_1":"c87b04fb-f279-4513-bb06-04ba6c57bf34","UNITCOUNT":1,"PRIMARYADD1":"1375 REMICK RD WATERFORD","PRIMARYADD2":"1375 REMICK RD WATERFORD VT 05819","SITETYPE_MULTI1":null,"SITETYPE_MULTI2":null,"SITETYPE_MULTI3":null,"SITETYPE_MULTI4":null,"SITETYPE_MULTI5":null,"COUNTY":"CALEDONIA","COUNTRY":"US","SOURCEOFDATA":"Vermont Enhanced 911 Board","DRIVEWAYID":null,"ESZ":"00300","HOUSE_NUMBER":1375,"HOUSE_NUMBERSUFFIX":null,"HOUSE_NUMBERPREFIX":null,"FIPS":"5005"}},
{"type":"Feature","id":229247,"geometry":{"type":"Point","coordinates":[-71.9181902437333,44.3893270767461]},"properties":{"OBJECTID":229247,"SEGMENTID":9749,"ESITEID":275588,"GEONAMEID":22312,"PD":" ","PT":"","SN":"LAWRENCE","ST":"RD","SD":"","PRIMARYNAME":"LAWRENCE RD","ALIAS1":null,"ALIAS2":null,"ALIAS3":null,"ALIAS4":null,"ALIAS5":"5\/12\/2015 7:30:02 PM","PRIMARYADDRESS":"4 LAWRENCE RD","SITETYPE":"SINGLE FAMILY DWELLING","TOWNNAME":"WATERFORD","MCODE":721,"ESN":300,"ZIP":"05819","PARCELNUM":"707.","GPSX":-71.91818924,"GPSY":44.38931805,"MAPYEAR":"Thu, 01 Jan 1998 00:00:00 GMT","UPDATEDATE":"Fri, 27 Jan 2023 21:28:48 GMT","STATE":"VT","FIPS8":5005,"SPAN":"699-222-10205","SUBTYPE":null,"GlobalID_1":"9c593cbb-a471-4744-af75-4836c94e1a04","UNITCOUNT":1,"PRIMARYADD1":"4 LAWRENCE RD WATERFORD","PRIMARYADD2":"4 LAWRENCE RD WATERFORD VT 05819","SITETYPE_MULTI1":null,"SITETYPE_MULTI2":null,"SITETYPE_MULTI3":null,"SITETYPE_MULTI4":null,"SITETYPE_MULTI5":null,"COUNTY":"CALEDONIA","COUNTRY":"US","SOURCEOFDATA":"Vermont Enhanced 911 Board","DRIVEWAYID":null,"ESZ":"00300","HOUSE_NUMBER":4,"HOUSE_NUMBERSUFFIX":null,"HOUSE_NUMBERPREFIX":null,"FIPS":"5005"}},
{"type":"Feature","id":312787,"geometry":{"type":"Point","coordinates":[-71.9376230797952,44.3892950602104]},"properties":{"OBJECTID":312787,"SEGMENTID":58213,"ESITEID":275589,"GEONAMEID":22333,"PD":" ","PT":" ","SN":"CORTLAND HILL","ST":"RD","SD":" ","PRIMARYNAME":"CORTLAND HILL RD  ","ALIAS1":null,"ALIAS2":null,"ALIAS3":null,"ALIAS4":null,"ALIAS5":"5\/12\/2015 7:30:02 PM","PRIMARYADDRESS":"4 CORTLAND HILL RD","SITETYPE":"SINGLE FAMILY DWELLING","TOWNNAME":"WATERFORD","MCODE":721,"ESN":300,"ZIP":"05819","PARCELNUM":"558.","GPSX":-71.93762207,"GPSY":44.38928604,"MAPYEAR":"Thu, 01 Jan 1998 00:00:00 GMT","UPDATEDATE":"Fri, 27 Jan 2023 21:28:54 GMT","STATE":"VT","FIPS8":5005,"SPAN":"699-222-10389","SUBTYPE":null,"GlobalID_1":"5a7d29b4-fea4-4d45-b487-d63137f42097","UNITCOUNT":1,"PRIMARYADD1":"4 CORTLAND HILL RD WATERFORD","PRIMARYADD2":"4 CORTLAND HILL RD WATERFORD VT 05819","SITETYPE_MULTI1":null,"SITETYPE_MULTI2":null,"SITETYPE_MULTI3":null,"SITETYPE_MULTI4":null,"SITETYPE_MULTI5":null,"COUNTY":"CALEDONIA","COUNTRY":"US","SOURCEOFDATA":"Vermont Enhanced 911 Board","DRIVEWAYID":null,"ESZ":"00300","HOUSE_NUMBER":4,"HOUSE_NUMBERSUFFIX":null,"HOUSE_NUMBERPREFIX":null,"FIPS":"5005"}},
{"type":"Feature","id":54949,"geometry":{"type":"Point","coordinates":[-71.9327266700024,44.3891421035899]},"properties":{"OBJECTID":54949,"SEGMENTID":24885,"ESITEID":275590,"GEONAMEID":22329,"PD":" ","PT":" ","SN":"REMICK","ST":"RD","SD":" ","PRIMARYNAME":"REMICK RD  ","ALIAS1":null,"ALIAS2":null,"ALIAS3":null,"ALIAS4":null,"ALIAS5":"5\/12\/2015 7:30:02 PM","PRIMARYADDRESS":"1096 REMICK RD","SITETYPE":"SINGLE FAMILY DWELLING","TOWNNAME":"WATERFORD","MCODE":721,"ESN":300,"ZIP":"05819","PARCELNUM":"786.","GPSX":-71.93272566,"GPSY":44.38913308,"MAPYEAR":"Thu, 01 Jan 1998 00:00:00 GMT","UPDATEDATE":"Fri, 27 Jan 2023 21:28:53 GMT","STATE":"VT","FIPS8":5005,"SPAN":"699-222-10629","SUBTYPE":null,"GlobalID_1":"340e2630-a64a-41a5-bf6a-66ef8fe4fc34","UNITCOUNT":1,"PRIMARYADD1":"1096 REMICK RD WATERFORD","PRIMARYADD2":"1096 REMICK RD WATERFORD VT 05819","SITETYPE_MULTI1":null,"SITETYPE_MULTI2":null,"SITETYPE_MULTI3":null,"SITETYPE_MULTI4":null,"SITETYPE_MULTI5":null,"COUNTY":"CALEDONIA","COUNTRY":"US","SOURCEOFDATA":"Vermont Enhanced 911 Board","DRIVEWAYID":null,"ESZ":"00300","HOUSE_NUMBER":1096,"HOUSE_NUMBERSUFFIX":null,"HOUSE_NUMBERPREFIX":null,"FIPS":"5005"}},
{"type":"Feature","id":232601,"geometry":{"type":"Point","coordinates":[-71.9363184532381,44.3891844328068]},"properties":{"OBJECTID":232601,"SEGMENTID":24885,"ESITEID":275591,"GEONAMEID":22329,"PD":" ","PT":" ","SN":"REMICK","ST":"RD","SD":" ","PRIMARYNAME":"REMICK RD  ","ALIAS1":null,"ALIAS2":null,"ALIAS3":null,"ALIAS4":null,"ALIAS5":"5\/12\/2015 7:30:02 PM","PRIMARYADDRESS":"1285 REMICK RD","SITETYPE":"SINGLE FAMILY DWELLING","TOWNNAME":"WATERFORD","MCODE":721,"ESN":300,"ZIP":"05819","PARCELNUM":"553.","GPSX":-71.93631744,"GPSY":44.38917541,"MAPYEAR":"Thu, 01 Jan 1998 00:00:00 GMT","UPDATEDATE":"Fri, 27 Jan 2023 21:28:53 GMT","STATE":"VT","FIPS8":5005,"SPAN":"699-222-10383","SUBTYPE":null,"GlobalID_1":"3e85351f-3ded-4203-8a49-2875a04bef9c","UNITCOUNT":1,"PRIMARYADD1":"1285 REMICK RD WATERFORD","PRIMARYADD2":"1285 REMICK RD WATERFORD VT 05819","SITETYPE_MULTI1":null,"SITETYPE_MULTI2":null,"SITETYPE_MULTI3":null,"SITETYPE_MULTI4":null,"SITETYPE_MULTI5":null,"COUNTY":"CALEDONIA","COUNTRY":"US","SOURCEOFDATA":"Vermont Enhanced 911 Board","DRIVEWAYID":null,"ESZ":"00300","HOUSE_NUMBER":1285,"HOUSE_NUMBERSUFFIX":null,"HOUSE_NUMBERPREFIX":null,"FIPS":"5005"}},
{"type":"Feature","id":233045,"geometry":{"type":"Point","coordinates":[-71.9452354449735,44.3891508940654]},"properties":{"OBJECTID":233045,"SEGMENTID":54443,"ESITEID":275592,"GEONAMEID":22326,"PD":" ","PT":" ","SN":"DUCK POND","ST":"RD","SD":" ","PRIMARYNAME":"DUCK POND RD  ","ALIAS1":null,"ALIAS2":null,"ALIAS3":null,"ALIAS4":null,"ALIAS5":"5\/12\/2015 7:30:02 PM","PRIMARYADDRESS":"1625 DUCK POND RD","SITETYPE":"SINGLE FAMILY DWELLING","TOWNNAME":"WATERFORD","MCODE":721,"ESN":300,"ZIP":"05819","PARCELNUM":"314.","GPSX":-71.94523443,"GPSY":44.38914188,"MAPYEAR":"Thu, 01 Jan 1998 00:00:00 GMT","UPDATEDATE":"Mon, 13 Feb 2023 11:45:07 GMT","STATE":"VT","FIPS8":5005,"SPAN":"699-222-10463","SUBTYPE":null,"GlobalID_1":"f8b5baec-73d0-46e4-8a76-62870c62f1e4","UNITCOUNT":1,"PRIMARYADD1":"1625 DUCK POND RD WATERFORD","PRIMARYADD2":"1625 DUCK POND RD WATERFORD VT 05819","SITETYPE_MULTI1":null,"SITETYPE_MULTI2":null,"SITETYPE_MULTI3":null,"SITETYPE_MULTI4":null,"SITETYPE_MULTI5":null,"COUNTY":"CALEDONIA","COUNTRY":"US","SOURCEOFDATA":"Vermont Enhanced 911 Board","DRIVEWAYID":null,"ESZ":"00300","HOUSE_NUMBER":1625,"HOUSE_NUMBERSUFFIX":null,"HOUSE_NUMBERPREFIX":null,"FIPS":"5005"}},
{"type":"Feature","id":292142,"geometry":{"type":"Point","coordinates":[-71.9258814360416,44.3890165866304]},"properties":{"OBJECTID":292142,"SEGMENTID":21058,"ESITEID":275593,"GEONAMEID":22330,"PD":" ","PT":" ","SN":"GREEN SCHOOL","ST":"RD","SD":" ","PRIMARYNAME":"GREEN SCHOOL RD  ","ALIAS1":null,"ALIAS2":null,"ALIAS3":null,"ALIAS4":null,"ALIAS5":"5\/12\/2015 7:30:02 PM","PRIMARYADDRESS":"138 GREEN SCHOOL RD","SITETYPE":"SINGLE FAMILY DWELLING","TOWNNAME":"WATERFORD","MCODE":721,"ESN":300,"ZIP":"05819","PARCELNUM":"874.","GPSX":-71.92588043,"GPSY":44.38900756,"MAPYEAR":"Thu, 01 Jan 1998 00:00:00 GMT","UPDATEDATE":"Fri, 27 Jan 2023 21:28:54 GMT","STATE":"VT","FIPS8":5005,"SPAN":"699-222-10742","SUBTYPE":null,"GlobalID_1":"51e97d42-9c18-45e3-a5af-73a28e0de964","UNITCOUNT":1,"PRIMARYADD1":"138 GREEN SCHOOL RD WATERFORD","PRIMARYADD2":"138 GREEN SCHOOL RD WATERFORD VT 05819","SITETYPE_MULTI1":null,"SITETYPE_MULTI2":null,"SITETYPE_MULTI3":null,"SITETYPE_MULTI4":null,"SITETYPE_MULTI5":null,"COUNTY":"CALEDONIA","COUNTRY":"US","SOURCEOFDATA":"Vermont Enhanced 911 Board","DRIVEWAYID":null,"ESZ":"00300","HOUSE_NUMBER":138,"HOUSE_NUMBERSUFFIX":null,"HOUSE_NUMBERPREFIX":null,"FIPS":"5005"}},
{"type":"Feature","id":243120,"geometry":{"type":"Point","coordinates":[-71.9257135906103,44.388879258432]},"properties":{"OBJECTID":243120,"SEGMENTID":21058,"ESITEID":275594,"GEONAMEID":22330,"PD":" ","PT":" ","SN":"GREEN SCHOOL","ST":"RD","SD":" ","PRIMARYNAME":"GREEN SCHOOL RD  ","ALIAS1":null,"ALIAS2":null,"ALIAS3":null,"ALIAS4":null,"ALIAS5":"5\/12\/2015 7:30:02 PM","PRIMARYADDRESS":"136 GREEN SCHOOL RD","SITETYPE":"SINGLE FAMILY DWELLING","TOWNNAME":"WATERFORD","MCODE":721,"ESN":300,"ZIP":"05819","PARCELNUM":"874.","GPSX":-71.92571258,"GPSY":44.38887023,"MAPYEAR":"Thu, 01 Jan 1998 00:00:00 GMT","UPDATEDATE":"Fri, 27 Jan 2023 21:28:54 GMT","STATE":"VT","FIPS8":5005,"SPAN":"699-222-10742","SUBTYPE":null,"GlobalID_1":"6fce9e1c-f02f-41f8-9d18-02d8bca3f2ea","UNITCOUNT":1,"PRIMARYADD1":"136 GREEN SCHOOL RD WATERFORD","PRIMARYADD2":"136 GREEN SCHOOL RD WATERFORD VT 05819","SITETYPE_MULTI1":null,"SITETYPE_MULTI2":null,"SITETYPE_MULTI3":null,"SITETYPE_MULTI4":null,"SITETYPE_MULTI5":null,"COUNTY":"CALEDONIA","COUNTRY":"US","SOURCEOFDATA":"Vermont Enhanced 911 Board","DRIVEWAYID":null,"ESZ":"00300","HOUSE_NUMBER":136,"HOUSE_NUMBERSUFFIX":null,"HOUSE_NUMBERPREFIX":null,"FIPS":"5005"}},
{"type":"Feature","id":299786,"geometry":{"type":"Point","coordinates":[-71.934792573234,44.3889059610735]},"properties":{"OBJECTID":299786,"SEGMENTID":24885,"ESITEID":275595,"GEONAMEID":22329,"PD":" ","PT":" ","SN":"REMICK","ST":"RD","SD":" ","PRIMARYNAME":"REMICK RD  ","ALIAS1":null,"ALIAS2":null,"ALIAS3":null,"ALIAS4":null,"ALIAS5":"5\/12\/2015 7:30:02 PM","PRIMARYADDRESS":"1121 REMICK RD","SITETYPE":"SINGLE FAMILY DWELLING","TOWNNAME":"WATERFORD","MCODE":721,"ESN":300,"ZIP":"05819","PARCELNUM":"661.","GPSX":-71.93479156,"GPSY":44.38889694,"MAPYEAR":"Thu, 01 Jan 1998 00:00:00 GMT","UPDATEDATE":"Fri, 27 Jan 2023 21:28:53 GMT","STATE":"VT","FIPS8":5005,"SPAN":"699-222-10491","SUBTYPE":null,"GlobalID_1":"457e0354-b1e1-4353-af52-3f5c318dc5a7","UNITCOUNT":1,"PRIMARYADD1":"1121 REMICK RD WATERFORD","PRIMARYADD2":"1121 REMICK RD WATERFORD VT 05819","SITETYPE_MULTI1":null,"SITETYPE_MULTI2":null,"SITETYPE_MULTI3":null,"SITETYPE_MULTI4":null,"SITETYPE_MULTI5":null,"COUNTY":"CALEDONIA","COUNTRY":"US","SOURCEOFDATA":"Vermont Enhanced 911 Board","DRIVEWAYID":null,"ESZ":"00300","HOUSE_NUMBER":1121,"HOUSE_NUMBERSUFFIX":null,"HOUSE_NUMBERPREFIX":null,"FIPS":"5005"}},
{"type":"Feature","id":218116,"geometry":{"type":"Point","coordinates":[-71.9391602524104,44.3888115295345]},"properties":{"OBJECTID":218116,"SEGMENTID":58213,"ESITEID":275596,"GEONAMEID":22333,"PD":" ","PT":" ","SN":"CORTLAND HILL","ST":"RD","SD":" ","PRIMARYNAME":"CORTLAND HILL RD  ","ALIAS1":null,"ALIAS2":null,"ALIAS3":null,"ALIAS4":null,"ALIAS5":"5\/12\/2015 7:30:02 PM","PRIMARYADDRESS":"130 CORTLAND HILL RD","SITETYPE":"SINGLE FAMILY DWELLING","TOWNNAME":"WATERFORD","MCODE":721,"ESN":300,"ZIP":"05819","PARCELNUM":"348.","GPSX":-71.93915924,"GPSY":44.38880251,"MAPYEAR":"Thu, 01 Jan 1998 00:00:00 GMT","UPDATEDATE":"Fri, 27 Jan 2023 21:28:54 GMT","STATE":"VT","FIPS8":5005,"SPAN":"699-222-10160","SUBTYPE":null,"GlobalID_1":"82170dbe-fb85-471b-9bfd-c0d5f4c2877f","UNITCOUNT":1,"PRIMARYADD1":"130 CORTLAND HILL RD WATERFORD","PRIMARYADD2":"130 CORTLAND HILL RD WATERFORD VT 05819","SITETYPE_MULTI1":null,"SITETYPE_MULTI2":null,"SITETYPE_MULTI3":null,"SITETYPE_MULTI4":null,"SITETYPE_MULTI5":null,"COUNTY":"CALEDONIA","COUNTRY":"US","SOURCEOFDATA":"Vermont Enhanced 911 Board","DRIVEWAYID":null,"ESZ":"00300","HOUSE_NUMBER":130,"HOUSE_NUMBERSUFFIX":null,"HOUSE_NUMBERPREFIX":null,"FIPS":"5005"}},
{"type":"Feature","id":161777,"geometry":{"type":"Point","coordinates":[-71.9334857172004,44.3887134325562]},"properties":{"OBJECTID":161777,"SEGMENTID":24885,"ESITEID":275597,"GEONAMEID":22329,"PD":" ","PT":" ","SN":"REMICK","ST":"RD","SD":" ","PRIMARYNAME":"REMICK RD  ","ALIAS1":null,"ALIAS2":null,"ALIAS3":null,"ALIAS4":null,"ALIAS5":"5\/12\/2015 7:30:02 PM","PRIMARYADDRESS":"1087 REMICK RD","SITETYPE":"SINGLE FAMILY DWELLING","TOWNNAME":"WATERFORD","MCODE":721,"ESN":300,"ZIP":"05819","PARCELNUM":"788.","GPSX":-71.93348471,"GPSY":44.38870441,"MAPYEAR":"Thu, 01 Jan 1998 00:00:00 GMT","UPDATEDATE":"Thu, 10 Apr 2025 12:22:03 GMT","STATE":"VT","FIPS8":5005,"SPAN":"699-222-10630","SUBTYPE":null,"GlobalID_1":"e5ac40c6-7452-4029-8199-03d98caa2744","UNITCOUNT":1,"PRIMARYADD1":"1087 REMICK RD WATERFORD","PRIMARYADD2":"1087 REMICK RD WATERFORD VT 05819","SITETYPE_MULTI1":null,"SITETYPE_MULTI2":null,"SITETYPE_MULTI3":null,"SITETYPE_MULTI4":null,"SITETYPE_MULTI5":null,"COUNTY":"CALEDONIA","COUNTRY":"US","SOURCEOFDATA":"Vermont Enhanced 911 Board","DRIVEWAYID":null,"ESZ":"00300","HOUSE_NUMBER":1087,"HOUSE_NUMBERSUFFIX":null,"HOUSE_NUMBERPREFIX":null,"FIPS":"5005"}},
{"type":"Feature","id":319259,"geometry":{"type":"Point","coordinates":[-71.9982844145777,44.3890966930135]},"properties":{"OBJECTID":319259,"SEGMENTID":32234,"ESITEID":275598,"GEONAMEID":22337,"PD":" ","PT":" ","SN":"SIMPSON BROOK","ST":"RD","SD":" ","PRIMARYNAME":"SIMPSON BROOK RD  ","ALIAS1":null,"ALIAS2":null,"ALIAS3":null,"ALIAS4":null,"ALIAS5":"5\/12\/2015 7:30:02 PM","PRIMARYADDRESS":"991 SIMPSON BROOK RD","SITETYPE":"SINGLE FAMILY DWELLING","TOWNNAME":"WATERFORD","MCODE":721,"ESN":300,"ZIP":"05819","PARCELNUM":"019.","GPSX":-71.99828338,"GPSY":44.38908767,"MAPYEAR":"Thu, 01 Jan 1998 00:00:00 GMT","UPDATEDATE":"Fri, 27 Jan 2023 21:28:57 GMT","STATE":"VT","FIPS8":5005,"SPAN":"699-222-10023","SUBTYPE":null,"GlobalID_1":"b5a1acd0-8d5c-4ab0-93ce-4c4ece209a5b","UNITCOUNT":1,"PRIMARYADD1":"991 SIMPSON BROOK RD WATERFORD","PRIMARYADD2":"991 SIMPSON BROOK RD WATERFORD VT 05819","SITETYPE_MULTI1":null,"SITETYPE_MULTI2":null,"SITETYPE_MULTI3":null,"SITETYPE_MULTI4":null,"SITETYPE_MULTI5":null,"COUNTY":"CALEDONIA","COUNTRY":"US","SOURCEOFDATA":"Vermont Enhanced 911 Board","DRIVEWAYID":null,"ESZ":"00300","HOUSE_NUMBER":991,"HOUSE_NUMBERSUFFIX":null,"HOUSE_NUMBERPREFIX":null,"FIPS":"5005"}},
{"type":"Feature","id":285121,"geometry":{"type":"Point","coordinates":[-71.9385166289666,44.3884003504881]},"properties":{"OBJECTID":285121,"SEGMENTID":58213,"ESITEID":275599,"GEONAMEID":22333,"PD":" ","PT":" ","SN":"CORTLAND HILL","ST":"RD","SD":" ","PRIMARYNAME":"CORTLAND HILL RD  ","ALIAS1":null,"ALIAS2":null,"ALIAS3":null,"ALIAS4":null,"ALIAS5":"5\/12\/2015 7:30:02 PM","PRIMARYADDRESS":"154 CORTLAND HILL RD","SITETYPE":"SINGLE FAMILY DWELLING","TOWNNAME":"WATERFORD","MCODE":721,"ESN":300,"ZIP":"05819","PARCELNUM":"353.","GPSX":-71.93851562,"GPSY":44.38839133,"MAPYEAR":"Thu, 01 Jan 1998 00:00:00 GMT","UPDATEDATE":"Fri, 27 Jan 2023 21:28:54 GMT","STATE":"VT","FIPS8":5005,"SPAN":"699-222-10168","SUBTYPE":null,"GlobalID_1":"e35e1885-7566-4af7-9ec9-dfffb6714cd6","UNITCOUNT":1,"PRIMARYADD1":"154 CORTLAND HILL RD WATERFORD","PRIMARYADD2":"154 CORTLAND HILL RD WATERFORD VT 05819","SITETYPE_MULTI1":null,"SITETYPE_MULTI2":null,"SITETYPE_MULTI3":null,"SITETYPE_MULTI4":null,"SITETYPE_MULTI5":null,"COUNTY":"CALEDONIA","COUNTRY":"US","SOURCEOFDATA":"Vermont Enhanced 911 Board","DRIVEWAYID":null,"ESZ":"00300","HOUSE_NUMBER":154,"HOUSE_NUMBERSUFFIX":null,"HOUSE_NUMBERPREFIX":null,"FIPS":"5005"}},
{"type":"Feature","id":180140,"geometry":{"type":"Point","coordinates":[-71.9376383379146,44.3882536468739]},"properties":{"OBJECTID":180140,"SEGMENTID":58213,"ESITEID":275600,"GEONAMEID":22333,"PD":" ","PT":" ","SN":"CORTLAND HILL","ST":"RD","SD":" ","PRIMARYNAME":"CORTLAND HILL RD  ","ALIAS1":null,"ALIAS2":null,"ALIAS3":null,"ALIAS4":null,"ALIAS5":"5\/12\/2015 7:30:02 PM","PRIMARYADDRESS":"195 CORTLAND HILL RD","SITETYPE":"SINGLE FAMILY DWELLING","TOWNNAME":"WATERFORD","MCODE":721,"ESN":300,"ZIP":"05819","PARCELNUM":"478.","GPSX":-71.93763732,"GPSY":44.38824462,"MAPYEAR":"Thu, 01 Jan 1998 00:00:00 GMT","UPDATEDATE":"Fri, 27 Jan 2023 21:28:54 GMT","STATE":"VT","FIPS8":5005,"SPAN":"699-222-10260","SUBTYPE":null,"GlobalID_1":"d9be0d1a-fe0a-4827-b11e-48f0ee13b683","UNITCOUNT":1,"PRIMARYADD1":"195 CORTLAND HILL RD WATERFORD","PRIMARYADD2":"195 CORTLAND HILL RD WATERFORD VT 05819","SITETYPE_MULTI1":null,"SITETYPE_MULTI2":null,"SITETYPE_MULTI3":null,"SITETYPE_MULTI4":null,"SITETYPE_MULTI5":null,"COUNTY":"CALEDONIA","COUNTRY":"US","SOURCEOFDATA":"Vermont Enhanced 911 Board","DRIVEWAYID":null,"ESZ":"00300","HOUSE_NUMBER":195,"HOUSE_NUMBERSUFFIX":null,"HOUSE_NUMBERPREFIX":null,"FIPS":"5005"}},
{"type":"Feature","id":181856,"geometry":{"type":"Point","coordinates":[-72.0009012989999,44.3883146809693]},"properties":{"OBJECTID":181856,"SEGMENTID":32234,"ESITEID":275601,"GEONAMEID":22337,"PD":" ","PT":" ","SN":"SIMPSON BROOK","ST":"RD","SD":" ","PRIMARYNAME":"SIMPSON BROOK RD  ","ALIAS1":null,"ALIAS2":null,"ALIAS3":null,"ALIAS4":null,"ALIAS5":"5\/12\/2015 7:30:02 PM","PRIMARYADDRESS":"1122 SIMPSON BROOK RD","SITETYPE":"SINGLE FAMILY DWELLING","TOWNNAME":"WATERFORD","MCODE":721,"ESN":300,"ZIP":"05819","PARCELNUM":"710.","GPSX":-72.00090026,"GPSY":44.38830566,"MAPYEAR":"Thu, 01 Jan 1998 00:00:00 GMT","UPDATEDATE":"Fri, 27 Jan 2023 21:28:57 GMT","STATE":"VT","FIPS8":5005,"SPAN":"699-222-10545","SUBTYPE":null,"GlobalID_1":"45779c64-251e-41ad-8113-f0459384dc34","UNITCOUNT":1,"PRIMARYADD1":"1122 SIMPSON BROOK RD WATERFORD","PRIMARYADD2":"1122 SIMPSON BROOK RD WATERFORD VT 05819","SITETYPE_MULTI1":null,"SITETYPE_MULTI2":null,"SITETYPE_MULTI3":null,"SITETYPE_MULTI4":null,"SITETYPE_MULTI5":null,"COUNTY":"CALEDONIA","COUNTRY":"US","SOURCEOFDATA":"Vermont Enhanced 911 Board","DRIVEWAYID":null,"ESZ":"00300","HOUSE_NUMBER":1122,"HOUSE_NUMBERSUFFIX":null,"HOUSE_NUMBERPREFIX":null,"FIPS":"5005"}},
{"type":"Feature","id":302750,"geometry":{"type":"Point","coordinates":[-71.9332113753291,44.3880290904764]},"properties":{"OBJECTID":302750,"SEGMENTID":32236,"ESITEID":275602,"GEONAMEID":22329,"PD":" ","PT":" ","SN":"REMICK","ST":"RD","SD":" ","PRIMARYNAME":"REMICK RD  ","ALIAS1":null,"ALIAS2":null,"ALIAS3":null,"ALIAS4":null,"ALIAS5":"5\/12\/2015 7:30:02 PM","PRIMARYADDRESS":"985 REMICK RD","SITETYPE":"SINGLE FAMILY DWELLING","TOWNNAME":"WATERFORD","MCODE":721,"ESN":300,"ZIP":"05819","PARCELNUM":"519.","GPSX":-71.93321037,"GPSY":44.38802007,"MAPYEAR":"Thu, 01 Jan 1998 00:00:00 GMT","UPDATEDATE":"Mon, 01 Apr 2024 08:23:48 GMT","STATE":"VT","FIPS8":5005,"SPAN":"699-222-10353","SUBTYPE":null,"GlobalID_1":"c5a32fea-a49a-465d-ba59-ed7722a9838d","UNITCOUNT":1,"PRIMARYADD1":"985 REMICK RD WATERFORD","PRIMARYADD2":"985 REMICK RD WATERFORD VT 05819","SITETYPE_MULTI1":null,"SITETYPE_MULTI2":null,"SITETYPE_MULTI3":null,"SITETYPE_MULTI4":null,"SITETYPE_MULTI5":null,"COUNTY":"CALEDONIA","COUNTRY":"US","SOURCEOFDATA":"Vermont Enhanced 911 Board","DRIVEWAYID":null,"ESZ":"00300","HOUSE_NUMBER":985,"HOUSE_NUMBERSUFFIX":null,"HOUSE_NUMBERPREFIX":null,"FIPS":"5005"}},
{"type":"Feature","id":260439,"geometry":{"type":"Point","coordinates":[-71.9358301707285,44.3879484720958]},"properties":{"OBJECTID":260439,"SEGMENTID":2228,"ESITEID":275603,"GEONAMEID":22331,"PD":" ","PT":" ","SN":"WOODLAND","ST":"RD","SD":" ","PRIMARYNAME":"WOODLAND RD  ","ALIAS1":null,"ALIAS2":null,"ALIAS3":null,"ALIAS4":null,"ALIAS5":"5\/12\/2015 7:30:02 PM","PRIMARYADDRESS":"128 WOODLAND RD","SITETYPE":"SINGLE FAMILY DWELLING","TOWNNAME":"WATERFORD","MCODE":721,"ESN":300,"ZIP":"05819","PARCELNUM":"785.","GPSX":-71.93582916,"GPSY":44.38793945,"MAPYEAR":"Thu, 01 Jan 1998 00:00:00 GMT","UPDATEDATE":"Fri, 27 Jan 2023 21:28:54 GMT","STATE":"VT","FIPS8":5005,"SPAN":"699-222-10266","SUBTYPE":null,"GlobalID_1":"c255da26-7806-4eb6-8060-b62809cac660","UNITCOUNT":1,"PRIMARYADD1":"128 WOODLAND RD WATERFORD","PRIMARYADD2":"128 WOODLAND RD WATERFORD VT 05819","SITETYPE_MULTI1":null,"SITETYPE_MULTI2":null,"SITETYPE_MULTI3":null,"SITETYPE_MULTI4":null,"SITETYPE_MULTI5":null,"COUNTY":"CALEDONIA","COUNTRY":"US","SOURCEOFDATA":"Vermont Enhanced 911 Board","DRIVEWAYID":null,"ESZ":"00300","HOUSE_NUMBER":128,"HOUSE_NUMBERSUFFIX":null,"HOUSE_NUMBERPREFIX":null,"FIPS":"5005"}},
{"type":"Feature","id":222858,"geometry":{"type":"Point","coordinates":[-71.934655244155,44.3878187723822]},"properties":{"OBJECTID":222858,"SEGMENTID":2228,"ESITEID":275604,"GEONAMEID":22331,"PD":" ","PT":" ","SN":"WOODLAND","ST":"RD","SD":" ","PRIMARYNAME":"WOODLAND RD  ","ALIAS1":null,"ALIAS2":null,"ALIAS3":null,"ALIAS4":null,"ALIAS5":"5\/12\/2015 7:30:02 PM","PRIMARYADDRESS":"127 WOODLAND RD","SITETYPE":"SINGLE FAMILY DWELLING","TOWNNAME":"WATERFORD","MCODE":721,"ESN":300,"ZIP":"05819","PARCELNUM":"345.","GPSX":-71.93465423,"GPSY":44.38780975,"MAPYEAR":"Thu, 01 Jan 1998 00:00:00 GMT","UPDATEDATE":"Fri, 27 Jan 2023 21:28:54 GMT","STATE":"VT","FIPS8":5005,"SPAN":"699-222-10155","SUBTYPE":null,"GlobalID_1":"a1cf7ba2-629d-4bb7-ae2d-39bdb45abaf4","UNITCOUNT":1,"PRIMARYADD1":"127 WOODLAND RD WATERFORD","PRIMARYADD2":"127 WOODLAND RD WATERFORD VT 05819","SITETYPE_MULTI1":null,"SITETYPE_MULTI2":null,"SITETYPE_MULTI3":null,"SITETYPE_MULTI4":null,"SITETYPE_MULTI5":null,"COUNTY":"CALEDONIA","COUNTRY":"US","SOURCEOFDATA":"Vermont Enhanced 911 Board","DRIVEWAYID":null,"ESZ":"00300","HOUSE_NUMBER":127,"HOUSE_NUMBERSUFFIX":null,"HOUSE_NUMBERPREFIX":null,"FIPS":"5005"}},
{"type":"Feature","id":344026,"geometry":{"type":"Point","coordinates":[-71.9470759028683,44.387799697641]},"properties":{"OBJECTID":344026,"SEGMENTID":54443,"ESITEID":275605,"GEONAMEID":22326,"PD":" ","PT":" ","SN":"DUCK POND","ST":"RD","SD":" ","PRIMARYNAME":"DUCK POND RD  ","ALIAS1":null,"ALIAS2":null,"ALIAS3":null,"ALIAS4":null,"ALIAS5":"5\/13\/2015 2:02:10 PM","PRIMARYADDRESS":"1747 DUCK POND RD","SITETYPE":"CAMP","TOWNNAME":"WATERFORD","MCODE":721,"ESN":300,"ZIP":"05819","PARCELNUM":"812.","GPSX":-71.94707489,"GPSY":44.38779067,"MAPYEAR":"Thu, 01 Jan 1998 00:00:00 GMT","UPDATEDATE":"Fri, 27 Jan 2023 21:28:51 GMT","STATE":"VT","FIPS8":5005,"SPAN":"699-222-10529","SUBTYPE":null,"GlobalID_1":"bf563164-8bbd-4626-9eaa-267d93b725ef","UNITCOUNT":1,"PRIMARYADD1":"1747 DUCK POND RD WATERFORD","PRIMARYADD2":"1747 DUCK POND RD WATERFORD VT 05819","SITETYPE_MULTI1":null,"SITETYPE_MULTI2":null,"SITETYPE_MULTI3":null,"SITETYPE_MULTI4":null,"SITETYPE_MULTI5":null,"COUNTY":"CALEDONIA","COUNTRY":"US","SOURCEOFDATA":"Vermont Enhanced 911 Board","DRIVEWAYID":null,"ESZ":"00300","HOUSE_NUMBER":1747,"HOUSE_NUMBERSUFFIX":null,"HOUSE_NUMBERPREFIX":null,"FIPS":"5005"}},
{"type":"Feature","id":15248,"geometry":{"type":"Point","coordinates":[-71.9990473546236,44.3878073251983]},"properties":{"OBJECTID":15248,"SEGMENTID":32234,"ESITEID":275606,"GEONAMEID":22337,"PD":" ","PT":" ","SN":"SIMPSON BROOK","ST":"RD","SD":" ","PRIMARYNAME":"SIMPSON BROOK RD  ","ALIAS1":null,"ALIAS2":null,"ALIAS3":null,"ALIAS4":null,"ALIAS5":"5\/12\/2015 7:30:02 PM","PRIMARYADDRESS":"1075 SIMPSON BROOK RD","SITETYPE":"SINGLE FAMILY DWELLING","TOWNNAME":"WATERFORD","MCODE":721,"ESN":300,"ZIP":"05819","PARCELNUM":"065.","GPSX":-71.99904632,"GPSY":44.3877983,"MAPYEAR":"Thu, 01 Jan 1998 00:00:00 GMT","UPDATEDATE":"Fri, 27 Jan 2023 21:28:57 GMT","STATE":"VT","FIPS8":5005,"SPAN":"699-222-10036","SUBTYPE":null,"GlobalID_1":"3203b788-19b0-49a9-93e0-c0fceb903d1b","UNITCOUNT":1,"PRIMARYADD1":"1075 SIMPSON BROOK RD WATERFORD","PRIMARYADD2":"1075 SIMPSON BROOK RD WATERFORD VT 05819","SITETYPE_MULTI1":null,"SITETYPE_MULTI2":null,"SITETYPE_MULTI3":null,"SITETYPE_MULTI4":null,"SITETYPE_MULTI5":null,"COUNTY":"CALEDONIA","COUNTRY":"US","SOURCEOFDATA":"Vermont Enhanced 911 Board","DRIVEWAYID":null,"ESZ":"00300","HOUSE_NUMBER":1075,"HOUSE_NUMBERSUFFIX":null,"HOUSE_NUMBERPREFIX":null,"FIPS":"5005"}},
{"type":"Feature","id":262534,"geometry":{"type":"Point","coordinates":[-71.9372812466982,44.3874530281055]},"properties":{"OBJECTID":262534,"SEGMENTID":43502,"ESITEID":275607,"GEONAMEID":22332,"PD":" ","PT":" ","SN":"SPRUCE","ST":"RD","SD":" ","PRIMARYNAME":"SPRUCE RD  ","ALIAS1":null,"ALIAS2":null,"ALIAS3":null,"ALIAS4":null,"ALIAS5":"5\/12\/2015 7:30:02 PM","PRIMARYADDRESS":"94 SPRUCE RD","SITETYPE":"SINGLE FAMILY DWELLING","TOWNNAME":"WATERFORD","MCODE":721,"ESN":300,"ZIP":"05819","PARCELNUM":"550.","GPSX":-71.93728024,"GPSY":44.38744401,"MAPYEAR":"Thu, 01 Jan 1998 00:00:00 GMT","UPDATEDATE":"Mon, 01 Apr 2024 08:53:01 GMT","STATE":"VT","FIPS8":5005,"SPAN":"699-222-10381","SUBTYPE":null,"GlobalID_1":"cb55312a-400e-4ab4-b810-1877b77f1d0c","UNITCOUNT":1,"PRIMARYADD1":"94 SPRUCE RD WATERFORD","PRIMARYADD2":"94 SPRUCE RD WATERFORD VT 05819","SITETYPE_MULTI1":null,"SITETYPE_MULTI2":null,"SITETYPE_MULTI3":null,"SITETYPE_MULTI4":null,"SITETYPE_MULTI5":null,"COUNTY":"CALEDONIA","COUNTRY":"US","SOURCEOFDATA":"Vermont Enhanced 911 Board","DRIVEWAYID":null,"ESZ":"00300","HOUSE_NUMBER":94,"HOUSE_NUMBERSUFFIX":null,"HOUSE_NUMBERPREFIX":null,"FIPS":"5005"}},
{"type":"Feature","id":186934,"geometry":{"type":"Point","coordinates":[-71.9351512865649,44.3871792844244]},"properties":{"OBJECTID":186934,"SEGMENTID":754648,"ESITEID":275608,"GEONAMEID":22331,"PD":"","PT":"","SN":"WOODLAND","ST":"RD","SD":"","PRIMARYNAME":"WOODLAND RD","ALIAS1":null,"ALIAS2":null,"ALIAS3":null,"ALIAS4":null,"ALIAS5":"5\/12\/2015 7:30:02 PM","PRIMARYADDRESS":"171 WOODLAND RD","SITETYPE":"SINGLE FAMILY DWELLING","TOWNNAME":"WATERFORD","MCODE":721,"ESN":300,"ZIP":"05819","PARCELNUM":"058.","GPSX":-71.93515027,"GPSY":44.38717026,"MAPYEAR":"Thu, 01 Jan 1998 00:00:00 GMT","UPDATEDATE":"Thu, 10 Apr 2025 12:24:04 GMT","STATE":"VT","FIPS8":5005,"SPAN":"699-222-10045","SUBTYPE":null,"GlobalID_1":"c391660c-a7e9-439b-b950-70b4624929f4","UNITCOUNT":1,"PRIMARYADD1":"171 WOODLAND RD WATERFORD","PRIMARYADD2":"171 WOODLAND RD WATERFORD VT 05819","SITETYPE_MULTI1":null,"SITETYPE_MULTI2":null,"SITETYPE_MULTI3":null,"SITETYPE_MULTI4":null,"SITETYPE_MULTI5":null,"COUNTY":"CALEDONIA","COUNTRY":"US","SOURCEOFDATA":"Vermont Enhanced 911 Board","DRIVEWAYID":null,"ESZ":"00300","HOUSE_NUMBER":171,"HOUSE_NUMBERSUFFIX":null,"HOUSE_NUMBERPREFIX":null,"FIPS":"5005"}},
{"type":"Feature","id":278097,"geometry":{"type":"Point","coordinates":[-71.9362231719353,44.3872851543143]},"properties":{"OBJECTID":278097,"SEGMENTID":754648,"ESITEID":275609,"GEONAMEID":22331,"PD":"","PT":"","SN":"WOODLAND","ST":"RD","SD":"","PRIMARYNAME":"WOODLAND RD","ALIAS1":null,"ALIAS2":null,"ALIAS3":null,"ALIAS4":null,"ALIAS5":"5\/12\/2015 7:30:02 PM","PRIMARYADDRESS":"196 WOODLAND RD","SITETYPE":"SINGLE FAMILY DWELLING","TOWNNAME":"WATERFORD","MCODE":721,"ESN":300,"ZIP":"05819","PARCELNUM":"411.","GPSX":-71.93622216,"GPSY":44.38727614,"MAPYEAR":"Thu, 01 Jan 1998 00:00:00 GMT","UPDATEDATE":"Thu, 10 Apr 2025 12:24:05 GMT","STATE":"VT","FIPS8":5005,"SPAN":"699-222-10228","SUBTYPE":null,"GlobalID_1":"0c493346-46f1-4bee-ba16-cb82d372733e","UNITCOUNT":1,"PRIMARYADD1":"196 WOODLAND RD WATERFORD","PRIMARYADD2":"196 WOODLAND RD WATERFORD VT 05819","SITETYPE_MULTI1":null,"SITETYPE_MULTI2":null,"SITETYPE_MULTI3":null,"SITETYPE_MULTI4":null,"SITETYPE_MULTI5":null,"COUNTY":"CALEDONIA","COUNTRY":"US","SOURCEOFDATA":"Vermont Enhanced 911 Board","DRIVEWAYID":null,"ESZ":"00300","HOUSE_NUMBER":196,"HOUSE_NUMBERSUFFIX":null,"HOUSE_NUMBERPREFIX":null,"FIPS":"5005"}},
{"type":"Feature","id":68169,"geometry":{"type":"Point","coordinates":[-71.9387435271319,44.3871583596709]},"properties":{"OBJECTID":68169,"SEGMENTID":43502,"ESITEID":275610,"GEONAMEID":22332,"PD":" ","PT":" ","SN":"SPRUCE","ST":"RD","SD":" ","PRIMARYNAME":"SPRUCE RD  ","ALIAS1":null,"ALIAS2":null,"ALIAS3":null,"ALIAS4":null,"ALIAS5":"5\/13\/2015 2:02:10 PM","PRIMARYADDRESS":"134 SPRUCE RD","SITETYPE":"SINGLE FAMILY DWELLING","TOWNNAME":"WATERFORD","MCODE":721,"ESN":300,"ZIP":"05819","PARCELNUM":"637.","GPSX":-71.93874252,"GPSY":44.38714934,"MAPYEAR":"Thu, 01 Jan 1998 00:00:00 GMT","UPDATEDATE":"Mon, 01 Apr 2024 08:50:50 GMT","STATE":"VT","FIPS8":5005,"SPAN":"699-222-10471","SUBTYPE":null,"GlobalID_1":"ea5ae9ac-de7e-4caa-aa39-09cb5f94e195","UNITCOUNT":1,"PRIMARYADD1":"134 SPRUCE RD WATERFORD","PRIMARYADD2":"134 SPRUCE RD WATERFORD VT 05819","SITETYPE_MULTI1":null,"SITETYPE_MULTI2":null,"SITETYPE_MULTI3":null,"SITETYPE_MULTI4":null,"SITETYPE_MULTI5":null,"COUNTY":"CALEDONIA","COUNTRY":"US","SOURCEOFDATA":"Vermont Enhanced 911 Board","DRIVEWAYID":null,"ESZ":"00300","HOUSE_NUMBER":134,"HOUSE_NUMBERSUFFIX":null,"HOUSE_NUMBERPREFIX":null,"FIPS":"5005"}},
{"type":"Feature","id":340584,"geometry":{"type":"Point","coordinates":[-71.9375513482938,44.3869060005821]},"properties":{"OBJECTID":340584,"SEGMENTID":43502,"ESITEID":275611,"GEONAMEID":22332,"PD":" ","PT":" ","SN":"SPRUCE","ST":"RD","SD":" ","PRIMARYNAME":"SPRUCE RD  ","ALIAS1":null,"ALIAS2":null,"ALIAS3":null,"ALIAS4":null,"ALIAS5":"5\/12\/2015 7:30:02 PM","PRIMARYADDRESS":"115 SPRUCE RD","SITETYPE":"SINGLE FAMILY DWELLING","TOWNNAME":"WATERFORD","MCODE":721,"ESN":300,"ZIP":"05819","PARCELNUM":"535.","GPSX":-71.93755033,"GPSY":44.38689698,"MAPYEAR":"Thu, 01 Jan 1998 00:00:00 GMT","UPDATEDATE":"Fri, 27 Jan 2023 21:28:54 GMT","STATE":"VT","FIPS8":5005,"SPAN":"699-222-10364","SUBTYPE":null,"GlobalID_1":"3919ce70-af73-4552-b138-5478ceb285b5","UNITCOUNT":1,"PRIMARYADD1":"115 SPRUCE RD WATERFORD","PRIMARYADD2":"115 SPRUCE RD WATERFORD VT 05819","SITETYPE_MULTI1":null,"SITETYPE_MULTI2":null,"SITETYPE_MULTI3":null,"SITETYPE_MULTI4":null,"SITETYPE_MULTI5":null,"COUNTY":"CALEDONIA","COUNTRY":"US","SOURCEOFDATA":"Vermont Enhanced 911 Board","DRIVEWAYID":null,"ESZ":"00300","HOUSE_NUMBER":115,"HOUSE_NUMBERSUFFIX":null,"HOUSE_NUMBERPREFIX":null,"FIPS":"5005"}},
{"type":"Feature","id":11750,"geometry":{"type":"Point","coordinates":[-71.9361286798703,44.3866236926766]},"properties":{"OBJECTID":11750,"SEGMENTID":754648,"ESITEID":275612,"GEONAMEID":22331,"PD":"","PT":"","SN":"WOODLAND","ST":"RD","SD":"","PRIMARYNAME":"WOODLAND RD","ALIAS1":null,"ALIAS2":null,"ALIAS3":null,"ALIAS4":null,"ALIAS5":"5\/12\/2015 7:30:02 PM","PRIMARYADDRESS":"225 WOODLAND RD","SITETYPE":"SINGLE FAMILY DWELLING","TOWNNAME":"WATERFORD","MCODE":721,"ESN":300,"ZIP":"05819","PARCELNUM":"825.","GPSX":-71.93612767,"GPSY":44.38661467,"MAPYEAR":"Thu, 01 Jan 1998 00:00:00 GMT","UPDATEDATE":"Thu, 10 Apr 2025 12:24:05 GMT","STATE":"VT","FIPS8":5005,"SPAN":"699-222-10560","SUBTYPE":null,"GlobalID_1":"016dbb36-6ef1-4656-af72-4cd41cd5c002","UNITCOUNT":1,"PRIMARYADD1":"225 WOODLAND RD WATERFORD","PRIMARYADD2":"225 WOODLAND RD WATERFORD VT 05819","SITETYPE_MULTI1":null,"SITETYPE_MULTI2":null,"SITETYPE_MULTI3":null,"SITETYPE_MULTI4":null,"SITETYPE_MULTI5":null,"COUNTY":"CALEDONIA","COUNTRY":"US","SOURCEOFDATA":"Vermont Enhanced 911 Board","DRIVEWAYID":null,"ESZ":"00300","HOUSE_NUMBER":225,"HOUSE_NUMBERSUFFIX":null,"HOUSE_NUMBERPREFIX":null,"FIPS":"5005"}},
{"type":"Feature","id":7224,"geometry":{"type":"Point","coordinates":[-72.0022745893198,44.387029126671]},"properties":{"OBJECTID":7224,"SEGMENTID":32234,"ESITEID":275613,"GEONAMEID":22337,"PD":" ","PT":" ","SN":"SIMPSON BROOK","ST":"RD","SD":" ","PRIMARYNAME":"SIMPSON BROOK RD  ","ALIAS1":null,"ALIAS2":null,"ALIAS3":null,"ALIAS4":null,"ALIAS5":"5\/12\/2015 7:30:02 PM","PRIMARYADDRESS":"1238 SIMPSON BROOK RD","SITETYPE":"SINGLE FAMILY DWELLING","TOWNNAME":"WATERFORD","MCODE":721,"ESN":300,"ZIP":"05819","PARCELNUM":"012.","GPSX":-72.00227355,"GPSY":44.38702011,"MAPYEAR":"Thu, 01 Jan 1998 00:00:00 GMT","UPDATEDATE":"Fri, 27 Jan 2023 21:28:57 GMT","STATE":"VT","FIPS8":5005,"SPAN":"699-222-10014","SUBTYPE":null,"GlobalID_1":"83f986fe-c661-4626-8766-bfc6609e2e4f","UNITCOUNT":1,"PRIMARYADD1":"1238 SIMPSON BROOK RD WATERFORD","PRIMARYADD2":"1238 SIMPSON BROOK RD WATERFORD VT 05819","SITETYPE_MULTI1":null,"SITETYPE_MULTI2":null,"SITETYPE_MULTI3":null,"SITETYPE_MULTI4":null,"SITETYPE_MULTI5":null,"COUNTY":"CALEDONIA","COUNTRY":"US","SOURCEOFDATA":"Vermont Enhanced 911 Board","DRIVEWAYID":null,"ESZ":"00300","HOUSE_NUMBER":1238,"HOUSE_NUMBERSUFFIX":null,"HOUSE_NUMBERPREFIX":null,"FIPS":"5005"}},
{"type":"Feature","id":350263,"geometry":{"type":"Point","coordinates":[-71.9530885424149,44.3867204541575]},"properties":{"OBJECTID":350263,"SEGMENTID":54443,"ESITEID":275614,"GEONAMEID":22326,"PD":" ","PT":" ","SN":"DUCK POND","ST":"RD","SD":" ","PRIMARYNAME":"DUCK POND RD  ","ALIAS1":null,"ALIAS2":null,"ALIAS3":null,"ALIAS4":null,"ALIAS5":"5\/13\/2015 2:02:10 PM","PRIMARYADDRESS":"2026 DUCK POND RD","SITETYPE":"LUMBER MILL \/ SAW MILL","TOWNNAME":"WATERFORD","MCODE":721,"ESN":300,"ZIP":"05819","PARCELNUM":"510.","GPSX":-71.95308753,"GPSY":44.38671144,"MAPYEAR":"Thu, 01 Jan 1998 00:00:00 GMT","UPDATEDATE":"Thu, 29 May 2025 13:29:51 GMT","STATE":"VT","FIPS8":5005,"SPAN":"699-222-10341","SUBTYPE":null,"GlobalID_1":"0b75166d-c5c0-493f-9f1d-118ad6080ff8","UNITCOUNT":1,"PRIMARYADD1":"2026 DUCK POND RD WATERFORD","PRIMARYADD2":"2026 DUCK POND RD WATERFORD VT 05819","SITETYPE_MULTI1":null,"SITETYPE_MULTI2":null,"SITETYPE_MULTI3":null,"SITETYPE_MULTI4":null,"SITETYPE_MULTI5":null,"COUNTY":"CALEDONIA","COUNTRY":"US","SOURCEOFDATA":"Vermont Enhanced 911 Board","DRIVEWAYID":null,"ESZ":"00300","HOUSE_NUMBER":2026,"HOUSE_NUMBERSUFFIX":null,"HOUSE_NUMBERPREFIX":null,"FIPS":"5005"}},
{"type":"Feature","id":176380,"geometry":{"type":"Point","coordinates":[-72.0254245097482,44.3869483924214]},"properties":{"OBJECTID":176380,"SEGMENTID":47170,"ESITEID":275615,"GEONAMEID":22338,"PD":" ","PT":"","SN":"US ROUTE 5","ST":" ","SD":" ","PRIMARYNAME":"US ROUTE 5","ALIAS1":null,"ALIAS2":"ROUTE 5","ALIAS3":null,"ALIAS4":null,"ALIAS5":"7\/31\/2019 9:17:36 AM","PRIMARYADDRESS":"555 US ROUTE 5","SITETYPE":"ACCESSORY BARN","TOWNNAME":"WATERFORD","MCODE":721,"ESN":300,"ZIP":"05819","PARCELNUM":"891.","GPSX":-72.02542347,"GPSY":44.38693938,"MAPYEAR":"Thu, 01 Jan 1998 00:00:00 GMT","UPDATEDATE":"Thu, 29 May 2025 13:39:03 GMT","STATE":"VT","FIPS8":5005,"SPAN":"699-222-10763","SUBTYPE":null,"GlobalID_1":"c86a1c69-bb03-48cf-af62-2340b94264a4","UNITCOUNT":1,"PRIMARYADD1":"555 US ROUTE 5 WATERFORD","PRIMARYADD2":"555 US ROUTE 5 WATERFORD VT 05819","SITETYPE_MULTI1":null,"SITETYPE_MULTI2":null,"SITETYPE_MULTI3":null,"SITETYPE_MULTI4":null,"SITETYPE_MULTI5":null,"COUNTY":"CALEDONIA","COUNTRY":"US","SOURCEOFDATA":"Vermont Enhanced 911 Board","DRIVEWAYID":null,"ESZ":"00300","HOUSE_NUMBER":555,"HOUSE_NUMBERSUFFIX":null,"HOUSE_NUMBERPREFIX":null,"FIPS":"5005"}},
{"type":"Feature","id":237074,"geometry":{"type":"Point","coordinates":[-71.9327588690219,44.3865475082884]},"properties":{"OBJECTID":237074,"SEGMENTID":32236,"ESITEID":275616,"GEONAMEID":22329,"PD":" ","PT":" ","SN":"REMICK","ST":"RD","SD":" ","PRIMARYNAME":"REMICK RD  ","ALIAS1":null,"ALIAS2":null,"ALIAS3":null,"ALIAS4":null,"ALIAS5":"5\/12\/2015 7:30:02 PM","PRIMARYADDRESS":"908 REMICK RD","SITETYPE":"SINGLE FAMILY DWELLING","TOWNNAME":"WATERFORD","MCODE":721,"ESN":300,"ZIP":"05819","PARCELNUM":"598.","GPSX":-71.93275786,"GPSY":44.38653848,"MAPYEAR":"Thu, 01 Jan 1998 00:00:00 GMT","UPDATEDATE":"Fri, 27 Jan 2023 21:28:53 GMT","STATE":"VT","FIPS8":5005,"SPAN":"699-222-10207","SUBTYPE":null,"GlobalID_1":"7184270f-9cf0-4ab4-b2ba-14423f5b89bd","UNITCOUNT":1,"PRIMARYADD1":"908 REMICK RD WATERFORD","PRIMARYADD2":"908 REMICK RD WATERFORD VT 05819","SITETYPE_MULTI1":null,"SITETYPE_MULTI2":null,"SITETYPE_MULTI3":null,"SITETYPE_MULTI4":null,"SITETYPE_MULTI5":null,"COUNTY":"CALEDONIA","COUNTRY":"US","SOURCEOFDATA":"Vermont Enhanced 911 Board","DRIVEWAYID":null,"ESZ":"00300","HOUSE_NUMBER":908,"HOUSE_NUMBERSUFFIX":null,"HOUSE_NUMBERPREFIX":null,"FIPS":"5005"}},
{"type":"Feature","id":252871,"geometry":{"type":"Point","coordinates":[-71.9375659610814,44.3863244088526]},"properties":{"OBJECTID":252871,"SEGMENTID":754648,"ESITEID":275617,"GEONAMEID":22331,"PD":"","PT":"","SN":"WOODLAND","ST":"RD","SD":"","PRIMARYNAME":"WOODLAND RD","ALIAS1":null,"ALIAS2":null,"ALIAS3":null,"ALIAS4":null,"ALIAS5":"5\/12\/2015 7:30:02 PM","PRIMARYADDRESS":"286 WOODLAND RD","SITETYPE":"SINGLE FAMILY DWELLING","TOWNNAME":"WATERFORD","MCODE":721,"ESN":300,"ZIP":"05819","PARCELNUM":"535.","GPSX":-71.93756495,"GPSY":44.38631539,"MAPYEAR":"Thu, 01 Jan 1998 00:00:00 GMT","UPDATEDATE":"Thu, 10 Apr 2025 12:24:05 GMT","STATE":"VT","FIPS8":5005,"SPAN":"699-222-10364","SUBTYPE":null,"GlobalID_1":"42d9a3ae-3d2b-4a33-a296-042340e5a960","UNITCOUNT":1,"PRIMARYADD1":"286 WOODLAND RD WATERFORD","PRIMARYADD2":"286 WOODLAND RD WATERFORD VT 05819","SITETYPE_MULTI1":null,"SITETYPE_MULTI2":null,"SITETYPE_MULTI3":null,"SITETYPE_MULTI4":null,"SITETYPE_MULTI5":null,"COUNTY":"CALEDONIA","COUNTRY":"US","SOURCEOFDATA":"Vermont Enhanced 911 Board","DRIVEWAYID":null,"ESZ":"00300","HOUSE_NUMBER":286,"HOUSE_NUMBERSUFFIX":null,"HOUSE_NUMBERPREFIX":null,"FIPS":"5005"}},
{"type":"Feature","id":254701,"geometry":{"type":"Point","coordinates":[-72.0256839124772,44.3865020730591]},"properties":{"OBJECTID":254701,"SEGMENTID":47170,"ESITEID":275618,"GEONAMEID":22338,"PD":" ","PT":"","SN":"US ROUTE 5","ST":" ","SD":" ","PRIMARYNAME":"US ROUTE 5","ALIAS1":null,"ALIAS2":"ROUTE 5","ALIAS3":null,"ALIAS4":null,"ALIAS5":"7\/31\/2019 9:17:37 AM","PRIMARYADDRESS":"523 US ROUTE 5","SITETYPE":"SINGLE FAMILY DWELLING","TOWNNAME":"WATERFORD","MCODE":721,"ESN":300,"ZIP":"05819","PARCELNUM":"891.","GPSX":-72.02568287,"GPSY":44.38649306,"MAPYEAR":"Thu, 01 Jan 1998 00:00:00 GMT","UPDATEDATE":"Fri, 27 Jan 2023 23:51:43 GMT","STATE":"VT","FIPS8":5005,"SPAN":"699-222-10763","SUBTYPE":null,"GlobalID_1":"3806ed7c-dfac-4543-8682-78075c2d6143","UNITCOUNT":1,"PRIMARYADD1":"523 US ROUTE 5 WATERFORD","PRIMARYADD2":"523 US ROUTE 5 WATERFORD VT 05819","SITETYPE_MULTI1":null,"SITETYPE_MULTI2":null,"SITETYPE_MULTI3":null,"SITETYPE_MULTI4":null,"SITETYPE_MULTI5":null,"COUNTY":"CALEDONIA","COUNTRY":"US","SOURCEOFDATA":"Vermont Enhanced 911 Board","DRIVEWAYID":null,"ESZ":"00300","HOUSE_NUMBER":523,"HOUSE_NUMBERSUFFIX":null,"HOUSE_NUMBERPREFIX":null,"FIPS":"5005"}},
{"type":"Feature","id":205056,"geometry":{"type":"Point","coordinates":[-72.0033427045234,44.3864683672838]},"properties":{"OBJECTID":205056,"SEGMENTID":32234,"ESITEID":275619,"GEONAMEID":22337,"PD":" ","PT":" ","SN":"SIMPSON BROOK","ST":"RD","SD":" ","PRIMARYNAME":"SIMPSON BROOK RD  ","ALIAS1":null,"ALIAS2":null,"ALIAS3":null,"ALIAS4":null,"ALIAS5":"5\/12\/2015 7:30:02 PM","PRIMARYADDRESS":"1306 SIMPSON BROOK RD","SITETYPE":"SINGLE FAMILY DWELLING","TOWNNAME":"WATERFORD","MCODE":721,"ESN":300,"ZIP":"05819","PARCELNUM":"013.","GPSX":-72.00334167,"GPSY":44.38645935,"MAPYEAR":"Thu, 01 Jan 1998 00:00:00 GMT","UPDATEDATE":"Fri, 27 Jan 2023 21:28:57 GMT","STATE":"VT","FIPS8":5005,"SPAN":"699-222-10015","SUBTYPE":null,"GlobalID_1":"3bc977a1-ef45-4265-bbcf-f0b9ae2c3584","UNITCOUNT":1,"PRIMARYADD1":"1306 SIMPSON BROOK RD WATERFORD","PRIMARYADD2":"1306 SIMPSON BROOK RD WATERFORD VT 05819","SITETYPE_MULTI1":null,"SITETYPE_MULTI2":null,"SITETYPE_MULTI3":null,"SITETYPE_MULTI4":null,"SITETYPE_MULTI5":null,"COUNTY":"CALEDONIA","COUNTRY":"US","SOURCEOFDATA":"Vermont Enhanced 911 Board","DRIVEWAYID":null,"ESZ":"00300","HOUSE_NUMBER":1306,"HOUSE_NUMBERSUFFIX":null,"HOUSE_NUMBERPREFIX":null,"FIPS":"5005"}},
{"type":"Feature","id":297619,"geometry":{"type":"Point","coordinates":[-71.9369441434206,44.386088825057]},"properties":{"OBJECTID":297619,"SEGMENTID":754648,"ESITEID":275620,"GEONAMEID":22331,"PD":"","PT":"","SN":"WOODLAND","ST":"RD","SD":"","PRIMARYNAME":"WOODLAND RD","ALIAS1":null,"ALIAS2":null,"ALIAS3":null,"ALIAS4":null,"ALIAS5":"5\/12\/2015 7:30:02 PM","PRIMARYADDRESS":"285 WOODLAND RD","SITETYPE":"SINGLE FAMILY DWELLING","TOWNNAME":"WATERFORD","MCODE":721,"ESN":300,"ZIP":"05819","PARCELNUM":"715.","GPSX":-71.93694314,"GPSY":44.38607981,"MAPYEAR":"Thu, 01 Jan 1998 00:00:00 GMT","UPDATEDATE":"Thu, 10 Apr 2025 12:24:06 GMT","STATE":"VT","FIPS8":5005,"SPAN":"699-222-10754","SUBTYPE":null,"GlobalID_1":"83b2cf94-bc85-49d8-a4f0-28e19d43036e","UNITCOUNT":1,"PRIMARYADD1":"285 WOODLAND RD WATERFORD","PRIMARYADD2":"285 WOODLAND RD WATERFORD VT 05819","SITETYPE_MULTI1":null,"SITETYPE_MULTI2":null,"SITETYPE_MULTI3":null,"SITETYPE_MULTI4":null,"SITETYPE_MULTI5":null,"COUNTY":"CALEDONIA","COUNTRY":"US","SOURCEOFDATA":"Vermont Enhanced 911 Board","DRIVEWAYID":null,"ESZ":"00300","HOUSE_NUMBER":285,"HOUSE_NUMBERSUFFIX":null,"HOUSE_NUMBERPREFIX":null,"FIPS":"5005"}},
{"type":"Feature","id":306507,"geometry":{"type":"Point","coordinates":[-71.9265299352285,44.3859991601384]},"properties":{"OBJECTID":306507,"SEGMENTID":21058,"ESITEID":275621,"GEONAMEID":22330,"PD":" ","PT":" ","SN":"GREEN SCHOOL","ST":"RD","SD":" ","PRIMARYNAME":"GREEN SCHOOL RD  ","ALIAS1":null,"ALIAS2":null,"ALIAS3":null,"ALIAS4":null,"ALIAS5":"5\/12\/2015 7:30:02 PM","PRIMARYADDRESS":"231 GREEN SCHOOL RD","SITETYPE":"SINGLE FAMILY DWELLING","TOWNNAME":"WATERFORD","MCODE":721,"ESN":300,"ZIP":"05819","PARCELNUM":"359.","GPSX":-71.92652893,"GPSY":44.38599014,"MAPYEAR":"Thu, 01 Jan 1998 00:00:00 GMT","UPDATEDATE":"Fri, 27 Jan 2023 21:28:54 GMT","STATE":"VT","FIPS8":5005,"SPAN":"699-222-10496","SUBTYPE":null,"GlobalID_1":"4eda75be-44f9-4b07-acd8-decd3896c0b9","UNITCOUNT":1,"PRIMARYADD1":"231 GREEN SCHOOL RD WATERFORD","PRIMARYADD2":"231 GREEN SCHOOL RD WATERFORD VT 05819","SITETYPE_MULTI1":null,"SITETYPE_MULTI2":null,"SITETYPE_MULTI3":null,"SITETYPE_MULTI4":null,"SITETYPE_MULTI5":null,"COUNTY":"CALEDONIA","COUNTRY":"US","SOURCEOFDATA":"Vermont Enhanced 911 Board","DRIVEWAYID":null,"ESZ":"00300","HOUSE_NUMBER":231,"HOUSE_NUMBERSUFFIX":null,"HOUSE_NUMBERPREFIX":null,"FIPS":"5005"}},
{"type":"Feature","id":285028,"geometry":{"type":"Point","coordinates":[-72.0011301796427,44.3862242261495]},"properties":{"OBJECTID":285028,"SEGMENTID":32234,"ESITEID":275622,"GEONAMEID":22337,"PD":" ","PT":" ","SN":"SIMPSON BROOK","ST":"RD","SD":" ","PRIMARYNAME":"SIMPSON BROOK RD  ","ALIAS1":null,"ALIAS2":null,"ALIAS3":null,"ALIAS4":null,"ALIAS5":"5\/12\/2015 7:30:02 PM","PRIMARYADDRESS":"1215 SIMPSON BROOK RD","SITETYPE":"SINGLE FAMILY DWELLING","TOWNNAME":"WATERFORD","MCODE":721,"ESN":300,"ZIP":"05819","PARCELNUM":"582.","GPSX":-72.00112914,"GPSY":44.38621521,"MAPYEAR":"Thu, 01 Jan 1998 00:00:00 GMT","UPDATEDATE":"Fri, 27 Jan 2023 21:28:57 GMT","STATE":"VT","FIPS8":5005,"SPAN":"699-222-10411","SUBTYPE":null,"GlobalID_1":"94fed987-deb6-4871-b110-dce7361a0822","UNITCOUNT":1,"PRIMARYADD1":"1215 SIMPSON BROOK RD WATERFORD","PRIMARYADD2":"1215 SIMPSON BROOK RD WATERFORD VT 05819","SITETYPE_MULTI1":null,"SITETYPE_MULTI2":null,"SITETYPE_MULTI3":null,"SITETYPE_MULTI4":null,"SITETYPE_MULTI5":null,"COUNTY":"CALEDONIA","COUNTRY":"US","SOURCEOFDATA":"Vermont Enhanced 911 Board","DRIVEWAYID":null,"ESZ":"00300","HOUSE_NUMBER":1215,"HOUSE_NUMBERSUFFIX":null,"HOUSE_NUMBERPREFIX":null,"FIPS":"5005"}},
{"type":"Feature","id":108180,"geometry":{"type":"Point","coordinates":[-72.0259630801476,44.3861599165312]},"properties":{"OBJECTID":108180,"SEGMENTID":47170,"ESITEID":275623,"GEONAMEID":22338,"PD":" ","PT":"","SN":"US ROUTE 5","ST":" ","SD":" ","PRIMARYNAME":"US ROUTE 5","ALIAS1":null,"ALIAS2":"ROUTE 5","ALIAS3":null,"ALIAS4":null,"ALIAS5":"7\/31\/2019 9:17:42 AM","PRIMARYADDRESS":"495 US ROUTE 5","SITETYPE":"COMMERCIAL FARM","TOWNNAME":"WATERFORD","MCODE":721,"ESN":300,"ZIP":"05819","PARCELNUM":"891.","GPSX":-72.02596204,"GPSY":44.3861509,"MAPYEAR":"Thu, 01 Jan 1998 00:00:00 GMT","UPDATEDATE":"Sat, 28 Jan 2023 00:01:15 GMT","STATE":"VT","FIPS8":5005,"SPAN":"699-222-10763","SUBTYPE":null,"GlobalID_1":"4ff3c46e-0ed6-4645-a4c3-13ed22ebb21b","UNITCOUNT":1,"PRIMARYADD1":"495 US ROUTE 5 WATERFORD","PRIMARYADD2":"495 US ROUTE 5 WATERFORD VT 05819","SITETYPE_MULTI1":null,"SITETYPE_MULTI2":null,"SITETYPE_MULTI3":null,"SITETYPE_MULTI4":null,"SITETYPE_MULTI5":null,"COUNTY":"CALEDONIA","COUNTRY":"US","SOURCEOFDATA":"Vermont Enhanced 911 Board","DRIVEWAYID":null,"ESZ":"00300","HOUSE_NUMBER":495,"HOUSE_NUMBERSUFFIX":null,"HOUSE_NUMBERPREFIX":null,"FIPS":"5005"}},
{"type":"Feature","id":313029,"geometry":{"type":"Point","coordinates":[-71.967934672832,44.3857779079271]},"properties":{"OBJECTID":313029,"SEGMENTID":47172,"ESITEID":275625,"GEONAMEID":22334,"PD":" ","PT":" ","SN":"SUITOR","ST":"RD","SD":" ","PRIMARYNAME":"SUITOR RD  ","ALIAS1":null,"ALIAS2":null,"ALIAS3":null,"ALIAS4":null,"ALIAS5":"6\/3\/2015 8:50:26 AM","PRIMARYADDRESS":"269 SUITOR RD","SITETYPE":"OTHER RESIDENTIAL","TOWNNAME":"WATERFORD","MCODE":721,"ESN":300,"ZIP":"05819","PARCELNUM":"407.","GPSX":-71.96793365,"GPSY":44.38576889,"MAPYEAR":"Thu, 01 Jan 1998 00:00:00 GMT","UPDATEDATE":"Fri, 27 Jan 2023 21:28:54 GMT","STATE":"VT","FIPS8":5005,"SPAN":"699-222-10225","SUBTYPE":null,"GlobalID_1":"8bfda594-597e-48ce-ba83-6be0dd31aa2f","UNITCOUNT":1,"PRIMARYADD1":"269 SUITOR RD WATERFORD","PRIMARYADD2":"269 SUITOR RD WATERFORD VT 05819","SITETYPE_MULTI1":null,"SITETYPE_MULTI2":null,"SITETYPE_MULTI3":null,"SITETYPE_MULTI4":null,"SITETYPE_MULTI5":null,"COUNTY":"CALEDONIA","COUNTRY":"US","SOURCEOFDATA":"Vermont Enhanced 911 Board","DRIVEWAYID":null,"ESZ":"00300","HOUSE_NUMBER":269,"HOUSE_NUMBERSUFFIX":null,"HOUSE_NUMBERPREFIX":null,"FIPS":"5005"}},
{"type":"Feature","id":303706,"geometry":{"type":"Point","coordinates":[-71.9413389866583,44.385631340291]},"properties":{"OBJECTID":303706,"SEGMENTID":754647,"ESITEID":275626,"GEONAMEID":22331,"PD":"","PT":"","SN":"WOODLAND","ST":"RD","SD":"","PRIMARYNAME":"WOODLAND RD","ALIAS1":null,"ALIAS2":null,"ALIAS3":null,"ALIAS4":null,"ALIAS5":"2\/26\/2016 11:32:57 AM","PRIMARYADDRESS":"450 WOODLAND RD","SITETYPE":"SINGLE FAMILY DWELLING","TOWNNAME":"WATERFORD","MCODE":721,"ESN":300,"ZIP":"05819","PARCELNUM":"812.1","GPSX":-71.94133797,"GPSY":44.38562232,"MAPYEAR":"Thu, 01 Jan 1998 00:00:00 GMT","UPDATEDATE":"Thu, 10 Apr 2025 12:23:45 GMT","STATE":"VT","FIPS8":5005,"SPAN":"699-222-10755","SUBTYPE":null,"GlobalID_1":"147a5928-4093-4d41-9dbe-f454a21372aa","UNITCOUNT":1,"PRIMARYADD1":"450 WOODLAND RD WATERFORD","PRIMARYADD2":"450 WOODLAND RD WATERFORD VT 05819","SITETYPE_MULTI1":null,"SITETYPE_MULTI2":null,"SITETYPE_MULTI3":null,"SITETYPE_MULTI4":null,"SITETYPE_MULTI5":null,"COUNTY":"CALEDONIA","COUNTRY":"US","SOURCEOFDATA":"Vermont Enhanced 911 Board","DRIVEWAYID":null,"ESZ":"00300","HOUSE_NUMBER":450,"HOUSE_NUMBERSUFFIX":null,"HOUSE_NUMBERPREFIX":null,"FIPS":"5005"}},
{"type":"Feature","id":198264,"geometry":{"type":"Point","coordinates":[-71.9387993327316,44.3855807151002]},"properties":{"OBJECTID":198264,"SEGMENTID":754647,"ESITEID":275627,"GEONAMEID":22331,"PD":"","PT":"","SN":"WOODLAND","ST":"RD","SD":"","PRIMARYNAME":"WOODLAND RD","ALIAS1":null,"ALIAS2":null,"ALIAS3":null,"ALIAS4":null,"ALIAS5":"5\/12\/2015 7:30:02 PM","PRIMARYADDRESS":"356 WOODLAND RD","SITETYPE":"SINGLE FAMILY DWELLING","TOWNNAME":"WATERFORD","MCODE":721,"ESN":300,"ZIP":"05819","PARCELNUM":"759.","GPSX":-71.93879832,"GPSY":44.3855717,"MAPYEAR":"Thu, 01 Jan 1998 00:00:00 GMT","UPDATEDATE":"Thu, 10 Apr 2025 12:38:05 GMT","STATE":"VT","FIPS8":5005,"SPAN":"699-222-10601","SUBTYPE":null,"GlobalID_1":"68ec538c-6d38-4095-b957-d8b1e48daacf","UNITCOUNT":1,"PRIMARYADD1":"356 WOODLAND RD WATERFORD","PRIMARYADD2":"356 WOODLAND RD WATERFORD VT 05819","SITETYPE_MULTI1":null,"SITETYPE_MULTI2":null,"SITETYPE_MULTI3":null,"SITETYPE_MULTI4":null,"SITETYPE_MULTI5":null,"COUNTY":"CALEDONIA","COUNTRY":"US","SOURCEOFDATA":"Vermont Enhanced 911 Board","DRIVEWAYID":null,"ESZ":"00300","HOUSE_NUMBER":356,"HOUSE_NUMBERSUFFIX":null,"HOUSE_NUMBERPREFIX":null,"FIPS":"5005"}},
{"type":"Feature","id":67416,"geometry":{"type":"Point","coordinates":[-71.9377469958802,44.3853547955751]},"properties":{"OBJECTID":67416,"SEGMENTID":754648,"ESITEID":275628,"GEONAMEID":22331,"PD":"","PT":"","SN":"WOODLAND","ST":"RD","SD":"","PRIMARYNAME":"WOODLAND RD","ALIAS1":null,"ALIAS2":null,"ALIAS3":null,"ALIAS4":null,"ALIAS5":"5\/12\/2015 7:30:02 PM","PRIMARYADDRESS":"345 WOODLAND RD","SITETYPE":"SINGLE FAMILY DWELLING","TOWNNAME":"WATERFORD","MCODE":721,"ESN":300,"ZIP":"05819","PARCELNUM":"575.","GPSX":-71.93774599,"GPSY":44.38534578,"MAPYEAR":"Thu, 01 Jan 1998 00:00:00 GMT","UPDATEDATE":"Thu, 10 Apr 2025 12:24:06 GMT","STATE":"VT","FIPS8":5005,"SPAN":"699-222-10407","SUBTYPE":null,"GlobalID_1":"4b3e1dd3-b7bc-45c8-9303-7c39ace8fc4c","UNITCOUNT":1,"PRIMARYADD1":"345 WOODLAND RD WATERFORD","PRIMARYADD2":"345 WOODLAND RD WATERFORD VT 05819","SITETYPE_MULTI1":null,"SITETYPE_MULTI2":null,"SITETYPE_MULTI3":null,"SITETYPE_MULTI4":null,"SITETYPE_MULTI5":null,"COUNTY":"CALEDONIA","COUNTRY":"US","SOURCEOFDATA":"Vermont Enhanced 911 Board","DRIVEWAYID":null,"ESZ":"00300","HOUSE_NUMBER":345,"HOUSE_NUMBERSUFFIX":null,"HOUSE_NUMBERPREFIX":null,"FIPS":"5005"}},
{"type":"Feature","id":318459,"geometry":{"type":"Point","coordinates":[-71.9013224075128,44.385026413694]},"properties":{"OBJECTID":318459,"SEGMENTID":54444,"ESITEID":275629,"GEONAMEID":435570,"PD":"","PT":"","SN":"OLD COUNTY","ST":"RD","SD":"S","PRIMARYNAME":"OLD COUNTY RD S","ALIAS1":null,"ALIAS2":null,"ALIAS3":null,"ALIAS4":null,"ALIAS5":"5\/13\/2015 2:02:03 PM","PRIMARYADDRESS":"1847 OLD COUNTY RD S","SITETYPE":"CAMP","TOWNNAME":"WATERFORD","MCODE":721,"ESN":300,"ZIP":"05819","PARCELNUM":"835.","GPSX":-71.90132141,"GPSY":44.38501739,"MAPYEAR":"Thu, 01 Jan 1998 00:00:00 GMT","UPDATEDATE":"Thu, 29 May 2025 13:21:35 GMT","STATE":"VT","FIPS8":5005,"SPAN":"699-222-10561","SUBTYPE":null,"GlobalID_1":"ff431d81-55d7-41da-b699-4f90fbae082c","UNITCOUNT":1,"PRIMARYADD1":"1847 OLD COUNTY RD S WATERFORD","PRIMARYADD2":"1847 OLD COUNTY RD S WATERFORD VT 05819","SITETYPE_MULTI1":null,"SITETYPE_MULTI2":null,"SITETYPE_MULTI3":null,"SITETYPE_MULTI4":null,"SITETYPE_MULTI5":null,"COUNTY":"CALEDONIA","COUNTRY":"US","SOURCEOFDATA":"Vermont Enhanced 911 Board","DRIVEWAYID":null,"ESZ":"00300","HOUSE_NUMBER":1847,"HOUSE_NUMBERSUFFIX":null,"HOUSE_NUMBERPREFIX":null,"FIPS":"5005"}},
{"type":"Feature","id":190264,"geometry":{"type":"Point","coordinates":[-72.0086744211634,44.3850404605764]},"properties":{"OBJECTID":190264,"SEGMENTID":39589,"ESITEID":275630,"GEONAMEID":22350,"PD":" ","PT":" ","SN":"MEADOWOOD","ST":"LN","SD":" ","PRIMARYNAME":"MEADOWOOD LN","ALIAS1":null,"ALIAS2":null,"ALIAS3":null,"ALIAS4":null,"ALIAS5":"5\/12\/2015 7:29:44 PM","PRIMARYADDRESS":"396 MEADOWOOD LN","SITETYPE":"SINGLE FAMILY DWELLING","TOWNNAME":"WATERFORD","MCODE":721,"ESN":300,"ZIP":"05819","PARCELNUM":"961.","GPSX":-72.00867338,"GPSY":44.38503144,"MAPYEAR":"Thu, 01 Jan 1998 00:00:00 GMT","UPDATEDATE":"Fri, 27 Jan 2023 21:23:09 GMT","STATE":"VT","FIPS8":5005,"SPAN":"699-222-10542","SUBTYPE":null,"GlobalID_1":"e9fafded-0151-4e12-8520-028248baefc0","UNITCOUNT":1,"PRIMARYADD1":"396 MEADOWOOD LN WATERFORD","PRIMARYADD2":"396 MEADOWOOD LN WATERFORD VT 05819","SITETYPE_MULTI1":null,"SITETYPE_MULTI2":null,"SITETYPE_MULTI3":null,"SITETYPE_MULTI4":null,"SITETYPE_MULTI5":null,"COUNTY":"CALEDONIA","COUNTRY":"US","SOURCEOFDATA":"Vermont Enhanced 911 Board","DRIVEWAYID":null,"ESZ":"00300","HOUSE_NUMBER":396,"HOUSE_NUMBERSUFFIX":null,"HOUSE_NUMBERPREFIX":null,"FIPS":"5005"}},
{"type":"Feature","id":309103,"geometry":{"type":"Point","coordinates":[-71.9583622435133,44.3850367203135]},"properties":{"OBJECTID":309103,"SEGMENTID":58218,"ESITEID":275631,"GEONAMEID":22344,"PD":" ","PT":" ","SN":"BLODGETT FARM","ST":"RD","SD":" ","PRIMARYNAME":"BLODGETT FARM RD","ALIAS1":"SNAKE ALLEY RD","ALIAS2":null,"ALIAS3":null,"ALIAS4":null,"ALIAS5":"5\/12\/2015 7:29:44 PM","PRIMARYADDRESS":"158 BLODGETT FARM RD","SITETYPE":"SINGLE FAMILY DWELLING","TOWNNAME":"WATERFORD","MCODE":721,"ESN":300,"ZIP":"05819","PARCELNUM":"447.","GPSX":-71.95836122,"GPSY":44.3850277,"MAPYEAR":"Thu, 01 Jan 1998 00:00:00 GMT","UPDATEDATE":"Fri, 27 Jan 2023 21:23:06 GMT","STATE":"VT","FIPS8":5005,"SPAN":"699-222-10267","SUBTYPE":null,"GlobalID_1":"200eb536-5c1a-459d-978e-3cdf4a258b2d","UNITCOUNT":1,"PRIMARYADD1":"158 BLODGETT FARM RD WATERFORD","PRIMARYADD2":"158 BLODGETT FARM RD WATERFORD VT 05819","SITETYPE_MULTI1":null,"SITETYPE_MULTI2":null,"SITETYPE_MULTI3":null,"SITETYPE_MULTI4":null,"SITETYPE_MULTI5":null,"COUNTY":"CALEDONIA","COUNTRY":"US","SOURCEOFDATA":"Vermont Enhanced 911 Board","DRIVEWAYID":null,"ESZ":"00300","HOUSE_NUMBER":158,"HOUSE_NUMBERSUFFIX":null,"HOUSE_NUMBERPREFIX":null,"FIPS":"5005"}},
{"type":"Feature","id":292884,"geometry":{"type":"Point","coordinates":[-71.9322811844423,44.3848544923932]},"properties":{"OBJECTID":292884,"SEGMENTID":21058,"ESITEID":275632,"GEONAMEID":22330,"PD":" ","PT":" ","SN":"GREEN SCHOOL","ST":"RD","SD":" ","PRIMARYNAME":"GREEN SCHOOL RD  ","ALIAS1":null,"ALIAS2":null,"ALIAS3":null,"ALIAS4":null,"ALIAS5":"5\/12\/2015 7:30:02 PM","PRIMARYADDRESS":"570 GREEN SCHOOL RD","SITETYPE":"SINGLE FAMILY DWELLING","TOWNNAME":"WATERFORD","MCODE":721,"ESN":300,"ZIP":"05819","PARCELNUM":"446.","GPSX":-71.93228018,"GPSY":44.38484547,"MAPYEAR":"Thu, 01 Jan 1998 00:00:00 GMT","UPDATEDATE":"Mon, 13 Feb 2023 11:24:30 GMT","STATE":"VT","FIPS8":5005,"SPAN":"699-222-10282","SUBTYPE":null,"GlobalID_1":"47896876-ce2f-408f-afbe-39a630bd0a82","UNITCOUNT":1,"PRIMARYADD1":"570 GREEN SCHOOL RD WATERFORD","PRIMARYADD2":"570 GREEN SCHOOL RD WATERFORD VT 05819","SITETYPE_MULTI1":null,"SITETYPE_MULTI2":null,"SITETYPE_MULTI3":null,"SITETYPE_MULTI4":null,"SITETYPE_MULTI5":null,"COUNTY":"CALEDONIA","COUNTRY":"US","SOURCEOFDATA":"Vermont Enhanced 911 Board","DRIVEWAYID":null,"ESZ":"00300","HOUSE_NUMBER":570,"HOUSE_NUMBERSUFFIX":null,"HOUSE_NUMBERPREFIX":null,"FIPS":"5005"}},
{"type":"Feature","id":217165,"geometry":{"type":"Point","coordinates":[-72.0031214537109,44.385156109177]},"properties":{"OBJECTID":217165,"SEGMENTID":32234,"ESITEID":275633,"GEONAMEID":22337,"PD":" ","PT":" ","SN":"SIMPSON BROOK","ST":"RD","SD":" ","PRIMARYNAME":"SIMPSON BROOK RD  ","ALIAS1":null,"ALIAS2":null,"ALIAS3":null,"ALIAS4":null,"ALIAS5":"5\/12\/2015 7:30:02 PM","PRIMARYADDRESS":"1355 SIMPSON BROOK RD","SITETYPE":"SINGLE FAMILY DWELLING","TOWNNAME":"WATERFORD","MCODE":721,"ESN":300,"ZIP":"05819","PARCELNUM":"762.","GPSX":-72.00312042,"GPSY":44.38514709,"MAPYEAR":"Thu, 01 Jan 1998 00:00:00 GMT","UPDATEDATE":"Fri, 27 Jan 2023 21:28:57 GMT","STATE":"VT","FIPS8":5005,"SPAN":"699-222-10678","SUBTYPE":null,"GlobalID_1":"cde107bd-285a-4545-b271-f00709c4ed06","UNITCOUNT":1,"PRIMARYADD1":"1355 SIMPSON BROOK RD WATERFORD","PRIMARYADD2":"1355 SIMPSON BROOK RD WATERFORD VT 05819","SITETYPE_MULTI1":null,"SITETYPE_MULTI2":null,"SITETYPE_MULTI3":null,"SITETYPE_MULTI4":null,"SITETYPE_MULTI5":null,"COUNTY":"CALEDONIA","COUNTRY":"US","SOURCEOFDATA":"Vermont Enhanced 911 Board","DRIVEWAYID":null,"ESZ":"00300","HOUSE_NUMBER":1355,"HOUSE_NUMBERSUFFIX":null,"HOUSE_NUMBERPREFIX":null,"FIPS":"5005"}},
{"type":"Feature","id":351972,"geometry":{"type":"Point","coordinates":[-72.0039835737591,44.3848890803187]},"properties":{"OBJECTID":351972,"SEGMENTID":32234,"ESITEID":275634,"GEONAMEID":22337,"PD":" ","PT":" ","SN":"SIMPSON BROOK","ST":"RD","SD":" ","PRIMARYNAME":"SIMPSON BROOK RD  ","ALIAS1":null,"ALIAS2":null,"ALIAS3":null,"ALIAS4":null,"ALIAS5":"5\/12\/2015 7:30:02 PM","PRIMARYADDRESS":"1403 SIMPSON BROOK RD","SITETYPE":"SINGLE FAMILY DWELLING","TOWNNAME":"WATERFORD","MCODE":721,"ESN":300,"ZIP":"05819","PARCELNUM":"588.","GPSX":-72.00398254,"GPSY":44.38488006,"MAPYEAR":"Thu, 01 Jan 1998 00:00:00 GMT","UPDATEDATE":"Fri, 27 Jan 2023 21:28:57 GMT","STATE":"VT","FIPS8":5005,"SPAN":"699-222-10418","SUBTYPE":null,"GlobalID_1":"fdcdff37-1956-4bb3-8056-2feb50d41316","UNITCOUNT":1,"PRIMARYADD1":"1403 SIMPSON BROOK RD WATERFORD","PRIMARYADD2":"1403 SIMPSON BROOK RD WATERFORD VT 05819","SITETYPE_MULTI1":null,"SITETYPE_MULTI2":null,"SITETYPE_MULTI3":null,"SITETYPE_MULTI4":null,"SITETYPE_MULTI5":null,"COUNTY":"CALEDONIA","COUNTRY":"US","SOURCEOFDATA":"Vermont Enhanced 911 Board","DRIVEWAYID":null,"ESZ":"00300","HOUSE_NUMBER":1403,"HOUSE_NUMBERSUFFIX":null,"HOUSE_NUMBERPREFIX":null,"FIPS":"5005"}},
{"type":"Feature","id":21600,"geometry":{"type":"Point","coordinates":[-71.9576748279159,44.384478427176]},"properties":{"OBJECTID":21600,"SEGMENTID":58218,"ESITEID":275635,"GEONAMEID":22344,"PD":" ","PT":" ","SN":"BLODGETT FARM","ST":"RD","SD":" ","PRIMARYNAME":"BLODGETT FARM RD","ALIAS1":"SNAKE ALLEY RD","ALIAS2":null,"ALIAS3":null,"ALIAS4":null,"ALIAS5":"5\/12\/2015 7:29:44 PM","PRIMARYADDRESS":"98 BLODGETT FARM RD","SITETYPE":"SINGLE FAMILY DWELLING","TOWNNAME":"WATERFORD","MCODE":721,"ESN":300,"ZIP":"05819","PARCELNUM":"510.","GPSX":-71.95767381,"GPSY":44.3844694,"MAPYEAR":"Thu, 01 Jan 1998 00:00:00 GMT","UPDATEDATE":"Fri, 27 Jan 2023 21:23:06 GMT","STATE":"VT","FIPS8":5005,"SPAN":"699-222-10341","SUBTYPE":null,"GlobalID_1":"7f6148a0-2bbc-4120-9aec-023d251874f2","UNITCOUNT":1,"PRIMARYADD1":"98 BLODGETT FARM RD WATERFORD","PRIMARYADD2":"98 BLODGETT FARM RD WATERFORD VT 05819","SITETYPE_MULTI1":null,"SITETYPE_MULTI2":null,"SITETYPE_MULTI3":null,"SITETYPE_MULTI4":null,"SITETYPE_MULTI5":null,"COUNTY":"CALEDONIA","COUNTRY":"US","SOURCEOFDATA":"Vermont Enhanced 911 Board","DRIVEWAYID":null,"ESZ":"00300","HOUSE_NUMBER":98,"HOUSE_NUMBERSUFFIX":null,"HOUSE_NUMBERPREFIX":null,"FIPS":"5005"}},
{"type":"Feature","id":344051,"geometry":{"type":"Point","coordinates":[-72.0054586593687,44.3844258323929]},"properties":{"OBJECTID":344051,"SEGMENTID":32234,"ESITEID":275636,"GEONAMEID":22337,"PD":" ","PT":" ","SN":"SIMPSON BROOK","ST":"RD","SD":" ","PRIMARYNAME":"SIMPSON BROOK RD  ","ALIAS1":null,"ALIAS2":null,"ALIAS3":null,"ALIAS4":null,"ALIAS5":"5\/12\/2015 7:30:02 PM","PRIMARYADDRESS":"1496 SIMPSON BROOK RD","SITETYPE":"SINGLE FAMILY DWELLING","TOWNNAME":"WATERFORD","MCODE":721,"ESN":300,"ZIP":"05819","PARCELNUM":"840.","GPSX":-72.00545762,"GPSY":44.38441681,"MAPYEAR":"Thu, 01 Jan 1998 00:00:00 GMT","UPDATEDATE":"Fri, 27 Jan 2023 21:28:57 GMT","STATE":"VT","FIPS8":5005,"SPAN":"699-222-10690","SUBTYPE":null,"GlobalID_1":"b8a450ef-cacc-4537-aaa4-effd93279e17","UNITCOUNT":1,"PRIMARYADD1":"1496 SIMPSON BROOK RD WATERFORD","PRIMARYADD2":"1496 SIMPSON BROOK RD WATERFORD VT 05819","SITETYPE_MULTI1":null,"SITETYPE_MULTI2":null,"SITETYPE_MULTI3":null,"SITETYPE_MULTI4":null,"SITETYPE_MULTI5":null,"COUNTY":"CALEDONIA","COUNTRY":"US","SOURCEOFDATA":"Vermont Enhanced 911 Board","DRIVEWAYID":null,"ESZ":"00300","HOUSE_NUMBER":1496,"HOUSE_NUMBERSUFFIX":null,"HOUSE_NUMBERPREFIX":null,"FIPS":"5005"}},
{"type":"Feature","id":89994,"geometry":{"type":"Point","coordinates":[-71.9326582560977,44.383707618394]},"properties":{"OBJECTID":89994,"SEGMENTID":35905,"ESITEID":275637,"GEONAMEID":22329,"PD":" ","PT":" ","SN":"REMICK","ST":"RD","SD":" ","PRIMARYNAME":"REMICK RD  ","ALIAS1":null,"ALIAS2":null,"ALIAS3":null,"ALIAS4":null,"ALIAS5":"5\/12\/2015 7:30:02 PM","PRIMARYADDRESS":"717 REMICK RD","SITETYPE":"SINGLE FAMILY DWELLING","TOWNNAME":"WATERFORD","MCODE":721,"ESN":300,"ZIP":"05819","PARCELNUM":"043.","GPSX":-71.93265725,"GPSY":44.3836986,"MAPYEAR":"Thu, 01 Jan 1998 00:00:00 GMT","UPDATEDATE":"Mon, 13 Feb 2023 11:21:43 GMT","STATE":"VT","FIPS8":5005,"SPAN":"699-222-10257","SUBTYPE":null,"GlobalID_1":"5be568ad-d042-45d2-aec4-c5dd38e61278","UNITCOUNT":1,"PRIMARYADD1":"717 REMICK RD WATERFORD","PRIMARYADD2":"717 REMICK RD WATERFORD VT 05819","SITETYPE_MULTI1":null,"SITETYPE_MULTI2":null,"SITETYPE_MULTI3":null,"SITETYPE_MULTI4":null,"SITETYPE_MULTI5":null,"COUNTY":"CALEDONIA","COUNTRY":"US","SOURCEOFDATA":"Vermont Enhanced 911 Board","DRIVEWAYID":null,"ESZ":"00300","HOUSE_NUMBER":717,"HOUSE_NUMBERSUFFIX":null,"HOUSE_NUMBERPREFIX":null,"FIPS":"5005"}},
{"type":"Feature","id":327636,"geometry":{"type":"Point","coordinates":[-72.0273620550096,44.3838849296517]},"properties":{"OBJECTID":327636,"SEGMENTID":47170,"ESITEID":275638,"GEONAMEID":22338,"PD":" ","PT":"","SN":"US ROUTE 5","ST":" ","SD":" ","PRIMARYNAME":"US ROUTE 5","ALIAS1":null,"ALIAS2":"ROUTE 5","ALIAS3":null,"ALIAS4":null,"ALIAS5":"10\/25\/2017 2:53:12 PM","PRIMARYADDRESS":"323 US ROUTE 5","SITETYPE":"SINGLE FAMILY DWELLING","TOWNNAME":"WATERFORD","MCODE":721,"ESN":300,"ZIP":"05819","PARCELNUM":"940.","GPSX":-72.02736102,"GPSY":44.38387592,"MAPYEAR":"Thu, 01 Jan 1998 00:00:00 GMT","UPDATEDATE":"Fri, 27 Jan 2023 23:50:55 GMT","STATE":"VT","FIPS8":5005,"SPAN":"699-222-10632","SUBTYPE":null,"GlobalID_1":"1d52a176-077c-48b5-a94c-2bcf945c7057","UNITCOUNT":1,"PRIMARYADD1":"323 US ROUTE 5 WATERFORD","PRIMARYADD2":"323 US ROUTE 5 WATERFORD VT 05819","SITETYPE_MULTI1":null,"SITETYPE_MULTI2":null,"SITETYPE_MULTI3":null,"SITETYPE_MULTI4":null,"SITETYPE_MULTI5":null,"COUNTY":"CALEDONIA","COUNTRY":"US","SOURCEOFDATA":"Vermont Enhanced 911 Board","DRIVEWAYID":null,"ESZ":"00300","HOUSE_NUMBER":323,"HOUSE_NUMBERSUFFIX":null,"HOUSE_NUMBERPREFIX":null,"FIPS":"5005"}},
{"type":"Feature","id":200053,"geometry":{"type":"Point","coordinates":[-72.0204950966998,44.3833884474587]},"properties":{"OBJECTID":200053,"SEGMENTID":32233,"ESITEID":275640,"GEONAMEID":22340,"PD":" ","PT":" ","SN":"RIVER","ST":"RD","SD":" ","PRIMARYNAME":"RIVER RD  ","ALIAS1":null,"ALIAS2":null,"ALIAS3":null,"ALIAS4":null,"ALIAS5":"1\/22\/2020 11:17:41 AM","PRIMARYADDRESS":"505 RIVER RD","SITETYPE":"SINGLE FAMILY DWELLING","TOWNNAME":"WATERFORD","MCODE":721,"ESN":300,"ZIP":"05819","PARCELNUM":"912.","GPSX":-72.02049406,"GPSY":44.38337943,"MAPYEAR":"Thu, 01 Jan 1998 00:00:00 GMT","UPDATEDATE":"Fri, 27 Jan 2023 21:28:57 GMT","STATE":"VT","FIPS8":5005,"SPAN":"699-222-10442","SUBTYPE":null,"GlobalID_1":"f462e9b9-939f-4e0b-a6dd-4287a5c6ce6e","UNITCOUNT":1,"PRIMARYADD1":"505 RIVER RD WATERFORD","PRIMARYADD2":"505 RIVER RD WATERFORD VT 05819","SITETYPE_MULTI1":null,"SITETYPE_MULTI2":null,"SITETYPE_MULTI3":null,"SITETYPE_MULTI4":null,"SITETYPE_MULTI5":null,"COUNTY":"CALEDONIA","COUNTRY":"US","SOURCEOFDATA":"Vermont Enhanced 911 Board","DRIVEWAYID":null,"ESZ":"00300","HOUSE_NUMBER":505,"HOUSE_NUMBERSUFFIX":null,"HOUSE_NUMBERPREFIX":null,"FIPS":"5005"}},
{"type":"Feature","id":333610,"geometry":{"type":"Point","coordinates":[-72.0274507842274,44.383621382988]},"properties":{"OBJECTID":333610,"SEGMENTID":47170,"ESITEID":275641,"GEONAMEID":22338,"PD":" ","PT":"","SN":"US ROUTE 5","ST":" ","SD":" ","PRIMARYNAME":"US ROUTE 5","ALIAS1":null,"ALIAS2":"ROUTE 5","ALIAS3":null,"ALIAS4":null,"ALIAS5":"10\/25\/2017 2:53:16 PM","PRIMARYADDRESS":"305 US ROUTE 5","SITETYPE":"SINGLE FAMILY DWELLING","TOWNNAME":"WATERFORD","MCODE":721,"ESN":300,"ZIP":"05819","PARCELNUM":"713.","GPSX":-72.02744975,"GPSY":44.38361237,"MAPYEAR":"Thu, 01 Jan 1998 00:00:00 GMT","UPDATEDATE":"Fri, 27 Jan 2023 23:55:22 GMT","STATE":"VT","FIPS8":5005,"SPAN":"699-222-10550","SUBTYPE":null,"GlobalID_1":"637e56fd-d496-41c3-83e0-ccdae8535601","UNITCOUNT":1,"PRIMARYADD1":"305 US ROUTE 5 WATERFORD","PRIMARYADD2":"305 US ROUTE 5 WATERFORD VT 05819","SITETYPE_MULTI1":null,"SITETYPE_MULTI2":null,"SITETYPE_MULTI3":null,"SITETYPE_MULTI4":null,"SITETYPE_MULTI5":null,"COUNTY":"CALEDONIA","COUNTRY":"US","SOURCEOFDATA":"Vermont Enhanced 911 Board","DRIVEWAYID":null,"ESZ":"00300","HOUSE_NUMBER":305,"HOUSE_NUMBERSUFFIX":null,"HOUSE_NUMBERPREFIX":null,"FIPS":"5005"}},
{"type":"Feature","id":190657,"geometry":{"type":"Point","coordinates":[-72.0095712781886,44.3831488426898]},"properties":{"OBJECTID":190657,"SEGMENTID":39589,"ESITEID":275642,"GEONAMEID":22350,"PD":" ","PT":" ","SN":"MEADOWOOD","ST":"LN","SD":" ","PRIMARYNAME":"MEADOWOOD LN","ALIAS1":null,"ALIAS2":null,"ALIAS3":null,"ALIAS4":null,"ALIAS5":"5\/12\/2015 7:29:44 PM","PRIMARYADDRESS":"229 MEADOWOOD LN","SITETYPE":"DAY CARE FACILITY","TOWNNAME":"WATERFORD","MCODE":721,"ESN":300,"ZIP":"05819","PARCELNUM":"494.","GPSX":-72.00957024,"GPSY":44.38313982,"MAPYEAR":"Thu, 01 Jan 1998 00:00:00 GMT","UPDATEDATE":"Thu, 29 May 2025 13:40:44 GMT","STATE":"VT","FIPS8":5005,"SPAN":"699-222-10324","SUBTYPE":null,"GlobalID_1":"9522450b-7c6e-44e0-9640-7bfa20e700db","UNITCOUNT":1,"PRIMARYADD1":"229 MEADOWOOD LN WATERFORD","PRIMARYADD2":"229 MEADOWOOD LN WATERFORD VT 05819","SITETYPE_MULTI1":"SINGLE FAMILY DWELLING","SITETYPE_MULTI2":null,"SITETYPE_MULTI3":null,"SITETYPE_MULTI4":null,"SITETYPE_MULTI5":null,"COUNTY":"CALEDONIA","COUNTRY":"US","SOURCEOFDATA":"Vermont Enhanced 911 Board","DRIVEWAYID":null,"ESZ":"00300","HOUSE_NUMBER":229,"HOUSE_NUMBERSUFFIX":null,"HOUSE_NUMBERPREFIX":null,"FIPS":"5005"}},
{"type":"Feature","id":58481,"geometry":{"type":"Point","coordinates":[-71.9571742471224,44.3831022041016]},"properties":{"OBJECTID":58481,"SEGMENTID":47173,"ESITEID":275643,"GEONAMEID":22326,"PD":" ","PT":" ","SN":"DUCK POND","ST":"RD","SD":" ","PRIMARYNAME":"DUCK POND RD  ","ALIAS1":null,"ALIAS2":null,"ALIAS3":null,"ALIAS4":null,"ALIAS5":"5\/12\/2015 7:30:02 PM","PRIMARYADDRESS":"2374 DUCK POND RD","SITETYPE":"SINGLE FAMILY DWELLING","TOWNNAME":"WATERFORD","MCODE":721,"ESN":300,"ZIP":"05819","PARCELNUM":"313.","GPSX":-71.95717323,"GPSY":44.38309319,"MAPYEAR":"Thu, 01 Jan 1998 00:00:00 GMT","UPDATEDATE":"Thu, 12 Dec 2024 09:49:22 GMT","STATE":"VT","FIPS8":5005,"SPAN":"699-222-10111","SUBTYPE":null,"GlobalID_1":"c3550b4a-cc79-4b6f-b7a9-2b3d81aeef99","UNITCOUNT":1,"PRIMARYADD1":"2374 DUCK POND RD WATERFORD","PRIMARYADD2":"2374 DUCK POND RD WATERFORD VT 05819","SITETYPE_MULTI1":null,"SITETYPE_MULTI2":null,"SITETYPE_MULTI3":null,"SITETYPE_MULTI4":null,"SITETYPE_MULTI5":null,"COUNTY":"CALEDONIA","COUNTRY":"US","SOURCEOFDATA":"Vermont Enhanced 911 Board","DRIVEWAYID":null,"ESZ":"00300","HOUSE_NUMBER":2374,"HOUSE_NUMBERSUFFIX":null,"HOUSE_NUMBERPREFIX":null,"FIPS":"5005"}},
{"type":"Feature","id":132925,"geometry":{"type":"Point","coordinates":[-71.9570925631944,44.382799846355]},"properties":{"OBJECTID":132925,"SEGMENTID":47173,"ESITEID":275644,"GEONAMEID":22326,"PD":" ","PT":" ","SN":"DUCK POND","ST":"RD","SD":" ","PRIMARYNAME":"DUCK POND RD  ","ALIAS1":null,"ALIAS2":null,"ALIAS3":null,"ALIAS4":null,"ALIAS5":"5\/12\/2015 7:30:02 PM","PRIMARYADDRESS":"2394 DUCK POND RD","SITETYPE":"SINGLE FAMILY DWELLING","TOWNNAME":"WATERFORD","MCODE":721,"ESN":300,"ZIP":"05819","PARCELNUM":"313.","GPSX":-71.95709155,"GPSY":44.38279083,"MAPYEAR":"Thu, 01 Jan 1998 00:00:00 GMT","UPDATEDATE":"Thu, 12 Dec 2024 09:49:35 GMT","STATE":"VT","FIPS8":5005,"SPAN":"699-222-10111","SUBTYPE":null,"GlobalID_1":"bfa70511-b620-410c-8435-250c5fab9498","UNITCOUNT":1,"PRIMARYADD1":"2394 DUCK POND RD WATERFORD","PRIMARYADD2":"2394 DUCK POND RD WATERFORD VT 05819","SITETYPE_MULTI1":null,"SITETYPE_MULTI2":null,"SITETYPE_MULTI3":null,"SITETYPE_MULTI4":null,"SITETYPE_MULTI5":null,"COUNTY":"CALEDONIA","COUNTRY":"US","SOURCEOFDATA":"Vermont Enhanced 911 Board","DRIVEWAYID":null,"ESZ":"00300","HOUSE_NUMBER":2394,"HOUSE_NUMBERSUFFIX":null,"HOUSE_NUMBERPREFIX":null,"FIPS":"5005"}},
{"type":"Feature","id":41072,"geometry":{"type":"Point","coordinates":[-72.0100215067251,44.3828503982612]},"properties":{"OBJECTID":41072,"SEGMENTID":24884,"ESITEID":275645,"GEONAMEID":22353,"PD":" ","PT":" ","SN":"HILLSIDE","ST":"LN","SD":" ","PRIMARYNAME":"HILLSIDE LN","ALIAS1":null,"ALIAS2":null,"ALIAS3":null,"ALIAS4":null,"ALIAS5":"5\/12\/2015 7:29:44 PM","PRIMARYADDRESS":"34 HILLSIDE LN","SITETYPE":"SINGLE FAMILY DWELLING","TOWNNAME":"WATERFORD","MCODE":721,"ESN":300,"ZIP":"05819","PARCELNUM":"960.","GPSX":-72.01002047,"GPSY":44.38284138,"MAPYEAR":"Thu, 01 Jan 1998 00:00:00 GMT","UPDATEDATE":"Fri, 27 Jan 2023 21:23:09 GMT","STATE":"VT","FIPS8":5005,"SPAN":"699-222-10318","SUBTYPE":null,"GlobalID_1":"785e0605-8274-4c9b-9397-958676ee2f4c","UNITCOUNT":1,"PRIMARYADD1":"34 HILLSIDE LN WATERFORD","PRIMARYADD2":"34 HILLSIDE LN WATERFORD VT 05819","SITETYPE_MULTI1":null,"SITETYPE_MULTI2":null,"SITETYPE_MULTI3":null,"SITETYPE_MULTI4":null,"SITETYPE_MULTI5":null,"COUNTY":"CALEDONIA","COUNTRY":"US","SOURCEOFDATA":"Vermont Enhanced 911 Board","DRIVEWAYID":null,"ESZ":"00300","HOUSE_NUMBER":34,"HOUSE_NUMBERSUFFIX":null,"HOUSE_NUMBERPREFIX":null,"FIPS":"5005"}},
{"type":"Feature","id":25342,"geometry":{"type":"Point","coordinates":[-71.9229637605272,44.382143279622]},"properties":{"OBJECTID":25342,"SEGMENTID":411114,"ESITEID":275646,"GEONAMEID":22321,"PD":"","PT":"","SN":"VT ROUTE 18","ST":"","SD":"","PRIMARYNAME":"VT ROUTE 18","ALIAS1":null,"ALIAS2":"ROUTE 18","ALIAS3":null,"ALIAS4":null,"ALIAS5":"12\/27\/2018 10:30:42 AM","PRIMARYADDRESS":"4129 VT ROUTE 18","SITETYPE":"GATED W\/O BUILDING","TOWNNAME":"WATERFORD","MCODE":721,"ESN":300,"ZIP":"05819","PARCELNUM":" ","GPSX":-71.92296488,"GPSY":44.382136,"MAPYEAR":"Thu, 01 Jan 1998 00:00:00 GMT","UPDATEDATE":"Fri, 18 Apr 2025 09:31:25 GMT","STATE":"VT","FIPS8":5005,"SPAN":" ","SUBTYPE":null,"GlobalID_1":"22d97fcd-6cc5-4d36-b3b5-de4d32a259d4","UNITCOUNT":1,"PRIMARYADD1":"4129 VT ROUTE 18 WATERFORD","PRIMARYADD2":"4129 VT ROUTE 18 WATERFORD VT 05819","SITETYPE_MULTI1":null,"SITETYPE_MULTI2":null,"SITETYPE_MULTI3":null,"SITETYPE_MULTI4":null,"SITETYPE_MULTI5":null,"COUNTY":"CALEDONIA","COUNTRY":"US","SOURCEOFDATA":"Vermont Enhanced 911 Board","DRIVEWAYID":null,"ESZ":"00300","HOUSE_NUMBER":4129,"HOUSE_NUMBERSUFFIX":null,"HOUSE_NUMBERPREFIX":"","FIPS":"5005"}},
{"type":"Feature","id":147207,"geometry":{"type":"Point","coordinates":[-72.0067175439969,44.3824322251879]},"properties":{"OBJECTID":147207,"SEGMENTID":32234,"ESITEID":275647,"GEONAMEID":22337,"PD":" ","PT":" ","SN":"SIMPSON BROOK","ST":"RD","SD":" ","PRIMARYNAME":"SIMPSON BROOK RD  ","ALIAS1":null,"ALIAS2":null,"ALIAS3":null,"ALIAS4":null,"ALIAS5":"5\/12\/2015 7:30:02 PM","PRIMARYADDRESS":"1616 SIMPSON BROOK RD","SITETYPE":"SINGLE FAMILY DWELLING","TOWNNAME":"WATERFORD","MCODE":721,"ESN":300,"ZIP":"05819","PARCELNUM":"257.","GPSX":-72.00671651,"GPSY":44.38242321,"MAPYEAR":"Thu, 01 Jan 1998 00:00:00 GMT","UPDATEDATE":"Fri, 27 Jan 2023 21:28:57 GMT","STATE":"VT","FIPS8":5005,"SPAN":"699-222-10066","SUBTYPE":null,"GlobalID_1":"0cb3c54e-a415-4a6a-bed4-ef14314396c2","UNITCOUNT":1,"PRIMARYADD1":"1616 SIMPSON BROOK RD WATERFORD","PRIMARYADD2":"1616 SIMPSON BROOK RD WATERFORD VT 05819","SITETYPE_MULTI1":null,"SITETYPE_MULTI2":null,"SITETYPE_MULTI3":null,"SITETYPE_MULTI4":null,"SITETYPE_MULTI5":null,"COUNTY":"CALEDONIA","COUNTRY":"US","SOURCEOFDATA":"Vermont Enhanced 911 Board","DRIVEWAYID":null,"ESZ":"00300","HOUSE_NUMBER":1616,"HOUSE_NUMBERSUFFIX":null,"HOUSE_NUMBERPREFIX":null,"FIPS":"5005"}},
{"type":"Feature","id":65923,"geometry":{"type":"Point","coordinates":[-71.9333961811263,44.3819347301693]},"properties":{"OBJECTID":65923,"SEGMENTID":21059,"ESITEID":275648,"GEONAMEID":22327,"PD":" ","PT":" ","SN":"KIDDER","ST":"RD","SD":" ","PRIMARYNAME":"KIDDER RD  ","ALIAS1":null,"ALIAS2":null,"ALIAS3":null,"ALIAS4":null,"ALIAS5":"5\/12\/2015 7:30:02 PM","PRIMARYADDRESS":"119 KIDDER RD","SITETYPE":"SINGLE FAMILY DWELLING","TOWNNAME":"WATERFORD","MCODE":721,"ESN":300,"ZIP":"05819","PARCELNUM":"620.","GPSX":-71.93339517,"GPSY":44.38192571,"MAPYEAR":"Thu, 01 Jan 1998 00:00:00 GMT","UPDATEDATE":"Mon, 13 Feb 2023 11:18:39 GMT","STATE":"VT","FIPS8":5005,"SPAN":"699-222-10450","SUBTYPE":null,"GlobalID_1":"854ca938-5ea2-465c-a2fc-62863b3c781f","UNITCOUNT":1,"PRIMARYADD1":"119 KIDDER RD WATERFORD","PRIMARYADD2":"119 KIDDER RD WATERFORD VT 05819","SITETYPE_MULTI1":null,"SITETYPE_MULTI2":null,"SITETYPE_MULTI3":null,"SITETYPE_MULTI4":null,"SITETYPE_MULTI5":null,"COUNTY":"CALEDONIA","COUNTRY":"US","SOURCEOFDATA":"Vermont Enhanced 911 Board","DRIVEWAYID":null,"ESZ":"00300","HOUSE_NUMBER":119,"HOUSE_NUMBERSUFFIX":null,"HOUSE_NUMBERPREFIX":null,"FIPS":"5005"}},
{"type":"Feature","id":79141,"geometry":{"type":"Point","coordinates":[-71.9340289216289,44.3810442195151]},"properties":{"OBJECTID":79141,"SEGMENTID":21059,"ESITEID":275649,"GEONAMEID":22327,"PD":" ","PT":" ","SN":"KIDDER","ST":"RD","SD":" ","PRIMARYNAME":"KIDDER RD  ","ALIAS1":null,"ALIAS2":null,"ALIAS3":null,"ALIAS4":null,"ALIAS5":"5\/12\/2015 7:30:02 PM","PRIMARYADDRESS":"145 KIDDER RD","SITETYPE":"SINGLE FAMILY DWELLING","TOWNNAME":"WATERFORD","MCODE":721,"ESN":300,"ZIP":"05819","PARCELNUM":"261.","GPSX":-71.93402791,"GPSY":44.3810352,"MAPYEAR":"Thu, 01 Jan 1998 00:00:00 GMT","UPDATEDATE":"Mon, 13 Feb 2023 11:19:02 GMT","STATE":"VT","FIPS8":5005,"SPAN":"699-222-10072","SUBTYPE":null,"GlobalID_1":"98130e84-8639-4972-aa6c-0824e4cd00ec","UNITCOUNT":1,"PRIMARYADD1":"145 KIDDER RD WATERFORD","PRIMARYADD2":"145 KIDDER RD WATERFORD VT 05819","SITETYPE_MULTI1":null,"SITETYPE_MULTI2":null,"SITETYPE_MULTI3":null,"SITETYPE_MULTI4":null,"SITETYPE_MULTI5":null,"COUNTY":"CALEDONIA","COUNTRY":"US","SOURCEOFDATA":"Vermont Enhanced 911 Board","DRIVEWAYID":null,"ESZ":"00300","HOUSE_NUMBER":145,"HOUSE_NUMBERSUFFIX":null,"HOUSE_NUMBERPREFIX":null,"FIPS":"5005"}},
{"type":"Feature","id":45888,"geometry":{"type":"Point","coordinates":[-72.0271006482749,44.3820204271696]},"properties":{"OBJECTID":45888,"SEGMENTID":47170,"ESITEID":275651,"GEONAMEID":22338,"PD":" ","PT":"","SN":"US ROUTE 5","ST":" ","SD":" ","PRIMARYNAME":"US ROUTE 5","ALIAS1":null,"ALIAS2":"ROUTE 5","ALIAS3":null,"ALIAS4":null,"ALIAS5":"10\/25\/2017 2:52:50 PM","PRIMARYADDRESS":"199 US ROUTE 5","SITETYPE":"CEMETERY","TOWNNAME":"WATERFORD","MCODE":721,"ESN":300,"ZIP":"05819","PARCELNUM":"901.9","GPSX":-72.02709961,"GPSY":44.38201141,"MAPYEAR":"Thu, 01 Jan 1998 00:00:00 GMT","UPDATEDATE":"Thu, 13 Feb 2025 06:49:24 GMT","STATE":"VT","FIPS8":5005,"SPAN":"699-222-10933","SUBTYPE":null,"GlobalID_1":"7eeb6a45-32c4-43f2-9451-c48fb69a992f","UNITCOUNT":1,"PRIMARYADD1":"199 US ROUTE 5 WATERFORD","PRIMARYADD2":"199 US ROUTE 5 WATERFORD VT 05819","SITETYPE_MULTI1":null,"SITETYPE_MULTI2":null,"SITETYPE_MULTI3":null,"SITETYPE_MULTI4":null,"SITETYPE_MULTI5":null,"COUNTY":"CALEDONIA","COUNTRY":"US","SOURCEOFDATA":"Vermont Enhanced 911 Board","DRIVEWAYID":null,"ESZ":"00300","HOUSE_NUMBER":199,"HOUSE_NUMBERSUFFIX":null,"HOUSE_NUMBERPREFIX":null,"FIPS":"5005"}},
{"type":"Feature","id":338489,"geometry":{"type":"Point","coordinates":[-71.9233177597973,44.3810807349142]},"properties":{"OBJECTID":338489,"SEGMENTID":411113,"ESITEID":275652,"GEONAMEID":22321,"PD":"","PT":"","SN":"VT ROUTE 18","ST":"","SD":"","PRIMARYNAME":"VT ROUTE 18","ALIAS1":null,"ALIAS2":"ROUTE 18","ALIAS3":null,"ALIAS4":null,"ALIAS5":"12\/27\/2018 10:30:27 AM","PRIMARYADDRESS":"4194 VT ROUTE 18","SITETYPE":"SINGLE FAMILY DWELLING","TOWNNAME":"WATERFORD","MCODE":721,"ESN":300,"ZIP":"05819","PARCELNUM":"560.","GPSX":-71.92331676,"GPSY":44.38107172,"MAPYEAR":"Thu, 01 Jan 1998 00:00:00 GMT","UPDATEDATE":"Mon, 13 Feb 2023 11:30:25 GMT","STATE":"VT","FIPS8":5005,"SPAN":"699-222-10390","SUBTYPE":null,"GlobalID_1":"9810568c-881d-42b0-b4bc-371fb09798b0","UNITCOUNT":1,"PRIMARYADD1":"4194 VT ROUTE 18 WATERFORD","PRIMARYADD2":"4194 VT ROUTE 18 WATERFORD VT 05819","SITETYPE_MULTI1":null,"SITETYPE_MULTI2":null,"SITETYPE_MULTI3":null,"SITETYPE_MULTI4":null,"SITETYPE_MULTI5":null,"COUNTY":"CALEDONIA","COUNTRY":"US","SOURCEOFDATA":"Vermont Enhanced 911 Board","DRIVEWAYID":null,"ESZ":"00300","HOUSE_NUMBER":4194,"HOUSE_NUMBERSUFFIX":null,"HOUSE_NUMBERPREFIX":null,"FIPS":"5005"}},
{"type":"Feature","id":90760,"geometry":{"type":"Point","coordinates":[-71.929264230954,44.381014411095]},"properties":{"OBJECTID":90760,"SEGMENTID":17355,"ESITEID":275653,"GEONAMEID":22329,"PD":" ","PT":" ","SN":"REMICK","ST":"RD","SD":" ","PRIMARYNAME":"REMICK RD  ","ALIAS1":null,"ALIAS2":null,"ALIAS3":null,"ALIAS4":null,"ALIAS5":"5\/12\/2015 7:30:02 PM","PRIMARYADDRESS":"472 REMICK RD","SITETYPE":"SINGLE FAMILY DWELLING","TOWNNAME":"WATERFORD","MCODE":721,"ESN":300,"ZIP":"05819","PARCELNUM":"580.","GPSX":-71.92926323,"GPSY":44.38100539,"MAPYEAR":"Thu, 01 Jan 1998 00:00:00 GMT","UPDATEDATE":"Mon, 13 Feb 2023 11:21:59 GMT","STATE":"VT","FIPS8":5005,"SPAN":"699-222-10103","SUBTYPE":null,"GlobalID_1":"c4355df3-0eb5-401e-9c27-7d96ca762410","UNITCOUNT":1,"PRIMARYADD1":"472 REMICK RD WATERFORD","PRIMARYADD2":"472 REMICK RD WATERFORD VT 05819","SITETYPE_MULTI1":null,"SITETYPE_MULTI2":null,"SITETYPE_MULTI3":null,"SITETYPE_MULTI4":null,"SITETYPE_MULTI5":null,"COUNTY":"CALEDONIA","COUNTRY":"US","SOURCEOFDATA":"Vermont Enhanced 911 Board","DRIVEWAYID":null,"ESZ":"00300","HOUSE_NUMBER":472,"HOUSE_NUMBERSUFFIX":null,"HOUSE_NUMBERPREFIX":null,"FIPS":"5005"}},
{"type":"Feature","id":38579,"geometry":{"type":"Point","coordinates":[-71.8980786034,44.380511270102]},"properties":{"OBJECTID":38579,"SEGMENTID":54444,"ESITEID":275654,"GEONAMEID":435570,"PD":"","PT":"","SN":"OLD COUNTY","ST":"RD","SD":"S","PRIMARYNAME":"OLD COUNTY RD S","ALIAS1":null,"ALIAS2":null,"ALIAS3":null,"ALIAS4":null,"ALIAS5":"5\/12\/2015 7:29:44 PM","PRIMARYADDRESS":"2115 OLD COUNTY RD S","SITETYPE":"SINGLE FAMILY DWELLING","TOWNNAME":"WATERFORD","MCODE":721,"ESN":300,"ZIP":"05819","PARCELNUM":"376.","GPSX":-71.8980776,"GPSY":44.38050225,"MAPYEAR":"Thu, 01 Jan 1998 00:00:00 GMT","UPDATEDATE":"Sat, 28 Jan 2023 00:28:44 GMT","STATE":"VT","FIPS8":5005,"SPAN":"699-222-10190","SUBTYPE":null,"GlobalID_1":"30e9f746-242f-41de-b699-b74c384a1526","UNITCOUNT":1,"PRIMARYADD1":"2115 OLD COUNTY RD S WATERFORD","PRIMARYADD2":"2115 OLD COUNTY RD S WATERFORD VT 05819","SITETYPE_MULTI1":null,"SITETYPE_MULTI2":null,"SITETYPE_MULTI3":null,"SITETYPE_MULTI4":null,"SITETYPE_MULTI5":null,"COUNTY":"CALEDONIA","COUNTRY":"US","SOURCEOFDATA":"Vermont Enhanced 911 Board","DRIVEWAYID":null,"ESZ":"00300","HOUSE_NUMBER":2115,"HOUSE_NUMBERSUFFIX":null,"HOUSE_NUMBERPREFIX":null,"FIPS":"5005"}},
{"type":"Feature","id":41597,"geometry":{"type":"Point","coordinates":[-71.9311350440555,44.3807937899634]},"properties":{"OBJECTID":41597,"SEGMENTID":17355,"ESITEID":275655,"GEONAMEID":22329,"PD":" ","PT":" ","SN":"REMICK","ST":"RD","SD":" ","PRIMARYNAME":"REMICK RD  ","ALIAS1":null,"ALIAS2":null,"ALIAS3":null,"ALIAS4":null,"ALIAS5":"5\/12\/2015 7:30:02 PM","PRIMARYADDRESS":"541 REMICK RD","SITETYPE":"SINGLE FAMILY DWELLING","TOWNNAME":"WATERFORD","MCODE":721,"ESN":300,"ZIP":"05819","PARCELNUM":"954.","GPSX":-71.93113404,"GPSY":44.38078477,"MAPYEAR":"Thu, 01 Jan 1998 00:00:00 GMT","UPDATEDATE":"Mon, 13 Feb 2023 11:22:08 GMT","STATE":"VT","FIPS8":5005,"SPAN":"699-222-10395","SUBTYPE":null,"GlobalID_1":"9136328e-3f3f-4adc-8696-0da1c161f748","UNITCOUNT":1,"PRIMARYADD1":"541 REMICK RD WATERFORD","PRIMARYADD2":"541 REMICK RD WATERFORD VT 05819","SITETYPE_MULTI1":null,"SITETYPE_MULTI2":null,"SITETYPE_MULTI3":null,"SITETYPE_MULTI4":null,"SITETYPE_MULTI5":null,"COUNTY":"CALEDONIA","COUNTRY":"US","SOURCEOFDATA":"Vermont Enhanced 911 Board","DRIVEWAYID":null,"ESZ":"00300","HOUSE_NUMBER":541,"HOUSE_NUMBERSUFFIX":null,"HOUSE_NUMBERPREFIX":null,"FIPS":"5005"}},
{"type":"Feature","id":51658,"geometry":{"type":"Point","coordinates":[-72.0114507512691,44.3811889178061]},"properties":{"OBJECTID":51658,"SEGMENTID":24884,"ESITEID":275656,"GEONAMEID":22353,"PD":" ","PT":" ","SN":"HILLSIDE","ST":"LN","SD":" ","PRIMARYNAME":"HILLSIDE LN","ALIAS1":null,"ALIAS2":null,"ALIAS3":null,"ALIAS4":null,"ALIAS5":"5\/12\/2015 7:29:44 PM","PRIMARYADDRESS":"164 HILLSIDE LN","SITETYPE":"SINGLE FAMILY DWELLING","TOWNNAME":"WATERFORD","MCODE":721,"ESN":300,"ZIP":"05819","PARCELNUM":"958.","GPSX":-72.01144971,"GPSY":44.3811799,"MAPYEAR":"Thu, 01 Jan 1998 00:00:00 GMT","UPDATEDATE":"Fri, 27 Jan 2023 21:23:09 GMT","STATE":"VT","FIPS8":5005,"SPAN":"699-222-10446","SUBTYPE":null,"GlobalID_1":"767abb4a-8d6d-49df-976c-c3aa35c2b017","UNITCOUNT":1,"PRIMARYADD1":"164 HILLSIDE LN WATERFORD","PRIMARYADD2":"164 HILLSIDE LN WATERFORD VT 05819","SITETYPE_MULTI1":null,"SITETYPE_MULTI2":null,"SITETYPE_MULTI3":null,"SITETYPE_MULTI4":null,"SITETYPE_MULTI5":null,"COUNTY":"CALEDONIA","COUNTRY":"US","SOURCEOFDATA":"Vermont Enhanced 911 Board","DRIVEWAYID":null,"ESZ":"00300","HOUSE_NUMBER":164,"HOUSE_NUMBERSUFFIX":null,"HOUSE_NUMBERPREFIX":null,"FIPS":"5005"}},
{"type":"Feature","id":69888,"geometry":{"type":"Point","coordinates":[-71.9307434536596,44.37972007524]},"properties":{"OBJECTID":69888,"SEGMENTID":17355,"ESITEID":275657,"GEONAMEID":22329,"PD":" ","PT":" ","SN":"REMICK","ST":"RD","SD":" ","PRIMARYNAME":"REMICK RD  ","ALIAS1":null,"ALIAS2":null,"ALIAS3":null,"ALIAS4":null,"ALIAS5":"5\/12\/2015 7:30:02 PM","PRIMARYADDRESS":"471 REMICK RD","SITETYPE":"SINGLE FAMILY DWELLING","TOWNNAME":"WATERFORD","MCODE":721,"ESN":300,"ZIP":"05819","PARCELNUM":"565.","GPSX":-71.93074245,"GPSY":44.37971106,"MAPYEAR":"Thu, 01 Jan 1998 00:00:00 GMT","UPDATEDATE":"Mon, 13 Feb 2023 11:26:49 GMT","STATE":"VT","FIPS8":5005,"SPAN":"699-222-10231","SUBTYPE":null,"GlobalID_1":"a5fedafd-1d89-40a7-bc9f-fff835c717a1","UNITCOUNT":1,"PRIMARYADD1":"471 REMICK RD WATERFORD","PRIMARYADD2":"471 REMICK RD WATERFORD VT 05819","SITETYPE_MULTI1":null,"SITETYPE_MULTI2":null,"SITETYPE_MULTI3":null,"SITETYPE_MULTI4":null,"SITETYPE_MULTI5":null,"COUNTY":"CALEDONIA","COUNTRY":"US","SOURCEOFDATA":"Vermont Enhanced 911 Board","DRIVEWAYID":null,"ESZ":"00300","HOUSE_NUMBER":471,"HOUSE_NUMBERSUFFIX":null,"HOUSE_NUMBERPREFIX":null,"FIPS":"5005"}},
{"type":"Feature","id":179524,"geometry":{"type":"Point","coordinates":[-72.0266970986124,44.3801868926591]},"properties":{"OBJECTID":179524,"SEGMENTID":40552,"ESITEID":275658,"GEONAMEID":22351,"PD":" ","PT":" ","SN":"SMITH","ST":"RD","SD":" ","PRIMARYNAME":"SMITH RD","ALIAS1":null,"ALIAS2":null,"ALIAS3":null,"ALIAS4":null,"ALIAS5":"11\/3\/2017 11:19:57 AM","PRIMARYADDRESS":"19 SMITH RD","SITETYPE":"SINGLE FAMILY DWELLING","TOWNNAME":"WATERFORD","MCODE":721,"ESN":300,"ZIP":"05819","PARCELNUM":"458.","GPSX":-72.02669606,"GPSY":44.38017788,"MAPYEAR":"Thu, 01 Jan 1998 00:00:00 GMT","UPDATEDATE":"Fri, 27 Jan 2023 21:23:09 GMT","STATE":"VT","FIPS8":5005,"SPAN":"699-222-10281","SUBTYPE":null,"GlobalID_1":"726ff118-a5de-441b-b151-e108d92e341b","UNITCOUNT":1,"PRIMARYADD1":"19 SMITH RD WATERFORD","PRIMARYADD2":"19 SMITH RD WATERFORD VT 05819","SITETYPE_MULTI1":null,"SITETYPE_MULTI2":null,"SITETYPE_MULTI3":null,"SITETYPE_MULTI4":null,"SITETYPE_MULTI5":null,"COUNTY":"CALEDONIA","COUNTRY":"US","SOURCEOFDATA":"Vermont Enhanced 911 Board","DRIVEWAYID":null,"ESZ":"00300","HOUSE_NUMBER":19,"HOUSE_NUMBERSUFFIX":null,"HOUSE_NUMBERPREFIX":null,"FIPS":"5005"}},
{"type":"Feature","id":169479,"geometry":{"type":"Point","coordinates":[-71.9237863865648,44.3795426630262]},"properties":{"OBJECTID":169479,"SEGMENTID":17355,"ESITEID":275659,"GEONAMEID":22329,"PD":" ","PT":" ","SN":"REMICK","ST":"RD","SD":" ","PRIMARYNAME":"REMICK RD  ","ALIAS1":null,"ALIAS2":null,"ALIAS3":null,"ALIAS4":null,"ALIAS5":"5\/12\/2015 7:30:02 PM","PRIMARYADDRESS":"154 REMICK RD","SITETYPE":"SINGLE FAMILY DWELLING","TOWNNAME":"WATERFORD","MCODE":721,"ESN":300,"ZIP":"05819","PARCELNUM":"327.","GPSX":-71.92378538,"GPSY":44.37953364,"MAPYEAR":"Thu, 01 Jan 1998 00:00:00 GMT","UPDATEDATE":"Fri, 27 Jan 2023 21:28:53 GMT","STATE":"VT","FIPS8":5005,"SPAN":"699-222-10124","SUBTYPE":null,"GlobalID_1":"aacb5fdb-106e-48bc-95fd-ce7dc027532c","UNITCOUNT":1,"PRIMARYADD1":"154 REMICK RD WATERFORD","PRIMARYADD2":"154 REMICK RD WATERFORD VT 05819","SITETYPE_MULTI1":null,"SITETYPE_MULTI2":null,"SITETYPE_MULTI3":null,"SITETYPE_MULTI4":null,"SITETYPE_MULTI5":null,"COUNTY":"CALEDONIA","COUNTRY":"US","SOURCEOFDATA":"Vermont Enhanced 911 Board","DRIVEWAYID":null,"ESZ":"00300","HOUSE_NUMBER":154,"HOUSE_NUMBERSUFFIX":null,"HOUSE_NUMBERPREFIX":null,"FIPS":"5005"}},
{"type":"Feature","id":292157,"geometry":{"type":"Point","coordinates":[-72.0268019728955,44.3799491836487]},"properties":{"OBJECTID":292157,"SEGMENTID":40552,"ESITEID":275660,"GEONAMEID":22351,"PD":" ","PT":" ","SN":"SMITH","ST":"RD","SD":" ","PRIMARYNAME":"SMITH RD","ALIAS1":null,"ALIAS2":null,"ALIAS3":null,"ALIAS4":null,"ALIAS5":"11\/3\/2017 11:20:14 AM","PRIMARYADDRESS":"59 SMITH RD","SITETYPE":"SINGLE FAMILY DWELLING","TOWNNAME":"WATERFORD","MCODE":721,"ESN":300,"ZIP":"05819","PARCELNUM":"458.","GPSX":-72.02680094,"GPSY":44.37994017,"MAPYEAR":"Thu, 01 Jan 1998 00:00:00 GMT","UPDATEDATE":"Fri, 27 Jan 2023 21:23:09 GMT","STATE":"VT","FIPS8":5005,"SPAN":"699-222-10281","SUBTYPE":null,"GlobalID_1":"a53d4c6a-e1bd-4a10-8097-ff2d0691947d","UNITCOUNT":1,"PRIMARYADD1":"59 SMITH RD WATERFORD","PRIMARYADD2":"59 SMITH RD WATERFORD VT 05819","SITETYPE_MULTI1":null,"SITETYPE_MULTI2":null,"SITETYPE_MULTI3":null,"SITETYPE_MULTI4":null,"SITETYPE_MULTI5":null,"COUNTY":"CALEDONIA","COUNTRY":"US","SOURCEOFDATA":"Vermont Enhanced 911 Board","DRIVEWAYID":null,"ESZ":"00300","HOUSE_NUMBER":59,"HOUSE_NUMBERSUFFIX":null,"HOUSE_NUMBERPREFIX":null,"FIPS":"5005"}},
{"type":"Feature","id":335504,"geometry":{"type":"Point","coordinates":[-72.0215756499756,44.3798022432893]},"properties":{"OBJECTID":335504,"SEGMENTID":32233,"ESITEID":275661,"GEONAMEID":22340,"PD":" ","PT":" ","SN":"RIVER","ST":"RD","SD":" ","PRIMARYNAME":"RIVER RD  ","ALIAS1":null,"ALIAS2":null,"ALIAS3":null,"ALIAS4":null,"ALIAS5":"1\/22\/2020 11:16:13 AM","PRIMARYADDRESS":"260 RIVER RD","SITETYPE":"SINGLE FAMILY DWELLING","TOWNNAME":"WATERFORD","MCODE":721,"ESN":300,"ZIP":"05819","PARCELNUM":"602.","GPSX":-72.02157461,"GPSY":44.37979323,"MAPYEAR":"Thu, 01 Jan 1998 00:00:00 GMT","UPDATEDATE":"Fri, 27 Jan 2023 21:28:57 GMT","STATE":"VT","FIPS8":5005,"SPAN":"699-222-10428","SUBTYPE":null,"GlobalID_1":"276a1da9-a843-43a4-8f06-ab405222d073","UNITCOUNT":1,"PRIMARYADD1":"260 RIVER RD WATERFORD","PRIMARYADD2":"260 RIVER RD WATERFORD VT 05819","SITETYPE_MULTI1":null,"SITETYPE_MULTI2":null,"SITETYPE_MULTI3":null,"SITETYPE_MULTI4":null,"SITETYPE_MULTI5":null,"COUNTY":"CALEDONIA","COUNTRY":"US","SOURCEOFDATA":"Vermont Enhanced 911 Board","DRIVEWAYID":null,"ESZ":"00300","HOUSE_NUMBER":260,"HOUSE_NUMBERSUFFIX":null,"HOUSE_NUMBERPREFIX":null,"FIPS":"5005"}},
{"type":"Feature","id":30986,"geometry":{"type":"Point","coordinates":[-72.0261493143636,44.3796193713698]},"properties":{"OBJECTID":30986,"SEGMENTID":32231,"ESITEID":275663,"GEONAMEID":22338,"PD":" ","PT":"","SN":"US ROUTE 5","ST":" ","SD":" ","PRIMARYNAME":"US ROUTE 5","ALIAS1":null,"ALIAS2":"ROUTE 5","ALIAS3":null,"ALIAS4":null,"ALIAS5":"5\/12\/2015 7:33:25 PM","PRIMARYADDRESS":"34 US ROUTE 5","SITETYPE":"SINGLE FAMILY DWELLING","TOWNNAME":"WATERFORD","MCODE":721,"ESN":300,"ZIP":"05819","PARCELNUM":"889.3","GPSX":-72.02614827,"GPSY":44.37961035,"MAPYEAR":"Thu, 01 Jan 1998 00:00:00 GMT","UPDATEDATE":"Fri, 27 Jan 2023 23:57:19 GMT","STATE":"VT","FIPS8":5005,"SPAN":"699-222-10960","SUBTYPE":null,"GlobalID_1":"f9cedbfa-1f53-43b6-a896-7ee01e849d29","UNITCOUNT":1,"PRIMARYADD1":"34 US ROUTE 5 WATERFORD","PRIMARYADD2":"34 US ROUTE 5 WATERFORD VT 05819","SITETYPE_MULTI1":null,"SITETYPE_MULTI2":null,"SITETYPE_MULTI3":null,"SITETYPE_MULTI4":null,"SITETYPE_MULTI5":null,"COUNTY":"CALEDONIA","COUNTRY":"US","SOURCEOFDATA":"Vermont Enhanced 911 Board","DRIVEWAYID":null,"ESZ":"00300","HOUSE_NUMBER":34,"HOUSE_NUMBERSUFFIX":null,"HOUSE_NUMBERPREFIX":null,"FIPS":"5005"}},
{"type":"Feature","id":178903,"geometry":{"type":"Point","coordinates":[-71.9247468269846,44.3788848926122]},"properties":{"OBJECTID":178903,"SEGMENTID":17355,"ESITEID":275664,"GEONAMEID":22329,"PD":" ","PT":" ","SN":"REMICK","ST":"RD","SD":" ","PRIMARYNAME":"REMICK RD  ","ALIAS1":null,"ALIAS2":null,"ALIAS3":null,"ALIAS4":null,"ALIAS5":"5\/12\/2015 7:30:02 PM","PRIMARYADDRESS":"205 REMICK RD","SITETYPE":"SINGLE FAMILY DWELLING","TOWNNAME":"WATERFORD","MCODE":721,"ESN":300,"ZIP":"05819","PARCELNUM":"321.","GPSX":-71.92474582,"GPSY":44.37887588,"MAPYEAR":"Thu, 01 Jan 1998 00:00:00 GMT","UPDATEDATE":"Mon, 13 Feb 2023 11:27:50 GMT","STATE":"VT","FIPS8":5005,"SPAN":"699-222-10121","SUBTYPE":null,"GlobalID_1":"6297488a-5cb0-4e7d-8029-ed8e1d41a65c","UNITCOUNT":1,"PRIMARYADD1":"205 REMICK RD WATERFORD","PRIMARYADD2":"205 REMICK RD WATERFORD VT 05819","SITETYPE_MULTI1":null,"SITETYPE_MULTI2":null,"SITETYPE_MULTI3":null,"SITETYPE_MULTI4":null,"SITETYPE_MULTI5":null,"COUNTY":"CALEDONIA","COUNTRY":"US","SOURCEOFDATA":"Vermont Enhanced 911 Board","DRIVEWAYID":null,"ESZ":"00300","HOUSE_NUMBER":205,"HOUSE_NUMBERSUFFIX":null,"HOUSE_NUMBERPREFIX":null,"FIPS":"5005"}},
{"type":"Feature","id":27202,"geometry":{"type":"Point","coordinates":[-71.8965516221476,44.3792914188684]},"properties":{"OBJECTID":27202,"SEGMENTID":54444,"ESITEID":275665,"GEONAMEID":435570,"PD":"","PT":"","SN":"OLD COUNTY","ST":"RD","SD":"S","PRIMARYNAME":"OLD COUNTY RD S","ALIAS1":null,"ALIAS2":null,"ALIAS3":null,"ALIAS4":null,"ALIAS5":"11\/15\/2016 4:17:50 PM","PRIMARYADDRESS":"2237 OLD COUNTY RD S","SITETYPE":"SINGLE FAMILY DWELLING","TOWNNAME":"WATERFORD","MCODE":721,"ESN":300,"ZIP":"05819","PARCELNUM":"872.1","GPSX":-71.89655062,"GPSY":44.37928239,"MAPYEAR":"Thu, 01 Jan 1998 00:00:00 GMT","UPDATEDATE":"Sat, 28 Jan 2023 00:28:44 GMT","STATE":"VT","FIPS8":5005,"SPAN":"699-222-10966","SUBTYPE":null,"GlobalID_1":"55bf123a-5f86-4ba8-820d-f45f65a66895","UNITCOUNT":1,"PRIMARYADD1":"2237 OLD COUNTY RD S WATERFORD","PRIMARYADD2":"2237 OLD COUNTY RD S WATERFORD VT 05819","SITETYPE_MULTI1":null,"SITETYPE_MULTI2":null,"SITETYPE_MULTI3":null,"SITETYPE_MULTI4":null,"SITETYPE_MULTI5":null,"COUNTY":"CALEDONIA","COUNTRY":"US","SOURCEOFDATA":"Vermont Enhanced 911 Board","DRIVEWAYID":null,"ESZ":"00300","HOUSE_NUMBER":2237,"HOUSE_NUMBERSUFFIX":null,"HOUSE_NUMBERPREFIX":null,"FIPS":"5005"}},
{"type":"Feature","id":61808,"geometry":{"type":"Point","coordinates":[-71.9240014737289,44.3786990947309]},"properties":{"OBJECTID":61808,"SEGMENTID":17355,"ESITEID":275666,"GEONAMEID":22329,"PD":" ","PT":" ","SN":"REMICK","ST":"RD","SD":" ","PRIMARYNAME":"REMICK RD  ","ALIAS1":null,"ALIAS2":null,"ALIAS3":null,"ALIAS4":null,"ALIAS5":"5\/12\/2015 7:30:02 PM","PRIMARYADDRESS":"165 REMICK RD","SITETYPE":"SINGLE FAMILY DWELLING","TOWNNAME":"WATERFORD","MCODE":721,"ESN":300,"ZIP":"05819","PARCELNUM":"672.","GPSX":-71.92400047,"GPSY":44.37869007,"MAPYEAR":"Thu, 01 Jan 1998 00:00:00 GMT","UPDATEDATE":"Fri, 27 Jan 2023 21:28:54 GMT","STATE":"VT","FIPS8":5005,"SPAN":"699-222-10508","SUBTYPE":null,"GlobalID_1":"f08259cf-5a2b-4221-9346-1953ddcef3d2","UNITCOUNT":1,"PRIMARYADD1":"165 REMICK RD WATERFORD","PRIMARYADD2":"165 REMICK RD WATERFORD VT 05819","SITETYPE_MULTI1":null,"SITETYPE_MULTI2":null,"SITETYPE_MULTI3":null,"SITETYPE_MULTI4":null,"SITETYPE_MULTI5":null,"COUNTY":"CALEDONIA","COUNTRY":"US","SOURCEOFDATA":"Vermont Enhanced 911 Board","DRIVEWAYID":null,"ESZ":"00300","HOUSE_NUMBER":165,"HOUSE_NUMBERSUFFIX":null,"HOUSE_NUMBERPREFIX":null,"FIPS":"5005"}},
{"type":"Feature","id":139773,"geometry":{"type":"Point","coordinates":[-71.9711695361331,44.3790411511225]},"properties":{"OBJECTID":139773,"SEGMENTID":47172,"ESITEID":275667,"GEONAMEID":22334,"PD":" ","PT":" ","SN":"SUITOR","ST":"RD","SD":" ","PRIMARYNAME":"SUITOR RD  ","ALIAS1":null,"ALIAS2":null,"ALIAS3":null,"ALIAS4":null,"ALIAS5":"5\/12\/2015 7:30:02 PM","PRIMARYADDRESS":"751 SUITOR RD","SITETYPE":"SINGLE FAMILY DWELLING","TOWNNAME":"WATERFORD","MCODE":721,"ESN":300,"ZIP":"05819","PARCELNUM":"004.","GPSX":-71.97116851,"GPSY":44.37903213,"MAPYEAR":"Thu, 01 Jan 1998 00:00:00 GMT","UPDATEDATE":"Fri, 27 Jan 2023 21:28:54 GMT","STATE":"VT","FIPS8":5005,"SPAN":"699-222-10002","SUBTYPE":null,"GlobalID_1":"b571fa4d-5506-4d11-b975-e4703c963236","UNITCOUNT":1,"PRIMARYADD1":"751 SUITOR RD WATERFORD","PRIMARYADD2":"751 SUITOR RD WATERFORD VT 05819","SITETYPE_MULTI1":null,"SITETYPE_MULTI2":null,"SITETYPE_MULTI3":null,"SITETYPE_MULTI4":null,"SITETYPE_MULTI5":null,"COUNTY":"CALEDONIA","COUNTRY":"US","SOURCEOFDATA":"Vermont Enhanced 911 Board","DRIVEWAYID":null,"ESZ":"00300","HOUSE_NUMBER":751,"HOUSE_NUMBERSUFFIX":null,"HOUSE_NUMBERPREFIX":null,"FIPS":"5005"}},
{"type":"Feature","id":165710,"geometry":{"type":"Point","coordinates":[-71.9232880358852,44.3785833252925]},"properties":{"OBJECTID":165710,"SEGMENTID":17355,"ESITEID":275668,"GEONAMEID":22329,"PD":" ","PT":" ","SN":"REMICK","ST":"RD","SD":" ","PRIMARYNAME":"REMICK RD  ","ALIAS1":null,"ALIAS2":null,"ALIAS3":null,"ALIAS4":null,"ALIAS5":"5\/12\/2015 7:30:02 PM","PRIMARYADDRESS":"141 REMICK RD","SITETYPE":"SINGLE FAMILY DWELLING","TOWNNAME":"WATERFORD","MCODE":721,"ESN":300,"ZIP":"05819","PARCELNUM":"725.","GPSX":-71.92328703,"GPSY":44.37857431,"MAPYEAR":"Thu, 01 Jan 1998 00:00:00 GMT","UPDATEDATE":"Mon, 13 Feb 2023 11:28:06 GMT","STATE":"VT","FIPS8":5005,"SPAN":"699-222-10571","SUBTYPE":null,"GlobalID_1":"ca998437-4c08-487b-bc17-96e180c97d20","UNITCOUNT":1,"PRIMARYADD1":"141 REMICK RD WATERFORD","PRIMARYADD2":"141 REMICK RD WATERFORD VT 05819","SITETYPE_MULTI1":null,"SITETYPE_MULTI2":null,"SITETYPE_MULTI3":null,"SITETYPE_MULTI4":null,"SITETYPE_MULTI5":null,"COUNTY":"CALEDONIA","COUNTRY":"US","SOURCEOFDATA":"Vermont Enhanced 911 Board","DRIVEWAYID":null,"ESZ":"00300","HOUSE_NUMBER":141,"HOUSE_NUMBERSUFFIX":null,"HOUSE_NUMBERPREFIX":null,"FIPS":"5005"}},
{"type":"Feature","id":235180,"geometry":{"type":"Point","coordinates":[-71.8993953182988,44.3788156704165]},"properties":{"OBJECTID":235180,"SEGMENTID":54444,"ESITEID":275669,"GEONAMEID":435570,"PD":"","PT":"","SN":"OLD COUNTY","ST":"RD","SD":"S","PRIMARYNAME":"OLD COUNTY RD S","ALIAS1":null,"ALIAS2":null,"ALIAS3":null,"ALIAS4":null,"ALIAS5":"6\/14\/2019 3:36:45 PM","PRIMARYADDRESS":"2262 OLD COUNTY RD S","SITETYPE":"SINGLE FAMILY DWELLING","TOWNNAME":"WATERFORD","MCODE":721,"ESN":300,"ZIP":"05819","PARCELNUM":"255.","GPSX":-71.89939432,"GPSY":44.37880665,"MAPYEAR":"Thu, 01 Jan 1998 00:00:00 GMT","UPDATEDATE":"Thu, 29 May 2025 13:21:50 GMT","STATE":"VT","FIPS8":5005,"SPAN":"699-222-10063","SUBTYPE":null,"GlobalID_1":"4ce46cfb-fc4e-413e-b41c-b1c555847fc4","UNITCOUNT":1,"PRIMARYADD1":"2262 OLD COUNTY RD S WATERFORD","PRIMARYADD2":"2262 OLD COUNTY RD S WATERFORD VT 05819","SITETYPE_MULTI1":null,"SITETYPE_MULTI2":null,"SITETYPE_MULTI3":null,"SITETYPE_MULTI4":null,"SITETYPE_MULTI5":null,"COUNTY":"CALEDONIA","COUNTRY":"US","SOURCEOFDATA":"Vermont Enhanced 911 Board","DRIVEWAYID":null,"ESZ":"00300","HOUSE_NUMBER":2262,"HOUSE_NUMBERSUFFIX":null,"HOUSE_NUMBERPREFIX":null,"FIPS":"5005"}},
{"type":"Feature","id":74731,"geometry":{"type":"Point","coordinates":[-71.9260656781637,44.3785652881026]},"properties":{"OBJECTID":74731,"SEGMENTID":17355,"ESITEID":275670,"GEONAMEID":22329,"PD":" ","PT":" ","SN":"REMICK","ST":"RD","SD":" ","PRIMARYNAME":"REMICK RD  ","ALIAS1":null,"ALIAS2":null,"ALIAS3":null,"ALIAS4":null,"ALIAS5":"5\/12\/2015 7:30:02 PM","PRIMARYADDRESS":"223 REMICK RD","SITETYPE":"SINGLE FAMILY DWELLING","TOWNNAME":"WATERFORD","MCODE":721,"ESN":300,"ZIP":"05819","PARCELNUM":"261.1","GPSX":-71.92606467,"GPSY":44.37855627,"MAPYEAR":"Thu, 01 Jan 1998 00:00:00 GMT","UPDATEDATE":"Mon, 13 Feb 2023 11:27:59 GMT","STATE":"VT","FIPS8":5005,"SPAN":"699-222-10019","SUBTYPE":null,"GlobalID_1":"96139727-26aa-4263-8ddb-40bf1cfbac79","UNITCOUNT":1,"PRIMARYADD1":"223 REMICK RD WATERFORD","PRIMARYADD2":"223 REMICK RD WATERFORD VT 05819","SITETYPE_MULTI1":null,"SITETYPE_MULTI2":null,"SITETYPE_MULTI3":null,"SITETYPE_MULTI4":null,"SITETYPE_MULTI5":null,"COUNTY":"CALEDONIA","COUNTRY":"US","SOURCEOFDATA":"Vermont Enhanced 911 Board","DRIVEWAYID":null,"ESZ":"00300","HOUSE_NUMBER":223,"HOUSE_NUMBERSUFFIX":null,"HOUSE_NUMBERPREFIX":null,"FIPS":"5005"}},
{"type":"Feature","id":7438,"geometry":{"type":"Point","coordinates":[-72.0219110546114,44.3791277623875]},"properties":{"OBJECTID":7438,"SEGMENTID":32233,"ESITEID":275671,"GEONAMEID":22340,"PD":" ","PT":" ","SN":"RIVER","ST":"RD","SD":" ","PRIMARYNAME":"RIVER RD  ","ALIAS1":null,"ALIAS2":null,"ALIAS3":null,"ALIAS4":null,"ALIAS5":"1\/22\/2020 11:15:47 AM","PRIMARYADDRESS":"188 RIVER RD","SITETYPE":"MOBILE HOME","TOWNNAME":"WATERFORD","MCODE":721,"ESN":300,"ZIP":"05819","PARCELNUM":"277.","GPSX":-72.02191002,"GPSY":44.37911875,"MAPYEAR":"Thu, 01 Jan 1998 00:00:00 GMT","UPDATEDATE":"Fri, 27 Jan 2023 21:28:58 GMT","STATE":"VT","FIPS8":5005,"SPAN":"699-222-10488","SUBTYPE":null,"GlobalID_1":"f2d93138-e7ce-49f7-bc6e-b081af6c07b9","UNITCOUNT":1,"PRIMARYADD1":"188 RIVER RD WATERFORD","PRIMARYADD2":"188 RIVER RD WATERFORD VT 05819","SITETYPE_MULTI1":null,"SITETYPE_MULTI2":null,"SITETYPE_MULTI3":null,"SITETYPE_MULTI4":null,"SITETYPE_MULTI5":null,"COUNTY":"CALEDONIA","COUNTRY":"US","SOURCEOFDATA":"Vermont Enhanced 911 Board","DRIVEWAYID":null,"ESZ":"00300","HOUSE_NUMBER":188,"HOUSE_NUMBERSUFFIX":null,"HOUSE_NUMBERPREFIX":null,"FIPS":"5005"}},
{"type":"Feature","id":71664,"geometry":{"type":"Point","coordinates":[-71.9536786886747,44.3783990845968]},"properties":{"OBJECTID":71664,"SEGMENTID":47173,"ESITEID":275672,"GEONAMEID":22326,"PD":" ","PT":" ","SN":"DUCK POND","ST":"RD","SD":" ","PRIMARYNAME":"DUCK POND RD  ","ALIAS1":null,"ALIAS2":null,"ALIAS3":null,"ALIAS4":null,"ALIAS5":"5\/12\/2015 7:30:02 PM","PRIMARYADDRESS":"2727 DUCK POND RD","SITETYPE":"TOWN GARAGE","TOWNNAME":"WATERFORD","MCODE":721,"ESN":300,"ZIP":"05819","PARCELNUM":"454.1","GPSX":-71.95367767,"GPSY":44.37839006,"MAPYEAR":"Thu, 01 Jan 1998 00:00:00 GMT","UPDATEDATE":"Thu, 29 May 2025 13:32:51 GMT","STATE":"VT","FIPS8":5005,"SPAN":"699-222-10705","SUBTYPE":null,"GlobalID_1":"b0cb0e9c-89cb-4a52-99cd-9e27259104bd","UNITCOUNT":1,"PRIMARYADD1":"2727 DUCK POND RD WATERFORD","PRIMARYADD2":"2727 DUCK POND RD WATERFORD VT 05819","SITETYPE_MULTI1":null,"SITETYPE_MULTI2":null,"SITETYPE_MULTI3":null,"SITETYPE_MULTI4":null,"SITETYPE_MULTI5":null,"COUNTY":"CALEDONIA","COUNTRY":"US","SOURCEOFDATA":"Vermont Enhanced 911 Board","DRIVEWAYID":null,"ESZ":"00300","HOUSE_NUMBER":2727,"HOUSE_NUMBERSUFFIX":null,"HOUSE_NUMBERPREFIX":null,"FIPS":"5005"}},
{"type":"Feature","id":175718,"geometry":{"type":"Point","coordinates":[-72.0086754506697,44.3789823576596]},"properties":{"OBJECTID":175718,"SEGMENTID":32235,"ESITEID":275673,"GEONAMEID":22337,"PD":" ","PT":" ","SN":"SIMPSON BROOK","ST":"RD","SD":" ","PRIMARYNAME":"SIMPSON BROOK RD  ","ALIAS1":null,"ALIAS2":null,"ALIAS3":null,"ALIAS4":null,"ALIAS5":"8\/11\/2017 12:33:52 PM","PRIMARYADDRESS":"1958 SIMPSON BROOK RD","SITETYPE":"SINGLE FAMILY DWELLING","TOWNNAME":"WATERFORD","MCODE":721,"ESN":300,"ZIP":"05819","PARCELNUM":"880.","GPSX":-72.00867442,"GPSY":44.37897334,"MAPYEAR":"Thu, 01 Jan 1998 00:00:00 GMT","UPDATEDATE":"Fri, 27 Jan 2023 21:28:57 GMT","STATE":"VT","FIPS8":5005,"SPAN":"699-222-10751","SUBTYPE":null,"GlobalID_1":"0e9c979d-9943-4448-8b8e-0c7fcf19e3b2","UNITCOUNT":1,"PRIMARYADD1":"1958 SIMPSON BROOK RD WATERFORD","PRIMARYADD2":"1958 SIMPSON BROOK RD WATERFORD VT 05819","SITETYPE_MULTI1":null,"SITETYPE_MULTI2":null,"SITETYPE_MULTI3":null,"SITETYPE_MULTI4":null,"SITETYPE_MULTI5":null,"COUNTY":"CALEDONIA","COUNTRY":"US","SOURCEOFDATA":"Vermont Enhanced 911 Board","DRIVEWAYID":null,"ESZ":"00300","HOUSE_NUMBER":1958,"HOUSE_NUMBERSUFFIX":null,"HOUSE_NUMBERPREFIX":null,"FIPS":"5005"}},
{"type":"Feature","id":121026,"geometry":{"type":"Point","coordinates":[-71.9211978948518,44.3774536633628]},"properties":{"OBJECTID":121026,"SEGMENTID":21060,"ESITEID":275674,"GEONAMEID":22328,"PD":" ","PT":" ","SN":"HURLBUT HILL","ST":"LN","SD":" ","PRIMARYNAME":"HURLBUT HILL LN  ","ALIAS1":null,"ALIAS2":null,"ALIAS3":null,"ALIAS4":null,"ALIAS5":"5\/12\/2015 7:30:02 PM","PRIMARYADDRESS":"126 HURLBUT HILL LN","SITETYPE":"SINGLE FAMILY DWELLING","TOWNNAME":"WATERFORD","MCODE":721,"ESN":300,"ZIP":"05819","PARCELNUM":"815.","GPSX":-71.92119689,"GPSY":44.37744464,"MAPYEAR":"Thu, 01 Jan 1998 00:00:00 GMT","UPDATEDATE":"Fri, 27 Jan 2023 21:28:53 GMT","STATE":"VT","FIPS8":5005,"SPAN":"699-222-10647","SUBTYPE":null,"GlobalID_1":"0b639b6d-cefc-41c0-8f64-6754b7f4c9c7","UNITCOUNT":1,"PRIMARYADD1":"126 HURLBUT HILL LN WATERFORD","PRIMARYADD2":"126 HURLBUT HILL LN WATERFORD VT 05819","SITETYPE_MULTI1":null,"SITETYPE_MULTI2":null,"SITETYPE_MULTI3":null,"SITETYPE_MULTI4":null,"SITETYPE_MULTI5":null,"COUNTY":"CALEDONIA","COUNTRY":"US","SOURCEOFDATA":"Vermont Enhanced 911 Board","DRIVEWAYID":null,"ESZ":"00300","HOUSE_NUMBER":126,"HOUSE_NUMBERSUFFIX":null,"HOUSE_NUMBERPREFIX":null,"FIPS":"5005"}},
{"type":"Feature","id":302702,"geometry":{"type":"Point","coordinates":[-72.0090917665488,44.3782492184994]},"properties":{"OBJECTID":302702,"SEGMENTID":32235,"ESITEID":275676,"GEONAMEID":22337,"PD":" ","PT":" ","SN":"SIMPSON BROOK","ST":"RD","SD":" ","PRIMARYNAME":"SIMPSON BROOK RD  ","ALIAS1":null,"ALIAS2":null,"ALIAS3":null,"ALIAS4":null,"ALIAS5":"8\/11\/2017 12:33:45 PM","PRIMARYADDRESS":"1990 SIMPSON BROOK RD","SITETYPE":"SINGLE FAMILY DWELLING","TOWNNAME":"WATERFORD","MCODE":721,"ESN":300,"ZIP":"05819","PARCELNUM":"789.","GPSX":-72.00909073,"GPSY":44.3782402,"MAPYEAR":"Thu, 01 Jan 1998 00:00:00 GMT","UPDATEDATE":"Fri, 27 Jan 2023 21:28:57 GMT","STATE":"VT","FIPS8":5005,"SPAN":"699-222-10037","SUBTYPE":null,"GlobalID_1":"dc12e2ba-250c-4459-bddd-6f48962f13f1","UNITCOUNT":1,"PRIMARYADD1":"1990 SIMPSON BROOK RD WATERFORD","PRIMARYADD2":"1990 SIMPSON BROOK RD WATERFORD VT 05819","SITETYPE_MULTI1":null,"SITETYPE_MULTI2":null,"SITETYPE_MULTI3":null,"SITETYPE_MULTI4":null,"SITETYPE_MULTI5":null,"COUNTY":"CALEDONIA","COUNTRY":"US","SOURCEOFDATA":"Vermont Enhanced 911 Board","DRIVEWAYID":null,"ESZ":"00300","HOUSE_NUMBER":1990,"HOUSE_NUMBERSUFFIX":null,"HOUSE_NUMBERPREFIX":null,"FIPS":"5005"}},
{"type":"Feature","id":162394,"geometry":{"type":"Point","coordinates":[-72.0231716943044,44.3776234824152]},"properties":{"OBJECTID":162394,"SEGMENTID":58216,"ESITEID":275677,"GEONAMEID":22340,"PD":" ","PT":" ","SN":"RIVER","ST":"RD","SD":" ","PRIMARYNAME":"RIVER RD  ","ALIAS1":null,"ALIAS2":null,"ALIAS3":null,"ALIAS4":null,"ALIAS5":"5\/12\/2015 7:30:02 PM","PRIMARYADDRESS":"56 RIVER RD","SITETYPE":"SINGLE FAMILY DWELLING","TOWNNAME":"WATERFORD","MCODE":721,"ESN":300,"ZIP":"05819","PARCELNUM":"667.","GPSX":-72.02317065,"GPSY":44.37761446,"MAPYEAR":"Thu, 01 Jan 1998 00:00:00 GMT","UPDATEDATE":"Thu, 29 May 2025 13:20:19 GMT","STATE":"VT","FIPS8":5005,"SPAN":"699-222-10502","SUBTYPE":null,"GlobalID_1":"f3ca38e7-b528-45c9-a0de-6e7dde6dcb2d","UNITCOUNT":1,"PRIMARYADD1":"56 RIVER RD WATERFORD","PRIMARYADD2":"56 RIVER RD WATERFORD VT 05819","SITETYPE_MULTI1":null,"SITETYPE_MULTI2":null,"SITETYPE_MULTI3":null,"SITETYPE_MULTI4":null,"SITETYPE_MULTI5":null,"COUNTY":"CALEDONIA","COUNTRY":"US","SOURCEOFDATA":"Vermont Enhanced 911 Board","DRIVEWAYID":null,"ESZ":"00300","HOUSE_NUMBER":56,"HOUSE_NUMBERSUFFIX":null,"HOUSE_NUMBERPREFIX":null,"FIPS":"5005"}},
{"type":"Feature","id":321405,"geometry":{"type":"Point","coordinates":[-71.9196240938971,44.3767583339413]},"properties":{"OBJECTID":321405,"SEGMENTID":21060,"ESITEID":275678,"GEONAMEID":22328,"PD":" ","PT":" ","SN":"HURLBUT HILL","ST":"LN","SD":" ","PRIMARYNAME":"HURLBUT HILL LN  ","ALIAS1":null,"ALIAS2":null,"ALIAS3":null,"ALIAS4":null,"ALIAS5":"5\/12\/2015 7:30:02 PM","PRIMARYADDRESS":"187 HURLBUT HILL LN","SITETYPE":"SINGLE FAMILY DWELLING","TOWNNAME":"WATERFORD","MCODE":721,"ESN":300,"ZIP":"05819","PARCELNUM":"627.","GPSX":-71.91962309,"GPSY":44.37674931,"MAPYEAR":"Thu, 01 Jan 1998 00:00:00 GMT","UPDATEDATE":"Fri, 27 Jan 2023 21:28:53 GMT","STATE":"VT","FIPS8":5005,"SPAN":"699-222-10459","SUBTYPE":null,"GlobalID_1":"5963a3ed-775c-409d-bfe2-ee38cb3a8437","UNITCOUNT":1,"PRIMARYADD1":"187 HURLBUT HILL LN WATERFORD","PRIMARYADD2":"187 HURLBUT HILL LN WATERFORD VT 05819","SITETYPE_MULTI1":null,"SITETYPE_MULTI2":null,"SITETYPE_MULTI3":null,"SITETYPE_MULTI4":null,"SITETYPE_MULTI5":null,"COUNTY":"CALEDONIA","COUNTRY":"US","SOURCEOFDATA":"Vermont Enhanced 911 Board","DRIVEWAYID":null,"ESZ":"00300","HOUSE_NUMBER":187,"HOUSE_NUMBERSUFFIX":null,"HOUSE_NUMBERPREFIX":null,"FIPS":"5005"}},
{"type":"Feature","id":65455,"geometry":{"type":"Point","coordinates":[-72.0233756499917,44.37718552443]},"properties":{"OBJECTID":65455,"SEGMENTID":58216,"ESITEID":275679,"GEONAMEID":22340,"PD":" ","PT":" ","SN":"RIVER","ST":"RD","SD":" ","PRIMARYNAME":"RIVER RD  ","ALIAS1":null,"ALIAS2":null,"ALIAS3":null,"ALIAS4":null,"ALIAS5":"5\/12\/2015 7:30:02 PM","PRIMARYADDRESS":"22 RIVER RD","SITETYPE":"SINGLE FAMILY DWELLING","TOWNNAME":"WATERFORD","MCODE":721,"ESN":300,"ZIP":"05819","PARCELNUM":"765.","GPSX":-72.02337461,"GPSY":44.37717651,"MAPYEAR":"Thu, 01 Jan 1998 00:00:00 GMT","UPDATEDATE":"Fri, 27 Jan 2023 21:28:58 GMT","STATE":"VT","FIPS8":5005,"SPAN":"699-222-10600","SUBTYPE":null,"GlobalID_1":"a1a72e04-d3db-4234-b407-44b5776c2b2d","UNITCOUNT":1,"PRIMARYADD1":"22 RIVER RD WATERFORD","PRIMARYADD2":"22 RIVER RD WATERFORD VT 05819","SITETYPE_MULTI1":null,"SITETYPE_MULTI2":null,"SITETYPE_MULTI3":null,"SITETYPE_MULTI4":null,"SITETYPE_MULTI5":null,"COUNTY":"CALEDONIA","COUNTRY":"US","SOURCEOFDATA":"Vermont Enhanced 911 Board","DRIVEWAYID":null,"ESZ":"00300","HOUSE_NUMBER":22,"HOUSE_NUMBERSUFFIX":null,"HOUSE_NUMBERPREFIX":null,"FIPS":"5005"}},
{"type":"Feature","id":86013,"geometry":{"type":"Point","coordinates":[-71.9209643535729,44.3765241198421]},"properties":{"OBJECTID":86013,"SEGMENTID":21060,"ESITEID":275680,"GEONAMEID":22328,"PD":" ","PT":" ","SN":"HURLBUT HILL","ST":"LN","SD":" ","PRIMARYNAME":"HURLBUT HILL LN  ","ALIAS1":null,"ALIAS2":null,"ALIAS3":null,"ALIAS4":null,"ALIAS5":"5\/12\/2015 7:30:02 PM","PRIMARYADDRESS":"210 HURLBUT HILL LN","SITETYPE":"SINGLE FAMILY DWELLING","TOWNNAME":"WATERFORD","MCODE":721,"ESN":300,"ZIP":"05819","PARCELNUM":"587.","GPSX":-71.92096335,"GPSY":44.3765151,"MAPYEAR":"Thu, 01 Jan 1998 00:00:00 GMT","UPDATEDATE":"Fri, 27 Jan 2023 21:28:53 GMT","STATE":"VT","FIPS8":5005,"SPAN":"699-222-10415","SUBTYPE":null,"GlobalID_1":"e8c51cc3-6426-4c61-a14b-aeab629b4eef","UNITCOUNT":1,"PRIMARYADD1":"210 HURLBUT HILL LN WATERFORD","PRIMARYADD2":"210 HURLBUT HILL LN WATERFORD VT 05819","SITETYPE_MULTI1":null,"SITETYPE_MULTI2":null,"SITETYPE_MULTI3":null,"SITETYPE_MULTI4":null,"SITETYPE_MULTI5":null,"COUNTY":"CALEDONIA","COUNTRY":"US","SOURCEOFDATA":"Vermont Enhanced 911 Board","DRIVEWAYID":null,"ESZ":"00300","HOUSE_NUMBER":210,"HOUSE_NUMBERSUFFIX":null,"HOUSE_NUMBERPREFIX":null,"FIPS":"5005"}},
{"type":"Feature","id":119857,"geometry":{"type":"Point","coordinates":[-72.0233844943841,44.3769489413237]},"properties":{"OBJECTID":119857,"SEGMENTID":58216,"ESITEID":275681,"GEONAMEID":22340,"PD":" ","PT":" ","SN":"RIVER","ST":"RD","SD":" ","PRIMARYNAME":"RIVER RD  ","ALIAS1":null,"ALIAS2":null,"ALIAS3":null,"ALIAS4":null,"ALIAS5":"5\/12\/2015 7:30:02 PM","PRIMARYADDRESS":"20 RIVER RD","SITETYPE":"SINGLE FAMILY DWELLING","TOWNNAME":"WATERFORD","MCODE":721,"ESN":300,"ZIP":"05819","PARCELNUM":"547.","GPSX":-72.02338345,"GPSY":44.37693992,"MAPYEAR":"Thu, 01 Jan 1998 00:00:00 GMT","UPDATEDATE":"Fri, 27 Jan 2023 21:28:58 GMT","STATE":"VT","FIPS8":5005,"SPAN":"699-222-10374","SUBTYPE":null,"GlobalID_1":"13d87a6d-1dba-45e7-948c-8fedfb779830","UNITCOUNT":1,"PRIMARYADD1":"20 RIVER RD WATERFORD","PRIMARYADD2":"20 RIVER RD WATERFORD VT 05819","SITETYPE_MULTI1":null,"SITETYPE_MULTI2":null,"SITETYPE_MULTI3":null,"SITETYPE_MULTI4":null,"SITETYPE_MULTI5":null,"COUNTY":"CALEDONIA","COUNTRY":"US","SOURCEOFDATA":"Vermont Enhanced 911 Board","DRIVEWAYID":null,"ESZ":"00300","HOUSE_NUMBER":20,"HOUSE_NUMBERSUFFIX":null,"HOUSE_NUMBERPREFIX":null,"FIPS":"5005"}},
{"type":"Feature","id":94698,"geometry":{"type":"Point","coordinates":[-71.9204535932445,44.3759413047046]},"properties":{"OBJECTID":94698,"SEGMENTID":21060,"ESITEID":275683,"GEONAMEID":22328,"PD":" ","PT":" ","SN":"HURLBUT HILL","ST":"LN","SD":" ","PRIMARYNAME":"HURLBUT HILL LN  ","ALIAS1":null,"ALIAS2":null,"ALIAS3":null,"ALIAS4":null,"ALIAS5":"5\/12\/2015 7:30:02 PM","PRIMARYADDRESS":"241 HURLBUT HILL LN","SITETYPE":"SINGLE FAMILY DWELLING","TOWNNAME":"WATERFORD","MCODE":721,"ESN":300,"ZIP":"05819","PARCELNUM":"854.","GPSX":-71.92045259,"GPSY":44.37593228,"MAPYEAR":"Thu, 01 Jan 1998 00:00:00 GMT","UPDATEDATE":"Fri, 27 Jan 2023 21:28:53 GMT","STATE":"VT","FIPS8":5005,"SPAN":"699-222-10373","SUBTYPE":null,"GlobalID_1":"ec3de5a7-70c0-4e67-af8c-666288db56f7","UNITCOUNT":1,"PRIMARYADD1":"241 HURLBUT HILL LN WATERFORD","PRIMARYADD2":"241 HURLBUT HILL LN WATERFORD VT 05819","SITETYPE_MULTI1":null,"SITETYPE_MULTI2":null,"SITETYPE_MULTI3":null,"SITETYPE_MULTI4":null,"SITETYPE_MULTI5":null,"COUNTY":"CALEDONIA","COUNTRY":"US","SOURCEOFDATA":"Vermont Enhanced 911 Board","DRIVEWAYID":null,"ESZ":"00300","HOUSE_NUMBER":241,"HOUSE_NUMBERSUFFIX":null,"HOUSE_NUMBERPREFIX":null,"FIPS":"5005"}},
{"type":"Feature","id":66526,"geometry":{"type":"Point","coordinates":[-72.0103611786424,44.3755311755312]},"properties":{"OBJECTID":66526,"SEGMENTID":32235,"ESITEID":275684,"GEONAMEID":22337,"PD":" ","PT":" ","SN":"SIMPSON BROOK","ST":"RD","SD":" ","PRIMARYNAME":"SIMPSON BROOK RD  ","ALIAS1":null,"ALIAS2":null,"ALIAS3":null,"ALIAS4":null,"ALIAS5":"8\/11\/2017 12:32:57 PM","PRIMARYADDRESS":"2153 SIMPSON BROOK RD","SITETYPE":"SINGLE FAMILY DWELLING","TOWNNAME":"WATERFORD","MCODE":721,"ESN":300,"ZIP":"05819","PARCELNUM":"384.","GPSX":-72.01036015,"GPSY":44.37552216,"MAPYEAR":"Thu, 01 Jan 1998 00:00:00 GMT","UPDATEDATE":"Fri, 27 Jan 2023 21:28:57 GMT","STATE":"VT","FIPS8":5005,"SPAN":"699-222-10198","SUBTYPE":null,"GlobalID_1":"bfac6f50-55f7-4c85-a90a-5e3f13cd5beb","UNITCOUNT":1,"PRIMARYADD1":"2153 SIMPSON BROOK RD WATERFORD","PRIMARYADD2":"2153 SIMPSON BROOK RD WATERFORD VT 05819","SITETYPE_MULTI1":null,"SITETYPE_MULTI2":null,"SITETYPE_MULTI3":null,"SITETYPE_MULTI4":null,"SITETYPE_MULTI5":null,"COUNTY":"CALEDONIA","COUNTRY":"US","SOURCEOFDATA":"Vermont Enhanced 911 Board","DRIVEWAYID":null,"ESZ":"00300","HOUSE_NUMBER":2153,"HOUSE_NUMBERSUFFIX":null,"HOUSE_NUMBERPREFIX":null,"FIPS":"5005"}},
{"type":"Feature","id":296617,"geometry":{"type":"Point","coordinates":[-72.0109177295964,44.3758832324316]},"properties":{"OBJECTID":296617,"SEGMENTID":32235,"ESITEID":275685,"GEONAMEID":22337,"PD":" ","PT":" ","SN":"SIMPSON BROOK","ST":"RD","SD":" ","PRIMARYNAME":"SIMPSON BROOK RD  ","ALIAS1":null,"ALIAS2":null,"ALIAS3":null,"ALIAS4":null,"ALIAS5":"8\/11\/2017 12:31:46 PM","PRIMARYADDRESS":"2128 SIMPSON BROOK RD","SITETYPE":"SINGLE FAMILY DWELLING","TOWNNAME":"WATERFORD","MCODE":721,"ESN":300,"ZIP":"05819","PARCELNUM":"894.","GPSX":-72.0109167,"GPSY":44.37587422,"MAPYEAR":"Thu, 01 Jan 1998 00:00:00 GMT","UPDATEDATE":"Fri, 27 Jan 2023 21:28:57 GMT","STATE":"VT","FIPS8":5005,"SPAN":"699-222-10772","SUBTYPE":null,"GlobalID_1":"7631c630-295d-4d9c-bb12-f5029541f85f","UNITCOUNT":1,"PRIMARYADD1":"2128 SIMPSON BROOK RD WATERFORD","PRIMARYADD2":"2128 SIMPSON BROOK RD WATERFORD VT 05819","SITETYPE_MULTI1":null,"SITETYPE_MULTI2":null,"SITETYPE_MULTI3":null,"SITETYPE_MULTI4":null,"SITETYPE_MULTI5":null,"COUNTY":"CALEDONIA","COUNTRY":"US","SOURCEOFDATA":"Vermont Enhanced 911 Board","DRIVEWAYID":null,"ESZ":"00300","HOUSE_NUMBER":2128,"HOUSE_NUMBERSUFFIX":null,"HOUSE_NUMBERPREFIX":null,"FIPS":"5005"}},
{"type":"Feature","id":348142,"geometry":{"type":"Point","coordinates":[-72.0151369789484,44.3756264735164]},"properties":{"OBJECTID":348142,"SEGMENTID":311363,"ESITEID":275686,"GEONAMEID":22342,"PD":"","PT":"","SN":"HALE","ST":"RD","SD":"","PRIMARYNAME":"HALE RD","ALIAS1":null,"ALIAS2":null,"ALIAS3":null,"ALIAS4":null,"ALIAS5":"11\/3\/2017 9:30:46 AM","PRIMARYADDRESS":"3616 HALE RD","SITETYPE":"SINGLE FAMILY DWELLING","TOWNNAME":"WATERFORD","MCODE":721,"ESN":300,"ZIP":"05819","PARCELNUM":"423.","GPSX":-72.01513594,"GPSY":44.37561745,"MAPYEAR":"Thu, 01 Jan 1998 00:00:00 GMT","UPDATEDATE":"Fri, 27 Jan 2023 21:23:05 GMT","STATE":"VT","FIPS8":5005,"SPAN":"699-222-10645","SUBTYPE":null,"GlobalID_1":"3d684644-4bbb-40ab-ad0b-37e9be4ce3b4","UNITCOUNT":1,"PRIMARYADD1":"3616 HALE RD WATERFORD","PRIMARYADD2":"3616 HALE RD WATERFORD VT 05819","SITETYPE_MULTI1":null,"SITETYPE_MULTI2":null,"SITETYPE_MULTI3":null,"SITETYPE_MULTI4":null,"SITETYPE_MULTI5":null,"COUNTY":"CALEDONIA","COUNTRY":"US","SOURCEOFDATA":"Vermont Enhanced 911 Board","DRIVEWAYID":null,"ESZ":"00300","HOUSE_NUMBER":3616,"HOUSE_NUMBERSUFFIX":null,"HOUSE_NUMBERPREFIX":null,"FIPS":"5005"}},
{"type":"Feature","id":256693,"geometry":{"type":"Point","coordinates":[-71.9202998038591,44.3744988857332]},"properties":{"OBJECTID":256693,"SEGMENTID":21060,"ESITEID":275687,"GEONAMEID":22328,"PD":" ","PT":" ","SN":"HURLBUT HILL","ST":"LN","SD":" ","PRIMARYNAME":"HURLBUT HILL LN  ","ALIAS1":null,"ALIAS2":null,"ALIAS3":null,"ALIAS4":null,"ALIAS5":"5\/12\/2015 7:30:02 PM","PRIMARYADDRESS":"442 HURLBUT HILL LN","SITETYPE":"SINGLE FAMILY DWELLING","TOWNNAME":"WATERFORD","MCODE":721,"ESN":300,"ZIP":"05819","PARCELNUM":"623.","GPSX":-71.9202988,"GPSY":44.37448986,"MAPYEAR":"Thu, 01 Jan 1998 00:00:00 GMT","UPDATEDATE":"Thu, 29 May 2025 13:10:47 GMT","STATE":"VT","FIPS8":5005,"SPAN":"699-222-10454","SUBTYPE":null,"GlobalID_1":"a20624ec-140a-493f-bbe6-1c7d0aa94323","UNITCOUNT":1,"PRIMARYADD1":"442 HURLBUT HILL LN WATERFORD","PRIMARYADD2":"442 HURLBUT HILL LN WATERFORD VT 05819","SITETYPE_MULTI1":null,"SITETYPE_MULTI2":null,"SITETYPE_MULTI3":null,"SITETYPE_MULTI4":null,"SITETYPE_MULTI5":null,"COUNTY":"CALEDONIA","COUNTRY":"US","SOURCEOFDATA":"Vermont Enhanced 911 Board","DRIVEWAYID":null,"ESZ":"00300","HOUSE_NUMBER":442,"HOUSE_NUMBERSUFFIX":null,"HOUSE_NUMBERPREFIX":null,"FIPS":"5005"}},
{"type":"Feature","id":239262,"geometry":{"type":"Point","coordinates":[-71.8759084635761,44.3744815447448]},"properties":{"OBJECTID":239262,"SEGMENTID":411154,"ESITEID":275688,"GEONAMEID":22317,"PD":"","PT":"","SN":"HIGH RIDGE","ST":"RD","SD":"","PRIMARYNAME":"HIGH RIDGE RD","ALIAS1":null,"ALIAS2":null,"ALIAS3":null,"ALIAS4":null,"ALIAS5":"12\/28\/2018 10:48:23 AM","PRIMARYADDRESS":"1274 HIGH RIDGE RD","SITETYPE":"SINGLE FAMILY DWELLING","TOWNNAME":"WATERFORD","MCODE":721,"ESN":300,"ZIP":"05819","PARCELNUM":"918.","GPSX":-71.87590747,"GPSY":44.37447252,"MAPYEAR":"Thu, 01 Jan 1998 00:00:00 GMT","UPDATEDATE":"Fri, 27 Jan 2023 21:28:49 GMT","STATE":"VT","FIPS8":5005,"SPAN":"699-222-10805","SUBTYPE":null,"GlobalID_1":"e95cfec9-b2b9-4712-b932-ccfec7e7c6c4","UNITCOUNT":1,"PRIMARYADD1":"1274 HIGH RIDGE RD WATERFORD","PRIMARYADD2":"1274 HIGH RIDGE RD WATERFORD VT 05819","SITETYPE_MULTI1":null,"SITETYPE_MULTI2":null,"SITETYPE_MULTI3":null,"SITETYPE_MULTI4":null,"SITETYPE_MULTI5":null,"COUNTY":"CALEDONIA","COUNTRY":"US","SOURCEOFDATA":"Vermont Enhanced 911 Board","DRIVEWAYID":null,"ESZ":"00300","HOUSE_NUMBER":1274,"HOUSE_NUMBERSUFFIX":null,"HOUSE_NUMBERPREFIX":null,"FIPS":"5005"}},
{"type":"Feature","id":101483,"geometry":{"type":"Point","coordinates":[-71.9183359615664,44.3744444420036]},"properties":{"OBJECTID":101483,"SEGMENTID":21060,"ESITEID":275689,"GEONAMEID":22328,"PD":" ","PT":" ","SN":"HURLBUT HILL","ST":"LN","SD":" ","PRIMARYNAME":"HURLBUT HILL LN  ","ALIAS1":null,"ALIAS2":null,"ALIAS3":null,"ALIAS4":null,"ALIAS5":"5\/12\/2015 7:30:02 PM","PRIMARYADDRESS":"477 HURLBUT HILL LN","SITETYPE":"SINGLE FAMILY DWELLING","TOWNNAME":"WATERFORD","MCODE":721,"ESN":300,"ZIP":"05819","PARCELNUM":"896.","GPSX":-71.91833496,"GPSY":44.37443542,"MAPYEAR":"Thu, 01 Jan 1998 00:00:00 GMT","UPDATEDATE":"Fri, 27 Jan 2023 21:28:53 GMT","STATE":"VT","FIPS8":5005,"SPAN":"699-222-10777","SUBTYPE":null,"GlobalID_1":"e1cd7478-c329-40fb-bf69-c22459258c55","UNITCOUNT":1,"PRIMARYADD1":"477 HURLBUT HILL LN WATERFORD","PRIMARYADD2":"477 HURLBUT HILL LN WATERFORD VT 05819","SITETYPE_MULTI1":null,"SITETYPE_MULTI2":null,"SITETYPE_MULTI3":null,"SITETYPE_MULTI4":null,"SITETYPE_MULTI5":null,"COUNTY":"CALEDONIA","COUNTRY":"US","SOURCEOFDATA":"Vermont Enhanced 911 Board","DRIVEWAYID":null,"ESZ":"00300","HOUSE_NUMBER":477,"HOUSE_NUMBERSUFFIX":null,"HOUSE_NUMBERPREFIX":null,"FIPS":"5005"}},
{"type":"Feature","id":14106,"geometry":{"type":"Point","coordinates":[-71.879524684316,44.3739896748455]},"properties":{"OBJECTID":14106,"SEGMENTID":21063,"ESITEID":275690,"GEONAMEID":22317,"PD":"","PT":"","SN":"HIGH RIDGE","ST":"RD","SD":"","PRIMARYNAME":"HIGH RIDGE RD","ALIAS1":null,"ALIAS2":null,"ALIAS3":null,"ALIAS4":null,"ALIAS5":"12\/28\/2018 10:47:57 AM","PRIMARYADDRESS":"1247 HIGH RIDGE RD","SITETYPE":"SINGLE FAMILY DWELLING","TOWNNAME":"WATERFORD","MCODE":721,"ESN":300,"ZIP":"05819","PARCELNUM":"754.","GPSX":-71.8795237,"GPSY":44.37398066,"MAPYEAR":"Thu, 01 Jan 1998 00:00:00 GMT","UPDATEDATE":"Fri, 27 Jan 2023 21:28:49 GMT","STATE":"VT","FIPS8":5005,"SPAN":"699-222-10597","SUBTYPE":null,"GlobalID_1":"3a2dcea7-3adc-4de3-8627-1ffc427622fd","UNITCOUNT":1,"PRIMARYADD1":"1247 HIGH RIDGE RD WATERFORD","PRIMARYADD2":"1247 HIGH RIDGE RD WATERFORD VT 05819","SITETYPE_MULTI1":null,"SITETYPE_MULTI2":null,"SITETYPE_MULTI3":null,"SITETYPE_MULTI4":null,"SITETYPE_MULTI5":null,"COUNTY":"CALEDONIA","COUNTRY":"US","SOURCEOFDATA":"Vermont Enhanced 911 Board","DRIVEWAYID":null,"ESZ":"00300","HOUSE_NUMBER":1247,"HOUSE_NUMBERSUFFIX":null,"HOUSE_NUMBERPREFIX":null,"FIPS":"5005"}},
{"type":"Feature","id":324535,"geometry":{"type":"Point","coordinates":[-71.9528666130055,44.374284223992]},"properties":{"OBJECTID":324535,"SEGMENTID":47173,"ESITEID":275691,"GEONAMEID":22326,"PD":" ","PT":" ","SN":"DUCK POND","ST":"RD","SD":" ","PRIMARYNAME":"DUCK POND RD  ","ALIAS1":null,"ALIAS2":null,"ALIAS3":null,"ALIAS4":null,"ALIAS5":"5\/12\/2015 7:30:02 PM","PRIMARYADDRESS":"2884 DUCK POND RD","SITETYPE":"INDUSTRIAL","TOWNNAME":"WATERFORD","MCODE":721,"ESN":300,"ZIP":"05819","PARCELNUM":"737.","GPSX":-71.9528656,"GPSY":44.3742752,"MAPYEAR":"Thu, 01 Jan 1998 00:00:00 GMT","UPDATEDATE":"Fri, 27 Jan 2023 21:28:51 GMT","STATE":"VT","FIPS8":5005,"SPAN":"699-222-10577","SUBTYPE":null,"GlobalID_1":"f9ee08d2-7e3f-47ec-81a5-54abd762d1bf","UNITCOUNT":1,"PRIMARYADD1":"2884 DUCK POND RD WATERFORD","PRIMARYADD2":"2884 DUCK POND RD WATERFORD VT 05819","SITETYPE_MULTI1":null,"SITETYPE_MULTI2":null,"SITETYPE_MULTI3":null,"SITETYPE_MULTI4":null,"SITETYPE_MULTI5":null,"COUNTY":"CALEDONIA","COUNTRY":"US","SOURCEOFDATA":"Vermont Enhanced 911 Board","DRIVEWAYID":null,"ESZ":"00300","HOUSE_NUMBER":2884,"HOUSE_NUMBERSUFFIX":null,"HOUSE_NUMBERPREFIX":null,"FIPS":"5005"}},
{"type":"Feature","id":122923,"geometry":{"type":"Point","coordinates":[-72.0122700888779,44.3745098882212]},"properties":{"OBJECTID":122923,"SEGMENTID":32235,"ESITEID":275692,"GEONAMEID":22337,"PD":" ","PT":" ","SN":"SIMPSON BROOK","ST":"RD","SD":" ","PRIMARYNAME":"SIMPSON BROOK RD  ","ALIAS1":null,"ALIAS2":null,"ALIAS3":null,"ALIAS4":null,"ALIAS5":"5\/12\/2015 7:30:02 PM","PRIMARYADDRESS":"2236 SIMPSON BROOK RD","SITETYPE":"SINGLE FAMILY DWELLING","TOWNNAME":"WATERFORD","MCODE":721,"ESN":300,"ZIP":"05819","PARCELNUM":"856.","GPSX":-72.01226905,"GPSY":44.37450087,"MAPYEAR":"Thu, 01 Jan 1998 00:00:00 GMT","UPDATEDATE":"Fri, 27 Jan 2023 21:28:57 GMT","STATE":"VT","FIPS8":5005,"SPAN":"699-222-10710","SUBTYPE":null,"GlobalID_1":"baceb232-139d-4f85-8fd8-29dc5379571e","UNITCOUNT":1,"PRIMARYADD1":"2236 SIMPSON BROOK RD WATERFORD","PRIMARYADD2":"2236 SIMPSON BROOK RD WATERFORD VT 05819","SITETYPE_MULTI1":null,"SITETYPE_MULTI2":null,"SITETYPE_MULTI3":null,"SITETYPE_MULTI4":null,"SITETYPE_MULTI5":null,"COUNTY":"CALEDONIA","COUNTRY":"US","SOURCEOFDATA":"Vermont Enhanced 911 Board","DRIVEWAYID":null,"ESZ":"00300","HOUSE_NUMBER":2236,"HOUSE_NUMBERSUFFIX":null,"HOUSE_NUMBERPREFIX":null,"FIPS":"5005"}},
{"type":"Feature","id":213368,"geometry":{"type":"Point","coordinates":[-71.9191235763281,44.3739136795942]},"properties":{"OBJECTID":213368,"SEGMENTID":21060,"ESITEID":275693,"GEONAMEID":22328,"PD":" ","PT":" ","SN":"HURLBUT HILL","ST":"LN","SD":" ","PRIMARYNAME":"HURLBUT HILL LN  ","ALIAS1":null,"ALIAS2":null,"ALIAS3":null,"ALIAS4":null,"ALIAS5":"5\/12\/2015 7:30:02 PM","PRIMARYADDRESS":"489 HURLBUT HILL LN","SITETYPE":"SINGLE FAMILY DWELLING","TOWNNAME":"WATERFORD","MCODE":721,"ESN":300,"ZIP":"05819","PARCELNUM":"595.","GPSX":-71.91912257,"GPSY":44.37390466,"MAPYEAR":"Thu, 01 Jan 1998 00:00:00 GMT","UPDATEDATE":"Fri, 27 Jan 2023 21:28:53 GMT","STATE":"VT","FIPS8":5005,"SPAN":"699-222-10270","SUBTYPE":null,"GlobalID_1":"764ee5e0-7b26-4fd5-96e1-94e3822fb866","UNITCOUNT":1,"PRIMARYADD1":"489 HURLBUT HILL LN WATERFORD","PRIMARYADD2":"489 HURLBUT HILL LN WATERFORD VT 05819","SITETYPE_MULTI1":null,"SITETYPE_MULTI2":null,"SITETYPE_MULTI3":null,"SITETYPE_MULTI4":null,"SITETYPE_MULTI5":null,"COUNTY":"CALEDONIA","COUNTRY":"US","SOURCEOFDATA":"Vermont Enhanced 911 Board","DRIVEWAYID":null,"ESZ":"00300","HOUSE_NUMBER":489,"HOUSE_NUMBERSUFFIX":null,"HOUSE_NUMBERPREFIX":null,"FIPS":"5005"}},
{"type":"Feature","id":240793,"geometry":{"type":"Point","coordinates":[-72.012490542545,44.3740614129278]},"properties":{"OBJECTID":240793,"SEGMENTID":32237,"ESITEID":275694,"GEONAMEID":22342,"PD":" ","PT":" ","SN":"HALE","ST":"RD","SD":" ","PRIMARYNAME":"HALE RD","ALIAS1":null,"ALIAS2":null,"ALIAS3":null,"ALIAS4":null,"ALIAS5":"5\/12\/2015 7:29:44 PM","PRIMARYADDRESS":"3335 HALE RD","SITETYPE":"SINGLE FAMILY DWELLING","TOWNNAME":"WATERFORD","MCODE":721,"ESN":300,"ZIP":"05819","PARCELNUM":"883.","GPSX":-72.01248951,"GPSY":44.3740524,"MAPYEAR":"Thu, 01 Jan 1998 00:00:00 GMT","UPDATEDATE":"Mon, 13 Feb 2023 11:32:43 GMT","STATE":"VT","FIPS8":5005,"SPAN":"699-222-10212","SUBTYPE":null,"GlobalID_1":"7553e80f-cfbf-4c42-8bb2-f0b4833dc61f","UNITCOUNT":1,"PRIMARYADD1":"3335 HALE RD WATERFORD","PRIMARYADD2":"3335 HALE RD WATERFORD VT 05819","SITETYPE_MULTI1":null,"SITETYPE_MULTI2":null,"SITETYPE_MULTI3":null,"SITETYPE_MULTI4":null,"SITETYPE_MULTI5":null,"COUNTY":"CALEDONIA","COUNTRY":"US","SOURCEOFDATA":"Vermont Enhanced 911 Board","DRIVEWAYID":null,"ESZ":"00300","HOUSE_NUMBER":3335,"HOUSE_NUMBERSUFFIX":null,"HOUSE_NUMBERPREFIX":null,"FIPS":"5005"}},
{"type":"Feature","id":161907,"geometry":{"type":"Point","coordinates":[-72.0152674509873,44.3741392631999]},"properties":{"OBJECTID":161907,"SEGMENTID":21064,"ESITEID":275695,"GEONAMEID":22341,"PD":" ","PT":" ","SN":"OLD SILO","ST":"RD","SD":" ","PRIMARYNAME":"OLD SILO RD  ","ALIAS1":null,"ALIAS2":null,"ALIAS3":null,"ALIAS4":null,"ALIAS5":"5\/12\/2015 7:30:02 PM","PRIMARYADDRESS":"96 OLD SILO RD","SITETYPE":"SINGLE FAMILY DWELLING","TOWNNAME":"WATERFORD","MCODE":721,"ESN":300,"ZIP":"05819","PARCELNUM":"773.","GPSX":-72.01526641,"GPSY":44.37413024,"MAPYEAR":"Thu, 01 Jan 1998 00:00:00 GMT","UPDATEDATE":"Fri, 27 Jan 2023 21:28:58 GMT","STATE":"VT","FIPS8":5005,"SPAN":"699-222-10619","SUBTYPE":null,"GlobalID_1":"ba699233-c55c-4dfa-96c0-bed420529cfc","UNITCOUNT":1,"PRIMARYADD1":"96 OLD SILO RD WATERFORD","PRIMARYADD2":"96 OLD SILO RD WATERFORD VT 05819","SITETYPE_MULTI1":null,"SITETYPE_MULTI2":null,"SITETYPE_MULTI3":null,"SITETYPE_MULTI4":null,"SITETYPE_MULTI5":null,"COUNTY":"CALEDONIA","COUNTRY":"US","SOURCEOFDATA":"Vermont Enhanced 911 Board","DRIVEWAYID":null,"ESZ":"00300","HOUSE_NUMBER":96,"HOUSE_NUMBERSUFFIX":null,"HOUSE_NUMBERPREFIX":null,"FIPS":"5005"}},
{"type":"Feature","id":140126,"geometry":{"type":"Point","coordinates":[-71.899888130853,44.3742297266505]},"properties":{"OBJECTID":140126,"SEGMENTID":35902,"ESITEID":275696,"GEONAMEID":435570,"PD":"","PT":"","SN":"OLD COUNTY","ST":"RD","SD":"S","PRIMARYNAME":"OLD COUNTY RD S","ALIAS1":null,"ALIAS2":null,"ALIAS3":null,"ALIAS4":null,"ALIAS5":"5\/12\/2015 7:29:44 PM","PRIMARYADDRESS":"2606 OLD COUNTY RD S","SITETYPE":"SINGLE FAMILY DWELLING","TOWNNAME":"WATERFORD","MCODE":721,"ESN":300,"ZIP":"05819","PARCELNUM":"777.","GPSX":-71.89988714,"GPSY":44.37422071,"MAPYEAR":"Thu, 01 Jan 1998 00:00:00 GMT","UPDATEDATE":"Thu, 29 May 2025 13:11:55 GMT","STATE":"VT","FIPS8":5005,"SPAN":"699-222-10687","SUBTYPE":null,"GlobalID_1":"4e9fd222-0f5d-4e29-a1c3-d745be933a3f","UNITCOUNT":1,"PRIMARYADD1":"2606 OLD COUNTY RD S WATERFORD","PRIMARYADD2":"2606 OLD COUNTY RD S WATERFORD VT 05819","SITETYPE_MULTI1":null,"SITETYPE_MULTI2":null,"SITETYPE_MULTI3":null,"SITETYPE_MULTI4":null,"SITETYPE_MULTI5":null,"COUNTY":"CALEDONIA","COUNTRY":"US","SOURCEOFDATA":"Vermont Enhanced 911 Board","DRIVEWAYID":null,"ESZ":"00300","HOUSE_NUMBER":2606,"HOUSE_NUMBERSUFFIX":null,"HOUSE_NUMBERPREFIX":null,"FIPS":"5005"}},
{"type":"Feature","id":42326,"geometry":{"type":"Point","coordinates":[-72.0013285434496,44.3740362659311]},"properties":{"OBJECTID":42326,"SEGMENTID":47177,"ESITEID":275697,"GEONAMEID":22342,"PD":" ","PT":" ","SN":"HALE","ST":"RD","SD":" ","PRIMARYNAME":"HALE RD","ALIAS1":null,"ALIAS2":null,"ALIAS3":null,"ALIAS4":null,"ALIAS5":"5\/12\/2015 7:29:44 PM","PRIMARYADDRESS":"2748 HALE RD","SITETYPE":"SINGLE FAMILY DWELLING","TOWNNAME":"WATERFORD","MCODE":721,"ESN":300,"ZIP":"05819","PARCELNUM":"949.","GPSX":-72.00132751,"GPSY":44.37402725,"MAPYEAR":"Thu, 01 Jan 1998 00:00:00 GMT","UPDATEDATE":"Fri, 27 Jan 2023 21:23:05 GMT","STATE":"VT","FIPS8":5005,"SPAN":"699-222-10631","SUBTYPE":null,"GlobalID_1":"d5e080b3-5632-4e62-953c-85dcb95337a2","UNITCOUNT":1,"PRIMARYADD1":"2748 HALE RD WATERFORD","PRIMARYADD2":"2748 HALE RD WATERFORD VT 05819","SITETYPE_MULTI1":null,"SITETYPE_MULTI2":null,"SITETYPE_MULTI3":null,"SITETYPE_MULTI4":null,"SITETYPE_MULTI5":null,"COUNTY":"CALEDONIA","COUNTRY":"US","SOURCEOFDATA":"Vermont Enhanced 911 Board","DRIVEWAYID":null,"ESZ":"00300","HOUSE_NUMBER":2748,"HOUSE_NUMBERSUFFIX":null,"HOUSE_NUMBERPREFIX":null,"FIPS":"5005"}},
{"type":"Feature","id":236687,"geometry":{"type":"Point","coordinates":[-71.905522749279,44.3732971158197]},"properties":{"OBJECTID":236687,"SEGMENTID":9750,"ESITEID":275698,"GEONAMEID":22313,"PD":" ","PT":" ","SN":"CAMPBELL","ST":"RD","SD":" ","PRIMARYNAME":"CAMPBELL RD  ","ALIAS1":null,"ALIAS2":null,"ALIAS3":null,"ALIAS4":null,"ALIAS5":"12\/28\/2018 9:40:41 AM","PRIMARYADDRESS":"225 CAMPBELL RD","SITETYPE":"CAMP","TOWNNAME":"WATERFORD","MCODE":721,"ESN":300,"ZIP":"05819","PARCELNUM":"557.1","GPSX":-71.90552175,"GPSY":44.3732881,"MAPYEAR":"Thu, 01 Jan 1998 00:00:00 GMT","UPDATEDATE":"Fri, 27 Jan 2023 21:28:48 GMT","STATE":"VT","FIPS8":5005,"SPAN":"699-222-10681","SUBTYPE":null,"GlobalID_1":"85b1b9f8-e7a9-4e74-b3b5-fb501bf30adc","UNITCOUNT":1,"PRIMARYADD1":"225 CAMPBELL RD WATERFORD","PRIMARYADD2":"225 CAMPBELL RD WATERFORD VT 05819","SITETYPE_MULTI1":null,"SITETYPE_MULTI2":null,"SITETYPE_MULTI3":null,"SITETYPE_MULTI4":null,"SITETYPE_MULTI5":null,"COUNTY":"CALEDONIA","COUNTRY":"US","SOURCEOFDATA":"Vermont Enhanced 911 Board","DRIVEWAYID":null,"ESZ":"00300","HOUSE_NUMBER":225,"HOUSE_NUMBERSUFFIX":null,"HOUSE_NUMBERPREFIX":null,"FIPS":"5005"}},
{"type":"Feature","id":246901,"geometry":{"type":"Point","coordinates":[-72.0113180450744,44.3738920342734]},"properties":{"OBJECTID":246901,"SEGMENTID":47177,"ESITEID":275699,"GEONAMEID":22342,"PD":" ","PT":" ","SN":"HALE","ST":"RD","SD":" ","PRIMARYNAME":"HALE RD","ALIAS1":null,"ALIAS2":null,"ALIAS3":null,"ALIAS4":null,"ALIAS5":"5\/12\/2015 7:29:44 PM","PRIMARYADDRESS":"3261 HALE RD","SITETYPE":"SINGLE FAMILY DWELLING","TOWNNAME":"WATERFORD","MCODE":721,"ESN":300,"ZIP":"05819","PARCELNUM":"507.","GPSX":-72.01131701,"GPSY":44.37388302,"MAPYEAR":"Thu, 01 Jan 1998 00:00:00 GMT","UPDATEDATE":"Fri, 27 Jan 2023 21:23:05 GMT","STATE":"VT","FIPS8":5005,"SPAN":"699-222-10338","SUBTYPE":null,"GlobalID_1":"1cd2f6f0-457c-4578-aa77-57225178b7c8","UNITCOUNT":1,"PRIMARYADD1":"3261 HALE RD WATERFORD","PRIMARYADD2":"3261 HALE RD WATERFORD VT 05819","SITETYPE_MULTI1":null,"SITETYPE_MULTI2":null,"SITETYPE_MULTI3":null,"SITETYPE_MULTI4":null,"SITETYPE_MULTI5":null,"COUNTY":"CALEDONIA","COUNTRY":"US","SOURCEOFDATA":"Vermont Enhanced 911 Board","DRIVEWAYID":null,"ESZ":"00300","HOUSE_NUMBER":3261,"HOUSE_NUMBERSUFFIX":null,"HOUSE_NUMBERPREFIX":null,"FIPS":"5005"}},
{"type":"Feature","id":187854,"geometry":{"type":"Point","coordinates":[-72.0031970349301,44.3737755368192]},"properties":{"OBJECTID":187854,"SEGMENTID":47177,"ESITEID":275700,"GEONAMEID":22342,"PD":" ","PT":" ","SN":"HALE","ST":"RD","SD":" ","PRIMARYNAME":"HALE RD","ALIAS1":null,"ALIAS2":null,"ALIAS3":null,"ALIAS4":null,"ALIAS5":"1\/30\/2018 12:38:34 PM","PRIMARYADDRESS":"2800 HALE RD","SITETYPE":"SINGLE FAMILY DWELLING","TOWNNAME":"WATERFORD","MCODE":721,"ESN":300,"ZIP":"05819","PARCELNUM":"584.","GPSX":-72.00319601,"GPSY":44.37376652,"MAPYEAR":"Thu, 01 Jan 1998 00:00:00 GMT","UPDATEDATE":"Fri, 27 Jan 2023 21:23:05 GMT","STATE":"VT","FIPS8":5005,"SPAN":"699-222-10412","SUBTYPE":null,"GlobalID_1":"5b6f9a71-8151-4ece-b932-ddb99b99c3cb","UNITCOUNT":1,"PRIMARYADD1":"2800 HALE RD WATERFORD","PRIMARYADD2":"2800 HALE RD WATERFORD VT 05819","SITETYPE_MULTI1":null,"SITETYPE_MULTI2":null,"SITETYPE_MULTI3":null,"SITETYPE_MULTI4":null,"SITETYPE_MULTI5":null,"COUNTY":"CALEDONIA","COUNTRY":"US","SOURCEOFDATA":"Vermont Enhanced 911 Board","DRIVEWAYID":null,"ESZ":"00300","HOUSE_NUMBER":2800,"HOUSE_NUMBERSUFFIX":null,"HOUSE_NUMBERPREFIX":null,"FIPS":"5005"}},
{"type":"Feature","id":9267,"geometry":{"type":"Point","coordinates":[-72.0098351823335,44.3739192608512]},"properties":{"OBJECTID":9267,"SEGMENTID":47177,"ESITEID":275701,"GEONAMEID":22342,"PD":" ","PT":" ","SN":"HALE","ST":"RD","SD":" ","PRIMARYNAME":"HALE RD","ALIAS1":null,"ALIAS2":null,"ALIAS3":null,"ALIAS4":null,"ALIAS5":"5\/12\/2015 7:29:44 PM","PRIMARYADDRESS":"3180 HALE RD","SITETYPE":"SINGLE FAMILY DWELLING","TOWNNAME":"WATERFORD","MCODE":721,"ESN":300,"ZIP":"05819","PARCELNUM":"405.4","GPSX":-72.00983415,"GPSY":44.37391025,"MAPYEAR":"Thu, 01 Jan 1998 00:00:00 GMT","UPDATEDATE":"Mon, 13 Feb 2023 11:32:58 GMT","STATE":"VT","FIPS8":5005,"SPAN":"699-222-10815","SUBTYPE":null,"GlobalID_1":"cfadd19b-65a2-4490-8815-6949e94682a9","UNITCOUNT":1,"PRIMARYADD1":"3180 HALE RD WATERFORD","PRIMARYADD2":"3180 HALE RD WATERFORD VT 05819","SITETYPE_MULTI1":null,"SITETYPE_MULTI2":null,"SITETYPE_MULTI3":null,"SITETYPE_MULTI4":null,"SITETYPE_MULTI5":null,"COUNTY":"CALEDONIA","COUNTRY":"US","SOURCEOFDATA":"Vermont Enhanced 911 Board","DRIVEWAYID":null,"ESZ":"00300","HOUSE_NUMBER":3180,"HOUSE_NUMBERSUFFIX":null,"HOUSE_NUMBERPREFIX":null,"FIPS":"5005"}},
{"type":"Feature","id":197771,"geometry":{"type":"Point","coordinates":[-72.0102002180861,44.3735822038657]},"properties":{"OBJECTID":197771,"SEGMENTID":47177,"ESITEID":275702,"GEONAMEID":22342,"PD":" ","PT":" ","SN":"HALE","ST":"RD","SD":" ","PRIMARYNAME":"HALE RD","ALIAS1":null,"ALIAS2":null,"ALIAS3":null,"ALIAS4":null,"ALIAS5":"2\/4\/2022 6:30:12 PM","PRIMARYADDRESS":"3185 HALE RD","SITETYPE":"COMMERCIAL FARM","TOWNNAME":"WATERFORD","MCODE":721,"ESN":300,"ZIP":"05819","PARCELNUM":"405.","GPSX":-72.01019919,"GPSY":44.37357319,"MAPYEAR":"Thu, 01 Jan 1998 00:00:00 GMT","UPDATEDATE":"Mon, 13 Feb 2023 11:32:50 GMT","STATE":"VT","FIPS8":5005,"SPAN":"699-222-10223","SUBTYPE":null,"GlobalID_1":"ec76236e-047e-418e-8407-3409e9bf1da9","UNITCOUNT":1,"PRIMARYADD1":"3185 HALE RD WATERFORD","PRIMARYADD2":"3185 HALE RD WATERFORD VT 05819","SITETYPE_MULTI1":null,"SITETYPE_MULTI2":null,"SITETYPE_MULTI3":null,"SITETYPE_MULTI4":null,"SITETYPE_MULTI5":null,"COUNTY":"CALEDONIA","COUNTRY":"US","SOURCEOFDATA":"Vermont Enhanced 911 Board","DRIVEWAYID":null,"ESZ":"00300","HOUSE_NUMBER":3185,"HOUSE_NUMBERSUFFIX":null,"HOUSE_NUMBERPREFIX":null,"FIPS":"5005"}},
{"type":"Feature","id":102194,"geometry":{"type":"Point","coordinates":[-72.0136171396391,44.3721818364435]},"properties":{"OBJECTID":102194,"SEGMENTID":21064,"ESITEID":275703,"GEONAMEID":22341,"PD":" ","PT":" ","SN":"OLD SILO","ST":"RD","SD":" ","PRIMARYNAME":"OLD SILO RD  ","ALIAS1":null,"ALIAS2":null,"ALIAS3":null,"ALIAS4":null,"ALIAS5":"5\/12\/2015 7:30:02 PM","PRIMARYADDRESS":"101 OLD SILO RD","SITETYPE":"SINGLE FAMILY DWELLING","TOWNNAME":"WATERFORD","MCODE":721,"ESN":300,"ZIP":"05819","PARCELNUM":"405.3","GPSX":-72.0136161,"GPSY":44.37217282,"MAPYEAR":"Thu, 01 Jan 1998 00:00:00 GMT","UPDATEDATE":"Fri, 27 Jan 2023 21:28:58 GMT","STATE":"VT","FIPS8":5005,"SPAN":"699-222-10439","SUBTYPE":null,"GlobalID_1":"f3426305-a3e4-4eb3-bdd6-a823110b5a6d","UNITCOUNT":1,"PRIMARYADD1":"101 OLD SILO RD WATERFORD","PRIMARYADD2":"101 OLD SILO RD WATERFORD VT 05819","SITETYPE_MULTI1":null,"SITETYPE_MULTI2":null,"SITETYPE_MULTI3":null,"SITETYPE_MULTI4":null,"SITETYPE_MULTI5":null,"COUNTY":"CALEDONIA","COUNTRY":"US","SOURCEOFDATA":"Vermont Enhanced 911 Board","DRIVEWAYID":null,"ESZ":"00300","HOUSE_NUMBER":101,"HOUSE_NUMBERSUFFIX":null,"HOUSE_NUMBERPREFIX":null,"FIPS":"5005"}},
{"type":"Feature","id":242105,"geometry":{"type":"Point","coordinates":[-71.9505701650156,44.3726858647868]},"properties":{"OBJECTID":242105,"SEGMENTID":47173,"ESITEID":275704,"GEONAMEID":22326,"PD":" ","PT":" ","SN":"DUCK POND","ST":"RD","SD":" ","PRIMARYNAME":"DUCK POND RD  ","ALIAS1":null,"ALIAS2":null,"ALIAS3":null,"ALIAS4":null,"ALIAS5":"5\/12\/2015 7:30:02 PM","PRIMARYADDRESS":"3160 DUCK POND RD","SITETYPE":"SINGLE FAMILY DWELLING","TOWNNAME":"WATERFORD","MCODE":721,"ESN":300,"ZIP":"05819","PARCELNUM":"764.","GPSX":-71.95056915,"GPSY":44.37267684,"MAPYEAR":"Thu, 01 Jan 1998 00:00:00 GMT","UPDATEDATE":"Fri, 27 Jan 2023 21:28:51 GMT","STATE":"VT","FIPS8":5005,"SPAN":"699-222-10610","SUBTYPE":null,"GlobalID_1":"f361b629-4633-4dc5-b2b9-73427acde937","UNITCOUNT":1,"PRIMARYADD1":"3160 DUCK POND RD WATERFORD","PRIMARYADD2":"3160 DUCK POND RD WATERFORD VT 05819","SITETYPE_MULTI1":null,"SITETYPE_MULTI2":null,"SITETYPE_MULTI3":null,"SITETYPE_MULTI4":null,"SITETYPE_MULTI5":null,"COUNTY":"CALEDONIA","COUNTRY":"US","SOURCEOFDATA":"Vermont Enhanced 911 Board","DRIVEWAYID":null,"ESZ":"00300","HOUSE_NUMBER":3160,"HOUSE_NUMBERSUFFIX":null,"HOUSE_NUMBERPREFIX":null,"FIPS":"5005"}},
{"type":"Feature","id":104352,"geometry":{"type":"Point","coordinates":[-71.8992053493551,44.372274547011]},"properties":{"OBJECTID":104352,"SEGMENTID":35903,"ESITEID":275705,"GEONAMEID":435570,"PD":"","PT":"","SN":"OLD COUNTY","ST":"RD","SD":"S","PRIMARYNAME":"OLD COUNTY RD S","ALIAS1":null,"ALIAS2":null,"ALIAS3":null,"ALIAS4":null,"ALIAS5":"5\/12\/2015 7:29:44 PM","PRIMARYADDRESS":"2688 OLD COUNTY RD S","SITETYPE":"SINGLE FAMILY DWELLING","TOWNNAME":"WATERFORD","MCODE":721,"ESN":300,"ZIP":"05819","PARCELNUM":"482.","GPSX":-71.89920435,"GPSY":44.37226553,"MAPYEAR":"Thu, 01 Jan 1998 00:00:00 GMT","UPDATEDATE":"Mon, 13 Feb 2023 11:53:44 GMT","STATE":"VT","FIPS8":5005,"SPAN":"699-222-10477","SUBTYPE":null,"GlobalID_1":"b0bbb006-c3ad-4b0b-8834-e0f96f71f401","UNITCOUNT":1,"PRIMARYADD1":"2688 OLD COUNTY RD S WATERFORD","PRIMARYADD2":"2688 OLD COUNTY RD S WATERFORD VT 05819","SITETYPE_MULTI1":null,"SITETYPE_MULTI2":null,"SITETYPE_MULTI3":null,"SITETYPE_MULTI4":null,"SITETYPE_MULTI5":null,"COUNTY":"CALEDONIA","COUNTRY":"US","SOURCEOFDATA":"Vermont Enhanced 911 Board","DRIVEWAYID":null,"ESZ":"00300","HOUSE_NUMBER":2688,"HOUSE_NUMBERSUFFIX":null,"HOUSE_NUMBERPREFIX":null,"FIPS":"5005"}},
{"type":"Feature","id":101812,"geometry":{"type":"Point","coordinates":[-71.8977629548863,44.3716515832886]},"properties":{"OBJECTID":101812,"SEGMENTID":35903,"ESITEID":275706,"GEONAMEID":435570,"PD":"","PT":"","SN":"OLD COUNTY","ST":"RD","SD":"S","PRIMARYNAME":"OLD COUNTY RD S","ALIAS1":null,"ALIAS2":null,"ALIAS3":null,"ALIAS4":null,"ALIAS5":"11\/15\/2016 4:03:02 PM","PRIMARYADDRESS":"2749 OLD COUNTY RD S","SITETYPE":"SINGLE FAMILY DWELLING","TOWNNAME":"WATERFORD","MCODE":721,"ESN":300,"ZIP":"05819","PARCELNUM":"678.","GPSX":-71.89776196,"GPSY":44.37164257,"MAPYEAR":"Thu, 01 Jan 1998 00:00:00 GMT","UPDATEDATE":"Sat, 28 Jan 2023 00:28:44 GMT","STATE":"VT","FIPS8":5005,"SPAN":"699-222-10359","SUBTYPE":null,"GlobalID_1":"3d8d848a-87ef-4f4e-8127-1dad0635211c","UNITCOUNT":1,"PRIMARYADD1":"2749 OLD COUNTY RD S WATERFORD","PRIMARYADD2":"2749 OLD COUNTY RD S WATERFORD VT 05819","SITETYPE_MULTI1":null,"SITETYPE_MULTI2":null,"SITETYPE_MULTI3":null,"SITETYPE_MULTI4":null,"SITETYPE_MULTI5":null,"COUNTY":"CALEDONIA","COUNTRY":"US","SOURCEOFDATA":"Vermont Enhanced 911 Board","DRIVEWAYID":null,"ESZ":"00300","HOUSE_NUMBER":2749,"HOUSE_NUMBERSUFFIX":null,"HOUSE_NUMBERPREFIX":null,"FIPS":"5005"}},
{"type":"Feature","id":251858,"geometry":{"type":"Point","coordinates":[-71.8796091417823,44.3713392792342]},"properties":{"OBJECTID":251858,"SEGMENTID":21063,"ESITEID":275707,"GEONAMEID":22317,"PD":" ","PT":" ","SN":"HIGH RIDGE","ST":"RD","SD":" ","PRIMARYNAME":"HIGH RIDGE RD  ","ALIAS1":null,"ALIAS2":null,"ALIAS3":null,"ALIAS4":null,"ALIAS5":"5\/12\/2015 7:30:02 PM","PRIMARYADDRESS":"1064 HIGH RIDGE RD","SITETYPE":"COMMERCIAL FARM","TOWNNAME":"WATERFORD","MCODE":721,"ESN":300,"ZIP":"05819","PARCELNUM":"748.","GPSX":-71.87960815,"GPSY":44.37133026,"MAPYEAR":"Thu, 01 Jan 1998 00:00:00 GMT","UPDATEDATE":"Fri, 27 Jan 2023 21:28:49 GMT","STATE":"VT","FIPS8":5005,"SPAN":"699-222-10593","SUBTYPE":null,"GlobalID_1":"ce441c68-77b9-4462-9b31-e7569d41b7f8","UNITCOUNT":1,"PRIMARYADD1":"1064 HIGH RIDGE RD WATERFORD","PRIMARYADD2":"1064 HIGH RIDGE RD WATERFORD VT 05819","SITETYPE_MULTI1":null,"SITETYPE_MULTI2":null,"SITETYPE_MULTI3":null,"SITETYPE_MULTI4":null,"SITETYPE_MULTI5":null,"COUNTY":"CALEDONIA","COUNTRY":"US","SOURCEOFDATA":"Vermont Enhanced 911 Board","DRIVEWAYID":null,"ESZ":"00300","HOUSE_NUMBER":1064,"HOUSE_NUMBERSUFFIX":null,"HOUSE_NUMBERPREFIX":null,"FIPS":"5005"}},
{"type":"Feature","id":36735,"geometry":{"type":"Point","coordinates":[-71.8807024856209,44.370783799201]},"properties":{"OBJECTID":36735,"SEGMENTID":21063,"ESITEID":275708,"GEONAMEID":22317,"PD":" ","PT":" ","SN":"HIGH RIDGE","ST":"RD","SD":" ","PRIMARYNAME":"HIGH RIDGE RD  ","ALIAS1":null,"ALIAS2":null,"ALIAS3":null,"ALIAS4":null,"ALIAS5":"9\/8\/2017 12:00:50 PM","PRIMARYADDRESS":"1011 HIGH RIDGE RD","SITETYPE":"SINGLE FAMILY DWELLING","TOWNNAME":"WATERFORD","MCODE":721,"ESN":300,"ZIP":"05819","PARCELNUM":"752.","GPSX":-71.8807015,"GPSY":44.37077478,"MAPYEAR":"Thu, 01 Jan 1998 00:00:00 GMT","UPDATEDATE":"Fri, 27 Jan 2023 21:28:49 GMT","STATE":"VT","FIPS8":5005,"SPAN":"699-222-10595","SUBTYPE":null,"GlobalID_1":"0e30d9ad-7350-42da-8820-e42e28871c8a","UNITCOUNT":1,"PRIMARYADD1":"1011 HIGH RIDGE RD WATERFORD","PRIMARYADD2":"1011 HIGH RIDGE RD WATERFORD VT 05819","SITETYPE_MULTI1":null,"SITETYPE_MULTI2":null,"SITETYPE_MULTI3":null,"SITETYPE_MULTI4":null,"SITETYPE_MULTI5":null,"COUNTY":"CALEDONIA","COUNTRY":"US","SOURCEOFDATA":"Vermont Enhanced 911 Board","DRIVEWAYID":null,"ESZ":"00300","HOUSE_NUMBER":1011,"HOUSE_NUMBERSUFFIX":null,"HOUSE_NUMBERPREFIX":null,"FIPS":"5005"}},
{"type":"Feature","id":282631,"geometry":{"type":"Point","coordinates":[-71.9485244298382,44.3710474684981]},"properties":{"OBJECTID":282631,"SEGMENTID":47173,"ESITEID":275709,"GEONAMEID":22326,"PD":" ","PT":" ","SN":"DUCK POND","ST":"RD","SD":" ","PRIMARYNAME":"DUCK POND RD  ","ALIAS1":null,"ALIAS2":null,"ALIAS3":null,"ALIAS4":null,"ALIAS5":"5\/12\/2015 7:30:02 PM","PRIMARYADDRESS":"3309 DUCK POND RD","SITETYPE":"OTHER RESIDENTIAL","TOWNNAME":"WATERFORD","MCODE":721,"ESN":300,"ZIP":"05819","PARCELNUM":"877.","GPSX":-71.94852341,"GPSY":44.37103845,"MAPYEAR":"Thu, 01 Jan 1998 00:00:00 GMT","UPDATEDATE":"Fri, 27 Jan 2023 21:28:51 GMT","STATE":"VT","FIPS8":5005,"SPAN":"699-222-10748","SUBTYPE":null,"GlobalID_1":"2623ba2a-5d27-47a6-be6f-5dabd821eb0a","UNITCOUNT":1,"PRIMARYADD1":"3309 DUCK POND RD WATERFORD","PRIMARYADD2":"3309 DUCK POND RD WATERFORD VT 05819","SITETYPE_MULTI1":null,"SITETYPE_MULTI2":null,"SITETYPE_MULTI3":null,"SITETYPE_MULTI4":null,"SITETYPE_MULTI5":null,"COUNTY":"CALEDONIA","COUNTRY":"US","SOURCEOFDATA":"Vermont Enhanced 911 Board","DRIVEWAYID":null,"ESZ":"00300","HOUSE_NUMBER":3309,"HOUSE_NUMBERSUFFIX":null,"HOUSE_NUMBERPREFIX":null,"FIPS":"5005"}},
{"type":"Feature","id":19453,"geometry":{"type":"Point","coordinates":[-71.9916021527291,44.3710213190681]},"properties":{"OBJECTID":19453,"SEGMENTID":47177,"ESITEID":275710,"GEONAMEID":22342,"PD":" ","PT":" ","SN":"HALE","ST":"RD","SD":" ","PRIMARYNAME":"HALE RD","ALIAS1":null,"ALIAS2":null,"ALIAS3":null,"ALIAS4":null,"ALIAS5":"10\/23\/2018 11:37:42 AM","PRIMARYADDRESS":"2220 HALE RD","SITETYPE":"SINGLE FAMILY DWELLING","TOWNNAME":"WATERFORD","MCODE":721,"ESN":300,"ZIP":"05819","PARCELNUM":"814.","GPSX":-71.99160113,"GPSY":44.37101231,"MAPYEAR":"Thu, 01 Jan 1998 00:00:00 GMT","UPDATEDATE":"Fri, 27 Jan 2023 21:23:05 GMT","STATE":"VT","FIPS8":5005,"SPAN":"699-222-10642","SUBTYPE":null,"GlobalID_1":"ffd11aca-2318-41e5-b9d9-439dfa4c0531","UNITCOUNT":1,"PRIMARYADD1":"2220 HALE RD WATERFORD","PRIMARYADD2":"2220 HALE RD WATERFORD VT 05819","SITETYPE_MULTI1":null,"SITETYPE_MULTI2":null,"SITETYPE_MULTI3":null,"SITETYPE_MULTI4":null,"SITETYPE_MULTI5":null,"COUNTY":"CALEDONIA","COUNTRY":"US","SOURCEOFDATA":"Vermont Enhanced 911 Board","DRIVEWAYID":null,"ESZ":"00300","HOUSE_NUMBER":2220,"HOUSE_NUMBERSUFFIX":null,"HOUSE_NUMBERPREFIX":null,"FIPS":"5005"}},
{"type":"Feature","id":58320,"geometry":{"type":"Point","coordinates":[-71.8817335386245,44.3704069903933]},"properties":{"OBJECTID":58320,"SEGMENTID":21063,"ESITEID":275711,"GEONAMEID":22317,"PD":" ","PT":" ","SN":"HIGH RIDGE","ST":"RD","SD":" ","PRIMARYNAME":"HIGH RIDGE RD  ","ALIAS1":null,"ALIAS2":null,"ALIAS3":null,"ALIAS4":null,"ALIAS5":"9\/8\/2017 12:00:42 PM","PRIMARYADDRESS":"957 HIGH RIDGE RD","SITETYPE":"SINGLE FAMILY DWELLING","TOWNNAME":"WATERFORD","MCODE":721,"ESN":300,"ZIP":"05819","PARCELNUM":"748.","GPSX":-71.88173255,"GPSY":44.37039797,"MAPYEAR":"Thu, 01 Jan 1998 00:00:00 GMT","UPDATEDATE":"Fri, 27 Jan 2023 21:28:49 GMT","STATE":"VT","FIPS8":5005,"SPAN":"699-222-10593","SUBTYPE":null,"GlobalID_1":"a3a884fb-9f61-41ba-8f34-ce3043f08b8c","UNITCOUNT":1,"PRIMARYADD1":"957 HIGH RIDGE RD WATERFORD","PRIMARYADD2":"957 HIGH RIDGE RD WATERFORD VT 05819","SITETYPE_MULTI1":null,"SITETYPE_MULTI2":null,"SITETYPE_MULTI3":null,"SITETYPE_MULTI4":null,"SITETYPE_MULTI5":null,"COUNTY":"CALEDONIA","COUNTRY":"US","SOURCEOFDATA":"Vermont Enhanced 911 Board","DRIVEWAYID":null,"ESZ":"00300","HOUSE_NUMBER":957,"HOUSE_NUMBERSUFFIX":null,"HOUSE_NUMBERPREFIX":null,"FIPS":"5005"}},
{"type":"Feature","id":148974,"geometry":{"type":"Point","coordinates":[-71.8975895811552,44.3703995355935]},"properties":{"OBJECTID":148974,"SEGMENTID":35903,"ESITEID":275712,"GEONAMEID":435570,"PD":"","PT":"","SN":"OLD COUNTY","ST":"RD","SD":"S","PRIMARYNAME":"OLD COUNTY RD S","ALIAS1":null,"ALIAS2":null,"ALIAS3":null,"ALIAS4":null,"ALIAS5":"5\/12\/2015 7:29:44 PM","PRIMARYADDRESS":"2850 OLD COUNTY RD S","SITETYPE":"SINGLE FAMILY DWELLING","TOWNNAME":"WATERFORD","MCODE":721,"ESN":300,"ZIP":"05819","PARCELNUM":"957.","GPSX":-71.89758858,"GPSY":44.37039051,"MAPYEAR":"Thu, 01 Jan 1998 00:00:00 GMT","UPDATEDATE":"Sat, 28 Jan 2023 00:28:44 GMT","STATE":"VT","FIPS8":5005,"SPAN":"699-222-10309","SUBTYPE":null,"GlobalID_1":"e9675aca-4858-4790-9343-af58fd5bee4e","UNITCOUNT":1,"PRIMARYADD1":"2850 OLD COUNTY RD S WATERFORD","PRIMARYADD2":"2850 OLD COUNTY RD S WATERFORD VT 05819","SITETYPE_MULTI1":null,"SITETYPE_MULTI2":null,"SITETYPE_MULTI3":null,"SITETYPE_MULTI4":null,"SITETYPE_MULTI5":null,"COUNTY":"CALEDONIA","COUNTRY":"US","SOURCEOFDATA":"Vermont Enhanced 911 Board","DRIVEWAYID":null,"ESZ":"00300","HOUSE_NUMBER":2850,"HOUSE_NUMBERSUFFIX":null,"HOUSE_NUMBERPREFIX":null,"FIPS":"5005"}},
{"type":"Feature","id":311713,"geometry":{"type":"Point","coordinates":[-71.8991938039398,44.3702673477533]},"properties":{"OBJECTID":311713,"SEGMENTID":35903,"ESITEID":275713,"GEONAMEID":435570,"PD":"","PT":"","SN":"OLD COUNTY","ST":"RD","SD":"S","PRIMARYNAME":"OLD COUNTY RD S","ALIAS1":null,"ALIAS2":null,"ALIAS3":null,"ALIAS4":null,"ALIAS5":"5\/12\/2015 7:29:44 PM","PRIMARYADDRESS":"2736 OLD COUNTY RD S","SITETYPE":"SINGLE FAMILY DWELLING","TOWNNAME":"WATERFORD","MCODE":721,"ESN":300,"ZIP":"05819","PARCELNUM":"822.","GPSX":-71.8991928,"GPSY":44.37025833,"MAPYEAR":"Thu, 01 Jan 1998 00:00:00 GMT","UPDATEDATE":"Sat, 28 Jan 2023 00:28:44 GMT","STATE":"VT","FIPS8":5005,"SPAN":"699-222-10655","SUBTYPE":null,"GlobalID_1":"6eecd326-51ae-46b5-86c3-684c36920dd1","UNITCOUNT":1,"PRIMARYADD1":"2736 OLD COUNTY RD S WATERFORD","PRIMARYADD2":"2736 OLD COUNTY RD S WATERFORD VT 05819","SITETYPE_MULTI1":null,"SITETYPE_MULTI2":null,"SITETYPE_MULTI3":null,"SITETYPE_MULTI4":null,"SITETYPE_MULTI5":null,"COUNTY":"CALEDONIA","COUNTRY":"US","SOURCEOFDATA":"Vermont Enhanced 911 Board","DRIVEWAYID":null,"ESZ":"00300","HOUSE_NUMBER":2736,"HOUSE_NUMBERSUFFIX":null,"HOUSE_NUMBERPREFIX":null,"FIPS":"5005"}},
{"type":"Feature","id":235853,"geometry":{"type":"Point","coordinates":[-71.9494156776528,44.3705333089452]},"properties":{"OBJECTID":235853,"SEGMENTID":47173,"ESITEID":275714,"GEONAMEID":22326,"PD":" ","PT":" ","SN":"DUCK POND","ST":"RD","SD":" ","PRIMARYNAME":"DUCK POND RD  ","ALIAS1":null,"ALIAS2":null,"ALIAS3":null,"ALIAS4":null,"ALIAS5":"5\/12\/2015 7:30:02 PM","PRIMARYADDRESS":"3340 DUCK POND RD","SITETYPE":"SINGLE FAMILY DWELLING","TOWNNAME":"WATERFORD","MCODE":721,"ESN":300,"ZIP":"05819","PARCELNUM":"899.5","GPSX":-71.94941466,"GPSY":44.37052429,"MAPYEAR":"Thu, 01 Jan 1998 00:00:00 GMT","UPDATEDATE":"Fri, 27 Jan 2023 21:28:51 GMT","STATE":"VT","FIPS8":5005,"SPAN":"699-222-10310","SUBTYPE":null,"GlobalID_1":"4fb07ce8-4527-49e5-8617-8f7fa7cf0640","UNITCOUNT":1,"PRIMARYADD1":"3340 DUCK POND RD WATERFORD","PRIMARYADD2":"3340 DUCK POND RD WATERFORD VT 05819","SITETYPE_MULTI1":null,"SITETYPE_MULTI2":null,"SITETYPE_MULTI3":null,"SITETYPE_MULTI4":null,"SITETYPE_MULTI5":null,"COUNTY":"CALEDONIA","COUNTRY":"US","SOURCEOFDATA":"Vermont Enhanced 911 Board","DRIVEWAYID":null,"ESZ":"00300","HOUSE_NUMBER":3340,"HOUSE_NUMBERSUFFIX":null,"HOUSE_NUMBERPREFIX":null,"FIPS":"5005"}},
{"type":"Feature","id":70579,"geometry":{"type":"Point","coordinates":[-71.9451139857877,44.3704445850163]},"properties":{"OBJECTID":70579,"SEGMENTID":87903,"ESITEID":275715,"GEONAMEID":22327,"PD":" ","PT":" ","SN":"KIDDER","ST":"RD","SD":" ","PRIMARYNAME":"KIDDER RD  ","ALIAS1":null,"ALIAS2":null,"ALIAS3":null,"ALIAS4":null,"ALIAS5":"5\/12\/2015 7:30:02 PM","PRIMARYADDRESS":"1174 KIDDER RD","SITETYPE":"SINGLE FAMILY DWELLING","TOWNNAME":"WATERFORD","MCODE":721,"ESN":300,"ZIP":"05819","PARCELNUM":"520.","GPSX":-71.94511298,"GPSY":44.37043557,"MAPYEAR":"Thu, 01 Jan 1998 00:00:00 GMT","UPDATEDATE":"Mon, 13 Feb 2023 11:05:36 GMT","STATE":"VT","FIPS8":5005,"SPAN":"699-222-10355","SUBTYPE":null,"GlobalID_1":"4a5cab2f-8da7-4439-8525-2397308de00c","UNITCOUNT":1,"PRIMARYADD1":"1174 KIDDER RD WATERFORD","PRIMARYADD2":"1174 KIDDER RD WATERFORD VT 05819","SITETYPE_MULTI1":null,"SITETYPE_MULTI2":null,"SITETYPE_MULTI3":null,"SITETYPE_MULTI4":null,"SITETYPE_MULTI5":null,"COUNTY":"CALEDONIA","COUNTRY":"US","SOURCEOFDATA":"Vermont Enhanced 911 Board","DRIVEWAYID":null,"ESZ":"00300","HOUSE_NUMBER":1174,"HOUSE_NUMBERSUFFIX":null,"HOUSE_NUMBERPREFIX":null,"FIPS":"5005"}},
{"type":"Feature","id":140112,"geometry":{"type":"Point","coordinates":[-71.9862260959875,44.3699221955076]},"properties":{"OBJECTID":140112,"SEGMENTID":47177,"ESITEID":275716,"GEONAMEID":22342,"PD":" ","PT":" ","SN":"HALE","ST":"RD","SD":" ","PRIMARYNAME":"HALE RD","ALIAS1":null,"ALIAS2":null,"ALIAS3":null,"ALIAS4":null,"ALIAS5":"1\/30\/2018 12:45:37 PM","PRIMARYADDRESS":"1904 HALE RD","SITETYPE":"SINGLE FAMILY DWELLING","TOWNNAME":"WATERFORD","MCODE":721,"ESN":300,"ZIP":"05819","PARCELNUM":"967.","GPSX":-71.98622507,"GPSY":44.36991318,"MAPYEAR":"Thu, 01 Jan 1998 00:00:00 GMT","UPDATEDATE":"Fri, 27 Jan 2023 21:23:05 GMT","STATE":"VT","FIPS8":5005,"SPAN":"699-222-10509","SUBTYPE":null,"GlobalID_1":"6747421b-61fd-4df9-8bf7-9eb5f3e47655","UNITCOUNT":1,"PRIMARYADD1":"1904 HALE RD WATERFORD","PRIMARYADD2":"1904 HALE RD WATERFORD VT 05819","SITETYPE_MULTI1":null,"SITETYPE_MULTI2":null,"SITETYPE_MULTI3":null,"SITETYPE_MULTI4":null,"SITETYPE_MULTI5":null,"COUNTY":"CALEDONIA","COUNTRY":"US","SOURCEOFDATA":"Vermont Enhanced 911 Board","DRIVEWAYID":null,"ESZ":"00300","HOUSE_NUMBER":1904,"HOUSE_NUMBERSUFFIX":null,"HOUSE_NUMBERPREFIX":null,"FIPS":"5005"}},
{"type":"Feature","id":307705,"geometry":{"type":"Point","coordinates":[-71.9925758563268,44.3699750167536]},"properties":{"OBJECTID":307705,"SEGMENTID":47177,"ESITEID":275717,"GEONAMEID":22342,"PD":" ","PT":" ","SN":"HALE","ST":"RD","SD":" ","PRIMARYNAME":"HALE RD","ALIAS1":null,"ALIAS2":null,"ALIAS3":null,"ALIAS4":null,"ALIAS5":"9\/14\/2017 2:55:19 PM","PRIMARYADDRESS":"2153 HALE RD","SITETYPE":"SINGLE FAMILY DWELLING","TOWNNAME":"WATERFORD","MCODE":721,"ESN":300,"ZIP":"05819","PARCELNUM":"488.","GPSX":-71.99257483,"GPSY":44.369966,"MAPYEAR":"Thu, 01 Jan 1998 00:00:00 GMT","UPDATEDATE":"Fri, 27 Jan 2023 21:23:05 GMT","STATE":"VT","FIPS8":5005,"SPAN":"699-222-10314","SUBTYPE":null,"GlobalID_1":"1cc3a78d-b3c2-4078-892e-d44082799543","UNITCOUNT":1,"PRIMARYADD1":"2153 HALE RD WATERFORD","PRIMARYADD2":"2153 HALE RD WATERFORD VT 05819","SITETYPE_MULTI1":null,"SITETYPE_MULTI2":null,"SITETYPE_MULTI3":null,"SITETYPE_MULTI4":null,"SITETYPE_MULTI5":null,"COUNTY":"CALEDONIA","COUNTRY":"US","SOURCEOFDATA":"Vermont Enhanced 911 Board","DRIVEWAYID":null,"ESZ":"00300","HOUSE_NUMBER":2153,"HOUSE_NUMBERSUFFIX":null,"HOUSE_NUMBERPREFIX":null,"FIPS":"5005"}},
{"type":"Feature","id":228368,"geometry":{"type":"Point","coordinates":[-71.9460013330744,44.36952744288]},"properties":{"OBJECTID":228368,"SEGMENTID":87903,"ESITEID":275718,"GEONAMEID":22327,"PD":" ","PT":" ","SN":"KIDDER","ST":"RD","SD":" ","PRIMARYNAME":"KIDDER RD  ","ALIAS1":null,"ALIAS2":null,"ALIAS3":null,"ALIAS4":null,"ALIAS5":"5\/12\/2015 7:30:02 PM","PRIMARYADDRESS":"1242 KIDDER RD","SITETYPE":"SINGLE FAMILY DWELLING","TOWNNAME":"WATERFORD","MCODE":721,"ESN":300,"ZIP":"05819","PARCELNUM":"909.","GPSX":-71.94600032,"GPSY":44.36951843,"MAPYEAR":"Thu, 01 Jan 1998 00:00:00 GMT","UPDATEDATE":"Mon, 13 Feb 2023 11:05:29 GMT","STATE":"VT","FIPS8":5005,"SPAN":"699-222-10798","SUBTYPE":null,"GlobalID_1":"459304ae-718a-4411-8cc2-f87d38474b5b","UNITCOUNT":1,"PRIMARYADD1":"1242 KIDDER RD WATERFORD","PRIMARYADD2":"1242 KIDDER RD WATERFORD VT 05819","SITETYPE_MULTI1":null,"SITETYPE_MULTI2":null,"SITETYPE_MULTI3":null,"SITETYPE_MULTI4":null,"SITETYPE_MULTI5":null,"COUNTY":"CALEDONIA","COUNTRY":"US","SOURCEOFDATA":"Vermont Enhanced 911 Board","DRIVEWAYID":null,"ESZ":"00300","HOUSE_NUMBER":1242,"HOUSE_NUMBERSUFFIX":null,"HOUSE_NUMBERPREFIX":null,"FIPS":"5005"}},
{"type":"Feature","id":57074,"geometry":{"type":"Point","coordinates":[-71.8954145856049,44.3691025828885]},"properties":{"OBJECTID":57074,"SEGMENTID":35903,"ESITEID":275719,"GEONAMEID":435570,"PD":"","PT":"","SN":"OLD COUNTY","ST":"RD","SD":"S","PRIMARYNAME":"OLD COUNTY RD S","ALIAS1":null,"ALIAS2":null,"ALIAS3":null,"ALIAS4":null,"ALIAS5":"5\/12\/2015 7:29:44 PM","PRIMARYADDRESS":"2973 OLD COUNTY RD S","SITETYPE":"SUGARHOUSE","TOWNNAME":"WATERFORD","MCODE":721,"ESN":300,"ZIP":"05819","PARCELNUM":"754.2","GPSX":-71.89541359,"GPSY":44.36909356,"MAPYEAR":"Thu, 01 Jan 1998 00:00:00 GMT","UPDATEDATE":"Thu, 29 May 2025 13:12:31 GMT","STATE":"VT","FIPS8":5005,"SPAN":"699-222-10598","SUBTYPE":null,"GlobalID_1":"347fdbbe-6f4a-4a08-95a0-c411ce26e4bf","UNITCOUNT":1,"PRIMARYADD1":"2973 OLD COUNTY RD S WATERFORD","PRIMARYADD2":"2973 OLD COUNTY RD S WATERFORD VT 05819","SITETYPE_MULTI1":null,"SITETYPE_MULTI2":null,"SITETYPE_MULTI3":null,"SITETYPE_MULTI4":null,"SITETYPE_MULTI5":null,"COUNTY":"CALEDONIA","COUNTRY":"US","SOURCEOFDATA":"Vermont Enhanced 911 Board","DRIVEWAYID":null,"ESZ":"00300","HOUSE_NUMBER":2973,"HOUSE_NUMBERSUFFIX":null,"HOUSE_NUMBERPREFIX":null,"FIPS":"5005"}},
{"type":"Feature","id":187441,"geometry":{"type":"Point","coordinates":[-71.8913358036985,44.3697328021858]},"properties":{"OBJECTID":187441,"SEGMENTID":35903,"ESITEID":275720,"GEONAMEID":435570,"PD":"","PT":"","SN":"OLD COUNTY","ST":"RD","SD":"S","PRIMARYNAME":"OLD COUNTY RD S","ALIAS1":null,"ALIAS2":null,"ALIAS3":null,"ALIAS4":null,"ALIAS5":"11\/15\/2016 4:02:32 PM","PRIMARYADDRESS":"3199 OLD COUNTY RD S","SITETYPE":"SINGLE FAMILY DWELLING","TOWNNAME":"WATERFORD","MCODE":721,"ESN":300,"ZIP":"05819","PARCELNUM":"754.5","GPSX":-71.89133481,"GPSY":44.36972379,"MAPYEAR":"Thu, 01 Jan 1998 00:00:00 GMT","UPDATEDATE":"Thu, 29 May 2025 12:35:20 GMT","STATE":"VT","FIPS8":5005,"SPAN":"699-222-10849","SUBTYPE":null,"GlobalID_1":"ede441a6-8b0e-4234-9824-80a602da8bfd","UNITCOUNT":1,"PRIMARYADD1":"3199 OLD COUNTY RD S WATERFORD","PRIMARYADD2":"3199 OLD COUNTY RD S WATERFORD VT 05819","SITETYPE_MULTI1":null,"SITETYPE_MULTI2":null,"SITETYPE_MULTI3":null,"SITETYPE_MULTI4":null,"SITETYPE_MULTI5":null,"COUNTY":"CALEDONIA","COUNTRY":"US","SOURCEOFDATA":"Vermont Enhanced 911 Board","DRIVEWAYID":null,"ESZ":"00300","HOUSE_NUMBER":3199,"HOUSE_NUMBERSUFFIX":null,"HOUSE_NUMBERPREFIX":null,"FIPS":"5005"}},
{"type":"Feature","id":74765,"geometry":{"type":"Point","coordinates":[-71.9739743334446,44.3699106896516]},"properties":{"OBJECTID":74765,"SEGMENTID":17353,"ESITEID":275722,"GEONAMEID":22342,"PD":" ","PT":" ","SN":"HALE","ST":"RD","SD":" ","PRIMARYNAME":"HALE RD","ALIAS1":null,"ALIAS2":null,"ALIAS3":null,"ALIAS4":null,"ALIAS5":"9\/14\/2017 2:53:57 PM","PRIMARYADDRESS":"1198 HALE RD","SITETYPE":"COMMERCIAL FARM","TOWNNAME":"WATERFORD","MCODE":721,"ESN":300,"ZIP":"05819","PARCELNUM":"899.","GPSX":-71.97397331,"GPSY":44.36990168,"MAPYEAR":"Thu, 01 Jan 1998 00:00:00 GMT","UPDATEDATE":"Fri, 27 Jan 2023 21:23:05 GMT","STATE":"VT","FIPS8":5005,"SPAN":"699-222-10783","SUBTYPE":null,"GlobalID_1":"fe98309a-f4cb-4515-a0ec-7201ab03e3f3","UNITCOUNT":1,"PRIMARYADD1":"1198 HALE RD WATERFORD","PRIMARYADD2":"1198 HALE RD WATERFORD VT 05819","SITETYPE_MULTI1":null,"SITETYPE_MULTI2":null,"SITETYPE_MULTI3":null,"SITETYPE_MULTI4":null,"SITETYPE_MULTI5":null,"COUNTY":"CALEDONIA","COUNTRY":"US","SOURCEOFDATA":"Vermont Enhanced 911 Board","DRIVEWAYID":null,"ESZ":"00300","HOUSE_NUMBER":1198,"HOUSE_NUMBERSUFFIX":null,"HOUSE_NUMBERPREFIX":null,"FIPS":"5005"}},
{"type":"Feature","id":135479,"geometry":{"type":"Point","coordinates":[-71.9118380098322,44.3678254928834]},"properties":{"OBJECTID":135479,"SEGMENTID":54445,"ESITEID":275723,"GEONAMEID":22321,"PD":" ","PT":"","SN":"VT ROUTE 18","ST":" ","SD":" ","PRIMARYNAME":"VT ROUTE 18","ALIAS1":null,"ALIAS2":"ROUTE 18","ALIAS3":null,"ALIAS4":null,"ALIAS5":"5\/13\/2015 2:03:42 PM","PRIMARYADDRESS":"5350 VT ROUTE 18","SITETYPE":"OTHER","TOWNNAME":"WATERFORD","MCODE":721,"ESN":300,"ZIP":"05819","PARCELNUM":"571.2","GPSX":-71.91183701,"GPSY":44.36781647,"MAPYEAR":"Thu, 01 Jan 1998 00:00:00 GMT","UPDATEDATE":"Fri, 27 Jan 2023 23:55:43 GMT","STATE":"VT","FIPS8":5005,"SPAN":"699-222-10402","SUBTYPE":null,"GlobalID_1":"fc60ecdc-f627-4462-8e12-9a34720fbbbf","UNITCOUNT":1,"PRIMARYADD1":"5350 VT ROUTE 18 WATERFORD","PRIMARYADD2":"5350 VT ROUTE 18 WATERFORD VT 05819","SITETYPE_MULTI1":null,"SITETYPE_MULTI2":null,"SITETYPE_MULTI3":null,"SITETYPE_MULTI4":null,"SITETYPE_MULTI5":null,"COUNTY":"CALEDONIA","COUNTRY":"US","SOURCEOFDATA":"Vermont Enhanced 911 Board","DRIVEWAYID":null,"ESZ":"00300","HOUSE_NUMBER":5350,"HOUSE_NUMBERSUFFIX":null,"HOUSE_NUMBERPREFIX":null,"FIPS":"5005"}},
{"type":"Feature","id":48826,"geometry":{"type":"Point","coordinates":[-71.9735567053381,44.3693642731284]},"properties":{"OBJECTID":48826,"SEGMENTID":17353,"ESITEID":275724,"GEONAMEID":22342,"PD":" ","PT":" ","SN":"HALE","ST":"RD","SD":" ","PRIMARYNAME":"HALE RD","ALIAS1":null,"ALIAS2":null,"ALIAS3":null,"ALIAS4":null,"ALIAS5":"9\/14\/2017 2:54:01 PM","PRIMARYADDRESS":"1184 HALE RD","SITETYPE":"SINGLE FAMILY DWELLING","TOWNNAME":"WATERFORD","MCODE":721,"ESN":300,"ZIP":"05819","PARCELNUM":"899.","GPSX":-71.97355569,"GPSY":44.36935526,"MAPYEAR":"Thu, 01 Jan 1998 00:00:00 GMT","UPDATEDATE":"Fri, 27 Jan 2023 21:23:05 GMT","STATE":"VT","FIPS8":5005,"SPAN":"699-222-10783","SUBTYPE":null,"GlobalID_1":"61b9f893-4264-4beb-af1b-3befbd36b6a2","UNITCOUNT":1,"PRIMARYADD1":"1184 HALE RD WATERFORD","PRIMARYADD2":"1184 HALE RD WATERFORD VT 05819","SITETYPE_MULTI1":null,"SITETYPE_MULTI2":null,"SITETYPE_MULTI3":null,"SITETYPE_MULTI4":null,"SITETYPE_MULTI5":null,"COUNTY":"CALEDONIA","COUNTRY":"US","SOURCEOFDATA":"Vermont Enhanced 911 Board","DRIVEWAYID":null,"ESZ":"00300","HOUSE_NUMBER":1184,"HOUSE_NUMBERSUFFIX":null,"HOUSE_NUMBERPREFIX":null,"FIPS":"5005"}},
{"type":"Feature","id":108283,"geometry":{"type":"Point","coordinates":[-71.8936349291071,44.3686666240463]},"properties":{"OBJECTID":108283,"SEGMENTID":35903,"ESITEID":275726,"GEONAMEID":435570,"PD":"","PT":"","SN":"OLD COUNTY","ST":"RD","SD":"S","PRIMARYNAME":"OLD COUNTY RD S","ALIAS1":null,"ALIAS2":null,"ALIAS3":null,"ALIAS4":null,"ALIAS5":"5\/12\/2015 7:29:44 PM","PRIMARYADDRESS":"3039 OLD COUNTY RD S","SITETYPE":"SINGLE FAMILY DWELLING","TOWNNAME":"WATERFORD","MCODE":721,"ESN":300,"ZIP":"05819","PARCELNUM":"484.","GPSX":-71.89363393,"GPSY":44.3686576,"MAPYEAR":"Thu, 01 Jan 1998 00:00:00 GMT","UPDATEDATE":"Sat, 28 Jan 2023 00:28:44 GMT","STATE":"VT","FIPS8":5005,"SPAN":"699-222-10311","SUBTYPE":null,"GlobalID_1":"1d4d085b-b468-4303-98a1-2535e466e995","UNITCOUNT":1,"PRIMARYADD1":"3039 OLD COUNTY RD S WATERFORD","PRIMARYADD2":"3039 OLD COUNTY RD S WATERFORD VT 05819","SITETYPE_MULTI1":null,"SITETYPE_MULTI2":null,"SITETYPE_MULTI3":null,"SITETYPE_MULTI4":null,"SITETYPE_MULTI5":null,"COUNTY":"CALEDONIA","COUNTRY":"US","SOURCEOFDATA":"Vermont Enhanced 911 Board","DRIVEWAYID":null,"ESZ":"00300","HOUSE_NUMBER":3039,"HOUSE_NUMBERSUFFIX":null,"HOUSE_NUMBERPREFIX":null,"FIPS":"5005"}},
{"type":"Feature","id":205828,"geometry":{"type":"Point","coordinates":[-71.9889877290925,44.3671384839164]},"properties":{"OBJECTID":205828,"SEGMENTID":47177,"ESITEID":275727,"GEONAMEID":22342,"PD":" ","PT":" ","SN":"HALE","ST":"RD","SD":" ","PRIMARYNAME":"HALE RD","ALIAS1":null,"ALIAS2":null,"ALIAS3":null,"ALIAS4":null,"ALIAS5":"5\/12\/2015 7:29:44 PM","PRIMARYADDRESS":"2043 HALE RD","SITETYPE":"SINGLE FAMILY DWELLING","TOWNNAME":"WATERFORD","MCODE":721,"ESN":300,"ZIP":"05819","PARCELNUM":"349.1","GPSX":-71.9889867,"GPSY":44.36712947,"MAPYEAR":"Thu, 01 Jan 1998 00:00:00 GMT","UPDATEDATE":"Fri, 27 Jan 2023 21:23:05 GMT","STATE":"VT","FIPS8":5005,"SPAN":"699-222-10485","SUBTYPE":null,"GlobalID_1":"ee10703d-024d-4a6b-a4ab-4039c43c54ca","UNITCOUNT":1,"PRIMARYADD1":"2043 HALE RD WATERFORD","PRIMARYADD2":"2043 HALE RD WATERFORD VT 05819","SITETYPE_MULTI1":null,"SITETYPE_MULTI2":null,"SITETYPE_MULTI3":null,"SITETYPE_MULTI4":null,"SITETYPE_MULTI5":null,"COUNTY":"CALEDONIA","COUNTRY":"US","SOURCEOFDATA":"Vermont Enhanced 911 Board","DRIVEWAYID":null,"ESZ":"00300","HOUSE_NUMBER":2043,"HOUSE_NUMBERSUFFIX":null,"HOUSE_NUMBERPREFIX":null,"FIPS":"5005"}},
{"type":"Feature","id":106826,"geometry":{"type":"Point","coordinates":[-71.9474035353368,44.3687579768241]},"properties":{"OBJECTID":106826,"SEGMENTID":47173,"ESITEID":275728,"GEONAMEID":22326,"PD":" ","PT":" ","SN":"DUCK POND","ST":"RD","SD":" ","PRIMARYNAME":"DUCK POND RD  ","ALIAS1":null,"ALIAS2":null,"ALIAS3":null,"ALIAS4":null,"ALIAS5":"5\/13\/2015 2:02:10 PM","PRIMARYADDRESS":"3497 DUCK POND RD","SITETYPE":"COMMERCIAL FARM","TOWNNAME":"WATERFORD","MCODE":721,"ESN":300,"ZIP":"05819","PARCELNUM":"670.","GPSX":-71.94740252,"GPSY":44.36874896,"MAPYEAR":"Thu, 01 Jan 1998 00:00:00 GMT","UPDATEDATE":"Mon, 13 Feb 2023 10:56:19 GMT","STATE":"VT","FIPS8":5005,"SPAN":"699-222-10506","SUBTYPE":null,"GlobalID_1":"abbd002f-1740-48c5-8f1f-195ce05ecf91","UNITCOUNT":1,"PRIMARYADD1":"3497 DUCK POND RD WATERFORD","PRIMARYADD2":"3497 DUCK POND RD WATERFORD VT 05819","SITETYPE_MULTI1":null,"SITETYPE_MULTI2":null,"SITETYPE_MULTI3":null,"SITETYPE_MULTI4":null,"SITETYPE_MULTI5":null,"COUNTY":"CALEDONIA","COUNTRY":"US","SOURCEOFDATA":"Vermont Enhanced 911 Board","DRIVEWAYID":null,"ESZ":"00300","HOUSE_NUMBER":3497,"HOUSE_NUMBERSUFFIX":null,"HOUSE_NUMBERPREFIX":null,"FIPS":"5005"}},
{"type":"Feature","id":2654,"geometry":{"type":"Point","coordinates":[-71.8825855304353,44.3682523885304]},"properties":{"OBJECTID":2654,"SEGMENTID":21063,"ESITEID":275729,"GEONAMEID":22317,"PD":" ","PT":" ","SN":"HIGH RIDGE","ST":"RD","SD":" ","PRIMARYNAME":"HIGH RIDGE RD  ","ALIAS1":"","ALIAS2":"","ALIAS3":"","ALIAS4":"","ALIAS5":"","PRIMARYADDRESS":"801 HIGH RIDGE RD","SITETYPE":"ACCESSORY BARN","TOWNNAME":"WATERFORD","MCODE":721,"ESN":300,"ZIP":"05819","PARCELNUM":"752.3","GPSX":-71.88258454,"GPSY":44.36824337,"MAPYEAR":"Thu, 01 Jan 1998 00:00:00 GMT","UPDATEDATE":"Sat, 23 Feb 2019 10:43:31 GMT","STATE":"VT","FIPS8":5005,"SPAN":"699-222-10590","SUBTYPE":0,"GlobalID_1":"7146d715-2e5d-4150-b983-4c644421ee52","UNITCOUNT":0,"PRIMARYADD1":"801 HIGH RIDGE RD WATERFORD","PRIMARYADD2":"801 HIGH RIDGE RD WATERFORD VT 05819","SITETYPE_MULTI1":"","SITETYPE_MULTI2":"","SITETYPE_MULTI3":"","SITETYPE_MULTI4":"","SITETYPE_MULTI5":"","COUNTY":"CALEDONIA","COUNTRY":"US","SOURCEOFDATA":"Vermont Enhanced 911 Board","DRIVEWAYID":0,"ESZ":"00300","HOUSE_NUMBER":801,"HOUSE_NUMBERSUFFIX":"","HOUSE_NUMBERPREFIX":"","FIPS":"5005"}},
{"type":"Feature","id":229459,"geometry":{"type":"Point","coordinates":[-71.9466968477083,44.3684087167676]},"properties":{"OBJECTID":229459,"SEGMENTID":47173,"ESITEID":275730,"GEONAMEID":22326,"PD":" ","PT":" ","SN":"DUCK POND","ST":"RD","SD":" ","PRIMARYNAME":"DUCK POND RD  ","ALIAS1":null,"ALIAS2":null,"ALIAS3":null,"ALIAS4":null,"ALIAS5":"5\/12\/2015 7:30:02 PM","PRIMARYADDRESS":"3517 DUCK POND RD","SITETYPE":"SINGLE FAMILY DWELLING","TOWNNAME":"WATERFORD","MCODE":721,"ESN":300,"ZIP":"05819","PARCELNUM":"670.","GPSX":-71.94669584,"GPSY":44.3683997,"MAPYEAR":"Thu, 01 Jan 1998 00:00:00 GMT","UPDATEDATE":"Mon, 13 Feb 2023 10:57:11 GMT","STATE":"VT","FIPS8":5005,"SPAN":"699-222-10506","SUBTYPE":null,"GlobalID_1":"924c7ad8-4c68-411c-a833-fdb495ba8007","UNITCOUNT":1,"PRIMARYADD1":"3517 DUCK POND RD WATERFORD","PRIMARYADD2":"3517 DUCK POND RD WATERFORD VT 05819","SITETYPE_MULTI1":null,"SITETYPE_MULTI2":null,"SITETYPE_MULTI3":null,"SITETYPE_MULTI4":null,"SITETYPE_MULTI5":null,"COUNTY":"CALEDONIA","COUNTRY":"US","SOURCEOFDATA":"Vermont Enhanced 911 Board","DRIVEWAYID":null,"ESZ":"00300","HOUSE_NUMBER":3517,"HOUSE_NUMBERSUFFIX":null,"HOUSE_NUMBERPREFIX":null,"FIPS":"5005"}},
{"type":"Feature","id":230532,"geometry":{"type":"Point","coordinates":[-71.9833179999333,44.3683496781307]},"properties":{"OBJECTID":230532,"SEGMENTID":47177,"ESITEID":275731,"GEONAMEID":22342,"PD":" ","PT":" ","SN":"HALE","ST":"RD","SD":" ","PRIMARYNAME":"HALE RD","ALIAS1":null,"ALIAS2":null,"ALIAS3":null,"ALIAS4":null,"ALIAS5":"1\/30\/2018 12:54:44 PM","PRIMARYADDRESS":"1782 HALE RD","SITETYPE":"SINGLE FAMILY DWELLING","TOWNNAME":"WATERFORD","MCODE":721,"ESN":300,"ZIP":"05819","PARCELNUM":"366.","GPSX":-71.98331698,"GPSY":44.36834066,"MAPYEAR":"Thu, 01 Jan 1998 00:00:00 GMT","UPDATEDATE":"Fri, 27 Jan 2023 21:23:05 GMT","STATE":"VT","FIPS8":5005,"SPAN":"699-222-10179","SUBTYPE":null,"GlobalID_1":"d4aa68dd-5c6d-4f46-8935-0386b98ba8ff","UNITCOUNT":1,"PRIMARYADD1":"1782 HALE RD WATERFORD","PRIMARYADD2":"1782 HALE RD WATERFORD VT 05819","SITETYPE_MULTI1":null,"SITETYPE_MULTI2":null,"SITETYPE_MULTI3":null,"SITETYPE_MULTI4":null,"SITETYPE_MULTI5":null,"COUNTY":"CALEDONIA","COUNTRY":"US","SOURCEOFDATA":"Vermont Enhanced 911 Board","DRIVEWAYID":null,"ESZ":"00300","HOUSE_NUMBER":1782,"HOUSE_NUMBERSUFFIX":null,"HOUSE_NUMBERPREFIX":null,"FIPS":"5005"}},
{"type":"Feature","id":135776,"geometry":{"type":"Point","coordinates":[-71.9787643266848,44.3682753170953]},"properties":{"OBJECTID":135776,"SEGMENTID":17353,"ESITEID":275732,"GEONAMEID":22342,"PD":" ","PT":" ","SN":"HALE","ST":"RD","SD":" ","PRIMARYNAME":"HALE RD","ALIAS1":null,"ALIAS2":null,"ALIAS3":null,"ALIAS4":null,"ALIAS5":"1\/30\/2018 11:54:43 AM","PRIMARYADDRESS":"1471 HALE RD","SITETYPE":"SINGLE FAMILY DWELLING","TOWNNAME":"WATERFORD","MCODE":721,"ESN":300,"ZIP":"05819","PARCELNUM":"900.1","GPSX":-71.97876331,"GPSY":44.3682663,"MAPYEAR":"Thu, 01 Jan 1998 00:00:00 GMT","UPDATEDATE":"Fri, 27 Jan 2023 21:23:05 GMT","STATE":"VT","FIPS8":5005,"SPAN":"699-222-10789","SUBTYPE":null,"GlobalID_1":"0c90d300-e47d-4f17-a096-2a801dd17412","UNITCOUNT":1,"PRIMARYADD1":"1471 HALE RD WATERFORD","PRIMARYADD2":"1471 HALE RD WATERFORD VT 05819","SITETYPE_MULTI1":null,"SITETYPE_MULTI2":null,"SITETYPE_MULTI3":null,"SITETYPE_MULTI4":null,"SITETYPE_MULTI5":null,"COUNTY":"CALEDONIA","COUNTRY":"US","SOURCEOFDATA":"Vermont Enhanced 911 Board","DRIVEWAYID":null,"ESZ":"00300","HOUSE_NUMBER":1471,"HOUSE_NUMBERSUFFIX":null,"HOUSE_NUMBERPREFIX":null,"FIPS":"5005"}},
{"type":"Feature","id":222732,"geometry":{"type":"Point","coordinates":[-71.8595838780459,44.3673050672548]},"properties":{"OBJECTID":222732,"SEGMENTID":18298,"ESITEID":275733,"GEONAMEID":22319,"PD":" ","PT":" ","SN":"SHADOW LAKE","ST":"RD","SD":" ","PRIMARYNAME":"SHADOW LAKE RD  ","ALIAS1":null,"ALIAS2":null,"ALIAS3":null,"ALIAS4":null,"ALIAS5":"12\/28\/2018 10:12:53 AM","PRIMARYADDRESS":"2170 SHADOW LAKE RD","SITETYPE":"SINGLE FAMILY DWELLING","TOWNNAME":"WATERFORD","MCODE":721,"ESN":300,"ZIP":"05819","PARCELNUM":"578.","GPSX":-71.8595829,"GPSY":44.36729605,"MAPYEAR":"Thu, 01 Jan 1998 00:00:00 GMT","UPDATEDATE":"Fri, 27 Jan 2023 21:28:49 GMT","STATE":"VT","FIPS8":5005,"SPAN":"699-222-10456","SUBTYPE":null,"GlobalID_1":"a41e679e-8fec-46b9-8788-f8ed9599a504","UNITCOUNT":1,"PRIMARYADD1":"2170 SHADOW LAKE RD WATERFORD","PRIMARYADD2":"2170 SHADOW LAKE RD WATERFORD VT 05819","SITETYPE_MULTI1":null,"SITETYPE_MULTI2":null,"SITETYPE_MULTI3":null,"SITETYPE_MULTI4":null,"SITETYPE_MULTI5":null,"COUNTY":"CALEDONIA","COUNTRY":"US","SOURCEOFDATA":"Vermont Enhanced 911 Board","DRIVEWAYID":null,"ESZ":"00300","HOUSE_NUMBER":2170,"HOUSE_NUMBERSUFFIX":null,"HOUSE_NUMBERPREFIX":null,"FIPS":"5005"}},
{"type":"Feature","id":209921,"geometry":{"type":"Point","coordinates":[-71.8940391940872,44.3675591537603]},"properties":{"OBJECTID":209921,"SEGMENTID":35903,"ESITEID":275734,"GEONAMEID":435570,"PD":"","PT":"","SN":"OLD COUNTY","ST":"RD","SD":"S","PRIMARYNAME":"OLD COUNTY RD S","ALIAS1":null,"ALIAS2":null,"ALIAS3":null,"ALIAS4":null,"ALIAS5":"5\/12\/2015 7:29:44 PM","PRIMARYADDRESS":"3101 OLD COUNTY RD S","SITETYPE":"SINGLE FAMILY DWELLING","TOWNNAME":"WATERFORD","MCODE":721,"ESN":300,"ZIP":"05819","PARCELNUM":"921.","GPSX":-71.8940382,"GPSY":44.36755013,"MAPYEAR":"Thu, 01 Jan 1998 00:00:00 GMT","UPDATEDATE":"Sat, 28 Jan 2023 00:28:44 GMT","STATE":"VT","FIPS8":5005,"SPAN":"699-222-10807","SUBTYPE":null,"GlobalID_1":"3fadb876-e7a7-44c2-8e34-2a387917c41e","UNITCOUNT":1,"PRIMARYADD1":"3101 OLD COUNTY RD S WATERFORD","PRIMARYADD2":"3101 OLD COUNTY RD S WATERFORD VT 05819","SITETYPE_MULTI1":null,"SITETYPE_MULTI2":null,"SITETYPE_MULTI3":null,"SITETYPE_MULTI4":null,"SITETYPE_MULTI5":null,"COUNTY":"CALEDONIA","COUNTRY":"US","SOURCEOFDATA":"Vermont Enhanced 911 Board","DRIVEWAYID":null,"ESZ":"00300","HOUSE_NUMBER":3101,"HOUSE_NUMBERSUFFIX":null,"HOUSE_NUMBERPREFIX":null,"FIPS":"5005"}},
{"type":"Feature","id":83048,"geometry":{"type":"Point","coordinates":[-71.9826902211619,44.3679412058022]},"properties":{"OBJECTID":83048,"SEGMENTID":47177,"ESITEID":275735,"GEONAMEID":22342,"PD":" ","PT":" ","SN":"HALE","ST":"RD","SD":" ","PRIMARYNAME":"HALE RD","ALIAS1":null,"ALIAS2":null,"ALIAS3":null,"ALIAS4":null,"ALIAS5":"1\/30\/2018 12:54:37 PM","PRIMARYADDRESS":"1694 HALE RD","SITETYPE":"SINGLE FAMILY DWELLING","TOWNNAME":"WATERFORD","MCODE":721,"ESN":300,"ZIP":"05819","PARCELNUM":"903.","GPSX":-71.9826892,"GPSY":44.36793219,"MAPYEAR":"Thu, 01 Jan 1998 00:00:00 GMT","UPDATEDATE":"Fri, 27 Jan 2023 21:23:05 GMT","STATE":"VT","FIPS8":5005,"SPAN":"699-222-10784","SUBTYPE":null,"GlobalID_1":"9aaa6f1b-37a2-4bec-b43c-e3ae336d2c2e","UNITCOUNT":1,"PRIMARYADD1":"1694 HALE RD WATERFORD","PRIMARYADD2":"1694 HALE RD WATERFORD VT 05819","SITETYPE_MULTI1":null,"SITETYPE_MULTI2":null,"SITETYPE_MULTI3":null,"SITETYPE_MULTI4":null,"SITETYPE_MULTI5":null,"COUNTY":"CALEDONIA","COUNTRY":"US","SOURCEOFDATA":"Vermont Enhanced 911 Board","DRIVEWAYID":null,"ESZ":"00300","HOUSE_NUMBER":1694,"HOUSE_NUMBERSUFFIX":null,"HOUSE_NUMBERPREFIX":null,"FIPS":"5005"}},
{"type":"Feature","id":182365,"geometry":{"type":"Point","coordinates":[-71.8617521875213,44.3670519179826]},"properties":{"OBJECTID":182365,"SEGMENTID":51760,"ESITEID":275736,"GEONAMEID":27969,"PD":"","PT":"","SN":"MAJESTIC VIEW","ST":"DR","SD":"","PRIMARYNAME":"MAJESTIC VIEW DR","ALIAS1":null,"ALIAS2":null,"ALIAS3":null,"ALIAS4":null,"ALIAS5":"5\/12\/2015 7:30:02 PM","PRIMARYADDRESS":"80 MAJESTIC VIEW DR","SITETYPE":"SEASONAL HOME","TOWNNAME":"WATERFORD","MCODE":721,"ESN":300,"ZIP":"05819","PARCELNUM":"548.","GPSX":-71.86175121,"GPSY":44.3670429,"MAPYEAR":"Thu, 01 Jan 1998 00:00:00 GMT","UPDATEDATE":"Thu, 29 Aug 2024 13:19:36 GMT","STATE":"VT","FIPS8":5005,"SPAN":"699-222-10697","SUBTYPE":null,"GlobalID_1":"462a0b22-b84d-4c10-9925-16891781ded9","UNITCOUNT":1,"PRIMARYADD1":"80 MAJESTIC VIEW DR WATERFORD","PRIMARYADD2":"80 MAJESTIC VIEW DR WATERFORD VT 05819","SITETYPE_MULTI1":null,"SITETYPE_MULTI2":null,"SITETYPE_MULTI3":null,"SITETYPE_MULTI4":null,"SITETYPE_MULTI5":null,"COUNTY":"CALEDONIA","COUNTRY":"US","SOURCEOFDATA":"Vermont Enhanced 911 Board","DRIVEWAYID":null,"ESZ":"00300","HOUSE_NUMBER":80,"HOUSE_NUMBERSUFFIX":null,"HOUSE_NUMBERPREFIX":null,"FIPS":"5005"}},
{"type":"Feature","id":190849,"geometry":{"type":"Point","coordinates":[-71.8933219231408,44.3667801048431]},"properties":{"OBJECTID":190849,"SEGMENTID":50842,"ESITEID":275737,"GEONAMEID":435570,"PD":"","PT":"","SN":"OLD COUNTY","ST":"RD","SD":"S","PRIMARYNAME":"OLD COUNTY RD S","ALIAS1":null,"ALIAS2":null,"ALIAS3":null,"ALIAS4":null,"ALIAS5":"5\/12\/2015 7:29:44 PM","PRIMARYADDRESS":"3163 OLD COUNTY RD S","SITETYPE":"SINGLE FAMILY DWELLING","TOWNNAME":"WATERFORD","MCODE":721,"ESN":300,"ZIP":"05819","PARCELNUM":"919.","GPSX":-71.89332093,"GPSY":44.36677108,"MAPYEAR":"Thu, 01 Jan 1998 00:00:00 GMT","UPDATEDATE":"Sat, 28 Jan 2023 00:28:44 GMT","STATE":"VT","FIPS8":5005,"SPAN":"699-222-10806","SUBTYPE":null,"GlobalID_1":"0767152b-8a9b-4dc9-9301-2a1227fc1542","UNITCOUNT":1,"PRIMARYADD1":"3163 OLD COUNTY RD S WATERFORD","PRIMARYADD2":"3163 OLD COUNTY RD S WATERFORD VT 05819","SITETYPE_MULTI1":null,"SITETYPE_MULTI2":null,"SITETYPE_MULTI3":null,"SITETYPE_MULTI4":null,"SITETYPE_MULTI5":null,"COUNTY":"CALEDONIA","COUNTRY":"US","SOURCEOFDATA":"Vermont Enhanced 911 Board","DRIVEWAYID":null,"ESZ":"00300","HOUSE_NUMBER":3163,"HOUSE_NUMBERSUFFIX":null,"HOUSE_NUMBERPREFIX":null,"FIPS":"5005"}},
{"type":"Feature","id":290567,"geometry":{"type":"Point","coordinates":[-71.896695074073,44.3664455029142]},"properties":{"OBJECTID":290567,"SEGMENTID":10124,"ESITEID":275738,"GEONAMEID":22314,"PD":" ","PT":" ","SN":"MAD BROOK","ST":"RD","SD":" ","PRIMARYNAME":"MAD BROOK RD  ","ALIAS1":null,"ALIAS2":null,"ALIAS3":null,"ALIAS4":null,"ALIAS5":"5\/12\/2015 7:30:02 PM","PRIMARYADDRESS":"531 MAD BROOK RD","SITETYPE":"OTHER","TOWNNAME":"WATERFORD","MCODE":721,"ESN":300,"ZIP":"05819","PARCELNUM":" ","GPSX":-71.89669408,"GPSY":44.36643649,"MAPYEAR":"Thu, 01 Jan 1998 00:00:00 GMT","UPDATEDATE":"Thu, 29 May 2025 13:13:32 GMT","STATE":"VT","FIPS8":5005,"SPAN":" ","SUBTYPE":null,"GlobalID_1":"d23e2cf7-2b2d-4734-bc3c-695009b21ae8","UNITCOUNT":1,"PRIMARYADD1":"531 MAD BROOK RD WATERFORD","PRIMARYADD2":"531 MAD BROOK RD WATERFORD VT 05819","SITETYPE_MULTI1":null,"SITETYPE_MULTI2":null,"SITETYPE_MULTI3":null,"SITETYPE_MULTI4":null,"SITETYPE_MULTI5":null,"COUNTY":"CALEDONIA","COUNTRY":"US","SOURCEOFDATA":"Vermont Enhanced 911 Board","DRIVEWAYID":null,"ESZ":"00300","HOUSE_NUMBER":531,"HOUSE_NUMBERSUFFIX":null,"HOUSE_NUMBERPREFIX":"","FIPS":"5005"}},
{"type":"Feature","id":41543,"geometry":{"type":"Point","coordinates":[-71.8935311417523,44.3659348969512]},"properties":{"OBJECTID":41543,"SEGMENTID":50842,"ESITEID":275739,"GEONAMEID":435570,"PD":"","PT":"","SN":"OLD COUNTY","ST":"RD","SD":"S","PRIMARYNAME":"OLD COUNTY RD S","ALIAS1":null,"ALIAS2":null,"ALIAS3":null,"ALIAS4":null,"ALIAS5":"11\/15\/2016 4:01:47 PM","PRIMARYADDRESS":"3206 OLD COUNTY RD S","SITETYPE":"SINGLE FAMILY DWELLING","TOWNNAME":"WATERFORD","MCODE":721,"ESN":300,"ZIP":"05819","PARCELNUM":"753.","GPSX":-71.89353015,"GPSY":44.36592588,"MAPYEAR":"Thu, 01 Jan 1998 00:00:00 GMT","UPDATEDATE":"Thu, 29 May 2025 13:13:18 GMT","STATE":"VT","FIPS8":5005,"SPAN":"699-222-10070","SUBTYPE":null,"GlobalID_1":"a04a6b99-0788-4479-85a6-17efe9ad426a","UNITCOUNT":1,"PRIMARYADD1":"3206 OLD COUNTY RD S WATERFORD","PRIMARYADD2":"3206 OLD COUNTY RD S WATERFORD VT 05819","SITETYPE_MULTI1":null,"SITETYPE_MULTI2":null,"SITETYPE_MULTI3":null,"SITETYPE_MULTI4":null,"SITETYPE_MULTI5":null,"COUNTY":"CALEDONIA","COUNTRY":"US","SOURCEOFDATA":"Vermont Enhanced 911 Board","DRIVEWAYID":null,"ESZ":"00300","HOUSE_NUMBER":3206,"HOUSE_NUMBERSUFFIX":null,"HOUSE_NUMBERPREFIX":null,"FIPS":"5005"}},
{"type":"Feature","id":352720,"geometry":{"type":"Point","coordinates":[-71.8833475456406,44.3661818066854]},"properties":{"OBJECTID":352720,"SEGMENTID":21063,"ESITEID":275740,"GEONAMEID":22317,"PD":" ","PT":" ","SN":"HIGH RIDGE","ST":"RD","SD":" ","PRIMARYNAME":"HIGH RIDGE RD  ","ALIAS1":null,"ALIAS2":null,"ALIAS3":null,"ALIAS4":null,"ALIAS5":"5\/12\/2015 7:30:02 PM","PRIMARYADDRESS":"659 HIGH RIDGE RD","SITETYPE":"SINGLE FAMILY DWELLING","TOWNNAME":"WATERFORD","MCODE":721,"ESN":300,"ZIP":"05819","PARCELNUM":"286.","GPSX":-71.88334655,"GPSY":44.36617279,"MAPYEAR":"Thu, 01 Jan 1998 00:00:00 GMT","UPDATEDATE":"Fri, 27 Jan 2023 21:28:49 GMT","STATE":"VT","FIPS8":5005,"SPAN":"699-222-10284","SUBTYPE":null,"GlobalID_1":"6ece7291-cce6-4e67-a753-7e2af7e315b8","UNITCOUNT":1,"PRIMARYADD1":"659 HIGH RIDGE RD WATERFORD","PRIMARYADD2":"659 HIGH RIDGE RD WATERFORD VT 05819","SITETYPE_MULTI1":null,"SITETYPE_MULTI2":null,"SITETYPE_MULTI3":null,"SITETYPE_MULTI4":null,"SITETYPE_MULTI5":null,"COUNTY":"CALEDONIA","COUNTRY":"US","SOURCEOFDATA":"Vermont Enhanced 911 Board","DRIVEWAYID":null,"ESZ":"00300","HOUSE_NUMBER":659,"HOUSE_NUMBERSUFFIX":null,"HOUSE_NUMBERPREFIX":null,"FIPS":"5005"}},
{"type":"Feature","id":114269,"geometry":{"type":"Point","coordinates":[-71.9843760228908,44.3659948825895]},"properties":{"OBJECTID":114269,"SEGMENTID":47175,"ESITEID":275741,"GEONAMEID":22343,"PD":" ","PT":" ","SN":"VALLEY VIEW","ST":"RD","SD":" ","PRIMARYNAME":"VALLEY VIEW RD","ALIAS1":null,"ALIAS2":null,"ALIAS3":null,"ALIAS4":null,"ALIAS5":"5\/12\/2015 7:29:44 PM","PRIMARYADDRESS":"128 VALLEY VIEW RD","SITETYPE":"SINGLE FAMILY DWELLING","TOWNNAME":"WATERFORD","MCODE":721,"ESN":300,"ZIP":"05819","PARCELNUM":"658.","GPSX":-71.984375,"GPSY":44.36598586,"MAPYEAR":"Thu, 01 Jan 1998 00:00:00 GMT","UPDATEDATE":"Fri, 27 Jan 2023 21:23:06 GMT","STATE":"VT","FIPS8":5005,"SPAN":"699-222-10484","SUBTYPE":null,"GlobalID_1":"2aa8c86e-96a4-49b7-8e91-06f0f3f699c1","UNITCOUNT":1,"PRIMARYADD1":"128 VALLEY VIEW RD WATERFORD","PRIMARYADD2":"128 VALLEY VIEW RD WATERFORD VT 05819","SITETYPE_MULTI1":null,"SITETYPE_MULTI2":null,"SITETYPE_MULTI3":null,"SITETYPE_MULTI4":null,"SITETYPE_MULTI5":null,"COUNTY":"CALEDONIA","COUNTRY":"US","SOURCEOFDATA":"Vermont Enhanced 911 Board","DRIVEWAYID":null,"ESZ":"00300","HOUSE_NUMBER":128,"HOUSE_NUMBERSUFFIX":null,"HOUSE_NUMBERPREFIX":null,"FIPS":"5005"}},
{"type":"Feature","id":253669,"geometry":{"type":"Point","coordinates":[-71.9671187299865,44.3658109784929]},"properties":{"OBJECTID":253669,"SEGMENTID":17353,"ESITEID":275742,"GEONAMEID":22342,"PD":" ","PT":" ","SN":"HALE","ST":"RD","SD":" ","PRIMARYNAME":"HALE RD","ALIAS1":null,"ALIAS2":null,"ALIAS3":null,"ALIAS4":null,"ALIAS5":"9\/14\/2017 2:53:47 PM","PRIMARYADDRESS":"777 HALE RD","SITETYPE":"MOBILE HOME","TOWNNAME":"WATERFORD","MCODE":721,"ESN":300,"ZIP":"05819","PARCELNUM":"366.1","GPSX":-71.96711771,"GPSY":44.36580197,"MAPYEAR":"Thu, 01 Jan 1998 00:00:00 GMT","UPDATEDATE":"Fri, 27 Jan 2023 21:23:05 GMT","STATE":"VT","FIPS8":5005,"SPAN":"699-222-10180","SUBTYPE":null,"GlobalID_1":"98494758-7d80-462c-88c1-210a2f31fc28","UNITCOUNT":1,"PRIMARYADD1":"777 HALE RD WATERFORD","PRIMARYADD2":"777 HALE RD WATERFORD VT 05819","SITETYPE_MULTI1":null,"SITETYPE_MULTI2":null,"SITETYPE_MULTI3":null,"SITETYPE_MULTI4":null,"SITETYPE_MULTI5":null,"COUNTY":"CALEDONIA","COUNTRY":"US","SOURCEOFDATA":"Vermont Enhanced 911 Board","DRIVEWAYID":null,"ESZ":"00300","HOUSE_NUMBER":777,"HOUSE_NUMBERSUFFIX":null,"HOUSE_NUMBERPREFIX":null,"FIPS":"5005"}},
{"type":"Feature","id":301058,"geometry":{"type":"Point","coordinates":[-71.8824597968678,44.3653472733952]},"properties":{"OBJECTID":301058,"SEGMENTID":35906,"ESITEID":275743,"GEONAMEID":22317,"PD":" ","PT":" ","SN":"HIGH RIDGE","ST":"RD","SD":" ","PRIMARYNAME":"HIGH RIDGE RD  ","ALIAS1":null,"ALIAS2":null,"ALIAS3":null,"ALIAS4":null,"ALIAS5":"9\/8\/2017 12:03:00 PM","PRIMARYADDRESS":"600 HIGH RIDGE RD","SITETYPE":"SINGLE FAMILY DWELLING","TOWNNAME":"WATERFORD","MCODE":721,"ESN":300,"ZIP":"05819","PARCELNUM":"417.","GPSX":-71.88245881,"GPSY":44.36533826,"MAPYEAR":"Thu, 01 Jan 1998 00:00:00 GMT","UPDATEDATE":"Fri, 27 Jan 2023 21:28:49 GMT","STATE":"VT","FIPS8":5005,"SPAN":"699-222-10232","SUBTYPE":null,"GlobalID_1":"99f703a7-5bcf-415c-b422-0121c88501b1","UNITCOUNT":1,"PRIMARYADD1":"600 HIGH RIDGE RD WATERFORD","PRIMARYADD2":"600 HIGH RIDGE RD WATERFORD VT 05819","SITETYPE_MULTI1":null,"SITETYPE_MULTI2":null,"SITETYPE_MULTI3":null,"SITETYPE_MULTI4":null,"SITETYPE_MULTI5":null,"COUNTY":"CALEDONIA","COUNTRY":"US","SOURCEOFDATA":"Vermont Enhanced 911 Board","DRIVEWAYID":null,"ESZ":"00300","HOUSE_NUMBER":600,"HOUSE_NUMBERSUFFIX":null,"HOUSE_NUMBERPREFIX":null,"FIPS":"5005"}},
{"type":"Feature","id":185094,"geometry":{"type":"Point","coordinates":[-71.8838690543673,44.3647293385263]},"properties":{"OBJECTID":185094,"SEGMENTID":35906,"ESITEID":275744,"GEONAMEID":22317,"PD":" ","PT":" ","SN":"HIGH RIDGE","ST":"RD","SD":" ","PRIMARYNAME":"HIGH RIDGE RD  ","ALIAS1":null,"ALIAS2":null,"ALIAS3":null,"ALIAS4":null,"ALIAS5":"9\/8\/2017 12:03:33 PM","PRIMARYADDRESS":"593 HIGH RIDGE RD","SITETYPE":"SINGLE FAMILY DWELLING","TOWNNAME":"WATERFORD","MCODE":721,"ESN":300,"ZIP":"05819","PARCELNUM":"481.","GPSX":-71.88386807,"GPSY":44.36472032,"MAPYEAR":"Thu, 01 Jan 1998 00:00:00 GMT","UPDATEDATE":"Fri, 27 Jan 2023 21:28:49 GMT","STATE":"VT","FIPS8":5005,"SPAN":"699-222-10032","SUBTYPE":null,"GlobalID_1":"3d83b127-1bd7-47da-9319-0caae3cee4c4","UNITCOUNT":1,"PRIMARYADD1":"593 HIGH RIDGE RD WATERFORD","PRIMARYADD2":"593 HIGH RIDGE RD WATERFORD VT 05819","SITETYPE_MULTI1":null,"SITETYPE_MULTI2":null,"SITETYPE_MULTI3":null,"SITETYPE_MULTI4":null,"SITETYPE_MULTI5":null,"COUNTY":"CALEDONIA","COUNTRY":"US","SOURCEOFDATA":"Vermont Enhanced 911 Board","DRIVEWAYID":null,"ESZ":"00300","HOUSE_NUMBER":593,"HOUSE_NUMBERSUFFIX":null,"HOUSE_NUMBERPREFIX":null,"FIPS":"5005"}},
{"type":"Feature","id":130941,"geometry":{"type":"Point","coordinates":[-71.9491455597046,44.3650694241419]},"properties":{"OBJECTID":130941,"SEGMENTID":17354,"ESITEID":275745,"GEONAMEID":22326,"PD":" ","PT":" ","SN":"DUCK POND","ST":"RD","SD":" ","PRIMARYNAME":"DUCK POND RD  ","ALIAS1":null,"ALIAS2":null,"ALIAS3":null,"ALIAS4":null,"ALIAS5":"5\/12\/2015 7:30:02 PM","PRIMARYADDRESS":"3772 DUCK POND RD","SITETYPE":"SINGLE FAMILY DWELLING","TOWNNAME":"WATERFORD","MCODE":721,"ESN":300,"ZIP":"05819","PARCELNUM":"784.","GPSX":-71.94914455,"GPSY":44.36506041,"MAPYEAR":"Thu, 01 Jan 1998 00:00:00 GMT","UPDATEDATE":"Mon, 13 Feb 2023 10:48:19 GMT","STATE":"VT","FIPS8":5005,"SPAN":"699-222-10627","SUBTYPE":null,"GlobalID_1":"8e96f94e-d423-4c39-a13f-978e9d57bc2c","UNITCOUNT":1,"PRIMARYADD1":"3772 DUCK POND RD WATERFORD","PRIMARYADD2":"3772 DUCK POND RD WATERFORD VT 05819","SITETYPE_MULTI1":null,"SITETYPE_MULTI2":null,"SITETYPE_MULTI3":null,"SITETYPE_MULTI4":null,"SITETYPE_MULTI5":null,"COUNTY":"CALEDONIA","COUNTRY":"US","SOURCEOFDATA":"Vermont Enhanced 911 Board","DRIVEWAYID":null,"ESZ":"00300","HOUSE_NUMBER":3772,"HOUSE_NUMBERSUFFIX":null,"HOUSE_NUMBERPREFIX":null,"FIPS":"5005"}},
{"type":"Feature","id":106160,"geometry":{"type":"Point","coordinates":[-71.8659831481433,44.3645622815541]},"properties":{"OBJECTID":106160,"SEGMENTID":36883,"ESITEID":275746,"GEONAMEID":22319,"PD":" ","PT":" ","SN":"SHADOW LAKE","ST":"RD","SD":" ","PRIMARYNAME":"SHADOW LAKE RD  ","ALIAS1":null,"ALIAS2":null,"ALIAS3":null,"ALIAS4":null,"ALIAS5":"12\/28\/2018 10:13:54 AM","PRIMARYADDRESS":"1789 SHADOW LAKE RD","SITETYPE":"SINGLE FAMILY DWELLING","TOWNNAME":"WATERFORD","MCODE":721,"ESN":300,"ZIP":"05819","PARCELNUM":"770.","GPSX":-71.86598217,"GPSY":44.36455326,"MAPYEAR":"Thu, 01 Jan 1998 00:00:00 GMT","UPDATEDATE":"Fri, 27 Jan 2023 21:28:49 GMT","STATE":"VT","FIPS8":5005,"SPAN":"699-222-10614","SUBTYPE":null,"GlobalID_1":"d698672f-a2c7-4f88-ae16-078638b9d771","UNITCOUNT":1,"PRIMARYADD1":"1789 SHADOW LAKE RD WATERFORD","PRIMARYADD2":"1789 SHADOW LAKE RD WATERFORD VT 05819","SITETYPE_MULTI1":null,"SITETYPE_MULTI2":null,"SITETYPE_MULTI3":null,"SITETYPE_MULTI4":null,"SITETYPE_MULTI5":null,"COUNTY":"CALEDONIA","COUNTRY":"US","SOURCEOFDATA":"Vermont Enhanced 911 Board","DRIVEWAYID":null,"ESZ":"00300","HOUSE_NUMBER":1789,"HOUSE_NUMBERSUFFIX":null,"HOUSE_NUMBERPREFIX":null,"FIPS":"5005"}},
{"type":"Feature","id":338560,"geometry":{"type":"Point","coordinates":[-71.9493693692111,44.3647582471096]},"properties":{"OBJECTID":338560,"SEGMENTID":17354,"ESITEID":275747,"GEONAMEID":22326,"PD":" ","PT":" ","SN":"DUCK POND","ST":"RD","SD":" ","PRIMARYNAME":"DUCK POND RD  ","ALIAS1":null,"ALIAS2":null,"ALIAS3":null,"ALIAS4":null,"ALIAS5":"5\/12\/2015 7:30:02 PM","PRIMARYADDRESS":"3796 DUCK POND RD","SITETYPE":"COMMERCIAL","TOWNNAME":"WATERFORD","MCODE":721,"ESN":300,"ZIP":"05819","PARCELNUM":"784.","GPSX":-71.94936835,"GPSY":44.36474923,"MAPYEAR":"Thu, 01 Jan 1998 00:00:00 GMT","UPDATEDATE":"Fri, 27 Jan 2023 21:28:52 GMT","STATE":"VT","FIPS8":5005,"SPAN":"699-222-10627","SUBTYPE":null,"GlobalID_1":"8422fca6-e0ce-4120-96d3-5fcae34d82d4","UNITCOUNT":1,"PRIMARYADD1":"3796 DUCK POND RD WATERFORD","PRIMARYADD2":"3796 DUCK POND RD WATERFORD VT 05819","SITETYPE_MULTI1":null,"SITETYPE_MULTI2":null,"SITETYPE_MULTI3":null,"SITETYPE_MULTI4":null,"SITETYPE_MULTI5":null,"COUNTY":"CALEDONIA","COUNTRY":"US","SOURCEOFDATA":"Vermont Enhanced 911 Board","DRIVEWAYID":null,"ESZ":"00300","HOUSE_NUMBER":3796,"HOUSE_NUMBERSUFFIX":null,"HOUSE_NUMBERPREFIX":null,"FIPS":"5005"}},
{"type":"Feature","id":180740,"geometry":{"type":"Point","coordinates":[-71.8638484716174,44.3645666515372]},"properties":{"OBJECTID":180740,"SEGMENTID":36883,"ESITEID":275748,"GEONAMEID":22319,"PD":" ","PT":" ","SN":"SHADOW LAKE","ST":"RD","SD":" ","PRIMARYNAME":"SHADOW LAKE RD  ","ALIAS1":null,"ALIAS2":null,"ALIAS3":null,"ALIAS4":null,"ALIAS5":"12\/28\/2018 10:14:00 AM","PRIMARYADDRESS":"1780 SHADOW LAKE RD","SITETYPE":"SINGLE FAMILY DWELLING","TOWNNAME":"WATERFORD","MCODE":721,"ESN":300,"ZIP":"05819","PARCELNUM":"781.","GPSX":-71.86384749,"GPSY":44.36455763,"MAPYEAR":"Thu, 01 Jan 1998 00:00:00 GMT","UPDATEDATE":"Fri, 27 Jan 2023 21:28:49 GMT","STATE":"VT","FIPS8":5005,"SPAN":"699-222-10625","SUBTYPE":null,"GlobalID_1":"b5164335-b21f-43e2-ba6d-98be75c4d09c","UNITCOUNT":1,"PRIMARYADD1":"1780 SHADOW LAKE RD WATERFORD","PRIMARYADD2":"1780 SHADOW LAKE RD WATERFORD VT 05819","SITETYPE_MULTI1":null,"SITETYPE_MULTI2":null,"SITETYPE_MULTI3":null,"SITETYPE_MULTI4":null,"SITETYPE_MULTI5":null,"COUNTY":"CALEDONIA","COUNTRY":"US","SOURCEOFDATA":"Vermont Enhanced 911 Board","DRIVEWAYID":null,"ESZ":"00300","HOUSE_NUMBER":1780,"HOUSE_NUMBERSUFFIX":null,"HOUSE_NUMBERPREFIX":null,"FIPS":"5005"}},
{"type":"Feature","id":280895,"geometry":{"type":"Point","coordinates":[-71.8912321641726,44.3637181734352]},"properties":{"OBJECTID":280895,"SEGMENTID":58215,"ESITEID":275749,"GEONAMEID":435570,"PD":"","PT":"","SN":"OLD COUNTY","ST":"RD","SD":"S","PRIMARYNAME":"OLD COUNTY RD S","ALIAS1":null,"ALIAS2":null,"ALIAS3":null,"ALIAS4":null,"ALIAS5":"11\/15\/2016 4:01:36 PM","PRIMARYADDRESS":"3405 OLD COUNTY RD S","SITETYPE":"SINGLE FAMILY DWELLING","TOWNNAME":"WATERFORD","MCODE":721,"ESN":300,"ZIP":"05819","PARCELNUM":"751.","GPSX":-71.89123117,"GPSY":44.36370916,"MAPYEAR":"Thu, 01 Jan 1998 00:00:00 GMT","UPDATEDATE":"Sat, 28 Jan 2023 00:28:44 GMT","STATE":"VT","FIPS8":5005,"SPAN":"699-222-10594","SUBTYPE":null,"GlobalID_1":"5734bd32-078f-4aeb-b0bd-8cdec848c14b","UNITCOUNT":1,"PRIMARYADD1":"3405 OLD COUNTY RD S WATERFORD","PRIMARYADD2":"3405 OLD COUNTY RD S WATERFORD VT 05819","SITETYPE_MULTI1":null,"SITETYPE_MULTI2":null,"SITETYPE_MULTI3":null,"SITETYPE_MULTI4":null,"SITETYPE_MULTI5":null,"COUNTY":"CALEDONIA","COUNTRY":"US","SOURCEOFDATA":"Vermont Enhanced 911 Board","DRIVEWAYID":null,"ESZ":"00300","HOUSE_NUMBER":3405,"HOUSE_NUMBERSUFFIX":null,"HOUSE_NUMBERPREFIX":null,"FIPS":"5005"}},
{"type":"Feature","id":84040,"geometry":{"type":"Point","coordinates":[-71.9630900043981,44.3634123335339]},"properties":{"OBJECTID":84040,"SEGMENTID":17353,"ESITEID":275750,"GEONAMEID":22342,"PD":" ","PT":" ","SN":"HALE","ST":"RD","SD":" ","PRIMARYNAME":"HALE RD","ALIAS1":null,"ALIAS2":null,"ALIAS3":null,"ALIAS4":null,"ALIAS5":"5\/12\/2015 7:29:44 PM","PRIMARYADDRESS":"517 HALE RD","SITETYPE":"SINGLE FAMILY DWELLING","TOWNNAME":"WATERFORD","MCODE":721,"ESN":300,"ZIP":"05819","PARCELNUM":"970.","GPSX":-71.96308898,"GPSY":44.36340332,"MAPYEAR":"Thu, 01 Jan 1998 00:00:00 GMT","UPDATEDATE":"Fri, 27 Jan 2023 21:23:05 GMT","STATE":"VT","FIPS8":5005,"SPAN":"699-222-10771","SUBTYPE":null,"GlobalID_1":"fcef66e7-85f7-40ce-9160-65651446eda9","UNITCOUNT":1,"PRIMARYADD1":"517 HALE RD WATERFORD","PRIMARYADD2":"517 HALE RD WATERFORD VT 05819","SITETYPE_MULTI1":null,"SITETYPE_MULTI2":null,"SITETYPE_MULTI3":null,"SITETYPE_MULTI4":null,"SITETYPE_MULTI5":null,"COUNTY":"CALEDONIA","COUNTRY":"US","SOURCEOFDATA":"Vermont Enhanced 911 Board","DRIVEWAYID":null,"ESZ":"00300","HOUSE_NUMBER":517,"HOUSE_NUMBERSUFFIX":null,"HOUSE_NUMBERPREFIX":null,"FIPS":"5005"}},
{"type":"Feature","id":267867,"geometry":{"type":"Point","coordinates":[-71.8847300401796,44.3627809803858]},"properties":{"OBJECTID":267867,"SEGMENTID":35906,"ESITEID":275751,"GEONAMEID":22317,"PD":" ","PT":" ","SN":"HIGH RIDGE","ST":"RD","SD":" ","PRIMARYNAME":"HIGH RIDGE RD  ","ALIAS1":null,"ALIAS2":null,"ALIAS3":null,"ALIAS4":null,"ALIAS5":"5\/12\/2015 7:30:02 PM","PRIMARYADDRESS":"407 HIGH RIDGE RD","SITETYPE":"SINGLE FAMILY DWELLING","TOWNNAME":"WATERFORD","MCODE":721,"ESN":300,"ZIP":"05819","PARCELNUM":"480.","GPSX":-71.88472905,"GPSY":44.36277196,"MAPYEAR":"Thu, 01 Jan 1998 00:00:00 GMT","UPDATEDATE":"Thu, 29 May 2025 12:35:20 GMT","STATE":"VT","FIPS8":5005,"SPAN":"699-222-10650","SUBTYPE":null,"GlobalID_1":"8adb8de4-f718-4615-9a15-947e159b5c09","UNITCOUNT":1,"PRIMARYADD1":"407 HIGH RIDGE RD WATERFORD","PRIMARYADD2":"407 HIGH RIDGE RD WATERFORD VT 05819","SITETYPE_MULTI1":null,"SITETYPE_MULTI2":null,"SITETYPE_MULTI3":null,"SITETYPE_MULTI4":null,"SITETYPE_MULTI5":null,"COUNTY":"CALEDONIA","COUNTRY":"US","SOURCEOFDATA":"Vermont Enhanced 911 Board","DRIVEWAYID":null,"ESZ":"00300","HOUSE_NUMBER":407,"HOUSE_NUMBERSUFFIX":null,"HOUSE_NUMBERPREFIX":null,"FIPS":"5005"}},
{"type":"Feature","id":232356,"geometry":{"type":"Point","coordinates":[-71.8906717683472,44.3624128845165]},"properties":{"OBJECTID":232356,"SEGMENTID":50842,"ESITEID":275752,"GEONAMEID":435570,"PD":"","PT":"","SN":"OLD COUNTY","ST":"RD","SD":"S","PRIMARYNAME":"OLD COUNTY RD S","ALIAS1":null,"ALIAS2":null,"ALIAS3":null,"ALIAS4":null,"ALIAS5":"5\/12\/2015 7:29:44 PM","PRIMARYADDRESS":"3501 OLD COUNTY RD S","SITETYPE":"SINGLE FAMILY DWELLING","TOWNNAME":"WATERFORD","MCODE":721,"ESN":300,"ZIP":"05819","PARCELNUM":"533.","GPSX":-71.89067077,"GPSY":44.36240386,"MAPYEAR":"Thu, 01 Jan 1998 00:00:00 GMT","UPDATEDATE":"Sat, 28 Jan 2023 00:28:44 GMT","STATE":"VT","FIPS8":5005,"SPAN":"699-222-10304","SUBTYPE":null,"GlobalID_1":"fd00c887-046b-416d-8104-4b62a3a1b718","UNITCOUNT":1,"PRIMARYADD1":"3501 OLD COUNTY RD S WATERFORD","PRIMARYADD2":"3501 OLD COUNTY RD S WATERFORD VT 05819","SITETYPE_MULTI1":null,"SITETYPE_MULTI2":null,"SITETYPE_MULTI3":null,"SITETYPE_MULTI4":null,"SITETYPE_MULTI5":null,"COUNTY":"CALEDONIA","COUNTRY":"US","SOURCEOFDATA":"Vermont Enhanced 911 Board","DRIVEWAYID":null,"ESZ":"00300","HOUSE_NUMBER":3501,"HOUSE_NUMBERSUFFIX":null,"HOUSE_NUMBERPREFIX":null,"FIPS":"5005"}},
{"type":"Feature","id":144267,"geometry":{"type":"Point","coordinates":[-71.9509312139333,44.3622630853233]},"properties":{"OBJECTID":144267,"SEGMENTID":17354,"ESITEID":275753,"GEONAMEID":22326,"PD":" ","PT":" ","SN":"DUCK POND","ST":"RD","SD":" ","PRIMARYNAME":"DUCK POND RD  ","ALIAS1":null,"ALIAS2":null,"ALIAS3":null,"ALIAS4":null,"ALIAS5":"3\/9\/2021 3:55:34 PM","PRIMARYADDRESS":"4002 DUCK POND RD","SITETYPE":"SINGLE FAMILY DWELLING","TOWNNAME":"WATERFORD","MCODE":721,"ESN":300,"ZIP":"05819","PARCELNUM":"700.1","GPSX":-71.9509302,"GPSY":44.36225407,"MAPYEAR":"Thu, 01 Jan 1998 00:00:00 GMT","UPDATEDATE":"Fri, 27 Jan 2023 21:28:52 GMT","STATE":"VT","FIPS8":5005,"SPAN":"699-222-10559","SUBTYPE":null,"GlobalID_1":"484e4477-c6a7-4d7c-a1f1-445095b8ec14","UNITCOUNT":1,"PRIMARYADD1":"4002 DUCK POND RD WATERFORD","PRIMARYADD2":"4002 DUCK POND RD WATERFORD VT 05819","SITETYPE_MULTI1":null,"SITETYPE_MULTI2":null,"SITETYPE_MULTI3":null,"SITETYPE_MULTI4":null,"SITETYPE_MULTI5":null,"COUNTY":"CALEDONIA","COUNTRY":"US","SOURCEOFDATA":"Vermont Enhanced 911 Board","DRIVEWAYID":null,"ESZ":"00300","HOUSE_NUMBER":4002,"HOUSE_NUMBERSUFFIX":null,"HOUSE_NUMBERPREFIX":null,"FIPS":"5005"}},
{"type":"Feature","id":202670,"geometry":{"type":"Point","coordinates":[-71.9026499209172,44.3617147943896]},"properties":{"OBJECTID":202670,"SEGMENTID":10124,"ESITEID":275754,"GEONAMEID":22314,"PD":" ","PT":" ","SN":"MAD BROOK","ST":"RD","SD":" ","PRIMARYNAME":"MAD BROOK RD  ","ALIAS1":null,"ALIAS2":null,"ALIAS3":null,"ALIAS4":null,"ALIAS5":"5\/12\/2015 7:30:02 PM","PRIMARYADDRESS":"94 MAD BROOK RD","SITETYPE":"SINGLE FAMILY DWELLING","TOWNNAME":"WATERFORD","MCODE":721,"ESN":300,"ZIP":"05819","PARCELNUM":"632.","GPSX":-71.90264892,"GPSY":44.36170577,"MAPYEAR":"Thu, 01 Jan 1998 00:00:00 GMT","UPDATEDATE":"Fri, 27 Jan 2023 21:28:48 GMT","STATE":"VT","FIPS8":5005,"SPAN":"699-222-10464","SUBTYPE":null,"GlobalID_1":"30ff60e6-ba0f-4a7d-be66-81e6d481d9c0","UNITCOUNT":1,"PRIMARYADD1":"94 MAD BROOK RD WATERFORD","PRIMARYADD2":"94 MAD BROOK RD WATERFORD VT 05819","SITETYPE_MULTI1":null,"SITETYPE_MULTI2":null,"SITETYPE_MULTI3":null,"SITETYPE_MULTI4":null,"SITETYPE_MULTI5":null,"COUNTY":"CALEDONIA","COUNTRY":"US","SOURCEOFDATA":"Vermont Enhanced 911 Board","DRIVEWAYID":null,"ESZ":"00300","HOUSE_NUMBER":94,"HOUSE_NUMBERSUFFIX":null,"HOUSE_NUMBERPREFIX":null,"FIPS":"5005"}},
{"type":"Feature","id":38173,"geometry":{"type":"Point","coordinates":[-71.9861231555403,44.361833048543]},"properties":{"OBJECTID":38173,"SEGMENTID":47175,"ESITEID":275755,"GEONAMEID":22343,"PD":" ","PT":" ","SN":"VALLEY VIEW","ST":"RD","SD":" ","PRIMARYNAME":"VALLEY VIEW RD","ALIAS1":null,"ALIAS2":null,"ALIAS3":null,"ALIAS4":null,"ALIAS5":"5\/12\/2015 7:29:44 PM","PRIMARYADDRESS":"427 VALLEY VIEW RD","SITETYPE":"SINGLE FAMILY DWELLING","TOWNNAME":"WATERFORD","MCODE":721,"ESN":300,"ZIP":"05819","PARCELNUM":"431.","GPSX":-71.98612213,"GPSY":44.36182403,"MAPYEAR":"Thu, 01 Jan 1998 00:00:00 GMT","UPDATEDATE":"Fri, 27 Jan 2023 21:23:06 GMT","STATE":"VT","FIPS8":5005,"SPAN":"699-222-10254","SUBTYPE":null,"GlobalID_1":"a5bb7966-5d12-4dd2-a166-31fd2a0b330a","UNITCOUNT":1,"PRIMARYADD1":"427 VALLEY VIEW RD WATERFORD","PRIMARYADD2":"427 VALLEY VIEW RD WATERFORD VT 05819","SITETYPE_MULTI1":null,"SITETYPE_MULTI2":null,"SITETYPE_MULTI3":null,"SITETYPE_MULTI4":null,"SITETYPE_MULTI5":null,"COUNTY":"CALEDONIA","COUNTRY":"US","SOURCEOFDATA":"Vermont Enhanced 911 Board","DRIVEWAYID":null,"ESZ":"00300","HOUSE_NUMBER":427,"HOUSE_NUMBERSUFFIX":null,"HOUSE_NUMBERPREFIX":null,"FIPS":"5005"}},
{"type":"Feature","id":119369,"geometry":{"type":"Point","coordinates":[-71.8687303541124,44.3608381514802]},"properties":{"OBJECTID":119369,"SEGMENTID":36883,"ESITEID":275756,"GEONAMEID":22319,"PD":" ","PT":" ","SN":"SHADOW LAKE","ST":"RD","SD":" ","PRIMARYNAME":"SHADOW LAKE RD  ","ALIAS1":null,"ALIAS2":null,"ALIAS3":null,"ALIAS4":null,"ALIAS5":"5\/12\/2015 7:30:02 PM","PRIMARYADDRESS":"1512 SHADOW LAKE RD","SITETYPE":"SINGLE FAMILY DWELLING","TOWNNAME":"WATERFORD","MCODE":721,"ESN":300,"ZIP":"05819","PARCELNUM":"709.","GPSX":-71.86872937,"GPSY":44.36082913,"MAPYEAR":"Thu, 01 Jan 1998 00:00:00 GMT","UPDATEDATE":"Fri, 27 Jan 2023 21:28:49 GMT","STATE":"VT","FIPS8":5005,"SPAN":"699-222-10548","SUBTYPE":null,"GlobalID_1":"cf820f5f-6144-41bb-99fe-423eef71620f","UNITCOUNT":1,"PRIMARYADD1":"1512 SHADOW LAKE RD WATERFORD","PRIMARYADD2":"1512 SHADOW LAKE RD WATERFORD VT 05819","SITETYPE_MULTI1":null,"SITETYPE_MULTI2":null,"SITETYPE_MULTI3":null,"SITETYPE_MULTI4":null,"SITETYPE_MULTI5":null,"COUNTY":"CALEDONIA","COUNTRY":"US","SOURCEOFDATA":"Vermont Enhanced 911 Board","DRIVEWAYID":null,"ESZ":"00300","HOUSE_NUMBER":1512,"HOUSE_NUMBERSUFFIX":null,"HOUSE_NUMBERPREFIX":null,"FIPS":"5005"}},
{"type":"Feature","id":17997,"geometry":{"type":"Point","coordinates":[-71.8908876086251,44.3609676376399]},"properties":{"OBJECTID":17997,"SEGMENTID":50842,"ESITEID":275757,"GEONAMEID":435570,"PD":"","PT":"","SN":"OLD COUNTY","ST":"RD","SD":"S","PRIMARYNAME":"OLD COUNTY RD S","ALIAS1":null,"ALIAS2":null,"ALIAS3":null,"ALIAS4":null,"ALIAS5":"11\/15\/2016 4:01:28 PM","PRIMARYADDRESS":"3590 OLD COUNTY RD S","SITETYPE":"SINGLE FAMILY DWELLING","TOWNNAME":"WATERFORD","MCODE":721,"ESN":300,"ZIP":"05819","PARCELNUM":"352.","GPSX":-71.89088662,"GPSY":44.36095862,"MAPYEAR":"Thu, 01 Jan 1998 00:00:00 GMT","UPDATEDATE":"Sat, 28 Jan 2023 00:28:44 GMT","STATE":"VT","FIPS8":5005,"SPAN":"699-222-10165","SUBTYPE":null,"GlobalID_1":"def4c013-4f29-4e47-9d26-d52b201ab8ab","UNITCOUNT":1,"PRIMARYADD1":"3590 OLD COUNTY RD S WATERFORD","PRIMARYADD2":"3590 OLD COUNTY RD S WATERFORD VT 05819","SITETYPE_MULTI1":null,"SITETYPE_MULTI2":null,"SITETYPE_MULTI3":null,"SITETYPE_MULTI4":null,"SITETYPE_MULTI5":null,"COUNTY":"CALEDONIA","COUNTRY":"US","SOURCEOFDATA":"Vermont Enhanced 911 Board","DRIVEWAYID":null,"ESZ":"00300","HOUSE_NUMBER":3590,"HOUSE_NUMBERSUFFIX":null,"HOUSE_NUMBERPREFIX":null,"FIPS":"5005"}},
{"type":"Feature","id":26364,"geometry":{"type":"Point","coordinates":[-71.8871913732323,44.3610172354215]},"properties":{"OBJECTID":26364,"SEGMENTID":35906,"ESITEID":275758,"GEONAMEID":22317,"PD":" ","PT":" ","SN":"HIGH RIDGE","ST":"RD","SD":" ","PRIMARYNAME":"HIGH RIDGE RD  ","ALIAS1":null,"ALIAS2":null,"ALIAS3":null,"ALIAS4":null,"ALIAS5":"5\/12\/2015 7:30:02 PM","PRIMARYADDRESS":"161 HIGH RIDGE RD","SITETYPE":"SINGLE FAMILY DWELLING","TOWNNAME":"WATERFORD","MCODE":721,"ESN":300,"ZIP":"05819","PARCELNUM":"898.","GPSX":-71.88719038,"GPSY":44.36100821,"MAPYEAR":"Thu, 01 Jan 1998 00:00:00 GMT","UPDATEDATE":"Fri, 27 Jan 2023 21:28:49 GMT","STATE":"VT","FIPS8":5005,"SPAN":"699-222-10779","SUBTYPE":null,"GlobalID_1":"aec0f2f1-c78a-4ce0-a192-746033a4f109","UNITCOUNT":1,"PRIMARYADD1":"161 HIGH RIDGE RD WATERFORD","PRIMARYADD2":"161 HIGH RIDGE RD WATERFORD VT 05819","SITETYPE_MULTI1":null,"SITETYPE_MULTI2":null,"SITETYPE_MULTI3":null,"SITETYPE_MULTI4":null,"SITETYPE_MULTI5":null,"COUNTY":"CALEDONIA","COUNTRY":"US","SOURCEOFDATA":"Vermont Enhanced 911 Board","DRIVEWAYID":null,"ESZ":"00300","HOUSE_NUMBER":161,"HOUSE_NUMBERSUFFIX":null,"HOUSE_NUMBERPREFIX":null,"FIPS":"5005"}},
{"type":"Feature","id":244494,"geometry":{"type":"Point","coordinates":[-71.961918325757,44.3612322375891]},"properties":{"OBJECTID":244494,"SEGMENTID":17353,"ESITEID":275759,"GEONAMEID":22342,"PD":" ","PT":" ","SN":"HALE","ST":"RD","SD":" ","PRIMARYNAME":"HALE RD","ALIAS1":null,"ALIAS2":null,"ALIAS3":null,"ALIAS4":null,"ALIAS5":"9\/14\/2017 2:53:30 PM","PRIMARYADDRESS":"379 HALE RD","SITETYPE":"SINGLE FAMILY DWELLING","TOWNNAME":"WATERFORD","MCODE":721,"ESN":300,"ZIP":"05819","PARCELNUM":"733.","GPSX":-71.96191731,"GPSY":44.36122322,"MAPYEAR":"Thu, 01 Jan 1998 00:00:00 GMT","UPDATEDATE":"Fri, 27 Jan 2023 21:23:06 GMT","STATE":"VT","FIPS8":5005,"SPAN":"699-222-10674","SUBTYPE":null,"GlobalID_1":"dcdeaacf-14f0-422d-b6d9-100f0a931d63","UNITCOUNT":1,"PRIMARYADD1":"379 HALE RD WATERFORD","PRIMARYADD2":"379 HALE RD WATERFORD VT 05819","SITETYPE_MULTI1":null,"SITETYPE_MULTI2":null,"SITETYPE_MULTI3":null,"SITETYPE_MULTI4":null,"SITETYPE_MULTI5":null,"COUNTY":"CALEDONIA","COUNTRY":"US","SOURCEOFDATA":"Vermont Enhanced 911 Board","DRIVEWAYID":null,"ESZ":"00300","HOUSE_NUMBER":379,"HOUSE_NUMBERSUFFIX":null,"HOUSE_NUMBERPREFIX":null,"FIPS":"5005"}},
{"type":"Feature","id":310625,"geometry":{"type":"Point","coordinates":[-71.8706563855647,44.3607826683625]},"properties":{"OBJECTID":310625,"SEGMENTID":36883,"ESITEID":275760,"GEONAMEID":22319,"PD":" ","PT":" ","SN":"SHADOW LAKE","ST":"RD","SD":" ","PRIMARYNAME":"SHADOW LAKE RD  ","ALIAS1":null,"ALIAS2":null,"ALIAS3":null,"ALIAS4":null,"ALIAS5":"5\/12\/2015 7:30:02 PM","PRIMARYADDRESS":"1383 SHADOW LAKE RD","SITETYPE":"SINGLE FAMILY DWELLING","TOWNNAME":"WATERFORD","MCODE":721,"ESN":300,"ZIP":"05819","PARCELNUM":"709.","GPSX":-71.8706554,"GPSY":44.36077365,"MAPYEAR":"Thu, 01 Jan 1998 00:00:00 GMT","UPDATEDATE":"Fri, 27 Jan 2023 21:28:49 GMT","STATE":"VT","FIPS8":5005,"SPAN":"699-222-10548","SUBTYPE":null,"GlobalID_1":"e99591a4-72eb-4fd6-8594-6bc1fdd645fa","UNITCOUNT":1,"PRIMARYADD1":"1383 SHADOW LAKE RD WATERFORD","PRIMARYADD2":"1383 SHADOW LAKE RD WATERFORD VT 05819","SITETYPE_MULTI1":null,"SITETYPE_MULTI2":null,"SITETYPE_MULTI3":null,"SITETYPE_MULTI4":null,"SITETYPE_MULTI5":null,"COUNTY":"CALEDONIA","COUNTRY":"US","SOURCEOFDATA":"Vermont Enhanced 911 Board","DRIVEWAYID":null,"ESZ":"00300","HOUSE_NUMBER":1383,"HOUSE_NUMBERSUFFIX":null,"HOUSE_NUMBERPREFIX":null,"FIPS":"5005"}},
{"type":"Feature","id":191192,"geometry":{"type":"Point","coordinates":[-71.9870708436974,44.3612262219191]},"properties":{"OBJECTID":191192,"SEGMENTID":47175,"ESITEID":275761,"GEONAMEID":22343,"PD":" ","PT":" ","SN":"VALLEY VIEW","ST":"RD","SD":" ","PRIMARYNAME":"VALLEY VIEW RD","ALIAS1":null,"ALIAS2":null,"ALIAS3":null,"ALIAS4":null,"ALIAS5":"5\/12\/2015 7:29:44 PM","PRIMARYADDRESS":"496 VALLEY VIEW RD","SITETYPE":"SINGLE FAMILY DWELLING","TOWNNAME":"WATERFORD","MCODE":721,"ESN":300,"ZIP":"05819","PARCELNUM":"902.","GPSX":-71.98706982,"GPSY":44.36121721,"MAPYEAR":"Thu, 01 Jan 1998 00:00:00 GMT","UPDATEDATE":"Thu, 29 May 2025 13:15:48 GMT","STATE":"VT","FIPS8":5005,"SPAN":"699-222-10790","SUBTYPE":null,"GlobalID_1":"2f196f9b-0593-4fae-b3b3-9dc8e645be30","UNITCOUNT":1,"PRIMARYADD1":"496 VALLEY VIEW RD WATERFORD","PRIMARYADD2":"496 VALLEY VIEW RD WATERFORD VT 05819","SITETYPE_MULTI1":null,"SITETYPE_MULTI2":null,"SITETYPE_MULTI3":null,"SITETYPE_MULTI4":null,"SITETYPE_MULTI5":null,"COUNTY":"CALEDONIA","COUNTRY":"US","SOURCEOFDATA":"Vermont Enhanced 911 Board","DRIVEWAYID":null,"ESZ":"00300","HOUSE_NUMBER":496,"HOUSE_NUMBERSUFFIX":null,"HOUSE_NUMBERPREFIX":null,"FIPS":"5005"}},
{"type":"Feature","id":14063,"geometry":{"type":"Point","coordinates":[-71.9585758600391,44.3605438010969]},"properties":{"OBJECTID":14063,"SEGMENTID":17353,"ESITEID":275762,"GEONAMEID":22342,"PD":" ","PT":" ","SN":"HALE","ST":"RD","SD":" ","PRIMARYNAME":"HALE RD","ALIAS1":null,"ALIAS2":null,"ALIAS3":null,"ALIAS4":null,"ALIAS5":"9\/14\/2017 2:53:23 PM","PRIMARYADDRESS":"220 HALE RD","SITETYPE":"SINGLE FAMILY DWELLING","TOWNNAME":"WATERFORD","MCODE":721,"ESN":300,"ZIP":"05819","PARCELNUM":"900.","GPSX":-71.95857485,"GPSY":44.36053479,"MAPYEAR":"Thu, 01 Jan 1998 00:00:00 GMT","UPDATEDATE":"Fri, 27 Jan 2023 21:23:06 GMT","STATE":"VT","FIPS8":5005,"SPAN":"699-222-10788","SUBTYPE":null,"GlobalID_1":"474ff569-606c-4f86-9688-3fece5fe1c12","UNITCOUNT":1,"PRIMARYADD1":"220 HALE RD WATERFORD","PRIMARYADD2":"220 HALE RD WATERFORD VT 05819","SITETYPE_MULTI1":null,"SITETYPE_MULTI2":null,"SITETYPE_MULTI3":null,"SITETYPE_MULTI4":null,"SITETYPE_MULTI5":null,"COUNTY":"CALEDONIA","COUNTRY":"US","SOURCEOFDATA":"Vermont Enhanced 911 Board","DRIVEWAYID":null,"ESZ":"00300","HOUSE_NUMBER":220,"HOUSE_NUMBERSUFFIX":null,"HOUSE_NUMBERPREFIX":null,"FIPS":"5005"}},
{"type":"Feature","id":343512,"geometry":{"type":"Point","coordinates":[-71.8857268940911,44.3601336060458]},"properties":{"OBJECTID":343512,"SEGMENTID":35906,"ESITEID":275763,"GEONAMEID":22317,"PD":" ","PT":" ","SN":"HIGH RIDGE","ST":"RD","SD":" ","PRIMARYNAME":"HIGH RIDGE RD  ","ALIAS1":null,"ALIAS2":null,"ALIAS3":null,"ALIAS4":null,"ALIAS5":"5\/13\/2015 2:02:10 PM","PRIMARYADDRESS":"178 HIGH RIDGE RD","SITETYPE":"SINGLE FAMILY DWELLING","TOWNNAME":"WATERFORD","MCODE":721,"ESN":300,"ZIP":"05819","PARCELNUM":"652.","GPSX":-71.8857259,"GPSY":44.36012458,"MAPYEAR":"Thu, 01 Jan 1998 00:00:00 GMT","UPDATEDATE":"Fri, 27 Jan 2023 21:28:49 GMT","STATE":"VT","FIPS8":5005,"SPAN":"699-222-10479","SUBTYPE":null,"GlobalID_1":"f9a92591-4449-4c2c-b6b5-db069bbcdd8d","UNITCOUNT":1,"PRIMARYADD1":"178 HIGH RIDGE RD WATERFORD","PRIMARYADD2":"178 HIGH RIDGE RD WATERFORD VT 05819","SITETYPE_MULTI1":null,"SITETYPE_MULTI2":null,"SITETYPE_MULTI3":null,"SITETYPE_MULTI4":null,"SITETYPE_MULTI5":null,"COUNTY":"CALEDONIA","COUNTRY":"US","SOURCEOFDATA":"Vermont Enhanced 911 Board","DRIVEWAYID":null,"ESZ":"00300","HOUSE_NUMBER":178,"HOUSE_NUMBERSUFFIX":null,"HOUSE_NUMBERPREFIX":null,"FIPS":"5005"}},
{"type":"Feature","id":267942,"geometry":{"type":"Point","coordinates":[-71.8905000348558,44.3596206427907]},"properties":{"OBJECTID":267942,"SEGMENTID":50842,"ESITEID":275764,"GEONAMEID":435570,"PD":"","PT":"","SN":"OLD COUNTY","ST":"RD","SD":"S","PRIMARYNAME":"OLD COUNTY RD S","ALIAS1":null,"ALIAS2":null,"ALIAS3":null,"ALIAS4":null,"ALIAS5":"5\/12\/2015 7:29:44 PM","PRIMARYADDRESS":"3680 OLD COUNTY RD S","SITETYPE":"SINGLE FAMILY DWELLING","TOWNNAME":"WATERFORD","MCODE":721,"ESN":300,"ZIP":"05819","PARCELNUM":"500.","GPSX":-71.89049904,"GPSY":44.35961162,"MAPYEAR":"Thu, 01 Jan 1998 00:00:00 GMT","UPDATEDATE":"Sat, 28 Jan 2023 00:28:44 GMT","STATE":"VT","FIPS8":5005,"SPAN":"699-222-10451","SUBTYPE":null,"GlobalID_1":"f53ff4ce-b513-40ef-ad3c-e161cefbee64","UNITCOUNT":1,"PRIMARYADD1":"3680 OLD COUNTY RD S WATERFORD","PRIMARYADD2":"3680 OLD COUNTY RD S WATERFORD VT 05819","SITETYPE_MULTI1":null,"SITETYPE_MULTI2":null,"SITETYPE_MULTI3":null,"SITETYPE_MULTI4":null,"SITETYPE_MULTI5":null,"COUNTY":"CALEDONIA","COUNTRY":"US","SOURCEOFDATA":"Vermont Enhanced 911 Board","DRIVEWAYID":null,"ESZ":"00300","HOUSE_NUMBER":3680,"HOUSE_NUMBERSUFFIX":null,"HOUSE_NUMBERPREFIX":null,"FIPS":"5005"}},
{"type":"Feature","id":246053,"geometry":{"type":"Point","coordinates":[-71.9049831047739,44.359597472662]},"properties":{"OBJECTID":246053,"SEGMENTID":13598,"ESITEID":275765,"GEONAMEID":22321,"PD":" ","PT":"","SN":"VT ROUTE 18","ST":" ","SD":" ","PRIMARYNAME":"VT ROUTE 18","ALIAS1":null,"ALIAS2":"ROUTE 18","ALIAS3":null,"ALIAS4":null,"ALIAS5":"9\/13\/2018 9:04:17 AM","PRIMARYADDRESS":"6035 VT ROUTE 18","SITETYPE":"SINGLE FAMILY DWELLING","TOWNNAME":"WATERFORD","MCODE":721,"ESN":300,"ZIP":"05819","PARCELNUM":"393.","GPSX":-71.90498211,"GPSY":44.35958846,"MAPYEAR":"Thu, 01 Jan 1998 00:00:00 GMT","UPDATEDATE":"Fri, 27 Jan 2023 23:49:11 GMT","STATE":"VT","FIPS8":5005,"SPAN":"699-222-10388","SUBTYPE":null,"GlobalID_1":"6129edb6-73a3-4cb0-850a-38a80d430e1a","UNITCOUNT":1,"PRIMARYADD1":"6035 VT ROUTE 18 WATERFORD","PRIMARYADD2":"6035 VT ROUTE 18 WATERFORD VT 05819","SITETYPE_MULTI1":null,"SITETYPE_MULTI2":null,"SITETYPE_MULTI3":null,"SITETYPE_MULTI4":null,"SITETYPE_MULTI5":null,"COUNTY":"CALEDONIA","COUNTRY":"US","SOURCEOFDATA":"Vermont Enhanced 911 Board","DRIVEWAYID":null,"ESZ":"00300","HOUSE_NUMBER":6035,"HOUSE_NUMBERSUFFIX":null,"HOUSE_NUMBERPREFIX":null,"FIPS":"5005"}},
{"type":"Feature","id":271722,"geometry":{"type":"Point","coordinates":[-71.9056912619307,44.3595261644423]},"properties":{"OBJECTID":271722,"SEGMENTID":13598,"ESITEID":275766,"GEONAMEID":22321,"PD":" ","PT":"","SN":"VT ROUTE 18","ST":" ","SD":" ","PRIMARYNAME":"VT ROUTE 18","ALIAS1":null,"ALIAS2":"ROUTE 18","ALIAS3":null,"ALIAS4":null,"ALIAS5":"9\/13\/2018 9:04:06 AM","PRIMARYADDRESS":"6047 VT ROUTE 18","SITETYPE":"SINGLE FAMILY DWELLING","TOWNNAME":"WATERFORD","MCODE":721,"ESN":300,"ZIP":"05819","PARCELNUM":"451.","GPSX":-71.90569027,"GPSY":44.35951715,"MAPYEAR":"Thu, 01 Jan 1998 00:00:00 GMT","UPDATEDATE":"Fri, 27 Jan 2023 23:58:37 GMT","STATE":"VT","FIPS8":5005,"SPAN":"699-222-10208","SUBTYPE":null,"GlobalID_1":"f945ade3-266b-47e3-a1de-f267b0107662","UNITCOUNT":1,"PRIMARYADD1":"6047 VT ROUTE 18 WATERFORD","PRIMARYADD2":"6047 VT ROUTE 18 WATERFORD VT 05819","SITETYPE_MULTI1":null,"SITETYPE_MULTI2":null,"SITETYPE_MULTI3":null,"SITETYPE_MULTI4":null,"SITETYPE_MULTI5":null,"COUNTY":"CALEDONIA","COUNTRY":"US","SOURCEOFDATA":"Vermont Enhanced 911 Board","DRIVEWAYID":null,"ESZ":"00300","HOUSE_NUMBER":6047,"HOUSE_NUMBERSUFFIX":null,"HOUSE_NUMBERPREFIX":null,"FIPS":"5005"}},
{"type":"Feature","id":310989,"geometry":{"type":"Point","coordinates":[-71.8870068947678,44.3593302575326]},"properties":{"OBJECTID":310989,"SEGMENTID":35906,"ESITEID":275767,"GEONAMEID":22317,"PD":" ","PT":" ","SN":"HIGH RIDGE","ST":"RD","SD":" ","PRIMARYNAME":"HIGH RIDGE RD  ","ALIAS1":null,"ALIAS2":null,"ALIAS3":null,"ALIAS4":null,"ALIAS5":"5\/12\/2015 7:30:02 PM","PRIMARYADDRESS":"140 HIGH RIDGE RD","SITETYPE":"SINGLE FAMILY DWELLING","TOWNNAME":"WATERFORD","MCODE":721,"ESN":300,"ZIP":"05819","PARCELNUM":"865.","GPSX":-71.8870059,"GPSY":44.35932124,"MAPYEAR":"Thu, 01 Jan 1998 00:00:00 GMT","UPDATEDATE":"Fri, 27 Jan 2023 21:28:49 GMT","STATE":"VT","FIPS8":5005,"SPAN":"699-222-10719","SUBTYPE":null,"GlobalID_1":"681e09aa-b1cc-4f91-a6e2-6ca17bdecc25","UNITCOUNT":1,"PRIMARYADD1":"140 HIGH RIDGE RD WATERFORD","PRIMARYADD2":"140 HIGH RIDGE RD WATERFORD VT 05819","SITETYPE_MULTI1":null,"SITETYPE_MULTI2":null,"SITETYPE_MULTI3":null,"SITETYPE_MULTI4":null,"SITETYPE_MULTI5":null,"COUNTY":"CALEDONIA","COUNTRY":"US","SOURCEOFDATA":"Vermont Enhanced 911 Board","DRIVEWAYID":null,"ESZ":"00300","HOUSE_NUMBER":140,"HOUSE_NUMBERSUFFIX":null,"HOUSE_NUMBERPREFIX":null,"FIPS":"5005"}},
{"type":"Feature","id":253915,"geometry":{"type":"Point","coordinates":[-71.8890856324313,44.3591068338507]},"properties":{"OBJECTID":253915,"SEGMENTID":35906,"ESITEID":275768,"GEONAMEID":22317,"PD":" ","PT":" ","SN":"HIGH RIDGE","ST":"RD","SD":" ","PRIMARYNAME":"HIGH RIDGE RD  ","ALIAS1":null,"ALIAS2":null,"ALIAS3":null,"ALIAS4":null,"ALIAS5":"5\/12\/2015 7:30:02 PM","PRIMARYADDRESS":"55 HIGH RIDGE RD","SITETYPE":"SINGLE FAMILY DWELLING","TOWNNAME":"WATERFORD","MCODE":721,"ESN":300,"ZIP":"05819","PARCELNUM":"061.","GPSX":-71.88908464,"GPSY":44.35909781,"MAPYEAR":"Thu, 01 Jan 1998 00:00:00 GMT","UPDATEDATE":"Fri, 27 Jan 2023 21:28:49 GMT","STATE":"VT","FIPS8":5005,"SPAN":"699-222-10040","SUBTYPE":null,"GlobalID_1":"7386bef7-cd30-4cd6-83a0-5e91aedad346","UNITCOUNT":1,"PRIMARYADD1":"55 HIGH RIDGE RD WATERFORD","PRIMARYADD2":"55 HIGH RIDGE RD WATERFORD VT 05819","SITETYPE_MULTI1":null,"SITETYPE_MULTI2":null,"SITETYPE_MULTI3":null,"SITETYPE_MULTI4":null,"SITETYPE_MULTI5":null,"COUNTY":"CALEDONIA","COUNTRY":"US","SOURCEOFDATA":"Vermont Enhanced 911 Board","DRIVEWAYID":null,"ESZ":"00300","HOUSE_NUMBER":55,"HOUSE_NUMBERSUFFIX":null,"HOUSE_NUMBERPREFIX":null,"FIPS":"5005"}},
{"type":"Feature","id":193762,"geometry":{"type":"Point","coordinates":[-71.9883585673678,44.3594755638055]},"properties":{"OBJECTID":193762,"SEGMENTID":47175,"ESITEID":275769,"GEONAMEID":22343,"PD":" ","PT":" ","SN":"VALLEY VIEW","ST":"RD","SD":" ","PRIMARYNAME":"VALLEY VIEW RD","ALIAS1":null,"ALIAS2":null,"ALIAS3":null,"ALIAS4":null,"ALIAS5":"5\/12\/2015 7:29:44 PM","PRIMARYADDRESS":"625 VALLEY VIEW RD","SITETYPE":"SINGLE FAMILY DWELLING","TOWNNAME":"WATERFORD","MCODE":721,"ESN":300,"ZIP":"05819","PARCELNUM":"902.","GPSX":-71.98835754,"GPSY":44.35946655,"MAPYEAR":"Thu, 01 Jan 1998 00:00:00 GMT","UPDATEDATE":"Fri, 27 Jan 2023 21:23:06 GMT","STATE":"VT","FIPS8":5005,"SPAN":"699-222-10790","SUBTYPE":null,"GlobalID_1":"e6e8d899-df7b-45a5-8c37-0ac9dd987704","UNITCOUNT":1,"PRIMARYADD1":"625 VALLEY VIEW RD WATERFORD","PRIMARYADD2":"625 VALLEY VIEW RD WATERFORD VT 05819","SITETYPE_MULTI1":null,"SITETYPE_MULTI2":null,"SITETYPE_MULTI3":null,"SITETYPE_MULTI4":null,"SITETYPE_MULTI5":null,"COUNTY":"CALEDONIA","COUNTRY":"US","SOURCEOFDATA":"Vermont Enhanced 911 Board","DRIVEWAYID":null,"ESZ":"00300","HOUSE_NUMBER":625,"HOUSE_NUMBERSUFFIX":null,"HOUSE_NUMBERPREFIX":null,"FIPS":"5005"}},
{"type":"Feature","id":249362,"geometry":{"type":"Point","coordinates":[-71.9058618967943,44.3590101742518]},"properties":{"OBJECTID":249362,"SEGMENTID":13598,"ESITEID":275770,"GEONAMEID":22321,"PD":" ","PT":"","SN":"VT ROUTE 18","ST":" ","SD":" ","PRIMARYNAME":"VT ROUTE 18","ALIAS1":null,"ALIAS2":"ROUTE 18","ALIAS3":null,"ALIAS4":null,"ALIAS5":"5\/12\/2015 7:33:20 PM","PRIMARYADDRESS":"6087 VT ROUTE 18","SITETYPE":"SINGLE FAMILY DWELLING","TOWNNAME":"WATERFORD","MCODE":721,"ESN":300,"ZIP":"05819","PARCELNUM":"828.","GPSX":-71.9058609,"GPSY":44.35900115,"MAPYEAR":"Thu, 01 Jan 1998 00:00:00 GMT","UPDATEDATE":"Fri, 27 Jan 2023 23:54:59 GMT","STATE":"VT","FIPS8":5005,"SPAN":"699-222-10672","SUBTYPE":null,"GlobalID_1":"31bb7b85-eb83-4f82-b66f-2823ad7839ae","UNITCOUNT":1,"PRIMARYADD1":"6087 VT ROUTE 18 WATERFORD","PRIMARYADD2":"6087 VT ROUTE 18 WATERFORD VT 05819","SITETYPE_MULTI1":null,"SITETYPE_MULTI2":null,"SITETYPE_MULTI3":null,"SITETYPE_MULTI4":null,"SITETYPE_MULTI5":null,"COUNTY":"CALEDONIA","COUNTRY":"US","SOURCEOFDATA":"Vermont Enhanced 911 Board","DRIVEWAYID":null,"ESZ":"00300","HOUSE_NUMBER":6087,"HOUSE_NUMBERSUFFIX":null,"HOUSE_NUMBERPREFIX":null,"FIPS":"5005"}},
{"type":"Feature","id":188243,"geometry":{"type":"Point","coordinates":[-71.9576084707524,44.3597469091783]},"properties":{"OBJECTID":188243,"SEGMENTID":2233,"ESITEID":275771,"GEONAMEID":22342,"PD":" ","PT":" ","SN":"HALE","ST":"RD","SD":" ","PRIMARYNAME":"HALE RD","ALIAS1":null,"ALIAS2":null,"ALIAS3":null,"ALIAS4":null,"ALIAS5":"1\/6\/2016 1:15:17 PM","PRIMARYADDRESS":"110 HALE RD","SITETYPE":"MOBILE HOME","TOWNNAME":"WATERFORD","MCODE":721,"ESN":300,"ZIP":"05819","PARCELNUM":"899.6","GPSX":-71.95760746,"GPSY":44.3597379,"MAPYEAR":"Thu, 01 Jan 1998 00:00:00 GMT","UPDATEDATE":"Fri, 27 Jan 2023 21:23:06 GMT","STATE":"VT","FIPS8":5005,"SPAN":"699-222-10900","SUBTYPE":null,"GlobalID_1":"f61b3f79-dc80-49e9-a1f6-a26320c273d1","UNITCOUNT":1,"PRIMARYADD1":"110 HALE RD WATERFORD","PRIMARYADD2":"110 HALE RD WATERFORD VT 05819","SITETYPE_MULTI1":null,"SITETYPE_MULTI2":null,"SITETYPE_MULTI3":null,"SITETYPE_MULTI4":null,"SITETYPE_MULTI5":null,"COUNTY":"CALEDONIA","COUNTRY":"US","SOURCEOFDATA":"Vermont Enhanced 911 Board","DRIVEWAYID":null,"ESZ":"00300","HOUSE_NUMBER":110,"HOUSE_NUMBERSUFFIX":null,"HOUSE_NUMBERPREFIX":null,"FIPS":"5005"}},
{"type":"Feature","id":307525,"geometry":{"type":"Point","coordinates":[-71.9883588427134,44.3590893268669]},"properties":{"OBJECTID":307525,"SEGMENTID":47175,"ESITEID":275772,"GEONAMEID":22343,"PD":" ","PT":" ","SN":"VALLEY VIEW","ST":"RD","SD":" ","PRIMARYNAME":"VALLEY VIEW RD","ALIAS1":null,"ALIAS2":null,"ALIAS3":null,"ALIAS4":null,"ALIAS5":"5\/12\/2015 7:29:44 PM","PRIMARYADDRESS":"645 VALLEY VIEW RD","SITETYPE":"COMMERCIAL FARM","TOWNNAME":"WATERFORD","MCODE":721,"ESN":300,"ZIP":"05819","PARCELNUM":"902.","GPSX":-71.98835781,"GPSY":44.35908031,"MAPYEAR":"Thu, 01 Jan 1998 00:00:00 GMT","UPDATEDATE":"Fri, 27 Jan 2023 21:23:06 GMT","STATE":"VT","FIPS8":5005,"SPAN":"699-222-10790","SUBTYPE":null,"GlobalID_1":"fe91b7e6-9a38-4c79-a805-2d204b9e2558","UNITCOUNT":1,"PRIMARYADD1":"645 VALLEY VIEW RD WATERFORD","PRIMARYADD2":"645 VALLEY VIEW RD WATERFORD VT 05819","SITETYPE_MULTI1":null,"SITETYPE_MULTI2":null,"SITETYPE_MULTI3":null,"SITETYPE_MULTI4":null,"SITETYPE_MULTI5":null,"COUNTY":"CALEDONIA","COUNTRY":"US","SOURCEOFDATA":"Vermont Enhanced 911 Board","DRIVEWAYID":null,"ESZ":"00300","HOUSE_NUMBER":645,"HOUSE_NUMBERSUFFIX":null,"HOUSE_NUMBERPREFIX":null,"FIPS":"5005"}},
{"type":"Feature","id":331383,"geometry":{"type":"Point","coordinates":[-71.9068383725141,44.3584220641795]},"properties":{"OBJECTID":331383,"SEGMENTID":13598,"ESITEID":275773,"GEONAMEID":22321,"PD":" ","PT":"","SN":"VT ROUTE 18","ST":" ","SD":" ","PRIMARYNAME":"VT ROUTE 18","ALIAS1":null,"ALIAS2":"ROUTE 18","ALIAS3":null,"ALIAS4":null,"ALIAS5":"9\/13\/2018 9:03:57 AM","PRIMARYADDRESS":"6130 VT ROUTE 18","SITETYPE":"SINGLE FAMILY DWELLING","TOWNNAME":"WATERFORD","MCODE":721,"ESN":300,"ZIP":"05819","PARCELNUM":"469.","GPSX":-71.90683738,"GPSY":44.35841305,"MAPYEAR":"Thu, 01 Jan 1998 00:00:00 GMT","UPDATEDATE":"Sat, 28 Jan 2023 00:02:29 GMT","STATE":"VT","FIPS8":5005,"SPAN":"699-222-10150","SUBTYPE":null,"GlobalID_1":"26810696-614a-4086-9f89-dd544896000c","UNITCOUNT":1,"PRIMARYADD1":"6130 VT ROUTE 18 WATERFORD","PRIMARYADD2":"6130 VT ROUTE 18 WATERFORD VT 05819","SITETYPE_MULTI1":null,"SITETYPE_MULTI2":null,"SITETYPE_MULTI3":null,"SITETYPE_MULTI4":null,"SITETYPE_MULTI5":null,"COUNTY":"CALEDONIA","COUNTRY":"US","SOURCEOFDATA":"Vermont Enhanced 911 Board","DRIVEWAYID":null,"ESZ":"00300","HOUSE_NUMBER":6130,"HOUSE_NUMBERSUFFIX":null,"HOUSE_NUMBERPREFIX":null,"FIPS":"5005"}},
{"type":"Feature","id":165135,"geometry":{"type":"Point","coordinates":[-71.8750417532859,44.358307579029]},"properties":{"OBJECTID":165135,"SEGMENTID":36883,"ESITEID":275774,"GEONAMEID":22319,"PD":" ","PT":" ","SN":"SHADOW LAKE","ST":"RD","SD":" ","PRIMARYNAME":"SHADOW LAKE RD  ","ALIAS1":null,"ALIAS2":null,"ALIAS3":null,"ALIAS4":null,"ALIAS5":"5\/12\/2015 7:30:02 PM","PRIMARYADDRESS":"1099 SHADOW LAKE RD","SITETYPE":"SINGLE FAMILY DWELLING","TOWNNAME":"WATERFORD","MCODE":721,"ESN":300,"ZIP":"05819","PARCELNUM":"572.","GPSX":-71.87504076,"GPSY":44.35829856,"MAPYEAR":"Thu, 01 Jan 1998 00:00:00 GMT","UPDATEDATE":"Fri, 27 Jan 2023 21:28:49 GMT","STATE":"VT","FIPS8":5005,"SPAN":"699-222-10768","SUBTYPE":null,"GlobalID_1":"fc071d88-db2d-4ae2-904e-fd3210424d5b","UNITCOUNT":1,"PRIMARYADD1":"1099 SHADOW LAKE RD WATERFORD","PRIMARYADD2":"1099 SHADOW LAKE RD WATERFORD VT 05819","SITETYPE_MULTI1":null,"SITETYPE_MULTI2":null,"SITETYPE_MULTI3":null,"SITETYPE_MULTI4":null,"SITETYPE_MULTI5":null,"COUNTY":"CALEDONIA","COUNTRY":"US","SOURCEOFDATA":"Vermont Enhanced 911 Board","DRIVEWAYID":null,"ESZ":"00300","HOUSE_NUMBER":1099,"HOUSE_NUMBERSUFFIX":null,"HOUSE_NUMBERPREFIX":null,"FIPS":"5005"}},
{"type":"Feature","id":36646,"geometry":{"type":"Point","coordinates":[-71.8885507946766,44.3584494138923]},"properties":{"OBJECTID":36646,"SEGMENTID":35906,"ESITEID":275775,"GEONAMEID":22317,"PD":" ","PT":" ","SN":"HIGH RIDGE","ST":"RD","SD":" ","PRIMARYNAME":"HIGH RIDGE RD  ","ALIAS1":null,"ALIAS2":null,"ALIAS3":null,"ALIAS4":null,"ALIAS5":"5\/12\/2015 7:30:02 PM","PRIMARYADDRESS":"8 HIGH RIDGE RD","SITETYPE":"SINGLE FAMILY DWELLING","TOWNNAME":"WATERFORD","MCODE":721,"ESN":300,"ZIP":"05819","PARCELNUM":"673.","GPSX":-71.8885498,"GPSY":44.35844039,"MAPYEAR":"Thu, 01 Jan 1998 00:00:00 GMT","UPDATEDATE":"Fri, 27 Jan 2023 21:28:49 GMT","STATE":"VT","FIPS8":5005,"SPAN":"699-222-10510","SUBTYPE":null,"GlobalID_1":"b0c47696-f8e1-41c8-aa8b-5dc21198110d","UNITCOUNT":1,"PRIMARYADD1":"8 HIGH RIDGE RD WATERFORD","PRIMARYADD2":"8 HIGH RIDGE RD WATERFORD VT 05819","SITETYPE_MULTI1":null,"SITETYPE_MULTI2":null,"SITETYPE_MULTI3":null,"SITETYPE_MULTI4":null,"SITETYPE_MULTI5":null,"COUNTY":"CALEDONIA","COUNTRY":"US","SOURCEOFDATA":"Vermont Enhanced 911 Board","DRIVEWAYID":null,"ESZ":"00300","HOUSE_NUMBER":8,"HOUSE_NUMBERSUFFIX":null,"HOUSE_NUMBERPREFIX":null,"FIPS":"5005"}},
{"type":"Feature","id":298811,"geometry":{"type":"Point","coordinates":[-71.8900766739466,44.3582510505918]},"properties":{"OBJECTID":298811,"SEGMENTID":50842,"ESITEID":275776,"GEONAMEID":435570,"PD":"","PT":"","SN":"OLD COUNTY","ST":"RD","SD":"S","PRIMARYNAME":"OLD COUNTY RD S","ALIAS1":null,"ALIAS2":null,"ALIAS3":null,"ALIAS4":null,"ALIAS5":"5\/12\/2015 7:29:44 PM","PRIMARYADDRESS":"3816 OLD COUNTY RD S","SITETYPE":"SINGLE FAMILY DWELLING","TOWNNAME":"WATERFORD","MCODE":721,"ESN":300,"ZIP":"05819","PARCELNUM":"867.","GPSX":-71.89007568,"GPSY":44.35824203,"MAPYEAR":"Thu, 01 Jan 1998 00:00:00 GMT","UPDATEDATE":"Sat, 28 Jan 2023 00:28:44 GMT","STATE":"VT","FIPS8":5005,"SPAN":"699-222-10735","SUBTYPE":null,"GlobalID_1":"b41eacb8-56f7-4773-9c82-9f4085e05d4a","UNITCOUNT":1,"PRIMARYADD1":"3816 OLD COUNTY RD S WATERFORD","PRIMARYADD2":"3816 OLD COUNTY RD S WATERFORD VT 05819","SITETYPE_MULTI1":null,"SITETYPE_MULTI2":null,"SITETYPE_MULTI3":null,"SITETYPE_MULTI4":null,"SITETYPE_MULTI5":null,"COUNTY":"CALEDONIA","COUNTRY":"US","SOURCEOFDATA":"Vermont Enhanced 911 Board","DRIVEWAYID":null,"ESZ":"00300","HOUSE_NUMBER":3816,"HOUSE_NUMBERSUFFIX":null,"HOUSE_NUMBERPREFIX":null,"FIPS":"5005"}},
{"type":"Feature","id":191952,"geometry":{"type":"Point","coordinates":[-71.873141351335,44.3578675507745]},"properties":{"OBJECTID":191952,"SEGMENTID":36883,"ESITEID":275777,"GEONAMEID":22319,"PD":" ","PT":" ","SN":"SHADOW LAKE","ST":"RD","SD":" ","PRIMARYNAME":"SHADOW LAKE RD  ","ALIAS1":null,"ALIAS2":null,"ALIAS3":null,"ALIAS4":null,"ALIAS5":"5\/12\/2015 7:30:02 PM","PRIMARYADDRESS":"1220 SHADOW LAKE RD","SITETYPE":"SINGLE FAMILY DWELLING","TOWNNAME":"WATERFORD","MCODE":721,"ESN":300,"ZIP":"05819","PARCELNUM":"886.","GPSX":-71.87314036,"GPSY":44.35785853,"MAPYEAR":"Thu, 01 Jan 1998 00:00:00 GMT","UPDATEDATE":"Fri, 27 Jan 2023 21:28:50 GMT","STATE":"VT","FIPS8":5005,"SPAN":"699-222-10308","SUBTYPE":null,"GlobalID_1":"af37267d-9e75-461d-bbce-4da9f4c8af2d","UNITCOUNT":1,"PRIMARYADD1":"1220 SHADOW LAKE RD WATERFORD","PRIMARYADD2":"1220 SHADOW LAKE RD WATERFORD VT 05819","SITETYPE_MULTI1":null,"SITETYPE_MULTI2":null,"SITETYPE_MULTI3":null,"SITETYPE_MULTI4":null,"SITETYPE_MULTI5":null,"COUNTY":"CALEDONIA","COUNTRY":"US","SOURCEOFDATA":"Vermont Enhanced 911 Board","DRIVEWAYID":null,"ESZ":"00300","HOUSE_NUMBER":1220,"HOUSE_NUMBERSUFFIX":null,"HOUSE_NUMBERPREFIX":null,"FIPS":"5005"}},
{"type":"Feature","id":308186,"geometry":{"type":"Point","coordinates":[-71.9898993766047,44.3585138744432]},"properties":{"OBJECTID":308186,"SEGMENTID":47175,"ESITEID":275778,"GEONAMEID":22343,"PD":" ","PT":" ","SN":"VALLEY VIEW","ST":"RD","SD":" ","PRIMARYNAME":"VALLEY VIEW RD","ALIAS1":null,"ALIAS2":null,"ALIAS3":null,"ALIAS4":null,"ALIAS5":"5\/12\/2015 7:29:44 PM","PRIMARYADDRESS":"733 VALLEY VIEW RD","SITETYPE":"ACCESSORY BUILDING","TOWNNAME":"WATERFORD","MCODE":721,"ESN":300,"ZIP":"05819","PARCELNUM":"902.","GPSX":-71.98989835,"GPSY":44.35850486,"MAPYEAR":"Thu, 01 Jan 1998 00:00:00 GMT","UPDATEDATE":"Thu, 29 May 2025 13:15:38 GMT","STATE":"VT","FIPS8":5005,"SPAN":"699-222-10790","SUBTYPE":null,"GlobalID_1":"52843b85-3a1b-49f2-98f4-0e1df29ed5c6","UNITCOUNT":1,"PRIMARYADD1":"733 VALLEY VIEW RD WATERFORD","PRIMARYADD2":"733 VALLEY VIEW RD WATERFORD VT 05819","SITETYPE_MULTI1":null,"SITETYPE_MULTI2":null,"SITETYPE_MULTI3":null,"SITETYPE_MULTI4":null,"SITETYPE_MULTI5":null,"COUNTY":"CALEDONIA","COUNTRY":"US","SOURCEOFDATA":"Vermont Enhanced 911 Board","DRIVEWAYID":null,"ESZ":"00300","HOUSE_NUMBER":733,"HOUSE_NUMBERSUFFIX":null,"HOUSE_NUMBERPREFIX":null,"FIPS":"5005"}},
{"type":"Feature","id":290555,"geometry":{"type":"Point","coordinates":[-71.8860712405638,44.3575567746621]},"properties":{"OBJECTID":290555,"SEGMENTID":35904,"ESITEID":275779,"GEONAMEID":435570,"PD":"","PT":"","SN":"OLD COUNTY","ST":"RD","SD":"S","PRIMARYNAME":"OLD COUNTY RD S","ALIAS1":null,"ALIAS2":null,"ALIAS3":null,"ALIAS4":null,"ALIAS5":"11\/15\/2016 4:01:17 PM","PRIMARYADDRESS":"4101 OLD COUNTY RD S","SITETYPE":"SINGLE FAMILY DWELLING","TOWNNAME":"WATERFORD","MCODE":721,"ESN":300,"ZIP":"05819","PARCELNUM":"749.","GPSX":-71.88607025,"GPSY":44.35754775,"MAPYEAR":"Thu, 01 Jan 1998 00:00:00 GMT","UPDATEDATE":"Sat, 28 Jan 2023 00:28:44 GMT","STATE":"VT","FIPS8":5005,"SPAN":"699-222-10759","SUBTYPE":null,"GlobalID_1":"78a5f9db-dca5-40ac-8d55-d7cda23b2db1","UNITCOUNT":1,"PRIMARYADD1":"4101 OLD COUNTY RD S WATERFORD","PRIMARYADD2":"4101 OLD COUNTY RD S WATERFORD VT 05819","SITETYPE_MULTI1":null,"SITETYPE_MULTI2":null,"SITETYPE_MULTI3":null,"SITETYPE_MULTI4":null,"SITETYPE_MULTI5":null,"COUNTY":"CALEDONIA","COUNTRY":"US","SOURCEOFDATA":"Vermont Enhanced 911 Board","DRIVEWAYID":null,"ESZ":"00300","HOUSE_NUMBER":4101,"HOUSE_NUMBERSUFFIX":null,"HOUSE_NUMBERPREFIX":null,"FIPS":"5005"}},
{"type":"Feature","id":240547,"geometry":{"type":"Point","coordinates":[-71.8893198792035,44.3573968619521]},"properties":{"OBJECTID":240547,"SEGMENTID":35904,"ESITEID":275780,"GEONAMEID":435570,"PD":"","PT":"","SN":"OLD COUNTY","ST":"RD","SD":"S","PRIMARYNAME":"OLD COUNTY RD S","ALIAS1":null,"ALIAS2":null,"ALIAS3":null,"ALIAS4":null,"ALIAS5":"11\/15\/2016 3:59:28 PM","PRIMARYADDRESS":"3848 OLD COUNTY RD S","SITETYPE":"SINGLE FAMILY DWELLING","TOWNNAME":"WATERFORD","MCODE":721,"ESN":300,"ZIP":"05819","PARCELNUM":"536.","GPSX":-71.88931889,"GPSY":44.35738785,"MAPYEAR":"Thu, 01 Jan 1998 00:00:00 GMT","UPDATEDATE":"Sat, 28 Jan 2023 00:28:44 GMT","STATE":"VT","FIPS8":5005,"SPAN":"699-222-10365","SUBTYPE":null,"GlobalID_1":"e38ac65f-0245-492b-a209-bf32bd780409","UNITCOUNT":1,"PRIMARYADD1":"3848 OLD COUNTY RD S WATERFORD","PRIMARYADD2":"3848 OLD COUNTY RD S WATERFORD VT 05819","SITETYPE_MULTI1":null,"SITETYPE_MULTI2":null,"SITETYPE_MULTI3":null,"SITETYPE_MULTI4":null,"SITETYPE_MULTI5":null,"COUNTY":"CALEDONIA","COUNTRY":"US","SOURCEOFDATA":"Vermont Enhanced 911 Board","DRIVEWAYID":null,"ESZ":"00300","HOUSE_NUMBER":3848,"HOUSE_NUMBERSUFFIX":null,"HOUSE_NUMBERPREFIX":null,"FIPS":"5005"}},
{"type":"Feature","id":85005,"geometry":{"type":"Point","coordinates":[-71.8875634597942,44.357161890633]},"properties":{"OBJECTID":85005,"SEGMENTID":35904,"ESITEID":275781,"GEONAMEID":435570,"PD":"","PT":"","SN":"OLD COUNTY","ST":"RD","SD":"S","PRIMARYNAME":"OLD COUNTY RD S","ALIAS1":null,"ALIAS2":null,"ALIAS3":null,"ALIAS4":null,"ALIAS5":"11\/15\/2016 4:00:01 PM","PRIMARYADDRESS":"3957 OLD COUNTY RD S","SITETYPE":"SINGLE FAMILY DWELLING","TOWNNAME":"WATERFORD","MCODE":721,"ESN":300,"ZIP":"05819","PARCELNUM":"414.","GPSX":-71.88756247,"GPSY":44.35715288,"MAPYEAR":"Thu, 01 Jan 1998 00:00:00 GMT","UPDATEDATE":"Sat, 28 Jan 2023 00:28:44 GMT","STATE":"VT","FIPS8":5005,"SPAN":"699-222-10474","SUBTYPE":null,"GlobalID_1":"cf115fc9-1727-44bf-99f6-d8ea432de408","UNITCOUNT":1,"PRIMARYADD1":"3957 OLD COUNTY RD S WATERFORD","PRIMARYADD2":"3957 OLD COUNTY RD S WATERFORD VT 05819","SITETYPE_MULTI1":null,"SITETYPE_MULTI2":null,"SITETYPE_MULTI3":null,"SITETYPE_MULTI4":null,"SITETYPE_MULTI5":null,"COUNTY":"CALEDONIA","COUNTRY":"US","SOURCEOFDATA":"Vermont Enhanced 911 Board","DRIVEWAYID":null,"ESZ":"00300","HOUSE_NUMBER":3957,"HOUSE_NUMBERSUFFIX":null,"HOUSE_NUMBERPREFIX":null,"FIPS":"5005"}},
{"type":"Feature","id":61165,"geometry":{"type":"Point","coordinates":[-71.8856197645764,44.3565901269212]},"properties":{"OBJECTID":61165,"SEGMENTID":35904,"ESITEID":275782,"GEONAMEID":435570,"PD":"","PT":"","SN":"OLD COUNTY","ST":"RD","SD":"S","PRIMARYNAME":"OLD COUNTY RD S","ALIAS1":null,"ALIAS2":null,"ALIAS3":null,"ALIAS4":null,"ALIAS5":"11\/15\/2016 3:59:32 PM","PRIMARYADDRESS":"4093 OLD COUNTY RD S","SITETYPE":"SINGLE FAMILY DWELLING","TOWNNAME":"WATERFORD","MCODE":721,"ESN":300,"ZIP":"05819","PARCELNUM":"708.","GPSX":-71.88561878,"GPSY":44.35658111,"MAPYEAR":"Thu, 01 Jan 1998 00:00:00 GMT","UPDATEDATE":"Sat, 28 Jan 2023 00:28:44 GMT","STATE":"VT","FIPS8":5005,"SPAN":"699-222-10236","SUBTYPE":null,"GlobalID_1":"5d80e476-0f8b-45b0-b75f-8ee8de13b6f6","UNITCOUNT":1,"PRIMARYADD1":"4093 OLD COUNTY RD S WATERFORD","PRIMARYADD2":"4093 OLD COUNTY RD S WATERFORD VT 05819","SITETYPE_MULTI1":null,"SITETYPE_MULTI2":null,"SITETYPE_MULTI3":null,"SITETYPE_MULTI4":null,"SITETYPE_MULTI5":null,"COUNTY":"CALEDONIA","COUNTRY":"US","SOURCEOFDATA":"Vermont Enhanced 911 Board","DRIVEWAYID":null,"ESZ":"00300","HOUSE_NUMBER":4093,"HOUSE_NUMBERSUFFIX":null,"HOUSE_NUMBERPREFIX":null,"FIPS":"5005"}},
{"type":"Feature","id":210055,"geometry":{"type":"Point","coordinates":[-71.99362394126,44.3575580419901]},"properties":{"OBJECTID":210055,"SEGMENTID":47175,"ESITEID":275783,"GEONAMEID":22343,"PD":" ","PT":" ","SN":"VALLEY VIEW","ST":"RD","SD":" ","PRIMARYNAME":"VALLEY VIEW RD","ALIAS1":null,"ALIAS2":null,"ALIAS3":null,"ALIAS4":null,"ALIAS5":"5\/12\/2015 7:29:44 PM","PRIMARYADDRESS":"916 VALLEY VIEW RD","SITETYPE":"SINGLE FAMILY DWELLING","TOWNNAME":"WATERFORD","MCODE":721,"ESN":300,"ZIP":"05819","PARCELNUM":"863.","GPSX":-71.99362291,"GPSY":44.35754903,"MAPYEAR":"Thu, 01 Jan 1998 00:00:00 GMT","UPDATEDATE":"Fri, 27 Jan 2023 21:23:06 GMT","STATE":"VT","FIPS8":5005,"SPAN":"699-222-10728","SUBTYPE":null,"GlobalID_1":"b3281186-dfea-4cdc-8713-5e96d607b866","UNITCOUNT":1,"PRIMARYADD1":"916 VALLEY VIEW RD WATERFORD","PRIMARYADD2":"916 VALLEY VIEW RD WATERFORD VT 05819","SITETYPE_MULTI1":null,"SITETYPE_MULTI2":null,"SITETYPE_MULTI3":null,"SITETYPE_MULTI4":null,"SITETYPE_MULTI5":null,"COUNTY":"CALEDONIA","COUNTRY":"US","SOURCEOFDATA":"Vermont Enhanced 911 Board","DRIVEWAYID":null,"ESZ":"00300","HOUSE_NUMBER":916,"HOUSE_NUMBERSUFFIX":null,"HOUSE_NUMBERPREFIX":null,"FIPS":"5005"}},
{"type":"Feature","id":241536,"geometry":{"type":"Point","coordinates":[-71.8881159193695,44.3566450629072]},"properties":{"OBJECTID":241536,"SEGMENTID":35904,"ESITEID":275784,"GEONAMEID":435570,"PD":"","PT":"","SN":"OLD COUNTY","ST":"RD","SD":"S","PRIMARYNAME":"OLD COUNTY RD S","ALIAS1":null,"ALIAS2":null,"ALIAS3":null,"ALIAS4":null,"ALIAS5":"5\/12\/2015 7:29:44 PM","PRIMARYADDRESS":"3924 OLD COUNTY RD S","SITETYPE":"SINGLE FAMILY DWELLING","TOWNNAME":"WATERFORD","MCODE":721,"ESN":300,"ZIP":"05819","PARCELNUM":"413.","GPSX":-71.88811492,"GPSY":44.35663604,"MAPYEAR":"Thu, 01 Jan 1998 00:00:00 GMT","UPDATEDATE":"Sat, 28 Jan 2023 00:28:44 GMT","STATE":"VT","FIPS8":5005,"SPAN":"699-222-10330","SUBTYPE":null,"GlobalID_1":"5dba0702-f753-457e-a2cf-a197f695a918","UNITCOUNT":1,"PRIMARYADD1":"3924 OLD COUNTY RD S WATERFORD","PRIMARYADD2":"3924 OLD COUNTY RD S WATERFORD VT 05819","SITETYPE_MULTI1":null,"SITETYPE_MULTI2":null,"SITETYPE_MULTI3":null,"SITETYPE_MULTI4":null,"SITETYPE_MULTI5":null,"COUNTY":"CALEDONIA","COUNTRY":"US","SOURCEOFDATA":"Vermont Enhanced 911 Board","DRIVEWAYID":null,"ESZ":"00300","HOUSE_NUMBER":3924,"HOUSE_NUMBERSUFFIX":null,"HOUSE_NUMBERPREFIX":null,"FIPS":"5005"}},
{"type":"Feature","id":322103,"geometry":{"type":"Point","coordinates":[-71.8780211832446,44.3562661376442]},"properties":{"OBJECTID":322103,"SEGMENTID":13603,"ESITEID":275785,"GEONAMEID":22319,"PD":" ","PT":" ","SN":"SHADOW LAKE","ST":"RD","SD":" ","PRIMARYNAME":"SHADOW LAKE RD  ","ALIAS1":null,"ALIAS2":null,"ALIAS3":null,"ALIAS4":null,"ALIAS5":"5\/12\/2015 7:30:02 PM","PRIMARYADDRESS":"941 SHADOW LAKE RD","SITETYPE":"SINGLE FAMILY DWELLING","TOWNNAME":"WATERFORD","MCODE":721,"ESN":300,"ZIP":"05819","PARCELNUM":"911.","GPSX":-71.87802019,"GPSY":44.35625712,"MAPYEAR":"Thu, 01 Jan 1998 00:00:00 GMT","UPDATEDATE":"Fri, 27 Jan 2023 21:28:50 GMT","STATE":"VT","FIPS8":5005,"SPAN":"699-222-10800","SUBTYPE":null,"GlobalID_1":"c994314b-3b9d-4c8c-96f7-0a4e0857a9e7","UNITCOUNT":1,"PRIMARYADD1":"941 SHADOW LAKE RD WATERFORD","PRIMARYADD2":"941 SHADOW LAKE RD WATERFORD VT 05819","SITETYPE_MULTI1":null,"SITETYPE_MULTI2":null,"SITETYPE_MULTI3":null,"SITETYPE_MULTI4":null,"SITETYPE_MULTI5":null,"COUNTY":"CALEDONIA","COUNTRY":"US","SOURCEOFDATA":"Vermont Enhanced 911 Board","DRIVEWAYID":null,"ESZ":"00300","HOUSE_NUMBER":941,"HOUSE_NUMBERSUFFIX":null,"HOUSE_NUMBERPREFIX":null,"FIPS":"5005"}},
{"type":"Feature","id":32599,"geometry":{"type":"Point","coordinates":[-71.90660194846,44.356404734497]},"properties":{"OBJECTID":32599,"SEGMENTID":13598,"ESITEID":275786,"GEONAMEID":22321,"PD":" ","PT":"","SN":"VT ROUTE 18","ST":" ","SD":" ","PRIMARYNAME":"VT ROUTE 18","ALIAS1":null,"ALIAS2":"ROUTE 18","ALIAS3":null,"ALIAS4":null,"ALIAS5":"5\/12\/2015 7:33:23 PM","PRIMARYADDRESS":"6277 VT ROUTE 18","SITETYPE":"SINGLE FAMILY DWELLING","TOWNNAME":"WATERFORD","MCODE":721,"ESN":300,"ZIP":"05819","PARCELNUM":"377.","GPSX":-71.90660095,"GPSY":44.35639572,"MAPYEAR":"Thu, 01 Jan 1998 00:00:00 GMT","UPDATEDATE":"Fri, 27 Jan 2023 23:56:33 GMT","STATE":"VT","FIPS8":5005,"SPAN":"699-222-10189","SUBTYPE":null,"GlobalID_1":"124d6b4d-b3b3-470c-8374-e66e03332543","UNITCOUNT":1,"PRIMARYADD1":"6277 VT ROUTE 18 WATERFORD","PRIMARYADD2":"6277 VT ROUTE 18 WATERFORD VT 05819","SITETYPE_MULTI1":null,"SITETYPE_MULTI2":null,"SITETYPE_MULTI3":null,"SITETYPE_MULTI4":null,"SITETYPE_MULTI5":null,"COUNTY":"CALEDONIA","COUNTRY":"US","SOURCEOFDATA":"Vermont Enhanced 911 Board","DRIVEWAYID":null,"ESZ":"00300","HOUSE_NUMBER":6277,"HOUSE_NUMBERSUFFIX":null,"HOUSE_NUMBERPREFIX":null,"FIPS":"5005"}},
{"type":"Feature","id":170415,"geometry":{"type":"Point","coordinates":[-71.9077094021177,44.3557328730792]},"properties":{"OBJECTID":170415,"SEGMENTID":39590,"ESITEID":275787,"GEONAMEID":22315,"PD":" ","PT":" ","SN":"MAPLE","ST":"ST","SD":" ","PRIMARYNAME":"MAPLE ST  ","ALIAS1":null,"ALIAS2":null,"ALIAS3":null,"ALIAS4":null,"ALIAS5":"9\/29\/2016 2:52:41 PM","PRIMARYADDRESS":"437 MAPLE ST","SITETYPE":"SINGLE FAMILY DWELLING","TOWNNAME":"WATERFORD","MCODE":721,"ESN":300,"ZIP":"05819","PARCELNUM":"329.","GPSX":-71.90770841,"GPSY":44.35572386,"MAPYEAR":"Thu, 01 Jan 1998 00:00:00 GMT","UPDATEDATE":"Thu, 29 May 2025 12:29:58 GMT","STATE":"VT","FIPS8":5005,"SPAN":"699-222-10126","SUBTYPE":null,"GlobalID_1":"7fd88e20-a2e6-4359-a706-2c31f99483f5","UNITCOUNT":1,"PRIMARYADD1":"437 MAPLE ST WATERFORD","PRIMARYADD2":"437 MAPLE ST WATERFORD VT 05819","SITETYPE_MULTI1":null,"SITETYPE_MULTI2":null,"SITETYPE_MULTI3":null,"SITETYPE_MULTI4":null,"SITETYPE_MULTI5":null,"COUNTY":"CALEDONIA","COUNTRY":"US","SOURCEOFDATA":"Vermont Enhanced 911 Board","DRIVEWAYID":null,"ESZ":"00300","HOUSE_NUMBER":437,"HOUSE_NUMBERSUFFIX":null,"HOUSE_NUMBERPREFIX":null,"FIPS":"5005"}},
{"type":"Feature","id":307081,"geometry":{"type":"Point","coordinates":[-71.9932261223777,44.35606903913]},"properties":{"OBJECTID":307081,"SEGMENTID":47175,"ESITEID":275788,"GEONAMEID":22343,"PD":" ","PT":" ","SN":"VALLEY VIEW","ST":"RD","SD":" ","PRIMARYNAME":"VALLEY VIEW RD","ALIAS1":null,"ALIAS2":null,"ALIAS3":null,"ALIAS4":null,"ALIAS5":"5\/12\/2015 7:29:44 PM","PRIMARYADDRESS":"981 VALLEY VIEW RD","SITETYPE":"SINGLE FAMILY DWELLING","TOWNNAME":"WATERFORD","MCODE":721,"ESN":300,"ZIP":"05819","PARCELNUM":"714.","GPSX":-71.99322509,"GPSY":44.35606002,"MAPYEAR":"Thu, 01 Jan 1998 00:00:00 GMT","UPDATEDATE":"Fri, 27 Jan 2023 21:23:06 GMT","STATE":"VT","FIPS8":5005,"SPAN":"699-222-10552","SUBTYPE":null,"GlobalID_1":"0d7deaa3-b632-413f-9d91-e35b8b5b4fa3","UNITCOUNT":1,"PRIMARYADD1":"981 VALLEY VIEW RD WATERFORD","PRIMARYADD2":"981 VALLEY VIEW RD WATERFORD VT 05819","SITETYPE_MULTI1":null,"SITETYPE_MULTI2":null,"SITETYPE_MULTI3":null,"SITETYPE_MULTI4":null,"SITETYPE_MULTI5":null,"COUNTY":"CALEDONIA","COUNTRY":"US","SOURCEOFDATA":"Vermont Enhanced 911 Board","DRIVEWAYID":null,"ESZ":"00300","HOUSE_NUMBER":981,"HOUSE_NUMBERSUFFIX":null,"HOUSE_NUMBERPREFIX":null,"FIPS":"5005"}},
{"type":"Feature","id":274016,"geometry":{"type":"Point","coordinates":[-71.9086924039857,44.3554777643813]},"properties":{"OBJECTID":274016,"SEGMENTID":51096,"ESITEID":275789,"GEONAMEID":22315,"PD":" ","PT":" ","SN":"MAPLE","ST":"ST","SD":" ","PRIMARYNAME":"MAPLE ST  ","ALIAS1":null,"ALIAS2":null,"ALIAS3":null,"ALIAS4":null,"ALIAS5":"5\/12\/2015 7:30:02 PM","PRIMARYADDRESS":"470 MAPLE ST","SITETYPE":"SINGLE FAMILY DWELLING","TOWNNAME":"WATERFORD","MCODE":721,"ESN":300,"ZIP":"05819","PARCELNUM":"645.","GPSX":-71.9086914,"GPSY":44.35546875,"MAPYEAR":"Thu, 01 Jan 1998 00:00:00 GMT","UPDATEDATE":"Fri, 27 Jan 2023 21:28:48 GMT","STATE":"VT","FIPS8":5005,"SPAN":"699-222-10516","SUBTYPE":null,"GlobalID_1":"b5001042-0ddd-4dde-8f7b-ec5d1b26f8e9","UNITCOUNT":1,"PRIMARYADD1":"470 MAPLE ST WATERFORD","PRIMARYADD2":"470 MAPLE ST WATERFORD VT 05819","SITETYPE_MULTI1":null,"SITETYPE_MULTI2":null,"SITETYPE_MULTI3":null,"SITETYPE_MULTI4":null,"SITETYPE_MULTI5":null,"COUNTY":"CALEDONIA","COUNTRY":"US","SOURCEOFDATA":"Vermont Enhanced 911 Board","DRIVEWAYID":null,"ESZ":"00300","HOUSE_NUMBER":470,"HOUSE_NUMBERSUFFIX":null,"HOUSE_NUMBERPREFIX":null,"FIPS":"5005"}},
{"type":"Feature","id":257427,"geometry":{"type":"Point","coordinates":[-71.9103022058724,44.3551535150371]},"properties":{"OBJECTID":257427,"SEGMENTID":24886,"ESITEID":275790,"GEONAMEID":22346,"PD":" ","PT":" ","SN":"LOWER WATERFORD","ST":"RD","SD":" ","PRIMARYNAME":"LOWER WATERFORD RD","ALIAS1":null,"ALIAS2":null,"ALIAS3":null,"ALIAS4":null,"ALIAS5":"5\/12\/2015 7:29:44 PM","PRIMARYADDRESS":"232 LOWER WATERFORD RD","SITETYPE":"SINGLE FAMILY DWELLING","TOWNNAME":"WATERFORD","MCODE":721,"ESN":300,"ZIP":"05819","PARCELNUM":"344.","GPSX":-71.9103012,"GPSY":44.3551445,"MAPYEAR":"Thu, 01 Jan 1998 00:00:00 GMT","UPDATEDATE":"Fri, 27 Jan 2023 21:23:06 GMT","STATE":"VT","FIPS8":5005,"SPAN":"699-222-10607","SUBTYPE":null,"GlobalID_1":"b0816370-51ef-49bb-8b95-139ca8823106","UNITCOUNT":1,"PRIMARYADD1":"232 LOWER WATERFORD RD WATERFORD","PRIMARYADD2":"232 LOWER WATERFORD RD WATERFORD VT 05819","SITETYPE_MULTI1":null,"SITETYPE_MULTI2":null,"SITETYPE_MULTI3":null,"SITETYPE_MULTI4":null,"SITETYPE_MULTI5":null,"COUNTY":"CALEDONIA","COUNTRY":"US","SOURCEOFDATA":"Vermont Enhanced 911 Board","DRIVEWAYID":null,"ESZ":"00300","HOUSE_NUMBER":232,"HOUSE_NUMBERSUFFIX":null,"HOUSE_NUMBERPREFIX":null,"FIPS":"5005"}},
{"type":"Feature","id":92653,"geometry":{"type":"Point","coordinates":[-71.9072046704591,44.3549513361708]},"properties":{"OBJECTID":92653,"SEGMENTID":58219,"ESITEID":275792,"GEONAMEID":22346,"PD":" ","PT":" ","SN":"LOWER WATERFORD","ST":"RD","SD":" ","PRIMARYNAME":"LOWER WATERFORD RD","ALIAS1":null,"ALIAS2":null,"ALIAS3":null,"ALIAS4":null,"ALIAS5":"9\/29\/2016 2:51:21 PM","PRIMARYADDRESS":"48 LOWER WATERFORD RD","SITETYPE":"LODGING B&B \/ HOTEL \/ MOTEL \/ INN","TOWNNAME":"WATERFORD","MCODE":721,"ESN":300,"ZIP":"05819","PARCELNUM":"647.","GPSX":-71.90720367,"GPSY":44.35494232,"MAPYEAR":"Thu, 01 Jan 1998 00:00:00 GMT","UPDATEDATE":"Fri, 27 Jan 2023 21:23:06 GMT","STATE":"VT","FIPS8":5005,"SPAN":"699-222-10517","SUBTYPE":null,"GlobalID_1":"57592e8f-f186-4f88-903b-d8ca0f45461f","UNITCOUNT":1,"PRIMARYADD1":"48 LOWER WATERFORD RD WATERFORD","PRIMARYADD2":"48 LOWER WATERFORD RD WATERFORD VT 05819","SITETYPE_MULTI1":null,"SITETYPE_MULTI2":null,"SITETYPE_MULTI3":null,"SITETYPE_MULTI4":null,"SITETYPE_MULTI5":null,"COUNTY":"CALEDONIA","COUNTRY":"US","SOURCEOFDATA":"Vermont Enhanced 911 Board","DRIVEWAYID":null,"ESZ":"00300","HOUSE_NUMBER":48,"HOUSE_NUMBERSUFFIX":null,"HOUSE_NUMBERPREFIX":null,"FIPS":"5005"}},
{"type":"Feature","id":220274,"geometry":{"type":"Point","coordinates":[-71.9935007818022,44.3552641379895]},"properties":{"OBJECTID":220274,"SEGMENTID":47175,"ESITEID":275793,"GEONAMEID":22343,"PD":" ","PT":" ","SN":"VALLEY VIEW","ST":"RD","SD":" ","PRIMARYNAME":"VALLEY VIEW RD","ALIAS1":null,"ALIAS2":null,"ALIAS3":null,"ALIAS4":null,"ALIAS5":"5\/12\/2015 7:29:44 PM","PRIMARYADDRESS":"1037 VALLEY VIEW RD","SITETYPE":"MOBILE HOME","TOWNNAME":"WATERFORD","MCODE":721,"ESN":300,"ZIP":"05819","PARCELNUM":"864.","GPSX":-71.99349975,"GPSY":44.35525512,"MAPYEAR":"Thu, 01 Jan 1998 00:00:00 GMT","UPDATEDATE":"Fri, 27 Jan 2023 21:23:06 GMT","STATE":"VT","FIPS8":5005,"SPAN":"699-222-10729","SUBTYPE":null,"GlobalID_1":"1439b04b-2d57-40df-83df-d520005615a2","UNITCOUNT":1,"PRIMARYADD1":"1037 VALLEY VIEW RD WATERFORD","PRIMARYADD2":"1037 VALLEY VIEW RD WATERFORD VT 05819","SITETYPE_MULTI1":null,"SITETYPE_MULTI2":null,"SITETYPE_MULTI3":null,"SITETYPE_MULTI4":null,"SITETYPE_MULTI5":null,"COUNTY":"CALEDONIA","COUNTRY":"US","SOURCEOFDATA":"Vermont Enhanced 911 Board","DRIVEWAYID":null,"ESZ":"00300","HOUSE_NUMBER":1037,"HOUSE_NUMBERSUFFIX":null,"HOUSE_NUMBERPREFIX":null,"FIPS":"5005"}},
{"type":"Feature","id":60756,"geometry":{"type":"Point","coordinates":[-71.8808756675626,44.354802355797]},"properties":{"OBJECTID":60756,"SEGMENTID":13603,"ESITEID":275794,"GEONAMEID":22319,"PD":" ","PT":" ","SN":"SHADOW LAKE","ST":"RD","SD":" ","PRIMARYNAME":"SHADOW LAKE RD  ","ALIAS1":null,"ALIAS2":null,"ALIAS3":null,"ALIAS4":null,"ALIAS5":"5\/13\/2015 2:02:10 PM","PRIMARYADDRESS":"759 SHADOW LAKE RD","SITETYPE":"COMMERCIAL FARM","TOWNNAME":"WATERFORD","MCODE":721,"ESN":300,"ZIP":"05819","PARCELNUM":"749.","GPSX":-71.88087468,"GPSY":44.35479334,"MAPYEAR":"Thu, 01 Jan 1998 00:00:00 GMT","UPDATEDATE":"Fri, 27 Jan 2023 21:28:50 GMT","STATE":"VT","FIPS8":5005,"SPAN":"699-222-10759","SUBTYPE":null,"GlobalID_1":"1cd6636f-769f-43c8-9295-086ea32d12ee","UNITCOUNT":1,"PRIMARYADD1":"759 SHADOW LAKE RD WATERFORD","PRIMARYADD2":"759 SHADOW LAKE RD WATERFORD VT 05819","SITETYPE_MULTI1":null,"SITETYPE_MULTI2":null,"SITETYPE_MULTI3":null,"SITETYPE_MULTI4":null,"SITETYPE_MULTI5":null,"COUNTY":"CALEDONIA","COUNTRY":"US","SOURCEOFDATA":"Vermont Enhanced 911 Board","DRIVEWAYID":null,"ESZ":"00300","HOUSE_NUMBER":759,"HOUSE_NUMBERSUFFIX":null,"HOUSE_NUMBERPREFIX":null,"FIPS":"5005"}},
{"type":"Feature","id":168483,"geometry":{"type":"Point","coordinates":[-71.9076614388587,44.3549008111943]},"properties":{"OBJECTID":168483,"SEGMENTID":58219,"ESITEID":275795,"GEONAMEID":22346,"PD":" ","PT":" ","SN":"LOWER WATERFORD","ST":"RD","SD":" ","PRIMARYNAME":"LOWER WATERFORD RD","ALIAS1":null,"ALIAS2":null,"ALIAS3":null,"ALIAS4":null,"ALIAS5":"9\/29\/2016 2:52:30 PM","PRIMARYADDRESS":"74 LOWER WATERFORD RD","SITETYPE":"LODGING B&B \/ HOTEL \/ MOTEL \/ INN","TOWNNAME":"WATERFORD","MCODE":721,"ESN":300,"ZIP":"05819","PARCELNUM":"647.","GPSX":-71.90766044,"GPSY":44.3548918,"MAPYEAR":"Thu, 01 Jan 1998 00:00:00 GMT","UPDATEDATE":"Fri, 27 Jan 2023 21:23:06 GMT","STATE":"VT","FIPS8":5005,"SPAN":"699-222-10517","SUBTYPE":null,"GlobalID_1":"88cf5e16-0e36-4c0a-9ea1-092c214f469e","UNITCOUNT":1,"PRIMARYADD1":"74 LOWER WATERFORD RD WATERFORD","PRIMARYADD2":"74 LOWER WATERFORD RD WATERFORD VT 05819","SITETYPE_MULTI1":null,"SITETYPE_MULTI2":null,"SITETYPE_MULTI3":null,"SITETYPE_MULTI4":null,"SITETYPE_MULTI5":null,"COUNTY":"CALEDONIA","COUNTRY":"US","SOURCEOFDATA":"Vermont Enhanced 911 Board","DRIVEWAYID":null,"ESZ":"00300","HOUSE_NUMBER":74,"HOUSE_NUMBERSUFFIX":null,"HOUSE_NUMBERPREFIX":null,"FIPS":"5005"}},
{"type":"Feature","id":57487,"geometry":{"type":"Point","coordinates":[-71.8805832554177,44.3542794418773]},"properties":{"OBJECTID":57487,"SEGMENTID":13603,"ESITEID":275796,"GEONAMEID":22319,"PD":" ","PT":" ","SN":"SHADOW LAKE","ST":"RD","SD":" ","PRIMARYNAME":"SHADOW LAKE RD  ","ALIAS1":null,"ALIAS2":null,"ALIAS3":null,"ALIAS4":null,"ALIAS5":"5\/12\/2015 7:30:02 PM","PRIMARYADDRESS":"762 SHADOW LAKE RD","SITETYPE":"SINGLE FAMILY DWELLING","TOWNNAME":"WATERFORD","MCODE":721,"ESN":300,"ZIP":"05819","PARCELNUM":"749.","GPSX":-71.88058226,"GPSY":44.35427042,"MAPYEAR":"Thu, 01 Jan 1998 00:00:00 GMT","UPDATEDATE":"Fri, 27 Jan 2023 21:28:50 GMT","STATE":"VT","FIPS8":5005,"SPAN":"699-222-10759","SUBTYPE":null,"GlobalID_1":"b7063837-c499-4406-a06b-6dfce51aabe0","UNITCOUNT":1,"PRIMARYADD1":"762 SHADOW LAKE RD WATERFORD","PRIMARYADD2":"762 SHADOW LAKE RD WATERFORD VT 05819","SITETYPE_MULTI1":null,"SITETYPE_MULTI2":null,"SITETYPE_MULTI3":null,"SITETYPE_MULTI4":null,"SITETYPE_MULTI5":null,"COUNTY":"CALEDONIA","COUNTRY":"US","SOURCEOFDATA":"Vermont Enhanced 911 Board","DRIVEWAYID":null,"ESZ":"00300","HOUSE_NUMBER":762,"HOUSE_NUMBERSUFFIX":null,"HOUSE_NUMBERPREFIX":null,"FIPS":"5005"}},
{"type":"Feature","id":114775,"geometry":{"type":"Point","coordinates":[-71.9086466256796,44.3545317182008]},"properties":{"OBJECTID":114775,"SEGMENTID":24886,"ESITEID":275797,"GEONAMEID":22346,"PD":" ","PT":" ","SN":"LOWER WATERFORD","ST":"RD","SD":" ","PRIMARYNAME":"LOWER WATERFORD RD","ALIAS1":null,"ALIAS2":null,"ALIAS3":null,"ALIAS4":null,"ALIAS5":"5\/12\/2015 7:29:44 PM","PRIMARYADDRESS":"164 LOWER WATERFORD RD","SITETYPE":"SINGLE FAMILY DWELLING","TOWNNAME":"WATERFORD","MCODE":721,"ESN":300,"ZIP":"05819","PARCELNUM":"337.","GPSX":-71.90864562,"GPSY":44.3545227,"MAPYEAR":"Thu, 01 Jan 1998 00:00:00 GMT","UPDATEDATE":"Fri, 27 Jan 2023 21:23:06 GMT","STATE":"VT","FIPS8":5005,"SPAN":"699-222-10062","SUBTYPE":null,"GlobalID_1":"cb668070-6962-4bab-8d4b-0ddf6da1213c","UNITCOUNT":1,"PRIMARYADD1":"164 LOWER WATERFORD RD WATERFORD","PRIMARYADD2":"164 LOWER WATERFORD RD WATERFORD VT 05819","SITETYPE_MULTI1":null,"SITETYPE_MULTI2":null,"SITETYPE_MULTI3":null,"SITETYPE_MULTI4":null,"SITETYPE_MULTI5":null,"COUNTY":"CALEDONIA","COUNTRY":"US","SOURCEOFDATA":"Vermont Enhanced 911 Board","DRIVEWAYID":null,"ESZ":"00300","HOUSE_NUMBER":164,"HOUSE_NUMBERSUFFIX":null,"HOUSE_NUMBERPREFIX":null,"FIPS":"5005"}},
{"type":"Feature","id":10567,"geometry":{"type":"Point","coordinates":[-71.9073591008625,44.3545103163839]},"properties":{"OBJECTID":10567,"SEGMENTID":58219,"ESITEID":275798,"GEONAMEID":22346,"PD":" ","PT":" ","SN":"LOWER WATERFORD","ST":"RD","SD":" ","PRIMARYNAME":"LOWER WATERFORD RD","ALIAS1":null,"ALIAS2":null,"ALIAS3":null,"ALIAS4":null,"ALIAS5":"9\/29\/2016 2:51:25 PM","PRIMARYADDRESS":"63 LOWER WATERFORD RD","SITETYPE":"SINGLE FAMILY DWELLING","TOWNNAME":"WATERFORD","MCODE":721,"ESN":300,"ZIP":"05819","PARCELNUM":"981.","GPSX":-71.9073581,"GPSY":44.3545013,"MAPYEAR":"Thu, 01 Jan 1998 00:00:00 GMT","UPDATEDATE":"Thu, 29 May 2025 12:30:24 GMT","STATE":"VT","FIPS8":5005,"SPAN":"699-222-10164","SUBTYPE":null,"GlobalID_1":"08b43f5d-b52d-458c-b408-7c23c2e73c4e","UNITCOUNT":1,"PRIMARYADD1":"63 LOWER WATERFORD RD WATERFORD","PRIMARYADD2":"63 LOWER WATERFORD RD WATERFORD VT 05819","SITETYPE_MULTI1":null,"SITETYPE_MULTI2":null,"SITETYPE_MULTI3":null,"SITETYPE_MULTI4":null,"SITETYPE_MULTI5":null,"COUNTY":"CALEDONIA","COUNTRY":"US","SOURCEOFDATA":"Vermont Enhanced 911 Board","DRIVEWAYID":null,"ESZ":"00300","HOUSE_NUMBER":63,"HOUSE_NUMBERSUFFIX":null,"HOUSE_NUMBERPREFIX":null,"FIPS":"5005"}},
{"type":"Feature","id":32626,"geometry":{"type":"Point","coordinates":[-71.9077310986373,44.3543715010932]},"properties":{"OBJECTID":32626,"SEGMENTID":39592,"ESITEID":275799,"GEONAMEID":22315,"PD":" ","PT":" ","SN":"MAPLE","ST":"ST","SD":" ","PRIMARYNAME":"MAPLE ST  ","ALIAS1":null,"ALIAS2":null,"ALIAS3":null,"ALIAS4":null,"ALIAS5":"9\/29\/2016 2:52:01 PM","PRIMARYADDRESS":"532 MAPLE ST","SITETYPE":"POST OFFICE","TOWNNAME":"WATERFORD","MCODE":721,"ESN":300,"ZIP":"05819","PARCELNUM":"980.","GPSX":-71.9077301,"GPSY":44.35436248,"MAPYEAR":"Thu, 01 Jan 1998 00:00:00 GMT","UPDATEDATE":"Fri, 27 Jan 2023 21:28:48 GMT","STATE":"VT","FIPS8":5005,"SPAN":"699-222-10704","SUBTYPE":null,"GlobalID_1":"cf71123a-1a1d-4010-b9e7-cfd299141550","UNITCOUNT":1,"PRIMARYADD1":"532 MAPLE ST WATERFORD","PRIMARYADD2":"532 MAPLE ST WATERFORD VT 05819","SITETYPE_MULTI1":null,"SITETYPE_MULTI2":null,"SITETYPE_MULTI3":null,"SITETYPE_MULTI4":null,"SITETYPE_MULTI5":null,"COUNTY":"CALEDONIA","COUNTRY":"US","SOURCEOFDATA":"Vermont Enhanced 911 Board","DRIVEWAYID":null,"ESZ":"00300","HOUSE_NUMBER":532,"HOUSE_NUMBERSUFFIX":null,"HOUSE_NUMBERPREFIX":null,"FIPS":"5005"}},
{"type":"Feature","id":1143,"geometry":{"type":"Point","coordinates":[-71.9047992899163,44.3542825408232]},"properties":{"OBJECTID":1143,"SEGMENTID":24883,"ESITEID":275800,"GEONAMEID":22321,"PD":" ","PT":"","SN":"VT ROUTE 18","ST":" ","SD":" ","PRIMARYNAME":"VT ROUTE 18","ALIAS1":null,"ALIAS2":"ROUTE 18","ALIAS3":null,"ALIAS4":null,"ALIAS5":"9\/29\/2016 2:53:05 PM","PRIMARYADDRESS":"6497 VT ROUTE 18","SITETYPE":"SINGLE FAMILY DWELLING","TOWNNAME":"WATERFORD","MCODE":721,"ESN":300,"ZIP":"05819","PARCELNUM":"273.","GPSX":-71.90479829,"GPSY":44.35427353,"MAPYEAR":"Thu, 01 Jan 1998 00:00:00 GMT","UPDATEDATE":"Fri, 27 Jan 2023 23:50:30 GMT","STATE":"VT","FIPS8":5005,"SPAN":"699-222-10080","SUBTYPE":null,"GlobalID_1":"8b32d71c-e5ba-4445-9680-55a31e2be496","UNITCOUNT":1,"PRIMARYADD1":"6497 VT ROUTE 18 WATERFORD","PRIMARYADD2":"6497 VT ROUTE 18 WATERFORD VT 05819","SITETYPE_MULTI1":null,"SITETYPE_MULTI2":null,"SITETYPE_MULTI3":null,"SITETYPE_MULTI4":null,"SITETYPE_MULTI5":null,"COUNTY":"CALEDONIA","COUNTRY":"US","SOURCEOFDATA":"Vermont Enhanced 911 Board","DRIVEWAYID":null,"ESZ":"00300","HOUSE_NUMBER":6497,"HOUSE_NUMBERSUFFIX":null,"HOUSE_NUMBERPREFIX":null,"FIPS":"5005"}},
{"type":"Feature","id":75680,"geometry":{"type":"Point","coordinates":[-71.9102339686011,44.354194944752]},"properties":{"OBJECTID":75680,"SEGMENTID":24886,"ESITEID":275801,"GEONAMEID":22346,"PD":" ","PT":" ","SN":"LOWER WATERFORD","ST":"RD","SD":" ","PRIMARYNAME":"LOWER WATERFORD RD","ALIAS1":null,"ALIAS2":null,"ALIAS3":null,"ALIAS4":null,"ALIAS5":"4\/11\/2018 9:45:10 AM","PRIMARYADDRESS":"188 LOWER WATERFORD RD","SITETYPE":"SINGLE FAMILY DWELLING","TOWNNAME":"WATERFORD","MCODE":721,"ESN":300,"ZIP":"05819","PARCELNUM":"432.","GPSX":-71.91023297,"GPSY":44.35418593,"MAPYEAR":"Thu, 01 Jan 1998 00:00:00 GMT","UPDATEDATE":"Fri, 27 Jan 2023 21:23:06 GMT","STATE":"VT","FIPS8":5005,"SPAN":"699-222-10031","SUBTYPE":null,"GlobalID_1":"a88fcce7-76af-4033-bd52-96a25407b6b3","UNITCOUNT":1,"PRIMARYADD1":"188 LOWER WATERFORD RD WATERFORD","PRIMARYADD2":"188 LOWER WATERFORD RD WATERFORD VT 05819","SITETYPE_MULTI1":null,"SITETYPE_MULTI2":null,"SITETYPE_MULTI3":null,"SITETYPE_MULTI4":null,"SITETYPE_MULTI5":null,"COUNTY":"CALEDONIA","COUNTRY":"US","SOURCEOFDATA":"Vermont Enhanced 911 Board","DRIVEWAYID":null,"ESZ":"00300","HOUSE_NUMBER":188,"HOUSE_NUMBERSUFFIX":null,"HOUSE_NUMBERPREFIX":null,"FIPS":"5005"}},
{"type":"Feature","id":81780,"geometry":{"type":"Point","coordinates":[-71.9079906314671,44.3543175211152]},"properties":{"OBJECTID":81780,"SEGMENTID":24886,"ESITEID":275802,"GEONAMEID":22346,"PD":" ","PT":" ","SN":"LOWER WATERFORD","ST":"RD","SD":" ","PRIMARYNAME":"LOWER WATERFORD RD","ALIAS1":null,"ALIAS2":null,"ALIAS3":null,"ALIAS4":null,"ALIAS5":"5\/12\/2015 7:29:44 PM","PRIMARYADDRESS":"123 LOWER WATERFORD RD","SITETYPE":"SINGLE FAMILY DWELLING","TOWNNAME":"WATERFORD","MCODE":721,"ESN":300,"ZIP":"05819","PARCELNUM":"546.","GPSX":-71.90798963,"GPSY":44.3543085,"MAPYEAR":"Thu, 01 Jan 1998 00:00:00 GMT","UPDATEDATE":"Fri, 27 Jan 2023 21:23:06 GMT","STATE":"VT","FIPS8":5005,"SPAN":"699-222-10372","SUBTYPE":null,"GlobalID_1":"4070a415-69a2-49c3-bcd6-d6adfe37b478","UNITCOUNT":1,"PRIMARYADD1":"123 LOWER WATERFORD RD WATERFORD","PRIMARYADD2":"123 LOWER WATERFORD RD WATERFORD VT 05819","SITETYPE_MULTI1":null,"SITETYPE_MULTI2":null,"SITETYPE_MULTI3":null,"SITETYPE_MULTI4":null,"SITETYPE_MULTI5":null,"COUNTY":"CALEDONIA","COUNTRY":"US","SOURCEOFDATA":"Vermont Enhanced 911 Board","DRIVEWAYID":null,"ESZ":"00300","HOUSE_NUMBER":123,"HOUSE_NUMBERSUFFIX":null,"HOUSE_NUMBERPREFIX":null,"FIPS":"5005"}},
{"type":"Feature","id":56061,"geometry":{"type":"Point","coordinates":[-71.9082604825443,44.3542422810079]},"properties":{"OBJECTID":56061,"SEGMENTID":24886,"ESITEID":275803,"GEONAMEID":22346,"PD":" ","PT":" ","SN":"LOWER WATERFORD","ST":"RD","SD":" ","PRIMARYNAME":"LOWER WATERFORD RD","ALIAS1":null,"ALIAS2":null,"ALIAS3":null,"ALIAS4":null,"ALIAS5":"5\/12\/2015 7:29:44 PM","PRIMARYADDRESS":"139 LOWER WATERFORD RD","SITETYPE":"SINGLE FAMILY DWELLING","TOWNNAME":"WATERFORD","MCODE":721,"ESN":300,"ZIP":"05819","PARCELNUM":"546.","GPSX":-71.90825948,"GPSY":44.35423326,"MAPYEAR":"Thu, 01 Jan 1998 00:00:00 GMT","UPDATEDATE":"Fri, 27 Jan 2023 21:23:07 GMT","STATE":"VT","FIPS8":5005,"SPAN":"699-222-10372","SUBTYPE":null,"GlobalID_1":"0f1ca602-b7ff-419e-a189-bae8732998d9","UNITCOUNT":1,"PRIMARYADD1":"139 LOWER WATERFORD RD WATERFORD","PRIMARYADD2":"139 LOWER WATERFORD RD WATERFORD VT 05819","SITETYPE_MULTI1":null,"SITETYPE_MULTI2":null,"SITETYPE_MULTI3":null,"SITETYPE_MULTI4":null,"SITETYPE_MULTI5":null,"COUNTY":"CALEDONIA","COUNTRY":"US","SOURCEOFDATA":"Vermont Enhanced 911 Board","DRIVEWAYID":null,"ESZ":"00300","HOUSE_NUMBER":139,"HOUSE_NUMBERSUFFIX":null,"HOUSE_NUMBERPREFIX":null,"FIPS":"5005"}},
{"type":"Feature","id":330465,"geometry":{"type":"Point","coordinates":[-71.9072255862894,44.3541549047042]},"properties":{"OBJECTID":330465,"SEGMENTID":39592,"ESITEID":275804,"GEONAMEID":22315,"PD":" ","PT":" ","SN":"MAPLE","ST":"ST","SD":" ","PRIMARYNAME":"MAPLE ST  ","ALIAS1":null,"ALIAS2":null,"ALIAS3":null,"ALIAS4":null,"ALIAS5":"9\/29\/2016 2:51:33 PM","PRIMARYADDRESS":"571 MAPLE ST","SITETYPE":"SINGLE FAMILY DWELLING","TOWNNAME":"WATERFORD","MCODE":721,"ESN":300,"ZIP":"05819","PARCELNUM":"675.","GPSX":-71.90722459,"GPSY":44.35414589,"MAPYEAR":"Thu, 01 Jan 1998 00:00:00 GMT","UPDATEDATE":"Fri, 27 Jan 2023 21:28:48 GMT","STATE":"VT","FIPS8":5005,"SPAN":"699-222-10512","SUBTYPE":null,"GlobalID_1":"6404127f-4dd2-44d2-ab70-a32ce1e298b1","UNITCOUNT":1,"PRIMARYADD1":"571 MAPLE ST WATERFORD","PRIMARYADD2":"571 MAPLE ST WATERFORD VT 05819","SITETYPE_MULTI1":null,"SITETYPE_MULTI2":null,"SITETYPE_MULTI3":null,"SITETYPE_MULTI4":null,"SITETYPE_MULTI5":null,"COUNTY":"CALEDONIA","COUNTRY":"US","SOURCEOFDATA":"Vermont Enhanced 911 Board","DRIVEWAYID":null,"ESZ":"00300","HOUSE_NUMBER":571,"HOUSE_NUMBERSUFFIX":null,"HOUSE_NUMBERPREFIX":null,"FIPS":"5005"}},
{"type":"Feature","id":16103,"geometry":{"type":"Point","coordinates":[-71.9150952876795,44.3565516737162]},"properties":{"OBJECTID":16103,"SEGMENTID":24886,"ESITEID":275805,"GEONAMEID":22346,"PD":" ","PT":" ","SN":"LOWER WATERFORD","ST":"RD","SD":" ","PRIMARYNAME":"LOWER WATERFORD RD","ALIAS1":null,"ALIAS2":null,"ALIAS3":null,"ALIAS4":null,"ALIAS5":"4\/11\/2018 9:48:26 AM","PRIMARYADDRESS":"274 LOWER WATERFORD RD","SITETYPE":"CAMP","TOWNNAME":"WATERFORD","MCODE":721,"ESN":300,"ZIP":"05819","PARCELNUM":"888.","GPSX":-71.91509429,"GPSY":44.35654266,"MAPYEAR":"Thu, 01 Jan 1998 00:00:00 GMT","UPDATEDATE":"Thu, 29 May 2025 12:29:31 GMT","STATE":"VT","FIPS8":5005,"SPAN":"699-222-10760","SUBTYPE":null,"GlobalID_1":"f1c2f41f-f38c-424f-94ad-a2b3c8cce8c6","UNITCOUNT":1,"PRIMARYADD1":"274 LOWER WATERFORD RD WATERFORD","PRIMARYADD2":"274 LOWER WATERFORD RD WATERFORD VT 05819","SITETYPE_MULTI1":null,"SITETYPE_MULTI2":null,"SITETYPE_MULTI3":null,"SITETYPE_MULTI4":null,"SITETYPE_MULTI5":null,"COUNTY":"CALEDONIA","COUNTRY":"US","SOURCEOFDATA":"Vermont Enhanced 911 Board","DRIVEWAYID":null,"ESZ":"00300","HOUSE_NUMBER":274,"HOUSE_NUMBERSUFFIX":null,"HOUSE_NUMBERPREFIX":null,"FIPS":"5005"}},
{"type":"Feature","id":275101,"geometry":{"type":"Point","coordinates":[-71.9090054447867,44.3540967894315]},"properties":{"OBJECTID":275101,"SEGMENTID":24886,"ESITEID":275806,"GEONAMEID":22346,"PD":" ","PT":" ","SN":"LOWER WATERFORD","ST":"RD","SD":" ","PRIMARYNAME":"LOWER WATERFORD RD","ALIAS1":null,"ALIAS2":null,"ALIAS3":null,"ALIAS4":null,"ALIAS5":"5\/12\/2015 7:29:44 PM","PRIMARYADDRESS":"173 LOWER WATERFORD RD","SITETYPE":"SINGLE FAMILY DWELLING","TOWNNAME":"WATERFORD","MCODE":721,"ESN":300,"ZIP":"05819","PARCELNUM":"897.","GPSX":-71.90900444,"GPSY":44.35408777,"MAPYEAR":"Thu, 01 Jan 1998 00:00:00 GMT","UPDATEDATE":"Fri, 27 Jan 2023 21:23:07 GMT","STATE":"VT","FIPS8":5005,"SPAN":"699-222-10778","SUBTYPE":null,"GlobalID_1":"d4be5112-297d-4e51-ad9d-1a671bb1b6b8","UNITCOUNT":1,"PRIMARYADD1":"173 LOWER WATERFORD RD WATERFORD","PRIMARYADD2":"173 LOWER WATERFORD RD WATERFORD VT 05819","SITETYPE_MULTI1":null,"SITETYPE_MULTI2":null,"SITETYPE_MULTI3":null,"SITETYPE_MULTI4":null,"SITETYPE_MULTI5":null,"COUNTY":"CALEDONIA","COUNTRY":"US","SOURCEOFDATA":"Vermont Enhanced 911 Board","DRIVEWAYID":null,"ESZ":"00300","HOUSE_NUMBER":173,"HOUSE_NUMBERSUFFIX":null,"HOUSE_NUMBERPREFIX":null,"FIPS":"5005"}},
{"type":"Feature","id":320052,"geometry":{"type":"Point","coordinates":[-71.9072935872162,44.3536807091129]},"properties":{"OBJECTID":320052,"SEGMENTID":39592,"ESITEID":275807,"GEONAMEID":22315,"PD":" ","PT":" ","SN":"MAPLE","ST":"ST","SD":" ","PRIMARYNAME":"MAPLE ST  ","ALIAS1":null,"ALIAS2":null,"ALIAS3":null,"ALIAS4":null,"ALIAS5":"9\/29\/2016 2:51:54 PM","PRIMARYADDRESS":"588 MAPLE ST","SITETYPE":"SINGLE FAMILY DWELLING","TOWNNAME":"WATERFORD","MCODE":721,"ESN":300,"ZIP":"05819","PARCELNUM":"674.","GPSX":-71.90729259,"GPSY":44.3536717,"MAPYEAR":"Thu, 01 Jan 1998 00:00:00 GMT","UPDATEDATE":"Fri, 27 Jan 2023 21:28:48 GMT","STATE":"VT","FIPS8":5005,"SPAN":"699-222-10511","SUBTYPE":null,"GlobalID_1":"036a5a4c-6a86-4a4e-9b0f-74f0edef844a","UNITCOUNT":1,"PRIMARYADD1":"588 MAPLE ST WATERFORD","PRIMARYADD2":"588 MAPLE ST WATERFORD VT 05819","SITETYPE_MULTI1":null,"SITETYPE_MULTI2":null,"SITETYPE_MULTI3":null,"SITETYPE_MULTI4":null,"SITETYPE_MULTI5":null,"COUNTY":"CALEDONIA","COUNTRY":"US","SOURCEOFDATA":"Vermont Enhanced 911 Board","DRIVEWAYID":null,"ESZ":"00300","HOUSE_NUMBER":588,"HOUSE_NUMBERSUFFIX":null,"HOUSE_NUMBERPREFIX":null,"FIPS":"5005"}},
{"type":"Feature","id":137446,"geometry":{"type":"Point","coordinates":[-71.907012618441,44.3532828832679]},"properties":{"OBJECTID":137446,"SEGMENTID":39592,"ESITEID":275808,"GEONAMEID":22315,"PD":" ","PT":" ","SN":"MAPLE","ST":"ST","SD":" ","PRIMARYNAME":"MAPLE ST  ","ALIAS1":null,"ALIAS2":null,"ALIAS3":null,"ALIAS4":null,"ALIAS5":"9\/29\/2016 2:52:46 PM","PRIMARYADDRESS":"614 MAPLE ST","SITETYPE":"SINGLE FAMILY DWELLING","TOWNNAME":"WATERFORD","MCODE":721,"ESN":300,"ZIP":"05819","PARCELNUM":"596.","GPSX":-71.90701162,"GPSY":44.35327387,"MAPYEAR":"Thu, 01 Jan 1998 00:00:00 GMT","UPDATEDATE":"Fri, 27 Jan 2023 21:28:49 GMT","STATE":"VT","FIPS8":5005,"SPAN":"699-222-10490","SUBTYPE":null,"GlobalID_1":"6d4130fa-faa2-4b69-826a-354444b2ff97","UNITCOUNT":1,"PRIMARYADD1":"614 MAPLE ST WATERFORD","PRIMARYADD2":"614 MAPLE ST WATERFORD VT 05819","SITETYPE_MULTI1":null,"SITETYPE_MULTI2":null,"SITETYPE_MULTI3":null,"SITETYPE_MULTI4":null,"SITETYPE_MULTI5":null,"COUNTY":"CALEDONIA","COUNTRY":"US","SOURCEOFDATA":"Vermont Enhanced 911 Board","DRIVEWAYID":null,"ESZ":"00300","HOUSE_NUMBER":614,"HOUSE_NUMBERSUFFIX":null,"HOUSE_NUMBERPREFIX":null,"FIPS":"5005"}},
{"type":"Feature","id":276098,"geometry":{"type":"Point","coordinates":[-71.8756304223008,44.3527638918022]},"properties":{"OBJECTID":276098,"SEGMENTID":58215,"ESITEID":275809,"GEONAMEID":435570,"PD":"","PT":"","SN":"OLD COUNTY","ST":"RD","SD":"S","PRIMARYNAME":"OLD COUNTY RD S","ALIAS1":null,"ALIAS2":null,"ALIAS3":null,"ALIAS4":null,"ALIAS5":"4\/28\/2017 8:18:12 AM","PRIMARYADDRESS":"4583 OLD COUNTY RD S","SITETYPE":"SINGLE FAMILY DWELLING","TOWNNAME":"WATERFORD","MCODE":721,"ESN":300,"ZIP":"05819","PARCELNUM":"749.1","GPSX":-71.87562944,"GPSY":44.35275488,"MAPYEAR":"Thu, 01 Jan 1998 00:00:00 GMT","UPDATEDATE":"Sat, 28 Jan 2023 00:28:44 GMT","STATE":"VT","FIPS8":5005,"SPAN":"699-222-10584","SUBTYPE":null,"GlobalID_1":"1db64f02-d678-4692-9c6f-62bf576a1f22","UNITCOUNT":1,"PRIMARYADD1":"4583 OLD COUNTY RD S WATERFORD","PRIMARYADD2":"4583 OLD COUNTY RD S WATERFORD VT 05819","SITETYPE_MULTI1":null,"SITETYPE_MULTI2":null,"SITETYPE_MULTI3":null,"SITETYPE_MULTI4":null,"SITETYPE_MULTI5":null,"COUNTY":"CALEDONIA","COUNTRY":"US","SOURCEOFDATA":"Vermont Enhanced 911 Board","DRIVEWAYID":null,"ESZ":"00300","HOUSE_NUMBER":4583,"HOUSE_NUMBERSUFFIX":null,"HOUSE_NUMBERPREFIX":null,"FIPS":"5005"}},
{"type":"Feature","id":117291,"geometry":{"type":"Point","coordinates":[-71.9527674287613,44.353055427989]},"properties":{"OBJECTID":117291,"SEGMENTID":10030,"ESITEID":275810,"GEONAMEID":22326,"PD":" ","PT":" ","SN":"DUCK POND","ST":"RD","SD":" ","PRIMARYNAME":"DUCK POND RD  ","ALIAS1":null,"ALIAS2":null,"ALIAS3":null,"ALIAS4":null,"ALIAS5":"5\/12\/2015 7:30:02 PM","PRIMARYADDRESS":"4776 DUCK POND RD","SITETYPE":"OTHER","TOWNNAME":"WATERFORD","MCODE":721,"ESN":300,"ZIP":"05819","PARCELNUM":"309.","GPSX":-71.95276641,"GPSY":44.35304641,"MAPYEAR":"Thu, 01 Jan 1998 00:00:00 GMT","UPDATEDATE":"Fri, 27 Jan 2023 21:28:52 GMT","STATE":"VT","FIPS8":5005,"SPAN":"699-222-10110","SUBTYPE":null,"GlobalID_1":"3744c1d7-37aa-4d60-81bb-efce6941625f","UNITCOUNT":1,"PRIMARYADD1":"4776 DUCK POND RD WATERFORD","PRIMARYADD2":"4776 DUCK POND RD WATERFORD VT 05819","SITETYPE_MULTI1":null,"SITETYPE_MULTI2":null,"SITETYPE_MULTI3":null,"SITETYPE_MULTI4":null,"SITETYPE_MULTI5":null,"COUNTY":"CALEDONIA","COUNTRY":"US","SOURCEOFDATA":"Vermont Enhanced 911 Board","DRIVEWAYID":null,"ESZ":"00300","HOUSE_NUMBER":4776,"HOUSE_NUMBERSUFFIX":null,"HOUSE_NUMBERPREFIX":null,"FIPS":"5005"}},
{"type":"Feature","id":348684,"geometry":{"type":"Point","coordinates":[-71.9161539523821,44.3528036614994]},"properties":{"OBJECTID":348684,"SEGMENTID":24886,"ESITEID":275811,"GEONAMEID":22346,"PD":" ","PT":" ","SN":"LOWER WATERFORD","ST":"RD","SD":" ","PRIMARYNAME":"LOWER WATERFORD RD","ALIAS1":null,"ALIAS2":null,"ALIAS3":null,"ALIAS4":null,"ALIAS5":"5\/12\/2015 7:29:44 PM","PRIMARYADDRESS":"506 LOWER WATERFORD RD","SITETYPE":"SINGLE FAMILY DWELLING","TOWNNAME":"WATERFORD","MCODE":721,"ESN":300,"ZIP":"05819","PARCELNUM":"529.","GPSX":-71.91615295,"GPSY":44.35279464,"MAPYEAR":"Thu, 01 Jan 1998 00:00:00 GMT","UPDATEDATE":"Fri, 27 Jan 2023 21:23:07 GMT","STATE":"VT","FIPS8":5005,"SPAN":"699-222-10021","SUBTYPE":null,"GlobalID_1":"6c3d0ca6-4185-40b0-bad1-8e27dd070b9c","UNITCOUNT":1,"PRIMARYADD1":"506 LOWER WATERFORD RD WATERFORD","PRIMARYADD2":"506 LOWER WATERFORD RD WATERFORD VT 05819","SITETYPE_MULTI1":null,"SITETYPE_MULTI2":null,"SITETYPE_MULTI3":null,"SITETYPE_MULTI4":null,"SITETYPE_MULTI5":null,"COUNTY":"CALEDONIA","COUNTRY":"US","SOURCEOFDATA":"Vermont Enhanced 911 Board","DRIVEWAYID":null,"ESZ":"00300","HOUSE_NUMBER":506,"HOUSE_NUMBERSUFFIX":null,"HOUSE_NUMBERPREFIX":null,"FIPS":"5005"}},
{"type":"Feature","id":186741,"geometry":{"type":"Point","coordinates":[-71.9177093955401,44.3524253701226]},"properties":{"OBJECTID":186741,"SEGMENTID":24886,"ESITEID":275812,"GEONAMEID":22346,"PD":" ","PT":" ","SN":"LOWER WATERFORD","ST":"RD","SD":" ","PRIMARYNAME":"LOWER WATERFORD RD","ALIAS1":null,"ALIAS2":null,"ALIAS3":null,"ALIAS4":null,"ALIAS5":"5\/12\/2015 7:29:44 PM","PRIMARYADDRESS":"598 LOWER WATERFORD RD","SITETYPE":"SINGLE FAMILY DWELLING","TOWNNAME":"WATERFORD","MCODE":721,"ESN":300,"ZIP":"05819","PARCELNUM":"529.1","GPSX":-71.9177084,"GPSY":44.35241636,"MAPYEAR":"Thu, 01 Jan 1998 00:00:00 GMT","UPDATEDATE":"Thu, 29 May 2025 12:27:19 GMT","STATE":"VT","FIPS8":5005,"SPAN":"699-222-10961","SUBTYPE":null,"GlobalID_1":"9c121019-fd9d-43a4-84c1-bd53376b2d99","UNITCOUNT":1,"PRIMARYADD1":"598 LOWER WATERFORD RD WATERFORD","PRIMARYADD2":"598 LOWER WATERFORD RD WATERFORD VT 05819","SITETYPE_MULTI1":null,"SITETYPE_MULTI2":null,"SITETYPE_MULTI3":null,"SITETYPE_MULTI4":null,"SITETYPE_MULTI5":null,"COUNTY":"CALEDONIA","COUNTRY":"US","SOURCEOFDATA":"Vermont Enhanced 911 Board","DRIVEWAYID":null,"ESZ":"00300","HOUSE_NUMBER":598,"HOUSE_NUMBERSUFFIX":null,"HOUSE_NUMBERPREFIX":null,"FIPS":"5005"}},
{"type":"Feature","id":8660,"geometry":{"type":"Point","coordinates":[-71.8977492026977,44.3519342961503]},"properties":{"OBJECTID":8660,"SEGMENTID":50844,"ESITEID":275813,"GEONAMEID":22352,"PD":" ","PT":" ","SN":"WHITTEMORE","ST":"LN","SD":" ","PRIMARYNAME":"WHITTEMORE LN","ALIAS1":null,"ALIAS2":null,"ALIAS3":null,"ALIAS4":null,"ALIAS5":"3\/1\/2017 8:42:03 AM","PRIMARYADDRESS":"103 WHITTEMORE LN","SITETYPE":"MULTI-FAMILY DWELLING","TOWNNAME":"WATERFORD","MCODE":721,"ESN":300,"ZIP":"05819","PARCELNUM":"648.","GPSX":-71.89774821,"GPSY":44.35192528,"MAPYEAR":"Thu, 01 Jan 1998 00:00:00 GMT","UPDATEDATE":"Fri, 27 Jan 2023 21:23:09 GMT","STATE":"VT","FIPS8":5005,"SPAN":"699-222-10473","SUBTYPE":null,"GlobalID_1":"9774c586-4422-4ce8-905d-1cbaca246350","UNITCOUNT":1,"PRIMARYADD1":"103 WHITTEMORE LN WATERFORD","PRIMARYADD2":"103 WHITTEMORE LN WATERFORD VT 05819","SITETYPE_MULTI1":null,"SITETYPE_MULTI2":null,"SITETYPE_MULTI3":null,"SITETYPE_MULTI4":null,"SITETYPE_MULTI5":null,"COUNTY":"CALEDONIA","COUNTRY":"US","SOURCEOFDATA":"Vermont Enhanced 911 Board","DRIVEWAYID":null,"ESZ":"00300","HOUSE_NUMBER":103,"HOUSE_NUMBERSUFFIX":null,"HOUSE_NUMBERPREFIX":null,"FIPS":"5005"}},
{"type":"Feature","id":300051,"geometry":{"type":"Point","coordinates":[-71.8991917414912,44.3518367354524]},"properties":{"OBJECTID":300051,"SEGMENTID":50844,"ESITEID":275814,"GEONAMEID":22352,"PD":" ","PT":" ","SN":"WHITTEMORE","ST":"LN","SD":" ","PRIMARYNAME":"WHITTEMORE LN","ALIAS1":null,"ALIAS2":null,"ALIAS3":null,"ALIAS4":null,"ALIAS5":"3\/1\/2017 8:42:19 AM","PRIMARYADDRESS":"71 WHITTEMORE LN","SITETYPE":"SINGLE FAMILY DWELLING","TOWNNAME":"WATERFORD","MCODE":721,"ESN":300,"ZIP":"05819","PARCELNUM":"398.","GPSX":-71.89919075,"GPSY":44.35182772,"MAPYEAR":"Thu, 01 Jan 1998 00:00:00 GMT","UPDATEDATE":"Fri, 27 Jan 2023 21:23:09 GMT","STATE":"VT","FIPS8":5005,"SPAN":"699-222-10215","SUBTYPE":null,"GlobalID_1":"b9b12f79-0154-4633-b152-284e720f3b89","UNITCOUNT":1,"PRIMARYADD1":"71 WHITTEMORE LN WATERFORD","PRIMARYADD2":"71 WHITTEMORE LN WATERFORD VT 05819","SITETYPE_MULTI1":null,"SITETYPE_MULTI2":null,"SITETYPE_MULTI3":null,"SITETYPE_MULTI4":null,"SITETYPE_MULTI5":null,"COUNTY":"CALEDONIA","COUNTRY":"US","SOURCEOFDATA":"Vermont Enhanced 911 Board","DRIVEWAYID":null,"ESZ":"00300","HOUSE_NUMBER":71,"HOUSE_NUMBERSUFFIX":null,"HOUSE_NUMBERPREFIX":null,"FIPS":"5005"}},
{"type":"Feature","id":167664,"geometry":{"type":"Point","coordinates":[-71.8982137590906,44.3511592132976]},"properties":{"OBJECTID":167664,"SEGMENTID":50844,"ESITEID":275815,"GEONAMEID":22352,"PD":" ","PT":" ","SN":"WHITTEMORE","ST":"LN","SD":" ","PRIMARYNAME":"WHITTEMORE LN","ALIAS1":null,"ALIAS2":null,"ALIAS3":null,"ALIAS4":null,"ALIAS5":"3\/1\/2017 8:42:15 AM","PRIMARYADDRESS":"55 WHITTEMORE LN","SITETYPE":"SINGLE FAMILY DWELLING","TOWNNAME":"WATERFORD","MCODE":721,"ESN":300,"ZIP":"05819","PARCELNUM":"836.","GPSX":-71.89821277,"GPSY":44.3511502,"MAPYEAR":"Thu, 01 Jan 1998 00:00:00 GMT","UPDATEDATE":"Fri, 27 Jan 2023 21:23:09 GMT","STATE":"VT","FIPS8":5005,"SPAN":"699-222-10680","SUBTYPE":null,"GlobalID_1":"76d7186c-797c-44d6-8fa2-c43ac0fff36c","UNITCOUNT":1,"PRIMARYADD1":"55 WHITTEMORE LN WATERFORD","PRIMARYADD2":"55 WHITTEMORE LN WATERFORD VT 05819","SITETYPE_MULTI1":null,"SITETYPE_MULTI2":null,"SITETYPE_MULTI3":null,"SITETYPE_MULTI4":null,"SITETYPE_MULTI5":null,"COUNTY":"CALEDONIA","COUNTRY":"US","SOURCEOFDATA":"Vermont Enhanced 911 Board","DRIVEWAYID":null,"ESZ":"00300","HOUSE_NUMBER":55,"HOUSE_NUMBERSUFFIX":null,"HOUSE_NUMBERPREFIX":null,"FIPS":"5005"}},
{"type":"Feature","id":233899,"geometry":{"type":"Point","coordinates":[-71.8974192832446,44.3511607549329]},"properties":{"OBJECTID":233899,"SEGMENTID":50844,"ESITEID":275816,"GEONAMEID":22352,"PD":" ","PT":" ","SN":"WHITTEMORE","ST":"LN","SD":" ","PRIMARYNAME":"WHITTEMORE LN","ALIAS1":null,"ALIAS2":null,"ALIAS3":null,"ALIAS4":null,"ALIAS5":"3\/1\/2017 8:42:07 AM","PRIMARYADDRESS":"36 WHITTEMORE LN","SITETYPE":"SINGLE FAMILY DWELLING","TOWNNAME":"WATERFORD","MCODE":721,"ESN":300,"ZIP":"05819","PARCELNUM":"849.","GPSX":-71.89741829,"GPSY":44.35115174,"MAPYEAR":"Thu, 01 Jan 1998 00:00:00 GMT","UPDATEDATE":"Fri, 27 Jan 2023 21:23:09 GMT","STATE":"VT","FIPS8":5005,"SPAN":"699-222-10703","SUBTYPE":null,"GlobalID_1":"a7f37777-653b-4ee2-9eaa-d11122c4e9ac","UNITCOUNT":1,"PRIMARYADD1":"36 WHITTEMORE LN WATERFORD","PRIMARYADD2":"36 WHITTEMORE LN WATERFORD VT 05819","SITETYPE_MULTI1":null,"SITETYPE_MULTI2":null,"SITETYPE_MULTI3":null,"SITETYPE_MULTI4":null,"SITETYPE_MULTI5":null,"COUNTY":"CALEDONIA","COUNTRY":"US","SOURCEOFDATA":"Vermont Enhanced 911 Board","DRIVEWAYID":null,"ESZ":"00300","HOUSE_NUMBER":36,"HOUSE_NUMBERSUFFIX":null,"HOUSE_NUMBERPREFIX":null,"FIPS":"5005"}},
{"type":"Feature","id":97596,"geometry":{"type":"Point","coordinates":[-71.8984437256481,44.3508755114758]},"properties":{"OBJECTID":97596,"SEGMENTID":24883,"ESITEID":275817,"GEONAMEID":22321,"PD":" ","PT":"","SN":"VT ROUTE 18","ST":" ","SD":" ","PRIMARYNAME":"VT ROUTE 18","ALIAS1":null,"ALIAS2":"ROUTE 18","ALIAS3":null,"ALIAS4":null,"ALIAS5":"3\/1\/2017 8:42:12 AM","PRIMARYADDRESS":"6861 VT ROUTE 18","SITETYPE":"SINGLE FAMILY DWELLING","TOWNNAME":"WATERFORD","MCODE":721,"ESN":300,"ZIP":"05819","PARCELNUM":"396.","GPSX":-71.89844273,"GPSY":44.3508665,"MAPYEAR":"Thu, 01 Jan 1998 00:00:00 GMT","UPDATEDATE":"Fri, 27 Jan 2023 23:58:37 GMT","STATE":"VT","FIPS8":5005,"SPAN":"699-222-10214","SUBTYPE":null,"GlobalID_1":"20bffb7c-bbc5-4415-85ff-492a55433713","UNITCOUNT":1,"PRIMARYADD1":"6861 VT ROUTE 18 WATERFORD","PRIMARYADD2":"6861 VT ROUTE 18 WATERFORD VT 05819","SITETYPE_MULTI1":null,"SITETYPE_MULTI2":null,"SITETYPE_MULTI3":null,"SITETYPE_MULTI4":null,"SITETYPE_MULTI5":null,"COUNTY":"CALEDONIA","COUNTRY":"US","SOURCEOFDATA":"Vermont Enhanced 911 Board","DRIVEWAYID":null,"ESZ":"00300","HOUSE_NUMBER":6861,"HOUSE_NUMBERSUFFIX":null,"HOUSE_NUMBERPREFIX":null,"FIPS":"5005"}},
{"type":"Feature","id":127740,"geometry":{"type":"Point","coordinates":[-71.8957959866846,44.3508760583933]},"properties":{"OBJECTID":127740,"SEGMENTID":64952,"ESITEID":275818,"GEONAMEID":22321,"PD":"","PT":"","SN":"VT ROUTE 18","ST":"","SD":"","PRIMARYNAME":"VT ROUTE 18","ALIAS1":null,"ALIAS2":"ROUTE 18","ALIAS3":null,"ALIAS4":null,"ALIAS5":"5\/26\/2022 2:02:31 PM","PRIMARYADDRESS":"6993 VT ROUTE 18","SITETYPE":"SINGLE FAMILY DWELLING","TOWNNAME":"WATERFORD","MCODE":721,"ESN":300,"ZIP":"05819","PARCELNUM":"636.","GPSX":-71.89579499,"GPSY":44.35086705,"MAPYEAR":"Thu, 01 Jan 1998 00:00:00 GMT","UPDATEDATE":"Fri, 27 Jan 2023 23:52:04 GMT","STATE":"VT","FIPS8":5005,"SPAN":"699-222-10470","SUBTYPE":null,"GlobalID_1":"661f6533-83d5-4933-9005-44d08a07e2b0","UNITCOUNT":1,"PRIMARYADD1":"6993 VT ROUTE 18 WATERFORD","PRIMARYADD2":"6993 VT ROUTE 18 WATERFORD VT 05819","SITETYPE_MULTI1":null,"SITETYPE_MULTI2":null,"SITETYPE_MULTI3":null,"SITETYPE_MULTI4":null,"SITETYPE_MULTI5":null,"COUNTY":"CALEDONIA","COUNTRY":"US","SOURCEOFDATA":"Vermont Enhanced 911 Board","DRIVEWAYID":null,"ESZ":"00300","HOUSE_NUMBER":6993,"HOUSE_NUMBERSUFFIX":null,"HOUSE_NUMBERPREFIX":null,"FIPS":"5005"}},
{"type":"Feature","id":1267,"geometry":{"type":"Point","coordinates":[-71.8976047452172,44.3505347211616]},"properties":{"OBJECTID":1267,"SEGMENTID":64952,"ESITEID":275819,"GEONAMEID":22321,"PD":"","PT":"","SN":"VT ROUTE 18","ST":"","SD":"","PRIMARYNAME":"VT ROUTE 18","ALIAS1":null,"ALIAS2":"ROUTE 18","ALIAS3":null,"ALIAS4":null,"ALIAS5":"5\/26\/2022 2:01:58 PM","PRIMARYADDRESS":"6917 VT ROUTE 18","SITETYPE":"SINGLE FAMILY DWELLING","TOWNNAME":"WATERFORD","MCODE":721,"ESN":300,"ZIP":"05819","PARCELNUM":"892.","GPSX":-71.89760375,"GPSY":44.35052571,"MAPYEAR":"Thu, 01 Jan 1998 00:00:00 GMT","UPDATEDATE":"Sat, 28 Jan 2023 00:00:07 GMT","STATE":"VT","FIPS8":5005,"SPAN":"699-222-10767","SUBTYPE":null,"GlobalID_1":"ed78e563-c4d2-4487-9bd1-4df1e8aa9be4","UNITCOUNT":1,"PRIMARYADD1":"6917 VT ROUTE 18 WATERFORD","PRIMARYADD2":"6917 VT ROUTE 18 WATERFORD VT 05819","SITETYPE_MULTI1":null,"SITETYPE_MULTI2":null,"SITETYPE_MULTI3":null,"SITETYPE_MULTI4":null,"SITETYPE_MULTI5":null,"COUNTY":"CALEDONIA","COUNTRY":"US","SOURCEOFDATA":"Vermont Enhanced 911 Board","DRIVEWAYID":null,"ESZ":"00300","HOUSE_NUMBER":6917,"HOUSE_NUMBERSUFFIX":null,"HOUSE_NUMBERPREFIX":null,"FIPS":"5005"}},
{"type":"Feature","id":7420,"geometry":{"type":"Point","coordinates":[-71.9192269278735,44.350743693584]},"properties":{"OBJECTID":7420,"SEGMENTID":24886,"ESITEID":275820,"GEONAMEID":22346,"PD":" ","PT":" ","SN":"LOWER WATERFORD","ST":"RD","SD":" ","PRIMARYNAME":"LOWER WATERFORD RD","ALIAS1":null,"ALIAS2":null,"ALIAS3":null,"ALIAS4":null,"ALIAS5":"5\/12\/2015 7:29:44 PM","PRIMARYADDRESS":"728 LOWER WATERFORD RD","SITETYPE":"SINGLE FAMILY DWELLING","TOWNNAME":"WATERFORD","MCODE":721,"ESN":300,"ZIP":"05819","PARCELNUM":"400.","GPSX":-71.91922592,"GPSY":44.35073468,"MAPYEAR":"Thu, 01 Jan 1998 00:00:00 GMT","UPDATEDATE":"Fri, 27 Jan 2023 21:23:07 GMT","STATE":"VT","FIPS8":5005,"SPAN":"699-222-10551","SUBTYPE":null,"GlobalID_1":"85c5ac8c-23cd-4f07-b905-b41ca457c5c8","UNITCOUNT":1,"PRIMARYADD1":"728 LOWER WATERFORD RD WATERFORD","PRIMARYADD2":"728 LOWER WATERFORD RD WATERFORD VT 05819","SITETYPE_MULTI1":null,"SITETYPE_MULTI2":null,"SITETYPE_MULTI3":null,"SITETYPE_MULTI4":null,"SITETYPE_MULTI5":null,"COUNTY":"CALEDONIA","COUNTRY":"US","SOURCEOFDATA":"Vermont Enhanced 911 Board","DRIVEWAYID":null,"ESZ":"00300","HOUSE_NUMBER":728,"HOUSE_NUMBERSUFFIX":null,"HOUSE_NUMBERPREFIX":null,"FIPS":"5005"}},
{"type":"Feature","id":303451,"geometry":{"type":"Point","coordinates":[-71.8969800857632,44.3505659370269]},"properties":{"OBJECTID":303451,"SEGMENTID":64952,"ESITEID":275821,"GEONAMEID":22321,"PD":"","PT":"","SN":"VT ROUTE 18","ST":"","SD":"","PRIMARYNAME":"VT ROUTE 18","ALIAS1":null,"ALIAS2":"ROUTE 18","ALIAS3":null,"ALIAS4":null,"ALIAS5":"5\/26\/2022 2:01:57 PM","PRIMARYADDRESS":"6937 VT ROUTE 18","SITETYPE":"SINGLE FAMILY DWELLING","TOWNNAME":"WATERFORD","MCODE":721,"ESN":300,"ZIP":"05819","PARCELNUM":"774.","GPSX":-71.89697909,"GPSY":44.35055692,"MAPYEAR":"Thu, 01 Jan 1998 00:00:00 GMT","UPDATEDATE":"Fri, 27 Jan 2023 23:53:39 GMT","STATE":"VT","FIPS8":5005,"SPAN":"699-222-10039","SUBTYPE":null,"GlobalID_1":"8fae232f-8b1f-438b-815d-7737bd7b84ed","UNITCOUNT":1,"PRIMARYADD1":"6937 VT ROUTE 18 WATERFORD","PRIMARYADD2":"6937 VT ROUTE 18 WATERFORD VT 05819","SITETYPE_MULTI1":null,"SITETYPE_MULTI2":null,"SITETYPE_MULTI3":null,"SITETYPE_MULTI4":null,"SITETYPE_MULTI5":null,"COUNTY":"CALEDONIA","COUNTRY":"US","SOURCEOFDATA":"Vermont Enhanced 911 Board","DRIVEWAYID":null,"ESZ":"00300","HOUSE_NUMBER":6937,"HOUSE_NUMBERSUFFIX":null,"HOUSE_NUMBERPREFIX":null,"FIPS":"5005"}},
{"type":"Feature","id":106974,"geometry":{"type":"Point","coordinates":[-71.8984274467529,44.350417798192]},"properties":{"OBJECTID":106974,"SEGMENTID":24883,"ESITEID":275822,"GEONAMEID":22321,"PD":" ","PT":"","SN":"VT ROUTE 18","ST":" ","SD":" ","PRIMARYNAME":"VT ROUTE 18","ALIAS1":null,"ALIAS2":"ROUTE 18","ALIAS3":null,"ALIAS4":null,"ALIAS5":"7\/29\/2016 2:25:45 PM","PRIMARYADDRESS":"6888 VT ROUTE 18","SITETYPE":"SINGLE FAMILY DWELLING","TOWNNAME":"WATERFORD","MCODE":721,"ESN":300,"ZIP":"05819","PARCELNUM":"338.","GPSX":-71.89842645,"GPSY":44.35040879,"MAPYEAR":"Thu, 01 Jan 1998 00:00:00 GMT","UPDATEDATE":"Sat, 28 Jan 2023 00:01:47 GMT","STATE":"VT","FIPS8":5005,"SPAN":"699-222-10504","SUBTYPE":null,"GlobalID_1":"5976d01c-6f37-4428-b5ae-eb8b55b39a1e","UNITCOUNT":1,"PRIMARYADD1":"6888 VT ROUTE 18 WATERFORD","PRIMARYADD2":"6888 VT ROUTE 18 WATERFORD VT 05819","SITETYPE_MULTI1":null,"SITETYPE_MULTI2":null,"SITETYPE_MULTI3":null,"SITETYPE_MULTI4":null,"SITETYPE_MULTI5":null,"COUNTY":"CALEDONIA","COUNTRY":"US","SOURCEOFDATA":"Vermont Enhanced 911 Board","DRIVEWAYID":null,"ESZ":"00300","HOUSE_NUMBER":6888,"HOUSE_NUMBERSUFFIX":null,"HOUSE_NUMBERPREFIX":null,"FIPS":"5005"}},
{"type":"Feature","id":187796,"geometry":{"type":"Point","coordinates":[-71.8965636137164,44.3502657010858]},"properties":{"OBJECTID":187796,"SEGMENTID":64952,"ESITEID":275823,"GEONAMEID":22321,"PD":"","PT":"","SN":"VT ROUTE 18","ST":"","SD":"","PRIMARYNAME":"VT ROUTE 18","ALIAS1":null,"ALIAS2":"ROUTE 18","ALIAS3":null,"ALIAS4":null,"ALIAS5":"5\/26\/2022 2:01:57 PM","PRIMARYADDRESS":"6983 VT ROUTE 18","SITETYPE":"SINGLE FAMILY DWELLING","TOWNNAME":"WATERFORD","MCODE":721,"ESN":300,"ZIP":"05819","PARCELNUM":"941.","GPSX":-71.89656262,"GPSY":44.35025669,"MAPYEAR":"Thu, 01 Jan 1998 00:00:00 GMT","UPDATEDATE":"Fri, 27 Jan 2023 23:55:43 GMT","STATE":"VT","FIPS8":5005,"SPAN":"699-222-10766","SUBTYPE":null,"GlobalID_1":"6ea2b6f5-18cc-4d80-a138-ec59d17947b4","UNITCOUNT":1,"PRIMARYADD1":"6983 VT ROUTE 18 WATERFORD","PRIMARYADD2":"6983 VT ROUTE 18 WATERFORD VT 05819","SITETYPE_MULTI1":null,"SITETYPE_MULTI2":null,"SITETYPE_MULTI3":null,"SITETYPE_MULTI4":null,"SITETYPE_MULTI5":null,"COUNTY":"CALEDONIA","COUNTRY":"US","SOURCEOFDATA":"Vermont Enhanced 911 Board","DRIVEWAYID":null,"ESZ":"00300","HOUSE_NUMBER":6983,"HOUSE_NUMBERSUFFIX":null,"HOUSE_NUMBERPREFIX":null,"FIPS":"5005"}},
{"type":"Feature","id":165338,"geometry":{"type":"Point","coordinates":[-71.8957596050748,44.3498833324856]},"properties":{"OBJECTID":165338,"SEGMENTID":64952,"ESITEID":275824,"GEONAMEID":22321,"PD":"","PT":"","SN":"VT ROUTE 18","ST":"","SD":"","PRIMARYNAME":"VT ROUTE 18","ALIAS1":null,"ALIAS2":"ROUTE 18","ALIAS3":null,"ALIAS4":null,"ALIAS5":"6\/21\/2022 3:54:29 PM","PRIMARYADDRESS":"6995 VT ROUTE 18","SITETYPE":"SINGLE FAMILY DWELLING","TOWNNAME":"WATERFORD","MCODE":721,"ESN":300,"ZIP":"05819","PARCELNUM":"008.","GPSX":-71.89575861,"GPSY":44.34987432,"MAPYEAR":"Thu, 01 Jan 1998 00:00:00 GMT","UPDATEDATE":"Sat, 28 Jan 2023 00:02:25 GMT","STATE":"VT","FIPS8":5005,"SPAN":"699-222-10675","SUBTYPE":null,"GlobalID_1":"99d85715-45a6-4296-bb2c-624bfefa942e","UNITCOUNT":1,"PRIMARYADD1":"6995 VT ROUTE 18 WATERFORD","PRIMARYADD2":"6995 VT ROUTE 18 WATERFORD VT 05819","SITETYPE_MULTI1":null,"SITETYPE_MULTI2":null,"SITETYPE_MULTI3":null,"SITETYPE_MULTI4":null,"SITETYPE_MULTI5":null,"COUNTY":"CALEDONIA","COUNTRY":"US","SOURCEOFDATA":"Vermont Enhanced 911 Board","DRIVEWAYID":null,"ESZ":"00300","HOUSE_NUMBER":6995,"HOUSE_NUMBERSUFFIX":null,"HOUSE_NUMBERPREFIX":null,"FIPS":"5005"}},
{"type":"Feature","id":329973,"geometry":{"type":"Point","coordinates":[-71.9222234599728,44.3497133386408]},"properties":{"OBJECTID":329973,"SEGMENTID":24886,"ESITEID":275825,"GEONAMEID":22346,"PD":" ","PT":" ","SN":"LOWER WATERFORD","ST":"RD","SD":" ","PRIMARYNAME":"LOWER WATERFORD RD","ALIAS1":null,"ALIAS2":null,"ALIAS3":null,"ALIAS4":null,"ALIAS5":"5\/12\/2015 7:29:44 PM","PRIMARYADDRESS":"864 LOWER WATERFORD RD","SITETYPE":"SINGLE FAMILY DWELLING","TOWNNAME":"WATERFORD","MCODE":721,"ESN":300,"ZIP":"05819","PARCELNUM":"263.","GPSX":-71.92222245,"GPSY":44.34970432,"MAPYEAR":"Thu, 01 Jan 1998 00:00:00 GMT","UPDATEDATE":"Fri, 27 Jan 2023 21:23:07 GMT","STATE":"VT","FIPS8":5005,"SPAN":"699-222-10074","SUBTYPE":null,"GlobalID_1":"99c67815-f9d4-4c2e-b322-0344eaa8d2ad","UNITCOUNT":1,"PRIMARYADD1":"864 LOWER WATERFORD RD WATERFORD","PRIMARYADD2":"864 LOWER WATERFORD RD WATERFORD VT 05819","SITETYPE_MULTI1":null,"SITETYPE_MULTI2":null,"SITETYPE_MULTI3":null,"SITETYPE_MULTI4":null,"SITETYPE_MULTI5":null,"COUNTY":"CALEDONIA","COUNTRY":"US","SOURCEOFDATA":"Vermont Enhanced 911 Board","DRIVEWAYID":null,"ESZ":"00300","HOUSE_NUMBER":864,"HOUSE_NUMBERSUFFIX":null,"HOUSE_NUMBERPREFIX":null,"FIPS":"5005"}},
{"type":"Feature","id":102833,"geometry":{"type":"Point","coordinates":[-71.9209570291929,44.3497427191468]},"properties":{"OBJECTID":102833,"SEGMENTID":24886,"ESITEID":275826,"GEONAMEID":22346,"PD":" ","PT":" ","SN":"LOWER WATERFORD","ST":"RD","SD":" ","PRIMARYNAME":"LOWER WATERFORD RD","ALIAS1":null,"ALIAS2":null,"ALIAS3":null,"ALIAS4":null,"ALIAS5":"5\/12\/2015 7:29:44 PM","PRIMARYADDRESS":"828 LOWER WATERFORD RD","SITETYPE":"SINGLE FAMILY DWELLING","TOWNNAME":"WATERFORD","MCODE":721,"ESN":300,"ZIP":"05819","PARCELNUM":"563.","GPSX":-71.92095602,"GPSY":44.3497337,"MAPYEAR":"Thu, 01 Jan 1998 00:00:00 GMT","UPDATEDATE":"Fri, 27 Jan 2023 21:23:07 GMT","STATE":"VT","FIPS8":5005,"SPAN":"699-222-10394","SUBTYPE":null,"GlobalID_1":"cffc9a5b-dd87-437a-bffc-751cbd70fe30","UNITCOUNT":1,"PRIMARYADD1":"828 LOWER WATERFORD RD WATERFORD","PRIMARYADD2":"828 LOWER WATERFORD RD WATERFORD VT 05819","SITETYPE_MULTI1":null,"SITETYPE_MULTI2":null,"SITETYPE_MULTI3":null,"SITETYPE_MULTI4":null,"SITETYPE_MULTI5":null,"COUNTY":"CALEDONIA","COUNTRY":"US","SOURCEOFDATA":"Vermont Enhanced 911 Board","DRIVEWAYID":null,"ESZ":"00300","HOUSE_NUMBER":828,"HOUSE_NUMBERSUFFIX":null,"HOUSE_NUMBERPREFIX":null,"FIPS":"5005"}},
{"type":"Feature","id":343813,"geometry":{"type":"Point","coordinates":[-71.895112075975,44.349233103724]},"properties":{"OBJECTID":343813,"SEGMENTID":64951,"ESITEID":275827,"GEONAMEID":22321,"PD":"","PT":"","SN":"VT ROUTE 18","ST":"","SD":"","PRIMARYNAME":"VT ROUTE 18","ALIAS1":null,"ALIAS2":"ROUTE 18","ALIAS3":null,"ALIAS4":null,"ALIAS5":"5\/26\/2022 2:05:11 PM","PRIMARYADDRESS":"7083 VT ROUTE 18","SITETYPE":"SINGLE FAMILY DWELLING","TOWNNAME":"WATERFORD","MCODE":721,"ESN":300,"ZIP":"05819","PARCELNUM":"528.","GPSX":-71.89511108,"GPSY":44.34922409,"MAPYEAR":"Thu, 01 Jan 1998 00:00:00 GMT","UPDATEDATE":"Fri, 27 Jan 2023 23:57:19 GMT","STATE":"VT","FIPS8":5005,"SPAN":"699-222-10756","SUBTYPE":null,"GlobalID_1":"76f0906b-1fb1-4452-adb5-db913d0ef4a5","UNITCOUNT":1,"PRIMARYADD1":"7083 VT ROUTE 18 WATERFORD","PRIMARYADD2":"7083 VT ROUTE 18 WATERFORD VT 05819","SITETYPE_MULTI1":null,"SITETYPE_MULTI2":null,"SITETYPE_MULTI3":null,"SITETYPE_MULTI4":null,"SITETYPE_MULTI5":null,"COUNTY":"CALEDONIA","COUNTRY":"US","SOURCEOFDATA":"Vermont Enhanced 911 Board","DRIVEWAYID":null,"ESZ":"00300","HOUSE_NUMBER":7083,"HOUSE_NUMBERSUFFIX":null,"HOUSE_NUMBERPREFIX":null,"FIPS":"5005"}},
{"type":"Feature","id":324179,"geometry":{"type":"Point","coordinates":[-71.8975172419489,44.3496177328112]},"properties":{"OBJECTID":324179,"SEGMENTID":64952,"ESITEID":275828,"GEONAMEID":22321,"PD":"","PT":"","SN":"VT ROUTE 18","ST":"","SD":"","PRIMARYNAME":"VT ROUTE 18","ALIAS1":null,"ALIAS2":"ROUTE 18","ALIAS3":null,"ALIAS4":null,"ALIAS5":"5\/26\/2022 2:01:55 PM","PRIMARYADDRESS":"6962 VT ROUTE 18","SITETYPE":"SINGLE FAMILY DWELLING","TOWNNAME":"WATERFORD","MCODE":721,"ESN":300,"ZIP":"05819","PARCELNUM":"870.","GPSX":-71.89751625,"GPSY":44.34960872,"MAPYEAR":"Thu, 01 Jan 1998 00:00:00 GMT","UPDATEDATE":"Fri, 27 Jan 2023 23:50:30 GMT","STATE":"VT","FIPS8":5005,"SPAN":"699-222-10737","SUBTYPE":null,"GlobalID_1":"2b7d2913-609f-488f-bde7-4133bc21396d","UNITCOUNT":1,"PRIMARYADD1":"6962 VT ROUTE 18 WATERFORD","PRIMARYADD2":"6962 VT ROUTE 18 WATERFORD VT 05819","SITETYPE_MULTI1":null,"SITETYPE_MULTI2":null,"SITETYPE_MULTI3":null,"SITETYPE_MULTI4":null,"SITETYPE_MULTI5":null,"COUNTY":"CALEDONIA","COUNTRY":"US","SOURCEOFDATA":"Vermont Enhanced 911 Board","DRIVEWAYID":null,"ESZ":"00300","HOUSE_NUMBER":6962,"HOUSE_NUMBERSUFFIX":null,"HOUSE_NUMBERPREFIX":null,"FIPS":"5005"}},
{"type":"Feature","id":199320,"geometry":{"type":"Point","coordinates":[-71.9217479523978,44.3494274833836]},"properties":{"OBJECTID":199320,"SEGMENTID":24886,"ESITEID":275829,"GEONAMEID":22346,"PD":" ","PT":" ","SN":"LOWER WATERFORD","ST":"RD","SD":" ","PRIMARYNAME":"LOWER WATERFORD RD","ALIAS1":null,"ALIAS2":null,"ALIAS3":null,"ALIAS4":null,"ALIAS5":"5\/12\/2015 7:29:44 PM","PRIMARYADDRESS":"862 LOWER WATERFORD RD","SITETYPE":"SINGLE FAMILY DWELLING","TOWNNAME":"WATERFORD","MCODE":721,"ESN":300,"ZIP":"05819","PARCELNUM":"374.","GPSX":-71.92174695,"GPSY":44.34941847,"MAPYEAR":"Thu, 01 Jan 1998 00:00:00 GMT","UPDATEDATE":"Fri, 27 Jan 2023 21:23:07 GMT","STATE":"VT","FIPS8":5005,"SPAN":"699-222-10187","SUBTYPE":null,"GlobalID_1":"1b6a57af-140b-48a6-b37d-0244df0692ba","UNITCOUNT":1,"PRIMARYADD1":"862 LOWER WATERFORD RD WATERFORD","PRIMARYADD2":"862 LOWER WATERFORD RD WATERFORD VT 05819","SITETYPE_MULTI1":null,"SITETYPE_MULTI2":null,"SITETYPE_MULTI3":null,"SITETYPE_MULTI4":null,"SITETYPE_MULTI5":null,"COUNTY":"CALEDONIA","COUNTRY":"US","SOURCEOFDATA":"Vermont Enhanced 911 Board","DRIVEWAYID":null,"ESZ":"00300","HOUSE_NUMBER":862,"HOUSE_NUMBERSUFFIX":null,"HOUSE_NUMBERPREFIX":null,"FIPS":"5005"}},
{"type":"Feature","id":276490,"geometry":{"type":"Point","coordinates":[-71.8968046419871,44.3492633179143]},"properties":{"OBJECTID":276490,"SEGMENTID":64953,"ESITEID":275830,"GEONAMEID":37638,"PD":"","PT":"","SN":"RIVER VIEW","ST":"LN","SD":"","PRIMARYNAME":"RIVER VIEW LN","ALIAS1":null,"ALIAS2":"ROUTE 18","ALIAS3":null,"ALIAS4":null,"ALIAS5":"6\/21\/2022 3:52:44 PM","PRIMARYADDRESS":"30 RIVER VIEW LN","SITETYPE":"SINGLE FAMILY DWELLING","TOWNNAME":"WATERFORD","MCODE":721,"ESN":300,"ZIP":"05819","PARCELNUM":"032.","GPSX":-71.89680364,"GPSY":44.3492543,"MAPYEAR":"Thu, 01 Jan 1998 00:00:00 GMT","UPDATEDATE":"Sat, 28 Jan 2023 00:34:08 GMT","STATE":"VT","FIPS8":5005,"SPAN":"699-222-10011","SUBTYPE":null,"GlobalID_1":"ff26d7a9-5143-4e96-8e3b-b49f48782f4d","UNITCOUNT":1,"PRIMARYADD1":"30 RIVER VIEW LN WATERFORD","PRIMARYADD2":"30 RIVER VIEW LN WATERFORD VT 05819","SITETYPE_MULTI1":null,"SITETYPE_MULTI2":null,"SITETYPE_MULTI3":null,"SITETYPE_MULTI4":null,"SITETYPE_MULTI5":null,"COUNTY":"CALEDONIA","COUNTRY":"US","SOURCEOFDATA":"Vermont Enhanced 911 Board","DRIVEWAYID":null,"ESZ":"00300","HOUSE_NUMBER":30,"HOUSE_NUMBERSUFFIX":null,"HOUSE_NUMBERPREFIX":null,"FIPS":"5005"}},
{"type":"Feature","id":309560,"geometry":{"type":"Point","coordinates":[-71.9187656480535,44.3479042236663]},"properties":{"OBJECTID":309560,"SEGMENTID":24886,"ESITEID":275831,"GEONAMEID":22346,"PD":" ","PT":" ","SN":"LOWER WATERFORD","ST":"RD","SD":" ","PRIMARYNAME":"LOWER WATERFORD RD","ALIAS1":null,"ALIAS2":null,"ALIAS3":null,"ALIAS4":null,"ALIAS5":"5\/13\/2015 2:02:03 PM","PRIMARYADDRESS":"847 LOWER WATERFORD RD","SITETYPE":"CEMETERY","TOWNNAME":"WATERFORD","MCODE":721,"ESN":300,"ZIP":"05819","PARCELNUM":"563.","GPSX":-71.91876465,"GPSY":44.34789521,"MAPYEAR":"Thu, 01 Jan 1998 00:00:00 GMT","UPDATEDATE":"Thu, 29 May 2025 12:26:41 GMT","STATE":"VT","FIPS8":5005,"SPAN":"699-222-10394","SUBTYPE":null,"GlobalID_1":"4873f549-408a-434d-96ca-57293ce5eda5","UNITCOUNT":1,"PRIMARYADD1":"847 LOWER WATERFORD RD WATERFORD","PRIMARYADD2":"847 LOWER WATERFORD RD WATERFORD VT 05819","SITETYPE_MULTI1":null,"SITETYPE_MULTI2":null,"SITETYPE_MULTI3":null,"SITETYPE_MULTI4":null,"SITETYPE_MULTI5":null,"COUNTY":"CALEDONIA","COUNTRY":"US","SOURCEOFDATA":"Vermont Enhanced 911 Board","DRIVEWAYID":null,"ESZ":"00300","HOUSE_NUMBER":847,"HOUSE_NUMBERSUFFIX":null,"HOUSE_NUMBERPREFIX":null,"FIPS":"5005"}},
{"type":"Feature","id":39995,"geometry":{"type":"Point","coordinates":[-71.9527345596094,44.3491470854234]},"properties":{"OBJECTID":39995,"SEGMENTID":10030,"ESITEID":275832,"GEONAMEID":22326,"PD":" ","PT":" ","SN":"DUCK POND","ST":"RD","SD":" ","PRIMARYNAME":"DUCK POND RD  ","ALIAS1":null,"ALIAS2":null,"ALIAS3":null,"ALIAS4":null,"ALIAS5":"5\/13\/2015 2:02:10 PM","PRIMARYADDRESS":"5044 DUCK POND RD","SITETYPE":"GRAVEL PIT \/ QUARRY \/ MINE","TOWNNAME":"WATERFORD","MCODE":721,"ESN":300,"ZIP":"05819","PARCELNUM":"309.","GPSX":-71.95273355,"GPSY":44.34913807,"MAPYEAR":"Thu, 01 Jan 1998 00:00:00 GMT","UPDATEDATE":"Thu, 29 May 2025 12:34:01 GMT","STATE":"VT","FIPS8":5005,"SPAN":"699-222-10110","SUBTYPE":null,"GlobalID_1":"94e47f76-b4e4-493a-9a1b-aacd6d97ef2f","UNITCOUNT":1,"PRIMARYADD1":"5044 DUCK POND RD WATERFORD","PRIMARYADD2":"5044 DUCK POND RD WATERFORD VT 05819","SITETYPE_MULTI1":null,"SITETYPE_MULTI2":null,"SITETYPE_MULTI3":null,"SITETYPE_MULTI4":null,"SITETYPE_MULTI5":null,"COUNTY":"CALEDONIA","COUNTRY":"US","SOURCEOFDATA":"Vermont Enhanced 911 Board","DRIVEWAYID":null,"ESZ":"00300","HOUSE_NUMBER":5044,"HOUSE_NUMBERSUFFIX":null,"HOUSE_NUMBERPREFIX":null,"FIPS":"5005"}},
{"type":"Feature","id":225517,"geometry":{"type":"Point","coordinates":[-71.9201175284085,44.349346802011]},"properties":{"OBJECTID":225517,"SEGMENTID":24886,"ESITEID":275833,"GEONAMEID":22346,"PD":" ","PT":" ","SN":"LOWER WATERFORD","ST":"RD","SD":" ","PRIMARYNAME":"LOWER WATERFORD RD","ALIAS1":null,"ALIAS2":null,"ALIAS3":null,"ALIAS4":null,"ALIAS5":"5\/12\/2015 7:29:44 PM","PRIMARYADDRESS":"843 LOWER WATERFORD RD","SITETYPE":"MULTI-FAMILY DWELLING","TOWNNAME":"WATERFORD","MCODE":721,"ESN":300,"ZIP":"05819","PARCELNUM":"563.","GPSX":-71.92011652,"GPSY":44.34933778,"MAPYEAR":"Thu, 01 Jan 1998 00:00:00 GMT","UPDATEDATE":"Fri, 27 Jan 2023 21:23:07 GMT","STATE":"VT","FIPS8":5005,"SPAN":"699-222-10394","SUBTYPE":null,"GlobalID_1":"9da59fc6-3262-4260-a10b-d81022976d81","UNITCOUNT":1,"PRIMARYADD1":"843 LOWER WATERFORD RD WATERFORD","PRIMARYADD2":"843 LOWER WATERFORD RD WATERFORD VT 05819","SITETYPE_MULTI1":null,"SITETYPE_MULTI2":null,"SITETYPE_MULTI3":null,"SITETYPE_MULTI4":null,"SITETYPE_MULTI5":null,"COUNTY":"CALEDONIA","COUNTRY":"US","SOURCEOFDATA":"Vermont Enhanced 911 Board","DRIVEWAYID":null,"ESZ":"00300","HOUSE_NUMBER":843,"HOUSE_NUMBERSUFFIX":null,"HOUSE_NUMBERPREFIX":null,"FIPS":"5005"}},
{"type":"Feature","id":314916,"geometry":{"type":"Point","coordinates":[-71.9221194437933,44.3490809826885]},"properties":{"OBJECTID":314916,"SEGMENTID":24886,"ESITEID":275835,"GEONAMEID":22346,"PD":" ","PT":" ","SN":"LOWER WATERFORD","ST":"RD","SD":" ","PRIMARYNAME":"LOWER WATERFORD RD","ALIAS1":null,"ALIAS2":null,"ALIAS3":null,"ALIAS4":null,"ALIAS5":"5\/12\/2015 7:29:44 PM","PRIMARYADDRESS":"914 LOWER WATERFORD RD","SITETYPE":"SINGLE FAMILY DWELLING","TOWNNAME":"WATERFORD","MCODE":721,"ESN":300,"ZIP":"05819","PARCELNUM":"373.","GPSX":-71.92211844,"GPSY":44.34907197,"MAPYEAR":"Thu, 01 Jan 1998 00:00:00 GMT","UPDATEDATE":"Fri, 27 Jan 2023 21:23:07 GMT","STATE":"VT","FIPS8":5005,"SPAN":"699-222-10186","SUBTYPE":null,"GlobalID_1":"06c3fbef-e9af-42ab-9f5e-8ac1e4609096","UNITCOUNT":1,"PRIMARYADD1":"914 LOWER WATERFORD RD WATERFORD","PRIMARYADD2":"914 LOWER WATERFORD RD WATERFORD VT 05819","SITETYPE_MULTI1":null,"SITETYPE_MULTI2":null,"SITETYPE_MULTI3":null,"SITETYPE_MULTI4":null,"SITETYPE_MULTI5":null,"COUNTY":"CALEDONIA","COUNTRY":"US","SOURCEOFDATA":"Vermont Enhanced 911 Board","DRIVEWAYID":null,"ESZ":"00300","HOUSE_NUMBER":914,"HOUSE_NUMBERSUFFIX":null,"HOUSE_NUMBERPREFIX":null,"FIPS":"5005"}},
{"type":"Feature","id":323997,"geometry":{"type":"Point","coordinates":[-71.9177198515197,44.3499846783891]},"properties":{"OBJECTID":323997,"SEGMENTID":24886,"ESITEID":275836,"GEONAMEID":22346,"PD":" ","PT":" ","SN":"LOWER WATERFORD","ST":"RD","SD":" ","PRIMARYNAME":"LOWER WATERFORD RD","ALIAS1":null,"ALIAS2":null,"ALIAS3":null,"ALIAS4":null,"ALIAS5":"5\/12\/2015 7:29:44 PM","PRIMARYADDRESS":"719 LOWER WATERFORD RD","SITETYPE":"SINGLE FAMILY DWELLING","TOWNNAME":"WATERFORD","MCODE":721,"ESN":300,"ZIP":"05819","PARCELNUM":"741.","GPSX":-71.91771885,"GPSY":44.34997566,"MAPYEAR":"Thu, 01 Jan 1998 00:00:00 GMT","UPDATEDATE":"Fri, 27 Jan 2023 21:23:07 GMT","STATE":"VT","FIPS8":5005,"SPAN":"699-222-10583","SUBTYPE":null,"GlobalID_1":"8c23896b-81d5-44c8-a462-d41514e6d956","UNITCOUNT":1,"PRIMARYADD1":"719 LOWER WATERFORD RD WATERFORD","PRIMARYADD2":"719 LOWER WATERFORD RD WATERFORD VT 05819","SITETYPE_MULTI1":null,"SITETYPE_MULTI2":null,"SITETYPE_MULTI3":null,"SITETYPE_MULTI4":null,"SITETYPE_MULTI5":null,"COUNTY":"CALEDONIA","COUNTRY":"US","SOURCEOFDATA":"Vermont Enhanced 911 Board","DRIVEWAYID":null,"ESZ":"00300","HOUSE_NUMBER":719,"HOUSE_NUMBERSUFFIX":null,"HOUSE_NUMBERPREFIX":null,"FIPS":"5005"}},
{"type":"Feature","id":94116,"geometry":{"type":"Point","coordinates":[-71.870696345851,44.3482155687484]},"properties":{"OBJECTID":94116,"SEGMENTID":58215,"ESITEID":275837,"GEONAMEID":435570,"PD":"","PT":"","SN":"OLD COUNTY","ST":"RD","SD":"S","PRIMARYNAME":"OLD COUNTY RD S","ALIAS1":null,"ALIAS2":null,"ALIAS3":null,"ALIAS4":null,"ALIAS5":"12\/28\/2018 9:59:51 AM","PRIMARYADDRESS":"4962 OLD COUNTY RD S","SITETYPE":"SINGLE FAMILY DWELLING","TOWNNAME":"WATERFORD","MCODE":721,"ESN":300,"ZIP":"05819","PARCELNUM":"577.","GPSX":-71.87069536,"GPSY":44.34820656,"MAPYEAR":"Thu, 01 Jan 1998 00:00:00 GMT","UPDATEDATE":"Sat, 28 Jan 2023 00:28:44 GMT","STATE":"VT","FIPS8":5005,"SPAN":"699-222-10543","SUBTYPE":null,"GlobalID_1":"3e059add-6fa1-4af5-b953-0f48e618e267","UNITCOUNT":1,"PRIMARYADD1":"4962 OLD COUNTY RD S WATERFORD","PRIMARYADD2":"4962 OLD COUNTY RD S WATERFORD VT 05819","SITETYPE_MULTI1":null,"SITETYPE_MULTI2":null,"SITETYPE_MULTI3":null,"SITETYPE_MULTI4":null,"SITETYPE_MULTI5":null,"COUNTY":"CALEDONIA","COUNTRY":"US","SOURCEOFDATA":"Vermont Enhanced 911 Board","DRIVEWAYID":null,"ESZ":"00300","HOUSE_NUMBER":4962,"HOUSE_NUMBERSUFFIX":null,"HOUSE_NUMBERPREFIX":null,"FIPS":"5005"}},
{"type":"Feature","id":190724,"geometry":{"type":"Point","coordinates":[-71.9228702236413,44.3484936416196]},"properties":{"OBJECTID":190724,"SEGMENTID":24886,"ESITEID":275838,"GEONAMEID":22346,"PD":" ","PT":" ","SN":"LOWER WATERFORD","ST":"RD","SD":" ","PRIMARYNAME":"LOWER WATERFORD RD","ALIAS1":null,"ALIAS2":null,"ALIAS3":null,"ALIAS4":null,"ALIAS5":"5\/12\/2015 7:29:44 PM","PRIMARYADDRESS":"976 LOWER WATERFORD RD","SITETYPE":"SINGLE FAMILY DWELLING","TOWNNAME":"WATERFORD","MCODE":721,"ESN":300,"ZIP":"05819","PARCELNUM":"586.","GPSX":-71.92286922,"GPSY":44.34848462,"MAPYEAR":"Thu, 01 Jan 1998 00:00:00 GMT","UPDATEDATE":"Thu, 29 May 2025 12:26:09 GMT","STATE":"VT","FIPS8":5005,"SPAN":"699-222-10413","SUBTYPE":null,"GlobalID_1":"dbb7b026-1d79-405a-ae66-2cbe76df88ae","UNITCOUNT":1,"PRIMARYADD1":"976 LOWER WATERFORD RD WATERFORD","PRIMARYADD2":"976 LOWER WATERFORD RD WATERFORD VT 05819","SITETYPE_MULTI1":null,"SITETYPE_MULTI2":null,"SITETYPE_MULTI3":null,"SITETYPE_MULTI4":null,"SITETYPE_MULTI5":null,"COUNTY":"CALEDONIA","COUNTRY":"US","SOURCEOFDATA":"Vermont Enhanced 911 Board","DRIVEWAYID":null,"ESZ":"00300","HOUSE_NUMBER":976,"HOUSE_NUMBERSUFFIX":null,"HOUSE_NUMBERPREFIX":null,"FIPS":"5005"}},
{"type":"Feature","id":180365,"geometry":{"type":"Point","coordinates":[-71.9231493152065,44.3478219643303]},"properties":{"OBJECTID":180365,"SEGMENTID":24886,"ESITEID":275839,"GEONAMEID":22346,"PD":" ","PT":" ","SN":"LOWER WATERFORD","ST":"RD","SD":" ","PRIMARYNAME":"LOWER WATERFORD RD","ALIAS1":null,"ALIAS2":null,"ALIAS3":null,"ALIAS4":null,"ALIAS5":"5\/13\/2015 2:02:03 PM","PRIMARYADDRESS":"979 LOWER WATERFORD RD","SITETYPE":"ACCESSORY BUILDING","TOWNNAME":"WATERFORD","MCODE":721,"ESN":300,"ZIP":"05819","PARCELNUM":"586.","GPSX":-71.92314831,"GPSY":44.34781295,"MAPYEAR":"Thu, 01 Jan 1998 00:00:00 GMT","UPDATEDATE":"Thu, 29 May 2025 12:25:57 GMT","STATE":"VT","FIPS8":5005,"SPAN":"699-222-10413","SUBTYPE":null,"GlobalID_1":"a3727db5-5a77-4c6a-aeaf-0b6caa481bc8","UNITCOUNT":1,"PRIMARYADD1":"979 LOWER WATERFORD RD WATERFORD","PRIMARYADD2":"979 LOWER WATERFORD RD WATERFORD VT 05819","SITETYPE_MULTI1":null,"SITETYPE_MULTI2":null,"SITETYPE_MULTI3":null,"SITETYPE_MULTI4":null,"SITETYPE_MULTI5":null,"COUNTY":"CALEDONIA","COUNTRY":"US","SOURCEOFDATA":"Vermont Enhanced 911 Board","DRIVEWAYID":null,"ESZ":"00300","HOUSE_NUMBER":979,"HOUSE_NUMBERSUFFIX":null,"HOUSE_NUMBERPREFIX":null,"FIPS":"5005"}},
{"type":"Feature","id":261452,"geometry":{"type":"Point","coordinates":[-71.8570428294887,44.3471986929251]},"properties":{"OBJECTID":261452,"SEGMENTID":9746,"ESITEID":275840,"GEONAMEID":435570,"PD":"","PT":"","SN":"OLD COUNTY","ST":"RD","SD":"S","PRIMARYNAME":"OLD COUNTY RD S","ALIAS1":null,"ALIAS2":null,"ALIAS3":null,"ALIAS4":null,"ALIAS5":"12\/28\/2018 9:53:17 AM","PRIMARYADDRESS":"5655 OLD COUNTY RD S","SITETYPE":"PUBLIC GATHERING","TOWNNAME":"WATERFORD","MCODE":721,"ESN":300,"ZIP":"05819","PARCELNUM":"692.2","GPSX":-71.85704185,"GPSY":44.34718968,"MAPYEAR":"Thu, 01 Jan 1998 00:00:00 GMT","UPDATEDATE":"Sat, 28 Jan 2023 00:28:44 GMT","STATE":"VT","FIPS8":5005,"SPAN":"699-222-10712","SUBTYPE":null,"GlobalID_1":"21d0336c-fc64-4245-b35c-e2481b551fea","UNITCOUNT":1,"PRIMARYADD1":"5655 OLD COUNTY RD S WATERFORD","PRIMARYADD2":"5655 OLD COUNTY RD S WATERFORD VT 05819","SITETYPE_MULTI1":null,"SITETYPE_MULTI2":null,"SITETYPE_MULTI3":null,"SITETYPE_MULTI4":null,"SITETYPE_MULTI5":null,"COUNTY":"CALEDONIA","COUNTRY":"US","SOURCEOFDATA":"Vermont Enhanced 911 Board","DRIVEWAYID":null,"ESZ":"00300","HOUSE_NUMBER":5655,"HOUSE_NUMBERSUFFIX":null,"HOUSE_NUMBERPREFIX":null,"FIPS":"5005"}},
{"type":"Feature","id":249655,"geometry":{"type":"Point","coordinates":[-71.8630093097284,44.3475163010086]},"properties":{"OBJECTID":249655,"SEGMENTID":9746,"ESITEID":275841,"GEONAMEID":435570,"PD":"","PT":"","SN":"OLD COUNTY","ST":"RD","SD":"S","PRIMARYNAME":"OLD COUNTY RD S","ALIAS1":null,"ALIAS2":null,"ALIAS3":null,"ALIAS4":null,"ALIAS5":"5\/3\/2016 2:13:34 PM","PRIMARYADDRESS":"5423 OLD COUNTY RD S","SITETYPE":"CAMP","TOWNNAME":"WATERFORD","MCODE":721,"ESN":300,"ZIP":"05819","PARCELNUM":"875.","GPSX":-71.86300833,"GPSY":44.34750729,"MAPYEAR":"Thu, 01 Jan 1998 00:00:00 GMT","UPDATEDATE":"Sat, 28 Jan 2023 00:28:44 GMT","STATE":"VT","FIPS8":5005,"SPAN":"699-222-10743","SUBTYPE":null,"GlobalID_1":"09c2091e-1240-42d3-afe6-f899b128d11d","UNITCOUNT":1,"PRIMARYADD1":"5423 OLD COUNTY RD S WATERFORD","PRIMARYADD2":"5423 OLD COUNTY RD S WATERFORD VT 05819","SITETYPE_MULTI1":null,"SITETYPE_MULTI2":null,"SITETYPE_MULTI3":null,"SITETYPE_MULTI4":null,"SITETYPE_MULTI5":null,"COUNTY":"CALEDONIA","COUNTRY":"US","SOURCEOFDATA":"Vermont Enhanced 911 Board","DRIVEWAYID":null,"ESZ":"00300","HOUSE_NUMBER":5423,"HOUSE_NUMBERSUFFIX":null,"HOUSE_NUMBERPREFIX":null,"FIPS":"5005"}},
{"type":"Feature","id":347285,"geometry":{"type":"Point","coordinates":[-71.9952589963004,44.3480099313232]},"properties":{"OBJECTID":347285,"SEGMENTID":24880,"ESITEID":275842,"GEONAMEID":682,"PD":"","PT":"","SN":"VALLEY VIEW","ST":"RD","SD":"","PRIMARYNAME":"VALLEY VIEW RD","ALIAS1":null,"ALIAS2":null,"ALIAS3":null,"ALIAS4":null,"ALIAS5":"6\/3\/2020 10:52:11 AM","PRIMARYADDRESS":"1579 VALLEY VIEW RD","SITETYPE":"COMMERCIAL FARM","TOWNNAME":"WATERFORD","MCODE":721,"ESN":300,"ZIP":"05819","PARCELNUM":"589.","GPSX":-71.99525797,"GPSY":44.34800092,"MAPYEAR":"Thu, 01 Jan 1998 00:00:00 GMT","UPDATEDATE":"Fri, 27 Jan 2023 21:23:06 GMT","STATE":"VT","FIPS8":5005,"SPAN":"699-222-10419","SUBTYPE":null,"GlobalID_1":"596566b4-08a6-4ddd-bf5a-cd2239e7a6b1","UNITCOUNT":1,"PRIMARYADD1":"1579 VALLEY VIEW RD WATERFORD","PRIMARYADD2":"1579 VALLEY VIEW RD WATERFORD VT 05819","SITETYPE_MULTI1":null,"SITETYPE_MULTI2":null,"SITETYPE_MULTI3":null,"SITETYPE_MULTI4":null,"SITETYPE_MULTI5":null,"COUNTY":"CALEDONIA","COUNTRY":"US","SOURCEOFDATA":"Vermont Enhanced 911 Board","DRIVEWAYID":null,"ESZ":"00300","HOUSE_NUMBER":1579,"HOUSE_NUMBERSUFFIX":null,"HOUSE_NUMBERPREFIX":null,"FIPS":"5005"}},
{"type":"Feature","id":187709,"geometry":{"type":"Point","coordinates":[-71.8650977922568,44.3472055237489]},"properties":{"OBJECTID":187709,"SEGMENTID":9746,"ESITEID":275843,"GEONAMEID":435570,"PD":"","PT":"","SN":"OLD COUNTY","ST":"RD","SD":"S","PRIMARYNAME":"OLD COUNTY RD S","ALIAS1":null,"ALIAS2":null,"ALIAS3":null,"ALIAS4":null,"ALIAS5":"5\/12\/2015 7:29:44 PM","PRIMARYADDRESS":"5283 OLD COUNTY RD S","SITETYPE":"SINGLE FAMILY DWELLING","TOWNNAME":"WATERFORD","MCODE":721,"ESN":300,"ZIP":"05819","PARCELNUM":"577.1","GPSX":-71.8650986,"GPSY":44.34720559,"MAPYEAR":"Thu, 01 Jan 1998 00:00:00 GMT","UPDATEDATE":"Fri, 18 Apr 2025 09:32:48 GMT","STATE":"VT","FIPS8":5005,"SPAN":"699-222-10851","SUBTYPE":null,"GlobalID_1":"bb86fd8c-89ab-4b53-b499-f72d0569c391","UNITCOUNT":1,"PRIMARYADD1":"5283 OLD COUNTY RD S WATERFORD","PRIMARYADD2":"5283 OLD COUNTY RD S WATERFORD VT 05819","SITETYPE_MULTI1":null,"SITETYPE_MULTI2":null,"SITETYPE_MULTI3":null,"SITETYPE_MULTI4":null,"SITETYPE_MULTI5":null,"COUNTY":"CALEDONIA","COUNTRY":"US","SOURCEOFDATA":"Vermont Enhanced 911 Board","DRIVEWAYID":null,"ESZ":"00300","HOUSE_NUMBER":5283,"HOUSE_NUMBERSUFFIX":null,"HOUSE_NUMBERPREFIX":null,"FIPS":"5005"}},
{"type":"Feature","id":9336,"geometry":{"type":"Point","coordinates":[-71.8684473316307,44.3468222143587]},"properties":{"OBJECTID":9336,"SEGMENTID":58215,"ESITEID":275844,"GEONAMEID":435570,"PD":"","PT":"","SN":"OLD COUNTY","ST":"RD","SD":"S","PRIMARYNAME":"OLD COUNTY RD S","ALIAS1":null,"ALIAS2":null,"ALIAS3":null,"ALIAS4":null,"ALIAS5":"5\/12\/2015 7:29:44 PM","PRIMARYADDRESS":"5120 OLD COUNTY RD S","SITETYPE":"SINGLE FAMILY DWELLING","TOWNNAME":"WATERFORD","MCODE":721,"ESN":300,"ZIP":"05819","PARCELNUM":"915.","GPSX":-71.86844634,"GPSY":44.3468132,"MAPYEAR":"Thu, 01 Jan 1998 00:00:00 GMT","UPDATEDATE":"Sat, 28 Jan 2023 00:28:44 GMT","STATE":"VT","FIPS8":5005,"SPAN":"699-222-10799","SUBTYPE":null,"GlobalID_1":"84c5a6a5-c64b-40d3-adff-1bfbc4ae8d1b","UNITCOUNT":1,"PRIMARYADD1":"5120 OLD COUNTY RD S WATERFORD","PRIMARYADD2":"5120 OLD COUNTY RD S WATERFORD VT 05819","SITETYPE_MULTI1":null,"SITETYPE_MULTI2":null,"SITETYPE_MULTI3":null,"SITETYPE_MULTI4":null,"SITETYPE_MULTI5":null,"COUNTY":"CALEDONIA","COUNTRY":"US","SOURCEOFDATA":"Vermont Enhanced 911 Board","DRIVEWAYID":null,"ESZ":"00300","HOUSE_NUMBER":5120,"HOUSE_NUMBERSUFFIX":null,"HOUSE_NUMBERPREFIX":null,"FIPS":"5005"}},
{"type":"Feature","id":4255,"geometry":{"type":"Point","coordinates":[-71.9701258887973,44.3464057571082]},"properties":{"OBJECTID":4255,"SEGMENTID":25647,"ESITEID":275845,"GEONAMEID":22323,"PD":" ","PT":" ","SN":"COPENHAGEN","ST":"RD","SD":" ","PRIMARYNAME":"COPENHAGEN RD  ","ALIAS1":null,"ALIAS2":null,"ALIAS3":null,"ALIAS4":null,"ALIAS5":"5\/12\/2015 7:30:02 PM","PRIMARYADDRESS":"426 COPENHAGEN RD","SITETYPE":"SINGLE FAMILY DWELLING","TOWNNAME":"WATERFORD","MCODE":721,"ESN":300,"ZIP":"05819","PARCELNUM":"293.","GPSX":-71.97012487,"GPSY":44.34639674,"MAPYEAR":"Thu, 01 Jan 1998 00:00:00 GMT","UPDATEDATE":"Thu, 29 May 2025 12:32:56 GMT","STATE":"VT","FIPS8":5005,"SPAN":"699-222-10092","SUBTYPE":null,"GlobalID_1":"bd17214c-13a4-41ce-9509-82f3101ce4a6","UNITCOUNT":1,"PRIMARYADD1":"426 COPENHAGEN RD WATERFORD","PRIMARYADD2":"426 COPENHAGEN RD WATERFORD VT 05819","SITETYPE_MULTI1":null,"SITETYPE_MULTI2":null,"SITETYPE_MULTI3":null,"SITETYPE_MULTI4":null,"SITETYPE_MULTI5":null,"COUNTY":"CALEDONIA","COUNTRY":"US","SOURCEOFDATA":"Vermont Enhanced 911 Board","DRIVEWAYID":null,"ESZ":"00300","HOUSE_NUMBER":426,"HOUSE_NUMBERSUFFIX":null,"HOUSE_NUMBERPREFIX":null,"FIPS":"5005"}},
{"type":"Feature","id":269565,"geometry":{"type":"Point","coordinates":[-71.8894735694519,44.3457869736893]},"properties":{"OBJECTID":269565,"SEGMENTID":39586,"ESITEID":275846,"GEONAMEID":22320,"PD":" ","PT":" ","SN":"RIVERSIDE CEMETERY","ST":"RD","SD":" ","PRIMARYNAME":"RIVERSIDE CEMETERY RD  ","ALIAS1":null,"ALIAS2":null,"ALIAS3":null,"ALIAS4":null,"ALIAS5":"12\/28\/2018 9:46:05 AM","PRIMARYADDRESS":"66 RIVERSIDE CEMETERY RD","SITETYPE":"CEMETERY","TOWNNAME":"WATERFORD","MCODE":721,"ESN":300,"ZIP":"05819","PARCELNUM":"901.1","GPSX":-71.88947258,"GPSY":44.34577796,"MAPYEAR":"Thu, 01 Jan 1998 00:00:00 GMT","UPDATEDATE":"Fri, 27 Jan 2023 21:28:50 GMT","STATE":"VT","FIPS8":5005,"SPAN":"699-222-10925","SUBTYPE":null,"GlobalID_1":"2285cc6d-204b-4fd5-8035-2d3e39761b77","UNITCOUNT":1,"PRIMARYADD1":"66 RIVERSIDE CEMETERY RD WATERFORD","PRIMARYADD2":"66 RIVERSIDE CEMETERY RD WATERFORD VT 05819","SITETYPE_MULTI1":null,"SITETYPE_MULTI2":null,"SITETYPE_MULTI3":null,"SITETYPE_MULTI4":null,"SITETYPE_MULTI5":null,"COUNTY":"CALEDONIA","COUNTRY":"US","SOURCEOFDATA":"Vermont Enhanced 911 Board","DRIVEWAYID":null,"ESZ":"00300","HOUSE_NUMBER":66,"HOUSE_NUMBERSUFFIX":null,"HOUSE_NUMBERPREFIX":null,"FIPS":"5005"}},
{"type":"Feature","id":322799,"geometry":{"type":"Point","coordinates":[-71.9258279498385,44.3463360315014]},"properties":{"OBJECTID":322799,"SEGMENTID":24886,"ESITEID":275847,"GEONAMEID":22346,"PD":" ","PT":" ","SN":"LOWER WATERFORD","ST":"RD","SD":" ","PRIMARYNAME":"LOWER WATERFORD RD","ALIAS1":null,"ALIAS2":null,"ALIAS3":null,"ALIAS4":null,"ALIAS5":"5\/12\/2015 7:29:44 PM","PRIMARYADDRESS":"1187 LOWER WATERFORD RD","SITETYPE":"SINGLE FAMILY DWELLING","TOWNNAME":"WATERFORD","MCODE":721,"ESN":300,"ZIP":"05819","PARCELNUM":"262.","GPSX":-71.92582694,"GPSY":44.34632702,"MAPYEAR":"Thu, 01 Jan 1998 00:00:00 GMT","UPDATEDATE":"Fri, 27 Jan 2023 21:23:07 GMT","STATE":"VT","FIPS8":5005,"SPAN":"699-222-10073","SUBTYPE":null,"GlobalID_1":"b279b3f1-ce2f-45f4-b37e-33568df0e4e4","UNITCOUNT":1,"PRIMARYADD1":"1187 LOWER WATERFORD RD WATERFORD","PRIMARYADD2":"1187 LOWER WATERFORD RD WATERFORD VT 05819","SITETYPE_MULTI1":null,"SITETYPE_MULTI2":null,"SITETYPE_MULTI3":null,"SITETYPE_MULTI4":null,"SITETYPE_MULTI5":null,"COUNTY":"CALEDONIA","COUNTRY":"US","SOURCEOFDATA":"Vermont Enhanced 911 Board","DRIVEWAYID":null,"ESZ":"00300","HOUSE_NUMBER":1187,"HOUSE_NUMBERSUFFIX":null,"HOUSE_NUMBERPREFIX":null,"FIPS":"5005"}},
{"type":"Feature","id":43476,"geometry":{"type":"Point","coordinates":[-71.9715662634291,44.3461431954655]},"properties":{"OBJECTID":43476,"SEGMENTID":25647,"ESITEID":275848,"GEONAMEID":22323,"PD":" ","PT":" ","SN":"COPENHAGEN","ST":"RD","SD":" ","PRIMARYNAME":"COPENHAGEN RD  ","ALIAS1":null,"ALIAS2":null,"ALIAS3":null,"ALIAS4":null,"ALIAS5":"5\/12\/2015 7:30:02 PM","PRIMARYADDRESS":"485 COPENHAGEN RD","SITETYPE":"SINGLE FAMILY DWELLING","TOWNNAME":"WATERFORD","MCODE":721,"ESN":300,"ZIP":"05819","PARCELNUM":"686.","GPSX":-71.97156524,"GPSY":44.34613418,"MAPYEAR":"Thu, 01 Jan 1998 00:00:00 GMT","UPDATEDATE":"Thu, 29 May 2025 12:32:56 GMT","STATE":"VT","FIPS8":5005,"SPAN":"699-222-10172","SUBTYPE":null,"GlobalID_1":"bc6fff8c-9129-47f0-967b-84391476a981","UNITCOUNT":1,"PRIMARYADD1":"485 COPENHAGEN RD WATERFORD","PRIMARYADD2":"485 COPENHAGEN RD WATERFORD VT 05819","SITETYPE_MULTI1":null,"SITETYPE_MULTI2":null,"SITETYPE_MULTI3":null,"SITETYPE_MULTI4":null,"SITETYPE_MULTI5":null,"COUNTY":"CALEDONIA","COUNTRY":"US","SOURCEOFDATA":"Vermont Enhanced 911 Board","DRIVEWAYID":null,"ESZ":"00300","HOUSE_NUMBER":485,"HOUSE_NUMBERSUFFIX":null,"HOUSE_NUMBERPREFIX":null,"FIPS":"5005"}},
{"type":"Feature","id":335226,"geometry":{"type":"Point","coordinates":[-71.9921380426035,44.345962821218]},"properties":{"OBJECTID":335226,"SEGMENTID":84709,"ESITEID":275849,"GEONAMEID":22346,"PD":" ","PT":" ","SN":"LOWER WATERFORD","ST":"RD","SD":" ","PRIMARYNAME":"LOWER WATERFORD RD","ALIAS1":null,"ALIAS2":null,"ALIAS3":null,"ALIAS4":null,"ALIAS5":"5\/12\/2015 7:29:44 PM","PRIMARYADDRESS":"5218 LOWER WATERFORD RD","SITETYPE":"SINGLE FAMILY DWELLING","TOWNNAME":"WATERFORD","MCODE":721,"ESN":300,"ZIP":"05819","PARCELNUM":"350.","GPSX":-71.99213701,"GPSY":44.34595381,"MAPYEAR":"Thu, 01 Jan 1998 00:00:00 GMT","UPDATEDATE":"Fri, 06 Dec 2024 16:57:46 GMT","STATE":"VT","FIPS8":5005,"SPAN":"699-222-10161","SUBTYPE":null,"GlobalID_1":"b194cc29-0522-4b5a-844e-3fa573434f53","UNITCOUNT":1,"PRIMARYADD1":"5218 LOWER WATERFORD RD WATERFORD","PRIMARYADD2":"5218 LOWER WATERFORD RD WATERFORD VT 05819","SITETYPE_MULTI1":null,"SITETYPE_MULTI2":null,"SITETYPE_MULTI3":null,"SITETYPE_MULTI4":null,"SITETYPE_MULTI5":null,"COUNTY":"CALEDONIA","COUNTRY":"US","SOURCEOFDATA":"Vermont Enhanced 911 Board","DRIVEWAYID":null,"ESZ":"00300","HOUSE_NUMBER":5218,"HOUSE_NUMBERSUFFIX":null,"HOUSE_NUMBERPREFIX":null,"FIPS":"5005"}},
{"type":"Feature","id":158934,"geometry":{"type":"Point","coordinates":[-71.9282834016707,44.345649309114]},"properties":{"OBJECTID":158934,"SEGMENTID":24886,"ESITEID":275850,"GEONAMEID":22346,"PD":" ","PT":" ","SN":"LOWER WATERFORD","ST":"RD","SD":" ","PRIMARYNAME":"LOWER WATERFORD RD","ALIAS1":null,"ALIAS2":null,"ALIAS3":null,"ALIAS4":null,"ALIAS5":"5\/12\/2015 7:29:44 PM","PRIMARYADDRESS":"1298 LOWER WATERFORD RD","SITETYPE":"MULTI-FAMILY DWELLING","TOWNNAME":"WATERFORD","MCODE":721,"ESN":300,"ZIP":"05819","PARCELNUM":"307.","GPSX":-71.92828239,"GPSY":44.34564029,"MAPYEAR":"Thu, 01 Jan 1998 00:00:00 GMT","UPDATEDATE":"Fri, 27 Jan 2023 21:23:07 GMT","STATE":"VT","FIPS8":5005,"SPAN":"699-222-10109","SUBTYPE":null,"GlobalID_1":"1253502a-2cfb-423a-80a2-a7f2b1a7943f","UNITCOUNT":1,"PRIMARYADD1":"1298 LOWER WATERFORD RD WATERFORD","PRIMARYADD2":"1298 LOWER WATERFORD RD WATERFORD VT 05819","SITETYPE_MULTI1":null,"SITETYPE_MULTI2":null,"SITETYPE_MULTI3":null,"SITETYPE_MULTI4":null,"SITETYPE_MULTI5":null,"COUNTY":"CALEDONIA","COUNTRY":"US","SOURCEOFDATA":"Vermont Enhanced 911 Board","DRIVEWAYID":null,"ESZ":"00300","HOUSE_NUMBER":1298,"HOUSE_NUMBERSUFFIX":null,"HOUSE_NUMBERPREFIX":null,"FIPS":"5005"}},
{"type":"Feature","id":180072,"geometry":{"type":"Point","coordinates":[-71.927879275754,44.3453155081885]},"properties":{"OBJECTID":180072,"SEGMENTID":24886,"ESITEID":275852,"GEONAMEID":22346,"PD":" ","PT":" ","SN":"LOWER WATERFORD","ST":"RD","SD":" ","PRIMARYNAME":"LOWER WATERFORD RD","ALIAS1":null,"ALIAS2":null,"ALIAS3":null,"ALIAS4":null,"ALIAS5":"9\/8\/2017 12:05:52 PM","PRIMARYADDRESS":"1299 LOWER WATERFORD RD","SITETYPE":"COMMERCIAL GARAGE","TOWNNAME":"WATERFORD","MCODE":721,"ESN":300,"ZIP":"05819","PARCELNUM":"307.","GPSX":-71.92787827,"GPSY":44.3453065,"MAPYEAR":"Thu, 01 Jan 1998 00:00:00 GMT","UPDATEDATE":"Thu, 29 May 2025 12:25:19 GMT","STATE":"VT","FIPS8":5005,"SPAN":"699-222-10109","SUBTYPE":null,"GlobalID_1":"496332d1-da8d-47c7-8ee4-2cf2923e9af9","UNITCOUNT":1,"PRIMARYADD1":"1299 LOWER WATERFORD RD WATERFORD","PRIMARYADD2":"1299 LOWER WATERFORD RD WATERFORD VT 05819","SITETYPE_MULTI1":null,"SITETYPE_MULTI2":null,"SITETYPE_MULTI3":null,"SITETYPE_MULTI4":null,"SITETYPE_MULTI5":null,"COUNTY":"CALEDONIA","COUNTRY":"US","SOURCEOFDATA":"Vermont Enhanced 911 Board","DRIVEWAYID":null,"ESZ":"00300","HOUSE_NUMBER":1299,"HOUSE_NUMBERSUFFIX":null,"HOUSE_NUMBERPREFIX":null,"FIPS":"5005"}},
{"type":"Feature","id":37587,"geometry":{"type":"Point","coordinates":[-71.9548578847101,44.3439077833756]},"properties":{"OBJECTID":37587,"SEGMENTID":9752,"ESITEID":275853,"GEONAMEID":22325,"PD":" ","PT":" ","SN":"CHAMBERLAIN","ST":"LN","SD":" ","PRIMARYNAME":"CHAMBERLAIN LN  ","ALIAS1":null,"ALIAS2":null,"ALIAS3":null,"ALIAS4":null,"ALIAS5":"5\/13\/2015 2:02:10 PM","PRIMARYADDRESS":"236 CHAMBERLAIN LN","SITETYPE":"SINGLE FAMILY DWELLING","TOWNNAME":"WATERFORD","MCODE":721,"ESN":300,"ZIP":"05819","PARCELNUM":"297.","GPSX":-71.95485687,"GPSY":44.34389877,"MAPYEAR":"Thu, 01 Jan 1998 00:00:00 GMT","UPDATEDATE":"Fri, 27 Jan 2023 21:28:51 GMT","STATE":"VT","FIPS8":5005,"SPAN":"699-222-10096","SUBTYPE":null,"GlobalID_1":"1625a08f-0f08-4324-b5c4-247ede35f6fa","UNITCOUNT":1,"PRIMARYADD1":"236 CHAMBERLAIN LN WATERFORD","PRIMARYADD2":"236 CHAMBERLAIN LN WATERFORD VT 05819","SITETYPE_MULTI1":null,"SITETYPE_MULTI2":null,"SITETYPE_MULTI3":null,"SITETYPE_MULTI4":null,"SITETYPE_MULTI5":null,"COUNTY":"CALEDONIA","COUNTRY":"US","SOURCEOFDATA":"Vermont Enhanced 911 Board","DRIVEWAYID":null,"ESZ":"00300","HOUSE_NUMBER":236,"HOUSE_NUMBERSUFFIX":null,"HOUSE_NUMBERPREFIX":null,"FIPS":"5005"}},
{"type":"Feature","id":352067,"geometry":{"type":"Point","coordinates":[-71.9695215854634,44.3437933413531]},"properties":{"OBJECTID":352067,"SEGMENTID":25647,"ESITEID":275854,"GEONAMEID":22323,"PD":" ","PT":" ","SN":"COPENHAGEN","ST":"RD","SD":" ","PRIMARYNAME":"COPENHAGEN RD  ","ALIAS1":null,"ALIAS2":null,"ALIAS3":null,"ALIAS4":null,"ALIAS5":"5\/12\/2015 7:30:02 PM","PRIMARYADDRESS":"301 COPENHAGEN RD","SITETYPE":"SINGLE FAMILY DWELLING","TOWNNAME":"WATERFORD","MCODE":721,"ESN":300,"ZIP":"05819","PARCELNUM":"332.","GPSX":-71.96952056,"GPSY":44.34378433,"MAPYEAR":"Thu, 01 Jan 1998 00:00:00 GMT","UPDATEDATE":"Thu, 29 May 2025 12:32:56 GMT","STATE":"VT","FIPS8":5005,"SPAN":"699-222-10475","SUBTYPE":null,"GlobalID_1":"9a922029-c446-472b-bca0-ae8f988c0cbe","UNITCOUNT":1,"PRIMARYADD1":"301 COPENHAGEN RD WATERFORD","PRIMARYADD2":"301 COPENHAGEN RD WATERFORD VT 05819","SITETYPE_MULTI1":null,"SITETYPE_MULTI2":null,"SITETYPE_MULTI3":null,"SITETYPE_MULTI4":null,"SITETYPE_MULTI5":null,"COUNTY":"CALEDONIA","COUNTRY":"US","SOURCEOFDATA":"Vermont Enhanced 911 Board","DRIVEWAYID":null,"ESZ":"00300","HOUSE_NUMBER":301,"HOUSE_NUMBERSUFFIX":null,"HOUSE_NUMBERPREFIX":null,"FIPS":"5005"}},
{"type":"Feature","id":263022,"geometry":{"type":"Point","coordinates":[-71.9559795229163,44.3433922880592]},"properties":{"OBJECTID":263022,"SEGMENTID":9752,"ESITEID":275855,"GEONAMEID":22325,"PD":" ","PT":" ","SN":"CHAMBERLAIN","ST":"LN","SD":" ","PRIMARYNAME":"CHAMBERLAIN LN  ","ALIAS1":null,"ALIAS2":null,"ALIAS3":null,"ALIAS4":null,"ALIAS5":"5\/12\/2015 7:30:02 PM","PRIMARYADDRESS":"271 CHAMBERLAIN LN","SITETYPE":"SINGLE FAMILY DWELLING","TOWNNAME":"WATERFORD","MCODE":721,"ESN":300,"ZIP":"05819","PARCELNUM":"335.","GPSX":-71.95597851,"GPSY":44.34338327,"MAPYEAR":"Thu, 01 Jan 1998 00:00:00 GMT","UPDATEDATE":"Fri, 27 Jan 2023 21:28:51 GMT","STATE":"VT","FIPS8":5005,"SPAN":"699-222-10414","SUBTYPE":null,"GlobalID_1":"f8e79643-a576-42c9-a972-37550f72fe6c","UNITCOUNT":1,"PRIMARYADD1":"271 CHAMBERLAIN LN WATERFORD","PRIMARYADD2":"271 CHAMBERLAIN LN WATERFORD VT 05819","SITETYPE_MULTI1":null,"SITETYPE_MULTI2":null,"SITETYPE_MULTI3":null,"SITETYPE_MULTI4":null,"SITETYPE_MULTI5":null,"COUNTY":"CALEDONIA","COUNTRY":"US","SOURCEOFDATA":"Vermont Enhanced 911 Board","DRIVEWAYID":null,"ESZ":"00300","HOUSE_NUMBER":271,"HOUSE_NUMBERSUFFIX":null,"HOUSE_NUMBERPREFIX":null,"FIPS":"5005"}},
{"type":"Feature","id":140068,"geometry":{"type":"Point","coordinates":[-71.9780972821232,44.3438795617027]},"properties":{"OBJECTID":140068,"SEGMENTID":62031,"ESITEID":275856,"GEONAMEID":22346,"PD":" ","PT":" ","SN":"LOWER WATERFORD","ST":"RD","SD":" ","PRIMARYNAME":"LOWER WATERFORD RD","ALIAS1":null,"ALIAS2":null,"ALIAS3":null,"ALIAS4":null,"ALIAS5":"5\/12\/2015 7:29:44 PM","PRIMARYADDRESS":"4132 LOWER WATERFORD RD","SITETYPE":"SINGLE FAMILY DWELLING","TOWNNAME":"WATERFORD","MCODE":721,"ESN":300,"ZIP":"05819","PARCELNUM":"527.","GPSX":-71.97809626,"GPSY":44.34387055,"MAPYEAR":"Thu, 01 Jan 1998 00:00:00 GMT","UPDATEDATE":"Thu, 29 May 2025 12:31:46 GMT","STATE":"VT","FIPS8":5005,"SPAN":"699-222-10356","SUBTYPE":null,"GlobalID_1":"49099e69-6fe7-4fb7-b219-cc0b29d554fb","UNITCOUNT":1,"PRIMARYADD1":"4132 LOWER WATERFORD RD WATERFORD","PRIMARYADD2":"4132 LOWER WATERFORD RD WATERFORD VT 05819","SITETYPE_MULTI1":null,"SITETYPE_MULTI2":null,"SITETYPE_MULTI3":null,"SITETYPE_MULTI4":null,"SITETYPE_MULTI5":null,"COUNTY":"CALEDONIA","COUNTRY":"US","SOURCEOFDATA":"Vermont Enhanced 911 Board","DRIVEWAYID":null,"ESZ":"00300","HOUSE_NUMBER":4132,"HOUSE_NUMBERSUFFIX":null,"HOUSE_NUMBERPREFIX":null,"FIPS":"5005"}},
{"type":"Feature","id":116435,"geometry":{"type":"Point","coordinates":[-71.9716578162045,44.3432173218568]},"properties":{"OBJECTID":116435,"SEGMENTID":32232,"ESITEID":275857,"GEONAMEID":22346,"PD":" ","PT":" ","SN":"LOWER WATERFORD","ST":"RD","SD":" ","PRIMARYNAME":"LOWER WATERFORD RD","ALIAS1":null,"ALIAS2":null,"ALIAS3":null,"ALIAS4":null,"ALIAS5":"5\/12\/2015 7:29:44 PM","PRIMARYADDRESS":"3886 LOWER WATERFORD RD","SITETYPE":"SINGLE FAMILY DWELLING","TOWNNAME":"WATERFORD","MCODE":721,"ESN":300,"ZIP":"05819","PARCELNUM":"391.","GPSX":-71.97165679,"GPSY":44.34320831,"MAPYEAR":"Thu, 01 Jan 1998 00:00:00 GMT","UPDATEDATE":"Thu, 29 May 2025 12:32:56 GMT","STATE":"VT","FIPS8":5005,"SPAN":"699-222-10097","SUBTYPE":null,"GlobalID_1":"e9088b47-942d-4e25-9f80-db23b797ce50","UNITCOUNT":1,"PRIMARYADD1":"3886 LOWER WATERFORD RD WATERFORD","PRIMARYADD2":"3886 LOWER WATERFORD RD WATERFORD VT 05819","SITETYPE_MULTI1":null,"SITETYPE_MULTI2":null,"SITETYPE_MULTI3":null,"SITETYPE_MULTI4":null,"SITETYPE_MULTI5":null,"COUNTY":"CALEDONIA","COUNTRY":"US","SOURCEOFDATA":"Vermont Enhanced 911 Board","DRIVEWAYID":null,"ESZ":"00300","HOUSE_NUMBER":3886,"HOUSE_NUMBERSUFFIX":null,"HOUSE_NUMBERPREFIX":null,"FIPS":"5005"}},
{"type":"Feature","id":69303,"geometry":{"type":"Point","coordinates":[-71.9912400220351,44.3435812937962]},"properties":{"OBJECTID":69303,"SEGMENTID":84709,"ESITEID":275858,"GEONAMEID":22346,"PD":" ","PT":" ","SN":"LOWER WATERFORD","ST":"RD","SD":" ","PRIMARYNAME":"LOWER WATERFORD RD","ALIAS1":null,"ALIAS2":null,"ALIAS3":null,"ALIAS4":null,"ALIAS5":"7\/2\/2020 2:28:36 PM","PRIMARYADDRESS":"5247 LOWER WATERFORD RD","SITETYPE":"SINGLE FAMILY DWELLING","TOWNNAME":"WATERFORD","MCODE":721,"ESN":300,"ZIP":"05819","PARCELNUM":"665.","GPSX":-71.991239,"GPSY":44.34357229,"MAPYEAR":"Thu, 01 Jan 1998 00:00:00 GMT","UPDATEDATE":"Fri, 27 Jan 2023 21:23:07 GMT","STATE":"VT","FIPS8":5005,"SPAN":"699-222-10499","SUBTYPE":null,"GlobalID_1":"a0f7e9ca-4061-430c-8b33-6a94b5bbd445","UNITCOUNT":1,"PRIMARYADD1":"5247 LOWER WATERFORD RD WATERFORD","PRIMARYADD2":"5247 LOWER WATERFORD RD WATERFORD VT 05819","SITETYPE_MULTI1":null,"SITETYPE_MULTI2":null,"SITETYPE_MULTI3":null,"SITETYPE_MULTI4":null,"SITETYPE_MULTI5":null,"COUNTY":"CALEDONIA","COUNTRY":"US","SOURCEOFDATA":"Vermont Enhanced 911 Board","DRIVEWAYID":null,"ESZ":"00300","HOUSE_NUMBER":5247,"HOUSE_NUMBERSUFFIX":null,"HOUSE_NUMBERPREFIX":null,"FIPS":"5005"}},
{"type":"Feature","id":6656,"geometry":{"type":"Point","coordinates":[-71.9510026588703,44.3429305006429]},"properties":{"OBJECTID":6656,"SEGMENTID":10030,"ESITEID":275859,"GEONAMEID":22326,"PD":" ","PT":" ","SN":"DUCK POND","ST":"RD","SD":" ","PRIMARYNAME":"DUCK POND RD  ","ALIAS1":null,"ALIAS2":null,"ALIAS3":null,"ALIAS4":null,"ALIAS5":"9\/14\/2017 2:51:53 PM","PRIMARYADDRESS":"5492 DUCK POND RD","SITETYPE":"SINGLE FAMILY DWELLING","TOWNNAME":"WATERFORD","MCODE":721,"ESN":300,"ZIP":"05819","PARCELNUM":"842.","GPSX":-71.95100165,"GPSY":44.34292149,"MAPYEAR":"Thu, 01 Jan 1998 00:00:00 GMT","UPDATEDATE":"Fri, 27 Jan 2023 21:28:52 GMT","STATE":"VT","FIPS8":5005,"SPAN":"699-222-10693","SUBTYPE":null,"GlobalID_1":"18127738-8667-479f-86cd-32f532a7aed3","UNITCOUNT":1,"PRIMARYADD1":"5492 DUCK POND RD WATERFORD","PRIMARYADD2":"5492 DUCK POND RD WATERFORD VT 05819","SITETYPE_MULTI1":null,"SITETYPE_MULTI2":null,"SITETYPE_MULTI3":null,"SITETYPE_MULTI4":null,"SITETYPE_MULTI5":null,"COUNTY":"CALEDONIA","COUNTRY":"US","SOURCEOFDATA":"Vermont Enhanced 911 Board","DRIVEWAYID":null,"ESZ":"00300","HOUSE_NUMBER":5492,"HOUSE_NUMBERSUFFIX":null,"HOUSE_NUMBERPREFIX":null,"FIPS":"5005"}},
{"type":"Feature","id":142133,"geometry":{"type":"Point","coordinates":[-71.9729373815716,44.342374928819]},"properties":{"OBJECTID":142133,"SEGMENTID":28580,"ESITEID":275860,"GEONAMEID":22324,"PD":" ","PT":" ","SN":"BIRCH TREE","ST":"LN","SD":" ","PRIMARYNAME":"BIRCH TREE LN  ","ALIAS1":null,"ALIAS2":null,"ALIAS3":null,"ALIAS4":null,"ALIAS5":"5\/12\/2015 7:30:02 PM","PRIMARYADDRESS":"43 BIRCH TREE LN","SITETYPE":"SINGLE FAMILY DWELLING","TOWNNAME":"WATERFORD","MCODE":721,"ESN":300,"ZIP":"05819","PARCELNUM":"879.","GPSX":-71.97293636,"GPSY":44.34236591,"MAPYEAR":"Thu, 01 Jan 1998 00:00:00 GMT","UPDATEDATE":"Fri, 27 Jan 2023 21:28:50 GMT","STATE":"VT","FIPS8":5005,"SPAN":"699-222-10750","SUBTYPE":null,"GlobalID_1":"845a5f13-0c20-4a9d-b316-870596dd3ffc","UNITCOUNT":1,"PRIMARYADD1":"43 BIRCH TREE LN WATERFORD","PRIMARYADD2":"43 BIRCH TREE LN WATERFORD VT 05819","SITETYPE_MULTI1":null,"SITETYPE_MULTI2":null,"SITETYPE_MULTI3":null,"SITETYPE_MULTI4":null,"SITETYPE_MULTI5":null,"COUNTY":"CALEDONIA","COUNTRY":"US","SOURCEOFDATA":"Vermont Enhanced 911 Board","DRIVEWAYID":null,"ESZ":"00300","HOUSE_NUMBER":43,"HOUSE_NUMBERSUFFIX":null,"HOUSE_NUMBERPREFIX":null,"FIPS":"5005"}},
{"type":"Feature","id":265639,"geometry":{"type":"Point","coordinates":[-71.9554138763566,44.3420736784441]},"properties":{"OBJECTID":265639,"SEGMENTID":9752,"ESITEID":275861,"GEONAMEID":22325,"PD":" ","PT":" ","SN":"CHAMBERLAIN","ST":"LN","SD":" ","PRIMARYNAME":"CHAMBERLAIN LN  ","ALIAS1":null,"ALIAS2":null,"ALIAS3":null,"ALIAS4":null,"ALIAS5":"5\/12\/2015 7:30:02 PM","PRIMARYADDRESS":"153 CHAMBERLAIN LN","SITETYPE":"SINGLE FAMILY DWELLING","TOWNNAME":"WATERFORD","MCODE":721,"ESN":300,"ZIP":"05819","PARCELNUM":"621.","GPSX":-71.95541286,"GPSY":44.34206466,"MAPYEAR":"Thu, 01 Jan 1998 00:00:00 GMT","UPDATEDATE":"Thu, 29 May 2025 12:33:42 GMT","STATE":"VT","FIPS8":5005,"SPAN":"699-222-10452","SUBTYPE":null,"GlobalID_1":"cdd87cd2-307a-4a89-85a1-279fee562063","UNITCOUNT":1,"PRIMARYADD1":"153 CHAMBERLAIN LN WATERFORD","PRIMARYADD2":"153 CHAMBERLAIN LN WATERFORD VT 05819","SITETYPE_MULTI1":null,"SITETYPE_MULTI2":null,"SITETYPE_MULTI3":null,"SITETYPE_MULTI4":null,"SITETYPE_MULTI5":null,"COUNTY":"CALEDONIA","COUNTRY":"US","SOURCEOFDATA":"Vermont Enhanced 911 Board","DRIVEWAYID":null,"ESZ":"00300","HOUSE_NUMBER":153,"HOUSE_NUMBERSUFFIX":null,"HOUSE_NUMBERPREFIX":null,"FIPS":"5005"}},
{"type":"Feature","id":138983,"geometry":{"type":"Point","coordinates":[-71.9780741398435,44.3420462103977]},"properties":{"OBJECTID":138983,"SEGMENTID":62031,"ESITEID":275862,"GEONAMEID":22346,"PD":" ","PT":" ","SN":"LOWER WATERFORD","ST":"RD","SD":" ","PRIMARYNAME":"LOWER WATERFORD RD","ALIAS1":null,"ALIAS2":null,"ALIAS3":null,"ALIAS4":null,"ALIAS5":"5\/12\/2015 7:29:44 PM","PRIMARYADDRESS":"4171 LOWER WATERFORD RD","SITETYPE":"SINGLE FAMILY DWELLING","TOWNNAME":"WATERFORD","MCODE":721,"ESN":300,"ZIP":"05819","PARCELNUM":"068.","GPSX":-71.97807312,"GPSY":44.3420372,"MAPYEAR":"Thu, 01 Jan 1998 00:00:00 GMT","UPDATEDATE":"Thu, 29 May 2025 12:31:46 GMT","STATE":"VT","FIPS8":5005,"SPAN":"699-222-10075","SUBTYPE":null,"GlobalID_1":"2e8ccb5a-b61a-4a13-83b0-0891ffed7b1d","UNITCOUNT":1,"PRIMARYADD1":"4171 LOWER WATERFORD RD WATERFORD","PRIMARYADD2":"4171 LOWER WATERFORD RD WATERFORD VT 05819","SITETYPE_MULTI1":null,"SITETYPE_MULTI2":null,"SITETYPE_MULTI3":null,"SITETYPE_MULTI4":null,"SITETYPE_MULTI5":null,"COUNTY":"CALEDONIA","COUNTRY":"US","SOURCEOFDATA":"Vermont Enhanced 911 Board","DRIVEWAYID":null,"ESZ":"00300","HOUSE_NUMBER":4171,"HOUSE_NUMBERSUFFIX":null,"HOUSE_NUMBERPREFIX":null,"FIPS":"5005"}},
{"type":"Feature","id":340740,"geometry":{"type":"Point","coordinates":[-71.9761439026198,44.3419699154255]},"properties":{"OBJECTID":340740,"SEGMENTID":28580,"ESITEID":275863,"GEONAMEID":22324,"PD":" ","PT":" ","SN":"BIRCH TREE","ST":"LN","SD":" ","PRIMARYNAME":"BIRCH TREE LN  ","ALIAS1":null,"ALIAS2":null,"ALIAS3":null,"ALIAS4":null,"ALIAS5":"5\/12\/2015 7:30:02 PM","PRIMARYADDRESS":"80 BIRCH TREE LN","SITETYPE":"SINGLE FAMILY DWELLING","TOWNNAME":"WATERFORD","MCODE":721,"ESN":300,"ZIP":"05819","PARCELNUM":"408.","GPSX":-71.97614288,"GPSY":44.3419609,"MAPYEAR":"Thu, 01 Jan 1998 00:00:00 GMT","UPDATEDATE":"Fri, 27 Jan 2023 21:28:50 GMT","STATE":"VT","FIPS8":5005,"SPAN":"699-222-10740","SUBTYPE":null,"GlobalID_1":"180fd72e-ceae-4f4d-abf0-57be7b332b35","UNITCOUNT":1,"PRIMARYADD1":"80 BIRCH TREE LN WATERFORD","PRIMARYADD2":"80 BIRCH TREE LN WATERFORD VT 05819","SITETYPE_MULTI1":null,"SITETYPE_MULTI2":null,"SITETYPE_MULTI3":null,"SITETYPE_MULTI4":null,"SITETYPE_MULTI5":null,"COUNTY":"CALEDONIA","COUNTRY":"US","SOURCEOFDATA":"Vermont Enhanced 911 Board","DRIVEWAYID":null,"ESZ":"00300","HOUSE_NUMBER":80,"HOUSE_NUMBERSUFFIX":null,"HOUSE_NUMBERPREFIX":null,"FIPS":"5005"}},
{"type":"Feature","id":201489,"geometry":{"type":"Point","coordinates":[-71.9805308054807,44.3419508411907]},"properties":{"OBJECTID":201489,"SEGMENTID":25647,"ESITEID":275864,"GEONAMEID":22323,"PD":" ","PT":" ","SN":"COPENHAGEN","ST":"RD","SD":" ","PRIMARYNAME":"COPENHAGEN RD  ","ALIAS1":null,"ALIAS2":null,"ALIAS3":null,"ALIAS4":null,"ALIAS5":"5\/12\/2015 7:30:02 PM","PRIMARYADDRESS":"1329 COPENHAGEN RD","SITETYPE":"SINGLE FAMILY DWELLING","TOWNNAME":"WATERFORD","MCODE":721,"ESN":300,"ZIP":"05819","PARCELNUM":"679.","GPSX":-71.98052978,"GPSY":44.34194183,"MAPYEAR":"Thu, 01 Jan 1998 00:00:00 GMT","UPDATEDATE":"Fri, 27 Jan 2023 21:28:50 GMT","STATE":"VT","FIPS8":5005,"SPAN":"699-222-10514","SUBTYPE":null,"GlobalID_1":"4811e7a3-eb61-4d29-9367-93a56bf07cad","UNITCOUNT":1,"PRIMARYADD1":"1329 COPENHAGEN RD WATERFORD","PRIMARYADD2":"1329 COPENHAGEN RD WATERFORD VT 05819","SITETYPE_MULTI1":null,"SITETYPE_MULTI2":null,"SITETYPE_MULTI3":null,"SITETYPE_MULTI4":null,"SITETYPE_MULTI5":null,"COUNTY":"CALEDONIA","COUNTRY":"US","SOURCEOFDATA":"Vermont Enhanced 911 Board","DRIVEWAYID":null,"ESZ":"00300","HOUSE_NUMBER":1329,"HOUSE_NUMBERSUFFIX":null,"HOUSE_NUMBERPREFIX":null,"FIPS":"5005"}},
{"type":"Feature","id":332919,"geometry":{"type":"Point","coordinates":[-71.9789701660921,44.3415970743946]},"properties":{"OBJECTID":332919,"SEGMENTID":62031,"ESITEID":275865,"GEONAMEID":22346,"PD":" ","PT":" ","SN":"LOWER WATERFORD","ST":"RD","SD":" ","PRIMARYNAME":"LOWER WATERFORD RD","ALIAS1":null,"ALIAS2":null,"ALIAS3":null,"ALIAS4":null,"ALIAS5":"5\/12\/2015 7:29:44 PM","PRIMARYADDRESS":"4173 LOWER WATERFORD RD","SITETYPE":"SINGLE FAMILY DWELLING","TOWNNAME":"WATERFORD","MCODE":721,"ESN":300,"ZIP":"05819","PARCELNUM":"755.","GPSX":-71.97896914,"GPSY":44.34158806,"MAPYEAR":"Thu, 01 Jan 1998 00:00:00 GMT","UPDATEDATE":"Thu, 29 May 2025 12:31:46 GMT","STATE":"VT","FIPS8":5005,"SPAN":"699-222-10274","SUBTYPE":null,"GlobalID_1":"485c8834-cf0e-4feb-aa02-412d0b9b9d13","UNITCOUNT":1,"PRIMARYADD1":"4173 LOWER WATERFORD RD WATERFORD","PRIMARYADD2":"4173 LOWER WATERFORD RD WATERFORD VT 05819","SITETYPE_MULTI1":null,"SITETYPE_MULTI2":null,"SITETYPE_MULTI3":null,"SITETYPE_MULTI4":null,"SITETYPE_MULTI5":null,"COUNTY":"CALEDONIA","COUNTRY":"US","SOURCEOFDATA":"Vermont Enhanced 911 Board","DRIVEWAYID":null,"ESZ":"00300","HOUSE_NUMBER":4173,"HOUSE_NUMBERSUFFIX":null,"HOUSE_NUMBERPREFIX":null,"FIPS":"5005"}},
{"type":"Feature","id":127882,"geometry":{"type":"Point","coordinates":[-71.9747378383714,44.341429303836]},"properties":{"OBJECTID":127882,"SEGMENTID":28580,"ESITEID":275866,"GEONAMEID":22324,"PD":" ","PT":" ","SN":"BIRCH TREE","ST":"LN","SD":" ","PRIMARYNAME":"BIRCH TREE LN  ","ALIAS1":null,"ALIAS2":null,"ALIAS3":null,"ALIAS4":null,"ALIAS5":"5\/12\/2015 7:30:02 PM","PRIMARYADDRESS":"90 BIRCH TREE LN","SITETYPE":"SINGLE FAMILY DWELLING","TOWNNAME":"WATERFORD","MCODE":721,"ESN":300,"ZIP":"05819","PARCELNUM":"837.","GPSX":-71.97473682,"GPSY":44.34142029,"MAPYEAR":"Thu, 01 Jan 1998 00:00:00 GMT","UPDATEDATE":"Thu, 29 May 2025 12:31:46 GMT","STATE":"VT","FIPS8":5005,"SPAN":"699-222-10685","SUBTYPE":null,"GlobalID_1":"77362f51-2250-48c8-8fbd-c1f7170f8833","UNITCOUNT":1,"PRIMARYADD1":"90 BIRCH TREE LN WATERFORD","PRIMARYADD2":"90 BIRCH TREE LN WATERFORD VT 05819","SITETYPE_MULTI1":null,"SITETYPE_MULTI2":null,"SITETYPE_MULTI3":null,"SITETYPE_MULTI4":null,"SITETYPE_MULTI5":null,"COUNTY":"CALEDONIA","COUNTRY":"US","SOURCEOFDATA":"Vermont Enhanced 911 Board","DRIVEWAYID":null,"ESZ":"00300","HOUSE_NUMBER":90,"HOUSE_NUMBERSUFFIX":null,"HOUSE_NUMBERPREFIX":null,"FIPS":"5005"}},
{"type":"Feature","id":258789,"geometry":{"type":"Point","coordinates":[-71.9344688266452,44.3419623308251]},"properties":{"OBJECTID":258789,"SEGMENTID":24886,"ESITEID":275867,"GEONAMEID":22346,"PD":" ","PT":" ","SN":"LOWER WATERFORD","ST":"RD","SD":" ","PRIMARYNAME":"LOWER WATERFORD RD","ALIAS1":null,"ALIAS2":null,"ALIAS3":null,"ALIAS4":null,"ALIAS5":"5\/12\/2015 7:29:44 PM","PRIMARYADDRESS":"1757 LOWER WATERFORD RD","SITETYPE":"COMMERCIAL FARM","TOWNNAME":"WATERFORD","MCODE":721,"ESN":300,"ZIP":"05819","PARCELNUM":"999.3","GPSX":-71.93446782,"GPSY":44.34195332,"MAPYEAR":"Thu, 01 Jan 1998 00:00:00 GMT","UPDATEDATE":"Fri, 27 Jan 2023 21:23:07 GMT","STATE":"VT","FIPS8":5005,"SPAN":"699-222-10985","SUBTYPE":null,"GlobalID_1":"8d4dce1b-a2b5-43ac-8230-5ae75c4f72a5","UNITCOUNT":1,"PRIMARYADD1":"1757 LOWER WATERFORD RD WATERFORD","PRIMARYADD2":"1757 LOWER WATERFORD RD WATERFORD VT 05819","SITETYPE_MULTI1":null,"SITETYPE_MULTI2":null,"SITETYPE_MULTI3":null,"SITETYPE_MULTI4":null,"SITETYPE_MULTI5":null,"COUNTY":"CALEDONIA","COUNTRY":"US","SOURCEOFDATA":"Vermont Enhanced 911 Board","DRIVEWAYID":null,"ESZ":"00300","HOUSE_NUMBER":1757,"HOUSE_NUMBERSUFFIX":null,"HOUSE_NUMBERPREFIX":null,"FIPS":"5005"}},
{"type":"Feature","id":323523,"geometry":{"type":"Point","coordinates":[-71.9730720078342,44.3408004022414]},"properties":{"OBJECTID":323523,"SEGMENTID":28580,"ESITEID":275868,"GEONAMEID":22324,"PD":" ","PT":" ","SN":"BIRCH TREE","ST":"LN","SD":" ","PRIMARYNAME":"BIRCH TREE LN  ","ALIAS1":null,"ALIAS2":null,"ALIAS3":null,"ALIAS4":null,"ALIAS5":"5\/13\/2015 2:02:10 PM","PRIMARYADDRESS":"175 BIRCH TREE LN","SITETYPE":"SINGLE FAMILY DWELLING","TOWNNAME":"WATERFORD","MCODE":721,"ESN":300,"ZIP":"05819","PARCELNUM":"878.","GPSX":-71.97307099,"GPSY":44.34079139,"MAPYEAR":"Thu, 01 Jan 1998 00:00:00 GMT","UPDATEDATE":"Thu, 29 May 2025 12:32:12 GMT","STATE":"VT","FIPS8":5005,"SPAN":"699-222-10749","SUBTYPE":null,"GlobalID_1":"52c10cd1-9ccc-49ca-aebb-4ebf97ae8e4c","UNITCOUNT":1,"PRIMARYADD1":"175 BIRCH TREE LN WATERFORD","PRIMARYADD2":"175 BIRCH TREE LN WATERFORD VT 05819","SITETYPE_MULTI1":null,"SITETYPE_MULTI2":null,"SITETYPE_MULTI3":null,"SITETYPE_MULTI4":null,"SITETYPE_MULTI5":null,"COUNTY":"CALEDONIA","COUNTRY":"US","SOURCEOFDATA":"Vermont Enhanced 911 Board","DRIVEWAYID":null,"ESZ":"00300","HOUSE_NUMBER":175,"HOUSE_NUMBERSUFFIX":null,"HOUSE_NUMBERPREFIX":null,"FIPS":"5005"}},
{"type":"Feature","id":141744,"geometry":{"type":"Point","coordinates":[-71.974182081067,44.3407235953539]},"properties":{"OBJECTID":141744,"SEGMENTID":28580,"ESITEID":275869,"GEONAMEID":22324,"PD":" ","PT":" ","SN":"BIRCH TREE","ST":"LN","SD":" ","PRIMARYNAME":"BIRCH TREE LN  ","ALIAS1":null,"ALIAS2":null,"ALIAS3":null,"ALIAS4":null,"ALIAS5":"5\/12\/2015 7:30:02 PM","PRIMARYADDRESS":"140 BIRCH TREE LN","SITETYPE":"SINGLE FAMILY DWELLING","TOWNNAME":"WATERFORD","MCODE":721,"ESN":300,"ZIP":"05819","PARCELNUM":"442.","GPSX":-71.97418106,"GPSY":44.34071459,"MAPYEAR":"Thu, 01 Jan 1998 00:00:00 GMT","UPDATEDATE":"Thu, 29 May 2025 12:32:17 GMT","STATE":"VT","FIPS8":5005,"SPAN":"699-222-10265","SUBTYPE":null,"GlobalID_1":"45ab0f2c-ca90-482e-a728-9ba4f5bc7ad3","UNITCOUNT":1,"PRIMARYADD1":"140 BIRCH TREE LN WATERFORD","PRIMARYADD2":"140 BIRCH TREE LN WATERFORD VT 05819","SITETYPE_MULTI1":null,"SITETYPE_MULTI2":null,"SITETYPE_MULTI3":null,"SITETYPE_MULTI4":null,"SITETYPE_MULTI5":null,"COUNTY":"CALEDONIA","COUNTRY":"US","SOURCEOFDATA":"Vermont Enhanced 911 Board","DRIVEWAYID":null,"ESZ":"00300","HOUSE_NUMBER":140,"HOUSE_NUMBERSUFFIX":null,"HOUSE_NUMBERPREFIX":null,"FIPS":"5005"}},
{"type":"Feature","id":240629,"geometry":{"type":"Point","coordinates":[-71.9807128637431,44.3404885726054]},"properties":{"OBJECTID":240629,"SEGMENTID":28581,"ESITEID":275870,"GEONAMEID":22346,"PD":" ","PT":" ","SN":"LOWER WATERFORD","ST":"RD","SD":" ","PRIMARYNAME":"LOWER WATERFORD RD","ALIAS1":null,"ALIAS2":null,"ALIAS3":null,"ALIAS4":null,"ALIAS5":"5\/12\/2015 7:29:44 PM","PRIMARYADDRESS":"4331 LOWER WATERFORD RD","SITETYPE":"SINGLE FAMILY DWELLING","TOWNNAME":"WATERFORD","MCODE":721,"ESN":300,"ZIP":"05819","PARCELNUM":"415.","GPSX":-71.98071184,"GPSY":44.34047956,"MAPYEAR":"Thu, 01 Jan 1998 00:00:00 GMT","UPDATEDATE":"Fri, 27 Jan 2023 21:23:07 GMT","STATE":"VT","FIPS8":5005,"SPAN":"699-222-10229","SUBTYPE":null,"GlobalID_1":"fddf81a7-9948-4ee0-893a-7a0bd861158f","UNITCOUNT":1,"PRIMARYADD1":"4331 LOWER WATERFORD RD WATERFORD","PRIMARYADD2":"4331 LOWER WATERFORD RD WATERFORD VT 05819","SITETYPE_MULTI1":null,"SITETYPE_MULTI2":null,"SITETYPE_MULTI3":null,"SITETYPE_MULTI4":null,"SITETYPE_MULTI5":null,"COUNTY":"CALEDONIA","COUNTRY":"US","SOURCEOFDATA":"Vermont Enhanced 911 Board","DRIVEWAYID":null,"ESZ":"00300","HOUSE_NUMBER":4331,"HOUSE_NUMBERSUFFIX":null,"HOUSE_NUMBERPREFIX":null,"FIPS":"5005"}},
{"type":"Feature","id":330289,"geometry":{"type":"Point","coordinates":[-71.9718256021484,44.3400874550827]},"properties":{"OBJECTID":330289,"SEGMENTID":28580,"ESITEID":275871,"GEONAMEID":22324,"PD":" ","PT":" ","SN":"BIRCH TREE","ST":"LN","SD":" ","PRIMARYNAME":"BIRCH TREE LN  ","ALIAS1":null,"ALIAS2":null,"ALIAS3":null,"ALIAS4":null,"ALIAS5":"5\/12\/2015 7:30:02 PM","PRIMARYADDRESS":"247 BIRCH TREE LN","SITETYPE":"OTHER","TOWNNAME":"WATERFORD","MCODE":721,"ESN":300,"ZIP":"05819","PARCELNUM":"878.","GPSX":-71.97182458,"GPSY":44.34007844,"MAPYEAR":"Thu, 01 Jan 1998 00:00:00 GMT","UPDATEDATE":"Fri, 27 Jan 2023 21:28:50 GMT","STATE":"VT","FIPS8":5005,"SPAN":"699-222-10749","SUBTYPE":null,"GlobalID_1":"5befac11-aaba-4e38-b1ff-69c8fc744354","UNITCOUNT":1,"PRIMARYADD1":"247 BIRCH TREE LN WATERFORD","PRIMARYADD2":"247 BIRCH TREE LN WATERFORD VT 05819","SITETYPE_MULTI1":null,"SITETYPE_MULTI2":null,"SITETYPE_MULTI3":null,"SITETYPE_MULTI4":null,"SITETYPE_MULTI5":null,"COUNTY":"CALEDONIA","COUNTRY":"US","SOURCEOFDATA":"Vermont Enhanced 911 Board","DRIVEWAYID":null,"ESZ":"00300","HOUSE_NUMBER":247,"HOUSE_NUMBERSUFFIX":null,"HOUSE_NUMBERPREFIX":null,"FIPS":"5005"}},
{"type":"Feature","id":159659,"geometry":{"type":"Point","coordinates":[-71.9690113381612,44.3399048218243]},"properties":{"OBJECTID":159659,"SEGMENTID":43503,"ESITEID":275872,"GEONAMEID":22346,"PD":" ","PT":" ","SN":"LOWER WATERFORD","ST":"RD","SD":" ","PRIMARYNAME":"LOWER WATERFORD RD","ALIAS1":null,"ALIAS2":null,"ALIAS3":null,"ALIAS4":null,"ALIAS5":"5\/12\/2015 7:29:44 PM","PRIMARYADDRESS":"3672 LOWER WATERFORD RD","SITETYPE":"SINGLE FAMILY DWELLING","TOWNNAME":"WATERFORD","MCODE":721,"ESN":300,"ZIP":"05819","PARCELNUM":"256.1","GPSX":-71.96901032,"GPSY":44.33989581,"MAPYEAR":"Thu, 01 Jan 1998 00:00:00 GMT","UPDATEDATE":"Fri, 27 Jan 2023 21:23:08 GMT","STATE":"VT","FIPS8":5005,"SPAN":"699-222-10065","SUBTYPE":null,"GlobalID_1":"8060cfa4-6cd6-42fc-bad4-ffb643cd0acc","UNITCOUNT":1,"PRIMARYADD1":"3672 LOWER WATERFORD RD WATERFORD","PRIMARYADD2":"3672 LOWER WATERFORD RD WATERFORD VT 05819","SITETYPE_MULTI1":null,"SITETYPE_MULTI2":null,"SITETYPE_MULTI3":null,"SITETYPE_MULTI4":null,"SITETYPE_MULTI5":null,"COUNTY":"CALEDONIA","COUNTRY":"US","SOURCEOFDATA":"Vermont Enhanced 911 Board","DRIVEWAYID":null,"ESZ":"00300","HOUSE_NUMBER":3672,"HOUSE_NUMBERSUFFIX":null,"HOUSE_NUMBERPREFIX":null,"FIPS":"5005"}},
{"type":"Feature","id":88335,"geometry":{"type":"Point","coordinates":[-71.9813891546182,44.3400848909028]},"properties":{"OBJECTID":88335,"SEGMENTID":28581,"ESITEID":275873,"GEONAMEID":22346,"PD":" ","PT":" ","SN":"LOWER WATERFORD","ST":"RD","SD":" ","PRIMARYNAME":"LOWER WATERFORD RD","ALIAS1":null,"ALIAS2":null,"ALIAS3":null,"ALIAS4":null,"ALIAS5":"5\/12\/2015 7:29:44 PM","PRIMARYADDRESS":"4397 LOWER WATERFORD RD","SITETYPE":"SINGLE FAMILY DWELLING","TOWNNAME":"WATERFORD","MCODE":721,"ESN":300,"ZIP":"05819","PARCELNUM":"452.","GPSX":-71.98138813,"GPSY":44.34007588,"MAPYEAR":"Thu, 01 Jan 1998 00:00:00 GMT","UPDATEDATE":"Fri, 27 Jan 2023 21:23:08 GMT","STATE":"VT","FIPS8":5005,"SPAN":"699-222-10255","SUBTYPE":null,"GlobalID_1":"1245e6f0-4189-4ff6-bc84-a831ce43c432","UNITCOUNT":1,"PRIMARYADD1":"4397 LOWER WATERFORD RD WATERFORD","PRIMARYADD2":"4397 LOWER WATERFORD RD WATERFORD VT 05819","SITETYPE_MULTI1":null,"SITETYPE_MULTI2":null,"SITETYPE_MULTI3":null,"SITETYPE_MULTI4":null,"SITETYPE_MULTI5":null,"COUNTY":"CALEDONIA","COUNTRY":"US","SOURCEOFDATA":"Vermont Enhanced 911 Board","DRIVEWAYID":null,"ESZ":"00300","HOUSE_NUMBER":4397,"HOUSE_NUMBERSUFFIX":null,"HOUSE_NUMBERPREFIX":null,"FIPS":"5005"}},
{"type":"Feature","id":82444,"geometry":{"type":"Point","coordinates":[-71.9829006107554,44.3397783778383]},"properties":{"OBJECTID":82444,"SEGMENTID":28581,"ESITEID":275874,"GEONAMEID":22346,"PD":" ","PT":" ","SN":"LOWER WATERFORD","ST":"RD","SD":" ","PRIMARYNAME":"LOWER WATERFORD RD","ALIAS1":null,"ALIAS2":null,"ALIAS3":null,"ALIAS4":null,"ALIAS5":"5\/12\/2015 7:29:44 PM","PRIMARYADDRESS":"4499 LOWER WATERFORD RD","SITETYPE":"SINGLE FAMILY DWELLING","TOWNNAME":"WATERFORD","MCODE":721,"ESN":300,"ZIP":"05819","PARCELNUM":"721.","GPSX":-71.98289959,"GPSY":44.33976936,"MAPYEAR":"Thu, 01 Jan 1998 00:00:00 GMT","UPDATEDATE":"Fri, 27 Jan 2023 21:23:08 GMT","STATE":"VT","FIPS8":5005,"SPAN":"699-222-10567","SUBTYPE":null,"GlobalID_1":"c5fe7fbd-c637-4ec8-af6e-9de7ca00953b","UNITCOUNT":1,"PRIMARYADD1":"4499 LOWER WATERFORD RD WATERFORD","PRIMARYADD2":"4499 LOWER WATERFORD RD WATERFORD VT 05819","SITETYPE_MULTI1":null,"SITETYPE_MULTI2":null,"SITETYPE_MULTI3":null,"SITETYPE_MULTI4":null,"SITETYPE_MULTI5":null,"COUNTY":"CALEDONIA","COUNTRY":"US","SOURCEOFDATA":"Vermont Enhanced 911 Board","DRIVEWAYID":null,"ESZ":"00300","HOUSE_NUMBER":4499,"HOUSE_NUMBERSUFFIX":null,"HOUSE_NUMBERPREFIX":null,"FIPS":"5005"}},
{"type":"Feature","id":274590,"geometry":{"type":"Point","coordinates":[-71.9549113421997,44.3392649419319]},"properties":{"OBJECTID":274590,"SEGMENTID":43503,"ESITEID":275875,"GEONAMEID":22346,"PD":" ","PT":" ","SN":"LOWER WATERFORD","ST":"RD","SD":" ","PRIMARYNAME":"LOWER WATERFORD RD","ALIAS1":null,"ALIAS2":null,"ALIAS3":null,"ALIAS4":null,"ALIAS5":"5\/12\/2015 7:29:44 PM","PRIMARYADDRESS":"2859 LOWER WATERFORD RD","SITETYPE":"SINGLE FAMILY DWELLING","TOWNNAME":"WATERFORD","MCODE":721,"ESN":300,"ZIP":"05819","PARCELNUM":"907.","GPSX":-71.95491033,"GPSY":44.33925593,"MAPYEAR":"Thu, 01 Jan 1998 00:00:00 GMT","UPDATEDATE":"Fri, 07 Apr 2023 09:09:31 GMT","STATE":"VT","FIPS8":5005,"SPAN":"699-222-10794","SUBTYPE":null,"GlobalID_1":"80fb1236-83f1-4eef-b043-e7afa6e19056","UNITCOUNT":1,"PRIMARYADD1":"2859 LOWER WATERFORD RD WATERFORD","PRIMARYADD2":"2859 LOWER WATERFORD RD WATERFORD VT 05819","SITETYPE_MULTI1":null,"SITETYPE_MULTI2":null,"SITETYPE_MULTI3":null,"SITETYPE_MULTI4":null,"SITETYPE_MULTI5":null,"COUNTY":"CALEDONIA","COUNTRY":"US","SOURCEOFDATA":"Vermont Enhanced 911 Board","DRIVEWAYID":null,"ESZ":"00300","HOUSE_NUMBER":2859,"HOUSE_NUMBERSUFFIX":null,"HOUSE_NUMBERPREFIX":null,"FIPS":"5005"}},
{"type":"Feature","id":134609,"geometry":{"type":"Point","coordinates":[-71.9728632599592,44.3389830066888]},"properties":{"OBJECTID":134609,"SEGMENTID":28580,"ESITEID":275876,"GEONAMEID":22324,"PD":" ","PT":" ","SN":"BIRCH TREE","ST":"LN","SD":" ","PRIMARYNAME":"BIRCH TREE LN  ","ALIAS1":null,"ALIAS2":null,"ALIAS3":null,"ALIAS4":null,"ALIAS5":"5\/12\/2015 7:30:02 PM","PRIMARYADDRESS":"300 BIRCH TREE LN","SITETYPE":"PUBLIC GATHERING","TOWNNAME":"WATERFORD","MCODE":721,"ESN":300,"ZIP":"05819","PARCELNUM":"878.","GPSX":-71.97286224,"GPSY":44.33897399,"MAPYEAR":"Thu, 01 Jan 1998 00:00:00 GMT","UPDATEDATE":"Thu, 29 May 2025 12:32:01 GMT","STATE":"VT","FIPS8":5005,"SPAN":"699-222-10749","SUBTYPE":null,"GlobalID_1":"e1e1d14c-56a0-43f5-b940-b75b3c4183d5","UNITCOUNT":1,"PRIMARYADD1":"300 BIRCH TREE LN WATERFORD","PRIMARYADD2":"300 BIRCH TREE LN WATERFORD VT 05819","SITETYPE_MULTI1":null,"SITETYPE_MULTI2":null,"SITETYPE_MULTI3":null,"SITETYPE_MULTI4":null,"SITETYPE_MULTI5":null,"COUNTY":"CALEDONIA","COUNTRY":"US","SOURCEOFDATA":"Vermont Enhanced 911 Board","DRIVEWAYID":null,"ESZ":"00300","HOUSE_NUMBER":300,"HOUSE_NUMBERSUFFIX":null,"HOUSE_NUMBERPREFIX":null,"FIPS":"5005"}},
{"type":"Feature","id":271213,"geometry":{"type":"Point","coordinates":[-71.9694994044027,44.3388160343822]},"properties":{"OBJECTID":271213,"SEGMENTID":43503,"ESITEID":275877,"GEONAMEID":22346,"PD":" ","PT":" ","SN":"LOWER WATERFORD","ST":"RD","SD":" ","PRIMARYNAME":"LOWER WATERFORD RD","ALIAS1":null,"ALIAS2":null,"ALIAS3":null,"ALIAS4":null,"ALIAS5":"5\/13\/2015 2:02:03 PM","PRIMARYADDRESS":"3585 LOWER WATERFORD RD","SITETYPE":"SINGLE FAMILY DWELLING","TOWNNAME":"WATERFORD","MCODE":721,"ESN":300,"ZIP":"05819","PARCELNUM":"906.","GPSX":-71.96949838,"GPSY":44.33880702,"MAPYEAR":"Thu, 01 Jan 1998 00:00:00 GMT","UPDATEDATE":"Thu, 29 May 2025 12:32:56 GMT","STATE":"VT","FIPS8":5005,"SPAN":"699-222-10792","SUBTYPE":null,"GlobalID_1":"59c6d66b-5997-4225-b29e-a57ddf0ca57d","UNITCOUNT":1,"PRIMARYADD1":"3585 LOWER WATERFORD RD WATERFORD","PRIMARYADD2":"3585 LOWER WATERFORD RD WATERFORD VT 05819","SITETYPE_MULTI1":null,"SITETYPE_MULTI2":null,"SITETYPE_MULTI3":null,"SITETYPE_MULTI4":null,"SITETYPE_MULTI5":null,"COUNTY":"CALEDONIA","COUNTRY":"US","SOURCEOFDATA":"Vermont Enhanced 911 Board","DRIVEWAYID":null,"ESZ":"00300","HOUSE_NUMBER":3585,"HOUSE_NUMBERSUFFIX":null,"HOUSE_NUMBERPREFIX":null,"FIPS":"5005"}},
{"type":"Feature","id":301020,"geometry":{"type":"Point","coordinates":[-71.9705230235757,44.3383989847136]},"properties":{"OBJECTID":301020,"SEGMENTID":43503,"ESITEID":275878,"GEONAMEID":22346,"PD":" ","PT":" ","SN":"LOWER WATERFORD","ST":"RD","SD":" ","PRIMARYNAME":"LOWER WATERFORD RD","ALIAS1":null,"ALIAS2":null,"ALIAS3":null,"ALIAS4":null,"ALIAS5":"5\/13\/2015 2:02:03 PM","PRIMARYADDRESS":"3587 LOWER WATERFORD RD","SITETYPE":"SINGLE FAMILY DWELLING","TOWNNAME":"WATERFORD","MCODE":721,"ESN":300,"ZIP":"05819","PARCELNUM":"438.","GPSX":-71.970522,"GPSY":44.33838997,"MAPYEAR":"Thu, 01 Jan 1998 00:00:00 GMT","UPDATEDATE":"Thu, 29 May 2025 12:32:56 GMT","STATE":"VT","FIPS8":5005,"SPAN":"699-222-10261","SUBTYPE":null,"GlobalID_1":"ecca1e1e-1b5b-4807-9169-0735e67db1f0","UNITCOUNT":1,"PRIMARYADD1":"3587 LOWER WATERFORD RD WATERFORD","PRIMARYADD2":"3587 LOWER WATERFORD RD WATERFORD VT 05819","SITETYPE_MULTI1":null,"SITETYPE_MULTI2":null,"SITETYPE_MULTI3":null,"SITETYPE_MULTI4":null,"SITETYPE_MULTI5":null,"COUNTY":"CALEDONIA","COUNTRY":"US","SOURCEOFDATA":"Vermont Enhanced 911 Board","DRIVEWAYID":null,"ESZ":"00300","HOUSE_NUMBER":3587,"HOUSE_NUMBERSUFFIX":null,"HOUSE_NUMBERPREFIX":null,"FIPS":"5005"}},
{"type":"Feature","id":252453,"geometry":{"type":"Point","coordinates":[-71.9680526766453,44.338126778032]},"properties":{"OBJECTID":252453,"SEGMENTID":43503,"ESITEID":275879,"GEONAMEID":22346,"PD":" ","PT":" ","SN":"LOWER WATERFORD","ST":"RD","SD":" ","PRIMARYNAME":"LOWER WATERFORD RD","ALIAS1":null,"ALIAS2":null,"ALIAS3":null,"ALIAS4":null,"ALIAS5":"5\/13\/2015 2:02:03 PM","PRIMARYADDRESS":"3433 LOWER WATERFORD RD","SITETYPE":"SINGLE FAMILY DWELLING","TOWNNAME":"WATERFORD","MCODE":721,"ESN":300,"ZIP":"05819","PARCELNUM":"816.","GPSX":-71.96805166,"GPSY":44.33811776,"MAPYEAR":"Thu, 01 Jan 1998 00:00:00 GMT","UPDATEDATE":"Fri, 27 Jan 2023 21:23:08 GMT","STATE":"VT","FIPS8":5005,"SPAN":"699-222-10095","SUBTYPE":null,"GlobalID_1":"67e2218b-7206-40e1-9255-4476d90878a2","UNITCOUNT":1,"PRIMARYADD1":"3433 LOWER WATERFORD RD WATERFORD","PRIMARYADD2":"3433 LOWER WATERFORD RD WATERFORD VT 05819","SITETYPE_MULTI1":null,"SITETYPE_MULTI2":null,"SITETYPE_MULTI3":null,"SITETYPE_MULTI4":null,"SITETYPE_MULTI5":null,"COUNTY":"CALEDONIA","COUNTRY":"US","SOURCEOFDATA":"Vermont Enhanced 911 Board","DRIVEWAYID":null,"ESZ":"00300","HOUSE_NUMBER":3433,"HOUSE_NUMBERSUFFIX":null,"HOUSE_NUMBERPREFIX":null,"FIPS":"5005"}},
{"type":"Feature","id":126681,"geometry":{"type":"Point","coordinates":[-71.967087472377,44.3381646747371]},"properties":{"OBJECTID":126681,"SEGMENTID":43503,"ESITEID":275880,"GEONAMEID":22346,"PD":" ","PT":" ","SN":"LOWER WATERFORD","ST":"RD","SD":" ","PRIMARYNAME":"LOWER WATERFORD RD","ALIAS1":null,"ALIAS2":null,"ALIAS3":null,"ALIAS4":null,"ALIAS5":"5\/12\/2015 7:29:44 PM","PRIMARYADDRESS":"3303 LOWER WATERFORD RD","SITETYPE":"SINGLE FAMILY DWELLING","TOWNNAME":"WATERFORD","MCODE":721,"ESN":300,"ZIP":"05819","PARCELNUM":"449.","GPSX":-71.96708645,"GPSY":44.33815566,"MAPYEAR":"Thu, 01 Jan 1998 00:00:00 GMT","UPDATEDATE":"Fri, 27 Jan 2023 21:23:08 GMT","STATE":"VT","FIPS8":5005,"SPAN":"699-222-10272","SUBTYPE":null,"GlobalID_1":"c25b0753-c950-4e76-a984-7a9afad9ed46","UNITCOUNT":1,"PRIMARYADD1":"3303 LOWER WATERFORD RD WATERFORD","PRIMARYADD2":"3303 LOWER WATERFORD RD WATERFORD VT 05819","SITETYPE_MULTI1":null,"SITETYPE_MULTI2":null,"SITETYPE_MULTI3":null,"SITETYPE_MULTI4":null,"SITETYPE_MULTI5":null,"COUNTY":"CALEDONIA","COUNTRY":"US","SOURCEOFDATA":"Vermont Enhanced 911 Board","DRIVEWAYID":null,"ESZ":"00300","HOUSE_NUMBER":3303,"HOUSE_NUMBERSUFFIX":null,"HOUSE_NUMBERPREFIX":null,"FIPS":"5005"}},
{"type":"Feature","id":226978,"geometry":{"type":"Point","coordinates":[-71.9418016644115,44.4364806461027]},"properties":{"OBJECTID":226978,"SEGMENTID":28578,"ESITEID":275881,"GEONAMEID":22304,"PD":"E","PT":" ","SN":"VILLAGE","ST":"RD","SD":" ","PRIMARYNAME":"E VILLAGE RD  ","ALIAS1":null,"ALIAS2":null,"ALIAS3":null,"ALIAS4":null,"ALIAS5":"5\/13\/2015 2:02:16 PM","PRIMARYADDRESS":"10 E VILLAGE RD","SITETYPE":"MOBILE HOME","TOWNNAME":"WATERFORD","MCODE":721,"ESN":300,"ZIP":"05819","PARCELNUM":"025.","GPSX":-71.94180065,"GPSY":44.43647161,"MAPYEAR":"Thu, 01 Jan 1998 00:00:00 GMT","UPDATEDATE":"Fri, 27 Jan 2023 21:37:35 GMT","STATE":"VT","FIPS8":5005,"SPAN":"699-222-10765","SUBTYPE":null,"GlobalID_1":"2f335729-dc22-43e2-b4f8-67cc09b51a9d","UNITCOUNT":1,"PRIMARYADD1":"10 E VILLAGE RD WATERFORD","PRIMARYADD2":"10 E VILLAGE RD WATERFORD VT 05819","SITETYPE_MULTI1":null,"SITETYPE_MULTI2":null,"SITETYPE_MULTI3":null,"SITETYPE_MULTI4":null,"SITETYPE_MULTI5":null,"COUNTY":"CALEDONIA","COUNTRY":"US","SOURCEOFDATA":"Vermont Enhanced 911 Board","DRIVEWAYID":null,"ESZ":"00300","HOUSE_NUMBER":10,"HOUSE_NUMBERSUFFIX":null,"HOUSE_NUMBERPREFIX":null,"FIPS":"5005"}},
{"type":"Feature","id":92023,"geometry":{"type":"Point","coordinates":[-71.9610065794248,44.4265505124074]},"properties":{"OBJECTID":92023,"SEGMENTID":13716,"ESITEID":275882,"GEONAMEID":22307,"PD":" ","PT":" ","SN":"HIGGINS HILL","ST":"RD","SD":" ","PRIMARYNAME":"HIGGINS HILL RD","ALIAS1":null,"ALIAS2":null,"ALIAS3":null,"ALIAS4":null,"ALIAS5":"11\/21\/2017 12:23:04 PM","PRIMARYADDRESS":"1795 HIGGINS HILL RD","SITETYPE":"SINGLE FAMILY DWELLING","TOWNNAME":"WATERFORD","MCODE":721,"ESN":300,"ZIP":"05819","PARCELNUM":"461.","GPSX":-71.96100556,"GPSY":44.42654149,"MAPYEAR":"Thu, 01 Jan 1998 00:00:00 GMT","UPDATEDATE":"Fri, 27 Jan 2023 21:23:01 GMT","STATE":"VT","FIPS8":5005,"SPAN":"699-222-10291","SUBTYPE":null,"GlobalID_1":"7977ab2c-5cb3-48f1-97c4-bb465c6a2392","UNITCOUNT":1,"PRIMARYADD1":"1795 HIGGINS HILL RD WATERFORD","PRIMARYADD2":"1795 HIGGINS HILL RD WATERFORD VT 05819","SITETYPE_MULTI1":null,"SITETYPE_MULTI2":null,"SITETYPE_MULTI3":null,"SITETYPE_MULTI4":null,"SITETYPE_MULTI5":null,"COUNTY":"CALEDONIA","COUNTRY":"US","SOURCEOFDATA":"Vermont Enhanced 911 Board","DRIVEWAYID":null,"ESZ":"00300","HOUSE_NUMBER":1795,"HOUSE_NUMBERSUFFIX":null,"HOUSE_NUMBERPREFIX":null,"FIPS":"5005"}},
{"type":"Feature","id":105688,"geometry":{"type":"Point","coordinates":[-71.9666369668924,44.423459894724]},"properties":{"OBJECTID":105688,"SEGMENTID":10036,"ESITEID":275883,"GEONAMEID":19756,"PD":"","PT":"","SN":"HIGGINS HILL","ST":"RD","SD":"","PRIMARYNAME":"HIGGINS HILL RD","ALIAS1":null,"ALIAS2":null,"ALIAS3":null,"ALIAS4":null,"ALIAS5":"9\/1\/2020 3:11:08 PM","PRIMARYADDRESS":"1442 HIGGINS HILL RD","SITETYPE":"SINGLE FAMILY DWELLING","TOWNNAME":"WATERFORD","MCODE":721,"ESN":300,"ZIP":"05819","PARCELNUM":"461.2","GPSX":-71.96663594,"GPSY":44.42345087,"MAPYEAR":"Thu, 01 Jan 1998 00:00:00 GMT","UPDATEDATE":"Fri, 27 Jan 2023 21:23:01 GMT","STATE":"VT","FIPS8":5005,"SPAN":"699-222-10904","SUBTYPE":null,"GlobalID_1":"7f67f0eb-d5f9-421a-a0c8-5f86ba309744","UNITCOUNT":1,"PRIMARYADD1":"1442 HIGGINS HILL RD WATERFORD","PRIMARYADD2":"1442 HIGGINS HILL RD WATERFORD VT 05819","SITETYPE_MULTI1":null,"SITETYPE_MULTI2":null,"SITETYPE_MULTI3":null,"SITETYPE_MULTI4":null,"SITETYPE_MULTI5":null,"COUNTY":"CALEDONIA","COUNTRY":"US","SOURCEOFDATA":"Vermont Enhanced 911 Board","DRIVEWAYID":null,"ESZ":"00300","HOUSE_NUMBER":1442,"HOUSE_NUMBERSUFFIX":null,"HOUSE_NUMBERPREFIX":null,"FIPS":"5005"}},
{"type":"Feature","id":308075,"geometry":{"type":"Point","coordinates":[-71.9674515054584,44.4231078260768]},"properties":{"OBJECTID":308075,"SEGMENTID":10036,"ESITEID":275885,"GEONAMEID":19756,"PD":"","PT":"","SN":"HIGGINS HILL","ST":"RD","SD":"","PRIMARYNAME":"HIGGINS HILL RD","ALIAS1":null,"ALIAS2":null,"ALIAS3":null,"ALIAS4":null,"ALIAS5":"9\/1\/2020 3:11:09 PM","PRIMARYADDRESS":"1390 HIGGINS HILL RD","SITETYPE":"SINGLE FAMILY DWELLING","TOWNNAME":"WATERFORD","MCODE":721,"ESN":300,"ZIP":"05819","PARCELNUM":"619.","GPSX":-71.96745048,"GPSY":44.4230988,"MAPYEAR":"Thu, 01 Jan 1998 00:00:00 GMT","UPDATEDATE":"Fri, 27 Jan 2023 21:23:01 GMT","STATE":"VT","FIPS8":5005,"SPAN":"699-222-10711","SUBTYPE":null,"GlobalID_1":"367bff92-fb95-49ba-a50f-8a0686757f8c","UNITCOUNT":1,"PRIMARYADD1":"1390 HIGGINS HILL RD WATERFORD","PRIMARYADD2":"1390 HIGGINS HILL RD WATERFORD VT 05819","SITETYPE_MULTI1":null,"SITETYPE_MULTI2":null,"SITETYPE_MULTI3":null,"SITETYPE_MULTI4":null,"SITETYPE_MULTI5":null,"COUNTY":"CALEDONIA","COUNTRY":"US","SOURCEOFDATA":"Vermont Enhanced 911 Board","DRIVEWAYID":null,"ESZ":"00300","HOUSE_NUMBER":1390,"HOUSE_NUMBERSUFFIX":null,"HOUSE_NUMBERPREFIX":null,"FIPS":"5005"}},
{"type":"Feature","id":34044,"geometry":{"type":"Point","coordinates":[-71.9678386431156,44.4229687775342]},"properties":{"OBJECTID":34044,"SEGMENTID":10036,"ESITEID":275886,"GEONAMEID":19756,"PD":"","PT":"","SN":"HIGGINS HILL","ST":"RD","SD":"","PRIMARYNAME":"HIGGINS HILL RD","ALIAS1":null,"ALIAS2":null,"ALIAS3":null,"ALIAS4":null,"ALIAS5":"9\/1\/2020 3:11:09 PM","PRIMARYADDRESS":"1370 HIGGINS HILL RD","SITETYPE":"SINGLE FAMILY DWELLING","TOWNNAME":"WATERFORD","MCODE":721,"ESN":300,"ZIP":"05819","PARCELNUM":"866.","GPSX":-71.96783762,"GPSY":44.42295975,"MAPYEAR":"Thu, 01 Jan 1998 00:00:00 GMT","UPDATEDATE":"Fri, 27 Jan 2023 21:23:01 GMT","STATE":"VT","FIPS8":5005,"SPAN":"699-222-10731","SUBTYPE":null,"GlobalID_1":"e63ad0f6-c546-4d92-8c5f-20c31badd04d","UNITCOUNT":1,"PRIMARYADD1":"1370 HIGGINS HILL RD WATERFORD","PRIMARYADD2":"1370 HIGGINS HILL RD WATERFORD VT 05819","SITETYPE_MULTI1":null,"SITETYPE_MULTI2":null,"SITETYPE_MULTI3":null,"SITETYPE_MULTI4":null,"SITETYPE_MULTI5":null,"COUNTY":"CALEDONIA","COUNTRY":"US","SOURCEOFDATA":"Vermont Enhanced 911 Board","DRIVEWAYID":null,"ESZ":"00300","HOUSE_NUMBER":1370,"HOUSE_NUMBERSUFFIX":null,"HOUSE_NUMBERPREFIX":null,"FIPS":"5005"}},
{"type":"Feature","id":187627,"geometry":{"type":"Point","coordinates":[-71.9829645863827,44.3996557785142]},"properties":{"OBJECTID":187627,"SEGMENTID":21062,"ESITEID":275887,"GEONAMEID":22335,"PD":" ","PT":" ","SN":"DANIELS FARM","ST":"RD","SD":" ","PRIMARYNAME":"DANIELS FARM RD  ","ALIAS1":null,"ALIAS2":null,"ALIAS3":null,"ALIAS4":null,"ALIAS5":"5\/12\/2015 7:30:02 PM","PRIMARYADDRESS":"2454 DANIELS FARM RD","SITETYPE":"SINGLE FAMILY DWELLING","TOWNNAME":"WATERFORD","MCODE":721,"ESN":300,"ZIP":"05819","PARCELNUM":"656.","GPSX":-71.98296356,"GPSY":44.39964675,"MAPYEAR":"Thu, 01 Jan 1998 00:00:00 GMT","UPDATEDATE":"Fri, 27 Jan 2023 21:28:56 GMT","STATE":"VT","FIPS8":5005,"SPAN":"699-222-10482","SUBTYPE":null,"GlobalID_1":"c92dc910-cafa-48ab-a232-1f13af3da648","UNITCOUNT":1,"PRIMARYADD1":"2454 DANIELS FARM RD WATERFORD","PRIMARYADD2":"2454 DANIELS FARM RD WATERFORD VT 05819","SITETYPE_MULTI1":null,"SITETYPE_MULTI2":null,"SITETYPE_MULTI3":null,"SITETYPE_MULTI4":null,"SITETYPE_MULTI5":null,"COUNTY":"CALEDONIA","COUNTRY":"US","SOURCEOFDATA":"Vermont Enhanced 911 Board","DRIVEWAYID":null,"ESZ":"00300","HOUSE_NUMBER":2454,"HOUSE_NUMBERSUFFIX":null,"HOUSE_NUMBERPREFIX":null,"FIPS":"5005"}},
{"type":"Feature","id":131068,"geometry":{"type":"Point","coordinates":[-71.9770489049587,44.3951616098049]},"properties":{"OBJECTID":131068,"SEGMENTID":13604,"ESITEID":275888,"GEONAMEID":22335,"PD":" ","PT":" ","SN":"DANIELS FARM","ST":"RD","SD":" ","PRIMARYNAME":"DANIELS FARM RD  ","ALIAS1":null,"ALIAS2":null,"ALIAS3":null,"ALIAS4":null,"ALIAS5":"5\/12\/2015 7:30:02 PM","PRIMARYADDRESS":"2040 DANIELS FARM RD","SITETYPE":"SINGLE FAMILY DWELLING","TOWNNAME":"WATERFORD","MCODE":721,"ESN":300,"ZIP":"05819","PARCELNUM":"644.","GPSX":-71.97704788,"GPSY":44.39515259,"MAPYEAR":"Thu, 01 Jan 1998 00:00:00 GMT","UPDATEDATE":"Fri, 27 Jan 2023 21:28:56 GMT","STATE":"VT","FIPS8":5005,"SPAN":"699-222-10495","SUBTYPE":null,"GlobalID_1":"f60b4080-2a23-4cc7-96f5-7d157a5842a1","UNITCOUNT":1,"PRIMARYADD1":"2040 DANIELS FARM RD WATERFORD","PRIMARYADD2":"2040 DANIELS FARM RD WATERFORD VT 05819","SITETYPE_MULTI1":null,"SITETYPE_MULTI2":null,"SITETYPE_MULTI3":null,"SITETYPE_MULTI4":null,"SITETYPE_MULTI5":null,"COUNTY":"CALEDONIA","COUNTRY":"US","SOURCEOFDATA":"Vermont Enhanced 911 Board","DRIVEWAYID":null,"ESZ":"00300","HOUSE_NUMBER":2040,"HOUSE_NUMBERSUFFIX":null,"HOUSE_NUMBERPREFIX":null,"FIPS":"5005"}},
{"type":"Feature","id":165759,"geometry":{"type":"Point","coordinates":[-71.9031603438245,44.3634169143971]},"properties":{"OBJECTID":165759,"SEGMENTID":10124,"ESITEID":275889,"GEONAMEID":22314,"PD":" ","PT":" ","SN":"MAD BROOK","ST":"RD","SD":" ","PRIMARYNAME":"MAD BROOK RD  ","ALIAS1":null,"ALIAS2":null,"ALIAS3":null,"ALIAS4":null,"ALIAS5":"5\/12\/2015 7:30:02 PM","PRIMARYADDRESS":"111 MAD BROOK RD","SITETYPE":"SINGLE FAMILY DWELLING","TOWNNAME":"WATERFORD","MCODE":721,"ESN":300,"ZIP":"05819","PARCELNUM":"632.1","GPSX":-71.90315934,"GPSY":44.36340789,"MAPYEAR":"Thu, 01 Jan 1998 00:00:00 GMT","UPDATEDATE":"Fri, 27 Jan 2023 21:28:48 GMT","STATE":"VT","FIPS8":5005,"SPAN":"699-222-10465","SUBTYPE":null,"GlobalID_1":"465f2baf-b14c-418d-803a-a44c52e4bafb","UNITCOUNT":1,"PRIMARYADD1":"111 MAD BROOK RD WATERFORD","PRIMARYADD2":"111 MAD BROOK RD WATERFORD VT 05819","SITETYPE_MULTI1":null,"SITETYPE_MULTI2":null,"SITETYPE_MULTI3":null,"SITETYPE_MULTI4":null,"SITETYPE_MULTI5":null,"COUNTY":"CALEDONIA","COUNTRY":"US","SOURCEOFDATA":"Vermont Enhanced 911 Board","DRIVEWAYID":null,"ESZ":"00300","HOUSE_NUMBER":111,"HOUSE_NUMBERSUFFIX":null,"HOUSE_NUMBERPREFIX":null,"FIPS":"5005"}},
{"type":"Feature","id":213810,"geometry":{"type":"Point","coordinates":[-71.8832233270746,44.3676175287277]},"properties":{"OBJECTID":213810,"SEGMENTID":21063,"ESITEID":275890,"GEONAMEID":22317,"PD":" ","PT":" ","SN":"HIGH RIDGE","ST":"RD","SD":" ","PRIMARYNAME":"HIGH RIDGE RD  ","ALIAS1":null,"ALIAS2":null,"ALIAS3":null,"ALIAS4":null,"ALIAS5":"9\/8\/2017 12:02:50 PM","PRIMARYADDRESS":"777 HIGH RIDGE RD","SITETYPE":"SINGLE FAMILY DWELLING","TOWNNAME":"WATERFORD","MCODE":721,"ESN":300,"ZIP":"05819","PARCELNUM":"752.3","GPSX":-71.88322234,"GPSY":44.36760851,"MAPYEAR":"Thu, 01 Jan 1998 00:00:00 GMT","UPDATEDATE":"Fri, 27 Jan 2023 21:28:49 GMT","STATE":"VT","FIPS8":5005,"SPAN":"699-222-10590","SUBTYPE":null,"GlobalID_1":"baaf17f5-b049-472e-b4e6-d6920c3dbd4a","UNITCOUNT":1,"PRIMARYADD1":"777 HIGH RIDGE RD WATERFORD","PRIMARYADD2":"777 HIGH RIDGE RD WATERFORD VT 05819","SITETYPE_MULTI1":null,"SITETYPE_MULTI2":null,"SITETYPE_MULTI3":null,"SITETYPE_MULTI4":null,"SITETYPE_MULTI5":null,"COUNTY":"CALEDONIA","COUNTRY":"US","SOURCEOFDATA":"Vermont Enhanced 911 Board","DRIVEWAYID":null,"ESZ":"00300","HOUSE_NUMBER":777,"HOUSE_NUMBERSUFFIX":null,"HOUSE_NUMBERPREFIX":null,"FIPS":"5005"}},
{"type":"Feature","id":257460,"geometry":{"type":"Point","coordinates":[-71.9747155012446,44.3428282825162]},"properties":{"OBJECTID":257460,"SEGMENTID":62031,"ESITEID":275891,"GEONAMEID":22346,"PD":" ","PT":" ","SN":"LOWER WATERFORD","ST":"RD","SD":" ","PRIMARYNAME":"LOWER WATERFORD RD","ALIAS1":null,"ALIAS2":null,"ALIAS3":null,"ALIAS4":null,"ALIAS5":"5\/12\/2015 7:29:44 PM","PRIMARYADDRESS":"3945 LOWER WATERFORD RD","SITETYPE":"SINGLE FAMILY DWELLING","TOWNNAME":"WATERFORD","MCODE":721,"ESN":300,"ZIP":"05819","PARCELNUM":"851.","GPSX":-71.97471448,"GPSY":44.34281927,"MAPYEAR":"Thu, 01 Jan 1998 00:00:00 GMT","UPDATEDATE":"Fri, 27 Jan 2023 21:23:08 GMT","STATE":"VT","FIPS8":5005,"SPAN":"699-222-10620","SUBTYPE":null,"GlobalID_1":"73d80b4b-1790-46ae-812b-71e4c05b41ca","UNITCOUNT":1,"PRIMARYADD1":"3945 LOWER WATERFORD RD WATERFORD","PRIMARYADD2":"3945 LOWER WATERFORD RD WATERFORD VT 05819","SITETYPE_MULTI1":null,"SITETYPE_MULTI2":null,"SITETYPE_MULTI3":null,"SITETYPE_MULTI4":null,"SITETYPE_MULTI5":null,"COUNTY":"CALEDONIA","COUNTRY":"US","SOURCEOFDATA":"Vermont Enhanced 911 Board","DRIVEWAYID":null,"ESZ":"00300","HOUSE_NUMBER":3945,"HOUSE_NUMBERSUFFIX":null,"HOUSE_NUMBERPREFIX":null,"FIPS":"5005"}},
{"type":"Feature","id":35387,"geometry":{"type":"Point","coordinates":[-71.9105940780977,44.3537392698084]},"properties":{"OBJECTID":35387,"SEGMENTID":24886,"ESITEID":275892,"GEONAMEID":22346,"PD":" ","PT":" ","SN":"LOWER WATERFORD","ST":"RD","SD":" ","PRIMARYNAME":"LOWER WATERFORD RD","ALIAS1":null,"ALIAS2":null,"ALIAS3":null,"ALIAS4":null,"ALIAS5":"5\/12\/2015 7:29:44 PM","PRIMARYADDRESS":"225 LOWER WATERFORD RD","SITETYPE":"SINGLE FAMILY DWELLING","TOWNNAME":"WATERFORD","MCODE":721,"ESN":300,"ZIP":"05819","PARCELNUM":"326.","GPSX":-71.91059308,"GPSY":44.35373025,"MAPYEAR":"Thu, 01 Jan 1998 00:00:00 GMT","UPDATEDATE":"Fri, 27 Jan 2023 21:23:08 GMT","STATE":"VT","FIPS8":5005,"SPAN":"699-222-10321","SUBTYPE":null,"GlobalID_1":"ec73c817-63b6-4444-b093-e4d9993ed72b","UNITCOUNT":1,"PRIMARYADD1":"225 LOWER WATERFORD RD WATERFORD","PRIMARYADD2":"225 LOWER WATERFORD RD WATERFORD VT 05819","SITETYPE_MULTI1":null,"SITETYPE_MULTI2":null,"SITETYPE_MULTI3":null,"SITETYPE_MULTI4":null,"SITETYPE_MULTI5":null,"COUNTY":"CALEDONIA","COUNTRY":"US","SOURCEOFDATA":"Vermont Enhanced 911 Board","DRIVEWAYID":null,"ESZ":"00300","HOUSE_NUMBER":225,"HOUSE_NUMBERSUFFIX":null,"HOUSE_NUMBERPREFIX":null,"FIPS":"5005"}},
{"type":"Feature","id":202468,"geometry":{"type":"Point","coordinates":[-71.9052751359169,44.4039678341943]},"properties":{"OBJECTID":202468,"SEGMENTID":50843,"ESITEID":275893,"GEONAMEID":22312,"PD":" ","PT":"","SN":"LAWRENCE","ST":"RD","SD":"","PRIMARYNAME":"LAWRENCE RD","ALIAS1":null,"ALIAS2":null,"ALIAS3":null,"ALIAS4":null,"ALIAS5":"12\/28\/2018 11:01:08 AM","PRIMARYADDRESS":"1285 LAWRENCE RD","SITETYPE":"SINGLE FAMILY DWELLING","TOWNNAME":"WATERFORD","MCODE":721,"ESN":300,"ZIP":"05819","PARCELNUM":"635.","GPSX":-71.90527414,"GPSY":44.40395881,"MAPYEAR":"Thu, 01 Jan 1998 00:00:00 GMT","UPDATEDATE":"Fri, 27 Jan 2023 21:28:48 GMT","STATE":"VT","FIPS8":5005,"SPAN":"699-222-10469","SUBTYPE":null,"GlobalID_1":"bfe6a79b-32be-4173-b14d-39faeae7dc05","UNITCOUNT":1,"PRIMARYADD1":"1285 LAWRENCE RD WATERFORD","PRIMARYADD2":"1285 LAWRENCE RD WATERFORD VT 05819","SITETYPE_MULTI1":null,"SITETYPE_MULTI2":null,"SITETYPE_MULTI3":null,"SITETYPE_MULTI4":null,"SITETYPE_MULTI5":null,"COUNTY":"CALEDONIA","COUNTRY":"US","SOURCEOFDATA":"Vermont Enhanced 911 Board","DRIVEWAYID":null,"ESZ":"00300","HOUSE_NUMBER":1285,"HOUSE_NUMBERSUFFIX":null,"HOUSE_NUMBERPREFIX":null,"FIPS":"5005"}},
{"type":"Feature","id":26659,"geometry":{"type":"Point","coordinates":[-71.9261071532045,44.4013742067668]},"properties":{"OBJECTID":26659,"SEGMENTID":50841,"ESITEID":275894,"GEONAMEID":22326,"PD":" ","PT":" ","SN":"DUCK POND","ST":"RD","SD":" ","PRIMARYNAME":"DUCK POND RD  ","ALIAS1":null,"ALIAS2":null,"ALIAS3":null,"ALIAS4":null,"ALIAS5":"6\/21\/2022 1:22:33 PM","PRIMARYADDRESS":"175 DUCK POND RD","SITETYPE":"COMMERCIAL","TOWNNAME":"WATERFORD","MCODE":721,"ESN":300,"ZIP":"05819","PARCELNUM":"845.1","GPSX":-71.92610615,"GPSY":44.40136519,"MAPYEAR":"Thu, 01 Jan 1998 00:00:00 GMT","UPDATEDATE":"Fri, 27 Jan 2023 21:28:52 GMT","STATE":"VT","FIPS8":5005,"SPAN":"699-222-10700","SUBTYPE":null,"GlobalID_1":"a221a973-94b7-42d9-a902-ae48b35c4ecc","UNITCOUNT":1,"PRIMARYADD1":"175 DUCK POND RD WATERFORD","PRIMARYADD2":"175 DUCK POND RD WATERFORD VT 05819","SITETYPE_MULTI1":null,"SITETYPE_MULTI2":null,"SITETYPE_MULTI3":null,"SITETYPE_MULTI4":null,"SITETYPE_MULTI5":null,"COUNTY":"CALEDONIA","COUNTRY":"US","SOURCEOFDATA":"Vermont Enhanced 911 Board","DRIVEWAYID":null,"ESZ":"00300","HOUSE_NUMBER":175,"HOUSE_NUMBERSUFFIX":null,"HOUSE_NUMBERPREFIX":null,"FIPS":"5005"}},
{"type":"Feature","id":4936,"geometry":{"type":"Point","coordinates":[-71.9825670661824,44.3406182748759]},"properties":{"OBJECTID":4936,"SEGMENTID":25647,"ESITEID":275895,"GEONAMEID":22323,"PD":" ","PT":" ","SN":"COPENHAGEN","ST":"RD","SD":" ","PRIMARYNAME":"COPENHAGEN RD  ","ALIAS1":null,"ALIAS2":null,"ALIAS3":null,"ALIAS4":null,"ALIAS5":"5\/12\/2015 7:30:02 PM","PRIMARYADDRESS":"1308 COPENHAGEN RD","SITETYPE":"SINGLE FAMILY DWELLING","TOWNNAME":"WATERFORD","MCODE":721,"ESN":300,"ZIP":"05819","PARCELNUM":"416.","GPSX":-71.98256604,"GPSY":44.34060926,"MAPYEAR":"Thu, 01 Jan 1998 00:00:00 GMT","UPDATEDATE":"Fri, 27 Jan 2023 21:28:50 GMT","STATE":"VT","FIPS8":5005,"SPAN":"699-222-10230","SUBTYPE":null,"GlobalID_1":"0ba8990f-6c26-40d6-bb44-0608f63057c5","UNITCOUNT":1,"PRIMARYADD1":"1308 COPENHAGEN RD WATERFORD","PRIMARYADD2":"1308 COPENHAGEN RD WATERFORD VT 05819","SITETYPE_MULTI1":null,"SITETYPE_MULTI2":null,"SITETYPE_MULTI3":null,"SITETYPE_MULTI4":null,"SITETYPE_MULTI5":null,"COUNTY":"CALEDONIA","COUNTRY":"US","SOURCEOFDATA":"Vermont Enhanced 911 Board","DRIVEWAYID":null,"ESZ":"00300","HOUSE_NUMBER":1308,"HOUSE_NUMBERSUFFIX":null,"HOUSE_NUMBERPREFIX":null,"FIPS":"5005"}},
{"type":"Feature","id":275705,"geometry":{"type":"Point","coordinates":[-71.9516611675374,44.3612646590937]},"properties":{"OBJECTID":275705,"SEGMENTID":17354,"ESITEID":275896,"GEONAMEID":22326,"PD":" ","PT":" ","SN":"DUCK POND","ST":"RD","SD":" ","PRIMARYNAME":"DUCK POND RD  ","ALIAS1":null,"ALIAS2":null,"ALIAS3":null,"ALIAS4":null,"ALIAS5":"5\/12\/2015 7:30:02 PM","PRIMARYADDRESS":"4058 DUCK POND RD","SITETYPE":"SINGLE FAMILY DWELLING","TOWNNAME":"WATERFORD","MCODE":721,"ESN":300,"ZIP":"05819","PARCELNUM":"705.1","GPSX":-71.95166015,"GPSY":44.36125564,"MAPYEAR":"Thu, 01 Jan 1998 00:00:00 GMT","UPDATEDATE":"Fri, 27 Jan 2023 21:28:52 GMT","STATE":"VT","FIPS8":5005,"SPAN":"699-222-10830","SUBTYPE":null,"GlobalID_1":"37838674-79d9-4bca-97d5-ca6753da6907","UNITCOUNT":1,"PRIMARYADD1":"4058 DUCK POND RD WATERFORD","PRIMARYADD2":"4058 DUCK POND RD WATERFORD VT 05819","SITETYPE_MULTI1":null,"SITETYPE_MULTI2":null,"SITETYPE_MULTI3":null,"SITETYPE_MULTI4":null,"SITETYPE_MULTI5":null,"COUNTY":"CALEDONIA","COUNTRY":"US","SOURCEOFDATA":"Vermont Enhanced 911 Board","DRIVEWAYID":null,"ESZ":"00300","HOUSE_NUMBER":4058,"HOUSE_NUMBERSUFFIX":null,"HOUSE_NUMBERPREFIX":null,"FIPS":"5005"}},
{"type":"Feature","id":188257,"geometry":{"type":"Point","coordinates":[-71.9518274381459,44.3608025529449]},"properties":{"OBJECTID":188257,"SEGMENTID":17354,"ESITEID":275897,"GEONAMEID":22326,"PD":" ","PT":" ","SN":"DUCK POND","ST":"RD","SD":" ","PRIMARYNAME":"DUCK POND RD  ","ALIAS1":null,"ALIAS2":null,"ALIAS3":null,"ALIAS4":null,"ALIAS5":"5\/12\/2015 7:30:02 PM","PRIMARYADDRESS":"4096 DUCK POND RD","SITETYPE":"INDUSTRIAL","TOWNNAME":"WATERFORD","MCODE":721,"ESN":300,"ZIP":"05819","PARCELNUM":"901.3","GPSX":-71.95182643,"GPSY":44.36079354,"MAPYEAR":"Thu, 01 Jan 1998 00:00:00 GMT","UPDATEDATE":"Mon, 16 Dec 2024 10:10:49 GMT","STATE":"VT","FIPS8":5005,"SPAN":"699-222-10927","SUBTYPE":null,"GlobalID_1":"00c0ffcf-e92c-4923-9bba-65237fa4581b","UNITCOUNT":1,"PRIMARYADD1":"4096 DUCK POND RD WATERFORD","PRIMARYADD2":"4096 DUCK POND RD WATERFORD VT 05819","SITETYPE_MULTI1":null,"SITETYPE_MULTI2":null,"SITETYPE_MULTI3":null,"SITETYPE_MULTI4":null,"SITETYPE_MULTI5":null,"COUNTY":"CALEDONIA","COUNTRY":"US","SOURCEOFDATA":"Vermont Enhanced 911 Board","DRIVEWAYID":null,"ESZ":"00300","HOUSE_NUMBER":4096,"HOUSE_NUMBERSUFFIX":null,"HOUSE_NUMBERPREFIX":null,"FIPS":"5005"}},
{"type":"Feature","id":12900,"geometry":{"type":"Point","coordinates":[-71.9532179698074,44.3590429118489]},"properties":{"OBJECTID":12900,"SEGMENTID":17354,"ESITEID":275898,"GEONAMEID":22326,"PD":" ","PT":" ","SN":"DUCK POND","ST":"RD","SD":" ","PRIMARYNAME":"DUCK POND RD  ","ALIAS1":null,"ALIAS2":null,"ALIAS3":null,"ALIAS4":null,"ALIAS5":"5\/12\/2015 7:30:02 PM","PRIMARYADDRESS":"4235 DUCK POND RD","SITETYPE":"SINGLE FAMILY DWELLING","TOWNNAME":"WATERFORD","MCODE":721,"ESN":300,"ZIP":"05819","PARCELNUM":"052.","GPSX":-71.95321695,"GPSY":44.35903389,"MAPYEAR":"Thu, 01 Jan 1998 00:00:00 GMT","UPDATEDATE":"Fri, 27 Jan 2023 21:28:52 GMT","STATE":"VT","FIPS8":5005,"SPAN":"699-222-10051","SUBTYPE":null,"GlobalID_1":"47f8bd60-d7dd-4cae-8edb-4123a35c58f4","UNITCOUNT":1,"PRIMARYADD1":"4235 DUCK POND RD WATERFORD","PRIMARYADD2":"4235 DUCK POND RD WATERFORD VT 05819","SITETYPE_MULTI1":null,"SITETYPE_MULTI2":null,"SITETYPE_MULTI3":null,"SITETYPE_MULTI4":null,"SITETYPE_MULTI5":null,"COUNTY":"CALEDONIA","COUNTRY":"US","SOURCEOFDATA":"Vermont Enhanced 911 Board","DRIVEWAYID":null,"ESZ":"00300","HOUSE_NUMBER":4235,"HOUSE_NUMBERSUFFIX":null,"HOUSE_NUMBERPREFIX":null,"FIPS":"5005"}},
{"type":"Feature","id":111509,"geometry":{"type":"Point","coordinates":[-71.9343974347658,44.3425881219214]},"properties":{"OBJECTID":111509,"SEGMENTID":24886,"ESITEID":275899,"GEONAMEID":22346,"PD":" ","PT":" ","SN":"LOWER WATERFORD","ST":"RD","SD":" ","PRIMARYNAME":"LOWER WATERFORD RD","ALIAS1":null,"ALIAS2":null,"ALIAS3":null,"ALIAS4":null,"ALIAS5":"5\/12\/2015 7:29:44 PM","PRIMARYADDRESS":"1640 LOWER WATERFORD RD","SITETYPE":"SINGLE FAMILY DWELLING","TOWNNAME":"WATERFORD","MCODE":721,"ESN":300,"ZIP":"05819","PARCELNUM":"309.2","GPSX":-71.93439643,"GPSY":44.34257911,"MAPYEAR":"Thu, 01 Jan 1998 00:00:00 GMT","UPDATEDATE":"Fri, 27 Jan 2023 21:23:08 GMT","STATE":"VT","FIPS8":5005,"SPAN":"699-222-10108","SUBTYPE":null,"GlobalID_1":"2bf779ce-832b-46cf-9133-204708975315","UNITCOUNT":1,"PRIMARYADD1":"1640 LOWER WATERFORD RD WATERFORD","PRIMARYADD2":"1640 LOWER WATERFORD RD WATERFORD VT 05819","SITETYPE_MULTI1":null,"SITETYPE_MULTI2":null,"SITETYPE_MULTI3":null,"SITETYPE_MULTI4":null,"SITETYPE_MULTI5":null,"COUNTY":"CALEDONIA","COUNTRY":"US","SOURCEOFDATA":"Vermont Enhanced 911 Board","DRIVEWAYID":null,"ESZ":"00300","HOUSE_NUMBER":1640,"HOUSE_NUMBERSUFFIX":null,"HOUSE_NUMBERPREFIX":null,"FIPS":"5005"}},
{"type":"Feature","id":6432,"geometry":{"type":"Point","coordinates":[-71.9354545460685,44.342065211611]},"properties":{"OBJECTID":6432,"SEGMENTID":24886,"ESITEID":275900,"GEONAMEID":22346,"PD":" ","PT":" ","SN":"LOWER WATERFORD","ST":"RD","SD":" ","PRIMARYNAME":"LOWER WATERFORD RD","ALIAS1":null,"ALIAS2":null,"ALIAS3":null,"ALIAS4":null,"ALIAS5":"5\/12\/2015 7:29:44 PM","PRIMARYADDRESS":"1718 LOWER WATERFORD RD","SITETYPE":"SINGLE FAMILY DWELLING","TOWNNAME":"WATERFORD","MCODE":721,"ESN":300,"ZIP":"05819","PARCELNUM":"303.","GPSX":-71.93545354,"GPSY":44.3420562,"MAPYEAR":"Thu, 01 Jan 1998 00:00:00 GMT","UPDATEDATE":"Thu, 29 May 2025 12:24:59 GMT","STATE":"VT","FIPS8":5005,"SPAN":"699-222-10106","SUBTYPE":null,"GlobalID_1":"406ab8dc-b41b-4ba4-9e3d-3dffc957a376","UNITCOUNT":1,"PRIMARYADD1":"1718 LOWER WATERFORD RD WATERFORD","PRIMARYADD2":"1718 LOWER WATERFORD RD WATERFORD VT 05819","SITETYPE_MULTI1":null,"SITETYPE_MULTI2":null,"SITETYPE_MULTI3":null,"SITETYPE_MULTI4":null,"SITETYPE_MULTI5":null,"COUNTY":"CALEDONIA","COUNTRY":"US","SOURCEOFDATA":"Vermont Enhanced 911 Board","DRIVEWAYID":null,"ESZ":"00300","HOUSE_NUMBER":1718,"HOUSE_NUMBERSUFFIX":null,"HOUSE_NUMBERPREFIX":null,"FIPS":"5005"}},
{"type":"Feature","id":311840,"geometry":{"type":"Point","coordinates":[-71.9389162670318,44.3404084671945]},"properties":{"OBJECTID":311840,"SEGMENTID":24886,"ESITEID":275901,"GEONAMEID":22346,"PD":" ","PT":" ","SN":"LOWER WATERFORD","ST":"RD","SD":" ","PRIMARYNAME":"LOWER WATERFORD RD","ALIAS1":null,"ALIAS2":null,"ALIAS3":null,"ALIAS4":null,"ALIAS5":"5\/12\/2015 7:29:44 PM","PRIMARYADDRESS":"1944 LOWER WATERFORD RD","SITETYPE":"SINGLE FAMILY DWELLING","TOWNNAME":"WATERFORD","MCODE":721,"ESN":300,"ZIP":"05819","PARCELNUM":"830.","GPSX":-71.93891526,"GPSY":44.34039945,"MAPYEAR":"Thu, 01 Jan 1998 00:00:00 GMT","UPDATEDATE":"Fri, 27 Jan 2023 21:23:08 GMT","STATE":"VT","FIPS8":5005,"SPAN":"699-222-10613","SUBTYPE":null,"GlobalID_1":"a5d9aac3-772b-42f0-ac3e-979fdbb3cf28","UNITCOUNT":1,"PRIMARYADD1":"1944 LOWER WATERFORD RD WATERFORD","PRIMARYADD2":"1944 LOWER WATERFORD RD WATERFORD VT 05819","SITETYPE_MULTI1":null,"SITETYPE_MULTI2":null,"SITETYPE_MULTI3":null,"SITETYPE_MULTI4":null,"SITETYPE_MULTI5":null,"COUNTY":"CALEDONIA","COUNTRY":"US","SOURCEOFDATA":"Vermont Enhanced 911 Board","DRIVEWAYID":null,"ESZ":"00300","HOUSE_NUMBER":1944,"HOUSE_NUMBERSUFFIX":null,"HOUSE_NUMBERPREFIX":null,"FIPS":"5005"}},
{"type":"Feature","id":279604,"geometry":{"type":"Point","coordinates":[-71.9551773070086,44.3403554839545]},"properties":{"OBJECTID":279604,"SEGMENTID":9752,"ESITEID":275902,"GEONAMEID":22325,"PD":" ","PT":" ","SN":"CHAMBERLAIN","ST":"LN","SD":" ","PRIMARYNAME":"CHAMBERLAIN LN  ","ALIAS1":null,"ALIAS2":null,"ALIAS3":null,"ALIAS4":null,"ALIAS5":"5\/12\/2015 7:30:02 PM","PRIMARYADDRESS":"25 CHAMBERLAIN LN","SITETYPE":"SINGLE FAMILY DWELLING","TOWNNAME":"WATERFORD","MCODE":721,"ESN":300,"ZIP":"05819","PARCELNUM":"509.","GPSX":-71.9551763,"GPSY":44.34034647,"MAPYEAR":"Thu, 01 Jan 1998 00:00:00 GMT","UPDATEDATE":"Fri, 07 Apr 2023 09:09:25 GMT","STATE":"VT","FIPS8":5005,"SPAN":"699-222-10734","SUBTYPE":null,"GlobalID_1":"2b28bd7e-a90e-4fc5-a891-5e612ee136d5","UNITCOUNT":1,"PRIMARYADD1":"25 CHAMBERLAIN LN WATERFORD","PRIMARYADD2":"25 CHAMBERLAIN LN WATERFORD VT 05819","SITETYPE_MULTI1":null,"SITETYPE_MULTI2":null,"SITETYPE_MULTI3":null,"SITETYPE_MULTI4":null,"SITETYPE_MULTI5":null,"COUNTY":"CALEDONIA","COUNTRY":"US","SOURCEOFDATA":"Vermont Enhanced 911 Board","DRIVEWAYID":null,"ESZ":"00300","HOUSE_NUMBER":25,"HOUSE_NUMBERSUFFIX":null,"HOUSE_NUMBERPREFIX":null,"FIPS":"5005"}},
{"type":"Feature","id":320243,"geometry":{"type":"Point","coordinates":[-71.9392706350427,44.4326035999698]},"properties":{"OBJECTID":320243,"SEGMENTID":86013,"ESITEID":275903,"GEONAMEID":22304,"PD":"E","PT":" ","SN":"VILLAGE","ST":"RD","SD":" ","PRIMARYNAME":"E VILLAGE RD  ","ALIAS1":null,"ALIAS2":null,"ALIAS3":null,"ALIAS4":null,"ALIAS5":"11\/21\/2017 12:59:50 PM","PRIMARYADDRESS":"228 E VILLAGE RD","SITETYPE":"SINGLE FAMILY DWELLING","TOWNNAME":"WATERFORD","MCODE":721,"ESN":300,"ZIP":"05819","PARCELNUM":"014.","GPSX":-71.93926962,"GPSY":44.43259457,"MAPYEAR":"Thu, 01 Jan 1998 00:00:00 GMT","UPDATEDATE":"Fri, 27 Jan 2023 21:37:35 GMT","STATE":"VT","FIPS8":5005,"SPAN":"699-222-10016","SUBTYPE":null,"GlobalID_1":"99be21b7-17ec-490a-aff2-10fbdc1af4ba","UNITCOUNT":1,"PRIMARYADD1":"228 E VILLAGE RD WATERFORD","PRIMARYADD2":"228 E VILLAGE RD WATERFORD VT 05819","SITETYPE_MULTI1":null,"SITETYPE_MULTI2":null,"SITETYPE_MULTI3":null,"SITETYPE_MULTI4":null,"SITETYPE_MULTI5":null,"COUNTY":"CALEDONIA","COUNTRY":"US","SOURCEOFDATA":"Vermont Enhanced 911 Board","DRIVEWAYID":null,"ESZ":"00300","HOUSE_NUMBER":228,"HOUSE_NUMBERSUFFIX":null,"HOUSE_NUMBERPREFIX":null,"FIPS":"5005"}},
{"type":"Feature","id":46160,"geometry":{"type":"Point","coordinates":[-71.897662145781,44.3769198135576]},"properties":{"OBJECTID":46160,"SEGMENTID":411156,"ESITEID":275904,"GEONAMEID":25224,"PD":"","PT":"","SN":"FREEMAN","ST":"RD","SD":"","PRIMARYNAME":"FREEMAN RD","ALIAS1":null,"ALIAS2":null,"ALIAS3":null,"ALIAS4":null,"ALIAS5":"12\/28\/2018 10:49:45 AM","PRIMARYADDRESS":"54 FREEMAN RD","SITETYPE":"SINGLE FAMILY DWELLING","TOWNNAME":"WATERFORD","MCODE":721,"ESN":300,"ZIP":"05819","PARCELNUM":"604.","GPSX":-71.89766115,"GPSY":44.3769108,"MAPYEAR":"Thu, 01 Jan 1998 00:00:00 GMT","UPDATEDATE":"Fri, 27 Jan 2023 22:17:24 GMT","STATE":"VT","FIPS8":5005,"SPAN":"699-222-10431","SUBTYPE":null,"GlobalID_1":"4ee93957-ca67-4d93-828c-2ca280881534","UNITCOUNT":1,"PRIMARYADD1":"54 FREEMAN RD WATERFORD","PRIMARYADD2":"54 FREEMAN RD WATERFORD VT 05819","SITETYPE_MULTI1":null,"SITETYPE_MULTI2":null,"SITETYPE_MULTI3":null,"SITETYPE_MULTI4":null,"SITETYPE_MULTI5":null,"COUNTY":"CALEDONIA","COUNTRY":"US","SOURCEOFDATA":"Vermont Enhanced 911 Board","DRIVEWAYID":null,"ESZ":"00300","HOUSE_NUMBER":54,"HOUSE_NUMBERSUFFIX":null,"HOUSE_NUMBERPREFIX":null,"FIPS":"5005"}},
{"type":"Feature","id":43139,"geometry":{"type":"Point","coordinates":[-71.9369277448188,44.341533388915]},"properties":{"OBJECTID":43139,"SEGMENTID":24886,"ESITEID":275905,"GEONAMEID":22346,"PD":" ","PT":" ","SN":"LOWER WATERFORD","ST":"RD","SD":" ","PRIMARYNAME":"LOWER WATERFORD RD","ALIAS1":null,"ALIAS2":null,"ALIAS3":null,"ALIAS4":null,"ALIAS5":"5\/12\/2015 7:29:44 PM","PRIMARYADDRESS":"1794 LOWER WATERFORD RD","SITETYPE":"SINGLE FAMILY DWELLING","TOWNNAME":"WATERFORD","MCODE":721,"ESN":300,"ZIP":"05819","PARCELNUM":"309.1","GPSX":-71.93692673,"GPSY":44.34152437,"MAPYEAR":"Thu, 01 Jan 1998 00:00:00 GMT","UPDATEDATE":"Fri, 27 Jan 2023 21:23:08 GMT","STATE":"VT","FIPS8":5005,"SPAN":"699-222-10105","SUBTYPE":null,"GlobalID_1":"bc477e0e-5f9b-4852-bfec-4c03cd545cf5","UNITCOUNT":1,"PRIMARYADD1":"1794 LOWER WATERFORD RD WATERFORD","PRIMARYADD2":"1794 LOWER WATERFORD RD WATERFORD VT 05819","SITETYPE_MULTI1":null,"SITETYPE_MULTI2":null,"SITETYPE_MULTI3":null,"SITETYPE_MULTI4":null,"SITETYPE_MULTI5":null,"COUNTY":"CALEDONIA","COUNTRY":"US","SOURCEOFDATA":"Vermont Enhanced 911 Board","DRIVEWAYID":null,"ESZ":"00300","HOUSE_NUMBER":1794,"HOUSE_NUMBERSUFFIX":null,"HOUSE_NUMBERPREFIX":null,"FIPS":"5005"}},
{"type":"Feature","id":265769,"geometry":{"type":"Point","coordinates":[-71.9519707241844,44.3597152744082]},"properties":{"OBJECTID":265769,"SEGMENTID":17354,"ESITEID":275906,"GEONAMEID":22326,"PD":" ","PT":" ","SN":"DUCK POND","ST":"RD","SD":" ","PRIMARYNAME":"DUCK POND RD  ","ALIAS1":null,"ALIAS2":null,"ALIAS3":null,"ALIAS4":null,"ALIAS5":"5\/12\/2015 7:30:02 PM","PRIMARYADDRESS":"4159 DUCK POND RD","SITETYPE":"SINGLE FAMILY DWELLING","TOWNNAME":"WATERFORD","MCODE":721,"ESN":300,"ZIP":"05819","PARCELNUM":"790.","GPSX":-71.95196971,"GPSY":44.35970626,"MAPYEAR":"Thu, 01 Jan 1998 00:00:00 GMT","UPDATEDATE":"Fri, 27 Jan 2023 21:28:52 GMT","STATE":"VT","FIPS8":5005,"SPAN":"699-222-10022","SUBTYPE":null,"GlobalID_1":"bd26069b-1c72-4412-a637-37680b2b9192","UNITCOUNT":1,"PRIMARYADD1":"4159 DUCK POND RD WATERFORD","PRIMARYADD2":"4159 DUCK POND RD WATERFORD VT 05819","SITETYPE_MULTI1":null,"SITETYPE_MULTI2":null,"SITETYPE_MULTI3":null,"SITETYPE_MULTI4":null,"SITETYPE_MULTI5":null,"COUNTY":"CALEDONIA","COUNTRY":"US","SOURCEOFDATA":"Vermont Enhanced 911 Board","DRIVEWAYID":null,"ESZ":"00300","HOUSE_NUMBER":4159,"HOUSE_NUMBERSUFFIX":null,"HOUSE_NUMBERPREFIX":null,"FIPS":"5005"}},
{"type":"Feature","id":270948,"geometry":{"type":"Point","coordinates":[-71.8847604017715,44.3643869926888]},"properties":{"OBJECTID":270948,"SEGMENTID":35906,"ESITEID":275907,"GEONAMEID":22317,"PD":" ","PT":" ","SN":"HIGH RIDGE","ST":"RD","SD":" ","PRIMARYNAME":"HIGH RIDGE RD  ","ALIAS1":null,"ALIAS2":null,"ALIAS3":null,"ALIAS4":null,"ALIAS5":"12\/28\/2018 10:22:27 AM","PRIMARYADDRESS":"463 HIGH RIDGE RD","SITETYPE":"SINGLE FAMILY DWELLING","TOWNNAME":"WATERFORD","MCODE":721,"ESN":300,"ZIP":"05819","PARCELNUM":"936.","GPSX":-71.88475941,"GPSY":44.36437798,"MAPYEAR":"Thu, 01 Jan 1998 00:00:00 GMT","UPDATEDATE":"Thu, 29 May 2025 12:35:20 GMT","STATE":"VT","FIPS8":5005,"SPAN":"699-222-10253","SUBTYPE":null,"GlobalID_1":"e8f064a3-c6c4-4081-8f62-071ef07ed968","UNITCOUNT":1,"PRIMARYADD1":"463 HIGH RIDGE RD WATERFORD","PRIMARYADD2":"463 HIGH RIDGE RD WATERFORD VT 05819","SITETYPE_MULTI1":null,"SITETYPE_MULTI2":null,"SITETYPE_MULTI3":null,"SITETYPE_MULTI4":null,"SITETYPE_MULTI5":null,"COUNTY":"CALEDONIA","COUNTRY":"US","SOURCEOFDATA":"Vermont Enhanced 911 Board","DRIVEWAYID":null,"ESZ":"00300","HOUSE_NUMBER":463,"HOUSE_NUMBERSUFFIX":null,"HOUSE_NUMBERPREFIX":null,"FIPS":"5005"}},
{"type":"Feature","id":250009,"geometry":{"type":"Point","coordinates":[-71.9730553373074,44.34384901303]},"properties":{"OBJECTID":250009,"SEGMENTID":62031,"ESITEID":275908,"GEONAMEID":22346,"PD":" ","PT":" ","SN":"LOWER WATERFORD","ST":"RD","SD":" ","PRIMARYNAME":"LOWER WATERFORD RD","ALIAS1":null,"ALIAS2":null,"ALIAS3":null,"ALIAS4":null,"ALIAS5":"5\/12\/2015 7:29:44 PM","PRIMARYADDRESS":"3944 LOWER WATERFORD RD","SITETYPE":"SINGLE FAMILY DWELLING","TOWNNAME":"WATERFORD","MCODE":721,"ESN":300,"ZIP":"05819","PARCELNUM":"576.","GPSX":-71.97305431,"GPSY":44.34384,"MAPYEAR":"Thu, 01 Jan 1998 00:00:00 GMT","UPDATEDATE":"Fri, 27 Jan 2023 21:23:08 GMT","STATE":"VT","FIPS8":5005,"SPAN":"699-222-10776","SUBTYPE":null,"GlobalID_1":"e423d757-ed22-43c0-967e-4cdc02b013bf","UNITCOUNT":1,"PRIMARYADD1":"3944 LOWER WATERFORD RD WATERFORD","PRIMARYADD2":"3944 LOWER WATERFORD RD WATERFORD VT 05819","SITETYPE_MULTI1":null,"SITETYPE_MULTI2":null,"SITETYPE_MULTI3":null,"SITETYPE_MULTI4":null,"SITETYPE_MULTI5":null,"COUNTY":"CALEDONIA","COUNTRY":"US","SOURCEOFDATA":"Vermont Enhanced 911 Board","DRIVEWAYID":null,"ESZ":"00300","HOUSE_NUMBER":3944,"HOUSE_NUMBERSUFFIX":null,"HOUSE_NUMBERPREFIX":null,"FIPS":"5005"}},
{"type":"Feature","id":231284,"geometry":{"type":"Point","coordinates":[-71.9503661555423,44.341691336342]},"properties":{"OBJECTID":231284,"SEGMENTID":319,"ESITEID":275909,"GEONAMEID":22346,"PD":"","PT":"","SN":"LOWER WATERFORD","ST":"RD","SD":"","PRIMARYNAME":"LOWER WATERFORD RD","ALIAS1":null,"ALIAS2":null,"ALIAS3":null,"ALIAS4":null,"ALIAS5":"10\/17\/2022 11:51:59 AM","PRIMARYADDRESS":"2546 LOWER WATERFORD RD","SITETYPE":"GATED W\/O BUILDING","TOWNNAME":"WATERFORD","MCODE":721,"ESN":300,"ZIP":"05819","PARCELNUM":"842.","GPSX":-71.95036515,"GPSY":44.34168233,"MAPYEAR":"Thu, 01 Jan 1998 00:00:00 GMT","UPDATEDATE":"Fri, 07 Apr 2023 09:12:03 GMT","STATE":"VT","FIPS8":5005,"SPAN":"699-222-10693","SUBTYPE":null,"GlobalID_1":"aaa2980e-daf1-47d2-b7ef-3bb36691f610","UNITCOUNT":1,"PRIMARYADD1":"2546 LOWER WATERFORD RD WATERFORD","PRIMARYADD2":"2546 LOWER WATERFORD RD WATERFORD VT 05819","SITETYPE_MULTI1":null,"SITETYPE_MULTI2":null,"SITETYPE_MULTI3":null,"SITETYPE_MULTI4":null,"SITETYPE_MULTI5":null,"COUNTY":"CALEDONIA","COUNTRY":"US","SOURCEOFDATA":"Vermont Enhanced 911 Board","DRIVEWAYID":null,"ESZ":"00300","HOUSE_NUMBER":2546,"HOUSE_NUMBERSUFFIX":null,"HOUSE_NUMBERPREFIX":null,"FIPS":"5005"}},
{"type":"Feature","id":129303,"geometry":{"type":"Point","coordinates":[-71.9393628257061,44.4339576926505]},"properties":{"OBJECTID":129303,"SEGMENTID":86013,"ESITEID":275910,"GEONAMEID":22304,"PD":"E","PT":" ","SN":"VILLAGE","ST":"RD","SD":" ","PRIMARYNAME":"E VILLAGE RD  ","ALIAS1":null,"ALIAS2":null,"ALIAS3":null,"ALIAS4":null,"ALIAS5":"11\/21\/2017 12:59:56 PM","PRIMARYADDRESS":"220 E VILLAGE RD","SITETYPE":"SINGLE FAMILY DWELLING","TOWNNAME":"WATERFORD","MCODE":721,"ESN":300,"ZIP":"05819","PARCELNUM":"601.","GPSX":-71.93936181,"GPSY":44.43394867,"MAPYEAR":"Thu, 01 Jan 1998 00:00:00 GMT","UPDATEDATE":"Fri, 27 Jan 2023 21:37:35 GMT","STATE":"VT","FIPS8":5005,"SPAN":"699-222-10427","SUBTYPE":null,"GlobalID_1":"9b5c387d-40fd-45b1-97e9-dbe512c38179","UNITCOUNT":1,"PRIMARYADD1":"220 E VILLAGE RD WATERFORD","PRIMARYADD2":"220 E VILLAGE RD WATERFORD VT 05819","SITETYPE_MULTI1":null,"SITETYPE_MULTI2":null,"SITETYPE_MULTI3":null,"SITETYPE_MULTI4":null,"SITETYPE_MULTI5":null,"COUNTY":"CALEDONIA","COUNTRY":"US","SOURCEOFDATA":"Vermont Enhanced 911 Board","DRIVEWAYID":null,"ESZ":"00300","HOUSE_NUMBER":220,"HOUSE_NUMBERSUFFIX":null,"HOUSE_NUMBERPREFIX":null,"FIPS":"5005"}},
{"type":"Feature","id":13662,"geometry":{"type":"Point","coordinates":[-71.8977511535868,44.3610304679859]},"properties":{"OBJECTID":13662,"SEGMENTID":411131,"ESITEID":275911,"GEONAMEID":1,"PD":"","PT":"","SN":"INTERSTATE 93","ST":"","SD":"N","PRIMARYNAME":"INTERSTATE 93 N","ALIAS1":null,"ALIAS2":null,"ALIAS3":null,"ALIAS4":null,"ALIAS5":"4\/7\/2020 11:23:54 AM","PRIMARYADDRESS":"1270 INTERSTATE 93 N","SITETYPE":"VISITOR \/ INFORMATION CENTER","TOWNNAME":"WATERFORD","MCODE":721,"ESN":300,"ZIP":"05819","PARCELNUM":"609.","GPSX":-71.89775016,"GPSY":44.36102145,"MAPYEAR":"Thu, 01 Jan 1998 00:00:00 GMT","UPDATEDATE":"Sat, 28 Jan 2023 00:04:43 GMT","STATE":"VT","FIPS8":5005,"SPAN":"699-222-10727","SUBTYPE":null,"GlobalID_1":"1a3c74bd-39a3-4087-a53c-717a25308d10","UNITCOUNT":1,"PRIMARYADD1":"1270 INTERSTATE 93 N WATERFORD","PRIMARYADD2":"1270 INTERSTATE 93 N WATERFORD VT 05819","SITETYPE_MULTI1":null,"SITETYPE_MULTI2":null,"SITETYPE_MULTI3":null,"SITETYPE_MULTI4":null,"SITETYPE_MULTI5":null,"COUNTY":"CALEDONIA","COUNTRY":"US","SOURCEOFDATA":"Vermont Enhanced 911 Board","DRIVEWAYID":null,"ESZ":"00300","HOUSE_NUMBER":1270,"HOUSE_NUMBERSUFFIX":null,"HOUSE_NUMBERPREFIX":null,"FIPS":"5005"}},
{"type":"Feature","id":228022,"geometry":{"type":"Point","coordinates":[-71.8812398849562,44.3634952803715]},"properties":{"OBJECTID":228022,"SEGMENTID":9751,"ESITEID":275912,"GEONAMEID":22318,"PD":" ","PT":" ","SN":"FITCHETT","ST":"RD","SD":" ","PRIMARYNAME":"FITCHETT RD  ","ALIAS1":null,"ALIAS2":null,"ALIAS3":null,"ALIAS4":null,"ALIAS5":"12\/28\/2018 10:19:25 AM","PRIMARYADDRESS":"191 FITCHETT RD","SITETYPE":"SINGLE FAMILY DWELLING","TOWNNAME":"WATERFORD","MCODE":721,"ESN":300,"ZIP":"05819","PARCELNUM":"749.2","GPSX":-71.8812389,"GPSY":44.36348626,"MAPYEAR":"Thu, 01 Jan 1998 00:00:00 GMT","UPDATEDATE":"Fri, 27 Jan 2023 21:28:49 GMT","STATE":"VT","FIPS8":5005,"SPAN":"699-222-10753","SUBTYPE":null,"GlobalID_1":"62a27333-5a29-4c83-822a-68d9640da9da","UNITCOUNT":1,"PRIMARYADD1":"191 FITCHETT RD WATERFORD","PRIMARYADD2":"191 FITCHETT RD WATERFORD VT 05819","SITETYPE_MULTI1":null,"SITETYPE_MULTI2":null,"SITETYPE_MULTI3":null,"SITETYPE_MULTI4":null,"SITETYPE_MULTI5":null,"COUNTY":"CALEDONIA","COUNTRY":"US","SOURCEOFDATA":"Vermont Enhanced 911 Board","DRIVEWAYID":null,"ESZ":"00300","HOUSE_NUMBER":191,"HOUSE_NUMBERSUFFIX":null,"HOUSE_NUMBERPREFIX":null,"FIPS":"5005"}},
{"type":"Feature","id":219076,"geometry":{"type":"Point","coordinates":[-71.9433198845863,44.3390947662181]},"properties":{"OBJECTID":219076,"SEGMENTID":24886,"ESITEID":275913,"GEONAMEID":22346,"PD":" ","PT":" ","SN":"LOWER WATERFORD","ST":"RD","SD":" ","PRIMARYNAME":"LOWER WATERFORD RD","ALIAS1":null,"ALIAS2":null,"ALIAS3":null,"ALIAS4":null,"ALIAS5":"5\/12\/2015 7:29:44 PM","PRIMARYADDRESS":"2191 LOWER WATERFORD RD","SITETYPE":"SINGLE FAMILY DWELLING","TOWNNAME":"WATERFORD","MCODE":721,"ESN":300,"ZIP":"05819","PARCELNUM":"994.","GPSX":-71.94331887,"GPSY":44.33908575,"MAPYEAR":"Thu, 01 Jan 1998 00:00:00 GMT","UPDATEDATE":"Fri, 27 Jan 2023 21:23:08 GMT","STATE":"VT","FIPS8":5005,"SPAN":"699-222-10361","SUBTYPE":null,"GlobalID_1":"dacd1177-93bc-4e04-bc7f-ece864a6fb95","UNITCOUNT":1,"PRIMARYADD1":"2191 LOWER WATERFORD RD WATERFORD","PRIMARYADD2":"2191 LOWER WATERFORD RD WATERFORD VT 05819","SITETYPE_MULTI1":null,"SITETYPE_MULTI2":null,"SITETYPE_MULTI3":null,"SITETYPE_MULTI4":null,"SITETYPE_MULTI5":null,"COUNTY":"CALEDONIA","COUNTRY":"US","SOURCEOFDATA":"Vermont Enhanced 911 Board","DRIVEWAYID":null,"ESZ":"00300","HOUSE_NUMBER":2191,"HOUSE_NUMBERSUFFIX":null,"HOUSE_NUMBERPREFIX":null,"FIPS":"5005"}},
{"type":"Feature","id":272532,"geometry":{"type":"Point","coordinates":[-71.9575010832369,44.357565817136]},"properties":{"OBJECTID":272532,"SEGMENTID":10030,"ESITEID":275914,"GEONAMEID":22326,"PD":" ","PT":" ","SN":"DUCK POND","ST":"RD","SD":" ","PRIMARYNAME":"DUCK POND RD  ","ALIAS1":null,"ALIAS2":null,"ALIAS3":null,"ALIAS4":null,"ALIAS5":"1\/6\/2016 1:15:42 PM","PRIMARYADDRESS":"4450 DUCK POND RD","SITETYPE":"SINGLE FAMILY DWELLING","TOWNNAME":"WATERFORD","MCODE":721,"ESN":300,"ZIP":"05819","PARCELNUM":"701.1","GPSX":-71.95750007,"GPSY":44.3575568,"MAPYEAR":"Thu, 01 Jan 1998 00:00:00 GMT","UPDATEDATE":"Fri, 27 Jan 2023 21:28:52 GMT","STATE":"VT","FIPS8":5005,"SPAN":"699-222-10539","SUBTYPE":null,"GlobalID_1":"1adeec4f-7928-445e-8074-cda20c248172","UNITCOUNT":1,"PRIMARYADD1":"4450 DUCK POND RD WATERFORD","PRIMARYADD2":"4450 DUCK POND RD WATERFORD VT 05819","SITETYPE_MULTI1":null,"SITETYPE_MULTI2":null,"SITETYPE_MULTI3":null,"SITETYPE_MULTI4":null,"SITETYPE_MULTI5":null,"COUNTY":"CALEDONIA","COUNTRY":"US","SOURCEOFDATA":"Vermont Enhanced 911 Board","DRIVEWAYID":null,"ESZ":"00300","HOUSE_NUMBER":4450,"HOUSE_NUMBERSUFFIX":null,"HOUSE_NUMBERPREFIX":null,"FIPS":"5005"}},
{"type":"Feature","id":329366,"geometry":{"type":"Point","coordinates":[-71.9412703929001,44.396900220891]},"properties":{"OBJECTID":329366,"SEGMENTID":44409,"ESITEID":275915,"GEONAMEID":27968,"PD":"","PT":"","SN":"KNOTTY","ST":"LN","SD":"","PRIMARYNAME":"KNOTTY LN","ALIAS1":null,"ALIAS2":null,"ALIAS3":null,"ALIAS4":null,"ALIAS5":"8\/11\/2017 12:37:32 PM","PRIMARYADDRESS":"945 KNOTTY LN","SITETYPE":"SINGLE FAMILY DWELLING","TOWNNAME":"WATERFORD","MCODE":721,"ESN":300,"ZIP":"05819","PARCELNUM":"832.","GPSX":-71.94126938,"GPSY":44.3968912,"MAPYEAR":"Thu, 01 Jan 1998 00:00:00 GMT","UPDATEDATE":"Fri, 27 Jan 2023 21:20:05 GMT","STATE":"VT","FIPS8":5005,"SPAN":"699-222-10306","SUBTYPE":null,"GlobalID_1":"cafff28b-8a69-4977-9a55-ad1fbf31906f","UNITCOUNT":1,"PRIMARYADD1":"945 KNOTTY LN WATERFORD","PRIMARYADD2":"945 KNOTTY LN WATERFORD VT 05819","SITETYPE_MULTI1":null,"SITETYPE_MULTI2":null,"SITETYPE_MULTI3":null,"SITETYPE_MULTI4":null,"SITETYPE_MULTI5":null,"COUNTY":"CALEDONIA","COUNTRY":"US","SOURCEOFDATA":"Vermont Enhanced 911 Board","DRIVEWAYID":null,"ESZ":"00300","HOUSE_NUMBER":945,"HOUSE_NUMBERSUFFIX":null,"HOUSE_NUMBERPREFIX":null,"FIPS":"5005"}},
{"type":"Feature","id":296261,"geometry":{"type":"Point","coordinates":[-71.9668332990673,44.3397946348408]},"properties":{"OBJECTID":296261,"SEGMENTID":55248,"ESITEID":275916,"GEONAMEID":25352,"PD":" ","PT":" ","SN":"DEER RUN","ST":"LN","SD":" ","PRIMARYNAME":"DEER RUN LN  ","ALIAS1":null,"ALIAS2":null,"ALIAS3":null,"ALIAS4":null,"ALIAS5":"2\/26\/2016 11:33:36 AM","PRIMARYADDRESS":"183 DEER RUN LN","SITETYPE":"SINGLE FAMILY DWELLING","TOWNNAME":"WATERFORD","MCODE":721,"ESN":300,"ZIP":"05819","PARCELNUM":"296.","GPSX":-71.96683228,"GPSY":44.33978562,"MAPYEAR":"Thu, 01 Jan 1998 00:00:00 GMT","UPDATEDATE":"Thu, 29 May 2025 12:32:56 GMT","STATE":"VT","FIPS8":5005,"SPAN":"699-222-10100","SUBTYPE":null,"GlobalID_1":"f2bf93c2-c9dd-42d0-9a18-9e9a29bd30db","UNITCOUNT":1,"PRIMARYADD1":"183 DEER RUN LN WATERFORD","PRIMARYADD2":"183 DEER RUN LN WATERFORD VT 05819","SITETYPE_MULTI1":null,"SITETYPE_MULTI2":null,"SITETYPE_MULTI3":null,"SITETYPE_MULTI4":null,"SITETYPE_MULTI5":null,"COUNTY":"CALEDONIA","COUNTRY":"US","SOURCEOFDATA":"Vermont Enhanced 911 Board","DRIVEWAYID":null,"ESZ":"00300","HOUSE_NUMBER":183,"HOUSE_NUMBERSUFFIX":null,"HOUSE_NUMBERPREFIX":null,"FIPS":"5005"}},
{"type":"Feature","id":111253,"geometry":{"type":"Point","coordinates":[-71.9545145267692,44.3794120171022]},"properties":{"OBJECTID":111253,"SEGMENTID":47173,"ESITEID":275917,"GEONAMEID":22326,"PD":" ","PT":" ","SN":"DUCK POND","ST":"RD","SD":" ","PRIMARYNAME":"DUCK POND RD  ","ALIAS1":null,"ALIAS2":null,"ALIAS3":null,"ALIAS4":null,"ALIAS5":"2\/26\/2016 11:32:56 AM","PRIMARYADDRESS":"2661 DUCK POND RD","SITETYPE":"FIRE STATION","TOWNNAME":"WATERFORD","MCODE":721,"ESN":300,"ZIP":"05819","PARCELNUM":"454.2","GPSX":-71.95451351,"GPSY":44.379403,"MAPYEAR":"Thu, 01 Jan 1998 00:00:00 GMT","UPDATEDATE":"Fri, 27 Jan 2023 21:28:52 GMT","STATE":"VT","FIPS8":5005,"SPAN":"699-222-10822","SUBTYPE":null,"GlobalID_1":"678c9a31-5055-4579-869c-316c14cbed35","UNITCOUNT":1,"PRIMARYADD1":"2661 DUCK POND RD WATERFORD","PRIMARYADD2":"2661 DUCK POND RD WATERFORD VT 05819","SITETYPE_MULTI1":null,"SITETYPE_MULTI2":null,"SITETYPE_MULTI3":null,"SITETYPE_MULTI4":null,"SITETYPE_MULTI5":null,"COUNTY":"CALEDONIA","COUNTRY":"US","SOURCEOFDATA":"Vermont Enhanced 911 Board","DRIVEWAYID":null,"ESZ":"00300","HOUSE_NUMBER":2661,"HOUSE_NUMBERSUFFIX":null,"HOUSE_NUMBERPREFIX":null,"FIPS":"5005"}},
{"type":"Feature","id":256603,"geometry":{"type":"Point","coordinates":[-71.9379990074359,44.4350428543165]},"properties":{"OBJECTID":256603,"SEGMENTID":86013,"ESITEID":275918,"GEONAMEID":22304,"PD":"E","PT":" ","SN":"VILLAGE","ST":"RD","SD":" ","PRIMARYNAME":"E VILLAGE RD  ","ALIAS1":null,"ALIAS2":null,"ALIAS3":null,"ALIAS4":null,"ALIAS5":"2\/26\/2016 11:33:42 AM","PRIMARYADDRESS":"199 E VILLAGE RD","SITETYPE":"SINGLE FAMILY DWELLING","TOWNNAME":"WATERFORD","MCODE":721,"ESN":300,"ZIP":"05819","PARCELNUM":"468.","GPSX":-71.93799799,"GPSY":44.43503382,"MAPYEAR":"Thu, 01 Jan 1998 00:00:00 GMT","UPDATEDATE":"Fri, 27 Jan 2023 21:37:35 GMT","STATE":"VT","FIPS8":5005,"SPAN":"699-222-10157","SUBTYPE":null,"GlobalID_1":"9b5cc645-e11e-4b6c-98a9-fac2abde21f8","UNITCOUNT":1,"PRIMARYADD1":"199 E VILLAGE RD WATERFORD","PRIMARYADD2":"199 E VILLAGE RD WATERFORD VT 05819","SITETYPE_MULTI1":null,"SITETYPE_MULTI2":null,"SITETYPE_MULTI3":null,"SITETYPE_MULTI4":null,"SITETYPE_MULTI5":null,"COUNTY":"CALEDONIA","COUNTRY":"US","SOURCEOFDATA":"Vermont Enhanced 911 Board","DRIVEWAYID":null,"ESZ":"00300","HOUSE_NUMBER":199,"HOUSE_NUMBERSUFFIX":null,"HOUSE_NUMBERPREFIX":null,"FIPS":"5005"}},
{"type":"Feature","id":130351,"geometry":{"type":"Point","coordinates":[-71.8952246070334,44.3479496611913]},"properties":{"OBJECTID":130351,"SEGMENTID":64950,"ESITEID":275919,"GEONAMEID":37637,"PD":"","PT":"","SN":"MEMORY TREE","ST":"LN","SD":"","PRIMARYNAME":"MEMORY TREE LN","ALIAS1":null,"ALIAS2":"ROUTE 18","ALIAS3":null,"ALIAS4":null,"ALIAS5":"6\/21\/2022 3:45:51 PM","PRIMARYADDRESS":"105 MEMORY TREE LN","SITETYPE":"SINGLE FAMILY DWELLING","TOWNNAME":"WATERFORD","MCODE":721,"ESN":300,"ZIP":"05819","PARCELNUM":"030.","GPSX":-71.89522362,"GPSY":44.34794065,"MAPYEAR":"Thu, 01 Jan 1998 00:00:00 GMT","UPDATEDATE":"Thu, 29 May 2025 12:23:40 GMT","STATE":"VT","FIPS8":5005,"SPAN":"699-222-10035","SUBTYPE":null,"GlobalID_1":"24a60b82-c534-4181-8ea7-2b4472afad4f","UNITCOUNT":1,"PRIMARYADD1":"105 MEMORY TREE LN WATERFORD","PRIMARYADD2":"105 MEMORY TREE LN WATERFORD VT 05819","SITETYPE_MULTI1":null,"SITETYPE_MULTI2":null,"SITETYPE_MULTI3":null,"SITETYPE_MULTI4":null,"SITETYPE_MULTI5":null,"COUNTY":"CALEDONIA","COUNTRY":"US","SOURCEOFDATA":"Vermont Enhanced 911 Board","DRIVEWAYID":null,"ESZ":"00300","HOUSE_NUMBER":105,"HOUSE_NUMBERSUFFIX":null,"HOUSE_NUMBERPREFIX":null,"FIPS":"5005"}},
{"type":"Feature","id":192765,"geometry":{"type":"Point","coordinates":[-71.8886995172052,44.3605774320998]},"properties":{"OBJECTID":192765,"SEGMENTID":35906,"ESITEID":275920,"GEONAMEID":22317,"PD":" ","PT":" ","SN":"HIGH RIDGE","ST":"RD","SD":" ","PRIMARYNAME":"HIGH RIDGE RD  ","ALIAS1":null,"ALIAS2":null,"ALIAS3":null,"ALIAS4":null,"ALIAS5":"2\/26\/2016 11:32:56 AM","PRIMARYADDRESS":"143 HIGH RIDGE RD","SITETYPE":"SINGLE FAMILY DWELLING","TOWNNAME":"WATERFORD","MCODE":721,"ESN":300,"ZIP":"05819","PARCELNUM":"001.","GPSX":-71.88869852,"GPSY":44.36056841,"MAPYEAR":"Thu, 01 Jan 1998 00:00:00 GMT","UPDATEDATE":"Fri, 27 Jan 2023 21:28:49 GMT","STATE":"VT","FIPS8":5005,"SPAN":"699-222-10774","SUBTYPE":null,"GlobalID_1":"c1d92e1c-6aa9-4c98-ac70-64ce4f27aa17","UNITCOUNT":1,"PRIMARYADD1":"143 HIGH RIDGE RD WATERFORD","PRIMARYADD2":"143 HIGH RIDGE RD WATERFORD VT 05819","SITETYPE_MULTI1":null,"SITETYPE_MULTI2":null,"SITETYPE_MULTI3":null,"SITETYPE_MULTI4":null,"SITETYPE_MULTI5":null,"COUNTY":"CALEDONIA","COUNTRY":"US","SOURCEOFDATA":"Vermont Enhanced 911 Board","DRIVEWAYID":null,"ESZ":"00300","HOUSE_NUMBER":143,"HOUSE_NUMBERSUFFIX":null,"HOUSE_NUMBERPREFIX":null,"FIPS":"5005"}},
{"type":"Feature","id":160871,"geometry":{"type":"Point","coordinates":[-71.9328659307189,44.4226170902183]},"properties":{"OBJECTID":160871,"SEGMENTID":9747,"ESITEID":275921,"GEONAMEID":22305,"PD":" ","PT":" ","SN":"WALSH","ST":"RD","SD":" ","PRIMARYNAME":"WALSH RD","ALIAS1":null,"ALIAS2":null,"ALIAS3":null,"ALIAS4":null,"ALIAS5":"2\/26\/2016 11:32:32 AM","PRIMARYADDRESS":"96 WALSH RD","SITETYPE":"MOBILE HOME","TOWNNAME":"WATERFORD","MCODE":721,"ESN":300,"ZIP":"05819","PARCELNUM":"067.","GPSX":-71.93286492,"GPSY":44.42260806,"MAPYEAR":"Thu, 01 Jan 1998 00:00:00 GMT","UPDATEDATE":"Fri, 27 Jan 2023 21:23:00 GMT","STATE":"VT","FIPS8":5005,"SPAN":"699-222-10034","SUBTYPE":null,"GlobalID_1":"b04afd53-7bd9-4047-a88d-95d2bc8e1ee4","UNITCOUNT":1,"PRIMARYADD1":"96 WALSH RD WATERFORD","PRIMARYADD2":"96 WALSH RD WATERFORD VT 05819","SITETYPE_MULTI1":null,"SITETYPE_MULTI2":null,"SITETYPE_MULTI3":null,"SITETYPE_MULTI4":null,"SITETYPE_MULTI5":null,"COUNTY":"CALEDONIA","COUNTRY":"US","SOURCEOFDATA":"Vermont Enhanced 911 Board","DRIVEWAYID":null,"ESZ":"00300","HOUSE_NUMBER":96,"HOUSE_NUMBERSUFFIX":null,"HOUSE_NUMBERPREFIX":null,"FIPS":"5005"}},
{"type":"Feature","id":10049,"geometry":{"type":"Point","coordinates":[-71.9524606933794,44.3991539328996]},"properties":{"OBJECTID":10049,"SEGMENTID":252306,"ESITEID":275922,"GEONAMEID":22310,"PD":" ","PT":" ","SN":"SLATE LEDGE","ST":"RD","SD":" ","PRIMARYNAME":"SLATE LEDGE RD","ALIAS1":null,"ALIAS2":null,"ALIAS3":null,"ALIAS4":null,"ALIAS5":"5\/12\/2015 7:29:44 PM","PRIMARYADDRESS":"1575 SLATE LEDGE RD","SITETYPE":"MOBILE HOME","TOWNNAME":"WATERFORD","MCODE":721,"ESN":300,"ZIP":"05819","PARCELNUM":"324.","GPSX":-71.95245967,"GPSY":44.39914491,"MAPYEAR":"Thu, 01 Jan 1998 00:00:00 GMT","UPDATEDATE":"Fri, 27 Jan 2023 21:23:01 GMT","STATE":"VT","FIPS8":5005,"SPAN":"699-222-10123","SUBTYPE":null,"GlobalID_1":"1c89eda3-451a-472d-936c-94b82e2ba918","UNITCOUNT":1,"PRIMARYADD1":"1575 SLATE LEDGE RD WATERFORD","PRIMARYADD2":"1575 SLATE LEDGE RD WATERFORD VT 05819","SITETYPE_MULTI1":null,"SITETYPE_MULTI2":null,"SITETYPE_MULTI3":null,"SITETYPE_MULTI4":null,"SITETYPE_MULTI5":null,"COUNTY":"CALEDONIA","COUNTRY":"US","SOURCEOFDATA":"Vermont Enhanced 911 Board","DRIVEWAYID":null,"ESZ":"00300","HOUSE_NUMBER":1575,"HOUSE_NUMBERSUFFIX":null,"HOUSE_NUMBERPREFIX":null,"FIPS":"5005"}},
{"type":"Feature","id":289673,"geometry":{"type":"Point","coordinates":[-71.9673087839003,44.3913316401961]},"properties":{"OBJECTID":289673,"SEGMENTID":28582,"ESITEID":275923,"GEONAMEID":22335,"PD":" ","PT":" ","SN":"DANIELS FARM","ST":"RD","SD":" ","PRIMARYNAME":"DANIELS FARM RD  ","ALIAS1":null,"ALIAS2":null,"ALIAS3":null,"ALIAS4":null,"ALIAS5":"5\/12\/2015 7:30:02 PM","PRIMARYADDRESS":"1304 DANIELS FARM RD","SITETYPE":"SINGLE FAMILY DWELLING","TOWNNAME":"WATERFORD","MCODE":721,"ESN":300,"ZIP":"05819","PARCELNUM":"057.1","GPSX":-71.96730776,"GPSY":44.39132262,"MAPYEAR":"Thu, 01 Jan 1998 00:00:00 GMT","UPDATEDATE":"Fri, 27 Jan 2023 21:28:56 GMT","STATE":"VT","FIPS8":5005,"SPAN":"699-222-10744","SUBTYPE":null,"GlobalID_1":"c9c70152-343e-46b7-ba68-62e6eae5ca26","UNITCOUNT":1,"PRIMARYADD1":"1304 DANIELS FARM RD WATERFORD","PRIMARYADD2":"1304 DANIELS FARM RD WATERFORD VT 05819","SITETYPE_MULTI1":null,"SITETYPE_MULTI2":null,"SITETYPE_MULTI3":null,"SITETYPE_MULTI4":null,"SITETYPE_MULTI5":null,"COUNTY":"CALEDONIA","COUNTRY":"US","SOURCEOFDATA":"Vermont Enhanced 911 Board","DRIVEWAYID":null,"ESZ":"00300","HOUSE_NUMBER":1304,"HOUSE_NUMBERSUFFIX":null,"HOUSE_NUMBERPREFIX":null,"FIPS":"5005"}},
{"type":"Feature","id":32318,"geometry":{"type":"Point","coordinates":[-71.9257202150295,44.4142533923297]},"properties":{"OBJECTID":32318,"SEGMENTID":58583,"ESITEID":275924,"GEONAMEID":22309,"PD":" ","PT":" ","SN":"CROSS","ST":"RD","SD":" ","PRIMARYNAME":"CROSS RD","ALIAS1":null,"ALIAS2":null,"ALIAS3":null,"ALIAS4":null,"ALIAS5":"12\/27\/2018 10:31:20 AM","PRIMARYADDRESS":"426 CROSS RD","SITETYPE":"MULTI-FAMILY DWELLING","TOWNNAME":"WATERFORD","MCODE":721,"ESN":300,"ZIP":"05819","PARCELNUM":"763.1","GPSX":-71.92571921,"GPSY":44.41424437,"MAPYEAR":"Thu, 01 Jan 1998 00:00:00 GMT","UPDATEDATE":"Thu, 29 May 2025 13:49:20 GMT","STATE":"VT","FIPS8":5005,"SPAN":"699-222-10780","SUBTYPE":null,"GlobalID_1":"08d732ad-a552-4a8f-a2bb-85d0c8239781","UNITCOUNT":1,"PRIMARYADD1":"426 CROSS RD WATERFORD","PRIMARYADD2":"426 CROSS RD WATERFORD VT 05819","SITETYPE_MULTI1":null,"SITETYPE_MULTI2":null,"SITETYPE_MULTI3":null,"SITETYPE_MULTI4":null,"SITETYPE_MULTI5":null,"COUNTY":"CALEDONIA","COUNTRY":"US","SOURCEOFDATA":"Vermont Enhanced 911 Board","DRIVEWAYID":null,"ESZ":"00300","HOUSE_NUMBER":426,"HOUSE_NUMBERSUFFIX":null,"HOUSE_NUMBERPREFIX":null,"FIPS":"5005"}},
{"type":"Feature","id":236653,"geometry":{"type":"Point","coordinates":[-71.9673477911531,44.3430277418309]},"properties":{"OBJECTID":236653,"SEGMENTID":55248,"ESITEID":275925,"GEONAMEID":25352,"PD":" ","PT":" ","SN":"DEER RUN","ST":"LN","SD":" ","PRIMARYNAME":"DEER RUN LN  ","ALIAS1":null,"ALIAS2":null,"ALIAS3":null,"ALIAS4":null,"ALIAS5":"2\/26\/2016 11:33:36 AM","PRIMARYADDRESS":"23 DEER RUN LN","SITETYPE":"SINGLE FAMILY DWELLING","TOWNNAME":"WATERFORD","MCODE":721,"ESN":300,"ZIP":"05819","PARCELNUM":"375.","GPSX":-71.96734677,"GPSY":44.34301873,"MAPYEAR":"Thu, 01 Jan 1998 00:00:00 GMT","UPDATEDATE":"Fri, 27 Jan 2023 21:36:46 GMT","STATE":"VT","FIPS8":5005,"SPAN":"699-222-10739","SUBTYPE":null,"GlobalID_1":"78815fc3-53f7-43ac-b601-3a1b49148d01","UNITCOUNT":1,"PRIMARYADD1":"23 DEER RUN LN WATERFORD","PRIMARYADD2":"23 DEER RUN LN WATERFORD VT 05819","SITETYPE_MULTI1":null,"SITETYPE_MULTI2":null,"SITETYPE_MULTI3":null,"SITETYPE_MULTI4":null,"SITETYPE_MULTI5":null,"COUNTY":"CALEDONIA","COUNTRY":"US","SOURCEOFDATA":"Vermont Enhanced 911 Board","DRIVEWAYID":null,"ESZ":"00300","HOUSE_NUMBER":23,"HOUSE_NUMBERSUFFIX":null,"HOUSE_NUMBERPREFIX":null,"FIPS":"5005"}},
{"type":"Feature","id":260202,"geometry":{"type":"Point","coordinates":[-71.9685841302809,44.3417878852536]},"properties":{"OBJECTID":260202,"SEGMENTID":55248,"ESITEID":275926,"GEONAMEID":25352,"PD":" ","PT":" ","SN":"DEER RUN","ST":"LN","SD":" ","PRIMARYNAME":"DEER RUN LN  ","ALIAS1":null,"ALIAS2":null,"ALIAS3":null,"ALIAS4":null,"ALIAS5":"2\/26\/2016 11:33:36 AM","PRIMARYADDRESS":"102 DEER RUN LN","SITETYPE":"SINGLE FAMILY DWELLING","TOWNNAME":"WATERFORD","MCODE":721,"ESN":300,"ZIP":"05819","PARCELNUM":"872.","GPSX":-71.96858311,"GPSY":44.34177887,"MAPYEAR":"Thu, 01 Jan 1998 00:00:00 GMT","UPDATEDATE":"Fri, 27 Jan 2023 21:36:46 GMT","STATE":"VT","FIPS8":5005,"SPAN":"699-222-10089","SUBTYPE":null,"GlobalID_1":"03d1c033-a527-4c75-8315-66bc8568e976","UNITCOUNT":1,"PRIMARYADD1":"102 DEER RUN LN WATERFORD","PRIMARYADD2":"102 DEER RUN LN WATERFORD VT 05819","SITETYPE_MULTI1":null,"SITETYPE_MULTI2":null,"SITETYPE_MULTI3":null,"SITETYPE_MULTI4":null,"SITETYPE_MULTI5":null,"COUNTY":"CALEDONIA","COUNTRY":"US","SOURCEOFDATA":"Vermont Enhanced 911 Board","DRIVEWAYID":null,"ESZ":"00300","HOUSE_NUMBER":102,"HOUSE_NUMBERSUFFIX":null,"HOUSE_NUMBERPREFIX":null,"FIPS":"5005"}},
{"type":"Feature","id":149379,"geometry":{"type":"Point","coordinates":[-71.8760604190152,44.3583441041136]},"properties":{"OBJECTID":149379,"SEGMENTID":36883,"ESITEID":275927,"GEONAMEID":22319,"PD":" ","PT":" ","SN":"SHADOW LAKE","ST":"RD","SD":" ","PRIMARYNAME":"SHADOW LAKE RD  ","ALIAS1":null,"ALIAS2":null,"ALIAS3":null,"ALIAS4":null,"ALIAS5":"5\/12\/2015 7:30:02 PM","PRIMARYADDRESS":"1087 SHADOW LAKE RD","SITETYPE":"SINGLE FAMILY DWELLING","TOWNNAME":"WATERFORD","MCODE":721,"ESN":300,"ZIP":"05819","PARCELNUM":"850.","GPSX":-71.87605943,"GPSY":44.35833508,"MAPYEAR":"Thu, 01 Jan 1998 00:00:00 GMT","UPDATEDATE":"Fri, 27 Jan 2023 21:28:50 GMT","STATE":"VT","FIPS8":5005,"SPAN":"699-222-10175","SUBTYPE":null,"GlobalID_1":"f27371a6-e5f8-40b1-8070-b3bcd111c09c","UNITCOUNT":1,"PRIMARYADD1":"1087 SHADOW LAKE RD WATERFORD","PRIMARYADD2":"1087 SHADOW LAKE RD WATERFORD VT 05819","SITETYPE_MULTI1":null,"SITETYPE_MULTI2":null,"SITETYPE_MULTI3":null,"SITETYPE_MULTI4":null,"SITETYPE_MULTI5":null,"COUNTY":"CALEDONIA","COUNTRY":"US","SOURCEOFDATA":"Vermont Enhanced 911 Board","DRIVEWAYID":null,"ESZ":"00300","HOUSE_NUMBER":1087,"HOUSE_NUMBERSUFFIX":null,"HOUSE_NUMBERPREFIX":null,"FIPS":"5005"}},
{"type":"Feature","id":168380,"geometry":{"type":"Point","coordinates":[-71.9723302207555,44.3488512844259]},"properties":{"OBJECTID":168380,"SEGMENTID":25647,"ESITEID":275928,"GEONAMEID":22323,"PD":" ","PT":" ","SN":"COPENHAGEN","ST":"RD","SD":" ","PRIMARYNAME":"COPENHAGEN RD  ","ALIAS1":null,"ALIAS2":null,"ALIAS3":null,"ALIAS4":null,"ALIAS5":"2\/26\/2016 11:32:56 AM","PRIMARYADDRESS":"594 COPENHAGEN RD","SITETYPE":"SINGLE FAMILY DWELLING","TOWNNAME":"WATERFORD","MCODE":721,"ESN":300,"ZIP":"05819","PARCELNUM":"630.","GPSX":-71.9723292,"GPSY":44.34884227,"MAPYEAR":"Thu, 01 Jan 1998 00:00:00 GMT","UPDATEDATE":"Thu, 29 May 2025 12:33:17 GMT","STATE":"VT","FIPS8":5005,"SPAN":"699-222-10547","SUBTYPE":null,"GlobalID_1":"81137c65-8869-4093-81bf-74885add7df0","UNITCOUNT":1,"PRIMARYADD1":"594 COPENHAGEN RD WATERFORD","PRIMARYADD2":"594 COPENHAGEN RD WATERFORD VT 05819","SITETYPE_MULTI1":null,"SITETYPE_MULTI2":null,"SITETYPE_MULTI3":null,"SITETYPE_MULTI4":null,"SITETYPE_MULTI5":null,"COUNTY":"CALEDONIA","COUNTRY":"US","SOURCEOFDATA":"Vermont Enhanced 911 Board","DRIVEWAYID":null,"ESZ":"00300","HOUSE_NUMBER":594,"HOUSE_NUMBERSUFFIX":null,"HOUSE_NUMBERPREFIX":null,"FIPS":"5005"}},
{"type":"Feature","id":332990,"geometry":{"type":"Point","coordinates":[-71.9498403707773,44.3914895265742]},"properties":{"OBJECTID":332990,"SEGMENTID":59208,"ESITEID":275929,"GEONAMEID":22335,"PD":" ","PT":" ","SN":"DANIELS FARM","ST":"RD","SD":" ","PRIMARYNAME":"DANIELS FARM RD  ","ALIAS1":null,"ALIAS2":null,"ALIAS3":null,"ALIAS4":null,"ALIAS5":"2\/26\/2016 11:32:57 AM","PRIMARYADDRESS":"398 DANIELS FARM RD","SITETYPE":"SINGLE FAMILY DWELLING","TOWNNAME":"WATERFORD","MCODE":721,"ESN":300,"ZIP":"05819","PARCELNUM":"419.","GPSX":-71.94983935,"GPSY":44.3914805,"MAPYEAR":"Thu, 01 Jan 1998 00:00:00 GMT","UPDATEDATE":"Fri, 27 Jan 2023 21:28:56 GMT","STATE":"VT","FIPS8":5005,"SPAN":"699-222-10059","SUBTYPE":null,"GlobalID_1":"46c9d11a-dce8-4d19-8ce5-8307d34d1c2a","UNITCOUNT":1,"PRIMARYADD1":"398 DANIELS FARM RD WATERFORD","PRIMARYADD2":"398 DANIELS FARM RD WATERFORD VT 05819","SITETYPE_MULTI1":null,"SITETYPE_MULTI2":null,"SITETYPE_MULTI3":null,"SITETYPE_MULTI4":null,"SITETYPE_MULTI5":null,"COUNTY":"CALEDONIA","COUNTRY":"US","SOURCEOFDATA":"Vermont Enhanced 911 Board","DRIVEWAYID":null,"ESZ":"00300","HOUSE_NUMBER":398,"HOUSE_NUMBERSUFFIX":null,"HOUSE_NUMBERPREFIX":null,"FIPS":"5005"}},
{"type":"Feature","id":182818,"geometry":{"type":"Point","coordinates":[-71.9311470391702,44.3432763487267]},"properties":{"OBJECTID":182818,"SEGMENTID":24886,"ESITEID":275930,"GEONAMEID":22346,"PD":" ","PT":" ","SN":"LOWER WATERFORD","ST":"RD","SD":" ","PRIMARYNAME":"LOWER WATERFORD RD","ALIAS1":null,"ALIAS2":null,"ALIAS3":null,"ALIAS4":null,"ALIAS5":"5\/12\/2015 7:29:44 PM","PRIMARYADDRESS":"1511 LOWER WATERFORD RD","SITETYPE":"SUBSTATION","TOWNNAME":"WATERFORD","MCODE":721,"ESN":300,"ZIP":"05819","PARCELNUM":"999.3","GPSX":-71.93114603,"GPSY":44.34326733,"MAPYEAR":"Thu, 01 Jan 1998 00:00:00 GMT","UPDATEDATE":"Fri, 27 Jan 2023 21:23:08 GMT","STATE":"VT","FIPS8":5005,"SPAN":"699-222-10985","SUBTYPE":null,"GlobalID_1":"1e603486-db5c-4f7e-9924-ececdc06bcfb","UNITCOUNT":1,"PRIMARYADD1":"1511 LOWER WATERFORD RD WATERFORD","PRIMARYADD2":"1511 LOWER WATERFORD RD WATERFORD VT 05819","SITETYPE_MULTI1":null,"SITETYPE_MULTI2":null,"SITETYPE_MULTI3":null,"SITETYPE_MULTI4":null,"SITETYPE_MULTI5":null,"COUNTY":"CALEDONIA","COUNTRY":"US","SOURCEOFDATA":"Vermont Enhanced 911 Board","DRIVEWAYID":null,"ESZ":"00300","HOUSE_NUMBER":1511,"HOUSE_NUMBERSUFFIX":null,"HOUSE_NUMBERPREFIX":null,"FIPS":"5005"}},
{"type":"Feature","id":12569,"geometry":{"type":"Point","coordinates":[-71.9682373509143,44.344584591995]},"properties":{"OBJECTID":12569,"SEGMENTID":25647,"ESITEID":275931,"GEONAMEID":22323,"PD":" ","PT":" ","SN":"COPENHAGEN","ST":"RD","SD":" ","PRIMARYNAME":"COPENHAGEN RD  ","ALIAS1":null,"ALIAS2":null,"ALIAS3":null,"ALIAS4":null,"ALIAS5":"2\/26\/2016 11:32:56 AM","PRIMARYADDRESS":"314 COPENHAGEN RD","SITETYPE":"SINGLE FAMILY DWELLING","TOWNNAME":"WATERFORD","MCODE":721,"ESN":300,"ZIP":"05819","PARCELNUM":"561.","GPSX":-71.96823633,"GPSY":44.34457558,"MAPYEAR":"Thu, 01 Jan 1998 00:00:00 GMT","UPDATEDATE":"Thu, 29 May 2025 12:32:56 GMT","STATE":"VT","FIPS8":5005,"SPAN":"699-222-10154","SUBTYPE":null,"GlobalID_1":"749a1512-78fd-4014-ae89-02cb0821c7f4","UNITCOUNT":1,"PRIMARYADD1":"314 COPENHAGEN RD WATERFORD","PRIMARYADD2":"314 COPENHAGEN RD WATERFORD VT 05819","SITETYPE_MULTI1":null,"SITETYPE_MULTI2":null,"SITETYPE_MULTI3":null,"SITETYPE_MULTI4":null,"SITETYPE_MULTI5":null,"COUNTY":"CALEDONIA","COUNTRY":"US","SOURCEOFDATA":"Vermont Enhanced 911 Board","DRIVEWAYID":null,"ESZ":"00300","HOUSE_NUMBER":314,"HOUSE_NUMBERSUFFIX":null,"HOUSE_NUMBERPREFIX":null,"FIPS":"5005"}},
{"type":"Feature","id":351050,"geometry":{"type":"Point","coordinates":[-71.8999125290125,44.3828342098996]},"properties":{"OBJECTID":351050,"SEGMENTID":54444,"ESITEID":275932,"GEONAMEID":435570,"PD":"","PT":"","SN":"OLD COUNTY","ST":"RD","SD":"S","PRIMARYNAME":"OLD COUNTY RD S","ALIAS1":null,"ALIAS2":null,"ALIAS3":null,"ALIAS4":null,"ALIAS5":"11\/15\/2016 4:04:54 PM","PRIMARYADDRESS":"1981 OLD COUNTY RD S","SITETYPE":"CAMP","TOWNNAME":"WATERFORD","MCODE":721,"ESN":300,"ZIP":"05819","PARCELNUM":"562.","GPSX":-71.89991153,"GPSY":44.38282519,"MAPYEAR":"Thu, 01 Jan 1998 00:00:00 GMT","UPDATEDATE":"Sat, 28 Jan 2023 00:28:44 GMT","STATE":"VT","FIPS8":5005,"SPAN":"699-222-10392","SUBTYPE":null,"GlobalID_1":"8242ce25-e9a3-42f8-9f7f-ce86ca785304","UNITCOUNT":1,"PRIMARYADD1":"1981 OLD COUNTY RD S WATERFORD","PRIMARYADD2":"1981 OLD COUNTY RD S WATERFORD VT 05819","SITETYPE_MULTI1":null,"SITETYPE_MULTI2":null,"SITETYPE_MULTI3":null,"SITETYPE_MULTI4":null,"SITETYPE_MULTI5":null,"COUNTY":"CALEDONIA","COUNTRY":"US","SOURCEOFDATA":"Vermont Enhanced 911 Board","DRIVEWAYID":null,"ESZ":"00300","HOUSE_NUMBER":1981,"HOUSE_NUMBERSUFFIX":null,"HOUSE_NUMBERPREFIX":null,"FIPS":"5005"}},
{"type":"Feature","id":154727,"geometry":{"type":"Point","coordinates":[-71.9524225072083,44.3971099793205]},"properties":{"OBJECTID":154727,"SEGMENTID":44409,"ESITEID":275933,"GEONAMEID":27968,"PD":"","PT":"","SN":"KNOTTY","ST":"LN","SD":"","PRIMARYNAME":"KNOTTY LN","ALIAS1":null,"ALIAS2":null,"ALIAS3":null,"ALIAS4":null,"ALIAS5":"8\/11\/2017 12:37:30 PM","PRIMARYADDRESS":"223 KNOTTY LN","SITETYPE":"SINGLE FAMILY DWELLING","TOWNNAME":"WATERFORD","MCODE":721,"ESN":300,"ZIP":"05819","PARCELNUM":"833.","GPSX":-71.95242149,"GPSY":44.39710095,"MAPYEAR":"Thu, 01 Jan 1998 00:00:00 GMT","UPDATEDATE":"Fri, 27 Jan 2023 21:20:05 GMT","STATE":"VT","FIPS8":5005,"SPAN":"699-222-10206","SUBTYPE":null,"GlobalID_1":"a0302854-f921-4c55-9c4c-b4c969026195","UNITCOUNT":1,"PRIMARYADD1":"223 KNOTTY LN WATERFORD","PRIMARYADD2":"223 KNOTTY LN WATERFORD VT 05819","SITETYPE_MULTI1":null,"SITETYPE_MULTI2":null,"SITETYPE_MULTI3":null,"SITETYPE_MULTI4":null,"SITETYPE_MULTI5":null,"COUNTY":"CALEDONIA","COUNTRY":"US","SOURCEOFDATA":"Vermont Enhanced 911 Board","DRIVEWAYID":null,"ESZ":"00300","HOUSE_NUMBER":223,"HOUSE_NUMBERSUFFIX":null,"HOUSE_NUMBERPREFIX":null,"FIPS":"5005"}},
{"type":"Feature","id":225105,"geometry":{"type":"Point","coordinates":[-71.8968344424858,44.3458212222955]},"properties":{"OBJECTID":225105,"SEGMENTID":64950,"ESITEID":275934,"GEONAMEID":37637,"PD":"","PT":"","SN":"MEMORY TREE","ST":"LN","SD":"","PRIMARYNAME":"MEMORY TREE LN","ALIAS1":null,"ALIAS2":"ROUTE 18","ALIAS3":null,"ALIAS4":null,"ALIAS5":"6\/21\/2022 3:49:20 PM","PRIMARYADDRESS":"262 MEMORY TREE LN","SITETYPE":"SINGLE FAMILY DWELLING","TOWNNAME":"WATERFORD","MCODE":721,"ESN":300,"ZIP":"05819","PARCELNUM":"010.","GPSX":-71.89683345,"GPSY":44.34581221,"MAPYEAR":"Thu, 01 Jan 1998 00:00:00 GMT","UPDATEDATE":"Thu, 29 May 2025 12:23:40 GMT","STATE":"VT","FIPS8":5005,"SPAN":"699-222-10012","SUBTYPE":null,"GlobalID_1":"3d098463-6b77-4347-8fae-84632e75f5d6","UNITCOUNT":1,"PRIMARYADD1":"262 MEMORY TREE LN WATERFORD","PRIMARYADD2":"262 MEMORY TREE LN WATERFORD VT 05819","SITETYPE_MULTI1":null,"SITETYPE_MULTI2":null,"SITETYPE_MULTI3":null,"SITETYPE_MULTI4":null,"SITETYPE_MULTI5":null,"COUNTY":"CALEDONIA","COUNTRY":"US","SOURCEOFDATA":"Vermont Enhanced 911 Board","DRIVEWAYID":null,"ESZ":"00300","HOUSE_NUMBER":262,"HOUSE_NUMBERSUFFIX":null,"HOUSE_NUMBERPREFIX":null,"FIPS":"5005"}},
{"type":"Feature","id":155719,"geometry":{"type":"Point","coordinates":[-71.8794020427485,44.376599134818]},"properties":{"OBJECTID":155719,"SEGMENTID":411153,"ESITEID":275935,"GEONAMEID":22317,"PD":"","PT":"","SN":"HIGH RIDGE","ST":"RD","SD":"","PRIMARYNAME":"HIGH RIDGE RD","ALIAS1":null,"ALIAS2":null,"ALIAS3":null,"ALIAS4":null,"ALIAS5":"12\/28\/2018 10:48:30 AM","PRIMARYADDRESS":"1355 HIGH RIDGE RD","SITETYPE":"SINGLE FAMILY DWELLING","TOWNNAME":"WATERFORD","MCODE":721,"ESN":300,"ZIP":"05819","PARCELNUM":"023.","GPSX":-71.87940105,"GPSY":44.37659012,"MAPYEAR":"Thu, 01 Jan 1998 00:00:00 GMT","UPDATEDATE":"Fri, 27 Jan 2023 21:28:49 GMT","STATE":"VT","FIPS8":5005,"SPAN":"699-222-10493","SUBTYPE":null,"GlobalID_1":"8a091910-0720-4716-868a-ad4a22cfff82","UNITCOUNT":1,"PRIMARYADD1":"1355 HIGH RIDGE RD WATERFORD","PRIMARYADD2":"1355 HIGH RIDGE RD WATERFORD VT 05819","SITETYPE_MULTI1":null,"SITETYPE_MULTI2":null,"SITETYPE_MULTI3":null,"SITETYPE_MULTI4":null,"SITETYPE_MULTI5":null,"COUNTY":"CALEDONIA","COUNTRY":"US","SOURCEOFDATA":"Vermont Enhanced 911 Board","DRIVEWAYID":null,"ESZ":"00300","HOUSE_NUMBER":1355,"HOUSE_NUMBERSUFFIX":null,"HOUSE_NUMBERPREFIX":null,"FIPS":"5005"}},
{"type":"Feature","id":133185,"geometry":{"type":"Point","coordinates":[-71.9755191902544,44.392981152154]},"properties":{"OBJECTID":133185,"SEGMENTID":13604,"ESITEID":275936,"GEONAMEID":22335,"PD":" ","PT":" ","SN":"DANIELS FARM","ST":"RD","SD":" ","PRIMARYNAME":"DANIELS FARM RD  ","ALIAS1":null,"ALIAS2":null,"ALIAS3":null,"ALIAS4":null,"ALIAS5":"5\/12\/2015 7:30:02 PM","PRIMARYADDRESS":"1892 DANIELS FARM RD","SITETYPE":"SINGLE FAMILY DWELLING","TOWNNAME":"WATERFORD","MCODE":721,"ESN":300,"ZIP":"05819","PARCELNUM":"644.1","GPSX":-71.97551816,"GPSY":44.39297213,"MAPYEAR":"Thu, 01 Jan 1998 00:00:00 GMT","UPDATEDATE":"Fri, 27 Jan 2023 21:28:56 GMT","STATE":"VT","FIPS8":5005,"SPAN":"699-222-10643","SUBTYPE":null,"GlobalID_1":"c63d4212-0236-468b-b98f-c2047287b0b9","UNITCOUNT":1,"PRIMARYADD1":"1892 DANIELS FARM RD WATERFORD","PRIMARYADD2":"1892 DANIELS FARM RD WATERFORD VT 05819","SITETYPE_MULTI1":null,"SITETYPE_MULTI2":null,"SITETYPE_MULTI3":null,"SITETYPE_MULTI4":null,"SITETYPE_MULTI5":null,"COUNTY":"CALEDONIA","COUNTRY":"US","SOURCEOFDATA":"Vermont Enhanced 911 Board","DRIVEWAYID":null,"ESZ":"00300","HOUSE_NUMBER":1892,"HOUSE_NUMBERSUFFIX":null,"HOUSE_NUMBERPREFIX":null,"FIPS":"5005"}},
{"type":"Feature","id":195721,"geometry":{"type":"Point","coordinates":[-71.9318851602957,44.4006041534798]},"properties":{"OBJECTID":195721,"SEGMENTID":87644,"ESITEID":275937,"GEONAMEID":412640,"PD":" ","PT":" ","SN":"FENOFF HEIGHTS","ST":"LN","SD":" ","PRIMARYNAME":"FENOFF HEIGHTS LN  ","ALIAS1":null,"ALIAS2":null,"ALIAS3":null,"ALIAS4":null,"ALIAS5":"","PRIMARYADDRESS":"340 FENOFF HEIGHTS LN","SITETYPE":"SINGLE FAMILY DWELLING","TOWNNAME":"WATERFORD","MCODE":721,"ESN":300,"ZIP":"05819","PARCELNUM":"317.2","GPSX":-71.93188415,"GPSY":44.40059513,"MAPYEAR":"Thu, 01 Jan 1998 00:00:00 GMT","UPDATEDATE":"Tue, 28 Mar 2023 14:08:07 GMT","STATE":"VT","FIPS8":5005,"SPAN":"699-222-10113","SUBTYPE":null,"GlobalID_1":"1203fe69-0b6a-4e4d-b5de-a63f527ce713","UNITCOUNT":1,"PRIMARYADD1":"340 FENOFF HEIGHTS LN WATERFORD","PRIMARYADD2":"340 FENOFF HEIGHTS LN WATERFORD VT 05819","SITETYPE_MULTI1":null,"SITETYPE_MULTI2":null,"SITETYPE_MULTI3":null,"SITETYPE_MULTI4":null,"SITETYPE_MULTI5":null,"COUNTY":"CALEDONIA","COUNTRY":"US","SOURCEOFDATA":"Vermont Enhanced 911 Board","DRIVEWAYID":null,"ESZ":"00300","HOUSE_NUMBER":340,"HOUSE_NUMBERSUFFIX":null,"HOUSE_NUMBERPREFIX":null,"FIPS":"5005"}},
{"type":"Feature","id":100412,"geometry":{"type":"Point","coordinates":[-71.9275582415179,44.39936063547]},"properties":{"OBJECTID":100412,"SEGMENTID":87647,"ESITEID":275938,"GEONAMEID":22326,"PD":" ","PT":" ","SN":"DUCK POND","ST":"RD","SD":" ","PRIMARYNAME":"DUCK POND RD  ","ALIAS1":null,"ALIAS2":null,"ALIAS3":null,"ALIAS4":null,"ALIAS5":"6\/21\/2022 1:24:26 PM","PRIMARYADDRESS":"366 DUCK POND RD","SITETYPE":"OTHER COMMERCIAL","TOWNNAME":"WATERFORD","MCODE":721,"ESN":300,"ZIP":"05819","PARCELNUM":"317.5","GPSX":-71.92755724,"GPSY":44.39935161,"MAPYEAR":"Thu, 01 Jan 1998 00:00:00 GMT","UPDATEDATE":"Fri, 27 Jan 2023 21:28:52 GMT","STATE":"VT","FIPS8":5005,"SPAN":"699-222-10992","SUBTYPE":null,"GlobalID_1":"ac7a2e44-4853-423d-9bc3-1db8da8a758c","UNITCOUNT":1,"PRIMARYADD1":"366 DUCK POND RD WATERFORD","PRIMARYADD2":"366 DUCK POND RD WATERFORD VT 05819","SITETYPE_MULTI1":null,"SITETYPE_MULTI2":null,"SITETYPE_MULTI3":null,"SITETYPE_MULTI4":null,"SITETYPE_MULTI5":null,"COUNTY":"CALEDONIA","COUNTRY":"US","SOURCEOFDATA":"Vermont Enhanced 911 Board","DRIVEWAYID":null,"ESZ":"00300","HOUSE_NUMBER":366,"HOUSE_NUMBERSUFFIX":null,"HOUSE_NUMBERPREFIX":null,"FIPS":"5005"}},
{"type":"Feature","id":85332,"geometry":{"type":"Point","coordinates":[-71.8997993186787,44.3758896866045]},"properties":{"OBJECTID":85332,"SEGMENTID":35902,"ESITEID":275939,"GEONAMEID":435570,"PD":"","PT":"","SN":"OLD COUNTY","ST":"RD","SD":"S","PRIMARYNAME":"OLD COUNTY RD S","ALIAS1":null,"ALIAS2":null,"ALIAS3":null,"ALIAS4":null,"ALIAS5":"11\/15\/2016 4:03:16 PM","PRIMARYADDRESS":"2462 OLD COUNTY RD S","SITETYPE":"SINGLE FAMILY DWELLING","TOWNNAME":"WATERFORD","MCODE":721,"ESN":300,"ZIP":"05819","PARCELNUM":"022.","GPSX":-71.89979832,"GPSY":44.37588067,"MAPYEAR":"Thu, 01 Jan 1998 00:00:00 GMT","UPDATEDATE":"Sat, 28 Jan 2023 00:28:44 GMT","STATE":"VT","FIPS8":5005,"SPAN":"699-222-10145","SUBTYPE":null,"GlobalID_1":"97f9a321-2d88-4ae6-af3f-26f3bdc538ce","UNITCOUNT":1,"PRIMARYADD1":"2462 OLD COUNTY RD S WATERFORD","PRIMARYADD2":"2462 OLD COUNTY RD S WATERFORD VT 05819","SITETYPE_MULTI1":null,"SITETYPE_MULTI2":null,"SITETYPE_MULTI3":null,"SITETYPE_MULTI4":null,"SITETYPE_MULTI5":null,"COUNTY":"CALEDONIA","COUNTRY":"US","SOURCEOFDATA":"Vermont Enhanced 911 Board","DRIVEWAYID":null,"ESZ":"00300","HOUSE_NUMBER":2462,"HOUSE_NUMBERSUFFIX":null,"HOUSE_NUMBERPREFIX":null,"FIPS":"5005"}},
{"type":"Feature","id":187262,"geometry":{"type":"Point","coordinates":[-71.9497737046889,44.3505464381378]},"properties":{"OBJECTID":187262,"SEGMENTID":10030,"ESITEID":275940,"GEONAMEID":22326,"PD":" ","PT":" ","SN":"DUCK POND","ST":"RD","SD":" ","PRIMARYNAME":"DUCK POND RD  ","ALIAS1":null,"ALIAS2":null,"ALIAS3":null,"ALIAS4":null,"ALIAS5":"9\/13\/2016 10:50:52 AM","PRIMARYADDRESS":"5075 DUCK POND RD","SITETYPE":"SINGLE FAMILY DWELLING","TOWNNAME":"WATERFORD","MCODE":721,"ESN":300,"ZIP":"05819","PARCELNUM":"630.1","GPSX":-71.94977269,"GPSY":44.35053743,"MAPYEAR":"Thu, 01 Jan 1998 00:00:00 GMT","UPDATEDATE":"Fri, 27 Jan 2023 21:28:52 GMT","STATE":"VT","FIPS8":5005,"SPAN":"699-222-10544","SUBTYPE":null,"GlobalID_1":"d61f1df3-806e-4771-928e-bb81e07737a6","UNITCOUNT":1,"PRIMARYADD1":"5075 DUCK POND RD WATERFORD","PRIMARYADD2":"5075 DUCK POND RD WATERFORD VT 05819","SITETYPE_MULTI1":null,"SITETYPE_MULTI2":null,"SITETYPE_MULTI3":null,"SITETYPE_MULTI4":null,"SITETYPE_MULTI5":null,"COUNTY":"CALEDONIA","COUNTRY":"US","SOURCEOFDATA":"Vermont Enhanced 911 Board","DRIVEWAYID":null,"ESZ":"00300","HOUSE_NUMBER":5075,"HOUSE_NUMBERSUFFIX":null,"HOUSE_NUMBERPREFIX":null,"FIPS":"5005"}},
{"type":"Feature","id":289632,"geometry":{"type":"Point","coordinates":[-72.0035103795987,44.3731574608289]},"properties":{"OBJECTID":289632,"SEGMENTID":47177,"ESITEID":275941,"GEONAMEID":22342,"PD":" ","PT":" ","SN":"HALE","ST":"RD","SD":" ","PRIMARYNAME":"HALE RD","ALIAS1":null,"ALIAS2":null,"ALIAS3":null,"ALIAS4":null,"ALIAS5":"1\/30\/2018 12:37:20 PM","PRIMARYADDRESS":"2867 HALE RD","SITETYPE":"CAMP","TOWNNAME":"WATERFORD","MCODE":721,"ESN":300,"ZIP":"05819","PARCELNUM":"498.","GPSX":-72.00350935,"GPSY":44.37314845,"MAPYEAR":"Thu, 01 Jan 1998 00:00:00 GMT","UPDATEDATE":"Fri, 27 Jan 2023 21:23:06 GMT","STATE":"VT","FIPS8":5005,"SPAN":"699-222-10329","SUBTYPE":null,"GlobalID_1":"00de6b24-bc65-418e-8215-feacda8bfe3e","UNITCOUNT":1,"PRIMARYADD1":"2867 HALE RD WATERFORD","PRIMARYADD2":"2867 HALE RD WATERFORD VT 05819","SITETYPE_MULTI1":null,"SITETYPE_MULTI2":null,"SITETYPE_MULTI3":null,"SITETYPE_MULTI4":null,"SITETYPE_MULTI5":null,"COUNTY":"CALEDONIA","COUNTRY":"US","SOURCEOFDATA":"Vermont Enhanced 911 Board","DRIVEWAYID":null,"ESZ":"00300","HOUSE_NUMBER":2867,"HOUSE_NUMBERSUFFIX":null,"HOUSE_NUMBERPREFIX":null,"FIPS":"5005"}},
{"type":"Feature","id":76950,"geometry":{"type":"Point","coordinates":[-71.9579819902429,44.4259142623082]},"properties":{"OBJECTID":76950,"SEGMENTID":13716,"ESITEID":275942,"GEONAMEID":22307,"PD":" ","PT":" ","SN":"HIGGINS HILL","ST":"RD","SD":" ","PRIMARYNAME":"HIGGINS HILL RD","ALIAS1":null,"ALIAS2":null,"ALIAS3":null,"ALIAS4":null,"ALIAS5":"3\/26\/2018 12:08:13 PM","PRIMARYADDRESS":"1872 HIGGINS HILL RD","SITETYPE":"SINGLE FAMILY DWELLING","TOWNNAME":"WATERFORD","MCODE":721,"ESN":300,"ZIP":"05819","PARCELNUM":"028.","GPSX":-71.95798097,"GPSY":44.42590524,"MAPYEAR":"Thu, 01 Jan 1998 00:00:00 GMT","UPDATEDATE":"Fri, 27 Jan 2023 21:23:01 GMT","STATE":"VT","FIPS8":5005,"SPAN":"699-222-10287","SUBTYPE":null,"GlobalID_1":"4c3e5c1d-2a8f-43db-bf03-f22e8a00b30a","UNITCOUNT":1,"PRIMARYADD1":"1872 HIGGINS HILL RD WATERFORD","PRIMARYADD2":"1872 HIGGINS HILL RD WATERFORD VT 05819","SITETYPE_MULTI1":null,"SITETYPE_MULTI2":null,"SITETYPE_MULTI3":null,"SITETYPE_MULTI4":null,"SITETYPE_MULTI5":null,"COUNTY":"CALEDONIA","COUNTRY":"US","SOURCEOFDATA":"Vermont Enhanced 911 Board","DRIVEWAYID":null,"ESZ":"00300","HOUSE_NUMBER":1872,"HOUSE_NUMBERSUFFIX":null,"HOUSE_NUMBERPREFIX":null,"FIPS":"5005"}},
{"type":"Feature","id":105311,"geometry":{"type":"Point","coordinates":[-71.952465557132,44.3560420135995]},"properties":{"OBJECTID":105311,"SEGMENTID":10030,"ESITEID":275943,"GEONAMEID":22326,"PD":" ","PT":" ","SN":"DUCK POND","ST":"RD","SD":" ","PRIMARYNAME":"DUCK POND RD  ","ALIAS1":null,"ALIAS2":null,"ALIAS3":null,"ALIAS4":null,"ALIAS5":"2\/26\/2016 11:32:57 AM","PRIMARYADDRESS":"4613 DUCK POND RD","SITETYPE":"SINGLE FAMILY DWELLING","TOWNNAME":"WATERFORD","MCODE":721,"ESN":300,"ZIP":"05819","PARCELNUM":"007.","GPSX":-71.95246455,"GPSY":44.356033,"MAPYEAR":"Thu, 01 Jan 1998 00:00:00 GMT","UPDATEDATE":"Fri, 27 Jan 2023 21:28:52 GMT","STATE":"VT","FIPS8":5005,"SPAN":"699-222-10773","SUBTYPE":null,"GlobalID_1":"7b4da9c9-4fb1-4f54-9132-261085ebb5cd","UNITCOUNT":1,"PRIMARYADD1":"4613 DUCK POND RD WATERFORD","PRIMARYADD2":"4613 DUCK POND RD WATERFORD VT 05819","SITETYPE_MULTI1":null,"SITETYPE_MULTI2":null,"SITETYPE_MULTI3":null,"SITETYPE_MULTI4":null,"SITETYPE_MULTI5":null,"COUNTY":"CALEDONIA","COUNTRY":"US","SOURCEOFDATA":"Vermont Enhanced 911 Board","DRIVEWAYID":null,"ESZ":"00300","HOUSE_NUMBER":4613,"HOUSE_NUMBERSUFFIX":null,"HOUSE_NUMBERPREFIX":null,"FIPS":"5005"}},
{"type":"Feature","id":192547,"geometry":{"type":"Point","coordinates":[-71.9466803510439,44.4049963814175]},"properties":{"OBJECTID":192547,"SEGMENTID":252305,"ESITEID":275944,"GEONAMEID":22310,"PD":" ","PT":" ","SN":"SLATE LEDGE","ST":"RD","SD":" ","PRIMARYNAME":"SLATE LEDGE RD","ALIAS1":null,"ALIAS2":null,"ALIAS3":null,"ALIAS4":null,"ALIAS5":"2\/26\/2016 11:32:32 AM","PRIMARYADDRESS":"1087 SLATE LEDGE RD","SITETYPE":"SINGLE FAMILY DWELLING","TOWNNAME":"WATERFORD","MCODE":721,"ESN":300,"ZIP":"05819","PARCELNUM":"367.","GPSX":-71.94667933,"GPSY":44.40498735,"MAPYEAR":"Thu, 01 Jan 1998 00:00:00 GMT","UPDATEDATE":"Fri, 27 Jan 2023 21:23:01 GMT","STATE":"VT","FIPS8":5005,"SPAN":"699-222-10481","SUBTYPE":null,"GlobalID_1":"3dd02146-51de-4fdb-91cc-a40af135484c","UNITCOUNT":1,"PRIMARYADD1":"1087 SLATE LEDGE RD WATERFORD","PRIMARYADD2":"1087 SLATE LEDGE RD WATERFORD VT 05819","SITETYPE_MULTI1":null,"SITETYPE_MULTI2":null,"SITETYPE_MULTI3":null,"SITETYPE_MULTI4":null,"SITETYPE_MULTI5":null,"COUNTY":"CALEDONIA","COUNTRY":"US","SOURCEOFDATA":"Vermont Enhanced 911 Board","DRIVEWAYID":null,"ESZ":"00300","HOUSE_NUMBER":1087,"HOUSE_NUMBERSUFFIX":null,"HOUSE_NUMBERPREFIX":null,"FIPS":"5005"}},
{"type":"Feature","id":26200,"geometry":{"type":"Point","coordinates":[-71.8679878744031,44.3459895677841]},"properties":{"OBJECTID":26200,"SEGMENTID":39586,"ESITEID":275945,"GEONAMEID":22320,"PD":" ","PT":" ","SN":"RIVERSIDE CEMETERY","ST":"RD","SD":" ","PRIMARYNAME":"RIVERSIDE CEMETERY RD","ALIAS1":null,"ALIAS2":null,"ALIAS3":null,"ALIAS4":null,"ALIAS5":"12\/28\/2018 9:47:49 AM","PRIMARYADDRESS":"1168 RIVERSIDE CEMETERY RD","SITETYPE":"SINGLE FAMILY DWELLING","TOWNNAME":"WATERFORD","MCODE":721,"ESN":300,"ZIP":"05819","PARCELNUM":"034.","GPSX":-71.86798689,"GPSY":44.34598055,"MAPYEAR":"Thu, 01 Jan 1998 00:00:00 GMT","UPDATEDATE":"Fri, 27 Jan 2023 21:28:50 GMT","STATE":"VT","FIPS8":5005,"SPAN":"699-222-10652","SUBTYPE":null,"GlobalID_1":"9a407128-b560-44ad-90ad-d48ac37b36ca","UNITCOUNT":1,"PRIMARYADD1":"1168 RIVERSIDE CEMETERY RD WATERFORD","PRIMARYADD2":"1168 RIVERSIDE CEMETERY RD WATERFORD VT 05819","SITETYPE_MULTI1":null,"SITETYPE_MULTI2":null,"SITETYPE_MULTI3":null,"SITETYPE_MULTI4":null,"SITETYPE_MULTI5":null,"COUNTY":"CALEDONIA","COUNTRY":"US","SOURCEOFDATA":"Vermont Enhanced 911 Board","DRIVEWAYID":null,"ESZ":"00300","HOUSE_NUMBER":1168,"HOUSE_NUMBERSUFFIX":null,"HOUSE_NUMBERPREFIX":null,"FIPS":"5005"}},
{"type":"Feature","id":59590,"geometry":{"type":"Point","coordinates":[-72.0203627368931,44.3813958926188]},"properties":{"OBJECTID":59590,"SEGMENTID":32233,"ESITEID":275946,"GEONAMEID":22340,"PD":" ","PT":" ","SN":"RIVER","ST":"RD","SD":" ","PRIMARYNAME":"RIVER RD  ","ALIAS1":null,"ALIAS2":null,"ALIAS3":null,"ALIAS4":null,"ALIAS5":"1\/22\/2020 11:17:20 AM","PRIMARYADDRESS":"398 RIVER RD","SITETYPE":"SINGLE FAMILY DWELLING","TOWNNAME":"WATERFORD","MCODE":721,"ESN":300,"ZIP":"05819","PARCELNUM":"912.1","GPSX":-72.0203617,"GPSY":44.38138688,"MAPYEAR":"Thu, 01 Jan 1998 00:00:00 GMT","UPDATEDATE":"Fri, 27 Jan 2023 21:28:58 GMT","STATE":"VT","FIPS8":5005,"SPAN":"699-222-10801","SUBTYPE":null,"GlobalID_1":"c438f21a-c15e-4e31-b4f1-0d00a107deef","UNITCOUNT":1,"PRIMARYADD1":"398 RIVER RD WATERFORD","PRIMARYADD2":"398 RIVER RD WATERFORD VT 05819","SITETYPE_MULTI1":null,"SITETYPE_MULTI2":null,"SITETYPE_MULTI3":null,"SITETYPE_MULTI4":null,"SITETYPE_MULTI5":null,"COUNTY":"CALEDONIA","COUNTRY":"US","SOURCEOFDATA":"Vermont Enhanced 911 Board","DRIVEWAYID":null,"ESZ":"00300","HOUSE_NUMBER":398,"HOUSE_NUMBERSUFFIX":null,"HOUSE_NUMBERPREFIX":null,"FIPS":"5005"}},
{"type":"Feature","id":207021,"geometry":{"type":"Point","coordinates":[-71.9322299302463,44.3989925744644]},"properties":{"OBJECTID":207021,"SEGMENTID":87644,"ESITEID":275947,"GEONAMEID":412640,"PD":" ","PT":" ","SN":"FENOFF HEIGHTS","ST":"LN","SD":" ","PRIMARYNAME":"FENOFF HEIGHTS LN  ","ALIAS1":null,"ALIAS2":null,"ALIAS3":null,"ALIAS4":null,"ALIAS5":"","PRIMARYADDRESS":"367 FENOFF HEIGHTS LN","SITETYPE":"SINGLE FAMILY DWELLING","TOWNNAME":"WATERFORD","MCODE":721,"ESN":300,"ZIP":"05819","PARCELNUM":"317.3","GPSX":-71.93222892,"GPSY":44.39898355,"MAPYEAR":"Thu, 01 Jan 1998 00:00:00 GMT","UPDATEDATE":"Tue, 28 Mar 2023 14:08:07 GMT","STATE":"VT","FIPS8":5005,"SPAN":"699-222-10242","SUBTYPE":null,"GlobalID_1":"478d5cbc-f47f-46ad-a237-433f33678436","UNITCOUNT":1,"PRIMARYADD1":"367 FENOFF HEIGHTS LN WATERFORD","PRIMARYADD2":"367 FENOFF HEIGHTS LN WATERFORD VT 05819","SITETYPE_MULTI1":null,"SITETYPE_MULTI2":null,"SITETYPE_MULTI3":null,"SITETYPE_MULTI4":null,"SITETYPE_MULTI5":null,"COUNTY":"CALEDONIA","COUNTRY":"US","SOURCEOFDATA":"Vermont Enhanced 911 Board","DRIVEWAYID":null,"ESZ":"00300","HOUSE_NUMBER":367,"HOUSE_NUMBERSUFFIX":null,"HOUSE_NUMBERPREFIX":null,"FIPS":"5005"}},
{"type":"Feature","id":351457,"geometry":{"type":"Point","coordinates":[-71.9345332503289,44.3986336053716]},"properties":{"OBJECTID":351457,"SEGMENTID":87644,"ESITEID":275948,"GEONAMEID":412640,"PD":" ","PT":" ","SN":"FENOFF HEIGHTS","ST":"LN","SD":" ","PRIMARYNAME":"FENOFF HEIGHTS LN  ","ALIAS1":null,"ALIAS2":null,"ALIAS3":null,"ALIAS4":null,"ALIAS5":"","PRIMARYADDRESS":"438 FENOFF HEIGHTS LN","SITETYPE":"SINGLE FAMILY DWELLING","TOWNNAME":"WATERFORD","MCODE":721,"ESN":300,"ZIP":"05819","PARCELNUM":"317.1","GPSX":-71.93453224,"GPSY":44.39862458,"MAPYEAR":"Thu, 01 Jan 1998 00:00:00 GMT","UPDATEDATE":"Tue, 28 Mar 2023 14:08:07 GMT","STATE":"VT","FIPS8":5005,"SPAN":"699-222-10247","SUBTYPE":null,"GlobalID_1":"b7f5d0b4-9653-48bd-b69e-10a2c71116c6","UNITCOUNT":1,"PRIMARYADD1":"438 FENOFF HEIGHTS LN WATERFORD","PRIMARYADD2":"438 FENOFF HEIGHTS LN WATERFORD VT 05819","SITETYPE_MULTI1":null,"SITETYPE_MULTI2":null,"SITETYPE_MULTI3":null,"SITETYPE_MULTI4":null,"SITETYPE_MULTI5":null,"COUNTY":"CALEDONIA","COUNTRY":"US","SOURCEOFDATA":"Vermont Enhanced 911 Board","DRIVEWAYID":null,"ESZ":"00300","HOUSE_NUMBER":438,"HOUSE_NUMBERSUFFIX":null,"HOUSE_NUMBERPREFIX":null,"FIPS":"5005"}},
{"type":"Feature","id":94084,"geometry":{"type":"Point","coordinates":[-71.9065156852721,44.41347176866]},"properties":{"OBJECTID":94084,"SEGMENTID":2227,"ESITEID":275949,"GEONAMEID":22306,"PD":" ","PT":" ","SN":"HUDSON","ST":"RD","SD":" ","PRIMARYNAME":"HUDSON RD","ALIAS1":null,"ALIAS2":null,"ALIAS3":null,"ALIAS4":null,"ALIAS5":"5\/13\/2015 2:02:03 PM","PRIMARYADDRESS":"1988 HUDSON RD","SITETYPE":"SINGLE FAMILY DWELLING","TOWNNAME":"WATERFORD","MCODE":721,"ESN":300,"ZIP":"05824","PARCELNUM":"731.","GPSX":-71.90651468,"GPSY":44.41346274,"MAPYEAR":"Thu, 01 Jan 1998 00:00:00 GMT","UPDATEDATE":"Tue, 05 Sep 2023 16:10:20 GMT","STATE":"VT","FIPS8":5005,"SPAN":"699-222-10575","SUBTYPE":null,"GlobalID_1":"e66ecce6-a1ad-4120-8a3b-27b5525b8269","UNITCOUNT":1,"PRIMARYADD1":"1988 HUDSON RD WATERFORD","PRIMARYADD2":"1988 HUDSON RD WATERFORD VT 05824","SITETYPE_MULTI1":null,"SITETYPE_MULTI2":null,"SITETYPE_MULTI3":null,"SITETYPE_MULTI4":null,"SITETYPE_MULTI5":null,"COUNTY":"CALEDONIA","COUNTRY":"US","SOURCEOFDATA":"Vermont Enhanced 911 Board","DRIVEWAYID":null,"ESZ":"00300","HOUSE_NUMBER":1988,"HOUSE_NUMBERSUFFIX":null,"HOUSE_NUMBERPREFIX":null,"FIPS":"5005"}},
{"type":"Feature","id":63165,"geometry":{"type":"Point","coordinates":[-71.9874801016012,44.4031031913858]},"properties":{"OBJECTID":63165,"SEGMENTID":21062,"ESITEID":275950,"GEONAMEID":22335,"PD":" ","PT":" ","SN":"DANIELS FARM","ST":"RD","SD":" ","PRIMARYNAME":"DANIELS FARM RD  ","ALIAS1":null,"ALIAS2":null,"ALIAS3":null,"ALIAS4":null,"ALIAS5":"5\/13\/2015 2:02:10 PM","PRIMARYADDRESS":"2778 DANIELS FARM RD","SITETYPE":"SINGLE FAMILY DWELLING","TOWNNAME":"WATERFORD","MCODE":721,"ESN":300,"ZIP":"05819","PARCELNUM":"381.","GPSX":-71.98747907,"GPSY":44.40309417,"MAPYEAR":"Thu, 01 Jan 1998 00:00:00 GMT","UPDATEDATE":"Fri, 27 Jan 2023 21:28:56 GMT","STATE":"VT","FIPS8":5005,"SPAN":"699-222-10416","SUBTYPE":null,"GlobalID_1":"7fc0e7a6-16b9-429e-bbe7-602c984b5462","UNITCOUNT":1,"PRIMARYADD1":"2778 DANIELS FARM RD WATERFORD","PRIMARYADD2":"2778 DANIELS FARM RD WATERFORD VT 05819","SITETYPE_MULTI1":null,"SITETYPE_MULTI2":null,"SITETYPE_MULTI3":null,"SITETYPE_MULTI4":null,"SITETYPE_MULTI5":null,"COUNTY":"CALEDONIA","COUNTRY":"US","SOURCEOFDATA":"Vermont Enhanced 911 Board","DRIVEWAYID":null,"ESZ":"00300","HOUSE_NUMBER":2778,"HOUSE_NUMBERSUFFIX":null,"HOUSE_NUMBERPREFIX":null,"FIPS":"5005"}},
{"type":"Feature","id":289678,"geometry":{"type":"Point","coordinates":[-71.9551083922731,44.3659799395613]},"properties":{"OBJECTID":289678,"SEGMENTID":17354,"ESITEID":275951,"GEONAMEID":22326,"PD":" ","PT":" ","SN":"DUCK POND","ST":"RD","SD":" ","PRIMARYNAME":"DUCK POND RD  ","ALIAS1":null,"ALIAS2":null,"ALIAS3":null,"ALIAS4":null,"ALIAS5":"5\/12\/2015 7:30:02 PM","PRIMARYADDRESS":"4168 DUCK POND RD","SITETYPE":"INDUSTRIAL","TOWNNAME":"WATERFORD","MCODE":721,"ESN":300,"ZIP":"05819","PARCELNUM":"737.","GPSX":-71.95510737,"GPSY":44.36597092,"MAPYEAR":"Thu, 01 Jan 1998 00:00:00 GMT","UPDATEDATE":"Fri, 27 Jan 2023 21:28:52 GMT","STATE":"VT","FIPS8":5005,"SPAN":"699-222-10577","SUBTYPE":null,"GlobalID_1":"73589877-ab2f-464d-b492-de916cf7b286","UNITCOUNT":1,"PRIMARYADD1":"4168 DUCK POND RD WATERFORD","PRIMARYADD2":"4168 DUCK POND RD WATERFORD VT 05819","SITETYPE_MULTI1":null,"SITETYPE_MULTI2":null,"SITETYPE_MULTI3":null,"SITETYPE_MULTI4":null,"SITETYPE_MULTI5":null,"COUNTY":"CALEDONIA","COUNTRY":"US","SOURCEOFDATA":"Vermont Enhanced 911 Board","DRIVEWAYID":null,"ESZ":"00300","HOUSE_NUMBER":4168,"HOUSE_NUMBERSUFFIX":null,"HOUSE_NUMBERPREFIX":null,"FIPS":"5005"}},
{"type":"Feature","id":121252,"geometry":{"type":"Point","coordinates":[-71.9855555458089,44.3717607243942]},"properties":{"OBJECTID":121252,"SEGMENTID":47177,"ESITEID":275952,"GEONAMEID":22342,"PD":" ","PT":" ","SN":"HALE","ST":"RD","SD":" ","PRIMARYNAME":"HALE RD","ALIAS1":null,"ALIAS2":null,"ALIAS3":null,"ALIAS4":null,"ALIAS5":"9\/14\/2017 2:54:41 PM","PRIMARYADDRESS":"2032 HALE RD","SITETYPE":"SINGLE FAMILY DWELLING","TOWNNAME":"WATERFORD","MCODE":721,"ESN":300,"ZIP":"05819","PARCELNUM":"281.","GPSX":-71.98555452,"GPSY":44.37175171,"MAPYEAR":"Thu, 01 Jan 1998 00:00:00 GMT","UPDATEDATE":"Fri, 27 Jan 2023 21:23:06 GMT","STATE":"VT","FIPS8":5005,"SPAN":"699-222-10379","SUBTYPE":null,"GlobalID_1":"b694661f-4257-4974-9d4e-7c6d0eaaeba4","UNITCOUNT":1,"PRIMARYADD1":"2032 HALE RD WATERFORD","PRIMARYADD2":"2032 HALE RD WATERFORD VT 05819","SITETYPE_MULTI1":null,"SITETYPE_MULTI2":null,"SITETYPE_MULTI3":null,"SITETYPE_MULTI4":null,"SITETYPE_MULTI5":null,"COUNTY":"CALEDONIA","COUNTRY":"US","SOURCEOFDATA":"Vermont Enhanced 911 Board","DRIVEWAYID":null,"ESZ":"00300","HOUSE_NUMBER":2032,"HOUSE_NUMBERSUFFIX":null,"HOUSE_NUMBERPREFIX":null,"FIPS":"5005"}},
{"type":"Feature","id":190245,"geometry":{"type":"Point","coordinates":[-71.9874036314385,44.3729067333646]},"properties":{"OBJECTID":190245,"SEGMENTID":47177,"ESITEID":275953,"GEONAMEID":22342,"PD":" ","PT":" ","SN":"HALE","ST":"RD","SD":" ","PRIMARYNAME":"HALE RD","ALIAS1":null,"ALIAS2":null,"ALIAS3":null,"ALIAS4":null,"ALIAS5":"9\/14\/2017 2:54:47 PM","PRIMARYADDRESS":"2034 HALE RD","SITETYPE":"SINGLE FAMILY DWELLING","TOWNNAME":"WATERFORD","MCODE":721,"ESN":300,"ZIP":"05819","PARCELNUM":"281.1","GPSX":-71.98740261,"GPSY":44.37289772,"MAPYEAR":"Thu, 01 Jan 1998 00:00:00 GMT","UPDATEDATE":"Fri, 27 Jan 2023 21:23:06 GMT","STATE":"VT","FIPS8":5005,"SPAN":"699-222-10380","SUBTYPE":null,"GlobalID_1":"c7b6648a-645c-443d-852f-ae31d6cee6b0","UNITCOUNT":1,"PRIMARYADD1":"2034 HALE RD WATERFORD","PRIMARYADD2":"2034 HALE RD WATERFORD VT 05819","SITETYPE_MULTI1":null,"SITETYPE_MULTI2":null,"SITETYPE_MULTI3":null,"SITETYPE_MULTI4":null,"SITETYPE_MULTI5":null,"COUNTY":"CALEDONIA","COUNTRY":"US","SOURCEOFDATA":"Vermont Enhanced 911 Board","DRIVEWAYID":null,"ESZ":"00300","HOUSE_NUMBER":2034,"HOUSE_NUMBERSUFFIX":null,"HOUSE_NUMBERPREFIX":null,"FIPS":"5005"}},
{"type":"Feature","id":199630,"geometry":{"type":"Point","coordinates":[-71.9241462312624,44.4176700400834]},"properties":{"OBJECTID":199630,"SEGMENTID":58583,"ESITEID":275954,"GEONAMEID":22309,"PD":" ","PT":" ","SN":"CROSS","ST":"RD","SD":" ","PRIMARYNAME":"CROSS RD  ","ALIAS1":null,"ALIAS2":null,"ALIAS3":null,"ALIAS4":null,"ALIAS5":"5\/18\/2018 10:17:27 AM","PRIMARYADDRESS":"641 CROSS RD","SITETYPE":"SINGLE FAMILY DWELLING","TOWNNAME":"WATERFORD","MCODE":721,"ESN":300,"ZIP":"05819","PARCELNUM":"803.2","GPSX":-71.92414523,"GPSY":44.41766102,"MAPYEAR":"Thu, 01 Jan 1998 00:00:00 GMT","UPDATEDATE":"Fri, 27 Jan 2023 21:23:01 GMT","STATE":"VT","FIPS8":5005,"SPAN":"699-222-10158","SUBTYPE":null,"GlobalID_1":"85ac1ecc-3d39-4a6b-a672-fefb6eb828d7","UNITCOUNT":1,"PRIMARYADD1":"641 CROSS RD WATERFORD","PRIMARYADD2":"641 CROSS RD WATERFORD VT 05819","SITETYPE_MULTI1":null,"SITETYPE_MULTI2":null,"SITETYPE_MULTI3":null,"SITETYPE_MULTI4":null,"SITETYPE_MULTI5":null,"COUNTY":"CALEDONIA","COUNTRY":"US","SOURCEOFDATA":"Vermont Enhanced 911 Board","DRIVEWAYID":null,"ESZ":"00300","HOUSE_NUMBER":641,"HOUSE_NUMBERSUFFIX":null,"HOUSE_NUMBERPREFIX":null,"FIPS":"5005"}},
{"type":"Feature","id":10869,"geometry":{"type":"Point","coordinates":[-71.9200120299574,44.3902813417156]},"properties":{"OBJECTID":10869,"SEGMENTID":9749,"ESITEID":275955,"GEONAMEID":22312,"PD":" ","PT":"","SN":"LAWRENCE","ST":"RD","SD":"","PRIMARYNAME":"LAWRENCE RD","ALIAS1":null,"ALIAS2":null,"ALIAS3":null,"ALIAS4":null,"ALIAS5":"2\/26\/2016 11:32:56 AM","PRIMARYADDRESS":"2 LAWRENCE RD","SITETYPE":"SINGLE FAMILY DWELLING","TOWNNAME":"WATERFORD","MCODE":721,"ESN":300,"ZIP":"05819","PARCELNUM":"459.1","GPSX":-71.92001102,"GPSY":44.39027232,"MAPYEAR":"Mon, 25 Mar 2002 00:00:00 GMT","UPDATEDATE":"Fri, 27 Jan 2023 21:28:48 GMT","STATE":"VT","FIPS8":5005,"SPAN":"699-222-10670","SUBTYPE":null,"GlobalID_1":"7a78d58f-9dc6-4b10-af9d-24305ec92b85","UNITCOUNT":1,"PRIMARYADD1":"2 LAWRENCE RD WATERFORD","PRIMARYADD2":"2 LAWRENCE RD WATERFORD VT 05819","SITETYPE_MULTI1":null,"SITETYPE_MULTI2":null,"SITETYPE_MULTI3":null,"SITETYPE_MULTI4":null,"SITETYPE_MULTI5":null,"COUNTY":"CALEDONIA","COUNTRY":"US","SOURCEOFDATA":"Vermont Enhanced 911 Board","DRIVEWAYID":null,"ESZ":"00300","HOUSE_NUMBER":2,"HOUSE_NUMBERSUFFIX":null,"HOUSE_NUMBERPREFIX":null,"FIPS":"5005"}},
{"type":"Feature","id":231248,"geometry":{"type":"Point","coordinates":[-71.8635148852091,44.3670153959272]},"properties":{"OBJECTID":231248,"SEGMENTID":51760,"ESITEID":275956,"GEONAMEID":27969,"PD":"","PT":"","SN":"MAJESTIC VIEW","ST":"DR","SD":"","PRIMARYNAME":"MAJESTIC VIEW DR","ALIAS1":null,"ALIAS2":null,"ALIAS3":null,"ALIAS4":null,"ALIAS5":"5\/12\/2015 7:30:02 PM","PRIMARYADDRESS":"145 MAJESTIC VIEW DR","SITETYPE":"SINGLE FAMILY DWELLING","TOWNNAME":"WATERFORD","MCODE":721,"ESN":300,"ZIP":"05819","PARCELNUM":"795.","GPSX":-71.8635139,"GPSY":44.36700638,"MAPYEAR":"Mon, 25 Mar 2002 00:00:00 GMT","UPDATEDATE":"Thu, 29 Aug 2024 13:19:31 GMT","STATE":"VT","FIPS8":5005,"SPAN":"699-222-10553","SUBTYPE":null,"GlobalID_1":"44f3e1d2-ccb5-4d46-a154-68b016b48a8c","UNITCOUNT":1,"PRIMARYADD1":"145 MAJESTIC VIEW DR WATERFORD","PRIMARYADD2":"145 MAJESTIC VIEW DR WATERFORD VT 05819","SITETYPE_MULTI1":null,"SITETYPE_MULTI2":null,"SITETYPE_MULTI3":null,"SITETYPE_MULTI4":null,"SITETYPE_MULTI5":null,"COUNTY":"CALEDONIA","COUNTRY":"US","SOURCEOFDATA":"Vermont Enhanced 911 Board","DRIVEWAYID":null,"ESZ":"00300","HOUSE_NUMBER":145,"HOUSE_NUMBERSUFFIX":null,"HOUSE_NUMBERPREFIX":null,"FIPS":"5005"}},
{"type":"Feature","id":305816,"geometry":{"type":"Point","coordinates":[-71.9845546125965,44.3392120524774]},"properties":{"OBJECTID":305816,"SEGMENTID":28581,"ESITEID":275957,"GEONAMEID":22346,"PD":" ","PT":" ","SN":"LOWER WATERFORD","ST":"RD","SD":" ","PRIMARYNAME":"LOWER WATERFORD RD","ALIAS1":null,"ALIAS2":null,"ALIAS3":null,"ALIAS4":null,"ALIAS5":"2\/26\/2016 11:32:33 AM","PRIMARYADDRESS":"4583 LOWER WATERFORD RD","SITETYPE":"SINGLE FAMILY DWELLING","TOWNNAME":"WATERFORD","MCODE":721,"ESN":300,"ZIP":"05819","PARCELNUM":"064.","GPSX":-71.98455359,"GPSY":44.33920304,"MAPYEAR":"Mon, 25 Mar 2002 00:00:00 GMT","UPDATEDATE":"Fri, 27 Jan 2023 21:23:08 GMT","STATE":"VT","FIPS8":5005,"SPAN":"699-222-10144","SUBTYPE":null,"GlobalID_1":"916083be-34c4-4156-b3be-b6a6a23d594e","UNITCOUNT":1,"PRIMARYADD1":"4583 LOWER WATERFORD RD WATERFORD","PRIMARYADD2":"4583 LOWER WATERFORD RD WATERFORD VT 05819","SITETYPE_MULTI1":null,"SITETYPE_MULTI2":null,"SITETYPE_MULTI3":null,"SITETYPE_MULTI4":null,"SITETYPE_MULTI5":null,"COUNTY":"CALEDONIA","COUNTRY":"US","SOURCEOFDATA":"Vermont Enhanced 911 Board","DRIVEWAYID":null,"ESZ":"00300","HOUSE_NUMBER":4583,"HOUSE_NUMBERSUFFIX":null,"HOUSE_NUMBERPREFIX":null,"FIPS":"5005"}},
{"type":"Feature","id":115461,"geometry":{"type":"Point","coordinates":[-71.9651171065647,44.392932027931]},"properties":{"OBJECTID":115461,"SEGMENTID":28582,"ESITEID":275958,"GEONAMEID":22335,"PD":" ","PT":" ","SN":"DANIELS FARM","ST":"RD","SD":" ","PRIMARYNAME":"DANIELS FARM RD  ","ALIAS1":null,"ALIAS2":null,"ALIAS3":null,"ALIAS4":null,"ALIAS5":"2\/26\/2016 11:32:57 AM","PRIMARYADDRESS":"1204 DANIELS FARM RD","SITETYPE":"SINGLE FAMILY DWELLING","TOWNNAME":"WATERFORD","MCODE":721,"ESN":300,"ZIP":"05819","PARCELNUM":"057.","GPSX":-71.96511608,"GPSY":44.392923,"MAPYEAR":"Tue, 26 Mar 2002 00:00:00 GMT","UPDATEDATE":"Fri, 27 Jan 2023 21:28:56 GMT","STATE":"VT","FIPS8":5005,"SPAN":"699-222-10138","SUBTYPE":null,"GlobalID_1":"3fd08675-8e25-4774-a58a-060cc7987d5e","UNITCOUNT":1,"PRIMARYADD1":"1204 DANIELS FARM RD WATERFORD","PRIMARYADD2":"1204 DANIELS FARM RD WATERFORD VT 05819","SITETYPE_MULTI1":null,"SITETYPE_MULTI2":null,"SITETYPE_MULTI3":null,"SITETYPE_MULTI4":null,"SITETYPE_MULTI5":null,"COUNTY":"CALEDONIA","COUNTRY":"US","SOURCEOFDATA":"Vermont Enhanced 911 Board","DRIVEWAYID":null,"ESZ":"00300","HOUSE_NUMBER":1204,"HOUSE_NUMBERSUFFIX":null,"HOUSE_NUMBERPREFIX":null,"FIPS":"5005"}},
{"type":"Feature","id":181916,"geometry":{"type":"Point","coordinates":[-71.898947191182,44.3815562196046]},"properties":{"OBJECTID":181916,"SEGMENTID":54444,"ESITEID":275959,"GEONAMEID":435570,"PD":"","PT":"","SN":"OLD COUNTY","ST":"RD","SD":"S","PRIMARYNAME":"OLD COUNTY RD S","ALIAS1":null,"ALIAS2":null,"ALIAS3":null,"ALIAS4":null,"ALIAS5":"5\/12\/2015 7:29:44 PM","PRIMARYADDRESS":"2101 OLD COUNTY RD S","SITETYPE":"OTHER","TOWNNAME":"WATERFORD","MCODE":721,"ESN":300,"ZIP":"05819","PARCELNUM":"956.","GPSX":-71.89894619,"GPSY":44.3815472,"MAPYEAR":"Tue, 26 Mar 2002 00:00:00 GMT","UPDATEDATE":"Sat, 28 Jan 2023 00:28:44 GMT","STATE":"VT","FIPS8":5005,"SPAN":"699-222-10656","SUBTYPE":null,"GlobalID_1":"93f0e718-1956-4c90-acc9-5754700723ce","UNITCOUNT":1,"PRIMARYADD1":"2101 OLD COUNTY RD S WATERFORD","PRIMARYADD2":"2101 OLD COUNTY RD S WATERFORD VT 05819","SITETYPE_MULTI1":null,"SITETYPE_MULTI2":null,"SITETYPE_MULTI3":null,"SITETYPE_MULTI4":null,"SITETYPE_MULTI5":null,"COUNTY":"CALEDONIA","COUNTRY":"US","SOURCEOFDATA":"Vermont Enhanced 911 Board","DRIVEWAYID":null,"ESZ":"00300","HOUSE_NUMBER":2101,"HOUSE_NUMBERSUFFIX":null,"HOUSE_NUMBERPREFIX":null,"FIPS":"5005"}},
{"type":"Feature","id":323555,"geometry":{"type":"Point","coordinates":[-72.0116588200581,44.3823884498354]},"properties":{"OBJECTID":323555,"SEGMENTID":24884,"ESITEID":275960,"GEONAMEID":22353,"PD":" ","PT":" ","SN":"HILLSIDE","ST":"LN","SD":" ","PRIMARYNAME":"HILLSIDE LN","ALIAS1":null,"ALIAS2":null,"ALIAS3":null,"ALIAS4":null,"ALIAS5":"2\/26\/2016 11:32:33 AM","PRIMARYADDRESS":"94 HILLSIDE LN","SITETYPE":"SINGLE FAMILY DWELLING","TOWNNAME":"WATERFORD","MCODE":721,"ESN":300,"ZIP":"05819","PARCELNUM":"662.5","GPSX":-72.01165778,"GPSY":44.38237943,"MAPYEAR":"Tue, 09 Apr 2002 00:00:00 GMT","UPDATEDATE":"Fri, 27 Jan 2023 21:23:09 GMT","STATE":"VT","FIPS8":5005,"SPAN":"699-222-10326","SUBTYPE":null,"GlobalID_1":"6ee2d402-c632-4e5f-8b04-279394dab8e3","UNITCOUNT":1,"PRIMARYADD1":"94 HILLSIDE LN WATERFORD","PRIMARYADD2":"94 HILLSIDE LN WATERFORD VT 05819","SITETYPE_MULTI1":null,"SITETYPE_MULTI2":null,"SITETYPE_MULTI3":null,"SITETYPE_MULTI4":null,"SITETYPE_MULTI5":null,"COUNTY":"CALEDONIA","COUNTRY":"US","SOURCEOFDATA":"Vermont Enhanced 911 Board","DRIVEWAYID":null,"ESZ":"00300","HOUSE_NUMBER":94,"HOUSE_NUMBERSUFFIX":null,"HOUSE_NUMBERPREFIX":null,"FIPS":"5005"}},
{"type":"Feature","id":278216,"geometry":{"type":"Point","coordinates":[-71.8748082658815,44.3572159483758]},"properties":{"OBJECTID":278216,"SEGMENTID":36883,"ESITEID":275961,"GEONAMEID":22319,"PD":" ","PT":" ","SN":"SHADOW LAKE","ST":"RD","SD":" ","PRIMARYNAME":"SHADOW LAKE RD  ","ALIAS1":null,"ALIAS2":null,"ALIAS3":null,"ALIAS4":null,"ALIAS5":"5\/12\/2015 7:30:02 PM","PRIMARYADDRESS":"1132 SHADOW LAKE RD","SITETYPE":"SINGLE FAMILY DWELLING","TOWNNAME":"WATERFORD","MCODE":721,"ESN":300,"ZIP":"05819","PARCELNUM":"371.","GPSX":-71.87480728,"GPSY":44.35720693,"MAPYEAR":"Tue, 09 Apr 2002 00:00:00 GMT","UPDATEDATE":"Fri, 27 Jan 2023 21:28:50 GMT","STATE":"VT","FIPS8":5005,"SPAN":"699-222-10025","SUBTYPE":null,"GlobalID_1":"002f968d-e2f4-48b6-a599-f4c478e59a57","UNITCOUNT":1,"PRIMARYADD1":"1132 SHADOW LAKE RD WATERFORD","PRIMARYADD2":"1132 SHADOW LAKE RD WATERFORD VT 05819","SITETYPE_MULTI1":null,"SITETYPE_MULTI2":null,"SITETYPE_MULTI3":null,"SITETYPE_MULTI4":null,"SITETYPE_MULTI5":null,"COUNTY":"CALEDONIA","COUNTRY":"US","SOURCEOFDATA":"Vermont Enhanced 911 Board","DRIVEWAYID":null,"ESZ":"00300","HOUSE_NUMBER":1132,"HOUSE_NUMBERSUFFIX":null,"HOUSE_NUMBERPREFIX":null,"FIPS":"5005"}},
{"type":"Feature","id":250654,"geometry":{"type":"Point","coordinates":[-71.9505221981745,44.3961571460107]},"properties":{"OBJECTID":250654,"SEGMENTID":44409,"ESITEID":275962,"GEONAMEID":27968,"PD":"","PT":"","SN":"KNOTTY","ST":"LN","SD":"","PRIMARYNAME":"KNOTTY LN","ALIAS1":null,"ALIAS2":null,"ALIAS3":null,"ALIAS4":null,"ALIAS5":"8\/11\/2017 12:37:31 PM","PRIMARYADDRESS":"244 KNOTTY LN","SITETYPE":"SINGLE FAMILY DWELLING","TOWNNAME":"WATERFORD","MCODE":721,"ESN":300,"ZIP":"05819","PARCELNUM":"832.1","GPSX":-71.95052118,"GPSY":44.39614813,"MAPYEAR":"Thu, 01 Jan 1998 00:00:00 GMT","UPDATEDATE":"Fri, 27 Jan 2023 21:20:05 GMT","STATE":"VT","FIPS8":5005,"SPAN":"699-222-10494","SUBTYPE":null,"GlobalID_1":"4bb49a48-ecce-4e4c-9a53-42d487b373a2","UNITCOUNT":1,"PRIMARYADD1":"244 KNOTTY LN WATERFORD","PRIMARYADD2":"244 KNOTTY LN WATERFORD VT 05819","SITETYPE_MULTI1":null,"SITETYPE_MULTI2":null,"SITETYPE_MULTI3":null,"SITETYPE_MULTI4":null,"SITETYPE_MULTI5":null,"COUNTY":"CALEDONIA","COUNTRY":"US","SOURCEOFDATA":"Vermont Enhanced 911 Board","DRIVEWAYID":null,"ESZ":"00300","HOUSE_NUMBER":244,"HOUSE_NUMBERSUFFIX":null,"HOUSE_NUMBERPREFIX":null,"FIPS":"5005"}},
{"type":"Feature","id":650,"geometry":{"type":"Point","coordinates":[-71.8723001222339,44.3453333286589]},"properties":{"OBJECTID":650,"SEGMENTID":39586,"ESITEID":275963,"GEONAMEID":22320,"PD":" ","PT":" ","SN":"RIVERSIDE CEMETERY","ST":"RD","SD":" ","PRIMARYNAME":"RIVERSIDE CEMETERY RD  ","ALIAS1":null,"ALIAS2":null,"ALIAS3":null,"ALIAS4":null,"ALIAS5":"12\/28\/2018 9:48:12 AM","PRIMARYADDRESS":"954 RIVERSIDE CEMETERY RD","SITETYPE":"SINGLE FAMILY DWELLING","TOWNNAME":"WATERFORD","MCODE":721,"ESN":300,"ZIP":"05819","PARCELNUM":"754.3","GPSX":-71.87229914,"GPSY":44.34532432,"MAPYEAR":"Wed, 23 Apr 2003 00:00:00 GMT","UPDATEDATE":"Fri, 27 Jan 2023 21:28:50 GMT","STATE":"VT","FIPS8":5005,"SPAN":"699-222-10027","SUBTYPE":null,"GlobalID_1":"5033ba95-76c3-45b4-953c-9eff94707865","UNITCOUNT":1,"PRIMARYADD1":"954 RIVERSIDE CEMETERY RD WATERFORD","PRIMARYADD2":"954 RIVERSIDE CEMETERY RD WATERFORD VT 05819","SITETYPE_MULTI1":null,"SITETYPE_MULTI2":null,"SITETYPE_MULTI3":null,"SITETYPE_MULTI4":null,"SITETYPE_MULTI5":null,"COUNTY":"CALEDONIA","COUNTRY":"US","SOURCEOFDATA":"Vermont Enhanced 911 Board","DRIVEWAYID":null,"ESZ":"00300","HOUSE_NUMBER":954,"HOUSE_NUMBERSUFFIX":null,"HOUSE_NUMBERPREFIX":null,"FIPS":"5005"}},
{"type":"Feature","id":151626,"geometry":{"type":"Point","coordinates":[-71.92832365329,44.3930090056713]},"properties":{"OBJECTID":151626,"SEGMENTID":87647,"ESITEID":275964,"GEONAMEID":22326,"PD":" ","PT":" ","SN":"DUCK POND","ST":"RD","SD":" ","PRIMARYNAME":"DUCK POND RD  ","ALIAS1":null,"ALIAS2":null,"ALIAS3":null,"ALIAS4":null,"ALIAS5":"5\/12\/2015 7:30:02 PM","PRIMARYADDRESS":"839 DUCK POND RD","SITETYPE":"SINGLE FAMILY DWELLING","TOWNNAME":"WATERFORD","MCODE":721,"ESN":300,"ZIP":"05819","PARCELNUM":"357.2","GPSX":-71.92832264,"GPSY":44.39299998,"MAPYEAR":"Wed, 23 Apr 2003 00:00:00 GMT","UPDATEDATE":"Fri, 27 Jan 2023 21:28:52 GMT","STATE":"VT","FIPS8":5005,"SPAN":"699-222-10816","SUBTYPE":null,"GlobalID_1":"8eb06c8f-64b4-444f-a223-be64114f0cfb","UNITCOUNT":1,"PRIMARYADD1":"839 DUCK POND RD WATERFORD","PRIMARYADD2":"839 DUCK POND RD WATERFORD VT 05819","SITETYPE_MULTI1":null,"SITETYPE_MULTI2":null,"SITETYPE_MULTI3":null,"SITETYPE_MULTI4":null,"SITETYPE_MULTI5":null,"COUNTY":"CALEDONIA","COUNTRY":"US","SOURCEOFDATA":"Vermont Enhanced 911 Board","DRIVEWAYID":null,"ESZ":"00300","HOUSE_NUMBER":839,"HOUSE_NUMBERSUFFIX":null,"HOUSE_NUMBERPREFIX":null,"FIPS":"5005"}},
{"type":"Feature","id":327302,"geometry":{"type":"Point","coordinates":[-71.9188484904591,44.3905796987929]},"properties":{"OBJECTID":327302,"SEGMENTID":9749,"ESITEID":275965,"GEONAMEID":22312,"PD":" ","PT":"","SN":"LAWRENCE","ST":"RD","SD":"","PRIMARYNAME":"LAWRENCE RD","ALIAS1":null,"ALIAS2":null,"ALIAS3":null,"ALIAS4":null,"ALIAS5":"2\/26\/2016 11:32:56 AM","PRIMARYADDRESS":"100 LAWRENCE RD","SITETYPE":"SINGLE FAMILY DWELLING","TOWNNAME":"WATERFORD","MCODE":721,"ESN":300,"ZIP":"05819","PARCELNUM":"459.","GPSX":-71.91884748,"GPSY":44.39057067,"MAPYEAR":"Wed, 23 Apr 2003 00:00:00 GMT","UPDATEDATE":"Fri, 27 Jan 2023 21:28:48 GMT","STATE":"VT","FIPS8":5005,"SPAN":"699-222-10640","SUBTYPE":null,"GlobalID_1":"5a14a659-3348-43a9-8914-4559214e061e","UNITCOUNT":1,"PRIMARYADD1":"100 LAWRENCE RD WATERFORD","PRIMARYADD2":"100 LAWRENCE RD WATERFORD VT 05819","SITETYPE_MULTI1":null,"SITETYPE_MULTI2":null,"SITETYPE_MULTI3":null,"SITETYPE_MULTI4":null,"SITETYPE_MULTI5":null,"COUNTY":"CALEDONIA","COUNTRY":"US","SOURCEOFDATA":"Vermont Enhanced 911 Board","DRIVEWAYID":null,"ESZ":"00300","HOUSE_NUMBER":100,"HOUSE_NUMBERSUFFIX":null,"HOUSE_NUMBERPREFIX":null,"FIPS":"5005"}},
{"type":"Feature","id":164791,"geometry":{"type":"Point","coordinates":[-71.9540030194123,44.3408744755933]},"properties":{"OBJECTID":164791,"SEGMENTID":9752,"ESITEID":275966,"GEONAMEID":22325,"PD":" ","PT":" ","SN":"CHAMBERLAIN","ST":"LN","SD":" ","PRIMARYNAME":"CHAMBERLAIN LN  ","ALIAS1":null,"ALIAS2":null,"ALIAS3":null,"ALIAS4":null,"ALIAS5":"5\/12\/2015 7:30:02 PM","PRIMARYADDRESS":"38 CHAMBERLAIN LN","SITETYPE":"SINGLE FAMILY DWELLING","TOWNNAME":"WATERFORD","MCODE":721,"ESN":300,"ZIP":"05819","PARCELNUM":"666.","GPSX":-71.954002,"GPSY":44.34086546,"MAPYEAR":"Wed, 23 Apr 2003 00:00:00 GMT","UPDATEDATE":"Fri, 27 Jan 2023 21:28:51 GMT","STATE":"VT","FIPS8":5005,"SPAN":"699-222-10500","SUBTYPE":null,"GlobalID_1":"c57f676c-f4fe-4148-a959-1720aa0853e4","UNITCOUNT":1,"PRIMARYADD1":"38 CHAMBERLAIN LN WATERFORD","PRIMARYADD2":"38 CHAMBERLAIN LN WATERFORD VT 05819","SITETYPE_MULTI1":null,"SITETYPE_MULTI2":null,"SITETYPE_MULTI3":null,"SITETYPE_MULTI4":null,"SITETYPE_MULTI5":null,"COUNTY":"CALEDONIA","COUNTRY":"US","SOURCEOFDATA":"Vermont Enhanced 911 Board","DRIVEWAYID":null,"ESZ":"00300","HOUSE_NUMBER":38,"HOUSE_NUMBERSUFFIX":null,"HOUSE_NUMBERPREFIX":null,"FIPS":"5005"}},
{"type":"Feature","id":103631,"geometry":{"type":"Point","coordinates":[-72.0175636318062,44.3713076127121]},"properties":{"OBJECTID":103631,"SEGMENTID":21064,"ESITEID":275967,"GEONAMEID":22341,"PD":" ","PT":" ","SN":"OLD SILO","ST":"RD","SD":" ","PRIMARYNAME":"OLD SILO RD  ","ALIAS1":null,"ALIAS2":null,"ALIAS3":null,"ALIAS4":null,"ALIAS5":"2\/26\/2016 11:32:57 AM","PRIMARYADDRESS":"295 OLD SILO RD","SITETYPE":"SINGLE FAMILY DWELLING","TOWNNAME":"WATERFORD","MCODE":721,"ESN":300,"ZIP":"05819","PARCELNUM":"405.1","GPSX":-72.01756259,"GPSY":44.37129859,"MAPYEAR":"Wed, 23 Apr 2003 00:00:00 GMT","UPDATEDATE":"Fri, 27 Jan 2023 21:28:58 GMT","STATE":"VT","FIPS8":5005,"SPAN":"699-222-10001","SUBTYPE":null,"GlobalID_1":"808858fa-946c-4f77-9e78-76a18fdbcb00","UNITCOUNT":1,"PRIMARYADD1":"295 OLD SILO RD WATERFORD","PRIMARYADD2":"295 OLD SILO RD WATERFORD VT 05819","SITETYPE_MULTI1":null,"SITETYPE_MULTI2":null,"SITETYPE_MULTI3":null,"SITETYPE_MULTI4":null,"SITETYPE_MULTI5":null,"COUNTY":"CALEDONIA","COUNTRY":"US","SOURCEOFDATA":"Vermont Enhanced 911 Board","DRIVEWAYID":null,"ESZ":"00300","HOUSE_NUMBER":295,"HOUSE_NUMBERSUFFIX":null,"HOUSE_NUMBERPREFIX":null,"FIPS":"5005"}},
{"type":"Feature","id":276081,"geometry":{"type":"Point","coordinates":[-71.9279123067753,44.4078716077111]},"properties":{"OBJECTID":276081,"SEGMENTID":50840,"ESITEID":275968,"GEONAMEID":22321,"PD":" ","PT":"","SN":"VT ROUTE 18","ST":" ","SD":" ","PRIMARYNAME":"VT ROUTE 18","ALIAS1":null,"ALIAS2":"ROUTE 18","ALIAS3":null,"ALIAS4":null,"ALIAS5":"11\/21\/2017 12:28:27 PM","PRIMARYADDRESS":"2259 VT ROUTE 18","SITETYPE":"SINGLE FAMILY DWELLING","TOWNNAME":"WATERFORD","MCODE":721,"ESN":300,"ZIP":"05819","PARCELNUM":"289.2","GPSX":-71.9279113,"GPSY":44.40786259,"MAPYEAR":"Wed, 23 Apr 2003 00:00:00 GMT","UPDATEDATE":"Sat, 28 Jan 2023 00:01:43 GMT","STATE":"VT","FIPS8":5005,"SPAN":"699-222-10820","SUBTYPE":null,"GlobalID_1":"9f41486c-2ac4-4e2f-b008-7561e362b19c","UNITCOUNT":1,"PRIMARYADD1":"2259 VT ROUTE 18 WATERFORD","PRIMARYADD2":"2259 VT ROUTE 18 WATERFORD VT 05819","SITETYPE_MULTI1":null,"SITETYPE_MULTI2":null,"SITETYPE_MULTI3":null,"SITETYPE_MULTI4":null,"SITETYPE_MULTI5":null,"COUNTY":"CALEDONIA","COUNTRY":"US","SOURCEOFDATA":"Vermont Enhanced 911 Board","DRIVEWAYID":null,"ESZ":"00300","HOUSE_NUMBER":2259,"HOUSE_NUMBERSUFFIX":null,"HOUSE_NUMBERPREFIX":null,"FIPS":"5005"}},
{"type":"Feature","id":122902,"geometry":{"type":"Point","coordinates":[-71.9610883184885,44.3598593633043]},"properties":{"OBJECTID":122902,"SEGMENTID":17353,"ESITEID":275969,"GEONAMEID":22342,"PD":" ","PT":" ","SN":"HALE","ST":"RD","SD":" ","PRIMARYNAME":"HALE RD","ALIAS1":null,"ALIAS2":null,"ALIAS3":null,"ALIAS4":null,"ALIAS5":"2\/26\/2016 11:32:33 AM","PRIMARYADDRESS":"247 HALE RD","SITETYPE":"SINGLE FAMILY DWELLING","TOWNNAME":"WATERFORD","MCODE":721,"ESN":300,"ZIP":"05819","PARCELNUM":"701.2","GPSX":-71.9610873,"GPSY":44.35985035,"MAPYEAR":"Wed, 23 Apr 2003 00:00:00 GMT","UPDATEDATE":"Fri, 27 Jan 2023 21:23:06 GMT","STATE":"VT","FIPS8":5005,"SPAN":"699-222-10817","SUBTYPE":null,"GlobalID_1":"d660fe9a-9537-451a-8231-7aac5f671c2a","UNITCOUNT":1,"PRIMARYADD1":"247 HALE RD WATERFORD","PRIMARYADD2":"247 HALE RD WATERFORD VT 05819","SITETYPE_MULTI1":null,"SITETYPE_MULTI2":null,"SITETYPE_MULTI3":null,"SITETYPE_MULTI4":null,"SITETYPE_MULTI5":null,"COUNTY":"CALEDONIA","COUNTRY":"US","SOURCEOFDATA":"Vermont Enhanced 911 Board","DRIVEWAYID":null,"ESZ":"00300","HOUSE_NUMBER":247,"HOUSE_NUMBERSUFFIX":null,"HOUSE_NUMBERPREFIX":null,"FIPS":"5005"}},
{"type":"Feature","id":118659,"geometry":{"type":"Point","coordinates":[-71.9977736539973,44.3975284518152]},"properties":{"OBJECTID":118659,"SEGMENTID":252301,"ESITEID":275970,"GEONAMEID":22336,"PD":"","PT":"","SN":"HASTINGS","ST":"RD","SD":"","PRIMARYNAME":"HASTINGS RD","ALIAS1":null,"ALIAS2":null,"ALIAS3":null,"ALIAS4":null,"ALIAS5":"1\/26\/2022 1:55:02 PM","PRIMARYADDRESS":"349 HASTINGS RD","SITETYPE":"SINGLE FAMILY DWELLING","TOWNNAME":"WATERFORD","MCODE":721,"ESN":300,"ZIP":"05819","PARCELNUM":"642.1","GPSX":-71.99777262,"GPSY":44.39751943,"MAPYEAR":"Wed, 23 Apr 2003 00:00:00 GMT","UPDATEDATE":"Fri, 27 Jan 2023 21:28:56 GMT","STATE":"VT","FIPS8":5005,"SPAN":"699-222-10320","SUBTYPE":null,"GlobalID_1":"513a4a98-1d62-44b9-a697-f163eb8df0ed","UNITCOUNT":1,"PRIMARYADD1":"349 HASTINGS RD WATERFORD","PRIMARYADD2":"349 HASTINGS RD WATERFORD VT 05819","SITETYPE_MULTI1":null,"SITETYPE_MULTI2":null,"SITETYPE_MULTI3":null,"SITETYPE_MULTI4":null,"SITETYPE_MULTI5":null,"COUNTY":"CALEDONIA","COUNTRY":"US","SOURCEOFDATA":"Vermont Enhanced 911 Board","DRIVEWAYID":null,"ESZ":"00300","HOUSE_NUMBER":349,"HOUSE_NUMBERSUFFIX":null,"HOUSE_NUMBERPREFIX":null,"FIPS":"5005"}},
{"type":"Feature","id":185550,"geometry":{"type":"Point","coordinates":[-71.9710338933082,44.3445848467085]},"properties":{"OBJECTID":185550,"SEGMENTID":25647,"ESITEID":275971,"GEONAMEID":22323,"PD":" ","PT":" ","SN":"COPENHAGEN","ST":"RD","SD":" ","PRIMARYNAME":"COPENHAGEN RD  ","ALIAS1":null,"ALIAS2":null,"ALIAS3":null,"ALIAS4":null,"ALIAS5":"2\/26\/2016 11:32:56 AM","PRIMARYADDRESS":"391 COPENHAGEN RD","SITETYPE":"SINGLE FAMILY DWELLING","TOWNNAME":"WATERFORD","MCODE":721,"ESN":300,"ZIP":"05819","PARCELNUM":"743.","GPSX":-71.97103287,"GPSY":44.34457583,"MAPYEAR":"Wed, 23 Apr 2003 00:00:00 GMT","UPDATEDATE":"Fri, 27 Jan 2023 21:28:50 GMT","STATE":"VT","FIPS8":5005,"SPAN":"699-222-10112","SUBTYPE":null,"GlobalID_1":"4d1d5df8-5b16-470a-ad06-426b943239c4","UNITCOUNT":1,"PRIMARYADD1":"391 COPENHAGEN RD WATERFORD","PRIMARYADD2":"391 COPENHAGEN RD WATERFORD VT 05819","SITETYPE_MULTI1":null,"SITETYPE_MULTI2":null,"SITETYPE_MULTI3":null,"SITETYPE_MULTI4":null,"SITETYPE_MULTI5":null,"COUNTY":"CALEDONIA","COUNTRY":"US","SOURCEOFDATA":"Vermont Enhanced 911 Board","DRIVEWAYID":null,"ESZ":"00300","HOUSE_NUMBER":391,"HOUSE_NUMBERSUFFIX":null,"HOUSE_NUMBERPREFIX":null,"FIPS":"5005"}},
{"type":"Feature","id":173651,"geometry":{"type":"Point","coordinates":[-71.927757135556,44.4109971743395]},"properties":{"OBJECTID":173651,"SEGMENTID":58583,"ESITEID":275975,"GEONAMEID":22309,"PD":" ","PT":" ","SN":"CROSS","ST":"RD","SD":" ","PRIMARYNAME":"CROSS RD","ALIAS1":null,"ALIAS2":null,"ALIAS3":null,"ALIAS4":null,"ALIAS5":"11\/21\/2017 12:28:50 PM","PRIMARYADDRESS":"114 CROSS RD","SITETYPE":"SINGLE FAMILY DWELLING","TOWNNAME":"WATERFORD","MCODE":721,"ESN":300,"ZIP":"05819","PARCELNUM":"289.1","GPSX":-71.92775613,"GPSY":44.41098815,"MAPYEAR":"Mon, 19 May 2003 00:00:00 GMT","UPDATEDATE":"Fri, 27 Jan 2023 21:23:01 GMT","STATE":"VT","FIPS8":5005,"SPAN":"699-222-10444","SUBTYPE":null,"GlobalID_1":"b34e400d-d85f-46d2-b325-d4f4dc7d507e","UNITCOUNT":1,"PRIMARYADD1":"114 CROSS RD WATERFORD","PRIMARYADD2":"114 CROSS RD WATERFORD VT 05819","SITETYPE_MULTI1":null,"SITETYPE_MULTI2":null,"SITETYPE_MULTI3":null,"SITETYPE_MULTI4":null,"SITETYPE_MULTI5":null,"COUNTY":"CALEDONIA","COUNTRY":"US","SOURCEOFDATA":"Vermont Enhanced 911 Board","DRIVEWAYID":null,"ESZ":"00300","HOUSE_NUMBER":114,"HOUSE_NUMBERSUFFIX":null,"HOUSE_NUMBERPREFIX":null,"FIPS":"5005"}},
{"type":"Feature","id":190788,"geometry":{"type":"Point","coordinates":[-71.9043023197202,44.3928364561944]},"properties":{"OBJECTID":190788,"SEGMENTID":252320,"ESITEID":275976,"GEONAMEID":22311,"PD":" ","PT":"","SN":"OLD COUNTY","ST":"RD","SD":"N","PRIMARYNAME":"OLD COUNTY RD N","ALIAS1":null,"ALIAS2":null,"ALIAS3":null,"ALIAS4":null,"ALIAS5":"6\/15\/2015 2:26:47 PM","PRIMARYADDRESS":"1191 OLD COUNTY RD N","SITETYPE":"SINGLE FAMILY DWELLING","TOWNNAME":"WATERFORD","MCODE":721,"ESN":300,"ZIP":"05819","PARCELNUM":"590.1","GPSX":-71.90430132,"GPSY":44.39282743,"MAPYEAR":"Wed, 16 Jul 2003 00:00:00 GMT","UPDATEDATE":"Fri, 27 Jan 2023 21:23:03 GMT","STATE":"VT","FIPS8":5005,"SPAN":"699-222-10818","SUBTYPE":null,"GlobalID_1":"bc64ad3c-638a-4f4f-aa99-f6fdf63c86da","UNITCOUNT":1,"PRIMARYADD1":"1191 OLD COUNTY RD N WATERFORD","PRIMARYADD2":"1191 OLD COUNTY RD N WATERFORD VT 05819","SITETYPE_MULTI1":null,"SITETYPE_MULTI2":null,"SITETYPE_MULTI3":null,"SITETYPE_MULTI4":null,"SITETYPE_MULTI5":null,"COUNTY":"CALEDONIA","COUNTRY":"US","SOURCEOFDATA":"Vermont Enhanced 911 Board","DRIVEWAYID":null,"ESZ":"00300","HOUSE_NUMBER":1191,"HOUSE_NUMBERSUFFIX":null,"HOUSE_NUMBERPREFIX":null,"FIPS":"5005"}},
{"type":"Feature","id":117392,"geometry":{"type":"Point","coordinates":[-71.8653371935616,44.3658896312478]},"properties":{"OBJECTID":117392,"SEGMENTID":36883,"ESITEID":275977,"GEONAMEID":22319,"PD":" ","PT":" ","SN":"SHADOW LAKE","ST":"RD","SD":" ","PRIMARYNAME":"SHADOW LAKE RD  ","ALIAS1":null,"ALIAS2":null,"ALIAS3":null,"ALIAS4":null,"ALIAS5":"12\/28\/2018 10:13:48 AM","PRIMARYADDRESS":"1865 SHADOW LAKE RD","SITETYPE":"SINGLE FAMILY DWELLING","TOWNNAME":"WATERFORD","MCODE":721,"ESN":300,"ZIP":"05819","PARCELNUM":"383.","GPSX":-71.86533621,"GPSY":44.36588061,"MAPYEAR":"Tue, 13 Apr 2004 00:00:00 GMT","UPDATEDATE":"Fri, 27 Jan 2023 21:28:50 GMT","STATE":"VT","FIPS8":5005,"SPAN":"699-222-10197","SUBTYPE":null,"GlobalID_1":"adf296a1-0a13-4ef2-8afd-67153f7cd9d8","UNITCOUNT":1,"PRIMARYADD1":"1865 SHADOW LAKE RD WATERFORD","PRIMARYADD2":"1865 SHADOW LAKE RD WATERFORD VT 05819","SITETYPE_MULTI1":null,"SITETYPE_MULTI2":null,"SITETYPE_MULTI3":null,"SITETYPE_MULTI4":null,"SITETYPE_MULTI5":null,"COUNTY":"CALEDONIA","COUNTRY":"US","SOURCEOFDATA":"Vermont Enhanced 911 Board","DRIVEWAYID":null,"ESZ":"00300","HOUSE_NUMBER":1865,"HOUSE_NUMBERSUFFIX":null,"HOUSE_NUMBERPREFIX":null,"FIPS":"5005"}},
{"type":"Feature","id":335732,"geometry":{"type":"Point","coordinates":[-71.9019458429339,44.3732279529215]},"properties":{"OBJECTID":335732,"SEGMENTID":9750,"ESITEID":275979,"GEONAMEID":22313,"PD":" ","PT":" ","SN":"CAMPBELL","ST":"RD","SD":" ","PRIMARYNAME":"CAMPBELL RD  ","ALIAS1":null,"ALIAS2":null,"ALIAS3":null,"ALIAS4":null,"ALIAS5":"5\/12\/2015 7:30:02 PM","PRIMARYADDRESS":"117 CAMPBELL RD","SITETYPE":"SINGLE FAMILY DWELLING","TOWNNAME":"WATERFORD","MCODE":721,"ESN":300,"ZIP":"05819","PARCELNUM":"752.7","GPSX":-71.90194484,"GPSY":44.37321893,"MAPYEAR":"Tue, 13 Apr 2004 00:00:00 GMT","UPDATEDATE":"Fri, 27 Jan 2023 21:28:48 GMT","STATE":"VT","FIPS8":5005,"SPAN":"699-222-10850","SUBTYPE":null,"GlobalID_1":"b729fe1d-e08d-4ad9-8744-f72f4a0708a2","UNITCOUNT":1,"PRIMARYADD1":"117 CAMPBELL RD WATERFORD","PRIMARYADD2":"117 CAMPBELL RD WATERFORD VT 05819","SITETYPE_MULTI1":null,"SITETYPE_MULTI2":null,"SITETYPE_MULTI3":null,"SITETYPE_MULTI4":null,"SITETYPE_MULTI5":null,"COUNTY":"CALEDONIA","COUNTRY":"US","SOURCEOFDATA":"Vermont Enhanced 911 Board","DRIVEWAYID":null,"ESZ":"00300","HOUSE_NUMBER":117,"HOUSE_NUMBERSUFFIX":null,"HOUSE_NUMBERPREFIX":null,"FIPS":"5005"}},
{"type":"Feature","id":134135,"geometry":{"type":"Point","coordinates":[-72.0011825770813,44.3749285989764]},"properties":{"OBJECTID":134135,"SEGMENTID":47177,"ESITEID":275980,"GEONAMEID":22342,"PD":" ","PT":" ","SN":"HALE","ST":"RD","SD":" ","PRIMARYNAME":"HALE RD","ALIAS1":null,"ALIAS2":null,"ALIAS3":null,"ALIAS4":null,"ALIAS5":"2\/26\/2016 11:32:33 AM","PRIMARYADDRESS":"2746 HALE RD","SITETYPE":"CAMP","TOWNNAME":"WATERFORD","MCODE":721,"ESN":300,"ZIP":"05819","PARCELNUM":"316.","GPSX":-72.00118155,"GPSY":44.37491959,"MAPYEAR":"Tue, 13 Apr 2004 00:00:00 GMT","UPDATEDATE":"Thu, 29 May 2025 13:17:41 GMT","STATE":"VT","FIPS8":5005,"SPAN":"699-222-10115","SUBTYPE":null,"GlobalID_1":"826ed202-2289-4e04-83c5-04dfc843c5fa","UNITCOUNT":1,"PRIMARYADD1":"2746 HALE RD WATERFORD","PRIMARYADD2":"2746 HALE RD WATERFORD VT 05819","SITETYPE_MULTI1":null,"SITETYPE_MULTI2":null,"SITETYPE_MULTI3":null,"SITETYPE_MULTI4":null,"SITETYPE_MULTI5":null,"COUNTY":"CALEDONIA","COUNTRY":"US","SOURCEOFDATA":"Vermont Enhanced 911 Board","DRIVEWAYID":null,"ESZ":"00300","HOUSE_NUMBER":2746,"HOUSE_NUMBERSUFFIX":null,"HOUSE_NUMBERPREFIX":null,"FIPS":"5005"}},
{"type":"Feature","id":321706,"geometry":{"type":"Point","coordinates":[-71.9723877055146,44.3471777964379]},"properties":{"OBJECTID":321706,"SEGMENTID":25647,"ESITEID":275981,"GEONAMEID":22323,"PD":" ","PT":" ","SN":"COPENHAGEN","ST":"RD","SD":" ","PRIMARYNAME":"COPENHAGEN RD  ","ALIAS1":null,"ALIAS2":null,"ALIAS3":null,"ALIAS4":null,"ALIAS5":"2\/26\/2016 11:32:56 AM","PRIMARYADDRESS":"565 COPENHAGEN RD","SITETYPE":"SINGLE FAMILY DWELLING","TOWNNAME":"WATERFORD","MCODE":721,"ESN":300,"ZIP":"05819","PARCELNUM":"048.","GPSX":-71.97238669,"GPSY":44.34716879,"MAPYEAR":"Tue, 13 Apr 2004 00:00:00 GMT","UPDATEDATE":"Thu, 29 May 2025 12:33:09 GMT","STATE":"VT","FIPS8":5005,"SPAN":"699-222-10056","SUBTYPE":null,"GlobalID_1":"26879556-6eaf-4f39-ab3a-a31dbe0d3c0d","UNITCOUNT":1,"PRIMARYADD1":"565 COPENHAGEN RD WATERFORD","PRIMARYADD2":"565 COPENHAGEN RD WATERFORD VT 05819","SITETYPE_MULTI1":null,"SITETYPE_MULTI2":null,"SITETYPE_MULTI3":null,"SITETYPE_MULTI4":null,"SITETYPE_MULTI5":null,"COUNTY":"CALEDONIA","COUNTRY":"US","SOURCEOFDATA":"Vermont Enhanced 911 Board","DRIVEWAYID":null,"ESZ":"00300","HOUSE_NUMBER":565,"HOUSE_NUMBERSUFFIX":null,"HOUSE_NUMBERPREFIX":null,"FIPS":"5005"}},
{"type":"Feature","id":261663,"geometry":{"type":"Point","coordinates":[-71.9522594905276,44.3543430625461]},"properties":{"OBJECTID":261663,"SEGMENTID":10030,"ESITEID":275982,"GEONAMEID":22326,"PD":" ","PT":" ","SN":"DUCK POND","ST":"RD","SD":" ","PRIMARYNAME":"DUCK POND RD  ","ALIAS1":null,"ALIAS2":null,"ALIAS3":null,"ALIAS4":null,"ALIAS5":"9\/13\/2018 9:02:36 AM","PRIMARYADDRESS":"4727 DUCK POND RD","SITETYPE":"SINGLE FAMILY DWELLING","TOWNNAME":"WATERFORD","MCODE":721,"ESN":300,"ZIP":"05819","PARCELNUM":"002.","GPSX":-71.95225848,"GPSY":44.35433405,"MAPYEAR":"Tue, 13 Apr 2004 00:00:00 GMT","UPDATEDATE":"Thu, 29 May 2025 12:34:18 GMT","STATE":"VT","FIPS8":5005,"SPAN":"699-222-10322","SUBTYPE":null,"GlobalID_1":"c958fbc3-27c8-470f-8446-66f92dcd72ce","UNITCOUNT":1,"PRIMARYADD1":"4727 DUCK POND RD WATERFORD","PRIMARYADD2":"4727 DUCK POND RD WATERFORD VT 05819","SITETYPE_MULTI1":null,"SITETYPE_MULTI2":null,"SITETYPE_MULTI3":null,"SITETYPE_MULTI4":null,"SITETYPE_MULTI5":null,"COUNTY":"CALEDONIA","COUNTRY":"US","SOURCEOFDATA":"Vermont Enhanced 911 Board","DRIVEWAYID":null,"ESZ":"00300","HOUSE_NUMBER":4727,"HOUSE_NUMBERSUFFIX":null,"HOUSE_NUMBERPREFIX":null,"FIPS":"5005"}},
{"type":"Feature","id":158388,"geometry":{"type":"Point","coordinates":[-71.9525749033543,44.3548005640176]},"properties":{"OBJECTID":158388,"SEGMENTID":10030,"ESITEID":275983,"GEONAMEID":22326,"PD":" ","PT":" ","SN":"DUCK POND","ST":"RD","SD":" ","PRIMARYNAME":"DUCK POND RD  ","ALIAS1":null,"ALIAS2":null,"ALIAS3":null,"ALIAS4":null,"ALIAS5":"9\/13\/2016 10:51:03 AM","PRIMARYADDRESS":"4711 DUCK POND RD","SITETYPE":"SINGLE FAMILY DWELLING","TOWNNAME":"WATERFORD","MCODE":721,"ESN":300,"ZIP":"05819","PARCELNUM":"003.","GPSX":-71.95257389,"GPSY":44.35479155,"MAPYEAR":"Tue, 13 Apr 2004 00:00:00 GMT","UPDATEDATE":"Fri, 27 Jan 2023 21:28:52 GMT","STATE":"VT","FIPS8":5005,"SPAN":"699-222-10250","SUBTYPE":null,"GlobalID_1":"258d5239-fbef-4c8c-860f-fb5f8db80b87","UNITCOUNT":1,"PRIMARYADD1":"4711 DUCK POND RD WATERFORD","PRIMARYADD2":"4711 DUCK POND RD WATERFORD VT 05819","SITETYPE_MULTI1":null,"SITETYPE_MULTI2":null,"SITETYPE_MULTI3":null,"SITETYPE_MULTI4":null,"SITETYPE_MULTI5":null,"COUNTY":"CALEDONIA","COUNTRY":"US","SOURCEOFDATA":"Vermont Enhanced 911 Board","DRIVEWAYID":null,"ESZ":"00300","HOUSE_NUMBER":4711,"HOUSE_NUMBERSUFFIX":null,"HOUSE_NUMBERPREFIX":null,"FIPS":"5005"}},
{"type":"Feature","id":216864,"geometry":{"type":"Point","coordinates":[-71.9299446439884,44.3817940889354]},"properties":{"OBJECTID":216864,"SEGMENTID":17355,"ESITEID":275984,"GEONAMEID":22329,"PD":" ","PT":" ","SN":"REMICK","ST":"RD","SD":" ","PRIMARYNAME":"REMICK RD  ","ALIAS1":null,"ALIAS2":null,"ALIAS3":null,"ALIAS4":null,"ALIAS5":"5\/12\/2015 7:30:02 PM","PRIMARYADDRESS":"548 REMICK RD","SITETYPE":"SINGLE FAMILY DWELLING","TOWNNAME":"WATERFORD","MCODE":721,"ESN":300,"ZIP":"05819","PARCELNUM":"580.1","GPSX":-71.92994364,"GPSY":44.38178507,"MAPYEAR":"Tue, 13 Apr 2004 00:00:00 GMT","UPDATEDATE":"Mon, 13 Feb 2023 11:21:50 GMT","STATE":"VT","FIPS8":5005,"SPAN":"699-222-10829","SUBTYPE":null,"GlobalID_1":"dcb0c3dd-5d0e-44cc-9c28-e0883cb94832","UNITCOUNT":1,"PRIMARYADD1":"548 REMICK RD WATERFORD","PRIMARYADD2":"548 REMICK RD WATERFORD VT 05819","SITETYPE_MULTI1":null,"SITETYPE_MULTI2":null,"SITETYPE_MULTI3":null,"SITETYPE_MULTI4":null,"SITETYPE_MULTI5":null,"COUNTY":"CALEDONIA","COUNTRY":"US","SOURCEOFDATA":"Vermont Enhanced 911 Board","DRIVEWAYID":null,"ESZ":"00300","HOUSE_NUMBER":548,"HOUSE_NUMBERSUFFIX":null,"HOUSE_NUMBERPREFIX":null,"FIPS":"5005"}},
{"type":"Feature","id":291078,"geometry":{"type":"Point","coordinates":[-71.9810613107647,44.3412910703649]},"properties":{"OBJECTID":291078,"SEGMENTID":25647,"ESITEID":275985,"GEONAMEID":22323,"PD":" ","PT":" ","SN":"COPENHAGEN","ST":"RD","SD":" ","PRIMARYNAME":"COPENHAGEN RD  ","ALIAS1":null,"ALIAS2":null,"ALIAS3":null,"ALIAS4":null,"ALIAS5":"5\/12\/2015 7:30:02 PM","PRIMARYADDRESS":"1330 COPENHAGEN RD","SITETYPE":"SINGLE FAMILY DWELLING","TOWNNAME":"WATERFORD","MCODE":721,"ESN":300,"ZIP":"05819","PARCELNUM":"680.","GPSX":-71.98106029,"GPSY":44.34128206,"MAPYEAR":"Wed, 02 Jun 2004 00:00:00 GMT","UPDATEDATE":"Fri, 27 Jan 2023 21:28:50 GMT","STATE":"VT","FIPS8":5005,"SPAN":"699-222-10423","SUBTYPE":null,"GlobalID_1":"e0588049-00ed-4bcb-a6d8-4250d69051db","UNITCOUNT":1,"PRIMARYADD1":"1330 COPENHAGEN RD WATERFORD","PRIMARYADD2":"1330 COPENHAGEN RD WATERFORD VT 05819","SITETYPE_MULTI1":null,"SITETYPE_MULTI2":null,"SITETYPE_MULTI3":null,"SITETYPE_MULTI4":null,"SITETYPE_MULTI5":null,"COUNTY":"CALEDONIA","COUNTRY":"US","SOURCEOFDATA":"Vermont Enhanced 911 Board","DRIVEWAYID":null,"ESZ":"00300","HOUSE_NUMBER":1330,"HOUSE_NUMBERSUFFIX":null,"HOUSE_NUMBERPREFIX":null,"FIPS":"5005"}},
{"type":"Feature","id":4580,"geometry":{"type":"Point","coordinates":[-71.9001817069277,44.3530665295105]},"properties":{"OBJECTID":4580,"SEGMENTID":24883,"ESITEID":275986,"GEONAMEID":22321,"PD":" ","PT":"","SN":"VT ROUTE 18","ST":" ","SD":" ","PRIMARYNAME":"VT ROUTE 18","ALIAS1":null,"ALIAS2":"ROUTE 18","ALIAS3":null,"ALIAS4":null,"ALIAS5":"5\/12\/2015 7:33:21 PM","PRIMARYADDRESS":"6763 VT ROUTE 18","SITETYPE":"SINGLE FAMILY DWELLING","TOWNNAME":"WATERFORD","MCODE":721,"ESN":300,"ZIP":"05819","PARCELNUM":"398.1","GPSX":-71.90018071,"GPSY":44.35305751,"MAPYEAR":"Wed, 10 Nov 2004 00:00:00 GMT","UPDATEDATE":"Fri, 27 Jan 2023 23:55:44 GMT","STATE":"VT","FIPS8":5005,"SPAN":"699-222-10856","SUBTYPE":null,"GlobalID_1":"906788f4-f8be-4a30-b0c6-4ea9f62050bb","UNITCOUNT":1,"PRIMARYADD1":"6763 VT ROUTE 18 WATERFORD","PRIMARYADD2":"6763 VT ROUTE 18 WATERFORD VT 05819","SITETYPE_MULTI1":null,"SITETYPE_MULTI2":null,"SITETYPE_MULTI3":null,"SITETYPE_MULTI4":null,"SITETYPE_MULTI5":null,"COUNTY":"CALEDONIA","COUNTRY":"US","SOURCEOFDATA":"Vermont Enhanced 911 Board","DRIVEWAYID":null,"ESZ":"00300","HOUSE_NUMBER":6763,"HOUSE_NUMBERSUFFIX":null,"HOUSE_NUMBERPREFIX":null,"FIPS":"5005"}},
{"type":"Feature","id":77157,"geometry":{"type":"Point","coordinates":[-71.9270556569053,44.3742876874214]},"properties":{"OBJECTID":77157,"SEGMENTID":21060,"ESITEID":275987,"GEONAMEID":22328,"PD":" ","PT":" ","SN":"HURLBUT HILL","ST":"LN","SD":" ","PRIMARYNAME":"HURLBUT HILL LN  ","ALIAS1":null,"ALIAS2":null,"ALIAS3":null,"ALIAS4":null,"ALIAS5":"5\/12\/2015 7:30:02 PM","PRIMARYADDRESS":"748 HURLBUT HILL LN","SITETYPE":"SINGLE FAMILY DWELLING","TOWNNAME":"WATERFORD","MCODE":721,"ESN":300,"ZIP":"05819","PARCELNUM":"766.","GPSX":-71.92705465,"GPSY":44.37427867,"MAPYEAR":"Fri, 28 Jan 2005 00:00:00 GMT","UPDATEDATE":"Thu, 29 May 2025 13:10:47 GMT","STATE":"VT","FIPS8":5005,"SPAN":"699-222-10611","SUBTYPE":null,"GlobalID_1":"df293d5d-7798-459b-8969-dc7d3c206e31","UNITCOUNT":1,"PRIMARYADD1":"748 HURLBUT HILL LN WATERFORD","PRIMARYADD2":"748 HURLBUT HILL LN WATERFORD VT 05819","SITETYPE_MULTI1":null,"SITETYPE_MULTI2":null,"SITETYPE_MULTI3":null,"SITETYPE_MULTI4":null,"SITETYPE_MULTI5":null,"COUNTY":"CALEDONIA","COUNTRY":"US","SOURCEOFDATA":"Vermont Enhanced 911 Board","DRIVEWAYID":null,"ESZ":"00300","HOUSE_NUMBER":748,"HOUSE_NUMBERSUFFIX":null,"HOUSE_NUMBERPREFIX":null,"FIPS":"5005"}},
{"type":"Feature","id":186436,"geometry":{"type":"Point","coordinates":[-71.9213963902641,44.3710154608221]},"properties":{"OBJECTID":186436,"SEGMENTID":21060,"ESITEID":275988,"GEONAMEID":22328,"PD":" ","PT":" ","SN":"HURLBUT HILL","ST":"LN","SD":" ","PRIMARYNAME":"HURLBUT HILL LN  ","ALIAS1":null,"ALIAS2":null,"ALIAS3":null,"ALIAS4":null,"ALIAS5":"7\/29\/2016 2:24:09 PM","PRIMARYADDRESS":"757 HURLBUT HILL LN","SITETYPE":"DEVELOPMENT SITE","TOWNNAME":"WATERFORD","MCODE":721,"ESN":300,"ZIP":"05819","PARCELNUM":"264.","GPSX":-71.92139539,"GPSY":44.37100644,"MAPYEAR":"Fri, 28 Jan 2005 00:00:00 GMT","UPDATEDATE":"Fri, 27 Jan 2023 21:28:53 GMT","STATE":"VT","FIPS8":5005,"SPAN":"699-222-10076","SUBTYPE":null,"GlobalID_1":"40ff9f0a-287c-4e0c-9d4f-650abadad5a2","UNITCOUNT":1,"PRIMARYADD1":"757 HURLBUT HILL LN WATERFORD","PRIMARYADD2":"757 HURLBUT HILL LN WATERFORD VT 05819","SITETYPE_MULTI1":null,"SITETYPE_MULTI2":null,"SITETYPE_MULTI3":null,"SITETYPE_MULTI4":null,"SITETYPE_MULTI5":null,"COUNTY":"CALEDONIA","COUNTRY":"US","SOURCEOFDATA":"Vermont Enhanced 911 Board","DRIVEWAYID":null,"ESZ":"00300","HOUSE_NUMBER":757,"HOUSE_NUMBERSUFFIX":null,"HOUSE_NUMBERPREFIX":null,"FIPS":"5005"}},
{"type":"Feature","id":64242,"geometry":{"type":"Point","coordinates":[-71.9882246718899,44.403580439073]},"properties":{"OBJECTID":64242,"SEGMENTID":21062,"ESITEID":275989,"GEONAMEID":22335,"PD":" ","PT":" ","SN":"DANIELS FARM","ST":"RD","SD":" ","PRIMARYNAME":"DANIELS FARM RD  ","ALIAS1":null,"ALIAS2":null,"ALIAS3":null,"ALIAS4":null,"ALIAS5":"5\/12\/2015 7:30:02 PM","PRIMARYADDRESS":"2836 DANIELS FARM RD","SITETYPE":"LODGING B&B \/ HOTEL \/ MOTEL \/ INN","TOWNNAME":"WATERFORD","MCODE":721,"ESN":300,"ZIP":"05819","PARCELNUM":"381.1","GPSX":-71.98822365,"GPSY":44.40357142,"MAPYEAR":"Fri, 28 Jan 2005 00:00:00 GMT","UPDATEDATE":"Tue, 28 May 2024 15:37:35 GMT","STATE":"VT","FIPS8":5005,"SPAN":"699-222-10847","SUBTYPE":null,"GlobalID_1":"b7ab625a-8f00-4d4b-948b-6b3b4e059944","UNITCOUNT":1,"PRIMARYADD1":"2836 DANIELS FARM RD WATERFORD","PRIMARYADD2":"2836 DANIELS FARM RD WATERFORD VT 05819","SITETYPE_MULTI1":null,"SITETYPE_MULTI2":null,"SITETYPE_MULTI3":null,"SITETYPE_MULTI4":null,"SITETYPE_MULTI5":null,"COUNTY":"CALEDONIA","COUNTRY":"US","SOURCEOFDATA":"Vermont Enhanced 911 Board","DRIVEWAYID":null,"ESZ":"00300","HOUSE_NUMBER":2836,"HOUSE_NUMBERSUFFIX":null,"HOUSE_NUMBERPREFIX":null,"FIPS":"5005"}},
{"type":"Feature","id":44683,"geometry":{"type":"Point","coordinates":[-71.9582014374539,44.3384994475277]},"properties":{"OBJECTID":44683,"SEGMENTID":43503,"ESITEID":275990,"GEONAMEID":22346,"PD":" ","PT":" ","SN":"LOWER WATERFORD","ST":"RD","SD":" ","PRIMARYNAME":"LOWER WATERFORD RD","ALIAS1":null,"ALIAS2":null,"ALIAS3":null,"ALIAS4":null,"ALIAS5":"5\/12\/2015 7:29:44 PM","PRIMARYADDRESS":"3041 LOWER WATERFORD RD","SITETYPE":"SINGLE FAMILY DWELLING","TOWNNAME":"WATERFORD","MCODE":721,"ESN":300,"ZIP":"05819","PARCELNUM":"622.1","GPSX":-71.95820042,"GPSY":44.33849043,"MAPYEAR":"Tue, 01 Feb 2005 00:00:00 GMT","UPDATEDATE":"Fri, 27 Jan 2023 21:23:08 GMT","STATE":"VT","FIPS8":5005,"SPAN":"699-222-10457","SUBTYPE":null,"GlobalID_1":"17f72dae-4df0-4741-b334-ddd779b3cd0d","UNITCOUNT":1,"PRIMARYADD1":"3041 LOWER WATERFORD RD WATERFORD","PRIMARYADD2":"3041 LOWER WATERFORD RD WATERFORD VT 05819","SITETYPE_MULTI1":null,"SITETYPE_MULTI2":null,"SITETYPE_MULTI3":null,"SITETYPE_MULTI4":null,"SITETYPE_MULTI5":null,"COUNTY":"CALEDONIA","COUNTRY":"US","SOURCEOFDATA":"Vermont Enhanced 911 Board","DRIVEWAYID":null,"ESZ":"00300","HOUSE_NUMBER":3041,"HOUSE_NUMBERSUFFIX":null,"HOUSE_NUMBERPREFIX":null,"FIPS":"5005"}},
{"type":"Feature","id":346289,"geometry":{"type":"Point","coordinates":[-72.0105344180354,44.3825841531123]},"properties":{"OBJECTID":346289,"SEGMENTID":24884,"ESITEID":275991,"GEONAMEID":22353,"PD":" ","PT":" ","SN":"HILLSIDE","ST":"LN","SD":" ","PRIMARYNAME":"HILLSIDE LN","ALIAS1":null,"ALIAS2":null,"ALIAS3":null,"ALIAS4":null,"ALIAS5":"5\/12\/2015 7:29:44 PM","PRIMARYADDRESS":"60 HILLSIDE LN","SITETYPE":"SINGLE FAMILY DWELLING","TOWNNAME":"WATERFORD","MCODE":721,"ESN":300,"ZIP":"05819","PARCELNUM":"690.","GPSX":-72.01053338,"GPSY":44.38257513,"MAPYEAR":"Tue, 01 Feb 2005 00:00:00 GMT","UPDATEDATE":"Fri, 27 Jan 2023 21:23:09 GMT","STATE":"VT","FIPS8":5005,"SPAN":"699-222-10523","SUBTYPE":null,"GlobalID_1":"add3dbc4-bc25-4914-9b5b-cd712bfebd64","UNITCOUNT":1,"PRIMARYADD1":"60 HILLSIDE LN WATERFORD","PRIMARYADD2":"60 HILLSIDE LN WATERFORD VT 05819","SITETYPE_MULTI1":null,"SITETYPE_MULTI2":null,"SITETYPE_MULTI3":null,"SITETYPE_MULTI4":null,"SITETYPE_MULTI5":null,"COUNTY":"CALEDONIA","COUNTRY":"US","SOURCEOFDATA":"Vermont Enhanced 911 Board","DRIVEWAYID":null,"ESZ":"00300","HOUSE_NUMBER":60,"HOUSE_NUMBERSUFFIX":null,"HOUSE_NUMBERPREFIX":null,"FIPS":"5005"}},
{"type":"Feature","id":28849,"geometry":{"type":"Point","coordinates":[-71.954175778638,44.3569180654511]},"properties":{"OBJECTID":28849,"SEGMENTID":10030,"ESITEID":275992,"GEONAMEID":22326,"PD":" ","PT":" ","SN":"DUCK POND","ST":"RD","SD":" ","PRIMARYNAME":"DUCK POND RD  ","ALIAS1":null,"ALIAS2":null,"ALIAS3":null,"ALIAS4":null,"ALIAS5":"1\/6\/2016 1:15:51 PM","PRIMARYADDRESS":"4503 DUCK POND RD","SITETYPE":"SINGLE FAMILY DWELLING","TOWNNAME":"WATERFORD","MCODE":721,"ESN":300,"ZIP":"05819","PARCELNUM":"702.1","GPSX":-71.95417477,"GPSY":44.35690905,"MAPYEAR":"Sat, 12 Feb 2005 00:00:00 GMT","UPDATEDATE":"Fri, 27 Jan 2023 21:28:52 GMT","STATE":"VT","FIPS8":5005,"SPAN":"699-222-10825","SUBTYPE":null,"GlobalID_1":"fbb08d7e-996d-4f58-ae4a-e33e079bcc32","UNITCOUNT":1,"PRIMARYADD1":"4503 DUCK POND RD WATERFORD","PRIMARYADD2":"4503 DUCK POND RD WATERFORD VT 05819","SITETYPE_MULTI1":null,"SITETYPE_MULTI2":null,"SITETYPE_MULTI3":null,"SITETYPE_MULTI4":null,"SITETYPE_MULTI5":null,"COUNTY":"CALEDONIA","COUNTRY":"US","SOURCEOFDATA":"Vermont Enhanced 911 Board","DRIVEWAYID":null,"ESZ":"00300","HOUSE_NUMBER":4503,"HOUSE_NUMBERSUFFIX":null,"HOUSE_NUMBERPREFIX":null,"FIPS":"5005"}},
{"type":"Feature","id":64311,"geometry":{"type":"Point","coordinates":[-71.8962295541258,44.3660492153085]},"properties":{"OBJECTID":64311,"SEGMENTID":10124,"ESITEID":275993,"GEONAMEID":22314,"PD":" ","PT":" ","SN":"MAD BROOK","ST":"RD","SD":" ","PRIMARYNAME":"MAD BROOK RD  ","ALIAS1":null,"ALIAS2":null,"ALIAS3":null,"ALIAS4":null,"ALIAS5":"11\/15\/2016 4:02:15 PM","PRIMARYADDRESS":"530 MAD BROOK RD","SITETYPE":"MOBILE HOME","TOWNNAME":"WATERFORD","MCODE":721,"ESN":300,"ZIP":"05819","PARCELNUM":"750.","GPSX":-71.89622856,"GPSY":44.3660402,"MAPYEAR":"Fri, 18 Feb 2005 00:00:00 GMT","UPDATEDATE":"Fri, 27 Jan 2023 21:28:48 GMT","STATE":"VT","FIPS8":5005,"SPAN":"699-222-10478","SUBTYPE":null,"GlobalID_1":"10b9e09d-43cb-4721-b171-c9bd85035530","UNITCOUNT":1,"PRIMARYADD1":"530 MAD BROOK RD WATERFORD","PRIMARYADD2":"530 MAD BROOK RD WATERFORD VT 05819","SITETYPE_MULTI1":null,"SITETYPE_MULTI2":null,"SITETYPE_MULTI3":null,"SITETYPE_MULTI4":null,"SITETYPE_MULTI5":null,"COUNTY":"CALEDONIA","COUNTRY":"US","SOURCEOFDATA":"Vermont Enhanced 911 Board","DRIVEWAYID":null,"ESZ":"00300","HOUSE_NUMBER":530,"HOUSE_NUMBERSUFFIX":null,"HOUSE_NUMBERPREFIX":null,"FIPS":"5005"}},
{"type":"Feature","id":308307,"geometry":{"type":"Point","coordinates":[-71.9853084336787,44.338772865047]},"properties":{"OBJECTID":308307,"SEGMENTID":28581,"ESITEID":275994,"GEONAMEID":22346,"PD":" ","PT":" ","SN":"LOWER WATERFORD","ST":"RD","SD":" ","PRIMARYNAME":"LOWER WATERFORD RD","ALIAS1":null,"ALIAS2":null,"ALIAS3":null,"ALIAS4":null,"ALIAS5":"5\/12\/2015 7:29:44 PM","PRIMARYADDRESS":"4659 LOWER WATERFORD RD","SITETYPE":"SINGLE FAMILY DWELLING","TOWNNAME":"WATERFORD","MCODE":721,"ESN":300,"ZIP":"05819","PARCELNUM":"965.","GPSX":-71.98530741,"GPSY":44.33876385,"MAPYEAR":"Fri, 18 Feb 2005 00:00:00 GMT","UPDATEDATE":"Thu, 29 May 2025 12:31:46 GMT","STATE":"VT","FIPS8":5005,"SPAN":"699-222-10404","SUBTYPE":null,"GlobalID_1":"8a629d35-4f7e-4944-84cd-fcfa0b057e9e","UNITCOUNT":1,"PRIMARYADD1":"4659 LOWER WATERFORD RD WATERFORD","PRIMARYADD2":"4659 LOWER WATERFORD RD WATERFORD VT 05819","SITETYPE_MULTI1":null,"SITETYPE_MULTI2":null,"SITETYPE_MULTI3":null,"SITETYPE_MULTI4":null,"SITETYPE_MULTI5":null,"COUNTY":"CALEDONIA","COUNTRY":"US","SOURCEOFDATA":"Vermont Enhanced 911 Board","DRIVEWAYID":null,"ESZ":"00300","HOUSE_NUMBER":4659,"HOUSE_NUMBERSUFFIX":null,"HOUSE_NUMBERPREFIX":null,"FIPS":"5005"}},
{"type":"Feature","id":331113,"geometry":{"type":"Point","coordinates":[-71.8954762367218,44.368283181818]},"properties":{"OBJECTID":331113,"SEGMENTID":35903,"ESITEID":275995,"GEONAMEID":435570,"PD":"","PT":"","SN":"OLD COUNTY","ST":"RD","SD":"S","PRIMARYNAME":"OLD COUNTY RD S","ALIAS1":null,"ALIAS2":null,"ALIAS3":null,"ALIAS4":null,"ALIAS5":"5\/12\/2015 7:29:44 PM","PRIMARYADDRESS":"3028 OLD COUNTY RD S","SITETYPE":"SINGLE FAMILY DWELLING","TOWNNAME":"WATERFORD","MCODE":721,"ESN":300,"ZIP":"05819","PARCELNUM":"752.4","GPSX":-71.89547524,"GPSY":44.36827416,"MAPYEAR":"Fri, 18 Feb 2005 00:00:00 GMT","UPDATEDATE":"Thu, 29 May 2025 13:12:55 GMT","STATE":"VT","FIPS8":5005,"SPAN":"699-222-10833","SUBTYPE":null,"GlobalID_1":"38b77503-5590-4b57-bfe4-5347920dba54","UNITCOUNT":1,"PRIMARYADD1":"3028 OLD COUNTY RD S WATERFORD","PRIMARYADD2":"3028 OLD COUNTY RD S WATERFORD VT 05819","SITETYPE_MULTI1":null,"SITETYPE_MULTI2":null,"SITETYPE_MULTI3":null,"SITETYPE_MULTI4":null,"SITETYPE_MULTI5":null,"COUNTY":"CALEDONIA","COUNTRY":"US","SOURCEOFDATA":"Vermont Enhanced 911 Board","DRIVEWAYID":null,"ESZ":"00300","HOUSE_NUMBER":3028,"HOUSE_NUMBERSUFFIX":null,"HOUSE_NUMBERPREFIX":null,"FIPS":"5005"}},
{"type":"Feature","id":192731,"geometry":{"type":"Point","coordinates":[-71.8951599266885,44.3679215821107]},"properties":{"OBJECTID":192731,"SEGMENTID":35903,"ESITEID":275996,"GEONAMEID":435570,"PD":"","PT":"","SN":"OLD COUNTY","ST":"RD","SD":"S","PRIMARYNAME":"OLD COUNTY RD S","ALIAS1":null,"ALIAS2":null,"ALIAS3":null,"ALIAS4":null,"ALIAS5":"5\/12\/2015 7:29:44 PM","PRIMARYADDRESS":"3056 OLD COUNTY RD S","SITETYPE":"SINGLE FAMILY DWELLING","TOWNNAME":"WATERFORD","MCODE":721,"ESN":300,"ZIP":"05819","PARCELNUM":"753.1","GPSX":-71.89515893,"GPSY":44.36791256,"MAPYEAR":"Fri, 18 Feb 2005 00:00:00 GMT","UPDATEDATE":"Sat, 28 Jan 2023 00:28:44 GMT","STATE":"VT","FIPS8":5005,"SPAN":"699-222-10916","SUBTYPE":null,"GlobalID_1":"55e44d83-3430-4580-9b64-fb63491acca8","UNITCOUNT":1,"PRIMARYADD1":"3056 OLD COUNTY RD S WATERFORD","PRIMARYADD2":"3056 OLD COUNTY RD S WATERFORD VT 05819","SITETYPE_MULTI1":null,"SITETYPE_MULTI2":null,"SITETYPE_MULTI3":null,"SITETYPE_MULTI4":null,"SITETYPE_MULTI5":null,"COUNTY":"CALEDONIA","COUNTRY":"US","SOURCEOFDATA":"Vermont Enhanced 911 Board","DRIVEWAYID":null,"ESZ":"00300","HOUSE_NUMBER":3056,"HOUSE_NUMBERSUFFIX":null,"HOUSE_NUMBERPREFIX":null,"FIPS":"5005"}},
{"type":"Feature","id":208646,"geometry":{"type":"Point","coordinates":[-71.8967736508401,44.3694561364873]},"properties":{"OBJECTID":208646,"SEGMENTID":35903,"ESITEID":275997,"GEONAMEID":435570,"PD":"","PT":"","SN":"OLD COUNTY","ST":"RD","SD":"S","PRIMARYNAME":"OLD COUNTY RD S","ALIAS1":null,"ALIAS2":null,"ALIAS3":null,"ALIAS4":null,"ALIAS5":"5\/12\/2015 7:29:44 PM","PRIMARYADDRESS":"2936 OLD COUNTY RD S","SITETYPE":"SINGLE FAMILY DWELLING","TOWNNAME":"WATERFORD","MCODE":721,"ESN":300,"ZIP":"05819","PARCELNUM":"752.8","GPSX":-71.89677265,"GPSY":44.36944711,"MAPYEAR":"Thu, 24 Feb 2005 00:00:00 GMT","UPDATEDATE":"Sat, 28 Jan 2023 00:28:44 GMT","STATE":"VT","FIPS8":5005,"SPAN":"699-222-10834","SUBTYPE":null,"GlobalID_1":"a4adfa04-1e7f-4a27-a8e3-1964734c2240","UNITCOUNT":1,"PRIMARYADD1":"2936 OLD COUNTY RD S WATERFORD","PRIMARYADD2":"2936 OLD COUNTY RD S WATERFORD VT 05819","SITETYPE_MULTI1":null,"SITETYPE_MULTI2":null,"SITETYPE_MULTI3":null,"SITETYPE_MULTI4":null,"SITETYPE_MULTI5":null,"COUNTY":"CALEDONIA","COUNTRY":"US","SOURCEOFDATA":"Vermont Enhanced 911 Board","DRIVEWAYID":null,"ESZ":"00300","HOUSE_NUMBER":2936,"HOUSE_NUMBERSUFFIX":null,"HOUSE_NUMBERPREFIX":null,"FIPS":"5005"}},
{"type":"Feature","id":14262,"geometry":{"type":"Point","coordinates":[-71.9288636177722,44.4094630557016]},"properties":{"OBJECTID":14262,"SEGMENTID":32230,"ESITEID":275998,"GEONAMEID":22321,"PD":" ","PT":"","SN":"VT ROUTE 18","ST":" ","SD":" ","PRIMARYNAME":"VT ROUTE 18","ALIAS1":null,"ALIAS2":"ROUTE 18","ALIAS3":null,"ALIAS4":null,"ALIAS5":"5\/12\/2015 7:33:09 PM","PRIMARYADDRESS":"2149 VT ROUTE 18","SITETYPE":"SINGLE FAMILY DWELLING","TOWNNAME":"WATERFORD","MCODE":721,"ESN":300,"ZIP":"05819","PARCELNUM":"289.","GPSX":-71.92886261,"GPSY":44.40945403,"MAPYEAR":"Thu, 01 Sep 2005 00:00:00 GMT","UPDATEDATE":"Fri, 27 Jan 2023 23:49:11 GMT","STATE":"VT","FIPS8":5005,"SPAN":"699-222-10587","SUBTYPE":null,"GlobalID_1":"3153d1e2-c309-45a2-9cdd-dd79fbdd797b","UNITCOUNT":1,"PRIMARYADD1":"2149 VT ROUTE 18 WATERFORD","PRIMARYADD2":"2149 VT ROUTE 18 WATERFORD VT 05819","SITETYPE_MULTI1":null,"SITETYPE_MULTI2":null,"SITETYPE_MULTI3":null,"SITETYPE_MULTI4":null,"SITETYPE_MULTI5":null,"COUNTY":"CALEDONIA","COUNTRY":"US","SOURCEOFDATA":"Vermont Enhanced 911 Board","DRIVEWAYID":null,"ESZ":"00300","HOUSE_NUMBER":2149,"HOUSE_NUMBERSUFFIX":null,"HOUSE_NUMBERPREFIX":null,"FIPS":"5005"}},
{"type":"Feature","id":36506,"geometry":{"type":"Point","coordinates":[-71.9812608963484,44.3415120821585]},"properties":{"OBJECTID":36506,"SEGMENTID":25647,"ESITEID":275999,"GEONAMEID":22323,"PD":" ","PT":" ","SN":"COPENHAGEN","ST":"RD","SD":" ","PRIMARYNAME":"COPENHAGEN RD  ","ALIAS1":null,"ALIAS2":null,"ALIAS3":null,"ALIAS4":null,"ALIAS5":"5\/12\/2015 7:30:02 PM","PRIMARYADDRESS":"1310 COPENHAGEN RD","SITETYPE":"SINGLE FAMILY DWELLING","TOWNNAME":"WATERFORD","MCODE":721,"ESN":300,"ZIP":"05819","PARCELNUM":"878.","GPSX":-71.98125987,"GPSY":44.34150307,"MAPYEAR":"Thu, 01 Jan 1998 00:00:00 GMT","UPDATEDATE":"Fri, 27 Jan 2023 21:28:50 GMT","STATE":"VT","FIPS8":5005,"SPAN":"699-222-10749","SUBTYPE":null,"GlobalID_1":"53ce0bbc-3bea-4519-8519-0d668101c6d1","UNITCOUNT":1,"PRIMARYADD1":"1310 COPENHAGEN RD WATERFORD","PRIMARYADD2":"1310 COPENHAGEN RD WATERFORD VT 05819","SITETYPE_MULTI1":null,"SITETYPE_MULTI2":null,"SITETYPE_MULTI3":null,"SITETYPE_MULTI4":null,"SITETYPE_MULTI5":null,"COUNTY":"CALEDONIA","COUNTRY":"US","SOURCEOFDATA":"Vermont Enhanced 911 Board","DRIVEWAYID":null,"ESZ":"00300","HOUSE_NUMBER":1310,"HOUSE_NUMBERSUFFIX":null,"HOUSE_NUMBERPREFIX":null,"FIPS":"5005"}},
{"type":"Feature","id":295453,"geometry":{"type":"Point","coordinates":[-72.009186941566,44.383715139696]},"properties":{"OBJECTID":295453,"SEGMENTID":39589,"ESITEID":306545,"GEONAMEID":22350,"PD":" ","PT":" ","SN":"MEADOWOOD","ST":"LN","SD":" ","PRIMARYNAME":"MEADOWOOD LN","ALIAS1":null,"ALIAS2":null,"ALIAS3":null,"ALIAS4":null,"ALIAS5":"5\/12\/2015 7:29:44 PM","PRIMARYADDRESS":"237 MEADOWOOD LN","SITETYPE":"SINGLE FAMILY DWELLING","TOWNNAME":"WATERFORD","MCODE":721,"ESN":300,"ZIP":"05819","PARCELNUM":"662.4","GPSX":-72.0091859,"GPSY":44.38370612,"MAPYEAR":"Thu, 01 Jan 1998 00:00:00 GMT","UPDATEDATE":"Fri, 27 Jan 2023 21:23:09 GMT","STATE":"VT","FIPS8":5005,"SPAN":"699-222-10133","SUBTYPE":null,"GlobalID_1":"7c5dad0d-f852-49e2-90e3-47b80a70995e","UNITCOUNT":1,"PRIMARYADD1":"237 MEADOWOOD LN WATERFORD","PRIMARYADD2":"237 MEADOWOOD LN WATERFORD VT 05819","SITETYPE_MULTI1":null,"SITETYPE_MULTI2":null,"SITETYPE_MULTI3":null,"SITETYPE_MULTI4":null,"SITETYPE_MULTI5":null,"COUNTY":"CALEDONIA","COUNTRY":"US","SOURCEOFDATA":"Vermont Enhanced 911 Board","DRIVEWAYID":null,"ESZ":"00300","HOUSE_NUMBER":237,"HOUSE_NUMBERSUFFIX":null,"HOUSE_NUMBERPREFIX":null,"FIPS":"5005"}},
{"type":"Feature","id":255885,"geometry":{"type":"Point","coordinates":[-71.9348244086608,44.4220802936931]},"properties":{"OBJECTID":255885,"SEGMENTID":58211,"ESITEID":306546,"GEONAMEID":22306,"PD":" ","PT":" ","SN":"HUDSON","ST":"RD","SD":" ","PRIMARYNAME":"HUDSON RD  ","ALIAS1":null,"ALIAS2":null,"ALIAS3":null,"ALIAS4":null,"ALIAS5":"5\/12\/2015 7:29:44 PM","PRIMARYADDRESS":"358 HUDSON RD","SITETYPE":"SINGLE FAMILY DWELLING","TOWNNAME":"WATERFORD","MCODE":721,"ESN":300,"ZIP":"05819","PARCELNUM":"056.1","GPSX":-71.93482339,"GPSY":44.42207126,"MAPYEAR":"Thu, 01 Jan 1998 00:00:00 GMT","UPDATEDATE":"Fri, 27 Jan 2023 21:23:00 GMT","STATE":"VT","FIPS8":5005,"SPAN":"699-222-10858","SUBTYPE":null,"GlobalID_1":"6562f5be-88ef-4636-b046-1ae59515808d","UNITCOUNT":1,"PRIMARYADD1":"358 HUDSON RD WATERFORD","PRIMARYADD2":"358 HUDSON RD WATERFORD VT 05819","SITETYPE_MULTI1":null,"SITETYPE_MULTI2":null,"SITETYPE_MULTI3":null,"SITETYPE_MULTI4":null,"SITETYPE_MULTI5":null,"COUNTY":"CALEDONIA","COUNTRY":"US","SOURCEOFDATA":"Vermont Enhanced 911 Board","DRIVEWAYID":null,"ESZ":"00300","HOUSE_NUMBER":358,"HOUSE_NUMBERSUFFIX":null,"HOUSE_NUMBERPREFIX":null,"FIPS":"5005"}},
{"type":"Feature","id":329769,"geometry":{"type":"Point","coordinates":[-71.9835661921544,44.3985565847413]},"properties":{"OBJECTID":329769,"SEGMENTID":21062,"ESITEID":307241,"GEONAMEID":22335,"PD":" ","PT":" ","SN":"DANIELS FARM","ST":"RD","SD":" ","PRIMARYNAME":"DANIELS FARM RD  ","ALIAS1":null,"ALIAS2":null,"ALIAS3":null,"ALIAS4":null,"ALIAS5":"5\/12\/2015 7:30:02 PM","PRIMARYADDRESS":"2427 DANIELS FARM RD","SITETYPE":"SINGLE FAMILY DWELLING","TOWNNAME":"WATERFORD","MCODE":721,"ESN":300,"ZIP":"05819","PARCELNUM":"656.1","GPSX":-71.98356516,"GPSY":44.39854756,"MAPYEAR":"Thu, 01 Jan 1998 00:00:00 GMT","UPDATEDATE":"Fri, 27 Jan 2023 21:28:56 GMT","STATE":"VT","FIPS8":5005,"SPAN":"699-222-10854","SUBTYPE":null,"GlobalID_1":"bf19b599-05ee-4f81-adb7-44318aa5b899","UNITCOUNT":1,"PRIMARYADD1":"2427 DANIELS FARM RD WATERFORD","PRIMARYADD2":"2427 DANIELS FARM RD WATERFORD VT 05819","SITETYPE_MULTI1":null,"SITETYPE_MULTI2":null,"SITETYPE_MULTI3":null,"SITETYPE_MULTI4":null,"SITETYPE_MULTI5":null,"COUNTY":"CALEDONIA","COUNTRY":"US","SOURCEOFDATA":"Vermont Enhanced 911 Board","DRIVEWAYID":null,"ESZ":"00300","HOUSE_NUMBER":2427,"HOUSE_NUMBERSUFFIX":null,"HOUSE_NUMBERPREFIX":null,"FIPS":"5005"}},
{"type":"Feature","id":195637,"geometry":{"type":"Point","coordinates":[-71.9667942681098,44.3916183607643]},"properties":{"OBJECTID":195637,"SEGMENTID":28582,"ESITEID":307809,"GEONAMEID":22335,"PD":" ","PT":" ","SN":"DANIELS FARM","ST":"RD","SD":" ","PRIMARYNAME":"DANIELS FARM RD  ","ALIAS1":null,"ALIAS2":null,"ALIAS3":null,"ALIAS4":null,"ALIAS5":"5\/12\/2015 7:30:02 PM","PRIMARYADDRESS":"1262 DANIELS FARM RD","SITETYPE":"SINGLE FAMILY DWELLING","TOWNNAME":"WATERFORD","MCODE":721,"ESN":300,"ZIP":"05819","PARCELNUM":"057.2","GPSX":-71.96679324,"GPSY":44.39160934,"MAPYEAR":"Thu, 01 Jan 1998 00:00:00 GMT","UPDATEDATE":"Fri, 27 Jan 2023 21:28:56 GMT","STATE":"VT","FIPS8":5005,"SPAN":"699-222-10140","SUBTYPE":null,"GlobalID_1":"bb4726e0-e292-402d-938f-d94e4ef4135b","UNITCOUNT":1,"PRIMARYADD1":"1262 DANIELS FARM RD WATERFORD","PRIMARYADD2":"1262 DANIELS FARM RD WATERFORD VT 05819","SITETYPE_MULTI1":null,"SITETYPE_MULTI2":null,"SITETYPE_MULTI3":null,"SITETYPE_MULTI4":null,"SITETYPE_MULTI5":null,"COUNTY":"CALEDONIA","COUNTRY":"US","SOURCEOFDATA":"Vermont Enhanced 911 Board","DRIVEWAYID":null,"ESZ":"00300","HOUSE_NUMBER":1262,"HOUSE_NUMBERSUFFIX":null,"HOUSE_NUMBERPREFIX":null,"FIPS":"5005"}},
{"type":"Feature","id":133736,"geometry":{"type":"Point","coordinates":[-71.946330924819,44.371549235024]},"properties":{"OBJECTID":133736,"SEGMENTID":47173,"ESITEID":309988,"GEONAMEID":22326,"PD":" ","PT":" ","SN":"DUCK POND","ST":"RD","SD":" ","PRIMARYNAME":"DUCK POND RD  ","ALIAS1":null,"ALIAS2":null,"ALIAS3":null,"ALIAS4":null,"ALIAS5":"5\/12\/2015 7:30:02 PM","PRIMARYADDRESS":"3339 DUCK POND RD","SITETYPE":"SINGLE FAMILY DWELLING","TOWNNAME":"WATERFORD","MCODE":721,"ESN":300,"ZIP":"05819","PARCELNUM":"998.","GPSX":-71.94632991,"GPSY":44.37154022,"MAPYEAR":"Thu, 01 Jan 1998 00:00:00 GMT","UPDATEDATE":"Mon, 13 Feb 2023 11:04:46 GMT","STATE":"VT","FIPS8":5005,"SPAN":"699-222-10865","SUBTYPE":null,"GlobalID_1":"71417157-da9b-4e2b-93ae-4ab91b03f575","UNITCOUNT":1,"PRIMARYADD1":"3339 DUCK POND RD WATERFORD","PRIMARYADD2":"3339 DUCK POND RD WATERFORD VT 05819","SITETYPE_MULTI1":null,"SITETYPE_MULTI2":null,"SITETYPE_MULTI3":null,"SITETYPE_MULTI4":null,"SITETYPE_MULTI5":null,"COUNTY":"CALEDONIA","COUNTRY":"US","SOURCEOFDATA":"Vermont Enhanced 911 Board","DRIVEWAYID":null,"ESZ":"00300","HOUSE_NUMBER":3339,"HOUSE_NUMBERSUFFIX":null,"HOUSE_NUMBERPREFIX":null,"FIPS":"5005"}},
{"type":"Feature","id":236102,"geometry":{"type":"Point","coordinates":[-71.9954920144396,44.3561838697445]},"properties":{"OBJECTID":236102,"SEGMENTID":47175,"ESITEID":309989,"GEONAMEID":22343,"PD":" ","PT":" ","SN":"VALLEY VIEW","ST":"RD","SD":" ","PRIMARYNAME":"VALLEY VIEW RD  ","ALIAS1":null,"ALIAS2":null,"ALIAS3":null,"ALIAS4":null,"ALIAS5":"5\/12\/2015 7:29:44 PM","PRIMARYADDRESS":"1048 VALLEY VIEW RD","SITETYPE":"MOBILE HOME","TOWNNAME":"WATERFORD","MCODE":721,"ESN":300,"ZIP":"05819","PARCELNUM":"863.1","GPSX":-71.99549098,"GPSY":44.35617485,"MAPYEAR":"Thu, 01 Jan 1998 00:00:00 GMT","UPDATEDATE":"Fri, 27 Jan 2023 21:23:06 GMT","STATE":"VT","FIPS8":5005,"SPAN":"699-222-10730","SUBTYPE":null,"GlobalID_1":"2948c15b-bce1-4a50-b488-2b78d52d766f","UNITCOUNT":1,"PRIMARYADD1":"1048 VALLEY VIEW RD WATERFORD","PRIMARYADD2":"1048 VALLEY VIEW RD WATERFORD VT 05819","SITETYPE_MULTI1":null,"SITETYPE_MULTI2":null,"SITETYPE_MULTI3":null,"SITETYPE_MULTI4":null,"SITETYPE_MULTI5":null,"COUNTY":"CALEDONIA","COUNTRY":"US","SOURCEOFDATA":"Vermont Enhanced 911 Board","DRIVEWAYID":null,"ESZ":"00300","HOUSE_NUMBER":1048,"HOUSE_NUMBERSUFFIX":null,"HOUSE_NUMBERPREFIX":null,"FIPS":"5005"}},
{"type":"Feature","id":260844,"geometry":{"type":"Point","coordinates":[-72.0170578280685,44.3702949176987]},"properties":{"OBJECTID":260844,"SEGMENTID":21064,"ESITEID":311793,"GEONAMEID":22341,"PD":" ","PT":" ","SN":"OLD SILO","ST":"RD","SD":" ","PRIMARYNAME":"OLD SILO RD  ","ALIAS1":null,"ALIAS2":null,"ALIAS3":null,"ALIAS4":null,"ALIAS5":"5\/12\/2015 7:30:02 PM","PRIMARYADDRESS":"297 OLD SILO RD","SITETYPE":"SINGLE FAMILY DWELLING","TOWNNAME":"WATERFORD","MCODE":721,"ESN":300,"ZIP":"05819","PARCELNUM":"405.8","GPSX":-72.01705679,"GPSY":44.3702859,"MAPYEAR":"Thu, 01 Jan 1998 00:00:00 GMT","UPDATEDATE":"Fri, 27 Jan 2023 21:28:58 GMT","STATE":"VT","FIPS8":5005,"SPAN":"699-222-10241","SUBTYPE":null,"GlobalID_1":"010e33f3-d736-4f93-b5da-a36459cb0eec","UNITCOUNT":1,"PRIMARYADD1":"297 OLD SILO RD WATERFORD","PRIMARYADD2":"297 OLD SILO RD WATERFORD VT 05819","SITETYPE_MULTI1":null,"SITETYPE_MULTI2":null,"SITETYPE_MULTI3":null,"SITETYPE_MULTI4":null,"SITETYPE_MULTI5":null,"COUNTY":"CALEDONIA","COUNTRY":"US","SOURCEOFDATA":"Vermont Enhanced 911 Board","DRIVEWAYID":null,"ESZ":"00300","HOUSE_NUMBER":297,"HOUSE_NUMBERSUFFIX":null,"HOUSE_NUMBERPREFIX":null,"FIPS":"5005"}},
{"type":"Feature","id":348978,"geometry":{"type":"Point","coordinates":[-71.9294212812817,44.3777335793545]},"properties":{"OBJECTID":348978,"SEGMENTID":17355,"ESITEID":311794,"GEONAMEID":22329,"PD":" ","PT":" ","SN":"REMICK","ST":"RD","SD":" ","PRIMARYNAME":"REMICK RD  ","ALIAS1":null,"ALIAS2":null,"ALIAS3":null,"ALIAS4":null,"ALIAS5":"5\/12\/2015 7:30:02 PM","PRIMARYADDRESS":"407 REMICK RD","SITETYPE":"SINGLE FAMILY DWELLING","TOWNNAME":"WATERFORD","MCODE":721,"ESN":300,"ZIP":"05819","PARCELNUM":"261.","GPSX":-71.92942028,"GPSY":44.37772456,"MAPYEAR":"Thu, 01 Jan 1998 00:00:00 GMT","UPDATEDATE":"Mon, 13 Feb 2023 11:27:19 GMT","STATE":"VT","FIPS8":5005,"SPAN":"699-222-10072","SUBTYPE":null,"GlobalID_1":"e22dd549-8ec7-4dea-a871-2cd293f882e7","UNITCOUNT":1,"PRIMARYADD1":"407 REMICK RD WATERFORD","PRIMARYADD2":"407 REMICK RD WATERFORD VT 05819","SITETYPE_MULTI1":null,"SITETYPE_MULTI2":null,"SITETYPE_MULTI3":null,"SITETYPE_MULTI4":null,"SITETYPE_MULTI5":null,"COUNTY":"CALEDONIA","COUNTRY":"US","SOURCEOFDATA":"Vermont Enhanced 911 Board","DRIVEWAYID":null,"ESZ":"00300","HOUSE_NUMBER":407,"HOUSE_NUMBERSUFFIX":null,"HOUSE_NUMBERPREFIX":null,"FIPS":"5005"}},
{"type":"Feature","id":2007,"geometry":{"type":"Point","coordinates":[-71.9342510225935,44.4235495038315]},"properties":{"OBJECTID":2007,"SEGMENTID":9747,"ESITEID":311795,"GEONAMEID":22305,"PD":" ","PT":" ","SN":"WALSH","ST":"RD","SD":" ","PRIMARYNAME":"WALSH RD","ALIAS1":null,"ALIAS2":null,"ALIAS3":null,"ALIAS4":null,"ALIAS5":"5\/12\/2015 7:29:44 PM","PRIMARYADDRESS":"87 WALSH RD","SITETYPE":"SINGLE FAMILY DWELLING","TOWNNAME":"WATERFORD","MCODE":721,"ESN":300,"ZIP":"05819","PARCELNUM":"056.2","GPSX":-71.93425001,"GPSY":44.42354047,"MAPYEAR":"Thu, 01 Jan 1998 00:00:00 GMT","UPDATEDATE":"Fri, 27 Jan 2023 21:23:00 GMT","STATE":"VT","FIPS8":5005,"SPAN":"699-222-10860","SUBTYPE":null,"GlobalID_1":"56308163-0dc6-4eb5-8b5b-a2ba10dbfc7e","UNITCOUNT":1,"PRIMARYADD1":"87 WALSH RD WATERFORD","PRIMARYADD2":"87 WALSH RD WATERFORD VT 05819","SITETYPE_MULTI1":null,"SITETYPE_MULTI2":null,"SITETYPE_MULTI3":null,"SITETYPE_MULTI4":null,"SITETYPE_MULTI5":null,"COUNTY":"CALEDONIA","COUNTRY":"US","SOURCEOFDATA":"Vermont Enhanced 911 Board","DRIVEWAYID":null,"ESZ":"00300","HOUSE_NUMBER":87,"HOUSE_NUMBERSUFFIX":null,"HOUSE_NUMBERPREFIX":null,"FIPS":"5005"}},
{"type":"Feature","id":331813,"geometry":{"type":"Point","coordinates":[-71.8983844787584,44.3726655990491]},"properties":{"OBJECTID":331813,"SEGMENTID":35903,"ESITEID":311799,"GEONAMEID":435570,"PD":"","PT":"","SN":"OLD COUNTY","ST":"RD","SD":"S","PRIMARYNAME":"OLD COUNTY RD S","ALIAS1":null,"ALIAS2":null,"ALIAS3":null,"ALIAS4":null,"ALIAS5":"11\/15\/2016 4:03:06 PM","PRIMARYADDRESS":"2669 OLD COUNTY RD S","SITETYPE":"SINGLE FAMILY DWELLING","TOWNNAME":"WATERFORD","MCODE":721,"ESN":300,"ZIP":"05819","PARCELNUM":"910.","GPSX":-71.89838348,"GPSY":44.37265658,"MAPYEAR":"Thu, 01 Jan 1998 00:00:00 GMT","UPDATEDATE":"Sat, 28 Jan 2023 00:28:44 GMT","STATE":"VT","FIPS8":5005,"SPAN":"699-222-10556","SUBTYPE":null,"GlobalID_1":"05194d6b-f879-4ad0-a80f-4e4d7ba9ef38","UNITCOUNT":1,"PRIMARYADD1":"2669 OLD COUNTY RD S WATERFORD","PRIMARYADD2":"2669 OLD COUNTY RD S WATERFORD VT 05819","SITETYPE_MULTI1":null,"SITETYPE_MULTI2":null,"SITETYPE_MULTI3":null,"SITETYPE_MULTI4":null,"SITETYPE_MULTI5":null,"COUNTY":"CALEDONIA","COUNTRY":"US","SOURCEOFDATA":"Vermont Enhanced 911 Board","DRIVEWAYID":null,"ESZ":"00300","HOUSE_NUMBER":2669,"HOUSE_NUMBERSUFFIX":null,"HOUSE_NUMBERPREFIX":null,"FIPS":"5005"}},
{"type":"Feature","id":265041,"geometry":{"type":"Point","coordinates":[-72.0112288032626,44.3744813956103]},"properties":{"OBJECTID":265041,"SEGMENTID":32235,"ESITEID":311800,"GEONAMEID":22337,"PD":" ","PT":" ","SN":"SIMPSON BROOK","ST":"RD","SD":" ","PRIMARYNAME":"SIMPSON BROOK RD  ","ALIAS1":null,"ALIAS2":null,"ALIAS3":null,"ALIAS4":null,"ALIAS5":"5\/12\/2015 7:30:02 PM","PRIMARYADDRESS":"2199 SIMPSON BROOK RD","SITETYPE":"SINGLE FAMILY DWELLING","TOWNNAME":"WATERFORD","MCODE":721,"ESN":300,"ZIP":"05819","PARCELNUM":"405.5","GPSX":-72.01122777,"GPSY":44.37447238,"MAPYEAR":"Thu, 01 Jan 1998 00:00:00 GMT","UPDATEDATE":"Mon, 13 Feb 2023 11:32:36 GMT","STATE":"VT","FIPS8":5005,"SPAN":"699-222-10857","SUBTYPE":null,"GlobalID_1":"5f0b4e2c-a24e-4382-9aef-66af248212d0","UNITCOUNT":1,"PRIMARYADD1":"2199 SIMPSON BROOK RD WATERFORD","PRIMARYADD2":"2199 SIMPSON BROOK RD WATERFORD VT 05819","SITETYPE_MULTI1":null,"SITETYPE_MULTI2":null,"SITETYPE_MULTI3":null,"SITETYPE_MULTI4":null,"SITETYPE_MULTI5":null,"COUNTY":"CALEDONIA","COUNTRY":"US","SOURCEOFDATA":"Vermont Enhanced 911 Board","DRIVEWAYID":null,"ESZ":"00300","HOUSE_NUMBER":2199,"HOUSE_NUMBERSUFFIX":null,"HOUSE_NUMBERPREFIX":null,"FIPS":"5005"}},
{"type":"Feature","id":348884,"geometry":{"type":"Point","coordinates":[-71.9953363056825,44.3547412643617]},"properties":{"OBJECTID":348884,"SEGMENTID":47175,"ESITEID":313730,"GEONAMEID":22343,"PD":" ","PT":" ","SN":"VALLEY VIEW","ST":"RD","SD":" ","PRIMARYNAME":"VALLEY VIEW RD  ","ALIAS1":null,"ALIAS2":null,"ALIAS3":null,"ALIAS4":null,"ALIAS5":"5\/12\/2015 7:29:44 PM","PRIMARYADDRESS":"1116 VALLEY VIEW RD","SITETYPE":"MOBILE HOME","TOWNNAME":"WATERFORD","MCODE":721,"ESN":300,"ZIP":"05819","PARCELNUM":"863.2","GPSX":-71.99533528,"GPSY":44.35473225,"MAPYEAR":"Thu, 01 Jan 1998 00:00:00 GMT","UPDATEDATE":"Fri, 27 Jan 2023 21:23:06 GMT","STATE":"VT","FIPS8":5005,"SPAN":"699-222-10855","SUBTYPE":null,"GlobalID_1":"bd17fc1d-3a72-41c5-bf41-a9a4015d027c","UNITCOUNT":1,"PRIMARYADD1":"1116 VALLEY VIEW RD WATERFORD","PRIMARYADD2":"1116 VALLEY VIEW RD WATERFORD VT 05819","SITETYPE_MULTI1":null,"SITETYPE_MULTI2":null,"SITETYPE_MULTI3":null,"SITETYPE_MULTI4":null,"SITETYPE_MULTI5":null,"COUNTY":"CALEDONIA","COUNTRY":"US","SOURCEOFDATA":"Vermont Enhanced 911 Board","DRIVEWAYID":null,"ESZ":"00300","HOUSE_NUMBER":1116,"HOUSE_NUMBERSUFFIX":null,"HOUSE_NUMBERPREFIX":null,"FIPS":"5005"}},
{"type":"Feature","id":58831,"geometry":{"type":"Point","coordinates":[-71.9808685480512,44.3963146371119]},"properties":{"OBJECTID":58831,"SEGMENTID":21062,"ESITEID":315254,"GEONAMEID":22335,"PD":" ","PT":" ","SN":"DANIELS FARM","ST":"RD","SD":" ","PRIMARYNAME":"DANIELS FARM RD  ","ALIAS1":null,"ALIAS2":null,"ALIAS3":null,"ALIAS4":null,"ALIAS5":"5\/12\/2015 7:30:02 PM","PRIMARYADDRESS":"2246 DANIELS FARM RD","SITETYPE":"SINGLE FAMILY DWELLING","TOWNNAME":"WATERFORD","MCODE":721,"ESN":300,"ZIP":"05819","PARCELNUM":"569.1","GPSX":-71.98086752,"GPSY":44.39630562,"MAPYEAR":"Thu, 01 Jan 1998 00:00:00 GMT","UPDATEDATE":"Fri, 15 Nov 2024 06:04:04 GMT","STATE":"VT","FIPS8":5005,"SPAN":"699-222-10859","SUBTYPE":null,"GlobalID_1":"2bc9476f-675e-449e-890f-bc208cc160b3","UNITCOUNT":1,"PRIMARYADD1":"2246 DANIELS FARM RD WATERFORD","PRIMARYADD2":"2246 DANIELS FARM RD WATERFORD VT 05819","SITETYPE_MULTI1":null,"SITETYPE_MULTI2":null,"SITETYPE_MULTI3":null,"SITETYPE_MULTI4":null,"SITETYPE_MULTI5":null,"COUNTY":"CALEDONIA","COUNTRY":"US","SOURCEOFDATA":"Vermont Enhanced 911 Board","DRIVEWAYID":null,"ESZ":"00300","HOUSE_NUMBER":2246,"HOUSE_NUMBERSUFFIX":null,"HOUSE_NUMBERPREFIX":null,"FIPS":"5005"}},
{"type":"Feature","id":139855,"geometry":{"type":"Point","coordinates":[-71.9707282413299,44.3471305719559]},"properties":{"OBJECTID":139855,"SEGMENTID":25647,"ESITEID":315456,"GEONAMEID":22323,"PD":" ","PT":" ","SN":"COPENHAGEN","ST":"RD","SD":" ","PRIMARYNAME":"COPENHAGEN RD  ","ALIAS1":null,"ALIAS2":null,"ALIAS3":null,"ALIAS4":null,"ALIAS5":"5\/12\/2015 7:30:02 PM","PRIMARYADDRESS":"532 COPENHAGEN RD","SITETYPE":"SINGLE FAMILY DWELLING","TOWNNAME":"WATERFORD","MCODE":721,"ESN":300,"ZIP":"05819","PARCELNUM":"630.","GPSX":-71.97072722,"GPSY":44.34712156,"MAPYEAR":"Thu, 01 Jan 1998 00:00:00 GMT","UPDATEDATE":"Thu, 29 May 2025 12:33:03 GMT","STATE":"VT","FIPS8":5005,"SPAN":"699-222-10547","SUBTYPE":null,"GlobalID_1":"ca145f53-d53e-4cc5-a70a-9d846331e818","UNITCOUNT":1,"PRIMARYADD1":"532 COPENHAGEN RD WATERFORD","PRIMARYADD2":"532 COPENHAGEN RD WATERFORD VT 05819","SITETYPE_MULTI1":null,"SITETYPE_MULTI2":null,"SITETYPE_MULTI3":null,"SITETYPE_MULTI4":null,"SITETYPE_MULTI5":null,"COUNTY":"CALEDONIA","COUNTRY":"US","SOURCEOFDATA":"Vermont Enhanced 911 Board","DRIVEWAYID":null,"ESZ":"00300","HOUSE_NUMBER":532,"HOUSE_NUMBERSUFFIX":null,"HOUSE_NUMBERPREFIX":null,"FIPS":"5005"}},
{"type":"Feature","id":290973,"geometry":{"type":"Point","coordinates":[-71.9002451487391,44.3474994464696]},"properties":{"OBJECTID":290973,"SEGMENTID":64953,"ESITEID":315457,"GEONAMEID":37638,"PD":"","PT":"","SN":"RIVER VIEW","ST":"LN","SD":"","PRIMARYNAME":"RIVER VIEW LN","ALIAS1":null,"ALIAS2":"ROUTE 18","ALIAS3":null,"ALIAS4":null,"ALIAS5":"6\/21\/2022 3:52:19 PM","PRIMARYADDRESS":"245 RIVER VIEW LN","SITETYPE":"SINGLE FAMILY DWELLING","TOWNNAME":"WATERFORD","MCODE":721,"ESN":300,"ZIP":"05819","PARCELNUM":"032.2","GPSX":-71.90024415,"GPSY":44.34749043,"MAPYEAR":"Thu, 01 Jan 1998 00:00:00 GMT","UPDATEDATE":"Sat, 28 Jan 2023 00:34:08 GMT","STATE":"VT","FIPS8":5005,"SPAN":"699-222-10874","SUBTYPE":null,"GlobalID_1":"ffe3ba1f-f713-4fdb-939e-53bf7c00e2a2","UNITCOUNT":1,"PRIMARYADD1":"245 RIVER VIEW LN WATERFORD","PRIMARYADD2":"245 RIVER VIEW LN WATERFORD VT 05819","SITETYPE_MULTI1":null,"SITETYPE_MULTI2":null,"SITETYPE_MULTI3":null,"SITETYPE_MULTI4":null,"SITETYPE_MULTI5":null,"COUNTY":"CALEDONIA","COUNTRY":"US","SOURCEOFDATA":"Vermont Enhanced 911 Board","DRIVEWAYID":null,"ESZ":"00300","HOUSE_NUMBER":245,"HOUSE_NUMBERSUFFIX":null,"HOUSE_NUMBERPREFIX":null,"FIPS":"5005"}},
{"type":"Feature","id":184969,"geometry":{"type":"Point","coordinates":[-71.9904720664121,44.3693837718408]},"properties":{"OBJECTID":184969,"SEGMENTID":47177,"ESITEID":326307,"GEONAMEID":22342,"PD":" ","PT":" ","SN":"HALE","ST":"RD","SD":" ","PRIMARYNAME":"HALE RD","ALIAS1":null,"ALIAS2":null,"ALIAS3":null,"ALIAS4":null,"ALIAS5":"5\/12\/2015 7:29:44 PM","PRIMARYADDRESS":"2105 HALE RD","SITETYPE":"SINGLE FAMILY DWELLING","TOWNNAME":"WATERFORD","MCODE":721,"ESN":300,"ZIP":"05819","PARCELNUM":"488.","GPSX":-71.99047104,"GPSY":44.36937475,"MAPYEAR":"Thu, 01 Jan 1998 00:00:00 GMT","UPDATEDATE":"Fri, 27 Jan 2023 21:23:06 GMT","STATE":"VT","FIPS8":5005,"SPAN":"699-222-10314","SUBTYPE":null,"GlobalID_1":"f506ca61-30a8-4b18-9c26-44c9249d2ac0","UNITCOUNT":1,"PRIMARYADD1":"2105 HALE RD WATERFORD","PRIMARYADD2":"2105 HALE RD WATERFORD VT 05819","SITETYPE_MULTI1":null,"SITETYPE_MULTI2":null,"SITETYPE_MULTI3":null,"SITETYPE_MULTI4":null,"SITETYPE_MULTI5":null,"COUNTY":"CALEDONIA","COUNTRY":"US","SOURCEOFDATA":"Vermont Enhanced 911 Board","DRIVEWAYID":null,"ESZ":"00300","HOUSE_NUMBER":2105,"HOUSE_NUMBERSUFFIX":null,"HOUSE_NUMBERPREFIX":null,"FIPS":"5005"}},
{"type":"Feature","id":244968,"geometry":{"type":"Point","coordinates":[-71.9395277656108,44.4377795417473]},"properties":{"OBJECTID":244968,"SEGMENTID":86013,"ESITEID":326481,"GEONAMEID":22304,"PD":"E","PT":" ","SN":"VILLAGE","ST":"RD","SD":" ","PRIMARYNAME":"E VILLAGE RD  ","ALIAS1":null,"ALIAS2":null,"ALIAS3":null,"ALIAS4":null,"ALIAS5":"5\/12\/2015 7:30:22 PM","PRIMARYADDRESS":"21 E VILLAGE RD","SITETYPE":"MOBILE HOME","TOWNNAME":"WATERFORD","MCODE":721,"ESN":300,"ZIP":"05819","PARCELNUM":"468.8","GPSX":-71.93952675,"GPSY":44.43777051,"MAPYEAR":"Mon, 16 Jul 2007 13:17:13 GMT","UPDATEDATE":"Mon, 13 Feb 2023 11:38:44 GMT","STATE":"VT","FIPS8":5005,"SPAN":"699-222-10881","SUBTYPE":null,"GlobalID_1":"6b54cf09-d271-4a35-9fdf-ec0b8a98ac22","UNITCOUNT":1,"PRIMARYADD1":"21 E VILLAGE RD WATERFORD","PRIMARYADD2":"21 E VILLAGE RD WATERFORD VT 05819","SITETYPE_MULTI1":null,"SITETYPE_MULTI2":null,"SITETYPE_MULTI3":null,"SITETYPE_MULTI4":null,"SITETYPE_MULTI5":null,"COUNTY":"CALEDONIA","COUNTRY":"US","SOURCEOFDATA":"Vermont Enhanced 911 Board","DRIVEWAYID":null,"ESZ":"00300","HOUSE_NUMBER":21,"HOUSE_NUMBERSUFFIX":null,"HOUSE_NUMBERPREFIX":null,"FIPS":"5005"}},
{"type":"Feature","id":94130,"geometry":{"type":"Point","coordinates":[-71.9163471580225,44.4001850301062]},"properties":{"OBJECTID":94130,"SEGMENTID":13600,"ESITEID":327681,"GEONAMEID":22311,"PD":" ","PT":"","SN":"OLD COUNTY","ST":"RD","SD":"N","PRIMARYNAME":"OLD COUNTY RD N","ALIAS1":null,"ALIAS2":null,"ALIAS3":null,"ALIAS4":null,"ALIAS5":"5\/12\/2015 7:29:44 PM","PRIMARYADDRESS":"428 OLD COUNTY RD N","SITETYPE":"SINGLE FAMILY DWELLING","TOWNNAME":"WATERFORD","MCODE":721,"ESN":300,"ZIP":"05819","PARCELNUM":"688.5","GPSX":-71.91634615,"GPSY":44.400176,"MAPYEAR":"Mon, 24 Sep 2007 11:12:34 GMT","UPDATEDATE":"Fri, 27 Jan 2023 21:23:03 GMT","STATE":"VT","FIPS8":5005,"SPAN":"699-222-10877","SUBTYPE":null,"GlobalID_1":"e52ef2bd-4d98-4f5b-910a-899619f5a0f7","UNITCOUNT":1,"PRIMARYADD1":"428 OLD COUNTY RD N WATERFORD","PRIMARYADD2":"428 OLD COUNTY RD N WATERFORD VT 05819","SITETYPE_MULTI1":null,"SITETYPE_MULTI2":null,"SITETYPE_MULTI3":null,"SITETYPE_MULTI4":null,"SITETYPE_MULTI5":null,"COUNTY":"CALEDONIA","COUNTRY":"US","SOURCEOFDATA":"Vermont Enhanced 911 Board","DRIVEWAYID":null,"ESZ":"00300","HOUSE_NUMBER":428,"HOUSE_NUMBERSUFFIX":null,"HOUSE_NUMBERPREFIX":null,"FIPS":"5005"}},
{"type":"Feature","id":95009,"geometry":{"type":"Point","coordinates":[-71.9034875641677,44.3533876449543]},"properties":{"OBJECTID":95009,"SEGMENTID":24883,"ESITEID":328616,"GEONAMEID":22321,"PD":" ","PT":"","SN":"VT ROUTE 18","ST":" ","SD":" ","PRIMARYNAME":"VT ROUTE 18","ALIAS1":null,"ALIAS2":"ROUTE 18","ALIAS3":null,"ALIAS4":null,"ALIAS5":"9\/16\/2022 12:20:38 PM","PRIMARYADDRESS":"6561 VT ROUTE 18","SITETYPE":"COMMUNICATION BOX","TOWNNAME":"WATERFORD","MCODE":721,"ESN":300,"ZIP":"05819","PARCELNUM":" ","GPSX":-71.90348869,"GPSY":44.35338037,"MAPYEAR":"Mon, 29 Oct 2007 11:17:35 GMT","UPDATEDATE":"Fri, 18 Apr 2025 09:31:11 GMT","STATE":"VT","FIPS8":5005,"SPAN":" ","SUBTYPE":null,"GlobalID_1":"8e4edd4f-de6f-49bf-8347-2df3b906b88a","UNITCOUNT":1,"PRIMARYADD1":"6561 VT ROUTE 18 WATERFORD","PRIMARYADD2":"6561 VT ROUTE 18 WATERFORD VT 05819","SITETYPE_MULTI1":null,"SITETYPE_MULTI2":null,"SITETYPE_MULTI3":null,"SITETYPE_MULTI4":null,"SITETYPE_MULTI5":null,"COUNTY":"CALEDONIA","COUNTRY":"US","SOURCEOFDATA":"Vermont Enhanced 911 Board","DRIVEWAYID":null,"ESZ":"00300","HOUSE_NUMBER":6561,"HOUSE_NUMBERSUFFIX":null,"HOUSE_NUMBERPREFIX":"","FIPS":"5005"}},
{"type":"Feature","id":87417,"geometry":{"type":"Point","coordinates":[-71.9255793005369,44.4052903877141]},"properties":{"OBJECTID":87417,"SEGMENTID":50840,"ESITEID":328617,"GEONAMEID":22321,"PD":" ","PT":"","SN":"VT ROUTE 18","ST":" ","SD":" ","PRIMARYNAME":"VT ROUTE 18","ALIAS1":null,"ALIAS2":"ROUTE 18","ALIAS3":null,"ALIAS4":null,"ALIAS5":"5\/12\/2015 7:33:31 PM","PRIMARYADDRESS":"2453 VT ROUTE 18","SITETYPE":"UTILITY","TOWNNAME":"WATERFORD","MCODE":721,"ESN":300,"ZIP":"05819","PARCELNUM":"803.1","GPSX":-71.92557829,"GPSY":44.40528136,"MAPYEAR":"Mon, 29 Oct 2007 11:23:16 GMT","UPDATEDATE":"Fri, 27 Jan 2023 23:59:23 GMT","STATE":"VT","FIPS8":5005,"SPAN":"699-222-10666","SUBTYPE":null,"GlobalID_1":"53a0582f-9ef9-4815-8a42-8756f7750e4a","UNITCOUNT":1,"PRIMARYADD1":"2453 VT ROUTE 18 WATERFORD","PRIMARYADD2":"2453 VT ROUTE 18 WATERFORD VT 05819","SITETYPE_MULTI1":null,"SITETYPE_MULTI2":null,"SITETYPE_MULTI3":null,"SITETYPE_MULTI4":null,"SITETYPE_MULTI5":null,"COUNTY":"CALEDONIA","COUNTRY":"US","SOURCEOFDATA":"Vermont Enhanced 911 Board","DRIVEWAYID":null,"ESZ":"00300","HOUSE_NUMBER":2453,"HOUSE_NUMBERSUFFIX":null,"HOUSE_NUMBERPREFIX":null,"FIPS":"5005"}},
{"type":"Feature","id":270764,"geometry":{"type":"Point","coordinates":[-71.9411603624761,44.3724695563015]},"properties":{"OBJECTID":270764,"SEGMENTID":17352,"ESITEID":331117,"GEONAMEID":22327,"PD":" ","PT":" ","SN":"KIDDER","ST":"RD","SD":" ","PRIMARYNAME":"KIDDER RD  ","ALIAS1":null,"ALIAS2":null,"ALIAS3":null,"ALIAS4":null,"ALIAS5":"3\/29\/2016 9:17:38 AM","PRIMARYADDRESS":"1036 KIDDER RD","SITETYPE":"SINGLE FAMILY DWELLING","TOWNNAME":"WATERFORD","MCODE":721,"ESN":300,"ZIP":"05819","PARCELNUM":"737.","GPSX":-71.94115935,"GPSY":44.37246054,"MAPYEAR":"Fri, 25 Apr 2008 11:27:07 GMT","UPDATEDATE":"Mon, 13 Feb 2023 11:11:29 GMT","STATE":"VT","FIPS8":5005,"SPAN":"699-222-10577","SUBTYPE":null,"GlobalID_1":"b26788b2-fd1f-4930-b7ad-2bb72a636624","UNITCOUNT":1,"PRIMARYADD1":"1036 KIDDER RD WATERFORD","PRIMARYADD2":"1036 KIDDER RD WATERFORD VT 05819","SITETYPE_MULTI1":null,"SITETYPE_MULTI2":null,"SITETYPE_MULTI3":null,"SITETYPE_MULTI4":null,"SITETYPE_MULTI5":null,"COUNTY":"CALEDONIA","COUNTRY":"US","SOURCEOFDATA":"Vermont Enhanced 911 Board","DRIVEWAYID":null,"ESZ":"00300","HOUSE_NUMBER":1036,"HOUSE_NUMBERSUFFIX":null,"HOUSE_NUMBERPREFIX":null,"FIPS":"5005"}},
{"type":"Feature","id":213948,"geometry":{"type":"Point","coordinates":[-71.9403112440289,44.4312943760988]},"properties":{"OBJECTID":213948,"SEGMENTID":86010,"ESITEID":332182,"GEONAMEID":409260,"PD":" ","PT":" ","SN":"WATERFORD HOLLOW","ST":"LN","SD":" ","PRIMARYNAME":"WATERFORD HOLLOW LN  ","ALIAS1":null,"ALIAS2":null,"ALIAS3":null,"ALIAS4":null,"ALIAS5":"","PRIMARYADDRESS":"391 WATERFORD HOLLOW LN","SITETYPE":"SINGLE FAMILY DWELLING","TOWNNAME":"WATERFORD","MCODE":721,"ESN":300,"ZIP":"05819","PARCELNUM":"969.2","GPSX":-71.94031023,"GPSY":44.43128535,"MAPYEAR":"Fri, 11 Jul 2008 13:20:16 GMT","UPDATEDATE":"Tue, 28 Mar 2023 14:11:58 GMT","STATE":"VT","FIPS8":5005,"SPAN":"699-222-10878","SUBTYPE":null,"GlobalID_1":"c7897b54-3dcd-4c0c-84de-718d466bfc89","UNITCOUNT":1,"PRIMARYADD1":"391 WATERFORD HOLLOW LN WATERFORD","PRIMARYADD2":"391 WATERFORD HOLLOW LN WATERFORD VT 05819","SITETYPE_MULTI1":null,"SITETYPE_MULTI2":null,"SITETYPE_MULTI3":null,"SITETYPE_MULTI4":null,"SITETYPE_MULTI5":null,"COUNTY":"CALEDONIA","COUNTRY":"US","SOURCEOFDATA":"Vermont Enhanced 911 Board","DRIVEWAYID":null,"ESZ":"00300","HOUSE_NUMBER":391,"HOUSE_NUMBERSUFFIX":null,"HOUSE_NUMBERPREFIX":null,"FIPS":"5005"}},
{"type":"Feature","id":315201,"geometry":{"type":"Point","coordinates":[-71.9077652978362,44.3544333791803]},"properties":{"OBJECTID":315201,"SEGMENTID":24886,"ESITEID":334692,"GEONAMEID":22346,"PD":" ","PT":" ","SN":"LOWER WATERFORD","ST":"RD","SD":" ","PRIMARYNAME":"LOWER WATERFORD RD","ALIAS1":null,"ALIAS2":null,"ALIAS3":null,"ALIAS4":null,"ALIAS5":"5\/12\/2015 7:29:44 PM","PRIMARYADDRESS":"111 LOWER WATERFORD RD","SITETYPE":"CULTURAL","TOWNNAME":"WATERFORD","MCODE":721,"ESN":300,"ZIP":"05819","PARCELNUM":"980.","GPSX":-71.9077643,"GPSY":44.35442436,"MAPYEAR":"Fri, 05 Dec 2008 15:06:32 GMT","UPDATEDATE":"Fri, 27 Jan 2023 21:23:08 GMT","STATE":"VT","FIPS8":5005,"SPAN":"699-222-10704","SUBTYPE":null,"GlobalID_1":"26105633-93a6-4d6b-9a4f-6b5662a6dd98","UNITCOUNT":1,"PRIMARYADD1":"111 LOWER WATERFORD RD WATERFORD","PRIMARYADD2":"111 LOWER WATERFORD RD WATERFORD VT 05819","SITETYPE_MULTI1":null,"SITETYPE_MULTI2":null,"SITETYPE_MULTI3":null,"SITETYPE_MULTI4":null,"SITETYPE_MULTI5":null,"COUNTY":"CALEDONIA","COUNTRY":"US","SOURCEOFDATA":"Vermont Enhanced 911 Board","DRIVEWAYID":null,"ESZ":"00300","HOUSE_NUMBER":111,"HOUSE_NUMBERSUFFIX":null,"HOUSE_NUMBERPREFIX":null,"FIPS":"5005"}},
{"type":"Feature","id":352201,"geometry":{"type":"Point","coordinates":[-71.9510232222013,44.3620039165002]},"properties":{"OBJECTID":352201,"SEGMENTID":17354,"ESITEID":334974,"GEONAMEID":22326,"PD":" ","PT":" ","SN":"DUCK POND","ST":"RD","SD":" ","PRIMARYNAME":"DUCK POND RD  ","ALIAS1":null,"ALIAS2":null,"ALIAS3":null,"ALIAS4":null,"ALIAS5":"3\/9\/2021 3:55:29 PM","PRIMARYADDRESS":"4020 DUCK POND RD","SITETYPE":"COMMERCIAL","TOWNNAME":"WATERFORD","MCODE":721,"ESN":300,"ZIP":"05819","PARCELNUM":"700.1","GPSX":-71.95102221,"GPSY":44.3619949,"MAPYEAR":"Thu, 18 Dec 2008 15:46:57 GMT","UPDATEDATE":"Fri, 27 Jan 2023 21:28:52 GMT","STATE":"VT","FIPS8":5005,"SPAN":"699-222-10559","SUBTYPE":null,"GlobalID_1":"71574b62-d110-47b0-af73-a194442e1337","UNITCOUNT":1,"PRIMARYADD1":"4020 DUCK POND RD WATERFORD","PRIMARYADD2":"4020 DUCK POND RD WATERFORD VT 05819","SITETYPE_MULTI1":null,"SITETYPE_MULTI2":null,"SITETYPE_MULTI3":null,"SITETYPE_MULTI4":null,"SITETYPE_MULTI5":null,"COUNTY":"CALEDONIA","COUNTRY":"US","SOURCEOFDATA":"Vermont Enhanced 911 Board","DRIVEWAYID":null,"ESZ":"00300","HOUSE_NUMBER":4020,"HOUSE_NUMBERSUFFIX":null,"HOUSE_NUMBERPREFIX":null,"FIPS":"5005"}},
{"type":"Feature","id":329557,"geometry":{"type":"Point","coordinates":[-71.948245268622,44.3651383764433]},"properties":{"OBJECTID":329557,"SEGMENTID":17354,"ESITEID":335143,"GEONAMEID":22326,"PD":" ","PT":" ","SN":"DUCK POND","ST":"RD","SD":" ","PRIMARYNAME":"DUCK POND RD  ","ALIAS1":null,"ALIAS2":null,"ALIAS3":null,"ALIAS4":null,"ALIAS5":"5\/12\/2015 7:30:02 PM","PRIMARYADDRESS":"3741 DUCK POND RD","SITETYPE":"SINGLE FAMILY DWELLING","TOWNNAME":"WATERFORD","MCODE":721,"ESN":300,"ZIP":"05819","PARCELNUM":"914.1","GPSX":-71.94824426,"GPSY":44.36512936,"MAPYEAR":"Thu, 18 Dec 2008 11:34:13 GMT","UPDATEDATE":"Mon, 13 Feb 2023 10:51:06 GMT","STATE":"VT","FIPS8":5005,"SPAN":"699-222-10588","SUBTYPE":null,"GlobalID_1":"b81a3145-66f6-4195-b48c-3b4b8f779ac3","UNITCOUNT":1,"PRIMARYADD1":"3741 DUCK POND RD WATERFORD","PRIMARYADD2":"3741 DUCK POND RD WATERFORD VT 05819","SITETYPE_MULTI1":null,"SITETYPE_MULTI2":null,"SITETYPE_MULTI3":null,"SITETYPE_MULTI4":null,"SITETYPE_MULTI5":null,"COUNTY":"CALEDONIA","COUNTRY":"US","SOURCEOFDATA":"Vermont Enhanced 911 Board","DRIVEWAYID":null,"ESZ":"00300","HOUSE_NUMBER":3741,"HOUSE_NUMBERSUFFIX":null,"HOUSE_NUMBERPREFIX":null,"FIPS":"5005"}},
{"type":"Feature","id":305861,"geometry":{"type":"Point","coordinates":[-71.8985130598183,44.3751965442094]},"properties":{"OBJECTID":305861,"SEGMENTID":35902,"ESITEID":336466,"GEONAMEID":435570,"PD":"","PT":"","SN":"OLD COUNTY","ST":"RD","SD":"S","PRIMARYNAME":"OLD COUNTY RD S","ALIAS1":null,"ALIAS2":null,"ALIAS3":null,"ALIAS4":null,"ALIAS5":"5\/12\/2015 7:29:44 PM","PRIMARYADDRESS":"2535 OLD COUNTY RD S","SITETYPE":"SINGLE FAMILY DWELLING","TOWNNAME":"WATERFORD","MCODE":721,"ESN":300,"ZIP":"05819","PARCELNUM":"754.4","GPSX":-71.89851206,"GPSY":44.37518752,"MAPYEAR":"Fri, 12 Jun 2009 10:25:32 GMT","UPDATEDATE":"Sat, 28 Jan 2023 00:28:44 GMT","STATE":"VT","FIPS8":5005,"SPAN":"699-222-10848","SUBTYPE":null,"GlobalID_1":"1b84c9bc-63e0-43ad-ac83-460c97f32588","UNITCOUNT":1,"PRIMARYADD1":"2535 OLD COUNTY RD S WATERFORD","PRIMARYADD2":"2535 OLD COUNTY RD S WATERFORD VT 05819","SITETYPE_MULTI1":null,"SITETYPE_MULTI2":null,"SITETYPE_MULTI3":null,"SITETYPE_MULTI4":null,"SITETYPE_MULTI5":null,"COUNTY":"CALEDONIA","COUNTRY":"US","SOURCEOFDATA":"Vermont Enhanced 911 Board","DRIVEWAYID":null,"ESZ":"00300","HOUSE_NUMBER":2535,"HOUSE_NUMBERSUFFIX":null,"HOUSE_NUMBERPREFIX":null,"FIPS":"5005"}},
{"type":"Feature","id":222877,"geometry":{"type":"Point","coordinates":[-71.9316981326557,44.3983579289964]},"properties":{"OBJECTID":222877,"SEGMENTID":87644,"ESITEID":336698,"GEONAMEID":412640,"PD":" ","PT":" ","SN":"FENOFF HEIGHTS","ST":"LN","SD":" ","PRIMARYNAME":"FENOFF HEIGHTS LN  ","ALIAS1":null,"ALIAS2":null,"ALIAS3":null,"ALIAS4":null,"ALIAS5":"","PRIMARYADDRESS":"289 FENOFF HEIGHTS LN","SITETYPE":"SINGLE FAMILY DWELLING","TOWNNAME":"WATERFORD","MCODE":721,"ESN":300,"ZIP":"05819","PARCELNUM":"317.4","GPSX":-71.93169712,"GPSY":44.3983489,"MAPYEAR":"Mon, 15 Jun 2009 09:25:19 GMT","UPDATEDATE":"Tue, 28 Mar 2023 14:08:07 GMT","STATE":"VT","FIPS8":5005,"SPAN":"699-222-10245","SUBTYPE":null,"GlobalID_1":"1e8f787a-6e5f-4347-8c07-37e893ef471e","UNITCOUNT":1,"PRIMARYADD1":"289 FENOFF HEIGHTS LN WATERFORD","PRIMARYADD2":"289 FENOFF HEIGHTS LN WATERFORD VT 05819","SITETYPE_MULTI1":null,"SITETYPE_MULTI2":null,"SITETYPE_MULTI3":null,"SITETYPE_MULTI4":null,"SITETYPE_MULTI5":null,"COUNTY":"CALEDONIA","COUNTRY":"US","SOURCEOFDATA":"Vermont Enhanced 911 Board","DRIVEWAYID":null,"ESZ":"00300","HOUSE_NUMBER":289,"HOUSE_NUMBERSUFFIX":null,"HOUSE_NUMBERPREFIX":null,"FIPS":"5005"}},
{"type":"Feature","id":227301,"geometry":{"type":"Point","coordinates":[-72.0107399972131,44.3762431440046]},"properties":{"OBJECTID":227301,"SEGMENTID":32235,"ESITEID":337610,"GEONAMEID":22337,"PD":" ","PT":" ","SN":"SIMPSON BROOK","ST":"RD","SD":" ","PRIMARYNAME":"SIMPSON BROOK RD  ","ALIAS1":null,"ALIAS2":null,"ALIAS3":null,"ALIAS4":null,"ALIAS5":"8\/11\/2017 12:31:33 PM","PRIMARYADDRESS":"2092 SIMPSON BROOK RD","SITETYPE":"ACCESSORY BUILDING","TOWNNAME":"WATERFORD","MCODE":721,"ESN":300,"ZIP":"05819","PARCELNUM":"894.","GPSX":-72.01073897,"GPSY":44.37623413,"MAPYEAR":"Tue, 06 Oct 2009 16:14:53 GMT","UPDATEDATE":"Thu, 29 May 2025 13:18:38 GMT","STATE":"VT","FIPS8":5005,"SPAN":"699-222-10772","SUBTYPE":null,"GlobalID_1":"670c8f38-c022-48a9-b659-e39ed9e8794a","UNITCOUNT":1,"PRIMARYADD1":"2092 SIMPSON BROOK RD WATERFORD","PRIMARYADD2":"2092 SIMPSON BROOK RD WATERFORD VT 05819","SITETYPE_MULTI1":null,"SITETYPE_MULTI2":null,"SITETYPE_MULTI3":null,"SITETYPE_MULTI4":null,"SITETYPE_MULTI5":null,"COUNTY":"CALEDONIA","COUNTRY":"US","SOURCEOFDATA":"Vermont Enhanced 911 Board","DRIVEWAYID":null,"ESZ":"00300","HOUSE_NUMBER":2092,"HOUSE_NUMBERSUFFIX":null,"HOUSE_NUMBERPREFIX":null,"FIPS":"5005"}},
{"type":"Feature","id":320048,"geometry":{"type":"Point","coordinates":[-71.9403872704697,44.4333048783058]},"properties":{"OBJECTID":320048,"SEGMENTID":86010,"ESITEID":337738,"GEONAMEID":409260,"PD":" ","PT":" ","SN":"WATERFORD HOLLOW","ST":"LN","SD":" ","PRIMARYNAME":"WATERFORD HOLLOW LN  ","ALIAS1":null,"ALIAS2":null,"ALIAS3":null,"ALIAS4":null,"ALIAS5":"","PRIMARYADDRESS":"197 WATERFORD HOLLOW LN","SITETYPE":"SINGLE FAMILY DWELLING","TOWNNAME":"WATERFORD","MCODE":721,"ESN":300,"ZIP":"05819","PARCELNUM":"769.3","GPSX":-71.94038626,"GPSY":44.43329585,"MAPYEAR":"Fri, 23 Oct 2009 13:04:25 GMT","UPDATEDATE":"Tue, 28 Mar 2023 14:11:58 GMT","STATE":"VT","FIPS8":5005,"SPAN":"699-222-10889","SUBTYPE":null,"GlobalID_1":"6b3fc240-df4d-4797-98ea-0b15a768d05e","UNITCOUNT":1,"PRIMARYADD1":"197 WATERFORD HOLLOW LN WATERFORD","PRIMARYADD2":"197 WATERFORD HOLLOW LN WATERFORD VT 05819","SITETYPE_MULTI1":null,"SITETYPE_MULTI2":null,"SITETYPE_MULTI3":null,"SITETYPE_MULTI4":null,"SITETYPE_MULTI5":null,"COUNTY":"CALEDONIA","COUNTRY":"US","SOURCEOFDATA":"Vermont Enhanced 911 Board","DRIVEWAYID":null,"ESZ":"00300","HOUSE_NUMBER":197,"HOUSE_NUMBERSUFFIX":null,"HOUSE_NUMBERPREFIX":null,"FIPS":"5005"}},
{"type":"Feature","id":334750,"geometry":{"type":"Point","coordinates":[-71.9279245460842,44.409381189333]},"properties":{"OBJECTID":334750,"SEGMENTID":50840,"ESITEID":337962,"GEONAMEID":22321,"PD":" ","PT":"","SN":"VT ROUTE 18","ST":" ","SD":" ","PRIMARYNAME":"VT ROUTE 18","ALIAS1":null,"ALIAS2":"ROUTE 18","ALIAS3":null,"ALIAS4":null,"ALIAS5":"11\/21\/2017 12:28:38 PM","PRIMARYADDRESS":"2229 VT ROUTE 18","SITETYPE":"RACE TRACK \/ DRAGSTRIP","TOWNNAME":"WATERFORD","MCODE":721,"ESN":300,"ZIP":"05819","PARCELNUM":"289.5","GPSX":-71.92792354,"GPSY":44.40937217,"MAPYEAR":"Mon, 02 Nov 2009 18:42:55 GMT","UPDATEDATE":"Fri, 27 Jan 2023 23:52:49 GMT","STATE":"VT","FIPS8":5005,"SPAN":"699-222-10887","SUBTYPE":null,"GlobalID_1":"7b80cea7-4f26-4467-b787-bc3f5a58cbb2","UNITCOUNT":1,"PRIMARYADD1":"2229 VT ROUTE 18 WATERFORD","PRIMARYADD2":"2229 VT ROUTE 18 WATERFORD VT 05819","SITETYPE_MULTI1":null,"SITETYPE_MULTI2":null,"SITETYPE_MULTI3":null,"SITETYPE_MULTI4":null,"SITETYPE_MULTI5":null,"COUNTY":"CALEDONIA","COUNTRY":"US","SOURCEOFDATA":"Vermont Enhanced 911 Board","DRIVEWAYID":null,"ESZ":"00300","HOUSE_NUMBER":2229,"HOUSE_NUMBERSUFFIX":null,"HOUSE_NUMBERPREFIX":null,"FIPS":"5005"}},
{"type":"Feature","id":34194,"geometry":{"type":"Point","coordinates":[-71.9544885512608,44.3967473036751]},"properties":{"OBJECTID":34194,"SEGMENTID":252306,"ESITEID":338561,"GEONAMEID":22310,"PD":" ","PT":" ","SN":"SLATE LEDGE","ST":"RD","SD":" ","PRIMARYNAME":"SLATE LEDGE RD","ALIAS1":null,"ALIAS2":null,"ALIAS3":null,"ALIAS4":null,"ALIAS5":"5\/12\/2015 7:29:44 PM","PRIMARYADDRESS":"1743 SLATE LEDGE RD","SITETYPE":"SINGLE FAMILY DWELLING","TOWNNAME":"WATERFORD","MCODE":721,"ESN":300,"ZIP":"05819","PARCELNUM":"021.1","GPSX":-71.95448753,"GPSY":44.39673828,"MAPYEAR":"Wed, 13 Jan 2010 14:37:10 GMT","UPDATEDATE":"Fri, 27 Jan 2023 21:23:02 GMT","STATE":"VT","FIPS8":5005,"SPAN":"699-222-10892","SUBTYPE":null,"GlobalID_1":"5157265c-848d-4cc4-bb19-e97628f37c8b","UNITCOUNT":1,"PRIMARYADD1":"1743 SLATE LEDGE RD WATERFORD","PRIMARYADD2":"1743 SLATE LEDGE RD WATERFORD VT 05819","SITETYPE_MULTI1":null,"SITETYPE_MULTI2":null,"SITETYPE_MULTI3":null,"SITETYPE_MULTI4":null,"SITETYPE_MULTI5":null,"COUNTY":"CALEDONIA","COUNTRY":"US","SOURCEOFDATA":"Vermont Enhanced 911 Board","DRIVEWAYID":null,"ESZ":"00300","HOUSE_NUMBER":1743,"HOUSE_NUMBERSUFFIX":null,"HOUSE_NUMBERPREFIX":null,"FIPS":"5005"}},
{"type":"Feature","id":317150,"geometry":{"type":"Point","coordinates":[-71.9592607975452,44.3942960931417]},"properties":{"OBJECTID":317150,"SEGMENTID":28582,"ESITEID":339273,"GEONAMEID":22335,"PD":" ","PT":" ","SN":"DANIELS FARM","ST":"RD","SD":" ","PRIMARYNAME":"DANIELS FARM RD  ","ALIAS1":null,"ALIAS2":null,"ALIAS3":null,"ALIAS4":null,"ALIAS5":"5\/12\/2015 7:30:02 PM","PRIMARYADDRESS":"861 DANIELS FARM RD","SITETYPE":"SINGLE FAMILY DWELLING","TOWNNAME":"WATERFORD","MCODE":721,"ESN":300,"ZIP":"05819","PARCELNUM":"934.","GPSX":-71.95925978,"GPSY":44.39428707,"MAPYEAR":"Wed, 21 Apr 2010 09:37:20 GMT","UPDATEDATE":"Fri, 27 Jan 2023 21:28:56 GMT","STATE":"VT","FIPS8":5005,"SPAN":"699-222-10058","SUBTYPE":null,"GlobalID_1":"e029118c-0a10-4c8e-a10f-58c7a728bfc1","UNITCOUNT":1,"PRIMARYADD1":"861 DANIELS FARM RD WATERFORD","PRIMARYADD2":"861 DANIELS FARM RD WATERFORD VT 05819","SITETYPE_MULTI1":null,"SITETYPE_MULTI2":null,"SITETYPE_MULTI3":null,"SITETYPE_MULTI4":null,"SITETYPE_MULTI5":null,"COUNTY":"CALEDONIA","COUNTRY":"US","SOURCEOFDATA":"Vermont Enhanced 911 Board","DRIVEWAYID":null,"ESZ":"00300","HOUSE_NUMBER":861,"HOUSE_NUMBERSUFFIX":null,"HOUSE_NUMBERPREFIX":null,"FIPS":"5005"}},
{"type":"Feature","id":39646,"geometry":{"type":"Point","coordinates":[-71.9883659466245,44.3949841804963]},"properties":{"OBJECTID":39646,"SEGMENTID":28579,"ESITEID":341248,"GEONAMEID":22337,"PD":" ","PT":" ","SN":"SIMPSON BROOK","ST":"RD","SD":" ","PRIMARYNAME":"SIMPSON BROOK RD  ","ALIAS1":null,"ALIAS2":null,"ALIAS3":null,"ALIAS4":null,"ALIAS5":"5\/12\/2015 7:30:02 PM","PRIMARYADDRESS":"320 SIMPSON BROOK RD","SITETYPE":"SINGLE FAMILY DWELLING","TOWNNAME":"WATERFORD","MCODE":721,"ESN":300,"ZIP":"05819","PARCELNUM":"633.2","GPSX":-71.98836492,"GPSY":44.39497516,"MAPYEAR":"Thu, 28 Oct 2010 10:38:18 GMT","UPDATEDATE":"Fri, 27 Jan 2023 21:28:57 GMT","STATE":"VT","FIPS8":5005,"SPAN":"699-222-10898","SUBTYPE":null,"GlobalID_1":"84adc180-59ab-4644-9adb-e1ea54fd5006","UNITCOUNT":1,"PRIMARYADD1":"320 SIMPSON BROOK RD WATERFORD","PRIMARYADD2":"320 SIMPSON BROOK RD WATERFORD VT 05819","SITETYPE_MULTI1":null,"SITETYPE_MULTI2":null,"SITETYPE_MULTI3":null,"SITETYPE_MULTI4":null,"SITETYPE_MULTI5":null,"COUNTY":"CALEDONIA","COUNTRY":"US","SOURCEOFDATA":"Vermont Enhanced 911 Board","DRIVEWAYID":null,"ESZ":"00300","HOUSE_NUMBER":320,"HOUSE_NUMBERSUFFIX":null,"HOUSE_NUMBERPREFIX":null,"FIPS":"5005"}},
{"type":"Feature","id":233567,"geometry":{"type":"Point","coordinates":[-71.8869884387753,44.3453016110363]},"properties":{"OBJECTID":233567,"SEGMENTID":39586,"ESITEID":341275,"GEONAMEID":22320,"PD":" ","PT":" ","SN":"RIVERSIDE CEMETERY","ST":"RD","SD":" ","PRIMARYNAME":"RIVERSIDE CEMETERY RD  ","ALIAS1":null,"ALIAS2":null,"ALIAS3":null,"ALIAS4":null,"ALIAS5":"12\/28\/2018 9:48:40 AM","PRIMARYADDRESS":"170 RIVERSIDE CEMETERY RD","SITETYPE":"GATED W\/O BUILDING","TOWNNAME":"WATERFORD","MCODE":721,"ESN":300,"ZIP":"05819","PARCELNUM":"692.","GPSX":-71.88698745,"GPSY":44.3452926,"MAPYEAR":"Fri, 05 Nov 2010 15:23:04 GMT","UPDATEDATE":"Fri, 27 Jan 2023 21:28:50 GMT","STATE":"VT","FIPS8":5005,"SPAN":"699-222-10713","SUBTYPE":null,"GlobalID_1":"d49ca86e-2ccf-4273-9ecf-cb139558cd6c","UNITCOUNT":1,"PRIMARYADD1":"170 RIVERSIDE CEMETERY RD WATERFORD","PRIMARYADD2":"170 RIVERSIDE CEMETERY RD WATERFORD VT 05819","SITETYPE_MULTI1":null,"SITETYPE_MULTI2":null,"SITETYPE_MULTI3":null,"SITETYPE_MULTI4":null,"SITETYPE_MULTI5":null,"COUNTY":"CALEDONIA","COUNTRY":"US","SOURCEOFDATA":"Vermont Enhanced 911 Board","DRIVEWAYID":null,"ESZ":"00300","HOUSE_NUMBER":170,"HOUSE_NUMBERSUFFIX":null,"HOUSE_NUMBERPREFIX":null,"FIPS":"5005"}},
{"type":"Feature","id":331890,"geometry":{"type":"Point","coordinates":[-71.8889167147847,44.35092761394]},"properties":{"OBJECTID":331890,"SEGMENTID":89943,"ESITEID":341374,"GEONAMEID":422850,"PD":" ","PT":" ","SN":"ALDRICH MOUNTAIN","ST":"LN","SD":" ","PRIMARYNAME":"ALDRICH MOUNTAIN LN","ALIAS1":null,"ALIAS2":null,"ALIAS3":null,"ALIAS4":null,"ALIAS5":"","PRIMARYADDRESS":"18 ALDRICH MOUNTAIN LN","SITETYPE":"SINGLE FAMILY DWELLING","TOWNNAME":"WATERFORD","MCODE":721,"ESN":300,"ZIP":"05819","PARCELNUM":"011.2","GPSX":-71.88891572,"GPSY":44.35091859,"MAPYEAR":"Wed, 24 Nov 2010 11:51:26 GMT","UPDATEDATE":"Tue, 28 Mar 2023 14:05:52 GMT","STATE":"VT","FIPS8":5005,"SPAN":"699-222-10901","SUBTYPE":null,"GlobalID_1":"6651c3dd-f1b9-4bb8-9ed5-ac1c9a03ec1f","UNITCOUNT":1,"PRIMARYADD1":"18 ALDRICH MOUNTAIN LN WATERFORD","PRIMARYADD2":"18 ALDRICH MOUNTAIN LN WATERFORD VT 05819","SITETYPE_MULTI1":null,"SITETYPE_MULTI2":null,"SITETYPE_MULTI3":null,"SITETYPE_MULTI4":null,"SITETYPE_MULTI5":null,"COUNTY":"CALEDONIA","COUNTRY":"US","SOURCEOFDATA":"Vermont Enhanced 911 Board","DRIVEWAYID":null,"ESZ":"00300","HOUSE_NUMBER":18,"HOUSE_NUMBERSUFFIX":null,"HOUSE_NUMBERPREFIX":null,"FIPS":"5005"}},
{"type":"Feature","id":316843,"geometry":{"type":"Point","coordinates":[-71.8746507681767,44.3516760425354]},"properties":{"OBJECTID":316843,"SEGMENTID":58215,"ESITEID":344389,"GEONAMEID":435570,"PD":"","PT":"","SN":"OLD COUNTY","ST":"RD","SD":"S","PRIMARYNAME":"OLD COUNTY RD S","ALIAS1":null,"ALIAS2":null,"ALIAS3":null,"ALIAS4":null,"ALIAS5":"9\/16\/2022 12:31:32 PM","PRIMARYADDRESS":"4647 OLD COUNTY RD S","SITETYPE":"RV HOOKUP","TOWNNAME":"WATERFORD","MCODE":721,"ESN":300,"ZIP":"05819","PARCELNUM":"749.3","GPSX":-71.87464978,"GPSY":44.35166703,"MAPYEAR":"Tue, 01 Nov 2011 11:38:10 GMT","UPDATEDATE":"Sat, 28 Jan 2023 00:28:44 GMT","STATE":"VT","FIPS8":5005,"SPAN":"699-222-10899","SUBTYPE":null,"GlobalID_1":"49a60ee1-f5fb-44bb-8174-299885add765","UNITCOUNT":1,"PRIMARYADD1":"4647 OLD COUNTY RD S WATERFORD","PRIMARYADD2":"4647 OLD COUNTY RD S WATERFORD VT 05819","SITETYPE_MULTI1":null,"SITETYPE_MULTI2":null,"SITETYPE_MULTI3":null,"SITETYPE_MULTI4":null,"SITETYPE_MULTI5":null,"COUNTY":"CALEDONIA","COUNTRY":"US","SOURCEOFDATA":"Vermont Enhanced 911 Board","DRIVEWAYID":null,"ESZ":"00300","HOUSE_NUMBER":4647,"HOUSE_NUMBERSUFFIX":null,"HOUSE_NUMBERPREFIX":null,"FIPS":"5005"}},
{"type":"Feature","id":307322,"geometry":{"type":"Point","coordinates":[-71.9767138006411,44.4009827309017]},"properties":{"OBJECTID":307322,"SEGMENTID":21062,"ESITEID":345606,"GEONAMEID":22335,"PD":"","PT":"","SN":"DANIELS FARM","ST":"RD","SD":"","PRIMARYNAME":"DANIELS FARM RD","ALIAS1":null,"ALIAS2":null,"ALIAS3":null,"ALIAS4":null,"ALIAS5":"11\/18\/2022 6:56:04 AM","PRIMARYADDRESS":"2248 DANIELS FARM RD","SITETYPE":"CAMP","TOWNNAME":"WATERFORD","MCODE":721,"ESN":300,"ZIP":"05819","PARCELNUM":"569.5","GPSX":-71.97671278,"GPSY":44.40097371,"MAPYEAR":"Fri, 17 Aug 2012 13:22:00 GMT","UPDATEDATE":"Sat, 28 Jan 2023 00:34:16 GMT","STATE":"VT","FIPS8":5005,"SPAN":"699-222-10888","SUBTYPE":null,"GlobalID_1":"2e91a815-fed2-4497-be06-d223f4f36bc5","UNITCOUNT":1,"PRIMARYADD1":"2248 DANIELS FARM RD WATERFORD","PRIMARYADD2":"2248 DANIELS FARM RD WATERFORD VT 05819","SITETYPE_MULTI1":null,"SITETYPE_MULTI2":null,"SITETYPE_MULTI3":null,"SITETYPE_MULTI4":null,"SITETYPE_MULTI5":null,"COUNTY":"CALEDONIA","COUNTRY":"US","SOURCEOFDATA":"Vermont Enhanced 911 Board","DRIVEWAYID":null,"ESZ":"00300","HOUSE_NUMBER":2248,"HOUSE_NUMBERSUFFIX":null,"HOUSE_NUMBERPREFIX":null,"FIPS":"5005"}},
{"type":"Feature","id":136573,"geometry":{"type":"Point","coordinates":[-71.8741948237882,44.3589487092753]},"properties":{"OBJECTID":136573,"SEGMENTID":36883,"ESITEID":345866,"GEONAMEID":22319,"PD":"","PT":"","SN":"SHADOW LAKE","ST":"RD","SD":"","PRIMARYNAME":"SHADOW LAKE RD","ALIAS1":null,"ALIAS2":null,"ALIAS3":null,"ALIAS4":null,"ALIAS5":"9\/13\/2018 9:05:40 AM","PRIMARYADDRESS":"1201 SHADOW LAKE RD","SITETYPE":"SINGLE FAMILY DWELLING","TOWNNAME":"WATERFORD","MCODE":721,"ESN":300,"ZIP":"05819","PARCELNUM":"572.1","GPSX":-71.87419384,"GPSY":44.35893969,"MAPYEAR":"Fri, 24 Aug 2012 14:20:05 GMT","UPDATEDATE":"Sat, 28 Jan 2023 00:34:17 GMT","STATE":"VT","FIPS8":5005,"SPAN":"699-222-10917","SUBTYPE":null,"GlobalID_1":"a8ed4e02-c47b-419b-9596-3b5e3930c0c6","UNITCOUNT":1,"PRIMARYADD1":"1201 SHADOW LAKE RD WATERFORD","PRIMARYADD2":"1201 SHADOW LAKE RD WATERFORD VT 05819","SITETYPE_MULTI1":null,"SITETYPE_MULTI2":null,"SITETYPE_MULTI3":null,"SITETYPE_MULTI4":null,"SITETYPE_MULTI5":null,"COUNTY":"CALEDONIA","COUNTRY":"US","SOURCEOFDATA":"Vermont Enhanced 911 Board","DRIVEWAYID":null,"ESZ":"00300","HOUSE_NUMBER":1201,"HOUSE_NUMBERSUFFIX":null,"HOUSE_NUMBERPREFIX":null,"FIPS":"5005"}},
{"type":"Feature","id":338756,"geometry":{"type":"Point","coordinates":[-71.9081476417038,44.3718258548185]},"properties":{"OBJECTID":338756,"SEGMENTID":54445,"ESITEID":365184,"GEONAMEID":22321,"PD":"","PT":"","SN":"VT ROUTE 18","ST":"","SD":"","PRIMARYNAME":"VT ROUTE 18","ALIAS1":null,"ALIAS2":null,"ALIAS3":null,"ALIAS4":null,"ALIAS5":"6\/23\/2016 12:13:25 PM","PRIMARYADDRESS":"5157 VT ROUTE 18","SITETYPE":"CAMP","TOWNNAME":"WATERFORD","MCODE":721,"ESN":300,"ZIP":"05819","PARCELNUM":"557.","GPSX":-71.90814664,"GPSY":44.37181683,"MAPYEAR":"Thu, 30 Aug 2012 12:39:14 GMT","UPDATEDATE":"Sat, 28 Jan 2023 00:34:19 GMT","STATE":"VT","FIPS8":5005,"SPAN":"699-222-10406","SUBTYPE":null,"GlobalID_1":"fdd3e5cf-7b24-4b7d-9c84-40779a26fb04","UNITCOUNT":1,"PRIMARYADD1":"5157 VT ROUTE 18 WATERFORD","PRIMARYADD2":"5157 VT ROUTE 18 WATERFORD VT 05819","SITETYPE_MULTI1":null,"SITETYPE_MULTI2":null,"SITETYPE_MULTI3":null,"SITETYPE_MULTI4":null,"SITETYPE_MULTI5":null,"COUNTY":"CALEDONIA","COUNTRY":"US","SOURCEOFDATA":"Vermont Enhanced 911 Board","DRIVEWAYID":null,"ESZ":"00300","HOUSE_NUMBER":5157,"HOUSE_NUMBERSUFFIX":null,"HOUSE_NUMBERPREFIX":null,"FIPS":"5005"}},
{"type":"Feature","id":52396,"geometry":{"type":"Point","coordinates":[-71.8969720912291,44.3472093005723]},"properties":{"OBJECTID":52396,"SEGMENTID":64950,"ESITEID":365357,"GEONAMEID":37637,"PD":"","PT":"","SN":"MEMORY TREE","ST":"LN","SD":"","PRIMARYNAME":"MEMORY TREE LN","ALIAS1":null,"ALIAS2":null,"ALIAS3":null,"ALIAS4":null,"ALIAS5":"9\/16\/2022 12:24:45 PM","PRIMARYADDRESS":"154 MEMORY TREE LN","SITETYPE":"SINGLE FAMILY DWELLING","TOWNNAME":"WATERFORD","MCODE":721,"ESN":300,"ZIP":"05819","PARCELNUM":"032.3","GPSX":-71.89697322,"GPSY":44.34720203,"MAPYEAR":"Thu, 09 Jun 2022 11:46:50 GMT","UPDATEDATE":"Thu, 29 May 2025 12:23:40 GMT","STATE":"VT","FIPS8":5005,"SPAN":"699-222-11012","SUBTYPE":null,"GlobalID_1":"b0643670-619a-409f-b602-012f5e5468e9","UNITCOUNT":1,"PRIMARYADD1":"154 MEMORY TREE LN WATERFORD","PRIMARYADD2":"154 MEMORY TREE LN WATERFORD VT 05819","SITETYPE_MULTI1":null,"SITETYPE_MULTI2":null,"SITETYPE_MULTI3":null,"SITETYPE_MULTI4":null,"SITETYPE_MULTI5":null,"COUNTY":"CALEDONIA","COUNTRY":"US","SOURCEOFDATA":"Vermont Enhanced 911 Board","DRIVEWAYID":null,"ESZ":"00300","HOUSE_NUMBER":154,"HOUSE_NUMBERSUFFIX":null,"HOUSE_NUMBERPREFIX":"","FIPS":null}},
{"type":"Feature","id":323795,"geometry":{"type":"Point","coordinates":[-71.9392742740771,44.4365718456883]},"properties":{"OBJECTID":323795,"SEGMENTID":86013,"ESITEID":365434,"GEONAMEID":22304,"PD":"E","PT":"","SN":"VILLAGE","ST":"RD","SD":"","PRIMARYNAME":"E VILLAGE RD","ALIAS1":null,"ALIAS2":null,"ALIAS3":null,"ALIAS4":null,"ALIAS5":null,"PRIMARYADDRESS":"131 E VILLAGE RD","SITETYPE":"SINGLE FAMILY DWELLING","TOWNNAME":"WATERFORD","MCODE":721,"ESN":300,"ZIP":"05819","PARCELNUM":"799.2","GPSX":-71.93927326,"GPSY":44.43656282,"MAPYEAR":"Mon, 13 Feb 2023 09:45:15 GMT","UPDATEDATE":"Mon, 25 Sep 2023 22:09:41 GMT","STATE":"VT","FIPS8":5005,"SPAN":"699-222-11008","SUBTYPE":null,"GlobalID_1":"146af8fa-53f2-40e2-8a00-d17961ab3d56","UNITCOUNT":1,"PRIMARYADD1":"131 E VILLAGE RD WATERFORD","PRIMARYADD2":"131 E VILLAGE RD WATERFORD VT 05819","SITETYPE_MULTI1":null,"SITETYPE_MULTI2":null,"SITETYPE_MULTI3":null,"SITETYPE_MULTI4":null,"SITETYPE_MULTI5":null,"COUNTY":"CALEDONIA","COUNTRY":"US","SOURCEOFDATA":"Vermont Enhanced 911 Board","DRIVEWAYID":null,"ESZ":"00300","HOUSE_NUMBER":131,"HOUSE_NUMBERSUFFIX":null,"HOUSE_NUMBERPREFIX":null,"FIPS":null}},
{"type":"Feature","id":72727,"geometry":{"type":"Point","coordinates":[-71.9471924022888,44.3896290167551]},"properties":{"OBJECTID":72727,"SEGMENTID":59208,"ESITEID":365435,"GEONAMEID":22335,"PD":"","PT":"","SN":"DANIELS FARM","ST":"RD","SD":"","PRIMARYNAME":"DANIELS FARM RD","ALIAS1":null,"ALIAS2":null,"ALIAS3":null,"ALIAS4":null,"ALIAS5":null,"PRIMARYADDRESS":"95 DANIELS FARM RD","SITETYPE":"SINGLE FAMILY DWELLING","TOWNNAME":"WATERFORD","MCODE":721,"ESN":300,"ZIP":"05819","PARCELNUM":"453","GPSX":-71.94719139,"GPSY":44.38962,"MAPYEAR":"Mon, 13 Feb 2023 09:46:42 GMT","UPDATEDATE":"Mon, 25 Sep 2023 22:06:25 GMT","STATE":"VT","FIPS8":5005,"SPAN":"699-222-10278","SUBTYPE":null,"GlobalID_1":"c2483a09-129c-4bdb-bc03-9a99a7740956","UNITCOUNT":1,"PRIMARYADD1":"95 DANIELS FARM RD WATERFORD","PRIMARYADD2":"95 DANIELS FARM RD WATERFORD VT 05819","SITETYPE_MULTI1":null,"SITETYPE_MULTI2":null,"SITETYPE_MULTI3":null,"SITETYPE_MULTI4":null,"SITETYPE_MULTI5":null,"COUNTY":"CALEDONIA","COUNTRY":"US","SOURCEOFDATA":"Vermont Enhanced 911 Board","DRIVEWAYID":null,"ESZ":"00300","HOUSE_NUMBER":95,"HOUSE_NUMBERSUFFIX":null,"HOUSE_NUMBERPREFIX":null,"FIPS":null}},
{"type":"Feature","id":126604,"geometry":{"type":"Point","coordinates":[-71.8987760571858,44.3479394118257]},"properties":{"OBJECTID":126604,"SEGMENTID":64953,"ESITEID":365436,"GEONAMEID":37638,"PD":null,"PT":null,"SN":"RIVER VIEW","ST":"LN","SD":null,"PRIMARYNAME":"RIVER VIEW LN","ALIAS1":null,"ALIAS2":null,"ALIAS3":null,"ALIAS4":null,"ALIAS5":null,"PRIMARYADDRESS":"161 RIVER VIEW LN","SITETYPE":"OTHER RESIDENTIAL","TOWNNAME":"WATERFORD","MCODE":721,"ESN":300,"ZIP":"05819","PARCELNUM":"032.1","GPSX":-71.89877606,"GPSY":44.34793941,"MAPYEAR":"Mon, 13 Feb 2023 09:50:32 GMT","UPDATEDATE":"Wed, 11 Jun 2025 11:38:04 GMT","STATE":"VT","FIPS8":5005,"SPAN":"699-222-10998","SUBTYPE":null,"GlobalID_1":"c7eb0f08-61c2-4539-9144-4f9dfccfbbd8","UNITCOUNT":1,"PRIMARYADD1":"161 RIVER VIEW LN WATERFORD","PRIMARYADD2":"161 RIVER VIEW LN WATERFORD VT 05819","SITETYPE_MULTI1":null,"SITETYPE_MULTI2":null,"SITETYPE_MULTI3":null,"SITETYPE_MULTI4":null,"SITETYPE_MULTI5":null,"COUNTY":"CALEDONIA","COUNTRY":"US","SOURCEOFDATA":"Vermont Enhanced 911 Board","DRIVEWAYID":null,"ESZ":"00300","HOUSE_NUMBER":161,"HOUSE_NUMBERSUFFIX":null,"HOUSE_NUMBERPREFIX":null,"FIPS":null}},
{"type":"Feature","id":25585,"geometry":{"type":"Point","coordinates":[-71.891150268366,44.3480490609684]},"properties":{"OBJECTID":25585,"SEGMENTID":32238,"ESITEID":365437,"GEONAMEID":22319,"PD":"","PT":"","SN":"SHADOW LAKE","ST":"RD","SD":"","PRIMARYNAME":"SHADOW LAKE RD","ALIAS1":null,"ALIAS2":null,"ALIAS3":null,"ALIAS4":null,"ALIAS5":null,"PRIMARYADDRESS":"37 SHADOW LAKE RD","SITETYPE":"SINGLE FAMILY DWELLING","TOWNNAME":"WATERFORD","MCODE":721,"ESN":300,"ZIP":"05819","PARCELNUM":"063.3","GPSX":-71.89114928,"GPSY":44.34804005,"MAPYEAR":"Mon, 13 Feb 2023 09:52:01 GMT","UPDATEDATE":"Tue, 01 Jul 2025 12:20:12 GMT","STATE":"VT","FIPS8":5005,"SPAN":"699-222-11014","SUBTYPE":null,"GlobalID_1":"095eda90-4906-4ab4-bc18-b3829f45f0a5","UNITCOUNT":1,"PRIMARYADD1":"37 SHADOW LAKE RD WATERFORD","PRIMARYADD2":"37 SHADOW LAKE RD WATERFORD VT 05819","SITETYPE_MULTI1":null,"SITETYPE_MULTI2":null,"SITETYPE_MULTI3":null,"SITETYPE_MULTI4":null,"SITETYPE_MULTI5":null,"COUNTY":"CALEDONIA","COUNTRY":"US","SOURCEOFDATA":"Vermont Enhanced 911 Board","DRIVEWAYID":null,"ESZ":"00300","HOUSE_NUMBER":37,"HOUSE_NUMBERSUFFIX":null,"HOUSE_NUMBERPREFIX":null,"FIPS":null}},
{"type":"Feature","id":342229,"geometry":{"type":"Point","coordinates":[-71.8893456370756,44.3497356181]},"properties":{"OBJECTID":342229,"SEGMENTID":89946,"ESITEID":365438,"GEONAMEID":27447,"PD":"","PT":"","SN":"MOORE DAM","ST":"RD","SD":"","PRIMARYNAME":"MOORE DAM RD","ALIAS1":null,"ALIAS2":null,"ALIAS3":null,"ALIAS4":null,"ALIAS5":null,"PRIMARYADDRESS":"121 MOORE DAM RD","SITETYPE":"SINGLE FAMILY DWELLING","TOWNNAME":"WATERFORD","MCODE":721,"ESN":300,"ZIP":"05819","PARCELNUM":"063.2","GPSX":-71.88934465,"GPSY":44.3497266,"MAPYEAR":"Mon, 13 Feb 2023 09:54:10 GMT","UPDATEDATE":"Tue, 16 Jan 2024 12:49:42 GMT","STATE":"VT","FIPS8":5005,"SPAN":"699-222-10907","SUBTYPE":null,"GlobalID_1":"05790774-9f2d-4c7e-b8a9-e5b3b48435c3","UNITCOUNT":1,"PRIMARYADD1":"121 MOORE DAM RD WATERFORD","PRIMARYADD2":"121 MOORE DAM RD WATERFORD VT 05819","SITETYPE_MULTI1":null,"SITETYPE_MULTI2":null,"SITETYPE_MULTI3":null,"SITETYPE_MULTI4":null,"SITETYPE_MULTI5":null,"COUNTY":"CALEDONIA","COUNTRY":"US","SOURCEOFDATA":"Vermont Enhanced 911 Board","DRIVEWAYID":null,"ESZ":"00300","HOUSE_NUMBER":121,"HOUSE_NUMBERSUFFIX":null,"HOUSE_NUMBERPREFIX":null,"FIPS":null}},
{"type":"Feature","id":30300,"geometry":{"type":"Point","coordinates":[-71.8852196669417,44.3669882188482]},"properties":{"OBJECTID":30300,"SEGMENTID":21063,"ESITEID":365439,"GEONAMEID":22317,"PD":"","PT":"","SN":"HIGH RIDGE","ST":"RD","SD":"","PRIMARYNAME":"HIGH RIDGE RD","ALIAS1":null,"ALIAS2":null,"ALIAS3":null,"ALIAS4":null,"ALIAS5":null,"PRIMARYADDRESS":"847 HIGH RIDGE RD","SITETYPE":"RV HOOKUP","TOWNNAME":"WATERFORD","MCODE":721,"ESN":300,"ZIP":"05819","PARCELNUM":"752.5","GPSX":-71.88521868,"GPSY":44.3669792,"MAPYEAR":"Mon, 13 Feb 2023 09:58:51 GMT","UPDATEDATE":"Fri, 25 Aug 2023 13:29:26 GMT","STATE":"VT","FIPS8":5005,"SPAN":"699-222-10836","SUBTYPE":null,"GlobalID_1":"0cdf1281-f0fd-4252-90e8-c5c9e5dee676","UNITCOUNT":1,"PRIMARYADD1":"847 HIGH RIDGE RD WATERFORD","PRIMARYADD2":"847 HIGH RIDGE RD WATERFORD VT 05819","SITETYPE_MULTI1":null,"SITETYPE_MULTI2":null,"SITETYPE_MULTI3":null,"SITETYPE_MULTI4":null,"SITETYPE_MULTI5":null,"COUNTY":"CALEDONIA","COUNTRY":"US","SOURCEOFDATA":"Vermont Enhanced 911 Board","DRIVEWAYID":null,"ESZ":"00300","HOUSE_NUMBER":847,"HOUSE_NUMBERSUFFIX":null,"HOUSE_NUMBERPREFIX":null,"FIPS":null}},
{"type":"Feature","id":77014,"geometry":{"type":"Point","coordinates":[-71.9776207869209,44.4178785699397]},"properties":{"OBJECTID":77014,"SEGMENTID":10036,"ESITEID":445381,"GEONAMEID":19756,"PD":"","PT":"","SN":"HIGGINS HILL","ST":"RD","SD":"","PRIMARYNAME":"HIGGINS HILL RD","ALIAS1":null,"ALIAS2":null,"ALIAS3":null,"ALIAS4":null,"ALIAS5":"4\/27\/2022 12:03:59 PM","PRIMARYADDRESS":"714 HIGGINS HILL RD","SITETYPE":"SINGLE FAMILY DWELLING","TOWNNAME":"WATERFORD","MCODE":690,"ESN":300,"ZIP":"05819","PARCELNUM":"677.1","GPSX":-71.97761976,"GPSY":44.41786954,"MAPYEAR":"Mon, 06 Aug 2012 15:01:09 GMT","UPDATEDATE":"Sat, 28 Jan 2023 00:05:32 GMT","STATE":"VT","FIPS8":5005,"SPAN":"699-222-10896","SUBTYPE":null,"GlobalID_1":"49ec1814-693c-4eb2-8033-6c8597fee9c0","UNITCOUNT":1,"PRIMARYADD1":"714 HIGGINS HILL RD WATERFORD","PRIMARYADD2":"714 HIGGINS HILL RD WATERFORD VT 05819","SITETYPE_MULTI1":null,"SITETYPE_MULTI2":null,"SITETYPE_MULTI3":null,"SITETYPE_MULTI4":null,"SITETYPE_MULTI5":null,"COUNTY":"CALEDONIA","COUNTRY":"US","SOURCEOFDATA":"Vermont Enhanced 911 Board","DRIVEWAYID":null,"ESZ":"00300","HOUSE_NUMBER":714,"HOUSE_NUMBERSUFFIX":null,"HOUSE_NUMBERPREFIX":null,"FIPS":"5005"}},
{"type":"Feature","id":168182,"geometry":{"type":"Point","coordinates":[-71.9757169642478,44.3420780119217]},"properties":{"OBJECTID":168182,"SEGMENTID":28580,"ESITEID":446420,"GEONAMEID":22324,"PD":"","PT":"","SN":"BIRCH TREE","ST":"LN","SD":"","PRIMARYNAME":"BIRCH TREE LN","ALIAS1":null,"ALIAS2":null,"ALIAS3":null,"ALIAS4":null,"ALIAS5":"5\/13\/2015 2:08:23 PM","PRIMARYADDRESS":"78 BIRCH TREE LN","SITETYPE":"UTILITY POLE W\/PHONE","TOWNNAME":"WATERFORD","MCODE":721,"ESN":300,"ZIP":"05819","PARCELNUM":"408.","GPSX":-71.97571594,"GPSY":44.342069,"MAPYEAR":"Tue, 19 Mar 2013 10:53:21 GMT","UPDATEDATE":"Sat, 28 Jan 2023 00:34:24 GMT","STATE":"VT","FIPS8":5005,"SPAN":"699-222-10740","SUBTYPE":null,"GlobalID_1":"176bf1c0-7d3c-489e-9dc7-33187d237a38","UNITCOUNT":1,"PRIMARYADD1":"78 BIRCH TREE LN WATERFORD","PRIMARYADD2":"78 BIRCH TREE LN WATERFORD VT 05819","SITETYPE_MULTI1":null,"SITETYPE_MULTI2":null,"SITETYPE_MULTI3":null,"SITETYPE_MULTI4":null,"SITETYPE_MULTI5":null,"COUNTY":"CALEDONIA","COUNTRY":"US","SOURCEOFDATA":"Vermont Enhanced 911 Board","DRIVEWAYID":null,"ESZ":"00300","HOUSE_NUMBER":78,"HOUSE_NUMBERSUFFIX":null,"HOUSE_NUMBERPREFIX":null,"FIPS":"5005"}},
{"type":"Feature","id":80380,"geometry":{"type":"Point","coordinates":[-71.9866180204323,44.3387350397426]},"properties":{"OBJECTID":80380,"SEGMENTID":28581,"ESITEID":446502,"GEONAMEID":22346,"PD":"","PT":"","SN":"LOWER WATERFORD","ST":"RD","SD":"","PRIMARYNAME":"LOWER WATERFORD RD","ALIAS1":null,"ALIAS2":null,"ALIAS3":null,"ALIAS4":null,"ALIAS5":"6\/23\/2016 11:33:32 AM","PRIMARYADDRESS":"4711 LOWER WATERFORD RD","SITETYPE":"SINGLE FAMILY DWELLING","TOWNNAME":"WATERFORD","MCODE":721,"ESN":300,"ZIP":"05819","PARCELNUM":"368.","GPSX":-71.986617,"GPSY":44.33872603,"MAPYEAR":"Tue, 02 Apr 2013 09:37:43 GMT","UPDATEDATE":"Sat, 28 Jan 2023 00:34:25 GMT","STATE":"VT","FIPS8":5005,"SPAN":"699-222-10182","SUBTYPE":null,"GlobalID_1":"53b258c6-86aa-4b7f-ba55-4e11b073c7bb","UNITCOUNT":1,"PRIMARYADD1":"4711 LOWER WATERFORD RD WATERFORD","PRIMARYADD2":"4711 LOWER WATERFORD RD WATERFORD VT 05819","SITETYPE_MULTI1":null,"SITETYPE_MULTI2":null,"SITETYPE_MULTI3":null,"SITETYPE_MULTI4":null,"SITETYPE_MULTI5":null,"COUNTY":"CALEDONIA","COUNTRY":"US","SOURCEOFDATA":"Vermont Enhanced 911 Board","DRIVEWAYID":null,"ESZ":"00300","HOUSE_NUMBER":4711,"HOUSE_NUMBERSUFFIX":null,"HOUSE_NUMBERPREFIX":null,"FIPS":"5005"}},
{"type":"Feature","id":145976,"geometry":{"type":"Point","coordinates":[-71.9585094136243,44.3851757943444]},"properties":{"OBJECTID":145976,"SEGMENTID":58218,"ESITEID":446831,"GEONAMEID":22344,"PD":"","PT":"","SN":"BLODGETT FARM","ST":"RD","SD":"","PRIMARYNAME":"BLODGETT FARM RD","ALIAS1":null,"ALIAS2":null,"ALIAS3":null,"ALIAS4":null,"ALIAS5":"5\/12\/2015 7:33:43 PM","PRIMARYADDRESS":"160 BLODGETT FARM RD","SITETYPE":"OTHER RESIDENTIAL","TOWNNAME":"WATERFORD","MCODE":721,"ESN":300,"ZIP":"05819","PARCELNUM":"447.","GPSX":-71.95850839,"GPSY":44.38516677,"MAPYEAR":"Fri, 24 May 2013 17:00:25 GMT","UPDATEDATE":"Sat, 28 Jan 2023 00:34:27 GMT","STATE":"VT","FIPS8":5005,"SPAN":"699-222-10267","SUBTYPE":null,"GlobalID_1":"ae7d48a9-b961-4e0d-92d4-b816f5b0077d","UNITCOUNT":1,"PRIMARYADD1":"160 BLODGETT FARM RD WATERFORD","PRIMARYADD2":"160 BLODGETT FARM RD WATERFORD VT 05819","SITETYPE_MULTI1":null,"SITETYPE_MULTI2":null,"SITETYPE_MULTI3":null,"SITETYPE_MULTI4":null,"SITETYPE_MULTI5":null,"COUNTY":"CALEDONIA","COUNTRY":"US","SOURCEOFDATA":"Vermont Enhanced 911 Board","DRIVEWAYID":null,"ESZ":"00300","HOUSE_NUMBER":160,"HOUSE_NUMBERSUFFIX":null,"HOUSE_NUMBERPREFIX":null,"FIPS":"5005"}},
{"type":"Feature","id":94428,"geometry":{"type":"Point","coordinates":[-71.9954798989328,44.3577372022662]},"properties":{"OBJECTID":94428,"SEGMENTID":47175,"ESITEID":448347,"GEONAMEID":22343,"PD":"","PT":"","SN":"VALLEY VIEW","ST":"RD","SD":"","PRIMARYNAME":"VALLEY VIEW RD","ALIAS1":null,"ALIAS2":null,"ALIAS3":null,"ALIAS4":null,"ALIAS5":"9\/15\/2022 2:02:56 PM","PRIMARYADDRESS":"1046 VALLEY VIEW RD","SITETYPE":"SINGLE FAMILY DWELLING","TOWNNAME":"WATERFORD","MCODE":721,"ESN":300,"ZIP":"05819","PARCELNUM":"863.4","GPSX":-71.99548071,"GPSY":44.35773727,"MAPYEAR":"Thu, 08 Aug 2013 12:38:45 GMT","UPDATEDATE":"Fri, 18 Apr 2025 09:28:32 GMT","STATE":"VT","FIPS8":5005,"SPAN":"699-222-10939","SUBTYPE":null,"GlobalID_1":"9281d282-e8d4-4e24-8422-cbabc34795cd","UNITCOUNT":1,"PRIMARYADD1":"1046 VALLEY VIEW RD WATERFORD","PRIMARYADD2":"1046 VALLEY VIEW RD WATERFORD VT 05819","SITETYPE_MULTI1":null,"SITETYPE_MULTI2":null,"SITETYPE_MULTI3":null,"SITETYPE_MULTI4":null,"SITETYPE_MULTI5":null,"COUNTY":"CALEDONIA","COUNTRY":"US","SOURCEOFDATA":"Vermont Enhanced 911 Board","DRIVEWAYID":null,"ESZ":"00300","HOUSE_NUMBER":1046,"HOUSE_NUMBERSUFFIX":null,"HOUSE_NUMBERPREFIX":null,"FIPS":"5005"}},
{"type":"Feature","id":217559,"geometry":{"type":"Point","coordinates":[-71.935773904728,44.33909141642]},"properties":{"OBJECTID":217559,"SEGMENTID":24886,"ESITEID":448389,"GEONAMEID":22346,"PD":"","PT":"","SN":"LOWER WATERFORD","ST":"RD","SD":"","PRIMARYNAME":"LOWER WATERFORD RD","ALIAS1":null,"ALIAS2":null,"ALIAS3":null,"ALIAS4":null,"ALIAS5":"6\/23\/2016 11:46:11 AM","PRIMARYADDRESS":"1931 LOWER WATERFORD RD","SITETYPE":"COMMERCIAL FARM","TOWNNAME":"WATERFORD","MCODE":721,"ESN":300,"ZIP":"05819","PARCELNUM":"999.3","GPSX":-71.9357729,"GPSY":44.33908241,"MAPYEAR":"Fri, 09 Aug 2013 10:15:08 GMT","UPDATEDATE":"Sat, 28 Jan 2023 00:34:38 GMT","STATE":"VT","FIPS8":5005,"SPAN":"699-222-10985","SUBTYPE":null,"GlobalID_1":"7f30c78f-cc76-48b7-8533-fac1dd3ba99f","UNITCOUNT":1,"PRIMARYADD1":"1931 LOWER WATERFORD RD WATERFORD","PRIMARYADD2":"1931 LOWER WATERFORD RD WATERFORD VT 05819","SITETYPE_MULTI1":null,"SITETYPE_MULTI2":null,"SITETYPE_MULTI3":null,"SITETYPE_MULTI4":null,"SITETYPE_MULTI5":null,"COUNTY":"CALEDONIA","COUNTRY":"US","SOURCEOFDATA":"Vermont Enhanced 911 Board","DRIVEWAYID":null,"ESZ":"00300","HOUSE_NUMBER":1931,"HOUSE_NUMBERSUFFIX":null,"HOUSE_NUMBERPREFIX":null,"FIPS":"5005"}},
{"type":"Feature","id":250095,"geometry":{"type":"Point","coordinates":[-71.8869476796339,44.3624033313083]},"properties":{"OBJECTID":250095,"SEGMENTID":35906,"ESITEID":449493,"GEONAMEID":22317,"PD":"","PT":"","SN":"HIGH RIDGE","ST":"RD","SD":"","PRIMARYNAME":"HIGH RIDGE RD","ALIAS1":null,"ALIAS2":null,"ALIAS3":null,"ALIAS4":null,"ALIAS5":"9\/13\/2018 9:05:52 AM","PRIMARYADDRESS":"293 HIGH RIDGE RD","SITETYPE":"COMMUNICATION TOWER","TOWNNAME":"WATERFORD","MCODE":721,"ESN":300,"ZIP":"05819","PARCELNUM":"898.1","GPSX":-71.88694881,"GPSY":44.36239606,"MAPYEAR":"Fri, 11 Oct 2013 09:56:46 GMT","UPDATEDATE":"Fri, 18 Apr 2025 09:38:37 GMT","STATE":"VT","FIPS8":5005,"SPAN":"699-222-11016","SUBTYPE":null,"GlobalID_1":"31508cf0-f05a-49ba-b4b5-454a4e362ef8","UNITCOUNT":1,"PRIMARYADD1":"293 HIGH RIDGE RD WATERFORD","PRIMARYADD2":"293 HIGH RIDGE RD WATERFORD VT 05819","SITETYPE_MULTI1":null,"SITETYPE_MULTI2":null,"SITETYPE_MULTI3":null,"SITETYPE_MULTI4":null,"SITETYPE_MULTI5":null,"COUNTY":"CALEDONIA","COUNTRY":"US","SOURCEOFDATA":"Vermont Enhanced 911 Board","DRIVEWAYID":null,"ESZ":"00300","HOUSE_NUMBER":293,"HOUSE_NUMBERSUFFIX":null,"HOUSE_NUMBERPREFIX":"","FIPS":"5005"}},
{"type":"Feature","id":91571,"geometry":{"type":"Point","coordinates":[-71.9298300655987,44.4264963628696]},"properties":{"OBJECTID":91571,"SEGMENTID":9747,"ESITEID":449494,"GEONAMEID":22305,"PD":"","PT":"","SN":"WALSH","ST":"RD","SD":"","PRIMARYNAME":"WALSH RD","ALIAS1":null,"ALIAS2":null,"ALIAS3":null,"ALIAS4":null,"ALIAS5":"10\/15\/2015 11:09:18 AM","PRIMARYADDRESS":"254 WALSH RD","SITETYPE":"COMMUNICATION TOWER","TOWNNAME":"WATERFORD","MCODE":721,"ESN":300,"ZIP":"05819","PARCELNUM":"513.","GPSX":-71.92982906,"GPSY":44.42648734,"MAPYEAR":"Fri, 11 Oct 2013 10:00:45 GMT","UPDATEDATE":"Sat, 28 Jan 2023 00:34:44 GMT","STATE":"VT","FIPS8":5005,"SPAN":"699-222-10347","SUBTYPE":null,"GlobalID_1":"ccf378f0-bc5f-41cd-baa0-7d81e3bb2195","UNITCOUNT":1,"PRIMARYADD1":"254 WALSH RD WATERFORD","PRIMARYADD2":"254 WALSH RD WATERFORD VT 05819","SITETYPE_MULTI1":null,"SITETYPE_MULTI2":null,"SITETYPE_MULTI3":null,"SITETYPE_MULTI4":null,"SITETYPE_MULTI5":null,"COUNTY":"CALEDONIA","COUNTRY":"US","SOURCEOFDATA":"Vermont Enhanced 911 Board","DRIVEWAYID":null,"ESZ":"00300","HOUSE_NUMBER":254,"HOUSE_NUMBERSUFFIX":null,"HOUSE_NUMBERPREFIX":null,"FIPS":"5005"}},
{"type":"Feature","id":219107,"geometry":{"type":"Point","coordinates":[-71.921873661236,44.3692165789093]},"properties":{"OBJECTID":219107,"SEGMENTID":21060,"ESITEID":453102,"GEONAMEID":22328,"PD":"","PT":"","SN":"HURLBUT HILL","ST":"LN","SD":"","PRIMARYNAME":"HURLBUT HILL LN","ALIAS1":null,"ALIAS2":null,"ALIAS3":null,"ALIAS4":null,"ALIAS5":"4\/16\/2021 12:08:14 PM","PRIMARYADDRESS":"1085 HURLBUT HILL LN","SITETYPE":"CAMP","TOWNNAME":"WATERFORD","MCODE":721,"ESN":300,"ZIP":"05819","PARCELNUM":"264.","GPSX":-71.92187266,"GPSY":44.36920756,"MAPYEAR":"Wed, 22 Oct 2014 13:50:08 GMT","UPDATEDATE":"Sat, 28 Jan 2023 00:35:09 GMT","STATE":"VT","FIPS8":5005,"SPAN":"699-222-10076","SUBTYPE":null,"GlobalID_1":"ed862146-f04d-4079-8cad-34770cbfcbc6","UNITCOUNT":1,"PRIMARYADD1":"1085 HURLBUT HILL LN WATERFORD","PRIMARYADD2":"1085 HURLBUT HILL LN WATERFORD VT 05819","SITETYPE_MULTI1":null,"SITETYPE_MULTI2":null,"SITETYPE_MULTI3":null,"SITETYPE_MULTI4":null,"SITETYPE_MULTI5":null,"COUNTY":"CALEDONIA","COUNTRY":"US","SOURCEOFDATA":"Vermont Enhanced 911 Board","DRIVEWAYID":null,"ESZ":"00300","HOUSE_NUMBER":1085,"HOUSE_NUMBERSUFFIX":null,"HOUSE_NUMBERPREFIX":null,"FIPS":"5005"}},
{"type":"Feature","id":114434,"geometry":{"type":"Point","coordinates":[-71.9248056998723,44.3708243763493]},"properties":{"OBJECTID":114434,"SEGMENTID":21060,"ESITEID":453103,"GEONAMEID":22328,"PD":"","PT":"","SN":"HURLBUT HILL","ST":"LN","SD":"","PRIMARYNAME":"HURLBUT HILL LN","ALIAS1":null,"ALIAS2":null,"ALIAS3":null,"ALIAS4":null,"ALIAS5":"11\/29\/2018 11:01:14 AM","PRIMARYADDRESS":"816 HURLBUT HILL LN","SITETYPE":"CAMP","TOWNNAME":"WATERFORD","MCODE":721,"ESN":300,"ZIP":"05819","PARCELNUM":"358.","GPSX":-71.9248047,"GPSY":44.37081536,"MAPYEAR":"Wed, 22 Oct 2014 13:50:40 GMT","UPDATEDATE":"Sat, 28 Jan 2023 00:35:09 GMT","STATE":"VT","FIPS8":5005,"SPAN":"699-222-10177","SUBTYPE":null,"GlobalID_1":"d600a81c-c53c-4d65-b512-daf34382b064","UNITCOUNT":1,"PRIMARYADD1":"816 HURLBUT HILL LN WATERFORD","PRIMARYADD2":"816 HURLBUT HILL LN WATERFORD VT 05819","SITETYPE_MULTI1":null,"SITETYPE_MULTI2":null,"SITETYPE_MULTI3":null,"SITETYPE_MULTI4":null,"SITETYPE_MULTI5":null,"COUNTY":"CALEDONIA","COUNTRY":"US","SOURCEOFDATA":"Vermont Enhanced 911 Board","DRIVEWAYID":null,"ESZ":"00300","HOUSE_NUMBER":816,"HOUSE_NUMBERSUFFIX":null,"HOUSE_NUMBERPREFIX":null,"FIPS":"5005"}},
{"type":"Feature","id":144976,"geometry":{"type":"Point","coordinates":[-71.9538340057807,44.3423620906216]},"properties":{"OBJECTID":144976,"SEGMENTID":9752,"ESITEID":454036,"GEONAMEID":22325,"PD":"","PT":"","SN":"CHAMBERLAIN","ST":"LN","SD":"","PRIMARYNAME":"CHAMBERLAIN LN","ALIAS1":null,"ALIAS2":null,"ALIAS3":null,"ALIAS4":null,"ALIAS5":"9\/14\/2017 2:51:47 PM","PRIMARYADDRESS":"120 CHAMBERLAIN LN","SITETYPE":"SINGLE FAMILY DWELLING","TOWNNAME":"WATERFORD","MCODE":721,"ESN":300,"ZIP":"05819","PARCELNUM":"339.","GPSX":-71.95383299,"GPSY":44.34235308,"MAPYEAR":"Thu, 11 Dec 2014 14:31:21 GMT","UPDATEDATE":"Sat, 28 Jan 2023 00:35:16 GMT","STATE":"VT","FIPS8":5005,"SPAN":"699-222-10146","SUBTYPE":null,"GlobalID_1":"26c4a4d0-21cb-4db2-a7a9-0025d886a1bf","UNITCOUNT":1,"PRIMARYADD1":"120 CHAMBERLAIN LN WATERFORD","PRIMARYADD2":"120 CHAMBERLAIN LN WATERFORD VT 05819","SITETYPE_MULTI1":null,"SITETYPE_MULTI2":null,"SITETYPE_MULTI3":null,"SITETYPE_MULTI4":null,"SITETYPE_MULTI5":null,"COUNTY":"CALEDONIA","COUNTRY":"US","SOURCEOFDATA":"Vermont Enhanced 911 Board","DRIVEWAYID":null,"ESZ":"00300","HOUSE_NUMBER":120,"HOUSE_NUMBERSUFFIX":null,"HOUSE_NUMBERPREFIX":null,"FIPS":"5005"}},
{"type":"Feature","id":99546,"geometry":{"type":"Point","coordinates":[-71.9556614421061,44.3843140871318]},"properties":{"OBJECTID":99546,"SEGMENTID":54443,"ESITEID":454945,"GEONAMEID":22326,"PD":"","PT":"","SN":"DUCK POND","ST":"RD","SD":"","PRIMARYNAME":"DUCK POND RD","ALIAS1":"","ALIAS2":"","ALIAS3":"","ALIAS4":"","ALIAS5":"2\/23\/2019 12:02:46 PM","PRIMARYADDRESS":"2177 DUCK POND RD","SITETYPE":"SINGLE FAMILY DWELLING","TOWNNAME":"WATERFORD","MCODE":721,"ESN":300,"ZIP":"05819","PARCELNUM":"703.","GPSX":-71.95566043,"GPSY":44.38430507,"MAPYEAR":"Fri, 08 May 2015 12:34:27 GMT","UPDATEDATE":"Sat, 28 Jan 2023 00:35:22 GMT","STATE":"VT","FIPS8":5005,"SPAN":"699-222-10541","SUBTYPE":0,"GlobalID_1":"f238dbfc-909e-455b-94d6-065166a09b8d","UNITCOUNT":1,"PRIMARYADD1":"2177 DUCK POND RD WATERFORD","PRIMARYADD2":"2177 DUCK POND RD WATERFORD VT 05819","SITETYPE_MULTI1":"","SITETYPE_MULTI2":"","SITETYPE_MULTI3":"","SITETYPE_MULTI4":"","SITETYPE_MULTI5":"","COUNTY":"CALEDONIA","COUNTRY":"US","SOURCEOFDATA":"Vermont Enhanced 911 Board","DRIVEWAYID":0,"ESZ":"00300","HOUSE_NUMBER":2177,"HOUSE_NUMBERSUFFIX":"","HOUSE_NUMBERPREFIX":"","FIPS":"5005"}},
{"type":"Feature","id":158736,"geometry":{"type":"Point","coordinates":[-71.9690186195367,44.3852891954377]},"properties":{"OBJECTID":158736,"SEGMENTID":47172,"ESITEID":455046,"GEONAMEID":22334,"PD":"","PT":"","SN":"SUITOR","ST":"RD","SD":"","PRIMARYNAME":"SUITOR RD","ALIAS1":"","ALIAS2":"","ALIAS3":"","ALIAS4":"","ALIAS5":"4\/16\/2019 4:27:47 PM","PRIMARYADDRESS":"320 SUITOR RD","SITETYPE":"SOLAR FACILITY","TOWNNAME":"WATERFORD","MCODE":721,"ESN":300,"ZIP":"05819","PARCELNUM":"005.6","GPSX":-71.9690176,"GPSY":44.38528017,"MAPYEAR":"Wed, 03 Jun 2015 08:50:37 GMT","UPDATEDATE":"Sat, 28 Jan 2023 00:35:23 GMT","STATE":"VT","FIPS8":5005,"SPAN":"699-222-10923","SUBTYPE":0,"GlobalID_1":"b066204e-ab61-43ed-a542-2b32ba8d96c7","UNITCOUNT":1,"PRIMARYADD1":"320 SUITOR RD WATERFORD","PRIMARYADD2":"320 SUITOR RD WATERFORD VT 05819","SITETYPE_MULTI1":"","SITETYPE_MULTI2":"","SITETYPE_MULTI3":"","SITETYPE_MULTI4":"","SITETYPE_MULTI5":"","COUNTY":"CALEDONIA","COUNTRY":"US","SOURCEOFDATA":"Vermont Enhanced 911 Board","DRIVEWAYID":0,"ESZ":"00300","HOUSE_NUMBER":320,"HOUSE_NUMBERSUFFIX":"","HOUSE_NUMBERPREFIX":"","FIPS":"5005"}},
{"type":"Feature","id":336655,"geometry":{"type":"Point","coordinates":[-71.9704835520889,44.3841173255897]},"properties":{"OBJECTID":336655,"SEGMENTID":47172,"ESITEID":455047,"GEONAMEID":22334,"PD":"","PT":"","SN":"SUITOR","ST":"RD","SD":"","PRIMARYNAME":"SUITOR RD","ALIAS1":"","ALIAS2":"","ALIAS3":"","ALIAS4":"","ALIAS5":"2\/23\/2019 12:02:47 PM","PRIMARYADDRESS":"420 SUITOR RD","SITETYPE":"SINGLE FAMILY DWELLING","TOWNNAME":"WATERFORD","MCODE":721,"ESN":300,"ZIP":"05819","PARCELNUM":"294.","GPSX":-71.97048253,"GPSY":44.3841083,"MAPYEAR":"Wed, 03 Jun 2015 08:52:30 GMT","UPDATEDATE":"Sat, 28 Jan 2023 00:35:23 GMT","STATE":"VT","FIPS8":5005,"SPAN":"699-222-10094","SUBTYPE":0,"GlobalID_1":"5344b401-c984-4bae-b126-c840a5036f55","UNITCOUNT":1,"PRIMARYADD1":"420 SUITOR RD WATERFORD","PRIMARYADD2":"420 SUITOR RD WATERFORD VT 05819","SITETYPE_MULTI1":"","SITETYPE_MULTI2":"","SITETYPE_MULTI3":"","SITETYPE_MULTI4":"","SITETYPE_MULTI5":"","COUNTY":"CALEDONIA","COUNTRY":"US","SOURCEOFDATA":"Vermont Enhanced 911 Board","DRIVEWAYID":0,"ESZ":"00300","HOUSE_NUMBER":420,"HOUSE_NUMBERSUFFIX":"","HOUSE_NUMBERPREFIX":"","FIPS":"5005"}},
{"type":"Feature","id":80769,"geometry":{"type":"Point","coordinates":[-71.9323354318182,44.3414175750857]},"properties":{"OBJECTID":80769,"SEGMENTID":24886,"ESITEID":455358,"GEONAMEID":22346,"PD":"","PT":"","SN":"LOWER WATERFORD","ST":"RD","SD":"","PRIMARYNAME":"LOWER WATERFORD RD","ALIAS1":"","ALIAS2":"","ALIAS3":"","ALIAS4":"","ALIAS5":"2\/23\/2019 12:02:52 PM","PRIMARYADDRESS":"1619 LOWER WATERFORD RD","SITETYPE":"SINGLE FAMILY DWELLING","TOWNNAME":"WATERFORD","MCODE":721,"ESN":300,"ZIP":"05819","PARCELNUM":"309.7","GPSX":-71.93233443,"GPSY":44.34140856,"MAPYEAR":"Mon, 29 Jun 2015 10:20:16 GMT","UPDATEDATE":"Sat, 28 Jan 2023 00:35:25 GMT","STATE":"VT","FIPS8":5005,"SPAN":"699-222-10957","SUBTYPE":0,"GlobalID_1":"7b55470a-4c3a-4146-923f-d1790790cdb4","UNITCOUNT":1,"PRIMARYADD1":"1619 LOWER WATERFORD RD WATERFORD","PRIMARYADD2":"1619 LOWER WATERFORD RD WATERFORD VT 05819","SITETYPE_MULTI1":"","SITETYPE_MULTI2":"","SITETYPE_MULTI3":"","SITETYPE_MULTI4":"","SITETYPE_MULTI5":"","COUNTY":"CALEDONIA","COUNTRY":"US","SOURCEOFDATA":"Vermont Enhanced 911 Board","DRIVEWAYID":0,"ESZ":"00300","HOUSE_NUMBER":1619,"HOUSE_NUMBERSUFFIX":"","HOUSE_NUMBERPREFIX":"","FIPS":"5005"}},
{"type":"Feature","id":116314,"geometry":{"type":"Point","coordinates":[-71.9909888227168,44.3938548209367]},"properties":{"OBJECTID":116314,"SEGMENTID":252301,"ESITEID":610177,"GEONAMEID":22336,"PD":" ","PT":"","SN":"HASTINGS","ST":"RD","SD":"","PRIMARYNAME":"HASTINGS RD","ALIAS1":"","ALIAS2":"","ALIAS3":"","ALIAS4":"","ALIAS5":"","PRIMARYADDRESS":"38 HASTINGS RD","SITETYPE":"SINGLE FAMILY DWELLING","TOWNNAME":"WATERFORD","MCODE":721,"ESN":300,"ZIP":"05819","PARCELNUM":"633.","GPSX":-71.9909878,"GPSY":44.3938458,"MAPYEAR":"Wed, 22 Jul 2015 10:51:16 GMT","UPDATEDATE":"Tue, 01 Jul 2025 20:26:53 GMT","STATE":"VT","FIPS8":5005,"SPAN":"699-222-10467","SUBTYPE":0,"GlobalID_1":"d0a86b20-5533-4219-b85e-14abe65e3d72","UNITCOUNT":1,"PRIMARYADD1":"38 HASTINGS RD WATERFORD","PRIMARYADD2":"38 HASTINGS RD WATERFORD VT 05819","SITETYPE_MULTI1":"","SITETYPE_MULTI2":"","SITETYPE_MULTI3":"","SITETYPE_MULTI4":"","SITETYPE_MULTI5":"","COUNTY":"CALEDONIA","COUNTRY":"US","SOURCEOFDATA":"Vermont Enhanced 911 Board","DRIVEWAYID":0,"ESZ":"00300","HOUSE_NUMBER":38,"HOUSE_NUMBERSUFFIX":"","HOUSE_NUMBERPREFIX":"","FIPS":"5005"}},
{"type":"Feature","id":58860,"geometry":{"type":"Point","coordinates":[-71.9701459803929,44.4101883826843]},"properties":{"OBJECTID":58860,"SEGMENTID":10036,"ESITEID":610960,"GEONAMEID":19756,"PD":" ","PT":"","SN":"HIGGINS HILL","ST":"RD","SD":"","PRIMARYNAME":"HIGGINS HILL RD","ALIAS1":"","ALIAS2":"","ALIAS3":"","ALIAS4":"","ALIAS5":"4\/27\/2022 12:03:59 PM","PRIMARYADDRESS":"808 HIGGINS HILL RD","SITETYPE":"COMMUNICATION TOWER","TOWNNAME":"WATERFORD","MCODE":721,"ESN":300,"ZIP":"05819","PARCELNUM":"817.","GPSX":-71.97014496,"GPSY":44.41017936,"MAPYEAR":"Tue, 01 Dec 2015 08:53:45 GMT","UPDATEDATE":"Sat, 28 Jan 2023 00:13:28 GMT","STATE":"VT","FIPS8":5005,"SPAN":"699-222-10142","SUBTYPE":0,"GlobalID_1":"57b7b1f2-e80d-49aa-98fc-ad04b99f14de","UNITCOUNT":1,"PRIMARYADD1":"808 HIGGINS HILL RD WATERFORD","PRIMARYADD2":"808 HIGGINS HILL RD WATERFORD VT 05819","SITETYPE_MULTI1":"","SITETYPE_MULTI2":"","SITETYPE_MULTI3":"","SITETYPE_MULTI4":"","SITETYPE_MULTI5":"","COUNTY":"CALEDONIA","COUNTRY":"US","SOURCEOFDATA":"Vermont Enhanced 911 Board","DRIVEWAYID":0,"ESZ":"00300","HOUSE_NUMBER":808,"HOUSE_NUMBERSUFFIX":"","HOUSE_NUMBERPREFIX":"","FIPS":"5005"}},
{"type":"Feature","id":192551,"geometry":{"type":"Point","coordinates":[-71.9471637050046,44.3905672612497]},"properties":{"OBJECTID":192551,"SEGMENTID":59208,"ESITEID":611059,"GEONAMEID":22335,"PD":" ","PT":"","SN":"DANIELS FARM","ST":"RD","SD":"","PRIMARYNAME":"DANIELS FARM RD","ALIAS1":"","ALIAS2":"","ALIAS3":"","ALIAS4":"","ALIAS5":"2\/23\/2019 12:03:12 PM","PRIMARYADDRESS":"104 DANIELS FARM RD","SITETYPE":"SINGLE FAMILY DWELLING","TOWNNAME":"WATERFORD","MCODE":721,"ESN":300,"ZIP":"05819","PARCELNUM":"419.1","GPSX":-71.94716269,"GPSY":44.39055824,"MAPYEAR":"Thu, 17 Dec 2015 11:16:09 GMT","UPDATEDATE":"Mon, 13 Feb 2023 11:45:13 GMT","STATE":"VT","FIPS8":5005,"SPAN":"699-222-10918","SUBTYPE":0,"GlobalID_1":"d4219530-69d7-4f5e-bef6-a2c159211b40","UNITCOUNT":1,"PRIMARYADD1":"104 DANIELS FARM RD WATERFORD","PRIMARYADD2":"104 DANIELS FARM RD WATERFORD VT 05819","SITETYPE_MULTI1":"","SITETYPE_MULTI2":"","SITETYPE_MULTI3":"","SITETYPE_MULTI4":"","SITETYPE_MULTI5":"","COUNTY":"CALEDONIA","COUNTRY":"US","SOURCEOFDATA":"Vermont Enhanced 911 Board","DRIVEWAYID":0,"ESZ":"00300","HOUSE_NUMBER":104,"HOUSE_NUMBERSUFFIX":"","HOUSE_NUMBERPREFIX":"","FIPS":"5005"}},
{"type":"Feature","id":288761,"geometry":{"type":"Point","coordinates":[-71.959585439888,44.359735651593]},"properties":{"OBJECTID":288761,"SEGMENTID":66163,"ESITEID":611108,"GEONAMEID":363350,"PD":" ","PT":"","SN":"MILL POND","ST":"LN","SD":"","PRIMARYNAME":"MILL POND LN","ALIAS1":"","ALIAS2":"","ALIAS3":"","ALIAS4":"","ALIAS5":"","PRIMARYADDRESS":"50 MILL POND LN","SITETYPE":"SINGLE FAMILY DWELLING","TOWNNAME":"WATERFORD","MCODE":721,"ESN":300,"ZIP":"05819","PARCELNUM":"701.9","GPSX":-71.95958443,"GPSY":44.35972664,"MAPYEAR":"Wed, 06 Jan 2016 13:16:23 GMT","UPDATEDATE":"Tue, 28 Mar 2023 14:16:10 GMT","STATE":"VT","FIPS8":5005,"SPAN":"699-222-10872","SUBTYPE":0,"GlobalID_1":"8156cfd2-9cac-450c-99a0-2f5964af0978","UNITCOUNT":1,"PRIMARYADD1":"50 MILL POND LN WATERFORD","PRIMARYADD2":"50 MILL POND LN WATERFORD VT 05819","SITETYPE_MULTI1":"","SITETYPE_MULTI2":"","SITETYPE_MULTI3":"","SITETYPE_MULTI4":"","SITETYPE_MULTI5":"","COUNTY":"CALEDONIA","COUNTRY":"US","SOURCEOFDATA":"Vermont Enhanced 911 Board","DRIVEWAYID":0,"ESZ":"00300","HOUSE_NUMBER":50,"HOUSE_NUMBERSUFFIX":"","HOUSE_NUMBERPREFIX":"","FIPS":"5005"}},
{"type":"Feature","id":10277,"geometry":{"type":"Point","coordinates":[-71.9870862544446,44.3928975491684]},"properties":{"OBJECTID":10277,"SEGMENTID":28579,"ESITEID":611350,"GEONAMEID":22337,"PD":"","PT":"","SN":"SIMPSON BROOK","ST":"RD","SD":"","PRIMARYNAME":"SIMPSON BROOK RD","ALIAS1":"","ALIAS2":"","ALIAS3":"","ALIAS4":"","ALIAS5":"","PRIMARYADDRESS":"369 SIMPSON BROOK RD","SITETYPE":"SINGLE FAMILY DWELLING","TOWNNAME":"WATERFORD","MCODE":721,"ESN":300,"ZIP":"05819","PARCELNUM":"267.1","GPSX":-71.98708523,"GPSY":44.39288853,"MAPYEAR":"Wed, 02 Mar 2016 09:06:18 GMT","UPDATEDATE":"Tue, 28 Mar 2023 14:16:15 GMT","STATE":"VT","FIPS8":5005,"SPAN":"699-222-10919","SUBTYPE":0,"GlobalID_1":"c0202701-54ca-426c-8889-ff951ad6d0b8","UNITCOUNT":1,"PRIMARYADD1":"369 SIMPSON BROOK RD WATERFORD","PRIMARYADD2":"369 SIMPSON BROOK RD WATERFORD VT 05819","SITETYPE_MULTI1":"","SITETYPE_MULTI2":"","SITETYPE_MULTI3":"","SITETYPE_MULTI4":"","SITETYPE_MULTI5":"","COUNTY":"CALEDONIA","COUNTRY":"US","SOURCEOFDATA":"Vermont Enhanced 911 Board","DRIVEWAYID":0,"ESZ":"00300","HOUSE_NUMBER":369,"HOUSE_NUMBERSUFFIX":"","HOUSE_NUMBERPREFIX":"","FIPS":"5005"}},
{"type":"Feature","id":217991,"geometry":{"type":"Point","coordinates":[-71.9943527554604,44.3905392782369]},"properties":{"OBJECTID":217991,"SEGMENTID":32234,"ESITEID":611413,"GEONAMEID":22337,"PD":"","PT":"","SN":"SIMPSON BROOK","ST":"RD","SD":"","PRIMARYNAME":"SIMPSON BROOK RD","ALIAS1":"","ALIAS2":"","ALIAS3":"","ALIAS4":"","ALIAS5":"","PRIMARYADDRESS":"713 SIMPSON BROOK RD","SITETYPE":"OTHER RESIDENTIAL","TOWNNAME":"WATERFORD","MCODE":721,"ESN":300,"ZIP":"05819","PARCELNUM":"885.","GPSX":-71.99435173,"GPSY":44.39053026,"MAPYEAR":"Tue, 29 Mar 2016 09:14:23 GMT","UPDATEDATE":"Fri, 18 Apr 2025 07:20:33 GMT","STATE":"VT","FIPS8":5005,"SPAN":"699-222-10757","SUBTYPE":0,"GlobalID_1":"b1abeab2-1d9c-4b97-a703-8575c01122e1","UNITCOUNT":1,"PRIMARYADD1":"713 SIMPSON BROOK RD WATERFORD","PRIMARYADD2":"713 SIMPSON BROOK RD WATERFORD VT 05819","SITETYPE_MULTI1":"","SITETYPE_MULTI2":"","SITETYPE_MULTI3":"","SITETYPE_MULTI4":"","SITETYPE_MULTI5":"","COUNTY":"CALEDONIA","COUNTRY":"US","SOURCEOFDATA":"Vermont Enhanced 911 Board","DRIVEWAYID":0,"ESZ":"00300","HOUSE_NUMBER":713,"HOUSE_NUMBERSUFFIX":"","HOUSE_NUMBERPREFIX":"","FIPS":"5005"}},
{"type":"Feature","id":101726,"geometry":{"type":"Point","coordinates":[-71.9428297022585,44.3734301577185]},"properties":{"OBJECTID":101726,"SEGMENTID":87903,"ESITEID":611414,"GEONAMEID":22327,"PD":"","PT":"","SN":"KIDDER","ST":"RD","SD":"","PRIMARYNAME":"KIDDER RD","ALIAS1":"","ALIAS2":"","ALIAS3":"","ALIAS4":"","ALIAS5":"2\/23\/2019 12:03:25 PM","PRIMARYADDRESS":"1084 KIDDER RD","SITETYPE":"SINGLE FAMILY DWELLING","TOWNNAME":"WATERFORD","MCODE":721,"ESN":300,"ZIP":"05819","PARCELNUM":"998.2","GPSX":-71.94282869,"GPSY":44.37342114,"MAPYEAR":"Tue, 29 Mar 2016 09:17:46 GMT","UPDATEDATE":"Mon, 13 Feb 2023 11:12:31 GMT","STATE":"VT","FIPS8":5005,"SPAN":"699-222-10942","SUBTYPE":0,"GlobalID_1":"6fedeace-1cf6-4070-9012-378ec8c1012a","UNITCOUNT":1,"PRIMARYADD1":"1084 KIDDER RD WATERFORD","PRIMARYADD2":"1084 KIDDER RD WATERFORD VT 05819","SITETYPE_MULTI1":"","SITETYPE_MULTI2":"","SITETYPE_MULTI3":"","SITETYPE_MULTI4":"","SITETYPE_MULTI5":"","COUNTY":"CALEDONIA","COUNTRY":"US","SOURCEOFDATA":"Vermont Enhanced 911 Board","DRIVEWAYID":0,"ESZ":"00300","HOUSE_NUMBER":1084,"HOUSE_NUMBERSUFFIX":"","HOUSE_NUMBERPREFIX":"","FIPS":"5005"}},
{"type":"Feature","id":100500,"geometry":{"type":"Point","coordinates":[-71.94022331624,44.429616488312]},"properties":{"OBJECTID":100500,"SEGMENTID":86010,"ESITEID":611558,"GEONAMEID":409260,"PD":"","PT":"","SN":"WATERFORD HOLLOW","ST":"LN","SD":"","PRIMARYNAME":"WATERFORD HOLLOW LN","ALIAS1":"","ALIAS2":"","ALIAS3":"","ALIAS4":"","ALIAS5":"","PRIMARYADDRESS":"475 WATERFORD HOLLOW LN","SITETYPE":"SINGLE FAMILY DWELLING","TOWNNAME":"WATERFORD","MCODE":721,"ESN":300,"ZIP":"05819","PARCELNUM":"769.1","GPSX":-71.9402223,"GPSY":44.42960746,"MAPYEAR":"Fri, 29 Apr 2016 16:12:24 GMT","UPDATEDATE":"Tue, 28 Mar 2023 14:16:20 GMT","STATE":"VT","FIPS8":5005,"SPAN":"699-222-10360","SUBTYPE":0,"GlobalID_1":"5b91731c-4ca1-4336-a9dc-c3f13cef2ec9","UNITCOUNT":1,"PRIMARYADD1":"475 WATERFORD HOLLOW LN WATERFORD","PRIMARYADD2":"475 WATERFORD HOLLOW LN WATERFORD VT 05819","SITETYPE_MULTI1":"","SITETYPE_MULTI2":"","SITETYPE_MULTI3":"","SITETYPE_MULTI4":"","SITETYPE_MULTI5":"","COUNTY":"CALEDONIA","COUNTRY":"US","SOURCEOFDATA":"Vermont Enhanced 911 Board","DRIVEWAYID":0,"ESZ":"00300","HOUSE_NUMBER":475,"HOUSE_NUMBERSUFFIX":"","HOUSE_NUMBERPREFIX":"","FIPS":"5005"}},
{"type":"Feature","id":256677,"geometry":{"type":"Point","coordinates":[-71.8577309475827,44.3599289785468]},"properties":{"OBJECTID":256677,"SEGMENTID":9746,"ESITEID":611580,"GEONAMEID":435570,"PD":"","PT":"","SN":"OLD COUNTY","ST":"RD","SD":"S","PRIMARYNAME":"OLD COUNTY RD S","ALIAS1":"","ALIAS2":"","ALIAS3":"","ALIAS4":"","ALIAS5":"2\/23\/2019 12:03:34 PM","PRIMARYADDRESS":"5461 OLD COUNTY RD S","SITETYPE":"CAMP","TOWNNAME":"WATERFORD","MCODE":721,"ESN":300,"ZIP":"05819","PARCELNUM":"271.","GPSX":-71.85772997,"GPSY":44.35991996,"MAPYEAR":"Tue, 03 May 2016 14:15:05 GMT","UPDATEDATE":"Sat, 28 Jan 2023 00:30:22 GMT","STATE":"VT","FIPS8":5005,"SPAN":"699-222-10603","SUBTYPE":0,"GlobalID_1":"e572fb5f-80c6-49dc-9dd1-513fb0fa8ea6","UNITCOUNT":1,"PRIMARYADD1":"5461 OLD COUNTY RD S WATERFORD","PRIMARYADD2":"5461 OLD COUNTY RD S WATERFORD VT 05819","SITETYPE_MULTI1":"","SITETYPE_MULTI2":"","SITETYPE_MULTI3":"","SITETYPE_MULTI4":"","SITETYPE_MULTI5":"","COUNTY":"CALEDONIA","COUNTRY":"US","SOURCEOFDATA":"Vermont Enhanced 911 Board","DRIVEWAYID":0,"ESZ":"00300","HOUSE_NUMBER":5461,"HOUSE_NUMBERSUFFIX":"","HOUSE_NUMBERPREFIX":"","FIPS":"5005"}},
{"type":"Feature","id":194056,"geometry":{"type":"Point","coordinates":[-71.9600485070011,44.4256341755227]},"properties":{"OBJECTID":194056,"SEGMENTID":13716,"ESITEID":612430,"GEONAMEID":22307,"PD":"","PT":"","SN":"HIGGINS HILL","ST":"RD","SD":"","PRIMARYNAME":"HIGGINS HILL RD","ALIAS1":"","ALIAS2":"","ALIAS3":"","ALIAS4":"","ALIAS5":"","PRIMARYADDRESS":"0 HIGGINS HILL RD","SITETYPE":"ACCESSORY BARN","TOWNNAME":"WATERFORD","MCODE":721,"ESN":300,"ZIP":"05819","PARCELNUM":"461.","GPSX":-71.96004749,"GPSY":44.42562515,"MAPYEAR":"Fri, 29 Jul 2016 13:55:35 GMT","UPDATEDATE":"Sat, 23 Feb 2019 10:55:41 GMT","STATE":"VT","FIPS8":5005,"SPAN":"699-222-10291","SUBTYPE":0,"GlobalID_1":"aad6353c-65b3-45d3-8c89-b8da338cf521","UNITCOUNT":0,"PRIMARYADD1":"0 HIGGINS HILL RD WATERFORD","PRIMARYADD2":"0 HIGGINS HILL RD WATERFORD VT 05819","SITETYPE_MULTI1":"","SITETYPE_MULTI2":"","SITETYPE_MULTI3":"","SITETYPE_MULTI4":"","SITETYPE_MULTI5":"","COUNTY":"CALEDONIA","COUNTRY":"US","SOURCEOFDATA":"Vermont Enhanced 911 Board","DRIVEWAYID":0,"ESZ":"00300","HOUSE_NUMBER":0,"HOUSE_NUMBERSUFFIX":"","HOUSE_NUMBERPREFIX":"","FIPS":"5005"}},
{"type":"Feature","id":29552,"geometry":{"type":"Point","coordinates":[-71.9615101069277,44.4238695113377]},"properties":{"OBJECTID":29552,"SEGMENTID":13716,"ESITEID":612432,"GEONAMEID":22307,"PD":"","PT":"","SN":"HIGGINS HILL","ST":"RD","SD":"","PRIMARYNAME":"HIGGINS HILL RD","ALIAS1":"","ALIAS2":"","ALIAS3":"","ALIAS4":"","ALIAS5":"","PRIMARYADDRESS":"0 HIGGINS HILL RD","SITETYPE":"ACCESSORY BARN","TOWNNAME":"WATERFORD","MCODE":721,"ESN":300,"ZIP":"05819","PARCELNUM":"461.","GPSX":-71.96150909,"GPSY":44.42386049,"MAPYEAR":"Fri, 29 Jul 2016 13:58:37 GMT","UPDATEDATE":"Sat, 23 Feb 2019 10:55:41 GMT","STATE":"VT","FIPS8":5005,"SPAN":"699-222-10291","SUBTYPE":0,"GlobalID_1":"22557727-17e4-4000-9198-feb2c7277088","UNITCOUNT":0,"PRIMARYADD1":"0 HIGGINS HILL RD WATERFORD","PRIMARYADD2":"0 HIGGINS HILL RD WATERFORD VT 05819","SITETYPE_MULTI1":"","SITETYPE_MULTI2":"","SITETYPE_MULTI3":"","SITETYPE_MULTI4":"","SITETYPE_MULTI5":"","COUNTY":"CALEDONIA","COUNTRY":"US","SOURCEOFDATA":"Vermont Enhanced 911 Board","DRIVEWAYID":0,"ESZ":"00300","HOUSE_NUMBER":0,"HOUSE_NUMBERSUFFIX":"","HOUSE_NUMBERPREFIX":"","FIPS":"5005"}},
{"type":"Feature","id":346803,"geometry":{"type":"Point","coordinates":[-71.9614574500271,44.4241764285837]},"properties":{"OBJECTID":346803,"SEGMENTID":13716,"ESITEID":612433,"GEONAMEID":22307,"PD":"","PT":"","SN":"HIGGINS HILL","ST":"RD","SD":"","PRIMARYNAME":"HIGGINS HILL RD","ALIAS1":"","ALIAS2":"","ALIAS3":"","ALIAS4":"","ALIAS5":"","PRIMARYADDRESS":"0 HIGGINS HILL RD","SITETYPE":"ACCESSORY BARN","TOWNNAME":"WATERFORD","MCODE":721,"ESN":300,"ZIP":"05819","PARCELNUM":"461.","GPSX":-71.96145643,"GPSY":44.4241674,"MAPYEAR":"Fri, 29 Jul 2016 13:58:54 GMT","UPDATEDATE":"Sat, 23 Feb 2019 10:55:41 GMT","STATE":"VT","FIPS8":5005,"SPAN":"699-222-10291","SUBTYPE":0,"GlobalID_1":"6eafd43e-f5a1-401c-a3b7-c46670624b43","UNITCOUNT":0,"PRIMARYADD1":"0 HIGGINS HILL RD WATERFORD","PRIMARYADD2":"0 HIGGINS HILL RD WATERFORD VT 05819","SITETYPE_MULTI1":"","SITETYPE_MULTI2":"","SITETYPE_MULTI3":"","SITETYPE_MULTI4":"","SITETYPE_MULTI5":"","COUNTY":"CALEDONIA","COUNTRY":"US","SOURCEOFDATA":"Vermont Enhanced 911 Board","DRIVEWAYID":0,"ESZ":"00300","HOUSE_NUMBER":0,"HOUSE_NUMBERSUFFIX":"","HOUSE_NUMBERPREFIX":"","FIPS":"5005"}},
{"type":"Feature","id":236671,"geometry":{"type":"Point","coordinates":[-71.9628217012907,44.4243257216444]},"properties":{"OBJECTID":236671,"SEGMENTID":13716,"ESITEID":612434,"GEONAMEID":22307,"PD":"","PT":"","SN":"HIGGINS HILL","ST":"RD","SD":"","PRIMARYNAME":"HIGGINS HILL RD","ALIAS1":"","ALIAS2":"","ALIAS3":"","ALIAS4":"","ALIAS5":"2\/23\/2019 12:03:54 PM","PRIMARYADDRESS":"0 HIGGINS HILL RD","SITETYPE":"CEMETERY","TOWNNAME":"WATERFORD","MCODE":721,"ESN":300,"ZIP":"05819","PARCELNUM":"901.8","GPSX":-71.96282068,"GPSY":44.4243167,"MAPYEAR":"Fri, 29 Jul 2016 13:59:09 GMT","UPDATEDATE":"Sat, 28 Jan 2023 00:14:26 GMT","STATE":"VT","FIPS8":5005,"SPAN":"699-222-10932","SUBTYPE":0,"GlobalID_1":"95f2d5fb-765f-471b-b965-2e7270502d47","UNITCOUNT":1,"PRIMARYADD1":"0 HIGGINS HILL RD WATERFORD","PRIMARYADD2":"0 HIGGINS HILL RD WATERFORD VT 05819","SITETYPE_MULTI1":"","SITETYPE_MULTI2":"","SITETYPE_MULTI3":"","SITETYPE_MULTI4":"","SITETYPE_MULTI5":"","COUNTY":"CALEDONIA","COUNTRY":"US","SOURCEOFDATA":"Vermont Enhanced 911 Board","DRIVEWAYID":0,"ESZ":"00300","HOUSE_NUMBER":0,"HOUSE_NUMBERSUFFIX":"","HOUSE_NUMBERPREFIX":"","FIPS":"5005"}},
{"type":"Feature","id":82905,"geometry":{"type":"Point","coordinates":[-71.9497958349619,44.3545779080834]},"properties":{"OBJECTID":82905,"SEGMENTID":10030,"ESITEID":612747,"GEONAMEID":22326,"PD":"","PT":"","SN":"DUCK POND","ST":"RD","SD":"","PRIMARYNAME":"DUCK POND RD","ALIAS1":"","ALIAS2":"","ALIAS3":"","ALIAS4":"","ALIAS5":"","PRIMARYADDRESS":"4801 DUCK POND RD","SITETYPE":"CAMP","TOWNNAME":"WATERFORD","MCODE":721,"ESN":300,"ZIP":"05819","PARCELNUM":"630.1","GPSX":-71.94979482,"GPSY":44.3545689,"MAPYEAR":"Tue, 13 Sep 2016 10:51:25 GMT","UPDATEDATE":"Tue, 28 Mar 2023 14:16:41 GMT","STATE":"VT","FIPS8":5005,"SPAN":"699-222-10544","SUBTYPE":0,"GlobalID_1":"f0953f2d-aabd-446f-8d89-1de5f410904c","UNITCOUNT":1,"PRIMARYADD1":"4801 DUCK POND RD WATERFORD","PRIMARYADD2":"4801 DUCK POND RD WATERFORD VT 05819","SITETYPE_MULTI1":"","SITETYPE_MULTI2":"","SITETYPE_MULTI3":"","SITETYPE_MULTI4":"","SITETYPE_MULTI5":"","COUNTY":"CALEDONIA","COUNTRY":"US","SOURCEOFDATA":"Vermont Enhanced 911 Board","DRIVEWAYID":0,"ESZ":"00300","HOUSE_NUMBER":4801,"HOUSE_NUMBERSUFFIX":"","HOUSE_NUMBERPREFIX":"","FIPS":"5005"}},
{"type":"Feature","id":130974,"geometry":{"type":"Point","coordinates":[-71.9078423570395,44.3578462108422]},"properties":{"OBJECTID":130974,"SEGMENTID":39590,"ESITEID":612988,"GEONAMEID":22315,"PD":"","PT":"","SN":"MAPLE","ST":"ST","SD":"","PRIMARYNAME":"MAPLE ST","ALIAS1":"","ALIAS2":"","ALIAS3":"","ALIAS4":"","ALIAS5":"","PRIMARYADDRESS":"296 MAPLE ST","SITETYPE":"CAMP","TOWNNAME":"WATERFORD","MCODE":721,"ESN":300,"ZIP":"05819","PARCELNUM":"329.","GPSX":-71.90784136,"GPSY":44.3578372,"MAPYEAR":"Thu, 29 Sep 2016 14:49:28 GMT","UPDATEDATE":"Wed, 20 Sep 2023 12:02:11 GMT","STATE":"VT","FIPS8":5005,"SPAN":"699-222-10126","SUBTYPE":0,"GlobalID_1":"1d5aae2a-34c3-4a74-8685-f3e4a3cc35d6","UNITCOUNT":1,"PRIMARYADD1":"296 MAPLE ST WATERFORD","PRIMARYADD2":"296 MAPLE ST WATERFORD VT 05819","SITETYPE_MULTI1":"","SITETYPE_MULTI2":"","SITETYPE_MULTI3":"","SITETYPE_MULTI4":"","SITETYPE_MULTI5":"","COUNTY":"CALEDONIA","COUNTRY":"US","SOURCEOFDATA":"Vermont Enhanced 911 Board","DRIVEWAYID":0,"ESZ":"00300","HOUSE_NUMBER":296,"HOUSE_NUMBERSUFFIX":"","HOUSE_NUMBERPREFIX":"","FIPS":"5005"}},
{"type":"Feature","id":166222,"geometry":{"type":"Point","coordinates":[-71.9455837956935,44.4038565245613]},"properties":{"OBJECTID":166222,"SEGMENTID":252306,"ESITEID":613073,"GEONAMEID":22310,"PD":"","PT":"","SN":"SLATE LEDGE","ST":"RD","SD":"","PRIMARYNAME":"SLATE LEDGE RD","ALIAS1":"","ALIAS2":"","ALIAS3":"","ALIAS4":"","ALIAS5":"","PRIMARYADDRESS":"1091 SLATE LEDGE RD","SITETYPE":"SINGLE FAMILY DWELLING","TOWNNAME":"WATERFORD","MCODE":721,"ESN":300,"ZIP":"05819","PARCELNUM":"367.1","GPSX":-71.94558278,"GPSY":44.4038475,"MAPYEAR":"Tue, 11 Oct 2016 08:26:50 GMT","UPDATEDATE":"Tue, 28 Mar 2023 14:16:47 GMT","STATE":"VT","FIPS8":5005,"SPAN":"699-222-10965","SUBTYPE":0,"GlobalID_1":"87b57d70-d856-4a61-a4a7-2b0a68959772","UNITCOUNT":1,"PRIMARYADD1":"1091 SLATE LEDGE RD WATERFORD","PRIMARYADD2":"1091 SLATE LEDGE RD WATERFORD VT 05819","SITETYPE_MULTI1":"","SITETYPE_MULTI2":"","SITETYPE_MULTI3":"","SITETYPE_MULTI4":"","SITETYPE_MULTI5":"","COUNTY":"CALEDONIA","COUNTRY":"US","SOURCEOFDATA":"Vermont Enhanced 911 Board","DRIVEWAYID":0,"ESZ":"00300","HOUSE_NUMBER":1091,"HOUSE_NUMBERSUFFIX":"","HOUSE_NUMBERPREFIX":"","FIPS":"5005"}},
{"type":"Feature","id":120193,"geometry":{"type":"Point","coordinates":[-71.9759719150474,44.3688728347147]},"properties":{"OBJECTID":120193,"SEGMENTID":17353,"ESITEID":617805,"GEONAMEID":22342,"PD":"","PT":"","SN":"HALE","ST":"RD","SD":"","PRIMARYNAME":"HALE RD","ALIAS1":"","ALIAS2":"","ALIAS3":"","ALIAS4":"","ALIAS5":"","PRIMARYADDRESS":"1319 HALE RD","SITETYPE":"SINGLE FAMILY DWELLING","TOWNNAME":"WATERFORD","MCODE":721,"ESN":300,"ZIP":"05819","PARCELNUM":"898.5","GPSX":-71.97597089,"GPSY":44.36886382,"MAPYEAR":"Tue, 30 Jan 2018 12:14:25 GMT","UPDATEDATE":"Tue, 28 Mar 2023 14:18:12 GMT","STATE":"VT","FIPS8":5005,"SPAN":"699-222-10975","SUBTYPE":0,"GlobalID_1":"08f607b0-0c96-4d72-8a72-0b3377804938","UNITCOUNT":1,"PRIMARYADD1":"1319 HALE RD WATERFORD","PRIMARYADD2":"1319 HALE RD WATERFORD VT 05819","SITETYPE_MULTI1":"","SITETYPE_MULTI2":"","SITETYPE_MULTI3":"","SITETYPE_MULTI4":"","SITETYPE_MULTI5":"","COUNTY":"CALEDONIA","COUNTRY":"US","SOURCEOFDATA":"Vermont Enhanced 911 Board","DRIVEWAYID":0,"ESZ":"00300","HOUSE_NUMBER":1319,"HOUSE_NUMBERSUFFIX":"","HOUSE_NUMBERPREFIX":"","FIPS":"5005"}},
{"type":"Feature","id":224295,"geometry":{"type":"Point","coordinates":[-71.9797114365708,44.4093521300436]},"properties":{"OBJECTID":224295,"SEGMENTID":21061,"ESITEID":617851,"GEONAMEID":22347,"PD":"","PT":"","SN":"BIRCHWOOD HEIGHTS","ST":"LN","SD":"","PRIMARYNAME":"BIRCHWOOD HEIGHTS LN","ALIAS1":"","ALIAS2":"","ALIAS3":"","ALIAS4":"","ALIAS5":"","PRIMARYADDRESS":"0 BIRCHWOOD HEIGHTS LN","SITETYPE":"CAMP","TOWNNAME":"WATERFORD","MCODE":721,"ESN":300,"ZIP":"05819","PARCELNUM":"792.1","GPSX":-71.97971041,"GPSY":44.40934311,"MAPYEAR":"Mon, 26 Mar 2018 11:31:23 GMT","UPDATEDATE":"Tue, 28 Mar 2023 14:18:16 GMT","STATE":"VT","FIPS8":5005,"SPAN":"699-222-10980","SUBTYPE":0,"GlobalID_1":"ed11e059-a6ce-4ebc-8738-b3af88308318","UNITCOUNT":1,"PRIMARYADD1":"0 BIRCHWOOD HEIGHTS LN WATERFORD","PRIMARYADD2":"0 BIRCHWOOD HEIGHTS LN WATERFORD VT 05819","SITETYPE_MULTI1":"","SITETYPE_MULTI2":"","SITETYPE_MULTI3":"","SITETYPE_MULTI4":"","SITETYPE_MULTI5":"","COUNTY":"CALEDONIA","COUNTRY":"US","SOURCEOFDATA":"Vermont Enhanced 911 Board","DRIVEWAYID":0,"ESZ":"00300","HOUSE_NUMBER":0,"HOUSE_NUMBERSUFFIX":"","HOUSE_NUMBERPREFIX":"","FIPS":"5005"}},
{"type":"Feature","id":245538,"geometry":{"type":"Point","coordinates":[-71.9750336506529,44.4191369767575]},"properties":{"OBJECTID":245538,"SEGMENTID":10036,"ESITEID":617853,"GEONAMEID":19756,"PD":"","PT":"","SN":"HIGGINS HILL","ST":"RD","SD":"","PRIMARYNAME":"HIGGINS HILL RD","ALIAS1":"","ALIAS2":"","ALIAS3":"","ALIAS4":"","ALIAS5":"","PRIMARYADDRESS":"816 HIGGINS HILL RD","SITETYPE":"MOBILE HOME","TOWNNAME":"WATERFORD","MCODE":721,"ESN":300,"ZIP":"05819","PARCELNUM":"677.3","GPSX":-71.97503263,"GPSY":44.41912795,"MAPYEAR":"Mon, 26 Mar 2018 12:03:39 GMT","UPDATEDATE":"Tue, 28 Mar 2023 14:18:16 GMT","STATE":"VT","FIPS8":5005,"SPAN":"699-222-10914","SUBTYPE":0,"GlobalID_1":"7b15e2a6-1f47-4c63-943d-9a0eb940b5f6","UNITCOUNT":1,"PRIMARYADD1":"816 HIGGINS HILL RD WATERFORD","PRIMARYADD2":"816 HIGGINS HILL RD WATERFORD VT 05819","SITETYPE_MULTI1":"","SITETYPE_MULTI2":"","SITETYPE_MULTI3":"","SITETYPE_MULTI4":"","SITETYPE_MULTI5":"","COUNTY":"CALEDONIA","COUNTRY":"US","SOURCEOFDATA":"Vermont Enhanced 911 Board","DRIVEWAYID":0,"ESZ":"00300","HOUSE_NUMBER":816,"HOUSE_NUMBERSUFFIX":"","HOUSE_NUMBERPREFIX":"","FIPS":"5005"}},
{"type":"Feature","id":225296,"geometry":{"type":"Point","coordinates":[-71.9026314542591,44.3538082905149]},"properties":{"OBJECTID":225296,"SEGMENTID":24883,"ESITEID":617939,"GEONAMEID":22321,"PD":"","PT":"","SN":"VT ROUTE 18","ST":"","SD":"","PRIMARYNAME":"VT ROUTE 18","ALIAS1":"","ALIAS2":"","ALIAS3":"","ALIAS4":"","ALIAS5":"","PRIMARYADDRESS":"6571 VT ROUTE 18","SITETYPE":"CAMP","TOWNNAME":"WATERFORD","MCODE":721,"ESN":300,"ZIP":"05819","PARCELNUM":"571.1","GPSX":-71.90263227,"GPSY":44.35380836,"MAPYEAR":"Fri, 27 Apr 2018 10:50:04 GMT","UPDATEDATE":"Fri, 18 Apr 2025 09:33:46 GMT","STATE":"VT","FIPS8":5005,"SPAN":"699-222-10401","SUBTYPE":0,"GlobalID_1":"d2c69b4e-7b2b-48fb-9812-0757e68ba3bd","UNITCOUNT":1,"PRIMARYADD1":"6571 VT ROUTE 18 WATERFORD","PRIMARYADD2":"6571 VT ROUTE 18 WATERFORD VT 05819","SITETYPE_MULTI1":"","SITETYPE_MULTI2":"","SITETYPE_MULTI3":"","SITETYPE_MULTI4":"","SITETYPE_MULTI5":"","COUNTY":"CALEDONIA","COUNTRY":"US","SOURCEOFDATA":"Vermont Enhanced 911 Board","DRIVEWAYID":0,"ESZ":"00300","HOUSE_NUMBER":6571,"HOUSE_NUMBERSUFFIX":"","HOUSE_NUMBERPREFIX":"","FIPS":"5005"}},
{"type":"Feature","id":223348,"geometry":{"type":"Point","coordinates":[-71.9201389737523,44.4154317029437]},"properties":{"OBJECTID":223348,"SEGMENTID":58583,"ESITEID":618040,"GEONAMEID":22309,"PD":"","PT":"","SN":"CROSS","ST":"RD","SD":"","PRIMARYNAME":"CROSS RD","ALIAS1":"","ALIAS2":"","ALIAS3":"","ALIAS4":"","ALIAS5":"","PRIMARYADDRESS":"596 CROSS RD","SITETYPE":"GRAVEL PIT \/ QUARRY \/ MINE","TOWNNAME":"WATERFORD","MCODE":721,"ESN":300,"ZIP":"05824","PARCELNUM":"600.","GPSX":-71.92013797,"GPSY":44.41542268,"MAPYEAR":"Fri, 18 May 2018 10:17:47 GMT","UPDATEDATE":"Thu, 29 May 2025 13:49:47 GMT","STATE":"VT","FIPS8":5005,"SPAN":"699-222-10425","SUBTYPE":0,"GlobalID_1":"646b7014-32d8-4c58-a803-becaca5b1fd8","UNITCOUNT":1,"PRIMARYADD1":"596 CROSS RD WATERFORD","PRIMARYADD2":"596 CROSS RD WATERFORD VT 05824","SITETYPE_MULTI1":"","SITETYPE_MULTI2":"","SITETYPE_MULTI3":"","SITETYPE_MULTI4":"","SITETYPE_MULTI5":"","COUNTY":"CALEDONIA","COUNTRY":"US","SOURCEOFDATA":"Vermont Enhanced 911 Board","DRIVEWAYID":0,"ESZ":"00300","HOUSE_NUMBER":596,"HOUSE_NUMBERSUFFIX":"","HOUSE_NUMBERPREFIX":"","FIPS":"5005"}},
{"type":"Feature","id":189925,"geometry":{"type":"Point","coordinates":[-72.0185005240255,44.3730148665989]},"properties":{"OBJECTID":189925,"SEGMENTID":21064,"ESITEID":619976,"GEONAMEID":22341,"PD":"","PT":"","SN":"OLD SILO","ST":"RD","SD":"","PRIMARYNAME":"OLD SILO RD","ALIAS1":"","ALIAS2":"","ALIAS3":"","ALIAS4":"","ALIAS5":"","PRIMARYADDRESS":"246 OLD SILO RD","SITETYPE":"ACCESSORY BUILDING","TOWNNAME":"WATERFORD","MCODE":721,"ESN":300,"ZIP":"05819","PARCELNUM":"773.","GPSX":-72.01849949,"GPSY":44.37300585,"MAPYEAR":"Tue, 05 Feb 2019 14:28:01 GMT","UPDATEDATE":"Wed, 14 Jun 2023 21:03:55 GMT","STATE":"VT","FIPS8":5005,"SPAN":"699-222-10619","SUBTYPE":0,"GlobalID_1":"16213a53-e5dd-4fc7-9c6b-f581533117dd","UNITCOUNT":0,"PRIMARYADD1":"246 OLD SILO RD WATERFORD","PRIMARYADD2":"246 OLD SILO RD WATERFORD VT 05819","SITETYPE_MULTI1":"","SITETYPE_MULTI2":"","SITETYPE_MULTI3":"","SITETYPE_MULTI4":"","SITETYPE_MULTI5":"","COUNTY":"CALEDONIA","COUNTRY":"US","SOURCEOFDATA":"Vermont Enhanced 911 Board","DRIVEWAYID":0,"ESZ":"00300","HOUSE_NUMBER":246,"HOUSE_NUMBERSUFFIX":"","HOUSE_NUMBERPREFIX":"","FIPS":"5005"}},
{"type":"Feature","id":128017,"geometry":{"type":"Point","coordinates":[-72.0150759221584,44.3742919191682]},"properties":{"OBJECTID":128017,"SEGMENTID":311363,"ESITEID":619977,"GEONAMEID":22342,"PD":"","PT":"","SN":"HALE","ST":"RD","SD":"","PRIMARYNAME":"HALE RD","ALIAS1":"","ALIAS2":"","ALIAS3":"","ALIAS4":"","ALIAS5":"","PRIMARYADDRESS":"0 HALE RD","SITETYPE":"ACCESSORY BARN","TOWNNAME":"WATERFORD","MCODE":721,"ESN":300,"ZIP":"05819","PARCELNUM":"773.","GPSX":-72.01507489,"GPSY":44.37428291,"MAPYEAR":"Tue, 05 Feb 2019 14:28:29 GMT","UPDATEDATE":"Sat, 23 Feb 2019 11:03:11 GMT","STATE":"VT","FIPS8":5005,"SPAN":"699-222-10619","SUBTYPE":0,"GlobalID_1":"997ea9cc-1db0-40fe-b2a1-b5e9d3fc045c","UNITCOUNT":0,"PRIMARYADD1":"0 HALE RD WATERFORD","PRIMARYADD2":"0 HALE RD WATERFORD VT 05819","SITETYPE_MULTI1":"","SITETYPE_MULTI2":"","SITETYPE_MULTI3":"","SITETYPE_MULTI4":"","SITETYPE_MULTI5":"","COUNTY":"CALEDONIA","COUNTRY":"US","SOURCEOFDATA":"Vermont Enhanced 911 Board","DRIVEWAYID":0,"ESZ":"00300","HOUSE_NUMBER":0,"HOUSE_NUMBERSUFFIX":"","HOUSE_NUMBERPREFIX":"","FIPS":"5005"}},
{"type":"Feature","id":349609,"geometry":{"type":"Point","coordinates":[-71.9261418099322,44.4183801837537]},"properties":{"OBJECTID":349609,"SEGMENTID":58211,"ESITEID":620498,"GEONAMEID":22306,"PD":"","PT":"","SN":"HUDSON","ST":"RD","SD":"","PRIMARYNAME":"HUDSON RD","ALIAS1":null,"ALIAS2":null,"ALIAS3":null,"ALIAS4":null,"ALIAS5":"","PRIMARYADDRESS":"890 HUDSON RD","SITETYPE":"SINGLE FAMILY DWELLING","TOWNNAME":"WATERFORD","MCODE":721,"ESN":300,"ZIP":"05824","PARCELNUM":"669.1","GPSX":-71.9261408,"GPSY":44.41837116,"MAPYEAR":"Thu, 19 Sep 2019 16:34:11 GMT","UPDATEDATE":"Tue, 05 Sep 2023 16:10:20 GMT","STATE":"VT","FIPS8":5005,"SPAN":"699-222-10995","SUBTYPE":null,"GlobalID_1":"bf6e500f-b693-4522-baf0-991b0837ffc6","UNITCOUNT":1,"PRIMARYADD1":"890 HUDSON RD WATERFORD","PRIMARYADD2":"890 HUDSON RD WATERFORD VT 05824","SITETYPE_MULTI1":null,"SITETYPE_MULTI2":null,"SITETYPE_MULTI3":null,"SITETYPE_MULTI4":null,"SITETYPE_MULTI5":null,"COUNTY":"CALEDONIA","COUNTRY":"US","SOURCEOFDATA":"Vermont Enhanced 911 Board","DRIVEWAYID":null,"ESZ":"00300","HOUSE_NUMBER":890,"HOUSE_NUMBERSUFFIX":null,"HOUSE_NUMBERPREFIX":null,"FIPS":null}},
{"type":"Feature","id":266303,"geometry":{"type":"Point","coordinates":[-71.8971541462951,44.3474521663845]},"properties":{"OBJECTID":266303,"SEGMENTID":64950,"ESITEID":620903,"GEONAMEID":37637,"PD":"","PT":"","SN":"MEMORY TREE","ST":"LN","SD":"","PRIMARYNAME":"MEMORY TREE LN","ALIAS1":null,"ALIAS2":null,"ALIAS3":null,"ALIAS4":null,"ALIAS5":"","PRIMARYADDRESS":"0 MEMORY TREE LN","SITETYPE":"ACCESSORY BUILDING","TOWNNAME":"WATERFORD","MCODE":721,"ESN":300,"ZIP":"05819","PARCELNUM":"032.3","GPSX":-71.89715528,"GPSY":44.34744489,"MAPYEAR":"Fri, 16 Sep 2022 12:24:57 GMT","UPDATEDATE":"Thu, 29 May 2025 12:23:40 GMT","STATE":"VT","FIPS8":5005,"SPAN":"699-222-11012","SUBTYPE":null,"GlobalID_1":"e73e7d40-4b93-4c73-8add-32a2c483e674","UNITCOUNT":0,"PRIMARYADD1":"0 MEMORY TREE LN WATERFORD","PRIMARYADD2":"0 MEMORY TREE LN WATERFORD VT 05819","SITETYPE_MULTI1":null,"SITETYPE_MULTI2":null,"SITETYPE_MULTI3":null,"SITETYPE_MULTI4":null,"SITETYPE_MULTI5":null,"COUNTY":"CALEDONIA","COUNTRY":"US","SOURCEOFDATA":"Vermont Enhanced 911 Board","DRIVEWAYID":null,"ESZ":"00300","HOUSE_NUMBER":0,"HOUSE_NUMBERSUFFIX":null,"HOUSE_NUMBERPREFIX":"","FIPS":null}},
{"type":"Feature","id":245815,"geometry":{"type":"Point","coordinates":[-71.8731026057826,44.3497564893113]},"properties":{"OBJECTID":245815,"SEGMENTID":58215,"ESITEID":752039,"GEONAMEID":435570,"PD":"","PT":"","SN":"OLD COUNTY","ST":"RD","SD":"S","PRIMARYNAME":"OLD COUNTY RD S","ALIAS1":"","ALIAS2":"","ALIAS3":"","ALIAS4":"","ALIAS5":"7\/11\/2019 3:40:26 PM","PRIMARYADDRESS":"4846 OLD COUNTY RD S","SITETYPE":"MULTI-FAMILY DWELLING","TOWNNAME":"WATERFORD","MCODE":721,"ESN":300,"ZIP":"05819","PARCELNUM":"749.5","GPSX":-71.87310162,"GPSY":44.34974748,"MAPYEAR":"Fri, 28 Apr 2017 08:16:10 GMT","UPDATEDATE":"Sat, 28 Jan 2023 00:30:29 GMT","STATE":"VT","FIPS8":5005,"SPAN":"699-222-10947","SUBTYPE":0,"GlobalID_1":"9142eb8e-bea8-4604-8a23-5b91b19e9624","UNITCOUNT":1,"PRIMARYADD1":"4846 OLD COUNTY RD S WATERFORD","PRIMARYADD2":"4846 OLD COUNTY RD S WATERFORD VT 05819","SITETYPE_MULTI1":"","SITETYPE_MULTI2":"","SITETYPE_MULTI3":"","SITETYPE_MULTI4":"","SITETYPE_MULTI5":"","COUNTY":"CALEDONIA","COUNTRY":"US","SOURCEOFDATA":"Vermont Enhanced 911 Board","DRIVEWAYID":0,"ESZ":"00300","HOUSE_NUMBER":4846,"HOUSE_NUMBERSUFFIX":"","HOUSE_NUMBERPREFIX":"","FIPS":"5005"}},
{"type":"Feature","id":207574,"geometry":{"type":"Point","coordinates":[-71.9589859590619,44.3593048091621]},"properties":{"OBJECTID":207574,"SEGMENTID":66163,"ESITEID":752859,"GEONAMEID":363350,"PD":"","PT":"","SN":"MILL POND","ST":"LN","SD":"","PRIMARYNAME":"MILL POND LN","ALIAS1":"","ALIAS2":"","ALIAS3":"","ALIAS4":"","ALIAS5":"","PRIMARYADDRESS":"43 MILL POND LN","SITETYPE":"SINGLE FAMILY DWELLING","TOWNNAME":"WATERFORD","MCODE":721,"ESN":300,"ZIP":"05819","PARCELNUM":"701.8","GPSX":-71.95898495,"GPSY":44.3592958,"MAPYEAR":"Tue, 15 Aug 2017 16:29:49 GMT","UPDATEDATE":"Tue, 28 Mar 2023 14:17:43 GMT","STATE":"VT","FIPS8":5005,"SPAN":"699-222-10871","SUBTYPE":0,"GlobalID_1":"ae475200-db67-4eb5-808c-2c2195f102f5","UNITCOUNT":1,"PRIMARYADD1":"43 MILL POND LN WATERFORD","PRIMARYADD2":"43 MILL POND LN WATERFORD VT 05819","SITETYPE_MULTI1":"","SITETYPE_MULTI2":"","SITETYPE_MULTI3":"","SITETYPE_MULTI4":"","SITETYPE_MULTI5":"","COUNTY":"CALEDONIA","COUNTRY":"US","SOURCEOFDATA":"Vermont Enhanced 911 Board","DRIVEWAYID":0,"ESZ":"00300","HOUSE_NUMBER":43,"HOUSE_NUMBERSUFFIX":"","HOUSE_NUMBERPREFIX":"","FIPS":"5005"}},
{"type":"Feature","id":307317,"geometry":{"type":"Point","coordinates":[-71.9531729601296,44.3404843618185]},"properties":{"OBJECTID":307317,"SEGMENTID":319,"ESITEID":753424,"GEONAMEID":22346,"PD":"","PT":"","SN":"LOWER WATERFORD","ST":"RD","SD":"","PRIMARYNAME":"LOWER WATERFORD RD","ALIAS1":"","ALIAS2":"","ALIAS3":"","ALIAS4":"","ALIAS5":"","PRIMARYADDRESS":"2793 LOWER WATERFORD RD","SITETYPE":"SINGLE FAMILY DWELLING","TOWNNAME":"WATERFORD","MCODE":721,"ESN":300,"ZIP":"05819","PARCELNUM":"666.1","GPSX":-71.95317195,"GPSY":44.34047535,"MAPYEAR":"Thu, 30 Nov 2017 09:09:54 GMT","UPDATEDATE":"Fri, 07 Apr 2023 09:12:03 GMT","STATE":"VT","FIPS8":5005,"SPAN":"699-222-10501","SUBTYPE":0,"GlobalID_1":"7ccf3863-2f6e-480a-89aa-e6aac403f1e0","UNITCOUNT":1,"PRIMARYADD1":"2793 LOWER WATERFORD RD WATERFORD","PRIMARYADD2":"2793 LOWER WATERFORD RD WATERFORD VT 05819","SITETYPE_MULTI1":"","SITETYPE_MULTI2":"","SITETYPE_MULTI3":"","SITETYPE_MULTI4":"","SITETYPE_MULTI5":"","COUNTY":"CALEDONIA","COUNTRY":"US","SOURCEOFDATA":"Vermont Enhanced 911 Board","DRIVEWAYID":0,"ESZ":"00300","HOUSE_NUMBER":2793,"HOUSE_NUMBERSUFFIX":"","HOUSE_NUMBERPREFIX":"","FIPS":"5005"}},
{"type":"Feature","id":21466,"geometry":{"type":"Point","coordinates":[-72.02531644055,44.3808923017851]},"properties":{"OBJECTID":21466,"SEGMENTID":47170,"ESITEID":753468,"GEONAMEID":22338,"PD":"","PT":"","SN":"US ROUTE 5","ST":"","SD":"","PRIMARYNAME":"US ROUTE 5","ALIAS1":"","ALIAS2":"","ALIAS3":"","ALIAS4":"","ALIAS5":"","PRIMARYADDRESS":"218 US ROUTE 5","SITETYPE":"SINGLE FAMILY DWELLING","TOWNNAME":"WATERFORD","MCODE":721,"ESN":300,"ZIP":"05819","PARCELNUM":"889.3","GPSX":-72.0253154,"GPSY":44.38088329,"MAPYEAR":"Thu, 30 Nov 2017 16:44:30 GMT","UPDATEDATE":"Thu, 29 May 2025 13:20:35 GMT","STATE":"VT","FIPS8":5005,"SPAN":"699-222-10960","SUBTYPE":0,"GlobalID_1":"d8c83bb0-9152-4942-aa22-117f7e7d13a7","UNITCOUNT":0,"PRIMARYADD1":"218 US ROUTE 5 WATERFORD","PRIMARYADD2":"218 US ROUTE 5 WATERFORD VT 05819","SITETYPE_MULTI1":"","SITETYPE_MULTI2":"","SITETYPE_MULTI3":"","SITETYPE_MULTI4":"","SITETYPE_MULTI5":"","COUNTY":"CALEDONIA","COUNTRY":"US","SOURCEOFDATA":"Vermont Enhanced 911 Board","DRIVEWAYID":0,"ESZ":"00300","HOUSE_NUMBER":218,"HOUSE_NUMBERSUFFIX":"","HOUSE_NUMBERPREFIX":"","FIPS":"5005"}},
{"type":"Feature","id":193049,"geometry":{"type":"Point","coordinates":[-71.9893548854102,44.3696251119678]},"properties":{"OBJECTID":193049,"SEGMENTID":47177,"ESITEID":754347,"GEONAMEID":22342,"PD":"","PT":"","SN":"HALE","ST":"RD","SD":"","PRIMARYNAME":"HALE RD","ALIAS1":"","ALIAS2":"","ALIAS3":"","ALIAS4":"","ALIAS5":"","PRIMARYADDRESS":"2070 HALE RD","SITETYPE":"SINGLE FAMILY DWELLING","TOWNNAME":"WATERFORD","MCODE":721,"ESN":300,"ZIP":"05819","PARCELNUM":"895.","GPSX":-71.98935386,"GPSY":44.3696161,"MAPYEAR":"Wed, 11 Jul 2018 16:18:17 GMT","UPDATEDATE":"Tue, 28 Mar 2023 14:18:32 GMT","STATE":"VT","FIPS8":5005,"SPAN":"699-222-10775","SUBTYPE":0,"GlobalID_1":"a54f4021-938d-4af1-809b-a235ef09694e","UNITCOUNT":1,"PRIMARYADD1":"2070 HALE RD WATERFORD","PRIMARYADD2":"2070 HALE RD WATERFORD VT 05819","SITETYPE_MULTI1":"","SITETYPE_MULTI2":"","SITETYPE_MULTI3":"","SITETYPE_MULTI4":"","SITETYPE_MULTI5":"","COUNTY":"CALEDONIA","COUNTRY":"US","SOURCEOFDATA":"Vermont Enhanced 911 Board","DRIVEWAYID":0,"ESZ":"00300","HOUSE_NUMBER":2070,"HOUSE_NUMBERSUFFIX":"","HOUSE_NUMBERPREFIX":"","FIPS":"5005"}},
{"type":"Feature","id":64211,"geometry":{"type":"Point","coordinates":[-71.922725055163,44.4001326446305]},"properties":{"OBJECTID":64211,"SEGMENTID":58212,"ESITEID":754442,"GEONAMEID":22321,"PD":"","PT":"","SN":"VT ROUTE 18","ST":"","SD":"","PRIMARYNAME":"VT ROUTE 18","ALIAS1":"","ALIAS2":"","ALIAS3":"","ALIAS4":"","ALIAS5":"9\/15\/2022 3:01:54 PM","PRIMARYADDRESS":"2880 VT ROUTE 18","SITETYPE":"TEMPORARY STRUCTURE","TOWNNAME":"WATERFORD","MCODE":721,"ESN":300,"ZIP":"05819","PARCELNUM":"938.","GPSX":-71.92272405,"GPSY":44.40012362,"MAPYEAR":"Thu, 19 Jul 2018 13:28:16 GMT","UPDATEDATE":"Sat, 28 Jan 2023 00:19:08 GMT","STATE":"VT","FIPS8":5005,"SPAN":"699-222-10116","SUBTYPE":0,"GlobalID_1":"be0ff97e-2330-43b1-b544-a9a4eaa0cec2","UNITCOUNT":1,"PRIMARYADD1":"2880 VT ROUTE 18 WATERFORD","PRIMARYADD2":"2880 VT ROUTE 18 WATERFORD VT 05819","SITETYPE_MULTI1":"","SITETYPE_MULTI2":"","SITETYPE_MULTI3":"","SITETYPE_MULTI4":"","SITETYPE_MULTI5":"","COUNTY":"CALEDONIA","COUNTRY":"US","SOURCEOFDATA":"Vermont Enhanced 911 Board","DRIVEWAYID":0,"ESZ":"00300","HOUSE_NUMBER":2880,"HOUSE_NUMBERSUFFIX":"","HOUSE_NUMBERPREFIX":"","FIPS":"5005"}},
{"type":"Feature","id":20693,"geometry":{"type":"Point","coordinates":[-71.8796592373335,44.3708312808996]},"properties":{"OBJECTID":20693,"SEGMENTID":21063,"ESITEID":755807,"GEONAMEID":22317,"PD":"","PT":"","SN":"HIGH RIDGE","ST":"RD","SD":"","PRIMARYNAME":"HIGH RIDGE RD","ALIAS1":"","ALIAS2":"","ALIAS3":"","ALIAS4":"","ALIAS5":"","PRIMARYADDRESS":"0 HIGH RIDGE RD","SITETYPE":"ACCESSORY BARN","TOWNNAME":"WATERFORD","MCODE":721,"ESN":300,"ZIP":"05819","PARCELNUM":"748.","GPSX":-71.87965825,"GPSY":44.37082226,"MAPYEAR":"Fri, 28 Dec 2018 10:45:41 GMT","UPDATEDATE":"Sat, 23 Feb 2019 11:02:58 GMT","STATE":"VT","FIPS8":5005,"SPAN":"699-222-10593","SUBTYPE":0,"GlobalID_1":"5b42b2aa-97b2-41e8-8df3-ca6ddf228f2b","UNITCOUNT":0,"PRIMARYADD1":"0 HIGH RIDGE RD WATERFORD","PRIMARYADD2":"0 HIGH RIDGE RD WATERFORD VT 05819","SITETYPE_MULTI1":"","SITETYPE_MULTI2":"","SITETYPE_MULTI3":"","SITETYPE_MULTI4":"","SITETYPE_MULTI5":"","COUNTY":"CALEDONIA","COUNTRY":"US","SOURCEOFDATA":"Vermont Enhanced 911 Board","DRIVEWAYID":0,"ESZ":"00300","HOUSE_NUMBER":0,"HOUSE_NUMBERSUFFIX":"","HOUSE_NUMBERPREFIX":"","FIPS":"5005"}},
{"type":"Feature","id":347874,"geometry":{"type":"Point","coordinates":[-71.8808139230357,44.3711203092201]},"properties":{"OBJECTID":347874,"SEGMENTID":21063,"ESITEID":755808,"GEONAMEID":22317,"PD":"","PT":"","SN":"HIGH RIDGE","ST":"RD","SD":"","PRIMARYNAME":"HIGH RIDGE RD","ALIAS1":"","ALIAS2":"","ALIAS3":"","ALIAS4":"","ALIAS5":"","PRIMARYADDRESS":"0 HIGH RIDGE RD","SITETYPE":"ACCESSORY BARN","TOWNNAME":"WATERFORD","MCODE":721,"ESN":300,"ZIP":"05819","PARCELNUM":"752.","GPSX":-71.88081293,"GPSY":44.37111129,"MAPYEAR":"Fri, 28 Dec 2018 10:45:44 GMT","UPDATEDATE":"Sat, 23 Feb 2019 11:02:58 GMT","STATE":"VT","FIPS8":5005,"SPAN":"699-222-10595","SUBTYPE":0,"GlobalID_1":"f90cf2f6-8afd-43bd-b5c6-a20a6930b265","UNITCOUNT":0,"PRIMARYADD1":"0 HIGH RIDGE RD WATERFORD","PRIMARYADD2":"0 HIGH RIDGE RD WATERFORD VT 05819","SITETYPE_MULTI1":"","SITETYPE_MULTI2":"","SITETYPE_MULTI3":"","SITETYPE_MULTI4":"","SITETYPE_MULTI5":"","COUNTY":"CALEDONIA","COUNTRY":"US","SOURCEOFDATA":"Vermont Enhanced 911 Board","DRIVEWAYID":0,"ESZ":"00300","HOUSE_NUMBER":0,"HOUSE_NUMBERSUFFIX":"","HOUSE_NUMBERPREFIX":"","FIPS":"5005"}},
{"type":"Feature","id":37765,"geometry":{"type":"Point","coordinates":[-71.8809630687482,44.3707490611301]},"properties":{"OBJECTID":37765,"SEGMENTID":21063,"ESITEID":755809,"GEONAMEID":22317,"PD":"","PT":"","SN":"HIGH RIDGE","ST":"RD","SD":"","PRIMARYNAME":"HIGH RIDGE RD","ALIAS1":"","ALIAS2":"","ALIAS3":"","ALIAS4":"","ALIAS5":"","PRIMARYADDRESS":"0 HIGH RIDGE RD","SITETYPE":"ACCESSORY BARN","TOWNNAME":"WATERFORD","MCODE":721,"ESN":300,"ZIP":"05819","PARCELNUM":"752.","GPSX":-71.88096208,"GPSY":44.37074004,"MAPYEAR":"Fri, 28 Dec 2018 10:45:47 GMT","UPDATEDATE":"Sat, 23 Feb 2019 11:02:58 GMT","STATE":"VT","FIPS8":5005,"SPAN":"699-222-10595","SUBTYPE":0,"GlobalID_1":"bfc3dd62-b8a4-4830-85de-cba188cdb739","UNITCOUNT":0,"PRIMARYADD1":"0 HIGH RIDGE RD WATERFORD","PRIMARYADD2":"0 HIGH RIDGE RD WATERFORD VT 05819","SITETYPE_MULTI1":"","SITETYPE_MULTI2":"","SITETYPE_MULTI3":"","SITETYPE_MULTI4":"","SITETYPE_MULTI5":"","COUNTY":"CALEDONIA","COUNTRY":"US","SOURCEOFDATA":"Vermont Enhanced 911 Board","DRIVEWAYID":0,"ESZ":"00300","HOUSE_NUMBER":0,"HOUSE_NUMBERSUFFIX":"","HOUSE_NUMBERPREFIX":"","FIPS":"5005"}},
{"type":"Feature","id":150868,"geometry":{"type":"Point","coordinates":[-71.8970302625817,44.377197439772]},"properties":{"OBJECTID":150868,"SEGMENTID":411155,"ESITEID":755810,"GEONAMEID":25224,"PD":"","PT":"","SN":"FREEMAN","ST":"RD","SD":"","PRIMARYNAME":"FREEMAN RD","ALIAS1":"","ALIAS2":"","ALIAS3":"","ALIAS4":"","ALIAS5":"","PRIMARYADDRESS":"0 FREEMAN RD","SITETYPE":"ACCESSORY BARN","TOWNNAME":"WATERFORD","MCODE":721,"ESN":300,"ZIP":"05819","PARCELNUM":"604.","GPSX":-71.89702927,"GPSY":44.37718842,"MAPYEAR":"Fri, 28 Dec 2018 10:51:12 GMT","UPDATEDATE":"Sat, 23 Feb 2019 11:02:58 GMT","STATE":"VT","FIPS8":5005,"SPAN":"699-222-10431","SUBTYPE":0,"GlobalID_1":"fa05bcea-d054-4616-8005-9f449a560500","UNITCOUNT":0,"PRIMARYADD1":"0 FREEMAN RD WATERFORD","PRIMARYADD2":"0 FREEMAN RD WATERFORD VT 05819","SITETYPE_MULTI1":"","SITETYPE_MULTI2":"","SITETYPE_MULTI3":"","SITETYPE_MULTI4":"","SITETYPE_MULTI5":"","COUNTY":"CALEDONIA","COUNTRY":"US","SOURCEOFDATA":"Vermont Enhanced 911 Board","DRIVEWAYID":0,"ESZ":"00300","HOUSE_NUMBER":0,"HOUSE_NUMBERSUFFIX":"","HOUSE_NUMBERPREFIX":"","FIPS":"5005"}},
{"type":"Feature","id":80779,"geometry":{"type":"Point","coordinates":[-71.8968753348075,44.3774218049772]},"properties":{"OBJECTID":80779,"SEGMENTID":411155,"ESITEID":755811,"GEONAMEID":25224,"PD":"","PT":"","SN":"FREEMAN","ST":"RD","SD":"","PRIMARYNAME":"FREEMAN RD","ALIAS1":"","ALIAS2":"","ALIAS3":"","ALIAS4":"","ALIAS5":"","PRIMARYADDRESS":"0 FREEMAN RD","SITETYPE":"SUGARHOUSE","TOWNNAME":"WATERFORD","MCODE":721,"ESN":300,"ZIP":"05819","PARCELNUM":"604.","GPSX":-71.89687434,"GPSY":44.37741279,"MAPYEAR":"Fri, 28 Dec 2018 10:51:17 GMT","UPDATEDATE":"Thu, 29 May 2025 13:11:24 GMT","STATE":"VT","FIPS8":5005,"SPAN":"699-222-10431","SUBTYPE":0,"GlobalID_1":"43680821-74b9-4ffb-b7f5-5199e96f6c9d","UNITCOUNT":0,"PRIMARYADD1":"0 FREEMAN RD WATERFORD","PRIMARYADD2":"0 FREEMAN RD WATERFORD VT 05819","SITETYPE_MULTI1":"","SITETYPE_MULTI2":"","SITETYPE_MULTI3":"","SITETYPE_MULTI4":"","SITETYPE_MULTI5":"","COUNTY":"CALEDONIA","COUNTRY":"US","SOURCEOFDATA":"Vermont Enhanced 911 Board","DRIVEWAYID":0,"ESZ":"00300","HOUSE_NUMBER":0,"HOUSE_NUMBERSUFFIX":"","HOUSE_NUMBERPREFIX":"","FIPS":"5005"}},
{"type":"Feature","id":212785,"geometry":{"type":"Point","coordinates":[-71.8996695637139,44.3762386734374]},"properties":{"OBJECTID":212785,"SEGMENTID":35902,"ESITEID":755812,"GEONAMEID":435570,"PD":"","PT":"","SN":"OLD COUNTY","ST":"RD","SD":"S","PRIMARYNAME":"OLD COUNTY RD S","ALIAS1":"","ALIAS2":"","ALIAS3":"","ALIAS4":"","ALIAS5":"","PRIMARYADDRESS":"0 OLD COUNTY RD S","SITETYPE":"ACCESSORY BARN","TOWNNAME":"WATERFORD","MCODE":721,"ESN":300,"ZIP":"05819","PARCELNUM":"022.","GPSX":-71.89966857,"GPSY":44.37622966,"MAPYEAR":"Fri, 28 Dec 2018 10:51:43 GMT","UPDATEDATE":"Sat, 23 Feb 2019 11:02:58 GMT","STATE":"VT","FIPS8":5005,"SPAN":"699-222-10145","SUBTYPE":0,"GlobalID_1":"f8ec41de-c890-4b07-8f81-d554e8d293e9","UNITCOUNT":0,"PRIMARYADD1":"0 OLD COUNTY RD S WATERFORD","PRIMARYADD2":"0 OLD COUNTY RD S WATERFORD VT 05819","SITETYPE_MULTI1":"","SITETYPE_MULTI2":"","SITETYPE_MULTI3":"","SITETYPE_MULTI4":"","SITETYPE_MULTI5":"","COUNTY":"CALEDONIA","COUNTRY":"US","SOURCEOFDATA":"Vermont Enhanced 911 Board","DRIVEWAYID":0,"ESZ":"00300","HOUSE_NUMBER":0,"HOUSE_NUMBERSUFFIX":"","HOUSE_NUMBERPREFIX":"","FIPS":"5005"}},
{"type":"Feature","id":310154,"geometry":{"type":"Point","coordinates":[-71.8991601230934,44.377825984341]},"properties":{"OBJECTID":310154,"SEGMENTID":54444,"ESITEID":756409,"GEONAMEID":435570,"PD":"","PT":"","SN":"OLD COUNTY","ST":"RD","SD":"S","PRIMARYNAME":"OLD COUNTY RD S","ALIAS1":null,"ALIAS2":null,"ALIAS3":null,"ALIAS4":null,"ALIAS5":"9\/15\/2022 2:10:31 PM","PRIMARYADDRESS":"2300 OLD COUNTY RD S","SITETYPE":"SINGLE FAMILY DWELLING","TOWNNAME":"WATERFORD","MCODE":721,"ESN":300,"ZIP":"05819","PARCELNUM":"022.2","GPSX":-71.89915913,"GPSY":44.37781697,"MAPYEAR":"Fri, 14 Jun 2019 15:36:52 GMT","UPDATEDATE":"Sat, 28 Jan 2023 00:30:43 GMT","STATE":"VT","FIPS8":5005,"SPAN":"699-222-10983","SUBTYPE":null,"GlobalID_1":"83430777-4da9-4dca-b700-6b72ac988816","UNITCOUNT":1,"PRIMARYADD1":"2300 OLD COUNTY RD S WATERFORD","PRIMARYADD2":"2300 OLD COUNTY RD S WATERFORD VT 05819","SITETYPE_MULTI1":null,"SITETYPE_MULTI2":null,"SITETYPE_MULTI3":null,"SITETYPE_MULTI4":null,"SITETYPE_MULTI5":null,"COUNTY":"CALEDONIA","COUNTRY":"US","SOURCEOFDATA":"Vermont Enhanced 911 Board","DRIVEWAYID":null,"ESZ":"00300","HOUSE_NUMBER":2300,"HOUSE_NUMBERSUFFIX":null,"HOUSE_NUMBERPREFIX":null,"FIPS":null}},
{"type":"Feature","id":62848,"geometry":{"type":"Point","coordinates":[-71.9586224612799,44.3392517394436]},"properties":{"OBJECTID":62848,"SEGMENTID":43503,"ESITEID":756682,"GEONAMEID":22346,"PD":"","PT":"","SN":"LOWER WATERFORD","ST":"RD","SD":"","PRIMARYNAME":"LOWER WATERFORD RD","ALIAS1":null,"ALIAS2":null,"ALIAS3":null,"ALIAS4":null,"ALIAS5":"","PRIMARYADDRESS":"3044 LOWER WATERFORD RD","SITETYPE":"SINGLE FAMILY DWELLING","TOWNNAME":"WATERFORD","MCODE":721,"ESN":300,"ZIP":"05819","PARCELNUM":"649.1","GPSX":-71.95862145,"GPSY":44.33924273,"MAPYEAR":"Fri, 09 Aug 2019 10:02:27 GMT","UPDATEDATE":"Tue, 28 Mar 2023 14:19:27 GMT","STATE":"VT","FIPS8":5005,"SPAN":"699-222-10131","SUBTYPE":null,"GlobalID_1":"c52bd507-f219-411b-ba13-eb51a3852386","UNITCOUNT":1,"PRIMARYADD1":"3044 LOWER WATERFORD RD WATERFORD","PRIMARYADD2":"3044 LOWER WATERFORD RD WATERFORD VT 05819","SITETYPE_MULTI1":null,"SITETYPE_MULTI2":null,"SITETYPE_MULTI3":null,"SITETYPE_MULTI4":null,"SITETYPE_MULTI5":null,"COUNTY":"CALEDONIA","COUNTRY":"US","SOURCEOFDATA":"Vermont Enhanced 911 Board","DRIVEWAYID":null,"ESZ":"00300","HOUSE_NUMBER":3044,"HOUSE_NUMBERSUFFIX":null,"HOUSE_NUMBERPREFIX":null,"FIPS":null}},
{"type":"Feature","id":296167,"geometry":{"type":"Point","coordinates":[-71.9047645749665,44.3853261147776]},"properties":{"OBJECTID":296167,"SEGMENTID":54444,"ESITEID":756683,"GEONAMEID":435570,"PD":"","PT":"","SN":"OLD COUNTY","ST":"RD","SD":"S","PRIMARYNAME":"OLD COUNTY RD S","ALIAS1":null,"ALIAS2":null,"ALIAS3":null,"ALIAS4":null,"ALIAS5":"9\/15\/2022 2:14:01 PM","PRIMARYADDRESS":"1782 OLD COUNTY RD S","SITETYPE":"CAMP","TOWNNAME":"WATERFORD","MCODE":721,"ESN":300,"ZIP":"05819","PARCELNUM":"454.","GPSX":-71.90476358,"GPSY":44.3853171,"MAPYEAR":"Fri, 09 Aug 2019 11:01:21 GMT","UPDATEDATE":"Sat, 28 Jan 2023 00:30:44 GMT","STATE":"VT","FIPS8":5005,"SPAN":"699-222-10280","SUBTYPE":null,"GlobalID_1":"e454da93-8a17-4a13-82d3-f8ec1f04c5f5","UNITCOUNT":1,"PRIMARYADD1":"1782 OLD COUNTY RD S WATERFORD","PRIMARYADD2":"1782 OLD COUNTY RD S WATERFORD VT 05819","SITETYPE_MULTI1":null,"SITETYPE_MULTI2":null,"SITETYPE_MULTI3":null,"SITETYPE_MULTI4":null,"SITETYPE_MULTI5":null,"COUNTY":"CALEDONIA","COUNTRY":"US","SOURCEOFDATA":"Vermont Enhanced 911 Board","DRIVEWAYID":null,"ESZ":"00300","HOUSE_NUMBER":1782,"HOUSE_NUMBERSUFFIX":null,"HOUSE_NUMBERPREFIX":null,"FIPS":null}},
{"type":"Feature","id":162660,"geometry":{"type":"Point","coordinates":[-71.9220223286754,44.3735556377369]},"properties":{"OBJECTID":162660,"SEGMENTID":21060,"ESITEID":757007,"GEONAMEID":22328,"PD":"","PT":"","SN":"HURLBUT HILL","ST":"LN","SD":"","PRIMARYNAME":"HURLBUT HILL LN","ALIAS1":null,"ALIAS2":null,"ALIAS3":null,"ALIAS4":null,"ALIAS5":"","PRIMARYADDRESS":"688 HURLBUT HILL LN","SITETYPE":"RV HOOKUP","TOWNNAME":"WATERFORD","MCODE":721,"ESN":300,"ZIP":"05819","PARCELNUM":"190.","GPSX":-71.92202133,"GPSY":44.37354662,"MAPYEAR":"Fri, 04 Oct 2019 13:58:27 GMT","UPDATEDATE":"Tue, 28 Mar 2023 14:19:36 GMT","STATE":"VT","FIPS8":5005,"SPAN":"699-222-10057","SUBTYPE":null,"GlobalID_1":"27703141-8f1d-4dc6-ad33-fd5648b31df6","UNITCOUNT":1,"PRIMARYADD1":"688 HURLBUT HILL LN WATERFORD","PRIMARYADD2":"688 HURLBUT HILL LN WATERFORD VT 05819","SITETYPE_MULTI1":null,"SITETYPE_MULTI2":null,"SITETYPE_MULTI3":null,"SITETYPE_MULTI4":null,"SITETYPE_MULTI5":null,"COUNTY":"CALEDONIA","COUNTRY":"US","SOURCEOFDATA":"Vermont Enhanced 911 Board","DRIVEWAYID":null,"ESZ":"00300","HOUSE_NUMBER":688,"HOUSE_NUMBERSUFFIX":null,"HOUSE_NUMBERPREFIX":null,"FIPS":null}},
{"type":"Feature","id":96715,"geometry":{"type":"Point","coordinates":[-71.9300581979113,44.400298982503]},"properties":{"OBJECTID":96715,"SEGMENTID":87644,"ESITEID":757135,"GEONAMEID":412640,"PD":"","PT":"","SN":"FENOFF HEIGHTS","ST":"LN","SD":"","PRIMARYNAME":"FENOFF HEIGHTS LN","ALIAS1":null,"ALIAS2":null,"ALIAS3":null,"ALIAS4":null,"ALIAS5":"","PRIMARYADDRESS":"244 FENOFF HEIGHTS LN","SITETYPE":"SINGLE FAMILY DWELLING","TOWNNAME":"WATERFORD","MCODE":721,"ESN":300,"ZIP":"05819","PARCELNUM":"317.6","GPSX":-71.93005719,"GPSY":44.40028996,"MAPYEAR":"Fri, 25 Oct 2019 12:40:39 GMT","UPDATEDATE":"Tue, 28 Mar 2023 14:19:39 GMT","STATE":"VT","FIPS8":5005,"SPAN":"699-222-10993","SUBTYPE":null,"GlobalID_1":"7c3aa1d7-b92b-4327-8652-57a4a4fff385","UNITCOUNT":1,"PRIMARYADD1":"244 FENOFF HEIGHTS LN WATERFORD","PRIMARYADD2":"244 FENOFF HEIGHTS LN WATERFORD VT 05819","SITETYPE_MULTI1":null,"SITETYPE_MULTI2":null,"SITETYPE_MULTI3":null,"SITETYPE_MULTI4":null,"SITETYPE_MULTI5":null,"COUNTY":"CALEDONIA","COUNTRY":"US","SOURCEOFDATA":"Vermont Enhanced 911 Board","DRIVEWAYID":null,"ESZ":"00300","HOUSE_NUMBER":244,"HOUSE_NUMBERSUFFIX":null,"HOUSE_NUMBERPREFIX":null,"FIPS":null}},
{"type":"Feature","id":349834,"geometry":{"type":"Point","coordinates":[-71.9481664957947,44.4041038459773]},"properties":{"OBJECTID":349834,"SEGMENTID":252306,"ESITEID":758383,"GEONAMEID":22310,"PD":"","PT":"","SN":"SLATE LEDGE","ST":"RD","SD":"","PRIMARYNAME":"SLATE LEDGE RD","ALIAS1":null,"ALIAS2":null,"ALIAS3":null,"ALIAS4":null,"ALIAS5":"","PRIMARYADDRESS":"1095 SLATE LEDGE RD","SITETYPE":"DEVELOPMENT SITE","TOWNNAME":"WATERFORD","MCODE":721,"ESN":300,"ZIP":"05819","PARCELNUM":"367.1","GPSX":-71.94816731,"GPSY":44.40410391,"MAPYEAR":"Tue, 23 Jun 2020 15:07:37 GMT","UPDATEDATE":"Thu, 29 May 2025 13:44:32 GMT","STATE":"VT","FIPS8":5005,"SPAN":"699-222-10965","SUBTYPE":null,"GlobalID_1":"11215a16-81ca-4149-8231-52b572492a3f","UNITCOUNT":1,"PRIMARYADD1":"1095 SLATE LEDGE RD WATERFORD","PRIMARYADD2":"1095 SLATE LEDGE RD WATERFORD VT 05819","SITETYPE_MULTI1":null,"SITETYPE_MULTI2":null,"SITETYPE_MULTI3":null,"SITETYPE_MULTI4":null,"SITETYPE_MULTI5":null,"COUNTY":"CALEDONIA","COUNTRY":"US","SOURCEOFDATA":"Vermont Enhanced 911 Board","DRIVEWAYID":null,"ESZ":"00300","HOUSE_NUMBER":1095,"HOUSE_NUMBERSUFFIX":null,"HOUSE_NUMBERPREFIX":null,"FIPS":null}},
{"type":"Feature","id":304673,"geometry":{"type":"Point","coordinates":[-71.9486616130426,44.3618100379356]},"properties":{"OBJECTID":304673,"SEGMENTID":17354,"ESITEID":759965,"GEONAMEID":22326,"PD":"","PT":"","SN":"DUCK POND","ST":"RD","SD":"","PRIMARYNAME":"DUCK POND RD","ALIAS1":null,"ALIAS2":null,"ALIAS3":null,"ALIAS4":null,"ALIAS5":"","PRIMARYADDRESS":"4015 DUCK POND RD","SITETYPE":"SINGLE FAMILY DWELLING","TOWNNAME":"WATERFORD","MCODE":721,"ESN":300,"ZIP":"05819","PARCELNUM":"702.","GPSX":-71.9486606,"GPSY":44.36180102,"MAPYEAR":"Tue, 09 Mar 2021 15:55:04 GMT","UPDATEDATE":"Tue, 28 Mar 2023 14:20:52 GMT","STATE":"VT","FIPS8":5005,"SPAN":"699-222-10540","SUBTYPE":null,"GlobalID_1":"7c3dee01-18cb-4bab-bea0-eaa668998415","UNITCOUNT":1,"PRIMARYADD1":"4015 DUCK POND RD WATERFORD","PRIMARYADD2":"4015 DUCK POND RD WATERFORD VT 05819","SITETYPE_MULTI1":null,"SITETYPE_MULTI2":null,"SITETYPE_MULTI3":null,"SITETYPE_MULTI4":null,"SITETYPE_MULTI5":null,"COUNTY":"CALEDONIA","COUNTRY":"US","SOURCEOFDATA":"Vermont Enhanced 911 Board","DRIVEWAYID":null,"ESZ":"00300","HOUSE_NUMBER":4015,"HOUSE_NUMBERSUFFIX":null,"HOUSE_NUMBERPREFIX":null,"FIPS":null}},
{"type":"Feature","id":17711,"geometry":{"type":"Point","coordinates":[-72.0061142500032,44.3699369197457]},"properties":{"OBJECTID":17711,"SEGMENTID":47177,"ESITEID":762320,"GEONAMEID":22342,"PD":"","PT":"","SN":"HALE","ST":"RD","SD":"","PRIMARYNAME":"HALE RD","ALIAS1":null,"ALIAS2":null,"ALIAS3":null,"ALIAS4":null,"ALIAS5":"","PRIMARYADDRESS":"3129 HALE RD","SITETYPE":"SINGLE FAMILY DWELLING","TOWNNAME":"WATERFORD","MCODE":721,"ESN":300,"ZIP":"05819","PARCELNUM":"405.6","GPSX":-72.00611322,"GPSY":44.36992791,"MAPYEAR":"Fri, 04 Feb 2022 15:24:56 GMT","UPDATEDATE":"Thu, 29 May 2025 13:19:08 GMT","STATE":"VT","FIPS8":5005,"SPAN":"699-222-10864","SUBTYPE":null,"GlobalID_1":"6dfe7e81-82a7-4023-ba3f-ea0d8d491ab3","UNITCOUNT":1,"PRIMARYADD1":"3129 HALE RD WATERFORD","PRIMARYADD2":"3129 HALE RD WATERFORD VT 05819","SITETYPE_MULTI1":null,"SITETYPE_MULTI2":null,"SITETYPE_MULTI3":null,"SITETYPE_MULTI4":null,"SITETYPE_MULTI5":null,"COUNTY":"CALEDONIA","COUNTRY":"US","SOURCEOFDATA":"Vermont Enhanced 911 Board","DRIVEWAYID":null,"ESZ":"00300","HOUSE_NUMBER":3129,"HOUSE_NUMBERSUFFIX":null,"HOUSE_NUMBERPREFIX":null,"FIPS":null}},
{"type":"Feature","id":116542,"geometry":{"type":"Point","coordinates":[-72.0091716815748,44.3717977808515]},"properties":{"OBJECTID":116542,"SEGMENTID":47177,"ESITEID":762336,"GEONAMEID":22342,"PD":"","PT":"","SN":"HALE","ST":"RD","SD":"","PRIMARYNAME":"HALE RD","ALIAS1":null,"ALIAS2":null,"ALIAS3":null,"ALIAS4":null,"ALIAS5":"2\/10\/2022 9:16:03 AM","PRIMARYADDRESS":"3145 HALE RD","SITETYPE":"SINGLE FAMILY DWELLING","TOWNNAME":"WATERFORD","MCODE":721,"ESN":300,"ZIP":"05819","PARCELNUM":"405.","GPSX":-72.00917065,"GPSY":44.37178877,"MAPYEAR":"Thu, 10 Feb 2022 09:15:47 GMT","UPDATEDATE":"Mon, 13 Feb 2023 09:42:55 GMT","STATE":"VT","FIPS8":5005,"SPAN":"699-222-10223","SUBTYPE":null,"GlobalID_1":"bdb19382-c160-403c-a8c0-855734015086","UNITCOUNT":1,"PRIMARYADD1":"3145 HALE RD WATERFORD","PRIMARYADD2":"3145 HALE RD WATERFORD VT 05819","SITETYPE_MULTI1":null,"SITETYPE_MULTI2":null,"SITETYPE_MULTI3":null,"SITETYPE_MULTI4":null,"SITETYPE_MULTI5":null,"COUNTY":"CALEDONIA","COUNTRY":"US","SOURCEOFDATA":"Vermont Enhanced 911 Board","DRIVEWAYID":null,"ESZ":"00300","HOUSE_NUMBER":3145,"HOUSE_NUMBERSUFFIX":null,"HOUSE_NUMBERPREFIX":null,"FIPS":null}},
{"type":"Feature","id":275461,"geometry":{"type":"Point","coordinates":[-71.9437391101707,44.3664782502367]},"properties":{"OBJECTID":275461,"SEGMENTID":87903,"ESITEID":765790,"GEONAMEID":22327,"PD":"","PT":"","SN":"KIDDER","ST":"RD","SD":"","PRIMARYNAME":"KIDDER RD","ALIAS1":null,"ALIAS2":null,"ALIAS3":null,"ALIAS4":null,"ALIAS5":null,"PRIMARYADDRESS":"1339 KIDDER RD","SITETYPE":"SINGLE FAMILY DWELLING","TOWNNAME":"WATERFORD","MCODE":721,"ESN":300,"ZIP":"05819","PARCELNUM":"914","GPSX":-71.94373992,"GPSY":44.36647832,"MAPYEAR":"Wed, 15 Feb 2023 22:22:41 GMT","UPDATEDATE":"Fri, 18 Apr 2025 09:36:28 GMT","STATE":"VT","FIPS8":5005,"SPAN":"699-222-10421","SUBTYPE":null,"GlobalID_1":"befacdab-0675-4a7a-b65a-a129ce07e21c","UNITCOUNT":1,"PRIMARYADD1":"1339 KIDDER RD WATERFORD","PRIMARYADD2":"1339 KIDDER RD WATERFORD VT 05819","SITETYPE_MULTI1":null,"SITETYPE_MULTI2":null,"SITETYPE_MULTI3":null,"SITETYPE_MULTI4":null,"SITETYPE_MULTI5":null,"COUNTY":"CALEDONIA","COUNTRY":"US","SOURCEOFDATA":"Vermont Enhanced 911 Board","DRIVEWAYID":null,"ESZ":"00300","HOUSE_NUMBER":1339,"HOUSE_NUMBERSUFFIX":null,"HOUSE_NUMBERPREFIX":null,"FIPS":null}},
{"type":"Feature","id":92639,"geometry":{"type":"Point","coordinates":[-71.9382032026767,44.3858755979405]},"properties":{"OBJECTID":92639,"SEGMENTID":754648,"ESITEID":766370,"GEONAMEID":22331,"PD":"","PT":"","SN":"WOODLAND","ST":"RD","SD":"","PRIMARYNAME":"WOODLAND RD","ALIAS1":null,"ALIAS2":null,"ALIAS3":null,"ALIAS4":null,"ALIAS5":null,"PRIMARYADDRESS":"340 WOODLAND RD","SITETYPE":"ACCESSORY BUILDING","TOWNNAME":"WATERFORD","MCODE":721,"ESN":300,"ZIP":"05819","PARCELNUM":"759","GPSX":-71.93820219,"GPSY":44.38586658,"MAPYEAR":"Fri, 21 Apr 2023 22:38:54 GMT","UPDATEDATE":"Thu, 10 Apr 2025 12:24:06 GMT","STATE":"VT","FIPS8":5005,"SPAN":"699-222-10601","SUBTYPE":null,"GlobalID_1":"01469226-3fa1-4324-82ff-426c8fc59dab","UNITCOUNT":1,"PRIMARYADD1":"340 WOODLAND RD WATERFORD","PRIMARYADD2":"340 WOODLAND RD WATERFORD VT 05819","SITETYPE_MULTI1":null,"SITETYPE_MULTI2":null,"SITETYPE_MULTI3":null,"SITETYPE_MULTI4":null,"SITETYPE_MULTI5":null,"COUNTY":"CALEDONIA","COUNTRY":"US","SOURCEOFDATA":"Vermont Enhanced 911 Board","DRIVEWAYID":null,"ESZ":"00300","HOUSE_NUMBER":340,"HOUSE_NUMBERSUFFIX":null,"HOUSE_NUMBERPREFIX":null,"FIPS":null}},
{"type":"Feature","id":345614,"geometry":{"type":"Point","coordinates":[-71.8913171716134,44.3498078113711]},"properties":{"OBJECTID":345614,"SEGMENTID":89946,"ESITEID":766406,"GEONAMEID":27447,"PD":"","PT":"","SN":"MOORE DAM","ST":"RD","SD":"","PRIMARYNAME":"MOORE DAM RD","ALIAS1":null,"ALIAS2":null,"ALIAS3":null,"ALIAS4":null,"ALIAS5":null,"PRIMARYADDRESS":"200 MOORE DAM RD","SITETYPE":"SINGLE FAMILY DWELLING","TOWNNAME":"WATERFORD","MCODE":721,"ESN":300,"ZIP":"05819","PARCELNUM":"011.1","GPSX":-71.89131798,"GPSY":44.34980788,"MAPYEAR":"Wed, 26 Apr 2023 23:07:00 GMT","UPDATEDATE":"Fri, 18 Apr 2025 09:28:28 GMT","STATE":"VT","FIPS8":5005,"SPAN":"699-222-10810","SUBTYPE":null,"GlobalID_1":"07a0cf6b-c7c5-49cc-b9c9-9f13a8f45a95","UNITCOUNT":1,"PRIMARYADD1":"200 MOORE DAM RD WATERFORD","PRIMARYADD2":"200 MOORE DAM RD WATERFORD VT 05819","SITETYPE_MULTI1":null,"SITETYPE_MULTI2":null,"SITETYPE_MULTI3":null,"SITETYPE_MULTI4":null,"SITETYPE_MULTI5":null,"COUNTY":"CALEDONIA","COUNTRY":"US","SOURCEOFDATA":"Vermont Enhanced 911 Board","DRIVEWAYID":null,"ESZ":"00300","HOUSE_NUMBER":200,"HOUSE_NUMBERSUFFIX":null,"HOUSE_NUMBERPREFIX":null,"FIPS":null}},
{"type":"Feature","id":20836,"geometry":{"type":"Point","coordinates":[-71.863814738164,44.3471012189636]},"properties":{"OBJECTID":20836,"SEGMENTID":9746,"ESITEID":766407,"GEONAMEID":435570,"PD":null,"PT":null,"SN":"OLD COUNTY","ST":"RD","SD":"S","PRIMARYNAME":"OLD COUNTY RD S","ALIAS1":null,"ALIAS2":null,"ALIAS3":null,"ALIAS4":null,"ALIAS5":null,"PRIMARYADDRESS":"5385 OLD COUNTY RD S","SITETYPE":"SINGLE FAMILY DWELLING","TOWNNAME":"WATERFORD","MCODE":721,"ESN":300,"ZIP":"05819","PARCELNUM":"754.7","GPSX":-71.86381555,"GPSY":44.34710128,"MAPYEAR":"Wed, 26 Apr 2023 23:08:06 GMT","UPDATEDATE":"Fri, 18 Apr 2025 09:29:27 GMT","STATE":"VT","FIPS8":5005,"SPAN":"699-222-11007","SUBTYPE":null,"GlobalID_1":"8c45e3e8-29b1-4200-ab58-7c92333480b1","UNITCOUNT":1,"PRIMARYADD1":"5385 OLD COUNTY RD S WATERFORD","PRIMARYADD2":"5385 OLD COUNTY RD S WATERFORD VT 05819","SITETYPE_MULTI1":null,"SITETYPE_MULTI2":null,"SITETYPE_MULTI3":null,"SITETYPE_MULTI4":null,"SITETYPE_MULTI5":null,"COUNTY":"CALEDONIA","COUNTRY":"US","SOURCEOFDATA":"Vermont Enhanced 911 Board","DRIVEWAYID":null,"ESZ":"00300","HOUSE_NUMBER":5385,"HOUSE_NUMBERSUFFIX":null,"HOUSE_NUMBERPREFIX":null,"FIPS":null}},
{"type":"Feature","id":210202,"geometry":{"type":"Point","coordinates":[-71.932703278771,44.3466787027634]},"properties":{"OBJECTID":210202,"SEGMENTID":24886,"ESITEID":766982,"GEONAMEID":22346,"PD":"","PT":"","SN":"LOWER WATERFORD","ST":"RD","SD":"","PRIMARYNAME":"LOWER WATERFORD RD","ALIAS1":null,"ALIAS2":null,"ALIAS3":null,"ALIAS4":null,"ALIAS5":null,"PRIMARYADDRESS":"1484 LOWER WATERFORD RD","SITETYPE":"SINGLE FAMILY DWELLING","TOWNNAME":"WATERFORD","MCODE":721,"ESN":300,"ZIP":"05819","PARCELNUM":"307.2","GPSX":-71.93270227,"GPSY":44.34666969,"MAPYEAR":"Wed, 14 Jun 2023 21:18:56 GMT","UPDATEDATE":"Wed, 11 Jun 2025 11:27:27 GMT","STATE":"VT","FIPS8":5005,"SPAN":"699-222-10921","SUBTYPE":null,"GlobalID_1":"43b6c9d6-54b0-4d2f-8826-cb9a2658342e","UNITCOUNT":1,"PRIMARYADD1":"1484 LOWER WATERFORD RD WATERFORD","PRIMARYADD2":"1484 LOWER WATERFORD RD WATERFORD VT 05819","SITETYPE_MULTI1":null,"SITETYPE_MULTI2":null,"SITETYPE_MULTI3":null,"SITETYPE_MULTI4":null,"SITETYPE_MULTI5":null,"COUNTY":"CALEDONIA","COUNTRY":"US","SOURCEOFDATA":"Vermont Enhanced 911 Board","DRIVEWAYID":null,"ESZ":"00300","HOUSE_NUMBER":1484,"HOUSE_NUMBERSUFFIX":null,"HOUSE_NUMBERPREFIX":"","FIPS":null}},
{"type":"Feature","id":292325,"geometry":{"type":"Point","coordinates":[-71.8759905202179,44.3595272438523]},"properties":{"OBJECTID":292325,"SEGMENTID":36883,"ESITEID":767133,"GEONAMEID":22319,"PD":"","PT":"","SN":"SHADOW LAKE","ST":"RD","SD":"","PRIMARYNAME":"SHADOW LAKE RD","ALIAS1":null,"ALIAS2":null,"ALIAS3":null,"ALIAS4":null,"ALIAS5":null,"PRIMARYADDRESS":"1197 SHADOW LAKE RD","SITETYPE":"SINGLE FAMILY DWELLING","TOWNNAME":"WATERFORD","MCODE":721,"ESN":300,"ZIP":"05819","PARCELNUM":"572.3","GPSX":-71.87599133,"GPSY":44.35952731,"MAPYEAR":"Fri, 07 Jul 2023 12:07:25 GMT","UPDATEDATE":"Fri, 18 Apr 2025 09:35:49 GMT","STATE":"VT","FIPS8":5005,"SPAN":"699-222-10987","SUBTYPE":null,"GlobalID_1":"6c9464fd-4d3b-442f-903f-c86ef0828d9f","UNITCOUNT":1,"PRIMARYADD1":"1197 SHADOW LAKE RD WATERFORD","PRIMARYADD2":"1197 SHADOW LAKE RD WATERFORD VT 05819","SITETYPE_MULTI1":null,"SITETYPE_MULTI2":null,"SITETYPE_MULTI3":null,"SITETYPE_MULTI4":null,"SITETYPE_MULTI5":null,"COUNTY":"CALEDONIA","COUNTRY":"US","SOURCEOFDATA":"Vermont Enhanced 911 Board","DRIVEWAYID":null,"ESZ":"00300","HOUSE_NUMBER":1197,"HOUSE_NUMBERSUFFIX":null,"HOUSE_NUMBERPREFIX":"","FIPS":null}},
{"type":"Feature","id":6806,"geometry":{"type":"Point","coordinates":[-71.9075162678604,44.3541404258593]},"properties":{"OBJECTID":6806,"SEGMENTID":39592,"ESITEID":767134,"GEONAMEID":22315,"PD":"","PT":"","SN":"MAPLE","ST":"ST","SD":"","PRIMARYNAME":"MAPLE ST","ALIAS1":null,"ALIAS2":null,"ALIAS3":null,"ALIAS4":null,"ALIAS5":null,"PRIMARYADDRESS":"560 MAPLE ST","SITETYPE":"COMMUNICATION BOX","TOWNNAME":"WATERFORD","MCODE":721,"ESN":300,"ZIP":"05819","PARCELNUM":"674","GPSX":-71.90751527,"GPSY":44.35413141,"MAPYEAR":"Fri, 07 Jul 2023 12:09:35 GMT","UPDATEDATE":"Fri, 18 Apr 2025 09:16:03 GMT","STATE":"VT","FIPS8":5005,"SPAN":"699-222-10511","SUBTYPE":null,"GlobalID_1":"1bdae583-48dc-4ec8-ad35-0ba1e95ed27f","UNITCOUNT":1,"PRIMARYADD1":"560 MAPLE ST WATERFORD","PRIMARYADD2":"560 MAPLE ST WATERFORD VT 05819","SITETYPE_MULTI1":null,"SITETYPE_MULTI2":null,"SITETYPE_MULTI3":null,"SITETYPE_MULTI4":null,"SITETYPE_MULTI5":null,"COUNTY":"CALEDONIA","COUNTRY":"US","SOURCEOFDATA":"Vermont Enhanced 911 Board","DRIVEWAYID":null,"ESZ":"00300","HOUSE_NUMBER":560,"HOUSE_NUMBERSUFFIX":null,"HOUSE_NUMBERPREFIX":"","FIPS":null}},
{"type":"Feature","id":12379,"geometry":{"type":"Point","coordinates":[-71.8708286589391,44.3669364986916]},"properties":{"OBJECTID":12379,"SEGMENTID":51760,"ESITEID":767165,"GEONAMEID":27969,"PD":"","PT":"","SN":"MAJESTIC VIEW","ST":"DR","SD":"","PRIMARYNAME":"MAJESTIC VIEW DR","ALIAS1":null,"ALIAS2":null,"ALIAS3":null,"ALIAS4":null,"ALIAS5":null,"PRIMARYADDRESS":"930 MAJESTIC VIEW DR","SITETYPE":"CAMP","TOWNNAME":"WATERFORD","MCODE":721,"ESN":300,"ZIP":"05819","PARCELNUM":"953.","GPSX":-71.8708298,"GPSY":44.36692922,"MAPYEAR":"Tue, 11 Jul 2023 11:17:02 GMT","UPDATEDATE":"Fri, 18 Apr 2025 09:33:05 GMT","STATE":"VT","FIPS8":5005,"SPAN":"699-222-10649","SUBTYPE":null,"GlobalID_1":"68bbc909-e112-4b76-96d2-e243f711ec99","UNITCOUNT":1,"PRIMARYADD1":"930 MAJESTIC VIEW DR WATERFORD","PRIMARYADD2":"930 MAJESTIC VIEW DR WATERFORD VT 05819","SITETYPE_MULTI1":null,"SITETYPE_MULTI2":null,"SITETYPE_MULTI3":null,"SITETYPE_MULTI4":null,"SITETYPE_MULTI5":null,"COUNTY":"CALEDONIA","COUNTRY":"US","SOURCEOFDATA":"Vermont Enhanced 911 Board","DRIVEWAYID":null,"ESZ":"00300","HOUSE_NUMBER":930,"HOUSE_NUMBERSUFFIX":null,"HOUSE_NUMBERPREFIX":"","FIPS":null}},
{"type":"Feature","id":99964,"geometry":{"type":"Point","coordinates":[-71.9402078741405,44.4304273208563]},"properties":{"OBJECTID":99964,"SEGMENTID":86010,"ESITEID":767166,"GEONAMEID":409260,"PD":"","PT":"","SN":"WATERFORD HOLLOW","ST":"LN","SD":"","PRIMARYNAME":"WATERFORD HOLLOW LN","ALIAS1":null,"ALIAS2":null,"ALIAS3":null,"ALIAS4":null,"ALIAS5":null,"PRIMARYADDRESS":"403 WATERFORD HOLLOW LN","SITETYPE":"SINGLE FAMILY DWELLING","TOWNNAME":"WATERFORD","MCODE":721,"ESN":300,"ZIP":"05819","PARCELNUM":"769","GPSX":-71.94020869,"GPSY":44.43042739,"MAPYEAR":"Tue, 11 Jul 2023 11:17:59 GMT","UPDATEDATE":"Fri, 18 Apr 2025 09:31:39 GMT","STATE":"VT","FIPS8":5005,"SPAN":"699-222-10300","SUBTYPE":null,"GlobalID_1":"6656d8a5-729b-472e-a744-ac63ac0b39c3","UNITCOUNT":1,"PRIMARYADD1":"403 WATERFORD HOLLOW LN WATERFORD","PRIMARYADD2":"403 WATERFORD HOLLOW LN WATERFORD VT 05819","SITETYPE_MULTI1":null,"SITETYPE_MULTI2":null,"SITETYPE_MULTI3":null,"SITETYPE_MULTI4":null,"SITETYPE_MULTI5":null,"COUNTY":"CALEDONIA","COUNTRY":"US","SOURCEOFDATA":"Vermont Enhanced 911 Board","DRIVEWAYID":null,"ESZ":"00300","HOUSE_NUMBER":403,"HOUSE_NUMBERSUFFIX":null,"HOUSE_NUMBERPREFIX":"","FIPS":null}},
{"type":"Feature","id":343993,"geometry":{"type":"Point","coordinates":[-71.8816360683444,44.367212114095]},"properties":{"OBJECTID":343993,"SEGMENTID":21063,"ESITEID":767167,"GEONAMEID":22317,"PD":"","PT":"","SN":"HIGH RIDGE","ST":"RD","SD":"","PRIMARYNAME":"HIGH RIDGE RD","ALIAS1":null,"ALIAS2":null,"ALIAS3":null,"ALIAS4":null,"ALIAS5":null,"PRIMARYADDRESS":"732 HIGH RIDGE RD","SITETYPE":"SINGLE FAMILY DWELLING","TOWNNAME":"WATERFORD","MCODE":721,"ESN":300,"ZIP":"05819","PARCELNUM":"752.11","GPSX":-71.8816372,"GPSY":44.36720484,"MAPYEAR":"Tue, 11 Jul 2023 11:53:08 GMT","UPDATEDATE":"Wed, 11 Jun 2025 11:46:33 GMT","STATE":"VT","FIPS8":5005,"SPAN":"699-222-10950","SUBTYPE":null,"GlobalID_1":"a9308da5-27af-41d7-98b8-7e941bad7ab5","UNITCOUNT":1,"PRIMARYADD1":"732 HIGH RIDGE RD WATERFORD","PRIMARYADD2":"732 HIGH RIDGE RD WATERFORD VT 05819","SITETYPE_MULTI1":null,"SITETYPE_MULTI2":null,"SITETYPE_MULTI3":null,"SITETYPE_MULTI4":null,"SITETYPE_MULTI5":null,"COUNTY":"CALEDONIA","COUNTRY":"US","SOURCEOFDATA":"Vermont Enhanced 911 Board","DRIVEWAYID":null,"ESZ":"00300","HOUSE_NUMBER":732,"HOUSE_NUMBERSUFFIX":null,"HOUSE_NUMBERPREFIX":"","FIPS":null}},
{"type":"Feature","id":127845,"geometry":{"type":"Point","coordinates":[-71.8831195510142,44.363459400655]},"properties":{"OBJECTID":127845,"SEGMENTID":35906,"ESITEID":767448,"GEONAMEID":22317,"PD":"","PT":"","SN":"HIGH RIDGE","ST":"RD","SD":"","PRIMARYNAME":"HIGH RIDGE RD","ALIAS1":null,"ALIAS2":null,"ALIAS3":null,"ALIAS4":null,"ALIAS5":null,"PRIMARYADDRESS":"470 HIGH RIDGE RD","SITETYPE":"SINGLE FAMILY DWELLING","TOWNNAME":"WATERFORD","MCODE":721,"ESN":300,"ZIP":"05819","PARCELNUM":"417.1","GPSX":-71.88312068,"GPSY":44.36345212,"MAPYEAR":"Fri, 25 Aug 2023 13:23:57 GMT","UPDATEDATE":"Fri, 18 Apr 2025 09:30:39 GMT","STATE":"VT","FIPS8":5005,"SPAN":"699-222-10876","SUBTYPE":null,"GlobalID_1":"51145d77-d18e-4091-a986-1fa52260d3f2","UNITCOUNT":1,"PRIMARYADD1":"470 HIGH RIDGE RD WATERFORD","PRIMARYADD2":"470 HIGH RIDGE RD WATERFORD VT 05819","SITETYPE_MULTI1":null,"SITETYPE_MULTI2":null,"SITETYPE_MULTI3":null,"SITETYPE_MULTI4":null,"SITETYPE_MULTI5":null,"COUNTY":"CALEDONIA","COUNTRY":"US","SOURCEOFDATA":"Vermont Enhanced 911 Board","DRIVEWAYID":null,"ESZ":"00300","HOUSE_NUMBER":470,"HOUSE_NUMBERSUFFIX":null,"HOUSE_NUMBERPREFIX":"","FIPS":null}},
{"type":"Feature","id":90284,"geometry":{"type":"Point","coordinates":[-71.9275481572868,44.4000999074629]},"properties":{"OBJECTID":90284,"SEGMENTID":87644,"ESITEID":767449,"GEONAMEID":412640,"PD":"","PT":"","SN":"FENOFF HEIGHTS","ST":"LN","SD":"","PRIMARYNAME":"FENOFF HEIGHTS LN","ALIAS1":null,"ALIAS2":null,"ALIAS3":null,"ALIAS4":null,"ALIAS5":null,"PRIMARYADDRESS":"14 FENOFF HEIGHTS LN","SITETYPE":"OTHER COMMERCIAL","TOWNNAME":"WATERFORD","MCODE":721,"ESN":300,"ZIP":"05819","PARCELNUM":"317.7","GPSX":-71.92754715,"GPSY":44.40009089,"MAPYEAR":"Fri, 25 Aug 2023 13:32:46 GMT","UPDATEDATE":"Fri, 18 Apr 2025 09:13:03 GMT","STATE":"VT","FIPS8":5005,"SPAN":"699-222-10994","SUBTYPE":null,"GlobalID_1":"f40686b4-473a-40e3-ae2b-b2dac953dd56","UNITCOUNT":1,"PRIMARYADD1":"14 FENOFF HEIGHTS LN WATERFORD","PRIMARYADD2":"14 FENOFF HEIGHTS LN WATERFORD VT 05819","SITETYPE_MULTI1":null,"SITETYPE_MULTI2":null,"SITETYPE_MULTI3":null,"SITETYPE_MULTI4":null,"SITETYPE_MULTI5":null,"COUNTY":"CALEDONIA","COUNTRY":"US","SOURCEOFDATA":"Vermont Enhanced 911 Board","DRIVEWAYID":null,"ESZ":"00300","HOUSE_NUMBER":14,"HOUSE_NUMBERSUFFIX":null,"HOUSE_NUMBERPREFIX":"","FIPS":null}},
{"type":"Feature","id":260253,"geometry":{"type":"Point","coordinates":[-71.927849377783,44.3671280541929]},"properties":{"OBJECTID":260253,"SEGMENTID":21060,"ESITEID":767638,"GEONAMEID":22328,"PD":"","PT":"","SN":"HURLBUT HILL","ST":"LN","SD":"","PRIMARYNAME":"HURLBUT HILL LN","ALIAS1":null,"ALIAS2":null,"ALIAS3":null,"ALIAS4":null,"ALIAS5":null,"PRIMARYADDRESS":"1445 HURLBUT HILL LN","SITETYPE":"CAMP","TOWNNAME":"WATERFORD","MCODE":721,"ESN":300,"ZIP":"05819","PARCELNUM":"663","GPSX":-71.9278505,"GPSY":44.36712078,"MAPYEAR":"Thu, 14 Sep 2023 10:55:13 GMT","UPDATEDATE":"Fri, 18 Apr 2025 09:36:02 GMT","STATE":"VT","FIPS8":5005,"SPAN":"699-222-10497","SUBTYPE":null,"GlobalID_1":"b226a4fb-3f8b-4e46-aa8e-404832defdad","UNITCOUNT":1,"PRIMARYADD1":"1445 HURLBUT HILL LN WATERFORD","PRIMARYADD2":"1445 HURLBUT HILL LN WATERFORD VT 05819","SITETYPE_MULTI1":null,"SITETYPE_MULTI2":null,"SITETYPE_MULTI3":null,"SITETYPE_MULTI4":null,"SITETYPE_MULTI5":null,"COUNTY":"CALEDONIA","COUNTRY":"US","SOURCEOFDATA":"Vermont Enhanced 911 Board","DRIVEWAYID":null,"ESZ":"00300","HOUSE_NUMBER":1445,"HOUSE_NUMBERSUFFIX":null,"HOUSE_NUMBERPREFIX":"","FIPS":null}},
{"type":"Feature","id":287769,"geometry":{"type":"Point","coordinates":[-71.9290423314051,44.368263412573]},"properties":{"OBJECTID":287769,"SEGMENTID":21060,"ESITEID":767639,"GEONAMEID":22328,"PD":"","PT":"","SN":"HURLBUT HILL","ST":"LN","SD":"","PRIMARYNAME":"HURLBUT HILL LN","ALIAS1":null,"ALIAS2":null,"ALIAS3":null,"ALIAS4":null,"ALIAS5":null,"PRIMARYADDRESS":"1470 HURLBUT HILL LN","SITETYPE":"CAMP","TOWNNAME":"WATERFORD","MCODE":721,"ESN":300,"ZIP":"05819","PARCELNUM":"728","GPSX":-71.92904345,"GPSY":44.36825614,"MAPYEAR":"Thu, 14 Sep 2023 10:55:26 GMT","UPDATEDATE":"Fri, 18 Apr 2025 09:33:32 GMT","STATE":"VT","FIPS8":5005,"SPAN":"699-222-10574","SUBTYPE":null,"GlobalID_1":"fe12eb04-9309-48b0-a32e-370e56d7ea16","UNITCOUNT":1,"PRIMARYADD1":"1470 HURLBUT HILL LN WATERFORD","PRIMARYADD2":"1470 HURLBUT HILL LN WATERFORD VT 05819","SITETYPE_MULTI1":null,"SITETYPE_MULTI2":null,"SITETYPE_MULTI3":null,"SITETYPE_MULTI4":null,"SITETYPE_MULTI5":null,"COUNTY":"CALEDONIA","COUNTRY":"US","SOURCEOFDATA":"Vermont Enhanced 911 Board","DRIVEWAYID":null,"ESZ":"00300","HOUSE_NUMBER":1470,"HOUSE_NUMBERSUFFIX":null,"HOUSE_NUMBERPREFIX":"","FIPS":null}},
{"type":"Feature","id":150987,"geometry":{"type":"Point","coordinates":[-71.9373278847029,44.4358159803864]},"properties":{"OBJECTID":150987,"SEGMENTID":86013,"ESITEID":767646,"GEONAMEID":22304,"PD":"E","PT":"","SN":"VILLAGE","ST":"RD","SD":"","PRIMARYNAME":"E VILLAGE RD","ALIAS1":null,"ALIAS2":null,"ALIAS3":null,"ALIAS4":null,"ALIAS5":null,"PRIMARYADDRESS":"0 E VILLAGE RD","SITETYPE":"SOLAR FACILITY","TOWNNAME":"WATERFORD","MCODE":721,"ESN":300,"ZIP":"05819","PARCELNUM":"468","GPSX":-71.937329,"GPSY":44.43580869,"MAPYEAR":"Thu, 14 Sep 2023 13:30:33 GMT","UPDATEDATE":"Fri, 18 Apr 2025 09:30:46 GMT","STATE":"VT","FIPS8":5005,"SPAN":"699-222-10157","SUBTYPE":null,"GlobalID_1":"02661b26-e285-42af-90e2-e7a949bf4396","UNITCOUNT":1,"PRIMARYADD1":"0 E VILLAGE RD WATERFORD","PRIMARYADD2":"0 E VILLAGE RD WATERFORD VT 05819","SITETYPE_MULTI1":null,"SITETYPE_MULTI2":null,"SITETYPE_MULTI3":null,"SITETYPE_MULTI4":null,"SITETYPE_MULTI5":null,"COUNTY":"CALEDONIA","COUNTRY":"US","SOURCEOFDATA":"Vermont Enhanced 911 Board","DRIVEWAYID":null,"ESZ":"00300","HOUSE_NUMBER":0,"HOUSE_NUMBERSUFFIX":null,"HOUSE_NUMBERPREFIX":"","FIPS":null}},
{"type":"Feature","id":187935,"geometry":{"type":"Point","coordinates":[-71.9357582057523,44.4273427140201]},"properties":{"OBJECTID":187935,"SEGMENTID":9747,"ESITEID":767647,"GEONAMEID":22305,"PD":"","PT":"","SN":"WALSH","ST":"RD","SD":"","PRIMARYNAME":"WALSH RD","ALIAS1":null,"ALIAS2":null,"ALIAS3":null,"ALIAS4":null,"ALIAS5":null,"PRIMARYADDRESS":"0 WALSH RD","SITETYPE":"ACCESSORY BUILDING","TOWNNAME":"WATERFORD","MCODE":721,"ESN":300,"ZIP":"05819","PARCELNUM":"977","GPSX":-71.93575932,"GPSY":44.42733543,"MAPYEAR":"Thu, 14 Sep 2023 13:32:45 GMT","UPDATEDATE":"Fri, 18 Apr 2025 09:38:04 GMT","STATE":"VT","FIPS8":5005,"SPAN":"699-222-10347","SUBTYPE":null,"GlobalID_1":"0393fbd6-2562-4966-a475-bef94112270a","UNITCOUNT":1,"PRIMARYADD1":"0 WALSH RD WATERFORD","PRIMARYADD2":"0 WALSH RD WATERFORD VT 05819","SITETYPE_MULTI1":null,"SITETYPE_MULTI2":null,"SITETYPE_MULTI3":null,"SITETYPE_MULTI4":null,"SITETYPE_MULTI5":null,"COUNTY":"CALEDONIA","COUNTRY":"US","SOURCEOFDATA":"Vermont Enhanced 911 Board","DRIVEWAYID":null,"ESZ":"00300","HOUSE_NUMBER":0,"HOUSE_NUMBERSUFFIX":null,"HOUSE_NUMBERPREFIX":"","FIPS":null}},
{"type":"Feature","id":211954,"geometry":{"type":"Point","coordinates":[-71.9376602131033,44.4351741162217]},"properties":{"OBJECTID":211954,"SEGMENTID":86013,"ESITEID":767648,"GEONAMEID":22304,"PD":"E","PT":"","SN":"VILLAGE","ST":"RD","SD":"","PRIMARYNAME":"E VILLAGE RD","ALIAS1":null,"ALIAS2":null,"ALIAS3":null,"ALIAS4":null,"ALIAS5":null,"PRIMARYADDRESS":"0 E VILLAGE RD","SITETYPE":"ACCESSORY BUILDING","TOWNNAME":"WATERFORD","MCODE":721,"ESN":300,"ZIP":"05819","PARCELNUM":"468","GPSX":-71.93766133,"GPSY":44.43516683,"MAPYEAR":"Thu, 14 Sep 2023 13:33:36 GMT","UPDATEDATE":"Fri, 18 Apr 2025 09:37:32 GMT","STATE":"VT","FIPS8":5005,"SPAN":"699-222-10157","SUBTYPE":null,"GlobalID_1":"f83b26a3-0abe-48ee-b99d-a8348c96428f","UNITCOUNT":1,"PRIMARYADD1":"0 E VILLAGE RD WATERFORD","PRIMARYADD2":"0 E VILLAGE RD WATERFORD VT 05819","SITETYPE_MULTI1":null,"SITETYPE_MULTI2":null,"SITETYPE_MULTI3":null,"SITETYPE_MULTI4":null,"SITETYPE_MULTI5":null,"COUNTY":"CALEDONIA","COUNTRY":"US","SOURCEOFDATA":"Vermont Enhanced 911 Board","DRIVEWAYID":null,"ESZ":"00300","HOUSE_NUMBER":0,"HOUSE_NUMBERSUFFIX":null,"HOUSE_NUMBERPREFIX":"","FIPS":null}},
{"type":"Feature","id":330635,"geometry":{"type":"Point","coordinates":[-71.9298209485671,44.3416805943685]},"properties":{"OBJECTID":330635,"SEGMENTID":24886,"ESITEID":767774,"GEONAMEID":22346,"PD":"","PT":"","SN":"LOWER WATERFORD","ST":"RD","SD":"","PRIMARYNAME":"LOWER WATERFORD RD","ALIAS1":null,"ALIAS2":null,"ALIAS3":null,"ALIAS4":null,"ALIAS5":null,"PRIMARYADDRESS":"1513 LOWER WATERFORD RD","SITETYPE":"SOLAR FACILITY","TOWNNAME":"WATERFORD","MCODE":721,"ESN":300,"ZIP":"05819","PARCELNUM":"309","GPSX":-71.92982207,"GPSY":44.34167332,"MAPYEAR":"Mon, 25 Sep 2023 22:06:46 GMT","UPDATEDATE":"Fri, 18 Apr 2025 09:28:13 GMT","STATE":"VT","FIPS8":5005,"SPAN":"699-222-10110","SUBTYPE":null,"GlobalID_1":"ea64e6d4-f139-439e-b8e1-47be8ff38278","UNITCOUNT":1,"PRIMARYADD1":"1513 LOWER WATERFORD RD WATERFORD","PRIMARYADD2":"1513 LOWER WATERFORD RD WATERFORD VT 05819","SITETYPE_MULTI1":null,"SITETYPE_MULTI2":null,"SITETYPE_MULTI3":null,"SITETYPE_MULTI4":null,"SITETYPE_MULTI5":null,"COUNTY":"CALEDONIA","COUNTRY":"US","SOURCEOFDATA":"Vermont Enhanced 911 Board","DRIVEWAYID":null,"ESZ":"00300","HOUSE_NUMBER":1513,"HOUSE_NUMBERSUFFIX":null,"HOUSE_NUMBERPREFIX":"","FIPS":null}},
{"type":"Feature","id":85913,"geometry":{"type":"Point","coordinates":[-71.9623233885067,44.3959754763059]},"properties":{"OBJECTID":85913,"SEGMENTID":28582,"ESITEID":769428,"GEONAMEID":22335,"PD":"","PT":"","SN":"DANIELS FARM","ST":"RD","SD":"","PRIMARYNAME":"DANIELS FARM RD","ALIAS1":null,"ALIAS2":null,"ALIAS3":null,"ALIAS4":null,"ALIAS5":null,"PRIMARYADDRESS":"992 DANIELS FARM RD","SITETYPE":"DEVELOPMENT SITE","TOWNNAME":"WATERFORD","MCODE":721,"ESN":300,"ZIP":"05819","PARCELNUM":null,"GPSX":-71.96232237,"GPSY":44.39596646,"MAPYEAR":"Fri, 03 May 2024 09:59:47 GMT","UPDATEDATE":"Wed, 11 Jun 2025 12:11:39 GMT","STATE":"VT","FIPS8":5005,"SPAN":"699-222-10974","SUBTYPE":null,"GlobalID_1":"648656d1-6027-45b3-a1f0-a9ee14566ae9","UNITCOUNT":1,"PRIMARYADD1":"992 DANIELS FARM RD WATERFORD","PRIMARYADD2":"992 DANIELS FARM RD WATERFORD VT 05819","SITETYPE_MULTI1":null,"SITETYPE_MULTI2":null,"SITETYPE_MULTI3":null,"SITETYPE_MULTI4":null,"SITETYPE_MULTI5":null,"COUNTY":"CALEDONIA","COUNTRY":"US","SOURCEOFDATA":"Vermont Enhanced 911 Board","DRIVEWAYID":null,"ESZ":"00300","HOUSE_NUMBER":992,"HOUSE_NUMBERSUFFIX":null,"HOUSE_NUMBERPREFIX":null,"FIPS":null}},
{"type":"Feature","id":224880,"geometry":{"type":"Point","coordinates":[-71.9878256057575,44.4039021584043]},"properties":{"OBJECTID":224880,"SEGMENTID":21062,"ESITEID":769653,"GEONAMEID":22335,"PD":"","PT":"","SN":"DANIELS FARM","ST":"RD","SD":"","PRIMARYNAME":"DANIELS FARM RD","ALIAS1":null,"ALIAS2":null,"ALIAS3":null,"ALIAS4":null,"ALIAS5":null,"PRIMARYADDRESS":"2860 DANIELS FARM RD","SITETYPE":"OTHER RESIDENTIAL","TOWNNAME":"WATERFORD","MCODE":721,"ESN":300,"ZIP":"05819","PARCELNUM":"381.1","GPSX":-71.98782458,"GPSY":44.40389314,"MAPYEAR":"Tue, 28 May 2024 15:37:06 GMT","UPDATEDATE":"Tue, 28 May 2024 15:37:26 GMT","STATE":"VT","FIPS8":5005,"SPAN":"699-222-10847","SUBTYPE":null,"GlobalID_1":"74989141-fc3f-42a5-8557-be41ed2f119c","UNITCOUNT":1,"PRIMARYADD1":"2860 DANIELS FARM RD WATERFORD","PRIMARYADD2":"2860 DANIELS FARM RD WATERFORD VT 05819","SITETYPE_MULTI1":null,"SITETYPE_MULTI2":null,"SITETYPE_MULTI3":null,"SITETYPE_MULTI4":null,"SITETYPE_MULTI5":null,"COUNTY":"CALEDONIA","COUNTRY":"US","SOURCEOFDATA":"Vermont Enhanced 911 Board","DRIVEWAYID":null,"ESZ":"00300","HOUSE_NUMBER":2860,"HOUSE_NUMBERSUFFIX":null,"HOUSE_NUMBERPREFIX":null,"FIPS":null}},
{"type":"Feature","id":190282,"geometry":{"type":"Point","coordinates":[-71.9324164953377,44.3442110469784]},"properties":{"OBJECTID":190282,"SEGMENTID":24886,"ESITEID":770107,"GEONAMEID":22346,"PD":"","PT":"","SN":"LOWER WATERFORD","ST":"RD","SD":"","PRIMARYNAME":"LOWER WATERFORD RD","ALIAS1":null,"ALIAS2":null,"ALIAS3":null,"ALIAS4":null,"ALIAS5":null,"PRIMARYADDRESS":"1486 LOWER WATERFORD RD","SITETYPE":"SINGLE FAMILY DWELLING","TOWNNAME":"WATERFORD","MCODE":721,"ESN":300,"ZIP":"05819","PARCELNUM":"651","GPSX":-71.93241549,"GPSY":44.34420204,"MAPYEAR":"Fri, 15 Nov 2024 05:50:51 GMT","UPDATEDATE":"Wed, 11 Jun 2025 11:30:04 GMT","STATE":"VT","FIPS8":5005,"SPAN":"699-222-10238","SUBTYPE":null,"GlobalID_1":"af42deeb-91b2-492a-b8ed-1a1a59ccb4b9","UNITCOUNT":1,"PRIMARYADD1":"1486 LOWER WATERFORD RD WATERFORD","PRIMARYADD2":"1486 LOWER WATERFORD RD WATERFORD VT 05819","SITETYPE_MULTI1":null,"SITETYPE_MULTI2":null,"SITETYPE_MULTI3":null,"SITETYPE_MULTI4":null,"SITETYPE_MULTI5":null,"COUNTY":"CALEDONIA","COUNTRY":"US","SOURCEOFDATA":"Vermont Enhanced 911 Board","DRIVEWAYID":null,"ESZ":"00300","HOUSE_NUMBER":1486,"HOUSE_NUMBERSUFFIX":null,"HOUSE_NUMBERPREFIX":null,"FIPS":null}},
{"type":"Feature","id":332211,"geometry":{"type":"Point","coordinates":[-71.8879128643649,44.3498519287195]},"properties":{"OBJECTID":332211,"SEGMENTID":32238,"ESITEID":770108,"GEONAMEID":22319,"PD":"","PT":"","SN":"SHADOW LAKE","ST":"RD","SD":"","PRIMARYNAME":"SHADOW LAKE RD","ALIAS1":null,"ALIAS2":null,"ALIAS3":null,"ALIAS4":null,"ALIAS5":null,"PRIMARYADDRESS":"266 SHADOW LAKE RD","SITETYPE":"SINGLE FAMILY DWELLING","TOWNNAME":"WATERFORD","MCODE":721,"ESN":300,"ZIP":"05819","PARCELNUM":"063.1","GPSX":-71.88791187,"GPSY":44.34984292,"MAPYEAR":"Fri, 15 Nov 2024 05:54:45 GMT","UPDATEDATE":"Wed, 11 Jun 2025 11:42:18 GMT","STATE":"VT","FIPS8":5005,"SPAN":"699-222-10819","SUBTYPE":null,"GlobalID_1":"2348b3da-800c-49c6-b8d0-0b615b80cc31","UNITCOUNT":1,"PRIMARYADD1":"266 SHADOW LAKE RD WATERFORD","PRIMARYADD2":"266 SHADOW LAKE RD WATERFORD VT 05819","SITETYPE_MULTI1":null,"SITETYPE_MULTI2":null,"SITETYPE_MULTI3":null,"SITETYPE_MULTI4":null,"SITETYPE_MULTI5":null,"COUNTY":"CALEDONIA","COUNTRY":"US","SOURCEOFDATA":"Vermont Enhanced 911 Board","DRIVEWAYID":null,"ESZ":"00300","HOUSE_NUMBER":266,"HOUSE_NUMBERSUFFIX":null,"HOUSE_NUMBERPREFIX":null,"FIPS":null}},
{"type":"Feature","id":71610,"geometry":{"type":"Point","coordinates":[-71.9294731161542,44.431842933208]},"properties":{"OBJECTID":71610,"SEGMENTID":5919,"ESITEID":770109,"GEONAMEID":22304,"PD":"E","PT":"","SN":"VILLAGE","ST":"RD","SD":"","PRIMARYNAME":"E VILLAGE RD","ALIAS1":null,"ALIAS2":null,"ALIAS3":null,"ALIAS4":null,"ALIAS5":null,"PRIMARYADDRESS":"756 E VILLAGE RD","SITETYPE":"OTHER RESIDENTIAL","TOWNNAME":"WATERFORD","MCODE":721,"ESN":300,"ZIP":"05819","PARCELNUM":"593","GPSX":-71.92947312,"GPSY":44.43184293,"MAPYEAR":"Fri, 15 Nov 2024 06:06:46 GMT","UPDATEDATE":"Wed, 11 Jun 2025 12:35:43 GMT","STATE":"VT","FIPS8":5005,"SPAN":"699-222-10677","SUBTYPE":null,"GlobalID_1":"140fa338-4382-4491-b669-916a669d22fe","UNITCOUNT":1,"PRIMARYADD1":"756 E VILLAGE RD WATERFORD","PRIMARYADD2":"756 E VILLAGE RD WATERFORD VT 05819","SITETYPE_MULTI1":null,"SITETYPE_MULTI2":null,"SITETYPE_MULTI3":null,"SITETYPE_MULTI4":null,"SITETYPE_MULTI5":null,"COUNTY":"CALEDONIA","COUNTRY":"US","SOURCEOFDATA":"Vermont Enhanced 911 Board","DRIVEWAYID":null,"ESZ":"00300","HOUSE_NUMBER":756,"HOUSE_NUMBERSUFFIX":null,"HOUSE_NUMBERPREFIX":null,"FIPS":null}},
{"type":"Feature","id":207810,"geometry":{"type":"Point","coordinates":[-71.9067454118229,44.3903212394661]},"properties":{"OBJECTID":207810,"SEGMENTID":252318,"ESITEID":770110,"GEONAMEID":22311,"PD":"","PT":"","SN":"OLD COUNTY","ST":"RD","SD":"N","PRIMARYNAME":"OLD COUNTY RD N","ALIAS1":null,"ALIAS2":null,"ALIAS3":null,"ALIAS4":null,"ALIAS5":null,"PRIMARYADDRESS":"1373 OLD COUNTY RD N","SITETYPE":"SINGLE FAMILY DWELLING","TOWNNAME":"WATERFORD","MCODE":721,"ESN":300,"ZIP":"05819","PARCELNUM":"519.1","GPSX":-71.90674541,"GPSY":44.39032124,"MAPYEAR":"Fri, 15 Nov 2024 06:09:34 GMT","UPDATEDATE":"Wed, 11 Jun 2025 12:25:16 GMT","STATE":"VT","FIPS8":5005,"SPAN":"699-222-10354","SUBTYPE":null,"GlobalID_1":"0e2063bc-f3bd-4654-96fe-ac49caed86ae","UNITCOUNT":1,"PRIMARYADD1":"1373 OLD COUNTY RD N WATERFORD","PRIMARYADD2":"1373 OLD COUNTY RD N WATERFORD VT 05819","SITETYPE_MULTI1":null,"SITETYPE_MULTI2":null,"SITETYPE_MULTI3":null,"SITETYPE_MULTI4":null,"SITETYPE_MULTI5":null,"COUNTY":"CALEDONIA","COUNTRY":"US","SOURCEOFDATA":"Vermont Enhanced 911 Board","DRIVEWAYID":null,"ESZ":"00300","HOUSE_NUMBER":1373,"HOUSE_NUMBERSUFFIX":null,"HOUSE_NUMBERPREFIX":null,"FIPS":null}},
{"type":"Feature","id":338765,"geometry":{"type":"Point","coordinates":[-71.9581177657106,44.3826275859708]},"properties":{"OBJECTID":338765,"SEGMENTID":47173,"ESITEID":770647,"GEONAMEID":22326,"PD":"","PT":"","SN":"DUCK POND","ST":"RD","SD":"","PRIMARYNAME":"DUCK POND RD","ALIAS1":null,"ALIAS2":null,"ALIAS3":null,"ALIAS4":null,"ALIAS5":null,"PRIMARYADDRESS":"2392 DUCK POND RD","SITETYPE":"SOLAR FACILITY","TOWNNAME":"WATERFORD","MCODE":721,"ESN":300,"ZIP":"05819","PARCELNUM":"313.1","GPSX":-71.95811675,"GPSY":44.38261857,"MAPYEAR":"Mon, 16 Dec 2024 10:08:04 GMT","UPDATEDATE":"Mon, 16 Dec 2024 10:08:33 GMT","STATE":"VT","FIPS8":5005,"SPAN":"699-222-10967","SUBTYPE":null,"GlobalID_1":"8217979b-37eb-4048-ac40-ac0f10c9c590","UNITCOUNT":1,"PRIMARYADD1":"2392 DUCK POND RD WATERFORD","PRIMARYADD2":"2392 DUCK POND RD WATERFORD VT 05819","SITETYPE_MULTI1":null,"SITETYPE_MULTI2":null,"SITETYPE_MULTI3":null,"SITETYPE_MULTI4":null,"SITETYPE_MULTI5":null,"COUNTY":"CALEDONIA","COUNTRY":"US","SOURCEOFDATA":"Vermont Enhanced 911 Board","DRIVEWAYID":null,"ESZ":"00300","HOUSE_NUMBER":2392,"HOUSE_NUMBERSUFFIX":null,"HOUSE_NUMBERPREFIX":null,"FIPS":null}},
{"type":"Feature","id":17790,"geometry":{"type":"Point","coordinates":[-71.9520867626695,44.3604457919567]},"properties":{"OBJECTID":17790,"SEGMENTID":17354,"ESITEID":770648,"GEONAMEID":22326,"PD":"","PT":"","SN":"DUCK POND","ST":"RD","SD":"","PRIMARYNAME":"DUCK POND RD","ALIAS1":null,"ALIAS2":null,"ALIAS3":null,"ALIAS4":null,"ALIAS5":null,"PRIMARYADDRESS":"4128 DUCK POND RD","SITETYPE":"CEMETERY","TOWNNAME":"WATERFORD","MCODE":721,"ESN":300,"ZIP":"05819","PARCELNUM":"901.3","GPSX":-71.95208575,"GPSY":44.36043678,"MAPYEAR":"Mon, 16 Dec 2024 10:11:08 GMT","UPDATEDATE":"Mon, 16 Dec 2024 10:11:24 GMT","STATE":"VT","FIPS8":5005,"SPAN":"699-222-10927","SUBTYPE":null,"GlobalID_1":"43b0cc47-afde-4370-a119-20709ab1a7ab","UNITCOUNT":1,"PRIMARYADD1":"4128 DUCK POND RD WATERFORD","PRIMARYADD2":"4128 DUCK POND RD WATERFORD VT 05819","SITETYPE_MULTI1":null,"SITETYPE_MULTI2":null,"SITETYPE_MULTI3":null,"SITETYPE_MULTI4":null,"SITETYPE_MULTI5":null,"COUNTY":"CALEDONIA","COUNTRY":"US","SOURCEOFDATA":"Vermont Enhanced 911 Board","DRIVEWAYID":null,"ESZ":"00300","HOUSE_NUMBER":4128,"HOUSE_NUMBERSUFFIX":null,"HOUSE_NUMBERPREFIX":null,"FIPS":null}},
{"type":"Feature","id":208021,"geometry":{"type":"Point","coordinates":[-71.94619896433,44.4224190483048]},"properties":{"OBJECTID":208021,"SEGMENTID":21056,"ESITEID":770877,"GEONAMEID":22321,"PD":"","PT":"","SN":"VT ROUTE 18","ST":"","SD":"","PRIMARYNAME":"VT ROUTE 18","ALIAS1":null,"ALIAS2":null,"ALIAS3":null,"ALIAS4":null,"ALIAS5":null,"PRIMARYADDRESS":"718 VT ROUTE 18","SITETYPE":"WASTEWATER TREATMENT PLANT","TOWNNAME":"WATERFORD","MCODE":721,"ESN":300,"ZIP":"05819","PARCELNUM":"803.1","GPSX":-71.94619795,"GPSY":44.42241002,"MAPYEAR":"Tue, 28 Jan 2025 10:54:01 GMT","UPDATEDATE":"Tue, 28 Jan 2025 10:54:14 GMT","STATE":"VT","FIPS8":5005,"SPAN":"699-222-10666","SUBTYPE":null,"GlobalID_1":"e9a2c89b-b4c7-4bcc-8611-a8f3844e998c","UNITCOUNT":1,"PRIMARYADD1":"718 VT ROUTE 18 WATERFORD","PRIMARYADD2":"718 VT ROUTE 18 WATERFORD VT 05819","SITETYPE_MULTI1":null,"SITETYPE_MULTI2":null,"SITETYPE_MULTI3":null,"SITETYPE_MULTI4":null,"SITETYPE_MULTI5":null,"COUNTY":"CALEDONIA","COUNTRY":"US","SOURCEOFDATA":"Vermont Enhanced 911 Board","DRIVEWAYID":null,"ESZ":"00300","HOUSE_NUMBER":718,"HOUSE_NUMBERSUFFIX":null,"HOUSE_NUMBERPREFIX":null,"FIPS":null}},
{"type":"Feature","id":293836,"geometry":{"type":"Point","coordinates":[-71.9389880590117,44.3856495415739]},"properties":{"OBJECTID":293836,"SEGMENTID":754647,"ESITEID":771297,"GEONAMEID":22331,"PD":"","PT":"","SN":"WOODLAND","ST":"RD","SD":"","PRIMARYNAME":"WOODLAND RD","ALIAS1":null,"ALIAS2":null,"ALIAS3":null,"ALIAS4":null,"ALIAS5":null,"PRIMARYADDRESS":"358 WOODLAND RD","SITETYPE":"OTHER RESIDENTIAL","TOWNNAME":"WATERFORD","MCODE":721,"ESN":300,"ZIP":"05819","PARCELNUM":"759","GPSX":-71.93898705,"GPSY":44.38564052,"MAPYEAR":"Thu, 10 Apr 2025 12:38:11 GMT","UPDATEDATE":"Mon, 09 Jun 2025 19:39:56 GMT","STATE":"VT","FIPS8":5005,"SPAN":"699-222-10601","SUBTYPE":null,"GlobalID_1":"c0232bc0-ba3f-4f0f-a703-d8834fc4315a","UNITCOUNT":1,"PRIMARYADD1":"358 WOODLAND RD WATERFORD","PRIMARYADD2":"358 WOODLAND RD WATERFORD VT 05819","SITETYPE_MULTI1":null,"SITETYPE_MULTI2":null,"SITETYPE_MULTI3":null,"SITETYPE_MULTI4":null,"SITETYPE_MULTI5":null,"COUNTY":"CALEDONIA","COUNTRY":"US","SOURCEOFDATA":"Vermont Enhanced 911 Board","DRIVEWAYID":null,"ESZ":"00300","HOUSE_NUMBER":358,"HOUSE_NUMBERSUFFIX":null,"HOUSE_NUMBERPREFIX":null,"FIPS":null}},
{"type":"Feature","id":140027,"geometry":{"type":"Point","coordinates":[-71.8788313352049,44.3760336685848]},"properties":{"OBJECTID":140027,"SEGMENTID":411153,"ESITEID":771634,"GEONAMEID":22317,"PD":"","PT":"","SN":"HIGH RIDGE","ST":"RD","SD":"","PRIMARYNAME":"HIGH RIDGE RD","ALIAS1":null,"ALIAS2":null,"ALIAS3":null,"ALIAS4":null,"ALIAS5":null,"PRIMARYADDRESS":"0 HIGH RIDGE RD","SITETYPE":"ACCESSORY BARN","TOWNNAME":"WATERFORD","MCODE":721,"ESN":300,"ZIP":"05819","PARCELNUM":null,"GPSX":-71.87883035,"GPSY":44.37602465,"MAPYEAR":"Thu, 29 May 2025 12:35:40 GMT","UPDATEDATE":"Thu, 29 May 2025 12:36:03 GMT","STATE":"VT","FIPS8":5005,"SPAN":null,"SUBTYPE":null,"GlobalID_1":"90e832d6-959a-4920-9327-437660477a55","UNITCOUNT":1,"PRIMARYADD1":"0 HIGH RIDGE RD WATERFORD","PRIMARYADD2":"0 HIGH RIDGE RD WATERFORD VT 05819","SITETYPE_MULTI1":null,"SITETYPE_MULTI2":null,"SITETYPE_MULTI3":null,"SITETYPE_MULTI4":null,"SITETYPE_MULTI5":null,"COUNTY":"CALEDONIA","COUNTRY":"US","SOURCEOFDATA":"Vermont Enhanced 911 Board","DRIVEWAYID":null,"ESZ":"00300","HOUSE_NUMBER":0,"HOUSE_NUMBERSUFFIX":null,"HOUSE_NUMBERPREFIX":null,"FIPS":null}},
{"type":"Feature","id":45553,"geometry":{"type":"Point","coordinates":[-71.8692215547635,44.3612822744234]},"properties":{"OBJECTID":45553,"SEGMENTID":36883,"ESITEID":771635,"GEONAMEID":22319,"PD":"","PT":"","SN":"SHADOW LAKE","ST":"RD","SD":"","PRIMARYNAME":"SHADOW LAKE RD","ALIAS1":null,"ALIAS2":null,"ALIAS3":null,"ALIAS4":null,"ALIAS5":null,"PRIMARYADDRESS":"0 SHADOW LAKE RD","SITETYPE":"SUGARHOUSE","TOWNNAME":"WATERFORD","MCODE":721,"ESN":300,"ZIP":"05819","PARCELNUM":null,"GPSX":-71.86922057,"GPSY":44.36127326,"MAPYEAR":"Thu, 29 May 2025 12:36:35 GMT","UPDATEDATE":"Thu, 29 May 2025 12:36:49 GMT","STATE":"VT","FIPS8":5005,"SPAN":null,"SUBTYPE":null,"GlobalID_1":"61a6c206-3385-4823-97f2-486243b8788c","UNITCOUNT":1,"PRIMARYADD1":"0 SHADOW LAKE RD WATERFORD","PRIMARYADD2":"0 SHADOW LAKE RD WATERFORD VT 05819","SITETYPE_MULTI1":null,"SITETYPE_MULTI2":null,"SITETYPE_MULTI3":null,"SITETYPE_MULTI4":null,"SITETYPE_MULTI5":null,"COUNTY":"CALEDONIA","COUNTRY":"US","SOURCEOFDATA":"Vermont Enhanced 911 Board","DRIVEWAYID":null,"ESZ":"00300","HOUSE_NUMBER":0,"HOUSE_NUMBERSUFFIX":null,"HOUSE_NUMBERPREFIX":null,"FIPS":null}},
{"type":"Feature","id":311976,"geometry":{"type":"Point","coordinates":[-71.9911944393922,44.3705589256488]},"properties":{"OBJECTID":311976,"SEGMENTID":47177,"ESITEID":771636,"GEONAMEID":22342,"PD":"","PT":"","SN":"HALE","ST":"RD","SD":"","PRIMARYNAME":"HALE RD","ALIAS1":null,"ALIAS2":null,"ALIAS3":null,"ALIAS4":null,"ALIAS5":null,"PRIMARYADDRESS":"0 HALE RD","SITETYPE":"ACCESSORY BARN","TOWNNAME":"WATERFORD","MCODE":721,"ESN":300,"ZIP":"05819","PARCELNUM":null,"GPSX":-71.99119341,"GPSY":44.37054991,"MAPYEAR":"Thu, 29 May 2025 13:16:11 GMT","UPDATEDATE":"Thu, 29 May 2025 13:16:28 GMT","STATE":"VT","FIPS8":5005,"SPAN":null,"SUBTYPE":null,"GlobalID_1":"60c4c113-3922-42d7-a7d2-f072910c7e5b","UNITCOUNT":1,"PRIMARYADD1":"0 HALE RD WATERFORD","PRIMARYADD2":"0 HALE RD WATERFORD VT 05819","SITETYPE_MULTI1":null,"SITETYPE_MULTI2":null,"SITETYPE_MULTI3":null,"SITETYPE_MULTI4":null,"SITETYPE_MULTI5":null,"COUNTY":"CALEDONIA","COUNTRY":"US","SOURCEOFDATA":"Vermont Enhanced 911 Board","DRIVEWAYID":null,"ESZ":"00300","HOUSE_NUMBER":0,"HOUSE_NUMBERSUFFIX":null,"HOUSE_NUMBERPREFIX":null,"FIPS":null}},
{"type":"Feature","id":124480,"geometry":{"type":"Point","coordinates":[-71.9940335156048,44.3760828462804]},"properties":{"OBJECTID":124480,"SEGMENTID":47177,"ESITEID":771637,"GEONAMEID":22342,"PD":"","PT":"","SN":"HALE","ST":"RD","SD":"","PRIMARYNAME":"HALE RD","ALIAS1":null,"ALIAS2":null,"ALIAS3":null,"ALIAS4":null,"ALIAS5":null,"PRIMARYADDRESS":"0 HALE RD","SITETYPE":"CAMP","TOWNNAME":"WATERFORD","MCODE":721,"ESN":300,"ZIP":"05819","PARCELNUM":null,"GPSX":-71.99403249,"GPSY":44.37607383,"MAPYEAR":"Thu, 29 May 2025 13:17:21 GMT","UPDATEDATE":"Thu, 29 May 2025 13:17:33 GMT","STATE":"VT","FIPS8":5005,"SPAN":null,"SUBTYPE":null,"GlobalID_1":"7a135c7b-18c7-4558-8060-85fc22713c0e","UNITCOUNT":1,"PRIMARYADD1":"0 HALE RD WATERFORD","PRIMARYADD2":"0 HALE RD WATERFORD VT 05819","SITETYPE_MULTI1":null,"SITETYPE_MULTI2":null,"SITETYPE_MULTI3":null,"SITETYPE_MULTI4":null,"SITETYPE_MULTI5":null,"COUNTY":"CALEDONIA","COUNTRY":"US","SOURCEOFDATA":"Vermont Enhanced 911 Board","DRIVEWAYID":null,"ESZ":"00300","HOUSE_NUMBER":0,"HOUSE_NUMBERSUFFIX":null,"HOUSE_NUMBERPREFIX":null,"FIPS":null}},
{"type":"Feature","id":194835,"geometry":{"type":"Point","coordinates":[-71.8897254738436,44.3825752945888]},"properties":{"OBJECTID":194835,"SEGMENTID":54444,"ESITEID":771638,"GEONAMEID":435570,"PD":"","PT":"","SN":"OLD COUNTY","ST":"RD","SD":"S","PRIMARYNAME":"OLD COUNTY RD S","ALIAS1":null,"ALIAS2":null,"ALIAS3":null,"ALIAS4":null,"ALIAS5":null,"PRIMARYADDRESS":"0 OLD COUNTY RD S","SITETYPE":"CAMP","TOWNNAME":"WATERFORD","MCODE":721,"ESN":300,"ZIP":"05819","PARCELNUM":null,"GPSX":-71.88972448,"GPSY":44.38256628,"MAPYEAR":"Thu, 29 May 2025 13:22:51 GMT","UPDATEDATE":"Thu, 29 May 2025 13:23:20 GMT","STATE":"VT","FIPS8":5005,"SPAN":null,"SUBTYPE":null,"GlobalID_1":"e1d89d50-1022-4046-9743-86238e598821","UNITCOUNT":1,"PRIMARYADD1":"0 OLD COUNTY RD S WATERFORD","PRIMARYADD2":"0 OLD COUNTY RD S WATERFORD VT 05819","SITETYPE_MULTI1":null,"SITETYPE_MULTI2":null,"SITETYPE_MULTI3":null,"SITETYPE_MULTI4":null,"SITETYPE_MULTI5":null,"COUNTY":"CALEDONIA","COUNTRY":"US","SOURCEOFDATA":"Vermont Enhanced 911 Board","DRIVEWAYID":null,"ESZ":"00300","HOUSE_NUMBER":0,"HOUSE_NUMBERSUFFIX":null,"HOUSE_NUMBERPREFIX":null,"FIPS":null}},
{"type":"Feature","id":58897,"geometry":{"type":"Point","coordinates":[-71.9018040201773,44.3857012043021]},"properties":{"OBJECTID":58897,"SEGMENTID":54444,"ESITEID":771639,"GEONAMEID":435570,"PD":"","PT":"","SN":"OLD COUNTY","ST":"RD","SD":"S","PRIMARYNAME":"OLD COUNTY RD S","ALIAS1":null,"ALIAS2":null,"ALIAS3":null,"ALIAS4":null,"ALIAS5":null,"PRIMARYADDRESS":"0 OLD COUNTY RD S","SITETYPE":"DEVELOPMENT SITE","TOWNNAME":"WATERFORD","MCODE":721,"ESN":300,"ZIP":"05819","PARCELNUM":null,"GPSX":-71.90180302,"GPSY":44.38569219,"MAPYEAR":"Thu, 29 May 2025 13:23:46 GMT","UPDATEDATE":"Thu, 29 May 2025 13:24:01 GMT","STATE":"VT","FIPS8":5005,"SPAN":null,"SUBTYPE":null,"GlobalID_1":"eda4af7a-6c5d-46e1-9bf3-d117a7a29c96","UNITCOUNT":1,"PRIMARYADD1":"0 OLD COUNTY RD S WATERFORD","PRIMARYADD2":"0 OLD COUNTY RD S WATERFORD VT 05819","SITETYPE_MULTI1":null,"SITETYPE_MULTI2":null,"SITETYPE_MULTI3":null,"SITETYPE_MULTI4":null,"SITETYPE_MULTI5":null,"COUNTY":"CALEDONIA","COUNTRY":"US","SOURCEOFDATA":"Vermont Enhanced 911 Board","DRIVEWAYID":null,"ESZ":"00300","HOUSE_NUMBER":0,"HOUSE_NUMBERSUFFIX":null,"HOUSE_NUMBERPREFIX":null,"FIPS":null}},
{"type":"Feature","id":149545,"geometry":{"type":"Point","coordinates":[-71.9569076344653,44.3946648188522]},"properties":{"OBJECTID":149545,"SEGMENTID":25836,"ESITEID":771640,"GEONAMEID":22335,"PD":"","PT":"","SN":"DANIELS FARM","ST":"RD","SD":"","PRIMARYNAME":"DANIELS FARM RD","ALIAS1":null,"ALIAS2":null,"ALIAS3":null,"ALIAS4":null,"ALIAS5":null,"PRIMARYADDRESS":"0 DANIELS FARM RD","SITETYPE":"ACCESSORY BUILDING","TOWNNAME":"WATERFORD","MCODE":721,"ESN":300,"ZIP":"05819","PARCELNUM":null,"GPSX":-71.95690662,"GPSY":44.3946558,"MAPYEAR":"Thu, 29 May 2025 13:24:47 GMT","UPDATEDATE":"Tue, 29 Jul 2025 17:08:46 GMT","STATE":"VT","FIPS8":5005,"SPAN":null,"SUBTYPE":null,"GlobalID_1":"96ed1973-c015-4407-82fd-d7c81e27d6cd","UNITCOUNT":1,"PRIMARYADD1":"0 DANIELS FARM RD WATERFORD","PRIMARYADD2":"0 DANIELS FARM RD WATERFORD VT 05819","SITETYPE_MULTI1":null,"SITETYPE_MULTI2":null,"SITETYPE_MULTI3":null,"SITETYPE_MULTI4":null,"SITETYPE_MULTI5":null,"COUNTY":"CALEDONIA","COUNTRY":"US","SOURCEOFDATA":"Vermont Enhanced 911 Board","DRIVEWAYID":null,"ESZ":"00300","HOUSE_NUMBER":0,"HOUSE_NUMBERSUFFIX":null,"HOUSE_NUMBERPREFIX":null,"FIPS":null}},
{"type":"Feature","id":177340,"geometry":{"type":"Point","coordinates":[-71.9594203446597,44.3941124771684]},"properties":{"OBJECTID":177340,"SEGMENTID":28582,"ESITEID":771641,"GEONAMEID":22335,"PD":"","PT":"","SN":"DANIELS FARM","ST":"RD","SD":"","PRIMARYNAME":"DANIELS FARM RD","ALIAS1":null,"ALIAS2":null,"ALIAS3":null,"ALIAS4":null,"ALIAS5":null,"PRIMARYADDRESS":"0 DANIELS FARM RD","SITETYPE":"ACCESSORY BUILDING","TOWNNAME":"WATERFORD","MCODE":721,"ESN":300,"ZIP":"05819","PARCELNUM":null,"GPSX":-71.95941933,"GPSY":44.39410346,"MAPYEAR":"Thu, 29 May 2025 13:24:49 GMT","UPDATEDATE":"Thu, 29 May 2025 13:25:50 GMT","STATE":"VT","FIPS8":5005,"SPAN":null,"SUBTYPE":null,"GlobalID_1":"a7f0128b-bdbd-43cc-9417-5302815553d8","UNITCOUNT":1,"PRIMARYADD1":"0 DANIELS FARM RD WATERFORD","PRIMARYADD2":"0 DANIELS FARM RD WATERFORD VT 05819","SITETYPE_MULTI1":null,"SITETYPE_MULTI2":null,"SITETYPE_MULTI3":null,"SITETYPE_MULTI4":null,"SITETYPE_MULTI5":null,"COUNTY":"CALEDONIA","COUNTRY":"US","SOURCEOFDATA":"Vermont Enhanced 911 Board","DRIVEWAYID":null,"ESZ":"00300","HOUSE_NUMBER":0,"HOUSE_NUMBERSUFFIX":null,"HOUSE_NUMBERPREFIX":null,"FIPS":null}},
{"type":"Feature","id":28383,"geometry":{"type":"Point","coordinates":[-71.9599684258831,44.3933490607672]},"properties":{"OBJECTID":28383,"SEGMENTID":28582,"ESITEID":771642,"GEONAMEID":22335,"PD":"","PT":"","SN":"DANIELS FARM","ST":"RD","SD":"","PRIMARYNAME":"DANIELS FARM RD","ALIAS1":null,"ALIAS2":null,"ALIAS3":null,"ALIAS4":null,"ALIAS5":null,"PRIMARYADDRESS":"0 DANIELS FARM RD","SITETYPE":"ACCESSORY BUILDING","TOWNNAME":"WATERFORD","MCODE":721,"ESN":300,"ZIP":"05819","PARCELNUM":null,"GPSX":-71.95996741,"GPSY":44.39334004,"MAPYEAR":"Thu, 29 May 2025 13:24:53 GMT","UPDATEDATE":"Thu, 29 May 2025 13:25:50 GMT","STATE":"VT","FIPS8":5005,"SPAN":null,"SUBTYPE":null,"GlobalID_1":"8fe166a1-ae93-4157-a3a8-0617580b1510","UNITCOUNT":1,"PRIMARYADD1":"0 DANIELS FARM RD WATERFORD","PRIMARYADD2":"0 DANIELS FARM RD WATERFORD VT 05819","SITETYPE_MULTI1":null,"SITETYPE_MULTI2":null,"SITETYPE_MULTI3":null,"SITETYPE_MULTI4":null,"SITETYPE_MULTI5":null,"COUNTY":"CALEDONIA","COUNTRY":"US","SOURCEOFDATA":"Vermont Enhanced 911 Board","DRIVEWAYID":null,"ESZ":"00300","HOUSE_NUMBER":0,"HOUSE_NUMBERSUFFIX":null,"HOUSE_NUMBERPREFIX":null,"FIPS":null}},
{"type":"Feature","id":342182,"geometry":{"type":"Point","coordinates":[-71.9561283695203,44.3923858151022]},"properties":{"OBJECTID":342182,"SEGMENTID":25836,"ESITEID":771643,"GEONAMEID":22335,"PD":"","PT":"","SN":"DANIELS FARM","ST":"RD","SD":"","PRIMARYNAME":"DANIELS FARM RD","ALIAS1":null,"ALIAS2":null,"ALIAS3":null,"ALIAS4":null,"ALIAS5":null,"PRIMARYADDRESS":"0 DANIELS FARM RD","SITETYPE":"ACCESSORY BUILDING","TOWNNAME":"WATERFORD","MCODE":721,"ESN":300,"ZIP":"05819","PARCELNUM":null,"GPSX":-71.95612735,"GPSY":44.3923768,"MAPYEAR":"Thu, 29 May 2025 13:24:56 GMT","UPDATEDATE":"Thu, 29 May 2025 13:25:50 GMT","STATE":"VT","FIPS8":5005,"SPAN":null,"SUBTYPE":null,"GlobalID_1":"d789f03b-89cb-44f2-bc4f-bf04b2a850fe","UNITCOUNT":1,"PRIMARYADD1":"0 DANIELS FARM RD WATERFORD","PRIMARYADD2":"0 DANIELS FARM RD WATERFORD VT 05819","SITETYPE_MULTI1":null,"SITETYPE_MULTI2":null,"SITETYPE_MULTI3":null,"SITETYPE_MULTI4":null,"SITETYPE_MULTI5":null,"COUNTY":"CALEDONIA","COUNTRY":"US","SOURCEOFDATA":"Vermont Enhanced 911 Board","DRIVEWAYID":null,"ESZ":"00300","HOUSE_NUMBER":0,"HOUSE_NUMBERSUFFIX":null,"HOUSE_NUMBERPREFIX":null,"FIPS":null}},
{"type":"Feature","id":114228,"geometry":{"type":"Point","coordinates":[-71.9597515983627,44.3957396417398]},"properties":{"OBJECTID":114228,"SEGMENTID":28582,"ESITEID":771644,"GEONAMEID":22335,"PD":"","PT":"","SN":"DANIELS FARM","ST":"RD","SD":"","PRIMARYNAME":"DANIELS FARM RD","ALIAS1":null,"ALIAS2":null,"ALIAS3":null,"ALIAS4":null,"ALIAS5":null,"PRIMARYADDRESS":"0 DANIELS FARM RD","SITETYPE":"ACCESSORY BUILDING","TOWNNAME":"WATERFORD","MCODE":721,"ESN":300,"ZIP":"05819","PARCELNUM":null,"GPSX":-71.95975058,"GPSY":44.39573062,"MAPYEAR":"Thu, 29 May 2025 13:24:58 GMT","UPDATEDATE":"Thu, 29 May 2025 13:25:50 GMT","STATE":"VT","FIPS8":5005,"SPAN":null,"SUBTYPE":null,"GlobalID_1":"e97654a4-6316-47d0-a480-ece4232c96da","UNITCOUNT":1,"PRIMARYADD1":"0 DANIELS FARM RD WATERFORD","PRIMARYADD2":"0 DANIELS FARM RD WATERFORD VT 05819","SITETYPE_MULTI1":null,"SITETYPE_MULTI2":null,"SITETYPE_MULTI3":null,"SITETYPE_MULTI4":null,"SITETYPE_MULTI5":null,"COUNTY":"CALEDONIA","COUNTRY":"US","SOURCEOFDATA":"Vermont Enhanced 911 Board","DRIVEWAYID":null,"ESZ":"00300","HOUSE_NUMBER":0,"HOUSE_NUMBERSUFFIX":null,"HOUSE_NUMBERPREFIX":null,"FIPS":null}},
{"type":"Feature","id":299257,"geometry":{"type":"Point","coordinates":[-71.9634135114086,44.3917943328281]},"properties":{"OBJECTID":299257,"SEGMENTID":28582,"ESITEID":771645,"GEONAMEID":22335,"PD":"","PT":"","SN":"DANIELS FARM","ST":"RD","SD":"","PRIMARYNAME":"DANIELS FARM RD","ALIAS1":null,"ALIAS2":null,"ALIAS3":null,"ALIAS4":null,"ALIAS5":null,"PRIMARYADDRESS":"0 DANIELS FARM RD","SITETYPE":"ACCESSORY BUILDING","TOWNNAME":"WATERFORD","MCODE":721,"ESN":300,"ZIP":"05819","PARCELNUM":null,"GPSX":-71.96341249,"GPSY":44.39178531,"MAPYEAR":"Thu, 29 May 2025 13:25:05 GMT","UPDATEDATE":"Thu, 29 May 2025 13:25:50 GMT","STATE":"VT","FIPS8":5005,"SPAN":null,"SUBTYPE":null,"GlobalID_1":"d497ec7e-aeb9-49ac-8be3-c447a9189c09","UNITCOUNT":1,"PRIMARYADD1":"0 DANIELS FARM RD WATERFORD","PRIMARYADD2":"0 DANIELS FARM RD WATERFORD VT 05819","SITETYPE_MULTI1":null,"SITETYPE_MULTI2":null,"SITETYPE_MULTI3":null,"SITETYPE_MULTI4":null,"SITETYPE_MULTI5":null,"COUNTY":"CALEDONIA","COUNTRY":"US","SOURCEOFDATA":"Vermont Enhanced 911 Board","DRIVEWAYID":null,"ESZ":"00300","HOUSE_NUMBER":0,"HOUSE_NUMBERSUFFIX":null,"HOUSE_NUMBERPREFIX":null,"FIPS":null}},
{"type":"Feature","id":39293,"geometry":{"type":"Point","coordinates":[-71.9648761632997,44.3932731667863]},"properties":{"OBJECTID":39293,"SEGMENTID":28582,"ESITEID":771646,"GEONAMEID":22335,"PD":"","PT":"","SN":"DANIELS FARM","ST":"RD","SD":"","PRIMARYNAME":"DANIELS FARM RD","ALIAS1":null,"ALIAS2":null,"ALIAS3":null,"ALIAS4":null,"ALIAS5":null,"PRIMARYADDRESS":"0 DANIELS FARM RD","SITETYPE":"ACCESSORY BUILDING","TOWNNAME":"WATERFORD","MCODE":721,"ESN":300,"ZIP":"05819","PARCELNUM":null,"GPSX":-71.96487515,"GPSY":44.39326415,"MAPYEAR":"Thu, 29 May 2025 13:25:07 GMT","UPDATEDATE":"Thu, 29 May 2025 13:25:50 GMT","STATE":"VT","FIPS8":5005,"SPAN":null,"SUBTYPE":null,"GlobalID_1":"df0f1da5-519b-49ac-8413-30ea2b9ccdaa","UNITCOUNT":1,"PRIMARYADD1":"0 DANIELS FARM RD WATERFORD","PRIMARYADD2":"0 DANIELS FARM RD WATERFORD VT 05819","SITETYPE_MULTI1":null,"SITETYPE_MULTI2":null,"SITETYPE_MULTI3":null,"SITETYPE_MULTI4":null,"SITETYPE_MULTI5":null,"COUNTY":"CALEDONIA","COUNTRY":"US","SOURCEOFDATA":"Vermont Enhanced 911 Board","DRIVEWAYID":null,"ESZ":"00300","HOUSE_NUMBER":0,"HOUSE_NUMBERSUFFIX":null,"HOUSE_NUMBERPREFIX":null,"FIPS":null}},
{"type":"Feature","id":188890,"geometry":{"type":"Point","coordinates":[-71.9616768300451,44.3919065865808]},"properties":{"OBJECTID":188890,"SEGMENTID":28582,"ESITEID":771647,"GEONAMEID":22335,"PD":"","PT":"","SN":"DANIELS FARM","ST":"RD","SD":"","PRIMARYNAME":"DANIELS FARM RD","ALIAS1":null,"ALIAS2":null,"ALIAS3":null,"ALIAS4":null,"ALIAS5":null,"PRIMARYADDRESS":"0 DANIELS FARM RD","SITETYPE":"ACCESSORY BUILDING","TOWNNAME":"WATERFORD","MCODE":721,"ESN":300,"ZIP":"05819","PARCELNUM":null,"GPSX":-71.96167581,"GPSY":44.39189757,"MAPYEAR":"Thu, 29 May 2025 13:25:10 GMT","UPDATEDATE":"Thu, 29 May 2025 13:25:50 GMT","STATE":"VT","FIPS8":5005,"SPAN":null,"SUBTYPE":null,"GlobalID_1":"e7a421e5-0ce4-43c6-ae58-004d17f6e49d","UNITCOUNT":1,"PRIMARYADD1":"0 DANIELS FARM RD WATERFORD","PRIMARYADD2":"0 DANIELS FARM RD WATERFORD VT 05819","SITETYPE_MULTI1":null,"SITETYPE_MULTI2":null,"SITETYPE_MULTI3":null,"SITETYPE_MULTI4":null,"SITETYPE_MULTI5":null,"COUNTY":"CALEDONIA","COUNTRY":"US","SOURCEOFDATA":"Vermont Enhanced 911 Board","DRIVEWAYID":null,"ESZ":"00300","HOUSE_NUMBER":0,"HOUSE_NUMBERSUFFIX":null,"HOUSE_NUMBERPREFIX":null,"FIPS":null}},
{"type":"Feature","id":272740,"geometry":{"type":"Point","coordinates":[-71.9613925565155,44.3919101305378]},"properties":{"OBJECTID":272740,"SEGMENTID":28582,"ESITEID":771648,"GEONAMEID":22335,"PD":"","PT":"","SN":"DANIELS FARM","ST":"RD","SD":"","PRIMARYNAME":"DANIELS FARM RD","ALIAS1":null,"ALIAS2":null,"ALIAS3":null,"ALIAS4":null,"ALIAS5":null,"PRIMARYADDRESS":"0 DANIELS FARM RD","SITETYPE":"ACCESSORY BUILDING","TOWNNAME":"WATERFORD","MCODE":721,"ESN":300,"ZIP":"05819","PARCELNUM":null,"GPSX":-71.96139154,"GPSY":44.39190111,"MAPYEAR":"Thu, 29 May 2025 13:25:12 GMT","UPDATEDATE":"Thu, 29 May 2025 13:25:50 GMT","STATE":"VT","FIPS8":5005,"SPAN":null,"SUBTYPE":null,"GlobalID_1":"2d4d3f65-cbf9-4dc3-8247-f2f6f546bca3","UNITCOUNT":1,"PRIMARYADD1":"0 DANIELS FARM RD WATERFORD","PRIMARYADD2":"0 DANIELS FARM RD WATERFORD VT 05819","SITETYPE_MULTI1":null,"SITETYPE_MULTI2":null,"SITETYPE_MULTI3":null,"SITETYPE_MULTI4":null,"SITETYPE_MULTI5":null,"COUNTY":"CALEDONIA","COUNTRY":"US","SOURCEOFDATA":"Vermont Enhanced 911 Board","DRIVEWAYID":null,"ESZ":"00300","HOUSE_NUMBER":0,"HOUSE_NUMBERSUFFIX":null,"HOUSE_NUMBERPREFIX":null,"FIPS":null}},
{"type":"Feature","id":86610,"geometry":{"type":"Point","coordinates":[-71.9531984587566,44.3935540474092]},"properties":{"OBJECTID":86610,"SEGMENTID":59208,"ESITEID":771649,"GEONAMEID":22335,"PD":"","PT":"","SN":"DANIELS FARM","ST":"RD","SD":"","PRIMARYNAME":"DANIELS FARM RD","ALIAS1":null,"ALIAS2":null,"ALIAS3":null,"ALIAS4":null,"ALIAS5":null,"PRIMARYADDRESS":"0 DANIELS FARM RD","SITETYPE":"ACCESSORY BUILDING","TOWNNAME":"WATERFORD","MCODE":721,"ESN":300,"ZIP":"05819","PARCELNUM":null,"GPSX":-71.95319744,"GPSY":44.39354503,"MAPYEAR":"Thu, 29 May 2025 13:26:46 GMT","UPDATEDATE":"Thu, 29 May 2025 13:27:34 GMT","STATE":"VT","FIPS8":5005,"SPAN":null,"SUBTYPE":null,"GlobalID_1":"e993f069-1c34-4ed0-b166-fee1f20e5b24","UNITCOUNT":1,"PRIMARYADD1":"0 DANIELS FARM RD WATERFORD","PRIMARYADD2":"0 DANIELS FARM RD WATERFORD VT 05819","SITETYPE_MULTI1":null,"SITETYPE_MULTI2":null,"SITETYPE_MULTI3":null,"SITETYPE_MULTI4":null,"SITETYPE_MULTI5":null,"COUNTY":"CALEDONIA","COUNTRY":"US","SOURCEOFDATA":"Vermont Enhanced 911 Board","DRIVEWAYID":null,"ESZ":"00300","HOUSE_NUMBER":0,"HOUSE_NUMBERSUFFIX":null,"HOUSE_NUMBERPREFIX":null,"FIPS":null}},
{"type":"Feature","id":25174,"geometry":{"type":"Point","coordinates":[-71.9530901341211,44.3934533362426]},"properties":{"OBJECTID":25174,"SEGMENTID":59208,"ESITEID":771650,"GEONAMEID":22335,"PD":"","PT":"","SN":"DANIELS FARM","ST":"RD","SD":"","PRIMARYNAME":"DANIELS FARM RD","ALIAS1":null,"ALIAS2":null,"ALIAS3":null,"ALIAS4":null,"ALIAS5":null,"PRIMARYADDRESS":"0 DANIELS FARM RD","SITETYPE":"ACCESSORY BUILDING","TOWNNAME":"WATERFORD","MCODE":721,"ESN":300,"ZIP":"05819","PARCELNUM":null,"GPSX":-71.95308912,"GPSY":44.39344432,"MAPYEAR":"Thu, 29 May 2025 13:26:48 GMT","UPDATEDATE":"Thu, 29 May 2025 13:27:34 GMT","STATE":"VT","FIPS8":5005,"SPAN":null,"SUBTYPE":null,"GlobalID_1":"79693cd7-a152-4b99-8725-9b2d9df2b5ab","UNITCOUNT":1,"PRIMARYADD1":"0 DANIELS FARM RD WATERFORD","PRIMARYADD2":"0 DANIELS FARM RD WATERFORD VT 05819","SITETYPE_MULTI1":null,"SITETYPE_MULTI2":null,"SITETYPE_MULTI3":null,"SITETYPE_MULTI4":null,"SITETYPE_MULTI5":null,"COUNTY":"CALEDONIA","COUNTRY":"US","SOURCEOFDATA":"Vermont Enhanced 911 Board","DRIVEWAYID":null,"ESZ":"00300","HOUSE_NUMBER":0,"HOUSE_NUMBERSUFFIX":null,"HOUSE_NUMBERPREFIX":null,"FIPS":null}},
{"type":"Feature","id":159725,"geometry":{"type":"Point","coordinates":[-71.9535075353342,44.3923487827754]},"properties":{"OBJECTID":159725,"SEGMENTID":59208,"ESITEID":771651,"GEONAMEID":22335,"PD":"","PT":"","SN":"DANIELS FARM","ST":"RD","SD":"","PRIMARYNAME":"DANIELS FARM RD","ALIAS1":null,"ALIAS2":null,"ALIAS3":null,"ALIAS4":null,"ALIAS5":null,"PRIMARYADDRESS":"0 DANIELS FARM RD","SITETYPE":"ACCESSORY BUILDING","TOWNNAME":"WATERFORD","MCODE":721,"ESN":300,"ZIP":"05819","PARCELNUM":null,"GPSX":-71.95350652,"GPSY":44.39233976,"MAPYEAR":"Thu, 29 May 2025 13:26:50 GMT","UPDATEDATE":"Thu, 29 May 2025 13:27:34 GMT","STATE":"VT","FIPS8":5005,"SPAN":null,"SUBTYPE":null,"GlobalID_1":"d91989b0-de96-4b0f-95de-a63e9e6788c3","UNITCOUNT":1,"PRIMARYADD1":"0 DANIELS FARM RD WATERFORD","PRIMARYADD2":"0 DANIELS FARM RD WATERFORD VT 05819","SITETYPE_MULTI1":null,"SITETYPE_MULTI2":null,"SITETYPE_MULTI3":null,"SITETYPE_MULTI4":null,"SITETYPE_MULTI5":null,"COUNTY":"CALEDONIA","COUNTRY":"US","SOURCEOFDATA":"Vermont Enhanced 911 Board","DRIVEWAYID":null,"ESZ":"00300","HOUSE_NUMBER":0,"HOUSE_NUMBERSUFFIX":null,"HOUSE_NUMBERPREFIX":null,"FIPS":null}},
{"type":"Feature","id":172750,"geometry":{"type":"Point","coordinates":[-71.9529564871659,44.3937810754254]},"properties":{"OBJECTID":172750,"SEGMENTID":59208,"ESITEID":771652,"GEONAMEID":22335,"PD":"","PT":"","SN":"DANIELS FARM","ST":"RD","SD":"","PRIMARYNAME":"DANIELS FARM RD","ALIAS1":null,"ALIAS2":null,"ALIAS3":null,"ALIAS4":null,"ALIAS5":null,"PRIMARYADDRESS":"0 DANIELS FARM RD","SITETYPE":"ACCESSORY BARN","TOWNNAME":"WATERFORD","MCODE":721,"ESN":300,"ZIP":"05819","PARCELNUM":null,"GPSX":-71.95295547,"GPSY":44.39377206,"MAPYEAR":"Thu, 29 May 2025 13:26:53 GMT","UPDATEDATE":"Thu, 29 May 2025 13:27:50 GMT","STATE":"VT","FIPS8":5005,"SPAN":null,"SUBTYPE":null,"GlobalID_1":"085c05f9-1600-4160-aec3-5a112900b302","UNITCOUNT":1,"PRIMARYADD1":"0 DANIELS FARM RD WATERFORD","PRIMARYADD2":"0 DANIELS FARM RD WATERFORD VT 05819","SITETYPE_MULTI1":null,"SITETYPE_MULTI2":null,"SITETYPE_MULTI3":null,"SITETYPE_MULTI4":null,"SITETYPE_MULTI5":null,"COUNTY":"CALEDONIA","COUNTRY":"US","SOURCEOFDATA":"Vermont Enhanced 911 Board","DRIVEWAYID":null,"ESZ":"00300","HOUSE_NUMBER":0,"HOUSE_NUMBERSUFFIX":null,"HOUSE_NUMBERPREFIX":null,"FIPS":null}},
{"type":"Feature","id":98740,"geometry":{"type":"Point","coordinates":[-71.9534648764127,44.3937593641129]},"properties":{"OBJECTID":98740,"SEGMENTID":59208,"ESITEID":771653,"GEONAMEID":22335,"PD":"","PT":"","SN":"DANIELS FARM","ST":"RD","SD":"","PRIMARYNAME":"DANIELS FARM RD","ALIAS1":null,"ALIAS2":null,"ALIAS3":null,"ALIAS4":null,"ALIAS5":null,"PRIMARYADDRESS":"0 DANIELS FARM RD","SITETYPE":"SUGARHOUSE","TOWNNAME":"WATERFORD","MCODE":721,"ESN":300,"ZIP":"05819","PARCELNUM":null,"GPSX":-71.95346386,"GPSY":44.39375035,"MAPYEAR":"Thu, 29 May 2025 13:26:57 GMT","UPDATEDATE":"Thu, 29 May 2025 13:27:44 GMT","STATE":"VT","FIPS8":5005,"SPAN":null,"SUBTYPE":null,"GlobalID_1":"981d5eb2-2f77-40c3-a327-6f5d74e0f313","UNITCOUNT":1,"PRIMARYADD1":"0 DANIELS FARM RD WATERFORD","PRIMARYADD2":"0 DANIELS FARM RD WATERFORD VT 05819","SITETYPE_MULTI1":null,"SITETYPE_MULTI2":null,"SITETYPE_MULTI3":null,"SITETYPE_MULTI4":null,"SITETYPE_MULTI5":null,"COUNTY":"CALEDONIA","COUNTRY":"US","SOURCEOFDATA":"Vermont Enhanced 911 Board","DRIVEWAYID":null,"ESZ":"00300","HOUSE_NUMBER":0,"HOUSE_NUMBERSUFFIX":null,"HOUSE_NUMBERPREFIX":null,"FIPS":null}},
{"type":"Feature","id":108637,"geometry":{"type":"Point","coordinates":[-71.9533297831901,44.3945978599973]},"properties":{"OBJECTID":108637,"SEGMENTID":44409,"ESITEID":771654,"GEONAMEID":27968,"PD":"","PT":"","SN":"KNOTTY","ST":"LN","SD":"","PRIMARYNAME":"KNOTTY LN","ALIAS1":null,"ALIAS2":null,"ALIAS3":null,"ALIAS4":null,"ALIAS5":null,"PRIMARYADDRESS":"0 KNOTTY LN","SITETYPE":"ACCESSORY BUILDING","TOWNNAME":"WATERFORD","MCODE":721,"ESN":300,"ZIP":"05819","PARCELNUM":null,"GPSX":-71.95332877,"GPSY":44.39458884,"MAPYEAR":"Thu, 29 May 2025 13:27:03 GMT","UPDATEDATE":"Thu, 29 May 2025 13:27:35 GMT","STATE":"VT","FIPS8":5005,"SPAN":null,"SUBTYPE":null,"GlobalID_1":"f3124f37-635e-4710-9729-22068055b4cd","UNITCOUNT":1,"PRIMARYADD1":"0 KNOTTY LN WATERFORD","PRIMARYADD2":"0 KNOTTY LN WATERFORD VT 05819","SITETYPE_MULTI1":null,"SITETYPE_MULTI2":null,"SITETYPE_MULTI3":null,"SITETYPE_MULTI4":null,"SITETYPE_MULTI5":null,"COUNTY":"CALEDONIA","COUNTRY":"US","SOURCEOFDATA":"Vermont Enhanced 911 Board","DRIVEWAYID":null,"ESZ":"00300","HOUSE_NUMBER":0,"HOUSE_NUMBERSUFFIX":null,"HOUSE_NUMBERPREFIX":null,"FIPS":null}},
{"type":"Feature","id":24873,"geometry":{"type":"Point","coordinates":[-71.9560555778458,44.3949262120018]},"properties":{"OBJECTID":24873,"SEGMENTID":58217,"ESITEID":771655,"GEONAMEID":22310,"PD":"","PT":"","SN":"SLATE LEDGE","ST":"RD","SD":"","PRIMARYNAME":"SLATE LEDGE RD","ALIAS1":null,"ALIAS2":null,"ALIAS3":null,"ALIAS4":null,"ALIAS5":null,"PRIMARYADDRESS":"0 SLATE LEDGE RD","SITETYPE":"ACCESSORY BUILDING","TOWNNAME":"WATERFORD","MCODE":721,"ESN":300,"ZIP":"05819","PARCELNUM":null,"GPSX":-71.95605456,"GPSY":44.39491719,"MAPYEAR":"Thu, 29 May 2025 13:27:06 GMT","UPDATEDATE":"Thu, 29 May 2025 13:27:35 GMT","STATE":"VT","FIPS8":5005,"SPAN":null,"SUBTYPE":null,"GlobalID_1":"57760de3-6f64-42c4-96e8-9099de26c48d","UNITCOUNT":1,"PRIMARYADD1":"0 SLATE LEDGE RD WATERFORD","PRIMARYADD2":"0 SLATE LEDGE RD WATERFORD VT 05819","SITETYPE_MULTI1":null,"SITETYPE_MULTI2":null,"SITETYPE_MULTI3":null,"SITETYPE_MULTI4":null,"SITETYPE_MULTI5":null,"COUNTY":"CALEDONIA","COUNTRY":"US","SOURCEOFDATA":"Vermont Enhanced 911 Board","DRIVEWAYID":null,"ESZ":"00300","HOUSE_NUMBER":0,"HOUSE_NUMBERSUFFIX":null,"HOUSE_NUMBERPREFIX":null,"FIPS":null}},
{"type":"Feature","id":104863,"geometry":{"type":"Point","coordinates":[-71.9583070760733,44.3842189832865]},"properties":{"OBJECTID":104863,"SEGMENTID":58218,"ESITEID":771656,"GEONAMEID":22344,"PD":"","PT":"","SN":"BLODGETT FARM","ST":"RD","SD":"","PRIMARYNAME":"BLODGETT FARM RD","ALIAS1":null,"ALIAS2":null,"ALIAS3":null,"ALIAS4":null,"ALIAS5":null,"PRIMARYADDRESS":"0 BLODGETT FARM RD","SITETYPE":"OTHER RESIDENTIAL","TOWNNAME":"WATERFORD","MCODE":721,"ESN":300,"ZIP":"05819","PARCELNUM":null,"GPSX":-71.95830606,"GPSY":44.38420997,"MAPYEAR":"Thu, 29 May 2025 13:30:20 GMT","UPDATEDATE":"Thu, 29 May 2025 13:30:38 GMT","STATE":"VT","FIPS8":5005,"SPAN":null,"SUBTYPE":null,"GlobalID_1":"55fa3bd7-4ae7-4776-8b71-5758d6d6d4de","UNITCOUNT":1,"PRIMARYADD1":"0 BLODGETT FARM RD WATERFORD","PRIMARYADD2":"0 BLODGETT FARM RD WATERFORD VT 05819","SITETYPE_MULTI1":null,"SITETYPE_MULTI2":null,"SITETYPE_MULTI3":null,"SITETYPE_MULTI4":null,"SITETYPE_MULTI5":null,"COUNTY":"CALEDONIA","COUNTRY":"US","SOURCEOFDATA":"Vermont Enhanced 911 Board","DRIVEWAYID":null,"ESZ":"00300","HOUSE_NUMBER":0,"HOUSE_NUMBERSUFFIX":null,"HOUSE_NUMBERPREFIX":null,"FIPS":null}},
{"type":"Feature","id":113914,"geometry":{"type":"Point","coordinates":[-71.9322248196617,44.3837897496705]},"properties":{"OBJECTID":113914,"SEGMENTID":35905,"ESITEID":771657,"GEONAMEID":22329,"PD":"","PT":"","SN":"REMICK","ST":"RD","SD":"","PRIMARYNAME":"REMICK RD","ALIAS1":null,"ALIAS2":null,"ALIAS3":null,"ALIAS4":null,"ALIAS5":null,"PRIMARYADDRESS":"0 REMICK RD","SITETYPE":"ACCESSORY BARN","TOWNNAME":"WATERFORD","MCODE":721,"ESN":300,"ZIP":"05819","PARCELNUM":null,"GPSX":-71.93222381,"GPSY":44.38378073,"MAPYEAR":"Thu, 29 May 2025 13:35:33 GMT","UPDATEDATE":"Thu, 29 May 2025 13:35:54 GMT","STATE":"VT","FIPS8":5005,"SPAN":null,"SUBTYPE":null,"GlobalID_1":"5b284347-b587-4309-b4de-a952f540fde9","UNITCOUNT":1,"PRIMARYADD1":"0 REMICK RD WATERFORD","PRIMARYADD2":"0 REMICK RD WATERFORD VT 05819","SITETYPE_MULTI1":null,"SITETYPE_MULTI2":null,"SITETYPE_MULTI3":null,"SITETYPE_MULTI4":null,"SITETYPE_MULTI5":null,"COUNTY":"CALEDONIA","COUNTRY":"US","SOURCEOFDATA":"Vermont Enhanced 911 Board","DRIVEWAYID":null,"ESZ":"00300","HOUSE_NUMBER":0,"HOUSE_NUMBERSUFFIX":null,"HOUSE_NUMBERPREFIX":null,"FIPS":null}},
{"type":"Feature","id":85065,"geometry":{"type":"Point","coordinates":[-72.0234467099124,44.3911391279022]},"properties":{"OBJECTID":85065,"SEGMENTID":47170,"ESITEID":771658,"GEONAMEID":22338,"PD":"","PT":"","SN":"US ROUTE 5","ST":"","SD":"","PRIMARYNAME":"US ROUTE 5","ALIAS1":null,"ALIAS2":null,"ALIAS3":null,"ALIAS4":null,"ALIAS5":null,"PRIMARYADDRESS":"0 US ROUTE 5","SITETYPE":"ACCESSORY BUILDING","TOWNNAME":"WATERFORD","MCODE":721,"ESN":300,"ZIP":"05819","PARCELNUM":null,"GPSX":-72.02344567,"GPSY":44.39113011,"MAPYEAR":"Thu, 29 May 2025 13:39:19 GMT","UPDATEDATE":"Thu, 29 May 2025 13:39:54 GMT","STATE":"VT","FIPS8":5005,"SPAN":null,"SUBTYPE":null,"GlobalID_1":"9c64d6ca-8e1d-44e0-a947-7516cceda65a","UNITCOUNT":1,"PRIMARYADD1":"0 US ROUTE 5 WATERFORD","PRIMARYADD2":"0 US ROUTE 5 WATERFORD VT 05819","SITETYPE_MULTI1":null,"SITETYPE_MULTI2":null,"SITETYPE_MULTI3":null,"SITETYPE_MULTI4":null,"SITETYPE_MULTI5":null,"COUNTY":"CALEDONIA","COUNTRY":"US","SOURCEOFDATA":"Vermont Enhanced 911 Board","DRIVEWAYID":null,"ESZ":"00300","HOUSE_NUMBER":0,"HOUSE_NUMBERSUFFIX":null,"HOUSE_NUMBERPREFIX":null,"FIPS":null}},
{"type":"Feature","id":134753,"geometry":{"type":"Point","coordinates":[-72.0201278524773,44.3834750897398]},"properties":{"OBJECTID":134753,"SEGMENTID":32233,"ESITEID":771659,"GEONAMEID":22340,"PD":"","PT":"","SN":"RIVER","ST":"RD","SD":"","PRIMARYNAME":"RIVER RD","ALIAS1":null,"ALIAS2":null,"ALIAS3":null,"ALIAS4":null,"ALIAS5":null,"PRIMARYADDRESS":"0 RIVER RD","SITETYPE":"ACCESSORY BUILDING","TOWNNAME":"WATERFORD","MCODE":721,"ESN":300,"ZIP":"05819","PARCELNUM":null,"GPSX":-72.02012682,"GPSY":44.38346607,"MAPYEAR":"Thu, 29 May 2025 13:41:13 GMT","UPDATEDATE":"Thu, 29 May 2025 13:41:57 GMT","STATE":"VT","FIPS8":5005,"SPAN":null,"SUBTYPE":null,"GlobalID_1":"cfe05a2a-ba69-49b2-a3b1-8a677a90c77b","UNITCOUNT":1,"PRIMARYADD1":"0 RIVER RD WATERFORD","PRIMARYADD2":"0 RIVER RD WATERFORD VT 05819","SITETYPE_MULTI1":null,"SITETYPE_MULTI2":null,"SITETYPE_MULTI3":null,"SITETYPE_MULTI4":null,"SITETYPE_MULTI5":null,"COUNTY":"CALEDONIA","COUNTRY":"US","SOURCEOFDATA":"Vermont Enhanced 911 Board","DRIVEWAYID":null,"ESZ":"00300","HOUSE_NUMBER":0,"HOUSE_NUMBERSUFFIX":null,"HOUSE_NUMBERPREFIX":null,"FIPS":null}},
{"type":"Feature","id":345730,"geometry":{"type":"Point","coordinates":[-72.0201330853671,44.3830179311355]},"properties":{"OBJECTID":345730,"SEGMENTID":32233,"ESITEID":771660,"GEONAMEID":22340,"PD":"","PT":"","SN":"RIVER","ST":"RD","SD":"","PRIMARYNAME":"RIVER RD","ALIAS1":null,"ALIAS2":null,"ALIAS3":null,"ALIAS4":null,"ALIAS5":null,"PRIMARYADDRESS":"0 RIVER RD","SITETYPE":"ACCESSORY BUILDING","TOWNNAME":"WATERFORD","MCODE":721,"ESN":300,"ZIP":"05819","PARCELNUM":null,"GPSX":-72.02013205,"GPSY":44.38300892,"MAPYEAR":"Thu, 29 May 2025 13:41:16 GMT","UPDATEDATE":"Thu, 29 May 2025 13:41:57 GMT","STATE":"VT","FIPS8":5005,"SPAN":null,"SUBTYPE":null,"GlobalID_1":"ed705913-3fd5-4376-b000-a772a20691e6","UNITCOUNT":1,"PRIMARYADD1":"0 RIVER RD WATERFORD","PRIMARYADD2":"0 RIVER RD WATERFORD VT 05819","SITETYPE_MULTI1":null,"SITETYPE_MULTI2":null,"SITETYPE_MULTI3":null,"SITETYPE_MULTI4":null,"SITETYPE_MULTI5":null,"COUNTY":"CALEDONIA","COUNTRY":"US","SOURCEOFDATA":"Vermont Enhanced 911 Board","DRIVEWAYID":null,"ESZ":"00300","HOUSE_NUMBER":0,"HOUSE_NUMBERSUFFIX":null,"HOUSE_NUMBERPREFIX":null,"FIPS":null}},
{"type":"Feature","id":128866,"geometry":{"type":"Point","coordinates":[-72.0207215322193,44.3809211810277]},"properties":{"OBJECTID":128866,"SEGMENTID":32233,"ESITEID":771661,"GEONAMEID":22340,"PD":"","PT":"","SN":"RIVER","ST":"RD","SD":"","PRIMARYNAME":"RIVER RD","ALIAS1":null,"ALIAS2":null,"ALIAS3":null,"ALIAS4":null,"ALIAS5":null,"PRIMARYADDRESS":"0 RIVER RD","SITETYPE":"ACCESSORY BUILDING","TOWNNAME":"WATERFORD","MCODE":721,"ESN":300,"ZIP":"05819","PARCELNUM":null,"GPSX":-72.0207205,"GPSY":44.38091217,"MAPYEAR":"Thu, 29 May 2025 13:41:19 GMT","UPDATEDATE":"Thu, 29 May 2025 13:41:57 GMT","STATE":"VT","FIPS8":5005,"SPAN":null,"SUBTYPE":null,"GlobalID_1":"5be25ff7-1820-4535-9872-6c2b04e9ce65","UNITCOUNT":1,"PRIMARYADD1":"0 RIVER RD WATERFORD","PRIMARYADD2":"0 RIVER RD WATERFORD VT 05819","SITETYPE_MULTI1":null,"SITETYPE_MULTI2":null,"SITETYPE_MULTI3":null,"SITETYPE_MULTI4":null,"SITETYPE_MULTI5":null,"COUNTY":"CALEDONIA","COUNTRY":"US","SOURCEOFDATA":"Vermont Enhanced 911 Board","DRIVEWAYID":null,"ESZ":"00300","HOUSE_NUMBER":0,"HOUSE_NUMBERSUFFIX":null,"HOUSE_NUMBERPREFIX":null,"FIPS":null}},
{"type":"Feature","id":40098,"geometry":{"type":"Point","coordinates":[-71.9522528925892,44.4037156597659]},"properties":{"OBJECTID":40098,"SEGMENTID":252306,"ESITEID":771662,"GEONAMEID":22310,"PD":"","PT":"","SN":"SLATE LEDGE","ST":"RD","SD":"","PRIMARYNAME":"SLATE LEDGE RD","ALIAS1":null,"ALIAS2":null,"ALIAS3":null,"ALIAS4":null,"ALIAS5":null,"PRIMARYADDRESS":"0 SLATE LEDGE RD","SITETYPE":"ACCESSORY BUILDING","TOWNNAME":"WATERFORD","MCODE":721,"ESN":300,"ZIP":"05819","PARCELNUM":null,"GPSX":-71.95225188,"GPSY":44.40370664,"MAPYEAR":"Thu, 29 May 2025 13:44:45 GMT","UPDATEDATE":"Thu, 29 May 2025 13:45:44 GMT","STATE":"VT","FIPS8":5005,"SPAN":null,"SUBTYPE":null,"GlobalID_1":"8dd53ef4-0b48-4b94-b558-52728c664fec","UNITCOUNT":1,"PRIMARYADD1":"0 SLATE LEDGE RD WATERFORD","PRIMARYADD2":"0 SLATE LEDGE RD WATERFORD VT 05819","SITETYPE_MULTI1":null,"SITETYPE_MULTI2":null,"SITETYPE_MULTI3":null,"SITETYPE_MULTI4":null,"SITETYPE_MULTI5":null,"COUNTY":"CALEDONIA","COUNTRY":"US","SOURCEOFDATA":"Vermont Enhanced 911 Board","DRIVEWAYID":null,"ESZ":"00300","HOUSE_NUMBER":0,"HOUSE_NUMBERSUFFIX":null,"HOUSE_NUMBERPREFIX":null,"FIPS":null}},
{"type":"Feature","id":250888,"geometry":{"type":"Point","coordinates":[-71.9524369073611,44.4022929004614]},"properties":{"OBJECTID":250888,"SEGMENTID":252306,"ESITEID":771663,"GEONAMEID":22310,"PD":"","PT":"","SN":"SLATE LEDGE","ST":"RD","SD":"","PRIMARYNAME":"SLATE LEDGE RD","ALIAS1":null,"ALIAS2":null,"ALIAS3":null,"ALIAS4":null,"ALIAS5":null,"PRIMARYADDRESS":"0 SLATE LEDGE RD","SITETYPE":"ACCESSORY BUILDING","TOWNNAME":"WATERFORD","MCODE":721,"ESN":300,"ZIP":"05819","PARCELNUM":null,"GPSX":-71.95243589,"GPSY":44.40228388,"MAPYEAR":"Thu, 29 May 2025 13:44:48 GMT","UPDATEDATE":"Thu, 29 May 2025 13:45:44 GMT","STATE":"VT","FIPS8":5005,"SPAN":null,"SUBTYPE":null,"GlobalID_1":"6a3d32be-3c7e-4f2f-8e6a-3e052a76c8ef","UNITCOUNT":1,"PRIMARYADD1":"0 SLATE LEDGE RD WATERFORD","PRIMARYADD2":"0 SLATE LEDGE RD WATERFORD VT 05819","SITETYPE_MULTI1":null,"SITETYPE_MULTI2":null,"SITETYPE_MULTI3":null,"SITETYPE_MULTI4":null,"SITETYPE_MULTI5":null,"COUNTY":"CALEDONIA","COUNTRY":"US","SOURCEOFDATA":"Vermont Enhanced 911 Board","DRIVEWAYID":null,"ESZ":"00300","HOUSE_NUMBER":0,"HOUSE_NUMBERSUFFIX":null,"HOUSE_NUMBERPREFIX":null,"FIPS":null}},
{"type":"Feature","id":104703,"geometry":{"type":"Point","coordinates":[-71.9508579898932,44.4021255012232]},"properties":{"OBJECTID":104703,"SEGMENTID":252306,"ESITEID":771664,"GEONAMEID":22310,"PD":"","PT":"","SN":"SLATE LEDGE","ST":"RD","SD":"","PRIMARYNAME":"SLATE LEDGE RD","ALIAS1":null,"ALIAS2":null,"ALIAS3":null,"ALIAS4":null,"ALIAS5":null,"PRIMARYADDRESS":"0 SLATE LEDGE RD","SITETYPE":"ACCESSORY BUILDING","TOWNNAME":"WATERFORD","MCODE":721,"ESN":300,"ZIP":"05819","PARCELNUM":null,"GPSX":-71.95085698,"GPSY":44.40211648,"MAPYEAR":"Thu, 29 May 2025 13:44:50 GMT","UPDATEDATE":"Thu, 29 May 2025 13:45:45 GMT","STATE":"VT","FIPS8":5005,"SPAN":null,"SUBTYPE":null,"GlobalID_1":"7ed15b0e-93d8-48b5-9bdd-606eca3c7803","UNITCOUNT":1,"PRIMARYADD1":"0 SLATE LEDGE RD WATERFORD","PRIMARYADD2":"0 SLATE LEDGE RD WATERFORD VT 05819","SITETYPE_MULTI1":null,"SITETYPE_MULTI2":null,"SITETYPE_MULTI3":null,"SITETYPE_MULTI4":null,"SITETYPE_MULTI5":null,"COUNTY":"CALEDONIA","COUNTRY":"US","SOURCEOFDATA":"Vermont Enhanced 911 Board","DRIVEWAYID":null,"ESZ":"00300","HOUSE_NUMBER":0,"HOUSE_NUMBERSUFFIX":null,"HOUSE_NUMBERPREFIX":null,"FIPS":null}},
{"type":"Feature","id":342483,"geometry":{"type":"Point","coordinates":[-71.9497727743098,44.403366193795]},"properties":{"OBJECTID":342483,"SEGMENTID":252306,"ESITEID":771665,"GEONAMEID":22310,"PD":"","PT":"","SN":"SLATE LEDGE","ST":"RD","SD":"","PRIMARYNAME":"SLATE LEDGE RD","ALIAS1":null,"ALIAS2":null,"ALIAS3":null,"ALIAS4":null,"ALIAS5":null,"PRIMARYADDRESS":"0 SLATE LEDGE RD","SITETYPE":"ACCESSORY BUILDING","TOWNNAME":"WATERFORD","MCODE":721,"ESN":300,"ZIP":"05819","PARCELNUM":null,"GPSX":-71.94977176,"GPSY":44.40335717,"MAPYEAR":"Thu, 29 May 2025 13:44:56 GMT","UPDATEDATE":"Thu, 29 May 2025 13:45:45 GMT","STATE":"VT","FIPS8":5005,"SPAN":null,"SUBTYPE":null,"GlobalID_1":"ed3b538d-4ac9-4a2e-a447-2f414b99ceda","UNITCOUNT":1,"PRIMARYADD1":"0 SLATE LEDGE RD WATERFORD","PRIMARYADD2":"0 SLATE LEDGE RD WATERFORD VT 05819","SITETYPE_MULTI1":null,"SITETYPE_MULTI2":null,"SITETYPE_MULTI3":null,"SITETYPE_MULTI4":null,"SITETYPE_MULTI5":null,"COUNTY":"CALEDONIA","COUNTRY":"US","SOURCEOFDATA":"Vermont Enhanced 911 Board","DRIVEWAYID":null,"ESZ":"00300","HOUSE_NUMBER":0,"HOUSE_NUMBERSUFFIX":null,"HOUSE_NUMBERPREFIX":null,"FIPS":null}},
{"type":"Feature","id":307168,"geometry":{"type":"Point","coordinates":[-71.9472819711085,44.4049072681491]},"properties":{"OBJECTID":307168,"SEGMENTID":252305,"ESITEID":771666,"GEONAMEID":22310,"PD":"","PT":"","SN":"SLATE LEDGE","ST":"RD","SD":"","PRIMARYNAME":"SLATE LEDGE RD","ALIAS1":null,"ALIAS2":null,"ALIAS3":null,"ALIAS4":null,"ALIAS5":null,"PRIMARYADDRESS":"0 SLATE LEDGE RD","SITETYPE":"ACCESSORY BUILDING","TOWNNAME":"WATERFORD","MCODE":721,"ESN":300,"ZIP":"05819","PARCELNUM":null,"GPSX":-71.94728096,"GPSY":44.40489825,"MAPYEAR":"Thu, 29 May 2025 13:45:00 GMT","UPDATEDATE":"Thu, 29 May 2025 13:45:45 GMT","STATE":"VT","FIPS8":5005,"SPAN":null,"SUBTYPE":null,"GlobalID_1":"78534739-7a86-4369-be57-7c4ca0dd86c6","UNITCOUNT":1,"PRIMARYADD1":"0 SLATE LEDGE RD WATERFORD","PRIMARYADD2":"0 SLATE LEDGE RD WATERFORD VT 05819","SITETYPE_MULTI1":null,"SITETYPE_MULTI2":null,"SITETYPE_MULTI3":null,"SITETYPE_MULTI4":null,"SITETYPE_MULTI5":null,"COUNTY":"CALEDONIA","COUNTRY":"US","SOURCEOFDATA":"Vermont Enhanced 911 Board","DRIVEWAYID":null,"ESZ":"00300","HOUSE_NUMBER":0,"HOUSE_NUMBERSUFFIX":null,"HOUSE_NUMBERPREFIX":null,"FIPS":null}},
{"type":"Feature","id":219894,"geometry":{"type":"Point","coordinates":[-71.9469406513366,44.4051050601996]},"properties":{"OBJECTID":219894,"SEGMENTID":252305,"ESITEID":771667,"GEONAMEID":22310,"PD":"","PT":"","SN":"SLATE LEDGE","ST":"RD","SD":"","PRIMARYNAME":"SLATE LEDGE RD","ALIAS1":null,"ALIAS2":null,"ALIAS3":null,"ALIAS4":null,"ALIAS5":null,"PRIMARYADDRESS":"0 SLATE LEDGE RD","SITETYPE":"ACCESSORY BUILDING","TOWNNAME":"WATERFORD","MCODE":721,"ESN":300,"ZIP":"05819","PARCELNUM":null,"GPSX":-71.94693964,"GPSY":44.40509604,"MAPYEAR":"Thu, 29 May 2025 13:45:01 GMT","UPDATEDATE":"Thu, 29 May 2025 13:45:45 GMT","STATE":"VT","FIPS8":5005,"SPAN":null,"SUBTYPE":null,"GlobalID_1":"4f740982-24af-4c88-85fc-d65aef8d676d","UNITCOUNT":1,"PRIMARYADD1":"0 SLATE LEDGE RD WATERFORD","PRIMARYADD2":"0 SLATE LEDGE RD WATERFORD VT 05819","SITETYPE_MULTI1":null,"SITETYPE_MULTI2":null,"SITETYPE_MULTI3":null,"SITETYPE_MULTI4":null,"SITETYPE_MULTI5":null,"COUNTY":"CALEDONIA","COUNTRY":"US","SOURCEOFDATA":"Vermont Enhanced 911 Board","DRIVEWAYID":null,"ESZ":"00300","HOUSE_NUMBER":0,"HOUSE_NUMBERSUFFIX":null,"HOUSE_NUMBERPREFIX":null,"FIPS":null}},
{"type":"Feature","id":145288,"geometry":{"type":"Point","coordinates":[-71.9458331070457,44.4039119938108]},"properties":{"OBJECTID":145288,"SEGMENTID":252305,"ESITEID":771668,"GEONAMEID":22310,"PD":"","PT":"","SN":"SLATE LEDGE","ST":"RD","SD":"","PRIMARYNAME":"SLATE LEDGE RD","ALIAS1":null,"ALIAS2":null,"ALIAS3":null,"ALIAS4":null,"ALIAS5":null,"PRIMARYADDRESS":"0 SLATE LEDGE RD","SITETYPE":"ACCESSORY BUILDING","TOWNNAME":"WATERFORD","MCODE":721,"ESN":300,"ZIP":"05819","PARCELNUM":null,"GPSX":-71.94583209,"GPSY":44.40390297,"MAPYEAR":"Thu, 29 May 2025 13:45:05 GMT","UPDATEDATE":"Thu, 29 May 2025 13:45:45 GMT","STATE":"VT","FIPS8":5005,"SPAN":null,"SUBTYPE":null,"GlobalID_1":"a5361b60-0b83-4353-ade2-bcdcc1052f75","UNITCOUNT":1,"PRIMARYADD1":"0 SLATE LEDGE RD WATERFORD","PRIMARYADD2":"0 SLATE LEDGE RD WATERFORD VT 05819","SITETYPE_MULTI1":null,"SITETYPE_MULTI2":null,"SITETYPE_MULTI3":null,"SITETYPE_MULTI4":null,"SITETYPE_MULTI5":null,"COUNTY":"CALEDONIA","COUNTRY":"US","SOURCEOFDATA":"Vermont Enhanced 911 Board","DRIVEWAYID":null,"ESZ":"00300","HOUSE_NUMBER":0,"HOUSE_NUMBERSUFFIX":null,"HOUSE_NUMBERPREFIX":null,"FIPS":null}},
{"type":"Feature","id":153601,"geometry":{"type":"Point","coordinates":[-71.9260279333727,44.4141627763223]},"properties":{"OBJECTID":153601,"SEGMENTID":58583,"ESITEID":771669,"GEONAMEID":22309,"PD":"","PT":"","SN":"CROSS","ST":"RD","SD":"","PRIMARYNAME":"CROSS RD","ALIAS1":null,"ALIAS2":null,"ALIAS3":null,"ALIAS4":null,"ALIAS5":null,"PRIMARYADDRESS":"0 CROSS RD","SITETYPE":"ACCESSORY BUILDING","TOWNNAME":"WATERFORD","MCODE":721,"ESN":300,"ZIP":"05819","PARCELNUM":null,"GPSX":-71.92602693,"GPSY":44.41415375,"MAPYEAR":"Thu, 29 May 2025 13:48:48 GMT","UPDATEDATE":"Thu, 29 May 2025 13:49:12 GMT","STATE":"VT","FIPS8":5005,"SPAN":null,"SUBTYPE":null,"GlobalID_1":"735e1055-e6b7-4f28-b5d5-eb05f2594612","UNITCOUNT":1,"PRIMARYADD1":"0 CROSS RD WATERFORD","PRIMARYADD2":"0 CROSS RD WATERFORD VT 05819","SITETYPE_MULTI1":null,"SITETYPE_MULTI2":null,"SITETYPE_MULTI3":null,"SITETYPE_MULTI4":null,"SITETYPE_MULTI5":null,"COUNTY":"CALEDONIA","COUNTRY":"US","SOURCEOFDATA":"Vermont Enhanced 911 Board","DRIVEWAYID":null,"ESZ":"00300","HOUSE_NUMBER":0,"HOUSE_NUMBERSUFFIX":null,"HOUSE_NUMBERPREFIX":null,"FIPS":null}},
{"type":"Feature","id":143516,"geometry":{"type":"Point","coordinates":[-71.9268412647685,44.4122990002582]},"properties":{"OBJECTID":143516,"SEGMENTID":58583,"ESITEID":771670,"GEONAMEID":22309,"PD":"","PT":"","SN":"CROSS","ST":"RD","SD":"","PRIMARYNAME":"CROSS RD","ALIAS1":null,"ALIAS2":null,"ALIAS3":null,"ALIAS4":null,"ALIAS5":null,"PRIMARYADDRESS":"0 CROSS RD","SITETYPE":"ACCESSORY BUILDING","TOWNNAME":"WATERFORD","MCODE":721,"ESN":300,"ZIP":"05819","PARCELNUM":null,"GPSX":-71.92684026,"GPSY":44.41228998,"MAPYEAR":"Thu, 29 May 2025 13:48:50 GMT","UPDATEDATE":"Thu, 29 May 2025 13:49:12 GMT","STATE":"VT","FIPS8":5005,"SPAN":null,"SUBTYPE":null,"GlobalID_1":"8b785bca-df39-424d-b687-301c65510a19","UNITCOUNT":1,"PRIMARYADD1":"0 CROSS RD WATERFORD","PRIMARYADD2":"0 CROSS RD WATERFORD VT 05819","SITETYPE_MULTI1":null,"SITETYPE_MULTI2":null,"SITETYPE_MULTI3":null,"SITETYPE_MULTI4":null,"SITETYPE_MULTI5":null,"COUNTY":"CALEDONIA","COUNTRY":"US","SOURCEOFDATA":"Vermont Enhanced 911 Board","DRIVEWAYID":null,"ESZ":"00300","HOUSE_NUMBER":0,"HOUSE_NUMBERSUFFIX":null,"HOUSE_NUMBERPREFIX":null,"FIPS":null}},
{"type":"Feature","id":210699,"geometry":{"type":"Point","coordinates":[-71.9928022815283,44.4033616360518]},"properties":{"OBJECTID":210699,"SEGMENTID":252304,"ESITEID":771671,"GEONAMEID":22336,"PD":"","PT":"","SN":"HASTINGS","ST":"RD","SD":"","PRIMARYNAME":"HASTINGS RD","ALIAS1":null,"ALIAS2":null,"ALIAS3":null,"ALIAS4":null,"ALIAS5":null,"PRIMARYADDRESS":"0 HASTINGS RD","SITETYPE":"ACCESSORY BUILDING","TOWNNAME":"WATERFORD","MCODE":721,"ESN":300,"ZIP":"05819","PARCELNUM":null,"GPSX":-71.99280125,"GPSY":44.40335262,"MAPYEAR":"Thu, 29 May 2025 13:56:45 GMT","UPDATEDATE":"Thu, 29 May 2025 13:57:08 GMT","STATE":"VT","FIPS8":5005,"SPAN":null,"SUBTYPE":null,"GlobalID_1":"2327e986-1f5d-45db-9e5f-b4b11d6b5f80","UNITCOUNT":1,"PRIMARYADD1":"0 HASTINGS RD WATERFORD","PRIMARYADD2":"0 HASTINGS RD WATERFORD VT 05819","SITETYPE_MULTI1":null,"SITETYPE_MULTI2":null,"SITETYPE_MULTI3":null,"SITETYPE_MULTI4":null,"SITETYPE_MULTI5":null,"COUNTY":"CALEDONIA","COUNTRY":"US","SOURCEOFDATA":"Vermont Enhanced 911 Board","DRIVEWAYID":null,"ESZ":"00300","HOUSE_NUMBER":0,"HOUSE_NUMBERSUFFIX":null,"HOUSE_NUMBERPREFIX":null,"FIPS":null}},
{"type":"Feature","id":53320,"geometry":{"type":"Point","coordinates":[-71.9825421042957,44.3971388759831]},"properties":{"OBJECTID":53320,"SEGMENTID":21062,"ESITEID":771893,"GEONAMEID":22335,"PD":"","PT":"","SN":"DANIELS FARM","ST":"RD","SD":"","PRIMARYNAME":"DANIELS FARM RD","ALIAS1":null,"ALIAS2":null,"ALIAS3":null,"ALIAS4":null,"ALIAS5":null,"PRIMARYADDRESS":"2301 DANIELS FARM RD","SITETYPE":"DEVELOPMENT SITE","TOWNNAME":"WATERFORD","MCODE":721,"ESN":300,"ZIP":"05819","PARCELNUM":null,"GPSX":-71.98254108,"GPSY":44.39712986,"MAPYEAR":"Tue, 01 Jul 2025 20:22:07 GMT","UPDATEDATE":"Tue, 01 Jul 2025 20:22:25 GMT","STATE":"VT","FIPS8":5005,"SPAN":null,"SUBTYPE":null,"GlobalID_1":"1e21fdfa-0ec1-4f66-8180-b08d32a564fa","UNITCOUNT":1,"PRIMARYADD1":"2301 DANIELS FARM RD WATERFORD","PRIMARYADD2":"2301 DANIELS FARM RD WATERFORD VT 05819","SITETYPE_MULTI1":"SINGLE FAMILY DWELLING","SITETYPE_MULTI2":null,"SITETYPE_MULTI3":null,"SITETYPE_MULTI4":null,"SITETYPE_MULTI5":null,"COUNTY":"CALEDONIA","COUNTRY":"US","SOURCEOFDATA":"Vermont Enhanced 911 Board","DRIVEWAYID":null,"ESZ":"00300","HOUSE_NUMBER":2301,"HOUSE_NUMBERSUFFIX":null,"HOUSE_NUMBERPREFIX":null,"FIPS":null}},
{"type":"Feature","id":251440,"geometry":{"type":"Point","coordinates":[-71.996357562805,44.3927567959786]},"properties":{"OBJECTID":251440,"SEGMENTID":252301,"ESITEID":771894,"GEONAMEID":22336,"PD":"","PT":"","SN":"HASTINGS","ST":"RD","SD":"","PRIMARYNAME":"HASTINGS RD","ALIAS1":null,"ALIAS2":null,"ALIAS3":null,"ALIAS4":null,"ALIAS5":null,"PRIMARYADDRESS":"171 HASTINGS RD","SITETYPE":"DEVELOPMENT SITE","TOWNNAME":"WATERFORD","MCODE":721,"ESN":300,"ZIP":"05819","PARCELNUM":null,"GPSX":-71.99635653,"GPSY":44.39274778,"MAPYEAR":"Tue, 01 Jul 2025 20:34:44 GMT","UPDATEDATE":"Tue, 01 Jul 2025 20:35:07 GMT","STATE":"VT","FIPS8":5005,"SPAN":null,"SUBTYPE":null,"GlobalID_1":"7052bdc3-1066-4d1b-bef7-4afc5b261c03","UNITCOUNT":1,"PRIMARYADD1":"171 HASTINGS RD WATERFORD","PRIMARYADD2":"171 HASTINGS RD WATERFORD VT 05819","SITETYPE_MULTI1":"SINGLE FAMILY DWELLING","SITETYPE_MULTI2":null,"SITETYPE_MULTI3":null,"SITETYPE_MULTI4":null,"SITETYPE_MULTI5":null,"COUNTY":"CALEDONIA","COUNTRY":"US","SOURCEOFDATA":"Vermont Enhanced 911 Board","DRIVEWAYID":null,"ESZ":"00300","HOUSE_NUMBER":171,"HOUSE_NUMBERSUFFIX":null,"HOUSE_NUMBERPREFIX":null,"FIPS":null}},
{"type":"Feature","id":2663,"geometry":{"type":"Point","coordinates":[-71.9799596628792,44.3982894954977]},"properties":{"OBJECTID":2663,"SEGMENTID":21062,"ESITEID":772135,"GEONAMEID":22335,"PD":"","PT":"","SN":"DANIELS FARM","ST":"RD","SD":"","PRIMARYNAME":"DANIELS FARM RD","ALIAS1":null,"ALIAS2":null,"ALIAS3":null,"ALIAS4":null,"ALIAS5":null,"PRIMARYADDRESS":"2256 DANIELS FARM RD","SITETYPE":"SINGLE FAMILY DWELLING","TOWNNAME":"WATERFORD","MCODE":721,"ESN":300,"ZIP":"05819","PARCELNUM":null,"GPSX":-71.97995864,"GPSY":44.39828048,"MAPYEAR":"Thu, 31 Jul 2025 20:58:07 GMT","UPDATEDATE":"Thu, 31 Jul 2025 20:58:11 GMT","STATE":"VT","FIPS8":5005,"SPAN":null,"SUBTYPE":null,"GlobalID_1":"f96bc940-0c19-4281-9d59-91a3202b298c","UNITCOUNT":1,"PRIMARYADD1":"2256 DANIELS FARM RD WATERFORD","PRIMARYADD2":"2256 DANIELS FARM RD WATERFORD VT 05819","SITETYPE_MULTI1":null,"SITETYPE_MULTI2":null,"SITETYPE_MULTI3":null,"SITETYPE_MULTI4":null,"SITETYPE_MULTI5":null,"COUNTY":"CALEDONIA","COUNTRY":"US","SOURCEOFDATA":"Vermont Enhanced 911 Board","DRIVEWAYID":null,"ESZ":"00300","HOUSE_NUMBER":2256,"HOUSE_NUMBERSUFFIX":null,"HOUSE_NUMBERPREFIX":null,"FIPS":null}},
{"type":"Feature","id":76175,"geometry":{"type":"Point","coordinates":[-71.9017190544734,44.3542831979363]},"properties":{"OBJECTID":76175,"SEGMENTID":24883,"ESITEID":772271,"GEONAMEID":22321,"PD":"","PT":"","SN":"VT ROUTE 18","ST":"","SD":"","PRIMARYNAME":"VT ROUTE 18","ALIAS1":null,"ALIAS2":null,"ALIAS3":null,"ALIAS4":null,"ALIAS5":null,"PRIMARYADDRESS":"6573 VT ROUTE 18","SITETYPE":"OTHER COMMERCIAL","TOWNNAME":"WATERFORD","MCODE":721,"ESN":300,"ZIP":"05819","PARCELNUM":null,"GPSX":-71.90171806,"GPSY":44.35427418,"MAPYEAR":"Mon, 11 Aug 2025 21:33:09 GMT","UPDATEDATE":"Mon, 11 Aug 2025 21:33:24 GMT","STATE":"VT","FIPS8":5005,"SPAN":null,"SUBTYPE":null,"GlobalID_1":"1edfb9d7-d6e1-4c8b-8e45-aa80a77417f0","UNITCOUNT":1,"PRIMARYADD1":"6573 VT ROUTE 18 WATERFORD","PRIMARYADD2":"6573 VT ROUTE 18 WATERFORD VT 05819","SITETYPE_MULTI1":null,"SITETYPE_MULTI2":null,"SITETYPE_MULTI3":null,"SITETYPE_MULTI4":null,"SITETYPE_MULTI5":null,"COUNTY":"CALEDONIA","COUNTRY":"US","SOURCEOFDATA":"Vermont Enhanced 911 Board","DRIVEWAYID":null,"ESZ":"00300","HOUSE_NUMBER":6573,"HOUSE_NUMBERSUFFIX":null,"HOUSE_NUMBERPREFIX":null,"FIPS":null}},
{"type":"Feature","id":79128,"geometry":{"type":"Point","coordinates":[-71.9409789935095,44.4294035100351]},"properties":{"OBJECTID":79128,"SEGMENTID":86010,"ESITEID":772766,"GEONAMEID":409260,"PD":"","PT":null,"SN":"WATERFORD HOLLOW","ST":"LN","SD":"","PRIMARYNAME":"WATERFORD HOLLOW LN","ALIAS1":null,"ALIAS2":null,"ALIAS3":null,"ALIAS4":null,"ALIAS5":null,"PRIMARYADDRESS":"480 WATERFORD HOLLOW LN","SITETYPE":"SINGLE FAMILY DWELLING","TOWNNAME":"WATERFORD","MCODE":721,"ESN":300,"ZIP":"05819","PARCELNUM":null,"GPSX":-71.94097899,"GPSY":44.42940351,"MAPYEAR":"Tue, 18 Nov 2025 22:39:38 GMT","UPDATEDATE":"Thu, 20 Nov 2025 11:19:19 GMT","STATE":"VT","FIPS8":5005,"SPAN":null,"SUBTYPE":null,"GlobalID_1":"36bd58b5-c2f4-4196-bcd4-3b90b04f8b4c","UNITCOUNT":1,"PRIMARYADD1":"480 WATERFORD HOLLOW LN WATERFORD","PRIMARYADD2":"480 WATERFORD HOLLOW LN WATERFORD 05819","SITETYPE_MULTI1":null,"SITETYPE_MULTI2":null,"SITETYPE_MULTI3":null,"SITETYPE_MULTI4":null,"SITETYPE_MULTI5":null,"COUNTY":"Caledonia County","COUNTRY":"US","SOURCEOFDATA":"Vermont Enhanced 911 Board","DRIVEWAYID":null,"ESZ":"00300","HOUSE_NUMBER":480,"HOUSE_NUMBERSUFFIX":null,"HOUSE_NUMBERPREFIX":null,"FIPS":"5005"}},
{"type":"Feature","id":284222,"geometry":{"type":"Point","coordinates":[-71.8997414639353,44.3709689757625]},"properties":{"OBJECTID":284222,"SEGMENTID":35903,"ESITEID":800102,"GEONAMEID":435570,"PD":"","PT":"","SN":"OLD COUNTY","ST":"RD","SD":"S","PRIMARYNAME":"OLD COUNTY RD S","ALIAS1":null,"ALIAS2":null,"ALIAS3":null,"ALIAS4":null,"ALIAS5":"9\/16\/2022 12:40:42 PM","PRIMARYADDRESS":"2734 OLD COUNTY RD S","SITETYPE":"RV HOOKUP","TOWNNAME":"WATERFORD","MCODE":721,"ESN":300,"ZIP":"05819","PARCELNUM":"725.3","GPSX":-71.89974047,"GPSY":44.37095996,"MAPYEAR":"Tue, 27 Oct 2020 14:45:52 GMT","UPDATEDATE":"Tue, 01 Jul 2025 12:18:00 GMT","STATE":"VT","FIPS8":5005,"SPAN":"699-222-10870","SUBTYPE":null,"GlobalID_1":"7804faa4-d586-498a-8829-de925451b5f1","UNITCOUNT":1,"PRIMARYADD1":"2734 OLD COUNTY RD S WATERFORD","PRIMARYADD2":"2734 OLD COUNTY RD S WATERFORD VT 05819","SITETYPE_MULTI1":null,"SITETYPE_MULTI2":null,"SITETYPE_MULTI3":null,"SITETYPE_MULTI4":null,"SITETYPE_MULTI5":null,"COUNTY":"CALEDONIA","COUNTRY":"US","SOURCEOFDATA":"Vermont Enhanced 911 Board","DRIVEWAYID":null,"ESZ":"00300","HOUSE_NUMBER":2734,"HOUSE_NUMBERSUFFIX":null,"HOUSE_NUMBERPREFIX":null,"FIPS":null}},
{"type":"Feature","id":44819,"geometry":{"type":"Point","coordinates":[-71.9405270997617,44.3372913070324]},"properties":{"OBJECTID":44819,"SEGMENTID":24886,"ESITEID":800103,"GEONAMEID":22346,"PD":"","PT":"","SN":"LOWER WATERFORD","ST":"RD","SD":"","PRIMARYNAME":"LOWER WATERFORD RD","ALIAS1":null,"ALIAS2":null,"ALIAS3":null,"ALIAS4":null,"ALIAS5":"","PRIMARYADDRESS":"2091 LOWER WATERFORD RD","SITETYPE":"RV HOOKUP","TOWNNAME":"WATERFORD","MCODE":721,"ESN":300,"ZIP":"05819","PARCELNUM":"999.3","GPSX":-71.94052609,"GPSY":44.3372823,"MAPYEAR":"Tue, 27 Oct 2020 15:25:29 GMT","UPDATEDATE":"Tue, 28 Mar 2023 14:20:34 GMT","STATE":"VT","FIPS8":5005,"SPAN":"699-222-10985","SUBTYPE":null,"GlobalID_1":"fdb3b713-4a2c-4243-930c-d16801cc2ef5","UNITCOUNT":1,"PRIMARYADD1":"2091 LOWER WATERFORD RD WATERFORD","PRIMARYADD2":"2091 LOWER WATERFORD RD WATERFORD VT 05819","SITETYPE_MULTI1":null,"SITETYPE_MULTI2":null,"SITETYPE_MULTI3":null,"SITETYPE_MULTI4":null,"SITETYPE_MULTI5":null,"COUNTY":"CALEDONIA","COUNTRY":"US","SOURCEOFDATA":"Vermont Enhanced 911 Board","DRIVEWAYID":null,"ESZ":"00300","HOUSE_NUMBER":2091,"HOUSE_NUMBERSUFFIX":null,"HOUSE_NUMBERPREFIX":null,"FIPS":null}},
{"type":"Feature","id":55378,"geometry":{"type":"Point","coordinates":[-71.9420905710629,44.3382561860349]},"properties":{"OBJECTID":55378,"SEGMENTID":24886,"ESITEID":800104,"GEONAMEID":22346,"PD":"","PT":"","SN":"LOWER WATERFORD","ST":"RD","SD":"","PRIMARYNAME":"LOWER WATERFORD RD","ALIAS1":null,"ALIAS2":null,"ALIAS3":null,"ALIAS4":null,"ALIAS5":"","PRIMARYADDRESS":"2147 LOWER WATERFORD RD","SITETYPE":"SINGLE FAMILY DWELLING","TOWNNAME":"WATERFORD","MCODE":721,"ESN":300,"ZIP":"05819","PARCELNUM":"543.","GPSX":-71.94208956,"GPSY":44.33824718,"MAPYEAR":"Tue, 27 Oct 2020 15:26:09 GMT","UPDATEDATE":"Tue, 28 Mar 2023 14:20:34 GMT","STATE":"VT","FIPS8":5005,"SPAN":"699-222-10362","SUBTYPE":null,"GlobalID_1":"2fe7d467-08c5-4c07-8107-00737e527c7a","UNITCOUNT":1,"PRIMARYADD1":"2147 LOWER WATERFORD RD WATERFORD","PRIMARYADD2":"2147 LOWER WATERFORD RD WATERFORD VT 05819","SITETYPE_MULTI1":null,"SITETYPE_MULTI2":null,"SITETYPE_MULTI3":null,"SITETYPE_MULTI4":null,"SITETYPE_MULTI5":null,"COUNTY":"CALEDONIA","COUNTRY":"US","SOURCEOFDATA":"Vermont Enhanced 911 Board","DRIVEWAYID":null,"ESZ":"00300","HOUSE_NUMBER":2147,"HOUSE_NUMBERSUFFIX":null,"HOUSE_NUMBERPREFIX":null,"FIPS":null}},
{"type":"Feature","id":142122,"geometry":{"type":"Point","coordinates":[-71.954806610598,44.3559574650073]},"properties":{"OBJECTID":142122,"SEGMENTID":10030,"ESITEID":1050920,"GEONAMEID":22326,"PD":"","PT":"","SN":"DUCK POND","ST":"RD","SD":"","PRIMARYNAME":"DUCK POND RD","ALIAS1":"","ALIAS2":"","ALIAS3":"","ALIAS4":"","ALIAS5":"2\/23\/2019 12:03:46 PM","PRIMARYADDRESS":"4555 DUCK POND RD","SITETYPE":"HELIPAD \/ HELIPORT \/ HELISPOT","TOWNNAME":"WATERFORD","MCODE":721,"ESN":300,"ZIP":"05819","PARCELNUM":"017.","GPSX":-71.9548056,"GPSY":44.35594845,"MAPYEAR":"Wed, 29 Jun 2016 12:56:49 GMT","UPDATEDATE":"Sat, 28 Jan 2023 00:14:21 GMT","STATE":"VT","FIPS8":5005,"SPAN":"699-222-10283","SUBTYPE":0,"GlobalID_1":"0f0b404e-5cae-4462-972e-5c8f51ec9cff","UNITCOUNT":1,"PRIMARYADD1":"4555 DUCK POND RD WATERFORD","PRIMARYADD2":"4555 DUCK POND RD WATERFORD VT 05819","SITETYPE_MULTI1":"","SITETYPE_MULTI2":"","SITETYPE_MULTI3":"","SITETYPE_MULTI4":"","SITETYPE_MULTI5":"","COUNTY":"CALEDONIA","COUNTRY":"US","SOURCEOFDATA":"Vermont Enhanced 911 Board","DRIVEWAYID":0,"ESZ":"00300","HOUSE_NUMBER":4555,"HOUSE_NUMBERSUFFIX":"","HOUSE_NUMBERPREFIX":"","FIPS":"5005"}},
{"type":"Feature","id":174213,"geometry":{"type":"Point","coordinates":[-71.9052593136292,44.3539920727874]},"properties":{"OBJECTID":174213,"SEGMENTID":24883,"ESITEID":1050921,"GEONAMEID":22321,"PD":"","PT":"","SN":"VT ROUTE 18","ST":"","SD":"","PRIMARYNAME":"VT ROUTE 18","ALIAS1":"","ALIAS2":"","ALIAS3":"","ALIAS4":"","ALIAS5":"2\/23\/2019 12:03:45 PM","PRIMARYADDRESS":"6468 VT ROUTE 18","SITETYPE":"HELIPAD \/ HELIPORT \/ HELISPOT","TOWNNAME":"WATERFORD","MCODE":721,"ESN":300,"ZIP":"05819","PARCELNUM":"888.","GPSX":-71.90525832,"GPSY":44.35398306,"MAPYEAR":"Wed, 29 Jun 2016 12:57:26 GMT","UPDATEDATE":"Sat, 28 Jan 2023 00:14:19 GMT","STATE":"VT","FIPS8":5005,"SPAN":"699-222-10760","SUBTYPE":0,"GlobalID_1":"55e6de76-4f35-400d-8921-c06fa5b81fd3","UNITCOUNT":1,"PRIMARYADD1":"6468 VT ROUTE 18 WATERFORD","PRIMARYADD2":"6468 VT ROUTE 18 WATERFORD VT 05819","SITETYPE_MULTI1":"","SITETYPE_MULTI2":"","SITETYPE_MULTI3":"","SITETYPE_MULTI4":"","SITETYPE_MULTI5":"","COUNTY":"CALEDONIA","COUNTRY":"US","SOURCEOFDATA":"Vermont Enhanced 911 Board","DRIVEWAYID":0,"ESZ":"00300","HOUSE_NUMBER":6468,"HOUSE_NUMBERSUFFIX":"","HOUSE_NUMBERPREFIX":"","FIPS":"5005"}},
{"type":"Feature","id":97614,"geometry":{"type":"Point","coordinates":[-71.8783635407121,44.3407550247936]},"properties":{"OBJECTID":97614,"SEGMENTID":39586,"ESITEID":1050922,"GEONAMEID":22320,"PD":"","PT":"","SN":"RIVERSIDE CEMETERY","ST":"RD","SD":"","PRIMARYNAME":"RIVERSIDE CEMETERY RD","ALIAS1":"","ALIAS2":"","ALIAS3":"","ALIAS4":"","ALIAS5":"2\/23\/2019 12:03:45 PM","PRIMARYADDRESS":"652 RIVERSIDE CEMETERY RD","SITETYPE":"HELIPAD \/ HELIPORT \/ HELISPOT","TOWNNAME":"WATERFORD","MCODE":721,"ESN":300,"ZIP":"05819","PARCELNUM":"692.","GPSX":-71.87836256,"GPSY":44.34074601,"MAPYEAR":"Wed, 29 Jun 2016 12:58:40 GMT","UPDATEDATE":"Sat, 28 Jan 2023 00:14:17 GMT","STATE":"VT","FIPS8":5005,"SPAN":"699-222-10713","SUBTYPE":0,"GlobalID_1":"4a108370-26c1-4e43-91f0-5e5fe8d37560","UNITCOUNT":1,"PRIMARYADD1":"652 RIVERSIDE CEMETERY RD WATERFORD","PRIMARYADD2":"652 RIVERSIDE CEMETERY RD WATERFORD VT 05819","SITETYPE_MULTI1":"","SITETYPE_MULTI2":"","SITETYPE_MULTI3":"","SITETYPE_MULTI4":"","SITETYPE_MULTI5":"","COUNTY":"CALEDONIA","COUNTRY":"US","SOURCEOFDATA":"Vermont Enhanced 911 Board","DRIVEWAYID":0,"ESZ":"00300","HOUSE_NUMBER":652,"HOUSE_NUMBERSUFFIX":"","HOUSE_NUMBERPREFIX":"","FIPS":"5005"}},
{"type":"Feature","id":301104,"geometry":{"type":"Point","coordinates":[-71.9278133340351,44.4016103715503]},"properties":{"OBJECTID":301104,"SEGMENTID":50841,"ESITEID":1050923,"GEONAMEID":22326,"PD":"","PT":"","SN":"DUCK POND","ST":"RD","SD":"","PRIMARYNAME":"DUCK POND RD","ALIAS1":"","ALIAS2":"","ALIAS3":"","ALIAS4":"","ALIAS5":"2\/23\/2019 12:03:46 PM","PRIMARYADDRESS":"230 DUCK POND RD","SITETYPE":"HELIPAD \/ HELIPORT \/ HELISPOT","TOWNNAME":"WATERFORD","MCODE":721,"ESN":300,"ZIP":"05819","PARCELNUM":"991.","GPSX":-71.92781233,"GPSY":44.40160135,"MAPYEAR":"Wed, 29 Jun 2016 12:59:43 GMT","UPDATEDATE":"Sat, 28 Jan 2023 00:14:20 GMT","STATE":"VT","FIPS8":5005,"SPAN":"699-222-10706","SUBTYPE":0,"GlobalID_1":"f7635332-91dc-46b9-b032-14084fa1958f","UNITCOUNT":1,"PRIMARYADD1":"230 DUCK POND RD WATERFORD","PRIMARYADD2":"230 DUCK POND RD WATERFORD VT 05819","SITETYPE_MULTI1":"","SITETYPE_MULTI2":"","SITETYPE_MULTI3":"","SITETYPE_MULTI4":"","SITETYPE_MULTI5":"","COUNTY":"CALEDONIA","COUNTRY":"US","SOURCEOFDATA":"Vermont Enhanced 911 Board","DRIVEWAYID":0,"ESZ":"00300","HOUSE_NUMBER":230,"HOUSE_NUMBERSUFFIX":"","HOUSE_NUMBERPREFIX":"","FIPS":"5005"}},
{"type":"Feature","id":308006,"geometry":{"type":"Point","coordinates":[-71.95333963688,44.4254683024729]},"properties":{"OBJECTID":308006,"SEGMENTID":43501,"ESITEID":1050924,"GEONAMEID":22321,"PD":"","PT":"","SN":"VT ROUTE 18","ST":"","SD":"","PRIMARYNAME":"VT ROUTE 18","ALIAS1":"","ALIAS2":"","ALIAS3":"","ALIAS4":"","ALIAS5":"2\/23\/2019 12:03:44 PM","PRIMARYADDRESS":"339 VT ROUTE 18","SITETYPE":"HELIPAD \/ HELIPORT \/ HELISPOT","TOWNNAME":"WATERFORD","MCODE":721,"ESN":300,"ZIP":"05819","PARCELNUM":" ","GPSX":-71.95334075,"GPSY":44.42546102,"MAPYEAR":"Wed, 29 Jun 2016 13:00:38 GMT","UPDATEDATE":"Fri, 18 Apr 2025 09:31:06 GMT","STATE":"VT","FIPS8":5005,"SPAN":" ","SUBTYPE":0,"GlobalID_1":"247e1e6e-d489-49da-a8de-4078b16a0bbc","UNITCOUNT":1,"PRIMARYADD1":"339 VT ROUTE 18 WATERFORD","PRIMARYADD2":"339 VT ROUTE 18 WATERFORD VT 05819","SITETYPE_MULTI1":"","SITETYPE_MULTI2":"","SITETYPE_MULTI3":"","SITETYPE_MULTI4":"","SITETYPE_MULTI5":"","COUNTY":"CALEDONIA","COUNTRY":"US","SOURCEOFDATA":"Vermont Enhanced 911 Board","DRIVEWAYID":0,"ESZ":"00300","HOUSE_NUMBER":339,"HOUSE_NUMBERSUFFIX":"","HOUSE_NUMBERPREFIX":"","FIPS":"5005"}}
]
}
