{
    "type": "FeatureCollection",
    "name": "FS_VCGI_OPENDATA_Emergency_SiteStructureAddressPoint_point_SP_v1 - Hubbardton",
    "crs": {
        "type": "name",
        "properties": {
            "name": "urn:ogc:def:crs:OGC:1.3:CRS84"
        }
    },
    "features": [
{"type":"Feature","id":330199,"geometry":{"type":"Point","coordinates":[-73.2321610327072,43.7204546047067]},"properties":{"OBJECTID":330199,"ESITEID":21657,"PRIMARYNAME":"BURNS RD","ALIAS1":"","ALIAS2":"","ALIAS3":"","ALIAS4":"","ALIAS5":"","PRIMARYADDRESS":"806 BURNS RD","SITETYPE":"Camp","MAPYEAR":"Thu, 01 Jan 1998 00:00:00 GMT","SITETYPE_MULTI1":"","SITETYPE_MULTI2":"","SITETYPE_MULTI3":"","YearBuilt":null,"YearBuiltSrc":null,"YearBuiltNotes":"","ResUnitCnt":1,"NonResUnitCnt":0,"DateUpdate":"Fri, 27 Jan 2023 22:17:58 GMT","County":"Rutland County","Inc_Muni":"Hubbardton","AddNum_Pre":null,"Add_Number":806,"AddNum_Suf":"","St_PreMod":"","St_PreDir":"","St_PreTyp":"","St_PreSep":"","St_Name":"Burns","St_PosTyp":"Road","St_PosDir":"","St_PosMod":"","ESN":"328","Post_Comm":"Fair Haven","Post_Code":"05743","GlobalID":"50863666-689c-44a5-b6ac-4544f685c2ab","Category":"Residential"}},
{"type":"Feature","id":254192,"geometry":{"type":"Point","coordinates":[-73.1895658488084,43.7499994753453]},"properties":{"OBJECTID":254192,"ESITEID":130320,"PRIMARYNAME":"VT ROUTE 30","ALIAS1":"","ALIAS2":"","ALIAS3":"","ALIAS4":"","ALIAS5":"","PRIMARYADDRESS":"5144 VT ROUTE 30","SITETYPE":"Single Family Dwelling","MAPYEAR":"Thu, 01 Jan 1998 00:00:00 GMT","SITETYPE_MULTI1":"","SITETYPE_MULTI2":"","SITETYPE_MULTI3":"","YearBuilt":null,"YearBuiltSrc":null,"YearBuiltNotes":"","ResUnitCnt":1,"NonResUnitCnt":0,"DateUpdate":"Fri, 01 Aug 2025 11:13:58 GMT","County":"Rutland County","Inc_Muni":"Hubbardton","AddNum_Pre":null,"Add_Number":5144,"AddNum_Suf":"","St_PreMod":"","St_PreDir":"","St_PreTyp":"Vermont Route","St_PreSep":"","St_Name":"30","St_PosTyp":"","St_PosDir":"","St_PosMod":"","ESN":"328","Post_Comm":"Brandon","Post_Code":"05733","GlobalID":"e9b7be83-de14-406a-b286-7974ec429b2a","Category":"Residential"}},
{"type":"Feature","id":212636,"geometry":{"type":"Point","coordinates":[-73.2037154789213,43.7495773682777]},"properties":{"OBJECTID":212636,"ESITEID":130321,"PRIMARYNAME":"DUBOFF LN","ALIAS1":"","ALIAS2":"","ALIAS3":"","ALIAS4":"","ALIAS5":"","PRIMARYADDRESS":"353 DUBOFF LN","SITETYPE":"Camp","MAPYEAR":"Thu, 01 Jan 1998 00:00:00 GMT","SITETYPE_MULTI1":"","SITETYPE_MULTI2":"","SITETYPE_MULTI3":"","YearBuilt":null,"YearBuiltSrc":null,"YearBuiltNotes":"","ResUnitCnt":1,"NonResUnitCnt":0,"DateUpdate":"Fri, 27 Jan 2023 21:21:48 GMT","County":"Rutland County","Inc_Muni":"Hubbardton","AddNum_Pre":null,"Add_Number":353,"AddNum_Suf":"","St_PreMod":"","St_PreDir":"","St_PreTyp":"","St_PreSep":"","St_Name":"Duboff","St_PosTyp":"Lane","St_PosDir":"","St_PosMod":"","ESN":"328","Post_Comm":"Brandon","Post_Code":"05733","GlobalID":"7338b3b6-3abc-41cc-a5e1-3212d6fe4d47","Category":"Residential"}},
{"type":"Feature","id":45300,"geometry":{"type":"Point","coordinates":[-73.2106914808993,43.7493022721916]},"properties":{"OBJECTID":45300,"ESITEID":130322,"PRIMARYNAME":"WHITES PT","ALIAS1":"","ALIAS2":"","ALIAS3":"","ALIAS4":"","ALIAS5":"","PRIMARYADDRESS":"76 WHITES PT","SITETYPE":"Single Family Dwelling","MAPYEAR":"Thu, 01 Jan 1998 00:00:00 GMT","SITETYPE_MULTI1":"","SITETYPE_MULTI2":"","SITETYPE_MULTI3":"","YearBuilt":null,"YearBuiltSrc":null,"YearBuiltNotes":"","ResUnitCnt":1,"NonResUnitCnt":0,"DateUpdate":"Fri, 27 Jan 2023 21:21:50 GMT","County":"Rutland County","Inc_Muni":"Hubbardton","AddNum_Pre":null,"Add_Number":76,"AddNum_Suf":"","St_PreMod":"","St_PreDir":"","St_PreTyp":"","St_PreSep":"","St_Name":"Whites","St_PosTyp":"Point","St_PosDir":"","St_PosMod":"","ESN":"328","Post_Comm":"Brandon","Post_Code":"05733","GlobalID":"cafc4b8d-c89d-4bb9-a3fd-896dd5a2ac60","Category":"Residential"}},
{"type":"Feature","id":187184,"geometry":{"type":"Point","coordinates":[-73.2111122719104,43.7493003137072]},"properties":{"OBJECTID":187184,"ESITEID":130323,"PRIMARYNAME":"WHITES PT","ALIAS1":"","ALIAS2":"","ALIAS3":"","ALIAS4":"","ALIAS5":"","PRIMARYADDRESS":"90 WHITES PT","SITETYPE":"Camp","MAPYEAR":"Thu, 01 Jan 1998 00:00:00 GMT","SITETYPE_MULTI1":"","SITETYPE_MULTI2":"","SITETYPE_MULTI3":"","YearBuilt":null,"YearBuiltSrc":null,"YearBuiltNotes":"","ResUnitCnt":1,"NonResUnitCnt":0,"DateUpdate":"Tue, 18 Apr 2017 17:09:42 GMT","County":"Rutland County","Inc_Muni":"Hubbardton","AddNum_Pre":null,"Add_Number":90,"AddNum_Suf":"","St_PreMod":"","St_PreDir":"","St_PreTyp":"","St_PreSep":"","St_Name":"Whites","St_PosTyp":"Point","St_PosDir":"","St_PosMod":"","ESN":"328","Post_Comm":"Brandon","Post_Code":"05733","GlobalID":"31cd836d-d767-4573-94f3-b3dc01f7dd9b","Category":"Residential"}},
{"type":"Feature","id":312248,"geometry":{"type":"Point","coordinates":[-73.2113533392725,43.7491849938226]},"properties":{"OBJECTID":312248,"ESITEID":130324,"PRIMARYNAME":"WHITES PT","ALIAS1":"","ALIAS2":"","ALIAS3":"","ALIAS4":"","ALIAS5":"","PRIMARYADDRESS":"100 WHITES PT","SITETYPE":"Camp","MAPYEAR":"Thu, 01 Jan 1998 00:00:00 GMT","SITETYPE_MULTI1":"","SITETYPE_MULTI2":"","SITETYPE_MULTI3":"","YearBuilt":null,"YearBuiltSrc":null,"YearBuiltNotes":"","ResUnitCnt":1,"NonResUnitCnt":0,"DateUpdate":"Tue, 18 Apr 2017 17:09:39 GMT","County":"Rutland County","Inc_Muni":"Hubbardton","AddNum_Pre":null,"Add_Number":100,"AddNum_Suf":"","St_PreMod":"","St_PreDir":"","St_PreTyp":"","St_PreSep":"","St_Name":"Whites","St_PosTyp":"Point","St_PosDir":"","St_PosMod":"","ESN":"328","Post_Comm":"Brandon","Post_Code":"05733","GlobalID":"02314922-88a9-4982-a52b-84aca95e33da","Category":"Residential"}},
{"type":"Feature","id":184790,"geometry":{"type":"Point","coordinates":[-73.2116276098437,43.7489411883913]},"properties":{"OBJECTID":184790,"ESITEID":130325,"PRIMARYNAME":"WHITES PT","ALIAS1":"","ALIAS2":"","ALIAS3":"","ALIAS4":"","ALIAS5":"","PRIMARYADDRESS":"120 WHITES PT","SITETYPE":"Camp","MAPYEAR":"Thu, 01 Jan 1998 00:00:00 GMT","SITETYPE_MULTI1":"","SITETYPE_MULTI2":"","SITETYPE_MULTI3":"","YearBuilt":null,"YearBuiltSrc":null,"YearBuiltNotes":"","ResUnitCnt":1,"NonResUnitCnt":0,"DateUpdate":"Fri, 27 Jan 2023 21:21:50 GMT","County":"Rutland County","Inc_Muni":"Hubbardton","AddNum_Pre":null,"Add_Number":120,"AddNum_Suf":"","St_PreMod":"","St_PreDir":"","St_PreTyp":"","St_PreSep":"","St_Name":"Whites","St_PosTyp":"Point","St_PosDir":"","St_PosMod":"","ESN":"328","Post_Comm":"Brandon","Post_Code":"05733","GlobalID":"e34debea-b478-4c11-b324-746f0d966457","Category":"Residential"}},
{"type":"Feature","id":290107,"geometry":{"type":"Point","coordinates":[-73.2039638510646,43.7490413886955]},"properties":{"OBJECTID":290107,"ESITEID":130326,"PRIMARYNAME":"DUBOFF LN","ALIAS1":"","ALIAS2":"","ALIAS3":"","ALIAS4":"","ALIAS5":"","PRIMARYADDRESS":"319 DUBOFF LN","SITETYPE":"Camp","MAPYEAR":"Thu, 01 Jan 1998 00:00:00 GMT","SITETYPE_MULTI1":"","SITETYPE_MULTI2":"","SITETYPE_MULTI3":"","YearBuilt":null,"YearBuiltSrc":null,"YearBuiltNotes":"","ResUnitCnt":1,"NonResUnitCnt":0,"DateUpdate":"Thu, 10 Aug 2023 15:52:06 GMT","County":"Rutland County","Inc_Muni":"Hubbardton","AddNum_Pre":null,"Add_Number":319,"AddNum_Suf":"","St_PreMod":"","St_PreDir":"","St_PreTyp":"","St_PreSep":"","St_Name":"Duboff","St_PosTyp":"Lane","St_PosDir":"","St_PosMod":"","ESN":"328","Post_Comm":"Brandon","Post_Code":"05733","GlobalID":"7d4aecc1-f2a2-4e5d-9663-6553489640e5","Category":"Residential"}},
{"type":"Feature","id":25018,"geometry":{"type":"Point","coordinates":[-73.2158064433786,43.7488072280909]},"properties":{"OBJECTID":25018,"ESITEID":130327,"PRIMARYNAME":"HUMPHREYS RD","ALIAS1":"","ALIAS2":"","ALIAS3":"","ALIAS4":"","ALIAS5":"","PRIMARYADDRESS":"183 HUMPHREYS RD","SITETYPE":"Camp","MAPYEAR":"Thu, 01 Jan 1998 00:00:00 GMT","SITETYPE_MULTI1":"","SITETYPE_MULTI2":"","SITETYPE_MULTI3":"","YearBuilt":null,"YearBuiltSrc":null,"YearBuiltNotes":"","ResUnitCnt":1,"NonResUnitCnt":0,"DateUpdate":"Fri, 27 Jan 2023 21:21:49 GMT","County":"Rutland County","Inc_Muni":"Hubbardton","AddNum_Pre":null,"Add_Number":183,"AddNum_Suf":"","St_PreMod":"","St_PreDir":" ","St_PreTyp":"","St_PreSep":"","St_Name":"Humphreys","St_PosTyp":"Road","St_PosDir":" ","St_PosMod":"","ESN":"328","Post_Comm":"Fair Haven","Post_Code":"05743","GlobalID":"120cd88b-859f-4cb7-9ef8-86767fe6c28c","Category":"Residential"}},
{"type":"Feature","id":41289,"geometry":{"type":"Point","coordinates":[-73.2113090683018,43.7488855611826]},"properties":{"OBJECTID":41289,"ESITEID":130328,"PRIMARYNAME":"WHITES PT","ALIAS1":"","ALIAS2":"","ALIAS3":"","ALIAS4":"","ALIAS5":"","PRIMARYADDRESS":"118 WHITES PT","SITETYPE":"Mobile Home","MAPYEAR":"Thu, 01 Jan 1998 00:00:00 GMT","SITETYPE_MULTI1":"","SITETYPE_MULTI2":"","SITETYPE_MULTI3":"","YearBuilt":null,"YearBuiltSrc":null,"YearBuiltNotes":"","ResUnitCnt":1,"NonResUnitCnt":0,"DateUpdate":"Fri, 27 Jan 2023 21:21:50 GMT","County":"Rutland County","Inc_Muni":"Hubbardton","AddNum_Pre":null,"Add_Number":118,"AddNum_Suf":"","St_PreMod":"","St_PreDir":"","St_PreTyp":"","St_PreSep":"","St_Name":"Whites","St_PosTyp":"Point","St_PosDir":"","St_PosMod":"","ESN":"328","Post_Comm":"Brandon","Post_Code":"05733","GlobalID":"741042a8-0981-4fb7-9376-346614a7b5b3","Category":"Residential"}},
{"type":"Feature","id":343850,"geometry":{"type":"Point","coordinates":[-73.2166456761263,43.7487385642487]},"properties":{"OBJECTID":343850,"ESITEID":130329,"PRIMARYNAME":"HUMPHREYS RD","ALIAS1":"","ALIAS2":"","ALIAS3":"","ALIAS4":"","ALIAS5":"","PRIMARYADDRESS":"154 HUMPHREYS RD","SITETYPE":"Camp","MAPYEAR":"Thu, 01 Jan 1998 00:00:00 GMT","SITETYPE_MULTI1":"","SITETYPE_MULTI2":"","SITETYPE_MULTI3":"","YearBuilt":null,"YearBuiltSrc":null,"YearBuiltNotes":"","ResUnitCnt":1,"NonResUnitCnt":0,"DateUpdate":"Fri, 27 Jan 2023 21:21:50 GMT","County":"Rutland County","Inc_Muni":"Hubbardton","AddNum_Pre":null,"Add_Number":154,"AddNum_Suf":"","St_PreMod":"","St_PreDir":" ","St_PreTyp":"","St_PreSep":"","St_Name":"Humphreys","St_PosTyp":"Road","St_PosDir":" ","St_PosMod":"","ESN":"328","Post_Comm":"Fair Haven","Post_Code":"05743","GlobalID":"532dbc98-e6f8-41aa-a7f5-94361504bf0c","Category":"Residential"}},
{"type":"Feature","id":126135,"geometry":{"type":"Point","coordinates":[-73.1894107744031,43.7488073293686]},"properties":{"OBJECTID":126135,"ESITEID":130330,"PRIMARYNAME":"VT ROUTE 30","ALIAS1":"","ALIAS2":"","ALIAS3":"","ALIAS4":"","ALIAS5":"","PRIMARYADDRESS":"5073 VT ROUTE 30","SITETYPE":"Mobile Home","MAPYEAR":"Thu, 01 Jan 1998 00:00:00 GMT","SITETYPE_MULTI1":"","SITETYPE_MULTI2":"","SITETYPE_MULTI3":"","YearBuilt":null,"YearBuiltSrc":null,"YearBuiltNotes":"","ResUnitCnt":1,"NonResUnitCnt":0,"DateUpdate":"Fri, 01 Aug 2025 11:13:59 GMT","County":"Rutland County","Inc_Muni":"Hubbardton","AddNum_Pre":null,"Add_Number":5073,"AddNum_Suf":"","St_PreMod":"","St_PreDir":"","St_PreTyp":"Vermont Route","St_PreSep":"","St_Name":"30","St_PosTyp":"","St_PosDir":"","St_PosMod":"","ESN":"328","Post_Comm":"Brandon","Post_Code":"05733","GlobalID":"74832cd1-c894-4939-b6cf-cfc1969bb744","Category":"Residential"}},
{"type":"Feature","id":210792,"geometry":{"type":"Point","coordinates":[-73.2115453021111,43.7487016612153]},"properties":{"OBJECTID":210792,"ESITEID":130331,"PRIMARYNAME":"WHITES PT","ALIAS1":"","ALIAS2":"","ALIAS3":"","ALIAS4":"","ALIAS5":"","PRIMARYADDRESS":"132 WHITES PT","SITETYPE":"Single Family Dwelling","MAPYEAR":"Thu, 01 Jan 1998 00:00:00 GMT","SITETYPE_MULTI1":"","SITETYPE_MULTI2":"","SITETYPE_MULTI3":"","YearBuilt":null,"YearBuiltSrc":null,"YearBuiltNotes":"","ResUnitCnt":1,"NonResUnitCnt":0,"DateUpdate":"Fri, 27 Jan 2023 21:21:50 GMT","County":"Rutland County","Inc_Muni":"Hubbardton","AddNum_Pre":null,"Add_Number":132,"AddNum_Suf":"","St_PreMod":"","St_PreDir":"","St_PreTyp":"","St_PreSep":"","St_Name":"Whites","St_PosTyp":"Point","St_PosDir":"","St_PosMod":"","ESN":"328","Post_Comm":"Brandon","Post_Code":"05733","GlobalID":"379a07e3-7337-4a72-a61a-b3dee8a11823","Category":"Residential"}},
{"type":"Feature","id":242608,"geometry":{"type":"Point","coordinates":[-73.2007382758786,43.7488871308197]},"properties":{"OBJECTID":242608,"ESITEID":130332,"PRIMARYNAME":"GREEN MOUNTAIN VLG","ALIAS1":"","ALIAS2":"","ALIAS3":"","ALIAS4":"","ALIAS5":"","PRIMARYADDRESS":"206 GREEN MOUNTAIN VLG","SITETYPE":"Camp","MAPYEAR":"Thu, 01 Jan 1998 00:00:00 GMT","SITETYPE_MULTI1":"","SITETYPE_MULTI2":"","SITETYPE_MULTI3":"","YearBuilt":null,"YearBuiltSrc":null,"YearBuiltNotes":"","ResUnitCnt":1,"NonResUnitCnt":0,"DateUpdate":"Fri, 27 Jan 2023 21:21:48 GMT","County":"Rutland County","Inc_Muni":"Hubbardton","AddNum_Pre":null,"Add_Number":206,"AddNum_Suf":"","St_PreMod":"","St_PreDir":" ","St_PreTyp":"","St_PreSep":"","St_Name":"Green Mountain","St_PosTyp":"Village","St_PosDir":"","St_PosMod":"","ESN":"328","Post_Comm":"Brandon","Post_Code":"05733","GlobalID":"f01f61f1-6aa4-4858-8418-e39ab212fc09","Category":"Residential"}},
{"type":"Feature","id":190969,"geometry":{"type":"Point","coordinates":[-73.2000163616529,43.7489365045403]},"properties":{"OBJECTID":190969,"ESITEID":130333,"PRIMARYNAME":"GREEN MOUNTAIN VLG","ALIAS1":"","ALIAS2":"","ALIAS3":"","ALIAS4":"","ALIAS5":"","PRIMARYADDRESS":"172 GREEN MOUNTAIN VLG","SITETYPE":"Accessory Building","MAPYEAR":"Thu, 01 Jan 1998 00:00:00 GMT","SITETYPE_MULTI1":"","SITETYPE_MULTI2":"","SITETYPE_MULTI3":"","YearBuilt":null,"YearBuiltSrc":null,"YearBuiltNotes":"","ResUnitCnt":1,"NonResUnitCnt":0,"DateUpdate":"Wed, 02 Jul 2025 21:57:55 GMT","County":"Rutland County","Inc_Muni":"Hubbardton","AddNum_Pre":null,"Add_Number":172,"AddNum_Suf":"","St_PreMod":"","St_PreDir":" ","St_PreTyp":"","St_PreSep":"","St_Name":"Green Mountain","St_PosTyp":"Village","St_PosDir":"","St_PosMod":"","ESN":"328","Post_Comm":"Brandon","Post_Code":"05733","GlobalID":"1577300d-219e-4c3a-8998-739b7bfc0dba","Category":"Residential"}},
{"type":"Feature","id":199058,"geometry":{"type":"Point","coordinates":[-73.2120898269235,43.7485470445635]},"properties":{"OBJECTID":199058,"ESITEID":130334,"PRIMARYNAME":"WHITES PT","ALIAS1":"","ALIAS2":"","ALIAS3":"","ALIAS4":"","ALIAS5":"","PRIMARYADDRESS":"174 WHITES PT","SITETYPE":"Camp","MAPYEAR":"Thu, 01 Jan 1998 00:00:00 GMT","SITETYPE_MULTI1":"","SITETYPE_MULTI2":"","SITETYPE_MULTI3":"","YearBuilt":null,"YearBuiltSrc":null,"YearBuiltNotes":"","ResUnitCnt":1,"NonResUnitCnt":0,"DateUpdate":"Fri, 27 Jan 2023 21:21:50 GMT","County":"Rutland County","Inc_Muni":"Hubbardton","AddNum_Pre":null,"Add_Number":174,"AddNum_Suf":"","St_PreMod":"","St_PreDir":"","St_PreTyp":"","St_PreSep":"","St_Name":"Whites","St_PosTyp":"Point","St_PosDir":"","St_PosMod":"","ESN":"328","Post_Comm":"Brandon","Post_Code":"05733","GlobalID":"fd8ea5d5-39a6-4576-b4fc-bc57aeddefe7","Category":"Residential"}},
{"type":"Feature","id":8862,"geometry":{"type":"Point","coordinates":[-73.2010567898243,43.7487264645953]},"properties":{"OBJECTID":8862,"ESITEID":130335,"PRIMARYNAME":"GREEN MOUNTAIN VLG","ALIAS1":"","ALIAS2":"","ALIAS3":"","ALIAS4":"","ALIAS5":"","PRIMARYADDRESS":"224 GREEN MOUNTAIN VLG","SITETYPE":"Camp","MAPYEAR":"Thu, 01 Jan 1998 00:00:00 GMT","SITETYPE_MULTI1":"","SITETYPE_MULTI2":"","SITETYPE_MULTI3":"","YearBuilt":null,"YearBuiltSrc":null,"YearBuiltNotes":"","ResUnitCnt":1,"NonResUnitCnt":0,"DateUpdate":"Fri, 27 Jan 2023 21:21:48 GMT","County":"Rutland County","Inc_Muni":"Hubbardton","AddNum_Pre":null,"Add_Number":224,"AddNum_Suf":"","St_PreMod":"","St_PreDir":" ","St_PreTyp":"","St_PreSep":"","St_Name":"Green Mountain","St_PosTyp":"Village","St_PosDir":"","St_PosMod":"","ESN":"328","Post_Comm":"Brandon","Post_Code":"05733","GlobalID":"0162f631-bfcf-4cc6-85b6-83a8292e7bd9","Category":"Residential"}},
{"type":"Feature","id":273661,"geometry":{"type":"Point","coordinates":[-73.1983154356641,43.748757413758]},"properties":{"OBJECTID":273661,"ESITEID":130336,"PRIMARYNAME":"CAMP RD  ","ALIAS1":"","ALIAS2":"","ALIAS3":"","ALIAS4":"","ALIAS5":"","PRIMARYADDRESS":"592 CAMP RD","SITETYPE":"Single Family Dwelling","MAPYEAR":"Thu, 01 Jan 1998 00:00:00 GMT","SITETYPE_MULTI1":"","SITETYPE_MULTI2":"","SITETYPE_MULTI3":"","YearBuilt":null,"YearBuiltSrc":null,"YearBuiltNotes":"","ResUnitCnt":1,"NonResUnitCnt":0,"DateUpdate":"Fri, 27 Jan 2023 22:17:57 GMT","County":"Rutland County","Inc_Muni":"Hubbardton","AddNum_Pre":null,"Add_Number":592,"AddNum_Suf":"","St_PreMod":"","St_PreDir":"","St_PreTyp":"","St_PreSep":"","St_Name":"Camp","St_PosTyp":"Road","St_PosDir":"","St_PosMod":"","ESN":"328","Post_Comm":"Brandon","Post_Code":"05733","GlobalID":"02298175-11b0-41cf-8069-029a1d79391c","Category":"Residential"}},
{"type":"Feature","id":252107,"geometry":{"type":"Point","coordinates":[-73.2033661474247,43.748629093344]},"properties":{"OBJECTID":252107,"ESITEID":130337,"PRIMARYNAME":"DUBOFF LN","ALIAS1":"","ALIAS2":"","ALIAS3":"","ALIAS4":"","ALIAS5":"","PRIMARYADDRESS":"298 DUBOFF LN","SITETYPE":"Camp","MAPYEAR":"Thu, 01 Jan 1998 00:00:00 GMT","SITETYPE_MULTI1":"","SITETYPE_MULTI2":"","SITETYPE_MULTI3":"","YearBuilt":null,"YearBuiltSrc":null,"YearBuiltNotes":"","ResUnitCnt":1,"NonResUnitCnt":0,"DateUpdate":"Thu, 10 Aug 2023 15:52:06 GMT","County":"Rutland County","Inc_Muni":"Hubbardton","AddNum_Pre":null,"Add_Number":298,"AddNum_Suf":"","St_PreMod":"","St_PreDir":"","St_PreTyp":"","St_PreSep":"","St_Name":"Duboff","St_PosTyp":"Lane","St_PosDir":"","St_PosMod":"","ESN":"328","Post_Comm":"Brandon","Post_Code":"05733","GlobalID":"36db6b3c-fade-456f-8597-7687131c6b7b","Category":"Residential"}},
{"type":"Feature","id":294453,"geometry":{"type":"Point","coordinates":[-73.1897555096964,43.7486278449088]},"properties":{"OBJECTID":294453,"ESITEID":130338,"PRIMARYNAME":"CAMP RD  ","ALIAS1":"","ALIAS2":"","ALIAS3":"","ALIAS4":"","ALIAS5":"","PRIMARYADDRESS":"55 CAMP RD","SITETYPE":"Single Family Dwelling","MAPYEAR":"Thu, 01 Jan 1998 00:00:00 GMT","SITETYPE_MULTI1":"","SITETYPE_MULTI2":"","SITETYPE_MULTI3":"","YearBuilt":null,"YearBuiltSrc":null,"YearBuiltNotes":"","ResUnitCnt":1,"NonResUnitCnt":0,"DateUpdate":"Fri, 27 Jan 2023 22:17:57 GMT","County":"Rutland County","Inc_Muni":"Hubbardton","AddNum_Pre":null,"Add_Number":55,"AddNum_Suf":"","St_PreMod":"","St_PreDir":"","St_PreTyp":"","St_PreSep":"","St_Name":"Camp","St_PosTyp":"Road","St_PosDir":"","St_PosMod":"","ESN":"328","Post_Comm":"Brandon","Post_Code":"05733","GlobalID":"88c8afc8-d5bd-478e-bc54-05fc841a5e4a","Category":"Residential"}},
{"type":"Feature","id":15707,"geometry":{"type":"Point","coordinates":[-73.2012602214931,43.7484632172735]},"properties":{"OBJECTID":15707,"ESITEID":130339,"PRIMARYNAME":"GREEN MOUNTAIN VLG","ALIAS1":"","ALIAS2":"","ALIAS3":"","ALIAS4":"","ALIAS5":"","PRIMARYADDRESS":"236 GREEN MOUNTAIN VLG","SITETYPE":"Camp","MAPYEAR":"Thu, 01 Jan 1998 00:00:00 GMT","SITETYPE_MULTI1":"","SITETYPE_MULTI2":"","SITETYPE_MULTI3":"","YearBuilt":null,"YearBuiltSrc":null,"YearBuiltNotes":"","ResUnitCnt":1,"NonResUnitCnt":0,"DateUpdate":"Fri, 27 Jan 2023 21:21:48 GMT","County":"Rutland County","Inc_Muni":"Hubbardton","AddNum_Pre":null,"Add_Number":236,"AddNum_Suf":"","St_PreMod":"","St_PreDir":" ","St_PreTyp":"","St_PreSep":"","St_Name":"Green Mountain","St_PosTyp":"Village","St_PosDir":"","St_PosMod":"","ESN":"328","Post_Comm":"Brandon","Post_Code":"05733","GlobalID":"719cf30b-cf08-45ee-87a9-cc8c2da01515","Category":"Residential"}},
{"type":"Feature","id":345822,"geometry":{"type":"Point","coordinates":[-73.2041868160407,43.7483845970274]},"properties":{"OBJECTID":345822,"ESITEID":130340,"PRIMARYNAME":"DUBOFF LN","ALIAS1":"","ALIAS2":"","ALIAS3":"","ALIAS4":"","ALIAS5":"","PRIMARYADDRESS":"277 DUBOFF LN","SITETYPE":"Camp","MAPYEAR":"Thu, 01 Jan 1998 00:00:00 GMT","SITETYPE_MULTI1":"","SITETYPE_MULTI2":"","SITETYPE_MULTI3":"","YearBuilt":null,"YearBuiltSrc":null,"YearBuiltNotes":"","ResUnitCnt":1,"NonResUnitCnt":0,"DateUpdate":"Thu, 10 Aug 2023 15:52:06 GMT","County":"Rutland County","Inc_Muni":"Hubbardton","AddNum_Pre":null,"Add_Number":277,"AddNum_Suf":"","St_PreMod":"","St_PreDir":"","St_PreTyp":"","St_PreSep":"","St_Name":"Duboff","St_PosTyp":"Lane","St_PosDir":"","St_PosMod":"","ESN":"328","Post_Comm":"Brandon","Post_Code":"05733","GlobalID":"0aa0b011-a937-4a6d-821a-846da2866778","Category":"Residential"}},
{"type":"Feature","id":273615,"geometry":{"type":"Point","coordinates":[-73.1357359191736,43.7486660858425]},"properties":{"OBJECTID":273615,"ESITEID":130341,"PRIMARYNAME":"HIGH POND RD  ","ALIAS1":"","ALIAS2":"","ALIAS3":"","ALIAS4":"","ALIAS5":"","PRIMARYADDRESS":"1958 HIGH POND RD","SITETYPE":"Camp","MAPYEAR":"Thu, 01 Jan 1998 00:00:00 GMT","SITETYPE_MULTI1":"","SITETYPE_MULTI2":"","SITETYPE_MULTI3":"","YearBuilt":null,"YearBuiltSrc":null,"YearBuiltNotes":"","ResUnitCnt":1,"NonResUnitCnt":0,"DateUpdate":"Fri, 27 Jan 2023 22:17:57 GMT","County":"Rutland County","Inc_Muni":"Hubbardton","AddNum_Pre":null,"Add_Number":1958,"AddNum_Suf":"","St_PreMod":"","St_PreDir":"","St_PreTyp":"","St_PreSep":"","St_Name":"High Pond","St_PosTyp":"Road","St_PosDir":"","St_PosMod":"","ESN":"328","Post_Comm":"Brandon","Post_Code":"05733","GlobalID":"6cb296d4-506d-4b83-8e49-63db128f6dc5","Category":"Residential"}},
{"type":"Feature","id":260268,"geometry":{"type":"Point","coordinates":[-73.2120086380793,43.7481226789539]},"properties":{"OBJECTID":260268,"ESITEID":130342,"PRIMARYNAME":"WHITES PT","ALIAS1":"","ALIAS2":"","ALIAS3":"","ALIAS4":"","ALIAS5":"","PRIMARYADDRESS":"172 WHITES PT","SITETYPE":"Camp","MAPYEAR":"Thu, 01 Jan 1998 00:00:00 GMT","SITETYPE_MULTI1":"","SITETYPE_MULTI2":"","SITETYPE_MULTI3":"","YearBuilt":null,"YearBuiltSrc":null,"YearBuiltNotes":"","ResUnitCnt":1,"NonResUnitCnt":0,"DateUpdate":"Fri, 27 Jan 2023 21:21:50 GMT","County":"Rutland County","Inc_Muni":"Hubbardton","AddNum_Pre":null,"Add_Number":172,"AddNum_Suf":"","St_PreMod":"","St_PreDir":"","St_PreTyp":"","St_PreSep":"","St_Name":"Whites","St_PosTyp":"Point","St_PosDir":"","St_PosMod":"","ESN":"328","Post_Comm":"Brandon","Post_Code":"05733","GlobalID":"ed486c30-89c9-40c3-bc65-0adbf35e0d61","Category":"Residential"}},
{"type":"Feature","id":187313,"geometry":{"type":"Point","coordinates":[-73.2191252292857,43.7479145886309]},"properties":{"OBJECTID":187313,"ESITEID":130343,"PRIMARYNAME":"ROUTE 144","ALIAS1":"","ALIAS2":"ROUTE 144","ALIAS3":"","ALIAS4":"","ALIAS5":"","PRIMARYADDRESS":"91 ROUTE 144","SITETYPE":"Single Family Dwelling","MAPYEAR":"Thu, 01 Jan 1998 00:00:00 GMT","SITETYPE_MULTI1":"","SITETYPE_MULTI2":"","SITETYPE_MULTI3":"","YearBuilt":null,"YearBuiltSrc":null,"YearBuiltNotes":"","ResUnitCnt":1,"NonResUnitCnt":0,"DateUpdate":"Fri, 27 Jan 2023 23:48:17 GMT","County":"Rutland County","Inc_Muni":"Hubbardton","AddNum_Pre":null,"Add_Number":91,"AddNum_Suf":"","St_PreMod":"","St_PreDir":"","St_PreTyp":"Route","St_PreSep":"","St_Name":"144","St_PosTyp":"","St_PosDir":"","St_PosMod":"","ESN":"328","Post_Comm":"Fair Haven","Post_Code":"05743","GlobalID":"49694eaa-37ef-4bad-bf05-20ed5e44e8c0","Category":"Residential"}},
{"type":"Feature","id":309601,"geometry":{"type":"Point","coordinates":[-73.2009742641538,43.7481305757992]},"properties":{"OBJECTID":309601,"ESITEID":130344,"PRIMARYNAME":"GREEN MOUNTAIN VLG","ALIAS1":"","ALIAS2":"","ALIAS3":"","ALIAS4":"","ALIAS5":"","PRIMARYADDRESS":"258 GREEN MOUNTAIN VLG","SITETYPE":"Camp","MAPYEAR":"Thu, 01 Jan 1998 00:00:00 GMT","SITETYPE_MULTI1":"","SITETYPE_MULTI2":"","SITETYPE_MULTI3":"","YearBuilt":null,"YearBuiltSrc":null,"YearBuiltNotes":"","ResUnitCnt":1,"NonResUnitCnt":0,"DateUpdate":"Fri, 27 Jan 2023 21:21:48 GMT","County":"Rutland County","Inc_Muni":"Hubbardton","AddNum_Pre":null,"Add_Number":258,"AddNum_Suf":"","St_PreMod":"","St_PreDir":" ","St_PreTyp":"","St_PreSep":"","St_Name":"Green Mountain","St_PosTyp":"Village","St_PosDir":"","St_PosMod":"","ESN":"328","Post_Comm":"Brandon","Post_Code":"05733","GlobalID":"7b445fcd-3ccd-4dbe-befa-3d9f04086dde","Category":"Residential"}},
{"type":"Feature","id":319315,"geometry":{"type":"Point","coordinates":[-73.208945873722,43.7479819159686]},"properties":{"OBJECTID":319315,"ESITEID":130345,"PRIMARYNAME":"PHILLIPS DR","ALIAS1":"","ALIAS2":"","ALIAS3":"","ALIAS4":"","ALIAS5":"","PRIMARYADDRESS":"142 PHILLIPS DR","SITETYPE":"Camp","MAPYEAR":"Thu, 01 Jan 1998 00:00:00 GMT","SITETYPE_MULTI1":"","SITETYPE_MULTI2":"","SITETYPE_MULTI3":"","YearBuilt":null,"YearBuiltSrc":null,"YearBuiltNotes":"","ResUnitCnt":1,"NonResUnitCnt":0,"DateUpdate":"Tue, 18 Apr 2017 17:07:09 GMT","County":"Rutland County","Inc_Muni":"Hubbardton","AddNum_Pre":null,"Add_Number":142,"AddNum_Suf":"","St_PreMod":"","St_PreDir":"","St_PreTyp":"","St_PreSep":"","St_Name":"Phillips","St_PosTyp":"Drive","St_PosDir":"","St_PosMod":"","ESN":"328","Post_Comm":"Brandon","Post_Code":"05733","GlobalID":"64e93b7e-f5ff-4486-bec2-ea71793a7321","Category":"Residential"}},
{"type":"Feature","id":338015,"geometry":{"type":"Point","coordinates":[-73.2166685639444,43.7478497386411]},"properties":{"OBJECTID":338015,"ESITEID":130346,"PRIMARYNAME":"SPACE DR  ","ALIAS1":"","ALIAS2":"","ALIAS3":"","ALIAS4":"","ALIAS5":"","PRIMARYADDRESS":"174 SPACE DR","SITETYPE":"Camp","MAPYEAR":"Thu, 01 Jan 1998 00:00:00 GMT","SITETYPE_MULTI1":"","SITETYPE_MULTI2":"","SITETYPE_MULTI3":"","YearBuilt":null,"YearBuiltSrc":null,"YearBuiltNotes":"","ResUnitCnt":1,"NonResUnitCnt":0,"DateUpdate":"Fri, 27 Jan 2023 21:32:29 GMT","County":"Rutland County","Inc_Muni":"Hubbardton","AddNum_Pre":null,"Add_Number":174,"AddNum_Suf":"","St_PreMod":"","St_PreDir":" ","St_PreTyp":"","St_PreSep":"","St_Name":"Space","St_PosTyp":"Drive","St_PosDir":" ","St_PosMod":"","ESN":"328","Post_Comm":"Fair Haven","Post_Code":"05743","GlobalID":"f9116886-cbb5-41d3-8be9-5ac2bbf0ac2b","Category":"Residential"}},
{"type":"Feature","id":141458,"geometry":{"type":"Point","coordinates":[-73.2106794870956,43.7478688125974]},"properties":{"OBJECTID":141458,"ESITEID":130347,"PRIMARYNAME":"TIPTOP DR","ALIAS1":"","ALIAS2":"","ALIAS3":"","ALIAS4":"","ALIAS5":"","PRIMARYADDRESS":"36 TIPTOP DR","SITETYPE":"Camp","MAPYEAR":"Thu, 01 Jan 1998 00:00:00 GMT","SITETYPE_MULTI1":"","SITETYPE_MULTI2":"","SITETYPE_MULTI3":"","YearBuilt":null,"YearBuiltSrc":null,"YearBuiltNotes":"","ResUnitCnt":1,"NonResUnitCnt":0,"DateUpdate":"Fri, 27 Jan 2023 21:21:51 GMT","County":"Rutland County","Inc_Muni":"Hubbardton","AddNum_Pre":null,"Add_Number":36,"AddNum_Suf":"","St_PreMod":"","St_PreDir":"","St_PreTyp":"","St_PreSep":"","St_Name":"Tiptop","St_PosTyp":"Drive","St_PosDir":"","St_PosMod":"","ESN":"328","Post_Comm":"Brandon","Post_Code":"05733","GlobalID":"6e764868-f5a6-40e1-897a-73fad70d3bd8","Category":"Residential"}},
{"type":"Feature","id":265679,"geometry":{"type":"Point","coordinates":[-73.2120756678884,43.7478535538954]},"properties":{"OBJECTID":265679,"ESITEID":130348,"PRIMARYNAME":"ELBOW DR","ALIAS1":"","ALIAS2":"","ALIAS3":"","ALIAS4":"","ALIAS5":"","PRIMARYADDRESS":"32 ELBOW DR","SITETYPE":"Camp","MAPYEAR":"Thu, 01 Jan 1998 00:00:00 GMT","SITETYPE_MULTI1":"","SITETYPE_MULTI2":"","SITETYPE_MULTI3":"","YearBuilt":null,"YearBuiltSrc":null,"YearBuiltNotes":"","ResUnitCnt":1,"NonResUnitCnt":0,"DateUpdate":"Fri, 27 Jan 2023 21:21:50 GMT","County":"Rutland County","Inc_Muni":"Hubbardton","AddNum_Pre":null,"Add_Number":32,"AddNum_Suf":"","St_PreMod":"","St_PreDir":"","St_PreTyp":"","St_PreSep":"","St_Name":"Elbow","St_PosTyp":"Drive","St_PosDir":"","St_PosMod":"","ESN":"328","Post_Comm":"Brandon","Post_Code":"05733","GlobalID":"59b8dbc7-6687-4a69-8e44-ed8f8824c297","Category":"Residential"}},
{"type":"Feature","id":708,"geometry":{"type":"Point","coordinates":[-73.2008043941103,43.7479792697664]},"properties":{"OBJECTID":708,"ESITEID":130349,"PRIMARYNAME":"GREEN MOUNTAIN VLG","ALIAS1":"","ALIAS2":"","ALIAS3":"","ALIAS4":"","ALIAS5":"","PRIMARYADDRESS":"266 GREEN MOUNTAIN VLG","SITETYPE":"Camp","MAPYEAR":"Thu, 01 Jan 1998 00:00:00 GMT","SITETYPE_MULTI1":"","SITETYPE_MULTI2":"","SITETYPE_MULTI3":"","YearBuilt":null,"YearBuiltSrc":null,"YearBuiltNotes":"","ResUnitCnt":1,"NonResUnitCnt":0,"DateUpdate":"Fri, 27 Jan 2023 21:21:48 GMT","County":"Rutland County","Inc_Muni":"Hubbardton","AddNum_Pre":null,"Add_Number":266,"AddNum_Suf":"","St_PreMod":"","St_PreDir":" ","St_PreTyp":"","St_PreSep":"","St_Name":"Green Mountain","St_PosTyp":"Village","St_PosDir":"","St_PosMod":"","ESN":"328","Post_Comm":"Brandon","Post_Code":"05733","GlobalID":"5a6aa44f-80c1-4dba-803b-39f73c8602ea","Category":"Residential"}},
{"type":"Feature","id":215824,"geometry":{"type":"Point","coordinates":[-73.2096763193908,43.7477175057697]},"properties":{"OBJECTID":215824,"ESITEID":130350,"PRIMARYNAME":"PHILLIPS DR","ALIAS1":"","ALIAS2":"","ALIAS3":"","ALIAS4":"","ALIAS5":"","PRIMARYADDRESS":"121 PHILLIPS DR","SITETYPE":"Camp","MAPYEAR":"Thu, 01 Jan 1998 00:00:00 GMT","SITETYPE_MULTI1":"","SITETYPE_MULTI2":"","SITETYPE_MULTI3":"","YearBuilt":null,"YearBuiltSrc":null,"YearBuiltNotes":"","ResUnitCnt":1,"NonResUnitCnt":0,"DateUpdate":"Fri, 18 Apr 2025 09:36:20 GMT","County":"Rutland County","Inc_Muni":"Hubbardton","AddNum_Pre":"","Add_Number":121,"AddNum_Suf":"","St_PreMod":"","St_PreDir":"","St_PreTyp":"","St_PreSep":"","St_Name":"Phillips","St_PosTyp":"Drive","St_PosDir":"","St_PosMod":"","ESN":"328","Post_Comm":"Brandon","Post_Code":"05733","GlobalID":"0e0bbe82-661b-4326-aa7b-099e0889e095","Category":"Residential"}},
{"type":"Feature","id":199431,"geometry":{"type":"Point","coordinates":[-73.2005552777651,43.7477848890398]},"properties":{"OBJECTID":199431,"ESITEID":130351,"PRIMARYNAME":"GREEN MOUNTAIN VLG","ALIAS1":"","ALIAS2":"","ALIAS3":"","ALIAS4":"","ALIAS5":"","PRIMARYADDRESS":"278 GREEN MOUNTAIN VLG","SITETYPE":"Camp","MAPYEAR":"Thu, 01 Jan 1998 00:00:00 GMT","SITETYPE_MULTI1":"","SITETYPE_MULTI2":"","SITETYPE_MULTI3":"","YearBuilt":null,"YearBuiltSrc":null,"YearBuiltNotes":"","ResUnitCnt":1,"NonResUnitCnt":0,"DateUpdate":"Fri, 27 Jan 2023 21:21:48 GMT","County":"Rutland County","Inc_Muni":"Hubbardton","AddNum_Pre":null,"Add_Number":278,"AddNum_Suf":"","St_PreMod":"","St_PreDir":" ","St_PreTyp":"","St_PreSep":"","St_Name":"Green Mountain","St_PosTyp":"Village","St_PosDir":"","St_PosMod":"","ESN":"328","Post_Comm":"Brandon","Post_Code":"05733","GlobalID":"69ef6560-fb24-4040-9448-384c6ab4d28a","Category":"Residential"}},
{"type":"Feature","id":80623,"geometry":{"type":"Point","coordinates":[-73.2094075800627,43.7476022086462]},"properties":{"OBJECTID":80623,"ESITEID":130352,"PRIMARYNAME":"PHILLIPS DR","ALIAS1":"","ALIAS2":"","ALIAS3":"","ALIAS4":"","ALIAS5":"","PRIMARYADDRESS":"134 PHILLIPS DR","SITETYPE":"Camp","MAPYEAR":"Thu, 01 Jan 1998 00:00:00 GMT","SITETYPE_MULTI1":"","SITETYPE_MULTI2":"","SITETYPE_MULTI3":"","YearBuilt":null,"YearBuiltSrc":null,"YearBuiltNotes":"","ResUnitCnt":1,"NonResUnitCnt":0,"DateUpdate":"Tue, 18 Apr 2017 17:07:05 GMT","County":"Rutland County","Inc_Muni":"Hubbardton","AddNum_Pre":null,"Add_Number":134,"AddNum_Suf":"","St_PreMod":"","St_PreDir":"","St_PreTyp":"","St_PreSep":"","St_Name":"Phillips","St_PosTyp":"Drive","St_PosDir":"","St_PosMod":"","ESN":"328","Post_Comm":"Brandon","Post_Code":"05733","GlobalID":"93d4f2cd-5048-4be6-abf7-bbf803b0391c","Category":"Residential"}},
{"type":"Feature","id":126078,"geometry":{"type":"Point","coordinates":[-73.2107023755411,43.7476742636393]},"properties":{"OBJECTID":126078,"ESITEID":130353,"PRIMARYNAME":"TIPTOP DR","ALIAS1":"","ALIAS2":"","ALIAS3":"","ALIAS4":"","ALIAS5":"","PRIMARYADDRESS":"46 TIPTOP DR","SITETYPE":"Camp","MAPYEAR":"Thu, 01 Jan 1998 00:00:00 GMT","SITETYPE_MULTI1":"","SITETYPE_MULTI2":"","SITETYPE_MULTI3":"","YearBuilt":null,"YearBuiltSrc":null,"YearBuiltNotes":"","ResUnitCnt":1,"NonResUnitCnt":0,"DateUpdate":"Fri, 27 Jan 2023 21:21:51 GMT","County":"Rutland County","Inc_Muni":"Hubbardton","AddNum_Pre":null,"Add_Number":46,"AddNum_Suf":"","St_PreMod":"","St_PreDir":"","St_PreTyp":"","St_PreSep":"","St_Name":"Tiptop","St_PosTyp":"Drive","St_PosDir":"","St_PosMod":"","ESN":"328","Post_Comm":"Brandon","Post_Code":"05733","GlobalID":"88012df5-e074-4fc9-8fc1-4caca291b164","Category":"Residential"}},
{"type":"Feature","id":297628,"geometry":{"type":"Point","coordinates":[-73.2120909264297,43.7476170428022]},"properties":{"OBJECTID":297628,"ESITEID":130354,"PRIMARYNAME":"ELBOW DR","ALIAS1":"","ALIAS2":"","ALIAS3":"","ALIAS4":"","ALIAS5":"","PRIMARYADDRESS":"36 ELBOW DR","SITETYPE":"Camp","MAPYEAR":"Thu, 01 Jan 1998 00:00:00 GMT","SITETYPE_MULTI1":"","SITETYPE_MULTI2":"","SITETYPE_MULTI3":"","YearBuilt":null,"YearBuiltSrc":null,"YearBuiltNotes":"","ResUnitCnt":1,"NonResUnitCnt":0,"DateUpdate":"Fri, 27 Jan 2023 21:21:50 GMT","County":"Rutland County","Inc_Muni":"Hubbardton","AddNum_Pre":null,"Add_Number":36,"AddNum_Suf":"","St_PreMod":"","St_PreDir":"","St_PreTyp":"","St_PreSep":"","St_Name":"Elbow","St_PosTyp":"Drive","St_PosDir":"","St_PosMod":"","ESN":"328","Post_Comm":"Brandon","Post_Code":"05733","GlobalID":"ead06b1e-529f-477f-9fbd-e1d1b2cc0313","Category":"Residential"}},
{"type":"Feature","id":174515,"geometry":{"type":"Point","coordinates":[-73.2109397874245,43.7477545062416]},"properties":{"OBJECTID":174515,"ESITEID":130355,"PRIMARYNAME":"TIPTOP DR","ALIAS1":"","ALIAS2":"","ALIAS3":"","ALIAS4":"","ALIAS5":"","PRIMARYADDRESS":"58 TIPTOP DR","SITETYPE":"Mobile Home","MAPYEAR":"Thu, 01 Jan 1998 00:00:00 GMT","SITETYPE_MULTI1":"","SITETYPE_MULTI2":"","SITETYPE_MULTI3":"","YearBuilt":null,"YearBuiltSrc":null,"YearBuiltNotes":"","ResUnitCnt":1,"NonResUnitCnt":0,"DateUpdate":"Tue, 18 Apr 2017 17:12:12 GMT","County":"Rutland County","Inc_Muni":"Hubbardton","AddNum_Pre":null,"Add_Number":58,"AddNum_Suf":"","St_PreMod":"","St_PreDir":"","St_PreTyp":"","St_PreSep":"","St_Name":"Tiptop","St_PosTyp":"Drive","St_PosDir":"","St_PosMod":"","ESN":"328","Post_Comm":"Brandon","Post_Code":"05733","GlobalID":"cbb574dc-14c6-4f02-b9e5-f278bab0e093","Category":"Residential"}},
{"type":"Feature","id":163940,"geometry":{"type":"Point","coordinates":[-73.216581234348,43.7475233331667]},"properties":{"OBJECTID":163940,"ESITEID":130356,"PRIMARYNAME":"SPACE DR  ","ALIAS1":"","ALIAS2":"","ALIAS3":"","ALIAS4":"","ALIAS5":"","PRIMARYADDRESS":"148 SPACE DR","SITETYPE":"Camp","MAPYEAR":"Thu, 01 Jan 1998 00:00:00 GMT","SITETYPE_MULTI1":"","SITETYPE_MULTI2":"","SITETYPE_MULTI3":"","YearBuilt":null,"YearBuiltSrc":null,"YearBuiltNotes":"","ResUnitCnt":1,"NonResUnitCnt":0,"DateUpdate":"Wed, 19 Apr 2017 07:22:39 GMT","County":"Rutland County","Inc_Muni":"Hubbardton","AddNum_Pre":null,"Add_Number":148,"AddNum_Suf":"","St_PreMod":"","St_PreDir":" ","St_PreTyp":"","St_PreSep":"","St_Name":"Space","St_PosTyp":"Drive","St_PosDir":" ","St_PosMod":"","ESN":"328","Post_Comm":"Fair Haven","Post_Code":"05743","GlobalID":"517320eb-1db5-484a-a6f1-993e1ead7571","Category":"Residential"}},
{"type":"Feature","id":247290,"geometry":{"type":"Point","coordinates":[-73.212090925348,43.7474568258452]},"properties":{"OBJECTID":247290,"ESITEID":130357,"PRIMARYNAME":"ELBOW DR","ALIAS1":"","ALIAS2":"","ALIAS3":"","ALIAS4":"","ALIAS5":"","PRIMARYADDRESS":"46 ELBOW DR","SITETYPE":"Camp","MAPYEAR":"Thu, 01 Jan 1998 00:00:00 GMT","SITETYPE_MULTI1":"","SITETYPE_MULTI2":"","SITETYPE_MULTI3":"","YearBuilt":null,"YearBuiltSrc":null,"YearBuiltNotes":"","ResUnitCnt":1,"NonResUnitCnt":0,"DateUpdate":"Fri, 27 Jan 2023 21:21:50 GMT","County":"Rutland County","Inc_Muni":"Hubbardton","AddNum_Pre":null,"Add_Number":46,"AddNum_Suf":"","St_PreMod":"","St_PreDir":"","St_PreTyp":"","St_PreSep":"","St_Name":"Elbow","St_PosTyp":"Drive","St_PosDir":"","St_PosMod":"","ESN":"328","Post_Comm":"Brandon","Post_Code":"05733","GlobalID":"cdcff3a7-7617-42b3-91f2-86240e5b37e2","Category":"Residential"}},
{"type":"Feature","id":57402,"geometry":{"type":"Point","coordinates":[-73.2004071836126,43.747520216881]},"properties":{"OBJECTID":57402,"ESITEID":130358,"PRIMARYNAME":"GREEN MOUNTAIN VLG","ALIAS1":"","ALIAS2":"","ALIAS3":"","ALIAS4":"","ALIAS5":"","PRIMARYADDRESS":"286 GREEN MOUNTAIN VLG","SITETYPE":"Single Family Dwelling","MAPYEAR":"Thu, 01 Jan 1998 00:00:00 GMT","SITETYPE_MULTI1":"","SITETYPE_MULTI2":"","SITETYPE_MULTI3":"","YearBuilt":null,"YearBuiltSrc":null,"YearBuiltNotes":"","ResUnitCnt":1,"NonResUnitCnt":0,"DateUpdate":"Fri, 27 Jan 2023 21:21:48 GMT","County":"Rutland County","Inc_Muni":"Hubbardton","AddNum_Pre":null,"Add_Number":286,"AddNum_Suf":"","St_PreMod":"","St_PreDir":" ","St_PreTyp":"","St_PreSep":"","St_Name":"Green Mountain","St_PosTyp":"Village","St_PosDir":"","St_PosMod":"","ESN":"328","Post_Comm":"Brandon","Post_Code":"05733","GlobalID":"cdbad668-3028-4c68-ab7b-d51f17f403df","Category":"Residential"}},
{"type":"Feature","id":53478,"geometry":{"type":"Point","coordinates":[-73.2105508718065,43.7472725854202]},"properties":{"OBJECTID":53478,"ESITEID":130359,"PRIMARYNAME":"TIPTOP DR","ALIAS1":"","ALIAS2":"","ALIAS3":"","ALIAS4":"","ALIAS5":"","PRIMARYADDRESS":"57 TIPTOP DR","SITETYPE":"Camp","MAPYEAR":"Thu, 01 Jan 1998 00:00:00 GMT","SITETYPE_MULTI1":"","SITETYPE_MULTI2":"","SITETYPE_MULTI3":"","YearBuilt":null,"YearBuiltSrc":null,"YearBuiltNotes":"","ResUnitCnt":1,"NonResUnitCnt":0,"DateUpdate":"Tue, 18 Apr 2017 17:08:50 GMT","County":"Rutland County","Inc_Muni":"Hubbardton","AddNum_Pre":null,"Add_Number":57,"AddNum_Suf":"","St_PreMod":"","St_PreDir":"","St_PreTyp":"","St_PreSep":"","St_Name":"Tiptop","St_PosTyp":"Drive","St_PosDir":"","St_PosMod":"","ESN":"328","Post_Comm":"Brandon","Post_Code":"05733","GlobalID":"efbdad15-0241-4224-958c-75700538dddd","Category":"Residential"}},
{"type":"Feature","id":185987,"geometry":{"type":"Point","coordinates":[-73.2098097376394,43.7473309394769]},"properties":{"OBJECTID":185987,"ESITEID":130360,"PRIMARYNAME":"WITS END RD","ALIAS1":"","ALIAS2":"","ALIAS3":"","ALIAS4":"","ALIAS5":"","PRIMARYADDRESS":"33 WITS END RD","SITETYPE":"Camp","MAPYEAR":"Thu, 01 Jan 1998 00:00:00 GMT","SITETYPE_MULTI1":"","SITETYPE_MULTI2":"","SITETYPE_MULTI3":"","YearBuilt":null,"YearBuiltSrc":null,"YearBuiltNotes":"","ResUnitCnt":1,"NonResUnitCnt":0,"DateUpdate":"Fri, 27 Jan 2023 21:21:51 GMT","County":"Rutland County","Inc_Muni":"Hubbardton","AddNum_Pre":null,"Add_Number":33,"AddNum_Suf":"","St_PreMod":"","St_PreDir":"","St_PreTyp":"","St_PreSep":"","St_Name":"Wits End","St_PosTyp":"Road","St_PosDir":"","St_PosMod":"","ESN":"328","Post_Comm":"Brandon","Post_Code":"05733","GlobalID":"9bc2d5a4-7984-4a07-91e2-783c14407380","Category":"Residential"}},
{"type":"Feature","id":76073,"geometry":{"type":"Point","coordinates":[-73.2121416799425,43.7473139140175]},"properties":{"OBJECTID":76073,"ESITEID":130361,"PRIMARYNAME":"ELBOW DR","ALIAS1":"","ALIAS2":"","ALIAS3":"","ALIAS4":"","ALIAS5":"","PRIMARYADDRESS":"56 ELBOW DR","SITETYPE":"Camp","MAPYEAR":"Thu, 01 Jan 1998 00:00:00 GMT","SITETYPE_MULTI1":"","SITETYPE_MULTI2":"","SITETYPE_MULTI3":"","YearBuilt":null,"YearBuiltSrc":null,"YearBuiltNotes":"","ResUnitCnt":1,"NonResUnitCnt":0,"DateUpdate":"Tue, 18 Apr 2017 17:10:52 GMT","County":"Rutland County","Inc_Muni":"Hubbardton","AddNum_Pre":null,"Add_Number":56,"AddNum_Suf":"","St_PreMod":"","St_PreDir":"","St_PreTyp":"","St_PreSep":"","St_Name":"Elbow","St_PosTyp":"Drive","St_PosDir":"","St_PosMod":"","ESN":"328","Post_Comm":"Brandon","Post_Code":"05733","GlobalID":"7a688372-d352-4926-abc6-08c8279f81b3","Category":"Residential"}},
{"type":"Feature","id":59140,"geometry":{"type":"Point","coordinates":[-73.2113127270122,43.747285164534]},"properties":{"OBJECTID":59140,"ESITEID":130362,"PRIMARYNAME":"WHITES PT","ALIAS1":"","ALIAS2":"","ALIAS3":"","ALIAS4":"","ALIAS5":"","PRIMARYADDRESS":"219 WHITES PT","SITETYPE":"Camp","MAPYEAR":"Thu, 01 Jan 1998 00:00:00 GMT","SITETYPE_MULTI1":"","SITETYPE_MULTI2":"","SITETYPE_MULTI3":"","YearBuilt":null,"YearBuiltSrc":null,"YearBuiltNotes":"","ResUnitCnt":1,"NonResUnitCnt":0,"DateUpdate":"Fri, 27 Jan 2023 21:21:50 GMT","County":"Rutland County","Inc_Muni":"Hubbardton","AddNum_Pre":null,"Add_Number":219,"AddNum_Suf":"","St_PreMod":"","St_PreDir":"","St_PreTyp":"","St_PreSep":"","St_Name":"Whites","St_PosTyp":"Point","St_PosDir":"","St_PosMod":"","ESN":"328","Post_Comm":"Brandon","Post_Code":"05733","GlobalID":"cca7b0ab-05d1-46f1-aeb4-1d4c9e3eaf04","Category":"Residential"}},
{"type":"Feature","id":77327,"geometry":{"type":"Point","coordinates":[-73.2110304393669,43.7472584602338]},"properties":{"OBJECTID":77327,"ESITEID":130363,"PRIMARYNAME":"TIPTOP DR","ALIAS1":"","ALIAS2":"","ALIAS3":"","ALIAS4":"","ALIAS5":"","PRIMARYADDRESS":"73 TIPTOP DR","SITETYPE":"Camp","MAPYEAR":"Thu, 01 Jan 1998 00:00:00 GMT","SITETYPE_MULTI1":"","SITETYPE_MULTI2":"","SITETYPE_MULTI3":"","YearBuilt":null,"YearBuiltSrc":null,"YearBuiltNotes":"","ResUnitCnt":1,"NonResUnitCnt":0,"DateUpdate":"Fri, 27 Jan 2023 21:21:51 GMT","County":"Rutland County","Inc_Muni":"Hubbardton","AddNum_Pre":null,"Add_Number":73,"AddNum_Suf":"","St_PreMod":"","St_PreDir":"","St_PreTyp":"","St_PreSep":"","St_Name":"Tiptop","St_PosTyp":"Drive","St_PosDir":"","St_PosMod":"","ESN":"328","Post_Comm":"Brandon","Post_Code":"05733","GlobalID":"badc3d72-4a9b-4397-ab55-2af59640d25e","Category":"Residential"}},
{"type":"Feature","id":198393,"geometry":{"type":"Point","coordinates":[-73.2107395506464,43.7471724947709]},"properties":{"OBJECTID":198393,"ESITEID":130364,"PRIMARYNAME":"TIPTOP DR","ALIAS1":"","ALIAS2":"","ALIAS3":"","ALIAS4":"","ALIAS5":"","PRIMARYADDRESS":"63 TIPTOP DR","SITETYPE":"Mobile Home","MAPYEAR":"Thu, 01 Jan 1998 00:00:00 GMT","SITETYPE_MULTI1":"","SITETYPE_MULTI2":"","SITETYPE_MULTI3":"","YearBuilt":null,"YearBuiltSrc":null,"YearBuiltNotes":"","ResUnitCnt":1,"NonResUnitCnt":0,"DateUpdate":"Tue, 18 Apr 2017 17:12:07 GMT","County":"Rutland County","Inc_Muni":"Hubbardton","AddNum_Pre":null,"Add_Number":63,"AddNum_Suf":"","St_PreMod":"","St_PreDir":"","St_PreTyp":"","St_PreSep":"","St_Name":"Tiptop","St_PosTyp":"Drive","St_PosDir":"","St_PosMod":"","ESN":"328","Post_Comm":"Brandon","Post_Code":"05733","GlobalID":"d6a66652-fdf9-4274-9cac-f4ae91d020fb","Category":"Residential"}},
{"type":"Feature","id":293876,"geometry":{"type":"Point","coordinates":[-73.2196516573001,43.7471669067647]},"properties":{"OBJECTID":293876,"ESITEID":130365,"PRIMARYNAME":"ROUTE 144","ALIAS1":"","ALIAS2":"ROUTE 144","ALIAS3":"","ALIAS4":"","ALIAS5":"","PRIMARYADDRESS":"143 ROUTE 144","SITETYPE":"Camp","MAPYEAR":"Thu, 01 Jan 1998 00:00:00 GMT","SITETYPE_MULTI1":"","SITETYPE_MULTI2":"","SITETYPE_MULTI3":"","YearBuilt":null,"YearBuiltSrc":null,"YearBuiltNotes":"","ResUnitCnt":1,"NonResUnitCnt":0,"DateUpdate":"Fri, 27 Jan 2023 23:48:17 GMT","County":"Rutland County","Inc_Muni":"Hubbardton","AddNum_Pre":null,"Add_Number":143,"AddNum_Suf":"","St_PreMod":"","St_PreDir":"","St_PreTyp":"Route","St_PreSep":"","St_Name":"144","St_PosTyp":"","St_PosDir":"","St_PosMod":"","ESN":"328","Post_Comm":"Fair Haven","Post_Code":"05743","GlobalID":"035f8c3d-0abf-4e20-a61e-218534352d44","Category":"Residential"}},
{"type":"Feature","id":135881,"geometry":{"type":"Point","coordinates":[-73.2184250100344,43.7470787305611]},"properties":{"OBJECTID":135881,"ESITEID":130366,"PRIMARYNAME":"SPACE DR  ","ALIAS1":"","ALIAS2":"","ALIAS3":"","ALIAS4":"","ALIAS5":"","PRIMARYADDRESS":"68 SPACE DR","SITETYPE":"Camp","MAPYEAR":"Thu, 01 Jan 1998 00:00:00 GMT","SITETYPE_MULTI1":"","SITETYPE_MULTI2":"","SITETYPE_MULTI3":"","YearBuilt":null,"YearBuiltSrc":null,"YearBuiltNotes":"","ResUnitCnt":1,"NonResUnitCnt":0,"DateUpdate":"Wed, 19 Apr 2017 07:22:50 GMT","County":"Rutland County","Inc_Muni":"Hubbardton","AddNum_Pre":null,"Add_Number":68,"AddNum_Suf":"","St_PreMod":"","St_PreDir":" ","St_PreTyp":"","St_PreSep":"","St_Name":"Space","St_PosTyp":"Drive","St_PosDir":" ","St_PosMod":"","ESN":"328","Post_Comm":"Fair Haven","Post_Code":"05743","GlobalID":"f6ffe83a-fc9b-4033-b395-bf70eaf60fdd","Category":"Residential"}},
{"type":"Feature","id":92641,"geometry":{"type":"Point","coordinates":[-73.218674042815,43.7470521423463]},"properties":{"OBJECTID":92641,"ESITEID":130367,"PRIMARYNAME":"SPACE DR  ","ALIAS1":"","ALIAS2":"","ALIAS3":"","ALIAS4":"","ALIAS5":"","PRIMARYADDRESS":"56 SPACE DR","SITETYPE":"Camp","MAPYEAR":"Thu, 01 Jan 1998 00:00:00 GMT","SITETYPE_MULTI1":"","SITETYPE_MULTI2":"","SITETYPE_MULTI3":"","YearBuilt":null,"YearBuiltSrc":null,"YearBuiltNotes":"","ResUnitCnt":1,"NonResUnitCnt":0,"DateUpdate":"Wed, 19 Apr 2017 07:22:46 GMT","County":"Rutland County","Inc_Muni":"Hubbardton","AddNum_Pre":null,"Add_Number":56,"AddNum_Suf":"","St_PreMod":"","St_PreDir":" ","St_PreTyp":"","St_PreSep":"","St_Name":"Space","St_PosTyp":"Drive","St_PosDir":" ","St_PosMod":"","ESN":"328","Post_Comm":"Fair Haven","Post_Code":"05743","GlobalID":"62d17faf-1d2c-4814-abde-13bc8b867d8a","Category":"Residential"}},
{"type":"Feature","id":37824,"geometry":{"type":"Point","coordinates":[-73.212110908345,43.7471780427837]},"properties":{"OBJECTID":37824,"ESITEID":130368,"PRIMARYNAME":"ELBOW DR","ALIAS1":"","ALIAS2":"","ALIAS3":"","ALIAS4":"","ALIAS5":"","PRIMARYADDRESS":"66 ELBOW DR","SITETYPE":"Camp","MAPYEAR":"Thu, 01 Jan 1998 00:00:00 GMT","SITETYPE_MULTI1":"","SITETYPE_MULTI2":"","SITETYPE_MULTI3":"","YearBuilt":null,"YearBuiltSrc":null,"YearBuiltNotes":"","ResUnitCnt":1,"NonResUnitCnt":0,"DateUpdate":"Tue, 18 Apr 2017 17:10:49 GMT","County":"Rutland County","Inc_Muni":"Hubbardton","AddNum_Pre":null,"Add_Number":66,"AddNum_Suf":"","St_PreMod":"","St_PreDir":"","St_PreTyp":"","St_PreSep":"","St_Name":"Elbow","St_PosTyp":"Drive","St_PosDir":"","St_PosMod":"","ESN":"328","Post_Comm":"Brandon","Post_Code":"05733","GlobalID":"30da6dff-63b2-4871-9b2c-c301a84bf844","Category":"Residential"}},
{"type":"Feature","id":119346,"geometry":{"type":"Point","coordinates":[-73.2095797343283,43.7471496500932]},"properties":{"OBJECTID":119346,"ESITEID":130369,"PRIMARYNAME":"WITS END RD","ALIAS1":"","ALIAS2":"","ALIAS3":"","ALIAS4":"","ALIAS5":"","PRIMARYADDRESS":"47 WITS END RD","SITETYPE":"Camp","MAPYEAR":"Thu, 01 Jan 1998 00:00:00 GMT","SITETYPE_MULTI1":"","SITETYPE_MULTI2":"","SITETYPE_MULTI3":"","YearBuilt":null,"YearBuiltSrc":null,"YearBuiltNotes":"","ResUnitCnt":1,"NonResUnitCnt":0,"DateUpdate":"Tue, 18 Apr 2017 17:08:43 GMT","County":"Rutland County","Inc_Muni":"Hubbardton","AddNum_Pre":null,"Add_Number":47,"AddNum_Suf":"","St_PreMod":"","St_PreDir":"","St_PreTyp":"","St_PreSep":"","St_Name":"Wits End","St_PosTyp":"Road","St_PosDir":"","St_PosMod":"","ESN":"328","Post_Comm":"Brandon","Post_Code":"05733","GlobalID":"8896e158-95c8-4368-9131-ecacf5b31b8e","Category":"Residential"}},
{"type":"Feature","id":7528,"geometry":{"type":"Point","coordinates":[-73.2121457544792,43.7470588998428]},"properties":{"OBJECTID":7528,"ESITEID":130370,"PRIMARYNAME":"ELBOW DR","ALIAS1":"","ALIAS2":"","ALIAS3":"","ALIAS4":"","ALIAS5":"","PRIMARYADDRESS":"74 ELBOW DR","SITETYPE":"Single Family Dwelling","MAPYEAR":"Thu, 01 Jan 1998 00:00:00 GMT","SITETYPE_MULTI1":"","SITETYPE_MULTI2":"","SITETYPE_MULTI3":"","YearBuilt":null,"YearBuiltSrc":null,"YearBuiltNotes":"","ResUnitCnt":1,"NonResUnitCnt":0,"DateUpdate":"Tue, 18 Apr 2017 17:10:46 GMT","County":"Rutland County","Inc_Muni":"Hubbardton","AddNum_Pre":null,"Add_Number":74,"AddNum_Suf":"","St_PreMod":"","St_PreDir":"","St_PreTyp":"","St_PreSep":"","St_Name":"Elbow","St_PosTyp":"Drive","St_PosDir":"","St_PosMod":"","ESN":"328","Post_Comm":"Brandon","Post_Code":"05733","GlobalID":"1b6264f5-197e-4704-ae41-55cea9cf49e8","Category":"Residential"}},
{"type":"Feature","id":318432,"geometry":{"type":"Point","coordinates":[-73.2198881698125,43.7470105061932]},"properties":{"OBJECTID":318432,"ESITEID":130371,"PRIMARYNAME":"ROUTE 144","ALIAS1":"","ALIAS2":"ROUTE 144","ALIAS3":"","ALIAS4":"","ALIAS5":"","PRIMARYADDRESS":"157 ROUTE 144","SITETYPE":"Camp","MAPYEAR":"Thu, 01 Jan 1998 00:00:00 GMT","SITETYPE_MULTI1":"","SITETYPE_MULTI2":"","SITETYPE_MULTI3":"","YearBuilt":null,"YearBuiltSrc":null,"YearBuiltNotes":"","ResUnitCnt":1,"NonResUnitCnt":0,"DateUpdate":"Fri, 27 Jan 2023 23:48:17 GMT","County":"Rutland County","Inc_Muni":"Hubbardton","AddNum_Pre":null,"Add_Number":157,"AddNum_Suf":"","St_PreMod":"","St_PreDir":"","St_PreTyp":"Route","St_PreSep":"","St_Name":"144","St_PosTyp":"","St_PosDir":"","St_PosMod":"","ESN":"328","Post_Comm":"Fair Haven","Post_Code":"05743","GlobalID":"af626b42-b976-4fa3-b01f-d07869099bd8","Category":"Residential"}},
{"type":"Feature","id":237162,"geometry":{"type":"Point","coordinates":[-73.2113420523316,43.747046090804]},"properties":{"OBJECTID":237162,"ESITEID":130372,"PRIMARYNAME":"WHITES PT","ALIAS1":"","ALIAS2":"","ALIAS3":"","ALIAS4":"","ALIAS5":"","PRIMARYADDRESS":"237 WHITES PT","SITETYPE":"Camp","MAPYEAR":"Thu, 01 Jan 1998 00:00:00 GMT","SITETYPE_MULTI1":"","SITETYPE_MULTI2":"","SITETYPE_MULTI3":"","YearBuilt":null,"YearBuiltSrc":null,"YearBuiltNotes":"","ResUnitCnt":1,"NonResUnitCnt":0,"DateUpdate":"Tue, 18 Apr 2017 17:11:47 GMT","County":"Rutland County","Inc_Muni":"Hubbardton","AddNum_Pre":null,"Add_Number":237,"AddNum_Suf":"","St_PreMod":"","St_PreDir":"","St_PreTyp":"","St_PreSep":"","St_Name":"Whites","St_PosTyp":"Point","St_PosDir":"","St_PosMod":"","ESN":"328","Post_Comm":"Brandon","Post_Code":"05733","GlobalID":"df980c4d-a299-448c-b8b7-b959a21e9016","Category":"Residential"}},
{"type":"Feature","id":262451,"geometry":{"type":"Point","coordinates":[-73.2042097579446,43.7470906150036]},"properties":{"OBJECTID":262451,"ESITEID":130373,"PRIMARYNAME":"DOTEN RD","ALIAS1":"","ALIAS2":"","ALIAS3":"","ALIAS4":"","ALIAS5":"","PRIMARYADDRESS":"411 DOTEN RD","SITETYPE":"Single Family Dwelling","MAPYEAR":"Thu, 01 Jan 1998 00:00:00 GMT","SITETYPE_MULTI1":"","SITETYPE_MULTI2":"","SITETYPE_MULTI3":"","YearBuilt":null,"YearBuiltSrc":null,"YearBuiltNotes":"","ResUnitCnt":1,"NonResUnitCnt":0,"DateUpdate":"Thu, 10 Aug 2023 15:52:06 GMT","County":"Rutland County","Inc_Muni":"Hubbardton","AddNum_Pre":null,"Add_Number":411,"AddNum_Suf":"","St_PreMod":"","St_PreDir":" ","St_PreTyp":"","St_PreSep":"","St_Name":"Doten","St_PosTyp":"Road","St_PosDir":" ","St_PosMod":"","ESN":"328","Post_Comm":"Brandon","Post_Code":"05733","GlobalID":"a9938cd8-17af-4660-a607-eab7357b574f","Category":"Residential"}},
{"type":"Feature","id":171275,"geometry":{"type":"Point","coordinates":[-73.2169591590646,43.746949025398]},"properties":{"OBJECTID":171275,"ESITEID":130374,"PRIMARYNAME":"SPACE DR  ","ALIAS1":"","ALIAS2":"","ALIAS3":"","ALIAS4":"","ALIAS5":"","PRIMARYADDRESS":"126 SPACE DR","SITETYPE":"Camp","MAPYEAR":"Thu, 01 Jan 1998 00:00:00 GMT","SITETYPE_MULTI1":"","SITETYPE_MULTI2":"","SITETYPE_MULTI3":"","YearBuilt":null,"YearBuiltSrc":null,"YearBuiltNotes":"","ResUnitCnt":1,"NonResUnitCnt":0,"DateUpdate":"Wed, 19 Apr 2017 07:22:35 GMT","County":"Rutland County","Inc_Muni":"Hubbardton","AddNum_Pre":null,"Add_Number":126,"AddNum_Suf":"","St_PreMod":"","St_PreDir":" ","St_PreTyp":"","St_PreSep":"","St_Name":"Space","St_PosTyp":"Drive","St_PosDir":" ","St_PosMod":"","ESN":"328","Post_Comm":"Fair Haven","Post_Code":"05743","GlobalID":"0f5424c7-feda-4be4-81b2-3ad9d59028de","Category":"Residential"}},
{"type":"Feature","id":332949,"geometry":{"type":"Point","coordinates":[-73.2104511617804,43.7470096713043]},"properties":{"OBJECTID":332949,"ESITEID":130375,"PRIMARYNAME":"WITS END RD","ALIAS1":"","ALIAS2":"","ALIAS3":"","ALIAS4":"","ALIAS5":"","PRIMARYADDRESS":"42 WITS END RD","SITETYPE":"Camp","MAPYEAR":"Thu, 01 Jan 1998 00:00:00 GMT","SITETYPE_MULTI1":"","SITETYPE_MULTI2":"","SITETYPE_MULTI3":"","YearBuilt":null,"YearBuiltSrc":null,"YearBuiltNotes":"","ResUnitCnt":1,"NonResUnitCnt":0,"DateUpdate":"Tue, 18 Apr 2017 17:08:34 GMT","County":"Rutland County","Inc_Muni":"Hubbardton","AddNum_Pre":null,"Add_Number":42,"AddNum_Suf":"","St_PreMod":"","St_PreDir":"","St_PreTyp":"","St_PreSep":"","St_Name":"Wits End","St_PosTyp":"Road","St_PosDir":"","St_PosMod":"","ESN":"328","Post_Comm":"Brandon","Post_Code":"05733","GlobalID":"5baa593b-0b87-4473-989f-fca4c2404ffb","Category":"Residential"}},
{"type":"Feature","id":258394,"geometry":{"type":"Point","coordinates":[-73.2109794866233,43.7470149041546]},"properties":{"OBJECTID":258394,"ESITEID":130376,"PRIMARYNAME":"WHITES PT","ALIAS1":"","ALIAS2":"","ALIAS3":"","ALIAS4":"","ALIAS5":"","PRIMARYADDRESS":"255 WHITES PT","SITETYPE":"Camp","MAPYEAR":"Thu, 01 Jan 1998 00:00:00 GMT","SITETYPE_MULTI1":"","SITETYPE_MULTI2":"","SITETYPE_MULTI3":"","YearBuilt":null,"YearBuiltSrc":null,"YearBuiltNotes":"","ResUnitCnt":1,"NonResUnitCnt":0,"DateUpdate":"Tue, 18 Apr 2017 17:10:42 GMT","County":"Rutland County","Inc_Muni":"Hubbardton","AddNum_Pre":null,"Add_Number":255,"AddNum_Suf":"","St_PreMod":"","St_PreDir":"","St_PreTyp":"","St_PreSep":"","St_Name":"Whites","St_PosTyp":"Point","St_PosDir":"","St_PosMod":"","ESN":"328","Post_Comm":"Brandon","Post_Code":"05733","GlobalID":"686db895-ecf3-4c52-8772-4b47e87668f3","Category":"Residential"}},
{"type":"Feature","id":14456,"geometry":{"type":"Point","coordinates":[-73.2098631422428,43.746911323852]},"properties":{"OBJECTID":14456,"ESITEID":130377,"PRIMARYNAME":"WITS END RD","ALIAS1":"","ALIAS2":"","ALIAS3":"","ALIAS4":"","ALIAS5":"","PRIMARYADDRESS":"57 WITS END RD","SITETYPE":"Camp","MAPYEAR":"Thu, 01 Jan 1998 00:00:00 GMT","SITETYPE_MULTI1":"","SITETYPE_MULTI2":"","SITETYPE_MULTI3":"","YearBuilt":null,"YearBuiltSrc":null,"YearBuiltNotes":"","ResUnitCnt":1,"NonResUnitCnt":0,"DateUpdate":"Fri, 27 Jan 2023 21:21:51 GMT","County":"Rutland County","Inc_Muni":"Hubbardton","AddNum_Pre":null,"Add_Number":57,"AddNum_Suf":"","St_PreMod":"","St_PreDir":"","St_PreTyp":"","St_PreSep":"","St_Name":"Wits End","St_PosTyp":"Road","St_PosDir":"","St_PosMod":"","ESN":"328","Post_Comm":"Brandon","Post_Code":"05733","GlobalID":"7254e26d-cf98-4879-852b-2a96560bd410","Category":"Residential"}},
{"type":"Feature","id":43576,"geometry":{"type":"Point","coordinates":[-73.2207502917747,43.7468312144771]},"properties":{"OBJECTID":43576,"ESITEID":130378,"PRIMARYNAME":"LHCS RD","ALIAS1":"","ALIAS2":"","ALIAS3":"","ALIAS4":"","ALIAS5":"","PRIMARYADDRESS":"104 LHCS RD","SITETYPE":"Mobile Home","MAPYEAR":"Thu, 01 Jan 1998 00:00:00 GMT","SITETYPE_MULTI1":"","SITETYPE_MULTI2":"","SITETYPE_MULTI3":"","YearBuilt":null,"YearBuiltSrc":null,"YearBuiltNotes":"","ResUnitCnt":1,"NonResUnitCnt":0,"DateUpdate":"Fri, 27 Jan 2023 21:21:46 GMT","County":"Rutland County","Inc_Muni":"Hubbardton","AddNum_Pre":null,"Add_Number":104,"AddNum_Suf":"","St_PreMod":"","St_PreDir":"","St_PreTyp":"","St_PreSep":"","St_Name":"Lhcs","St_PosTyp":"Road","St_PosDir":"","St_PosMod":"","ESN":"328","Post_Comm":"Fair Haven","Post_Code":"05743","GlobalID":"824ceee6-541f-4b70-a4b4-b5f9cd6ea7d8","Category":"Residential"}},
{"type":"Feature","id":243491,"geometry":{"type":"Point","coordinates":[-73.22127984755,43.746924850736]},"properties":{"OBJECTID":243491,"ESITEID":130379,"PRIMARYNAME":"ROUTE 144","ALIAS1":"","ALIAS2":"ROUTE 144","ALIAS3":"","ALIAS4":"","ALIAS5":"","PRIMARYADDRESS":"218 ROUTE 144","SITETYPE":"Single Family Dwelling","MAPYEAR":"Thu, 01 Jan 1998 00:00:00 GMT","SITETYPE_MULTI1":"","SITETYPE_MULTI2":"","SITETYPE_MULTI3":"","YearBuilt":null,"YearBuiltSrc":null,"YearBuiltNotes":"","ResUnitCnt":1,"NonResUnitCnt":0,"DateUpdate":"Wed, 19 Apr 2017 07:24:08 GMT","County":"Rutland County","Inc_Muni":"Hubbardton","AddNum_Pre":null,"Add_Number":218,"AddNum_Suf":"","St_PreMod":"","St_PreDir":"","St_PreTyp":"Route","St_PreSep":"","St_Name":"144","St_PosTyp":"","St_PosDir":"","St_PosMod":"","ESN":"328","Post_Comm":"Fair Haven","Post_Code":"05743","GlobalID":"ef5d8d7c-513f-450d-a410-c95ba348a5fb","Category":"Residential"}},
{"type":"Feature","id":229687,"geometry":{"type":"Point","coordinates":[-73.2202925275903,43.7468045108303]},"properties":{"OBJECTID":229687,"ESITEID":130380,"PRIMARYNAME":"ROUTE 144","ALIAS1":"","ALIAS2":"ROUTE 144","ALIAS3":"","ALIAS4":"","ALIAS5":"","PRIMARYADDRESS":"181 ROUTE 144","SITETYPE":"Single Family Dwelling","MAPYEAR":"Thu, 01 Jan 1998 00:00:00 GMT","SITETYPE_MULTI1":"","SITETYPE_MULTI2":"","SITETYPE_MULTI3":"","YearBuilt":null,"YearBuiltSrc":null,"YearBuiltNotes":"","ResUnitCnt":1,"NonResUnitCnt":0,"DateUpdate":"Fri, 27 Jan 2023 23:48:17 GMT","County":"Rutland County","Inc_Muni":"Hubbardton","AddNum_Pre":null,"Add_Number":181,"AddNum_Suf":"","St_PreMod":"","St_PreDir":"","St_PreTyp":"Route","St_PreSep":"","St_Name":"144","St_PosTyp":"","St_PosDir":"","St_PosMod":"","ESN":"328","Post_Comm":"Fair Haven","Post_Code":"05743","GlobalID":"8f9b282f-8a22-4774-b697-0556487f6284","Category":"Residential"}},
{"type":"Feature","id":278355,"geometry":{"type":"Point","coordinates":[-73.212076206598,43.7468056305538]},"properties":{"OBJECTID":278355,"ESITEID":130381,"PRIMARYNAME":"WHITES PT","ALIAS1":"","ALIAS2":"","ALIAS3":"","ALIAS4":"","ALIAS5":"","PRIMARYADDRESS":"260 WHITES PT","SITETYPE":"Camp","MAPYEAR":"Thu, 01 Jan 1998 00:00:00 GMT","SITETYPE_MULTI1":"","SITETYPE_MULTI2":"","SITETYPE_MULTI3":"","YearBuilt":null,"YearBuiltSrc":null,"YearBuiltNotes":"","ResUnitCnt":1,"NonResUnitCnt":0,"DateUpdate":"Tue, 18 Apr 2017 17:11:56 GMT","County":"Rutland County","Inc_Muni":"Hubbardton","AddNum_Pre":null,"Add_Number":260,"AddNum_Suf":"","St_PreMod":"","St_PreDir":"","St_PreTyp":"","St_PreSep":"","St_Name":"Whites","St_PosTyp":"Point","St_PosDir":"","St_PosMod":"","ESN":"328","Post_Comm":"Brandon","Post_Code":"05733","GlobalID":"4da5764a-b54c-4a50-bd5a-58927f0059b6","Category":"Residential"}},
{"type":"Feature","id":149811,"geometry":{"type":"Point","coordinates":[-73.2100790054747,43.7467219991023]},"properties":{"OBJECTID":149811,"ESITEID":130382,"PRIMARYNAME":"WITS END RD","ALIAS1":"","ALIAS2":"","ALIAS3":"","ALIAS4":"","ALIAS5":"","PRIMARYADDRESS":"71 WITS END RD","SITETYPE":"Camp","MAPYEAR":"Thu, 01 Jan 1998 00:00:00 GMT","SITETYPE_MULTI1":"","SITETYPE_MULTI2":"","SITETYPE_MULTI3":"","YearBuilt":null,"YearBuiltSrc":null,"YearBuiltNotes":"","ResUnitCnt":1,"NonResUnitCnt":0,"DateUpdate":"Fri, 18 Apr 2025 09:33:40 GMT","County":"Rutland County","Inc_Muni":"Hubbardton","AddNum_Pre":"","Add_Number":71,"AddNum_Suf":"","St_PreMod":"","St_PreDir":"","St_PreTyp":"","St_PreSep":"","St_Name":"Wits End","St_PosTyp":"Road","St_PosDir":"","St_PosMod":"","ESN":"328","Post_Comm":"Brandon","Post_Code":"05733","GlobalID":"8354477e-687e-4ae2-8ae7-ab5db847c1ec","Category":"Residential"}},
{"type":"Feature","id":222284,"geometry":{"type":"Point","coordinates":[-73.2205977037874,43.7467015149187]},"properties":{"OBJECTID":222284,"ESITEID":130383,"PRIMARYNAME":"LHCS RD","ALIAS1":"","ALIAS2":"","ALIAS3":"","ALIAS4":"","ALIAS5":"","PRIMARYADDRESS":"96 LHCS RD","SITETYPE":"Camp","MAPYEAR":"Thu, 01 Jan 1998 00:00:00 GMT","SITETYPE_MULTI1":"","SITETYPE_MULTI2":"","SITETYPE_MULTI3":"","YearBuilt":null,"YearBuiltSrc":null,"YearBuiltNotes":"","ResUnitCnt":1,"NonResUnitCnt":0,"DateUpdate":"Fri, 27 Jan 2023 21:21:46 GMT","County":"Rutland County","Inc_Muni":"Hubbardton","AddNum_Pre":null,"Add_Number":96,"AddNum_Suf":"","St_PreMod":"","St_PreDir":"","St_PreTyp":"","St_PreSep":"","St_Name":"Lhcs","St_PosTyp":"Road","St_PosDir":"","St_PosMod":"","ESN":"328","Post_Comm":"Fair Haven","Post_Code":"05743","GlobalID":"fb9b9cdf-a0f5-4545-9b64-2cb047d261a4","Category":"Residential"}},
{"type":"Feature","id":134764,"geometry":{"type":"Point","coordinates":[-73.2172912810138,43.7466126151352]},"properties":{"OBJECTID":134764,"ESITEID":130384,"PRIMARYNAME":"SPACE DR  ","ALIAS1":"","ALIAS2":"","ALIAS3":"","ALIAS4":"","ALIAS5":"","PRIMARYADDRESS":"124 SPACE DR","SITETYPE":"Camp","MAPYEAR":"Thu, 01 Jan 1998 00:00:00 GMT","SITETYPE_MULTI1":"","SITETYPE_MULTI2":"","SITETYPE_MULTI3":"","YearBuilt":null,"YearBuiltSrc":null,"YearBuiltNotes":"","ResUnitCnt":1,"NonResUnitCnt":0,"DateUpdate":"Wed, 19 Apr 2017 07:22:42 GMT","County":"Rutland County","Inc_Muni":"Hubbardton","AddNum_Pre":null,"Add_Number":124,"AddNum_Suf":"","St_PreMod":"","St_PreDir":" ","St_PreTyp":"","St_PreSep":"","St_Name":"Space","St_PosTyp":"Drive","St_PosDir":" ","St_PosMod":"","ESN":"328","Post_Comm":"Fair Haven","Post_Code":"05743","GlobalID":"68871ecb-4643-4614-822d-613d6276f9de","Category":"Residential"}},
{"type":"Feature","id":99,"geometry":{"type":"Point","coordinates":[-73.2117575278221,43.746416672681]},"properties":{"OBJECTID":99,"ESITEID":130385,"PRIMARYNAME":"WHITES PT","ALIAS1":"","ALIAS2":"","ALIAS3":"","ALIAS4":"","ALIAS5":"","PRIMARYADDRESS":"272 WHITES PT","SITETYPE":"Camp","MAPYEAR":"Thu, 01 Jan 1998 00:00:00 GMT","SITETYPE_MULTI1":"","SITETYPE_MULTI2":"","SITETYPE_MULTI3":"","YearBuilt":null,"YearBuiltSrc":null,"YearBuiltNotes":"","ResUnitCnt":1,"NonResUnitCnt":0,"DateUpdate":"Tue, 18 Apr 2017 17:11:40 GMT","County":"Rutland County","Inc_Muni":"Hubbardton","AddNum_Pre":null,"Add_Number":272,"AddNum_Suf":"","St_PreMod":"","St_PreDir":"","St_PreTyp":"","St_PreSep":"","St_Name":"Whites","St_PosTyp":"Point","St_PosDir":"","St_PosMod":"","ESN":"328","Post_Comm":"Brandon","Post_Code":"05733","GlobalID":"626c9332-0eb7-45bd-9a5a-d8bebed6e041","Category":"Residential"}},
{"type":"Feature","id":183184,"geometry":{"type":"Point","coordinates":[-73.2104171089454,43.7465938293221]},"properties":{"OBJECTID":183184,"ESITEID":130386,"PRIMARYNAME":"WITS END RD","ALIAS1":"","ALIAS2":"","ALIAS3":"","ALIAS4":"","ALIAS5":"","PRIMARYADDRESS":"83 WITS END RD","SITETYPE":"Camp","MAPYEAR":"Thu, 01 Jan 1998 00:00:00 GMT","SITETYPE_MULTI1":"","SITETYPE_MULTI2":"","SITETYPE_MULTI3":"","YearBuilt":null,"YearBuiltSrc":null,"YearBuiltNotes":"","ResUnitCnt":1,"NonResUnitCnt":0,"DateUpdate":"Tue, 18 Apr 2017 17:08:37 GMT","County":"Rutland County","Inc_Muni":"Hubbardton","AddNum_Pre":null,"Add_Number":83,"AddNum_Suf":"","St_PreMod":"","St_PreDir":"","St_PreTyp":"","St_PreSep":"","St_Name":"Wits End","St_PosTyp":"Road","St_PosDir":"","St_PosMod":"","ESN":"328","Post_Comm":"Brandon","Post_Code":"05733","GlobalID":"2300fd63-a161-4e47-8361-36186f2fb649","Category":"Residential"}},
{"type":"Feature","id":7973,"geometry":{"type":"Point","coordinates":[-73.2047065101322,43.7468583907229]},"properties":{"OBJECTID":7973,"ESITEID":130387,"PRIMARYNAME":"DOTEN RD","ALIAS1":"","ALIAS2":"","ALIAS3":"","ALIAS4":"","ALIAS5":"","PRIMARYADDRESS":"377 DOTEN RD","SITETYPE":"Camp","MAPYEAR":"Thu, 01 Jan 1998 00:00:00 GMT","SITETYPE_MULTI1":"","SITETYPE_MULTI2":"","SITETYPE_MULTI3":"","YearBuilt":null,"YearBuiltSrc":null,"YearBuiltNotes":"","ResUnitCnt":1,"NonResUnitCnt":0,"DateUpdate":"Thu, 10 Aug 2023 15:52:06 GMT","County":"Rutland County","Inc_Muni":"Hubbardton","AddNum_Pre":null,"Add_Number":377,"AddNum_Suf":"","St_PreMod":"","St_PreDir":" ","St_PreTyp":"","St_PreSep":"","St_Name":"Doten","St_PosTyp":"Road","St_PosDir":" ","St_PosMod":"","ESN":"328","Post_Comm":"Brandon","Post_Code":"05733","GlobalID":"597c3e8c-1924-45a0-91cd-ccaa6cfc71b2","Category":"Residential"}},
{"type":"Feature","id":241734,"geometry":{"type":"Point","coordinates":[-73.2204527462157,43.7465374828698]},"properties":{"OBJECTID":241734,"ESITEID":130388,"PRIMARYNAME":"LHCS DR","ALIAS1":"","ALIAS2":"","ALIAS3":"","ALIAS4":"","ALIAS5":"","PRIMARYADDRESS":"23 LHCS DR","SITETYPE":"Mobile Home","MAPYEAR":"Thu, 01 Jan 1998 00:00:00 GMT","SITETYPE_MULTI1":"","SITETYPE_MULTI2":"","SITETYPE_MULTI3":"","YearBuilt":null,"YearBuiltSrc":null,"YearBuiltNotes":"","ResUnitCnt":1,"NonResUnitCnt":0,"DateUpdate":"Fri, 27 Jan 2023 21:21:50 GMT","County":"Rutland County","Inc_Muni":"Hubbardton","AddNum_Pre":null,"Add_Number":23,"AddNum_Suf":"","St_PreMod":"","St_PreDir":" ","St_PreTyp":"","St_PreSep":"","St_Name":"Lhcs","St_PosTyp":"Drive","St_PosDir":" ","St_PosMod":"","ESN":"328","Post_Comm":"Fair Haven","Post_Code":"05743","GlobalID":"67e185e3-ff98-4565-ac66-6582eaa72a9e","Category":"Residential"}},
{"type":"Feature","id":326516,"geometry":{"type":"Point","coordinates":[-73.2049609040831,43.7467244194622]},"properties":{"OBJECTID":326516,"ESITEID":130389,"PRIMARYNAME":"DOTEN RD","ALIAS1":"","ALIAS2":"","ALIAS3":"","ALIAS4":"","ALIAS5":"","PRIMARYADDRESS":"355 DOTEN RD","SITETYPE":"Camp","MAPYEAR":"Thu, 01 Jan 1998 00:00:00 GMT","SITETYPE_MULTI1":"","SITETYPE_MULTI2":"","SITETYPE_MULTI3":"","YearBuilt":null,"YearBuiltSrc":null,"YearBuiltNotes":"","ResUnitCnt":1,"NonResUnitCnt":0,"DateUpdate":"Thu, 10 Aug 2023 15:52:06 GMT","County":"Rutland County","Inc_Muni":"Hubbardton","AddNum_Pre":null,"Add_Number":355,"AddNum_Suf":"","St_PreMod":"","St_PreDir":" ","St_PreTyp":"","St_PreSep":"","St_Name":"Doten","St_PosTyp":"Road","St_PosDir":" ","St_PosMod":"","ESN":"328","Post_Comm":"Brandon","Post_Code":"05733","GlobalID":"50219742-586c-4fba-8a0c-d00cddda5f58","Category":"Residential"}},
{"type":"Feature","id":47161,"geometry":{"type":"Point","coordinates":[-73.211609531019,43.7463428793443]},"properties":{"OBJECTID":47161,"ESITEID":130390,"PRIMARYNAME":"WHITES PT","ALIAS1":"","ALIAS2":"","ALIAS3":"","ALIAS4":"","ALIAS5":"","PRIMARYADDRESS":"280 WHITES PT","SITETYPE":"Camp","MAPYEAR":"Thu, 01 Jan 1998 00:00:00 GMT","SITETYPE_MULTI1":"","SITETYPE_MULTI2":"","SITETYPE_MULTI3":"","YearBuilt":null,"YearBuiltSrc":null,"YearBuiltNotes":"","ResUnitCnt":1,"NonResUnitCnt":0,"DateUpdate":"Tue, 18 Apr 2017 17:11:37 GMT","County":"Rutland County","Inc_Muni":"Hubbardton","AddNum_Pre":null,"Add_Number":280,"AddNum_Suf":"","St_PreMod":"","St_PreDir":"","St_PreTyp":"","St_PreSep":"","St_Name":"Whites","St_PosTyp":"Point","St_PosDir":"","St_PosMod":"","ESN":"328","Post_Comm":"Brandon","Post_Code":"05733","GlobalID":"7722a372-a39f-4b0b-952b-aa18e1f890a1","Category":"Residential"}},
{"type":"Feature","id":109718,"geometry":{"type":"Point","coordinates":[-73.2203917099068,43.7464421156175]},"properties":{"OBJECTID":109718,"ESITEID":130391,"PRIMARYNAME":"LHCS DR","ALIAS1":"","ALIAS2":"","ALIAS3":"","ALIAS4":"","ALIAS5":"","PRIMARYADDRESS":"29 LHCS DR","SITETYPE":"Mobile Home","MAPYEAR":"Thu, 01 Jan 1998 00:00:00 GMT","SITETYPE_MULTI1":"","SITETYPE_MULTI2":"","SITETYPE_MULTI3":"","YearBuilt":null,"YearBuiltSrc":null,"YearBuiltNotes":"","ResUnitCnt":1,"NonResUnitCnt":0,"DateUpdate":"Fri, 27 Jan 2023 21:21:50 GMT","County":"Rutland County","Inc_Muni":"Hubbardton","AddNum_Pre":null,"Add_Number":29,"AddNum_Suf":"","St_PreMod":"","St_PreDir":" ","St_PreTyp":"","St_PreSep":"","St_Name":"Lhcs","St_PosTyp":"Drive","St_PosDir":" ","St_PosMod":"","ESN":"328","Post_Comm":"Fair Haven","Post_Code":"05743","GlobalID":"a886a1e1-d617-4ba5-ad2c-860a9e5b6f70","Category":"Residential"}},
{"type":"Feature","id":76323,"geometry":{"type":"Point","coordinates":[-73.2058653379321,43.7464459300994]},"properties":{"OBJECTID":76323,"ESITEID":130392,"PRIMARYNAME":"DOTEN RD","ALIAS1":"","ALIAS2":"","ALIAS3":"","ALIAS4":"","ALIAS5":"","PRIMARYADDRESS":"195 DOTEN RD","SITETYPE":"Camp","MAPYEAR":"Thu, 01 Jan 1998 00:00:00 GMT","SITETYPE_MULTI1":"","SITETYPE_MULTI2":"","SITETYPE_MULTI3":"","YearBuilt":null,"YearBuiltSrc":null,"YearBuiltNotes":"","ResUnitCnt":1,"NonResUnitCnt":0,"DateUpdate":"Thu, 10 Aug 2023 15:52:06 GMT","County":"Rutland County","Inc_Muni":"Hubbardton","AddNum_Pre":null,"Add_Number":195,"AddNum_Suf":"","St_PreMod":"","St_PreDir":" ","St_PreTyp":"","St_PreSep":"","St_Name":"Doten","St_PosTyp":"Road","St_PosDir":" ","St_PosMod":"","ESN":"328","Post_Comm":"Brandon","Post_Code":"05733","GlobalID":"a515da9d-0b20-488d-8098-4e0022519ab1","Category":"Residential"}},
{"type":"Feature","id":127100,"geometry":{"type":"Point","coordinates":[-73.2054046146199,43.7464754640454]},"properties":{"OBJECTID":127100,"ESITEID":130393,"PRIMARYNAME":"DOTEN RD","ALIAS1":"","ALIAS2":"","ALIAS3":"","ALIAS4":"","ALIAS5":"","PRIMARYADDRESS":"333 DOTEN RD","SITETYPE":"Single Family Dwelling","MAPYEAR":"Thu, 01 Jan 1998 00:00:00 GMT","SITETYPE_MULTI1":"","SITETYPE_MULTI2":"","SITETYPE_MULTI3":"","YearBuilt":null,"YearBuiltSrc":null,"YearBuiltNotes":"","ResUnitCnt":1,"NonResUnitCnt":0,"DateUpdate":"Thu, 10 Aug 2023 15:52:06 GMT","County":"Rutland County","Inc_Muni":"Hubbardton","AddNum_Pre":null,"Add_Number":333,"AddNum_Suf":"","St_PreMod":"","St_PreDir":" ","St_PreTyp":"","St_PreSep":"","St_Name":"Doten","St_PosTyp":"Road","St_PosDir":" ","St_PosMod":"","ESN":"328","Post_Comm":"Brandon","Post_Code":"05733","GlobalID":"26cc2b1d-1671-4df7-a7d1-5bd6342ff474","Category":"Residential"}},
{"type":"Feature","id":334545,"geometry":{"type":"Point","coordinates":[-73.2113402646088,43.7463293247126]},"properties":{"OBJECTID":334545,"ESITEID":130394,"PRIMARYNAME":"WHITES PT","ALIAS1":"","ALIAS2":"","ALIAS3":"","ALIAS4":"","ALIAS5":"","PRIMARYADDRESS":"288 WHITES PT","SITETYPE":"Camp","MAPYEAR":"Thu, 01 Jan 1998 00:00:00 GMT","SITETYPE_MULTI1":"","SITETYPE_MULTI2":"","SITETYPE_MULTI3":"","YearBuilt":null,"YearBuiltSrc":null,"YearBuiltNotes":"","ResUnitCnt":1,"NonResUnitCnt":0,"DateUpdate":"Tue, 18 Apr 2017 17:11:28 GMT","County":"Rutland County","Inc_Muni":"Hubbardton","AddNum_Pre":null,"Add_Number":288,"AddNum_Suf":"","St_PreMod":"","St_PreDir":"","St_PreTyp":"","St_PreSep":"","St_Name":"Whites","St_PosTyp":"Point","St_PosDir":"","St_PosMod":"","ESN":"328","Post_Comm":"Brandon","Post_Code":"05733","GlobalID":"dd361726-340a-41c0-9c5b-a6fb53a110fb","Category":"Residential"}},
{"type":"Feature","id":168249,"geometry":{"type":"Point","coordinates":[-73.2205061514342,43.7462780828422]},"properties":{"OBJECTID":168249,"ESITEID":130395,"PRIMARYNAME":"LHCS DR","ALIAS1":"","ALIAS2":"","ALIAS3":"","ALIAS4":"","ALIAS5":"","PRIMARYADDRESS":"34 LHCS DR","SITETYPE":"Single Family Dwelling","MAPYEAR":"Thu, 01 Jan 1998 00:00:00 GMT","SITETYPE_MULTI1":"","SITETYPE_MULTI2":"","SITETYPE_MULTI3":"","YearBuilt":null,"YearBuiltSrc":null,"YearBuiltNotes":"","ResUnitCnt":1,"NonResUnitCnt":0,"DateUpdate":"Fri, 27 Jan 2023 21:21:50 GMT","County":"Rutland County","Inc_Muni":"Hubbardton","AddNum_Pre":null,"Add_Number":34,"AddNum_Suf":"","St_PreMod":"","St_PreDir":" ","St_PreTyp":"","St_PreSep":"","St_Name":"Lhcs","St_PosTyp":"Drive","St_PosDir":" ","St_PosMod":"","ESN":"328","Post_Comm":"Fair Haven","Post_Code":"05743","GlobalID":"f789bf94-d918-4c94-85aa-d6b2169a1d28","Category":"Residential"}},
{"type":"Feature","id":66600,"geometry":{"type":"Point","coordinates":[-73.211165720301,43.7462699844779]},"properties":{"OBJECTID":66600,"ESITEID":130396,"PRIMARYNAME":"WHITES PT","ALIAS1":"","ALIAS2":"","ALIAS3":"","ALIAS4":"","ALIAS5":"","PRIMARYADDRESS":"298 WHITES PT","SITETYPE":"Camp","MAPYEAR":"Thu, 01 Jan 1998 00:00:00 GMT","SITETYPE_MULTI1":"","SITETYPE_MULTI2":"","SITETYPE_MULTI3":"","YearBuilt":null,"YearBuiltSrc":null,"YearBuiltNotes":"","ResUnitCnt":1,"NonResUnitCnt":0,"DateUpdate":"Tue, 18 Apr 2017 17:11:25 GMT","County":"Rutland County","Inc_Muni":"Hubbardton","AddNum_Pre":null,"Add_Number":298,"AddNum_Suf":"","St_PreMod":"","St_PreDir":"","St_PreTyp":"","St_PreSep":"","St_Name":"Whites","St_PosTyp":"Point","St_PosDir":"","St_PosMod":"","ESN":"328","Post_Comm":"Brandon","Post_Code":"05733","GlobalID":"cc2bf1b3-a233-41c5-bfd7-5d4f9e49aa10","Category":"Residential"}},
{"type":"Feature","id":187323,"geometry":{"type":"Point","coordinates":[-73.2109169299559,43.7462861195298]},"properties":{"OBJECTID":187323,"ESITEID":130397,"PRIMARYNAME":"WHITES PT","ALIAS1":"","ALIAS2":"","ALIAS3":"","ALIAS4":"","ALIAS5":"","PRIMARYADDRESS":"308 WHITES PT","SITETYPE":"Camp","MAPYEAR":"Thu, 01 Jan 1998 00:00:00 GMT","SITETYPE_MULTI1":"","SITETYPE_MULTI2":"","SITETYPE_MULTI3":"","YearBuilt":null,"YearBuiltSrc":null,"YearBuiltNotes":"","ResUnitCnt":1,"NonResUnitCnt":0,"DateUpdate":"Tue, 18 Apr 2017 17:11:21 GMT","County":"Rutland County","Inc_Muni":"Hubbardton","AddNum_Pre":null,"Add_Number":308,"AddNum_Suf":"","St_PreMod":"","St_PreDir":"","St_PreTyp":"","St_PreSep":"","St_Name":"Whites","St_PosTyp":"Point","St_PosDir":"","St_PosMod":"","ESN":"328","Post_Comm":"Brandon","Post_Code":"05733","GlobalID":"09d3ddca-d4ab-4f7e-b563-c88e48784729","Category":"Residential"}},
{"type":"Feature","id":179906,"geometry":{"type":"Point","coordinates":[-73.2207372334626,43.7434584148263]},"properties":{"OBJECTID":179906,"ESITEID":130398,"PRIMARYNAME":"STONY DR","ALIAS1":"","ALIAS2":"","ALIAS3":"","ALIAS4":"","ALIAS5":"","PRIMARYADDRESS":"48 STONY DR","SITETYPE":"Camp","MAPYEAR":"Thu, 01 Jan 1998 00:00:00 GMT","SITETYPE_MULTI1":"","SITETYPE_MULTI2":"","SITETYPE_MULTI3":"","YearBuilt":null,"YearBuiltSrc":null,"YearBuiltNotes":"","ResUnitCnt":1,"NonResUnitCnt":0,"DateUpdate":"Wed, 19 Apr 2017 07:36:54 GMT","County":"Rutland County","Inc_Muni":"Hubbardton","AddNum_Pre":null,"Add_Number":48,"AddNum_Suf":"","St_PreMod":"","St_PreDir":" ","St_PreTyp":"","St_PreSep":"","St_Name":"Stony","St_PosTyp":"Drive","St_PosDir":" ","St_PosMod":"","ESN":"328","Post_Comm":"Fair Haven","Post_Code":"05743","GlobalID":"11da19a3-6bc5-4956-b7d3-3551d873fd5b","Category":"Residential"}},
{"type":"Feature","id":275083,"geometry":{"type":"Point","coordinates":[-73.2210696670869,43.7461596012662]},"properties":{"OBJECTID":275083,"ESITEID":130399,"PRIMARYNAME":"LHCS RD","ALIAS1":"","ALIAS2":"","ALIAS3":"","ALIAS4":"","ALIAS5":"","PRIMARYADDRESS":"68 LHCS RD","SITETYPE":"Camp","MAPYEAR":"Thu, 01 Jan 1998 00:00:00 GMT","SITETYPE_MULTI1":"","SITETYPE_MULTI2":"","SITETYPE_MULTI3":"","YearBuilt":null,"YearBuiltSrc":null,"YearBuiltNotes":"","ResUnitCnt":1,"NonResUnitCnt":0,"DateUpdate":"Wed, 19 Apr 2017 07:24:04 GMT","County":"Rutland County","Inc_Muni":"Hubbardton","AddNum_Pre":null,"Add_Number":68,"AddNum_Suf":"","St_PreMod":"","St_PreDir":"","St_PreTyp":"","St_PreSep":"","St_Name":"Lhcs","St_PosTyp":"Road","St_PosDir":"","St_PosMod":"","ESN":"328","Post_Comm":"Fair Haven","Post_Code":"05743","GlobalID":"2cfdac82-ea01-489b-938e-454657b951e9","Category":"Residential"}},
{"type":"Feature","id":249799,"geometry":{"type":"Point","coordinates":[-73.1999497423873,43.7461898573959]},"properties":{"OBJECTID":249799,"ESITEID":130400,"PRIMARYNAME":"CAMP RD  ","ALIAS1":"","ALIAS2":"","ALIAS3":"","ALIAS4":"","ALIAS5":"","PRIMARYADDRESS":"650 CAMP RD","SITETYPE":"Single Family Dwelling","MAPYEAR":"Thu, 01 Jan 1998 00:00:00 GMT","SITETYPE_MULTI1":"","SITETYPE_MULTI2":"","SITETYPE_MULTI3":"","YearBuilt":null,"YearBuiltSrc":null,"YearBuiltNotes":"","ResUnitCnt":1,"NonResUnitCnt":0,"DateUpdate":"Fri, 27 Jan 2023 22:17:57 GMT","County":"Rutland County","Inc_Muni":"Hubbardton","AddNum_Pre":null,"Add_Number":650,"AddNum_Suf":"","St_PreMod":"","St_PreDir":"","St_PreTyp":"","St_PreSep":"","St_Name":"Camp","St_PosTyp":"Road","St_PosDir":"","St_PosMod":"","ESN":"328","Post_Comm":"Brandon","Post_Code":"05733","GlobalID":"3486d97a-b1fc-4b9d-bb55-06511703e2e7","Category":"Residential"}},
{"type":"Feature","id":145372,"geometry":{"type":"Point","coordinates":[-73.2212013622081,43.7461278055651]},"properties":{"OBJECTID":145372,"ESITEID":130401,"PRIMARYNAME":"LHCS RD","ALIAS1":"","ALIAS2":"","ALIAS3":"","ALIAS4":"","ALIAS5":"","PRIMARYADDRESS":"60 LHCS RD","SITETYPE":"Camp","MAPYEAR":"Thu, 01 Jan 1998 00:00:00 GMT","SITETYPE_MULTI1":"","SITETYPE_MULTI2":"","SITETYPE_MULTI3":"","YearBuilt":null,"YearBuiltSrc":null,"YearBuiltNotes":"","ResUnitCnt":1,"NonResUnitCnt":0,"DateUpdate":"Wed, 19 Apr 2017 07:23:59 GMT","County":"Rutland County","Inc_Muni":"Hubbardton","AddNum_Pre":null,"Add_Number":60,"AddNum_Suf":"","St_PreMod":"","St_PreDir":"","St_PreTyp":"","St_PreSep":"","St_Name":"Lhcs","St_PosTyp":"Road","St_PosDir":"","St_PosMod":"","ESN":"328","Post_Comm":"Fair Haven","Post_Code":"05743","GlobalID":"8014565f-1721-4d05-a448-9705806ffc01","Category":"Residential"}},
{"type":"Feature","id":252973,"geometry":{"type":"Point","coordinates":[-73.2213042623746,43.7460946928411]},"properties":{"OBJECTID":252973,"ESITEID":130402,"PRIMARYNAME":"LHCS RD","ALIAS1":"","ALIAS2":"","ALIAS3":"","ALIAS4":"","ALIAS5":"","PRIMARYADDRESS":"52 LHCS RD","SITETYPE":"Camp","MAPYEAR":"Thu, 01 Jan 1998 00:00:00 GMT","SITETYPE_MULTI1":"","SITETYPE_MULTI2":"","SITETYPE_MULTI3":"","YearBuilt":null,"YearBuiltSrc":null,"YearBuiltNotes":"","ResUnitCnt":1,"NonResUnitCnt":0,"DateUpdate":"Wed, 19 Apr 2017 07:23:55 GMT","County":"Rutland County","Inc_Muni":"Hubbardton","AddNum_Pre":null,"Add_Number":52,"AddNum_Suf":"","St_PreMod":"","St_PreDir":"","St_PreTyp":"","St_PreSep":"","St_Name":"Lhcs","St_PosTyp":"Road","St_PosDir":"","St_PosMod":"","ESN":"328","Post_Comm":"Fair Haven","Post_Code":"05743","GlobalID":"6faf17a3-592e-4e79-83eb-f265d201db15","Category":"Residential"}},
{"type":"Feature","id":109855,"geometry":{"type":"Point","coordinates":[-73.2068448507562,43.7462203950408]},"properties":{"OBJECTID":109855,"ESITEID":130403,"PRIMARYNAME":"DOTEN RD","ALIAS1":"","ALIAS2":"","ALIAS3":"","ALIAS4":"","ALIAS5":"","PRIMARYADDRESS":"191 DOTEN RD","SITETYPE":"Camp","MAPYEAR":"Thu, 01 Jan 1998 00:00:00 GMT","SITETYPE_MULTI1":"","SITETYPE_MULTI2":"","SITETYPE_MULTI3":"","YearBuilt":null,"YearBuiltSrc":null,"YearBuiltNotes":"","ResUnitCnt":1,"NonResUnitCnt":0,"DateUpdate":"Thu, 10 Aug 2023 15:52:06 GMT","County":"Rutland County","Inc_Muni":"Hubbardton","AddNum_Pre":null,"Add_Number":191,"AddNum_Suf":"","St_PreMod":"","St_PreDir":" ","St_PreTyp":"","St_PreSep":"","St_Name":"Doten","St_PosTyp":"Road","St_PosDir":" ","St_PosMod":"","ESN":"328","Post_Comm":"Brandon","Post_Code":"05733","GlobalID":"6d0e7305-e41c-428c-a0f4-5eed3c4d7490","Category":"Residential"}},
{"type":"Feature","id":70178,"geometry":{"type":"Point","coordinates":[-73.2213779432562,43.7460469467617]},"properties":{"OBJECTID":70178,"ESITEID":130404,"PRIMARYNAME":"LHCS RD","ALIAS1":"","ALIAS2":"","ALIAS3":"","ALIAS4":"","ALIAS5":"","PRIMARYADDRESS":"44 LHCS RD","SITETYPE":"Camp","MAPYEAR":"Thu, 01 Jan 1998 00:00:00 GMT","SITETYPE_MULTI1":"","SITETYPE_MULTI2":"","SITETYPE_MULTI3":"","YearBuilt":null,"YearBuiltSrc":null,"YearBuiltNotes":"","ResUnitCnt":1,"NonResUnitCnt":0,"DateUpdate":"Wed, 19 Apr 2017 07:23:51 GMT","County":"Rutland County","Inc_Muni":"Hubbardton","AddNum_Pre":null,"Add_Number":44,"AddNum_Suf":"","St_PreMod":"","St_PreDir":"","St_PreTyp":"","St_PreSep":"","St_Name":"Lhcs","St_PosTyp":"Road","St_PosDir":"","St_PosMod":"","ESN":"328","Post_Comm":"Fair Haven","Post_Code":"05743","GlobalID":"8bf1685b-ef0b-4a4f-97ce-f57a6793c231","Category":"Residential"}},
{"type":"Feature","id":292218,"geometry":{"type":"Point","coordinates":[-73.2127012778373,43.7460377580882]},"properties":{"OBJECTID":292218,"ESITEID":130405,"PRIMARYNAME":"WHITES PT","ALIAS1":"","ALIAS2":"","ALIAS3":"","ALIAS4":"","ALIAS5":"","PRIMARYADDRESS":"264 WHITES PT","SITETYPE":"Camp","MAPYEAR":"Thu, 01 Jan 1998 00:00:00 GMT","SITETYPE_MULTI1":"","SITETYPE_MULTI2":"","SITETYPE_MULTI3":"","YearBuilt":null,"YearBuiltSrc":null,"YearBuiltNotes":"","ResUnitCnt":1,"NonResUnitCnt":0,"DateUpdate":"Thu, 10 Aug 2023 15:52:07 GMT","County":"Rutland County","Inc_Muni":"Hubbardton","AddNum_Pre":null,"Add_Number":264,"AddNum_Suf":"","St_PreMod":"","St_PreDir":"","St_PreTyp":"","St_PreSep":"","St_Name":"Whites","St_PosTyp":"Point","St_PosDir":"","St_PosMod":"","ESN":"328","Post_Comm":"Brandon","Post_Code":"05733","GlobalID":"aa4fa84f-6901-476e-b100-6d8b31d7e3df","Category":"Residential"}},
{"type":"Feature","id":71714,"geometry":{"type":"Point","coordinates":[-73.1961890382832,43.7462160236773]},"properties":{"OBJECTID":71714,"ESITEID":130406,"PRIMARYNAME":"CAMP RD  ","ALIAS1":"","ALIAS2":"","ALIAS3":"","ALIAS4":"","ALIAS5":"","PRIMARYADDRESS":"453 CAMP RD","SITETYPE":"Single Family Dwelling","MAPYEAR":"Thu, 01 Jan 1998 00:00:00 GMT","SITETYPE_MULTI1":"","SITETYPE_MULTI2":"","SITETYPE_MULTI3":"","YearBuilt":null,"YearBuiltSrc":null,"YearBuiltNotes":"","ResUnitCnt":1,"NonResUnitCnt":0,"DateUpdate":"Fri, 27 Jan 2023 22:17:57 GMT","County":"Rutland County","Inc_Muni":"Hubbardton","AddNum_Pre":null,"Add_Number":453,"AddNum_Suf":"","St_PreMod":"","St_PreDir":"","St_PreTyp":"","St_PreSep":"","St_Name":"Camp","St_PosTyp":"Road","St_PosDir":"","St_PosMod":"","ESN":"328","Post_Comm":"Brandon","Post_Code":"05733","GlobalID":"3cdea092-3731-47b1-8f88-f47057fa180c","Category":"Residential"}},
{"type":"Feature","id":190584,"geometry":{"type":"Point","coordinates":[-73.222260913453,43.7458622799926]},"properties":{"OBJECTID":190584,"ESITEID":130407,"PRIMARYNAME":"ROUTE 144","ALIAS1":"","ALIAS2":"ROUTE 144","ALIAS3":"","ALIAS4":"","ALIAS5":"","PRIMARYADDRESS":"303 ROUTE 144","SITETYPE":"General Business Service","MAPYEAR":"Thu, 01 Jan 1998 00:00:00 GMT","SITETYPE_MULTI1":"","SITETYPE_MULTI2":"","SITETYPE_MULTI3":"","YearBuilt":null,"YearBuiltSrc":null,"YearBuiltNotes":"","ResUnitCnt":1,"NonResUnitCnt":0,"DateUpdate":"Fri, 27 Jan 2023 23:48:17 GMT","County":"Rutland County","Inc_Muni":"Hubbardton","AddNum_Pre":null,"Add_Number":303,"AddNum_Suf":"","St_PreMod":"","St_PreDir":"","St_PreTyp":"Route","St_PreSep":"","St_Name":"144","St_PosTyp":"","St_PosDir":"","St_PosMod":"","ESN":"328","Post_Comm":"Fair Haven","Post_Code":"05743","GlobalID":"00ff3e8c-a641-4e4a-8667-abf9a5102964","Category":"Commercial"}},
{"type":"Feature","id":109468,"geometry":{"type":"Point","coordinates":[-73.2072081108721,43.7457669135088]},"properties":{"OBJECTID":109468,"ESITEID":130409,"PRIMARYNAME":"DOTEN RD","ALIAS1":"","ALIAS2":"","ALIAS3":"","ALIAS4":"","ALIAS5":"","PRIMARYADDRESS":"187 DOTEN RD","SITETYPE":"Camp","MAPYEAR":"Thu, 01 Jan 1998 00:00:00 GMT","SITETYPE_MULTI1":"","SITETYPE_MULTI2":"","SITETYPE_MULTI3":"","YearBuilt":null,"YearBuiltSrc":null,"YearBuiltNotes":"","ResUnitCnt":1,"NonResUnitCnt":0,"DateUpdate":"Thu, 10 Aug 2023 15:52:06 GMT","County":"Rutland County","Inc_Muni":"Hubbardton","AddNum_Pre":null,"Add_Number":187,"AddNum_Suf":"","St_PreMod":"","St_PreDir":" ","St_PreTyp":"","St_PreSep":"","St_Name":"Doten","St_PosTyp":"Road","St_PosDir":" ","St_PosMod":"","ESN":"328","Post_Comm":"Brandon","Post_Code":"05733","GlobalID":"17a4ec33-55a8-444d-bc58-a85f64d5b24b","Category":"Residential"}},
{"type":"Feature","id":115585,"geometry":{"type":"Point","coordinates":[-73.2233502126866,43.7456849260221]},"properties":{"OBJECTID":115585,"ESITEID":130410,"PRIMARYNAME":"ROUTE 144","ALIAS1":"","ALIAS2":"ROUTE 144","ALIAS3":"","ALIAS4":"","ALIAS5":"","PRIMARYADDRESS":"320 ROUTE 144","SITETYPE":"Single Family Dwelling","MAPYEAR":"Thu, 01 Jan 1998 00:00:00 GMT","SITETYPE_MULTI1":"","SITETYPE_MULTI2":"","SITETYPE_MULTI3":"","YearBuilt":null,"YearBuiltSrc":null,"YearBuiltNotes":"","ResUnitCnt":1,"NonResUnitCnt":0,"DateUpdate":"Wed, 19 Apr 2017 07:24:56 GMT","County":"Rutland County","Inc_Muni":"Hubbardton","AddNum_Pre":null,"Add_Number":320,"AddNum_Suf":"","St_PreMod":"","St_PreDir":"","St_PreTyp":"Route","St_PreSep":"","St_Name":"144","St_PosTyp":"","St_PosDir":"","St_PosMod":"","ESN":"328","Post_Comm":"Fair Haven","Post_Code":"05743","GlobalID":"7dd30d1c-e6ed-4a99-a38a-1d8435d44495","Category":"Residential"}},
{"type":"Feature","id":224459,"geometry":{"type":"Point","coordinates":[-73.220529079763,43.7457451018385]},"properties":{"OBJECTID":224459,"ESITEID":130411,"PRIMARYNAME":"TYMINSKI LN","ALIAS1":"","ALIAS2":"","ALIAS3":"","ALIAS4":"","ALIAS5":"","PRIMARYADDRESS":"64 TYMINSKI LN","SITETYPE":"Camp","MAPYEAR":"Thu, 01 Jan 1998 00:00:00 GMT","SITETYPE_MULTI1":"","SITETYPE_MULTI2":"","SITETYPE_MULTI3":"","YearBuilt":null,"YearBuiltSrc":null,"YearBuiltNotes":"","ResUnitCnt":1,"NonResUnitCnt":0,"DateUpdate":"Wed, 19 Apr 2017 07:26:48 GMT","County":"Rutland County","Inc_Muni":"Hubbardton","AddNum_Pre":null,"Add_Number":64,"AddNum_Suf":"","St_PreMod":"","St_PreDir":" ","St_PreTyp":"","St_PreSep":"","St_Name":"Tyminski","St_PosTyp":"Lane","St_PosDir":" ","St_PosMod":"","ESN":"328","Post_Comm":"Fair Haven","Post_Code":"05743","GlobalID":"9257a8e0-3677-4b08-bdf6-8379b8ad6991","Category":"Residential"}},
{"type":"Feature","id":19462,"geometry":{"type":"Point","coordinates":[-73.2202925270838,43.7456143254407]},"properties":{"OBJECTID":19462,"ESITEID":130412,"PRIMARYNAME":"TYMINSKI LN","ALIAS1":"","ALIAS2":"","ALIAS3":"","ALIAS4":"","ALIAS5":"","PRIMARYADDRESS":"58 TYMINSKI LN","SITETYPE":"Camp","MAPYEAR":"Thu, 01 Jan 1998 00:00:00 GMT","SITETYPE_MULTI1":"","SITETYPE_MULTI2":"","SITETYPE_MULTI3":"","YearBuilt":null,"YearBuiltSrc":null,"YearBuiltNotes":"","ResUnitCnt":1,"NonResUnitCnt":0,"DateUpdate":"Fri, 27 Jan 2023 21:21:46 GMT","County":"Rutland County","Inc_Muni":"Hubbardton","AddNum_Pre":null,"Add_Number":58,"AddNum_Suf":"","St_PreMod":"","St_PreDir":" ","St_PreTyp":"","St_PreSep":"","St_Name":"Tyminski","St_PosTyp":"Lane","St_PosDir":" ","St_PosMod":"","ESN":"328","Post_Comm":"Fair Haven","Post_Code":"05743","GlobalID":"7fafd9c2-1f54-4510-b216-a10cb64bf349","Category":"Residential"}},
{"type":"Feature","id":74222,"geometry":{"type":"Point","coordinates":[-73.2197584698681,43.7455723637771]},"properties":{"OBJECTID":74222,"ESITEID":130413,"PRIMARYNAME":"SHARON DR  ","ALIAS1":"","ALIAS2":"","ALIAS3":"","ALIAS4":"","ALIAS5":"","PRIMARYADDRESS":"171 SHARON DR","SITETYPE":"Camp","MAPYEAR":"Thu, 01 Jan 1998 00:00:00 GMT","SITETYPE_MULTI1":"","SITETYPE_MULTI2":"","SITETYPE_MULTI3":"","YearBuilt":null,"YearBuiltSrc":null,"YearBuiltNotes":"","ResUnitCnt":1,"NonResUnitCnt":0,"DateUpdate":"Fri, 27 Jan 2023 22:17:56 GMT","County":"Rutland County","Inc_Muni":"Hubbardton","AddNum_Pre":null,"Add_Number":171,"AddNum_Suf":"","St_PreMod":"","St_PreDir":" ","St_PreTyp":"","St_PreSep":"","St_Name":"Sharon","St_PosTyp":"Drive","St_PosDir":" ","St_PosMod":"","ESN":"328","Post_Comm":"Fair Haven","Post_Code":"05743","GlobalID":"57aacb5d-8494-4f89-9c3e-1638328bf556","Category":"Residential"}},
{"type":"Feature","id":143261,"geometry":{"type":"Point","coordinates":[-73.220338413706,43.7453081445025]},"properties":{"OBJECTID":143261,"ESITEID":130414,"PRIMARYNAME":"TYMINSKI LN","ALIAS1":"","ALIAS2":"","ALIAS3":"","ALIAS4":"","ALIAS5":"","PRIMARYADDRESS":"46 TYMINSKI LN","SITETYPE":"Camp","MAPYEAR":"Thu, 01 Jan 1998 00:00:00 GMT","SITETYPE_MULTI1":"","SITETYPE_MULTI2":"","SITETYPE_MULTI3":"","YearBuilt":null,"YearBuiltSrc":null,"YearBuiltNotes":"","ResUnitCnt":1,"NonResUnitCnt":0,"DateUpdate":"Wed, 19 Apr 2017 07:26:44 GMT","County":"Rutland County","Inc_Muni":"Hubbardton","AddNum_Pre":null,"Add_Number":46,"AddNum_Suf":"","St_PreMod":"","St_PreDir":" ","St_PreTyp":"","St_PreSep":"","St_Name":"Tyminski","St_PosTyp":"Lane","St_PosDir":" ","St_PosMod":"","ESN":"328","Post_Comm":"Fair Haven","Post_Code":"05743","GlobalID":"d6442f28-ff56-42f9-a0c8-9439a66ad8e7","Category":"Residential"}},
{"type":"Feature","id":235441,"geometry":{"type":"Point","coordinates":[-73.2226195960926,43.7455470447794]},"properties":{"OBJECTID":235441,"ESITEID":130415,"PRIMARYNAME":"HORTONIA RD  ","ALIAS1":"","ALIAS2":"","ALIAS3":"","ALIAS4":"","ALIAS5":"","PRIMARYADDRESS":"3920 HORTONIA RD","SITETYPE":"Single Family Dwelling","MAPYEAR":"Thu, 01 Jan 1998 00:00:00 GMT","SITETYPE_MULTI1":"","SITETYPE_MULTI2":"","SITETYPE_MULTI3":"","YearBuilt":null,"YearBuiltSrc":null,"YearBuiltNotes":"","ResUnitCnt":1,"NonResUnitCnt":0,"DateUpdate":"Thu, 23 Jan 2025 13:31:00 GMT","County":"Rutland County","Inc_Muni":"Hubbardton","AddNum_Pre":null,"Add_Number":3920,"AddNum_Suf":"","St_PreMod":"","St_PreDir":"","St_PreTyp":"","St_PreSep":"","St_Name":"Hortonia","St_PosTyp":"Road","St_PosDir":"","St_PosMod":"","ESN":"328","Post_Comm":"Orwell","Post_Code":"05760","GlobalID":"12514b1d-ca03-43f5-b057-947930fe60ff","Category":"Residential"}},
{"type":"Feature","id":238278,"geometry":{"type":"Point","coordinates":[-73.2207933659394,43.7454270633758]},"properties":{"OBJECTID":238278,"ESITEID":130416,"PRIMARYNAME":"TYMINSKI LN","ALIAS1":"","ALIAS2":"","ALIAS3":"","ALIAS4":"","ALIAS5":"","PRIMARYADDRESS":"57 TYMINSKI LN","SITETYPE":"Camp","MAPYEAR":"Thu, 01 Jan 1998 00:00:00 GMT","SITETYPE_MULTI1":"","SITETYPE_MULTI2":"","SITETYPE_MULTI3":"","YearBuilt":null,"YearBuiltSrc":null,"YearBuiltNotes":"","ResUnitCnt":1,"NonResUnitCnt":0,"DateUpdate":"Wed, 19 Apr 2017 07:26:55 GMT","County":"Rutland County","Inc_Muni":"Hubbardton","AddNum_Pre":null,"Add_Number":57,"AddNum_Suf":"","St_PreMod":"","St_PreDir":" ","St_PreTyp":"","St_PreSep":"","St_Name":"Tyminski","St_PosTyp":"Lane","St_PosDir":" ","St_PosMod":"","ESN":"328","Post_Comm":"Fair Haven","Post_Code":"05743","GlobalID":"8023b5da-2909-4e03-983c-20592952f18c","Category":"Residential"}},
{"type":"Feature","id":320790,"geometry":{"type":"Point","coordinates":[-73.221097809618,43.745509429117]},"properties":{"OBJECTID":320790,"ESITEID":130417,"PRIMARYNAME":"BENT RD  ","ALIAS1":"","ALIAS2":"","ALIAS3":"","ALIAS4":"","ALIAS5":"","PRIMARYADDRESS":"65 BENT RD","SITETYPE":"Camp","MAPYEAR":"Thu, 01 Jan 1998 00:00:00 GMT","SITETYPE_MULTI1":"","SITETYPE_MULTI2":"","SITETYPE_MULTI3":"","YearBuilt":null,"YearBuiltSrc":null,"YearBuiltNotes":"","ResUnitCnt":1,"NonResUnitCnt":0,"DateUpdate":"Wed, 19 Apr 2017 07:26:58 GMT","County":"Rutland County","Inc_Muni":"Hubbardton","AddNum_Pre":null,"Add_Number":65,"AddNum_Suf":"","St_PreMod":"","St_PreDir":"","St_PreTyp":"","St_PreSep":"","St_Name":"Bent","St_PosTyp":"Road","St_PosDir":"","St_PosMod":"","ESN":"328","Post_Comm":"Fair Haven","Post_Code":"05743","GlobalID":"de9b01ee-b8f3-4481-a687-e605c21a98b7","Category":"Residential"}},
{"type":"Feature","id":202915,"geometry":{"type":"Point","coordinates":[-73.2206613221416,43.7452365846488]},"properties":{"OBJECTID":202915,"ESITEID":130418,"PRIMARYNAME":"TYMINSKI LN","ALIAS1":"","ALIAS2":"","ALIAS3":"","ALIAS4":"","ALIAS5":"","PRIMARYADDRESS":"41 TYMINSKI LN","SITETYPE":"Camp","MAPYEAR":"Thu, 01 Jan 1998 00:00:00 GMT","SITETYPE_MULTI1":"","SITETYPE_MULTI2":"","SITETYPE_MULTI3":"","YearBuilt":null,"YearBuiltSrc":null,"YearBuiltNotes":"","ResUnitCnt":1,"NonResUnitCnt":0,"DateUpdate":"Wed, 19 Apr 2017 07:26:51 GMT","County":"Rutland County","Inc_Muni":"Hubbardton","AddNum_Pre":null,"Add_Number":41,"AddNum_Suf":"","St_PreMod":"","St_PreDir":" ","St_PreTyp":"","St_PreSep":"","St_Name":"Tyminski","St_PosTyp":"Lane","St_PosDir":" ","St_PosMod":"","ESN":"328","Post_Comm":"Fair Haven","Post_Code":"05743","GlobalID":"547267ed-e125-415d-8bf0-f3d03d91cff9","Category":"Residential"}},
{"type":"Feature","id":188831,"geometry":{"type":"Point","coordinates":[-73.2038664367086,43.7452328562599]},"properties":{"OBJECTID":188831,"ESITEID":130419,"PRIMARYNAME":"CAMP RD  ","ALIAS1":"","ALIAS2":"","ALIAS3":"","ALIAS4":"","ALIAS5":"","PRIMARYADDRESS":"934 CAMP RD","SITETYPE":"Camp","MAPYEAR":"Thu, 01 Jan 1998 00:00:00 GMT","SITETYPE_MULTI1":"","SITETYPE_MULTI2":"","SITETYPE_MULTI3":"","YearBuilt":null,"YearBuiltSrc":null,"YearBuiltNotes":"","ResUnitCnt":1,"NonResUnitCnt":0,"DateUpdate":"Thu, 10 Aug 2023 15:52:05 GMT","County":"Rutland County","Inc_Muni":"Hubbardton","AddNum_Pre":null,"Add_Number":934,"AddNum_Suf":"","St_PreMod":"","St_PreDir":"","St_PreTyp":"","St_PreSep":"","St_Name":"Camp","St_PosTyp":"Road","St_PosDir":"","St_PosMod":"","ESN":"328","Post_Comm":"Brandon","Post_Code":"05733","GlobalID":"12044f59-174c-48da-ba9f-ed9f43b86a7d","Category":"Residential"}},
{"type":"Feature","id":213183,"geometry":{"type":"Point","coordinates":[-73.2209072033083,43.7451526280988]},"properties":{"OBJECTID":213183,"ESITEID":130420,"PRIMARYNAME":"BENT RD  ","ALIAS1":"","ALIAS2":"","ALIAS3":"","ALIAS4":"","ALIAS5":"","PRIMARYADDRESS":"66 BENT RD","SITETYPE":"Camp","MAPYEAR":"Thu, 01 Jan 1998 00:00:00 GMT","SITETYPE_MULTI1":"","SITETYPE_MULTI2":"","SITETYPE_MULTI3":"","YearBuilt":null,"YearBuiltSrc":null,"YearBuiltNotes":"","ResUnitCnt":1,"NonResUnitCnt":0,"DateUpdate":"Fri, 18 Aug 2023 12:50:55 GMT","County":"Rutland County","Inc_Muni":"Hubbardton","AddNum_Pre":null,"Add_Number":66,"AddNum_Suf":"","St_PreMod":"","St_PreDir":"","St_PreTyp":"","St_PreSep":"","St_Name":"Bent","St_PosTyp":"Road","St_PosDir":"","St_PosMod":"","ESN":"328","Post_Comm":"Fair Haven","Post_Code":"05743","GlobalID":"1d02e907-0c77-43fc-baed-d12117436ab5","Category":"Residential"}},
{"type":"Feature","id":151682,"geometry":{"type":"Point","coordinates":[-73.221673469224,43.7450192537853]},"properties":{"OBJECTID":151682,"ESITEID":130421,"PRIMARYNAME":"PIRANI LN","ALIAS1":"","ALIAS2":"","ALIAS3":"","ALIAS4":"","ALIAS5":"","PRIMARYADDRESS":"20 PIRANI LN","SITETYPE":"Camp","MAPYEAR":"Thu, 01 Jan 1998 00:00:00 GMT","SITETYPE_MULTI1":"","SITETYPE_MULTI2":"","SITETYPE_MULTI3":"","YearBuilt":null,"YearBuiltSrc":null,"YearBuiltNotes":"","ResUnitCnt":1,"NonResUnitCnt":0,"DateUpdate":"Fri, 18 Aug 2023 12:53:08 GMT","County":"Rutland County","Inc_Muni":"Hubbardton","AddNum_Pre":null,"Add_Number":20,"AddNum_Suf":"","St_PreMod":"","St_PreDir":" ","St_PreTyp":"","St_PreSep":"","St_Name":"Pirani","St_PosTyp":"Lane","St_PosDir":" ","St_PosMod":"","ESN":"328","Post_Comm":"Fair Haven","Post_Code":"05743","GlobalID":"2f95415a-037c-4690-9107-48dde9ece09f","Category":"Residential"}},
{"type":"Feature","id":85811,"geometry":{"type":"Point","coordinates":[-73.2195732257615,43.7449450379668]},"properties":{"OBJECTID":85811,"ESITEID":130422,"PRIMARYNAME":"SHARON DR  ","ALIAS1":"","ALIAS2":"","ALIAS3":"","ALIAS4":"","ALIAS5":"","PRIMARYADDRESS":"183 SHARON DR","SITETYPE":"Camp","MAPYEAR":"Thu, 01 Jan 1998 00:00:00 GMT","SITETYPE_MULTI1":"","SITETYPE_MULTI2":"","SITETYPE_MULTI3":"","YearBuilt":null,"YearBuiltSrc":null,"YearBuiltNotes":"","ResUnitCnt":1,"NonResUnitCnt":0,"DateUpdate":"Fri, 18 Apr 2025 09:30:54 GMT","County":"Rutland County","Inc_Muni":"Hubbardton","AddNum_Pre":"","Add_Number":183,"AddNum_Suf":"","St_PreMod":"","St_PreDir":" ","St_PreTyp":"","St_PreSep":"","St_Name":"Sharon","St_PosTyp":"Drive","St_PosDir":" ","St_PosMod":"","ESN":"328","Post_Comm":"Fair Haven","Post_Code":"05743","GlobalID":"54acea99-bd3f-41f3-bd71-9078454a1ab0","Category":"Residential"}},
{"type":"Feature","id":167459,"geometry":{"type":"Point","coordinates":[-73.2219481070819,43.7449238653612]},"properties":{"OBJECTID":167459,"ESITEID":130423,"PRIMARYNAME":"HORTONIA RD  ","ALIAS1":"","ALIAS2":"","ALIAS3":"","ALIAS4":"","ALIAS5":"","PRIMARYADDRESS":"3856 HORTONIA RD","SITETYPE":"Camp","MAPYEAR":"Thu, 01 Jan 1998 00:00:00 GMT","SITETYPE_MULTI1":"","SITETYPE_MULTI2":"","SITETYPE_MULTI3":"","YearBuilt":null,"YearBuiltSrc":null,"YearBuiltNotes":"","ResUnitCnt":1,"NonResUnitCnt":0,"DateUpdate":"Fri, 27 Jan 2023 22:17:58 GMT","County":"Rutland County","Inc_Muni":"Hubbardton","AddNum_Pre":null,"Add_Number":3856,"AddNum_Suf":"","St_PreMod":"","St_PreDir":"","St_PreTyp":"","St_PreSep":"","St_Name":"Hortonia","St_PosTyp":"Road","St_PosDir":"","St_PosMod":"","ESN":"328","Post_Comm":"Fair Haven","Post_Code":"05743","GlobalID":"bd15fe92-8082-4e3b-b654-23b6000188ec","Category":"Residential"}},
{"type":"Feature","id":108647,"geometry":{"type":"Point","coordinates":[-73.221358878887,43.7449963197828]},"properties":{"OBJECTID":108647,"ESITEID":130424,"PRIMARYNAME":"PIRANI LN","ALIAS1":"","ALIAS2":"","ALIAS3":"","ALIAS4":"","ALIAS5":"","PRIMARYADDRESS":"8 PIRANI LN","SITETYPE":"Camp","MAPYEAR":"Thu, 01 Jan 1998 00:00:00 GMT","SITETYPE_MULTI1":"","SITETYPE_MULTI2":"","SITETYPE_MULTI3":"","YearBuilt":null,"YearBuiltSrc":null,"YearBuiltNotes":"","ResUnitCnt":1,"NonResUnitCnt":0,"DateUpdate":"Fri, 18 Aug 2023 12:50:19 GMT","County":"Rutland County","Inc_Muni":"Hubbardton","AddNum_Pre":null,"Add_Number":8,"AddNum_Suf":"","St_PreMod":"","St_PreDir":" ","St_PreTyp":"","St_PreSep":"","St_Name":"Pirani","St_PosTyp":"Lane","St_PosDir":" ","St_PosMod":"","ESN":"328","Post_Comm":"Fair Haven","Post_Code":"05743","GlobalID":"759c22e4-ab59-4c35-be3c-08299854765a","Category":"Residential"}},
{"type":"Feature","id":344199,"geometry":{"type":"Point","coordinates":[-73.2085585149421,43.7449620116367]},"properties":{"OBJECTID":344199,"ESITEID":130425,"PRIMARYNAME":"CRANE LN","ALIAS1":"","ALIAS2":"","ALIAS3":"","ALIAS4":"","ALIAS5":"","PRIMARYADDRESS":"152 CRANE LN","SITETYPE":"Camp","MAPYEAR":"Thu, 01 Jan 1998 00:00:00 GMT","SITETYPE_MULTI1":"","SITETYPE_MULTI2":"","SITETYPE_MULTI3":"","YearBuilt":null,"YearBuiltSrc":null,"YearBuiltNotes":"","ResUnitCnt":1,"NonResUnitCnt":0,"DateUpdate":"Thu, 10 Aug 2023 15:52:06 GMT","County":"Rutland County","Inc_Muni":"Hubbardton","AddNum_Pre":null,"Add_Number":152,"AddNum_Suf":"","St_PreMod":"","St_PreDir":" ","St_PreTyp":"","St_PreSep":"","St_Name":"Crane","St_PosTyp":"Lane","St_PosDir":" ","St_PosMod":"","ESN":"328","Post_Comm":"Brandon","Post_Code":"05733","GlobalID":"5e56601f-4330-4a22-9804-6f68dbcac08a","Category":"Residential"}},
{"type":"Feature","id":5412,"geometry":{"type":"Point","coordinates":[-73.2099523046256,43.7449386652868]},"properties":{"OBJECTID":5412,"ESITEID":130426,"PRIMARYNAME":"CRANE LN","ALIAS1":"","ALIAS2":"","ALIAS3":"","ALIAS4":"","ALIAS5":"","PRIMARYADDRESS":"266 CRANE LN","SITETYPE":"Camp","MAPYEAR":"Thu, 01 Jan 1998 00:00:00 GMT","SITETYPE_MULTI1":"","SITETYPE_MULTI2":"","SITETYPE_MULTI3":"","YearBuilt":null,"YearBuiltSrc":null,"YearBuiltNotes":"","ResUnitCnt":1,"NonResUnitCnt":0,"DateUpdate":"Thu, 10 Aug 2023 15:52:06 GMT","County":"Rutland County","Inc_Muni":"Hubbardton","AddNum_Pre":null,"Add_Number":266,"AddNum_Suf":"","St_PreMod":"","St_PreDir":" ","St_PreTyp":"","St_PreSep":"","St_Name":"Crane","St_PosTyp":"Lane","St_PosDir":" ","St_PosMod":"","ESN":"328","Post_Comm":"Brandon","Post_Code":"05733","GlobalID":"0c1b6d23-a991-42f3-b69c-72deb100808d","Category":"Residential"}},
{"type":"Feature","id":180826,"geometry":{"type":"Point","coordinates":[-73.220986895488,43.7448371358343]},"properties":{"OBJECTID":180826,"ESITEID":130427,"PRIMARYNAME":"BENT RD  ","ALIAS1":"","ALIAS2":"","ALIAS3":"","ALIAS4":"","ALIAS5":"","PRIMARYADDRESS":"46 BENT RD","SITETYPE":"Camp","MAPYEAR":"Thu, 01 Jan 1998 00:00:00 GMT","SITETYPE_MULTI1":"","SITETYPE_MULTI2":"","SITETYPE_MULTI3":"","YearBuilt":null,"YearBuiltSrc":null,"YearBuiltNotes":"","ResUnitCnt":1,"NonResUnitCnt":0,"DateUpdate":"Fri, 18 Aug 2023 12:49:31 GMT","County":"Rutland County","Inc_Muni":"Hubbardton","AddNum_Pre":null,"Add_Number":46,"AddNum_Suf":"","St_PreMod":"","St_PreDir":"","St_PreTyp":"","St_PreSep":"","St_Name":"Bent","St_PosTyp":"Road","St_PosDir":"","St_PosMod":"","ESN":"328","Post_Comm":"Fair Haven","Post_Code":"05743","GlobalID":"65776b8d-4e6c-46f4-be1c-a41bf79cb691","Category":"Residential"}},
{"type":"Feature","id":325575,"geometry":{"type":"Point","coordinates":[-73.2205758673908,43.7448215215349]},"properties":{"OBJECTID":325575,"ESITEID":130428,"PRIMARYNAME":"TYMINSKI LN","ALIAS1":"","ALIAS2":"","ALIAS3":"","ALIAS4":"","ALIAS5":"","PRIMARYADDRESS":"13 TYMINSKI LN","SITETYPE":"Camp","MAPYEAR":"Thu, 01 Jan 1998 00:00:00 GMT","SITETYPE_MULTI1":"","SITETYPE_MULTI2":"","SITETYPE_MULTI3":"","YearBuilt":null,"YearBuiltSrc":null,"YearBuiltNotes":"","ResUnitCnt":1,"NonResUnitCnt":0,"DateUpdate":"Wed, 19 Apr 2017 07:26:36 GMT","County":"Rutland County","Inc_Muni":"Hubbardton","AddNum_Pre":null,"Add_Number":13,"AddNum_Suf":"","St_PreMod":"","St_PreDir":" ","St_PreTyp":"","St_PreSep":"","St_Name":"Tyminski","St_PosTyp":"Lane","St_PosDir":" ","St_PosMod":"","ESN":"328","Post_Comm":"Fair Haven","Post_Code":"05743","GlobalID":"36d18f6a-636b-4a02-a3fb-179929d3fc83","Category":"Residential"}},
{"type":"Feature","id":262980,"geometry":{"type":"Point","coordinates":[-73.209496930649,43.744786536824]},"properties":{"OBJECTID":262980,"ESITEID":130429,"PRIMARYNAME":"CRANE LN","ALIAS1":"","ALIAS2":"","ALIAS3":"","ALIAS4":"","ALIAS5":"","PRIMARYADDRESS":"264 CRANE LN","SITETYPE":"Camp","MAPYEAR":"Thu, 01 Jan 1998 00:00:00 GMT","SITETYPE_MULTI1":"","SITETYPE_MULTI2":"","SITETYPE_MULTI3":"","YearBuilt":null,"YearBuiltSrc":null,"YearBuiltNotes":"","ResUnitCnt":1,"NonResUnitCnt":0,"DateUpdate":"Thu, 10 Aug 2023 15:52:06 GMT","County":"Rutland County","Inc_Muni":"Hubbardton","AddNum_Pre":null,"Add_Number":264,"AddNum_Suf":"","St_PreMod":"","St_PreDir":" ","St_PreTyp":"","St_PreSep":"","St_Name":"Crane","St_PosTyp":"Lane","St_PosDir":" ","St_PosMod":"","ESN":"328","Post_Comm":"Brandon","Post_Code":"05733","GlobalID":"28837fdb-dde7-4323-abb3-dff5fa1d3531","Category":"Residential"}},
{"type":"Feature","id":44749,"geometry":{"type":"Point","coordinates":[-73.2216996964728,43.7447016054296]},"properties":{"OBJECTID":44749,"ESITEID":130430,"PRIMARYNAME":"PIRANI LN","ALIAS1":"","ALIAS2":"","ALIAS3":"","ALIAS4":"","ALIAS5":"","PRIMARYADDRESS":"19 PIRANI LN","SITETYPE":"Camp","MAPYEAR":"Thu, 01 Jan 1998 00:00:00 GMT","SITETYPE_MULTI1":"","SITETYPE_MULTI2":"","SITETYPE_MULTI3":"","YearBuilt":null,"YearBuiltSrc":null,"YearBuiltNotes":"","ResUnitCnt":1,"NonResUnitCnt":0,"DateUpdate":"Wed, 19 Apr 2017 07:26:28 GMT","County":"Rutland County","Inc_Muni":"Hubbardton","AddNum_Pre":null,"Add_Number":19,"AddNum_Suf":"","St_PreMod":"","St_PreDir":" ","St_PreTyp":"","St_PreSep":"","St_Name":"Pirani","St_PosTyp":"Lane","St_PosDir":" ","St_PosMod":"","ESN":"328","Post_Comm":"Fair Haven","Post_Code":"05743","GlobalID":"c87f7bb7-f9c6-49ce-8f5a-8f185a273380","Category":"Residential"}},
{"type":"Feature","id":330849,"geometry":{"type":"Point","coordinates":[-73.2138609462587,43.7447178729834]},"properties":{"OBJECTID":330849,"ESITEID":130431,"PRIMARYNAME":"WHITES PT","ALIAS1":"","ALIAS2":"","ALIAS3":"","ALIAS4":"","ALIAS5":"","PRIMARYADDRESS":"268 WHITES PT","SITETYPE":"Camp","MAPYEAR":"Thu, 01 Jan 1998 00:00:00 GMT","SITETYPE_MULTI1":"","SITETYPE_MULTI2":"","SITETYPE_MULTI3":"","YearBuilt":null,"YearBuiltSrc":null,"YearBuiltNotes":"","ResUnitCnt":1,"NonResUnitCnt":0,"DateUpdate":"Thu, 10 Aug 2023 15:52:07 GMT","County":"Rutland County","Inc_Muni":"Hubbardton","AddNum_Pre":null,"Add_Number":268,"AddNum_Suf":"","St_PreMod":"","St_PreDir":"","St_PreTyp":"","St_PreSep":"","St_Name":"Whites","St_PosTyp":"Point","St_PosDir":"","St_PosMod":"","ESN":"328","Post_Comm":"Brandon","Post_Code":"05733","GlobalID":"0c1baaf0-fd6d-45fa-bd1d-1e263d914443","Category":"Residential"}},
{"type":"Feature","id":97522,"geometry":{"type":"Point","coordinates":[-73.2209905756505,43.7446619365906]},"properties":{"OBJECTID":97522,"ESITEID":130432,"PRIMARYNAME":"BENT RD  ","ALIAS1":"","ALIAS2":"","ALIAS3":"","ALIAS4":"","ALIAS5":"","PRIMARYADDRESS":"30 BENT RD","SITETYPE":"Camp","MAPYEAR":"Thu, 01 Jan 1998 00:00:00 GMT","SITETYPE_MULTI1":"","SITETYPE_MULTI2":"","SITETYPE_MULTI3":"","YearBuilt":null,"YearBuiltSrc":null,"YearBuiltNotes":"","ResUnitCnt":1,"NonResUnitCnt":0,"DateUpdate":"Fri, 18 Aug 2023 12:49:53 GMT","County":"Rutland County","Inc_Muni":"Hubbardton","AddNum_Pre":null,"Add_Number":30,"AddNum_Suf":"","St_PreMod":"","St_PreDir":" ","St_PreTyp":"","St_PreSep":"","St_Name":"Bent","St_PosTyp":"Road","St_PosDir":" ","St_PosMod":"","ESN":"328","Post_Comm":"Fair Haven","Post_Code":"05743","GlobalID":"94b5e702-d21d-4719-acc6-7a9d5fcaad72","Category":"Residential"}},
{"type":"Feature","id":234601,"geometry":{"type":"Point","coordinates":[-73.219880539755,43.7446301328931]},"properties":{"OBJECTID":234601,"ESITEID":130433,"PRIMARYNAME":"SHARON DR  ","ALIAS1":"","ALIAS2":"","ALIAS3":"","ALIAS4":"","ALIAS5":"","PRIMARYADDRESS":"194 SHARON DR","SITETYPE":"Single Family Dwelling","MAPYEAR":"Thu, 01 Jan 1998 00:00:00 GMT","SITETYPE_MULTI1":"","SITETYPE_MULTI2":"","SITETYPE_MULTI3":"","YearBuilt":null,"YearBuiltSrc":null,"YearBuiltNotes":"","ResUnitCnt":1,"NonResUnitCnt":0,"DateUpdate":"Fri, 27 Jan 2023 22:17:56 GMT","County":"Rutland County","Inc_Muni":"Hubbardton","AddNum_Pre":null,"Add_Number":194,"AddNum_Suf":"","St_PreMod":"","St_PreDir":" ","St_PreTyp":"","St_PreSep":"","St_Name":"Sharon","St_PosTyp":"Drive","St_PosDir":" ","St_PosMod":"","ESN":"328","Post_Comm":"Fair Haven","Post_Code":"05743","GlobalID":"3761fa8e-e731-4ca4-8ed2-b8c2a403f995","Category":"Residential"}},
{"type":"Feature","id":149870,"geometry":{"type":"Point","coordinates":[-73.2091612384907,43.7446949833222]},"properties":{"OBJECTID":149870,"ESITEID":130434,"PRIMARYNAME":"CRANE LN","ALIAS1":"","ALIAS2":"","ALIAS3":"","ALIAS4":"","ALIAS5":"","PRIMARYADDRESS":"210 CRANE LN","SITETYPE":"Camp","MAPYEAR":"Thu, 01 Jan 1998 00:00:00 GMT","SITETYPE_MULTI1":"","SITETYPE_MULTI2":"","SITETYPE_MULTI3":"","YearBuilt":null,"YearBuiltSrc":null,"YearBuiltNotes":"","ResUnitCnt":1,"NonResUnitCnt":0,"DateUpdate":"Thu, 10 Aug 2023 15:52:06 GMT","County":"Rutland County","Inc_Muni":"Hubbardton","AddNum_Pre":null,"Add_Number":210,"AddNum_Suf":"","St_PreMod":"","St_PreDir":" ","St_PreTyp":"","St_PreSep":"","St_Name":"Crane","St_PosTyp":"Lane","St_PosDir":" ","St_PosMod":"","ESN":"328","Post_Comm":"Brandon","Post_Code":"05733","GlobalID":"49e1c9ed-af18-4a4b-9e72-e82f995ef709","Category":"Residential"}},
{"type":"Feature","id":284544,"geometry":{"type":"Point","coordinates":[-73.2194055620199,43.7447836217537]},"properties":{"OBJECTID":284544,"ESITEID":130435,"PRIMARYNAME":"SHARON DR  ","ALIAS1":"","ALIAS2":"","ALIAS3":"","ALIAS4":"","ALIAS5":"","PRIMARYADDRESS":"197 SHARON DR","SITETYPE":"Camp","MAPYEAR":"Thu, 01 Jan 1998 00:00:00 GMT","SITETYPE_MULTI1":"","SITETYPE_MULTI2":"","SITETYPE_MULTI3":"","YearBuilt":null,"YearBuiltSrc":null,"YearBuiltNotes":"","ResUnitCnt":1,"NonResUnitCnt":0,"DateUpdate":"Fri, 18 Apr 2025 09:36:04 GMT","County":"Rutland County","Inc_Muni":"Hubbardton","AddNum_Pre":"","Add_Number":197,"AddNum_Suf":"","St_PreMod":"","St_PreDir":" ","St_PreTyp":"","St_PreSep":"","St_Name":"Sharon","St_PosTyp":"Drive","St_PosDir":" ","St_PosMod":"","ESN":"328","Post_Comm":"Fair Haven","Post_Code":"05743","GlobalID":"f629ac58-1631-4d76-95cf-337da27c047a","Category":"Residential"}},
{"type":"Feature","id":289598,"geometry":{"type":"Point","coordinates":[-73.2101087375951,43.7446438750682]},"properties":{"OBJECTID":289598,"ESITEID":130436,"PRIMARYNAME":"CRANE LN","ALIAS1":"","ALIAS2":"","ALIAS3":"","ALIAS4":"","ALIAS5":"","PRIMARYADDRESS":"267 CRANE LN","SITETYPE":"Camp","MAPYEAR":"Thu, 01 Jan 1998 00:00:00 GMT","SITETYPE_MULTI1":"","SITETYPE_MULTI2":"","SITETYPE_MULTI3":"","YearBuilt":null,"YearBuiltSrc":null,"YearBuiltNotes":"","ResUnitCnt":1,"NonResUnitCnt":0,"DateUpdate":"Thu, 10 Aug 2023 15:52:06 GMT","County":"Rutland County","Inc_Muni":"Hubbardton","AddNum_Pre":null,"Add_Number":267,"AddNum_Suf":"","St_PreMod":"","St_PreDir":" ","St_PreTyp":"","St_PreSep":"","St_Name":"Crane","St_PosTyp":"Lane","St_PosDir":" ","St_PosMod":"","ESN":"328","Post_Comm":"Brandon","Post_Code":"05733","GlobalID":"e87c0e27-96ce-4623-89a1-ed8c91a3c7d3","Category":"Residential"}},
{"type":"Feature","id":54320,"geometry":{"type":"Point","coordinates":[-73.2222969213591,43.7444300548814]},"properties":{"OBJECTID":54320,"ESITEID":130437,"PRIMARYNAME":"HORTONIA RD  ","ALIAS1":"","ALIAS2":"","ALIAS3":"","ALIAS4":"","ALIAS5":"","PRIMARYADDRESS":"3854 HORTONIA RD","SITETYPE":"Single Family Dwelling","MAPYEAR":"Thu, 01 Jan 1998 00:00:00 GMT","SITETYPE_MULTI1":"","SITETYPE_MULTI2":"","SITETYPE_MULTI3":"","YearBuilt":null,"YearBuiltSrc":null,"YearBuiltNotes":"","ResUnitCnt":1,"NonResUnitCnt":0,"DateUpdate":"Fri, 18 Apr 2025 09:36:15 GMT","County":"Rutland County","Inc_Muni":"Hubbardton","AddNum_Pre":"","Add_Number":3854,"AddNum_Suf":"","St_PreMod":"","St_PreDir":"","St_PreTyp":"","St_PreSep":"","St_Name":"Hortonia","St_PosTyp":"Road","St_PosDir":"","St_PosMod":"","ESN":"328","Post_Comm":"Fair Haven","Post_Code":"05743","GlobalID":"f34ad2b3-402e-490f-9ab2-5cede9a00db5","Category":"Residential"}},
{"type":"Feature","id":4789,"geometry":{"type":"Point","coordinates":[-73.2217895106951,43.7442614857201]},"properties":{"OBJECTID":4789,"ESITEID":130438,"PRIMARYNAME":"SHARON DR  ","ALIAS1":"","ALIAS2":"","ALIAS3":"","ALIAS4":"","ALIAS5":"","PRIMARYADDRESS":"55 SHARON DR","SITETYPE":"Single Family Dwelling","MAPYEAR":"Thu, 01 Jan 1998 00:00:00 GMT","SITETYPE_MULTI1":"","SITETYPE_MULTI2":"","SITETYPE_MULTI3":"","YearBuilt":null,"YearBuiltSrc":null,"YearBuiltNotes":"","ResUnitCnt":1,"NonResUnitCnt":0,"DateUpdate":"Fri, 18 Apr 2025 09:14:50 GMT","County":"Rutland County","Inc_Muni":"Hubbardton","AddNum_Pre":"","Add_Number":55,"AddNum_Suf":"","St_PreMod":"","St_PreDir":" ","St_PreTyp":"","St_PreSep":"","St_Name":"Sharon","St_PosTyp":"Drive","St_PosDir":" ","St_PosMod":"","ESN":"328","Post_Comm":"Fair Haven","Post_Code":"05743","GlobalID":"b4e01c6d-ba1e-4c24-a16e-6a40503fb100","Category":"Residential"}},
{"type":"Feature","id":85117,"geometry":{"type":"Point","coordinates":[-73.2206764604485,43.7444508680067]},"properties":{"OBJECTID":85117,"ESITEID":130439,"PRIMARYNAME":"SHARON DR  ","ALIAS1":"","ALIAS2":"","ALIAS3":"","ALIAS4":"","ALIAS5":"","PRIMARYADDRESS":"117 SHARON DR","SITETYPE":"Camp","MAPYEAR":"Thu, 01 Jan 1998 00:00:00 GMT","SITETYPE_MULTI1":"","SITETYPE_MULTI2":"","SITETYPE_MULTI3":"","YearBuilt":null,"YearBuiltSrc":null,"YearBuiltNotes":"","ResUnitCnt":1,"NonResUnitCnt":0,"DateUpdate":"Fri, 18 Aug 2023 12:49:36 GMT","County":"Rutland County","Inc_Muni":"Hubbardton","AddNum_Pre":null,"Add_Number":117,"AddNum_Suf":"","St_PreMod":"","St_PreDir":" ","St_PreTyp":"","St_PreSep":"","St_Name":"Sharon","St_PosTyp":"Drive","St_PosDir":" ","St_PosMod":"","ESN":"328","Post_Comm":"Fair Haven","Post_Code":"05743","GlobalID":"3019be01-be7e-4832-8271-e52841e0f2b7","Category":"Residential"}},
{"type":"Feature","id":257363,"geometry":{"type":"Point","coordinates":[-73.2199438046619,43.7443230802501]},"properties":{"OBJECTID":257363,"ESITEID":130440,"PRIMARYNAME":"SHARON DR  ","ALIAS1":"","ALIAS2":"","ALIAS3":"","ALIAS4":"","ALIAS5":"","PRIMARYADDRESS":"216 SHARON DR","SITETYPE":"Camp","MAPYEAR":"Thu, 01 Jan 1998 00:00:00 GMT","SITETYPE_MULTI1":"","SITETYPE_MULTI2":"","SITETYPE_MULTI3":"","YearBuilt":null,"YearBuiltSrc":null,"YearBuiltNotes":"","ResUnitCnt":1,"NonResUnitCnt":0,"DateUpdate":"Fri, 18 Apr 2025 09:36:11 GMT","County":"Rutland County","Inc_Muni":"Hubbardton","AddNum_Pre":"","Add_Number":216,"AddNum_Suf":"","St_PreMod":"","St_PreDir":" ","St_PreTyp":"","St_PreSep":"","St_Name":"Sharon","St_PosTyp":"Drive","St_PosDir":" ","St_PosMod":"","ESN":"328","Post_Comm":"Fair Haven","Post_Code":"05743","GlobalID":"bd5fb966-3136-4fb0-9931-4ee9decd4055","Category":"Residential"}},
{"type":"Feature","id":156341,"geometry":{"type":"Point","coordinates":[-73.2203555515448,43.7442820469989]},"properties":{"OBJECTID":156341,"ESITEID":130441,"PRIMARYNAME":"SHARON DR  ","ALIAS1":"","ALIAS2":"","ALIAS3":"","ALIAS4":"","ALIAS5":"","PRIMARYADDRESS":"124 SHARON DR","SITETYPE":"Camp","MAPYEAR":"Thu, 01 Jan 1998 00:00:00 GMT","SITETYPE_MULTI1":"","SITETYPE_MULTI2":"","SITETYPE_MULTI3":"","YearBuilt":null,"YearBuiltSrc":null,"YearBuiltNotes":"","ResUnitCnt":1,"NonResUnitCnt":0,"DateUpdate":"Wed, 19 Apr 2017 07:27:14 GMT","County":"Rutland County","Inc_Muni":"Hubbardton","AddNum_Pre":null,"Add_Number":124,"AddNum_Suf":"","St_PreMod":"","St_PreDir":" ","St_PreTyp":"","St_PreSep":"","St_Name":"Sharon","St_PosTyp":"Drive","St_PosDir":" ","St_PosMod":"","ESN":"328","Post_Comm":"Fair Haven","Post_Code":"05743","GlobalID":"9f89201e-07f5-47a7-998e-a6a5ff67d75c","Category":"Residential"}},
{"type":"Feature","id":166520,"geometry":{"type":"Point","coordinates":[-73.2193731286093,43.7443444695608]},"properties":{"OBJECTID":166520,"ESITEID":130442,"PRIMARYNAME":"JENNINGS LN","ALIAS1":"","ALIAS2":"","ALIAS3":"","ALIAS4":"","ALIAS5":"","PRIMARYADDRESS":"7 JENNINGS LN","SITETYPE":"Camp","MAPYEAR":"Thu, 01 Jan 1998 00:00:00 GMT","SITETYPE_MULTI1":"","SITETYPE_MULTI2":"","SITETYPE_MULTI3":"","YearBuilt":null,"YearBuiltSrc":null,"YearBuiltNotes":"","ResUnitCnt":1,"NonResUnitCnt":0,"DateUpdate":"Wed, 19 Apr 2017 07:27:03 GMT","County":"Rutland County","Inc_Muni":"Hubbardton","AddNum_Pre":null,"Add_Number":7,"AddNum_Suf":"","St_PreMod":"","St_PreDir":" ","St_PreTyp":"","St_PreSep":"","St_Name":"Jennings","St_PosTyp":"Lane","St_PosDir":" ","St_PosMod":"","ESN":"328","Post_Comm":"Fair Haven","Post_Code":"05743","GlobalID":"1f109db6-235d-42d3-ae08-e95a21870522","Category":"Residential"}},
{"type":"Feature","id":163228,"geometry":{"type":"Point","coordinates":[-73.142114096235,43.744630135344]},"properties":{"OBJECTID":163228,"ESITEID":130443,"PRIMARYNAME":"HIGH POND RD  ","ALIAS1":"","ALIAS2":"","ALIAS3":"","ALIAS4":"","ALIAS5":"","PRIMARYADDRESS":"1615 HIGH POND RD","SITETYPE":"Camp","MAPYEAR":"Thu, 01 Jan 1998 00:00:00 GMT","SITETYPE_MULTI1":"","SITETYPE_MULTI2":"","SITETYPE_MULTI3":"","YearBuilt":null,"YearBuiltSrc":null,"YearBuiltNotes":"","ResUnitCnt":1,"NonResUnitCnt":0,"DateUpdate":"Thu, 15 Feb 2024 09:14:05 GMT","County":"Rutland County","Inc_Muni":"Hubbardton","AddNum_Pre":null,"Add_Number":1615,"AddNum_Suf":"","St_PreMod":"","St_PreDir":"","St_PreTyp":"","St_PreSep":"","St_Name":"High Pond","St_PosTyp":"Road","St_PosDir":"","St_PosMod":"","ESN":"328","Post_Comm":"Brandon","Post_Code":"05733","GlobalID":"cb37d1ac-f449-43e8-8f2e-0d9bb3b31f34","Category":"Residential"}},
{"type":"Feature","id":144266,"geometry":{"type":"Point","coordinates":[-73.2247330155368,43.7441010327548]},"properties":{"OBJECTID":144266,"ESITEID":130444,"PRIMARYNAME":"ROUTE 144","ALIAS1":"","ALIAS2":"ROUTE 144","ALIAS3":"","ALIAS4":"","ALIAS5":"","PRIMARYADDRESS":"474 ROUTE 144","SITETYPE":"Seasonal Home","MAPYEAR":"Thu, 01 Jan 1998 00:00:00 GMT","SITETYPE_MULTI1":"","SITETYPE_MULTI2":"","SITETYPE_MULTI3":"","YearBuilt":null,"YearBuiltSrc":null,"YearBuiltNotes":"","ResUnitCnt":1,"NonResUnitCnt":0,"DateUpdate":"Wed, 23 Aug 2023 13:35:30 GMT","County":"Rutland County","Inc_Muni":"Hubbardton","AddNum_Pre":null,"Add_Number":474,"AddNum_Suf":"","St_PreMod":"","St_PreDir":"","St_PreTyp":"Route","St_PreSep":"","St_Name":"144","St_PosTyp":"","St_PosDir":"","St_PosMod":"","ESN":"328","Post_Comm":"Fair Haven","Post_Code":"05743","GlobalID":"6684d8ca-101e-4075-8f21-a10a92d70676","Category":"Residential"}},
{"type":"Feature","id":98001,"geometry":{"type":"Point","coordinates":[-73.2271198710349,43.74413917975]},"properties":{"OBJECTID":98001,"ESITEID":130445,"PRIMARYNAME":"ROUTE 144","ALIAS1":"","ALIAS2":"ROUTE 144","ALIAS3":"","ALIAS4":"","ALIAS5":"","PRIMARYADDRESS":"600 ROUTE 144","SITETYPE":"Single Family Dwelling","MAPYEAR":"Thu, 01 Jan 1998 00:00:00 GMT","SITETYPE_MULTI1":"","SITETYPE_MULTI2":"","SITETYPE_MULTI3":"","YearBuilt":null,"YearBuiltSrc":null,"YearBuiltNotes":"","ResUnitCnt":1,"NonResUnitCnt":0,"DateUpdate":"Fri, 27 Jan 2023 23:48:17 GMT","County":"Rutland County","Inc_Muni":"Hubbardton","AddNum_Pre":null,"Add_Number":600,"AddNum_Suf":"","St_PreMod":"","St_PreDir":"","St_PreTyp":"Route","St_PreSep":"","St_Name":"144","St_PosTyp":"","St_PosDir":"","St_PosMod":"","ESN":"328","Post_Comm":"Fair Haven","Post_Code":"05743","GlobalID":"3671692e-6d6d-4cdf-963d-6ab515b5bcbd","Category":"Residential"}},
{"type":"Feature","id":79970,"geometry":{"type":"Point","coordinates":[-73.2189392295868,43.7441989859032]},"properties":{"OBJECTID":79970,"ESITEID":130446,"PRIMARYNAME":"JENNINGS LN","ALIAS1":"","ALIAS2":"","ALIAS3":"","ALIAS4":"","ALIAS5":"","PRIMARYADDRESS":"29 JENNINGS LN","SITETYPE":"Camp","MAPYEAR":"Thu, 01 Jan 1998 00:00:00 GMT","SITETYPE_MULTI1":"","SITETYPE_MULTI2":"","SITETYPE_MULTI3":"","YearBuilt":null,"YearBuiltSrc":null,"YearBuiltNotes":"","ResUnitCnt":1,"NonResUnitCnt":0,"DateUpdate":"Wed, 19 Apr 2017 07:27:07 GMT","County":"Rutland County","Inc_Muni":"Hubbardton","AddNum_Pre":null,"Add_Number":29,"AddNum_Suf":"","St_PreMod":"","St_PreDir":" ","St_PreTyp":"","St_PreSep":"","St_Name":"Jennings","St_PosTyp":"Lane","St_PosDir":" ","St_PosMod":"","ESN":"328","Post_Comm":"Fair Haven","Post_Code":"05743","GlobalID":"d78e5244-dca1-43b1-99a7-547e0389bdac","Category":"Residential"}},
{"type":"Feature","id":206940,"geometry":{"type":"Point","coordinates":[-73.2213348113313,43.7439945254597]},"properties":{"OBJECTID":206940,"ESITEID":130447,"PRIMARYNAME":"STONY DR","ALIAS1":"","ALIAS2":"","ALIAS3":"","ALIAS4":"","ALIAS5":"","PRIMARYADDRESS":"18 STONY DR","SITETYPE":"General Business Service","MAPYEAR":"Thu, 01 Jan 1998 00:00:00 GMT","SITETYPE_MULTI1":"","SITETYPE_MULTI2":"","SITETYPE_MULTI3":"","YearBuilt":null,"YearBuiltSrc":null,"YearBuiltNotes":"","ResUnitCnt":1,"NonResUnitCnt":0,"DateUpdate":"Wed, 19 Apr 2017 07:26:10 GMT","County":"Rutland County","Inc_Muni":"Hubbardton","AddNum_Pre":null,"Add_Number":18,"AddNum_Suf":"","St_PreMod":"","St_PreDir":" ","St_PreTyp":"","St_PreSep":"","St_Name":"Stony","St_PosTyp":"Drive","St_PosDir":" ","St_PosMod":"","ESN":"328","Post_Comm":"Fair Haven","Post_Code":"05743","GlobalID":"dbace1c6-dbdc-4fcb-a925-bb8e50e5fb87","Category":"Commercial"}},
{"type":"Feature","id":112720,"geometry":{"type":"Point","coordinates":[-73.2199644643632,43.7439587460846]},"properties":{"OBJECTID":112720,"ESITEID":130448,"PRIMARYNAME":"SHARON DR  ","ALIAS1":"","ALIAS2":"","ALIAS3":"","ALIAS4":"","ALIAS5":"","PRIMARYADDRESS":"242 SHARON DR","SITETYPE":"Single Family Dwelling","MAPYEAR":"Thu, 01 Jan 1998 00:00:00 GMT","SITETYPE_MULTI1":"","SITETYPE_MULTI2":"","SITETYPE_MULTI3":"","YearBuilt":null,"YearBuiltSrc":null,"YearBuiltNotes":"","ResUnitCnt":1,"NonResUnitCnt":0,"DateUpdate":"Fri, 27 Jan 2023 22:17:56 GMT","County":"Rutland County","Inc_Muni":"Hubbardton","AddNum_Pre":null,"Add_Number":242,"AddNum_Suf":"","St_PreMod":"","St_PreDir":" ","St_PreTyp":"","St_PreSep":"","St_Name":"Sharon","St_PosTyp":"Drive","St_PosDir":" ","St_PosMod":"","ESN":"328","Post_Comm":"Fair Haven","Post_Code":"05743","GlobalID":"7c6638bd-f949-4ebb-ab09-d96b173f7ad6","Category":"Residential"}},
{"type":"Feature","id":295019,"geometry":{"type":"Point","coordinates":[-73.2226739047825,43.7439240862853]},"properties":{"OBJECTID":295019,"ESITEID":130449,"PRIMARYNAME":"HORTONIA RD  ","ALIAS1":"","ALIAS2":"","ALIAS3":"","ALIAS4":"","ALIAS5":"","PRIMARYADDRESS":"3818 HORTONIA RD","SITETYPE":"Multi-Family Complex","MAPYEAR":"Thu, 01 Jan 1998 00:00:00 GMT","SITETYPE_MULTI1":"","SITETYPE_MULTI2":"","SITETYPE_MULTI3":"","YearBuilt":null,"YearBuiltSrc":null,"YearBuiltNotes":"","ResUnitCnt":1,"NonResUnitCnt":0,"DateUpdate":"Wed, 19 Apr 2017 07:26:23 GMT","County":"Rutland County","Inc_Muni":"Hubbardton","AddNum_Pre":null,"Add_Number":3818,"AddNum_Suf":"","St_PreMod":"","St_PreDir":" ","St_PreTyp":"","St_PreSep":"","St_Name":"Hortonia","St_PosTyp":"Road","St_PosDir":" ","St_PosMod":"","ESN":"328","Post_Comm":"Fair Haven","Post_Code":"05743","GlobalID":"7b916109-414c-410c-bed1-ddf8d390e69b","Category":"Residential"}},
{"type":"Feature","id":104036,"geometry":{"type":"Point","coordinates":[-73.2188466068014,43.7438620917473]},"properties":{"OBJECTID":104036,"ESITEID":130450,"PRIMARYNAME":"JENNINGS LN","ALIAS1":"","ALIAS2":"","ALIAS3":"","ALIAS4":"","ALIAS5":"","PRIMARYADDRESS":"45 JENNINGS LN","SITETYPE":"Camp","MAPYEAR":"Thu, 01 Jan 1998 00:00:00 GMT","SITETYPE_MULTI1":"","SITETYPE_MULTI2":"","SITETYPE_MULTI3":"","YearBuilt":null,"YearBuiltSrc":null,"YearBuiltNotes":"","ResUnitCnt":1,"NonResUnitCnt":0,"DateUpdate":"Wed, 19 Apr 2017 07:27:10 GMT","County":"Rutland County","Inc_Muni":"Hubbardton","AddNum_Pre":null,"Add_Number":45,"AddNum_Suf":"","St_PreMod":"","St_PreDir":" ","St_PreTyp":"","St_PreSep":"","St_Name":"Jennings","St_PosTyp":"Lane","St_PosDir":" ","St_PosMod":"","ESN":"328","Post_Comm":"Fair Haven","Post_Code":"05743","GlobalID":"6c51e50c-b7c6-4e31-9c9a-f64a5dbc5645","Category":"Residential"}},
{"type":"Feature","id":79068,"geometry":{"type":"Point","coordinates":[-73.2203397144765,43.7437044016537]},"properties":{"OBJECTID":79068,"ESITEID":130451,"PRIMARYNAME":"SHARON DR  ","ALIAS1":"","ALIAS2":"","ALIAS3":"","ALIAS4":"","ALIAS5":"","PRIMARYADDRESS":"110 SHARON DR","SITETYPE":"Camp","MAPYEAR":"Thu, 01 Jan 1998 00:00:00 GMT","SITETYPE_MULTI1":"","SITETYPE_MULTI2":"","SITETYPE_MULTI3":"","YearBuilt":null,"YearBuiltSrc":null,"YearBuiltNotes":"","ResUnitCnt":1,"NonResUnitCnt":0,"DateUpdate":"Wed, 19 Apr 2017 07:33:26 GMT","County":"Rutland County","Inc_Muni":"Hubbardton","AddNum_Pre":null,"Add_Number":110,"AddNum_Suf":"","St_PreMod":"","St_PreDir":" ","St_PreTyp":"","St_PreSep":"","St_Name":"Sharon","St_PosTyp":"Drive","St_PosDir":" ","St_PosMod":"","ESN":"328","Post_Comm":"Fair Haven","Post_Code":"05743","GlobalID":"87bd609e-410b-4237-81d7-de55615fe555","Category":"Residential"}},
{"type":"Feature","id":11218,"geometry":{"type":"Point","coordinates":[-73.2230559310193,43.7434944429307]},"properties":{"OBJECTID":11218,"ESITEID":130452,"PRIMARYNAME":"HORTONIA RD  ","ALIAS1":"","ALIAS2":"","ALIAS3":"","ALIAS4":"","ALIAS5":"","PRIMARYADDRESS":"3785 HORTONIA RD","SITETYPE":"Single Family Dwelling","MAPYEAR":"Thu, 01 Jan 1998 00:00:00 GMT","SITETYPE_MULTI1":"","SITETYPE_MULTI2":"","SITETYPE_MULTI3":"","YearBuilt":null,"YearBuiltSrc":null,"YearBuiltNotes":"","ResUnitCnt":1,"NonResUnitCnt":0,"DateUpdate":"Wed, 19 Apr 2017 07:27:32 GMT","County":"Rutland County","Inc_Muni":"Hubbardton","AddNum_Pre":null,"Add_Number":3785,"AddNum_Suf":"","St_PreMod":"","St_PreDir":" ","St_PreTyp":"","St_PreSep":"","St_Name":"Hortonia","St_PosTyp":"Road","St_PosDir":" ","St_PosMod":"","ESN":"328","Post_Comm":"Fair Haven","Post_Code":"05743","GlobalID":"f0f6a361-fdc7-4e75-b410-b39bd0809a0b","Category":"Residential"}},
{"type":"Feature","id":32121,"geometry":{"type":"Point","coordinates":[-73.2186532238226,43.7434427501174]},"properties":{"OBJECTID":32121,"ESITEID":130453,"PRIMARYNAME":"JENNINGS LN","ALIAS1":"","ALIAS2":"","ALIAS3":"","ALIAS4":"","ALIAS5":"","PRIMARYADDRESS":"73 JENNINGS LN","SITETYPE":"Camp","MAPYEAR":"Thu, 01 Jan 1998 00:00:00 GMT","SITETYPE_MULTI1":"","SITETYPE_MULTI2":"","SITETYPE_MULTI3":"","YearBuilt":null,"YearBuiltSrc":null,"YearBuiltNotes":"","ResUnitCnt":1,"NonResUnitCnt":0,"DateUpdate":"Wed, 19 Apr 2017 07:32:50 GMT","County":"Rutland County","Inc_Muni":"Hubbardton","AddNum_Pre":null,"Add_Number":73,"AddNum_Suf":"","St_PreMod":"","St_PreDir":" ","St_PreTyp":"","St_PreSep":"","St_Name":"Jennings","St_PosTyp":"Lane","St_PosDir":" ","St_PosMod":"","ESN":"328","Post_Comm":"Fair Haven","Post_Code":"05743","GlobalID":"b77c0cf2-4bcf-414b-9310-6b44479863df","Category":"Residential"}},
{"type":"Feature","id":159593,"geometry":{"type":"Point","coordinates":[-73.137711934777,43.7437680150799]},"properties":{"OBJECTID":159593,"ESITEID":130454,"PRIMARYNAME":"HIGH POND RD  ","ALIAS1":"","ALIAS2":"","ALIAS3":"","ALIAS4":"","ALIAS5":"","PRIMARYADDRESS":"1613 HIGH POND RD","SITETYPE":"Camp","MAPYEAR":"Thu, 01 Jan 1998 00:00:00 GMT","SITETYPE_MULTI1":"","SITETYPE_MULTI2":"","SITETYPE_MULTI3":"","YearBuilt":null,"YearBuiltSrc":null,"YearBuiltNotes":"","ResUnitCnt":1,"NonResUnitCnt":0,"DateUpdate":"Thu, 15 Feb 2024 09:14:05 GMT","County":"Rutland County","Inc_Muni":"Hubbardton","AddNum_Pre":null,"Add_Number":1613,"AddNum_Suf":"","St_PreMod":"","St_PreDir":"","St_PreTyp":"","St_PreSep":"","St_Name":"High Pond","St_PosTyp":"Road","St_PosDir":"","St_PosMod":"","ESN":"328","Post_Comm":"Brandon","Post_Code":"05733","GlobalID":"3eab0a0c-9a66-45f8-902a-1d70830c9b18","Category":"Residential"}},
{"type":"Feature","id":340139,"geometry":{"type":"Point","coordinates":[-73.2185755988109,43.7432238907365]},"properties":{"OBJECTID":340139,"ESITEID":130455,"PRIMARYNAME":"JENNINGS LN","ALIAS1":"","ALIAS2":"","ALIAS3":"","ALIAS4":"","ALIAS5":"","PRIMARYADDRESS":"85 JENNINGS LN","SITETYPE":"Camp","MAPYEAR":"Thu, 01 Jan 1998 00:00:00 GMT","SITETYPE_MULTI1":"","SITETYPE_MULTI2":"","SITETYPE_MULTI3":"","YearBuilt":null,"YearBuiltSrc":null,"YearBuiltNotes":"","ResUnitCnt":1,"NonResUnitCnt":0,"DateUpdate":"Wed, 19 Apr 2017 07:32:53 GMT","County":"Rutland County","Inc_Muni":"Hubbardton","AddNum_Pre":null,"Add_Number":85,"AddNum_Suf":"","St_PreMod":"","St_PreDir":" ","St_PreTyp":"","St_PreSep":"","St_Name":"Jennings","St_PosTyp":"Lane","St_PosDir":" ","St_PosMod":"","ESN":"328","Post_Comm":"Fair Haven","Post_Code":"05743","GlobalID":"355fc272-78ac-4b4f-a709-43d28cc6d803","Category":"Residential"}},
{"type":"Feature","id":117341,"geometry":{"type":"Point","coordinates":[-73.2199644641862,43.7431958062432]},"properties":{"OBJECTID":117341,"ESITEID":130456,"PRIMARYNAME":"SHARON DR  ","ALIAS1":"","ALIAS2":"","ALIAS3":"","ALIAS4":"","ALIAS5":"","PRIMARYADDRESS":"294 SHARON DR","SITETYPE":"Camp","MAPYEAR":"Thu, 01 Jan 1998 00:00:00 GMT","SITETYPE_MULTI1":"","SITETYPE_MULTI2":"","SITETYPE_MULTI3":"","YearBuilt":null,"YearBuiltSrc":null,"YearBuiltNotes":"","ResUnitCnt":1,"NonResUnitCnt":0,"DateUpdate":"Fri, 27 Jan 2023 22:17:56 GMT","County":"Rutland County","Inc_Muni":"Hubbardton","AddNum_Pre":null,"Add_Number":294,"AddNum_Suf":"","St_PreMod":"","St_PreDir":" ","St_PreTyp":"","St_PreSep":"","St_Name":"Sharon","St_PosTyp":"Drive","St_PosDir":" ","St_PosMod":"","ESN":"328","Post_Comm":"Fair Haven","Post_Code":"05743","GlobalID":"bacbc13c-beb3-4e11-b08a-3a6f6b92274e","Category":"Residential"}},
{"type":"Feature","id":30285,"geometry":{"type":"Point","coordinates":[-73.2212970275401,43.7430511387425]},"properties":{"OBJECTID":30285,"ESITEID":130457,"PRIMARYNAME":"STONY DR","ALIAS1":"","ALIAS2":"","ALIAS3":"","ALIAS4":"","ALIAS5":"","PRIMARYADDRESS":"84 STONY DR","SITETYPE":"Mobile Home","MAPYEAR":"Thu, 01 Jan 1998 00:00:00 GMT","SITETYPE_MULTI1":"","SITETYPE_MULTI2":"","SITETYPE_MULTI3":"","YearBuilt":null,"YearBuiltSrc":null,"YearBuiltNotes":"","ResUnitCnt":1,"NonResUnitCnt":0,"DateUpdate":"Wed, 19 Apr 2017 07:37:24 GMT","County":"Rutland County","Inc_Muni":"Hubbardton","AddNum_Pre":null,"Add_Number":84,"AddNum_Suf":"","St_PreMod":"","St_PreDir":" ","St_PreTyp":"","St_PreSep":"","St_Name":"Stony","St_PosTyp":"Drive","St_PosDir":" ","St_PosMod":"","ESN":"328","Post_Comm":"Fair Haven","Post_Code":"05743","GlobalID":"58fbd359-bcb5-4a86-81da-92c9c201d110","Category":"Residential"}},
{"type":"Feature","id":234943,"geometry":{"type":"Point","coordinates":[-73.2226602834471,43.7430409196981]},"properties":{"OBJECTID":234943,"ESITEID":130458,"PRIMARYNAME":"HORTONIA RD  ","ALIAS1":"","ALIAS2":"","ALIAS3":"","ALIAS4":"","ALIAS5":"","PRIMARYADDRESS":"3754 HORTONIA RD","SITETYPE":"Camp","MAPYEAR":"Thu, 01 Jan 1998 00:00:00 GMT","SITETYPE_MULTI1":"","SITETYPE_MULTI2":"","SITETYPE_MULTI3":"","YearBuilt":null,"YearBuiltSrc":null,"YearBuiltNotes":"","ResUnitCnt":1,"NonResUnitCnt":0,"DateUpdate":"Wed, 19 Apr 2017 07:27:29 GMT","County":"Rutland County","Inc_Muni":"Hubbardton","AddNum_Pre":null,"Add_Number":3754,"AddNum_Suf":"","St_PreMod":"","St_PreDir":" ","St_PreTyp":"","St_PreSep":"","St_Name":"Hortonia","St_PosTyp":"Road","St_PosDir":" ","St_PosMod":"","ESN":"328","Post_Comm":"Fair Haven","Post_Code":"05743","GlobalID":"5f31d907-e0f9-40ae-a8ad-0ed1e63f855b","Category":"Residential"}},
{"type":"Feature","id":137028,"geometry":{"type":"Point","coordinates":[-73.2214050423258,43.7425775174979]},"properties":{"OBJECTID":137028,"ESITEID":130459,"PRIMARYNAME":"STONY DR","ALIAS1":"","ALIAS2":"","ALIAS3":"","ALIAS4":"","ALIAS5":"","PRIMARYADDRESS":"110 STONY DR","SITETYPE":"Mobile Home","MAPYEAR":"Thu, 01 Jan 1998 00:00:00 GMT","SITETYPE_MULTI1":"","SITETYPE_MULTI2":"","SITETYPE_MULTI3":"","YearBuilt":null,"YearBuiltSrc":null,"YearBuiltNotes":"","ResUnitCnt":1,"NonResUnitCnt":0,"DateUpdate":"Wed, 19 Apr 2017 07:37:21 GMT","County":"Rutland County","Inc_Muni":"Hubbardton","AddNum_Pre":null,"Add_Number":110,"AddNum_Suf":"","St_PreMod":"","St_PreDir":" ","St_PreTyp":"","St_PreSep":"","St_Name":"Stony","St_PosTyp":"Drive","St_PosDir":" ","St_PosMod":"","ESN":"328","Post_Comm":"Fair Haven","Post_Code":"05743","GlobalID":"02e35fc4-f36a-435c-85fc-117f3cb185b1","Category":"Residential"}},
{"type":"Feature","id":88613,"geometry":{"type":"Point","coordinates":[-73.1854520076523,43.7431802953657]},"properties":{"OBJECTID":88613,"ESITEID":130460,"PRIMARYNAME":"VT ROUTE 30","ALIAS1":"","ALIAS2":"","ALIAS3":"","ALIAS4":"","ALIAS5":"","PRIMARYADDRESS":"4595 VT ROUTE 30","SITETYPE":"General Business Service","MAPYEAR":"Thu, 01 Jan 1998 00:00:00 GMT","SITETYPE_MULTI1":"","SITETYPE_MULTI2":"","SITETYPE_MULTI3":"","YearBuilt":null,"YearBuiltSrc":null,"YearBuiltNotes":"","ResUnitCnt":1,"NonResUnitCnt":0,"DateUpdate":"Fri, 27 Jan 2023 23:49:58 GMT","County":"Rutland County","Inc_Muni":"Hubbardton","AddNum_Pre":null,"Add_Number":4595,"AddNum_Suf":"","St_PreMod":"","St_PreDir":"","St_PreTyp":"Vermont Route","St_PreSep":"","St_Name":"30","St_PosTyp":"","St_PosDir":"","St_PosMod":"","ESN":"328","Post_Comm":"Brandon","Post_Code":"05733","GlobalID":"1d888b93-9dba-42d0-a9d7-ef331f6a6fab","Category":"Commercial"}},
{"type":"Feature","id":110449,"geometry":{"type":"Point","coordinates":[-73.1859505238971,43.742589635904]},"properties":{"OBJECTID":110449,"ESITEID":130461,"PRIMARYNAME":"VT ROUTE 30","ALIAS1":"","ALIAS2":"","ALIAS3":"","ALIAS4":"","ALIAS5":"","PRIMARYADDRESS":"4597 VT ROUTE 30","SITETYPE":"Single Family Dwelling","MAPYEAR":"Thu, 01 Jan 1998 00:00:00 GMT","SITETYPE_MULTI1":"","SITETYPE_MULTI2":"","SITETYPE_MULTI3":"","YearBuilt":null,"YearBuiltSrc":null,"YearBuiltNotes":"","ResUnitCnt":1,"NonResUnitCnt":0,"DateUpdate":"Fri, 01 Aug 2025 11:13:57 GMT","County":"Rutland County","Inc_Muni":"Hubbardton","AddNum_Pre":null,"Add_Number":4597,"AddNum_Suf":"","St_PreMod":"","St_PreDir":"","St_PreTyp":"Vermont Route","St_PreSep":"","St_Name":"30","St_PosTyp":"","St_PosDir":"","St_PosMod":"","ESN":"328","Post_Comm":"Brandon","Post_Code":"05733","GlobalID":"e29a3a41-55c5-452e-8494-2492c586ee9d","Category":"Residential"}},
{"type":"Feature","id":290154,"geometry":{"type":"Point","coordinates":[-73.2182040827297,43.7424314273971]},"properties":{"OBJECTID":290154,"ESITEID":130462,"PRIMARYNAME":"MEADOW LN  ","ALIAS1":"","ALIAS2":"","ALIAS3":"","ALIAS4":"","ALIAS5":"","PRIMARYADDRESS":"73 MEADOW LN","SITETYPE":"Camp","MAPYEAR":"Thu, 01 Jan 1998 00:00:00 GMT","SITETYPE_MULTI1":"","SITETYPE_MULTI2":"","SITETYPE_MULTI3":"","YearBuilt":null,"YearBuiltSrc":null,"YearBuiltNotes":"","ResUnitCnt":1,"NonResUnitCnt":0,"DateUpdate":"Wed, 19 Apr 2017 07:35:29 GMT","County":"Rutland County","Inc_Muni":"Hubbardton","AddNum_Pre":null,"Add_Number":73,"AddNum_Suf":"","St_PreMod":"","St_PreDir":" ","St_PreTyp":"","St_PreSep":"","St_Name":"Meadow","St_PosTyp":"Lane","St_PosDir":" ","St_PosMod":"","ESN":"328","Post_Comm":"Fair Haven","Post_Code":"05743","GlobalID":"07b34ec3-de13-4b61-9ca7-46fc638524ac","Category":"Residential"}},
{"type":"Feature","id":190479,"geometry":{"type":"Point","coordinates":[-73.2125856429953,43.7424611295804]},"properties":{"OBJECTID":190479,"ESITEID":130463,"PRIMARYNAME":"CAMP RD  ","ALIAS1":"","ALIAS2":"","ALIAS3":"","ALIAS4":"","ALIAS5":"","PRIMARYADDRESS":"1774 CAMP RD","SITETYPE":"Camp","MAPYEAR":"Thu, 01 Jan 1998 00:00:00 GMT","SITETYPE_MULTI1":"","SITETYPE_MULTI2":"","SITETYPE_MULTI3":"","YearBuilt":null,"YearBuiltSrc":null,"YearBuiltNotes":"","ResUnitCnt":1,"NonResUnitCnt":0,"DateUpdate":"Thu, 10 Aug 2023 15:52:05 GMT","County":"Rutland County","Inc_Muni":"Hubbardton","AddNum_Pre":null,"Add_Number":1774,"AddNum_Suf":"","St_PreMod":"","St_PreDir":" ","St_PreTyp":"","St_PreSep":"","St_Name":"Camp","St_PosTyp":"Road","St_PosDir":" ","St_PosMod":"","ESN":"328","Post_Comm":"Brandon","Post_Code":"05733","GlobalID":"c03d7263-55a5-4fac-ac84-1858808f7d26","Category":"Residential"}},
{"type":"Feature","id":198412,"geometry":{"type":"Point","coordinates":[-73.2225729373142,43.7422317720479]},"properties":{"OBJECTID":198412,"ESITEID":130464,"PRIMARYNAME":"HORTONIA RD  ","ALIAS1":"","ALIAS2":"","ALIAS3":"","ALIAS4":"","ALIAS5":"","PRIMARYADDRESS":"3684 HORTONIA RD","SITETYPE":"Single Family Dwelling","MAPYEAR":"Thu, 01 Jan 1998 00:00:00 GMT","SITETYPE_MULTI1":"","SITETYPE_MULTI2":"","SITETYPE_MULTI3":"","YearBuilt":null,"YearBuiltSrc":null,"YearBuiltNotes":"","ResUnitCnt":1,"NonResUnitCnt":0,"DateUpdate":"Wed, 19 Apr 2017 07:36:30 GMT","County":"Rutland County","Inc_Muni":"Hubbardton","AddNum_Pre":null,"Add_Number":3684,"AddNum_Suf":"","St_PreMod":"","St_PreDir":" ","St_PreTyp":"","St_PreSep":"","St_Name":"Hortonia","St_PosTyp":"Road","St_PosDir":" ","St_PosMod":"","ESN":"328","Post_Comm":"Fair Haven","Post_Code":"05743","GlobalID":"2c7c4bcf-7ec2-40b0-bd67-ae44034afaf7","Category":"Residential"}},
{"type":"Feature","id":286381,"geometry":{"type":"Point","coordinates":[-73.2180551659368,43.7422196337336]},"properties":{"OBJECTID":286381,"ESITEID":130465,"PRIMARYNAME":"MEADOW LN  ","ALIAS1":"","ALIAS2":"","ALIAS3":"","ALIAS4":"","ALIAS5":"","PRIMARYADDRESS":"75 MEADOW LN","SITETYPE":"Camp","MAPYEAR":"Thu, 01 Jan 1998 00:00:00 GMT","SITETYPE_MULTI1":"","SITETYPE_MULTI2":"","SITETYPE_MULTI3":"","YearBuilt":null,"YearBuiltSrc":null,"YearBuiltNotes":"","ResUnitCnt":1,"NonResUnitCnt":0,"DateUpdate":"Fri, 27 Jan 2023 21:32:29 GMT","County":"Rutland County","Inc_Muni":"Hubbardton","AddNum_Pre":null,"Add_Number":75,"AddNum_Suf":"","St_PreMod":"","St_PreDir":" ","St_PreTyp":"","St_PreSep":"","St_Name":"Meadow","St_PosTyp":"Lane","St_PosDir":" ","St_PosMod":"","ESN":"328","Post_Comm":"Fair Haven","Post_Code":"05743","GlobalID":"008ccaef-8ec9-40b3-8fe3-8372bf4036fe","Category":"Residential"}},
{"type":"Feature","id":53512,"geometry":{"type":"Point","coordinates":[-73.2100768923762,43.7424453438144]},"properties":{"OBJECTID":53512,"ESITEID":130466,"PRIMARYNAME":"CAMP RD  ","ALIAS1":"","ALIAS2":"","ALIAS3":"","ALIAS4":"","ALIAS5":"","PRIMARYADDRESS":"1424 CAMP RD","SITETYPE":"Community \/ Recreation Facility","MAPYEAR":"Thu, 01 Jan 1998 00:00:00 GMT","SITETYPE_MULTI1":"","SITETYPE_MULTI2":"","SITETYPE_MULTI3":"","YearBuilt":null,"YearBuiltSrc":null,"YearBuiltNotes":"","ResUnitCnt":1,"NonResUnitCnt":0,"DateUpdate":"Thu, 10 Aug 2023 15:52:05 GMT","County":"Rutland County","Inc_Muni":"Hubbardton","AddNum_Pre":null,"Add_Number":1424,"AddNum_Suf":"","St_PreMod":"","St_PreDir":"","St_PreTyp":"","St_PreSep":"","St_Name":"Camp","St_PosTyp":"Road","St_PosDir":"","St_PosMod":"","ESN":"328","Post_Comm":"Brandon","Post_Code":"05733","GlobalID":"9e3df774-a100-4bce-8eb1-1f67f3adb595","Category":"Recreation"}},
{"type":"Feature","id":24501,"geometry":{"type":"Point","coordinates":[-73.2176832732363,43.741853033777]},"properties":{"OBJECTID":24501,"ESITEID":130467,"PRIMARYNAME":"MEADOW LN  ","ALIAS1":"","ALIAS2":"","ALIAS3":"","ALIAS4":"","ALIAS5":"","PRIMARYADDRESS":"245 MEADOW LN","SITETYPE":"Camp","MAPYEAR":"Thu, 01 Jan 1998 00:00:00 GMT","SITETYPE_MULTI1":"","SITETYPE_MULTI2":"","SITETYPE_MULTI3":"","YearBuilt":null,"YearBuiltSrc":null,"YearBuiltNotes":"","ResUnitCnt":1,"NonResUnitCnt":0,"DateUpdate":"Fri, 27 Jan 2023 21:32:30 GMT","County":"Rutland County","Inc_Muni":"Hubbardton","AddNum_Pre":null,"Add_Number":245,"AddNum_Suf":"","St_PreMod":"","St_PreDir":" ","St_PreTyp":"","St_PreSep":"","St_Name":"Meadow","St_PosTyp":"Lane","St_PosDir":" ","St_PosMod":"","ESN":"328","Post_Comm":"Fair Haven","Post_Code":"05743","GlobalID":"ca14f1e9-31a4-414a-827f-2d691bfa924b","Category":"Residential"}},
{"type":"Feature","id":274944,"geometry":{"type":"Point","coordinates":[-73.2222227643927,43.7417767392087]},"properties":{"OBJECTID":274944,"ESITEID":130468,"PRIMARYNAME":"HORTONIA RD  ","ALIAS1":"","ALIAS2":"","ALIAS3":"","ALIAS4":"","ALIAS5":"","PRIMARYADDRESS":"3670 HORTONIA RD","SITETYPE":"Mobile Home","MAPYEAR":"Thu, 01 Jan 1998 00:00:00 GMT","SITETYPE_MULTI1":"","SITETYPE_MULTI2":"","SITETYPE_MULTI3":"","YearBuilt":null,"YearBuiltSrc":null,"YearBuiltNotes":"","ResUnitCnt":1,"NonResUnitCnt":0,"DateUpdate":"Fri, 27 Jan 2023 22:17:58 GMT","County":"Rutland County","Inc_Muni":"Hubbardton","AddNum_Pre":null,"Add_Number":3670,"AddNum_Suf":"","St_PreMod":"","St_PreDir":" ","St_PreTyp":"","St_PreSep":"","St_Name":"Hortonia","St_PosTyp":"Road","St_PosDir":" ","St_PosMod":"","ESN":"328","Post_Comm":"Fair Haven","Post_Code":"05743","GlobalID":"af767204-767d-45e6-9ad8-5022c02c6d8e","Category":"Residential"}},
{"type":"Feature","id":284195,"geometry":{"type":"Point","coordinates":[-73.2172579747623,43.7415566664697]},"properties":{"OBJECTID":284195,"ESITEID":130469,"PRIMARYNAME":"COTTAGE RD  ","ALIAS1":"","ALIAS2":"","ALIAS3":"","ALIAS4":"","ALIAS5":"","PRIMARYADDRESS":"460 COTTAGE RD","SITETYPE":"Camp","MAPYEAR":"Thu, 01 Jan 1998 00:00:00 GMT","SITETYPE_MULTI1":"","SITETYPE_MULTI2":"","SITETYPE_MULTI3":"","YearBuilt":null,"YearBuiltSrc":null,"YearBuiltNotes":"","ResUnitCnt":1,"NonResUnitCnt":0,"DateUpdate":"Wed, 19 Apr 2017 07:40:45 GMT","County":"Rutland County","Inc_Muni":"Hubbardton","AddNum_Pre":null,"Add_Number":460,"AddNum_Suf":"","St_PreMod":"","St_PreDir":" ","St_PreTyp":"","St_PreSep":"","St_Name":"Cottage","St_PosTyp":"Road","St_PosDir":" ","St_PosMod":"","ESN":"328","Post_Comm":"Fair Haven","Post_Code":"05743","GlobalID":"e6d7f419-eaed-42ab-868f-68639999b8cd","Category":"Residential"}},
{"type":"Feature","id":223089,"geometry":{"type":"Point","coordinates":[-73.223006994897,43.7416199065092]},"properties":{"OBJECTID":223089,"ESITEID":130470,"PRIMARYNAME":"HORTONIA RD  ","ALIAS1":"","ALIAS2":"","ALIAS3":"","ALIAS4":"","ALIAS5":"","PRIMARYADDRESS":"3651 HORTONIA RD","SITETYPE":"Single Family Dwelling","MAPYEAR":"Thu, 01 Jan 1998 00:00:00 GMT","SITETYPE_MULTI1":"","SITETYPE_MULTI2":"","SITETYPE_MULTI3":"","YearBuilt":null,"YearBuiltSrc":null,"YearBuiltNotes":"","ResUnitCnt":1,"NonResUnitCnt":0,"DateUpdate":"Wed, 23 Aug 2023 13:38:20 GMT","County":"Rutland County","Inc_Muni":"Hubbardton","AddNum_Pre":null,"Add_Number":3651,"AddNum_Suf":"","St_PreMod":"","St_PreDir":" ","St_PreTyp":"","St_PreSep":"","St_Name":"Hortonia","St_PosTyp":"Road","St_PosDir":" ","St_PosMod":"","ESN":"328","Post_Comm":"Fair Haven","Post_Code":"05743","GlobalID":"e4797381-62f6-4bc3-ae8a-bd7009700d6b","Category":"Residential"}},
{"type":"Feature","id":177805,"geometry":{"type":"Point","coordinates":[-73.1355684743554,43.7420216317194]},"properties":{"OBJECTID":177805,"ESITEID":130471,"PRIMARYNAME":"HIGH POND RD  ","ALIAS1":"","ALIAS2":"","ALIAS3":"","ALIAS4":"","ALIAS5":"","PRIMARYADDRESS":"1471 HIGH POND RD","SITETYPE":"Camp","MAPYEAR":"Thu, 01 Jan 1998 00:00:00 GMT","SITETYPE_MULTI1":"","SITETYPE_MULTI2":"","SITETYPE_MULTI3":"","YearBuilt":null,"YearBuiltSrc":null,"YearBuiltNotes":"","ResUnitCnt":1,"NonResUnitCnt":0,"DateUpdate":"Fri, 27 Jan 2023 22:17:58 GMT","County":"Rutland County","Inc_Muni":"Hubbardton","AddNum_Pre":null,"Add_Number":1471,"AddNum_Suf":"","St_PreMod":"","St_PreDir":"","St_PreTyp":"","St_PreSep":"","St_Name":"High Pond","St_PosTyp":"Road","St_PosDir":"","St_PosMod":"","ESN":"328","Post_Comm":"Brandon","Post_Code":"05733","GlobalID":"f26423ed-130f-444d-95df-aff1bb74a501","Category":"Residential"}},
{"type":"Feature","id":198772,"geometry":{"type":"Point","coordinates":[-73.2176527555513,43.7413227898812]},"properties":{"OBJECTID":198772,"ESITEID":130472,"PRIMARYNAME":"MEADOW LN","ALIAS1":"","ALIAS2":"","ALIAS3":"","ALIAS4":"","ALIAS5":"","PRIMARYADDRESS":"258 MEADOW LN","SITETYPE":"Single Family Dwelling","MAPYEAR":"Thu, 01 Jan 1998 00:00:00 GMT","SITETYPE_MULTI1":"","SITETYPE_MULTI2":"","SITETYPE_MULTI3":"","YearBuilt":null,"YearBuiltSrc":null,"YearBuiltNotes":"","ResUnitCnt":1,"NonResUnitCnt":0,"DateUpdate":"Fri, 27 Jan 2023 22:17:56 GMT","County":"Rutland County","Inc_Muni":"Hubbardton","AddNum_Pre":null,"Add_Number":258,"AddNum_Suf":"","St_PreMod":"","St_PreDir":" ","St_PreTyp":"","St_PreSep":"","St_Name":"Meadow","St_PosTyp":"Lane","St_PosDir":" ","St_PosMod":"","ESN":"328","Post_Comm":"Fair Haven","Post_Code":"05743","GlobalID":"196a6ad7-e147-4cff-9da4-327634ce0d6c","Category":"Residential"}},
{"type":"Feature","id":297449,"geometry":{"type":"Point","coordinates":[-73.2171388941173,43.7413237516196]},"properties":{"OBJECTID":297449,"ESITEID":130473,"PRIMARYNAME":"COTTAGE RD  ","ALIAS1":"","ALIAS2":"","ALIAS3":"","ALIAS4":"","ALIAS5":"","PRIMARYADDRESS":"446 COTTAGE RD","SITETYPE":"Camp","MAPYEAR":"Thu, 01 Jan 1998 00:00:00 GMT","SITETYPE_MULTI1":"","SITETYPE_MULTI2":"","SITETYPE_MULTI3":"","YearBuilt":null,"YearBuiltSrc":null,"YearBuiltNotes":"","ResUnitCnt":1,"NonResUnitCnt":0,"DateUpdate":"Wed, 19 Apr 2017 07:40:48 GMT","County":"Rutland County","Inc_Muni":"Hubbardton","AddNum_Pre":null,"Add_Number":446,"AddNum_Suf":"","St_PreMod":"","St_PreDir":" ","St_PreTyp":"","St_PreSep":"","St_Name":"Cottage","St_PosTyp":"Road","St_PosDir":" ","St_PosMod":"","ESN":"328","Post_Comm":"Fair Haven","Post_Code":"05743","GlobalID":"0e16b227-a996-4345-a32e-7cb1b77ea425","Category":"Residential"}},
{"type":"Feature","id":5622,"geometry":{"type":"Point","coordinates":[-73.2105955643765,43.741292272787]},"properties":{"OBJECTID":5622,"ESITEID":130474,"PRIMARYNAME":"CAMP RD  ","ALIAS1":"","ALIAS2":"","ALIAS3":"","ALIAS4":"","ALIAS5":"","PRIMARYADDRESS":"1430 CAMP RD","SITETYPE":"Community \/ Recreation Facility","MAPYEAR":"Thu, 01 Jan 1998 00:00:00 GMT","SITETYPE_MULTI1":"","SITETYPE_MULTI2":"","SITETYPE_MULTI3":"","YearBuilt":null,"YearBuiltSrc":null,"YearBuiltNotes":"","ResUnitCnt":1,"NonResUnitCnt":0,"DateUpdate":"Thu, 10 Aug 2023 15:52:06 GMT","County":"Rutland County","Inc_Muni":"Hubbardton","AddNum_Pre":null,"Add_Number":1430,"AddNum_Suf":"","St_PreMod":"","St_PreDir":"","St_PreTyp":"","St_PreSep":"","St_Name":"Camp","St_PosTyp":"Road","St_PosDir":"","St_PosMod":"","ESN":"328","Post_Comm":"Brandon","Post_Code":"05733","GlobalID":"fcfdf40c-be96-4b54-a130-170576de31ca","Category":"Recreation"}},
{"type":"Feature","id":101637,"geometry":{"type":"Point","coordinates":[-73.2169538004434,43.7412099201717]},"properties":{"OBJECTID":101637,"ESITEID":130475,"PRIMARYNAME":"COTTAGE RD  ","ALIAS1":"","ALIAS2":"","ALIAS3":"","ALIAS4":"","ALIAS5":"","PRIMARYADDRESS":"436 COTTAGE RD","SITETYPE":"Camp","MAPYEAR":"Thu, 01 Jan 1998 00:00:00 GMT","SITETYPE_MULTI1":"","SITETYPE_MULTI2":"","SITETYPE_MULTI3":"","YearBuilt":null,"YearBuiltSrc":null,"YearBuiltNotes":"","ResUnitCnt":1,"NonResUnitCnt":0,"DateUpdate":"Fri, 27 Jan 2023 22:17:56 GMT","County":"Rutland County","Inc_Muni":"Hubbardton","AddNum_Pre":null,"Add_Number":436,"AddNum_Suf":"","St_PreMod":"","St_PreDir":" ","St_PreTyp":"","St_PreSep":"","St_Name":"Cottage","St_PosTyp":"Road","St_PosDir":" ","St_PosMod":"","ESN":"328","Post_Comm":"Fair Haven","Post_Code":"05743","GlobalID":"c3ae9374-6e84-4fdb-b6d1-c69b3e72b4a7","Category":"Residential"}},
{"type":"Feature","id":108271,"geometry":{"type":"Point","coordinates":[-73.2167491304464,43.7410397314686]},"properties":{"OBJECTID":108271,"ESITEID":130476,"PRIMARYNAME":"COTTAGE RD  ","ALIAS1":"","ALIAS2":"","ALIAS3":"","ALIAS4":"","ALIAS5":"","PRIMARYADDRESS":"420 COTTAGE RD","SITETYPE":"Camp","MAPYEAR":"Thu, 01 Jan 1998 00:00:00 GMT","SITETYPE_MULTI1":"","SITETYPE_MULTI2":"","SITETYPE_MULTI3":"","YearBuilt":null,"YearBuiltSrc":null,"YearBuiltNotes":"","ResUnitCnt":1,"NonResUnitCnt":0,"DateUpdate":"Wed, 19 Apr 2017 07:40:53 GMT","County":"Rutland County","Inc_Muni":"Hubbardton","AddNum_Pre":null,"Add_Number":420,"AddNum_Suf":"","St_PreMod":"","St_PreDir":" ","St_PreTyp":"","St_PreSep":"","St_Name":"Cottage","St_PosTyp":"Road","St_PosDir":" ","St_PosMod":"","ESN":"328","Post_Comm":"Fair Haven","Post_Code":"05743","GlobalID":"38f05001-3d79-4a43-b50f-606b4268ac00","Category":"Residential"}},
{"type":"Feature","id":232663,"geometry":{"type":"Point","coordinates":[-73.2164297213137,43.7408943788037]},"properties":{"OBJECTID":232663,"ESITEID":130477,"PRIMARYNAME":"COTTAGE RD  ","ALIAS1":"","ALIAS2":"","ALIAS3":"","ALIAS4":"","ALIAS5":"","PRIMARYADDRESS":"406 COTTAGE RD","SITETYPE":"Camp","MAPYEAR":"Thu, 01 Jan 1998 00:00:00 GMT","SITETYPE_MULTI1":"","SITETYPE_MULTI2":"","SITETYPE_MULTI3":"","YearBuilt":null,"YearBuiltSrc":null,"YearBuiltNotes":"","ResUnitCnt":1,"NonResUnitCnt":0,"DateUpdate":"Wed, 19 Apr 2017 07:40:56 GMT","County":"Rutland County","Inc_Muni":"Hubbardton","AddNum_Pre":null,"Add_Number":406,"AddNum_Suf":"","St_PreMod":"","St_PreDir":" ","St_PreTyp":"","St_PreSep":"","St_Name":"Cottage","St_PosTyp":"Road","St_PosDir":" ","St_PosMod":"","ESN":"328","Post_Comm":"Fair Haven","Post_Code":"05743","GlobalID":"4780566e-1c23-461e-a7bc-9815f98b5373","Category":"Residential"}},
{"type":"Feature","id":326618,"geometry":{"type":"Point","coordinates":[-73.2162189070691,43.7406805170949]},"properties":{"OBJECTID":326618,"ESITEID":130478,"PRIMARYNAME":"COTTAGE RD  ","ALIAS1":"","ALIAS2":"","ALIAS3":"","ALIAS4":"","ALIAS5":"","PRIMARYADDRESS":"396 COTTAGE RD","SITETYPE":"Camp","MAPYEAR":"Thu, 01 Jan 1998 00:00:00 GMT","SITETYPE_MULTI1":"","SITETYPE_MULTI2":"","SITETYPE_MULTI3":"","YearBuilt":null,"YearBuiltSrc":null,"YearBuiltNotes":"","ResUnitCnt":1,"NonResUnitCnt":0,"DateUpdate":"Wed, 19 Apr 2017 07:41:00 GMT","County":"Rutland County","Inc_Muni":"Hubbardton","AddNum_Pre":null,"Add_Number":396,"AddNum_Suf":"","St_PreMod":"","St_PreDir":" ","St_PreTyp":"","St_PreSep":"","St_Name":"Cottage","St_PosTyp":"Road","St_PosDir":" ","St_PosMod":"","ESN":"328","Post_Comm":"Fair Haven","Post_Code":"05743","GlobalID":"e07b7c63-73ef-492b-b0ee-ed5820707d3d","Category":"Residential"}},
{"type":"Feature","id":19911,"geometry":{"type":"Point","coordinates":[-73.2160935925581,43.7404515383452]},"properties":{"OBJECTID":19911,"ESITEID":130479,"PRIMARYNAME":"COTTAGE RD  ","ALIAS1":"","ALIAS2":"","ALIAS3":"","ALIAS4":"","ALIAS5":"","PRIMARYADDRESS":"362 COTTAGE RD","SITETYPE":"Camp","MAPYEAR":"Thu, 01 Jan 1998 00:00:00 GMT","SITETYPE_MULTI1":"","SITETYPE_MULTI2":"","SITETYPE_MULTI3":"","YearBuilt":null,"YearBuiltSrc":null,"YearBuiltNotes":"","ResUnitCnt":1,"NonResUnitCnt":0,"DateUpdate":"Wed, 19 Apr 2017 07:41:04 GMT","County":"Rutland County","Inc_Muni":"Hubbardton","AddNum_Pre":null,"Add_Number":362,"AddNum_Suf":"","St_PreMod":"","St_PreDir":" ","St_PreTyp":"","St_PreSep":"","St_Name":"Cottage","St_PosTyp":"Road","St_PosDir":" ","St_PosMod":"","ESN":"328","Post_Comm":"Fair Haven","Post_Code":"05743","GlobalID":"987d4682-27ae-4c66-8125-ed2a05e4e31a","Category":"Residential"}},
{"type":"Feature","id":240087,"geometry":{"type":"Point","coordinates":[-73.1342811082397,43.7410612396216]},"properties":{"OBJECTID":240087,"ESITEID":130480,"PRIMARYNAME":"HIGH POND RD  ","ALIAS1":"","ALIAS2":"","ALIAS3":"","ALIAS4":"","ALIAS5":"","PRIMARYADDRESS":"1374 HIGH POND RD","SITETYPE":"Single Family Dwelling","MAPYEAR":"Thu, 01 Jan 1998 00:00:00 GMT","SITETYPE_MULTI1":"","SITETYPE_MULTI2":"","SITETYPE_MULTI3":"","YearBuilt":null,"YearBuiltSrc":null,"YearBuiltNotes":"","ResUnitCnt":1,"NonResUnitCnt":0,"DateUpdate":"Fri, 18 Apr 2025 09:32:00 GMT","County":"Rutland County","Inc_Muni":"Hubbardton","AddNum_Pre":"","Add_Number":1374,"AddNum_Suf":"","St_PreMod":"","St_PreDir":"","St_PreTyp":"","St_PreSep":"","St_Name":"High Pond","St_PosTyp":"Road","St_PosDir":"","St_PosMod":"","ESN":"328","Post_Comm":"Brandon","Post_Code":"05733","GlobalID":"63c25ac2-e06f-4cd3-b90b-1c3017e2b035","Category":"Residential"}},
{"type":"Feature","id":284904,"geometry":{"type":"Point","coordinates":[-73.2160684929508,43.7402613111002]},"properties":{"OBJECTID":284904,"ESITEID":130481,"PRIMARYNAME":"COTTAGE RD  ","ALIAS1":"","ALIAS2":"","ALIAS3":"","ALIAS4":"","ALIAS5":"","PRIMARYADDRESS":"358 COTTAGE RD","SITETYPE":"Single Family Dwelling","MAPYEAR":"Thu, 01 Jan 1998 00:00:00 GMT","SITETYPE_MULTI1":"","SITETYPE_MULTI2":"","SITETYPE_MULTI3":"","YearBuilt":null,"YearBuiltSrc":null,"YearBuiltNotes":"","ResUnitCnt":1,"NonResUnitCnt":0,"DateUpdate":"Wed, 19 Apr 2017 07:41:08 GMT","County":"Rutland County","Inc_Muni":"Hubbardton","AddNum_Pre":null,"Add_Number":358,"AddNum_Suf":"","St_PreMod":"","St_PreDir":" ","St_PreTyp":"","St_PreSep":"","St_Name":"Cottage","St_PosTyp":"Road","St_PosDir":" ","St_PosMod":"","ESN":"328","Post_Comm":"Fair Haven","Post_Code":"05743","GlobalID":"c51f74e6-37a1-42a1-adaf-619737ec0e00","Category":"Residential"}},
{"type":"Feature","id":148909,"geometry":{"type":"Point","coordinates":[-73.2122294458847,43.7399367294722]},"properties":{"OBJECTID":148909,"ESITEID":130482,"PRIMARYNAME":"CAMP RD  ","ALIAS1":"","ALIAS2":"","ALIAS3":"","ALIAS4":"","ALIAS5":"","PRIMARYADDRESS":"1741 CAMP RD","SITETYPE":"Camp","MAPYEAR":"Thu, 01 Jan 1998 00:00:00 GMT","SITETYPE_MULTI1":"","SITETYPE_MULTI2":"","SITETYPE_MULTI3":"","YearBuilt":null,"YearBuiltSrc":null,"YearBuiltNotes":"","ResUnitCnt":1,"NonResUnitCnt":0,"DateUpdate":"Thu, 10 Aug 2023 15:52:06 GMT","County":"Rutland County","Inc_Muni":"Hubbardton","AddNum_Pre":null,"Add_Number":1741,"AddNum_Suf":"","St_PreMod":"","St_PreDir":" ","St_PreTyp":"","St_PreSep":"","St_Name":"Camp","St_PosTyp":"Road","St_PosDir":" ","St_PosMod":"","ESN":"328","Post_Comm":"Brandon","Post_Code":"05733","GlobalID":"4daabcb8-e4b7-40a3-ba43-dfdad6d3450f","Category":"Residential"}},
{"type":"Feature","id":338663,"geometry":{"type":"Point","coordinates":[-73.2159798035914,43.7400477980048]},"properties":{"OBJECTID":338663,"ESITEID":130483,"PRIMARYNAME":"COTTAGE RD  ","ALIAS1":"","ALIAS2":"","ALIAS3":"","ALIAS4":"","ALIAS5":"","PRIMARYADDRESS":"346 COTTAGE RD","SITETYPE":"Campground \/ RV Park","MAPYEAR":"Thu, 01 Jan 1998 00:00:00 GMT","SITETYPE_MULTI1":"","SITETYPE_MULTI2":"","SITETYPE_MULTI3":"","YearBuilt":null,"YearBuiltSrc":null,"YearBuiltNotes":"","ResUnitCnt":1,"NonResUnitCnt":0,"DateUpdate":"Wed, 19 Apr 2017 07:41:27 GMT","County":"Rutland County","Inc_Muni":"Hubbardton","AddNum_Pre":null,"Add_Number":346,"AddNum_Suf":"","St_PreMod":"","St_PreDir":" ","St_PreTyp":"","St_PreSep":"","St_Name":"Cottage","St_PosTyp":"Road","St_PosDir":" ","St_PosMod":"","ESN":"328","Post_Comm":"Fair Haven","Post_Code":"05743","GlobalID":"906828d3-aa8d-4157-a7db-0d702341285e","Category":"Recreation"}},
{"type":"Feature","id":14444,"geometry":{"type":"Point","coordinates":[-73.2119122079369,43.7401047770866]},"properties":{"OBJECTID":14444,"ESITEID":130484,"PRIMARYNAME":"CAMP RD  ","ALIAS1":"","ALIAS2":"","ALIAS3":"","ALIAS4":"","ALIAS5":"","PRIMARYADDRESS":"1651 CAMP RD","SITETYPE":"Camp","MAPYEAR":"Thu, 01 Jan 1998 00:00:00 GMT","SITETYPE_MULTI1":"","SITETYPE_MULTI2":"","SITETYPE_MULTI3":"","YearBuilt":null,"YearBuiltSrc":null,"YearBuiltNotes":"","ResUnitCnt":1,"NonResUnitCnt":0,"DateUpdate":"Thu, 10 Aug 2023 15:52:06 GMT","County":"Rutland County","Inc_Muni":"Hubbardton","AddNum_Pre":null,"Add_Number":1651,"AddNum_Suf":"","St_PreMod":"","St_PreDir":" ","St_PreTyp":"","St_PreSep":"","St_Name":"Camp","St_PosTyp":"Road","St_PosDir":" ","St_PosMod":"","ESN":"328","Post_Comm":"Brandon","Post_Code":"05733","GlobalID":"074eedf6-566c-4db6-b5bd-b6f03297305f","Category":"Residential"}},
{"type":"Feature","id":264257,"geometry":{"type":"Point","coordinates":[-73.2159886212419,43.7398242360061]},"properties":{"OBJECTID":264257,"ESITEID":130485,"PRIMARYNAME":"COTTAGE RD  ","ALIAS1":"","ALIAS2":"","ALIAS3":"","ALIAS4":"","ALIAS5":"","PRIMARYADDRESS":"344 COTTAGE RD","SITETYPE":"Camp","MAPYEAR":"Thu, 01 Jan 1998 00:00:00 GMT","SITETYPE_MULTI1":"","SITETYPE_MULTI2":"","SITETYPE_MULTI3":"","YearBuilt":null,"YearBuiltSrc":null,"YearBuiltNotes":"","ResUnitCnt":1,"NonResUnitCnt":0,"DateUpdate":"Wed, 19 Apr 2017 07:41:18 GMT","County":"Rutland County","Inc_Muni":"Hubbardton","AddNum_Pre":null,"Add_Number":344,"AddNum_Suf":"","St_PreMod":"","St_PreDir":" ","St_PreTyp":"","St_PreSep":"","St_Name":"Cottage","St_PosTyp":"Road","St_PosDir":" ","St_PosMod":"","ESN":"328","Post_Comm":"Fair Haven","Post_Code":"05743","GlobalID":"e4a15c30-f29a-47fe-aaa2-862e11875a70","Category":"Residential"}},
{"type":"Feature","id":192114,"geometry":{"type":"Point","coordinates":[-73.1839941505335,43.7397078746203]},"properties":{"OBJECTID":192114,"ESITEID":130486,"PRIMARYNAME":"PINE LN","ALIAS1":"","ALIAS2":"","ALIAS3":"","ALIAS4":"","ALIAS5":"","PRIMARYADDRESS":"39 PINE LN","SITETYPE":"Camp","MAPYEAR":"Thu, 01 Jan 1998 00:00:00 GMT","SITETYPE_MULTI1":"","SITETYPE_MULTI2":"","SITETYPE_MULTI3":"","YearBuilt":null,"YearBuiltSrc":null,"YearBuiltNotes":"","ResUnitCnt":1,"NonResUnitCnt":0,"DateUpdate":"Fri, 27 Jan 2023 21:21:48 GMT","County":"Rutland County","Inc_Muni":"Hubbardton","AddNum_Pre":null,"Add_Number":39,"AddNum_Suf":"","St_PreMod":"","St_PreDir":"","St_PreTyp":"","St_PreSep":"","St_Name":"Pine","St_PosTyp":"Lane","St_PosDir":"","St_PosMod":"","ESN":"328","Post_Comm":"Brandon","Post_Code":"05733","GlobalID":"65c287ee-b676-49b0-be38-e0482022aaf0","Category":"Residential"}},
{"type":"Feature","id":291619,"geometry":{"type":"Point","coordinates":[-73.2159877803364,43.739335947321]},"properties":{"OBJECTID":291619,"ESITEID":130487,"PRIMARYNAME":"HEEDE LN","ALIAS1":"","ALIAS2":"","ALIAS3":"","ALIAS4":"","ALIAS5":"","PRIMARYADDRESS":"98 HEEDE LN","SITETYPE":"Camp","MAPYEAR":"Thu, 01 Jan 1998 00:00:00 GMT","SITETYPE_MULTI1":"","SITETYPE_MULTI2":"","SITETYPE_MULTI3":"","YearBuilt":null,"YearBuiltSrc":null,"YearBuiltNotes":"","ResUnitCnt":1,"NonResUnitCnt":0,"DateUpdate":"Wed, 19 Apr 2017 07:45:49 GMT","County":"Rutland County","Inc_Muni":"Hubbardton","AddNum_Pre":null,"Add_Number":98,"AddNum_Suf":"","St_PreMod":"","St_PreDir":" ","St_PreTyp":"","St_PreSep":"","St_Name":"Heede","St_PosTyp":"Lane","St_PosDir":" ","St_PosMod":"","ESN":"328","Post_Comm":"Fair Haven","Post_Code":"05743","GlobalID":"eeb68424-9869-4007-9caa-384ba2b7bfb7","Category":"Residential"}},
{"type":"Feature","id":17186,"geometry":{"type":"Point","coordinates":[-73.1813123095638,43.7396638143991]},"properties":{"OBJECTID":17186,"ESITEID":130488,"PRIMARYNAME":"VT ROUTE 30","ALIAS1":"","ALIAS2":"","ALIAS3":"","ALIAS4":"","ALIAS5":"","PRIMARYADDRESS":"4316 VT ROUTE 30","SITETYPE":"Single Family Dwelling","MAPYEAR":"Thu, 01 Jan 1998 00:00:00 GMT","SITETYPE_MULTI1":"","SITETYPE_MULTI2":"","SITETYPE_MULTI3":"","YearBuilt":null,"YearBuiltSrc":null,"YearBuiltNotes":"","ResUnitCnt":1,"NonResUnitCnt":0,"DateUpdate":"Fri, 27 Jan 2023 23:47:30 GMT","County":"Rutland County","Inc_Muni":"Hubbardton","AddNum_Pre":null,"Add_Number":4316,"AddNum_Suf":"","St_PreMod":"","St_PreDir":"","St_PreTyp":"Vermont Route","St_PreSep":"","St_Name":"30","St_PosTyp":"","St_PosDir":"","St_PosMod":"","ESN":"328","Post_Comm":"Bomoseen","Post_Code":"05732","GlobalID":"c713c462-c921-4b8f-ac7c-574d519d58e2","Category":"Residential"}},
{"type":"Feature","id":2229,"geometry":{"type":"Point","coordinates":[-73.2159018902103,43.7391301994234]},"properties":{"OBJECTID":2229,"ESITEID":130489,"PRIMARYNAME":"HEEDE LN","ALIAS1":"","ALIAS2":"","ALIAS3":"","ALIAS4":"","ALIAS5":"","PRIMARYADDRESS":"72 HEEDE LN","SITETYPE":"Camp","MAPYEAR":"Thu, 01 Jan 1998 00:00:00 GMT","SITETYPE_MULTI1":"","SITETYPE_MULTI2":"","SITETYPE_MULTI3":"","YearBuilt":null,"YearBuiltSrc":null,"YearBuiltNotes":"","ResUnitCnt":1,"NonResUnitCnt":0,"DateUpdate":"Wed, 19 Apr 2017 07:45:45 GMT","County":"Rutland County","Inc_Muni":"Hubbardton","AddNum_Pre":null,"Add_Number":72,"AddNum_Suf":"","St_PreMod":"","St_PreDir":" ","St_PreTyp":"","St_PreSep":"","St_Name":"Heede","St_PosTyp":"Lane","St_PosDir":" ","St_PosMod":"","ESN":"328","Post_Comm":"Fair Haven","Post_Code":"05743","GlobalID":"0b6c79a1-ec22-4637-b17d-860cf566a47d","Category":"Residential"}},
{"type":"Feature","id":254384,"geometry":{"type":"Point","coordinates":[-73.1841291858768,43.7391026373791]},"properties":{"OBJECTID":254384,"ESITEID":130490,"PRIMARYNAME":"PINE LN","ALIAS1":"","ALIAS2":"","ALIAS3":"","ALIAS4":"","ALIAS5":"","PRIMARYADDRESS":"71 PINE LN","SITETYPE":"Camp","MAPYEAR":"Thu, 01 Jan 1998 00:00:00 GMT","SITETYPE_MULTI1":"","SITETYPE_MULTI2":"","SITETYPE_MULTI3":"","YearBuilt":null,"YearBuiltSrc":null,"YearBuiltNotes":"","ResUnitCnt":1,"NonResUnitCnt":0,"DateUpdate":"Fri, 27 Jan 2023 21:21:48 GMT","County":"Rutland County","Inc_Muni":"Hubbardton","AddNum_Pre":null,"Add_Number":71,"AddNum_Suf":"","St_PreMod":"","St_PreDir":"","St_PreTyp":"","St_PreSep":"","St_Name":"Pine","St_PosTyp":"Lane","St_PosDir":"","St_PosMod":"","ESN":"328","Post_Comm":"Brandon","Post_Code":"05733","GlobalID":"fc01c525-669c-4fbe-86bf-0e8e27eaec31","Category":"Residential"}},
{"type":"Feature","id":193986,"geometry":{"type":"Point","coordinates":[-73.215838765574,43.7388981044904]},"properties":{"OBJECTID":193986,"ESITEID":130491,"PRIMARYNAME":"HEEDE LN","ALIAS1":"","ALIAS2":"","ALIAS3":"","ALIAS4":"","ALIAS5":"","PRIMARYADDRESS":"54 HEEDE LN","SITETYPE":"Camp","MAPYEAR":"Thu, 01 Jan 1998 00:00:00 GMT","SITETYPE_MULTI1":"","SITETYPE_MULTI2":"","SITETYPE_MULTI3":"","YearBuilt":null,"YearBuiltSrc":null,"YearBuiltNotes":"","ResUnitCnt":1,"NonResUnitCnt":0,"DateUpdate":"Wed, 19 Apr 2017 07:45:52 GMT","County":"Rutland County","Inc_Muni":"Hubbardton","AddNum_Pre":null,"Add_Number":54,"AddNum_Suf":"","St_PreMod":"","St_PreDir":" ","St_PreTyp":"","St_PreSep":"","St_Name":"Heede","St_PosTyp":"Lane","St_PosDir":" ","St_PosMod":"","ESN":"328","Post_Comm":"Fair Haven","Post_Code":"05743","GlobalID":"c350faa5-af0c-44c1-bb75-de8094d2f297","Category":"Residential"}},
{"type":"Feature","id":150795,"geometry":{"type":"Point","coordinates":[-73.1842283666781,43.7388928288825]},"properties":{"OBJECTID":150795,"ESITEID":130492,"PRIMARYNAME":"PINE LN","ALIAS1":"","ALIAS2":"","ALIAS3":"","ALIAS4":"","ALIAS5":"","PRIMARYADDRESS":"91 PINE LN","SITETYPE":"Camp","MAPYEAR":"Thu, 01 Jan 1998 00:00:00 GMT","SITETYPE_MULTI1":"","SITETYPE_MULTI2":"","SITETYPE_MULTI3":"","YearBuilt":null,"YearBuiltSrc":null,"YearBuiltNotes":"","ResUnitCnt":1,"NonResUnitCnt":0,"DateUpdate":"Fri, 27 Jan 2023 21:21:48 GMT","County":"Rutland County","Inc_Muni":"Hubbardton","AddNum_Pre":null,"Add_Number":91,"AddNum_Suf":"","St_PreMod":"","St_PreDir":"","St_PreTyp":"","St_PreSep":"","St_Name":"Pine","St_PosTyp":"Lane","St_PosDir":"","St_PosMod":"","ESN":"328","Post_Comm":"Brandon","Post_Code":"05733","GlobalID":"07fcd93f-dfee-4bfa-9ee8-52927f8a6c31","Category":"Residential"}},
{"type":"Feature","id":2185,"geometry":{"type":"Point","coordinates":[-73.1892063452673,43.7382689798648]},"properties":{"OBJECTID":2185,"ESITEID":130493,"PRIMARYNAME":"FERN LN","ALIAS1":"","ALIAS2":"","ALIAS3":"","ALIAS4":"","ALIAS5":"","PRIMARYADDRESS":"145 FERN LN","SITETYPE":"Camp","MAPYEAR":"Thu, 01 Jan 1998 00:00:00 GMT","SITETYPE_MULTI1":"","SITETYPE_MULTI2":"","SITETYPE_MULTI3":"","YearBuilt":null,"YearBuiltSrc":null,"YearBuiltNotes":"","ResUnitCnt":1,"NonResUnitCnt":0,"DateUpdate":"Fri, 27 Jan 2023 21:21:48 GMT","County":"Rutland County","Inc_Muni":"Hubbardton","AddNum_Pre":null,"Add_Number":145,"AddNum_Suf":"","St_PreMod":"","St_PreDir":"","St_PreTyp":"","St_PreSep":"","St_Name":"Fern","St_PosTyp":"Lane","St_PosDir":"","St_PosMod":"","ESN":"328","Post_Comm":"Brandon","Post_Code":"05733","GlobalID":"216b902b-abef-4b6a-8211-cddfe1defb06","Category":"Residential"}},
{"type":"Feature","id":347136,"geometry":{"type":"Point","coordinates":[-73.2120479135662,43.7385350008703]},"properties":{"OBJECTID":347136,"ESITEID":130494,"PRIMARYNAME":"MILLER LN","ALIAS1":"","ALIAS2":"","ALIAS3":"","ALIAS4":"","ALIAS5":"","PRIMARYADDRESS":"84 MILLER LN","SITETYPE":"Camp","MAPYEAR":"Thu, 01 Jan 1998 00:00:00 GMT","SITETYPE_MULTI1":"","SITETYPE_MULTI2":"","SITETYPE_MULTI3":"","YearBuilt":null,"YearBuiltSrc":null,"YearBuiltNotes":"","ResUnitCnt":1,"NonResUnitCnt":0,"DateUpdate":"Thu, 10 Aug 2023 15:52:06 GMT","County":"Rutland County","Inc_Muni":"Hubbardton","AddNum_Pre":null,"Add_Number":84,"AddNum_Suf":"","St_PreMod":"","St_PreDir":" ","St_PreTyp":"","St_PreSep":"","St_Name":"Miller","St_PosTyp":"Lane","St_PosDir":" ","St_PosMod":"","ESN":"328","Post_Comm":"Brandon","Post_Code":"05733","GlobalID":"08ab092a-0a2c-4da7-8bb3-8804cde0b904","Category":"Residential"}},
{"type":"Feature","id":68965,"geometry":{"type":"Point","coordinates":[-73.2155470425015,43.738480841096]},"properties":{"OBJECTID":68965,"ESITEID":130495,"PRIMARYNAME":"ANDERSON DR","ALIAS1":"","ALIAS2":"","ALIAS3":"","ALIAS4":"","ALIAS5":"","PRIMARYADDRESS":"99 ANDERSON DR","SITETYPE":"Camp","MAPYEAR":"Thu, 01 Jan 1998 00:00:00 GMT","SITETYPE_MULTI1":"","SITETYPE_MULTI2":"","SITETYPE_MULTI3":"","YearBuilt":null,"YearBuiltSrc":null,"YearBuiltNotes":"","ResUnitCnt":1,"NonResUnitCnt":0,"DateUpdate":"Fri, 27 Jan 2023 21:21:47 GMT","County":"Rutland County","Inc_Muni":"Hubbardton","AddNum_Pre":null,"Add_Number":99,"AddNum_Suf":"","St_PreMod":"","St_PreDir":" ","St_PreTyp":"","St_PreSep":"","St_Name":"Anderson","St_PosTyp":"Drive","St_PosDir":" ","St_PosMod":"","ESN":"328","Post_Comm":"Fair Haven","Post_Code":"05743","GlobalID":"b711bbc8-d138-4caa-8457-654c76fe20d4","Category":"Residential"}},
{"type":"Feature","id":230299,"geometry":{"type":"Point","coordinates":[-73.2138475793594,43.7383251214365]},"properties":{"OBJECTID":230299,"ESITEID":130496,"PRIMARYNAME":"DOWNERS PT","ALIAS1":"","ALIAS2":"","ALIAS3":"","ALIAS4":"","ALIAS5":"","PRIMARYADDRESS":"104 DOWNERS PT","SITETYPE":"Camp","MAPYEAR":"Thu, 01 Jan 1998 00:00:00 GMT","SITETYPE_MULTI1":"","SITETYPE_MULTI2":"","SITETYPE_MULTI3":"","YearBuilt":null,"YearBuiltSrc":null,"YearBuiltNotes":"","ResUnitCnt":1,"NonResUnitCnt":0,"DateUpdate":"Fri, 27 Jan 2023 21:21:47 GMT","County":"Rutland County","Inc_Muni":"Hubbardton","AddNum_Pre":null,"Add_Number":104,"AddNum_Suf":"","St_PreMod":"","St_PreDir":" ","St_PreTyp":"","St_PreSep":"","St_Name":"Downers","St_PosTyp":"Point","St_PosDir":" ","St_PosMod":"","ESN":"328","Post_Comm":"Fair Haven","Post_Code":"05743","GlobalID":"42cf7e14-21e9-40d2-9dc6-a64f6aecf048","Category":"Residential"}},
{"type":"Feature","id":318488,"geometry":{"type":"Point","coordinates":[-73.2150663899658,43.7382748460084]},"properties":{"OBJECTID":318488,"ESITEID":130497,"PRIMARYNAME":"ANDERSON DR","ALIAS1":"","ALIAS2":"","ALIAS3":"","ALIAS4":"","ALIAS5":"","PRIMARYADDRESS":"155 ANDERSON DR","SITETYPE":"Camp","MAPYEAR":"Thu, 01 Jan 1998 00:00:00 GMT","SITETYPE_MULTI1":"","SITETYPE_MULTI2":"","SITETYPE_MULTI3":"","YearBuilt":null,"YearBuiltSrc":null,"YearBuiltNotes":"","ResUnitCnt":1,"NonResUnitCnt":0,"DateUpdate":"Fri, 27 Jan 2023 21:21:47 GMT","County":"Rutland County","Inc_Muni":"Hubbardton","AddNum_Pre":null,"Add_Number":155,"AddNum_Suf":"","St_PreMod":"","St_PreDir":" ","St_PreTyp":"","St_PreSep":"","St_Name":"Anderson","St_PosTyp":"Drive","St_PosDir":" ","St_PosMod":"","ESN":"328","Post_Comm":"Fair Haven","Post_Code":"05743","GlobalID":"165002f7-2295-402f-9245-c3c3a9135891","Category":"Residential"}},
{"type":"Feature","id":171544,"geometry":{"type":"Point","coordinates":[-73.1814484748404,43.7384342035779]},"properties":{"OBJECTID":171544,"ESITEID":130498,"PRIMARYNAME":"VT ROUTE 30","ALIAS1":"","ALIAS2":"","ALIAS3":"","ALIAS4":"","ALIAS5":"","PRIMARYADDRESS":"4243 VT ROUTE 30","SITETYPE":"Single Family Dwelling","MAPYEAR":"Thu, 01 Jan 1998 00:00:00 GMT","SITETYPE_MULTI1":"","SITETYPE_MULTI2":"","SITETYPE_MULTI3":"","YearBuilt":null,"YearBuiltSrc":null,"YearBuiltNotes":"","ResUnitCnt":1,"NonResUnitCnt":0,"DateUpdate":"Fri, 27 Jan 2023 23:52:48 GMT","County":"Rutland County","Inc_Muni":"Hubbardton","AddNum_Pre":null,"Add_Number":4243,"AddNum_Suf":"","St_PreMod":"","St_PreDir":"","St_PreTyp":"Vermont Route","St_PreSep":"","St_Name":"30","St_PosTyp":"","St_PosDir":"","St_PosMod":"","ESN":"328","Post_Comm":"Bomoseen","Post_Code":"05732","GlobalID":"3cdf8ba6-5933-46db-95e5-f50994ddd970","Category":"Residential"}},
{"type":"Feature","id":311697,"geometry":{"type":"Point","coordinates":[-73.1843897249303,43.7384130084561]},"properties":{"OBJECTID":311697,"ESITEID":130499,"PRIMARYNAME":"PINE LN","ALIAS1":"","ALIAS2":"","ALIAS3":"","ALIAS4":"","ALIAS5":"","PRIMARYADDRESS":"125 PINE LN","SITETYPE":"Camp","MAPYEAR":"Thu, 01 Jan 1998 00:00:00 GMT","SITETYPE_MULTI1":"","SITETYPE_MULTI2":"","SITETYPE_MULTI3":"","YearBuilt":null,"YearBuiltSrc":null,"YearBuiltNotes":"","ResUnitCnt":1,"NonResUnitCnt":0,"DateUpdate":"Fri, 27 Jan 2023 21:21:48 GMT","County":"Rutland County","Inc_Muni":"Hubbardton","AddNum_Pre":null,"Add_Number":125,"AddNum_Suf":"","St_PreMod":"","St_PreDir":"","St_PreTyp":"","St_PreSep":"","St_Name":"Pine","St_PosTyp":"Lane","St_PosDir":"","St_PosMod":"","ESN":"328","Post_Comm":"Brandon","Post_Code":"05733","GlobalID":"1b81ddbe-b2ef-40fd-82ba-60a350914b43","Category":"Residential"}},
{"type":"Feature","id":318450,"geometry":{"type":"Point","coordinates":[-73.1768164840287,43.7380785757266]},"properties":{"OBJECTID":318450,"ESITEID":130500,"PRIMARYNAME":"GANSON HILL RD W","ALIAS1":"","ALIAS2":"","ALIAS3":"","ALIAS4":"","ALIAS5":"","PRIMARYADDRESS":"228 GANSON HILL RD W","SITETYPE":"Camp","MAPYEAR":"Thu, 01 Jan 1998 00:00:00 GMT","SITETYPE_MULTI1":"","SITETYPE_MULTI2":"","SITETYPE_MULTI3":"","YearBuilt":null,"YearBuiltSrc":null,"YearBuiltNotes":"","ResUnitCnt":1,"NonResUnitCnt":0,"DateUpdate":"Mon, 29 Jan 2024 09:29:35 GMT","County":"Rutland County","Inc_Muni":"Hubbardton","AddNum_Pre":null,"Add_Number":228,"AddNum_Suf":"","St_PreMod":"","St_PreDir":"","St_PreTyp":"","St_PreSep":"","St_Name":"Ganson Hill","St_PosTyp":"Road","St_PosDir":"West","St_PosMod":"","ESN":"328","Post_Comm":"Bomoseen","Post_Code":"05732","GlobalID":"a5518e8a-0078-4dca-8620-b809b182d3bc","Category":"Residential"}},
{"type":"Feature","id":179579,"geometry":{"type":"Point","coordinates":[-73.2139448675832,43.7380078172762]},"properties":{"OBJECTID":179579,"ESITEID":130501,"PRIMARYNAME":"DOWNERS PT","ALIAS1":"","ALIAS2":"","ALIAS3":"","ALIAS4":"","ALIAS5":"","PRIMARYADDRESS":"66 DOWNERS PT","SITETYPE":"Camp","MAPYEAR":"Thu, 01 Jan 1998 00:00:00 GMT","SITETYPE_MULTI1":"","SITETYPE_MULTI2":"","SITETYPE_MULTI3":"","YearBuilt":null,"YearBuiltSrc":null,"YearBuiltNotes":"","ResUnitCnt":1,"NonResUnitCnt":0,"DateUpdate":"Fri, 27 Jan 2023 21:21:47 GMT","County":"Rutland County","Inc_Muni":"Hubbardton","AddNum_Pre":null,"Add_Number":66,"AddNum_Suf":"","St_PreMod":"","St_PreDir":" ","St_PreTyp":"","St_PreSep":"","St_Name":"Downers","St_PosTyp":"Point","St_PosDir":" ","St_PosMod":"","ESN":"328","Post_Comm":"Fair Haven","Post_Code":"05743","GlobalID":"4216d03a-fa5f-4c24-9eaf-49df3ae520c5","Category":"Residential"}},
{"type":"Feature","id":52787,"geometry":{"type":"Point","coordinates":[-73.1863746261299,43.7380464103864]},"properties":{"OBJECTID":52787,"ESITEID":130502,"PRIMARYNAME":"BIRCH RD  ","ALIAS1":"","ALIAS2":"","ALIAS3":"","ALIAS4":"","ALIAS5":"","PRIMARYADDRESS":"246 BIRCH RD","SITETYPE":"Camp","MAPYEAR":"Thu, 01 Jan 1998 00:00:00 GMT","SITETYPE_MULTI1":"","SITETYPE_MULTI2":"","SITETYPE_MULTI3":"","YearBuilt":null,"YearBuiltSrc":null,"YearBuiltNotes":"","ResUnitCnt":1,"NonResUnitCnt":0,"DateUpdate":"Fri, 27 Jan 2023 22:17:57 GMT","County":"Rutland County","Inc_Muni":"Hubbardton","AddNum_Pre":null,"Add_Number":246,"AddNum_Suf":"","St_PreMod":"","St_PreDir":"","St_PreTyp":"","St_PreSep":"","St_Name":"Birch","St_PosTyp":"Road","St_PosDir":"","St_PosMod":"","ESN":"328","Post_Comm":"Brandon","Post_Code":"05733","GlobalID":"1c5c29ca-71a3-4538-8ba3-56013b1a1c41","Category":"Residential"}},
{"type":"Feature","id":200405,"geometry":{"type":"Point","coordinates":[-73.1846274455375,43.7381447956971]},"properties":{"OBJECTID":200405,"ESITEID":130503,"PRIMARYNAME":"BIRCH RD  ","ALIAS1":"","ALIAS2":"","ALIAS3":"","ALIAS4":"","ALIAS5":"","PRIMARYADDRESS":"217 BIRCH RD","SITETYPE":"Camp","MAPYEAR":"Thu, 01 Jan 1998 00:00:00 GMT","SITETYPE_MULTI1":"","SITETYPE_MULTI2":"","SITETYPE_MULTI3":"","YearBuilt":null,"YearBuiltSrc":null,"YearBuiltNotes":"","ResUnitCnt":1,"NonResUnitCnt":0,"DateUpdate":"Fri, 27 Jan 2023 22:17:57 GMT","County":"Rutland County","Inc_Muni":"Hubbardton","AddNum_Pre":null,"Add_Number":217,"AddNum_Suf":"","St_PreMod":"","St_PreDir":"","St_PreTyp":"","St_PreSep":"","St_Name":"Birch","St_PosTyp":"Road","St_PosDir":"","St_PosMod":"","ESN":"328","Post_Comm":"Brandon","Post_Code":"05733","GlobalID":"6aca7e06-e624-4807-8b5c-c524505a10ef","Category":"Residential"}},
{"type":"Feature","id":214175,"geometry":{"type":"Point","coordinates":[-73.1813549080653,43.7380965137471]},"properties":{"OBJECTID":214175,"ESITEID":130504,"PRIMARYNAME":"VT ROUTE 30","ALIAS1":"","ALIAS2":"","ALIAS3":"","ALIAS4":"","ALIAS5":"","PRIMARYADDRESS":"4219 VT ROUTE 30","SITETYPE":"Camp","MAPYEAR":"Thu, 01 Jan 1998 00:00:00 GMT","SITETYPE_MULTI1":"","SITETYPE_MULTI2":"","SITETYPE_MULTI3":"","YearBuilt":null,"YearBuiltSrc":null,"YearBuiltNotes":"","ResUnitCnt":1,"NonResUnitCnt":0,"DateUpdate":"Fri, 27 Jan 2023 23:52:00 GMT","County":"Rutland County","Inc_Muni":"Hubbardton","AddNum_Pre":null,"Add_Number":4219,"AddNum_Suf":"","St_PreMod":"","St_PreDir":"","St_PreTyp":"Vermont Route","St_PreSep":"","St_Name":"30","St_PosTyp":"","St_PosDir":"","St_PosMod":"","ESN":"328","Post_Comm":"Bomoseen","Post_Code":"05732","GlobalID":"1e993943-0d32-4994-8ec6-49aac71118a3","Category":"Residential"}},
{"type":"Feature","id":180237,"geometry":{"type":"Point","coordinates":[-73.2151749675785,43.738077634663]},"properties":{"OBJECTID":180237,"ESITEID":130505,"PRIMARYNAME":"ANDERSON DR","ALIAS1":"","ALIAS2":"","ALIAS3":"","ALIAS4":"","ALIAS5":"","PRIMARYADDRESS":"141 ANDERSON DR","SITETYPE":"Camp","MAPYEAR":"Thu, 01 Jan 1998 00:00:00 GMT","SITETYPE_MULTI1":"","SITETYPE_MULTI2":"","SITETYPE_MULTI3":"","YearBuilt":null,"YearBuiltSrc":null,"YearBuiltNotes":"","ResUnitCnt":1,"NonResUnitCnt":0,"DateUpdate":"Fri, 27 Jan 2023 21:21:47 GMT","County":"Rutland County","Inc_Muni":"Hubbardton","AddNum_Pre":null,"Add_Number":141,"AddNum_Suf":"","St_PreMod":"","St_PreDir":" ","St_PreTyp":"","St_PreSep":"","St_Name":"Anderson","St_PosTyp":"Drive","St_PosDir":" ","St_PosMod":"","ESN":"328","Post_Comm":"Fair Haven","Post_Code":"05743","GlobalID":"a7bdbf9c-7807-4e1e-8f4d-d1e084b4cb00","Category":"Residential"}},
{"type":"Feature","id":286379,"geometry":{"type":"Point","coordinates":[-73.2123503247633,43.7377446042014]},"properties":{"OBJECTID":286379,"ESITEID":130506,"PRIMARYNAME":"MILLER LN","ALIAS1":"","ALIAS2":"","ALIAS3":"","ALIAS4":"","ALIAS5":"","PRIMARYADDRESS":"106 MILLER LN","SITETYPE":"Camp","MAPYEAR":"Thu, 01 Jan 1998 00:00:00 GMT","SITETYPE_MULTI1":"","SITETYPE_MULTI2":"","SITETYPE_MULTI3":"","YearBuilt":null,"YearBuiltSrc":null,"YearBuiltNotes":"","ResUnitCnt":1,"NonResUnitCnt":0,"DateUpdate":"Thu, 10 Aug 2023 15:52:06 GMT","County":"Rutland County","Inc_Muni":"Hubbardton","AddNum_Pre":null,"Add_Number":106,"AddNum_Suf":"","St_PreMod":"","St_PreDir":" ","St_PreTyp":"","St_PreSep":"","St_Name":"Miller","St_PosTyp":"Lane","St_PosDir":" ","St_PosMod":"","ESN":"328","Post_Comm":"Brandon","Post_Code":"05733","GlobalID":"bb7c3dc0-0b30-4453-b73d-7bdcbc09cd69","Category":"Residential"}},
{"type":"Feature","id":284558,"geometry":{"type":"Point","coordinates":[-73.1812802784515,43.7378977731725]},"properties":{"OBJECTID":284558,"ESITEID":130507,"PRIMARYNAME":"VT ROUTE 30","ALIAS1":"","ALIAS2":"","ALIAS3":"","ALIAS4":"","ALIAS5":"","PRIMARYADDRESS":"4209 VT ROUTE 30","SITETYPE":"Camp","MAPYEAR":"Thu, 01 Jan 1998 00:00:00 GMT","SITETYPE_MULTI1":"","SITETYPE_MULTI2":"","SITETYPE_MULTI3":"","YearBuilt":null,"YearBuiltSrc":null,"YearBuiltNotes":"","ResUnitCnt":1,"NonResUnitCnt":0,"DateUpdate":"Fri, 27 Jan 2023 23:58:06 GMT","County":"Rutland County","Inc_Muni":"Hubbardton","AddNum_Pre":null,"Add_Number":4209,"AddNum_Suf":"","St_PreMod":"","St_PreDir":"","St_PreTyp":"Vermont Route","St_PreSep":"","St_Name":"30","St_PosTyp":"","St_PosDir":"","St_PosMod":"","ESN":"328","Post_Comm":"Bomoseen","Post_Code":"05732","GlobalID":"98e36445-3a99-4c8e-9b82-74a00f214e9b","Category":"Residential"}},
{"type":"Feature","id":186303,"geometry":{"type":"Point","coordinates":[-73.185624546813,43.7378208980277]},"properties":{"OBJECTID":186303,"ESITEID":130509,"PRIMARYNAME":"BIRCH RD  ","ALIAS1":"","ALIAS2":"","ALIAS3":"","ALIAS4":"","ALIAS5":"","PRIMARYADDRESS":"305 BIRCH RD","SITETYPE":"Camp","MAPYEAR":"Thu, 01 Jan 1998 00:00:00 GMT","SITETYPE_MULTI1":"","SITETYPE_MULTI2":"","SITETYPE_MULTI3":"","YearBuilt":null,"YearBuiltSrc":null,"YearBuiltNotes":"","ResUnitCnt":1,"NonResUnitCnt":0,"DateUpdate":"Fri, 27 Jan 2023 22:17:57 GMT","County":"Rutland County","Inc_Muni":"Hubbardton","AddNum_Pre":null,"Add_Number":305,"AddNum_Suf":"","St_PreMod":"","St_PreDir":"","St_PreTyp":"","St_PreSep":"","St_Name":"Birch","St_PosTyp":"Road","St_PosDir":"","St_PosMod":"","ESN":"328","Post_Comm":"Brandon","Post_Code":"05733","GlobalID":"b1edfdc2-fc3c-4cd7-a89b-4a6f052c19d7","Category":"Residential"}},
{"type":"Feature","id":148512,"geometry":{"type":"Point","coordinates":[-73.1774742133871,43.7378344417104]},"properties":{"OBJECTID":148512,"ESITEID":130510,"PRIMARYNAME":"GANSON HILL RD W","ALIAS1":"","ALIAS2":"","ALIAS3":"","ALIAS4":"","ALIAS5":"","PRIMARYADDRESS":"180 GANSON HILL RD W","SITETYPE":"Camp","MAPYEAR":"Thu, 01 Jan 1998 00:00:00 GMT","SITETYPE_MULTI1":"","SITETYPE_MULTI2":"","SITETYPE_MULTI3":"","YearBuilt":null,"YearBuiltSrc":null,"YearBuiltNotes":"","ResUnitCnt":1,"NonResUnitCnt":0,"DateUpdate":"Fri, 18 Apr 2025 09:30:57 GMT","County":"Rutland County","Inc_Muni":"Hubbardton","AddNum_Pre":"","Add_Number":180,"AddNum_Suf":"","St_PreMod":"","St_PreDir":"","St_PreTyp":"","St_PreSep":"","St_Name":"Ganson Hill","St_PosTyp":"Road","St_PosDir":"West","St_PosMod":"","ESN":"328","Post_Comm":"Bomoseen","Post_Code":"05732","GlobalID":"e5f38096-e99d-455d-96bd-7ab590ed4964","Category":"Residential"}},
{"type":"Feature","id":15690,"geometry":{"type":"Point","coordinates":[-73.180329745387,43.7377903810371]},"properties":{"OBJECTID":15690,"ESITEID":130511,"PRIMARYNAME":"GANSON HILL RD W","ALIAS1":"","ALIAS2":"","ALIAS3":"","ALIAS4":"","ALIAS5":"","PRIMARYADDRESS":"25 GANSON HILL RD W","SITETYPE":"Development Site","MAPYEAR":"Thu, 01 Jan 1998 00:00:00 GMT","SITETYPE_MULTI1":"","SITETYPE_MULTI2":"","SITETYPE_MULTI3":"","YearBuilt":null,"YearBuiltSrc":null,"YearBuiltNotes":"","ResUnitCnt":1,"NonResUnitCnt":0,"DateUpdate":"Fri, 20 Feb 2026 15:56:19 GMT","County":"Rutland County","Inc_Muni":"Hubbardton","AddNum_Pre":null,"Add_Number":25,"AddNum_Suf":"","St_PreMod":"","St_PreDir":"","St_PreTyp":"","St_PreSep":"","St_Name":"Ganson Hill","St_PosTyp":"Road","St_PosDir":"West","St_PosMod":"","ESN":"328","Post_Comm":"Bomoseen","Post_Code":"05732","GlobalID":"31656676-c261-43b1-a2e8-2d2fd5301950","Category":"Residential"}},
{"type":"Feature","id":48933,"geometry":{"type":"Point","coordinates":[-73.187195008981,43.7377657703175]},"properties":{"OBJECTID":48933,"ESITEID":130512,"PRIMARYNAME":"FERN LN","ALIAS1":"","ALIAS2":"","ALIAS3":"","ALIAS4":"","ALIAS5":"","PRIMARYADDRESS":"53 FERN LN","SITETYPE":"Camp","MAPYEAR":"Thu, 01 Jan 1998 00:00:00 GMT","SITETYPE_MULTI1":"","SITETYPE_MULTI2":"","SITETYPE_MULTI3":"","YearBuilt":null,"YearBuiltSrc":null,"YearBuiltNotes":"","ResUnitCnt":1,"NonResUnitCnt":0,"DateUpdate":"Fri, 27 Jan 2023 21:21:48 GMT","County":"Rutland County","Inc_Muni":"Hubbardton","AddNum_Pre":null,"Add_Number":53,"AddNum_Suf":"","St_PreMod":"","St_PreDir":"","St_PreTyp":"","St_PreSep":"","St_Name":"Fern","St_PosTyp":"Lane","St_PosDir":"","St_PosMod":"","ESN":"328","Post_Comm":"Brandon","Post_Code":"05733","GlobalID":"11758345-ca14-4659-8d6d-0599a03f55e0","Category":"Residential"}},
{"type":"Feature","id":245276,"geometry":{"type":"Point","coordinates":[-73.2141636603922,43.7375076552351]},"properties":{"OBJECTID":245276,"ESITEID":130513,"PRIMARYNAME":"DOWNERS PT","ALIAS1":"","ALIAS2":"","ALIAS3":"","ALIAS4":"","ALIAS5":"","PRIMARYADDRESS":"34 DOWNERS PT","SITETYPE":"Camp","MAPYEAR":"Thu, 01 Jan 1998 00:00:00 GMT","SITETYPE_MULTI1":"","SITETYPE_MULTI2":"","SITETYPE_MULTI3":"","YearBuilt":null,"YearBuiltSrc":null,"YearBuiltNotes":"","ResUnitCnt":1,"NonResUnitCnt":0,"DateUpdate":"Wed, 19 Apr 2017 07:48:42 GMT","County":"Rutland County","Inc_Muni":"Hubbardton","AddNum_Pre":null,"Add_Number":34,"AddNum_Suf":"","St_PreMod":"","St_PreDir":" ","St_PreTyp":"","St_PreSep":"","St_Name":"Downers","St_PosTyp":"Point","St_PosDir":" ","St_PosMod":"","ESN":"328","Post_Comm":"Fair Haven","Post_Code":"05743","GlobalID":"467b6282-e729-4a6c-b5bf-431500610bef","Category":"Residential"}},
{"type":"Feature","id":161549,"geometry":{"type":"Point","coordinates":[-73.1789112926594,43.73775137769]},"properties":{"OBJECTID":161549,"ESITEID":130514,"PRIMARYNAME":"GANSON HILL RD W","ALIAS1":"","ALIAS2":"","ALIAS3":"","ALIAS4":"","ALIAS5":"","PRIMARYADDRESS":"97 GANSON HILL RD W","SITETYPE":"General Business Service","MAPYEAR":"Thu, 01 Jan 1998 00:00:00 GMT","SITETYPE_MULTI1":"","SITETYPE_MULTI2":"","SITETYPE_MULTI3":"","YearBuilt":null,"YearBuiltSrc":null,"YearBuiltNotes":"","ResUnitCnt":1,"NonResUnitCnt":0,"DateUpdate":"Mon, 29 Jan 2024 09:29:44 GMT","County":"Rutland County","Inc_Muni":"Hubbardton","AddNum_Pre":null,"Add_Number":97,"AddNum_Suf":"","St_PreMod":"","St_PreDir":"","St_PreTyp":"","St_PreSep":"","St_Name":"Ganson Hill","St_PosTyp":"Road","St_PosDir":"West","St_PosMod":"","ESN":"328","Post_Comm":"Bomoseen","Post_Code":"05732","GlobalID":"977df000-e633-4dc2-af9c-1f37e052a411","Category":"Commercial"}},
{"type":"Feature","id":340200,"geometry":{"type":"Point","coordinates":[-73.1810316501402,43.7375653149137]},"properties":{"OBJECTID":340200,"ESITEID":130515,"PRIMARYNAME":"VT ROUTE 30","ALIAS1":"","ALIAS2":"","ALIAS3":"","ALIAS4":"","ALIAS5":"","PRIMARYADDRESS":"4183 VT ROUTE 30","SITETYPE":"General Business Service","MAPYEAR":"Thu, 01 Jan 1998 00:00:00 GMT","SITETYPE_MULTI1":"","SITETYPE_MULTI2":"","SITETYPE_MULTI3":"","YearBuilt":null,"YearBuiltSrc":null,"YearBuiltNotes":"","ResUnitCnt":1,"NonResUnitCnt":0,"DateUpdate":"Fri, 20 Feb 2026 15:56:19 GMT","County":"Rutland County","Inc_Muni":"Hubbardton","AddNum_Pre":null,"Add_Number":4183,"AddNum_Suf":"","St_PreMod":"","St_PreDir":"","St_PreTyp":"Vermont Route","St_PreSep":"","St_Name":"30","St_PosTyp":"","St_PosDir":"","St_PosMod":"","ESN":"328","Post_Comm":"Bomoseen","Post_Code":"05732","GlobalID":"33426765-17a3-44ea-b6ab-24b09e748d5c","Category":"Commercial"}},
{"type":"Feature","id":140126,"geometry":{"type":"Point","coordinates":[-73.1867765865845,43.7373020992573]},"properties":{"OBJECTID":140126,"ESITEID":130517,"PRIMARYNAME":"FERN LN","ALIAS1":"","ALIAS2":"","ALIAS3":"","ALIAS4":"","ALIAS5":"","PRIMARYADDRESS":"19 FERN LN","SITETYPE":"Camp","MAPYEAR":"Thu, 01 Jan 1998 00:00:00 GMT","SITETYPE_MULTI1":"","SITETYPE_MULTI2":"","SITETYPE_MULTI3":"","YearBuilt":null,"YearBuiltSrc":null,"YearBuiltNotes":"","ResUnitCnt":1,"NonResUnitCnt":0,"DateUpdate":"Fri, 27 Jan 2023 21:21:48 GMT","County":"Rutland County","Inc_Muni":"Hubbardton","AddNum_Pre":null,"Add_Number":19,"AddNum_Suf":"","St_PreMod":"","St_PreDir":"","St_PreTyp":"","St_PreSep":"","St_Name":"Fern","St_PosTyp":"Lane","St_PosDir":"","St_PosMod":"","ESN":"328","Post_Comm":"Brandon","Post_Code":"05733","GlobalID":"60a2f865-77ab-4a1a-a6b0-c954658e9217","Category":"Residential"}},
{"type":"Feature","id":252273,"geometry":{"type":"Point","coordinates":[-73.2206325360747,43.736873739263]},"properties":{"OBJECTID":252273,"ESITEID":130518,"PRIMARYNAME":"HORTONIA RD  ","ALIAS1":"","ALIAS2":"","ALIAS3":"","ALIAS4":"","ALIAS5":"","PRIMARYADDRESS":"3323 HORTONIA RD","SITETYPE":"Mobile Home","MAPYEAR":"Thu, 01 Jan 1998 00:00:00 GMT","SITETYPE_MULTI1":"","SITETYPE_MULTI2":"","SITETYPE_MULTI3":"","YearBuilt":null,"YearBuiltSrc":null,"YearBuiltNotes":"","ResUnitCnt":1,"NonResUnitCnt":0,"DateUpdate":"Wed, 19 Apr 2017 07:39:06 GMT","County":"Rutland County","Inc_Muni":"Hubbardton","AddNum_Pre":null,"Add_Number":3323,"AddNum_Suf":"","St_PreMod":"","St_PreDir":" ","St_PreTyp":"","St_PreSep":"","St_Name":"Hortonia","St_PosTyp":"Road","St_PosDir":" ","St_PosMod":"","ESN":"328","Post_Comm":"Fair Haven","Post_Code":"05743","GlobalID":"b982535e-adec-472a-8013-dcdd4b4b2402","Category":"Residential"}},
{"type":"Feature","id":282206,"geometry":{"type":"Point","coordinates":[-73.2125414038852,43.7370715973349]},"properties":{"OBJECTID":282206,"ESITEID":130519,"PRIMARYNAME":"MILLER LN","ALIAS1":"","ALIAS2":"","ALIAS3":"","ALIAS4":"","ALIAS5":"","PRIMARYADDRESS":"156 MILLER LN","SITETYPE":"Camp","MAPYEAR":"Thu, 01 Jan 1998 00:00:00 GMT","SITETYPE_MULTI1":"","SITETYPE_MULTI2":"","SITETYPE_MULTI3":"","YearBuilt":null,"YearBuiltSrc":null,"YearBuiltNotes":"","ResUnitCnt":1,"NonResUnitCnt":0,"DateUpdate":"Thu, 10 Aug 2023 15:52:06 GMT","County":"Rutland County","Inc_Muni":"Hubbardton","AddNum_Pre":null,"Add_Number":156,"AddNum_Suf":"","St_PreMod":"","St_PreDir":" ","St_PreTyp":"","St_PreSep":"","St_Name":"Miller","St_PosTyp":"Lane","St_PosDir":" ","St_PosMod":"","ESN":"328","Post_Comm":"Brandon","Post_Code":"05733","GlobalID":"7f2bdb6c-1a01-4687-a92c-bfd5dbf25b22","Category":"Residential"}},
{"type":"Feature","id":353008,"geometry":{"type":"Point","coordinates":[-73.1787981563103,43.7371765663719]},"properties":{"OBJECTID":353008,"ESITEID":130520,"PRIMARYNAME":"GANSON HILL RD W","ALIAS1":"","ALIAS2":"","ALIAS3":"","ALIAS4":"","ALIAS5":"","PRIMARYADDRESS":"106 GANSON HILL RD W","SITETYPE":"Single Family Dwelling","MAPYEAR":"Thu, 01 Jan 1998 00:00:00 GMT","SITETYPE_MULTI1":"","SITETYPE_MULTI2":"","SITETYPE_MULTI3":"","YearBuilt":null,"YearBuiltSrc":null,"YearBuiltNotes":"","ResUnitCnt":1,"NonResUnitCnt":0,"DateUpdate":"Wed, 31 Jan 2024 15:15:37 GMT","County":"Rutland County","Inc_Muni":"Hubbardton","AddNum_Pre":null,"Add_Number":106,"AddNum_Suf":"","St_PreMod":"","St_PreDir":"","St_PreTyp":"","St_PreSep":"","St_Name":"Ganson Hill","St_PosTyp":"Road","St_PosDir":"West","St_PosMod":"","ESN":"328","Post_Comm":"Bomoseen","Post_Code":"05732","GlobalID":"669d3fb2-8403-4333-b807-b170e6cad3fd","Category":"Residential"}},
{"type":"Feature","id":27326,"geometry":{"type":"Point","coordinates":[-73.1812428391094,43.736920304253]},"properties":{"OBJECTID":27326,"ESITEID":130521,"PRIMARYNAME":"VT ROUTE 30","ALIAS1":"","ALIAS2":"","ALIAS3":"","ALIAS4":"","ALIAS5":"","PRIMARYADDRESS":"4153 VT ROUTE 30","SITETYPE":"Camp","MAPYEAR":"Thu, 01 Jan 1998 00:00:00 GMT","SITETYPE_MULTI1":"","SITETYPE_MULTI2":"","SITETYPE_MULTI3":"","YearBuilt":null,"YearBuiltSrc":null,"YearBuiltNotes":"","ResUnitCnt":1,"NonResUnitCnt":0,"DateUpdate":"Wed, 31 Jan 2024 15:15:02 GMT","County":"Rutland County","Inc_Muni":"Hubbardton","AddNum_Pre":null,"Add_Number":4153,"AddNum_Suf":"","St_PreMod":"","St_PreDir":"","St_PreTyp":"Vermont Route","St_PreSep":"","St_Name":"30","St_PosTyp":"","St_PosDir":"","St_PosMod":"","ESN":"328","Post_Comm":"Bomoseen","Post_Code":"05732","GlobalID":"f2833703-d2d9-426c-8d9d-168615115f07","Category":"Residential"}},
{"type":"Feature","id":182692,"geometry":{"type":"Point","coordinates":[-73.1861357165023,43.7368328920673]},"properties":{"OBJECTID":182692,"ESITEID":130522,"PRIMARYNAME":"BIRCH RD  ","ALIAS1":"","ALIAS2":"","ALIAS3":"","ALIAS4":"","ALIAS5":"","PRIMARYADDRESS":"389 BIRCH RD","SITETYPE":"Camp","MAPYEAR":"Thu, 01 Jan 1998 00:00:00 GMT","SITETYPE_MULTI1":"","SITETYPE_MULTI2":"","SITETYPE_MULTI3":"","YearBuilt":null,"YearBuiltSrc":null,"YearBuiltNotes":"","ResUnitCnt":1,"NonResUnitCnt":0,"DateUpdate":"Fri, 27 Jan 2023 22:17:57 GMT","County":"Rutland County","Inc_Muni":"Hubbardton","AddNum_Pre":null,"Add_Number":389,"AddNum_Suf":"","St_PreMod":"","St_PreDir":"","St_PreTyp":"","St_PreSep":"","St_Name":"Birch","St_PosTyp":"Road","St_PosDir":"","St_PosMod":"","ESN":"328","Post_Comm":"Brandon","Post_Code":"05733","GlobalID":"e477d395-4bd0-480d-bb5b-c85c9a8e2147","Category":"Residential"}},
{"type":"Feature","id":259072,"geometry":{"type":"Point","coordinates":[-73.1799914418229,43.7366158514792]},"properties":{"OBJECTID":259072,"ESITEID":130523,"PRIMARYNAME":"VT ROUTE 30","ALIAS1":"","ALIAS2":"","ALIAS3":"","ALIAS4":"","ALIAS5":"","PRIMARYADDRESS":"4102 VT ROUTE 30","SITETYPE":"Single Family Dwelling","MAPYEAR":"Thu, 01 Jan 1998 00:00:00 GMT","SITETYPE_MULTI1":"","SITETYPE_MULTI2":"","SITETYPE_MULTI3":"","YearBuilt":null,"YearBuiltSrc":null,"YearBuiltNotes":"","ResUnitCnt":1,"NonResUnitCnt":0,"DateUpdate":"Wed, 31 Jan 2024 15:15:23 GMT","County":"Rutland County","Inc_Muni":"Hubbardton","AddNum_Pre":null,"Add_Number":4102,"AddNum_Suf":"","St_PreMod":"","St_PreDir":"","St_PreTyp":"Vermont Route","St_PreSep":"","St_Name":"30","St_PosTyp":"","St_PosDir":"","St_PosMod":"","ESN":"328","Post_Comm":"Bomoseen","Post_Code":"05732","GlobalID":"1fe30f00-a1b0-42bc-a473-d9380727a41c","Category":"Residential"}},
{"type":"Feature","id":307935,"geometry":{"type":"Point","coordinates":[-73.1806948668284,43.7366742294328]},"properties":{"OBJECTID":307935,"ESITEID":130524,"PRIMARYNAME":"VT ROUTE 30","ALIAS1":"","ALIAS2":"","ALIAS3":"","ALIAS4":"","ALIAS5":"","PRIMARYADDRESS":"4109 VT ROUTE 30","SITETYPE":"Single Family Dwelling","MAPYEAR":"Thu, 01 Jan 1998 00:00:00 GMT","SITETYPE_MULTI1":"","SITETYPE_MULTI2":"","SITETYPE_MULTI3":"","YearBuilt":null,"YearBuiltSrc":null,"YearBuiltNotes":"","ResUnitCnt":1,"NonResUnitCnt":0,"DateUpdate":"Mon, 29 Jan 2024 09:28:34 GMT","County":"Rutland County","Inc_Muni":"Hubbardton","AddNum_Pre":null,"Add_Number":4109,"AddNum_Suf":"","St_PreMod":"","St_PreDir":"","St_PreTyp":"Vermont Route","St_PreSep":"","St_Name":"30","St_PosTyp":"","St_PosDir":"","St_PosMod":"","ESN":"328","Post_Comm":"Bomoseen","Post_Code":"05732","GlobalID":"7a5f8d54-3a3e-4a25-972f-77c97b132fe9","Category":"Residential"}},
{"type":"Feature","id":294917,"geometry":{"type":"Point","coordinates":[-73.2140867578845,43.7364020312088]},"properties":{"OBJECTID":294917,"ESITEID":130525,"PRIMARYNAME":"ANDERSON DR","ALIAS1":"","ALIAS2":"","ALIAS3":"","ALIAS4":"","ALIAS5":"","PRIMARYADDRESS":"251 ANDERSON DR","SITETYPE":"Camp","MAPYEAR":"Thu, 01 Jan 1998 00:00:00 GMT","SITETYPE_MULTI1":"","SITETYPE_MULTI2":"","SITETYPE_MULTI3":"","YearBuilt":null,"YearBuiltSrc":null,"YearBuiltNotes":"","ResUnitCnt":1,"NonResUnitCnt":0,"DateUpdate":"Wed, 19 Apr 2017 07:52:42 GMT","County":"Rutland County","Inc_Muni":"Hubbardton","AddNum_Pre":null,"Add_Number":251,"AddNum_Suf":"","St_PreMod":"","St_PreDir":" ","St_PreTyp":"","St_PreSep":"","St_Name":"Anderson","St_PosTyp":"Drive","St_PosDir":" ","St_PosMod":"","ESN":"328","Post_Comm":"Fair Haven","Post_Code":"05743","GlobalID":"9877ae39-3db9-4a41-aea7-b2627fe8abd6","Category":"Residential"}},
{"type":"Feature","id":298577,"geometry":{"type":"Point","coordinates":[-73.1860060166002,43.7364857544087]},"properties":{"OBJECTID":298577,"ESITEID":130526,"PRIMARYNAME":"BIRCH RD  ","ALIAS1":"","ALIAS2":"","ALIAS3":"","ALIAS4":"","ALIAS5":"","PRIMARYADDRESS":"421 BIRCH RD","SITETYPE":"Camp","MAPYEAR":"Thu, 01 Jan 1998 00:00:00 GMT","SITETYPE_MULTI1":"","SITETYPE_MULTI2":"","SITETYPE_MULTI3":"","YearBuilt":null,"YearBuiltSrc":null,"YearBuiltNotes":"","ResUnitCnt":1,"NonResUnitCnt":0,"DateUpdate":"Fri, 27 Jan 2023 22:17:57 GMT","County":"Rutland County","Inc_Muni":"Hubbardton","AddNum_Pre":null,"Add_Number":421,"AddNum_Suf":"","St_PreMod":"","St_PreDir":"","St_PreTyp":"","St_PreSep":"","St_Name":"Birch","St_PosTyp":"Road","St_PosDir":"","St_PosMod":"","ESN":"328","Post_Comm":"Brandon","Post_Code":"05733","GlobalID":"4dadb0da-4402-4a7a-8bea-996efbe9cb96","Category":"Residential"}},
{"type":"Feature","id":196508,"geometry":{"type":"Point","coordinates":[-73.1864408916148,43.7364247204185]},"properties":{"OBJECTID":196508,"ESITEID":130527,"PRIMARYNAME":"BIRCH RD  ","ALIAS1":"","ALIAS2":"","ALIAS3":"","ALIAS4":"","ALIAS5":"","PRIMARYADDRESS":"414 BIRCH RD","SITETYPE":"Camp","MAPYEAR":"Thu, 01 Jan 1998 00:00:00 GMT","SITETYPE_MULTI1":"","SITETYPE_MULTI2":"","SITETYPE_MULTI3":"","YearBuilt":null,"YearBuiltSrc":null,"YearBuiltNotes":"","ResUnitCnt":1,"NonResUnitCnt":0,"DateUpdate":"Fri, 27 Jan 2023 22:17:57 GMT","County":"Rutland County","Inc_Muni":"Hubbardton","AddNum_Pre":null,"Add_Number":414,"AddNum_Suf":"","St_PreMod":"","St_PreDir":"","St_PreTyp":"","St_PreSep":"","St_Name":"Birch","St_PosTyp":"Road","St_PosDir":"","St_PosMod":"","ESN":"328","Post_Comm":"Brandon","Post_Code":"05733","GlobalID":"900e21bb-a379-493d-84ad-ddd403f47d95","Category":"Residential"}},
{"type":"Feature","id":123508,"geometry":{"type":"Point","coordinates":[-73.2139458290778,43.736285625482]},"properties":{"OBJECTID":123508,"ESITEID":130528,"PRIMARYNAME":"ANDERSON DR","ALIAS1":"","ALIAS2":"","ALIAS3":"","ALIAS4":"","ALIAS5":"","PRIMARYADDRESS":"263 ANDERSON DR","SITETYPE":"Camp","MAPYEAR":"Thu, 01 Jan 1998 00:00:00 GMT","SITETYPE_MULTI1":"","SITETYPE_MULTI2":"","SITETYPE_MULTI3":"","YearBuilt":null,"YearBuiltSrc":null,"YearBuiltNotes":"","ResUnitCnt":1,"NonResUnitCnt":0,"DateUpdate":"Wed, 19 Apr 2017 07:52:47 GMT","County":"Rutland County","Inc_Muni":"Hubbardton","AddNum_Pre":null,"Add_Number":263,"AddNum_Suf":"","St_PreMod":"","St_PreDir":" ","St_PreTyp":"","St_PreSep":"","St_Name":"Anderson","St_PosTyp":"Drive","St_PosDir":" ","St_PosMod":"","ESN":"328","Post_Comm":"Fair Haven","Post_Code":"05743","GlobalID":"7f0ca95f-f885-473d-9f6b-3ec7224c1825","Category":"Residential"}},
{"type":"Feature","id":28717,"geometry":{"type":"Point","coordinates":[-73.1800121033854,43.7363024089007]},"properties":{"OBJECTID":28717,"ESITEID":130529,"PRIMARYNAME":"VT ROUTE 30","ALIAS1":"","ALIAS2":"","ALIAS3":"","ALIAS4":"","ALIAS5":"","PRIMARYADDRESS":"4082 VT ROUTE 30","SITETYPE":"Single Family Dwelling","MAPYEAR":"Thu, 01 Jan 1998 00:00:00 GMT","SITETYPE_MULTI1":"","SITETYPE_MULTI2":"","SITETYPE_MULTI3":"","YearBuilt":null,"YearBuiltSrc":null,"YearBuiltNotes":"","ResUnitCnt":1,"NonResUnitCnt":0,"DateUpdate":"Wed, 31 Jan 2024 15:15:13 GMT","County":"Rutland County","Inc_Muni":"Hubbardton","AddNum_Pre":"","Add_Number":4082,"AddNum_Suf":"","St_PreMod":"","St_PreDir":"","St_PreTyp":"Vermont Route","St_PreSep":"","St_Name":"30","St_PosTyp":"","St_PosDir":"","St_PosMod":"","ESN":"328","Post_Comm":"Bomoseen","Post_Code":"05732","GlobalID":"81b563e7-cbd3-4ffc-9f07-88f393a65b3f","Category":"Residential"}},
{"type":"Feature","id":10005,"geometry":{"type":"Point","coordinates":[-73.2193682304615,43.7359853153679]},"properties":{"OBJECTID":10005,"ESITEID":130530,"PRIMARYNAME":"COTTAGE RD  ","ALIAS1":"","ALIAS2":"","ALIAS3":"","ALIAS4":"","ALIAS5":"","PRIMARYADDRESS":"17 COTTAGE RD","SITETYPE":"Single Family Dwelling","MAPYEAR":"Thu, 01 Jan 1998 00:00:00 GMT","SITETYPE_MULTI1":"","SITETYPE_MULTI2":"","SITETYPE_MULTI3":"","YearBuilt":null,"YearBuiltSrc":null,"YearBuiltNotes":"","ResUnitCnt":1,"NonResUnitCnt":0,"DateUpdate":"Wed, 19 Apr 2017 07:39:13 GMT","County":"Rutland County","Inc_Muni":"Hubbardton","AddNum_Pre":null,"Add_Number":17,"AddNum_Suf":"","St_PreMod":"","St_PreDir":"","St_PreTyp":"","St_PreSep":"","St_Name":"Cottage","St_PosTyp":"Road","St_PosDir":"","St_PosMod":"","ESN":"328","Post_Comm":"Fair Haven","Post_Code":"05743","GlobalID":"e4f6c59a-db96-47e2-9998-33a6ecdc53cf","Category":"Residential"}},
{"type":"Feature","id":219868,"geometry":{"type":"Point","coordinates":[-73.2138856834711,43.7359850142469]},"properties":{"OBJECTID":219868,"ESITEID":130531,"PRIMARYNAME":"ANDERSON DR","ALIAS1":"","ALIAS2":"","ALIAS3":"","ALIAS4":"","ALIAS5":"","PRIMARYADDRESS":"273 ANDERSON DR","SITETYPE":"Camp","MAPYEAR":"Thu, 01 Jan 1998 00:00:00 GMT","SITETYPE_MULTI1":"","SITETYPE_MULTI2":"","SITETYPE_MULTI3":"","YearBuilt":null,"YearBuiltSrc":null,"YearBuiltNotes":"","ResUnitCnt":1,"NonResUnitCnt":0,"DateUpdate":"Wed, 19 Apr 2017 07:52:56 GMT","County":"Rutland County","Inc_Muni":"Hubbardton","AddNum_Pre":null,"Add_Number":273,"AddNum_Suf":"","St_PreMod":"","St_PreDir":" ","St_PreTyp":"","St_PreSep":"","St_Name":"Anderson","St_PosTyp":"Drive","St_PosDir":" ","St_PosMod":"","ESN":"328","Post_Comm":"Fair Haven","Post_Code":"05743","GlobalID":"823a0df2-6b4c-4920-846f-12041d7a4aae","Category":"Residential"}},
{"type":"Feature","id":230719,"geometry":{"type":"Point","coordinates":[-73.1865324445394,43.736150060281]},"properties":{"OBJECTID":230719,"ESITEID":130532,"PRIMARYNAME":"BIRCH RD  ","ALIAS1":"","ALIAS2":"","ALIAS3":"","ALIAS4":"","ALIAS5":"","PRIMARYADDRESS":"448 BIRCH RD","SITETYPE":"Camp","MAPYEAR":"Thu, 01 Jan 1998 00:00:00 GMT","SITETYPE_MULTI1":"","SITETYPE_MULTI2":"","SITETYPE_MULTI3":"","YearBuilt":null,"YearBuiltSrc":null,"YearBuiltNotes":"","ResUnitCnt":1,"NonResUnitCnt":0,"DateUpdate":"Fri, 27 Jan 2023 22:17:57 GMT","County":"Rutland County","Inc_Muni":"Hubbardton","AddNum_Pre":null,"Add_Number":448,"AddNum_Suf":"","St_PreMod":"","St_PreDir":"","St_PreTyp":"","St_PreSep":"","St_Name":"Birch","St_PosTyp":"Road","St_PosDir":"","St_PosMod":"","ESN":"328","Post_Comm":"Brandon","Post_Code":"05733","GlobalID":"2f547ef0-8972-416b-8c7e-d67cdc9fb3cf","Category":"Residential"}},
{"type":"Feature","id":203804,"geometry":{"type":"Point","coordinates":[-73.213835375281,43.7361588396508]},"properties":{"OBJECTID":203804,"ESITEID":130533,"PRIMARYNAME":"ANDERSON DR","ALIAS1":"","ALIAS2":"","ALIAS3":"","ALIAS4":"","ALIAS5":"","PRIMARYADDRESS":"265 ANDERSON DR","SITETYPE":"Camp","MAPYEAR":"Thu, 01 Jan 1998 00:00:00 GMT","SITETYPE_MULTI1":"","SITETYPE_MULTI2":"","SITETYPE_MULTI3":"","YearBuilt":null,"YearBuiltSrc":null,"YearBuiltNotes":"","ResUnitCnt":1,"NonResUnitCnt":0,"DateUpdate":"Wed, 19 Apr 2017 07:52:52 GMT","County":"Rutland County","Inc_Muni":"Hubbardton","AddNum_Pre":null,"Add_Number":265,"AddNum_Suf":"","St_PreMod":"","St_PreDir":" ","St_PreTyp":"","St_PreSep":"","St_Name":"Anderson","St_PosTyp":"Drive","St_PosDir":" ","St_PosMod":"","ESN":"328","Post_Comm":"Fair Haven","Post_Code":"05743","GlobalID":"d37f2715-0398-457c-85d5-a708cb40e724","Category":"Residential"}},
{"type":"Feature","id":49327,"geometry":{"type":"Point","coordinates":[-73.214168925595,43.7358490608646]},"properties":{"OBJECTID":49327,"ESITEID":130534,"PRIMARYNAME":"ANDERSON DR","ALIAS1":"","ALIAS2":"","ALIAS3":"","ALIAS4":"","ALIAS5":"","PRIMARYADDRESS":"289 ANDERSON DR","SITETYPE":"Camp","MAPYEAR":"Thu, 01 Jan 1998 00:00:00 GMT","SITETYPE_MULTI1":"","SITETYPE_MULTI2":"","SITETYPE_MULTI3":"","YearBuilt":null,"YearBuiltSrc":null,"YearBuiltNotes":"","ResUnitCnt":1,"NonResUnitCnt":0,"DateUpdate":"Wed, 19 Apr 2017 07:52:59 GMT","County":"Rutland County","Inc_Muni":"Hubbardton","AddNum_Pre":null,"Add_Number":289,"AddNum_Suf":"","St_PreMod":"","St_PreDir":" ","St_PreTyp":"","St_PreSep":"","St_Name":"Anderson","St_PosTyp":"Drive","St_PosDir":" ","St_PosMod":"","ESN":"328","Post_Comm":"Fair Haven","Post_Code":"05743","GlobalID":"2947c006-015b-4fef-b408-59374f852298","Category":"Residential"}},
{"type":"Feature","id":222884,"geometry":{"type":"Point","coordinates":[-73.1866850323698,43.7358258107883]},"properties":{"OBJECTID":222884,"ESITEID":130535,"PRIMARYNAME":"BIRCH RD  ","ALIAS1":"","ALIAS2":"","ALIAS3":"","ALIAS4":"","ALIAS5":"","PRIMARYADDRESS":"470 BIRCH RD","SITETYPE":"Camp","MAPYEAR":"Thu, 01 Jan 1998 00:00:00 GMT","SITETYPE_MULTI1":"","SITETYPE_MULTI2":"","SITETYPE_MULTI3":"","YearBuilt":null,"YearBuiltSrc":null,"YearBuiltNotes":"","ResUnitCnt":1,"NonResUnitCnt":0,"DateUpdate":"Fri, 27 Jan 2023 22:17:57 GMT","County":"Rutland County","Inc_Muni":"Hubbardton","AddNum_Pre":null,"Add_Number":470,"AddNum_Suf":"","St_PreMod":"","St_PreDir":"","St_PreTyp":"","St_PreSep":"","St_Name":"Birch","St_PosTyp":"Road","St_PosDir":"","St_PosMod":"","ESN":"328","Post_Comm":"Brandon","Post_Code":"05733","GlobalID":"ed5acd2e-72e1-47c0-8b26-1d33d1569df8","Category":"Residential"}},
{"type":"Feature","id":42454,"geometry":{"type":"Point","coordinates":[-73.1861967526599,43.7357342593249]},"properties":{"OBJECTID":42454,"ESITEID":130536,"PRIMARYNAME":"BIRCH RD  ","ALIAS1":"","ALIAS2":"","ALIAS3":"","ALIAS4":"","ALIAS5":"","PRIMARYADDRESS":"469 BIRCH RD","SITETYPE":"Camp","MAPYEAR":"Thu, 01 Jan 1998 00:00:00 GMT","SITETYPE_MULTI1":"","SITETYPE_MULTI2":"","SITETYPE_MULTI3":"","YearBuilt":null,"YearBuiltSrc":null,"YearBuiltNotes":"","ResUnitCnt":1,"NonResUnitCnt":0,"DateUpdate":"Fri, 27 Jan 2023 22:17:57 GMT","County":"Rutland County","Inc_Muni":"Hubbardton","AddNum_Pre":null,"Add_Number":469,"AddNum_Suf":"","St_PreMod":"","St_PreDir":"","St_PreTyp":"","St_PreSep":"","St_Name":"Birch","St_PosTyp":"Road","St_PosDir":"","St_PosMod":"","ESN":"328","Post_Comm":"Brandon","Post_Code":"05733","GlobalID":"9fa83c28-e25f-4c9b-b361-c502ea292535","Category":"Residential"}},
{"type":"Feature","id":240172,"geometry":{"type":"Point","coordinates":[-73.1803047196707,43.7356753243078]},"properties":{"OBJECTID":240172,"ESITEID":130537,"PRIMARYNAME":"VT ROUTE 30","ALIAS1":"","ALIAS2":"","ALIAS3":"","ALIAS4":"","ALIAS5":"","PRIMARYADDRESS":"4041 VT ROUTE 30","SITETYPE":"Camp","MAPYEAR":"Thu, 01 Jan 1998 00:00:00 GMT","SITETYPE_MULTI1":"","SITETYPE_MULTI2":"","SITETYPE_MULTI3":"","YearBuilt":null,"YearBuiltSrc":null,"YearBuiltNotes":"","ResUnitCnt":1,"NonResUnitCnt":0,"DateUpdate":"Fri, 18 Apr 2025 09:36:22 GMT","County":"Rutland County","Inc_Muni":"Hubbardton","AddNum_Pre":"","Add_Number":4041,"AddNum_Suf":"","St_PreMod":"","St_PreDir":"","St_PreTyp":"Vermont Route","St_PreSep":"","St_Name":"30","St_PosTyp":"","St_PosDir":"","St_PosMod":"","ESN":"328","Post_Comm":"Bomoseen","Post_Code":"05732","GlobalID":"2faa392e-e19b-4a28-93b8-afab0038e0ea","Category":"Residential"}},
{"type":"Feature","id":44595,"geometry":{"type":"Point","coordinates":[-73.186303563168,43.7353146436518]},"properties":{"OBJECTID":44595,"ESITEID":130538,"PRIMARYNAME":"BIRCH RD  ","ALIAS1":"","ALIAS2":"","ALIAS3":"","ALIAS4":"","ALIAS5":"","PRIMARYADDRESS":"495 BIRCH RD","SITETYPE":"Camp","MAPYEAR":"Thu, 01 Jan 1998 00:00:00 GMT","SITETYPE_MULTI1":"","SITETYPE_MULTI2":"","SITETYPE_MULTI3":"","YearBuilt":null,"YearBuiltSrc":null,"YearBuiltNotes":"","ResUnitCnt":1,"NonResUnitCnt":0,"DateUpdate":"Fri, 27 Jan 2023 22:17:57 GMT","County":"Rutland County","Inc_Muni":"Hubbardton","AddNum_Pre":null,"Add_Number":495,"AddNum_Suf":"","St_PreMod":"","St_PreDir":"","St_PreTyp":"","St_PreSep":"","St_Name":"Birch","St_PosTyp":"Road","St_PosDir":"","St_PosMod":"","ESN":"328","Post_Comm":"Brandon","Post_Code":"05733","GlobalID":"69192c83-0a41-4fec-abba-a6b2cd499a63","Category":"Residential"}},
{"type":"Feature","id":94348,"geometry":{"type":"Point","coordinates":[-73.1870512440849,43.7352116452486]},"properties":{"OBJECTID":94348,"ESITEID":130539,"PRIMARYNAME":"BIRCH RD  ","ALIAS1":"","ALIAS2":"","ALIAS3":"","ALIAS4":"","ALIAS5":"","PRIMARYADDRESS":"518 BIRCH RD","SITETYPE":"Single Family Dwelling","MAPYEAR":"Thu, 01 Jan 1998 00:00:00 GMT","SITETYPE_MULTI1":"","SITETYPE_MULTI2":"","SITETYPE_MULTI3":"","YearBuilt":null,"YearBuiltSrc":null,"YearBuiltNotes":"","ResUnitCnt":1,"NonResUnitCnt":0,"DateUpdate":"Fri, 27 Jan 2023 22:17:57 GMT","County":"Rutland County","Inc_Muni":"Hubbardton","AddNum_Pre":null,"Add_Number":518,"AddNum_Suf":"","St_PreMod":"","St_PreDir":"","St_PreTyp":"","St_PreSep":"","St_Name":"Birch","St_PosTyp":"Road","St_PosDir":"","St_PosMod":"","ESN":"328","Post_Comm":"Brandon","Post_Code":"05733","GlobalID":"70e57bee-91fe-4a57-a0e9-d878869cc3a3","Category":"Residential"}},
{"type":"Feature","id":350324,"geometry":{"type":"Point","coordinates":[-73.1862348992117,43.7350666865106]},"properties":{"OBJECTID":350324,"ESITEID":130540,"PRIMARYNAME":"BIRCH RD  ","ALIAS1":"","ALIAS2":"","ALIAS3":"","ALIAS4":"","ALIAS5":"","PRIMARYADDRESS":"509 BIRCH RD","SITETYPE":"Single Family Dwelling","MAPYEAR":"Thu, 01 Jan 1998 00:00:00 GMT","SITETYPE_MULTI1":"","SITETYPE_MULTI2":"","SITETYPE_MULTI3":"","YearBuilt":null,"YearBuiltSrc":null,"YearBuiltNotes":"","ResUnitCnt":1,"NonResUnitCnt":0,"DateUpdate":"Fri, 27 Jan 2023 22:17:57 GMT","County":"Rutland County","Inc_Muni":"Hubbardton","AddNum_Pre":null,"Add_Number":509,"AddNum_Suf":"","St_PreMod":"","St_PreDir":"","St_PreTyp":"","St_PreSep":"","St_Name":"Birch","St_PosTyp":"Road","St_PosDir":"","St_PosMod":"","ESN":"328","Post_Comm":"Brandon","Post_Code":"05733","GlobalID":"e4fdf40b-b1f6-4123-a510-b442084987ba","Category":"Residential"}},
{"type":"Feature","id":200318,"geometry":{"type":"Point","coordinates":[-73.2044844157015,43.7348416195913]},"properties":{"OBJECTID":200318,"ESITEID":130541,"PRIMARYNAME":"CAMP RD  ","ALIAS1":"","ALIAS2":"","ALIAS3":"","ALIAS4":"","ALIAS5":"","PRIMARYADDRESS":"845 CAMP RD","SITETYPE":"Camp","MAPYEAR":"Thu, 01 Jan 1998 00:00:00 GMT","SITETYPE_MULTI1":"","SITETYPE_MULTI2":"","SITETYPE_MULTI3":"","YearBuilt":null,"YearBuiltSrc":null,"YearBuiltNotes":"","ResUnitCnt":1,"NonResUnitCnt":0,"DateUpdate":"Fri, 27 Jan 2023 22:17:57 GMT","County":"Rutland County","Inc_Muni":"Hubbardton","AddNum_Pre":null,"Add_Number":845,"AddNum_Suf":"","St_PreMod":"","St_PreDir":"","St_PreTyp":"","St_PreSep":"","St_Name":"Camp","St_PosTyp":"Road","St_PosDir":"","St_PosMod":"","ESN":"328","Post_Comm":"Brandon","Post_Code":"05733","GlobalID":"6f4af0c4-48c9-4d72-b1b0-5e22cd18fb73","Category":"Residential"}},
{"type":"Feature","id":297174,"geometry":{"type":"Point","coordinates":[-73.1871046502429,43.7347920284821]},"properties":{"OBJECTID":297174,"ESITEID":130542,"PRIMARYNAME":"ETHAN LN","ALIAS1":"","ALIAS2":"","ALIAS3":"","ALIAS4":"","ALIAS5":"","PRIMARYADDRESS":"60 ETHAN LN","SITETYPE":"Camp","MAPYEAR":"Thu, 01 Jan 1998 00:00:00 GMT","SITETYPE_MULTI1":"","SITETYPE_MULTI2":"","SITETYPE_MULTI3":"","YearBuilt":null,"YearBuiltSrc":null,"YearBuiltNotes":"","ResUnitCnt":1,"NonResUnitCnt":0,"DateUpdate":"Fri, 27 Jan 2023 21:21:48 GMT","County":"Rutland County","Inc_Muni":"Hubbardton","AddNum_Pre":null,"Add_Number":60,"AddNum_Suf":"","St_PreMod":"","St_PreDir":"","St_PreTyp":"","St_PreSep":"","St_Name":"Ethan","St_PosTyp":"Lane","St_PosDir":"","St_PosMod":"","ESN":"328","Post_Comm":"Brandon","Post_Code":"05733","GlobalID":"05d7f9a8-34cd-4cc4-ae42-ae27d988029d","Category":"Residential"}},
{"type":"Feature","id":127279,"geometry":{"type":"Point","coordinates":[-73.1863569699919,43.7347920286277]},"properties":{"OBJECTID":127279,"ESITEID":130543,"PRIMARYNAME":"BIRCH RD  ","ALIAS1":"","ALIAS2":"","ALIAS3":"","ALIAS4":"","ALIAS5":"","PRIMARYADDRESS":"537 BIRCH RD","SITETYPE":"Camp","MAPYEAR":"Thu, 01 Jan 1998 00:00:00 GMT","SITETYPE_MULTI1":"","SITETYPE_MULTI2":"","SITETYPE_MULTI3":"","YearBuilt":null,"YearBuiltSrc":null,"YearBuiltNotes":"","ResUnitCnt":1,"NonResUnitCnt":0,"DateUpdate":"Fri, 27 Jan 2023 22:17:57 GMT","County":"Rutland County","Inc_Muni":"Hubbardton","AddNum_Pre":null,"Add_Number":537,"AddNum_Suf":"","St_PreMod":"","St_PreDir":"","St_PreTyp":"","St_PreSep":"","St_Name":"Birch","St_PosTyp":"Road","St_PosDir":"","St_PosMod":"","ESN":"328","Post_Comm":"Brandon","Post_Code":"05733","GlobalID":"a1ae930d-4944-4e5d-8b53-86da3f35c332","Category":"Residential"}},
{"type":"Feature","id":317126,"geometry":{"type":"Point","coordinates":[-73.1523353503108,43.7347407227566]},"properties":{"OBJECTID":317126,"ESITEID":130544,"PRIMARYNAME":"GANSON HILL RD E","ALIAS1":"","ALIAS2":"","ALIAS3":"","ALIAS4":"","ALIAS5":"","PRIMARYADDRESS":"735 GANSON HILL RD E","SITETYPE":"Camp","MAPYEAR":"Thu, 01 Jan 1998 00:00:00 GMT","SITETYPE_MULTI1":"","SITETYPE_MULTI2":"","SITETYPE_MULTI3":"","YearBuilt":null,"YearBuiltSrc":null,"YearBuiltNotes":"","ResUnitCnt":1,"NonResUnitCnt":0,"DateUpdate":"Fri, 18 Apr 2025 09:34:42 GMT","County":"Rutland County","Inc_Muni":"Hubbardton","AddNum_Pre":"","Add_Number":735,"AddNum_Suf":"","St_PreMod":"","St_PreDir":"","St_PreTyp":"","St_PreSep":"","St_Name":"Ganson Hill","St_PosTyp":"Road","St_PosDir":"East","St_PosMod":"","ESN":"328","Post_Comm":"Castleton","Post_Code":"05735","GlobalID":"dcd368a8-2e0b-4171-bea1-3026250fa056","Category":"Residential"}},
{"type":"Feature","id":111657,"geometry":{"type":"Point","coordinates":[-73.1866545148487,43.7343991140422]},"properties":{"OBJECTID":111657,"ESITEID":130545,"PRIMARYNAME":"BIRCH RD  ","ALIAS1":"","ALIAS2":"","ALIAS3":"","ALIAS4":"","ALIAS5":"","PRIMARYADDRESS":"563 BIRCH RD","SITETYPE":"Camp","MAPYEAR":"Thu, 01 Jan 1998 00:00:00 GMT","SITETYPE_MULTI1":"","SITETYPE_MULTI2":"","SITETYPE_MULTI3":"","YearBuilt":null,"YearBuiltSrc":null,"YearBuiltNotes":"","ResUnitCnt":1,"NonResUnitCnt":0,"DateUpdate":"Fri, 27 Jan 2023 22:17:57 GMT","County":"Rutland County","Inc_Muni":"Hubbardton","AddNum_Pre":null,"Add_Number":563,"AddNum_Suf":"","St_PreMod":"","St_PreDir":"","St_PreTyp":"","St_PreSep":"","St_Name":"Birch","St_PosTyp":"Road","St_PosDir":"","St_PosMod":"","ESN":"328","Post_Comm":"Brandon","Post_Code":"05733","GlobalID":"b3009ea6-add2-49ec-ab12-487eba203d29","Category":"Residential"}},
{"type":"Feature","id":219893,"geometry":{"type":"Point","coordinates":[-73.1872343502419,43.7343800418056]},"properties":{"OBJECTID":219893,"ESITEID":130546,"PRIMARYNAME":"ETHAN LN","ALIAS1":"","ALIAS2":"","ALIAS3":"","ALIAS4":"","ALIAS5":"","PRIMARYADDRESS":"30 ETHAN LN","SITETYPE":"Camp","MAPYEAR":"Thu, 01 Jan 1998 00:00:00 GMT","SITETYPE_MULTI1":"","SITETYPE_MULTI2":"","SITETYPE_MULTI3":"","YearBuilt":null,"YearBuiltSrc":null,"YearBuiltNotes":"","ResUnitCnt":1,"NonResUnitCnt":0,"DateUpdate":"Fri, 27 Jan 2023 21:21:49 GMT","County":"Rutland County","Inc_Muni":"Hubbardton","AddNum_Pre":null,"Add_Number":30,"AddNum_Suf":"","St_PreMod":"","St_PreDir":"","St_PreTyp":"","St_PreSep":"","St_Name":"Ethan","St_PosTyp":"Lane","St_PosDir":"","St_PosMod":"","ESN":"328","Post_Comm":"Brandon","Post_Code":"05733","GlobalID":"4c551024-023f-4619-bc44-43cf1c64dc7f","Category":"Residential"}},
{"type":"Feature","id":100544,"geometry":{"type":"Point","coordinates":[-73.1878752174813,43.7342732302939]},"properties":{"OBJECTID":100544,"ESITEID":130547,"PRIMARYNAME":"ETHAN LN","ALIAS1":"","ALIAS2":"","ALIAS3":"","ALIAS4":"","ALIAS5":"","PRIMARYADDRESS":"91 ETHAN LN","SITETYPE":"Camp","MAPYEAR":"Thu, 01 Jan 1998 00:00:00 GMT","SITETYPE_MULTI1":"","SITETYPE_MULTI2":"","SITETYPE_MULTI3":"","YearBuilt":null,"YearBuiltSrc":null,"YearBuiltNotes":"","ResUnitCnt":1,"NonResUnitCnt":0,"DateUpdate":"Fri, 27 Jan 2023 21:21:49 GMT","County":"Rutland County","Inc_Muni":"Hubbardton","AddNum_Pre":null,"Add_Number":91,"AddNum_Suf":"","St_PreMod":"","St_PreDir":"","St_PreTyp":"","St_PreSep":"","St_Name":"Ethan","St_PosTyp":"Lane","St_PosDir":"","St_PosMod":"","ESN":"328","Post_Comm":"Brandon","Post_Code":"05733","GlobalID":"6bfcf623-a9a9-4e89-ac42-3682b459ad70","Category":"Residential"}},
{"type":"Feature","id":39626,"geometry":{"type":"Point","coordinates":[-73.1464475928086,43.7344830399532]},"properties":{"OBJECTID":39626,"ESITEID":130548,"PRIMARYNAME":"GANSON HILL RD E","ALIAS1":"","ALIAS2":"","ALIAS3":"","ALIAS4":"","ALIAS5":"","PRIMARYADDRESS":"480 GANSON HILL RD E","SITETYPE":"Camp","MAPYEAR":"Thu, 01 Jan 1998 00:00:00 GMT","SITETYPE_MULTI1":"","SITETYPE_MULTI2":"","SITETYPE_MULTI3":"","YearBuilt":null,"YearBuiltSrc":null,"YearBuiltNotes":"","ResUnitCnt":1,"NonResUnitCnt":0,"DateUpdate":"Thu, 10 Aug 2023 16:27:10 GMT","County":"Rutland County","Inc_Muni":"Hubbardton","AddNum_Pre":null,"Add_Number":480,"AddNum_Suf":"","St_PreMod":"","St_PreDir":"","St_PreTyp":"","St_PreSep":"","St_Name":"Ganson Hill","St_PosTyp":"Road","St_PosDir":"East","St_PosMod":"","ESN":"328","Post_Comm":"Castleton","Post_Code":"05735","GlobalID":"b3ad5335-5e7d-424d-86f7-92d5d5003438","Category":"Residential"}},
{"type":"Feature","id":127376,"geometry":{"type":"Point","coordinates":[-73.187531896374,43.7338269102249]},"properties":{"OBJECTID":127376,"ESITEID":130549,"PRIMARYNAME":"ETHAN LN","ALIAS1":"","ALIAS2":"","ALIAS3":"","ALIAS4":"","ALIAS5":"","PRIMARYADDRESS":"1 ETHAN LN","SITETYPE":"Camp","MAPYEAR":"Thu, 01 Jan 1998 00:00:00 GMT","SITETYPE_MULTI1":"","SITETYPE_MULTI2":"","SITETYPE_MULTI3":"","YearBuilt":null,"YearBuiltSrc":null,"YearBuiltNotes":"","ResUnitCnt":1,"NonResUnitCnt":0,"DateUpdate":"Fri, 27 Jan 2023 21:21:49 GMT","County":"Rutland County","Inc_Muni":"Hubbardton","AddNum_Pre":null,"Add_Number":1,"AddNum_Suf":"","St_PreMod":"","St_PreDir":"","St_PreTyp":"","St_PreSep":"","St_Name":"Ethan","St_PosTyp":"Lane","St_PosDir":"","St_PosMod":"","ESN":"328","Post_Comm":"Brandon","Post_Code":"05733","GlobalID":"c6559510-d1e6-4764-941f-56cfcd732118","Category":"Residential"}},
{"type":"Feature","id":141212,"geometry":{"type":"Point","coordinates":[-73.1889280760238,43.7335141056682]},"properties":{"OBJECTID":141212,"ESITEID":130550,"PRIMARYNAME":"MAPLE LN","ALIAS1":"","ALIAS2":"","ALIAS3":"","ALIAS4":"","ALIAS5":"","PRIMARYADDRESS":"179 MAPLE LN","SITETYPE":"Camp","MAPYEAR":"Thu, 01 Jan 1998 00:00:00 GMT","SITETYPE_MULTI1":"","SITETYPE_MULTI2":"","SITETYPE_MULTI3":"","YearBuilt":null,"YearBuiltSrc":null,"YearBuiltNotes":"","ResUnitCnt":1,"NonResUnitCnt":0,"DateUpdate":"Fri, 27 Jan 2023 21:21:49 GMT","County":"Rutland County","Inc_Muni":"Hubbardton","AddNum_Pre":null,"Add_Number":179,"AddNum_Suf":"","St_PreMod":"","St_PreDir":"","St_PreTyp":"","St_PreSep":"","St_Name":"Maple","St_PosTyp":"Lane","St_PosDir":"","St_PosMod":"","ESN":"328","Post_Comm":"Brandon","Post_Code":"05733","GlobalID":"757de748-ba55-44c3-b11b-82cf7dc61caf","Category":"Residential"}},
{"type":"Feature","id":243628,"geometry":{"type":"Point","coordinates":[-73.2184385826826,43.7330525264572]},"properties":{"OBJECTID":243628,"ESITEID":130551,"PRIMARYNAME":"HORTONIA RD  ","ALIAS1":"","ALIAS2":"","ALIAS3":"","ALIAS4":"","ALIAS5":"","PRIMARYADDRESS":"3030 HORTONIA RD","SITETYPE":"Single Family Dwelling","MAPYEAR":"Thu, 01 Jan 1998 00:00:00 GMT","SITETYPE_MULTI1":"","SITETYPE_MULTI2":"","SITETYPE_MULTI3":"","YearBuilt":null,"YearBuiltSrc":null,"YearBuiltNotes":"","ResUnitCnt":1,"NonResUnitCnt":0,"DateUpdate":"Thu, 10 Aug 2023 15:51:05 GMT","County":"Rutland County","Inc_Muni":"Hubbardton","AddNum_Pre":null,"Add_Number":3030,"AddNum_Suf":"","St_PreMod":"","St_PreDir":" ","St_PreTyp":"","St_PreSep":"","St_Name":"Hortonia","St_PosTyp":"Road","St_PosDir":" ","St_PosMod":"","ESN":"328","Post_Comm":"Fair Haven","Post_Code":"05743","GlobalID":"a93d7ed7-e01a-4c9c-9b79-e61b27dbba3c","Category":"Residential"}},
{"type":"Feature","id":40606,"geometry":{"type":"Point","coordinates":[-73.1882948366581,43.7331440790439]},"properties":{"OBJECTID":40606,"ESITEID":130552,"PRIMARYNAME":"MAPLE LN","ALIAS1":"","ALIAS2":"","ALIAS3":"","ALIAS4":"","ALIAS5":"","PRIMARYADDRESS":"154 MAPLE LN","SITETYPE":"Camp","MAPYEAR":"Thu, 01 Jan 1998 00:00:00 GMT","SITETYPE_MULTI1":"","SITETYPE_MULTI2":"","SITETYPE_MULTI3":"","YearBuilt":null,"YearBuiltSrc":null,"YearBuiltNotes":"","ResUnitCnt":1,"NonResUnitCnt":0,"DateUpdate":"Fri, 27 Jan 2023 21:21:49 GMT","County":"Rutland County","Inc_Muni":"Hubbardton","AddNum_Pre":null,"Add_Number":154,"AddNum_Suf":"","St_PreMod":"","St_PreDir":"","St_PreTyp":"","St_PreSep":"","St_Name":"Maple","St_PosTyp":"Lane","St_PosDir":"","St_PosMod":"","ESN":"328","Post_Comm":"Brandon","Post_Code":"05733","GlobalID":"6ca61950-936e-4fce-9580-55cf6c4ed8ee","Category":"Residential"}},
{"type":"Feature","id":265281,"geometry":{"type":"Point","coordinates":[-73.2138838337608,43.7326786860449]},"properties":{"OBJECTID":265281,"ESITEID":130553,"PRIMARYNAME":"ANDERSON DR","ALIAS1":"","ALIAS2":"","ALIAS3":"","ALIAS4":"","ALIAS5":"","PRIMARYADDRESS":"603 ANDERSON DR","SITETYPE":"Camp","MAPYEAR":"Thu, 01 Jan 1998 00:00:00 GMT","SITETYPE_MULTI1":"","SITETYPE_MULTI2":"","SITETYPE_MULTI3":"","YearBuilt":null,"YearBuiltSrc":null,"YearBuiltNotes":"","ResUnitCnt":1,"NonResUnitCnt":0,"DateUpdate":"Fri, 27 Jan 2023 21:21:47 GMT","County":"Rutland County","Inc_Muni":"Hubbardton","AddNum_Pre":null,"Add_Number":603,"AddNum_Suf":"","St_PreMod":"","St_PreDir":" ","St_PreTyp":"","St_PreSep":"","St_Name":"Anderson","St_PosTyp":"Drive","St_PosDir":" ","St_PosMod":"","ESN":"328","Post_Comm":"Fair Haven","Post_Code":"05743","GlobalID":"c18a5b60-0ac5-4752-8445-751f350040db","Category":"Residential"}},
{"type":"Feature","id":20366,"geometry":{"type":"Point","coordinates":[-73.1805052218662,43.7327702382509]},"properties":{"OBJECTID":20366,"ESITEID":130554,"PRIMARYNAME":"VT ROUTE 30","ALIAS1":"","ALIAS2":"","ALIAS3":"","ALIAS4":"","ALIAS5":"","PRIMARYADDRESS":"3841 VT ROUTE 30","SITETYPE":"Camp","MAPYEAR":"Thu, 01 Jan 1998 00:00:00 GMT","SITETYPE_MULTI1":"","SITETYPE_MULTI2":"","SITETYPE_MULTI3":"","YearBuilt":null,"YearBuiltSrc":null,"YearBuiltNotes":"","ResUnitCnt":1,"NonResUnitCnt":0,"DateUpdate":"Fri, 27 Jan 2023 23:47:30 GMT","County":"Rutland County","Inc_Muni":"Hubbardton","AddNum_Pre":null,"Add_Number":3841,"AddNum_Suf":"","St_PreMod":"","St_PreDir":"","St_PreTyp":"Vermont Route","St_PreSep":"","St_Name":"30","St_PosTyp":"","St_PosDir":"","St_PosMod":"","ESN":"328","Post_Comm":"Bomoseen","Post_Code":"05732","GlobalID":"7d65634f-5b0c-4a55-9974-1237df7f3cde","Category":"Residential"}},
{"type":"Feature","id":7667,"geometry":{"type":"Point","coordinates":[-73.1880125483612,43.7326138363741]},"properties":{"OBJECTID":7667,"ESITEID":130555,"PRIMARYNAME":"BIRCH RD  ","ALIAS1":"","ALIAS2":"","ALIAS3":"","ALIAS4":"","ALIAS5":"","PRIMARYADDRESS":"702 BIRCH RD","SITETYPE":"Camp","MAPYEAR":"Thu, 01 Jan 1998 00:00:00 GMT","SITETYPE_MULTI1":"","SITETYPE_MULTI2":"","SITETYPE_MULTI3":"","YearBuilt":null,"YearBuiltSrc":null,"YearBuiltNotes":"","ResUnitCnt":1,"NonResUnitCnt":0,"DateUpdate":"Fri, 27 Jan 2023 22:17:57 GMT","County":"Rutland County","Inc_Muni":"Hubbardton","AddNum_Pre":null,"Add_Number":702,"AddNum_Suf":"","St_PreMod":"","St_PreDir":"","St_PreTyp":"","St_PreSep":"","St_Name":"Birch","St_PosTyp":"Road","St_PosDir":"","St_PosMod":"","ESN":"328","Post_Comm":"Brandon","Post_Code":"05733","GlobalID":"bd6c1a10-8ba6-45ae-b796-6542b88329b2","Category":"Residential"}},
{"type":"Feature","id":44908,"geometry":{"type":"Point","coordinates":[-73.1888746701349,43.7324841369663]},"properties":{"OBJECTID":44908,"ESITEID":130556,"PRIMARYNAME":"MAPLE LN","ALIAS1":"","ALIAS2":"","ALIAS3":"","ALIAS4":"","ALIAS5":"","PRIMARYADDRESS":"153 MAPLE LN","SITETYPE":"Single Family Dwelling","MAPYEAR":"Thu, 01 Jan 1998 00:00:00 GMT","SITETYPE_MULTI1":"","SITETYPE_MULTI2":"","SITETYPE_MULTI3":"","YearBuilt":null,"YearBuiltSrc":null,"YearBuiltNotes":"","ResUnitCnt":1,"NonResUnitCnt":0,"DateUpdate":"Fri, 27 Jan 2023 21:21:49 GMT","County":"Rutland County","Inc_Muni":"Hubbardton","AddNum_Pre":null,"Add_Number":153,"AddNum_Suf":"","St_PreMod":"","St_PreDir":"","St_PreTyp":"","St_PreSep":"","St_Name":"Maple","St_PosTyp":"Lane","St_PosDir":"","St_PosMod":"","ESN":"328","Post_Comm":"Brandon","Post_Code":"05733","GlobalID":"6a8be96f-90f1-4649-9e23-15dbdb864307","Category":"Residential"}},
{"type":"Feature","id":329136,"geometry":{"type":"Point","coordinates":[-73.1884397943432,43.7319043015445]},"properties":{"OBJECTID":329136,"ESITEID":130557,"PRIMARYNAME":"MAPLE LN","ALIAS1":"","ALIAS2":"","ALIAS3":"","ALIAS4":"","ALIAS5":"","PRIMARYADDRESS":"72 MAPLE LN","SITETYPE":"Camp","MAPYEAR":"Thu, 01 Jan 1998 00:00:00 GMT","SITETYPE_MULTI1":"","SITETYPE_MULTI2":"","SITETYPE_MULTI3":"","YearBuilt":null,"YearBuiltSrc":null,"YearBuiltNotes":"","ResUnitCnt":1,"NonResUnitCnt":0,"DateUpdate":"Fri, 27 Jan 2023 21:21:49 GMT","County":"Rutland County","Inc_Muni":"Hubbardton","AddNum_Pre":null,"Add_Number":72,"AddNum_Suf":"","St_PreMod":"","St_PreDir":"","St_PreTyp":"","St_PreSep":"","St_Name":"Maple","St_PosTyp":"Lane","St_PosDir":"","St_PosMod":"","ESN":"328","Post_Comm":"Brandon","Post_Code":"05733","GlobalID":"f00bf14f-6f79-4646-aa9f-75fd0e2c2aa5","Category":"Residential"}},
{"type":"Feature","id":323292,"geometry":{"type":"Point","coordinates":[-73.1890043696784,43.7311642522961]},"properties":{"OBJECTID":323292,"ESITEID":130558,"PRIMARYNAME":"MAPLE LN","ALIAS1":"","ALIAS2":"","ALIAS3":"","ALIAS4":"","ALIAS5":"","PRIMARYADDRESS":"55 MAPLE LN","SITETYPE":"Camp","MAPYEAR":"Thu, 01 Jan 1998 00:00:00 GMT","SITETYPE_MULTI1":"","SITETYPE_MULTI2":"","SITETYPE_MULTI3":"","YearBuilt":null,"YearBuiltSrc":null,"YearBuiltNotes":"","ResUnitCnt":1,"NonResUnitCnt":0,"DateUpdate":"Fri, 27 Jan 2023 21:21:49 GMT","County":"Rutland County","Inc_Muni":"Hubbardton","AddNum_Pre":null,"Add_Number":55,"AddNum_Suf":"","St_PreMod":"","St_PreDir":"","St_PreTyp":"","St_PreSep":"","St_Name":"Maple","St_PosTyp":"Lane","St_PosDir":"","St_PosMod":"","ESN":"328","Post_Comm":"Brandon","Post_Code":"05733","GlobalID":"c2f97387-903e-4fd1-9f44-a85c414a8a35","Category":"Residential"}},
{"type":"Feature","id":99446,"geometry":{"type":"Point","coordinates":[-73.1840376321232,43.7311489919862]},"properties":{"OBJECTID":99446,"ESITEID":130559,"PRIMARYNAME":"COLUMBIA DR","ALIAS1":"","ALIAS2":"","ALIAS3":"","ALIAS4":"","ALIAS5":"","PRIMARYADDRESS":"270 COLUMBIA DR","SITETYPE":"Mobile Home","MAPYEAR":"Thu, 01 Jan 1998 00:00:00 GMT","SITETYPE_MULTI1":"","SITETYPE_MULTI2":"","SITETYPE_MULTI3":"","YearBuilt":null,"YearBuiltSrc":null,"YearBuiltNotes":"","ResUnitCnt":1,"NonResUnitCnt":0,"DateUpdate":"Fri, 27 Jan 2023 21:21:43 GMT","County":"Rutland County","Inc_Muni":"Hubbardton","AddNum_Pre":null,"Add_Number":270,"AddNum_Suf":"","St_PreMod":"","St_PreDir":"","St_PreTyp":"","St_PreSep":"","St_Name":"Columbia","St_PosTyp":"Drive","St_PosDir":"","St_PosMod":"","ESN":"328","Post_Comm":"Bomoseen","Post_Code":"05732","GlobalID":"5fea4624-f860-4a70-b573-41c17ecc8209","Category":"Residential"}},
{"type":"Feature","id":95679,"geometry":{"type":"Point","coordinates":[-73.1835613589927,43.7305341769245]},"properties":{"OBJECTID":95679,"ESITEID":130560,"PRIMARYNAME":"COLUMBIA DR","ALIAS1":"","ALIAS2":"","ALIAS3":"","ALIAS4":"","ALIAS5":"","PRIMARYADDRESS":"240 COLUMBIA DR","SITETYPE":"Camp","MAPYEAR":"Thu, 01 Jan 1998 00:00:00 GMT","SITETYPE_MULTI1":"","SITETYPE_MULTI2":"","SITETYPE_MULTI3":"","YearBuilt":null,"YearBuiltSrc":null,"YearBuiltNotes":"","ResUnitCnt":1,"NonResUnitCnt":0,"DateUpdate":"Fri, 27 Jan 2023 21:21:43 GMT","County":"Rutland County","Inc_Muni":"Hubbardton","AddNum_Pre":null,"Add_Number":240,"AddNum_Suf":"","St_PreMod":"","St_PreDir":"","St_PreTyp":"","St_PreSep":"","St_Name":"Columbia","St_PosTyp":"Drive","St_PosDir":"","St_PosMod":"","ESN":"328","Post_Comm":"Bomoseen","Post_Code":"05732","GlobalID":"e6a46b8a-392f-4dd2-b51d-c963905c5542","Category":"Residential"}},
{"type":"Feature","id":181202,"geometry":{"type":"Point","coordinates":[-73.184304660955,43.7309239250894]},"properties":{"OBJECTID":181202,"ESITEID":130561,"PRIMARYNAME":"COLUMBIA DR","ALIAS1":"","ALIAS2":"","ALIAS3":"","ALIAS4":"","ALIAS5":"","PRIMARYADDRESS":"272 COLUMBIA DR","SITETYPE":"Camp","MAPYEAR":"Thu, 01 Jan 1998 00:00:00 GMT","SITETYPE_MULTI1":"","SITETYPE_MULTI2":"","SITETYPE_MULTI3":"","YearBuilt":null,"YearBuiltSrc":null,"YearBuiltNotes":"","ResUnitCnt":1,"NonResUnitCnt":0,"DateUpdate":"Fri, 27 Jan 2023 21:21:43 GMT","County":"Rutland County","Inc_Muni":"Hubbardton","AddNum_Pre":null,"Add_Number":272,"AddNum_Suf":"","St_PreMod":"","St_PreDir":"","St_PreTyp":"","St_PreSep":"","St_Name":"Columbia","St_PosTyp":"Drive","St_PosDir":"","St_PosMod":"","ESN":"328","Post_Comm":"Bomoseen","Post_Code":"05732","GlobalID":"1d87ccff-31c7-4c5b-8855-cbaa826c6ad3","Category":"Residential"}},
{"type":"Feature","id":209077,"geometry":{"type":"Point","coordinates":[-73.1802362939235,43.7309739127087]},"properties":{"OBJECTID":209077,"ESITEID":130562,"PRIMARYNAME":"VT ROUTE 30","ALIAS1":"","ALIAS2":"","ALIAS3":"","ALIAS4":"","ALIAS5":"","PRIMARYADDRESS":"3676 VT ROUTE 30","SITETYPE":"Single Family Dwelling","MAPYEAR":"Thu, 01 Jan 1998 00:00:00 GMT","SITETYPE_MULTI1":"","SITETYPE_MULTI2":"","SITETYPE_MULTI3":"","YearBuilt":null,"YearBuiltSrc":null,"YearBuiltNotes":"","ResUnitCnt":1,"NonResUnitCnt":0,"DateUpdate":"Fri, 20 Feb 2026 15:56:19 GMT","County":"Rutland County","Inc_Muni":"Hubbardton","AddNum_Pre":null,"Add_Number":3676,"AddNum_Suf":"","St_PreMod":"","St_PreDir":"","St_PreTyp":"Vermont Route","St_PreSep":"","St_Name":"30","St_PosTyp":"","St_PosDir":"","St_PosMod":"","ESN":"328","Post_Comm":"Bomoseen","Post_Code":"05732","GlobalID":"47e018d4-1ea1-4bfc-96a7-c07498ebc967","Category":"Residential"}},
{"type":"Feature","id":88026,"geometry":{"type":"Point","coordinates":[-73.150147851583,43.7309506297233]},"properties":{"OBJECTID":88026,"ESITEID":130563,"PRIMARYNAME":"GANSON HILL RD E","ALIAS1":"","ALIAS2":"","ALIAS3":"","ALIAS4":"","ALIAS5":"","PRIMARYADDRESS":"491 GANSON HILL RD E","SITETYPE":"Single Family Dwelling","MAPYEAR":"Thu, 01 Jan 1998 00:00:00 GMT","SITETYPE_MULTI1":"","SITETYPE_MULTI2":"","SITETYPE_MULTI3":"","YearBuilt":null,"YearBuiltSrc":null,"YearBuiltNotes":"","ResUnitCnt":1,"NonResUnitCnt":0,"DateUpdate":"Thu, 10 Aug 2023 16:27:10 GMT","County":"Rutland County","Inc_Muni":"Hubbardton","AddNum_Pre":null,"Add_Number":491,"AddNum_Suf":"","St_PreMod":"","St_PreDir":"","St_PreTyp":"","St_PreSep":"","St_Name":"Ganson Hill","St_PosTyp":"Road","St_PosDir":"East","St_PosMod":"","ESN":"328","Post_Comm":"Castleton","Post_Code":"05735","GlobalID":"4151d731-50cc-4787-b095-799448e45f28","Category":"Residential"}},
{"type":"Feature","id":280729,"geometry":{"type":"Point","coordinates":[-73.1837324567042,43.7307370042461]},"properties":{"OBJECTID":280729,"ESITEID":130564,"PRIMARYNAME":"COLUMBIA DR","ALIAS1":"","ALIAS2":"","ALIAS3":"","ALIAS4":"","ALIAS5":"","PRIMARYADDRESS":"260 COLUMBIA DR","SITETYPE":"Camp","MAPYEAR":"Thu, 01 Jan 1998 00:00:00 GMT","SITETYPE_MULTI1":"","SITETYPE_MULTI2":"","SITETYPE_MULTI3":"","YearBuilt":null,"YearBuiltSrc":null,"YearBuiltNotes":"","ResUnitCnt":1,"NonResUnitCnt":0,"DateUpdate":"Fri, 27 Jan 2023 21:21:43 GMT","County":"Rutland County","Inc_Muni":"Hubbardton","AddNum_Pre":null,"Add_Number":260,"AddNum_Suf":"","St_PreMod":"","St_PreDir":"","St_PreTyp":"","St_PreSep":"","St_Name":"Columbia","St_PosTyp":"Drive","St_PosDir":"","St_PosMod":"","ESN":"328","Post_Comm":"Bomoseen","Post_Code":"05732","GlobalID":"3a7deb2c-8697-4962-8457-4a78bd15cb7d","Category":"Residential"}},
{"type":"Feature","id":84719,"geometry":{"type":"Point","coordinates":[-73.1844114727278,43.7306874132979]},"properties":{"OBJECTID":84719,"ESITEID":130565,"PRIMARYNAME":"COLUMBIA DR","ALIAS1":"","ALIAS2":"","ALIAS3":"","ALIAS4":"","ALIAS5":"","PRIMARYADDRESS":"290 COLUMBIA DR","SITETYPE":"Camp","MAPYEAR":"Thu, 01 Jan 1998 00:00:00 GMT","SITETYPE_MULTI1":"","SITETYPE_MULTI2":"","SITETYPE_MULTI3":"","YearBuilt":null,"YearBuiltSrc":null,"YearBuiltNotes":"","ResUnitCnt":1,"NonResUnitCnt":0,"DateUpdate":"Fri, 27 Jan 2023 21:21:43 GMT","County":"Rutland County","Inc_Muni":"Hubbardton","AddNum_Pre":null,"Add_Number":290,"AddNum_Suf":"","St_PreMod":"","St_PreDir":"","St_PreTyp":"","St_PreSep":"","St_Name":"Columbia","St_PosTyp":"Drive","St_PosDir":"","St_PosMod":"","ESN":"328","Post_Comm":"Bomoseen","Post_Code":"05732","GlobalID":"b379821b-dbc4-422f-8656-4d2c9de46de7","Category":"Residential"}},
{"type":"Feature","id":314636,"geometry":{"type":"Point","coordinates":[-73.1878752182516,43.7306225634144]},"properties":{"OBJECTID":314636,"ESITEID":130566,"PRIMARYNAME":"BIRCH RD  ","ALIAS1":"","ALIAS2":"","ALIAS3":"","ALIAS4":"","ALIAS5":"","PRIMARYADDRESS":"843 BIRCH RD","SITETYPE":"Single Family Dwelling","MAPYEAR":"Thu, 01 Jan 1998 00:00:00 GMT","SITETYPE_MULTI1":"","SITETYPE_MULTI2":"","SITETYPE_MULTI3":"","YearBuilt":null,"YearBuiltSrc":null,"YearBuiltNotes":"","ResUnitCnt":1,"NonResUnitCnt":0,"DateUpdate":"Fri, 27 Jan 2023 22:17:57 GMT","County":"Rutland County","Inc_Muni":"Hubbardton","AddNum_Pre":null,"Add_Number":843,"AddNum_Suf":"","St_PreMod":"","St_PreDir":"","St_PreTyp":"","St_PreSep":"","St_Name":"Birch","St_PosTyp":"Road","St_PosDir":"","St_PosMod":"","ESN":"328","Post_Comm":"Brandon","Post_Code":"05733","GlobalID":"22fec76f-0d0e-4720-ab19-fd6c7a49f831","Category":"Residential"}},
{"type":"Feature","id":128606,"geometry":{"type":"Point","coordinates":[-73.185174413327,43.7304547168024]},"properties":{"OBJECTID":128606,"ESITEID":130567,"PRIMARYNAME":"COLUMBIA DR","ALIAS1":"","ALIAS2":"","ALIAS3":"","ALIAS4":"","ALIAS5":"","PRIMARYADDRESS":"338 COLUMBIA DR","SITETYPE":"Camp","MAPYEAR":"Thu, 01 Jan 1998 00:00:00 GMT","SITETYPE_MULTI1":"","SITETYPE_MULTI2":"","SITETYPE_MULTI3":"","YearBuilt":null,"YearBuiltSrc":null,"YearBuiltNotes":"","ResUnitCnt":1,"NonResUnitCnt":0,"DateUpdate":"Fri, 27 Jan 2023 21:21:43 GMT","County":"Rutland County","Inc_Muni":"Hubbardton","AddNum_Pre":null,"Add_Number":338,"AddNum_Suf":"","St_PreMod":"","St_PreDir":"","St_PreTyp":"","St_PreSep":"","St_Name":"Columbia","St_PosTyp":"Drive","St_PosDir":"","St_PosMod":"","ESN":"328","Post_Comm":"Bomoseen","Post_Code":"05732","GlobalID":"79d3a438-ad89-49bc-a837-f672efe25cd8","Category":"Residential"}},
{"type":"Feature","id":118084,"geometry":{"type":"Point","coordinates":[-73.1842359952559,43.7304127548973]},"properties":{"OBJECTID":118084,"ESITEID":130568,"PRIMARYNAME":"COLUMBIA DR","ALIAS1":"","ALIAS2":"","ALIAS3":"","ALIAS4":"","ALIAS5":"","PRIMARYADDRESS":"299 COLUMBIA DR","SITETYPE":"Camp","MAPYEAR":"Thu, 01 Jan 1998 00:00:00 GMT","SITETYPE_MULTI1":"","SITETYPE_MULTI2":"","SITETYPE_MULTI3":"","YearBuilt":null,"YearBuiltSrc":null,"YearBuiltNotes":"","ResUnitCnt":1,"NonResUnitCnt":0,"DateUpdate":"Fri, 27 Jan 2023 21:21:43 GMT","County":"Rutland County","Inc_Muni":"Hubbardton","AddNum_Pre":null,"Add_Number":299,"AddNum_Suf":"","St_PreMod":"","St_PreDir":"","St_PreTyp":"","St_PreSep":"","St_Name":"Columbia","St_PosTyp":"Drive","St_PosDir":"","St_PosMod":"","ESN":"328","Post_Comm":"Bomoseen","Post_Code":"05732","GlobalID":"6ea41b61-f27f-4983-be21-294da54a5430","Category":"Residential"}},
{"type":"Feature","id":175504,"geometry":{"type":"Point","coordinates":[-73.1877455185119,43.7303669790418]},"properties":{"OBJECTID":175504,"ESITEID":130569,"PRIMARYNAME":"BIRCH RD  ","ALIAS1":"","ALIAS2":"","ALIAS3":"","ALIAS4":"","ALIAS5":"","PRIMARYADDRESS":"863 BIRCH RD","SITETYPE":"Camp","MAPYEAR":"Thu, 01 Jan 1998 00:00:00 GMT","SITETYPE_MULTI1":"","SITETYPE_MULTI2":"","SITETYPE_MULTI3":"","YearBuilt":null,"YearBuiltSrc":null,"YearBuiltNotes":"","ResUnitCnt":1,"NonResUnitCnt":0,"DateUpdate":"Fri, 27 Jan 2023 22:17:57 GMT","County":"Rutland County","Inc_Muni":"Hubbardton","AddNum_Pre":null,"Add_Number":863,"AddNum_Suf":"","St_PreMod":"","St_PreDir":"","St_PreTyp":"","St_PreSep":"","St_Name":"Birch","St_PosTyp":"Road","St_PosDir":"","St_PosMod":"","ESN":"328","Post_Comm":"Brandon","Post_Code":"05733","GlobalID":"5e353e7c-15fe-4bb0-8c0f-e3c049673030","Category":"Residential"}},
{"type":"Feature","id":3179,"geometry":{"type":"Point","coordinates":[-73.1857084701273,43.7303402761629]},"properties":{"OBJECTID":3179,"ESITEID":130570,"PRIMARYNAME":"COLUMBIA DR","ALIAS1":"","ALIAS2":"","ALIAS3":"","ALIAS4":"","ALIAS5":"","PRIMARYADDRESS":"362 COLUMBIA DR","SITETYPE":"Camp","MAPYEAR":"Thu, 01 Jan 1998 00:00:00 GMT","SITETYPE_MULTI1":"","SITETYPE_MULTI2":"","SITETYPE_MULTI3":"","YearBuilt":null,"YearBuiltSrc":null,"YearBuiltNotes":"","ResUnitCnt":1,"NonResUnitCnt":0,"DateUpdate":"Fri, 27 Jan 2023 21:21:43 GMT","County":"Rutland County","Inc_Muni":"Hubbardton","AddNum_Pre":null,"Add_Number":362,"AddNum_Suf":"","St_PreMod":"","St_PreDir":"","St_PreTyp":"","St_PreSep":"","St_Name":"Columbia","St_PosTyp":"Drive","St_PosDir":"","St_PosMod":"","ESN":"328","Post_Comm":"Bomoseen","Post_Code":"05732","GlobalID":"b39a4573-5c6d-4d62-a99a-c41854c74ed6","Category":"Residential"}},
{"type":"Feature","id":153420,"geometry":{"type":"Point","coordinates":[-73.1832746917809,43.7301724303394]},"properties":{"OBJECTID":153420,"ESITEID":130571,"PRIMARYNAME":"COLUMBIA DR","ALIAS1":"","ALIAS2":"","ALIAS3":"","ALIAS4":"","ALIAS5":"","PRIMARYADDRESS":"214 COLUMBIA DR","SITETYPE":"Camp","MAPYEAR":"Thu, 01 Jan 1998 00:00:00 GMT","SITETYPE_MULTI1":"","SITETYPE_MULTI2":"","SITETYPE_MULTI3":"","YearBuilt":null,"YearBuiltSrc":null,"YearBuiltNotes":"","ResUnitCnt":1,"NonResUnitCnt":0,"DateUpdate":"Fri, 27 Jan 2023 21:21:43 GMT","County":"Rutland County","Inc_Muni":"Hubbardton","AddNum_Pre":null,"Add_Number":214,"AddNum_Suf":"","St_PreMod":"","St_PreDir":"","St_PreTyp":"","St_PreSep":"","St_Name":"Columbia","St_PosTyp":"Drive","St_PosDir":"","St_PosMod":"","ESN":"328","Post_Comm":"Bomoseen","Post_Code":"05732","GlobalID":"9da21770-e1fa-4f1e-ab2f-b1a4d4ae8cc4","Category":"Residential"}},
{"type":"Feature","id":199114,"geometry":{"type":"Point","coordinates":[-73.1875853012313,43.7300465440617]},"properties":{"OBJECTID":199114,"ESITEID":130572,"PRIMARYNAME":"BIRCH RD  ","ALIAS1":"","ALIAS2":"","ALIAS3":"","ALIAS4":"","ALIAS5":"","PRIMARYADDRESS":"885 BIRCH RD","SITETYPE":"Camp","MAPYEAR":"Thu, 01 Jan 1998 00:00:00 GMT","SITETYPE_MULTI1":"","SITETYPE_MULTI2":"","SITETYPE_MULTI3":"","YearBuilt":null,"YearBuiltSrc":null,"YearBuiltNotes":"","ResUnitCnt":1,"NonResUnitCnt":0,"DateUpdate":"Fri, 27 Jan 2023 22:17:57 GMT","County":"Rutland County","Inc_Muni":"Hubbardton","AddNum_Pre":null,"Add_Number":885,"AddNum_Suf":"","St_PreMod":"","St_PreDir":"","St_PreTyp":"","St_PreSep":"","St_Name":"Birch","St_PosTyp":"Road","St_PosDir":"","St_PosMod":"","ESN":"328","Post_Comm":"Brandon","Post_Code":"05733","GlobalID":"384ab8a4-9c8e-400b-b085-6bd1db272bf1","Category":"Residential"}},
{"type":"Feature","id":312179,"geometry":{"type":"Point","coordinates":[-73.1860517923226,43.7300503596214]},"properties":{"OBJECTID":312179,"ESITEID":130573,"PRIMARYNAME":"COLUMBIA DR","ALIAS1":"","ALIAS2":"","ALIAS3":"","ALIAS4":"","ALIAS5":"","PRIMARYADDRESS":"380 COLUMBIA DR","SITETYPE":"Camp","MAPYEAR":"Thu, 01 Jan 1998 00:00:00 GMT","SITETYPE_MULTI1":"","SITETYPE_MULTI2":"","SITETYPE_MULTI3":"","YearBuilt":null,"YearBuiltSrc":null,"YearBuiltNotes":"","ResUnitCnt":1,"NonResUnitCnt":0,"DateUpdate":"Fri, 27 Jan 2023 21:21:43 GMT","County":"Rutland County","Inc_Muni":"Hubbardton","AddNum_Pre":null,"Add_Number":380,"AddNum_Suf":"","St_PreMod":"","St_PreDir":"","St_PreTyp":"","St_PreSep":"","St_Name":"Columbia","St_PosTyp":"Drive","St_PosDir":"","St_PosMod":"","ESN":"328","Post_Comm":"Bomoseen","Post_Code":"05732","GlobalID":"df690b38-3220-4e2e-9d10-73fbd040d01d","Category":"Residential"}},
{"type":"Feature","id":195880,"geometry":{"type":"Point","coordinates":[-73.2206663671539,43.72979858829]},"properties":{"OBJECTID":195880,"ESITEID":130574,"PRIMARYNAME":"HORTONIA RD  ","ALIAS1":"","ALIAS2":"","ALIAS3":"","ALIAS4":"","ALIAS5":"","PRIMARYADDRESS":"2793 HORTONIA RD","SITETYPE":"Single Family Dwelling","MAPYEAR":"Thu, 01 Jan 1998 00:00:00 GMT","SITETYPE_MULTI1":"","SITETYPE_MULTI2":"","SITETYPE_MULTI3":"","YearBuilt":null,"YearBuiltSrc":null,"YearBuiltNotes":"","ResUnitCnt":1,"NonResUnitCnt":0,"DateUpdate":"Fri, 27 Jan 2023 22:17:59 GMT","County":"Rutland County","Inc_Muni":"Hubbardton","AddNum_Pre":null,"Add_Number":2793,"AddNum_Suf":"","St_PreMod":"","St_PreDir":" ","St_PreTyp":"","St_PreSep":"","St_Name":"Hortonia","St_PosTyp":"Road","St_PosDir":" ","St_PosMod":"","ESN":"328","Post_Comm":"Fair Haven","Post_Code":"05743","GlobalID":"f4cb0b71-8d35-4f14-a4c6-a6268c05a4f5","Category":"Residential"}},
{"type":"Feature","id":101107,"geometry":{"type":"Point","coordinates":[-73.1847624242702,43.729935918028]},"properties":{"OBJECTID":101107,"ESITEID":130575,"PRIMARYNAME":"COLUMBIA DR","ALIAS1":"","ALIAS2":"","ALIAS3":"","ALIAS4":"","ALIAS5":"","PRIMARYADDRESS":"335 COLUMBIA DR","SITETYPE":"Camp","MAPYEAR":"Thu, 01 Jan 1998 00:00:00 GMT","SITETYPE_MULTI1":"","SITETYPE_MULTI2":"","SITETYPE_MULTI3":"","YearBuilt":null,"YearBuiltSrc":null,"YearBuiltNotes":"","ResUnitCnt":1,"NonResUnitCnt":0,"DateUpdate":"Fri, 27 Jan 2023 21:21:43 GMT","County":"Rutland County","Inc_Muni":"Hubbardton","AddNum_Pre":null,"Add_Number":335,"AddNum_Suf":"","St_PreMod":"","St_PreDir":"","St_PreTyp":"","St_PreSep":"","St_Name":"Columbia","St_PosTyp":"Drive","St_PosDir":"","St_PosMod":"","ESN":"328","Post_Comm":"Bomoseen","Post_Code":"05732","GlobalID":"4c5dba56-93a8-41c8-998d-9e4efa50c428","Category":"Residential"}},
{"type":"Feature","id":256431,"geometry":{"type":"Point","coordinates":[-73.1837782322084,43.7299244731978]},"properties":{"OBJECTID":256431,"ESITEID":130576,"PRIMARYNAME":"COLUMBIA DR","ALIAS1":"","ALIAS2":"","ALIAS3":"","ALIAS4":"","ALIAS5":"","PRIMARYADDRESS":"213 COLUMBIA DR","SITETYPE":"Single Family Dwelling","MAPYEAR":"Thu, 01 Jan 1998 00:00:00 GMT","SITETYPE_MULTI1":"","SITETYPE_MULTI2":"","SITETYPE_MULTI3":"","YearBuilt":null,"YearBuiltSrc":null,"YearBuiltNotes":"","ResUnitCnt":1,"NonResUnitCnt":0,"DateUpdate":"Fri, 27 Jan 2023 21:21:43 GMT","County":"Rutland County","Inc_Muni":"Hubbardton","AddNum_Pre":null,"Add_Number":213,"AddNum_Suf":"","St_PreMod":"","St_PreDir":"","St_PreTyp":"","St_PreSep":"","St_Name":"Columbia","St_PosTyp":"Drive","St_PosDir":"","St_PosMod":"","ESN":"328","Post_Comm":"Bomoseen","Post_Code":"05732","GlobalID":"f73c669f-b690-4b68-bc0e-937169b66d66","Category":"Residential"}},
{"type":"Feature","id":218814,"geometry":{"type":"Point","coordinates":[-73.1875090089551,43.7298786975432]},"properties":{"OBJECTID":218814,"ESITEID":130577,"PRIMARYNAME":"BIRCH RD  ","ALIAS1":"","ALIAS2":"","ALIAS3":"","ALIAS4":"","ALIAS5":"","PRIMARYADDRESS":"893 BIRCH RD","SITETYPE":"Camp","MAPYEAR":"Thu, 01 Jan 1998 00:00:00 GMT","SITETYPE_MULTI1":"","SITETYPE_MULTI2":"","SITETYPE_MULTI3":"","YearBuilt":null,"YearBuiltSrc":null,"YearBuiltNotes":"","ResUnitCnt":1,"NonResUnitCnt":0,"DateUpdate":"Fri, 27 Jan 2023 22:17:57 GMT","County":"Rutland County","Inc_Muni":"Hubbardton","AddNum_Pre":null,"Add_Number":893,"AddNum_Suf":"","St_PreMod":"","St_PreDir":"","St_PreTyp":"","St_PreSep":"","St_Name":"Birch","St_PosTyp":"Road","St_PosDir":"","St_PosMod":"","ESN":"328","Post_Comm":"Brandon","Post_Code":"05733","GlobalID":"c42287ad-d3bb-41f1-8149-e8f60b14b101","Category":"Residential"}},
{"type":"Feature","id":254069,"geometry":{"type":"Point","coordinates":[-73.1854795874038,43.7297985889673]},"properties":{"OBJECTID":254069,"ESITEID":130578,"PRIMARYNAME":"COLUMBIA DR","ALIAS1":"","ALIAS2":"","ALIAS3":"","ALIAS4":"","ALIAS5":"","PRIMARYADDRESS":"373 COLUMBIA DR","SITETYPE":"Camp","MAPYEAR":"Thu, 01 Jan 1998 00:00:00 GMT","SITETYPE_MULTI1":"","SITETYPE_MULTI2":"","SITETYPE_MULTI3":"","YearBuilt":null,"YearBuiltSrc":null,"YearBuiltNotes":"","ResUnitCnt":1,"NonResUnitCnt":0,"DateUpdate":"Fri, 27 Jan 2023 21:21:43 GMT","County":"Rutland County","Inc_Muni":"Hubbardton","AddNum_Pre":null,"Add_Number":373,"AddNum_Suf":"","St_PreMod":"","St_PreDir":"","St_PreTyp":"","St_PreSep":"","St_Name":"Columbia","St_PosTyp":"Drive","St_PosDir":"","St_PosMod":"","ESN":"328","Post_Comm":"Bomoseen","Post_Code":"05732","GlobalID":"bfa05d94-b48d-4b4d-8f6c-bbb6bcef956e","Category":"Residential"}},
{"type":"Feature","id":217339,"geometry":{"type":"Point","coordinates":[-73.1862730451633,43.7296536310304]},"properties":{"OBJECTID":217339,"ESITEID":130579,"PRIMARYNAME":"COLUMBIA DR","ALIAS1":"","ALIAS2":"","ALIAS3":"","ALIAS4":"","ALIAS5":"","PRIMARYADDRESS":"379 COLUMBIA DR","SITETYPE":"Camp","MAPYEAR":"Thu, 01 Jan 1998 00:00:00 GMT","SITETYPE_MULTI1":"","SITETYPE_MULTI2":"","SITETYPE_MULTI3":"","YearBuilt":null,"YearBuiltSrc":null,"YearBuiltNotes":"","ResUnitCnt":1,"NonResUnitCnt":0,"DateUpdate":"Fri, 27 Jan 2023 21:21:43 GMT","County":"Rutland County","Inc_Muni":"Hubbardton","AddNum_Pre":null,"Add_Number":379,"AddNum_Suf":"","St_PreMod":"","St_PreDir":"","St_PreTyp":"","St_PreSep":"","St_Name":"Columbia","St_PosTyp":"Drive","St_PosDir":"","St_PosMod":"","ESN":"328","Post_Comm":"Bomoseen","Post_Code":"05732","GlobalID":"b0056d9b-e293-4269-a887-96cc8c87f606","Category":"Residential"}},
{"type":"Feature","id":70863,"geometry":{"type":"Point","coordinates":[-73.2284624307702,43.7294516295831]},"properties":{"OBJECTID":70863,"ESITEID":130580,"PRIMARYNAME":"BAKER RD  ","ALIAS1":"","ALIAS2":"","ALIAS3":"","ALIAS4":"","ALIAS5":"","PRIMARYADDRESS":"575 BAKER RD","SITETYPE":"Accessory Building","MAPYEAR":"Thu, 01 Jan 1998 00:00:00 GMT","SITETYPE_MULTI1":"","SITETYPE_MULTI2":"","SITETYPE_MULTI3":"","YearBuilt":null,"YearBuiltSrc":null,"YearBuiltNotes":"","ResUnitCnt":0,"NonResUnitCnt":0,"DateUpdate":"Thu, 29 Aug 2019 14:27:46 GMT","County":"Rutland County","Inc_Muni":"Hubbardton","AddNum_Pre":null,"Add_Number":575,"AddNum_Suf":"","St_PreMod":"","St_PreDir":" ","St_PreTyp":"","St_PreSep":"","St_Name":"Baker","St_PosTyp":"Road","St_PosDir":" ","St_PosMod":"","ESN":"328","Post_Comm":"Fair Haven","Post_Code":"05743","GlobalID":"7a35375a-0fe0-4b1a-8089-05355eafe919","Category":"Residential"}},
{"type":"Feature","id":339232,"geometry":{"type":"Point","coordinates":[-73.1813036181451,43.7294657124005]},"properties":{"OBJECTID":339232,"ESITEID":130581,"PRIMARYNAME":"VT ROUTE 30","ALIAS1":"","ALIAS2":"","ALIAS3":"","ALIAS4":"","ALIAS5":"","PRIMARYADDRESS":"3599 VT ROUTE 30","SITETYPE":"Camp","MAPYEAR":"Thu, 01 Jan 1998 00:00:00 GMT","SITETYPE_MULTI1":"","SITETYPE_MULTI2":"","SITETYPE_MULTI3":"","YearBuilt":null,"YearBuiltSrc":null,"YearBuiltNotes":"","ResUnitCnt":1,"NonResUnitCnt":0,"DateUpdate":"Thu, 13 Jun 2024 13:40:52 GMT","County":"Rutland County","Inc_Muni":"Hubbardton","AddNum_Pre":null,"Add_Number":3599,"AddNum_Suf":"","St_PreMod":"","St_PreDir":"","St_PreTyp":"Vermont Route","St_PreSep":"","St_Name":"30","St_PosTyp":"","St_PosDir":"","St_PosMod":"","ESN":"328","Post_Comm":"Bomoseen","Post_Code":"05732","GlobalID":"534c9895-9d4c-4f06-92b1-e5656786a2e3","Category":"Residential"}},
{"type":"Feature","id":321165,"geometry":{"type":"Point","coordinates":[-73.182305759633,43.7293522695629]},"properties":{"OBJECTID":321165,"ESITEID":130582,"PRIMARYNAME":"COLUMBIA DR","ALIAS1":"","ALIAS2":"","ALIAS3":"","ALIAS4":"","ALIAS5":"","PRIMARYADDRESS":"138 COLUMBIA DR","SITETYPE":"Single Family Dwelling","MAPYEAR":"Thu, 01 Jan 1998 00:00:00 GMT","SITETYPE_MULTI1":"","SITETYPE_MULTI2":"","SITETYPE_MULTI3":"","YearBuilt":null,"YearBuiltSrc":null,"YearBuiltNotes":"","ResUnitCnt":1,"NonResUnitCnt":0,"DateUpdate":"Fri, 27 Jan 2023 21:21:43 GMT","County":"Rutland County","Inc_Muni":"Hubbardton","AddNum_Pre":null,"Add_Number":138,"AddNum_Suf":"","St_PreMod":"","St_PreDir":"","St_PreTyp":"","St_PreSep":"","St_Name":"Columbia","St_PosTyp":"Drive","St_PosDir":"","St_PosMod":"","ESN":"328","Post_Comm":"Bomoseen","Post_Code":"05732","GlobalID":"3d5741ac-7ce1-4887-b5cd-94f31ca793ae","Category":"Residential"}},
{"type":"Feature","id":76417,"geometry":{"type":"Point","coordinates":[-73.1809095801107,43.7288182123078]},"properties":{"OBJECTID":76417,"ESITEID":130583,"PRIMARYNAME":"VT ROUTE 30","ALIAS1":"","ALIAS2":"","ALIAS3":"","ALIAS4":"","ALIAS5":"","PRIMARYADDRESS":"3566 VT ROUTE 30","SITETYPE":"Mobile Home","MAPYEAR":"Thu, 01 Jan 1998 00:00:00 GMT","SITETYPE_MULTI1":"","SITETYPE_MULTI2":"","SITETYPE_MULTI3":"","YearBuilt":null,"YearBuiltSrc":null,"YearBuiltNotes":"","ResUnitCnt":1,"NonResUnitCnt":0,"DateUpdate":"Sat, 28 Jan 2023 00:00:06 GMT","County":"Rutland County","Inc_Muni":"Hubbardton","AddNum_Pre":null,"Add_Number":3566,"AddNum_Suf":"","St_PreMod":"","St_PreDir":"","St_PreTyp":"Vermont Route","St_PreSep":"","St_Name":"30","St_PosTyp":"","St_PosDir":"","St_PosMod":"","ESN":"328","Post_Comm":"Bomoseen","Post_Code":"05732","GlobalID":"60285dc0-f656-4fae-ba8e-f8eb52bd4bf4","Category":"Residential"}},
{"type":"Feature","id":304892,"geometry":{"type":"Point","coordinates":[-73.1829132466884,43.7286876315766]},"properties":{"OBJECTID":304892,"ESITEID":130584,"PRIMARYNAME":"COLUMBIA DR","ALIAS1":"","ALIAS2":"","ALIAS3":"","ALIAS4":"","ALIAS5":"","PRIMARYADDRESS":"119 COLUMBIA DR","SITETYPE":"Camp","MAPYEAR":"Thu, 01 Jan 1998 00:00:00 GMT","SITETYPE_MULTI1":"","SITETYPE_MULTI2":"","SITETYPE_MULTI3":"","YearBuilt":null,"YearBuiltSrc":null,"YearBuiltNotes":"","ResUnitCnt":1,"NonResUnitCnt":0,"DateUpdate":"Thu, 13 Jun 2024 13:40:45 GMT","County":"Rutland County","Inc_Muni":"Hubbardton","AddNum_Pre":null,"Add_Number":119,"AddNum_Suf":"","St_PreMod":"","St_PreDir":"","St_PreTyp":"","St_PreSep":"","St_Name":"Columbia","St_PosTyp":"Drive","St_PosDir":"","St_PosMod":"","ESN":"328","Post_Comm":"Bomoseen","Post_Code":"05732","GlobalID":"1bbfc1cb-6596-4f2f-82ae-f3c191eaa004","Category":"Residential"}},
{"type":"Feature","id":47384,"geometry":{"type":"Point","coordinates":[-73.2204298552275,43.7260067786847]},"properties":{"OBJECTID":47384,"ESITEID":130585,"PRIMARYNAME":"HORTONIA RD  ","ALIAS1":"","ALIAS2":"","ALIAS3":"","ALIAS4":"","ALIAS5":"","PRIMARYADDRESS":"2536 HORTONIA RD","SITETYPE":"Single Family Dwelling","MAPYEAR":"Thu, 01 Jan 1998 00:00:00 GMT","SITETYPE_MULTI1":"","SITETYPE_MULTI2":"","SITETYPE_MULTI3":"","YearBuilt":null,"YearBuiltSrc":null,"YearBuiltNotes":"","ResUnitCnt":1,"NonResUnitCnt":0,"DateUpdate":"Thu, 10 Aug 2023 15:51:05 GMT","County":"Rutland County","Inc_Muni":"Hubbardton","AddNum_Pre":null,"Add_Number":2536,"AddNum_Suf":"","St_PreMod":"","St_PreDir":" ","St_PreTyp":"","St_PreSep":"","St_Name":"Hortonia","St_PosTyp":"Road","St_PosDir":" ","St_PosMod":"","ESN":"328","Post_Comm":"Fair Haven","Post_Code":"05743","GlobalID":"158a8287-6287-4b7f-9928-aec81cae1c07","Category":"Residential"}},
{"type":"Feature","id":34790,"geometry":{"type":"Point","coordinates":[-73.1834619149495,43.7261934637558]},"properties":{"OBJECTID":34790,"ESITEID":130586,"PRIMARYNAME":"VT ROUTE 30","ALIAS1":"","ALIAS2":"","ALIAS3":"","ALIAS4":"","ALIAS5":"","PRIMARYADDRESS":"3375 VT ROUTE 30","SITETYPE":"Single Family Dwelling","MAPYEAR":"Thu, 01 Jan 1998 00:00:00 GMT","SITETYPE_MULTI1":"","SITETYPE_MULTI2":"","SITETYPE_MULTI3":"","YearBuilt":null,"YearBuiltSrc":null,"YearBuiltNotes":"","ResUnitCnt":1,"NonResUnitCnt":0,"DateUpdate":"Thu, 13 Jun 2024 13:39:55 GMT","County":"Rutland County","Inc_Muni":"Hubbardton","AddNum_Pre":null,"Add_Number":3375,"AddNum_Suf":"","St_PreMod":"","St_PreDir":"","St_PreTyp":"Vermont Route","St_PreSep":"","St_Name":"30","St_PosTyp":"","St_PosDir":"","St_PosMod":"","ESN":"328","Post_Comm":"Bomoseen","Post_Code":"05732","GlobalID":"a9da24a9-26b2-4faa-82b2-440aab38d7cd","Category":"Residential"}},
{"type":"Feature","id":51904,"geometry":{"type":"Point","coordinates":[-73.1492704693336,43.72596100322]},"properties":{"OBJECTID":51904,"ESITEID":130587,"PRIMARYNAME":"MONUMENT HILL RD","ALIAS1":"","ALIAS2":"","ALIAS3":"","ALIAS4":"","ALIAS5":"","PRIMARYADDRESS":"2585 MONUMENT HILL RD","SITETYPE":"Single Family Dwelling","MAPYEAR":"Thu, 01 Jan 1998 00:00:00 GMT","SITETYPE_MULTI1":"","SITETYPE_MULTI2":"","SITETYPE_MULTI3":"","YearBuilt":null,"YearBuiltSrc":null,"YearBuiltNotes":"","ResUnitCnt":1,"NonResUnitCnt":0,"DateUpdate":"Thu, 10 Aug 2023 16:27:12 GMT","County":"Rutland County","Inc_Muni":"Hubbardton","AddNum_Pre":null,"Add_Number":2585,"AddNum_Suf":"","St_PreMod":"","St_PreDir":"","St_PreTyp":"","St_PreSep":"","St_Name":"Monument Hill","St_PosTyp":"Road","St_PosDir":"","St_PosMod":"","ESN":"328","Post_Comm":"Castleton","Post_Code":"05735","GlobalID":"bd47351a-0a50-4976-9688-30dbc1c92cc0","Category":"Residential"}},
{"type":"Feature","id":109439,"geometry":{"type":"Point","coordinates":[-73.146668845553,43.725865636631]},"properties":{"OBJECTID":109439,"ESITEID":130588,"PRIMARYNAME":"MONUMENT HILL RD","ALIAS1":"","ALIAS2":"","ALIAS3":"","ALIAS4":"","ALIAS5":"","PRIMARYADDRESS":"2699 MONUMENT HILL RD","SITETYPE":"Single Family Dwelling","MAPYEAR":"Thu, 01 Jan 1998 00:00:00 GMT","SITETYPE_MULTI1":"","SITETYPE_MULTI2":"","SITETYPE_MULTI3":"","YearBuilt":null,"YearBuiltSrc":null,"YearBuiltNotes":"","ResUnitCnt":1,"NonResUnitCnt":0,"DateUpdate":"Thu, 10 Aug 2023 16:27:12 GMT","County":"Rutland County","Inc_Muni":"Hubbardton","AddNum_Pre":null,"Add_Number":2699,"AddNum_Suf":"","St_PreMod":"","St_PreDir":"","St_PreTyp":"","St_PreSep":"","St_Name":"Monument Hill","St_PosTyp":"Road","St_PosDir":"","St_PosMod":"","ESN":"328","Post_Comm":"Castleton","Post_Code":"05735","GlobalID":"066ea0e1-c8c1-42e2-b9ad-f743041a3039","Category":"Residential"}},
{"type":"Feature","id":341030,"geometry":{"type":"Point","coordinates":[-73.1493162446812,43.7246678220805]},"properties":{"OBJECTID":341030,"ESITEID":130589,"PRIMARYNAME":"MONUMENT HILL RD","ALIAS1":"","ALIAS2":"","ALIAS3":"","ALIAS4":"","ALIAS5":"","PRIMARYADDRESS":"2548 MONUMENT HILL RD","SITETYPE":"Camp","MAPYEAR":"Thu, 01 Jan 1998 00:00:00 GMT","SITETYPE_MULTI1":"","SITETYPE_MULTI2":"","SITETYPE_MULTI3":"","YearBuilt":null,"YearBuiltSrc":null,"YearBuiltNotes":"","ResUnitCnt":1,"NonResUnitCnt":0,"DateUpdate":"Fri, 27 Jan 2023 21:21:44 GMT","County":"Rutland County","Inc_Muni":"Hubbardton","AddNum_Pre":null,"Add_Number":2548,"AddNum_Suf":"","St_PreMod":"","St_PreDir":"","St_PreTyp":"","St_PreSep":"","St_Name":"Monument Hill","St_PosTyp":"Road","St_PosDir":"","St_PosMod":"","ESN":"328","Post_Comm":"Castleton","Post_Code":"05735","GlobalID":"8714e0ec-cd3e-4807-ac92-8b531da94d58","Category":"Residential"}},
{"type":"Feature","id":170823,"geometry":{"type":"Point","coordinates":[-73.1524444855495,43.724871556892]},"properties":{"OBJECTID":170823,"ESITEID":130590,"PRIMARYNAME":"MONUMENT HILL RD","ALIAS1":"","ALIAS2":"","ALIAS3":"","ALIAS4":"","ALIAS5":"","PRIMARYADDRESS":"2427 MONUMENT HILL RD","SITETYPE":"Single Family Dwelling","MAPYEAR":"Thu, 01 Jan 1998 00:00:00 GMT","SITETYPE_MULTI1":"","SITETYPE_MULTI2":"","SITETYPE_MULTI3":"","YearBuilt":null,"YearBuiltSrc":null,"YearBuiltNotes":"","ResUnitCnt":1,"NonResUnitCnt":0,"DateUpdate":"Wed, 21 Dec 2022 10:22:31 GMT","County":"Rutland County","Inc_Muni":"Hubbardton","AddNum_Pre":null,"Add_Number":2427,"AddNum_Suf":"","St_PreMod":"","St_PreDir":"","St_PreTyp":"","St_PreSep":"","St_Name":"Monument Hill","St_PosTyp":"Road","St_PosDir":"","St_PosMod":"","ESN":"328","Post_Comm":"Castleton","Post_Code":"05735","GlobalID":"e9338acf-e6f5-456c-8019-90d48b3fafa2","Category":"Residential"}},
{"type":"Feature","id":208010,"geometry":{"type":"Point","coordinates":[-73.1868455639317,43.7243137597197]},"properties":{"OBJECTID":208010,"ESITEID":130591,"PRIMARYNAME":"OLD TI RD","ALIAS1":"","ALIAS2":"","ALIAS3":"","ALIAS4":"","ALIAS5":"","PRIMARYADDRESS":"514 OLD TI RD","SITETYPE":"Single Family Dwelling","MAPYEAR":"Thu, 01 Jan 1998 00:00:00 GMT","SITETYPE_MULTI1":"","SITETYPE_MULTI2":"","SITETYPE_MULTI3":"","YearBuilt":null,"YearBuiltSrc":null,"YearBuiltNotes":"","ResUnitCnt":1,"NonResUnitCnt":0,"DateUpdate":"Fri, 27 Jan 2023 21:21:49 GMT","County":"Rutland County","Inc_Muni":"Hubbardton","AddNum_Pre":null,"Add_Number":514,"AddNum_Suf":"","St_PreMod":"Old","St_PreDir":"","St_PreTyp":"","St_PreSep":"","St_Name":"Ti","St_PosTyp":"Road","St_PosDir":"","St_PosMod":"","ESN":"328","Post_Comm":"Bomoseen","Post_Code":"05732","GlobalID":"c4956b50-c97e-4edd-809b-e1adaaa10d88","Category":"Residential"}},
{"type":"Feature","id":272544,"geometry":{"type":"Point","coordinates":[-73.2222075045215,43.7234433007259]},"properties":{"OBJECTID":272544,"ESITEID":130592,"PRIMARYNAME":"HORTONIA RD  ","ALIAS1":"","ALIAS2":"","ALIAS3":"","ALIAS4":"","ALIAS5":"","PRIMARYADDRESS":"2345 HORTONIA RD","SITETYPE":"Multi-Family Complex","MAPYEAR":"Thu, 01 Jan 1998 00:00:00 GMT","SITETYPE_MULTI1":"","SITETYPE_MULTI2":"","SITETYPE_MULTI3":"","YearBuilt":null,"YearBuiltSrc":null,"YearBuiltNotes":"","ResUnitCnt":1,"NonResUnitCnt":0,"DateUpdate":"Fri, 27 Jan 2023 22:17:59 GMT","County":"Rutland County","Inc_Muni":"Hubbardton","AddNum_Pre":null,"Add_Number":2345,"AddNum_Suf":"","St_PreMod":"","St_PreDir":" ","St_PreTyp":"","St_PreSep":"","St_Name":"Hortonia","St_PosTyp":"Road","St_PosDir":" ","St_PosMod":"","ESN":"328","Post_Comm":"Fair Haven","Post_Code":"05743","GlobalID":"0a164952-d2b9-44c6-93ab-6827c0e2c35f","Category":"Residential"}},
{"type":"Feature","id":319324,"geometry":{"type":"Point","coordinates":[-73.2315822787127,43.723365873742]},"properties":{"OBJECTID":319324,"ESITEID":130593,"PRIMARYNAME":"WEST RD  ","ALIAS1":"","ALIAS2":"","ALIAS3":"","ALIAS4":"","ALIAS5":"","PRIMARYADDRESS":"344 WEST RD","SITETYPE":"Single Family Dwelling","MAPYEAR":"Thu, 01 Jan 1998 00:00:00 GMT","SITETYPE_MULTI1":"","SITETYPE_MULTI2":"","SITETYPE_MULTI3":"","YearBuilt":null,"YearBuiltSrc":null,"YearBuiltNotes":"","ResUnitCnt":1,"NonResUnitCnt":0,"DateUpdate":"Fri, 27 Jan 2023 22:17:58 GMT","County":"Rutland County","Inc_Muni":"Hubbardton","AddNum_Pre":null,"Add_Number":344,"AddNum_Suf":"","St_PreMod":"","St_PreDir":"","St_PreTyp":"","St_PreSep":"","St_Name":"West","St_PosTyp":"Road","St_PosDir":"","St_PosMod":"","ESN":"328","Post_Comm":"Fair Haven","Post_Code":"05743","GlobalID":"b9e78aeb-5280-48aa-a58a-048d5263205b","Category":"Residential"}},
{"type":"Feature","id":244780,"geometry":{"type":"Point","coordinates":[-73.1831939503391,43.7236087669958]},"properties":{"OBJECTID":244780,"ESITEID":130594,"PRIMARYNAME":"VT ROUTE 30","ALIAS1":"","ALIAS2":"","ALIAS3":"","ALIAS4":"","ALIAS5":"","PRIMARYADDRESS":"3178 VT ROUTE 30","SITETYPE":"Single Family Dwelling","MAPYEAR":"Thu, 01 Jan 1998 00:00:00 GMT","SITETYPE_MULTI1":"","SITETYPE_MULTI2":"","SITETYPE_MULTI3":"","YearBuilt":null,"YearBuiltSrc":null,"YearBuiltNotes":"","ResUnitCnt":1,"NonResUnitCnt":0,"DateUpdate":"Thu, 13 Jun 2024 13:39:28 GMT","County":"Rutland County","Inc_Muni":"Hubbardton","AddNum_Pre":null,"Add_Number":3178,"AddNum_Suf":"","St_PreMod":"","St_PreDir":"","St_PreTyp":"Vermont Route","St_PreSep":"","St_Name":"30","St_PosTyp":"","St_PosDir":"","St_PosMod":"","ESN":"328","Post_Comm":"Bomoseen","Post_Code":"05732","GlobalID":"1d15a3f3-a1f1-435e-a265-4df992994272","Category":"Residential"}},
{"type":"Feature","id":282593,"geometry":{"type":"Point","coordinates":[-73.1577982287413,43.721844777677]},"properties":{"OBJECTID":282593,"ESITEID":130595,"PRIMARYNAME":"MONUMENT HILL RD","ALIAS1":"","ALIAS2":"","ALIAS3":"","ALIAS4":"","ALIAS5":"","PRIMARYADDRESS":"2145 MONUMENT HILL RD","SITETYPE":"Camp","MAPYEAR":"Thu, 01 Jan 1998 00:00:00 GMT","SITETYPE_MULTI1":"","SITETYPE_MULTI2":"","SITETYPE_MULTI3":"","YearBuilt":null,"YearBuiltSrc":null,"YearBuiltNotes":"","ResUnitCnt":1,"NonResUnitCnt":0,"DateUpdate":"Wed, 21 Dec 2022 10:20:41 GMT","County":"Rutland County","Inc_Muni":"Hubbardton","AddNum_Pre":null,"Add_Number":2145,"AddNum_Suf":"","St_PreMod":"","St_PreDir":"","St_PreTyp":"","St_PreSep":"","St_Name":"Monument Hill","St_PosTyp":"Road","St_PosDir":"","St_PosMod":"","ESN":"328","Post_Comm":"Castleton","Post_Code":"05735","GlobalID":"43121241-2e2c-4721-bab1-11e1b9cbce15","Category":"Residential"}},
{"type":"Feature","id":65924,"geometry":{"type":"Point","coordinates":[-73.2270140247798,43.7214253260046]},"properties":{"OBJECTID":65924,"ESITEID":130596,"PRIMARYNAME":"WEST RD  ","ALIAS1":"","ALIAS2":"","ALIAS3":"","ALIAS4":"","ALIAS5":"","PRIMARYADDRESS":"30 WEST RD","SITETYPE":"Single Family Dwelling","MAPYEAR":"Thu, 01 Jan 1998 00:00:00 GMT","SITETYPE_MULTI1":"","SITETYPE_MULTI2":"","SITETYPE_MULTI3":"","YearBuilt":null,"YearBuiltSrc":null,"YearBuiltNotes":"","ResUnitCnt":1,"NonResUnitCnt":0,"DateUpdate":"Fri, 27 Jan 2023 22:17:58 GMT","County":"Rutland County","Inc_Muni":"Hubbardton","AddNum_Pre":null,"Add_Number":30,"AddNum_Suf":"","St_PreMod":"","St_PreDir":"","St_PreTyp":"","St_PreSep":"","St_Name":"West","St_PosTyp":"Road","St_PosDir":"","St_PosMod":"","ESN":"328","Post_Comm":"Fair Haven","Post_Code":"05743","GlobalID":"8755d12d-15d2-4508-a5b7-c4641d48dbef","Category":"Residential"}},
{"type":"Feature","id":104980,"geometry":{"type":"Point","coordinates":[-73.2264265620364,43.720849306651]},"properties":{"OBJECTID":104980,"ESITEID":130597,"PRIMARYNAME":"BURNS RD  ","ALIAS1":"","ALIAS2":"","ALIAS3":"","ALIAS4":"","ALIAS5":"","PRIMARYADDRESS":"263 BURNS RD","SITETYPE":"Single Family Dwelling","MAPYEAR":"Thu, 01 Jan 1998 00:00:00 GMT","SITETYPE_MULTI1":"","SITETYPE_MULTI2":"","SITETYPE_MULTI3":"","YearBuilt":null,"YearBuiltSrc":null,"YearBuiltNotes":"","ResUnitCnt":1,"NonResUnitCnt":0,"DateUpdate":"Fri, 27 Jan 2023 22:17:58 GMT","County":"Rutland County","Inc_Muni":"Hubbardton","AddNum_Pre":null,"Add_Number":263,"AddNum_Suf":"","St_PreMod":"","St_PreDir":"","St_PreTyp":"","St_PreSep":"","St_Name":"Burns","St_PosTyp":"Road","St_PosDir":"","St_PosMod":"","ESN":"328","Post_Comm":"Fair Haven","Post_Code":"05743","GlobalID":"63c12235-4031-42f7-aec4-44a5b0b2402d","Category":"Residential"}},
{"type":"Feature","id":109458,"geometry":{"type":"Point","coordinates":[-73.2319486131012,43.7208262506156]},"properties":{"OBJECTID":109458,"ESITEID":130598,"PRIMARYNAME":"WEST RD  ","ALIAS1":"","ALIAS2":"","ALIAS3":"","ALIAS4":"","ALIAS5":"","PRIMARYADDRESS":"223 WEST RD","SITETYPE":"Mobile Home","MAPYEAR":"Thu, 01 Jan 1998 00:00:00 GMT","SITETYPE_MULTI1":"","SITETYPE_MULTI2":"","SITETYPE_MULTI3":"","YearBuilt":null,"YearBuiltSrc":null,"YearBuiltNotes":"","ResUnitCnt":1,"NonResUnitCnt":0,"DateUpdate":"Fri, 27 Jan 2023 22:17:58 GMT","County":"Rutland County","Inc_Muni":"Hubbardton","AddNum_Pre":null,"Add_Number":223,"AddNum_Suf":"","St_PreMod":"","St_PreDir":"","St_PreTyp":"","St_PreSep":"","St_Name":"West","St_PosTyp":"Road","St_PosDir":"","St_PosMod":"","ESN":"328","Post_Comm":"Fair Haven","Post_Code":"05743","GlobalID":"2bf4fea9-82ca-45d9-94d5-376546194c44","Category":"Residential"}},
{"type":"Feature","id":208691,"geometry":{"type":"Point","coordinates":[-73.1552366579226,43.7209751930909]},"properties":{"OBJECTID":208691,"ESITEID":130599,"PRIMARYNAME":"MONUMENT HILL RD","ALIAS1":"","ALIAS2":"","ALIAS3":"","ALIAS4":"","ALIAS5":"","PRIMARYADDRESS":"2143 MONUMENT HILL RD","SITETYPE":"Residential Other","MAPYEAR":"Thu, 01 Jan 1998 00:00:00 GMT","SITETYPE_MULTI1":"","SITETYPE_MULTI2":"","SITETYPE_MULTI3":"","YearBuilt":null,"YearBuiltSrc":null,"YearBuiltNotes":"","ResUnitCnt":1,"NonResUnitCnt":0,"DateUpdate":"Fri, 27 Jan 2023 21:21:44 GMT","County":"Rutland County","Inc_Muni":"Hubbardton","AddNum_Pre":null,"Add_Number":2143,"AddNum_Suf":"","St_PreMod":"","St_PreDir":"","St_PreTyp":"","St_PreSep":"","St_Name":"Monument Hill","St_PosTyp":"Road","St_PosDir":"","St_PosMod":"","ESN":"328","Post_Comm":"Castleton","Post_Code":"05735","GlobalID":"d3e1f1bf-b43a-47c0-8cc5-e007bbc507c7","Category":"Residential"}},
{"type":"Feature","id":104275,"geometry":{"type":"Point","coordinates":[-73.1543669059537,43.720917974151]},"properties":{"OBJECTID":104275,"ESITEID":130600,"PRIMARYNAME":"MONUMENT HILL RD","ALIAS1":"","ALIAS2":"","ALIAS3":"","ALIAS4":"","ALIAS5":"","PRIMARYADDRESS":"2160 MONUMENT HILL RD","SITETYPE":"Mobile Home","MAPYEAR":"Thu, 01 Jan 1998 00:00:00 GMT","SITETYPE_MULTI1":"","SITETYPE_MULTI2":"","SITETYPE_MULTI3":"","YearBuilt":null,"YearBuiltSrc":null,"YearBuiltNotes":"","ResUnitCnt":1,"NonResUnitCnt":0,"DateUpdate":"Fri, 27 Jan 2023 21:21:44 GMT","County":"Rutland County","Inc_Muni":"Hubbardton","AddNum_Pre":null,"Add_Number":2160,"AddNum_Suf":"","St_PreMod":"","St_PreDir":"","St_PreTyp":"","St_PreSep":"","St_Name":"Monument Hill","St_PosTyp":"Road","St_PosDir":"","St_PosMod":"","ESN":"328","Post_Comm":"Castleton","Post_Code":"05735","GlobalID":"3e1d25d0-9660-4808-ab0d-94f9e249c9bd","Category":"Residential"}},
{"type":"Feature","id":54576,"geometry":{"type":"Point","coordinates":[-73.2257933216006,43.7203953571752]},"properties":{"OBJECTID":54576,"ESITEID":130601,"PRIMARYNAME":"BURNS RD  ","ALIAS1":"","ALIAS2":"","ALIAS3":"","ALIAS4":"","ALIAS5":"","PRIMARYADDRESS":"207 BURNS RD","SITETYPE":"Single Family Dwelling","MAPYEAR":"Thu, 01 Jan 1998 00:00:00 GMT","SITETYPE_MULTI1":"","SITETYPE_MULTI2":"","SITETYPE_MULTI3":"","YearBuilt":null,"YearBuiltSrc":null,"YearBuiltNotes":"","ResUnitCnt":1,"NonResUnitCnt":0,"DateUpdate":"Fri, 27 Jan 2023 22:17:58 GMT","County":"Rutland County","Inc_Muni":"Hubbardton","AddNum_Pre":null,"Add_Number":207,"AddNum_Suf":"","St_PreMod":"","St_PreDir":"","St_PreTyp":"","St_PreSep":"","St_Name":"Burns","St_PosTyp":"Road","St_PosDir":"","St_PosMod":"","ESN":"328","Post_Comm":"Fair Haven","Post_Code":"05743","GlobalID":"e24e78b6-9b14-45da-8f96-ee8709376c8f","Category":"Residential"}},
{"type":"Feature","id":338236,"geometry":{"type":"Point","coordinates":[-73.2246336536547,43.7203686541335]},"properties":{"OBJECTID":338236,"ESITEID":130602,"PRIMARYNAME":"BURNS RD  ","ALIAS1":"","ALIAS2":"","ALIAS3":"","ALIAS4":"","ALIAS5":"","PRIMARYADDRESS":"129 BURNS RD","SITETYPE":"Single Family Dwelling","MAPYEAR":"Thu, 01 Jan 1998 00:00:00 GMT","SITETYPE_MULTI1":"","SITETYPE_MULTI2":"","SITETYPE_MULTI3":"","YearBuilt":null,"YearBuiltSrc":null,"YearBuiltNotes":"","ResUnitCnt":1,"NonResUnitCnt":0,"DateUpdate":"Fri, 27 Jan 2023 22:17:58 GMT","County":"Rutland County","Inc_Muni":"Hubbardton","AddNum_Pre":null,"Add_Number":129,"AddNum_Suf":"","St_PreMod":"","St_PreDir":"","St_PreTyp":"","St_PreSep":"","St_Name":"Burns","St_PosTyp":"Road","St_PosDir":"","St_PosMod":"","ESN":"328","Post_Comm":"Fair Haven","Post_Code":"05743","GlobalID":"202cc536-c9c7-4a45-9cd8-a3ddd4ad53a0","Category":"Residential"}},
{"type":"Feature","id":1694,"geometry":{"type":"Point","coordinates":[-73.1889051860449,43.7204983552374]},"properties":{"OBJECTID":1694,"ESITEID":130603,"PRIMARYNAME":"OLD TI RD","ALIAS1":"","ALIAS2":"","ALIAS3":"","ALIAS4":"","ALIAS5":"","PRIMARYADDRESS":"513 OLD TI RD","SITETYPE":"Residential Other","MAPYEAR":"Thu, 01 Jan 1998 00:00:00 GMT","SITETYPE_MULTI1":"","SITETYPE_MULTI2":"","SITETYPE_MULTI3":"","YearBuilt":null,"YearBuiltSrc":null,"YearBuiltNotes":"","ResUnitCnt":1,"NonResUnitCnt":0,"DateUpdate":"Fri, 27 Jan 2023 21:21:49 GMT","County":"Rutland County","Inc_Muni":"Hubbardton","AddNum_Pre":null,"Add_Number":513,"AddNum_Suf":"","St_PreMod":"Old","St_PreDir":"","St_PreTyp":"","St_PreSep":"","St_Name":"Ti","St_PosTyp":"Road","St_PosDir":"","St_PosMod":"","ESN":"328","Post_Comm":"Bomoseen","Post_Code":"05732","GlobalID":"9035de07-8179-48b1-bbf5-5e5f81710bd3","Category":"Residential"}},
{"type":"Feature","id":211818,"geometry":{"type":"Point","coordinates":[-73.1304395841078,43.7183457209293]},"properties":{"OBJECTID":211818,"ESITEID":130604,"PRIMARYNAME":"MONUMENT HILL RD","ALIAS1":"","ALIAS2":"","ALIAS3":"","ALIAS4":"","ALIAS5":"","PRIMARYADDRESS":"3704 MONUMENT HILL RD","SITETYPE":"Camp","MAPYEAR":"Thu, 01 Jan 1998 00:00:00 GMT","SITETYPE_MULTI1":"","SITETYPE_MULTI2":"","SITETYPE_MULTI3":"","YearBuilt":null,"YearBuiltSrc":null,"YearBuiltNotes":"","ResUnitCnt":1,"NonResUnitCnt":0,"DateUpdate":"Fri, 27 Jan 2023 21:21:44 GMT","County":"Rutland County","Inc_Muni":"Hubbardton","AddNum_Pre":null,"Add_Number":3704,"AddNum_Suf":"","St_PreMod":"","St_PreDir":"","St_PreTyp":"","St_PreSep":"","St_Name":"Monument Hill","St_PosTyp":"Road","St_PosDir":"","St_PosMod":"","ESN":"328","Post_Comm":"Castleton","Post_Code":"05735","GlobalID":"3ffc9ac7-d6cf-4e07-8cbd-3c91187936d8","Category":"Residential"}},
{"type":"Feature","id":108690,"geometry":{"type":"Point","coordinates":[-73.2220015120018,43.7199375925049]},"properties":{"OBJECTID":108690,"ESITEID":130605,"PRIMARYNAME":"HORTONIA RD  ","ALIAS1":"","ALIAS2":"","ALIAS3":"","ALIAS4":"","ALIAS5":"","PRIMARYADDRESS":"2125 HORTONIA RD","SITETYPE":"Fire Service","MAPYEAR":"Thu, 01 Jan 1998 00:00:00 GMT","SITETYPE_MULTI1":"","SITETYPE_MULTI2":"","SITETYPE_MULTI3":"","YearBuilt":null,"YearBuiltSrc":null,"YearBuiltNotes":"","ResUnitCnt":1,"NonResUnitCnt":0,"DateUpdate":"Fri, 27 Jan 2023 22:17:59 GMT","County":"Rutland County","Inc_Muni":"Hubbardton","AddNum_Pre":null,"Add_Number":2125,"AddNum_Suf":"","St_PreMod":"","St_PreDir":"","St_PreTyp":"","St_PreSep":"","St_Name":"Hortonia","St_PosTyp":"Road","St_PosDir":"","St_PosMod":"","ESN":"328","Post_Comm":"Fair Haven","Post_Code":"05743","GlobalID":"b0b143e5-409c-443c-ab31-27e03e3d9d94","Category":"Public Safety"}},
{"type":"Feature","id":158264,"geometry":{"type":"Point","coordinates":[-73.1874089147182,43.7201837511698]},"properties":{"OBJECTID":158264,"ESITEID":130606,"PRIMARYNAME":"OLD TI RD","ALIAS1":"","ALIAS2":"","ALIAS3":"","ALIAS4":"","ALIAS5":"","PRIMARYADDRESS":"404 OLD TI RD","SITETYPE":"Single Family Dwelling","MAPYEAR":"Thu, 01 Jan 1998 00:00:00 GMT","SITETYPE_MULTI1":"","SITETYPE_MULTI2":"","SITETYPE_MULTI3":"","YearBuilt":null,"YearBuiltSrc":null,"YearBuiltNotes":"","ResUnitCnt":1,"NonResUnitCnt":0,"DateUpdate":"Fri, 27 Jan 2023 21:21:49 GMT","County":"Rutland County","Inc_Muni":"Hubbardton","AddNum_Pre":null,"Add_Number":404,"AddNum_Suf":"","St_PreMod":"Old","St_PreDir":"","St_PreTyp":"","St_PreSep":"","St_Name":"Ti","St_PosTyp":"Road","St_PosDir":"","St_PosMod":"","ESN":"328","Post_Comm":"Bomoseen","Post_Code":"05732","GlobalID":"097e9e04-e234-440a-a0d0-819f65338b42","Category":"Residential"}},
{"type":"Feature","id":300285,"geometry":{"type":"Point","coordinates":[-73.2199059812933,43.7200150318856]},"properties":{"OBJECTID":300285,"ESITEID":130607,"PRIMARYNAME":"HORTONIA RD  ","ALIAS1":"","ALIAS2":"","ALIAS3":"","ALIAS4":"","ALIAS5":"","PRIMARYADDRESS":"2028 HORTONIA RD","SITETYPE":"Residential Other","MAPYEAR":"Thu, 01 Jan 1998 00:00:00 GMT","SITETYPE_MULTI1":"","SITETYPE_MULTI2":"","SITETYPE_MULTI3":"","YearBuilt":null,"YearBuiltSrc":null,"YearBuiltNotes":"","ResUnitCnt":1,"NonResUnitCnt":0,"DateUpdate":"Fri, 23 May 2025 10:21:13 GMT","County":"Rutland County","Inc_Muni":"Hubbardton","AddNum_Pre":null,"Add_Number":2028,"AddNum_Suf":"","St_PreMod":"","St_PreDir":"","St_PreTyp":"","St_PreSep":"","St_Name":"Hortonia","St_PosTyp":"Road","St_PosDir":"","St_PosMod":"","ESN":"328","Post_Comm":"Fair Haven","Post_Code":"05743","GlobalID":"0f14cc05-4099-4772-b219-364a3b4bbb81","Category":"Residential"}},
{"type":"Feature","id":205365,"geometry":{"type":"Point","coordinates":[-73.2229933316629,43.7192509473977]},"properties":{"OBJECTID":205365,"ESITEID":130608,"PRIMARYNAME":"BURNS RD  ","ALIAS1":"","ALIAS2":"","ALIAS3":"","ALIAS4":"","ALIAS5":"","PRIMARYADDRESS":"45 BURNS RD","SITETYPE":"Single Family Dwelling","MAPYEAR":"Thu, 01 Jan 1998 00:00:00 GMT","SITETYPE_MULTI1":"","SITETYPE_MULTI2":"","SITETYPE_MULTI3":"","YearBuilt":null,"YearBuiltSrc":null,"YearBuiltNotes":"","ResUnitCnt":1,"NonResUnitCnt":0,"DateUpdate":"Fri, 27 Jan 2023 22:17:58 GMT","County":"Rutland County","Inc_Muni":"Hubbardton","AddNum_Pre":null,"Add_Number":45,"AddNum_Suf":"","St_PreMod":"","St_PreDir":"","St_PreTyp":"","St_PreSep":"","St_Name":"Burns","St_PosTyp":"Road","St_PosDir":"","St_PosMod":"","ESN":"328","Post_Comm":"Fair Haven","Post_Code":"05743","GlobalID":"f556ddc2-5afe-4fb9-a616-f89a40f7ea48","Category":"Residential"}},
{"type":"Feature","id":113563,"geometry":{"type":"Point","coordinates":[-73.2303926187262,43.7187986565938]},"properties":{"OBJECTID":113563,"ESITEID":130609,"PRIMARYNAME":"BURNS RD  ","ALIAS1":"","ALIAS2":"","ALIAS3":"","ALIAS4":"","ALIAS5":"","PRIMARYADDRESS":"487 BURNS RD","SITETYPE":"Camp","MAPYEAR":"Thu, 01 Jan 1998 00:00:00 GMT","SITETYPE_MULTI1":"","SITETYPE_MULTI2":"","SITETYPE_MULTI3":"","YearBuilt":null,"YearBuiltSrc":null,"YearBuiltNotes":"","ResUnitCnt":1,"NonResUnitCnt":0,"DateUpdate":"Fri, 27 Jan 2023 22:17:58 GMT","County":"Rutland County","Inc_Muni":"Hubbardton","AddNum_Pre":null,"Add_Number":487,"AddNum_Suf":"","St_PreMod":"","St_PreDir":"","St_PreTyp":"","St_PreSep":"","St_Name":"Burns","St_PosTyp":"Road","St_PosDir":"","St_PosMod":"","ESN":"328","Post_Comm":"Fair Haven","Post_Code":"05743","GlobalID":"55da39c0-64d4-4c17-89a8-f5a115424f78","Category":"Residential"}},
{"type":"Feature","id":345072,"geometry":{"type":"Point","coordinates":[-73.1285247013438,43.720203177751]},"properties":{"OBJECTID":345072,"ESITEID":130610,"PRIMARYNAME":"MONUMENT HILL RD","ALIAS1":"","ALIAS2":"","ALIAS3":"","ALIAS4":"","ALIAS5":"","PRIMARYADDRESS":"3797 MONUMENT HILL RD","SITETYPE":"Camp","MAPYEAR":"Thu, 01 Jan 1998 00:00:00 GMT","SITETYPE_MULTI1":"","SITETYPE_MULTI2":"","SITETYPE_MULTI3":"","YearBuilt":null,"YearBuiltSrc":null,"YearBuiltNotes":"","ResUnitCnt":1,"NonResUnitCnt":0,"DateUpdate":"Thu, 10 Aug 2023 16:27:12 GMT","County":"Rutland County","Inc_Muni":"Hubbardton","AddNum_Pre":null,"Add_Number":3797,"AddNum_Suf":"","St_PreMod":"","St_PreDir":"","St_PreTyp":"","St_PreSep":"","St_Name":"Monument Hill","St_PosTyp":"Road","St_PosDir":"","St_PosMod":"","ESN":"328","Post_Comm":"Castleton","Post_Code":"05735","GlobalID":"f944e49b-5bb8-440c-8a9c-e4e1d59bf710","Category":"Residential"}},
{"type":"Feature","id":17121,"geometry":{"type":"Point","coordinates":[-73.1912931883179,43.7189724769168]},"properties":{"OBJECTID":17121,"ESITEID":130611,"PRIMARYNAME":"HORTONIA RD  ","ALIAS1":"","ALIAS2":"","ALIAS3":"","ALIAS4":"","ALIAS5":"","PRIMARYADDRESS":"428 HORTONIA RD","SITETYPE":"Single Family Dwelling","MAPYEAR":"Thu, 01 Jan 1998 00:00:00 GMT","SITETYPE_MULTI1":"","SITETYPE_MULTI2":"","SITETYPE_MULTI3":"","YearBuilt":null,"YearBuiltSrc":null,"YearBuiltNotes":"","ResUnitCnt":1,"NonResUnitCnt":0,"DateUpdate":"Fri, 27 Jan 2023 22:17:59 GMT","County":"Rutland County","Inc_Muni":"Hubbardton","AddNum_Pre":null,"Add_Number":428,"AddNum_Suf":"","St_PreMod":"","St_PreDir":"","St_PreTyp":"","St_PreSep":"","St_Name":"Hortonia","St_PosTyp":"Road","St_PosDir":"","St_PosMod":"","ESN":"328","Post_Comm":"Bomoseen","Post_Code":"05732","GlobalID":"1a45c8db-ce54-485e-b58d-872ac80a5243","Category":"Residential"}},
{"type":"Feature","id":33723,"geometry":{"type":"Point","coordinates":[-73.1275723534614,43.7192225533704]},"properties":{"OBJECTID":33723,"ESITEID":130612,"PRIMARYNAME":"MONUMENT HILL RD","ALIAS1":"","ALIAS2":"","ALIAS3":"","ALIAS4":"","ALIAS5":"","PRIMARYADDRESS":"3831 MONUMENT HILL RD","SITETYPE":"Camp","MAPYEAR":"Thu, 01 Jan 1998 00:00:00 GMT","SITETYPE_MULTI1":"","SITETYPE_MULTI2":"","SITETYPE_MULTI3":"","YearBuilt":null,"YearBuiltSrc":null,"YearBuiltNotes":"","ResUnitCnt":1,"NonResUnitCnt":0,"DateUpdate":"Thu, 10 Aug 2023 16:27:12 GMT","County":"Rutland County","Inc_Muni":"Hubbardton","AddNum_Pre":null,"Add_Number":3831,"AddNum_Suf":"","St_PreMod":"","St_PreDir":"","St_PreTyp":"","St_PreSep":"","St_Name":"Monument Hill","St_PosTyp":"Road","St_PosDir":"","St_PosMod":"","ESN":"328","Post_Comm":"Castleton","Post_Code":"05735","GlobalID":"0a6f1a14-4722-4e3d-9dfe-f5ee9539abbd","Category":"Residential"}},
{"type":"Feature","id":144938,"geometry":{"type":"Point","coordinates":[-73.1846359461772,43.7189795328239]},"properties":{"OBJECTID":144938,"ESITEID":130613,"PRIMARYNAME":"VT ROUTE 30","ALIAS1":"","ALIAS2":"","ALIAS3":"","ALIAS4":"","ALIAS5":"","PRIMARYADDRESS":"2838 VT ROUTE 30","SITETYPE":"Single Family Dwelling","MAPYEAR":"Thu, 01 Jan 1998 00:00:00 GMT","SITETYPE_MULTI1":"","SITETYPE_MULTI2":"","SITETYPE_MULTI3":"","YearBuilt":null,"YearBuiltSrc":null,"YearBuiltNotes":"","ResUnitCnt":1,"NonResUnitCnt":0,"DateUpdate":"Thu, 13 Jun 2024 13:38:55 GMT","County":"Rutland County","Inc_Muni":"Hubbardton","AddNum_Pre":null,"Add_Number":2838,"AddNum_Suf":"","St_PreMod":"","St_PreDir":"","St_PreTyp":"Vermont Route","St_PreSep":"","St_Name":"30","St_PosTyp":"","St_PosDir":"","St_PosMod":"","ESN":"328","Post_Comm":"Bomoseen","Post_Code":"05732","GlobalID":"0af533d9-6c0b-4dc5-ae37-ec4397abf95e","Category":"Residential"}},
{"type":"Feature","id":294457,"geometry":{"type":"Point","coordinates":[-73.1948332280739,43.7185643039801]},"properties":{"OBJECTID":294457,"ESITEID":130614,"PRIMARYNAME":"HORTONIA RD  ","ALIAS1":"","ALIAS2":"","ALIAS3":"","ALIAS4":"","ALIAS5":"","PRIMARYADDRESS":"592 HORTONIA RD","SITETYPE":"Single Family Dwelling","MAPYEAR":"Thu, 01 Jan 1998 00:00:00 GMT","SITETYPE_MULTI1":"","SITETYPE_MULTI2":"","SITETYPE_MULTI3":"","YearBuilt":null,"YearBuiltSrc":null,"YearBuiltNotes":"","ResUnitCnt":1,"NonResUnitCnt":0,"DateUpdate":"Thu, 10 Aug 2023 15:51:05 GMT","County":"Rutland County","Inc_Muni":"Hubbardton","AddNum_Pre":null,"Add_Number":592,"AddNum_Suf":"","St_PreMod":"","St_PreDir":"","St_PreTyp":"","St_PreSep":"","St_Name":"Hortonia","St_PosTyp":"Road","St_PosDir":"","St_PosMod":"","ESN":"328","Post_Comm":"Fair Haven","Post_Code":"05743","GlobalID":"3cba6994-cf43-4e34-97d9-d6cf39e5e760","Category":"Residential"}},
{"type":"Feature","id":149448,"geometry":{"type":"Point","coordinates":[-73.1602827704352,43.7188044796574]},"properties":{"OBJECTID":149448,"ESITEID":130615,"PRIMARYNAME":"MONUMENT HILL RD","ALIAS1":"","ALIAS2":"","ALIAS3":"","ALIAS4":"","ALIAS5":"","PRIMARYADDRESS":"1809 MONUMENT HILL RD","SITETYPE":"Single Family Dwelling","MAPYEAR":"Thu, 01 Jan 1998 00:00:00 GMT","SITETYPE_MULTI1":"","SITETYPE_MULTI2":"","SITETYPE_MULTI3":"","YearBuilt":null,"YearBuiltSrc":null,"YearBuiltNotes":"","ResUnitCnt":1,"NonResUnitCnt":0,"DateUpdate":"Thu, 26 Feb 2026 15:03:37 GMT","County":"Rutland County","Inc_Muni":"Hubbardton","AddNum_Pre":null,"Add_Number":1809,"AddNum_Suf":"","St_PreMod":"","St_PreDir":"","St_PreTyp":"","St_PreSep":"","St_Name":"Monument Hill","St_PosTyp":"Road","St_PosDir":"","St_PosMod":"","ESN":"328","Post_Comm":"Castleton","Post_Code":"05735","GlobalID":"8013da15-bf71-40c4-8101-0415840c5bea","Category":"Residential"}},
{"type":"Feature","id":332047,"geometry":{"type":"Point","coordinates":[-73.1846504387576,43.718672564481]},"properties":{"OBJECTID":332047,"ESITEID":130616,"PRIMARYNAME":"VT ROUTE 30","ALIAS1":"","ALIAS2":"","ALIAS3":"","ALIAS4":"","ALIAS5":"","PRIMARYADDRESS":"2824 VT ROUTE 30","SITETYPE":"Single Family Dwelling","MAPYEAR":"Thu, 01 Jan 1998 00:00:00 GMT","SITETYPE_MULTI1":"","SITETYPE_MULTI2":"","SITETYPE_MULTI3":"","YearBuilt":null,"YearBuiltSrc":null,"YearBuiltNotes":"","ResUnitCnt":1,"NonResUnitCnt":0,"DateUpdate":"Thu, 13 Jun 2024 13:39:01 GMT","County":"Rutland County","Inc_Muni":"Hubbardton","AddNum_Pre":null,"Add_Number":2824,"AddNum_Suf":"","St_PreMod":"","St_PreDir":"","St_PreTyp":"Vermont Route","St_PreSep":"","St_Name":"30","St_PosTyp":"","St_PosDir":"","St_PosMod":"","ESN":"328","Post_Comm":"Bomoseen","Post_Code":"05732","GlobalID":"b4e4102e-6c83-4ec2-adf4-518aa3d31a58","Category":"Residential"}},
{"type":"Feature","id":205304,"geometry":{"type":"Point","coordinates":[-73.1929335074742,43.71836975448]},"properties":{"OBJECTID":205304,"ESITEID":130617,"PRIMARYNAME":"HORTONIA RD  ","ALIAS1":"","ALIAS2":"","ALIAS3":"","ALIAS4":"","ALIAS5":"","PRIMARYADDRESS":"492 HORTONIA RD","SITETYPE":"Single Family Dwelling","MAPYEAR":"Thu, 01 Jan 1998 00:00:00 GMT","SITETYPE_MULTI1":"","SITETYPE_MULTI2":"","SITETYPE_MULTI3":"","YearBuilt":null,"YearBuiltSrc":null,"YearBuiltNotes":"","ResUnitCnt":1,"NonResUnitCnt":0,"DateUpdate":"Fri, 27 Jan 2023 22:17:59 GMT","County":"Rutland County","Inc_Muni":"Hubbardton","AddNum_Pre":null,"Add_Number":492,"AddNum_Suf":"","St_PreMod":"","St_PreDir":"","St_PreTyp":"","St_PreSep":"","St_Name":"Hortonia","St_PosTyp":"Road","St_PosDir":"","St_PosMod":"","ESN":"328","Post_Comm":"Bomoseen","Post_Code":"05732","GlobalID":"fc18534e-04db-4b23-90a7-88259f943b01","Category":"Residential"}},
{"type":"Feature","id":46147,"geometry":{"type":"Point","coordinates":[-73.2172255088401,43.7180836502637]},"properties":{"OBJECTID":46147,"ESITEID":130618,"PRIMARYNAME":"HORTONIA RD  ","ALIAS1":"","ALIAS2":"","ALIAS3":"","ALIAS4":"","ALIAS5":"","PRIMARYADDRESS":"1855 HORTONIA RD","SITETYPE":"Single Family Dwelling","MAPYEAR":"Thu, 01 Jan 1998 00:00:00 GMT","SITETYPE_MULTI1":"","SITETYPE_MULTI2":"","SITETYPE_MULTI3":"","YearBuilt":null,"YearBuiltSrc":null,"YearBuiltNotes":"","ResUnitCnt":1,"NonResUnitCnt":0,"DateUpdate":"Fri, 27 Jan 2023 22:17:59 GMT","County":"Rutland County","Inc_Muni":"Hubbardton","AddNum_Pre":null,"Add_Number":1855,"AddNum_Suf":"","St_PreMod":"","St_PreDir":"","St_PreTyp":"","St_PreSep":"","St_Name":"Hortonia","St_PosTyp":"Road","St_PosDir":"","St_PosMod":"","ESN":"328","Post_Comm":"Fair Haven","Post_Code":"05743","GlobalID":"894769d7-186c-40ad-a16e-ab6dbddc616c","Category":"Residential"}},
{"type":"Feature","id":127569,"geometry":{"type":"Point","coordinates":[-73.1951386021968,43.7181919238657]},"properties":{"OBJECTID":127569,"ESITEID":130619,"PRIMARYNAME":"HORTONIA RD  ","ALIAS1":"","ALIAS2":"","ALIAS3":"","ALIAS4":"","ALIAS5":"","PRIMARYADDRESS":"593 HORTONIA RD","SITETYPE":"Single Family Dwelling","MAPYEAR":"Thu, 01 Jan 1998 00:00:00 GMT","SITETYPE_MULTI1":"","SITETYPE_MULTI2":"","SITETYPE_MULTI3":"","YearBuilt":null,"YearBuiltSrc":null,"YearBuiltNotes":"","ResUnitCnt":1,"NonResUnitCnt":0,"DateUpdate":"Fri, 27 Jan 2023 22:17:59 GMT","County":"Rutland County","Inc_Muni":"Hubbardton","AddNum_Pre":null,"Add_Number":593,"AddNum_Suf":"","St_PreMod":"","St_PreDir":"","St_PreTyp":"","St_PreSep":"","St_Name":"Hortonia","St_PosTyp":"Road","St_PosDir":"","St_PosMod":"","ESN":"328","Post_Comm":"Fair Haven","Post_Code":"05743","GlobalID":"56621ba7-439f-4a4d-b023-d6ae5d83b21f","Category":"Residential"}},
{"type":"Feature","id":64065,"geometry":{"type":"Point","coordinates":[-73.1574118013363,43.7184375884796]},"properties":{"OBJECTID":64065,"ESITEID":130620,"PRIMARYNAME":"MONUMENT HILL RD","ALIAS1":"","ALIAS2":"","ALIAS3":"","ALIAS4":"","ALIAS5":"","PRIMARYADDRESS":"1909 MONUMENT HILL RD","SITETYPE":"Single Family Dwelling","MAPYEAR":"Thu, 01 Jan 1998 00:00:00 GMT","SITETYPE_MULTI1":"","SITETYPE_MULTI2":"","SITETYPE_MULTI3":"","YearBuilt":null,"YearBuiltSrc":null,"YearBuiltNotes":"","ResUnitCnt":1,"NonResUnitCnt":0,"DateUpdate":"Thu, 26 Feb 2026 15:03:37 GMT","County":"Rutland County","Inc_Muni":"Hubbardton","AddNum_Pre":null,"Add_Number":1909,"AddNum_Suf":"","St_PreMod":"","St_PreDir":"","St_PreTyp":"","St_PreSep":"","St_Name":"Monument Hill","St_PosTyp":"Road","St_PosDir":"","St_PosMod":"","ESN":"328","Post_Comm":"Castleton","Post_Code":"05735","GlobalID":"2a9ffbe2-7601-4d66-8d0a-02c7f7affad9","Category":"Residential"}},
{"type":"Feature","id":288054,"geometry":{"type":"Point","coordinates":[-73.188493198013,43.717915805544]},"properties":{"OBJECTID":288054,"ESITEID":130621,"PRIMARYNAME":"OLD TI RD","ALIAS1":"","ALIAS2":"","ALIAS3":"","ALIAS4":"","ALIAS5":"","PRIMARYADDRESS":"330 OLD TI RD","SITETYPE":"Single Family Dwelling","MAPYEAR":"Thu, 01 Jan 1998 00:00:00 GMT","SITETYPE_MULTI1":"","SITETYPE_MULTI2":"","SITETYPE_MULTI3":"","YearBuilt":null,"YearBuiltSrc":null,"YearBuiltNotes":"","ResUnitCnt":1,"NonResUnitCnt":0,"DateUpdate":"Fri, 27 Jan 2023 21:21:49 GMT","County":"Rutland County","Inc_Muni":"Hubbardton","AddNum_Pre":null,"Add_Number":330,"AddNum_Suf":"","St_PreMod":"Old","St_PreDir":"","St_PreTyp":"","St_PreSep":"","St_Name":"Ti","St_PosTyp":"Road","St_PosDir":"","St_PosMod":"","ESN":"328","Post_Comm":"Bomoseen","Post_Code":"05732","GlobalID":"dd8c564e-30c4-452e-8196-9bcbb09146c0","Category":"Residential"}},
{"type":"Feature","id":351307,"geometry":{"type":"Point","coordinates":[-73.2151497808107,43.7173688159868]},"properties":{"OBJECTID":351307,"ESITEID":130622,"PRIMARYNAME":"HORTONIA RD  ","ALIAS1":"","ALIAS2":"","ALIAS3":"","ALIAS4":"","ALIAS5":"","PRIMARYADDRESS":"1761 HORTONIA RD","SITETYPE":"Camp","MAPYEAR":"Thu, 01 Jan 1998 00:00:00 GMT","SITETYPE_MULTI1":"","SITETYPE_MULTI2":"","SITETYPE_MULTI3":"","YearBuilt":null,"YearBuiltSrc":null,"YearBuiltNotes":"","ResUnitCnt":1,"NonResUnitCnt":0,"DateUpdate":"Thu, 10 Mar 2016 10:02:19 GMT","County":"Rutland County","Inc_Muni":"Hubbardton","AddNum_Pre":null,"Add_Number":1761,"AddNum_Suf":"","St_PreMod":"","St_PreDir":"","St_PreTyp":"","St_PreSep":"","St_Name":"Hortonia","St_PosTyp":"Road","St_PosDir":"","St_PosMod":"","ESN":"328","Post_Comm":"Fair Haven","Post_Code":"05743","GlobalID":"c790b962-ec28-452a-8b99-254ff8da6ddf","Category":"Residential"}},
{"type":"Feature","id":32297,"geometry":{"type":"Point","coordinates":[-73.2114424246759,43.7176068131468]},"properties":{"OBJECTID":32297,"ESITEID":130623,"PRIMARYNAME":"HORTONIA RD  ","ALIAS1":"","ALIAS2":"","ALIAS3":"","ALIAS4":"","ALIAS5":"","PRIMARYADDRESS":"1494 HORTONIA RD","SITETYPE":"Single Family Dwelling","MAPYEAR":"Thu, 01 Jan 1998 00:00:00 GMT","SITETYPE_MULTI1":"","SITETYPE_MULTI2":"","SITETYPE_MULTI3":"","YearBuilt":null,"YearBuiltSrc":null,"YearBuiltNotes":"","ResUnitCnt":1,"NonResUnitCnt":0,"DateUpdate":"Thu, 10 Aug 2023 15:51:06 GMT","County":"Rutland County","Inc_Muni":"Hubbardton","AddNum_Pre":null,"Add_Number":1494,"AddNum_Suf":"","St_PreMod":"","St_PreDir":"","St_PreTyp":"","St_PreSep":"","St_Name":"Hortonia","St_PosTyp":"Road","St_PosDir":"","St_PosMod":"","ESN":"328","Post_Comm":"Fair Haven","Post_Code":"05743","GlobalID":"927fd609-23e9-4665-867d-b52d12927812","Category":"Residential"}},
{"type":"Feature","id":265267,"geometry":{"type":"Point","coordinates":[-73.2109770329534,43.7175877393386]},"properties":{"OBJECTID":265267,"ESITEID":130624,"PRIMARYNAME":"HORTONIA RD  ","ALIAS1":"","ALIAS2":"","ALIAS3":"","ALIAS4":"","ALIAS5":"","PRIMARYADDRESS":"1474 HORTONIA RD","SITETYPE":"Single Family Dwelling","MAPYEAR":"Thu, 01 Jan 1998 00:00:00 GMT","SITETYPE_MULTI1":"","SITETYPE_MULTI2":"","SITETYPE_MULTI3":"","YearBuilt":null,"YearBuiltSrc":null,"YearBuiltNotes":"","ResUnitCnt":1,"NonResUnitCnt":0,"DateUpdate":"Thu, 10 Aug 2023 15:51:06 GMT","County":"Rutland County","Inc_Muni":"Hubbardton","AddNum_Pre":null,"Add_Number":1474,"AddNum_Suf":"","St_PreMod":"","St_PreDir":"","St_PreTyp":"","St_PreSep":"","St_Name":"Hortonia","St_PosTyp":"Road","St_PosDir":"","St_PosMod":"","ESN":"328","Post_Comm":"Fair Haven","Post_Code":"05743","GlobalID":"ff0c466d-a8ad-44cc-b4e1-5b2915cfcb08","Category":"Residential"}},
{"type":"Feature","id":266120,"geometry":{"type":"Point","coordinates":[-73.211686565966,43.7173931894166]},"properties":{"OBJECTID":266120,"ESITEID":130625,"PRIMARYNAME":"HORTONIA RD  ","ALIAS1":"","ALIAS2":"","ALIAS3":"","ALIAS4":"","ALIAS5":"","PRIMARYADDRESS":"1508 HORTONIA RD","SITETYPE":"Multi-Family Complex","MAPYEAR":"Thu, 01 Jan 1998 00:00:00 GMT","SITETYPE_MULTI1":"","SITETYPE_MULTI2":"","SITETYPE_MULTI3":"","YearBuilt":null,"YearBuiltSrc":null,"YearBuiltNotes":"","ResUnitCnt":1,"NonResUnitCnt":0,"DateUpdate":"Thu, 10 Aug 2023 15:51:06 GMT","County":"Rutland County","Inc_Muni":"Hubbardton","AddNum_Pre":null,"Add_Number":1508,"AddNum_Suf":"","St_PreMod":"","St_PreDir":"","St_PreTyp":"","St_PreSep":"","St_Name":"Hortonia","St_PosTyp":"Road","St_PosDir":"","St_PosMod":"","ESN":"328","Post_Comm":"Fair Haven","Post_Code":"05743","GlobalID":"b49107e9-b125-46d9-8cc6-b85554b24a85","Category":"Residential"}},
{"type":"Feature","id":295343,"geometry":{"type":"Point","coordinates":[-73.1582411294651,43.7177180234214]},"properties":{"OBJECTID":295343,"ESITEID":130626,"PRIMARYNAME":"MONUMENT HILL RD","ALIAS1":"","ALIAS2":"","ALIAS3":"","ALIAS4":"","ALIAS5":"","PRIMARYADDRESS":"1859 MONUMENT HILL RD","SITETYPE":"Single Family Dwelling","MAPYEAR":"Thu, 01 Jan 1998 00:00:00 GMT","SITETYPE_MULTI1":"","SITETYPE_MULTI2":"","SITETYPE_MULTI3":"","YearBuilt":null,"YearBuiltSrc":null,"YearBuiltNotes":"","ResUnitCnt":1,"NonResUnitCnt":0,"DateUpdate":"Thu, 26 Feb 2026 15:03:37 GMT","County":"Rutland County","Inc_Muni":"Hubbardton","AddNum_Pre":null,"Add_Number":1859,"AddNum_Suf":"","St_PreMod":"","St_PreDir":"","St_PreTyp":"","St_PreSep":"","St_Name":"Monument Hill","St_PosTyp":"Road","St_PosDir":"","St_PosMod":"","ESN":"328","Post_Comm":"Castleton","Post_Code":"05735","GlobalID":"57c165e7-dcb8-49e9-8ff5-6c2cf8b41bda","Category":"Residential"}},
{"type":"Feature","id":62343,"geometry":{"type":"Point","coordinates":[-73.2101835742809,43.7173245267635]},"properties":{"OBJECTID":62343,"ESITEID":130627,"PRIMARYNAME":"HORTONIA RD  ","ALIAS1":"","ALIAS2":"","ALIAS3":"","ALIAS4":"","ALIAS5":"","PRIMARYADDRESS":"1438 HORTONIA RD","SITETYPE":"Single Family Dwelling","MAPYEAR":"Thu, 01 Jan 1998 00:00:00 GMT","SITETYPE_MULTI1":"","SITETYPE_MULTI2":"","SITETYPE_MULTI3":"","YearBuilt":null,"YearBuiltSrc":null,"YearBuiltNotes":"","ResUnitCnt":1,"NonResUnitCnt":0,"DateUpdate":"Thu, 10 Aug 2023 15:51:06 GMT","County":"Rutland County","Inc_Muni":"Hubbardton","AddNum_Pre":null,"Add_Number":1438,"AddNum_Suf":"","St_PreMod":"","St_PreDir":"","St_PreTyp":"","St_PreSep":"","St_Name":"Hortonia","St_PosTyp":"Road","St_PosDir":"","St_PosMod":"","ESN":"328","Post_Comm":"Fair Haven","Post_Code":"05743","GlobalID":"0de0469b-7cb5-4350-a870-32f0e01bf9f8","Category":"Residential"}},
{"type":"Feature","id":183455,"geometry":{"type":"Point","coordinates":[-73.2023342672,43.7175390490235]},"properties":{"OBJECTID":183455,"ESITEID":130628,"PRIMARYNAME":"HORTONIA RD  ","ALIAS1":"","ALIAS2":"","ALIAS3":"","ALIAS4":"","ALIAS5":"","PRIMARYADDRESS":"1030 HORTONIA RD","SITETYPE":"Single Family Dwelling","MAPYEAR":"Thu, 01 Jan 1998 00:00:00 GMT","SITETYPE_MULTI1":"","SITETYPE_MULTI2":"","SITETYPE_MULTI3":"","YearBuilt":null,"YearBuiltSrc":null,"YearBuiltNotes":"","ResUnitCnt":1,"NonResUnitCnt":0,"DateUpdate":"Thu, 10 Aug 2023 15:51:06 GMT","County":"Rutland County","Inc_Muni":"Hubbardton","AddNum_Pre":null,"Add_Number":1030,"AddNum_Suf":"","St_PreMod":"","St_PreDir":" ","St_PreTyp":"","St_PreSep":"","St_Name":"Hortonia","St_PosTyp":"Road","St_PosDir":" ","St_PosMod":"","ESN":"328","Post_Comm":"Fair Haven","Post_Code":"05743","GlobalID":"fbea788a-1c4f-4fff-98a1-15aec7aa44c2","Category":"Residential"}},
{"type":"Feature","id":193546,"geometry":{"type":"Point","coordinates":[-73.19049889539,43.7173917170591]},"properties":{"OBJECTID":193546,"ESITEID":130629,"PRIMARYNAME":"OLD TI RD","ALIAS1":"","ALIAS2":"","ALIAS3":"","ALIAS4":"","ALIAS5":"","PRIMARYADDRESS":"173 OLD TI RD","SITETYPE":"Single Family Dwelling","MAPYEAR":"Thu, 01 Jan 1998 00:00:00 GMT","SITETYPE_MULTI1":"","SITETYPE_MULTI2":"","SITETYPE_MULTI3":"","YearBuilt":null,"YearBuiltSrc":null,"YearBuiltNotes":"","ResUnitCnt":1,"NonResUnitCnt":0,"DateUpdate":"Fri, 06 Dec 2024 11:19:30 GMT","County":"Rutland County","Inc_Muni":"Hubbardton","AddNum_Pre":null,"Add_Number":173,"AddNum_Suf":"","St_PreMod":"Old","St_PreDir":"","St_PreTyp":"","St_PreSep":"","St_Name":"Ti","St_PosTyp":"Road","St_PosDir":"","St_PosMod":"","ESN":"328","Post_Comm":"Bomoseen","Post_Code":"05732","GlobalID":"ac46462c-3e9b-4c1d-afd0-3b772d2d8c28","Category":"Residential"}},
{"type":"Feature","id":322637,"geometry":{"type":"Point","coordinates":[-73.1587004047122,43.7175038190629]},"properties":{"OBJECTID":322637,"ESITEID":130630,"PRIMARYNAME":"MONUMENT HILL RD","ALIAS1":"","ALIAS2":"","ALIAS3":"","ALIAS4":"","ALIAS5":"","PRIMARYADDRESS":"1831 MONUMENT HILL RD","SITETYPE":"City \/ Town Office","MAPYEAR":"Thu, 01 Jan 1998 00:00:00 GMT","SITETYPE_MULTI1":"","SITETYPE_MULTI2":"","SITETYPE_MULTI3":"","YearBuilt":null,"YearBuiltSrc":null,"YearBuiltNotes":"","ResUnitCnt":1,"NonResUnitCnt":0,"DateUpdate":"Thu, 26 Feb 2026 15:03:37 GMT","County":"Rutland County","Inc_Muni":"Hubbardton","AddNum_Pre":null,"Add_Number":1831,"AddNum_Suf":"","St_PreMod":"","St_PreDir":"","St_PreTyp":"","St_PreSep":"","St_Name":"Monument Hill","St_PosTyp":"Road","St_PosDir":"","St_PosMod":"","ESN":"328","Post_Comm":"Castleton","Post_Code":"05735","GlobalID":"91fbb258-0933-413d-a445-eb42b276519e","Category":"Government"}},
{"type":"Feature","id":131054,"geometry":{"type":"Point","coordinates":[-73.2115105104674,43.7170081748818]},"properties":{"OBJECTID":131054,"ESITEID":130631,"PRIMARYNAME":"HORTONIA RD  ","ALIAS1":"","ALIAS2":"","ALIAS3":"","ALIAS4":"","ALIAS5":"","PRIMARYADDRESS":"1511 HORTONIA RD","SITETYPE":"Residential Other","MAPYEAR":"Thu, 01 Jan 1998 00:00:00 GMT","SITETYPE_MULTI1":"","SITETYPE_MULTI2":"","SITETYPE_MULTI3":"","YearBuilt":null,"YearBuiltSrc":null,"YearBuiltNotes":"","ResUnitCnt":1,"NonResUnitCnt":0,"DateUpdate":"Tue, 18 Apr 2017 15:43:03 GMT","County":"Rutland County","Inc_Muni":"Hubbardton","AddNum_Pre":null,"Add_Number":1511,"AddNum_Suf":"","St_PreMod":"","St_PreDir":"","St_PreTyp":"","St_PreSep":"","St_Name":"Hortonia","St_PosTyp":"Road","St_PosDir":"","St_PosMod":"","ESN":"328","Post_Comm":"Fair Haven","Post_Code":"05743","GlobalID":"c312eeb1-34cc-4ead-8743-ea4281058b5a","Category":"Residential"}},
{"type":"Feature","id":158035,"geometry":{"type":"Point","coordinates":[-73.1997236712625,43.7170841990633]},"properties":{"OBJECTID":158035,"ESITEID":130632,"PRIMARYNAME":"HORTONIA RD  ","ALIAS1":"","ALIAS2":"","ALIAS3":"","ALIAS4":"","ALIAS5":"","PRIMARYADDRESS":"820 HORTONIA RD","SITETYPE":"Camp","MAPYEAR":"Thu, 01 Jan 1998 00:00:00 GMT","SITETYPE_MULTI1":"","SITETYPE_MULTI2":"","SITETYPE_MULTI3":"","YearBuilt":null,"YearBuiltSrc":null,"YearBuiltNotes":"","ResUnitCnt":1,"NonResUnitCnt":0,"DateUpdate":"Thu, 10 Aug 2023 15:51:06 GMT","County":"Rutland County","Inc_Muni":"Hubbardton","AddNum_Pre":null,"Add_Number":820,"AddNum_Suf":"","St_PreMod":"","St_PreDir":" ","St_PreTyp":"","St_PreSep":"","St_Name":"Hortonia","St_PosTyp":"Road","St_PosDir":" ","St_PosMod":"","ESN":"328","Post_Comm":"Fair Haven","Post_Code":"05743","GlobalID":"3e66a90a-5a82-476a-84c7-fb78cd592031","Category":"Residential"}},
{"type":"Feature","id":116977,"geometry":{"type":"Point","coordinates":[-73.186323081972,43.717158275514]},"properties":{"OBJECTID":116977,"ESITEID":130633,"PRIMARYNAME":"VT ROUTE 30","ALIAS1":"","ALIAS2":"","ALIAS3":"","ALIAS4":"","ALIAS5":"","PRIMARYADDRESS":"2839 VT ROUTE 30","SITETYPE":"Single Family Dwelling","MAPYEAR":"Thu, 01 Jan 1998 00:00:00 GMT","SITETYPE_MULTI1":"","SITETYPE_MULTI2":"","SITETYPE_MULTI3":"","YearBuilt":null,"YearBuiltSrc":null,"YearBuiltNotes":"","ResUnitCnt":1,"NonResUnitCnt":0,"DateUpdate":"Thu, 13 Jun 2024 13:39:07 GMT","County":"Rutland County","Inc_Muni":"Hubbardton","AddNum_Pre":null,"Add_Number":2839,"AddNum_Suf":"","St_PreMod":"","St_PreDir":"","St_PreTyp":"Vermont Route","St_PreSep":"","St_Name":"30","St_PosTyp":"","St_PosDir":"","St_PosMod":"","ESN":"328","Post_Comm":"Bomoseen","Post_Code":"05732","GlobalID":"b90a15d9-ed48-4655-bfdc-daabdbc8f46c","Category":"Residential"}},
{"type":"Feature","id":82363,"geometry":{"type":"Point","coordinates":[-73.207141368276,43.7170686261256]},"properties":{"OBJECTID":82363,"ESITEID":130634,"PRIMARYNAME":"HORTONIA RD  ","ALIAS1":"","ALIAS2":"","ALIAS3":"","ALIAS4":"","ALIAS5":"","PRIMARYADDRESS":"1250 HORTONIA RD","SITETYPE":"Single Family Dwelling","MAPYEAR":"Thu, 01 Jan 1998 00:00:00 GMT","SITETYPE_MULTI1":"","SITETYPE_MULTI2":"","SITETYPE_MULTI3":"","YearBuilt":null,"YearBuiltSrc":null,"YearBuiltNotes":"","ResUnitCnt":1,"NonResUnitCnt":0,"DateUpdate":"Thu, 10 Aug 2023 15:51:06 GMT","County":"Rutland County","Inc_Muni":"Hubbardton","AddNum_Pre":null,"Add_Number":1250,"AddNum_Suf":"","St_PreMod":"","St_PreDir":" ","St_PreTyp":"","St_PreSep":"","St_Name":"Hortonia","St_PosTyp":"Road","St_PosDir":" ","St_PosMod":"","ESN":"328","Post_Comm":"Fair Haven","Post_Code":"05743","GlobalID":"a8831414-1e7a-4728-92ed-c27f91f4a11f","Category":"Residential"}},
{"type":"Feature","id":155858,"geometry":{"type":"Point","coordinates":[-73.2083448892459,43.7169850184372]},"properties":{"OBJECTID":155858,"ESITEID":130635,"PRIMARYNAME":"HORTONIA RD","ALIAS1":"","ALIAS2":"","ALIAS3":"","ALIAS4":"","ALIAS5":"","PRIMARYADDRESS":"1382 HORTONIA RD","SITETYPE":"Single Family Dwelling","MAPYEAR":"Thu, 01 Jan 1998 00:00:00 GMT","SITETYPE_MULTI1":"","SITETYPE_MULTI2":"","SITETYPE_MULTI3":"","YearBuilt":null,"YearBuiltSrc":null,"YearBuiltNotes":"","ResUnitCnt":1,"NonResUnitCnt":0,"DateUpdate":"Thu, 10 Aug 2023 15:51:06 GMT","County":"Rutland County","Inc_Muni":"Hubbardton","AddNum_Pre":null,"Add_Number":1382,"AddNum_Suf":"","St_PreMod":"","St_PreDir":"","St_PreTyp":"","St_PreSep":"","St_Name":"Hortonia","St_PosTyp":"Road","St_PosDir":"","St_PosMod":"","ESN":"328","Post_Comm":"Fair Haven","Post_Code":"05743","GlobalID":"a1ff88bc-e45f-4798-845a-1695cd422150","Category":"Residential"}},
{"type":"Feature","id":259863,"geometry":{"type":"Point","coordinates":[-73.2136390006841,43.7169004793039]},"properties":{"OBJECTID":259863,"ESITEID":130636,"PRIMARYNAME":"HORTONIA RD  ","ALIAS1":"","ALIAS2":"","ALIAS3":"","ALIAS4":"","ALIAS5":"","PRIMARYADDRESS":"1620 HORTONIA RD","SITETYPE":"Single Family Dwelling","MAPYEAR":"Thu, 01 Jan 1998 00:00:00 GMT","SITETYPE_MULTI1":"","SITETYPE_MULTI2":"","SITETYPE_MULTI3":"","YearBuilt":null,"YearBuiltSrc":null,"YearBuiltNotes":"","ResUnitCnt":1,"NonResUnitCnt":0,"DateUpdate":"Thu, 10 Aug 2023 15:51:06 GMT","County":"Rutland County","Inc_Muni":"Hubbardton","AddNum_Pre":null,"Add_Number":1620,"AddNum_Suf":"","St_PreMod":"","St_PreDir":"","St_PreTyp":"","St_PreSep":"","St_Name":"Hortonia","St_PosTyp":"Road","St_PosDir":"","St_PosMod":"","ESN":"328","Post_Comm":"Fair Haven","Post_Code":"05743","GlobalID":"618844a8-0633-4caf-a266-44cd3fd4311c","Category":"Residential"}},
{"type":"Feature","id":206720,"geometry":{"type":"Point","coordinates":[-73.2077192787463,43.7169201685168]},"properties":{"OBJECTID":206720,"ESITEID":130637,"PRIMARYNAME":"HORTONIA RD  ","ALIAS1":"","ALIAS2":"","ALIAS3":"","ALIAS4":"","ALIAS5":"","PRIMARYADDRESS":"1258 HORTONIA RD","SITETYPE":"Single Family Dwelling","MAPYEAR":"Thu, 01 Jan 1998 00:00:00 GMT","SITETYPE_MULTI1":"","SITETYPE_MULTI2":"","SITETYPE_MULTI3":"","YearBuilt":null,"YearBuiltSrc":null,"YearBuiltNotes":"","ResUnitCnt":1,"NonResUnitCnt":0,"DateUpdate":"Thu, 10 Aug 2023 15:51:06 GMT","County":"Rutland County","Inc_Muni":"Hubbardton","AddNum_Pre":null,"Add_Number":1258,"AddNum_Suf":"","St_PreMod":"","St_PreDir":" ","St_PreTyp":"","St_PreSep":"","St_Name":"Hortonia","St_PosTyp":"Road","St_PosDir":" ","St_PosMod":"","ESN":"328","Post_Comm":"Fair Haven","Post_Code":"05743","GlobalID":"5f7ba357-e81c-47f9-98d4-92fff09493f5","Category":"Residential"}},
{"type":"Feature","id":345665,"geometry":{"type":"Point","coordinates":[-73.2010543628654,43.7171648552109]},"properties":{"OBJECTID":345665,"ESITEID":130638,"PRIMARYNAME":"HORTONIA RD  ","ALIAS1":"","ALIAS2":"","ALIAS3":"","ALIAS4":"","ALIAS5":"","PRIMARYADDRESS":"910 HORTONIA RD","SITETYPE":"Camp","MAPYEAR":"Thu, 01 Jan 1998 00:00:00 GMT","SITETYPE_MULTI1":"","SITETYPE_MULTI2":"","SITETYPE_MULTI3":"","YearBuilt":null,"YearBuiltSrc":null,"YearBuiltNotes":"","ResUnitCnt":1,"NonResUnitCnt":0,"DateUpdate":"Fri, 18 Apr 2025 09:33:32 GMT","County":"Rutland County","Inc_Muni":"Hubbardton","AddNum_Pre":"","Add_Number":910,"AddNum_Suf":"","St_PreMod":"","St_PreDir":" ","St_PreTyp":"","St_PreSep":"","St_Name":"Hortonia","St_PosTyp":"Road","St_PosDir":" ","St_PosMod":"","ESN":"328","Post_Comm":"Fair Haven","Post_Code":"05743","GlobalID":"722412c7-be1f-4601-9857-603ffd31c9f3","Category":"Residential"}},
{"type":"Feature","id":267709,"geometry":{"type":"Point","coordinates":[-73.1979445316987,43.7168414270141]},"properties":{"OBJECTID":267709,"ESITEID":130639,"PRIMARYNAME":"TWO PONDS RD","ALIAS1":"","ALIAS2":"","ALIAS3":"","ALIAS4":"","ALIAS5":"","PRIMARYADDRESS":"73 TWO PONDS RD","SITETYPE":"Single Family Dwelling","MAPYEAR":"Thu, 01 Jan 1998 00:00:00 GMT","SITETYPE_MULTI1":"","SITETYPE_MULTI2":"","SITETYPE_MULTI3":"","YearBuilt":null,"YearBuiltSrc":null,"YearBuiltNotes":"","ResUnitCnt":1,"NonResUnitCnt":0,"DateUpdate":"Fri, 27 Jan 2023 21:21:49 GMT","County":"Rutland County","Inc_Muni":"Hubbardton","AddNum_Pre":null,"Add_Number":73,"AddNum_Suf":"","St_PreMod":"","St_PreDir":" ","St_PreTyp":"","St_PreSep":"","St_Name":"Two Ponds","St_PosTyp":"Road","St_PosDir":" ","St_PosMod":"","ESN":"328","Post_Comm":"Fair Haven","Post_Code":"05743","GlobalID":"3aea96ef-5f2f-49f7-8fbe-b50494adcecf","Category":"Residential"}},
{"type":"Feature","id":25053,"geometry":{"type":"Point","coordinates":[-73.1602851479452,43.7169014540346]},"properties":{"OBJECTID":25053,"ESITEID":130640,"PRIMARYNAME":"MONUMENT HILL RD","ALIAS1":"","ALIAS2":"","ALIAS3":"","ALIAS4":"","ALIAS5":"","PRIMARYADDRESS":"1755 MONUMENT HILL RD","SITETYPE":"Single Family Dwelling","MAPYEAR":"Thu, 01 Jan 1998 00:00:00 GMT","SITETYPE_MULTI1":"","SITETYPE_MULTI2":"","SITETYPE_MULTI3":"","YearBuilt":null,"YearBuiltSrc":null,"YearBuiltNotes":"","ResUnitCnt":1,"NonResUnitCnt":0,"DateUpdate":"Thu, 26 Feb 2026 15:03:37 GMT","County":"Rutland County","Inc_Muni":"Hubbardton","AddNum_Pre":null,"Add_Number":1755,"AddNum_Suf":"","St_PreMod":"","St_PreDir":"","St_PreTyp":"","St_PreSep":"","St_Name":"Monument Hill","St_PosTyp":"Road","St_PosDir":"","St_PosMod":"","ESN":"328","Post_Comm":"Castleton","Post_Code":"05735","GlobalID":"d428b115-d7f3-4334-b001-ae6b700c534d","Category":"Residential"}},
{"type":"Feature","id":132757,"geometry":{"type":"Point","coordinates":[-73.2128538633204,43.7162411507927]},"properties":{"OBJECTID":132757,"ESITEID":130641,"PRIMARYNAME":"HORTONIA RD  ","ALIAS1":"","ALIAS2":"","ALIAS3":"","ALIAS4":"","ALIAS5":"","PRIMARYADDRESS":"1587 HORTONIA RD","SITETYPE":"Single Family Dwelling","MAPYEAR":"Thu, 01 Jan 1998 00:00:00 GMT","SITETYPE_MULTI1":"","SITETYPE_MULTI2":"","SITETYPE_MULTI3":"","YearBuilt":null,"YearBuiltSrc":null,"YearBuiltNotes":"","ResUnitCnt":1,"NonResUnitCnt":0,"DateUpdate":"Fri, 27 Jan 2023 22:17:59 GMT","County":"Rutland County","Inc_Muni":"Hubbardton","AddNum_Pre":null,"Add_Number":1587,"AddNum_Suf":"","St_PreMod":"","St_PreDir":"","St_PreTyp":"","St_PreSep":"","St_Name":"Hortonia","St_PosTyp":"Road","St_PosDir":"","St_PosMod":"","ESN":"328","Post_Comm":"Fair Haven","Post_Code":"05743","GlobalID":"745e872e-0fb3-48b0-a4bf-530c9924814a","Category":"Residential"}},
{"type":"Feature","id":71558,"geometry":{"type":"Point","coordinates":[-73.187521330479,43.7164031129996]},"properties":{"OBJECTID":71558,"ESITEID":130642,"PRIMARYNAME":"HORTONIA RD  ","ALIAS1":"","ALIAS2":"","ALIAS3":"","ALIAS4":"","ALIAS5":"","PRIMARYADDRESS":"68 HORTONIA RD","SITETYPE":"Single Family Dwelling","MAPYEAR":"Thu, 01 Jan 1998 00:00:00 GMT","SITETYPE_MULTI1":"","SITETYPE_MULTI2":"","SITETYPE_MULTI3":"","YearBuilt":null,"YearBuiltSrc":null,"YearBuiltNotes":"","ResUnitCnt":1,"NonResUnitCnt":0,"DateUpdate":"Thu, 13 Jun 2024 13:35:22 GMT","County":"Rutland County","Inc_Muni":"Hubbardton","AddNum_Pre":null,"Add_Number":68,"AddNum_Suf":"","St_PreMod":"","St_PreDir":"","St_PreTyp":"","St_PreSep":"","St_Name":"Hortonia","St_PosTyp":"Road","St_PosDir":"","St_PosMod":"","ESN":"328","Post_Comm":"Bomoseen","Post_Code":"05732","GlobalID":"5665cce3-9d1a-4214-8ab7-59e7d1577c38","Category":"Residential"}},
{"type":"Feature","id":41814,"geometry":{"type":"Point","coordinates":[-73.2164246319658,43.7162265680793]},"properties":{"OBJECTID":41814,"ESITEID":130643,"PRIMARYNAME":"MURPHY DR","ALIAS1":"","ALIAS2":"","ALIAS3":"","ALIAS4":"","ALIAS5":"","PRIMARYADDRESS":"24 MURPHY DR","SITETYPE":"Camp","MAPYEAR":"Thu, 01 Jan 1998 00:00:00 GMT","SITETYPE_MULTI1":"","SITETYPE_MULTI2":"","SITETYPE_MULTI3":"","YearBuilt":null,"YearBuiltSrc":null,"YearBuiltNotes":"","ResUnitCnt":1,"NonResUnitCnt":0,"DateUpdate":"Thu, 10 Mar 2016 10:01:04 GMT","County":"Rutland County","Inc_Muni":"Hubbardton","AddNum_Pre":null,"Add_Number":24,"AddNum_Suf":"","St_PreMod":"","St_PreDir":" ","St_PreTyp":"","St_PreSep":"","St_Name":"Murphy","St_PosTyp":"Drive","St_PosDir":" ","St_PosMod":"","ESN":"328","Post_Comm":"Fair Haven","Post_Code":"05743","GlobalID":"18b8599f-42de-4700-a072-09f33a3626df","Category":"Residential"}},
{"type":"Feature","id":284459,"geometry":{"type":"Point","coordinates":[-73.1982156977629,43.7163615448015]},"properties":{"OBJECTID":284459,"ESITEID":130644,"PRIMARYNAME":"TWO PONDS RD","ALIAS1":"","ALIAS2":"","ALIAS3":"","ALIAS4":"","ALIAS5":"","PRIMARYADDRESS":"105 TWO PONDS RD","SITETYPE":"Single Family Dwelling","MAPYEAR":"Thu, 01 Jan 1998 00:00:00 GMT","SITETYPE_MULTI1":"","SITETYPE_MULTI2":"","SITETYPE_MULTI3":"","YearBuilt":null,"YearBuiltSrc":null,"YearBuiltNotes":"","ResUnitCnt":1,"NonResUnitCnt":0,"DateUpdate":"Fri, 27 Jan 2023 21:21:49 GMT","County":"Rutland County","Inc_Muni":"Hubbardton","AddNum_Pre":null,"Add_Number":105,"AddNum_Suf":"","St_PreMod":"","St_PreDir":" ","St_PreTyp":"","St_PreSep":"","St_Name":"Two Ponds","St_PosTyp":"Road","St_PosDir":" ","St_PosMod":"","ESN":"328","Post_Comm":"Fair Haven","Post_Code":"05743","GlobalID":"feff9564-827c-418b-9e4c-ec4ba83e9e38","Category":"Residential"}},
{"type":"Feature","id":301452,"geometry":{"type":"Point","coordinates":[-73.191026159108,43.7163098171832]},"properties":{"OBJECTID":301452,"ESITEID":130645,"PRIMARYNAME":"HORTONIA RD  ","ALIAS1":"","ALIAS2":"","ALIAS3":"","ALIAS4":"","ALIAS5":"","PRIMARYADDRESS":"319 HORTONIA RD","SITETYPE":"Single Family Dwelling","MAPYEAR":"Thu, 01 Jan 1998 00:00:00 GMT","SITETYPE_MULTI1":"","SITETYPE_MULTI2":"","SITETYPE_MULTI3":"","YearBuilt":null,"YearBuiltSrc":null,"YearBuiltNotes":"","ResUnitCnt":1,"NonResUnitCnt":0,"DateUpdate":"Fri, 27 Jan 2023 22:17:59 GMT","County":"Rutland County","Inc_Muni":"Hubbardton","AddNum_Pre":null,"Add_Number":319,"AddNum_Suf":"","St_PreMod":"","St_PreDir":"","St_PreTyp":"","St_PreSep":"","St_Name":"Hortonia","St_PosTyp":"Road","St_PosDir":"","St_PosMod":"","ESN":"328","Post_Comm":"Bomoseen","Post_Code":"05732","GlobalID":"7260a914-cc21-4f41-9ca9-768b4fc7acb1","Category":"Residential"}},
{"type":"Feature","id":215514,"geometry":{"type":"Point","coordinates":[-73.1262144308154,43.7166302526981]},"properties":{"OBJECTID":215514,"ESITEID":130646,"PRIMARYNAME":"MONUMENT HILL RD","ALIAS1":"","ALIAS2":"","ALIAS3":"","ALIAS4":"","ALIAS5":"","PRIMARYADDRESS":"4025 MONUMENT HILL RD","SITETYPE":"Camp","MAPYEAR":"Thu, 01 Jan 1998 00:00:00 GMT","SITETYPE_MULTI1":"","SITETYPE_MULTI2":"","SITETYPE_MULTI3":"","YearBuilt":null,"YearBuiltSrc":null,"YearBuiltNotes":"","ResUnitCnt":1,"NonResUnitCnt":0,"DateUpdate":"Thu, 10 Aug 2023 16:27:12 GMT","County":"Rutland County","Inc_Muni":"Hubbardton","AddNum_Pre":null,"Add_Number":4025,"AddNum_Suf":"","St_PreMod":"","St_PreDir":"","St_PreTyp":"","St_PreSep":"","St_Name":"Monument Hill","St_PosTyp":"Road","St_PosDir":"","St_PosMod":"","ESN":"328","Post_Comm":"Castleton","Post_Code":"05735","GlobalID":"6f927c2a-fb83-4661-a977-983819de1b72","Category":"Residential"}},
{"type":"Feature","id":110166,"geometry":{"type":"Point","coordinates":[-73.1991317802172,43.7162497130773]},"properties":{"OBJECTID":110166,"ESITEID":130647,"PRIMARYNAME":"TWO PONDS RD","ALIAS1":"","ALIAS2":"","ALIAS3":"","ALIAS4":"","ALIAS5":"","PRIMARYADDRESS":"128 TWO PONDS RD","SITETYPE":"Single Family Dwelling","MAPYEAR":"Thu, 01 Jan 1998 00:00:00 GMT","SITETYPE_MULTI1":"","SITETYPE_MULTI2":"","SITETYPE_MULTI3":"","YearBuilt":null,"YearBuiltSrc":null,"YearBuiltNotes":"","ResUnitCnt":1,"NonResUnitCnt":0,"DateUpdate":"Fri, 27 Jan 2023 21:21:49 GMT","County":"Rutland County","Inc_Muni":"Hubbardton","AddNum_Pre":null,"Add_Number":128,"AddNum_Suf":"","St_PreMod":"","St_PreDir":" ","St_PreTyp":"","St_PreSep":"","St_Name":"Two Ponds","St_PosTyp":"Road","St_PosDir":" ","St_PosMod":"","ESN":"328","Post_Comm":"Fair Haven","Post_Code":"05743","GlobalID":"7e560ac1-8aba-4cb7-8f58-09143887702a","Category":"Residential"}},
{"type":"Feature","id":104583,"geometry":{"type":"Point","coordinates":[-73.2150816466573,43.7160160841348]},"properties":{"OBJECTID":104583,"ESITEID":130648,"PRIMARYNAME":"BLACK POND RD","ALIAS1":"","ALIAS2":"","ALIAS3":"","ALIAS4":"","ALIAS5":"","PRIMARYADDRESS":"21 BLACK POND RD","SITETYPE":"Single Family Dwelling","MAPYEAR":"Thu, 01 Jan 1998 00:00:00 GMT","SITETYPE_MULTI1":"","SITETYPE_MULTI2":"","SITETYPE_MULTI3":"","YearBuilt":null,"YearBuiltSrc":null,"YearBuiltNotes":"","ResUnitCnt":1,"NonResUnitCnt":0,"DateUpdate":"Fri, 27 Jan 2023 21:21:43 GMT","County":"Rutland County","Inc_Muni":"Hubbardton","AddNum_Pre":null,"Add_Number":21,"AddNum_Suf":"","St_PreMod":"","St_PreDir":" ","St_PreTyp":"","St_PreSep":"","St_Name":"Black Pond","St_PosTyp":"Road","St_PosDir":" ","St_PosMod":"","ESN":"328","Post_Comm":"Fair Haven","Post_Code":"05743","GlobalID":"7ddc3292-086b-4c45-9a3b-6dd1298749a5","Category":"Residential"}},
{"type":"Feature","id":19822,"geometry":{"type":"Point","coordinates":[-73.2092146409642,43.7158673123138]},"properties":{"OBJECTID":19822,"ESITEID":130649,"PRIMARYNAME":"HORTONIA RD  ","ALIAS1":"","ALIAS2":"","ALIAS3":"","ALIAS4":"","ALIAS5":"","PRIMARYADDRESS":"1289 HORTONIA RD","SITETYPE":"Camp","MAPYEAR":"Thu, 01 Jan 1998 00:00:00 GMT","SITETYPE_MULTI1":"","SITETYPE_MULTI2":"","SITETYPE_MULTI3":"","YearBuilt":null,"YearBuiltSrc":null,"YearBuiltNotes":"","ResUnitCnt":1,"NonResUnitCnt":0,"DateUpdate":"Fri, 27 Jan 2023 22:17:59 GMT","County":"Rutland County","Inc_Muni":"Hubbardton","AddNum_Pre":null,"Add_Number":1289,"AddNum_Suf":"","St_PreMod":"","St_PreDir":" ","St_PreTyp":"","St_PreSep":"","St_Name":"Hortonia","St_PosTyp":"Road","St_PosDir":" ","St_PosMod":"","ESN":"328","Post_Comm":"Fair Haven","Post_Code":"05743","GlobalID":"a655cbfe-44a6-403f-8a14-174095178941","Category":"Residential"}},
{"type":"Feature","id":17958,"geometry":{"type":"Point","coordinates":[-73.2169007703295,43.7156463584834]},"properties":{"OBJECTID":17958,"ESITEID":130650,"PRIMARYNAME":"MURPHY DR","ALIAS1":"","ALIAS2":"","ALIAS3":"","ALIAS4":"","ALIAS5":"","PRIMARYADDRESS":"66 MURPHY DR","SITETYPE":"Single Family Dwelling","MAPYEAR":"Thu, 01 Jan 1998 00:00:00 GMT","SITETYPE_MULTI1":"","SITETYPE_MULTI2":"","SITETYPE_MULTI3":"","YearBuilt":null,"YearBuiltSrc":null,"YearBuiltNotes":"","ResUnitCnt":1,"NonResUnitCnt":0,"DateUpdate":"Thu, 10 Mar 2016 10:01:05 GMT","County":"Rutland County","Inc_Muni":"Hubbardton","AddNum_Pre":null,"Add_Number":66,"AddNum_Suf":"","St_PreMod":"","St_PreDir":" ","St_PreTyp":"","St_PreSep":"","St_Name":"Murphy","St_PosTyp":"Drive","St_PosDir":" ","St_PosMod":"","ESN":"328","Post_Comm":"Fair Haven","Post_Code":"05743","GlobalID":"ab067b21-9684-48e9-be45-afe7aaa63556","Category":"Residential"}},
{"type":"Feature","id":99587,"geometry":{"type":"Point","coordinates":[-73.1905302479559,43.7156308008319]},"properties":{"OBJECTID":99587,"ESITEID":130651,"PRIMARYNAME":"HORTONIA RD  ","ALIAS1":"","ALIAS2":"","ALIAS3":"","ALIAS4":"","ALIAS5":"","PRIMARYADDRESS":"269 HORTONIA RD","SITETYPE":"Single Family Dwelling","MAPYEAR":"Thu, 01 Jan 1998 00:00:00 GMT","SITETYPE_MULTI1":"","SITETYPE_MULTI2":"","SITETYPE_MULTI3":"","YearBuilt":null,"YearBuiltSrc":null,"YearBuiltNotes":"","ResUnitCnt":1,"NonResUnitCnt":0,"DateUpdate":"Fri, 27 Jan 2023 22:17:59 GMT","County":"Rutland County","Inc_Muni":"Hubbardton","AddNum_Pre":null,"Add_Number":269,"AddNum_Suf":"","St_PreMod":"","St_PreDir":"","St_PreTyp":"","St_PreSep":"","St_Name":"Hortonia","St_PosTyp":"Road","St_PosDir":"","St_PosMod":"","ESN":"328","Post_Comm":"Bomoseen","Post_Code":"05732","GlobalID":"8cfded08-c815-4ff5-b7f9-967c451a2461","Category":"Residential"}},
{"type":"Feature","id":349298,"geometry":{"type":"Point","coordinates":[-73.1587804137829,43.7158911207027]},"properties":{"OBJECTID":349298,"ESITEID":130652,"PRIMARYNAME":"MONUMENT HILL RD","ALIAS1":"","ALIAS2":"","ALIAS3":"","ALIAS4":"","ALIAS5":"","PRIMARYADDRESS":"1756 MONUMENT HILL RD","SITETYPE":"Single Family Dwelling","MAPYEAR":"Thu, 01 Jan 1998 00:00:00 GMT","SITETYPE_MULTI1":"","SITETYPE_MULTI2":"","SITETYPE_MULTI3":"","YearBuilt":null,"YearBuiltSrc":null,"YearBuiltNotes":"","ResUnitCnt":1,"NonResUnitCnt":0,"DateUpdate":"Thu, 26 Feb 2026 15:03:37 GMT","County":"Rutland County","Inc_Muni":"Hubbardton","AddNum_Pre":null,"Add_Number":1756,"AddNum_Suf":"","St_PreMod":"","St_PreDir":"","St_PreTyp":"","St_PreSep":"","St_Name":"Monument Hill","St_PosTyp":"Road","St_PosDir":"","St_PosMod":"","ESN":"328","Post_Comm":"Castleton","Post_Code":"05735","GlobalID":"da2af7c8-bd13-4f0e-b6b0-252be6e094ef","Category":"Residential"}},
{"type":"Feature","id":185248,"geometry":{"type":"Point","coordinates":[-73.1863834723078,43.715372881457]},"properties":{"OBJECTID":185248,"ESITEID":130653,"PRIMARYNAME":"HORTONIA RD  ","ALIAS1":"","ALIAS2":"","ALIAS3":"","ALIAS4":"","ALIAS5":"","PRIMARYADDRESS":"66 HORTONIA RD","SITETYPE":"Town Government Facility","MAPYEAR":"Thu, 01 Jan 1998 00:00:00 GMT","SITETYPE_MULTI1":"","SITETYPE_MULTI2":"","SITETYPE_MULTI3":"","YearBuilt":null,"YearBuiltSrc":null,"YearBuiltNotes":"","ResUnitCnt":1,"NonResUnitCnt":0,"DateUpdate":"Thu, 13 Jun 2024 13:35:05 GMT","County":"Rutland County","Inc_Muni":"Hubbardton","AddNum_Pre":null,"Add_Number":66,"AddNum_Suf":"","St_PreMod":"","St_PreDir":"","St_PreTyp":"","St_PreSep":"","St_Name":"Hortonia","St_PosTyp":"Road","St_PosDir":"","St_PosMod":"","ESN":"328","Post_Comm":"Bomoseen","Post_Code":"05732","GlobalID":"026f939d-3e87-4a71-bf33-75b8dc9ed189","Category":"Government"}},
{"type":"Feature","id":119927,"geometry":{"type":"Point","coordinates":[-73.2174723556837,43.7149241520517]},"properties":{"OBJECTID":119927,"ESITEID":130654,"PRIMARYNAME":"BLACK POND RD","ALIAS1":"","ALIAS2":"","ALIAS3":"","ALIAS4":"","ALIAS5":"","PRIMARYADDRESS":"224 BLACK POND RD","SITETYPE":"Single Family Dwelling","MAPYEAR":"Thu, 01 Jan 1998 00:00:00 GMT","SITETYPE_MULTI1":"","SITETYPE_MULTI2":"","SITETYPE_MULTI3":"","YearBuilt":null,"YearBuiltSrc":null,"YearBuiltNotes":"","ResUnitCnt":1,"NonResUnitCnt":0,"DateUpdate":"Thu, 10 Mar 2016 09:56:41 GMT","County":"Rutland County","Inc_Muni":"Hubbardton","AddNum_Pre":null,"Add_Number":224,"AddNum_Suf":"","St_PreMod":"","St_PreDir":" ","St_PreTyp":"","St_PreSep":"","St_Name":"Black Pond","St_PosTyp":"Road","St_PosDir":" ","St_PosMod":"","ESN":"328","Post_Comm":"Fair Haven","Post_Code":"05743","GlobalID":"fe5f46e5-1aee-4a92-8a4e-ed9468dc9ad5","Category":"Residential"}},
{"type":"Feature","id":321469,"geometry":{"type":"Point","coordinates":[-73.1923155277374,43.7152378866431]},"properties":{"OBJECTID":321469,"ESITEID":130655,"PRIMARYNAME":"HORTONIA RD  ","ALIAS1":"","ALIAS2":"","ALIAS3":"","ALIAS4":"","ALIAS5":"","PRIMARYADDRESS":"427 HORTONIA RD","SITETYPE":"Camp","MAPYEAR":"Thu, 01 Jan 1998 00:00:00 GMT","SITETYPE_MULTI1":"","SITETYPE_MULTI2":"","SITETYPE_MULTI3":"","YearBuilt":null,"YearBuiltSrc":null,"YearBuiltNotes":"","ResUnitCnt":1,"NonResUnitCnt":0,"DateUpdate":"Thu, 10 Aug 2023 16:27:46 GMT","County":"Rutland County","Inc_Muni":"Hubbardton","AddNum_Pre":null,"Add_Number":427,"AddNum_Suf":"","St_PreMod":"","St_PreDir":"","St_PreTyp":"","St_PreSep":"","St_Name":"Hortonia","St_PosTyp":"Road","St_PosDir":"","St_PosMod":"","ESN":"328","Post_Comm":"Bomoseen","Post_Code":"05732","GlobalID":"e273037f-3301-4394-8ede-5bfc1e110834","Category":"Residential"}},
{"type":"Feature","id":218509,"geometry":{"type":"Point","coordinates":[-73.1854160893056,43.715370019049]},"properties":{"OBJECTID":218509,"ESITEID":130656,"PRIMARYNAME":"HORTONIA RD  ","ALIAS1":"","ALIAS2":"","ALIAS3":"","ALIAS4":"","ALIAS5":"","PRIMARYADDRESS":"36 HORTONIA RD","SITETYPE":"Single Family Dwelling","MAPYEAR":"Thu, 01 Jan 1998 00:00:00 GMT","SITETYPE_MULTI1":"","SITETYPE_MULTI2":"","SITETYPE_MULTI3":"","YearBuilt":null,"YearBuiltSrc":null,"YearBuiltNotes":"","ResUnitCnt":1,"NonResUnitCnt":0,"DateUpdate":"Thu, 13 Jun 2024 13:34:25 GMT","County":"Rutland County","Inc_Muni":"Hubbardton","AddNum_Pre":null,"Add_Number":36,"AddNum_Suf":"","St_PreMod":"","St_PreDir":"","St_PreTyp":"","St_PreSep":"","St_Name":"Hortonia","St_PosTyp":"Road","St_PosDir":"","St_PosMod":"","ESN":"328","Post_Comm":"Bomoseen","Post_Code":"05732","GlobalID":"6642440a-2054-48b7-8a2d-73d6f323bd8a","Category":"Residential"}},
{"type":"Feature","id":108076,"geometry":{"type":"Point","coordinates":[-73.2128319456014,43.7150850452652]},"properties":{"OBJECTID":108076,"ESITEID":130657,"PRIMARYNAME":"SIX BUX WAY","ALIAS1":"","ALIAS2":"","ALIAS3":"","ALIAS4":"","ALIAS5":"","PRIMARYADDRESS":"155 SIX BUX WAY","SITETYPE":"Camp","MAPYEAR":"Thu, 01 Jan 1998 00:00:00 GMT","SITETYPE_MULTI1":"","SITETYPE_MULTI2":"","SITETYPE_MULTI3":"","YearBuilt":null,"YearBuiltSrc":null,"YearBuiltNotes":"","ResUnitCnt":1,"NonResUnitCnt":0,"DateUpdate":"Thu, 10 Mar 2016 10:02:57 GMT","County":"Rutland County","Inc_Muni":"Hubbardton","AddNum_Pre":null,"Add_Number":155,"AddNum_Suf":"","St_PreMod":"","St_PreDir":" ","St_PreTyp":"","St_PreSep":"","St_Name":"Six Bux","St_PosTyp":"Way","St_PosDir":" ","St_PosMod":"","ESN":"328","Post_Comm":"Fair Haven","Post_Code":"05743","GlobalID":"053f5008-e9a9-483e-8267-99814a88220e","Category":"Residential"}},
{"type":"Feature","id":321998,"geometry":{"type":"Point","coordinates":[-73.1873166025771,43.7149772019864]},"properties":{"OBJECTID":321998,"ESITEID":130658,"PRIMARYNAME":"HORTONIA RD  ","ALIAS1":"","ALIAS2":"","ALIAS3":"","ALIAS4":"","ALIAS5":"","PRIMARYADDRESS":"117 HORTONIA RD","SITETYPE":"Single Family Dwelling","MAPYEAR":"Thu, 01 Jan 1998 00:00:00 GMT","SITETYPE_MULTI1":"","SITETYPE_MULTI2":"","SITETYPE_MULTI3":"","YearBuilt":null,"YearBuiltSrc":null,"YearBuiltNotes":"","ResUnitCnt":1,"NonResUnitCnt":0,"DateUpdate":"Thu, 13 Jun 2024 13:34:39 GMT","County":"Rutland County","Inc_Muni":"Hubbardton","AddNum_Pre":null,"Add_Number":117,"AddNum_Suf":"","St_PreMod":"","St_PreDir":"","St_PreTyp":"","St_PreSep":"","St_Name":"Hortonia","St_PosTyp":"Road","St_PosDir":"","St_PosMod":"","ESN":"328","Post_Comm":"Bomoseen","Post_Code":"05732","GlobalID":"53740deb-147e-4a80-b97a-439e320855b0","Category":"Residential"}},
{"type":"Feature","id":146025,"geometry":{"type":"Point","coordinates":[-73.1621031149401,43.7149479710754]},"properties":{"OBJECTID":146025,"ESITEID":130659,"PRIMARYNAME":"MONUMENT HILL RD","ALIAS1":"","ALIAS2":"","ALIAS3":"","ALIAS4":"","ALIAS5":"","PRIMARYADDRESS":"1590 MONUMENT HILL RD","SITETYPE":"Single Family Dwelling","MAPYEAR":"Thu, 01 Jan 1998 00:00:00 GMT","SITETYPE_MULTI1":"","SITETYPE_MULTI2":"","SITETYPE_MULTI3":"","YearBuilt":null,"YearBuiltSrc":null,"YearBuiltNotes":"","ResUnitCnt":1,"NonResUnitCnt":0,"DateUpdate":"Fri, 27 Jan 2023 21:21:44 GMT","County":"Rutland County","Inc_Muni":"Hubbardton","AddNum_Pre":null,"Add_Number":1590,"AddNum_Suf":"","St_PreMod":"","St_PreDir":"","St_PreTyp":"","St_PreSep":"","St_Name":"Monument Hill","St_PosTyp":"Road","St_PosDir":"","St_PosMod":"","ESN":"328","Post_Comm":"Castleton","Post_Code":"05735","GlobalID":"ad5c3eff-33c3-4e5a-92fa-da57bcc34d4b","Category":"Residential"}},
{"type":"Feature","id":81117,"geometry":{"type":"Point","coordinates":[-73.185983997939,43.7148224245346]},"properties":{"OBJECTID":81117,"ESITEID":130660,"PRIMARYNAME":"HORTONIA RD  ","ALIAS1":"","ALIAS2":"","ALIAS3":"","ALIAS4":"","ALIAS5":"","PRIMARYADDRESS":"47 HORTONIA RD","SITETYPE":"Single Family Dwelling","MAPYEAR":"Thu, 01 Jan 1998 00:00:00 GMT","SITETYPE_MULTI1":"","SITETYPE_MULTI2":"","SITETYPE_MULTI3":"","YearBuilt":null,"YearBuiltSrc":null,"YearBuiltNotes":"","ResUnitCnt":1,"NonResUnitCnt":0,"DateUpdate":"Thu, 13 Jun 2024 13:34:33 GMT","County":"Rutland County","Inc_Muni":"Hubbardton","AddNum_Pre":null,"Add_Number":47,"AddNum_Suf":"","St_PreMod":"","St_PreDir":"","St_PreTyp":"","St_PreSep":"","St_Name":"Hortonia","St_PosTyp":"Road","St_PosDir":"","St_PosMod":"","ESN":"328","Post_Comm":"Bomoseen","Post_Code":"05732","GlobalID":"8256ca5e-fd65-4ab1-bae0-e990201cdbc7","Category":"Residential"}},
{"type":"Feature","id":113463,"geometry":{"type":"Point","coordinates":[-73.2000167385776,43.7145824831524]},"properties":{"OBJECTID":113463,"ESITEID":130661,"PRIMARYNAME":"TWO PONDS RD","ALIAS1":"","ALIAS2":"","ALIAS3":"","ALIAS4":"","ALIAS5":"","PRIMARYADDRESS":"291 TWO PONDS RD","SITETYPE":"Mobile Home","MAPYEAR":"Thu, 01 Jan 1998 00:00:00 GMT","SITETYPE_MULTI1":"","SITETYPE_MULTI2":"","SITETYPE_MULTI3":"","YearBuilt":null,"YearBuiltSrc":null,"YearBuiltNotes":"","ResUnitCnt":1,"NonResUnitCnt":0,"DateUpdate":"Fri, 27 Jan 2023 21:21:49 GMT","County":"Rutland County","Inc_Muni":"Hubbardton","AddNum_Pre":null,"Add_Number":291,"AddNum_Suf":"","St_PreMod":"","St_PreDir":" ","St_PreTyp":"","St_PreSep":"","St_Name":"Two Ponds","St_PosTyp":"Road","St_PosDir":" ","St_PosMod":"","ESN":"328","Post_Comm":"Fair Haven","Post_Code":"05743","GlobalID":"bbb7b2d8-031d-4bc1-b91f-ba685b8e1b6c","Category":"Residential"}},
{"type":"Feature","id":50381,"geometry":{"type":"Point","coordinates":[-73.2141099454445,43.7145382564411]},"properties":{"OBJECTID":50381,"ESITEID":130662,"PRIMARYNAME":"SIX BUX WAY","ALIAS1":"","ALIAS2":"","ALIAS3":"","ALIAS4":"","ALIAS5":"","PRIMARYADDRESS":"224 SIX BUX WAY","SITETYPE":"Camp","MAPYEAR":"Thu, 01 Jan 1998 00:00:00 GMT","SITETYPE_MULTI1":"","SITETYPE_MULTI2":"","SITETYPE_MULTI3":"","YearBuilt":null,"YearBuiltSrc":null,"YearBuiltNotes":"","ResUnitCnt":1,"NonResUnitCnt":0,"DateUpdate":"Thu, 10 Mar 2016 10:03:02 GMT","County":"Rutland County","Inc_Muni":"Hubbardton","AddNum_Pre":null,"Add_Number":224,"AddNum_Suf":"","St_PreMod":"","St_PreDir":" ","St_PreTyp":"","St_PreSep":"","St_Name":"Six Bux","St_PosTyp":"Way","St_PosDir":" ","St_PosMod":"","ESN":"328","Post_Comm":"Fair Haven","Post_Code":"05743","GlobalID":"4bd841f7-7217-4587-871d-c4e25aec282c","Category":"Residential"}},
{"type":"Feature","id":113965,"geometry":{"type":"Point","coordinates":[-73.2194611132734,43.7142743446086]},"properties":{"OBJECTID":113965,"ESITEID":130663,"PRIMARYNAME":"MURPHY DR","ALIAS1":"","ALIAS2":"","ALIAS3":"","ALIAS4":"","ALIAS5":"","PRIMARYADDRESS":"163 MURPHY DR","SITETYPE":"Single Family Dwelling","MAPYEAR":"Thu, 01 Jan 1998 00:00:00 GMT","SITETYPE_MULTI1":"","SITETYPE_MULTI2":"","SITETYPE_MULTI3":"","YearBuilt":null,"YearBuiltSrc":null,"YearBuiltNotes":"","ResUnitCnt":1,"NonResUnitCnt":0,"DateUpdate":"Thu, 10 Mar 2016 10:01:06 GMT","County":"Rutland County","Inc_Muni":"Hubbardton","AddNum_Pre":null,"Add_Number":163,"AddNum_Suf":"","St_PreMod":"","St_PreDir":" ","St_PreTyp":"","St_PreSep":"","St_Name":"Murphy","St_PosTyp":"Drive","St_PosDir":" ","St_PosMod":"","ESN":"328","Post_Comm":"Fair Haven","Post_Code":"05743","GlobalID":"a84cf226-2959-44ed-ae12-088b362ec28d","Category":"Residential"}},
{"type":"Feature","id":262636,"geometry":{"type":"Point","coordinates":[-73.2011045916552,43.7142498793583]},"properties":{"OBJECTID":262636,"ESITEID":130664,"PRIMARYNAME":"TWO PONDS RD","ALIAS1":"","ALIAS2":"","ALIAS3":"","ALIAS4":"","ALIAS5":"","PRIMARYADDRESS":"317 TWO PONDS RD","SITETYPE":"Single Family Dwelling","MAPYEAR":"Thu, 01 Jan 1998 00:00:00 GMT","SITETYPE_MULTI1":"","SITETYPE_MULTI2":"","SITETYPE_MULTI3":"","YearBuilt":null,"YearBuiltSrc":null,"YearBuiltNotes":"","ResUnitCnt":1,"NonResUnitCnt":0,"DateUpdate":"Fri, 27 Jan 2023 21:21:49 GMT","County":"Rutland County","Inc_Muni":"Hubbardton","AddNum_Pre":null,"Add_Number":317,"AddNum_Suf":"","St_PreMod":"","St_PreDir":" ","St_PreTyp":"","St_PreSep":"","St_Name":"Two Ponds","St_PosTyp":"Road","St_PosDir":" ","St_PosMod":"","ESN":"328","Post_Comm":"Fair Haven","Post_Code":"05743","GlobalID":"cafdada0-94a8-4a27-9fa7-490e8d410ecc","Category":"Residential"}},
{"type":"Feature","id":237934,"geometry":{"type":"Point","coordinates":[-73.1326123166828,43.7144273393944]},"properties":{"OBJECTID":237934,"ESITEID":130665,"PRIMARYNAME":"MONUMENT HILL RD","ALIAS1":"","ALIAS2":"","ALIAS3":"","ALIAS4":"","ALIAS5":"","PRIMARYADDRESS":"4556 MONUMENT HILL RD","SITETYPE":"Camp","MAPYEAR":"Thu, 01 Jan 1998 00:00:00 GMT","SITETYPE_MULTI1":"","SITETYPE_MULTI2":"","SITETYPE_MULTI3":"","YearBuilt":null,"YearBuiltSrc":null,"YearBuiltNotes":"","ResUnitCnt":1,"NonResUnitCnt":0,"DateUpdate":"Tue, 02 May 2023 15:31:06 GMT","County":"Rutland County","Inc_Muni":"Hubbardton","AddNum_Pre":null,"Add_Number":4556,"AddNum_Suf":"","St_PreMod":"","St_PreDir":"","St_PreTyp":"","St_PreSep":"","St_Name":"Monument Hill","St_PosTyp":"Road","St_PosDir":"","St_PosMod":"","ESN":"328","Post_Comm":"Castleton","Post_Code":"05735","GlobalID":"d08fd135-aed9-47fb-a8aa-0e413f8ffcaa","Category":"Residential"}},
{"type":"Feature","id":22513,"geometry":{"type":"Point","coordinates":[-73.1852196543993,43.7139720777975]},"properties":{"OBJECTID":22513,"ESITEID":130666,"PRIMARYNAME":"VT ROUTE 30","ALIAS1":"","ALIAS2":"","ALIAS3":"","ALIAS4":"","ALIAS5":"","PRIMARYADDRESS":"2493 VT ROUTE 30","SITETYPE":"Single Family Dwelling","MAPYEAR":"Thu, 01 Jan 1998 00:00:00 GMT","SITETYPE_MULTI1":"","SITETYPE_MULTI2":"","SITETYPE_MULTI3":"","YearBuilt":null,"YearBuiltSrc":null,"YearBuiltNotes":"","ResUnitCnt":1,"NonResUnitCnt":0,"DateUpdate":"Thu, 13 Jun 2024 13:34:47 GMT","County":"Rutland County","Inc_Muni":"Hubbardton","AddNum_Pre":null,"Add_Number":2493,"AddNum_Suf":"","St_PreMod":"","St_PreDir":"","St_PreTyp":"Vermont Route","St_PreSep":"","St_Name":"30","St_PosTyp":"","St_PosDir":"","St_PosMod":"","ESN":"328","Post_Comm":"Bomoseen","Post_Code":"05732","GlobalID":"7c1f3e47-2503-42ce-b4b2-4e0cb1fc30d2","Category":"Residential"}},
{"type":"Feature","id":61797,"geometry":{"type":"Point","coordinates":[-73.2142355209032,43.7133048839268]},"properties":{"OBJECTID":61797,"ESITEID":130667,"PRIMARYNAME":"SIX BUX WAY","ALIAS1":"","ALIAS2":"","ALIAS3":"","ALIAS4":"","ALIAS5":"","PRIMARYADDRESS":"346 SIX BUX WAY","SITETYPE":"Single Family Dwelling","MAPYEAR":"Thu, 01 Jan 1998 00:00:00 GMT","SITETYPE_MULTI1":"","SITETYPE_MULTI2":"","SITETYPE_MULTI3":"","YearBuilt":null,"YearBuiltSrc":null,"YearBuiltNotes":"","ResUnitCnt":1,"NonResUnitCnt":0,"DateUpdate":"Thu, 10 Mar 2016 10:03:14 GMT","County":"Rutland County","Inc_Muni":"Hubbardton","AddNum_Pre":null,"Add_Number":346,"AddNum_Suf":"","St_PreMod":"","St_PreDir":" ","St_PreTyp":"","St_PreSep":"","St_Name":"Six Bux","St_PosTyp":"Way","St_PosDir":" ","St_PosMod":"","ESN":"328","Post_Comm":"Fair Haven","Post_Code":"05743","GlobalID":"bf579a14-78ca-46e2-93c8-cd7c8303a2ac","Category":"Residential"}},
{"type":"Feature","id":267684,"geometry":{"type":"Point","coordinates":[-73.166076393146,43.7123341757778]},"properties":{"OBJECTID":267684,"ESITEID":130668,"PRIMARYNAME":"MONUMENT HILL RD","ALIAS1":"","ALIAS2":"","ALIAS3":"","ALIAS4":"","ALIAS5":"","PRIMARYADDRESS":"1315 MONUMENT HILL RD","SITETYPE":"Single Family Dwelling","MAPYEAR":"Thu, 01 Jan 1998 00:00:00 GMT","SITETYPE_MULTI1":"","SITETYPE_MULTI2":"","SITETYPE_MULTI3":"","YearBuilt":null,"YearBuiltSrc":null,"YearBuiltNotes":"","ResUnitCnt":1,"NonResUnitCnt":0,"DateUpdate":"Fri, 08 Nov 2024 12:21:42 GMT","County":"Rutland County","Inc_Muni":"Hubbardton","AddNum_Pre":null,"Add_Number":1315,"AddNum_Suf":"","St_PreMod":"","St_PreDir":"","St_PreTyp":"","St_PreSep":"","St_Name":"Monument Hill","St_PosTyp":"Road","St_PosDir":"","St_PosMod":"","ESN":"328","Post_Comm":"Castleton","Post_Code":"05735","GlobalID":"da1d400c-74aa-4ae8-b126-e75cacea9071","Category":"Residential"}},
{"type":"Feature","id":8806,"geometry":{"type":"Point","coordinates":[-73.1849085362255,43.712184776096]},"properties":{"OBJECTID":8806,"ESITEID":130669,"PRIMARYNAME":"VT ROUTE 30","ALIAS1":"","ALIAS2":"","ALIAS3":"","ALIAS4":"","ALIAS5":"","PRIMARYADDRESS":"2365 VT ROUTE 30","SITETYPE":"Multi-Family Complex","MAPYEAR":"Thu, 01 Jan 1998 00:00:00 GMT","SITETYPE_MULTI1":"","SITETYPE_MULTI2":"","SITETYPE_MULTI3":"","YearBuilt":null,"YearBuiltSrc":null,"YearBuiltNotes":"","ResUnitCnt":1,"NonResUnitCnt":0,"DateUpdate":"Thu, 13 Jun 2024 13:03:13 GMT","County":"Rutland County","Inc_Muni":"Hubbardton","AddNum_Pre":null,"Add_Number":2365,"AddNum_Suf":"","St_PreMod":"","St_PreDir":"","St_PreTyp":"Vermont Route","St_PreSep":"","St_Name":"30","St_PosTyp":"","St_PosDir":"","St_PosMod":"","ESN":"328","Post_Comm":"Bomoseen","Post_Code":"05732","GlobalID":"863a0f89-c6f6-4d4d-b2f0-91651e86994d","Category":"Residential"}},
{"type":"Feature","id":44113,"geometry":{"type":"Point","coordinates":[-73.1641355781244,43.7121504673916]},"properties":{"OBJECTID":44113,"ESITEID":130670,"PRIMARYNAME":"MONUMENT HILL RD","ALIAS1":"","ALIAS2":"","ALIAS3":"","ALIAS4":"","ALIAS5":"","PRIMARYADDRESS":"1390 MONUMENT HILL RD","SITETYPE":"Single Family Dwelling","MAPYEAR":"Thu, 01 Jan 1998 00:00:00 GMT","SITETYPE_MULTI1":"","SITETYPE_MULTI2":"","SITETYPE_MULTI3":"","YearBuilt":null,"YearBuiltSrc":null,"YearBuiltNotes":"","ResUnitCnt":1,"NonResUnitCnt":0,"DateUpdate":"Fri, 08 Nov 2024 12:21:45 GMT","County":"Rutland County","Inc_Muni":"Hubbardton","AddNum_Pre":null,"Add_Number":1390,"AddNum_Suf":"","St_PreMod":"","St_PreDir":"","St_PreTyp":"","St_PreSep":"","St_Name":"Monument Hill","St_PosTyp":"Road","St_PosDir":"","St_PosMod":"","ESN":"328","Post_Comm":"Castleton","Post_Code":"05735","GlobalID":"1184c293-08d5-48c2-814c-20847b9c9087","Category":"Residential"}},
{"type":"Feature","id":314965,"geometry":{"type":"Point","coordinates":[-73.1310362090906,43.7121441689091]},"properties":{"OBJECTID":314965,"ESITEID":130671,"PRIMARYNAME":"MONUMENT HILL RD","ALIAS1":"","ALIAS2":"","ALIAS3":"","ALIAS4":"","ALIAS5":"","PRIMARYADDRESS":"4420 MONUMENT HILL RD","SITETYPE":"Multi-Family Complex","MAPYEAR":"Thu, 01 Jan 1998 00:00:00 GMT","SITETYPE_MULTI1":"","SITETYPE_MULTI2":"","SITETYPE_MULTI3":"","YearBuilt":null,"YearBuiltSrc":null,"YearBuiltNotes":"","ResUnitCnt":1,"NonResUnitCnt":0,"DateUpdate":"Fri, 27 Jan 2023 21:21:44 GMT","County":"Rutland County","Inc_Muni":"Hubbardton","AddNum_Pre":null,"Add_Number":4420,"AddNum_Suf":"","St_PreMod":"","St_PreDir":"","St_PreTyp":"","St_PreSep":"","St_Name":"Monument Hill","St_PosTyp":"Road","St_PosDir":"","St_PosMod":"","ESN":"328","Post_Comm":"Castleton","Post_Code":"05735","GlobalID":"d9621ac6-a2f2-4c0b-a2e0-a2ec0942ee68","Category":"Residential"}},
{"type":"Feature","id":295690,"geometry":{"type":"Point","coordinates":[-73.1832913054662,43.7119087215541]},"properties":{"OBJECTID":295690,"ESITEID":130672,"PRIMARYNAME":"VT ROUTE 30","ALIAS1":"","ALIAS2":"","ALIAS3":"","ALIAS4":"","ALIAS5":"","PRIMARYADDRESS":"2198 VT ROUTE 30","SITETYPE":"Single Family Dwelling","MAPYEAR":"Thu, 01 Jan 1998 00:00:00 GMT","SITETYPE_MULTI1":"","SITETYPE_MULTI2":"","SITETYPE_MULTI3":"","YearBuilt":null,"YearBuiltSrc":null,"YearBuiltNotes":"","ResUnitCnt":1,"NonResUnitCnt":0,"DateUpdate":"Thu, 13 Jun 2024 13:04:11 GMT","County":"Rutland County","Inc_Muni":"Hubbardton","AddNum_Pre":null,"Add_Number":2198,"AddNum_Suf":"","St_PreMod":"","St_PreDir":"","St_PreTyp":"Vermont Route","St_PreSep":"","St_Name":"30","St_PosTyp":"","St_PosDir":"","St_PosMod":"","ESN":"328","Post_Comm":"Bomoseen","Post_Code":"05732","GlobalID":"8c04c7c9-8c93-4060-bfb2-116e197c64c6","Category":"Residential"}},
{"type":"Feature","id":151671,"geometry":{"type":"Point","coordinates":[-73.1665357944046,43.7114041157448]},"properties":{"OBJECTID":151671,"ESITEID":130673,"PRIMARYNAME":"MONUMENT HILL RD","ALIAS1":"","ALIAS2":"","ALIAS3":"","ALIAS4":"","ALIAS5":"","PRIMARYADDRESS":"1245 MONUMENT HILL RD","SITETYPE":"Single Family Dwelling","MAPYEAR":"Thu, 01 Jan 1998 00:00:00 GMT","SITETYPE_MULTI1":"","SITETYPE_MULTI2":"","SITETYPE_MULTI3":"","YearBuilt":null,"YearBuiltSrc":null,"YearBuiltNotes":"","ResUnitCnt":1,"NonResUnitCnt":0,"DateUpdate":"Fri, 24 Jan 2025 13:18:35 GMT","County":"Rutland County","Inc_Muni":"Hubbardton","AddNum_Pre":null,"Add_Number":1245,"AddNum_Suf":"","St_PreMod":"","St_PreDir":" ","St_PreTyp":"","St_PreSep":"","St_Name":"Monument Hill","St_PosTyp":"Road","St_PosDir":" ","St_PosMod":"","ESN":"328","Post_Comm":"Castleton","Post_Code":"05735","GlobalID":"3ae333e6-68a5-4ec5-b113-c08164c0e844","Category":"Residential"}},
{"type":"Feature","id":311995,"geometry":{"type":"Point","coordinates":[-73.1658033714241,43.7113774123446]},"properties":{"OBJECTID":311995,"ESITEID":130674,"PRIMARYNAME":"MONUMENT HILL RD","ALIAS1":"","ALIAS2":"","ALIAS3":"","ALIAS4":"","ALIAS5":"","PRIMARYADDRESS":"1268 MONUMENT HILL RD","SITETYPE":"Mobile Home","MAPYEAR":"Thu, 01 Jan 1998 00:00:00 GMT","SITETYPE_MULTI1":"","SITETYPE_MULTI2":"","SITETYPE_MULTI3":"","YearBuilt":null,"YearBuiltSrc":null,"YearBuiltNotes":"","ResUnitCnt":1,"NonResUnitCnt":0,"DateUpdate":"Fri, 24 Jan 2025 13:19:41 GMT","County":"Rutland County","Inc_Muni":"Hubbardton","AddNum_Pre":null,"Add_Number":1268,"AddNum_Suf":"","St_PreMod":"","St_PreDir":" ","St_PreTyp":"","St_PreSep":"","St_Name":"Monument Hill","St_PosTyp":"Road","St_PosDir":" ","St_PosMod":"","ESN":"328","Post_Comm":"Castleton","Post_Code":"05735","GlobalID":"781d7cfe-5be2-424f-8287-9f2c48e187d0","Category":"Residential"}},
{"type":"Feature","id":136506,"geometry":{"type":"Point","coordinates":[-73.190476842639,43.7111447158976]},"properties":{"OBJECTID":136506,"ESITEID":130675,"PRIMARYNAME":"VT ROUTE 30","ALIAS1":"","ALIAS2":"","ALIAS3":"","ALIAS4":"","ALIAS5":"","PRIMARYADDRESS":"2043 VT ROUTE 30","SITETYPE":"Single Family Dwelling","MAPYEAR":"Thu, 01 Jan 1998 00:00:00 GMT","SITETYPE_MULTI1":"","SITETYPE_MULTI2":"","SITETYPE_MULTI3":"","YearBuilt":null,"YearBuiltSrc":null,"YearBuiltNotes":"","ResUnitCnt":1,"NonResUnitCnt":0,"DateUpdate":"Thu, 10 Aug 2023 16:27:49 GMT","County":"Rutland County","Inc_Muni":"Hubbardton","AddNum_Pre":null,"Add_Number":2043,"AddNum_Suf":"","St_PreMod":"","St_PreDir":"","St_PreTyp":"Vermont Route","St_PreSep":"","St_Name":"30","St_PosTyp":"","St_PosDir":"","St_PosMod":"","ESN":"328","Post_Comm":"Bomoseen","Post_Code":"05732","GlobalID":"ba779044-ca05-409d-80dc-9be699ff39a2","Category":"Residential"}},
{"type":"Feature","id":342742,"geometry":{"type":"Point","coordinates":[-73.1849978833409,43.7111318775143]},"properties":{"OBJECTID":342742,"ESITEID":130676,"PRIMARYNAME":"VT ROUTE 30","ALIAS1":"","ALIAS2":"","ALIAS3":"","ALIAS4":"","ALIAS5":"","PRIMARYADDRESS":"2287 VT ROUTE 30","SITETYPE":"Single Family Dwelling","MAPYEAR":"Thu, 01 Jan 1998 00:00:00 GMT","SITETYPE_MULTI1":"","SITETYPE_MULTI2":"","SITETYPE_MULTI3":"","YearBuilt":null,"YearBuiltSrc":null,"YearBuiltNotes":"","ResUnitCnt":1,"NonResUnitCnt":0,"DateUpdate":"Thu, 13 Jun 2024 13:04:26 GMT","County":"Rutland County","Inc_Muni":"Hubbardton","AddNum_Pre":null,"Add_Number":2287,"AddNum_Suf":"","St_PreMod":"","St_PreDir":"","St_PreTyp":"Vermont Route","St_PreSep":"","St_Name":"30","St_PosTyp":"","St_PosDir":"","St_PosMod":"","ESN":"328","Post_Comm":"Bomoseen","Post_Code":"05732","GlobalID":"4d1135fa-5bba-48df-ba59-902879a44aca","Category":"Residential"}},
{"type":"Feature","id":127162,"geometry":{"type":"Point","coordinates":[-73.1751620074871,43.7124172211953]},"properties":{"OBJECTID":127162,"ESITEID":130677,"PRIMARYNAME":"MONUMENT HILL RD","ALIAS1":"","ALIAS2":"","ALIAS3":"","ALIAS4":"","ALIAS5":"","PRIMARYADDRESS":"543 MONUMENT HILL RD","SITETYPE":"Camp","MAPYEAR":"Thu, 01 Jan 1998 00:00:00 GMT","SITETYPE_MULTI1":"","SITETYPE_MULTI2":"","SITETYPE_MULTI3":"","YearBuilt":null,"YearBuiltSrc":null,"YearBuiltNotes":"","ResUnitCnt":1,"NonResUnitCnt":0,"DateUpdate":"Fri, 27 Jan 2023 21:21:44 GMT","County":"Rutland County","Inc_Muni":"Hubbardton","AddNum_Pre":null,"Add_Number":543,"AddNum_Suf":"","St_PreMod":"","St_PreDir":"","St_PreTyp":"","St_PreSep":"","St_Name":"Monument Hill","St_PosTyp":"Road","St_PosDir":"","St_PosMod":"","ESN":"328","Post_Comm":"Bomoseen","Post_Code":"05732","GlobalID":"8afb9eea-7ab7-4f0f-876e-84beeaac9157","Category":"Residential"}},
{"type":"Feature","id":276302,"geometry":{"type":"Point","coordinates":[-73.2207350312763,43.7106068431449]},"properties":{"OBJECTID":276302,"ESITEID":130678,"PRIMARYNAME":"BLACK POND RD","ALIAS1":"","ALIAS2":"","ALIAS3":"","ALIAS4":"","ALIAS5":"","PRIMARYADDRESS":"553 BLACK POND RD","SITETYPE":"Multi-Family Complex","MAPYEAR":"Thu, 01 Jan 1998 00:00:00 GMT","SITETYPE_MULTI1":"","SITETYPE_MULTI2":"","SITETYPE_MULTI3":"","YearBuilt":null,"YearBuiltSrc":null,"YearBuiltNotes":"","ResUnitCnt":1,"NonResUnitCnt":0,"DateUpdate":"Fri, 27 Jan 2023 21:21:43 GMT","County":"Rutland County","Inc_Muni":"Hubbardton","AddNum_Pre":null,"Add_Number":553,"AddNum_Suf":"","St_PreMod":"","St_PreDir":" ","St_PreTyp":"","St_PreSep":"","St_Name":"Black Pond","St_PosTyp":"Road","St_PosDir":" ","St_PosMod":"","ESN":"328","Post_Comm":"Fair Haven","Post_Code":"05743","GlobalID":"603de7dc-0ff1-4ce4-a020-4c7f25f694a3","Category":"Residential"}},
{"type":"Feature","id":9613,"geometry":{"type":"Point","coordinates":[-73.1635364826303,43.7110698111528]},"properties":{"OBJECTID":9613,"ESITEID":130679,"PRIMARYNAME":"MILITARY RD","ALIAS1":"","ALIAS2":"","ALIAS3":"","ALIAS4":"","ALIAS5":"","PRIMARYADDRESS":"125 MILITARY RD","SITETYPE":"Mobile Home","MAPYEAR":"Thu, 01 Jan 1998 00:00:00 GMT","SITETYPE_MULTI1":"","SITETYPE_MULTI2":"","SITETYPE_MULTI3":"","YearBuilt":null,"YearBuiltSrc":null,"YearBuiltNotes":"","ResUnitCnt":1,"NonResUnitCnt":0,"DateUpdate":"Fri, 24 Jan 2025 13:21:06 GMT","County":"Rutland County","Inc_Muni":"Hubbardton","AddNum_Pre":null,"Add_Number":125,"AddNum_Suf":"","St_PreMod":"","St_PreDir":"","St_PreTyp":"","St_PreSep":"","St_Name":"Military","St_PosTyp":"Road","St_PosDir":"","St_PosMod":"","ESN":"328","Post_Comm":"Castleton","Post_Code":"05735","GlobalID":"3660efbc-1825-49a5-bcdb-05033fc586ce","Category":"Residential"}},
{"type":"Feature","id":44680,"geometry":{"type":"Point","coordinates":[-73.1672376972178,43.7107212842958]},"properties":{"OBJECTID":44680,"ESITEID":130680,"PRIMARYNAME":"MONUMENT HILL RD","ALIAS1":"","ALIAS2":"","ALIAS3":"","ALIAS4":"","ALIAS5":"","PRIMARYADDRESS":"1185 MONUMENT HILL RD","SITETYPE":"Single Family Dwelling","MAPYEAR":"Thu, 01 Jan 1998 00:00:00 GMT","SITETYPE_MULTI1":"","SITETYPE_MULTI2":"","SITETYPE_MULTI3":"","YearBuilt":null,"YearBuiltSrc":null,"YearBuiltNotes":"","ResUnitCnt":1,"NonResUnitCnt":0,"DateUpdate":"Fri, 24 Jan 2025 13:18:36 GMT","County":"Rutland County","Inc_Muni":"Hubbardton","AddNum_Pre":null,"Add_Number":1185,"AddNum_Suf":"","St_PreMod":"","St_PreDir":" ","St_PreTyp":"","St_PreSep":"","St_Name":"Monument Hill","St_PosTyp":"Road","St_PosDir":" ","St_PosMod":"","ESN":"328","Post_Comm":"Castleton","Post_Code":"05735","GlobalID":"4eae41c9-c6a6-437f-93b4-532012688f3a","Category":"Residential"}},
{"type":"Feature","id":248238,"geometry":{"type":"Point","coordinates":[-73.179498139131,43.7104885883747]},"properties":{"OBJECTID":248238,"ESITEID":130681,"PRIMARYNAME":"MONUMENT HILL RD","ALIAS1":"","ALIAS2":"","ALIAS3":"","ALIAS4":"","ALIAS5":"","PRIMARYADDRESS":"385 MONUMENT HILL RD","SITETYPE":"Camp","MAPYEAR":"Thu, 01 Jan 1998 00:00:00 GMT","SITETYPE_MULTI1":"","SITETYPE_MULTI2":"","SITETYPE_MULTI3":"","YearBuilt":null,"YearBuiltSrc":null,"YearBuiltNotes":"","ResUnitCnt":1,"NonResUnitCnt":0,"DateUpdate":"Fri, 27 Jan 2023 21:21:44 GMT","County":"Rutland County","Inc_Muni":"Hubbardton","AddNum_Pre":null,"Add_Number":385,"AddNum_Suf":"","St_PreMod":"","St_PreDir":"","St_PreTyp":"","St_PreSep":"","St_Name":"Monument Hill","St_PosTyp":"Road","St_PosDir":"","St_PosMod":"","ESN":"328","Post_Comm":"Bomoseen","Post_Code":"05732","GlobalID":"3c675b79-70a8-4d98-9da2-ee66dbdf3912","Category":"Residential"}},
{"type":"Feature","id":275907,"geometry":{"type":"Point","coordinates":[-73.1776588369131,43.7106022973707]},"properties":{"OBJECTID":275907,"ESITEID":130682,"PRIMARYNAME":"MONUMENT HILL RD","ALIAS1":"","ALIAS2":"","ALIAS3":"","ALIAS4":"","ALIAS5":"","PRIMARYADDRESS":"485 MONUMENT HILL RD","SITETYPE":"Single Family Dwelling","MAPYEAR":"Thu, 01 Jan 1998 00:00:00 GMT","SITETYPE_MULTI1":"","SITETYPE_MULTI2":"","SITETYPE_MULTI3":"","YearBuilt":null,"YearBuiltSrc":null,"YearBuiltNotes":"","ResUnitCnt":1,"NonResUnitCnt":0,"DateUpdate":"Fri, 27 Jan 2023 21:21:44 GMT","County":"Rutland County","Inc_Muni":"Hubbardton","AddNum_Pre":null,"Add_Number":485,"AddNum_Suf":"","St_PreMod":"","St_PreDir":"","St_PreTyp":"","St_PreSep":"","St_Name":"Monument Hill","St_PosTyp":"Road","St_PosDir":"","St_PosMod":"","ESN":"328","Post_Comm":"Bomoseen","Post_Code":"05732","GlobalID":"c6549fc4-2ce2-4dd4-8209-c54b7d472f98","Category":"Residential"}},
{"type":"Feature","id":236936,"geometry":{"type":"Point","coordinates":[-73.1816015797584,43.7103942473851]},"properties":{"OBJECTID":236936,"ESITEID":130683,"PRIMARYNAME":"MONUMENT HILL RD","ALIAS1":"","ALIAS2":"","ALIAS3":"","ALIAS4":"","ALIAS5":"","PRIMARYADDRESS":"237 MONUMENT HILL RD","SITETYPE":"Camp","MAPYEAR":"Thu, 01 Jan 1998 00:00:00 GMT","SITETYPE_MULTI1":"","SITETYPE_MULTI2":"","SITETYPE_MULTI3":"","YearBuilt":null,"YearBuiltSrc":null,"YearBuiltNotes":"","ResUnitCnt":1,"NonResUnitCnt":0,"DateUpdate":"Fri, 27 Jan 2023 21:21:44 GMT","County":"Rutland County","Inc_Muni":"Hubbardton","AddNum_Pre":null,"Add_Number":237,"AddNum_Suf":"","St_PreMod":"","St_PreDir":"","St_PreTyp":"","St_PreSep":"","St_Name":"Monument Hill","St_PosTyp":"Road","St_PosDir":"","St_PosMod":"","ESN":"328","Post_Comm":"Bomoseen","Post_Code":"05732","GlobalID":"dd6564ec-3d99-4632-9ea6-951435dad87d","Category":"Residential"}},
{"type":"Feature","id":27208,"geometry":{"type":"Point","coordinates":[-73.1681990033524,43.7102825963243]},"properties":{"OBJECTID":27208,"ESITEID":130684,"PRIMARYNAME":"MONUMENT HILL RD","ALIAS1":"","ALIAS2":"","ALIAS3":"","ALIAS4":"","ALIAS5":"","PRIMARYADDRESS":"1127 MONUMENT HILL RD","SITETYPE":"Mobile Home","MAPYEAR":"Thu, 01 Jan 1998 00:00:00 GMT","SITETYPE_MULTI1":"","SITETYPE_MULTI2":"","SITETYPE_MULTI3":"","YearBuilt":null,"YearBuiltSrc":null,"YearBuiltNotes":"","ResUnitCnt":1,"NonResUnitCnt":0,"DateUpdate":"Fri, 24 Jan 2025 13:18:37 GMT","County":"Rutland County","Inc_Muni":"Hubbardton","AddNum_Pre":null,"Add_Number":1127,"AddNum_Suf":"","St_PreMod":"","St_PreDir":" ","St_PreTyp":"","St_PreSep":"","St_Name":"Monument Hill","St_PosTyp":"Road","St_PosDir":" ","St_PosMod":"","ESN":"328","Post_Comm":"Castleton","Post_Code":"05735","GlobalID":"c29ba886-9b29-47eb-bea8-992557e46324","Category":"Residential"}},
{"type":"Feature","id":277849,"geometry":{"type":"Point","coordinates":[-73.1756230184057,43.7100583325242]},"properties":{"OBJECTID":277849,"ESITEID":130685,"PRIMARYNAME":"MONUMENT HILL RD","ALIAS1":"","ALIAS2":"","ALIAS3":"","ALIAS4":"","ALIAS5":"","PRIMARYADDRESS":"642 MONUMENT HILL RD","SITETYPE":"Single Family Dwelling","MAPYEAR":"Thu, 01 Jan 1998 00:00:00 GMT","SITETYPE_MULTI1":"","SITETYPE_MULTI2":"","SITETYPE_MULTI3":"","YearBuilt":null,"YearBuiltSrc":null,"YearBuiltNotes":"","ResUnitCnt":1,"NonResUnitCnt":0,"DateUpdate":"Fri, 27 Jan 2023 21:21:45 GMT","County":"Rutland County","Inc_Muni":"Hubbardton","AddNum_Pre":null,"Add_Number":642,"AddNum_Suf":"","St_PreMod":"","St_PreDir":"","St_PreTyp":"","St_PreSep":"","St_Name":"Monument Hill","St_PosTyp":"Road","St_PosDir":"","St_PosMod":"","ESN":"328","Post_Comm":"Castleton","Post_Code":"05735","GlobalID":"e28458cb-098b-4470-80b0-bbc90b25a43e","Category":"Residential"}},
{"type":"Feature","id":63208,"geometry":{"type":"Point","coordinates":[-73.1786809229303,43.71004509564]},"properties":{"OBJECTID":63208,"ESITEID":130686,"PRIMARYNAME":"MONUMENT HILL RD","ALIAS1":"","ALIAS2":"","ALIAS3":"","ALIAS4":"","ALIAS5":"","PRIMARYADDRESS":"430 MONUMENT HILL RD","SITETYPE":"Single Family Dwelling","MAPYEAR":"Thu, 01 Jan 1998 00:00:00 GMT","SITETYPE_MULTI1":"","SITETYPE_MULTI2":"","SITETYPE_MULTI3":"","YearBuilt":null,"YearBuiltSrc":null,"YearBuiltNotes":"","ResUnitCnt":1,"NonResUnitCnt":0,"DateUpdate":"Thu, 10 Aug 2023 16:27:48 GMT","County":"Rutland County","Inc_Muni":"Hubbardton","AddNum_Pre":null,"Add_Number":430,"AddNum_Suf":"","St_PreMod":"","St_PreDir":"","St_PreTyp":"","St_PreSep":"","St_Name":"Monument Hill","St_PosTyp":"Road","St_PosDir":"","St_PosMod":"","ESN":"328","Post_Comm":"Bomoseen","Post_Code":"05732","GlobalID":"67b40240-03b2-4bfb-8248-f5b823ec326b","Category":"Residential"}},
{"type":"Feature","id":135254,"geometry":{"type":"Point","coordinates":[-73.1805204790363,43.7095463573205]},"properties":{"OBJECTID":135254,"ESITEID":130687,"PRIMARYNAME":"MONUMENT HILL RD","ALIAS1":"","ALIAS2":"","ALIAS3":"","ALIAS4":"","ALIAS5":"","PRIMARYADDRESS":"330 MONUMENT HILL RD","SITETYPE":"Single Family Dwelling","MAPYEAR":"Thu, 01 Jan 1998 00:00:00 GMT","SITETYPE_MULTI1":"","SITETYPE_MULTI2":"","SITETYPE_MULTI3":"","YearBuilt":null,"YearBuiltSrc":null,"YearBuiltNotes":"","ResUnitCnt":1,"NonResUnitCnt":0,"DateUpdate":"Thu, 10 Aug 2023 16:27:48 GMT","County":"Rutland County","Inc_Muni":"Hubbardton","AddNum_Pre":null,"Add_Number":330,"AddNum_Suf":"","St_PreMod":"","St_PreDir":"","St_PreTyp":"","St_PreSep":"","St_Name":"Monument Hill","St_PosTyp":"Road","St_PosDir":"","St_PosMod":"","ESN":"328","Post_Comm":"Bomoseen","Post_Code":"05732","GlobalID":"4d591e65-14b0-47f1-a621-594331dc0d14","Category":"Residential"}},
{"type":"Feature","id":137544,"geometry":{"type":"Point","coordinates":[-73.1695933049796,43.7096302647574]},"properties":{"OBJECTID":137544,"ESITEID":130688,"PRIMARYNAME":"MONUMENT HILL RD","ALIAS1":"","ALIAS2":"","ALIAS3":"","ALIAS4":"","ALIAS5":"","PRIMARYADDRESS":"1051 MONUMENT HILL RD","SITETYPE":"Single Family Dwelling","MAPYEAR":"Thu, 01 Jan 1998 00:00:00 GMT","SITETYPE_MULTI1":"","SITETYPE_MULTI2":"","SITETYPE_MULTI3":"","YearBuilt":null,"YearBuiltSrc":null,"YearBuiltNotes":"","ResUnitCnt":1,"NonResUnitCnt":0,"DateUpdate":"Fri, 24 Jan 2025 13:18:38 GMT","County":"Rutland County","Inc_Muni":"Hubbardton","AddNum_Pre":null,"Add_Number":1051,"AddNum_Suf":"","St_PreMod":"","St_PreDir":" ","St_PreTyp":"","St_PreSep":"","St_Name":"Monument Hill","St_PosTyp":"Road","St_PosDir":" ","St_PosMod":"","ESN":"328","Post_Comm":"Castleton","Post_Code":"05735","GlobalID":"568ab928-fd66-4f68-b90c-7d6c3e1898bf","Category":"Residential"}},
{"type":"Feature","id":189355,"geometry":{"type":"Point","coordinates":[-73.1837077815355,43.7093564874615]},"properties":{"OBJECTID":189355,"ESITEID":130689,"PRIMARYNAME":"VT ROUTE 30","ALIAS1":"","ALIAS2":"","ALIAS3":"","ALIAS4":"","ALIAS5":"","PRIMARYADDRESS":"2180 VT ROUTE 30","SITETYPE":"Single Family Dwelling","MAPYEAR":"Thu, 01 Jan 1998 00:00:00 GMT","SITETYPE_MULTI1":"","SITETYPE_MULTI2":"","SITETYPE_MULTI3":"","YearBuilt":null,"YearBuiltSrc":null,"YearBuiltNotes":"","ResUnitCnt":1,"NonResUnitCnt":0,"DateUpdate":"Thu, 13 Jun 2024 13:06:02 GMT","County":"Rutland County","Inc_Muni":"Hubbardton","AddNum_Pre":null,"Add_Number":2180,"AddNum_Suf":"","St_PreMod":"","St_PreDir":"","St_PreTyp":"Vermont Route","St_PreSep":"","St_Name":"30","St_PosTyp":"","St_PosDir":"","St_PosMod":"","ESN":"328","Post_Comm":"Bomoseen","Post_Code":"05732","GlobalID":"7ca5ab68-a161-4d49-92cc-ff4232bb7330","Category":"Residential"}},
{"type":"Feature","id":1140,"geometry":{"type":"Point","coordinates":[-73.1740049739606,43.7092984025683]},"properties":{"OBJECTID":1140,"ESITEID":130690,"PRIMARYNAME":"MONUMENT HILL RD","ALIAS1":"","ALIAS2":"","ALIAS3":"","ALIAS4":"","ALIAS5":"","PRIMARYADDRESS":"751 MONUMENT HILL RD","SITETYPE":"Single Family Dwelling","MAPYEAR":"Thu, 01 Jan 1998 00:00:00 GMT","SITETYPE_MULTI1":"","SITETYPE_MULTI2":"","SITETYPE_MULTI3":"","YearBuilt":null,"YearBuiltSrc":null,"YearBuiltNotes":"","ResUnitCnt":1,"NonResUnitCnt":0,"DateUpdate":"Fri, 27 Jan 2023 21:21:45 GMT","County":"Rutland County","Inc_Muni":"Hubbardton","AddNum_Pre":null,"Add_Number":751,"AddNum_Suf":"","St_PreMod":"","St_PreDir":"","St_PreTyp":"","St_PreSep":"","St_Name":"Monument Hill","St_PosTyp":"Road","St_PosDir":"","St_PosMod":"","ESN":"328","Post_Comm":"Castleton","Post_Code":"05735","GlobalID":"eea35938-2c67-4620-9bd4-4ffee1510805","Category":"Residential"}},
{"type":"Feature","id":123600,"geometry":{"type":"Point","coordinates":[-73.131722855829,43.709424288118]},"properties":{"OBJECTID":123600,"ESITEID":130691,"PRIMARYNAME":"MONUMENT HILL RD","ALIAS1":"","ALIAS2":"","ALIAS3":"","ALIAS4":"","ALIAS5":"","PRIMARYADDRESS":"4622 MONUMENT HILL RD","SITETYPE":"Single Family Dwelling","MAPYEAR":"Thu, 01 Jan 1998 00:00:00 GMT","SITETYPE_MULTI1":"","SITETYPE_MULTI2":"","SITETYPE_MULTI3":"","YearBuilt":null,"YearBuiltSrc":null,"YearBuiltNotes":"","ResUnitCnt":1,"NonResUnitCnt":0,"DateUpdate":"Fri, 27 Jan 2023 21:21:45 GMT","County":"Rutland County","Inc_Muni":"Hubbardton","AddNum_Pre":null,"Add_Number":4622,"AddNum_Suf":"","St_PreMod":"","St_PreDir":"","St_PreTyp":"","St_PreSep":"","St_Name":"Monument Hill","St_PosTyp":"Road","St_PosDir":"","St_PosMod":"","ESN":"328","Post_Comm":"Castleton","Post_Code":"05735","GlobalID":"52b43745-0032-4cd7-b29f-2f1d36d7831a","Category":"Residential"}},
{"type":"Feature","id":330116,"geometry":{"type":"Point","coordinates":[-73.1697767099568,43.7091569299378]},"properties":{"OBJECTID":330116,"ESITEID":130692,"PRIMARYNAME":"MONUMENT HILL RD","ALIAS1":"","ALIAS2":"","ALIAS3":"","ALIAS4":"","ALIAS5":"","PRIMARYADDRESS":"1015 MONUMENT HILL RD","SITETYPE":"Mobile Home","MAPYEAR":"Thu, 01 Jan 1998 00:00:00 GMT","SITETYPE_MULTI1":"","SITETYPE_MULTI2":"","SITETYPE_MULTI3":"","YearBuilt":null,"YearBuiltSrc":null,"YearBuiltNotes":"","ResUnitCnt":1,"NonResUnitCnt":0,"DateUpdate":"Fri, 24 Jan 2025 13:18:38 GMT","County":"Rutland County","Inc_Muni":"Hubbardton","AddNum_Pre":null,"Add_Number":1015,"AddNum_Suf":"","St_PreMod":"","St_PreDir":" ","St_PreTyp":"","St_PreSep":"","St_Name":"Monument Hill","St_PosTyp":"Road","St_PosDir":" ","St_PosMod":"","ESN":"328","Post_Comm":"Castleton","Post_Code":"05735","GlobalID":"1fcd26e8-2cbe-4ae2-929f-001159eba4dc","Category":"Residential"}},
{"type":"Feature","id":31915,"geometry":{"type":"Point","coordinates":[-73.1746076955361,43.7087796039215]},"properties":{"OBJECTID":31915,"ESITEID":130693,"PRIMARYNAME":"MONUMENT HILL RD","ALIAS1":"","ALIAS2":"","ALIAS3":"","ALIAS4":"","ALIAS5":"","PRIMARYADDRESS":"722 MONUMENT HILL RD","SITETYPE":"Single Family Dwelling","MAPYEAR":"Thu, 01 Jan 1998 00:00:00 GMT","SITETYPE_MULTI1":"","SITETYPE_MULTI2":"","SITETYPE_MULTI3":"","YearBuilt":null,"YearBuiltSrc":null,"YearBuiltNotes":"","ResUnitCnt":1,"NonResUnitCnt":0,"DateUpdate":"Fri, 27 Jan 2023 21:21:45 GMT","County":"Rutland County","Inc_Muni":"Hubbardton","AddNum_Pre":null,"Add_Number":722,"AddNum_Suf":"","St_PreMod":"","St_PreDir":"","St_PreTyp":"","St_PreSep":"","St_Name":"Monument Hill","St_PosTyp":"Road","St_PosDir":"","St_PosMod":"","ESN":"328","Post_Comm":"Castleton","Post_Code":"05735","GlobalID":"fdee2684-1fa5-48e9-bd54-fec54bbb3c90","Category":"Residential"}},
{"type":"Feature","id":130741,"geometry":{"type":"Point","coordinates":[-73.1223385789325,43.708820439919]},"properties":{"OBJECTID":130741,"ESITEID":130695,"PRIMARYNAME":"BIDDIE KNOB RD  ","ALIAS1":"","ALIAS2":"","ALIAS3":"","ALIAS4":"","ALIAS5":"","PRIMARYADDRESS":"428 BIDDIE KNOB RD","SITETYPE":"Camp","MAPYEAR":"Thu, 01 Jan 1998 00:00:00 GMT","SITETYPE_MULTI1":"","SITETYPE_MULTI2":"","SITETYPE_MULTI3":"","YearBuilt":null,"YearBuiltSrc":null,"YearBuiltNotes":"","ResUnitCnt":1,"NonResUnitCnt":0,"DateUpdate":"Fri, 27 Jan 2023 22:17:58 GMT","County":"Rutland County","Inc_Muni":"Hubbardton","AddNum_Pre":null,"Add_Number":428,"AddNum_Suf":"","St_PreMod":"","St_PreDir":"","St_PreTyp":"","St_PreSep":"","St_Name":"Biddie Knob","St_PosTyp":"Road","St_PosDir":"","St_PosMod":"","ESN":"328","Post_Comm":"Castleton","Post_Code":"05735","GlobalID":"7ee2e085-892c-4c28-8886-ac89deb7c912","Category":"Residential"}},
{"type":"Feature","id":207129,"geometry":{"type":"Point","coordinates":[-73.2249235696561,43.7082569880201]},"properties":{"OBJECTID":207129,"ESITEID":130696,"PRIMARYNAME":"BLACK POND RD","ALIAS1":"","ALIAS2":"","ALIAS3":"","ALIAS4":"","ALIAS5":"","PRIMARYADDRESS":"825 BLACK POND RD","SITETYPE":"Single Family Dwelling","MAPYEAR":"Thu, 01 Jan 1998 00:00:00 GMT","SITETYPE_MULTI1":"","SITETYPE_MULTI2":"","SITETYPE_MULTI3":"","YearBuilt":null,"YearBuiltSrc":null,"YearBuiltNotes":"","ResUnitCnt":1,"NonResUnitCnt":0,"DateUpdate":"Fri, 27 Jan 2023 21:21:43 GMT","County":"Rutland County","Inc_Muni":"Hubbardton","AddNum_Pre":null,"Add_Number":825,"AddNum_Suf":"","St_PreMod":"","St_PreDir":" ","St_PreTyp":"","St_PreSep":"","St_Name":"Black Pond","St_PosTyp":"Road","St_PosDir":" ","St_PosMod":"","ESN":"328","Post_Comm":"Fair Haven","Post_Code":"05743","GlobalID":"5cef0b43-8a9b-449d-95f4-987c75539d39","Category":"Residential"}},
{"type":"Feature","id":219657,"geometry":{"type":"Point","coordinates":[-73.119196087487,43.7088796578483]},"properties":{"OBJECTID":219657,"ESITEID":130697,"PRIMARYNAME":"BIDDIE KNOB RD  ","ALIAS1":"","ALIAS2":"","ALIAS3":"","ALIAS4":"","ALIAS5":"","PRIMARYADDRESS":"628 BIDDIE KNOB RD","SITETYPE":"Camp","MAPYEAR":"Thu, 01 Jan 1998 00:00:00 GMT","SITETYPE_MULTI1":"","SITETYPE_MULTI2":"","SITETYPE_MULTI3":"","YearBuilt":null,"YearBuiltSrc":null,"YearBuiltNotes":"","ResUnitCnt":1,"NonResUnitCnt":0,"DateUpdate":"Fri, 27 Jan 2023 22:17:58 GMT","County":"Rutland County","Inc_Muni":"Hubbardton","AddNum_Pre":null,"Add_Number":628,"AddNum_Suf":"","St_PreMod":"","St_PreDir":"","St_PreTyp":"","St_PreSep":"","St_Name":"Biddie Knob","St_PosTyp":"Road","St_PosDir":"","St_PosMod":"","ESN":"328","Post_Comm":"Castleton","Post_Code":"05735","GlobalID":"caff431c-b16b-4e8e-8d22-e221e186acb8","Category":"Residential"}},
{"type":"Feature","id":326724,"geometry":{"type":"Point","coordinates":[-73.1303752916918,43.7091914291168]},"properties":{"OBJECTID":326724,"ESITEID":130698,"PRIMARYNAME":"MONUMENT HILL RD","ALIAS1":"","ALIAS2":"","ALIAS3":"","ALIAS4":"","ALIAS5":"","PRIMARYADDRESS":"4645 MONUMENT HILL RD","SITETYPE":"Fire Service","MAPYEAR":"Thu, 01 Jan 1998 00:00:00 GMT","SITETYPE_MULTI1":"","SITETYPE_MULTI2":"","SITETYPE_MULTI3":"","YearBuilt":null,"YearBuiltSrc":null,"YearBuiltNotes":"","ResUnitCnt":1,"NonResUnitCnt":0,"DateUpdate":"Fri, 27 Jan 2023 21:21:45 GMT","County":"Rutland County","Inc_Muni":"Hubbardton","AddNum_Pre":null,"Add_Number":4645,"AddNum_Suf":"","St_PreMod":"","St_PreDir":"","St_PreTyp":"","St_PreSep":"","St_Name":"Monument Hill","St_PosTyp":"Road","St_PosDir":"","St_PosMod":"","ESN":"328","Post_Comm":"Castleton","Post_Code":"05735","GlobalID":"d4ef6851-d0b5-4e63-b81e-2ee89522fa4f","Category":"Public Safety"}},
{"type":"Feature","id":342388,"geometry":{"type":"Point","coordinates":[-73.1209806648312,43.7086689806908]},"properties":{"OBJECTID":342388,"ESITEID":130699,"PRIMARYNAME":"BIDDIE KNOB RD  ","ALIAS1":"","ALIAS2":"","ALIAS3":"","ALIAS4":"","ALIAS5":"","PRIMARYADDRESS":"538 BIDDIE KNOB RD","SITETYPE":"Single Family Dwelling","MAPYEAR":"Thu, 01 Jan 1998 00:00:00 GMT","SITETYPE_MULTI1":"","SITETYPE_MULTI2":"","SITETYPE_MULTI3":"","YearBuilt":null,"YearBuiltSrc":null,"YearBuiltNotes":"","ResUnitCnt":1,"NonResUnitCnt":0,"DateUpdate":"Fri, 27 Jan 2023 22:17:58 GMT","County":"Rutland County","Inc_Muni":"Hubbardton","AddNum_Pre":null,"Add_Number":538,"AddNum_Suf":"","St_PreMod":"","St_PreDir":"","St_PreTyp":"","St_PreSep":"","St_Name":"Biddie Knob","St_PosTyp":"Road","St_PosDir":"","St_PosMod":"","ESN":"328","Post_Comm":"Castleton","Post_Code":"05735","GlobalID":"1f713cfb-a201-4de8-b834-947dee038ae8","Category":"Residential"}},
{"type":"Feature","id":2901,"geometry":{"type":"Point","coordinates":[-73.128056190896,43.7085694128093]},"properties":{"OBJECTID":2901,"ESITEID":130700,"PRIMARYNAME":"BIDDIE KNOB RD  ","ALIAS1":"","ALIAS2":"","ALIAS3":"","ALIAS4":"","ALIAS5":"","PRIMARYADDRESS":"174 BIDDIE KNOB RD","SITETYPE":"Single Family Dwelling","MAPYEAR":"Thu, 01 Jan 1998 00:00:00 GMT","SITETYPE_MULTI1":"","SITETYPE_MULTI2":"","SITETYPE_MULTI3":"","YearBuilt":null,"YearBuiltSrc":null,"YearBuiltNotes":"","ResUnitCnt":1,"NonResUnitCnt":0,"DateUpdate":"Fri, 27 Jan 2023 22:17:58 GMT","County":"Rutland County","Inc_Muni":"Hubbardton","AddNum_Pre":null,"Add_Number":174,"AddNum_Suf":"","St_PreMod":"","St_PreDir":"","St_PreTyp":"","St_PreSep":"","St_Name":"Biddie Knob","St_PosTyp":"Road","St_PosDir":"","St_PosMod":"","ESN":"328","Post_Comm":"Castleton","Post_Code":"05735","GlobalID":"6318dcbf-2020-4363-8827-32f6997c3afa","Category":"Residential"}},
{"type":"Feature","id":317987,"geometry":{"type":"Point","coordinates":[-73.1704144543088,43.7081923432826]},"properties":{"OBJECTID":317987,"ESITEID":130701,"PRIMARYNAME":"MONUMENT HILL RD","ALIAS1":"","ALIAS2":"","ALIAS3":"","ALIAS4":"","ALIAS5":"","PRIMARYADDRESS":"948 MONUMENT HILL RD","SITETYPE":"Single Family Dwelling","MAPYEAR":"Thu, 01 Jan 1998 00:00:00 GMT","SITETYPE_MULTI1":"","SITETYPE_MULTI2":"","SITETYPE_MULTI3":"","YearBuilt":null,"YearBuiltSrc":null,"YearBuiltNotes":"","ResUnitCnt":1,"NonResUnitCnt":0,"DateUpdate":"Fri, 24 Jan 2025 13:18:45 GMT","County":"Rutland County","Inc_Muni":"Hubbardton","AddNum_Pre":null,"Add_Number":948,"AddNum_Suf":"","St_PreMod":"","St_PreDir":" ","St_PreTyp":"","St_PreSep":"","St_Name":"Monument Hill","St_PosTyp":"Road","St_PosDir":" ","St_PosMod":"","ESN":"328","Post_Comm":"Castleton","Post_Code":"05735","GlobalID":"ecbcdc93-f47c-4a29-8b36-e236e7efa44f","Category":"Residential"}},
{"type":"Feature","id":41593,"geometry":{"type":"Point","coordinates":[-73.1854127054223,43.7077974775331]},"properties":{"OBJECTID":41593,"ESITEID":130702,"PRIMARYNAME":"VT ROUTE 30","ALIAS1":"","ALIAS2":"","ALIAS3":"","ALIAS4":"","ALIAS5":"","PRIMARYADDRESS":"2041 VT ROUTE 30","SITETYPE":"Single Family Dwelling","MAPYEAR":"Thu, 01 Jan 1998 00:00:00 GMT","SITETYPE_MULTI1":"","SITETYPE_MULTI2":"","SITETYPE_MULTI3":"","YearBuilt":null,"YearBuiltSrc":null,"YearBuiltNotes":"","ResUnitCnt":1,"NonResUnitCnt":0,"DateUpdate":"Wed, 21 Dec 2022 10:30:53 GMT","County":"Rutland County","Inc_Muni":"Hubbardton","AddNum_Pre":null,"Add_Number":2041,"AddNum_Suf":"","St_PreMod":"","St_PreDir":"","St_PreTyp":"Vermont Route","St_PreSep":"","St_Name":"30","St_PosTyp":"","St_PosDir":"","St_PosMod":"","ESN":"328","Post_Comm":"Bomoseen","Post_Code":"05732","GlobalID":"195264a2-3def-46d1-b2f7-3f857d587bbc","Category":"Residential"}},
{"type":"Feature","id":298964,"geometry":{"type":"Point","coordinates":[-73.1721316051288,43.707642533776]},"properties":{"OBJECTID":298964,"ESITEID":130703,"PRIMARYNAME":"WOODS RD  ","ALIAS1":"","ALIAS2":"","ALIAS3":"","ALIAS4":"","ALIAS5":"","PRIMARYADDRESS":"16 WOODS RD","SITETYPE":"Single Family Dwelling","MAPYEAR":"Thu, 01 Jan 1998 00:00:00 GMT","SITETYPE_MULTI1":"","SITETYPE_MULTI2":"","SITETYPE_MULTI3":"","YearBuilt":null,"YearBuiltSrc":null,"YearBuiltNotes":"","ResUnitCnt":1,"NonResUnitCnt":0,"DateUpdate":"Fri, 27 Jan 2023 22:18:14 GMT","County":"Rutland County","Inc_Muni":"Hubbardton","AddNum_Pre":null,"Add_Number":16,"AddNum_Suf":"","St_PreMod":"","St_PreDir":"","St_PreTyp":"","St_PreSep":"","St_Name":"Woods","St_PosTyp":"Road","St_PosDir":"","St_PosMod":"","ESN":"328","Post_Comm":"Castleton","Post_Code":"05735","GlobalID":"90cf1cf9-296b-478c-b111-5af5cc1addac","Category":"Residential"}},
{"type":"Feature","id":31720,"geometry":{"type":"Point","coordinates":[-73.1856398036426,43.707501680379]},"properties":{"OBJECTID":31720,"ESITEID":130704,"PRIMARYNAME":"VT ROUTE 30","ALIAS1":"","ALIAS2":"","ALIAS3":"","ALIAS4":"","ALIAS5":"","PRIMARYADDRESS":"2039 VT ROUTE 30","SITETYPE":"General Business Service","MAPYEAR":"Thu, 01 Jan 1998 00:00:00 GMT","SITETYPE_MULTI1":"","SITETYPE_MULTI2":"","SITETYPE_MULTI3":"","YearBuilt":null,"YearBuiltSrc":null,"YearBuiltNotes":"","ResUnitCnt":1,"NonResUnitCnt":0,"DateUpdate":"Fri, 27 Jan 2023 23:47:30 GMT","County":"Rutland County","Inc_Muni":"Hubbardton","AddNum_Pre":null,"Add_Number":2039,"AddNum_Suf":"","St_PreMod":"","St_PreDir":"","St_PreTyp":"Vermont Route","St_PreSep":"","St_Name":"30","St_PosTyp":"","St_PosDir":"","St_PosMod":"","ESN":"328","Post_Comm":"Bomoseen","Post_Code":"05732","GlobalID":"076e8a3d-19e2-4092-aef7-738512c4df70","Category":"Commercial"}},
{"type":"Feature","id":327566,"geometry":{"type":"Point","coordinates":[-73.1223548517371,43.7079840434788]},"properties":{"OBJECTID":327566,"ESITEID":130705,"PRIMARYNAME":"BIDDIE KNOB RD  ","ALIAS1":"","ALIAS2":"","ALIAS3":"","ALIAS4":"","ALIAS5":"","PRIMARYADDRESS":"430 BIDDIE KNOB RD","SITETYPE":"Camp","MAPYEAR":"Thu, 01 Jan 1998 00:00:00 GMT","SITETYPE_MULTI1":"","SITETYPE_MULTI2":"","SITETYPE_MULTI3":"","YearBuilt":null,"YearBuiltSrc":null,"YearBuiltNotes":"","ResUnitCnt":1,"NonResUnitCnt":0,"DateUpdate":"Fri, 27 Jan 2023 22:17:58 GMT","County":"Rutland County","Inc_Muni":"Hubbardton","AddNum_Pre":null,"Add_Number":430,"AddNum_Suf":"","St_PreMod":"","St_PreDir":"","St_PreTyp":"","St_PreSep":"","St_Name":"Biddie Knob","St_PosTyp":"Road","St_PosDir":"","St_PosMod":"","ESN":"328","Post_Comm":"Castleton","Post_Code":"05735","GlobalID":"2acc7a95-c49d-4389-b66f-33cdedef3a88","Category":"Residential"}},
{"type":"Feature","id":116462,"geometry":{"type":"Point","coordinates":[-73.1312855452972,43.7076490509574]},"properties":{"OBJECTID":116462,"ESITEID":130706,"PRIMARYNAME":"MONUMENT HILL RD","ALIAS1":"","ALIAS2":"","ALIAS3":"","ALIAS4":"","ALIAS5":"","PRIMARYADDRESS":"4801 MONUMENT HILL RD","SITETYPE":"Single Family Dwelling","MAPYEAR":"Thu, 01 Jan 1998 00:00:00 GMT","SITETYPE_MULTI1":"","SITETYPE_MULTI2":"","SITETYPE_MULTI3":"","YearBuilt":null,"YearBuiltSrc":null,"YearBuiltNotes":"","ResUnitCnt":1,"NonResUnitCnt":0,"DateUpdate":"Fri, 27 Jan 2023 21:21:45 GMT","County":"Rutland County","Inc_Muni":"Hubbardton","AddNum_Pre":null,"Add_Number":4801,"AddNum_Suf":"","St_PreMod":"","St_PreDir":"","St_PreTyp":"","St_PreSep":"","St_Name":"Monument Hill","St_PosTyp":"Road","St_PosDir":"","St_PosMod":"","ESN":"328","Post_Comm":"Castleton","Post_Code":"05735","GlobalID":"20d92918-46ca-4d7c-86c8-50509d771675","Category":"Residential"}},
{"type":"Feature","id":279331,"geometry":{"type":"Point","coordinates":[-73.183070880251,43.7071966765317]},"properties":{"OBJECTID":279331,"ESITEID":130707,"PRIMARYNAME":"MONUMENT HILL RD","ALIAS1":"","ALIAS2":"","ALIAS3":"","ALIAS4":"","ALIAS5":"","PRIMARYADDRESS":"68 MONUMENT HILL RD","SITETYPE":"Single Family Dwelling","MAPYEAR":"Thu, 01 Jan 1998 00:00:00 GMT","SITETYPE_MULTI1":"","SITETYPE_MULTI2":"","SITETYPE_MULTI3":"","YearBuilt":null,"YearBuiltSrc":null,"YearBuiltNotes":"","ResUnitCnt":1,"NonResUnitCnt":0,"DateUpdate":"Thu, 10 Aug 2023 16:27:48 GMT","County":"Rutland County","Inc_Muni":"Hubbardton","AddNum_Pre":null,"Add_Number":68,"AddNum_Suf":"","St_PreMod":"","St_PreDir":"","St_PreTyp":"","St_PreSep":"","St_Name":"Monument Hill","St_PosTyp":"Road","St_PosDir":"","St_PosMod":"","ESN":"328","Post_Comm":"Bomoseen","Post_Code":"05732","GlobalID":"2a2ebd1b-3449-4524-9e87-60417b5d9306","Category":"Residential"}},
{"type":"Feature","id":41729,"geometry":{"type":"Point","coordinates":[-73.1844929221761,43.7066924712697]},"properties":{"OBJECTID":41729,"ESITEID":130708,"PRIMARYNAME":"VT ROUTE 30","ALIAS1":"","ALIAS2":"","ALIAS3":"","ALIAS4":"","ALIAS5":"","PRIMARYADDRESS":"1994 VT ROUTE 30","SITETYPE":"Single Family Dwelling","MAPYEAR":"Thu, 01 Jan 1998 00:00:00 GMT","SITETYPE_MULTI1":"","SITETYPE_MULTI2":"","SITETYPE_MULTI3":"","YearBuilt":null,"YearBuiltSrc":null,"YearBuiltNotes":"","ResUnitCnt":1,"NonResUnitCnt":0,"DateUpdate":"Tue, 15 Jul 2025 10:44:15 GMT","County":"Rutland County","Inc_Muni":"Hubbardton","AddNum_Pre":null,"Add_Number":1994,"AddNum_Suf":"","St_PreMod":"","St_PreDir":"","St_PreTyp":"Vermont Route","St_PreSep":"","St_Name":"30","St_PosTyp":"","St_PosDir":"","St_PosMod":"","ESN":"328","Post_Comm":"Bomoseen","Post_Code":"05732","GlobalID":"d82636fe-75ae-4978-a30a-c12aa3026d0f","Category":"Residential"}},
{"type":"Feature","id":119990,"geometry":{"type":"Point","coordinates":[-73.1851924374316,43.706084017654]},"properties":{"OBJECTID":119990,"ESITEID":130709,"PRIMARYNAME":"VT ROUTE 30","ALIAS1":"","ALIAS2":"","ALIAS3":"","ALIAS4":"","ALIAS5":"","PRIMARYADDRESS":"1985 VT ROUTE 30","SITETYPE":"Religious \/ Spiritual Facility","MAPYEAR":"Thu, 01 Jan 1998 00:00:00 GMT","SITETYPE_MULTI1":"","SITETYPE_MULTI2":"","SITETYPE_MULTI3":"","YearBuilt":null,"YearBuiltSrc":null,"YearBuiltNotes":"","ResUnitCnt":1,"NonResUnitCnt":0,"DateUpdate":"Tue, 15 Jul 2025 10:42:07 GMT","County":"Rutland County","Inc_Muni":"Hubbardton","AddNum_Pre":null,"Add_Number":1985,"AddNum_Suf":"","St_PreMod":"","St_PreDir":"","St_PreTyp":"Vermont Route","St_PreSep":"","St_Name":"30","St_PosTyp":"","St_PosDir":"","St_PosMod":"","ESN":"328","Post_Comm":"Bomoseen","Post_Code":"05732","GlobalID":"e29145c8-6a58-4a6a-88a5-6ea6be8e490c","Category":"Public Gathering"}},
{"type":"Feature","id":316112,"geometry":{"type":"Point","coordinates":[-73.1730970757323,43.7063381966841]},"properties":{"OBJECTID":316112,"ESITEID":130710,"PRIMARYNAME":"DAVIS RD  ","ALIAS1":"","ALIAS2":"","ALIAS3":"","ALIAS4":"","ALIAS5":"","PRIMARYADDRESS":"104 DAVIS RD","SITETYPE":"Camp","MAPYEAR":"Thu, 01 Jan 1998 00:00:00 GMT","SITETYPE_MULTI1":"","SITETYPE_MULTI2":"","SITETYPE_MULTI3":"","YearBuilt":null,"YearBuiltSrc":null,"YearBuiltNotes":"","ResUnitCnt":1,"NonResUnitCnt":0,"DateUpdate":"Fri, 27 Jan 2023 22:17:59 GMT","County":"Rutland County","Inc_Muni":"Hubbardton","AddNum_Pre":null,"Add_Number":104,"AddNum_Suf":"","St_PreMod":"","St_PreDir":" ","St_PreTyp":"","St_PreSep":"","St_Name":"Davis","St_PosTyp":"Road","St_PosDir":" ","St_PosMod":"","ESN":"328","Post_Comm":"Castleton","Post_Code":"05735","GlobalID":"c49d0c63-2fed-4961-89f0-6652d842bb16","Category":"Residential"}},
{"type":"Feature","id":310712,"geometry":{"type":"Point","coordinates":[-73.132063200991,43.706767367205]},"properties":{"OBJECTID":310712,"ESITEID":130711,"PRIMARYNAME":"MONUMENT HILL RD","ALIAS1":"","ALIAS2":"","ALIAS3":"","ALIAS4":"","ALIAS5":"","PRIMARYADDRESS":"4813 MONUMENT HILL RD","SITETYPE":"Mobile Home","MAPYEAR":"Thu, 01 Jan 1998 00:00:00 GMT","SITETYPE_MULTI1":"","SITETYPE_MULTI2":"","SITETYPE_MULTI3":"","YearBuilt":null,"YearBuiltSrc":null,"YearBuiltNotes":"","ResUnitCnt":1,"NonResUnitCnt":0,"DateUpdate":"Fri, 27 Jan 2023 21:21:45 GMT","County":"Rutland County","Inc_Muni":"Hubbardton","AddNum_Pre":null,"Add_Number":4813,"AddNum_Suf":"","St_PreMod":"","St_PreDir":"","St_PreTyp":"","St_PreSep":"","St_Name":"Monument Hill","St_PosTyp":"Road","St_PosDir":"","St_PosMod":"","ESN":"328","Post_Comm":"Castleton","Post_Code":"05735","GlobalID":"bacc9e6c-b6ab-48e1-bb6a-4eb968fbd302","Category":"Residential"}},
{"type":"Feature","id":353297,"geometry":{"type":"Point","coordinates":[-73.2281524928303,43.7062375068275]},"properties":{"OBJECTID":353297,"ESITEID":130712,"PRIMARYNAME":"BLACK POND RD","ALIAS1":"","ALIAS2":"","ALIAS3":"","ALIAS4":"","ALIAS5":"","PRIMARYADDRESS":"1072 BLACK POND RD","SITETYPE":"Camp","MAPYEAR":"Thu, 01 Jan 1998 00:00:00 GMT","SITETYPE_MULTI1":"","SITETYPE_MULTI2":"","SITETYPE_MULTI3":"","YearBuilt":null,"YearBuiltSrc":null,"YearBuiltNotes":"","ResUnitCnt":1,"NonResUnitCnt":0,"DateUpdate":"Tue, 18 Apr 2017 15:26:58 GMT","County":"Rutland County","Inc_Muni":"Hubbardton","AddNum_Pre":null,"Add_Number":1072,"AddNum_Suf":"","St_PreMod":"","St_PreDir":" ","St_PreTyp":"","St_PreSep":"","St_Name":"Black Pond","St_PosTyp":"Road","St_PosDir":" ","St_PosMod":"","ESN":"328","Post_Comm":"Fair Haven","Post_Code":"05743","GlobalID":"618ee48d-123b-4401-9a4c-929e1d34b4ed","Category":"Residential"}},
{"type":"Feature","id":91261,"geometry":{"type":"Point","coordinates":[-73.1741957082973,43.7058079549035]},"properties":{"OBJECTID":91261,"ESITEID":130713,"PRIMARYNAME":"DAVIS RD  ","ALIAS1":"","ALIAS2":"","ALIAS3":"","ALIAS4":"","ALIAS5":"","PRIMARYADDRESS":"166 DAVIS RD","SITETYPE":"Single Family Dwelling","MAPYEAR":"Thu, 01 Jan 1998 00:00:00 GMT","SITETYPE_MULTI1":"","SITETYPE_MULTI2":"","SITETYPE_MULTI3":"","YearBuilt":null,"YearBuiltSrc":null,"YearBuiltNotes":"","ResUnitCnt":1,"NonResUnitCnt":0,"DateUpdate":"Fri, 27 Jan 2023 22:17:59 GMT","County":"Rutland County","Inc_Muni":"Hubbardton","AddNum_Pre":null,"Add_Number":166,"AddNum_Suf":"","St_PreMod":"","St_PreDir":" ","St_PreTyp":"","St_PreSep":"","St_Name":"Davis","St_PosTyp":"Road","St_PosDir":" ","St_PosMod":"","ESN":"328","Post_Comm":"Castleton","Post_Code":"05735","GlobalID":"563fefef-e1f8-4e8c-949d-f98ff6faa99b","Category":"Residential"}},
{"type":"Feature","id":182845,"geometry":{"type":"Point","coordinates":[-73.1845698582218,43.7058220214527]},"properties":{"OBJECTID":182845,"ESITEID":130714,"PRIMARYNAME":"VT ROUTE 30","ALIAS1":"","ALIAS2":"","ALIAS3":"","ALIAS4":"","ALIAS5":"","PRIMARYADDRESS":"1924 VT ROUTE 30","SITETYPE":"Single Family Dwelling","MAPYEAR":"Thu, 01 Jan 1998 00:00:00 GMT","SITETYPE_MULTI1":"","SITETYPE_MULTI2":"","SITETYPE_MULTI3":"","YearBuilt":null,"YearBuiltSrc":null,"YearBuiltNotes":"","ResUnitCnt":1,"NonResUnitCnt":0,"DateUpdate":"Thu, 13 Jun 2024 13:33:52 GMT","County":"Rutland County","Inc_Muni":"Hubbardton","AddNum_Pre":null,"Add_Number":1924,"AddNum_Suf":"","St_PreMod":"","St_PreDir":"","St_PreTyp":"Vermont Route","St_PreSep":"","St_Name":"30","St_PosTyp":"","St_PosDir":"","St_PosMod":"","ESN":"328","Post_Comm":"Bomoseen","Post_Code":"05732","GlobalID":"f021c69d-9079-4fe7-9f23-89a37355e905","Category":"Residential"}},
{"type":"Feature","id":76496,"geometry":{"type":"Point","coordinates":[-73.1723003902154,43.7057845488858]},"properties":{"OBJECTID":76496,"ESITEID":130715,"PRIMARYNAME":"WOODS RD  ","ALIAS1":"","ALIAS2":"","ALIAS3":"","ALIAS4":"","ALIAS5":"","PRIMARYADDRESS":"190 WOODS RD","SITETYPE":"Single Family Dwelling","MAPYEAR":"Thu, 01 Jan 1998 00:00:00 GMT","SITETYPE_MULTI1":"","SITETYPE_MULTI2":"","SITETYPE_MULTI3":"","YearBuilt":null,"YearBuiltSrc":null,"YearBuiltNotes":"","ResUnitCnt":1,"NonResUnitCnt":0,"DateUpdate":"Fri, 27 Jan 2023 22:18:14 GMT","County":"Rutland County","Inc_Muni":"Hubbardton","AddNum_Pre":null,"Add_Number":190,"AddNum_Suf":"","St_PreMod":"","St_PreDir":"","St_PreTyp":"","St_PreSep":"","St_Name":"Woods","St_PosTyp":"Road","St_PosDir":"","St_PosMod":"","ESN":"328","Post_Comm":"Castleton","Post_Code":"05735","GlobalID":"c16a08e4-ae1e-424f-b0bf-9e22f2545053","Category":"Residential"}},
{"type":"Feature","id":115442,"geometry":{"type":"Point","coordinates":[-73.1856359024444,43.7055211433835]},"properties":{"OBJECTID":115442,"ESITEID":130716,"PRIMARYNAME":"VT ROUTE 30","ALIAS1":"","ALIAS2":"","ALIAS3":"","ALIAS4":"","ALIAS5":"","PRIMARYADDRESS":"1909 VT ROUTE 30","SITETYPE":"Accessory Barn","MAPYEAR":"Thu, 01 Jan 1998 00:00:00 GMT","SITETYPE_MULTI1":"","SITETYPE_MULTI2":"","SITETYPE_MULTI3":"","YearBuilt":null,"YearBuiltSrc":null,"YearBuiltNotes":"","ResUnitCnt":1,"NonResUnitCnt":0,"DateUpdate":"Tue, 15 Jul 2025 10:43:46 GMT","County":"Rutland County","Inc_Muni":"Hubbardton","AddNum_Pre":null,"Add_Number":1909,"AddNum_Suf":"","St_PreMod":"","St_PreDir":"","St_PreTyp":"Vermont Route","St_PreSep":"","St_Name":"30","St_PosTyp":"","St_PosDir":"","St_PosMod":"","ESN":"328","Post_Comm":"Bomoseen","Post_Code":"05732","GlobalID":"fbbdef9d-ff8e-42e0-a45c-9ac07aa41a07","Category":"Residential"}},
{"type":"Feature","id":85848,"geometry":{"type":"Point","coordinates":[-73.2252592630175,43.7051556391016]},"properties":{"OBJECTID":85848,"ESITEID":130717,"PRIMARYNAME":"TOMS LN  ","ALIAS1":"","ALIAS2":"","ALIAS3":"","ALIAS4":"","ALIAS5":"","PRIMARYADDRESS":"120 TOMS LN","SITETYPE":"Single Family Dwelling","MAPYEAR":"Thu, 01 Jan 1998 00:00:00 GMT","SITETYPE_MULTI1":"","SITETYPE_MULTI2":"","SITETYPE_MULTI3":"","YearBuilt":null,"YearBuiltSrc":null,"YearBuiltNotes":"","ResUnitCnt":1,"NonResUnitCnt":0,"DateUpdate":"Fri, 27 Jan 2023 21:32:24 GMT","County":"Rutland County","Inc_Muni":"Hubbardton","AddNum_Pre":null,"Add_Number":120,"AddNum_Suf":"","St_PreMod":"","St_PreDir":" ","St_PreTyp":"","St_PreSep":"","St_Name":"Toms","St_PosTyp":"Lane","St_PosDir":" ","St_PosMod":"","ESN":"328","Post_Comm":"Fair Haven","Post_Code":"05743","GlobalID":"289d1a72-ff95-4be8-a8fa-81379bee33a8","Category":"Residential"}},
{"type":"Feature","id":58546,"geometry":{"type":"Point","coordinates":[-73.2306741356034,43.7044162984163]},"properties":{"OBJECTID":58546,"ESITEID":130718,"PRIMARYNAME":"BLACK POND RD","ALIAS1":"","ALIAS2":"","ALIAS3":"","ALIAS4":"","ALIAS5":"","PRIMARYADDRESS":"1162 BLACK POND RD","SITETYPE":"Camp","MAPYEAR":"Thu, 01 Jan 1998 00:00:00 GMT","SITETYPE_MULTI1":"","SITETYPE_MULTI2":"","SITETYPE_MULTI3":"","YearBuilt":null,"YearBuiltSrc":null,"YearBuiltNotes":"","ResUnitCnt":1,"NonResUnitCnt":0,"DateUpdate":"Wed, 13 Nov 2024 21:32:31 GMT","County":"Rutland County","Inc_Muni":"Hubbardton","AddNum_Pre":null,"Add_Number":1162,"AddNum_Suf":"","St_PreMod":"","St_PreDir":" ","St_PreTyp":"","St_PreSep":"","St_Name":"Black Pond","St_PosTyp":"Road","St_PosDir":" ","St_PosMod":"","ESN":"328","Post_Comm":"Fair Haven","Post_Code":"05743","GlobalID":"ab0d7847-35c1-45c8-90c9-0acb0c3c5499","Category":"Residential"}},
{"type":"Feature","id":218603,"geometry":{"type":"Point","coordinates":[-73.2259216193886,43.7050044490243]},"properties":{"OBJECTID":218603,"ESITEID":130719,"PRIMARYNAME":"TOMS LN  ","ALIAS1":"","ALIAS2":"","ALIAS3":"","ALIAS4":"","ALIAS5":"","PRIMARYADDRESS":"72 TOMS LN","SITETYPE":"Camp","MAPYEAR":"Thu, 01 Jan 1998 00:00:00 GMT","SITETYPE_MULTI1":"","SITETYPE_MULTI2":"","SITETYPE_MULTI3":"","YearBuilt":null,"YearBuiltSrc":null,"YearBuiltNotes":"","ResUnitCnt":1,"NonResUnitCnt":0,"DateUpdate":"Wed, 13 Nov 2024 21:34:17 GMT","County":"Rutland County","Inc_Muni":"Hubbardton","AddNum_Pre":null,"Add_Number":72,"AddNum_Suf":"","St_PreMod":"","St_PreDir":" ","St_PreTyp":"","St_PreSep":"","St_Name":"Toms","St_PosTyp":"Lane","St_PosDir":" ","St_PosMod":"","ESN":"328","Post_Comm":"Fair Haven","Post_Code":"05743","GlobalID":"aff39b85-41c6-455e-aeaf-34c9479aba9a","Category":"Residential"}},
{"type":"Feature","id":289408,"geometry":{"type":"Point","coordinates":[-73.174476150867,43.7053698138987]},"properties":{"OBJECTID":289408,"ESITEID":130720,"PRIMARYNAME":"DAVIS RD  ","ALIAS1":"","ALIAS2":"","ALIAS3":"","ALIAS4":"","ALIAS5":"","PRIMARYADDRESS":"198 DAVIS RD","SITETYPE":"Residential Other","MAPYEAR":"Thu, 01 Jan 1998 00:00:00 GMT","SITETYPE_MULTI1":"","SITETYPE_MULTI2":"","SITETYPE_MULTI3":"","YearBuilt":null,"YearBuiltSrc":null,"YearBuiltNotes":"","ResUnitCnt":1,"NonResUnitCnt":0,"DateUpdate":"Fri, 27 Jan 2023 22:17:59 GMT","County":"Rutland County","Inc_Muni":"Hubbardton","AddNum_Pre":null,"Add_Number":198,"AddNum_Suf":"","St_PreMod":"","St_PreDir":" ","St_PreTyp":"","St_PreSep":"","St_Name":"Davis","St_PosTyp":"Road","St_PosDir":" ","St_PosMod":"","ESN":"328","Post_Comm":"Castleton","Post_Code":"05735","GlobalID":"03baa04b-3924-428b-a3fd-fe8a30a959bd","Category":"Residential"}},
{"type":"Feature","id":181371,"geometry":{"type":"Point","coordinates":[-73.1727207350402,43.705252925525]},"properties":{"OBJECTID":181371,"ESITEID":130721,"PRIMARYNAME":"WOODS RD  ","ALIAS1":"","ALIAS2":"","ALIAS3":"","ALIAS4":"","ALIAS5":"","PRIMARYADDRESS":"226 WOODS RD","SITETYPE":"Single Family Dwelling","MAPYEAR":"Thu, 01 Jan 1998 00:00:00 GMT","SITETYPE_MULTI1":"","SITETYPE_MULTI2":"","SITETYPE_MULTI3":"","YearBuilt":null,"YearBuiltSrc":null,"YearBuiltNotes":"","ResUnitCnt":1,"NonResUnitCnt":0,"DateUpdate":"Fri, 27 Jan 2023 22:18:14 GMT","County":"Rutland County","Inc_Muni":"Hubbardton","AddNum_Pre":null,"Add_Number":226,"AddNum_Suf":"","St_PreMod":"","St_PreDir":"","St_PreTyp":"","St_PreSep":"","St_Name":"Woods","St_PosTyp":"Road","St_PosDir":"","St_PosMod":"","ESN":"328","Post_Comm":"Castleton","Post_Code":"05735","GlobalID":"edb00017-308a-4fdb-be43-36834acc29eb","Category":"Residential"}},
{"type":"Feature","id":317271,"geometry":{"type":"Point","coordinates":[-73.2265410021691,43.7048542771298]},"properties":{"OBJECTID":317271,"ESITEID":130722,"PRIMARYNAME":"TOMS LN  ","ALIAS1":"","ALIAS2":"","ALIAS3":"","ALIAS4":"","ALIAS5":"","PRIMARYADDRESS":"40 TOMS LN","SITETYPE":"Camp","MAPYEAR":"Thu, 01 Jan 1998 00:00:00 GMT","SITETYPE_MULTI1":"","SITETYPE_MULTI2":"","SITETYPE_MULTI3":"","YearBuilt":null,"YearBuiltSrc":null,"YearBuiltNotes":"","ResUnitCnt":1,"NonResUnitCnt":0,"DateUpdate":"Fri, 27 Jan 2023 21:32:24 GMT","County":"Rutland County","Inc_Muni":"Hubbardton","AddNum_Pre":null,"Add_Number":40,"AddNum_Suf":"","St_PreMod":"","St_PreDir":" ","St_PreTyp":"","St_PreSep":"","St_Name":"Toms","St_PosTyp":"Lane","St_PosDir":" ","St_PosMod":"","ESN":"328","Post_Comm":"Fair Haven","Post_Code":"05743","GlobalID":"36e0898b-5ee1-40d9-afeb-41d448760b33","Category":"Residential"}},
{"type":"Feature","id":292269,"geometry":{"type":"Point","coordinates":[-73.1746458412897,43.7051594560019]},"properties":{"OBJECTID":292269,"ESITEID":130723,"PRIMARYNAME":"DAVIS RD  ","ALIAS1":"","ALIAS2":"","ALIAS3":"","ALIAS4":"","ALIAS5":"","PRIMARYADDRESS":"208 DAVIS RD","SITETYPE":"Single Family Dwelling","MAPYEAR":"Thu, 01 Jan 1998 00:00:00 GMT","SITETYPE_MULTI1":"","SITETYPE_MULTI2":"","SITETYPE_MULTI3":"","YearBuilt":null,"YearBuiltSrc":null,"YearBuiltNotes":"","ResUnitCnt":1,"NonResUnitCnt":0,"DateUpdate":"Fri, 27 Jan 2023 22:17:59 GMT","County":"Rutland County","Inc_Muni":"Hubbardton","AddNum_Pre":null,"Add_Number":208,"AddNum_Suf":"","St_PreMod":"","St_PreDir":" ","St_PreTyp":"","St_PreSep":"","St_Name":"Davis","St_PosTyp":"Road","St_PosDir":" ","St_PosMod":"","ESN":"328","Post_Comm":"Castleton","Post_Code":"05735","GlobalID":"ac8e05e7-7589-4bda-9266-0730973aa697","Category":"Residential"}},
{"type":"Feature","id":266692,"geometry":{"type":"Point","coordinates":[-73.2244042391985,43.7048782036723]},"properties":{"OBJECTID":266692,"ESITEID":130724,"PRIMARYNAME":"TOMS LN  ","ALIAS1":"","ALIAS2":"","ALIAS3":"","ALIAS4":"","ALIAS5":"","PRIMARYADDRESS":"160 TOMS LN","SITETYPE":"Camp","MAPYEAR":"Thu, 01 Jan 1998 00:00:00 GMT","SITETYPE_MULTI1":"","SITETYPE_MULTI2":"","SITETYPE_MULTI3":"","YearBuilt":null,"YearBuiltSrc":null,"YearBuiltNotes":"","ResUnitCnt":1,"NonResUnitCnt":0,"DateUpdate":"Wed, 13 Nov 2024 21:31:18 GMT","County":"Rutland County","Inc_Muni":"Hubbardton","AddNum_Pre":null,"Add_Number":160,"AddNum_Suf":"","St_PreMod":"","St_PreDir":" ","St_PreTyp":"","St_PreSep":"","St_Name":"Toms","St_PosTyp":"Lane","St_PosDir":" ","St_PosMod":"","ESN":"328","Post_Comm":"Fair Haven","Post_Code":"05743","GlobalID":"474be6ca-7a99-447b-b5b5-69b8dd0bf86b","Category":"Residential"}},
{"type":"Feature","id":38,"geometry":{"type":"Point","coordinates":[-73.2266554410875,43.7046902451934]},"properties":{"OBJECTID":38,"ESITEID":130725,"PRIMARYNAME":"TOMS LN  ","ALIAS1":"","ALIAS2":"","ALIAS3":"","ALIAS4":"","ALIAS5":"","PRIMARYADDRESS":"42 TOMS LN","SITETYPE":"Camp","MAPYEAR":"Thu, 01 Jan 1998 00:00:00 GMT","SITETYPE_MULTI1":"","SITETYPE_MULTI2":"","SITETYPE_MULTI3":"","YearBuilt":null,"YearBuiltSrc":null,"YearBuiltNotes":"","ResUnitCnt":1,"NonResUnitCnt":0,"DateUpdate":"Fri, 27 Jan 2023 21:32:24 GMT","County":"Rutland County","Inc_Muni":"Hubbardton","AddNum_Pre":null,"Add_Number":42,"AddNum_Suf":"","St_PreMod":"","St_PreDir":" ","St_PreTyp":"","St_PreSep":"","St_Name":"Toms","St_PosTyp":"Lane","St_PosDir":" ","St_PosMod":"","ESN":"328","Post_Comm":"Fair Haven","Post_Code":"05743","GlobalID":"f5838a6c-d788-4f76-8461-2aedea393882","Category":"Residential"}},
{"type":"Feature","id":142224,"geometry":{"type":"Point","coordinates":[-73.211520882261,43.7060002549964]},"properties":{"OBJECTID":142224,"ESITEID":130726,"PRIMARYNAME":"BOBS DR","ALIAS1":"","ALIAS2":"","ALIAS3":"","ALIAS4":"","ALIAS5":"","PRIMARYADDRESS":"665 BOBS DR","SITETYPE":"Camp","MAPYEAR":"Thu, 01 Jan 1998 00:00:00 GMT","SITETYPE_MULTI1":"","SITETYPE_MULTI2":"","SITETYPE_MULTI3":"","YearBuilt":null,"YearBuiltSrc":null,"YearBuiltNotes":"","ResUnitCnt":1,"NonResUnitCnt":0,"DateUpdate":"Thu, 10 Mar 2016 09:58:35 GMT","County":"Rutland County","Inc_Muni":"Hubbardton","AddNum_Pre":null,"Add_Number":665,"AddNum_Suf":"","St_PreMod":"","St_PreDir":" ","St_PreTyp":"","St_PreSep":"","St_Name":"Bobs","St_PosTyp":"Drive","St_PosDir":"","St_PosMod":"","ESN":"328","Post_Comm":"Fair Haven","Post_Code":"05743","GlobalID":"b94ca2f2-ac19-44cb-8949-7920ddeb534d","Category":"Residential"}},
{"type":"Feature","id":300372,"geometry":{"type":"Point","coordinates":[-73.1855510911958,43.7025951961369]},"properties":{"OBJECTID":300372,"ESITEID":130727,"PRIMARYNAME":"VT ROUTE 30","ALIAS1":"","ALIAS2":"","ALIAS3":"","ALIAS4":"","ALIAS5":"","PRIMARYADDRESS":"1711 VT ROUTE 30","SITETYPE":"Single Family Dwelling","MAPYEAR":"Thu, 01 Jan 1998 00:00:00 GMT","SITETYPE_MULTI1":"","SITETYPE_MULTI2":"","SITETYPE_MULTI3":"","YearBuilt":null,"YearBuiltSrc":null,"YearBuiltNotes":"","ResUnitCnt":1,"NonResUnitCnt":0,"DateUpdate":"Thu, 13 Jun 2024 13:33:41 GMT","County":"Rutland County","Inc_Muni":"Hubbardton","AddNum_Pre":"","Add_Number":1711,"AddNum_Suf":"","St_PreMod":"","St_PreDir":"","St_PreTyp":"Vermont Route","St_PreSep":"","St_Name":"30","St_PosTyp":"","St_PosDir":"","St_PosMod":"","ESN":"328","Post_Comm":"Bomoseen","Post_Code":"05732","GlobalID":"d07faf70-082a-43fe-b42c-a9ad8f9da6c1","Category":"Residential"}},
{"type":"Feature","id":53961,"geometry":{"type":"Point","coordinates":[-73.1345457306518,43.7027752709923]},"properties":{"OBJECTID":53961,"ESITEID":130728,"PRIMARYNAME":"MONUMENT HILL RD","ALIAS1":"","ALIAS2":"","ALIAS3":"","ALIAS4":"","ALIAS5":"","PRIMARYADDRESS":"4969 MONUMENT HILL RD","SITETYPE":"Camp","MAPYEAR":"Thu, 01 Jan 1998 00:00:00 GMT","SITETYPE_MULTI1":"","SITETYPE_MULTI2":"","SITETYPE_MULTI3":"","YearBuilt":null,"YearBuiltSrc":null,"YearBuiltNotes":"","ResUnitCnt":1,"NonResUnitCnt":0,"DateUpdate":"Fri, 27 Jan 2023 21:21:45 GMT","County":"Rutland County","Inc_Muni":"Hubbardton","AddNum_Pre":null,"Add_Number":4969,"AddNum_Suf":"","St_PreMod":"","St_PreDir":"","St_PreTyp":"","St_PreSep":"","St_Name":"Monument Hill","St_PosTyp":"Road","St_PosDir":"","St_PosMod":"","ESN":"328","Post_Comm":"Castleton","Post_Code":"05735","GlobalID":"599a6c61-7f8f-4c8e-9059-d999ff8f1302","Category":"Residential"}},
{"type":"Feature","id":326691,"geometry":{"type":"Point","coordinates":[-73.1372694255259,43.7017567459369]},"properties":{"OBJECTID":326691,"ESITEID":130729,"PRIMARYNAME":"MONUMENT HILL RD","ALIAS1":"","ALIAS2":"","ALIAS3":"","ALIAS4":"","ALIAS5":"","PRIMARYADDRESS":"5228 MONUMENT HILL RD","SITETYPE":"Single Family Dwelling","MAPYEAR":"Thu, 01 Jan 1998 00:00:00 GMT","SITETYPE_MULTI1":"","SITETYPE_MULTI2":"","SITETYPE_MULTI3":"","YearBuilt":null,"YearBuiltSrc":null,"YearBuiltNotes":"","ResUnitCnt":1,"NonResUnitCnt":0,"DateUpdate":"Fri, 27 Jan 2023 21:21:45 GMT","County":"Rutland County","Inc_Muni":"Hubbardton","AddNum_Pre":null,"Add_Number":5228,"AddNum_Suf":"","St_PreMod":"","St_PreDir":"","St_PreTyp":"","St_PreSep":"","St_Name":"Monument Hill","St_PosTyp":"Road","St_PosDir":"","St_PosMod":"","ESN":"328","Post_Comm":"Castleton","Post_Code":"05735","GlobalID":"1c3a69c3-3475-443f-a064-53d83c5fdc0d","Category":"Residential"}},
{"type":"Feature","id":349371,"geometry":{"type":"Point","coordinates":[-73.1860817685007,43.7013023092695]},"properties":{"OBJECTID":349371,"ESITEID":130730,"PRIMARYNAME":"VT ROUTE 30","ALIAS1":"","ALIAS2":"","ALIAS3":"","ALIAS4":"","ALIAS5":"","PRIMARYADDRESS":"1611 VT ROUTE 30","SITETYPE":"Single Family Dwelling","MAPYEAR":"Thu, 01 Jan 1998 00:00:00 GMT","SITETYPE_MULTI1":"","SITETYPE_MULTI2":"","SITETYPE_MULTI3":"","YearBuilt":null,"YearBuiltSrc":null,"YearBuiltNotes":"","ResUnitCnt":1,"NonResUnitCnt":0,"DateUpdate":"Thu, 13 Jun 2024 13:33:06 GMT","County":"Rutland County","Inc_Muni":"Hubbardton","AddNum_Pre":null,"Add_Number":1611,"AddNum_Suf":"","St_PreMod":"","St_PreDir":"","St_PreTyp":"Vermont Route","St_PreSep":"","St_Name":"30","St_PosTyp":"","St_PosDir":"","St_PosMod":"","ESN":"328","Post_Comm":"Bomoseen","Post_Code":"05732","GlobalID":"23a101dc-f017-4428-a6bb-de0703bacab4","Category":"Residential"}},
{"type":"Feature","id":146788,"geometry":{"type":"Point","coordinates":[-73.2231840668484,43.7007000726104]},"properties":{"OBJECTID":146788,"ESITEID":130731,"PRIMARYNAME":"BLACK POND RD","ALIAS1":"","ALIAS2":"","ALIAS3":"","ALIAS4":"","ALIAS5":"","PRIMARYADDRESS":"1509 BLACK POND RD","SITETYPE":"Camp","MAPYEAR":"Thu, 01 Jan 1998 00:00:00 GMT","SITETYPE_MULTI1":"","SITETYPE_MULTI2":"","SITETYPE_MULTI3":"","YearBuilt":null,"YearBuiltSrc":null,"YearBuiltNotes":"","ResUnitCnt":1,"NonResUnitCnt":0,"DateUpdate":"Fri, 27 Jan 2023 21:21:43 GMT","County":"Rutland County","Inc_Muni":"Hubbardton","AddNum_Pre":null,"Add_Number":1509,"AddNum_Suf":"","St_PreMod":"","St_PreDir":" ","St_PreTyp":"","St_PreSep":"","St_Name":"Black Pond","St_PosTyp":"Road","St_PosDir":" ","St_PosMod":"","ESN":"328","Post_Comm":"Fair Haven","Post_Code":"05743","GlobalID":"338d8073-77f0-4790-a12e-423c7e8b265b","Category":"Residential"}},
{"type":"Feature","id":239478,"geometry":{"type":"Point","coordinates":[-73.1859609467527,43.7007592236176]},"properties":{"OBJECTID":239478,"ESITEID":130732,"PRIMARYNAME":"VT ROUTE 30","ALIAS1":"","ALIAS2":"","ALIAS3":"","ALIAS4":"","ALIAS5":"","PRIMARYADDRESS":"1587 VT ROUTE 30","SITETYPE":"Camp","MAPYEAR":"Thu, 01 Jan 1998 00:00:00 GMT","SITETYPE_MULTI1":"","SITETYPE_MULTI2":"","SITETYPE_MULTI3":"","YearBuilt":null,"YearBuiltSrc":null,"YearBuiltNotes":"","ResUnitCnt":1,"NonResUnitCnt":0,"DateUpdate":"Thu, 10 Aug 2023 16:27:50 GMT","County":"Rutland County","Inc_Muni":"Hubbardton","AddNum_Pre":null,"Add_Number":1587,"AddNum_Suf":"","St_PreMod":"","St_PreDir":"","St_PreTyp":"Vermont Route","St_PreSep":"","St_Name":"30","St_PosTyp":"","St_PosDir":"","St_PosMod":"","ESN":"328","Post_Comm":"Bomoseen","Post_Code":"05732","GlobalID":"9fae9d99-9dc1-4e55-91c1-af7ce360da91","Category":"Residential"}},
{"type":"Feature","id":239920,"geometry":{"type":"Point","coordinates":[-73.1865811399281,43.7006034785435]},"properties":{"OBJECTID":239920,"ESITEID":130733,"PRIMARYNAME":"VT ROUTE 30","ALIAS1":"","ALIAS2":"","ALIAS3":"","ALIAS4":"","ALIAS5":"","PRIMARYADDRESS":"1557 VT ROUTE 30","SITETYPE":"Camp","MAPYEAR":"Thu, 01 Jan 1998 00:00:00 GMT","SITETYPE_MULTI1":"","SITETYPE_MULTI2":"","SITETYPE_MULTI3":"","YearBuilt":null,"YearBuiltSrc":null,"YearBuiltNotes":"","ResUnitCnt":1,"NonResUnitCnt":0,"DateUpdate":"Thu, 10 Aug 2023 16:27:49 GMT","County":"Rutland County","Inc_Muni":"Hubbardton","AddNum_Pre":null,"Add_Number":1557,"AddNum_Suf":"","St_PreMod":"","St_PreDir":"","St_PreTyp":"Vermont Route","St_PreSep":"","St_Name":"30","St_PosTyp":"","St_PosDir":"","St_PosMod":"","ESN":"328","Post_Comm":"Bomoseen","Post_Code":"05732","GlobalID":"a7565739-de52-4a3b-b82e-a1b7640f3835","Category":"Residential"}},
{"type":"Feature","id":150919,"geometry":{"type":"Point","coordinates":[-73.1466841016115,43.7006314096049]},"properties":{"OBJECTID":150919,"ESITEID":130734,"PRIMARYNAME":"FROG HOLLOW RD  ","ALIAS1":"","ALIAS2":"","ALIAS3":"","ALIAS4":"","ALIAS5":"","PRIMARYADDRESS":"538 FROG HOLLOW RD","SITETYPE":"Camp","MAPYEAR":"Thu, 01 Jan 1998 00:00:00 GMT","SITETYPE_MULTI1":"","SITETYPE_MULTI2":"","SITETYPE_MULTI3":"","YearBuilt":null,"YearBuiltSrc":null,"YearBuiltNotes":"","ResUnitCnt":1,"NonResUnitCnt":0,"DateUpdate":"Fri, 27 Jan 2023 22:18:14 GMT","County":"Rutland County","Inc_Muni":"Hubbardton","AddNum_Pre":null,"Add_Number":538,"AddNum_Suf":"","St_PreMod":"","St_PreDir":" ","St_PreTyp":"","St_PreSep":"","St_Name":"Frog Hollow","St_PosTyp":"Road","St_PosDir":" ","St_PosMod":"","ESN":"328","Post_Comm":"Castleton","Post_Code":"05735","GlobalID":"6a09e421-1a59-4a29-a1f5-19a2831d7157","Category":"Residential"}},
{"type":"Feature","id":308415,"geometry":{"type":"Point","coordinates":[-73.1371168383555,43.7006733722244]},"properties":{"OBJECTID":308415,"ESITEID":130735,"PRIMARYNAME":"MONUMENT HILL RD","ALIAS1":"","ALIAS2":"","ALIAS3":"","ALIAS4":"","ALIAS5":"","PRIMARYADDRESS":"5300 MONUMENT HILL RD","SITETYPE":"Camp","MAPYEAR":"Thu, 01 Jan 1998 00:00:00 GMT","SITETYPE_MULTI1":"","SITETYPE_MULTI2":"","SITETYPE_MULTI3":"","YearBuilt":null,"YearBuiltSrc":null,"YearBuiltNotes":"","ResUnitCnt":1,"NonResUnitCnt":0,"DateUpdate":"Fri, 27 Jan 2023 21:21:45 GMT","County":"Rutland County","Inc_Muni":"Hubbardton","AddNum_Pre":null,"Add_Number":5300,"AddNum_Suf":"","St_PreMod":"","St_PreDir":"","St_PreTyp":"","St_PreSep":"","St_Name":"Monument Hill","St_PosTyp":"Road","St_PosDir":"","St_PosMod":"","ESN":"328","Post_Comm":"Castleton","Post_Code":"05735","GlobalID":"1c35e633-9591-4082-b448-a9debb5d72a1","Category":"Residential"}},
{"type":"Feature","id":290248,"geometry":{"type":"Point","coordinates":[-73.1810643953144,43.7004061281203]},"properties":{"OBJECTID":290248,"ESITEID":130736,"PRIMARYNAME":"DIKEMAN RD  ","ALIAS1":"","ALIAS2":"","ALIAS3":"","ALIAS4":"","ALIAS5":"","PRIMARYADDRESS":"319 DIKEMAN RD","SITETYPE":"Mobile Home","MAPYEAR":"Thu, 01 Jan 1998 00:00:00 GMT","SITETYPE_MULTI1":"","SITETYPE_MULTI2":"","SITETYPE_MULTI3":"","YearBuilt":null,"YearBuiltSrc":null,"YearBuiltNotes":"","ResUnitCnt":1,"NonResUnitCnt":0,"DateUpdate":"Thu, 10 Aug 2023 16:27:46 GMT","County":"Rutland County","Inc_Muni":"Hubbardton","AddNum_Pre":null,"Add_Number":319,"AddNum_Suf":"","St_PreMod":"","St_PreDir":" ","St_PreTyp":"","St_PreSep":"","St_Name":"Dikeman","St_PosTyp":"Road","St_PosDir":" ","St_PosMod":"","ESN":"328","Post_Comm":"Bomoseen","Post_Code":"05732","GlobalID":"d44f279d-2786-425c-9576-115021b9bd3e","Category":"Residential"}},
{"type":"Feature","id":259823,"geometry":{"type":"Point","coordinates":[-73.1848812695672,43.7002948412536]},"properties":{"OBJECTID":259823,"ESITEID":130737,"PRIMARYNAME":"VT ROUTE 30","ALIAS1":"","ALIAS2":"","ALIAS3":"","ALIAS4":"","ALIAS5":"","PRIMARYADDRESS":"1538 VT ROUTE 30","SITETYPE":"Single Family Dwelling","MAPYEAR":"Thu, 01 Jan 1998 00:00:00 GMT","SITETYPE_MULTI1":"","SITETYPE_MULTI2":"","SITETYPE_MULTI3":"","YearBuilt":null,"YearBuiltSrc":null,"YearBuiltNotes":"","ResUnitCnt":1,"NonResUnitCnt":0,"DateUpdate":"Thu, 10 Aug 2023 16:27:49 GMT","County":"Rutland County","Inc_Muni":"Hubbardton","AddNum_Pre":null,"Add_Number":1538,"AddNum_Suf":"","St_PreMod":"","St_PreDir":"","St_PreTyp":"Vermont Route","St_PreSep":"","St_Name":"30","St_PosTyp":"","St_PosDir":"","St_PosMod":"","ESN":"328","Post_Comm":"Bomoseen","Post_Code":"05732","GlobalID":"8f286a20-d1da-463c-8ee3-1ec69bfb1f46","Category":"Residential"}},
{"type":"Feature","id":237812,"geometry":{"type":"Point","coordinates":[-73.1353849650337,43.7004559344293]},"properties":{"OBJECTID":237812,"ESITEID":130738,"PRIMARYNAME":"MONUMENT HILL RD","ALIAS1":"","ALIAS2":"","ALIAS3":"","ALIAS4":"","ALIAS5":"","PRIMARYADDRESS":"5327 MONUMENT HILL RD","SITETYPE":"Single Family Dwelling","MAPYEAR":"Thu, 01 Jan 1998 00:00:00 GMT","SITETYPE_MULTI1":"","SITETYPE_MULTI2":"","SITETYPE_MULTI3":"","YearBuilt":null,"YearBuiltSrc":null,"YearBuiltNotes":"","ResUnitCnt":1,"NonResUnitCnt":0,"DateUpdate":"Fri, 27 Jan 2023 21:21:45 GMT","County":"Rutland County","Inc_Muni":"Hubbardton","AddNum_Pre":null,"Add_Number":5327,"AddNum_Suf":"","St_PreMod":"","St_PreDir":"","St_PreTyp":"","St_PreSep":"","St_Name":"Monument Hill","St_PosTyp":"Road","St_PosDir":"","St_PosMod":"","ESN":"328","Post_Comm":"Castleton","Post_Code":"05735","GlobalID":"1455dba3-5ce0-46de-a674-6aad1f12c261","Category":"Residential"}},
{"type":"Feature","id":55740,"geometry":{"type":"Point","coordinates":[-73.1864629687949,43.7002628503239]},"properties":{"OBJECTID":55740,"ESITEID":130739,"PRIMARYNAME":"VT ROUTE 30","ALIAS1":"","ALIAS2":"","ALIAS3":"","ALIAS4":"","ALIAS5":"","PRIMARYADDRESS":"1535 VT ROUTE 30","SITETYPE":"Camp","MAPYEAR":"Thu, 01 Jan 1998 00:00:00 GMT","SITETYPE_MULTI1":"","SITETYPE_MULTI2":"","SITETYPE_MULTI3":"","YearBuilt":null,"YearBuiltSrc":null,"YearBuiltNotes":"","ResUnitCnt":1,"NonResUnitCnt":0,"DateUpdate":"Thu, 10 Aug 2023 16:27:49 GMT","County":"Rutland County","Inc_Muni":"Hubbardton","AddNum_Pre":null,"Add_Number":1535,"AddNum_Suf":"","St_PreMod":"","St_PreDir":"","St_PreTyp":"Vermont Route","St_PreSep":"","St_Name":"30","St_PosTyp":"","St_PosDir":"","St_PosMod":"","ESN":"328","Post_Comm":"Bomoseen","Post_Code":"05732","GlobalID":"3aac60a1-87d9-4a41-a6db-7f087070d437","Category":"Residential"}},
{"type":"Feature","id":106241,"geometry":{"type":"Point","coordinates":[-73.1707472190135,43.6999523933016]},"properties":{"OBJECTID":106241,"ESITEID":130740,"PRIMARYNAME":"WOODS RD  ","ALIAS1":"","ALIAS2":"","ALIAS3":"","ALIAS4":"","ALIAS5":"","PRIMARYADDRESS":"666 WOODS RD","SITETYPE":"Mobile Home","MAPYEAR":"Thu, 01 Jan 1998 00:00:00 GMT","SITETYPE_MULTI1":"","SITETYPE_MULTI2":"","SITETYPE_MULTI3":"","YearBuilt":null,"YearBuiltSrc":null,"YearBuiltNotes":"","ResUnitCnt":1,"NonResUnitCnt":0,"DateUpdate":"Fri, 27 Jan 2023 22:18:14 GMT","County":"Rutland County","Inc_Muni":"Hubbardton","AddNum_Pre":null,"Add_Number":666,"AddNum_Suf":"","St_PreMod":"","St_PreDir":"","St_PreTyp":"","St_PreSep":"","St_Name":"Woods","St_PosTyp":"Road","St_PosDir":"","St_PosMod":"","ESN":"328","Post_Comm":"Castleton","Post_Code":"05735","GlobalID":"ca53dbc0-a235-461e-9642-836494b559ff","Category":"Residential"}},
{"type":"Feature","id":261357,"geometry":{"type":"Point","coordinates":[-73.1878599573746,43.6997120675324]},"properties":{"OBJECTID":261357,"ESITEID":130741,"PRIMARYNAME":"VT ROUTE 30","ALIAS1":"","ALIAS2":"","ALIAS3":"","ALIAS4":"","ALIAS5":"","PRIMARYADDRESS":"1533 VT ROUTE 30","SITETYPE":"Camp","MAPYEAR":"Thu, 01 Jan 1998 00:00:00 GMT","SITETYPE_MULTI1":"","SITETYPE_MULTI2":"","SITETYPE_MULTI3":"","YearBuilt":null,"YearBuiltSrc":null,"YearBuiltNotes":"","ResUnitCnt":1,"NonResUnitCnt":0,"DateUpdate":"Thu, 10 Aug 2023 16:27:50 GMT","County":"Rutland County","Inc_Muni":"Hubbardton","AddNum_Pre":null,"Add_Number":1533,"AddNum_Suf":"","St_PreMod":"","St_PreDir":"","St_PreTyp":"Vermont Route","St_PreSep":"","St_Name":"30","St_PosTyp":"","St_PosDir":"","St_PosMod":"","ESN":"328","Post_Comm":"Bomoseen","Post_Code":"05732","GlobalID":"6c63ff33-6aa2-404a-8adf-5b92d5d772da","Category":"Residential"}},
{"type":"Feature","id":144667,"geometry":{"type":"Point","coordinates":[-73.165688928572,43.6998379519851]},"properties":{"OBJECTID":144667,"ESITEID":130742,"PRIMARYNAME":"WOODS RD  ","ALIAS1":"","ALIAS2":"","ALIAS3":"","ALIAS4":"","ALIAS5":"","PRIMARYADDRESS":"941 WOODS RD","SITETYPE":"Mobile Home","MAPYEAR":"Thu, 01 Jan 1998 00:00:00 GMT","SITETYPE_MULTI1":"","SITETYPE_MULTI2":"","SITETYPE_MULTI3":"","YearBuilt":null,"YearBuiltSrc":null,"YearBuiltNotes":"","ResUnitCnt":1,"NonResUnitCnt":0,"DateUpdate":"Fri, 27 Jan 2023 22:18:14 GMT","County":"Rutland County","Inc_Muni":"Hubbardton","AddNum_Pre":null,"Add_Number":941,"AddNum_Suf":"","St_PreMod":"","St_PreDir":"","St_PreTyp":"","St_PreSep":"","St_Name":"Woods","St_PosTyp":"Road","St_PosDir":"","St_PosMod":"","ESN":"328","Post_Comm":"Castleton","Post_Code":"05735","GlobalID":"1806533a-9798-4dad-b552-96563fbb8f88","Category":"Residential"}},
{"type":"Feature","id":76697,"geometry":{"type":"Point","coordinates":[-73.1851414855309,43.6997945003377]},"properties":{"OBJECTID":76697,"ESITEID":130743,"PRIMARYNAME":"VT ROUTE 30","ALIAS1":"","ALIAS2":"","ALIAS3":"","ALIAS4":"","ALIAS5":"","PRIMARYADDRESS":"1536 VT ROUTE 30","SITETYPE":"Single Family Dwelling","MAPYEAR":"Thu, 01 Jan 1998 00:00:00 GMT","SITETYPE_MULTI1":"","SITETYPE_MULTI2":"","SITETYPE_MULTI3":"","YearBuilt":null,"YearBuiltSrc":null,"YearBuiltNotes":"","ResUnitCnt":1,"NonResUnitCnt":0,"DateUpdate":"Thu, 10 Aug 2023 16:27:50 GMT","County":"Rutland County","Inc_Muni":"Hubbardton","AddNum_Pre":null,"Add_Number":1536,"AddNum_Suf":"","St_PreMod":"","St_PreDir":"","St_PreTyp":"Vermont Route","St_PreSep":"","St_Name":"30","St_PosTyp":"","St_PosDir":"","St_PosMod":"","ESN":"328","Post_Comm":"Bomoseen","Post_Code":"05732","GlobalID":"c9cb0424-bd20-4d88-849c-f7fbb3b4abc8","Category":"Residential"}},
{"type":"Feature","id":91425,"geometry":{"type":"Point","coordinates":[-73.1664289811784,43.6995671078726]},"properties":{"OBJECTID":91425,"ESITEID":130744,"PRIMARYNAME":"WOODS RD  ","ALIAS1":"","ALIAS2":"","ALIAS3":"","ALIAS4":"","ALIAS5":"","PRIMARYADDRESS":"934 WOODS RD","SITETYPE":"Single Family Dwelling","MAPYEAR":"Thu, 01 Jan 1998 00:00:00 GMT","SITETYPE_MULTI1":"","SITETYPE_MULTI2":"","SITETYPE_MULTI3":"","YearBuilt":null,"YearBuiltSrc":null,"YearBuiltNotes":"","ResUnitCnt":1,"NonResUnitCnt":0,"DateUpdate":"Fri, 27 Jan 2023 22:18:14 GMT","County":"Rutland County","Inc_Muni":"Hubbardton","AddNum_Pre":null,"Add_Number":934,"AddNum_Suf":"","St_PreMod":"","St_PreDir":"","St_PreTyp":"","St_PreSep":"","St_Name":"Woods","St_PosTyp":"Road","St_PosDir":"","St_PosMod":"","ESN":"328","Post_Comm":"Castleton","Post_Code":"05735","GlobalID":"ca2d3396-16a6-4747-856d-b92ad2489237","Category":"Residential"}},
{"type":"Feature","id":60328,"geometry":{"type":"Point","coordinates":[-73.1549162200975,43.6995327775274]},"properties":{"OBJECTID":60328,"ESITEID":130745,"PRIMARYNAME":"FROG HOLLOW RD  ","ALIAS1":"","ALIAS2":"","ALIAS3":"","ALIAS4":"","ALIAS5":"","PRIMARYADDRESS":"924 FROG HOLLOW RD","SITETYPE":"Single Family Dwelling","MAPYEAR":"Thu, 01 Jan 1998 00:00:00 GMT","SITETYPE_MULTI1":"","SITETYPE_MULTI2":"","SITETYPE_MULTI3":"","YearBuilt":null,"YearBuiltSrc":null,"YearBuiltNotes":"","ResUnitCnt":1,"NonResUnitCnt":0,"DateUpdate":"Fri, 27 Jan 2023 22:18:14 GMT","County":"Rutland County","Inc_Muni":"Hubbardton","AddNum_Pre":null,"Add_Number":924,"AddNum_Suf":"","St_PreMod":"","St_PreDir":" ","St_PreTyp":"","St_PreSep":"","St_Name":"Frog Hollow","St_PosTyp":"Road","St_PosDir":" ","St_PosMod":"","ESN":"328","Post_Comm":"Castleton","Post_Code":"05735","GlobalID":"01822f69-486b-4471-bed4-a7762d04b7b2","Category":"Residential"}},
{"type":"Feature","id":298368,"geometry":{"type":"Point","coordinates":[-73.2224776720607,43.6986718252265]},"properties":{"OBJECTID":298368,"ESITEID":130746,"PRIMARYNAME":"BLACK POND RD  ","ALIAS1":"","ALIAS2":"","ALIAS3":"","ALIAS4":"","ALIAS5":"","PRIMARYADDRESS":"1621 BLACK POND RD","SITETYPE":"State Park Facility","MAPYEAR":"Thu, 01 Jan 1998 00:00:00 GMT","SITETYPE_MULTI1":"","SITETYPE_MULTI2":"","SITETYPE_MULTI3":"","YearBuilt":null,"YearBuiltSrc":null,"YearBuiltNotes":"","ResUnitCnt":1,"NonResUnitCnt":0,"DateUpdate":"Fri, 27 Jan 2023 21:21:43 GMT","County":"Rutland County","Inc_Muni":"Hubbardton","AddNum_Pre":null,"Add_Number":1621,"AddNum_Suf":"","St_PreMod":"","St_PreDir":" ","St_PreTyp":"","St_PreSep":"","St_Name":"Black Pond","St_PosTyp":"Road","St_PosDir":" ","St_PosMod":"","ESN":"328","Post_Comm":"Fair Haven","Post_Code":"05743","GlobalID":"ccae757b-b9bc-483c-a9d5-ee49300b5b27","Category":"Recreation"}},
{"type":"Feature","id":148130,"geometry":{"type":"Point","coordinates":[-73.1513609219017,43.6993153401532]},"properties":{"OBJECTID":148130,"ESITEID":130747,"PRIMARYNAME":"FROG HOLLOW RD  ","ALIAS1":"","ALIAS2":"","ALIAS3":"","ALIAS4":"","ALIAS5":"","PRIMARYADDRESS":"736 FROG HOLLOW RD","SITETYPE":"Single Family Dwelling","MAPYEAR":"Thu, 01 Jan 1998 00:00:00 GMT","SITETYPE_MULTI1":"","SITETYPE_MULTI2":"","SITETYPE_MULTI3":"","YearBuilt":null,"YearBuiltSrc":null,"YearBuiltNotes":"","ResUnitCnt":1,"NonResUnitCnt":0,"DateUpdate":"Fri, 27 Jan 2023 22:18:14 GMT","County":"Rutland County","Inc_Muni":"Hubbardton","AddNum_Pre":null,"Add_Number":736,"AddNum_Suf":"","St_PreMod":"","St_PreDir":" ","St_PreTyp":"","St_PreSep":"","St_Name":"Frog Hollow","St_PosTyp":"Road","St_PosDir":" ","St_PosMod":"","ESN":"328","Post_Comm":"Castleton","Post_Code":"05735","GlobalID":"bea0d3f9-c9f6-4b24-84af-2ab146f4910f","Category":"Residential"}},
{"type":"Feature","id":296254,"geometry":{"type":"Point","coordinates":[-73.1820076868142,43.6986704889838]},"properties":{"OBJECTID":296254,"ESITEID":130751,"PRIMARYNAME":"DIKEMAN RD","ALIAS1":"","ALIAS2":"","ALIAS3":"","ALIAS4":"","ALIAS5":"","PRIMARYADDRESS":"187 DIKEMAN RD","SITETYPE":"Camp","MAPYEAR":"Thu, 01 Jan 1998 00:00:00 GMT","SITETYPE_MULTI1":"","SITETYPE_MULTI2":"","SITETYPE_MULTI3":"","YearBuilt":null,"YearBuiltSrc":null,"YearBuiltNotes":"","ResUnitCnt":1,"NonResUnitCnt":0,"DateUpdate":"Thu, 13 Jun 2024 13:32:07 GMT","County":"Rutland County","Inc_Muni":"Hubbardton","AddNum_Pre":null,"Add_Number":187,"AddNum_Suf":"","St_PreMod":"","St_PreDir":"","St_PreTyp":"","St_PreSep":"","St_Name":"Dikeman","St_PosTyp":"Road","St_PosDir":"","St_PosMod":"","ESN":"328","Post_Comm":"Bomoseen","Post_Code":"05732","GlobalID":"e21c72ad-bb1f-409b-96b0-a0f639bb90f9","Category":"Residential"}},
{"type":"Feature","id":240062,"geometry":{"type":"Point","coordinates":[-73.1541227638477,43.6987622086391]},"properties":{"OBJECTID":240062,"ESITEID":130752,"PRIMARYNAME":"FROG HOLLOW RD  ","ALIAS1":"","ALIAS2":"","ALIAS3":"","ALIAS4":"","ALIAS5":"","PRIMARYADDRESS":"871 FROG HOLLOW RD","SITETYPE":"Single Family Dwelling","MAPYEAR":"Thu, 01 Jan 1998 00:00:00 GMT","SITETYPE_MULTI1":"","SITETYPE_MULTI2":"","SITETYPE_MULTI3":"","YearBuilt":null,"YearBuiltSrc":null,"YearBuiltNotes":"","ResUnitCnt":1,"NonResUnitCnt":0,"DateUpdate":"Fri, 27 Jan 2023 22:18:14 GMT","County":"Rutland County","Inc_Muni":"Hubbardton","AddNum_Pre":null,"Add_Number":871,"AddNum_Suf":"","St_PreMod":"","St_PreDir":" ","St_PreTyp":"","St_PreSep":"","St_Name":"Frog Hollow","St_PosTyp":"Road","St_PosDir":" ","St_PosMod":"","ESN":"328","Post_Comm":"Castleton","Post_Code":"05735","GlobalID":"7cd6462e-c4f9-42e8-9752-3ac03f2ce8aa","Category":"Residential"}},
{"type":"Feature","id":163165,"geometry":{"type":"Point","coordinates":[-73.1828119615247,43.6986125337435]},"properties":{"OBJECTID":163165,"ESITEID":130753,"PRIMARYNAME":"DIKEMAN RD","ALIAS1":"","ALIAS2":"","ALIAS3":"","ALIAS4":"","ALIAS5":"","PRIMARYADDRESS":"157 DIKEMAN RD","SITETYPE":"Mobile Home","MAPYEAR":"Thu, 01 Jan 1998 00:00:00 GMT","SITETYPE_MULTI1":"","SITETYPE_MULTI2":"","SITETYPE_MULTI3":"","YearBuilt":null,"YearBuiltSrc":null,"YearBuiltNotes":"","ResUnitCnt":1,"NonResUnitCnt":0,"DateUpdate":"Thu, 10 Aug 2023 16:27:46 GMT","County":"Rutland County","Inc_Muni":"Hubbardton","AddNum_Pre":null,"Add_Number":157,"AddNum_Suf":"","St_PreMod":"","St_PreDir":"","St_PreTyp":"","St_PreSep":"","St_Name":"Dikeman","St_PosTyp":"Road","St_PosDir":"","St_PosMod":"","ESN":"328","Post_Comm":"Bomoseen","Post_Code":"05732","GlobalID":"c91e2752-72c7-462e-adc4-49c27f1bee75","Category":"Residential"}},
{"type":"Feature","id":33630,"geometry":{"type":"Point","coordinates":[-73.188440309361,43.6984818488034]},"properties":{"OBJECTID":33630,"ESITEID":130754,"PRIMARYNAME":"VT ROUTE 30","ALIAS1":"","ALIAS2":"","ALIAS3":"","ALIAS4":"","ALIAS5":"","PRIMARYADDRESS":"1397 VT ROUTE 30","SITETYPE":"Camp","MAPYEAR":"Thu, 01 Jan 1998 00:00:00 GMT","SITETYPE_MULTI1":"","SITETYPE_MULTI2":"","SITETYPE_MULTI3":"","YearBuilt":null,"YearBuiltSrc":null,"YearBuiltNotes":"","ResUnitCnt":1,"NonResUnitCnt":0,"DateUpdate":"Thu, 13 Jun 2024 13:32:45 GMT","County":"Rutland County","Inc_Muni":"Hubbardton","AddNum_Pre":null,"Add_Number":1397,"AddNum_Suf":"","St_PreMod":"","St_PreDir":"","St_PreTyp":"Vermont Route","St_PreSep":"","St_Name":"30","St_PosTyp":"","St_PosDir":"","St_PosMod":"","ESN":"328","Post_Comm":"Bomoseen","Post_Code":"05732","GlobalID":"2a2a9a4b-c686-4ce5-98e8-0efe95ad7579","Category":"Residential"}},
{"type":"Feature","id":303423,"geometry":{"type":"Point","coordinates":[-73.151071005229,43.6985562139234]},"properties":{"OBJECTID":303423,"ESITEID":130755,"PRIMARYNAME":"FROG HOLLOW RD  ","ALIAS1":"","ALIAS2":"","ALIAS3":"","ALIAS4":"","ALIAS5":"","PRIMARYADDRESS":"705 FROG HOLLOW RD","SITETYPE":"Single Family Dwelling","MAPYEAR":"Thu, 01 Jan 1998 00:00:00 GMT","SITETYPE_MULTI1":"","SITETYPE_MULTI2":"","SITETYPE_MULTI3":"","YearBuilt":null,"YearBuiltSrc":null,"YearBuiltNotes":"","ResUnitCnt":1,"NonResUnitCnt":0,"DateUpdate":"Fri, 27 Jan 2023 22:18:14 GMT","County":"Rutland County","Inc_Muni":"Hubbardton","AddNum_Pre":null,"Add_Number":705,"AddNum_Suf":"","St_PreMod":"","St_PreDir":" ","St_PreTyp":"","St_PreSep":"","St_Name":"Frog Hollow","St_PosTyp":"Road","St_PosDir":" ","St_PosMod":"","ESN":"328","Post_Comm":"Castleton","Post_Code":"05735","GlobalID":"3cee5f65-4cfe-4c1b-bf0f-3967d38afb40","Category":"Residential"}},
{"type":"Feature","id":257965,"geometry":{"type":"Point","coordinates":[-73.1846708707213,43.6982472219159]},"properties":{"OBJECTID":257965,"ESITEID":130756,"PRIMARYNAME":"VT ROUTE 30","ALIAS1":"","ALIAS2":"","ALIAS3":"","ALIAS4":"","ALIAS5":"","PRIMARYADDRESS":"1400 VT ROUTE 30","SITETYPE":"Single Family Dwelling","MAPYEAR":"Thu, 01 Jan 1998 00:00:00 GMT","SITETYPE_MULTI1":"","SITETYPE_MULTI2":"","SITETYPE_MULTI3":"","YearBuilt":null,"YearBuiltSrc":null,"YearBuiltNotes":"","ResUnitCnt":1,"NonResUnitCnt":0,"DateUpdate":"Thu, 10 Aug 2023 16:27:49 GMT","County":"Rutland County","Inc_Muni":"Hubbardton","AddNum_Pre":null,"Add_Number":1400,"AddNum_Suf":"","St_PreMod":"","St_PreDir":"","St_PreTyp":"Vermont Route","St_PreSep":"","St_Name":"30","St_PosTyp":"","St_PosDir":"","St_PosMod":"","ESN":"328","Post_Comm":"Bomoseen","Post_Code":"05732","GlobalID":"eb435dd4-d5f5-481c-9297-0b82b0ddb00d","Category":"Residential"}},
{"type":"Feature","id":307317,"geometry":{"type":"Point","coordinates":[-73.1442863356049,43.6983561350372]},"properties":{"OBJECTID":307317,"ESITEID":130757,"PRIMARYNAME":"FROG HOLLOW RD  ","ALIAS1":"","ALIAS2":"","ALIAS3":"","ALIAS4":"","ALIAS5":"","PRIMARYADDRESS":"441 FROG HOLLOW RD","SITETYPE":"Camp","MAPYEAR":"Thu, 01 Jan 1998 00:00:00 GMT","SITETYPE_MULTI1":"","SITETYPE_MULTI2":"","SITETYPE_MULTI3":"","YearBuilt":null,"YearBuiltSrc":null,"YearBuiltNotes":"","ResUnitCnt":1,"NonResUnitCnt":0,"DateUpdate":"Fri, 18 Apr 2025 09:30:21 GMT","County":"Rutland County","Inc_Muni":"Hubbardton","AddNum_Pre":"","Add_Number":441,"AddNum_Suf":"","St_PreMod":"","St_PreDir":" ","St_PreTyp":"","St_PreSep":"","St_Name":"Frog Hollow","St_PosTyp":"Road","St_PosDir":" ","St_PosMod":"","ESN":"328","Post_Comm":"Castleton","Post_Code":"05735","GlobalID":"b85ed6b6-a83d-4e5d-8a08-b3b6236df051","Category":"Residential"}},
{"type":"Feature","id":63627,"geometry":{"type":"Point","coordinates":[-73.1576246562054,43.6982281504149]},"properties":{"OBJECTID":63627,"ESITEID":130758,"PRIMARYNAME":"FROG HOLLOW RD  ","ALIAS1":"","ALIAS2":"","ALIAS3":"","ALIAS4":"","ALIAS5":"","PRIMARYADDRESS":"1082 FROG HOLLOW RD","SITETYPE":"Single Family Dwelling","MAPYEAR":"Thu, 01 Jan 1998 00:00:00 GMT","SITETYPE_MULTI1":"","SITETYPE_MULTI2":"","SITETYPE_MULTI3":"","YearBuilt":null,"YearBuiltSrc":null,"YearBuiltNotes":"","ResUnitCnt":1,"NonResUnitCnt":0,"DateUpdate":"Fri, 27 Jan 2023 22:18:14 GMT","County":"Rutland County","Inc_Muni":"Hubbardton","AddNum_Pre":null,"Add_Number":1082,"AddNum_Suf":"","St_PreMod":"","St_PreDir":" ","St_PreTyp":"","St_PreSep":"","St_Name":"Frog Hollow","St_PosTyp":"Road","St_PosDir":" ","St_PosMod":"","ESN":"328","Post_Comm":"Castleton","Post_Code":"05735","GlobalID":"e502bcbe-83ae-4664-b2f8-a52c048385a0","Category":"Residential"}},
{"type":"Feature","id":312613,"geometry":{"type":"Point","coordinates":[-73.189073032583,43.697568206181]},"properties":{"OBJECTID":312613,"ESITEID":130759,"PRIMARYNAME":"VT ROUTE 30","ALIAS1":"","ALIAS2":"","ALIAS3":"","ALIAS4":"","ALIAS5":"","PRIMARYADDRESS":"1385 VT ROUTE 30","SITETYPE":"Camp","MAPYEAR":"Thu, 01 Jan 1998 00:00:00 GMT","SITETYPE_MULTI1":"","SITETYPE_MULTI2":"","SITETYPE_MULTI3":"","YearBuilt":null,"YearBuiltSrc":null,"YearBuiltNotes":"","ResUnitCnt":1,"NonResUnitCnt":0,"DateUpdate":"Thu, 10 Aug 2023 16:27:49 GMT","County":"Rutland County","Inc_Muni":"Hubbardton","AddNum_Pre":null,"Add_Number":1385,"AddNum_Suf":"","St_PreMod":"","St_PreDir":"","St_PreTyp":"Vermont Route","St_PreSep":"","St_Name":"30","St_PosTyp":"","St_PosDir":"","St_PosMod":"","ESN":"328","Post_Comm":"Bomoseen","Post_Code":"05732","GlobalID":"4f0e26e9-d224-4cf5-8911-7903a566f697","Category":"Residential"}},
{"type":"Feature","id":304528,"geometry":{"type":"Point","coordinates":[-73.2238935989928,43.6972668429781]},"properties":{"OBJECTID":304528,"ESITEID":130760,"PRIMARYNAME":"BLACK POND RD","ALIAS1":"","ALIAS2":"","ALIAS3":"","ALIAS4":"","ALIAS5":"","PRIMARYADDRESS":"1752 BLACK POND RD","SITETYPE":"Camp","MAPYEAR":"Thu, 01 Jan 1998 00:00:00 GMT","SITETYPE_MULTI1":"","SITETYPE_MULTI2":"","SITETYPE_MULTI3":"","YearBuilt":null,"YearBuiltSrc":null,"YearBuiltNotes":"","ResUnitCnt":1,"NonResUnitCnt":0,"DateUpdate":"Fri, 27 Jan 2023 21:21:43 GMT","County":"Rutland County","Inc_Muni":"Hubbardton","AddNum_Pre":null,"Add_Number":1752,"AddNum_Suf":"","St_PreMod":"","St_PreDir":" ","St_PreTyp":"","St_PreSep":"","St_Name":"Black Pond","St_PosTyp":"Road","St_PosDir":" ","St_PosMod":"","ESN":"328","Post_Comm":"Fair Haven","Post_Code":"05743","GlobalID":"b34b7f51-3fd1-4b02-a5e7-de5392362be4","Category":"Residential"}},
{"type":"Feature","id":251134,"geometry":{"type":"Point","coordinates":[-73.1887405266499,43.6972639297175]},"properties":{"OBJECTID":251134,"ESITEID":130761,"PRIMARYNAME":"VT ROUTE 30","ALIAS1":"","ALIAS2":"","ALIAS3":"","ALIAS4":"","ALIAS5":"","PRIMARYADDRESS":"1387 VT ROUTE 30","SITETYPE":"Single Family Dwelling","MAPYEAR":"Thu, 01 Jan 1998 00:00:00 GMT","SITETYPE_MULTI1":"","SITETYPE_MULTI2":"","SITETYPE_MULTI3":"","YearBuilt":null,"YearBuiltSrc":null,"YearBuiltNotes":"","ResUnitCnt":1,"NonResUnitCnt":0,"DateUpdate":"Thu, 13 Jun 2024 13:32:51 GMT","County":"Rutland County","Inc_Muni":"Hubbardton","AddNum_Pre":null,"Add_Number":1387,"AddNum_Suf":"","St_PreMod":"","St_PreDir":"","St_PreTyp":"Vermont Route","St_PreSep":"","St_Name":"30","St_PosTyp":"","St_PosDir":"","St_PosMod":"","ESN":"328","Post_Comm":"Bomoseen","Post_Code":"05732","GlobalID":"ec81a708-b95a-4231-95a4-21a1fdccf71e","Category":"Residential"}},
{"type":"Feature","id":199396,"geometry":{"type":"Point","coordinates":[-73.1542524637243,43.6970722958401]},"properties":{"OBJECTID":199396,"ESITEID":130762,"PRIMARYNAME":"FROG HOLLOW RD  ","ALIAS1":"","ALIAS2":"","ALIAS3":"","ALIAS4":"","ALIAS5":"","PRIMARYADDRESS":"833 FROG HOLLOW RD","SITETYPE":"Single Family Dwelling","MAPYEAR":"Thu, 01 Jan 1998 00:00:00 GMT","SITETYPE_MULTI1":"","SITETYPE_MULTI2":"","SITETYPE_MULTI3":"","YearBuilt":null,"YearBuiltSrc":null,"YearBuiltNotes":"","ResUnitCnt":1,"NonResUnitCnt":0,"DateUpdate":"Fri, 27 Jan 2023 22:18:14 GMT","County":"Rutland County","Inc_Muni":"Hubbardton","AddNum_Pre":null,"Add_Number":833,"AddNum_Suf":"","St_PreMod":"","St_PreDir":" ","St_PreTyp":"","St_PreSep":"","St_Name":"Frog Hollow","St_PosTyp":"Road","St_PosDir":" ","St_PosMod":"","ESN":"328","Post_Comm":"Castleton","Post_Code":"05735","GlobalID":"a6582568-1785-426c-a854-690d9b97caba","Category":"Residential"}},
{"type":"Feature","id":49270,"geometry":{"type":"Point","coordinates":[-73.1374117015259,43.697179346044]},"properties":{"OBJECTID":49270,"ESITEID":130763,"PRIMARYNAME":"MONUMENT HILL RD","ALIAS1":"","ALIAS2":"","ALIAS3":"","ALIAS4":"","ALIAS5":"","PRIMARYADDRESS":"5547 MONUMENT HILL RD","SITETYPE":"Single Family Dwelling","MAPYEAR":"Thu, 01 Jan 1998 00:00:00 GMT","SITETYPE_MULTI1":"","SITETYPE_MULTI2":"","SITETYPE_MULTI3":"","YearBuilt":null,"YearBuiltSrc":null,"YearBuiltNotes":"","ResUnitCnt":1,"NonResUnitCnt":0,"DateUpdate":"Fri, 27 Jan 2023 21:21:45 GMT","County":"Rutland County","Inc_Muni":"Hubbardton","AddNum_Pre":null,"Add_Number":5547,"AddNum_Suf":"","St_PreMod":"","St_PreDir":"","St_PreTyp":"","St_PreSep":"","St_Name":"Monument Hill","St_PosTyp":"Road","St_PosDir":"","St_PosMod":"","ESN":"328","Post_Comm":"Castleton","Post_Code":"05735","GlobalID":"a8bcf493-06cf-4048-9cd2-3cddb137066a","Category":"Residential"}},
{"type":"Feature","id":202696,"geometry":{"type":"Point","coordinates":[-73.1839544479596,43.6968664613302]},"properties":{"OBJECTID":202696,"ESITEID":130764,"PRIMARYNAME":"DIKEMAN RD","ALIAS1":"","ALIAS2":"","ALIAS3":"","ALIAS4":"","ALIAS5":"","PRIMARYADDRESS":"14 DIKEMAN RD","SITETYPE":"Community \/ Recreation Facility","MAPYEAR":"Thu, 01 Jan 1998 00:00:00 GMT","SITETYPE_MULTI1":"","SITETYPE_MULTI2":"","SITETYPE_MULTI3":"","YearBuilt":null,"YearBuiltSrc":null,"YearBuiltNotes":"","ResUnitCnt":1,"NonResUnitCnt":0,"DateUpdate":"Fri, 18 Apr 2025 09:34:07 GMT","County":"Rutland County","Inc_Muni":"Hubbardton","AddNum_Pre":"","Add_Number":14,"AddNum_Suf":"","St_PreMod":"","St_PreDir":"","St_PreTyp":"","St_PreSep":"","St_Name":"Dikeman","St_PosTyp":"Road","St_PosDir":"","St_PosMod":"","ESN":"328","Post_Comm":"Bomoseen","Post_Code":"05732","GlobalID":"d68730e9-fd9e-482d-a34b-8df084253606","Category":"Recreation"}},
{"type":"Feature","id":167172,"geometry":{"type":"Point","coordinates":[-73.1561216663678,43.6967823793589]},"properties":{"OBJECTID":167172,"ESITEID":130765,"PRIMARYNAME":"FROG HOLLOW RD  ","ALIAS1":"","ALIAS2":"","ALIAS3":"","ALIAS4":"","ALIAS5":"","PRIMARYADDRESS":"1191 FROG HOLLOW RD","SITETYPE":"Single Family Dwelling","MAPYEAR":"Thu, 01 Jan 1998 00:00:00 GMT","SITETYPE_MULTI1":"","SITETYPE_MULTI2":"","SITETYPE_MULTI3":"","YearBuilt":null,"YearBuiltSrc":null,"YearBuiltNotes":"","ResUnitCnt":1,"NonResUnitCnt":0,"DateUpdate":"Fri, 27 Jan 2023 22:18:14 GMT","County":"Rutland County","Inc_Muni":"Hubbardton","AddNum_Pre":null,"Add_Number":1191,"AddNum_Suf":"","St_PreMod":"","St_PreDir":" ","St_PreTyp":"","St_PreSep":"","St_Name":"Frog Hollow","St_PosTyp":"Road","St_PosDir":" ","St_PosMod":"","ESN":"328","Post_Comm":"Castleton","Post_Code":"05735","GlobalID":"b0b9d082-755a-40ce-afee-1d05f8cba784","Category":"Residential"}},
{"type":"Feature","id":293208,"geometry":{"type":"Point","coordinates":[-73.1835937913618,43.6964921248694]},"properties":{"OBJECTID":293208,"ESITEID":130766,"PRIMARYNAME":"VT ROUTE 30","ALIAS1":"","ALIAS2":"","ALIAS3":"","ALIAS4":"","ALIAS5":"","PRIMARYADDRESS":"1260 VT ROUTE 30","SITETYPE":"Single Family Dwelling","MAPYEAR":"Thu, 01 Jan 1998 00:00:00 GMT","SITETYPE_MULTI1":"","SITETYPE_MULTI2":"","SITETYPE_MULTI3":"","YearBuilt":null,"YearBuiltSrc":null,"YearBuiltNotes":"","ResUnitCnt":1,"NonResUnitCnt":0,"DateUpdate":"Thu, 10 Aug 2023 16:27:49 GMT","County":"Rutland County","Inc_Muni":"Hubbardton","AddNum_Pre":null,"Add_Number":1260,"AddNum_Suf":"","St_PreMod":"","St_PreDir":" ","St_PreTyp":"Vermont Route","St_PreSep":"","St_Name":"30","St_PosTyp":" ","St_PosDir":" ","St_PosMod":"","ESN":"328","Post_Comm":"Bomoseen","Post_Code":"05732","GlobalID":"c3a6fc9d-258e-4726-b1bc-60db43279aec","Category":"Residential"}},
{"type":"Feature","id":5465,"geometry":{"type":"Point","coordinates":[-73.1836107808236,43.6959904323827]},"properties":{"OBJECTID":5465,"ESITEID":130767,"PRIMARYNAME":"VT ROUTE 30","ALIAS1":"","ALIAS2":"","ALIAS3":"","ALIAS4":"","ALIAS5":"","PRIMARYADDRESS":"1228 VT ROUTE 30","SITETYPE":"Camp","MAPYEAR":"Thu, 01 Jan 1998 00:00:00 GMT","SITETYPE_MULTI1":"","SITETYPE_MULTI2":"","SITETYPE_MULTI3":"","YearBuilt":null,"YearBuiltSrc":null,"YearBuiltNotes":"","ResUnitCnt":1,"NonResUnitCnt":0,"DateUpdate":"Thu, 10 Aug 2023 16:27:49 GMT","County":"Rutland County","Inc_Muni":"Hubbardton","AddNum_Pre":null,"Add_Number":1228,"AddNum_Suf":"","St_PreMod":"","St_PreDir":" ","St_PreTyp":"Vermont Route","St_PreSep":"","St_Name":"30","St_PosTyp":" ","St_PosDir":" ","St_PosMod":"","ESN":"328","Post_Comm":"Bomoseen","Post_Code":"05732","GlobalID":"1459c42e-e9ff-48b6-a6a9-ec37290a3d65","Category":"Residential"}},
{"type":"Feature","id":91455,"geometry":{"type":"Point","coordinates":[-73.1632627822795,43.6958897394915]},"properties":{"OBJECTID":91455,"ESITEID":130768,"PRIMARYNAME":"WOODS RD  ","ALIAS1":"","ALIAS2":"","ALIAS3":"","ALIAS4":"","ALIAS5":"","PRIMARYADDRESS":"1246 WOODS RD","SITETYPE":"Single Family Dwelling","MAPYEAR":"Thu, 01 Jan 1998 00:00:00 GMT","SITETYPE_MULTI1":"","SITETYPE_MULTI2":"","SITETYPE_MULTI3":"","YearBuilt":null,"YearBuiltSrc":null,"YearBuiltNotes":"","ResUnitCnt":1,"NonResUnitCnt":0,"DateUpdate":"Fri, 27 Jan 2023 22:18:14 GMT","County":"Rutland County","Inc_Muni":"Hubbardton","AddNum_Pre":null,"Add_Number":1246,"AddNum_Suf":"","St_PreMod":"","St_PreDir":"","St_PreTyp":"","St_PreSep":"","St_Name":"Woods","St_PosTyp":"Road","St_PosDir":"","St_PosMod":"","ESN":"328","Post_Comm":"Castleton","Post_Code":"05735","GlobalID":"5a4d817b-e637-4365-9994-a09479565721","Category":"Residential"}},
{"type":"Feature","id":200651,"geometry":{"type":"Point","coordinates":[-73.1390004789156,43.6950954543801]},"properties":{"OBJECTID":200651,"ESITEID":130769,"PRIMARYNAME":"MONUMENT HILL RD","ALIAS1":"","ALIAS2":"","ALIAS3":"","ALIAS4":"","ALIAS5":"","PRIMARYADDRESS":"5696 MONUMENT HILL RD","SITETYPE":"Historic Site \/ Landmark","MAPYEAR":"Thu, 01 Jan 1998 00:00:00 GMT","SITETYPE_MULTI1":"","SITETYPE_MULTI2":"","SITETYPE_MULTI3":"","YearBuilt":null,"YearBuiltSrc":null,"YearBuiltNotes":"","ResUnitCnt":1,"NonResUnitCnt":0,"DateUpdate":"Fri, 18 Apr 2025 09:30:04 GMT","County":"Rutland County","Inc_Muni":"Hubbardton","AddNum_Pre":"","Add_Number":5696,"AddNum_Suf":"","St_PreMod":"","St_PreDir":"","St_PreTyp":"","St_PreSep":"","St_Name":"Monument Hill","St_PosTyp":"Road","St_PosDir":"","St_PosMod":"","ESN":"328","Post_Comm":"Castleton","Post_Code":"05735","GlobalID":"547e9425-a5f6-4d0a-abc2-26c0cb1187a9","Category":"Public Gathering"}},
{"type":"Feature","id":124596,"geometry":{"type":"Point","coordinates":[-73.1639570558261,43.6943867499424]},"properties":{"OBJECTID":124596,"ESITEID":130770,"PRIMARYNAME":"HOWLAND RD  ","ALIAS1":"","ALIAS2":"","ALIAS3":"","ALIAS4":"","ALIAS5":"","PRIMARYADDRESS":"108 HOWLAND RD","SITETYPE":"Single Family Dwelling","MAPYEAR":"Thu, 01 Jan 1998 00:00:00 GMT","SITETYPE_MULTI1":"","SITETYPE_MULTI2":"","SITETYPE_MULTI3":"","YearBuilt":null,"YearBuiltSrc":null,"YearBuiltNotes":"","ResUnitCnt":1,"NonResUnitCnt":0,"DateUpdate":"Fri, 27 Jan 2023 22:18:15 GMT","County":"Rutland County","Inc_Muni":"Hubbardton","AddNum_Pre":null,"Add_Number":108,"AddNum_Suf":"","St_PreMod":"","St_PreDir":"","St_PreTyp":"","St_PreSep":"","St_Name":"Howland","St_PosTyp":"Road","St_PosDir":"","St_PosMod":"","ESN":"328","Post_Comm":"Castleton","Post_Code":"05735","GlobalID":"0220c66a-e340-49c5-9322-ca2ae2249d9e","Category":"Residential"}},
{"type":"Feature","id":333814,"geometry":{"type":"Point","coordinates":[-73.1497206004305,43.6942990110818]},"properties":{"OBJECTID":333814,"ESITEID":130771,"PRIMARYNAME":"SAINT JOHN RD","ALIAS1":"","ALIAS2":"","ALIAS3":"","ALIAS4":"","ALIAS5":"","PRIMARYADDRESS":"582 SAINT JOHN RD","SITETYPE":"Single Family Dwelling","MAPYEAR":"Thu, 01 Jan 1998 00:00:00 GMT","SITETYPE_MULTI1":"","SITETYPE_MULTI2":"","SITETYPE_MULTI3":"","YearBuilt":null,"YearBuiltSrc":null,"YearBuiltNotes":"","ResUnitCnt":1,"NonResUnitCnt":0,"DateUpdate":"Fri, 27 Jan 2023 22:18:14 GMT","County":"Rutland County","Inc_Muni":"Hubbardton","AddNum_Pre":null,"Add_Number":582,"AddNum_Suf":"","St_PreMod":"","St_PreDir":" ","St_PreTyp":"","St_PreSep":"","St_Name":"Saint John","St_PosTyp":"Road","St_PosDir":"","St_PosMod":"","ESN":"328","Post_Comm":"Castleton","Post_Code":"05735","GlobalID":"c477d8ad-f55a-48b5-8601-ea103ff4879c","Category":"Residential"}},
{"type":"Feature","id":294535,"geometry":{"type":"Point","coordinates":[-73.1868926437409,43.6937124776871]},"properties":{"OBJECTID":294535,"ESITEID":130772,"PRIMARYNAME":"VT ROUTE 30","ALIAS1":"","ALIAS2":"","ALIAS3":"","ALIAS4":"","ALIAS5":"","PRIMARYADDRESS":"1225 VT ROUTE 30","SITETYPE":"Mobile Home","MAPYEAR":"Thu, 01 Jan 1998 00:00:00 GMT","SITETYPE_MULTI1":"","SITETYPE_MULTI2":"","SITETYPE_MULTI3":"","YearBuilt":null,"YearBuiltSrc":null,"YearBuiltNotes":"","ResUnitCnt":1,"NonResUnitCnt":0,"DateUpdate":"Thu, 10 Aug 2023 16:27:49 GMT","County":"Rutland County","Inc_Muni":"Hubbardton","AddNum_Pre":null,"Add_Number":1225,"AddNum_Suf":"","St_PreMod":"","St_PreDir":" ","St_PreTyp":"Vermont Route","St_PreSep":"","St_Name":"30","St_PosTyp":" ","St_PosDir":" ","St_PosMod":"","ESN":"328","Post_Comm":"Bomoseen","Post_Code":"05732","GlobalID":"fcd3019a-789e-45b1-8568-4f842435a51a","Category":"Residential"}},
{"type":"Feature","id":54277,"geometry":{"type":"Point","coordinates":[-73.1465162550609,43.6937229909321]},"properties":{"OBJECTID":54277,"ESITEID":130773,"PRIMARYNAME":"SAINT JOHN RD","ALIAS1":"","ALIAS2":"","ALIAS3":"","ALIAS4":"","ALIAS5":"","PRIMARYADDRESS":"416 SAINT JOHN RD","SITETYPE":"Single Family Dwelling","MAPYEAR":"Thu, 01 Jan 1998 00:00:00 GMT","SITETYPE_MULTI1":"","SITETYPE_MULTI2":"","SITETYPE_MULTI3":"","YearBuilt":null,"YearBuiltSrc":null,"YearBuiltNotes":"","ResUnitCnt":1,"NonResUnitCnt":0,"DateUpdate":"Fri, 27 Jan 2023 22:18:14 GMT","County":"Rutland County","Inc_Muni":"Hubbardton","AddNum_Pre":null,"Add_Number":416,"AddNum_Suf":"","St_PreMod":"","St_PreDir":" ","St_PreTyp":"","St_PreSep":"","St_Name":"Saint John","St_PosTyp":"Road","St_PosDir":"","St_PosMod":"","ESN":"328","Post_Comm":"Castleton","Post_Code":"05735","GlobalID":"11f55e9c-271b-4e59-8b0a-5941acce67c9","Category":"Residential"}},
{"type":"Feature","id":38867,"geometry":{"type":"Point","coordinates":[-73.1513380346419,43.6936276242839]},"properties":{"OBJECTID":38867,"ESITEID":130774,"PRIMARYNAME":"SAINT JOHN RD","ALIAS1":"","ALIAS2":"","ALIAS3":"","ALIAS4":"","ALIAS5":"","PRIMARYADDRESS":"658 SAINT JOHN RD","SITETYPE":"Single Family Dwelling","MAPYEAR":"Thu, 01 Jan 1998 00:00:00 GMT","SITETYPE_MULTI1":"","SITETYPE_MULTI2":"","SITETYPE_MULTI3":"","YearBuilt":null,"YearBuiltSrc":null,"YearBuiltNotes":"","ResUnitCnt":1,"NonResUnitCnt":0,"DateUpdate":"Fri, 27 Jan 2023 22:18:14 GMT","County":"Rutland County","Inc_Muni":"Hubbardton","AddNum_Pre":null,"Add_Number":658,"AddNum_Suf":"","St_PreMod":"","St_PreDir":" ","St_PreTyp":"","St_PreSep":"","St_Name":"Saint John","St_PosTyp":"Road","St_PosDir":"","St_PosMod":"","ESN":"328","Post_Comm":"Castleton","Post_Code":"05735","GlobalID":"b4a047f4-4701-4cf4-ad53-6efa256cf73a","Category":"Residential"}},
{"type":"Feature","id":318687,"geometry":{"type":"Point","coordinates":[-73.1876160825975,43.6936010332759]},"properties":{"OBJECTID":318687,"ESITEID":130775,"PRIMARYNAME":"VT ROUTE 30","ALIAS1":"","ALIAS2":"","ALIAS3":"","ALIAS4":"","ALIAS5":"","PRIMARYADDRESS":"1229 VT ROUTE 30","SITETYPE":"Single Family Dwelling","MAPYEAR":"Thu, 01 Jan 1998 00:00:00 GMT","SITETYPE_MULTI1":"","SITETYPE_MULTI2":"","SITETYPE_MULTI3":"","YearBuilt":null,"YearBuiltSrc":null,"YearBuiltNotes":"","ResUnitCnt":1,"NonResUnitCnt":0,"DateUpdate":"Thu, 10 Aug 2023 16:27:49 GMT","County":"Rutland County","Inc_Muni":"Hubbardton","AddNum_Pre":null,"Add_Number":1229,"AddNum_Suf":"","St_PreMod":"","St_PreDir":" ","St_PreTyp":"Vermont Route","St_PreSep":"","St_Name":"30","St_PosTyp":" ","St_PosDir":" ","St_PosMod":"","ESN":"328","Post_Comm":"Bomoseen","Post_Code":"05732","GlobalID":"7f3d7ced-8c3b-4891-9071-5acc947486d1","Category":"Residential"}},
{"type":"Feature","id":114393,"geometry":{"type":"Point","coordinates":[-73.1485990810164,43.6936123653616]},"properties":{"OBJECTID":114393,"ESITEID":130776,"PRIMARYNAME":"SAINT JOHN RD","ALIAS1":"","ALIAS2":"","ALIAS3":"","ALIAS4":"","ALIAS5":"","PRIMARYADDRESS":"522 SAINT JOHN RD","SITETYPE":"Single Family Dwelling","MAPYEAR":"Thu, 01 Jan 1998 00:00:00 GMT","SITETYPE_MULTI1":"","SITETYPE_MULTI2":"","SITETYPE_MULTI3":"","YearBuilt":null,"YearBuiltSrc":null,"YearBuiltNotes":"","ResUnitCnt":1,"NonResUnitCnt":0,"DateUpdate":"Fri, 27 Jan 2023 22:18:14 GMT","County":"Rutland County","Inc_Muni":"Hubbardton","AddNum_Pre":null,"Add_Number":522,"AddNum_Suf":"","St_PreMod":"","St_PreDir":" ","St_PreTyp":"","St_PreSep":"","St_Name":"Saint John","St_PosTyp":"Road","St_PosDir":"","St_PosMod":"","ESN":"328","Post_Comm":"Castleton","Post_Code":"05735","GlobalID":"92026159-36b4-42d8-b24d-05e2dd31c553","Category":"Residential"}},
{"type":"Feature","id":308290,"geometry":{"type":"Point","coordinates":[-73.1470884594107,43.693578032667]},"properties":{"OBJECTID":308290,"ESITEID":130777,"PRIMARYNAME":"SAINT JOHN RD","ALIAS1":"","ALIAS2":"","ALIAS3":"","ALIAS4":"","ALIAS5":"","PRIMARYADDRESS":"446 SAINT JOHN RD","SITETYPE":"Single Family Dwelling","MAPYEAR":"Thu, 01 Jan 1998 00:00:00 GMT","SITETYPE_MULTI1":"","SITETYPE_MULTI2":"","SITETYPE_MULTI3":"","YearBuilt":null,"YearBuiltSrc":null,"YearBuiltNotes":"","ResUnitCnt":1,"NonResUnitCnt":0,"DateUpdate":"Fri, 27 Jan 2023 22:18:14 GMT","County":"Rutland County","Inc_Muni":"Hubbardton","AddNum_Pre":null,"Add_Number":446,"AddNum_Suf":"","St_PreMod":"","St_PreDir":" ","St_PreTyp":"","St_PreSep":"","St_Name":"Saint John","St_PosTyp":"Road","St_PosDir":"","St_PosMod":"","ESN":"328","Post_Comm":"Castleton","Post_Code":"05735","GlobalID":"d9b219a8-807b-494b-9b22-28334131a4e9","Category":"Residential"}},
{"type":"Feature","id":255851,"geometry":{"type":"Point","coordinates":[-73.1626295422038,43.6934826658822]},"properties":{"OBJECTID":255851,"ESITEID":130778,"PRIMARYNAME":"HOWLAND RD  ","ALIAS1":"","ALIAS2":"","ALIAS3":"","ALIAS4":"","ALIAS5":"","PRIMARYADDRESS":"161 HOWLAND RD","SITETYPE":"Single Family Dwelling","MAPYEAR":"Thu, 01 Jan 1998 00:00:00 GMT","SITETYPE_MULTI1":"","SITETYPE_MULTI2":"","SITETYPE_MULTI3":"","YearBuilt":null,"YearBuiltSrc":null,"YearBuiltNotes":"","ResUnitCnt":1,"NonResUnitCnt":0,"DateUpdate":"Fri, 27 Jan 2023 22:18:15 GMT","County":"Rutland County","Inc_Muni":"Hubbardton","AddNum_Pre":null,"Add_Number":161,"AddNum_Suf":"","St_PreMod":"","St_PreDir":"","St_PreTyp":"","St_PreSep":"","St_Name":"Howland","St_PosTyp":"Road","St_PosDir":"","St_PosMod":"","ESN":"328","Post_Comm":"Castleton","Post_Code":"05735","GlobalID":"41fd5f11-0369-4ea0-a6a0-ef43f430f9ec","Category":"Residential"}},
{"type":"Feature","id":58306,"geometry":{"type":"Point","coordinates":[-73.1653456066313,43.6932995608757]},"properties":{"OBJECTID":58306,"ESITEID":130779,"PRIMARYNAME":"HOWLAND RD  ","ALIAS1":"","ALIAS2":"","ALIAS3":"","ALIAS4":"","ALIAS5":"","PRIMARYADDRESS":"270 HOWLAND RD","SITETYPE":"Single Family Dwelling","MAPYEAR":"Thu, 01 Jan 1998 00:00:00 GMT","SITETYPE_MULTI1":"","SITETYPE_MULTI2":"","SITETYPE_MULTI3":"","YearBuilt":null,"YearBuiltSrc":null,"YearBuiltNotes":"","ResUnitCnt":1,"NonResUnitCnt":0,"DateUpdate":"Fri, 27 Jan 2023 22:18:15 GMT","County":"Rutland County","Inc_Muni":"Hubbardton","AddNum_Pre":null,"Add_Number":270,"AddNum_Suf":"","St_PreMod":"","St_PreDir":"","St_PreTyp":"","St_PreSep":"","St_Name":"Howland","St_PosTyp":"Road","St_PosDir":"","St_PosMod":"","ESN":"328","Post_Comm":"Castleton","Post_Code":"05735","GlobalID":"30b041cb-124e-45d5-a603-3f80bba3dd79","Category":"Residential"}},
{"type":"Feature","id":320364,"geometry":{"type":"Point","coordinates":[-73.1675044309099,43.6931852006696]},"properties":{"OBJECTID":320364,"ESITEID":130780,"PRIMARYNAME":"HOWLAND RD  ","ALIAS1":"","ALIAS2":"","ALIAS3":"","ALIAS4":"","ALIAS5":"","PRIMARYADDRESS":"342 HOWLAND RD","SITETYPE":"Camp","MAPYEAR":"Thu, 01 Jan 1998 00:00:00 GMT","SITETYPE_MULTI1":"","SITETYPE_MULTI2":"","SITETYPE_MULTI3":"","YearBuilt":null,"YearBuiltSrc":null,"YearBuiltNotes":"","ResUnitCnt":1,"NonResUnitCnt":0,"DateUpdate":"Fri, 27 Jan 2023 22:18:15 GMT","County":"Rutland County","Inc_Muni":"Hubbardton","AddNum_Pre":null,"Add_Number":342,"AddNum_Suf":"","St_PreMod":"","St_PreDir":"","St_PreTyp":"","St_PreSep":"","St_Name":"Howland","St_PosTyp":"Road","St_PosDir":"","St_PosMod":"","ESN":"328","Post_Comm":"Castleton","Post_Code":"05735","GlobalID":"395edb80-bcb7-4988-bc92-914136760647","Category":"Residential"}},
{"type":"Feature","id":180419,"geometry":{"type":"Point","coordinates":[-73.1534818937706,43.6930516043529]},"properties":{"OBJECTID":180419,"ESITEID":130781,"PRIMARYNAME":"SAINT JOHN RD","ALIAS1":"","ALIAS2":"","ALIAS3":"","ALIAS4":"","ALIAS5":"","PRIMARYADDRESS":"765 SAINT JOHN RD","SITETYPE":"Single Family Dwelling","MAPYEAR":"Thu, 01 Jan 1998 00:00:00 GMT","SITETYPE_MULTI1":"","SITETYPE_MULTI2":"","SITETYPE_MULTI3":"","YearBuilt":null,"YearBuiltSrc":null,"YearBuiltNotes":"","ResUnitCnt":1,"NonResUnitCnt":0,"DateUpdate":"Fri, 27 Jan 2023 22:18:14 GMT","County":"Rutland County","Inc_Muni":"Hubbardton","AddNum_Pre":null,"Add_Number":765,"AddNum_Suf":"","St_PreMod":"","St_PreDir":" ","St_PreTyp":"","St_PreSep":"","St_Name":"Saint John","St_PosTyp":"Road","St_PosDir":"","St_PosMod":"","ESN":"328","Post_Comm":"Castleton","Post_Code":"05735","GlobalID":"96171827-e601-4773-8b7e-9514e7315e62","Category":"Residential"}},
{"type":"Feature","id":338508,"geometry":{"type":"Point","coordinates":[-73.1451497210795,43.6931660700879]},"properties":{"OBJECTID":338508,"ESITEID":130782,"PRIMARYNAME":"SAINT JOHN RD","ALIAS1":"","ALIAS2":"","ALIAS3":"","ALIAS4":"","ALIAS5":"","PRIMARYADDRESS":"349 SAINT JOHN RD","SITETYPE":"Mobile Home","MAPYEAR":"Thu, 01 Jan 1998 00:00:00 GMT","SITETYPE_MULTI1":"","SITETYPE_MULTI2":"","SITETYPE_MULTI3":"","YearBuilt":null,"YearBuiltSrc":null,"YearBuiltNotes":"","ResUnitCnt":1,"NonResUnitCnt":0,"DateUpdate":"Fri, 27 Jan 2023 22:18:14 GMT","County":"Rutland County","Inc_Muni":"Hubbardton","AddNum_Pre":null,"Add_Number":349,"AddNum_Suf":"","St_PreMod":"","St_PreDir":" ","St_PreTyp":"","St_PreSep":"","St_Name":"Saint John","St_PosTyp":"Road","St_PosDir":"","St_PosMod":"","ESN":"328","Post_Comm":"Castleton","Post_Code":"05735","GlobalID":"1d0955eb-7b0d-44f0-a14a-5e0f0aa60149","Category":"Residential"}},
{"type":"Feature","id":248108,"geometry":{"type":"Point","coordinates":[-73.1509348533485,43.6927956093767]},"properties":{"OBJECTID":248108,"ESITEID":130783,"PRIMARYNAME":"SAINT JOHN RD","ALIAS1":"","ALIAS2":"","ALIAS3":"","ALIAS4":"","ALIAS5":"","PRIMARYADDRESS":"615 SAINT JOHN RD","SITETYPE":"Mobile Home","MAPYEAR":"Thu, 01 Jan 1998 00:00:00 GMT","SITETYPE_MULTI1":"","SITETYPE_MULTI2":"","SITETYPE_MULTI3":"","YearBuilt":null,"YearBuiltSrc":null,"YearBuiltNotes":"","ResUnitCnt":1,"NonResUnitCnt":0,"DateUpdate":"Wed, 23 Dec 2015 11:21:32 GMT","County":"Rutland County","Inc_Muni":"Hubbardton","AddNum_Pre":"","Add_Number":615,"AddNum_Suf":"","St_PreMod":"","St_PreDir":" ","St_PreTyp":"","St_PreSep":"","St_Name":"Saint John","St_PosTyp":"Road","St_PosDir":"","St_PosMod":"","ESN":"328","Post_Comm":"Castleton","Post_Code":"05735","GlobalID":"ad676a9f-c07a-4621-af8c-a10ada8d0e68","Category":"Residential"}},
{"type":"Feature","id":260236,"geometry":{"type":"Point","coordinates":[-73.1457126578587,43.6930195463811]},"properties":{"OBJECTID":260236,"ESITEID":130784,"PRIMARYNAME":"SAINT JOHN RD","ALIAS1":"","ALIAS2":"","ALIAS3":"","ALIAS4":"","ALIAS5":"","PRIMARYADDRESS":"373 SAINT JOHN RD","SITETYPE":"Single Family Dwelling","MAPYEAR":"Thu, 01 Jan 1998 00:00:00 GMT","SITETYPE_MULTI1":"","SITETYPE_MULTI2":"","SITETYPE_MULTI3":"","YearBuilt":null,"YearBuiltSrc":null,"YearBuiltNotes":"","ResUnitCnt":1,"NonResUnitCnt":0,"DateUpdate":"Fri, 27 Jan 2023 22:18:14 GMT","County":"Rutland County","Inc_Muni":"Hubbardton","AddNum_Pre":null,"Add_Number":373,"AddNum_Suf":"","St_PreMod":"","St_PreDir":" ","St_PreTyp":"","St_PreSep":"","St_Name":"Saint John","St_PosTyp":"Road","St_PosDir":"","St_PosMod":"","ESN":"328","Post_Comm":"Castleton","Post_Code":"05735","GlobalID":"37952461-5d5e-4465-be65-4598c0940dcf","Category":"Residential"}},
{"type":"Feature","id":2254,"geometry":{"type":"Point","coordinates":[-73.1488584804949,43.6928189089862]},"properties":{"OBJECTID":2254,"ESITEID":130785,"PRIMARYNAME":"SAINT JOHN RD","ALIAS1":"","ALIAS2":"","ALIAS3":"","ALIAS4":"","ALIAS5":"","PRIMARYADDRESS":"533 SAINT JOHN RD","SITETYPE":"Single Family Dwelling","MAPYEAR":"Thu, 01 Jan 1998 00:00:00 GMT","SITETYPE_MULTI1":"","SITETYPE_MULTI2":"","SITETYPE_MULTI3":"","YearBuilt":null,"YearBuiltSrc":null,"YearBuiltNotes":"","ResUnitCnt":1,"NonResUnitCnt":0,"DateUpdate":"Fri, 27 Jan 2023 22:18:14 GMT","County":"Rutland County","Inc_Muni":"Hubbardton","AddNum_Pre":null,"Add_Number":533,"AddNum_Suf":"","St_PreMod":"","St_PreDir":" ","St_PreTyp":"","St_PreSep":"","St_Name":"Saint John","St_PosTyp":"Road","St_PosDir":"","St_PosMod":"","ESN":"328","Post_Comm":"Castleton","Post_Code":"05735","GlobalID":"d13f9249-0598-4515-bdcb-866566154e7d","Category":"Residential"}},
{"type":"Feature","id":277170,"geometry":{"type":"Point","coordinates":[-73.1373439885263,43.6926115992766]},"properties":{"OBJECTID":277170,"ESITEID":130786,"PRIMARYNAME":"MONUMENT HILL RD","ALIAS1":"","ALIAS2":"","ALIAS3":"","ALIAS4":"","ALIAS5":"","PRIMARYADDRESS":"5877 MONUMENT HILL RD","SITETYPE":"Religious \/ Spiritual Facility","MAPYEAR":"Thu, 01 Jan 1998 00:00:00 GMT","SITETYPE_MULTI1":"","SITETYPE_MULTI2":"","SITETYPE_MULTI3":"","YearBuilt":null,"YearBuiltSrc":null,"YearBuiltNotes":"","ResUnitCnt":1,"NonResUnitCnt":0,"DateUpdate":"Fri, 27 Jan 2023 21:21:45 GMT","County":"Rutland County","Inc_Muni":"Hubbardton","AddNum_Pre":null,"Add_Number":5877,"AddNum_Suf":"","St_PreMod":"","St_PreDir":" ","St_PreTyp":"","St_PreSep":"","St_Name":"Monument Hill","St_PosTyp":"Road","St_PosDir":" ","St_PosMod":"","ESN":"328","Post_Comm":"Castleton","Post_Code":"05735","GlobalID":"8fba4bcb-7f62-486f-9e85-939fc8d038ed","Category":"Public Gathering"}},
{"type":"Feature","id":246626,"geometry":{"type":"Point","coordinates":[-73.1452268869911,43.6920826723472]},"properties":{"OBJECTID":246626,"ESITEID":130787,"PRIMARYNAME":"SAINT JOHN RD","ALIAS1":"","ALIAS2":"","ALIAS3":"","ALIAS4":"","ALIAS5":"","PRIMARYADDRESS":"319 SAINT JOHN RD","SITETYPE":"Single Family Dwelling","MAPYEAR":"Thu, 01 Jan 1998 00:00:00 GMT","SITETYPE_MULTI1":"","SITETYPE_MULTI2":"","SITETYPE_MULTI3":"","YearBuilt":null,"YearBuiltSrc":null,"YearBuiltNotes":"","ResUnitCnt":1,"NonResUnitCnt":0,"DateUpdate":"Fri, 27 Jan 2023 22:18:14 GMT","County":"Rutland County","Inc_Muni":"Hubbardton","AddNum_Pre":null,"Add_Number":319,"AddNum_Suf":"","St_PreMod":"","St_PreDir":" ","St_PreTyp":"","St_PreSep":"","St_Name":"Saint John","St_PosTyp":"Road","St_PosDir":"","St_PosMod":"","ESN":"328","Post_Comm":"Castleton","Post_Code":"05735","GlobalID":"1955a46f-bc3c-41d4-8028-1d61fd4b3027","Category":"Residential"}},
{"type":"Feature","id":237881,"geometry":{"type":"Point","coordinates":[-73.137727189981,43.6915829456262]},"properties":{"OBJECTID":237881,"ESITEID":130788,"PRIMARYNAME":"MONUMENT HILL RD","ALIAS1":"","ALIAS2":"","ALIAS3":"","ALIAS4":"","ALIAS5":"","PRIMARYADDRESS":"5934 MONUMENT HILL RD","SITETYPE":"Mobile Home","MAPYEAR":"Thu, 01 Jan 1998 00:00:00 GMT","SITETYPE_MULTI1":"","SITETYPE_MULTI2":"","SITETYPE_MULTI3":"","YearBuilt":null,"YearBuiltSrc":null,"YearBuiltNotes":"","ResUnitCnt":1,"NonResUnitCnt":0,"DateUpdate":"Fri, 27 Jan 2023 21:21:45 GMT","County":"Rutland County","Inc_Muni":"Hubbardton","AddNum_Pre":null,"Add_Number":5934,"AddNum_Suf":"","St_PreMod":"","St_PreDir":" ","St_PreTyp":"","St_PreSep":"","St_Name":"Monument Hill","St_PosTyp":"Road","St_PosDir":" ","St_PosMod":"","ESN":"328","Post_Comm":"Castleton","Post_Code":"05735","GlobalID":"585095e4-b2a2-4389-94eb-f269e3ae2824","Category":"Residential"}},
{"type":"Feature","id":316853,"geometry":{"type":"Point","coordinates":[-73.1560606304967,43.6914570608969]},"properties":{"OBJECTID":316853,"ESITEID":130789,"PRIMARYNAME":"HINKLEY RD","ALIAS1":"","ALIAS2":"","ALIAS3":"","ALIAS4":"","ALIAS5":"","PRIMARYADDRESS":"319 HINKLEY RD","SITETYPE":"Single Family Dwelling","MAPYEAR":"Thu, 01 Jan 1998 00:00:00 GMT","SITETYPE_MULTI1":"","SITETYPE_MULTI2":"","SITETYPE_MULTI3":"","YearBuilt":null,"YearBuiltSrc":null,"YearBuiltNotes":"","ResUnitCnt":1,"NonResUnitCnt":0,"DateUpdate":"Fri, 27 Jan 2023 22:18:15 GMT","County":"Rutland County","Inc_Muni":"Hubbardton","AddNum_Pre":null,"Add_Number":319,"AddNum_Suf":"","St_PreMod":"","St_PreDir":" ","St_PreTyp":"","St_PreSep":"","St_Name":"Hinkley","St_PosTyp":"Road","St_PosDir":"","St_PosMod":"","ESN":"328","Post_Comm":"Castleton","Post_Code":"05735","GlobalID":"8c6debbb-15d7-438e-8af2-d14b6cf2df8e","Category":"Residential"}},
{"type":"Feature","id":166140,"geometry":{"type":"Point","coordinates":[-73.1690956937246,43.691354788427]},"properties":{"OBJECTID":166140,"ESITEID":130790,"PRIMARYNAME":"HOWLAND RD  ","ALIAS1":"","ALIAS2":"","ALIAS3":"","ALIAS4":"","ALIAS5":"","PRIMARYADDRESS":"460 HOWLAND RD","SITETYPE":"Single Family Dwelling","MAPYEAR":"Thu, 01 Jan 1998 00:00:00 GMT","SITETYPE_MULTI1":"","SITETYPE_MULTI2":"","SITETYPE_MULTI3":"","YearBuilt":null,"YearBuiltSrc":null,"YearBuiltNotes":"","ResUnitCnt":1,"NonResUnitCnt":0,"DateUpdate":"Fri, 27 Jan 2023 22:18:15 GMT","County":"Rutland County","Inc_Muni":"Hubbardton","AddNum_Pre":null,"Add_Number":460,"AddNum_Suf":"","St_PreMod":"","St_PreDir":"","St_PreTyp":"","St_PreSep":"","St_Name":"Howland","St_PosTyp":"Road","St_PosDir":"","St_PosMod":"","ESN":"328","Post_Comm":"Castleton","Post_Code":"05735","GlobalID":"a788027b-5e30-474a-8938-35ee98dc8482","Category":"Residential"}},
{"type":"Feature","id":20048,"geometry":{"type":"Point","coordinates":[-73.1830287802744,43.6909754911095]},"properties":{"OBJECTID":20048,"ESITEID":130791,"PRIMARYNAME":"VT ROUTE 30","ALIAS1":"","ALIAS2":"","ALIAS3":"","ALIAS4":"","ALIAS5":"","PRIMARYADDRESS":"920 VT ROUTE 30","SITETYPE":"Single Family Dwelling","MAPYEAR":"Thu, 01 Jan 1998 00:00:00 GMT","SITETYPE_MULTI1":"","SITETYPE_MULTI2":"","SITETYPE_MULTI3":"","YearBuilt":null,"YearBuiltSrc":null,"YearBuiltNotes":"","ResUnitCnt":1,"NonResUnitCnt":0,"DateUpdate":"Thu, 13 Jun 2024 13:31:01 GMT","County":"Rutland County","Inc_Muni":"Hubbardton","AddNum_Pre":null,"Add_Number":920,"AddNum_Suf":"","St_PreMod":"","St_PreDir":" ","St_PreTyp":"Vermont Route","St_PreSep":"","St_Name":"30","St_PosTyp":" ","St_PosDir":" ","St_PosMod":"","ESN":"328","Post_Comm":"Castleton","Post_Code":"05735","GlobalID":"e468c236-f379-4f71-bc52-fe4418c449b9","Category":"Residential"}},
{"type":"Feature","id":212167,"geometry":{"type":"Point","coordinates":[-73.136979508576,43.6912243660593]},"properties":{"OBJECTID":212167,"ESITEID":130792,"PRIMARYNAME":"MONUMENT HILL RD","ALIAS1":"","ALIAS2":"","ALIAS3":"","ALIAS4":"","ALIAS5":"","PRIMARYADDRESS":"5969 MONUMENT HILL RD","SITETYPE":"Single Family Dwelling","MAPYEAR":"Thu, 01 Jan 1998 00:00:00 GMT","SITETYPE_MULTI1":"","SITETYPE_MULTI2":"","SITETYPE_MULTI3":"","YearBuilt":null,"YearBuiltSrc":null,"YearBuiltNotes":"","ResUnitCnt":1,"NonResUnitCnt":0,"DateUpdate":"Fri, 27 Jan 2023 21:21:45 GMT","County":"Rutland County","Inc_Muni":"Hubbardton","AddNum_Pre":null,"Add_Number":5969,"AddNum_Suf":"","St_PreMod":"","St_PreDir":" ","St_PreTyp":"","St_PreSep":"","St_Name":"Monument Hill","St_PosTyp":"Road","St_PosDir":" ","St_PosMod":"","ESN":"328","Post_Comm":"Castleton","Post_Code":"05735","GlobalID":"a6852701-b55b-457f-837d-8b63d9317a3a","Category":"Residential"}},
{"type":"Feature","id":224004,"geometry":{"type":"Point","coordinates":[-73.1568807529806,43.6911731222732]},"properties":{"OBJECTID":224004,"ESITEID":130793,"PRIMARYNAME":"HINKLEY RD","ALIAS1":"","ALIAS2":"","ALIAS3":"","ALIAS4":"","ALIAS5":"","PRIMARYADDRESS":"344 HINKLEY RD","SITETYPE":"Camp","MAPYEAR":"Thu, 01 Jan 1998 00:00:00 GMT","SITETYPE_MULTI1":"","SITETYPE_MULTI2":"","SITETYPE_MULTI3":"","YearBuilt":null,"YearBuiltSrc":null,"YearBuiltNotes":"","ResUnitCnt":1,"NonResUnitCnt":0,"DateUpdate":"Fri, 27 Jan 2023 22:18:15 GMT","County":"Rutland County","Inc_Muni":"Hubbardton","AddNum_Pre":null,"Add_Number":344,"AddNum_Suf":"","St_PreMod":"","St_PreDir":" ","St_PreTyp":"","St_PreSep":"","St_Name":"Hinkley","St_PosTyp":"Road","St_PosDir":"","St_PosMod":"","ESN":"328","Post_Comm":"Castleton","Post_Code":"05735","GlobalID":"bfd256a5-9242-44e1-a8da-cd29e39929a5","Category":"Residential"}},
{"type":"Feature","id":76636,"geometry":{"type":"Point","coordinates":[-73.1685390048962,43.6908285828304]},"properties":{"OBJECTID":76636,"ESITEID":130794,"PRIMARYNAME":"HOWLAND RD  ","ALIAS1":"","ALIAS2":"","ALIAS3":"","ALIAS4":"","ALIAS5":"","PRIMARYADDRESS":"523 HOWLAND RD","SITETYPE":"Single Family Dwelling","MAPYEAR":"Thu, 01 Jan 1998 00:00:00 GMT","SITETYPE_MULTI1":"","SITETYPE_MULTI2":"","SITETYPE_MULTI3":"","YearBuilt":null,"YearBuiltSrc":null,"YearBuiltNotes":"","ResUnitCnt":1,"NonResUnitCnt":0,"DateUpdate":"Fri, 27 Jan 2023 22:18:15 GMT","County":"Rutland County","Inc_Muni":"Hubbardton","AddNum_Pre":null,"Add_Number":523,"AddNum_Suf":"","St_PreMod":"","St_PreDir":"","St_PreTyp":"","St_PreSep":"","St_Name":"Howland","St_PosTyp":"Road","St_PosDir":"","St_PosMod":"","ESN":"328","Post_Comm":"Castleton","Post_Code":"05735","GlobalID":"e41e7f8a-2db9-4047-abf5-736bd0b3d7c6","Category":"Residential"}},
{"type":"Feature","id":223804,"geometry":{"type":"Point","coordinates":[-73.1367658845337,43.6907131963357]},"properties":{"OBJECTID":223804,"ESITEID":130795,"PRIMARYNAME":"MONUMENT HILL RD","ALIAS1":"","ALIAS2":"","ALIAS3":"","ALIAS4":"","ALIAS5":"","PRIMARYADDRESS":"6003 MONUMENT HILL RD","SITETYPE":"Mobile Home","MAPYEAR":"Thu, 01 Jan 1998 00:00:00 GMT","SITETYPE_MULTI1":"","SITETYPE_MULTI2":"","SITETYPE_MULTI3":"","YearBuilt":null,"YearBuiltSrc":null,"YearBuiltNotes":"","ResUnitCnt":1,"NonResUnitCnt":0,"DateUpdate":"Fri, 27 Jan 2023 21:21:45 GMT","County":"Rutland County","Inc_Muni":"Hubbardton","AddNum_Pre":null,"Add_Number":6003,"AddNum_Suf":"","St_PreMod":"","St_PreDir":" ","St_PreTyp":"","St_PreSep":"","St_Name":"Monument Hill","St_PosTyp":"Road","St_PosDir":" ","St_PosMod":"","ESN":"328","Post_Comm":"Castleton","Post_Code":"05735","GlobalID":"24853d1a-5528-40e8-bb54-5cbf3108835f","Category":"Residential"}},
{"type":"Feature","id":318160,"geometry":{"type":"Point","coordinates":[-73.194981891255,43.6914566427421]},"properties":{"OBJECTID":318160,"ESITEID":130796,"PRIMARYNAME":"JASONS WAY","ALIAS1":"","ALIAS2":"","ALIAS3":"","ALIAS4":"","ALIAS5":"","PRIMARYADDRESS":"876 JASONS WAY","SITETYPE":"Camp","MAPYEAR":"Thu, 01 Jan 1998 00:00:00 GMT","SITETYPE_MULTI1":"","SITETYPE_MULTI2":"","SITETYPE_MULTI3":"","YearBuilt":null,"YearBuiltSrc":null,"YearBuiltNotes":"","ResUnitCnt":1,"NonResUnitCnt":0,"DateUpdate":"Thu, 10 Aug 2023 16:27:10 GMT","County":"Rutland County","Inc_Muni":"Hubbardton","AddNum_Pre":null,"Add_Number":876,"AddNum_Suf":"","St_PreMod":"","St_PreDir":" ","St_PreTyp":"","St_PreSep":"","St_Name":"Jasons","St_PosTyp":"Way","St_PosDir":"","St_PosMod":"","ESN":"328","Post_Comm":"Castleton","Post_Code":"05735","GlobalID":"472cce88-d74b-42c5-ad95-fc3f2d8f3f2d","Category":"Residential"}},
{"type":"Feature","id":165812,"geometry":{"type":"Point","coordinates":[-73.199178163747,43.6895036106417]},"properties":{"OBJECTID":165812,"ESITEID":130797,"PRIMARYNAME":"JASONS WAY","ALIAS1":"","ALIAS2":"","ALIAS3":"","ALIAS4":"","ALIAS5":"","PRIMARYADDRESS":"872 JASONS WAY","SITETYPE":"Camp","MAPYEAR":"Thu, 01 Jan 1998 00:00:00 GMT","SITETYPE_MULTI1":"","SITETYPE_MULTI2":"","SITETYPE_MULTI3":"","YearBuilt":null,"YearBuiltSrc":null,"YearBuiltNotes":"","ResUnitCnt":1,"NonResUnitCnt":0,"DateUpdate":"Thu, 10 Aug 2023 16:27:11 GMT","County":"Rutland County","Inc_Muni":"Hubbardton","AddNum_Pre":null,"Add_Number":872,"AddNum_Suf":"","St_PreMod":"","St_PreDir":" ","St_PreTyp":"","St_PreSep":"","St_Name":"Jasons","St_PosTyp":"Way","St_PosDir":"","St_PosMod":"","ESN":"328","Post_Comm":"Castleton","Post_Code":"05735","GlobalID":"fd9603f2-a17c-4f76-a9d7-f480913db3e9","Category":"Residential"}},
{"type":"Feature","id":352798,"geometry":{"type":"Point","coordinates":[-73.1852331187481,43.6893598073733]},"properties":{"OBJECTID":352798,"ESITEID":130798,"PRIMARYNAME":"VT ROUTE 30","ALIAS1":"","ALIAS2":"","ALIAS3":"","ALIAS4":"","ALIAS5":"","PRIMARYADDRESS":"755 VT ROUTE 30","SITETYPE":"Single Family Dwelling","MAPYEAR":"Thu, 01 Jan 1998 00:00:00 GMT","SITETYPE_MULTI1":"","SITETYPE_MULTI2":"","SITETYPE_MULTI3":"","YearBuilt":null,"YearBuiltSrc":null,"YearBuiltNotes":"","ResUnitCnt":1,"NonResUnitCnt":0,"DateUpdate":"Thu, 13 Jun 2024 13:29:32 GMT","County":"Rutland County","Inc_Muni":"Hubbardton","AddNum_Pre":null,"Add_Number":755,"AddNum_Suf":"","St_PreMod":"","St_PreDir":"","St_PreTyp":"Vermont Route","St_PreSep":"","St_Name":"30","St_PosTyp":"","St_PosDir":"","St_PosMod":"","ESN":"328","Post_Comm":"Bomoseen","Post_Code":"05732","GlobalID":"7c6639be-25c3-4957-963a-156e92cb4070","Category":"Residential"}},
{"type":"Feature","id":343621,"geometry":{"type":"Point","coordinates":[-73.1845155257928,43.6894030395056]},"properties":{"OBJECTID":343621,"ESITEID":130799,"PRIMARYNAME":"VT ROUTE 30","ALIAS1":"","ALIAS2":"","ALIAS3":"","ALIAS4":"","ALIAS5":"","PRIMARYADDRESS":"764 VT ROUTE 30","SITETYPE":"Single Family Dwelling","MAPYEAR":"Thu, 01 Jan 1998 00:00:00 GMT","SITETYPE_MULTI1":"","SITETYPE_MULTI2":"","SITETYPE_MULTI3":"","YearBuilt":null,"YearBuiltSrc":null,"YearBuiltNotes":"","ResUnitCnt":1,"NonResUnitCnt":0,"DateUpdate":"Thu, 13 Jun 2024 13:29:36 GMT","County":"Rutland County","Inc_Muni":"Hubbardton","AddNum_Pre":null,"Add_Number":764,"AddNum_Suf":"","St_PreMod":"","St_PreDir":"","St_PreTyp":"Vermont Route","St_PreSep":"","St_Name":"30","St_PosTyp":"","St_PosDir":"","St_PosMod":"","ESN":"328","Post_Comm":"Bomoseen","Post_Code":"05732","GlobalID":"d56a704a-9be2-4bf3-b7e0-566923296e94","Category":"Residential"}},
{"type":"Feature","id":141788,"geometry":{"type":"Point","coordinates":[-73.156141126859,43.689247358033]},"properties":{"OBJECTID":141788,"ESITEID":130800,"PRIMARYNAME":"HINKLEY RD","ALIAS1":"","ALIAS2":"","ALIAS3":"","ALIAS4":"","ALIAS5":"","PRIMARYADDRESS":"483 HINKLEY RD","SITETYPE":"Mobile Home","MAPYEAR":"Thu, 01 Jan 1998 00:00:00 GMT","SITETYPE_MULTI1":"","SITETYPE_MULTI2":"","SITETYPE_MULTI3":"","YearBuilt":null,"YearBuiltSrc":null,"YearBuiltNotes":"","ResUnitCnt":1,"NonResUnitCnt":0,"DateUpdate":"Fri, 27 Jan 2023 22:18:15 GMT","County":"Rutland County","Inc_Muni":"Hubbardton","AddNum_Pre":null,"Add_Number":483,"AddNum_Suf":"","St_PreMod":"","St_PreDir":" ","St_PreTyp":"","St_PreSep":"","St_Name":"Hinkley","St_PosTyp":"Road","St_PosDir":"","St_PosMod":"","ESN":"328","Post_Comm":"Castleton","Post_Code":"05735","GlobalID":"a055acf8-bbb2-4def-8ebd-58aab7d148aa","Category":"Residential"}},
{"type":"Feature","id":293082,"geometry":{"type":"Point","coordinates":[-73.1833903372651,43.6888797719038]},"properties":{"OBJECTID":293082,"ESITEID":130801,"PRIMARYNAME":"PENCIL MILL RD  ","ALIAS1":"","ALIAS2":"","ALIAS3":"","ALIAS4":"","ALIAS5":"","PRIMARYADDRESS":"1929 PENCIL MILL RD","SITETYPE":"Single Family Dwelling","MAPYEAR":"Thu, 01 Jan 1998 00:00:00 GMT","SITETYPE_MULTI1":"","SITETYPE_MULTI2":"","SITETYPE_MULTI3":"","YearBuilt":null,"YearBuiltSrc":null,"YearBuiltNotes":"","ResUnitCnt":1,"NonResUnitCnt":0,"DateUpdate":"Thu, 13 Jun 2024 13:29:16 GMT","County":"Rutland County","Inc_Muni":"Hubbardton","AddNum_Pre":null,"Add_Number":1929,"AddNum_Suf":"","St_PreMod":"","St_PreDir":" ","St_PreTyp":"","St_PreSep":"","St_Name":"Pencil Mill","St_PosTyp":"Road","St_PosDir":" ","St_PosMod":"","ESN":"328","Post_Comm":"Castleton","Post_Code":"05735","GlobalID":"4a96a545-51d3-4c6e-a17f-db726bd4963d","Category":"Residential"}},
{"type":"Feature","id":130980,"geometry":{"type":"Point","coordinates":[-73.1364758114867,43.6890672184182]},"properties":{"OBJECTID":130980,"ESITEID":130802,"PRIMARYNAME":"MONUMENT HILL RD","ALIAS1":"","ALIAS2":"","ALIAS3":"","ALIAS4":"","ALIAS5":"","PRIMARYADDRESS":"6121 MONUMENT HILL RD","SITETYPE":"Single Family Dwelling","MAPYEAR":"Thu, 01 Jan 1998 00:00:00 GMT","SITETYPE_MULTI1":"","SITETYPE_MULTI2":"","SITETYPE_MULTI3":"","YearBuilt":null,"YearBuiltSrc":null,"YearBuiltNotes":"","ResUnitCnt":1,"NonResUnitCnt":0,"DateUpdate":"Fri, 27 Jan 2023 21:21:45 GMT","County":"Rutland County","Inc_Muni":"Hubbardton","AddNum_Pre":null,"Add_Number":6121,"AddNum_Suf":"","St_PreMod":"","St_PreDir":" ","St_PreTyp":"","St_PreSep":"","St_Name":"Monument Hill","St_PosTyp":"Road","St_PosDir":" ","St_PosMod":"","ESN":"328","Post_Comm":"Castleton","Post_Code":"05735","GlobalID":"edb2725e-9a76-4cce-b14d-6f35d864f302","Category":"Residential"}},
{"type":"Feature","id":16894,"geometry":{"type":"Point","coordinates":[-73.1765379317909,43.6885044837235]},"properties":{"OBJECTID":16894,"ESITEID":130803,"PRIMARYNAME":"PENCIL MILL RD  ","ALIAS1":"","ALIAS2":"","ALIAS3":"","ALIAS4":"","ALIAS5":"","PRIMARYADDRESS":"1450 PENCIL MILL RD","SITETYPE":"Single Family Dwelling","MAPYEAR":"Thu, 01 Jan 1998 00:00:00 GMT","SITETYPE_MULTI1":"","SITETYPE_MULTI2":"","SITETYPE_MULTI3":"","YearBuilt":null,"YearBuiltSrc":null,"YearBuiltNotes":"","ResUnitCnt":1,"NonResUnitCnt":0,"DateUpdate":"Fri, 27 Jan 2023 22:18:15 GMT","County":"Rutland County","Inc_Muni":"Hubbardton","AddNum_Pre":null,"Add_Number":1450,"AddNum_Suf":"","St_PreMod":"","St_PreDir":" ","St_PreTyp":"","St_PreSep":"","St_Name":"Pencil Mill","St_PosTyp":"Road","St_PosDir":" ","St_PosMod":"","ESN":"328","Post_Comm":"Castleton","Post_Code":"05735","GlobalID":"10308edd-4392-47e7-9cd0-fdc80f9c7592","Category":"Residential"}},
{"type":"Feature","id":339524,"geometry":{"type":"Point","coordinates":[-73.1835476556583,43.6882543298117]},"properties":{"OBJECTID":339524,"ESITEID":130804,"PRIMARYNAME":"PENCIL MILL RD  ","ALIAS1":"","ALIAS2":"","ALIAS3":"","ALIAS4":"","ALIAS5":"","PRIMARYADDRESS":"1889 PENCIL MILL RD","SITETYPE":"Single Family Dwelling","MAPYEAR":"Thu, 01 Jan 1998 00:00:00 GMT","SITETYPE_MULTI1":"","SITETYPE_MULTI2":"","SITETYPE_MULTI3":"","YearBuilt":null,"YearBuiltSrc":null,"YearBuiltNotes":"","ResUnitCnt":1,"NonResUnitCnt":0,"DateUpdate":"Thu, 13 Jun 2024 13:29:20 GMT","County":"Rutland County","Inc_Muni":"Hubbardton","AddNum_Pre":null,"Add_Number":1889,"AddNum_Suf":"","St_PreMod":"","St_PreDir":" ","St_PreTyp":"","St_PreSep":"","St_Name":"Pencil Mill","St_PosTyp":"Road","St_PosDir":" ","St_PosMod":"","ESN":"328","Post_Comm":"Castleton","Post_Code":"05735","GlobalID":"400c300b-264b-4545-aeaa-eee2cdbfb3a5","Category":"Residential"}},
{"type":"Feature","id":200729,"geometry":{"type":"Point","coordinates":[-73.170431406461,43.6883445160988]},"properties":{"OBJECTID":200729,"ESITEID":130805,"PRIMARYNAME":"HOWLAND RD  ","ALIAS1":"","ALIAS2":"","ALIAS3":"","ALIAS4":"","ALIAS5":"","PRIMARYADDRESS":"728 HOWLAND RD","SITETYPE":"Single Family Dwelling","MAPYEAR":"Thu, 01 Jan 1998 00:00:00 GMT","SITETYPE_MULTI1":"","SITETYPE_MULTI2":"","SITETYPE_MULTI3":"","YearBuilt":null,"YearBuiltSrc":null,"YearBuiltNotes":"","ResUnitCnt":1,"NonResUnitCnt":0,"DateUpdate":"Fri, 27 Jan 2023 22:18:15 GMT","County":"Rutland County","Inc_Muni":"Hubbardton","AddNum_Pre":null,"Add_Number":728,"AddNum_Suf":"","St_PreMod":"","St_PreDir":"","St_PreTyp":"","St_PreSep":"","St_Name":"Howland","St_PosTyp":"Road","St_PosDir":"","St_PosMod":"","ESN":"328","Post_Comm":"Castleton","Post_Code":"05735","GlobalID":"e55a35e9-46c0-488b-885f-ba968f12f0fa","Category":"Residential"}},
{"type":"Feature","id":283312,"geometry":{"type":"Point","coordinates":[-73.1376661526321,43.6884587092387]},"properties":{"OBJECTID":283312,"ESITEID":130806,"PRIMARYNAME":"MONUMENT HILL RD","ALIAS1":"","ALIAS2":"","ALIAS3":"","ALIAS4":"","ALIAS5":"","PRIMARYADDRESS":"6118 MONUMENT HILL RD","SITETYPE":"Mobile Home","MAPYEAR":"Thu, 01 Jan 1998 00:00:00 GMT","SITETYPE_MULTI1":"","SITETYPE_MULTI2":"","SITETYPE_MULTI3":"","YearBuilt":null,"YearBuiltSrc":null,"YearBuiltNotes":"","ResUnitCnt":1,"NonResUnitCnt":0,"DateUpdate":"Fri, 27 Jan 2023 21:21:46 GMT","County":"Rutland County","Inc_Muni":"Hubbardton","AddNum_Pre":null,"Add_Number":6118,"AddNum_Suf":"","St_PreMod":"","St_PreDir":" ","St_PreTyp":"","St_PreSep":"","St_Name":"Monument Hill","St_PosTyp":"Road","St_PosDir":" ","St_PosMod":"","ESN":"328","Post_Comm":"Castleton","Post_Code":"05735","GlobalID":"45ff65c9-5e9c-4309-9fcd-0f799625c2a0","Category":"Residential"}},
{"type":"Feature","id":254517,"geometry":{"type":"Point","coordinates":[-73.1377043014406,43.687932281405]},"properties":{"OBJECTID":254517,"ESITEID":130807,"PRIMARYNAME":"MONUMENT HILL RD","ALIAS1":"","ALIAS2":"","ALIAS3":"","ALIAS4":"","ALIAS5":"","PRIMARYADDRESS":"6194 MONUMENT HILL RD","SITETYPE":"Single Family Dwelling","MAPYEAR":"Thu, 01 Jan 1998 00:00:00 GMT","SITETYPE_MULTI1":"","SITETYPE_MULTI2":"","SITETYPE_MULTI3":"","YearBuilt":null,"YearBuiltSrc":null,"YearBuiltNotes":"","ResUnitCnt":1,"NonResUnitCnt":0,"DateUpdate":"Fri, 27 Jan 2023 21:21:46 GMT","County":"Rutland County","Inc_Muni":"Hubbardton","AddNum_Pre":null,"Add_Number":6194,"AddNum_Suf":"","St_PreMod":"","St_PreDir":" ","St_PreTyp":"","St_PreSep":"","St_Name":"Monument Hill","St_PosTyp":"Road","St_PosDir":" ","St_PosMod":"","ESN":"328","Post_Comm":"Castleton","Post_Code":"05735","GlobalID":"74857405-52dc-49de-9ca1-64ca0c905cc0","Category":"Residential"}},
{"type":"Feature","id":29349,"geometry":{"type":"Point","coordinates":[-73.2030484501961,43.6871162981923]},"properties":{"OBJECTID":29349,"ESITEID":130808,"PRIMARYNAME":"JASONS WAY","ALIAS1":"","ALIAS2":"","ALIAS3":"","ALIAS4":"","ALIAS5":"","PRIMARYADDRESS":"581 JASONS WAY","SITETYPE":"Camp","MAPYEAR":"Thu, 01 Jan 1998 00:00:00 GMT","SITETYPE_MULTI1":"","SITETYPE_MULTI2":"","SITETYPE_MULTI3":"","YearBuilt":null,"YearBuiltSrc":null,"YearBuiltNotes":"","ResUnitCnt":1,"NonResUnitCnt":0,"DateUpdate":"Thu, 10 Aug 2023 16:27:11 GMT","County":"Rutland County","Inc_Muni":"Hubbardton","AddNum_Pre":null,"Add_Number":581,"AddNum_Suf":"","St_PreMod":"","St_PreDir":" ","St_PreTyp":"","St_PreSep":"","St_Name":"Jasons","St_PosTyp":"Way","St_PosDir":"","St_PosMod":"","ESN":"328","Post_Comm":"Castleton","Post_Code":"05735","GlobalID":"f3abefd3-6e4b-43f8-a282-11d192a9a422","Category":"Residential"}},
{"type":"Feature","id":202292,"geometry":{"type":"Point","coordinates":[-73.136376785443,43.6877720644371]},"properties":{"OBJECTID":202292,"ESITEID":130809,"PRIMARYNAME":"MONUMENT HILL RD","ALIAS1":"","ALIAS2":"","ALIAS3":"","ALIAS4":"","ALIAS5":"","PRIMARYADDRESS":"6207 MONUMENT HILL RD","SITETYPE":"Camp","MAPYEAR":"Thu, 01 Jan 1998 00:00:00 GMT","SITETYPE_MULTI1":"","SITETYPE_MULTI2":"","SITETYPE_MULTI3":"","YearBuilt":null,"YearBuiltSrc":null,"YearBuiltNotes":"","ResUnitCnt":1,"NonResUnitCnt":0,"DateUpdate":"Fri, 27 Jan 2023 21:21:46 GMT","County":"Rutland County","Inc_Muni":"Hubbardton","AddNum_Pre":null,"Add_Number":6207,"AddNum_Suf":"","St_PreMod":"","St_PreDir":" ","St_PreTyp":"","St_PreSep":"","St_Name":"Monument Hill","St_PosTyp":"Road","St_PosDir":" ","St_PosMod":"","ESN":"328","Post_Comm":"Castleton","Post_Code":"05735","GlobalID":"eec55940-5b16-4d76-a15d-2c7561dcb531","Category":"Residential"}},
{"type":"Feature","id":261472,"geometry":{"type":"Point","coordinates":[-73.1867410785951,43.6874569619712]},"properties":{"OBJECTID":261472,"ESITEID":130810,"PRIMARYNAME":"VT ROUTE 30","ALIAS1":"","ALIAS2":"","ALIAS3":"","ALIAS4":"","ALIAS5":"","PRIMARYADDRESS":"599 VT ROUTE 30","SITETYPE":"Single Family Dwelling","MAPYEAR":"Thu, 01 Jan 1998 00:00:00 GMT","SITETYPE_MULTI1":"","SITETYPE_MULTI2":"","SITETYPE_MULTI3":"","YearBuilt":null,"YearBuiltSrc":null,"YearBuiltNotes":"","ResUnitCnt":1,"NonResUnitCnt":0,"DateUpdate":"Thu, 13 Jun 2024 13:27:34 GMT","County":"Rutland County","Inc_Muni":"Hubbardton","AddNum_Pre":null,"Add_Number":599,"AddNum_Suf":"","St_PreMod":"","St_PreDir":"","St_PreTyp":"Vermont Route","St_PreSep":"","St_Name":"30","St_PosTyp":"","St_PosDir":"","St_PosMod":"","ESN":"328","Post_Comm":"Bomoseen","Post_Code":"05732","GlobalID":"31fd2883-6869-41fd-a045-f9a4038c81d3","Category":"Residential"}},
{"type":"Feature","id":326995,"geometry":{"type":"Point","coordinates":[-73.157732389354,43.6875161201843]},"properties":{"OBJECTID":326995,"ESITEID":130811,"PRIMARYNAME":"HINKLEY RD","ALIAS1":"","ALIAS2":"","ALIAS3":"","ALIAS4":"","ALIAS5":"","PRIMARYADDRESS":"602 HINKLEY RD","SITETYPE":"Camp","MAPYEAR":"Thu, 01 Jan 1998 00:00:00 GMT","SITETYPE_MULTI1":"","SITETYPE_MULTI2":"","SITETYPE_MULTI3":"","YearBuilt":null,"YearBuiltSrc":null,"YearBuiltNotes":"","ResUnitCnt":1,"NonResUnitCnt":0,"DateUpdate":"Wed, 23 Dec 2015 11:39:48 GMT","County":"Rutland County","Inc_Muni":"Hubbardton","AddNum_Pre":null,"Add_Number":602,"AddNum_Suf":"","St_PreMod":"","St_PreDir":" ","St_PreTyp":"","St_PreSep":"","St_Name":"Hinkley","St_PosTyp":"Road","St_PosDir":"","St_PosMod":"","ESN":"328","Post_Comm":"Castleton","Post_Code":"05735","GlobalID":"1711cfc9-d550-4a63-8fc7-eb7d6200f10d","Category":"Residential"}},
{"type":"Feature","id":202499,"geometry":{"type":"Point","coordinates":[-73.1862382300094,43.6872156968471]},"properties":{"OBJECTID":202499,"ESITEID":130812,"PRIMARYNAME":"VT ROUTE 30","ALIAS1":"","ALIAS2":"","ALIAS3":"","ALIAS4":"","ALIAS5":"","PRIMARYADDRESS":"598 VT ROUTE 30","SITETYPE":"Single Family Dwelling","MAPYEAR":"Thu, 01 Jan 1998 00:00:00 GMT","SITETYPE_MULTI1":"","SITETYPE_MULTI2":"","SITETYPE_MULTI3":"","YearBuilt":null,"YearBuiltSrc":null,"YearBuiltNotes":"","ResUnitCnt":1,"NonResUnitCnt":0,"DateUpdate":"Thu, 13 Jun 2024 13:27:57 GMT","County":"Rutland County","Inc_Muni":"Hubbardton","AddNum_Pre":null,"Add_Number":598,"AddNum_Suf":"","St_PreMod":"","St_PreDir":"","St_PreTyp":"Vermont Route","St_PreSep":"","St_Name":"30","St_PosTyp":"","St_PosDir":"","St_PosMod":"","ESN":"328","Post_Comm":"Bomoseen","Post_Code":"05732","GlobalID":"823d4a3b-2229-434e-82e0-16eaac8e9915","Category":"Residential"}},
{"type":"Feature","id":307465,"geometry":{"type":"Point","coordinates":[-73.1862490315643,43.6870830391531]},"properties":{"OBJECTID":307465,"ESITEID":130813,"PRIMARYNAME":"VT ROUTE 30","ALIAS1":"","ALIAS2":"","ALIAS3":"","ALIAS4":"","ALIAS5":"","PRIMARYADDRESS":"588 VT ROUTE 30","SITETYPE":"Single Family Dwelling","MAPYEAR":"Thu, 01 Jan 1998 00:00:00 GMT","SITETYPE_MULTI1":"","SITETYPE_MULTI2":"","SITETYPE_MULTI3":"","YearBuilt":null,"YearBuiltSrc":null,"YearBuiltNotes":"","ResUnitCnt":1,"NonResUnitCnt":0,"DateUpdate":"Thu, 13 Jun 2024 13:27:52 GMT","County":"Rutland County","Inc_Muni":"Hubbardton","AddNum_Pre":null,"Add_Number":588,"AddNum_Suf":"","St_PreMod":"","St_PreDir":"","St_PreTyp":"Vermont Route","St_PreSep":"","St_Name":"30","St_PosTyp":"","St_PosDir":"","St_PosMod":"","ESN":"328","Post_Comm":"Bomoseen","Post_Code":"05732","GlobalID":"995a0f1a-6fbf-49aa-932f-1e3bf631ea3a","Category":"Residential"}},
{"type":"Feature","id":95459,"geometry":{"type":"Point","coordinates":[-73.1378950356795,43.6872074880332]},"properties":{"OBJECTID":95459,"ESITEID":130814,"PRIMARYNAME":"MONUMENT HILL RD","ALIAS1":"","ALIAS2":"","ALIAS3":"","ALIAS4":"","ALIAS5":"","PRIMARYADDRESS":"6310 MONUMENT HILL RD","SITETYPE":"Single Family Dwelling","MAPYEAR":"Thu, 01 Jan 1998 00:00:00 GMT","SITETYPE_MULTI1":"","SITETYPE_MULTI2":"","SITETYPE_MULTI3":"","YearBuilt":null,"YearBuiltSrc":null,"YearBuiltNotes":"","ResUnitCnt":1,"NonResUnitCnt":0,"DateUpdate":"Fri, 27 Jan 2023 21:21:46 GMT","County":"Rutland County","Inc_Muni":"Hubbardton","AddNum_Pre":null,"Add_Number":6310,"AddNum_Suf":"","St_PreMod":"","St_PreDir":" ","St_PreTyp":"","St_PreSep":"","St_Name":"Monument Hill","St_PosTyp":"Road","St_PosDir":" ","St_PosMod":"","ESN":"328","Post_Comm":"Castleton","Post_Code":"05735","GlobalID":"c546a06b-a545-452f-871d-1e94ede1f820","Category":"Residential"}},
{"type":"Feature","id":310529,"geometry":{"type":"Point","coordinates":[-73.186276594239,43.6868258786053]},"properties":{"OBJECTID":310529,"ESITEID":130815,"PRIMARYNAME":"VT ROUTE 30","ALIAS1":"","ALIAS2":"","ALIAS3":"","ALIAS4":"","ALIAS5":"","PRIMARYADDRESS":"570 VT ROUTE 30","SITETYPE":"Single Family Dwelling","MAPYEAR":"Thu, 01 Jan 1998 00:00:00 GMT","SITETYPE_MULTI1":"","SITETYPE_MULTI2":"","SITETYPE_MULTI3":"","YearBuilt":null,"YearBuiltSrc":null,"YearBuiltNotes":"","ResUnitCnt":1,"NonResUnitCnt":0,"DateUpdate":"Thu, 13 Jun 2024 13:27:40 GMT","County":"Rutland County","Inc_Muni":"Hubbardton","AddNum_Pre":null,"Add_Number":570,"AddNum_Suf":"","St_PreMod":"","St_PreDir":"","St_PreTyp":"Vermont Route","St_PreSep":"","St_Name":"30","St_PosTyp":"","St_PosDir":"","St_PosMod":"","ESN":"328","Post_Comm":"Bomoseen","Post_Code":"05732","GlobalID":"a3fc564c-9b57-495f-9cc9-4496655d0844","Category":"Residential"}},
{"type":"Feature","id":329598,"geometry":{"type":"Point","coordinates":[-73.1859870594498,43.686833903591]},"properties":{"OBJECTID":329598,"ESITEID":130816,"PRIMARYNAME":"VT ROUTE 30","ALIAS1":"","ALIAS2":"","ALIAS3":"","ALIAS4":"","ALIAS5":"","PRIMARYADDRESS":"578 VT ROUTE 30","SITETYPE":"Single Family Dwelling","MAPYEAR":"Thu, 01 Jan 1998 00:00:00 GMT","SITETYPE_MULTI1":"","SITETYPE_MULTI2":"","SITETYPE_MULTI3":"","YearBuilt":null,"YearBuiltSrc":null,"YearBuiltNotes":"","ResUnitCnt":1,"NonResUnitCnt":0,"DateUpdate":"Thu, 13 Jun 2024 13:27:45 GMT","County":"Rutland County","Inc_Muni":"Hubbardton","AddNum_Pre":null,"Add_Number":578,"AddNum_Suf":"","St_PreMod":"","St_PreDir":"","St_PreTyp":"Vermont Route","St_PreSep":"","St_Name":"30","St_PosTyp":"","St_PosDir":"","St_PosMod":"","ESN":"328","Post_Comm":"Bomoseen","Post_Code":"05732","GlobalID":"31eef4e8-48a3-496b-b96b-7e8252ae0cd7","Category":"Residential"}},
{"type":"Feature","id":162856,"geometry":{"type":"Point","coordinates":[-73.1786665322212,43.6862805166008]},"properties":{"OBJECTID":162856,"ESITEID":130817,"PRIMARYNAME":"PENCIL MILL RD  ","ALIAS1":"","ALIAS2":"","ALIAS3":"","ALIAS4":"","ALIAS5":"","PRIMARYADDRESS":"1496 PENCIL MILL RD","SITETYPE":"Single Family Dwelling","MAPYEAR":"Thu, 01 Jan 1998 00:00:00 GMT","SITETYPE_MULTI1":"","SITETYPE_MULTI2":"","SITETYPE_MULTI3":"","YearBuilt":null,"YearBuiltSrc":null,"YearBuiltNotes":"","ResUnitCnt":1,"NonResUnitCnt":0,"DateUpdate":"Fri, 27 Jan 2023 22:18:15 GMT","County":"Rutland County","Inc_Muni":"Hubbardton","AddNum_Pre":null,"Add_Number":1496,"AddNum_Suf":"","St_PreMod":"","St_PreDir":" ","St_PreTyp":"","St_PreSep":"","St_Name":"Pencil Mill","St_PosTyp":"Road","St_PosDir":" ","St_PosMod":"","ESN":"328","Post_Comm":"Castleton","Post_Code":"05735","GlobalID":"4b1cfaeb-bbf5-42be-bb60-cc19f0f3be74","Category":"Residential"}},
{"type":"Feature","id":293907,"geometry":{"type":"Point","coordinates":[-73.1816343677676,43.6861737040069]},"properties":{"OBJECTID":293907,"ESITEID":130818,"PRIMARYNAME":"PENCIL MILL RD  ","ALIAS1":"","ALIAS2":"","ALIAS3":"","ALIAS4":"","ALIAS5":"","PRIMARYADDRESS":"1566 PENCIL MILL RD","SITETYPE":"Single Family Dwelling","MAPYEAR":"Thu, 01 Jan 1998 00:00:00 GMT","SITETYPE_MULTI1":"","SITETYPE_MULTI2":"","SITETYPE_MULTI3":"","YearBuilt":null,"YearBuiltSrc":null,"YearBuiltNotes":"","ResUnitCnt":1,"NonResUnitCnt":0,"DateUpdate":"Fri, 27 Jan 2023 22:18:15 GMT","County":"Rutland County","Inc_Muni":"Hubbardton","AddNum_Pre":null,"Add_Number":1566,"AddNum_Suf":"","St_PreMod":"","St_PreDir":" ","St_PreTyp":"","St_PreSep":"","St_Name":"Pencil Mill","St_PosTyp":"Road","St_PosDir":" ","St_PosMod":"","ESN":"328","Post_Comm":"Castleton","Post_Code":"05735","GlobalID":"e7bd9261-99ef-44e7-92d4-0a9d95e4070b","Category":"Residential"}},
{"type":"Feature","id":19910,"geometry":{"type":"Point","coordinates":[-73.1939501098815,43.6858516935858]},"properties":{"OBJECTID":19910,"ESITEID":130819,"PRIMARYNAME":"LEDGEMERE PT  ","ALIAS1":"","ALIAS2":"","ALIAS3":"","ALIAS4":"","ALIAS5":"","PRIMARYADDRESS":"559 LEDGEMERE PT","SITETYPE":"Single Family Dwelling","MAPYEAR":"Thu, 01 Jan 1998 00:00:00 GMT","SITETYPE_MULTI1":"","SITETYPE_MULTI2":"","SITETYPE_MULTI3":"","YearBuilt":null,"YearBuiltSrc":null,"YearBuiltNotes":"","ResUnitCnt":1,"NonResUnitCnt":0,"DateUpdate":"Thu, 10 Aug 2023 16:27:46 GMT","County":"Rutland County","Inc_Muni":"Hubbardton","AddNum_Pre":null,"Add_Number":559,"AddNum_Suf":"","St_PreMod":"","St_PreDir":"","St_PreTyp":"","St_PreSep":"","St_Name":"Ledgemere","St_PosTyp":"Point","St_PosDir":"","St_PosMod":"","ESN":"328","Post_Comm":"Bomoseen","Post_Code":"05732","GlobalID":"f33deb54-cb00-4250-bbd1-961cfd233059","Category":"Residential"}},
{"type":"Feature","id":98742,"geometry":{"type":"Point","coordinates":[-73.1884445478402,43.6855550500915]},"properties":{"OBJECTID":98742,"ESITEID":130820,"PRIMARYNAME":"VT ROUTE 30","ALIAS1":"","ALIAS2":"","ALIAS3":"","ALIAS4":"","ALIAS5":"","PRIMARYADDRESS":"445 VT ROUTE 30","SITETYPE":"Single Family Dwelling","MAPYEAR":"Thu, 01 Jan 1998 00:00:00 GMT","SITETYPE_MULTI1":"","SITETYPE_MULTI2":"","SITETYPE_MULTI3":"","YearBuilt":null,"YearBuiltSrc":null,"YearBuiltNotes":"","ResUnitCnt":1,"NonResUnitCnt":0,"DateUpdate":"Thu, 13 Jun 2024 13:26:57 GMT","County":"Rutland County","Inc_Muni":"Hubbardton","AddNum_Pre":null,"Add_Number":445,"AddNum_Suf":"","St_PreMod":"","St_PreDir":"","St_PreTyp":"Vermont Route","St_PreSep":"","St_Name":"30","St_PosTyp":"","St_PosDir":"","St_PosMod":"","ESN":"328","Post_Comm":"Bomoseen","Post_Code":"05732","GlobalID":"66519c44-caaa-44ff-b3e6-96b3f8136f37","Category":"Residential"}},
{"type":"Feature","id":127173,"geometry":{"type":"Point","coordinates":[-73.1936716342572,43.6853581529492]},"properties":{"OBJECTID":127173,"ESITEID":130821,"PRIMARYNAME":"LEDGEMERE PT  ","ALIAS1":"","ALIAS2":"","ALIAS3":"","ALIAS4":"","ALIAS5":"","PRIMARYADDRESS":"534 LEDGEMERE PT","SITETYPE":"Camp","MAPYEAR":"Thu, 01 Jan 1998 00:00:00 GMT","SITETYPE_MULTI1":"","SITETYPE_MULTI2":"","SITETYPE_MULTI3":"","YearBuilt":null,"YearBuiltSrc":null,"YearBuiltNotes":"","ResUnitCnt":1,"NonResUnitCnt":0,"DateUpdate":"Thu, 10 Aug 2023 16:27:46 GMT","County":"Rutland County","Inc_Muni":"Hubbardton","AddNum_Pre":null,"Add_Number":534,"AddNum_Suf":"","St_PreMod":"","St_PreDir":"","St_PreTyp":"","St_PreSep":"","St_Name":"Ledgemere","St_PosTyp":"Point","St_PosDir":"","St_PosMod":"","ESN":"328","Post_Comm":"Bomoseen","Post_Code":"05732","GlobalID":"86d93bff-95e2-4785-a3b4-6f0edd5e8bda","Category":"Residential"}},
{"type":"Feature","id":284834,"geometry":{"type":"Point","coordinates":[-73.1943670523034,43.6851861521548]},"properties":{"OBJECTID":284834,"ESITEID":130822,"PRIMARYNAME":"LEDGEMERE PT  ","ALIAS1":"","ALIAS2":"","ALIAS3":"","ALIAS4":"","ALIAS5":"","PRIMARYADDRESS":"531 LEDGEMERE PT","SITETYPE":"Camp","MAPYEAR":"Thu, 01 Jan 1998 00:00:00 GMT","SITETYPE_MULTI1":"","SITETYPE_MULTI2":"","SITETYPE_MULTI3":"","YearBuilt":null,"YearBuiltSrc":null,"YearBuiltNotes":"","ResUnitCnt":1,"NonResUnitCnt":0,"DateUpdate":"Thu, 10 Aug 2023 16:27:46 GMT","County":"Rutland County","Inc_Muni":"Hubbardton","AddNum_Pre":null,"Add_Number":531,"AddNum_Suf":"","St_PreMod":"","St_PreDir":"","St_PreTyp":"","St_PreSep":"","St_Name":"Ledgemere","St_PosTyp":"Point","St_PosDir":"","St_PosMod":"","ESN":"328","Post_Comm":"Bomoseen","Post_Code":"05732","GlobalID":"0ae54f60-d05d-4684-bfe7-ee7be69c5f8c","Category":"Residential"}},
{"type":"Feature","id":214133,"geometry":{"type":"Point","coordinates":[-73.1885226232213,43.684893488437]},"properties":{"OBJECTID":214133,"ESITEID":130823,"PRIMARYNAME":"VT ROUTE 30","ALIAS1":"","ALIAS2":"","ALIAS3":"","ALIAS4":"","ALIAS5":"","PRIMARYADDRESS":"407 VT ROUTE 30","SITETYPE":"General Business Service","MAPYEAR":"Thu, 01 Jan 1998 00:00:00 GMT","SITETYPE_MULTI1":"","SITETYPE_MULTI2":"","SITETYPE_MULTI3":"","YearBuilt":null,"YearBuiltSrc":null,"YearBuiltNotes":"","ResUnitCnt":1,"NonResUnitCnt":0,"DateUpdate":"Thu, 10 Aug 2023 16:27:49 GMT","County":"Rutland County","Inc_Muni":"Hubbardton","AddNum_Pre":null,"Add_Number":407,"AddNum_Suf":"","St_PreMod":"","St_PreDir":"","St_PreTyp":"Vermont Route","St_PreSep":"","St_Name":"30","St_PosTyp":"","St_PosDir":"","St_PosMod":"","ESN":"328","Post_Comm":"Bomoseen","Post_Code":"05732","GlobalID":"030dc797-358b-4553-9712-22c6987b580c","Category":"Commercial"}},
{"type":"Feature","id":53029,"geometry":{"type":"Point","coordinates":[-73.1935738909482,43.6849181250162]},"properties":{"OBJECTID":53029,"ESITEID":130824,"PRIMARYNAME":"LEDGEMERE PT  ","ALIAS1":"","ALIAS2":"","ALIAS3":"","ALIAS4":"","ALIAS5":"","PRIMARYADDRESS":"506 LEDGEMERE PT","SITETYPE":"Single Family Dwelling","MAPYEAR":"Thu, 01 Jan 1998 00:00:00 GMT","SITETYPE_MULTI1":"","SITETYPE_MULTI2":"","SITETYPE_MULTI3":"","YearBuilt":null,"YearBuiltSrc":null,"YearBuiltNotes":"","ResUnitCnt":1,"NonResUnitCnt":0,"DateUpdate":"Thu, 10 Aug 2023 16:27:46 GMT","County":"Rutland County","Inc_Muni":"Hubbardton","AddNum_Pre":null,"Add_Number":506,"AddNum_Suf":"","St_PreMod":"","St_PreDir":"","St_PreTyp":"","St_PreSep":"","St_Name":"Ledgemere","St_PosTyp":"Point","St_PosDir":"","St_PosMod":"","ESN":"328","Post_Comm":"Bomoseen","Post_Code":"05732","GlobalID":"d1ab3ace-21f3-4d23-948a-79b5ecbd7452","Category":"Residential"}},
{"type":"Feature","id":318464,"geometry":{"type":"Point","coordinates":[-73.1945032281765,43.6847577331736]},"properties":{"OBJECTID":318464,"ESITEID":130825,"PRIMARYNAME":"LEDGEMERE PT  ","ALIAS1":"","ALIAS2":"","ALIAS3":"","ALIAS4":"","ALIAS5":"","PRIMARYADDRESS":"501 LEDGEMERE PT","SITETYPE":"Single Family Dwelling","MAPYEAR":"Thu, 01 Jan 1998 00:00:00 GMT","SITETYPE_MULTI1":"","SITETYPE_MULTI2":"","SITETYPE_MULTI3":"","YearBuilt":null,"YearBuiltSrc":null,"YearBuiltNotes":"","ResUnitCnt":1,"NonResUnitCnt":0,"DateUpdate":"Thu, 10 Aug 2023 16:27:46 GMT","County":"Rutland County","Inc_Muni":"Hubbardton","AddNum_Pre":null,"Add_Number":501,"AddNum_Suf":"","St_PreMod":"","St_PreDir":"","St_PreTyp":"","St_PreSep":"","St_Name":"Ledgemere","St_PosTyp":"Point","St_PosDir":"","St_PosMod":"","ESN":"328","Post_Comm":"Bomoseen","Post_Code":"05732","GlobalID":"f1b61567-0a43-4bd8-aca1-b10caa928003","Category":"Residential"}},
{"type":"Feature","id":340331,"geometry":{"type":"Point","coordinates":[-73.142168156945,43.6849209424695]},"properties":{"OBJECTID":340331,"ESITEID":130827,"PRIMARYNAME":"SAINT JOHN RD","ALIAS1":"","ALIAS2":"","ALIAS3":"","ALIAS4":"","ALIAS5":"","PRIMARYADDRESS":"321 SAINT JOHN RD","SITETYPE":"Mobile Home","MAPYEAR":"Thu, 01 Jan 1998 00:00:00 GMT","SITETYPE_MULTI1":"","SITETYPE_MULTI2":"","SITETYPE_MULTI3":"","YearBuilt":null,"YearBuiltSrc":null,"YearBuiltNotes":"","ResUnitCnt":1,"NonResUnitCnt":0,"DateUpdate":"Fri, 27 Jan 2023 22:18:14 GMT","County":"Rutland County","Inc_Muni":"Hubbardton","AddNum_Pre":null,"Add_Number":321,"AddNum_Suf":"","St_PreMod":"","St_PreDir":" ","St_PreTyp":"","St_PreSep":"","St_Name":"Saint John","St_PosTyp":"Road","St_PosDir":"","St_PosMod":"","ESN":"328","Post_Comm":"Castleton","Post_Code":"05735","GlobalID":"f3b02d3f-8d4b-4ef1-a4c1-953472995103","Category":"Residential"}},
{"type":"Feature","id":41355,"geometry":{"type":"Point","coordinates":[-73.1945019995239,43.6844879410976]},"properties":{"OBJECTID":41355,"ESITEID":130828,"PRIMARYNAME":"LEDGEMERE PT  ","ALIAS1":"","ALIAS2":"","ALIAS3":"","ALIAS4":"","ALIAS5":"","PRIMARYADDRESS":"481 LEDGEMERE PT","SITETYPE":"Single Family Dwelling","MAPYEAR":"Thu, 01 Jan 1998 00:00:00 GMT","SITETYPE_MULTI1":"","SITETYPE_MULTI2":"","SITETYPE_MULTI3":"","YearBuilt":null,"YearBuiltSrc":null,"YearBuiltNotes":"","ResUnitCnt":1,"NonResUnitCnt":0,"DateUpdate":"Thu, 10 Aug 2023 16:27:46 GMT","County":"Rutland County","Inc_Muni":"Hubbardton","AddNum_Pre":null,"Add_Number":481,"AddNum_Suf":"","St_PreMod":"","St_PreDir":"","St_PreTyp":"","St_PreSep":"","St_Name":"Ledgemere","St_PosTyp":"Point","St_PosDir":"","St_PosMod":"","ESN":"328","Post_Comm":"Bomoseen","Post_Code":"05732","GlobalID":"4800acc4-8ecc-41a7-af60-00f85f2d30d7","Category":"Residential"}},
{"type":"Feature","id":344738,"geometry":{"type":"Point","coordinates":[-73.1944616337306,43.6838257987842]},"properties":{"OBJECTID":344738,"ESITEID":130829,"PRIMARYNAME":"LEDGEMERE PT  ","ALIAS1":"","ALIAS2":"","ALIAS3":"","ALIAS4":"","ALIAS5":"","PRIMARYADDRESS":"447 LEDGEMERE PT","SITETYPE":"Single Family Dwelling","MAPYEAR":"Thu, 01 Jan 1998 00:00:00 GMT","SITETYPE_MULTI1":"","SITETYPE_MULTI2":"","SITETYPE_MULTI3":"","YearBuilt":null,"YearBuiltSrc":null,"YearBuiltNotes":"","ResUnitCnt":1,"NonResUnitCnt":0,"DateUpdate":"Thu, 10 Aug 2023 16:27:46 GMT","County":"Rutland County","Inc_Muni":"Hubbardton","AddNum_Pre":null,"Add_Number":447,"AddNum_Suf":"","St_PreMod":"","St_PreDir":"","St_PreTyp":"","St_PreSep":"","St_Name":"Ledgemere","St_PosTyp":"Point","St_PosDir":"","St_PosMod":"","ESN":"328","Post_Comm":"Bomoseen","Post_Code":"05732","GlobalID":"a0714fa6-7fb0-4c8e-b362-a22a02fed5c8","Category":"Residential"}},
{"type":"Feature","id":128112,"geometry":{"type":"Point","coordinates":[-73.1814207462373,43.6837971468898]},"properties":{"OBJECTID":128112,"ESITEID":130830,"PRIMARYNAME":"PENCIL MILL RD  ","ALIAS1":"","ALIAS2":"","ALIAS3":"","ALIAS4":"","ALIAS5":"","PRIMARYADDRESS":"1565 PENCIL MILL RD","SITETYPE":"Single Family Dwelling","MAPYEAR":"Thu, 01 Jan 1998 00:00:00 GMT","SITETYPE_MULTI1":"","SITETYPE_MULTI2":"","SITETYPE_MULTI3":"","YearBuilt":null,"YearBuiltSrc":null,"YearBuiltNotes":"","ResUnitCnt":1,"NonResUnitCnt":0,"DateUpdate":"Fri, 27 Jan 2023 22:18:15 GMT","County":"Rutland County","Inc_Muni":"Hubbardton","AddNum_Pre":null,"Add_Number":1565,"AddNum_Suf":"","St_PreMod":"","St_PreDir":" ","St_PreTyp":"","St_PreSep":"","St_Name":"Pencil Mill","St_PosTyp":"Road","St_PosDir":" ","St_PosMod":"","ESN":"328","Post_Comm":"Castleton","Post_Code":"05735","GlobalID":"6ad92e76-ff1c-44d0-8a9d-55ae2f28f218","Category":"Residential"}},
{"type":"Feature","id":32150,"geometry":{"type":"Point","coordinates":[-73.1936826684181,43.6837854019909]},"properties":{"OBJECTID":32150,"ESITEID":130831,"PRIMARYNAME":"LEDGEMERE PT  ","ALIAS1":"","ALIAS2":"","ALIAS3":"","ALIAS4":"","ALIAS5":"","PRIMARYADDRESS":"438 LEDGEMERE PT","SITETYPE":"Single Family Dwelling","MAPYEAR":"Thu, 01 Jan 1998 00:00:00 GMT","SITETYPE_MULTI1":"","SITETYPE_MULTI2":"","SITETYPE_MULTI3":"","YearBuilt":null,"YearBuiltSrc":null,"YearBuiltNotes":"","ResUnitCnt":1,"NonResUnitCnt":0,"DateUpdate":"Thu, 10 Aug 2023 16:27:46 GMT","County":"Rutland County","Inc_Muni":"Hubbardton","AddNum_Pre":null,"Add_Number":438,"AddNum_Suf":"","St_PreMod":"","St_PreDir":"","St_PreTyp":"","St_PreSep":"","St_Name":"Ledgemere","St_PosTyp":"Point","St_PosDir":"","St_PosMod":"","ESN":"328","Post_Comm":"Bomoseen","Post_Code":"05732","GlobalID":"bfc1b8b3-4e72-48d2-93bd-7b706ae09db9","Category":"Residential"}},
{"type":"Feature","id":208965,"geometry":{"type":"Point","coordinates":[-73.181374968431,43.683549190344]},"properties":{"OBJECTID":208965,"ESITEID":130832,"PRIMARYNAME":"PENCIL MILL RD  ","ALIAS1":"","ALIAS2":"","ALIAS3":"","ALIAS4":"","ALIAS5":"","PRIMARYADDRESS":"1549 PENCIL MILL RD","SITETYPE":"General Business Service","MAPYEAR":"Thu, 01 Jan 1998 00:00:00 GMT","SITETYPE_MULTI1":"","SITETYPE_MULTI2":"","SITETYPE_MULTI3":"","YearBuilt":null,"YearBuiltSrc":null,"YearBuiltNotes":"","ResUnitCnt":1,"NonResUnitCnt":0,"DateUpdate":"Fri, 27 Jan 2023 22:18:15 GMT","County":"Rutland County","Inc_Muni":"Hubbardton","AddNum_Pre":null,"Add_Number":1549,"AddNum_Suf":"","St_PreMod":"","St_PreDir":" ","St_PreTyp":"","St_PreSep":"","St_Name":"Pencil Mill","St_PosTyp":"Road","St_PosDir":" ","St_PosMod":"","ESN":"328","Post_Comm":"Castleton","Post_Code":"05735","GlobalID":"670ba8c8-acd4-463b-9060-c38d4e8edd59","Category":"Commercial"}},
{"type":"Feature","id":258579,"geometry":{"type":"Point","coordinates":[-73.1897662868436,43.6834049161479]},"properties":{"OBJECTID":258579,"ESITEID":130833,"PRIMARYNAME":"CAMPGROUND DR  ","ALIAS1":"","ALIAS2":"","ALIAS3":"","ALIAS4":"","ALIAS5":"","PRIMARYADDRESS":"59 CAMPGROUND DR","SITETYPE":"Mobile Home","MAPYEAR":"Thu, 01 Jan 1998 00:00:00 GMT","SITETYPE_MULTI1":"","SITETYPE_MULTI2":"","SITETYPE_MULTI3":"","YearBuilt":null,"YearBuiltSrc":null,"YearBuiltNotes":"","ResUnitCnt":1,"NonResUnitCnt":0,"DateUpdate":"Thu, 10 Aug 2023 16:27:45 GMT","County":"Rutland County","Inc_Muni":"Hubbardton","AddNum_Pre":null,"Add_Number":59,"AddNum_Suf":"","St_PreMod":"","St_PreDir":"","St_PreTyp":"","St_PreSep":"","St_Name":"Campground","St_PosTyp":"Drive","St_PosDir":"","St_PosMod":"","ESN":"328","Post_Comm":"Bomoseen","Post_Code":"05732","GlobalID":"a4aff8bd-6ba0-45cd-b47c-23aa716ecf0e","Category":"Residential"}},
{"type":"Feature","id":58425,"geometry":{"type":"Point","coordinates":[-73.1944451842763,43.6833716702862]},"properties":{"OBJECTID":58425,"ESITEID":130834,"PRIMARYNAME":"LEDGEMERE PT  ","ALIAS1":"","ALIAS2":"","ALIAS3":"","ALIAS4":"","ALIAS5":"","PRIMARYADDRESS":"411 LEDGEMERE PT","SITETYPE":"Camp","MAPYEAR":"Thu, 01 Jan 1998 00:00:00 GMT","SITETYPE_MULTI1":"","SITETYPE_MULTI2":"","SITETYPE_MULTI3":"","YearBuilt":null,"YearBuiltSrc":null,"YearBuiltNotes":"","ResUnitCnt":1,"NonResUnitCnt":0,"DateUpdate":"Thu, 10 Aug 2023 16:27:46 GMT","County":"Rutland County","Inc_Muni":"Hubbardton","AddNum_Pre":null,"Add_Number":411,"AddNum_Suf":"","St_PreMod":"","St_PreDir":"","St_PreTyp":"","St_PreSep":"","St_Name":"Ledgemere","St_PosTyp":"Point","St_PosDir":"","St_PosMod":"","ESN":"328","Post_Comm":"Bomoseen","Post_Code":"05732","GlobalID":"01f513ab-6e07-4f46-b80c-cb69b0054963","Category":"Residential"}},
{"type":"Feature","id":10481,"geometry":{"type":"Point","coordinates":[-73.1936242589116,43.6835257064195]},"properties":{"OBJECTID":10481,"ESITEID":130835,"PRIMARYNAME":"LEDGEMERE PT  ","ALIAS1":"","ALIAS2":"","ALIAS3":"","ALIAS4":"","ALIAS5":"","PRIMARYADDRESS":"412 LEDGEMERE PT","SITETYPE":"Single Family Dwelling","MAPYEAR":"Thu, 01 Jan 1998 00:00:00 GMT","SITETYPE_MULTI1":"","SITETYPE_MULTI2":"","SITETYPE_MULTI3":"","YearBuilt":null,"YearBuiltSrc":null,"YearBuiltNotes":"","ResUnitCnt":1,"NonResUnitCnt":0,"DateUpdate":"Thu, 10 Aug 2023 16:27:46 GMT","County":"Rutland County","Inc_Muni":"Hubbardton","AddNum_Pre":null,"Add_Number":412,"AddNum_Suf":"","St_PreMod":"","St_PreDir":"","St_PreTyp":"","St_PreSep":"","St_Name":"Ledgemere","St_PosTyp":"Point","St_PosDir":"","St_PosMod":"","ESN":"328","Post_Comm":"Bomoseen","Post_Code":"05732","GlobalID":"d4f83bee-5a27-47d6-882d-c8c82d627a5c","Category":"Residential"}},
{"type":"Feature","id":289969,"geometry":{"type":"Point","coordinates":[-73.1888918078359,43.6836778976903]},"properties":{"OBJECTID":289969,"ESITEID":130836,"PRIMARYNAME":"CAMPGROUND DR  ","ALIAS1":"","ALIAS2":"","ALIAS3":"","ALIAS4":"","ALIAS5":"","PRIMARYADDRESS":"18 CAMPGROUND DR","SITETYPE":"Campground \/ RV Park","MAPYEAR":"Thu, 01 Jan 1998 00:00:00 GMT","SITETYPE_MULTI1":"","SITETYPE_MULTI2":"","SITETYPE_MULTI3":"","YearBuilt":null,"YearBuiltSrc":null,"YearBuiltNotes":"","ResUnitCnt":1,"NonResUnitCnt":0,"DateUpdate":"Thu, 10 Aug 2023 16:27:45 GMT","County":"Rutland County","Inc_Muni":"Hubbardton","AddNum_Pre":null,"Add_Number":18,"AddNum_Suf":"","St_PreMod":"","St_PreDir":"","St_PreTyp":"","St_PreSep":"","St_Name":"Campground","St_PosTyp":"Drive","St_PosDir":"","St_PosMod":"","ESN":"328","Post_Comm":"Bomoseen","Post_Code":"05732","GlobalID":"12c23d3f-6f11-4c64-a04b-fe77a13475cd","Category":"Recreation"}},
{"type":"Feature","id":33668,"geometry":{"type":"Point","coordinates":[-73.1902327001201,43.6833889731029]},"properties":{"OBJECTID":33668,"ESITEID":130837,"PRIMARYNAME":"CAMPGROUND DR  ","ALIAS1":"","ALIAS2":"","ALIAS3":"","ALIAS4":"","ALIAS5":"","PRIMARYADDRESS":"65 CAMPGROUND DR","SITETYPE":"Single Family Dwelling","MAPYEAR":"Thu, 01 Jan 1998 00:00:00 GMT","SITETYPE_MULTI1":"","SITETYPE_MULTI2":"","SITETYPE_MULTI3":"","YearBuilt":null,"YearBuiltSrc":null,"YearBuiltNotes":"","ResUnitCnt":1,"NonResUnitCnt":0,"DateUpdate":"Thu, 10 Aug 2023 16:27:45 GMT","County":"Rutland County","Inc_Muni":"Hubbardton","AddNum_Pre":null,"Add_Number":65,"AddNum_Suf":"","St_PreMod":"","St_PreDir":"","St_PreTyp":"","St_PreSep":"","St_Name":"Campground","St_PosTyp":"Drive","St_PosDir":"","St_PosMod":"","ESN":"328","Post_Comm":"Bomoseen","Post_Code":"05732","GlobalID":"f3f8a63b-bd27-430c-9dbe-06733017fb21","Category":"Residential"}},
{"type":"Feature","id":259701,"geometry":{"type":"Point","coordinates":[-73.1936528397429,43.6832561132086]},"properties":{"OBJECTID":259701,"ESITEID":130838,"PRIMARYNAME":"LEDGEMERE PT  ","ALIAS1":"","ALIAS2":"","ALIAS3":"","ALIAS4":"","ALIAS5":"","PRIMARYADDRESS":"392 LEDGEMERE PT","SITETYPE":"Mobile Home","MAPYEAR":"Thu, 01 Jan 1998 00:00:00 GMT","SITETYPE_MULTI1":"","SITETYPE_MULTI2":"","SITETYPE_MULTI3":"","YearBuilt":null,"YearBuiltSrc":null,"YearBuiltNotes":"","ResUnitCnt":1,"NonResUnitCnt":0,"DateUpdate":"Thu, 10 Aug 2023 16:27:46 GMT","County":"Rutland County","Inc_Muni":"Hubbardton","AddNum_Pre":null,"Add_Number":392,"AddNum_Suf":"","St_PreMod":"","St_PreDir":"","St_PreTyp":"","St_PreSep":"","St_Name":"Ledgemere","St_PosTyp":"Point","St_PosDir":"","St_PosMod":"","ESN":"328","Post_Comm":"Bomoseen","Post_Code":"05732","GlobalID":"9c0e9646-30e1-4e60-a932-90a5983964cc","Category":"Residential"}},
{"type":"Feature","id":117082,"geometry":{"type":"Point","coordinates":[-73.1941925997183,43.6831765554589]},"properties":{"OBJECTID":117082,"ESITEID":130839,"PRIMARYNAME":"LEDGEMERE PT  ","ALIAS1":"","ALIAS2":"","ALIAS3":"","ALIAS4":"","ALIAS5":"","PRIMARYADDRESS":"389 LEDGEMERE PT","SITETYPE":"Camp","MAPYEAR":"Thu, 01 Jan 1998 00:00:00 GMT","SITETYPE_MULTI1":"","SITETYPE_MULTI2":"","SITETYPE_MULTI3":"","YearBuilt":null,"YearBuiltSrc":null,"YearBuiltNotes":"","ResUnitCnt":1,"NonResUnitCnt":0,"DateUpdate":"Thu, 10 Aug 2023 16:27:46 GMT","County":"Rutland County","Inc_Muni":"Hubbardton","AddNum_Pre":null,"Add_Number":389,"AddNum_Suf":"","St_PreMod":"","St_PreDir":"","St_PreTyp":"","St_PreSep":"","St_Name":"Ledgemere","St_PosTyp":"Point","St_PosDir":"","St_PosMod":"","ESN":"328","Post_Comm":"Bomoseen","Post_Code":"05732","GlobalID":"84ebaede-db73-4c05-95c7-d2604565e374","Category":"Residential"}},
{"type":"Feature","id":52446,"geometry":{"type":"Point","coordinates":[-73.1375440823701,43.6834194923564]},"properties":{"OBJECTID":52446,"ESITEID":130840,"PRIMARYNAME":"MONUMENT HILL RD","ALIAS1":"","ALIAS2":"","ALIAS3":"","ALIAS4":"","ALIAS5":"","PRIMARYADDRESS":"6514 MONUMENT HILL RD","SITETYPE":"Single Family Dwelling","MAPYEAR":"Thu, 01 Jan 1998 00:00:00 GMT","SITETYPE_MULTI1":"","SITETYPE_MULTI2":"","SITETYPE_MULTI3":"","YearBuilt":null,"YearBuiltSrc":null,"YearBuiltNotes":"","ResUnitCnt":1,"NonResUnitCnt":0,"DateUpdate":"Fri, 27 Jan 2023 21:21:46 GMT","County":"Rutland County","Inc_Muni":"Hubbardton","AddNum_Pre":null,"Add_Number":6514,"AddNum_Suf":"","St_PreMod":"","St_PreDir":" ","St_PreTyp":"","St_PreSep":"","St_Name":"Monument Hill","St_PosTyp":"Road","St_PosDir":" ","St_PosMod":"","ESN":"328","Post_Comm":"Castleton","Post_Code":"05735","GlobalID":"aefc5bac-40c6-4ca0-830d-f39248ed0b36","Category":"Residential"}},
{"type":"Feature","id":195688,"geometry":{"type":"Point","coordinates":[-73.1944336707708,43.6829686762487]},"properties":{"OBJECTID":195688,"ESITEID":130841,"PRIMARYNAME":"LEDGEMERE PT  ","ALIAS1":"","ALIAS2":"","ALIAS3":"","ALIAS4":"","ALIAS5":"","PRIMARYADDRESS":"367 LEDGEMERE PT","SITETYPE":"Camp","MAPYEAR":"Thu, 01 Jan 1998 00:00:00 GMT","SITETYPE_MULTI1":"","SITETYPE_MULTI2":"","SITETYPE_MULTI3":"","YearBuilt":null,"YearBuiltSrc":null,"YearBuiltNotes":"","ResUnitCnt":1,"NonResUnitCnt":0,"DateUpdate":"Thu, 10 Aug 2023 16:27:46 GMT","County":"Rutland County","Inc_Muni":"Hubbardton","AddNum_Pre":null,"Add_Number":367,"AddNum_Suf":"","St_PreMod":"","St_PreDir":"","St_PreTyp":"","St_PreSep":"","St_Name":"Ledgemere","St_PosTyp":"Point","St_PosDir":"","St_PosMod":"","ESN":"328","Post_Comm":"Bomoseen","Post_Code":"05732","GlobalID":"064fbc72-712e-440d-9e03-556d66a25308","Category":"Residential"}},
{"type":"Feature","id":63561,"geometry":{"type":"Point","coordinates":[-73.1945000731203,43.6826572112717]},"properties":{"OBJECTID":63561,"ESITEID":130842,"PRIMARYNAME":"LEDGEMERE PT  ","ALIAS1":"","ALIAS2":"","ALIAS3":"","ALIAS4":"","ALIAS5":"","PRIMARYADDRESS":"349 LEDGEMERE PT","SITETYPE":"Single Family Dwelling","MAPYEAR":"Thu, 01 Jan 1998 00:00:00 GMT","SITETYPE_MULTI1":"","SITETYPE_MULTI2":"","SITETYPE_MULTI3":"","YearBuilt":null,"YearBuiltSrc":null,"YearBuiltNotes":"","ResUnitCnt":1,"NonResUnitCnt":0,"DateUpdate":"Thu, 10 Aug 2023 16:27:47 GMT","County":"Rutland County","Inc_Muni":"Hubbardton","AddNum_Pre":null,"Add_Number":349,"AddNum_Suf":"","St_PreMod":"","St_PreDir":"","St_PreTyp":"","St_PreSep":"","St_Name":"Ledgemere","St_PosTyp":"Point","St_PosDir":"","St_PosMod":"","ESN":"328","Post_Comm":"Bomoseen","Post_Code":"05732","GlobalID":"1dd53a11-46c7-4874-b762-9d01b0db5e2b","Category":"Residential"}},
{"type":"Feature","id":175985,"geometry":{"type":"Point","coordinates":[-73.1945093376456,43.6824346711322]},"properties":{"OBJECTID":175985,"ESITEID":130843,"PRIMARYNAME":"LEDGEMERE PT  ","ALIAS1":"","ALIAS2":"","ALIAS3":"","ALIAS4":"","ALIAS5":"","PRIMARYADDRESS":"341 LEDGEMERE PT","SITETYPE":"Single Family Dwelling","MAPYEAR":"Thu, 01 Jan 1998 00:00:00 GMT","SITETYPE_MULTI1":"","SITETYPE_MULTI2":"","SITETYPE_MULTI3":"","YearBuilt":null,"YearBuiltSrc":null,"YearBuiltNotes":"","ResUnitCnt":1,"NonResUnitCnt":0,"DateUpdate":"Thu, 10 Aug 2023 16:27:47 GMT","County":"Rutland County","Inc_Muni":"Hubbardton","AddNum_Pre":null,"Add_Number":341,"AddNum_Suf":"","St_PreMod":"","St_PreDir":"","St_PreTyp":"","St_PreSep":"","St_Name":"Ledgemere","St_PosTyp":"Point","St_PosDir":"","St_PosMod":"","ESN":"328","Post_Comm":"Bomoseen","Post_Code":"05732","GlobalID":"0490a1ba-9364-47f1-808e-d26008103b79","Category":"Residential"}},
{"type":"Feature","id":18773,"geometry":{"type":"Point","coordinates":[-73.1936492309934,43.6823685570308]},"properties":{"OBJECTID":18773,"ESITEID":130844,"PRIMARYNAME":"LEDGEMERE PT  ","ALIAS1":"","ALIAS2":"","ALIAS3":"","ALIAS4":"","ALIAS5":"","PRIMARYADDRESS":"332 LEDGEMERE PT","SITETYPE":"Mobile Home","MAPYEAR":"Thu, 01 Jan 1998 00:00:00 GMT","SITETYPE_MULTI1":"","SITETYPE_MULTI2":"","SITETYPE_MULTI3":"","YearBuilt":null,"YearBuiltSrc":null,"YearBuiltNotes":"","ResUnitCnt":1,"NonResUnitCnt":0,"DateUpdate":"Thu, 10 Aug 2023 16:27:47 GMT","County":"Rutland County","Inc_Muni":"Hubbardton","AddNum_Pre":null,"Add_Number":332,"AddNum_Suf":"","St_PreMod":"","St_PreDir":"","St_PreTyp":"","St_PreSep":"","St_Name":"Ledgemere","St_PosTyp":"Point","St_PosDir":"","St_PosMod":"","ESN":"328","Post_Comm":"Bomoseen","Post_Code":"05732","GlobalID":"a5c521e4-df64-4b9d-8b98-e6af8475b63f","Category":"Residential"}},
{"type":"Feature","id":20185,"geometry":{"type":"Point","coordinates":[-73.1944105735905,43.6822290254888]},"properties":{"OBJECTID":20185,"ESITEID":130845,"PRIMARYNAME":"LEDGEMERE PT  ","ALIAS1":"","ALIAS2":"","ALIAS3":"","ALIAS4":"","ALIAS5":"","PRIMARYADDRESS":"323 LEDGEMERE PT","SITETYPE":"Camp","MAPYEAR":"Thu, 01 Jan 1998 00:00:00 GMT","SITETYPE_MULTI1":"","SITETYPE_MULTI2":"","SITETYPE_MULTI3":"","YearBuilt":null,"YearBuiltSrc":null,"YearBuiltNotes":"","ResUnitCnt":1,"NonResUnitCnt":0,"DateUpdate":"Thu, 10 Aug 2023 16:27:47 GMT","County":"Rutland County","Inc_Muni":"Hubbardton","AddNum_Pre":null,"Add_Number":323,"AddNum_Suf":"","St_PreMod":"","St_PreDir":"","St_PreTyp":"","St_PreSep":"","St_Name":"Ledgemere","St_PosTyp":"Point","St_PosDir":"","St_PosMod":"","ESN":"328","Post_Comm":"Bomoseen","Post_Code":"05732","GlobalID":"d73db0ea-45a3-40b9-89da-098ee04d3f0c","Category":"Residential"}},
{"type":"Feature","id":157177,"geometry":{"type":"Point","coordinates":[-73.1938118320605,43.6821512418955]},"properties":{"OBJECTID":157177,"ESITEID":130846,"PRIMARYNAME":"LEDGEMERE PT  ","ALIAS1":"","ALIAS2":"","ALIAS3":"","ALIAS4":"","ALIAS5":"","PRIMARYADDRESS":"320 LEDGEMERE PT","SITETYPE":"Camp","MAPYEAR":"Thu, 01 Jan 1998 00:00:00 GMT","SITETYPE_MULTI1":"","SITETYPE_MULTI2":"","SITETYPE_MULTI3":"","YearBuilt":null,"YearBuiltSrc":null,"YearBuiltNotes":"","ResUnitCnt":1,"NonResUnitCnt":0,"DateUpdate":"Thu, 10 Aug 2023 16:27:47 GMT","County":"Rutland County","Inc_Muni":"Hubbardton","AddNum_Pre":null,"Add_Number":320,"AddNum_Suf":"","St_PreMod":"","St_PreDir":"","St_PreTyp":"","St_PreSep":"","St_Name":"Ledgemere","St_PosTyp":"Point","St_PosDir":"","St_PosMod":"","ESN":"328","Post_Comm":"Bomoseen","Post_Code":"05732","GlobalID":"6ef364a2-952c-4664-add9-8a179cf34c46","Category":"Residential"}},
{"type":"Feature","id":160006,"geometry":{"type":"Point","coordinates":[-73.1945356790726,43.6819889799121]},"properties":{"OBJECTID":160006,"ESITEID":130847,"PRIMARYNAME":"LEDGEMERE PT  ","ALIAS1":"","ALIAS2":"","ALIAS3":"","ALIAS4":"","ALIAS5":"","PRIMARYADDRESS":"311 LEDGEMERE PT","SITETYPE":"Single Family Dwelling","MAPYEAR":"Thu, 01 Jan 1998 00:00:00 GMT","SITETYPE_MULTI1":"","SITETYPE_MULTI2":"","SITETYPE_MULTI3":"","YearBuilt":null,"YearBuiltSrc":null,"YearBuiltNotes":"","ResUnitCnt":1,"NonResUnitCnt":0,"DateUpdate":"Thu, 10 Aug 2023 16:27:47 GMT","County":"Rutland County","Inc_Muni":"Hubbardton","AddNum_Pre":null,"Add_Number":311,"AddNum_Suf":"","St_PreMod":"","St_PreDir":"","St_PreTyp":"","St_PreSep":"","St_Name":"Ledgemere","St_PosTyp":"Point","St_PosDir":"","St_PosMod":"","ESN":"328","Post_Comm":"Bomoseen","Post_Code":"05732","GlobalID":"8289e682-c289-435e-8b15-7d60372e0881","Category":"Residential"}},
{"type":"Feature","id":72908,"geometry":{"type":"Point","coordinates":[-73.1794523617305,43.6819813509666]},"properties":{"OBJECTID":72908,"ESITEID":130848,"PRIMARYNAME":"PENCIL MILL RD  ","ALIAS1":"","ALIAS2":"","ALIAS3":"","ALIAS4":"","ALIAS5":"","PRIMARYADDRESS":"1414 PENCIL MILL RD","SITETYPE":"Multi-Family Complex","MAPYEAR":"Thu, 01 Jan 1998 00:00:00 GMT","SITETYPE_MULTI1":"","SITETYPE_MULTI2":"","SITETYPE_MULTI3":"","YearBuilt":null,"YearBuiltSrc":null,"YearBuiltNotes":"","ResUnitCnt":1,"NonResUnitCnt":0,"DateUpdate":"Fri, 27 Jan 2023 22:18:15 GMT","County":"Rutland County","Inc_Muni":"Hubbardton","AddNum_Pre":null,"Add_Number":1414,"AddNum_Suf":"","St_PreMod":"","St_PreDir":" ","St_PreTyp":"","St_PreSep":"","St_Name":"Pencil Mill","St_PosTyp":"Road","St_PosDir":" ","St_PosMod":"","ESN":"328","Post_Comm":"Castleton","Post_Code":"05735","GlobalID":"a14ea553-5a35-4024-8feb-ea0a542d4e0e","Category":"Residential"}},
{"type":"Feature","id":5737,"geometry":{"type":"Point","coordinates":[-73.1937975187914,43.6819571152124]},"properties":{"OBJECTID":5737,"ESITEID":130849,"PRIMARYNAME":"LEDGEMERE PT  ","ALIAS1":"","ALIAS2":"","ALIAS3":"","ALIAS4":"","ALIAS5":"","PRIMARYADDRESS":"306 LEDGEMERE PT","SITETYPE":"Single Family Dwelling","MAPYEAR":"Thu, 01 Jan 1998 00:00:00 GMT","SITETYPE_MULTI1":"","SITETYPE_MULTI2":"","SITETYPE_MULTI3":"","YearBuilt":null,"YearBuiltSrc":null,"YearBuiltNotes":"","ResUnitCnt":1,"NonResUnitCnt":0,"DateUpdate":"Thu, 10 Aug 2023 16:27:47 GMT","County":"Rutland County","Inc_Muni":"Hubbardton","AddNum_Pre":null,"Add_Number":306,"AddNum_Suf":"","St_PreMod":"","St_PreDir":"","St_PreTyp":"","St_PreSep":"","St_Name":"Ledgemere","St_PosTyp":"Point","St_PosDir":"","St_PosMod":"","ESN":"328","Post_Comm":"Bomoseen","Post_Code":"05732","GlobalID":"27e1030a-def3-4387-a5f2-d6e7f16e2154","Category":"Residential"}},
{"type":"Feature","id":73671,"geometry":{"type":"Point","coordinates":[-73.1946302298842,43.6818210849962]},"properties":{"OBJECTID":73671,"ESITEID":130850,"PRIMARYNAME":"LEDGEMERE PT  ","ALIAS1":"","ALIAS2":"","ALIAS3":"","ALIAS4":"","ALIAS5":"","PRIMARYADDRESS":"289 LEDGEMERE PT","SITETYPE":"Camp","MAPYEAR":"Thu, 01 Jan 1998 00:00:00 GMT","SITETYPE_MULTI1":"","SITETYPE_MULTI2":"","SITETYPE_MULTI3":"","YearBuilt":null,"YearBuiltSrc":null,"YearBuiltNotes":"","ResUnitCnt":1,"NonResUnitCnt":0,"DateUpdate":"Thu, 10 Aug 2023 16:27:47 GMT","County":"Rutland County","Inc_Muni":"Hubbardton","AddNum_Pre":null,"Add_Number":289,"AddNum_Suf":"","St_PreMod":"","St_PreDir":"","St_PreTyp":"","St_PreSep":"","St_Name":"Ledgemere","St_PosTyp":"Point","St_PosDir":"","St_PosMod":"","ESN":"328","Post_Comm":"Bomoseen","Post_Code":"05732","GlobalID":"e783b25d-21c6-44c9-9eba-834a38f3b2f4","Category":"Residential"}},
{"type":"Feature","id":302581,"geometry":{"type":"Point","coordinates":[-73.1938549016648,43.6817269681492]},"properties":{"OBJECTID":302581,"ESITEID":130851,"PRIMARYNAME":"LEDGEMERE PT  ","ALIAS1":"","ALIAS2":"","ALIAS3":"","ALIAS4":"","ALIAS5":"","PRIMARYADDRESS":"292 LEDGEMERE PT","SITETYPE":"Residential Other","MAPYEAR":"Thu, 01 Jan 1998 00:00:00 GMT","SITETYPE_MULTI1":"","SITETYPE_MULTI2":"","SITETYPE_MULTI3":"","YearBuilt":null,"YearBuiltSrc":null,"YearBuiltNotes":"","ResUnitCnt":1,"NonResUnitCnt":0,"DateUpdate":"Thu, 10 Aug 2023 16:27:47 GMT","County":"Rutland County","Inc_Muni":"Hubbardton","AddNum_Pre":null,"Add_Number":292,"AddNum_Suf":"","St_PreMod":"","St_PreDir":"","St_PreTyp":"","St_PreSep":"","St_Name":"Ledgemere","St_PosTyp":"Point","St_PosDir":"","St_PosMod":"","ESN":"328","Post_Comm":"Bomoseen","Post_Code":"05732","GlobalID":"16f09d32-64b5-423b-9a3e-c5c96f896094","Category":"Residential"}},
{"type":"Feature","id":347515,"geometry":{"type":"Point","coordinates":[-73.1947180934995,43.6815596278274]},"properties":{"OBJECTID":347515,"ESITEID":130852,"PRIMARYNAME":"LEDGEMERE PT  ","ALIAS1":"","ALIAS2":"","ALIAS3":"","ALIAS4":"","ALIAS5":"","PRIMARYADDRESS":"271 LEDGEMERE PT","SITETYPE":"Camp","MAPYEAR":"Thu, 01 Jan 1998 00:00:00 GMT","SITETYPE_MULTI1":"","SITETYPE_MULTI2":"","SITETYPE_MULTI3":"","YearBuilt":null,"YearBuiltSrc":null,"YearBuiltNotes":"","ResUnitCnt":1,"NonResUnitCnt":0,"DateUpdate":"Thu, 10 Aug 2023 16:27:47 GMT","County":"Rutland County","Inc_Muni":"Hubbardton","AddNum_Pre":null,"Add_Number":271,"AddNum_Suf":"","St_PreMod":"","St_PreDir":"","St_PreTyp":"","St_PreSep":"","St_Name":"Ledgemere","St_PosTyp":"Point","St_PosDir":"","St_PosMod":"","ESN":"328","Post_Comm":"Bomoseen","Post_Code":"05732","GlobalID":"03c273be-5d16-4707-9ae9-fb6ca800cc71","Category":"Residential"}},
{"type":"Feature","id":290416,"geometry":{"type":"Point","coordinates":[-73.1750654579564,43.6815388452306]},"properties":{"OBJECTID":290416,"ESITEID":130853,"PRIMARYNAME":"HOWLAND RD  ","ALIAS1":"","ALIAS2":"","ALIAS3":"","ALIAS4":"","ALIAS5":"","PRIMARYADDRESS":"1235 HOWLAND RD","SITETYPE":"Camp","MAPYEAR":"Thu, 01 Jan 1998 00:00:00 GMT","SITETYPE_MULTI1":"","SITETYPE_MULTI2":"","SITETYPE_MULTI3":"","YearBuilt":null,"YearBuiltSrc":null,"YearBuiltNotes":"","ResUnitCnt":1,"NonResUnitCnt":0,"DateUpdate":"Fri, 27 Jan 2023 22:18:15 GMT","County":"Rutland County","Inc_Muni":"Hubbardton","AddNum_Pre":null,"Add_Number":1235,"AddNum_Suf":"","St_PreMod":"","St_PreDir":"","St_PreTyp":"","St_PreSep":"","St_Name":"Howland","St_PosTyp":"Road","St_PosDir":"","St_PosMod":"","ESN":"328","Post_Comm":"Castleton","Post_Code":"05735","GlobalID":"5a9a0216-f8e2-485e-8295-70f00bf91789","Category":"Residential"}},
{"type":"Feature","id":286040,"geometry":{"type":"Point","coordinates":[-73.1938718399704,43.6814447742828]},"properties":{"OBJECTID":286040,"ESITEID":130854,"PRIMARYNAME":"LEDGEMERE PT  ","ALIAS1":"","ALIAS2":"","ALIAS3":"","ALIAS4":"","ALIAS5":"","PRIMARYADDRESS":"276 LEDGEMERE PT","SITETYPE":"Mobile Home","MAPYEAR":"Thu, 01 Jan 1998 00:00:00 GMT","SITETYPE_MULTI1":"","SITETYPE_MULTI2":"","SITETYPE_MULTI3":"","YearBuilt":null,"YearBuiltSrc":null,"YearBuiltNotes":"","ResUnitCnt":1,"NonResUnitCnt":0,"DateUpdate":"Thu, 10 Aug 2023 16:27:47 GMT","County":"Rutland County","Inc_Muni":"Hubbardton","AddNum_Pre":null,"Add_Number":276,"AddNum_Suf":"","St_PreMod":"","St_PreDir":"","St_PreTyp":"","St_PreSep":"","St_Name":"Ledgemere","St_PosTyp":"Point","St_PosDir":"","St_PosMod":"","ESN":"328","Post_Comm":"Bomoseen","Post_Code":"05732","GlobalID":"8598ce57-ec6b-4a94-b932-5b8706330574","Category":"Residential"}},
{"type":"Feature","id":214728,"geometry":{"type":"Point","coordinates":[-73.1947094252315,43.6813580719528]},"properties":{"OBJECTID":214728,"ESITEID":130855,"PRIMARYNAME":"LEDGEMERE PT  ","ALIAS1":"","ALIAS2":"","ALIAS3":"","ALIAS4":"","ALIAS5":"","PRIMARYADDRESS":"257 LEDGEMERE PT","SITETYPE":"Camp","MAPYEAR":"Thu, 01 Jan 1998 00:00:00 GMT","SITETYPE_MULTI1":"","SITETYPE_MULTI2":"","SITETYPE_MULTI3":"","YearBuilt":null,"YearBuiltSrc":null,"YearBuiltNotes":"","ResUnitCnt":1,"NonResUnitCnt":0,"DateUpdate":"Fri, 18 Apr 2025 09:39:03 GMT","County":"Rutland County","Inc_Muni":"Hubbardton","AddNum_Pre":"","Add_Number":257,"AddNum_Suf":"","St_PreMod":"","St_PreDir":"","St_PreTyp":"","St_PreSep":"","St_Name":"Ledgemere","St_PosTyp":"Point","St_PosDir":"","St_PosMod":"","ESN":"328","Post_Comm":"Bomoseen","Post_Code":"05732","GlobalID":"eed52e48-0d2a-4585-91f8-c40fdbfc684b","Category":"Residential"}},
{"type":"Feature","id":235076,"geometry":{"type":"Point","coordinates":[-73.1947894116479,43.681140166587]},"properties":{"OBJECTID":235076,"ESITEID":130856,"PRIMARYNAME":"LEDGEMERE PT  ","ALIAS1":"","ALIAS2":"","ALIAS3":"","ALIAS4":"","ALIAS5":"","PRIMARYADDRESS":"241 LEDGEMERE PT","SITETYPE":"Camp","MAPYEAR":"Thu, 01 Jan 1998 00:00:00 GMT","SITETYPE_MULTI1":"","SITETYPE_MULTI2":"","SITETYPE_MULTI3":"","YearBuilt":null,"YearBuiltSrc":null,"YearBuiltNotes":"","ResUnitCnt":1,"NonResUnitCnt":0,"DateUpdate":"Thu, 10 Aug 2023 16:27:47 GMT","County":"Rutland County","Inc_Muni":"Hubbardton","AddNum_Pre":null,"Add_Number":241,"AddNum_Suf":"","St_PreMod":"","St_PreDir":"","St_PreTyp":"","St_PreSep":"","St_Name":"Ledgemere","St_PosTyp":"Point","St_PosDir":"","St_PosMod":"","ESN":"328","Post_Comm":"Bomoseen","Post_Code":"05732","GlobalID":"8f225ff3-1634-4218-8c4e-1a59116ceec5","Category":"Residential"}},
{"type":"Feature","id":153245,"geometry":{"type":"Point","coordinates":[-73.2022406206147,43.6808985814303]},"properties":{"OBJECTID":153245,"ESITEID":130857,"PRIMARYNAME":"JASONS WAY","ALIAS1":"","ALIAS2":"","ALIAS3":"","ALIAS4":"","ALIAS5":"","PRIMARYADDRESS":"211 JASONS WAY","SITETYPE":"Camp","MAPYEAR":"Thu, 01 Jan 1998 00:00:00 GMT","SITETYPE_MULTI1":"","SITETYPE_MULTI2":"","SITETYPE_MULTI3":"","YearBuilt":null,"YearBuiltSrc":null,"YearBuiltNotes":"","ResUnitCnt":1,"NonResUnitCnt":0,"DateUpdate":"Thu, 10 Aug 2023 16:27:11 GMT","County":"Rutland County","Inc_Muni":"Hubbardton","AddNum_Pre":null,"Add_Number":211,"AddNum_Suf":"","St_PreMod":"","St_PreDir":" ","St_PreTyp":"","St_PreSep":"","St_Name":"Jasons","St_PosTyp":"Way","St_PosDir":"","St_PosMod":"","ESN":"328","Post_Comm":"Castleton","Post_Code":"05735","GlobalID":"a7ddc668-e86e-407b-9dc2-1d98057ebef3","Category":"Residential"}},
{"type":"Feature","id":63724,"geometry":{"type":"Point","coordinates":[-73.1938600611514,43.6812640522482]},"properties":{"OBJECTID":63724,"ESITEID":130858,"PRIMARYNAME":"LEDGEMERE PT  ","ALIAS1":"","ALIAS2":"","ALIAS3":"","ALIAS4":"","ALIAS5":"","PRIMARYADDRESS":"238 LEDGEMERE PT","SITETYPE":"Mobile Home","MAPYEAR":"Thu, 01 Jan 1998 00:00:00 GMT","SITETYPE_MULTI1":"","SITETYPE_MULTI2":"","SITETYPE_MULTI3":"","YearBuilt":null,"YearBuiltSrc":null,"YearBuiltNotes":"","ResUnitCnt":1,"NonResUnitCnt":0,"DateUpdate":"Thu, 10 Aug 2023 16:27:47 GMT","County":"Rutland County","Inc_Muni":"Hubbardton","AddNum_Pre":null,"Add_Number":238,"AddNum_Suf":"","St_PreMod":"","St_PreDir":"","St_PreTyp":"","St_PreSep":"","St_Name":"Ledgemere","St_PosTyp":"Point","St_PosDir":"","St_PosMod":"","ESN":"328","Post_Comm":"Bomoseen","Post_Code":"05732","GlobalID":"74f315b9-1122-4589-828f-f6e9572f2ea2","Category":"Residential"}},
{"type":"Feature","id":119014,"geometry":{"type":"Point","coordinates":[-73.1948802310694,43.6808497684334]},"properties":{"OBJECTID":119014,"ESITEID":130859,"PRIMARYNAME":"LEDGEMERE PT  ","ALIAS1":"","ALIAS2":"","ALIAS3":"","ALIAS4":"","ALIAS5":"","PRIMARYADDRESS":"223 LEDGEMERE PT","SITETYPE":"Single Family Dwelling","MAPYEAR":"Thu, 01 Jan 1998 00:00:00 GMT","SITETYPE_MULTI1":"","SITETYPE_MULTI2":"","SITETYPE_MULTI3":"","YearBuilt":null,"YearBuiltSrc":null,"YearBuiltNotes":"","ResUnitCnt":1,"NonResUnitCnt":0,"DateUpdate":"Thu, 10 Aug 2023 16:27:47 GMT","County":"Rutland County","Inc_Muni":"Hubbardton","AddNum_Pre":null,"Add_Number":223,"AddNum_Suf":"","St_PreMod":"","St_PreDir":"","St_PreTyp":"","St_PreSep":"","St_Name":"Ledgemere","St_PosTyp":"Point","St_PosDir":"","St_PosMod":"","ESN":"328","Post_Comm":"Bomoseen","Post_Code":"05732","GlobalID":"7df18503-67e0-410b-98be-f61aa83a2a30","Category":"Residential"}},
{"type":"Feature","id":142606,"geometry":{"type":"Point","coordinates":[-73.1941185984012,43.680787197669]},"properties":{"OBJECTID":142606,"ESITEID":130860,"PRIMARYNAME":"LEDGEMERE PT  ","ALIAS1":"","ALIAS2":"","ALIAS3":"","ALIAS4":"","ALIAS5":"","PRIMARYADDRESS":"198 LEDGEMERE PT","SITETYPE":"Single Family Dwelling","MAPYEAR":"Thu, 01 Jan 1998 00:00:00 GMT","SITETYPE_MULTI1":"","SITETYPE_MULTI2":"","SITETYPE_MULTI3":"","YearBuilt":null,"YearBuiltSrc":null,"YearBuiltNotes":"","ResUnitCnt":1,"NonResUnitCnt":0,"DateUpdate":"Thu, 10 Aug 2023 16:27:47 GMT","County":"Rutland County","Inc_Muni":"Hubbardton","AddNum_Pre":null,"Add_Number":198,"AddNum_Suf":"","St_PreMod":"","St_PreDir":"","St_PreTyp":"","St_PreSep":"","St_Name":"Ledgemere","St_PosTyp":"Point","St_PosDir":"","St_PosMod":"","ESN":"328","Post_Comm":"Bomoseen","Post_Code":"05732","GlobalID":"16beb640-a1b6-4b2e-b14f-50eeab34d59f","Category":"Residential"}},
{"type":"Feature","id":867,"geometry":{"type":"Point","coordinates":[-73.1798796072454,43.6807530171019]},"properties":{"OBJECTID":867,"ESITEID":130861,"PRIMARYNAME":"PENCIL MILL RD  ","ALIAS1":"","ALIAS2":"","ALIAS3":"","ALIAS4":"","ALIAS5":"","PRIMARYADDRESS":"1330 PENCIL MILL RD","SITETYPE":"Single Family Dwelling","MAPYEAR":"Thu, 01 Jan 1998 00:00:00 GMT","SITETYPE_MULTI1":"","SITETYPE_MULTI2":"","SITETYPE_MULTI3":"","YearBuilt":null,"YearBuiltSrc":null,"YearBuiltNotes":"","ResUnitCnt":1,"NonResUnitCnt":0,"DateUpdate":"Fri, 27 Jan 2023 22:18:15 GMT","County":"Rutland County","Inc_Muni":"Hubbardton","AddNum_Pre":null,"Add_Number":1330,"AddNum_Suf":"","St_PreMod":"","St_PreDir":" ","St_PreTyp":"","St_PreSep":"","St_Name":"Pencil Mill","St_PosTyp":"Road","St_PosDir":" ","St_PosMod":"","ESN":"328","Post_Comm":"Castleton","Post_Code":"05735","GlobalID":"71e00049-8be7-40b3-aa46-832536222994","Category":"Residential"}},
{"type":"Feature","id":266880,"geometry":{"type":"Point","coordinates":[-73.1948836362652,43.6806838296441]},"properties":{"OBJECTID":266880,"ESITEID":130862,"PRIMARYNAME":"LEDGEMERE PT  ","ALIAS1":"","ALIAS2":"","ALIAS3":"","ALIAS4":"","ALIAS5":"","PRIMARYADDRESS":"219 LEDGEMERE PT","SITETYPE":"Camp","MAPYEAR":"Thu, 01 Jan 1998 00:00:00 GMT","SITETYPE_MULTI1":"","SITETYPE_MULTI2":"","SITETYPE_MULTI3":"","YearBuilt":null,"YearBuiltSrc":null,"YearBuiltNotes":"","ResUnitCnt":1,"NonResUnitCnt":0,"DateUpdate":"Thu, 10 Aug 2023 16:27:47 GMT","County":"Rutland County","Inc_Muni":"Hubbardton","AddNum_Pre":null,"Add_Number":219,"AddNum_Suf":"","St_PreMod":"","St_PreDir":"","St_PreTyp":"","St_PreSep":"","St_Name":"Ledgemere","St_PosTyp":"Point","St_PosDir":"","St_PosMod":"","ESN":"328","Post_Comm":"Bomoseen","Post_Code":"05732","GlobalID":"0e94a46b-1d5e-44b4-9ac3-dffbcf53ef37","Category":"Residential"}},
{"type":"Feature","id":282862,"geometry":{"type":"Point","coordinates":[-73.1917916713739,43.6806068540488]},"properties":{"OBJECTID":282862,"ESITEID":130863,"PRIMARYNAME":"LEDGEMERE PT  ","ALIAS1":"","ALIAS2":"","ALIAS3":"","ALIAS4":"","ALIAS5":"","PRIMARYADDRESS":"79 LEDGEMERE PT","SITETYPE":"Single Family Dwelling","MAPYEAR":"Thu, 01 Jan 1998 00:00:00 GMT","SITETYPE_MULTI1":"","SITETYPE_MULTI2":"","SITETYPE_MULTI3":"","YearBuilt":null,"YearBuiltSrc":null,"YearBuiltNotes":"","ResUnitCnt":1,"NonResUnitCnt":0,"DateUpdate":"Thu, 10 Aug 2023 16:27:47 GMT","County":"Rutland County","Inc_Muni":"Hubbardton","AddNum_Pre":null,"Add_Number":79,"AddNum_Suf":"","St_PreMod":"","St_PreDir":"","St_PreTyp":"","St_PreSep":"","St_Name":"Ledgemere","St_PosTyp":"Point","St_PosDir":"","St_PosMod":"","ESN":"328","Post_Comm":"Bomoseen","Post_Code":"05732","GlobalID":"1e0abd23-9d4b-4836-9032-23ef329c13c9","Category":"Residential"}},
{"type":"Feature","id":84816,"geometry":{"type":"Point","coordinates":[-73.1934523035923,43.6805775408052]},"properties":{"OBJECTID":84816,"ESITEID":130864,"PRIMARYNAME":"LEDGEMERE PT  ","ALIAS1":"","ALIAS2":"","ALIAS3":"","ALIAS4":"","ALIAS5":"","PRIMARYADDRESS":"171 LEDGEMERE PT","SITETYPE":"Single Family Dwelling","MAPYEAR":"Thu, 01 Jan 1998 00:00:00 GMT","SITETYPE_MULTI1":"","SITETYPE_MULTI2":"","SITETYPE_MULTI3":"","YearBuilt":null,"YearBuiltSrc":null,"YearBuiltNotes":"","ResUnitCnt":1,"NonResUnitCnt":0,"DateUpdate":"Thu, 10 Aug 2023 16:27:47 GMT","County":"Rutland County","Inc_Muni":"Hubbardton","AddNum_Pre":null,"Add_Number":171,"AddNum_Suf":"","St_PreMod":"","St_PreDir":"","St_PreTyp":"","St_PreSep":"","St_Name":"Ledgemere","St_PosTyp":"Point","St_PosDir":"","St_PosMod":"","ESN":"328","Post_Comm":"Bomoseen","Post_Code":"05732","GlobalID":"cb2c42db-aad1-4f9b-ae95-9e5e71e83708","Category":"Residential"}},
{"type":"Feature","id":117667,"geometry":{"type":"Point","coordinates":[-73.2021886146458,43.6804286330369]},"properties":{"OBJECTID":117667,"ESITEID":130865,"PRIMARYNAME":"JASONS WAY","ALIAS1":"","ALIAS2":"","ALIAS3":"","ALIAS4":"","ALIAS5":"","PRIMARYADDRESS":"183 JASONS WAY","SITETYPE":"Camp","MAPYEAR":"Thu, 01 Jan 1998 00:00:00 GMT","SITETYPE_MULTI1":"","SITETYPE_MULTI2":"","SITETYPE_MULTI3":"","YearBuilt":null,"YearBuiltSrc":null,"YearBuiltNotes":"","ResUnitCnt":1,"NonResUnitCnt":0,"DateUpdate":"Thu, 10 Aug 2023 16:27:11 GMT","County":"Rutland County","Inc_Muni":"Hubbardton","AddNum_Pre":null,"Add_Number":183,"AddNum_Suf":"","St_PreMod":"","St_PreDir":" ","St_PreTyp":"","St_PreSep":"","St_Name":"Jasons","St_PosTyp":"Way","St_PosDir":"","St_PosMod":"","ESN":"328","Post_Comm":"Castleton","Post_Code":"05735","GlobalID":"ed29f483-52cd-4155-b96f-1cf3fef776ba","Category":"Residential"}},
{"type":"Feature","id":185323,"geometry":{"type":"Point","coordinates":[-73.1938895401521,43.6805232359289]},"properties":{"OBJECTID":185323,"ESITEID":130866,"PRIMARYNAME":"LEDGEMERE PT  ","ALIAS1":"","ALIAS2":"","ALIAS3":"","ALIAS4":"","ALIAS5":"","PRIMARYADDRESS":"201 LEDGEMERE PT","SITETYPE":"Camp","MAPYEAR":"Thu, 01 Jan 1998 00:00:00 GMT","SITETYPE_MULTI1":"","SITETYPE_MULTI2":"","SITETYPE_MULTI3":"","YearBuilt":null,"YearBuiltSrc":null,"YearBuiltNotes":"","ResUnitCnt":1,"NonResUnitCnt":0,"DateUpdate":"Thu, 10 Aug 2023 16:27:47 GMT","County":"Rutland County","Inc_Muni":"Hubbardton","AddNum_Pre":null,"Add_Number":201,"AddNum_Suf":"","St_PreMod":"","St_PreDir":"","St_PreTyp":"","St_PreSep":"","St_Name":"Ledgemere","St_PosTyp":"Point","St_PosDir":"","St_PosMod":"","ESN":"328","Post_Comm":"Bomoseen","Post_Code":"05732","GlobalID":"f1457f1d-f5cf-42b5-9ba8-f33065de25a1","Category":"Residential"}},
{"type":"Feature","id":297723,"geometry":{"type":"Point","coordinates":[-73.1778272995493,43.6805737283243]},"properties":{"OBJECTID":297723,"ESITEID":130867,"PRIMARYNAME":"HOWLAND RD  ","ALIAS1":"","ALIAS2":"","ALIAS3":"","ALIAS4":"","ALIAS5":"","PRIMARYADDRESS":"1394 HOWLAND RD","SITETYPE":"Single Family Dwelling","MAPYEAR":"Thu, 01 Jan 1998 00:00:00 GMT","SITETYPE_MULTI1":"","SITETYPE_MULTI2":"","SITETYPE_MULTI3":"","YearBuilt":null,"YearBuiltSrc":null,"YearBuiltNotes":"","ResUnitCnt":1,"NonResUnitCnt":0,"DateUpdate":"Fri, 27 Jan 2023 22:18:15 GMT","County":"Rutland County","Inc_Muni":"Hubbardton","AddNum_Pre":null,"Add_Number":1394,"AddNum_Suf":"","St_PreMod":"","St_PreDir":"","St_PreTyp":"","St_PreSep":"","St_Name":"Howland","St_PosTyp":"Road","St_PosDir":"","St_PosMod":"","ESN":"328","Post_Comm":"Castleton","Post_Code":"05735","GlobalID":"537f4ebe-c875-45dc-9e4d-2b76520cc050","Category":"Residential"}},
{"type":"Feature","id":113737,"geometry":{"type":"Point","coordinates":[-73.1946688381867,43.680463158969]},"properties":{"OBJECTID":113737,"ESITEID":130868,"PRIMARYNAME":"LEDGEMERE PT  ","ALIAS1":"","ALIAS2":"","ALIAS3":"","ALIAS4":"","ALIAS5":"","PRIMARYADDRESS":"213 LEDGEMERE PT","SITETYPE":"Camp","MAPYEAR":"Thu, 01 Jan 1998 00:00:00 GMT","SITETYPE_MULTI1":"","SITETYPE_MULTI2":"","SITETYPE_MULTI3":"","YearBuilt":null,"YearBuiltSrc":null,"YearBuiltNotes":"","ResUnitCnt":1,"NonResUnitCnt":0,"DateUpdate":"Thu, 10 Aug 2023 16:27:47 GMT","County":"Rutland County","Inc_Muni":"Hubbardton","AddNum_Pre":null,"Add_Number":213,"AddNum_Suf":"","St_PreMod":"","St_PreDir":"","St_PreTyp":"","St_PreSep":"","St_Name":"Ledgemere","St_PosTyp":"Point","St_PosDir":"","St_PosMod":"","ESN":"328","Post_Comm":"Bomoseen","Post_Code":"05732","GlobalID":"37c8849d-62e9-4ddb-9725-e5cf072bbfcc","Category":"Residential"}},
{"type":"Feature","id":157701,"geometry":{"type":"Point","coordinates":[-73.1949958324895,43.680333765355]},"properties":{"OBJECTID":157701,"ESITEID":130869,"PRIMARYNAME":"LEDGEMERE PT  ","ALIAS1":"","ALIAS2":"","ALIAS3":"","ALIAS4":"","ALIAS5":"","PRIMARYADDRESS":"215 LEDGEMERE PT","SITETYPE":"Camp","MAPYEAR":"Thu, 01 Jan 1998 00:00:00 GMT","SITETYPE_MULTI1":"","SITETYPE_MULTI2":"","SITETYPE_MULTI3":"","YearBuilt":null,"YearBuiltSrc":null,"YearBuiltNotes":"","ResUnitCnt":1,"NonResUnitCnt":0,"DateUpdate":"Thu, 10 Aug 2023 16:27:47 GMT","County":"Rutland County","Inc_Muni":"Hubbardton","AddNum_Pre":null,"Add_Number":215,"AddNum_Suf":"","St_PreMod":"","St_PreDir":"","St_PreTyp":"","St_PreSep":"","St_Name":"Ledgemere","St_PosTyp":"Point","St_PosDir":"","St_PosMod":"","ESN":"328","Post_Comm":"Bomoseen","Post_Code":"05732","GlobalID":"b5737336-fb27-4b5e-972a-b95f831950e7","Category":"Residential"}},
{"type":"Feature","id":286808,"geometry":{"type":"Point","coordinates":[-73.1952875338356,43.6800826250283]},"properties":{"OBJECTID":286808,"ESITEID":130870,"PRIMARYNAME":"CAMPBELL RD","ALIAS1":"","ALIAS2":"","ALIAS3":"","ALIAS4":"","ALIAS5":"","PRIMARYADDRESS":"187 CAMPBELL RD","SITETYPE":"Camp","MAPYEAR":"Thu, 01 Jan 1998 00:00:00 GMT","SITETYPE_MULTI1":"","SITETYPE_MULTI2":"","SITETYPE_MULTI3":"","YearBuilt":null,"YearBuiltSrc":null,"YearBuiltNotes":"","ResUnitCnt":1,"NonResUnitCnt":0,"DateUpdate":"Fri, 27 Jan 2023 21:21:51 GMT","County":"Rutland County","Inc_Muni":"Hubbardton","AddNum_Pre":null,"Add_Number":187,"AddNum_Suf":"","St_PreMod":"","St_PreDir":"","St_PreTyp":"","St_PreSep":"","St_Name":"Campbell","St_PosTyp":"Road","St_PosDir":"","St_PosMod":"","ESN":"328","Post_Comm":"Castleton","Post_Code":"05735","GlobalID":"e59571fc-8a75-4f92-96e1-5c5aaa138b93","Category":"Residential"}},
{"type":"Feature","id":131954,"geometry":{"type":"Point","coordinates":[-73.2009987814111,43.6799404446752]},"properties":{"OBJECTID":131954,"ESITEID":130871,"PRIMARYNAME":"SEVIGNY RD  ","ALIAS1":"","ALIAS2":"","ALIAS3":"","ALIAS4":"","ALIAS5":"","PRIMARYADDRESS":"146 SEVIGNY RD","SITETYPE":"Single Family Dwelling","MAPYEAR":"Thu, 01 Jan 1998 00:00:00 GMT","SITETYPE_MULTI1":"","SITETYPE_MULTI2":"","SITETYPE_MULTI3":"","YearBuilt":null,"YearBuiltSrc":null,"YearBuiltNotes":"","ResUnitCnt":1,"NonResUnitCnt":0,"DateUpdate":"Fri, 27 Jan 2023 22:20:24 GMT","County":"Rutland County","Inc_Muni":"Hubbardton","AddNum_Pre":null,"Add_Number":146,"AddNum_Suf":"","St_PreMod":"","St_PreDir":"","St_PreTyp":"","St_PreSep":"","St_Name":"Sevigny","St_PosTyp":"Road","St_PosDir":"","St_PosMod":"","ESN":"328","Post_Comm":"Castleton","Post_Code":"05735","GlobalID":"60949d4f-da17-4bb4-96e0-9258a9ac6527","Category":"Residential"}},
{"type":"Feature","id":353688,"geometry":{"type":"Point","coordinates":[-73.177148283068,43.6799404875313]},"properties":{"OBJECTID":353688,"ESITEID":130872,"PRIMARYNAME":"HOWLAND RD  ","ALIAS1":"","ALIAS2":"","ALIAS3":"","ALIAS4":"","ALIAS5":"","PRIMARYADDRESS":"1371 HOWLAND RD","SITETYPE":"Mobile Home","MAPYEAR":"Thu, 01 Jan 1998 00:00:00 GMT","SITETYPE_MULTI1":"","SITETYPE_MULTI2":"","SITETYPE_MULTI3":"","YearBuilt":null,"YearBuiltSrc":null,"YearBuiltNotes":"","ResUnitCnt":1,"NonResUnitCnt":0,"DateUpdate":"Fri, 27 Jan 2023 22:18:15 GMT","County":"Rutland County","Inc_Muni":"Hubbardton","AddNum_Pre":null,"Add_Number":1371,"AddNum_Suf":"","St_PreMod":"","St_PreDir":"","St_PreTyp":"","St_PreSep":"","St_Name":"Howland","St_PosTyp":"Road","St_PosDir":"","St_PosMod":"","ESN":"328","Post_Comm":"Castleton","Post_Code":"05735","GlobalID":"6a9ca8c3-264a-441a-9909-955c85d5630c","Category":"Residential"}},
{"type":"Feature","id":183565,"geometry":{"type":"Point","coordinates":[-73.1953736291687,43.6799073318934]},"properties":{"OBJECTID":183565,"ESITEID":130873,"PRIMARYNAME":"CAMPBELL RD","ALIAS1":"","ALIAS2":"","ALIAS3":"","ALIAS4":"","ALIAS5":"","PRIMARYADDRESS":"175 CAMPBELL RD","SITETYPE":"Camp","MAPYEAR":"Thu, 01 Jan 1998 00:00:00 GMT","SITETYPE_MULTI1":"","SITETYPE_MULTI2":"","SITETYPE_MULTI3":"","YearBuilt":null,"YearBuiltSrc":null,"YearBuiltNotes":"","ResUnitCnt":1,"NonResUnitCnt":0,"DateUpdate":"Fri, 27 Jan 2023 21:21:51 GMT","County":"Rutland County","Inc_Muni":"Hubbardton","AddNum_Pre":null,"Add_Number":175,"AddNum_Suf":"","St_PreMod":"","St_PreDir":"","St_PreTyp":"","St_PreSep":"","St_Name":"Campbell","St_PosTyp":"Road","St_PosDir":"","St_PosMod":"","ESN":"328","Post_Comm":"Castleton","Post_Code":"05735","GlobalID":"fad6f900-fa47-4254-b563-8e707287ef51","Category":"Residential"}},
{"type":"Feature","id":346095,"geometry":{"type":"Point","coordinates":[-73.1869673157473,43.6798260468373]},"properties":{"OBJECTID":346095,"ESITEID":130874,"PRIMARYNAME":"VT ROUTE 30","ALIAS1":"","ALIAS2":"","ALIAS3":"","ALIAS4":"","ALIAS5":"","PRIMARYADDRESS":"58 VT ROUTE 30","SITETYPE":"Single Family Dwelling","MAPYEAR":"Thu, 01 Jan 1998 00:00:00 GMT","SITETYPE_MULTI1":"","SITETYPE_MULTI2":"","SITETYPE_MULTI3":"","YearBuilt":null,"YearBuiltSrc":null,"YearBuiltNotes":"","ResUnitCnt":1,"NonResUnitCnt":0,"DateUpdate":"Thu, 10 Aug 2023 16:27:50 GMT","County":"Rutland County","Inc_Muni":"Hubbardton","AddNum_Pre":null,"Add_Number":58,"AddNum_Suf":"","St_PreMod":"","St_PreDir":"","St_PreTyp":"Vermont Route","St_PreSep":"","St_Name":"30","St_PosTyp":"","St_PosDir":"","St_PosMod":"","ESN":"328","Post_Comm":"Bomoseen","Post_Code":"05732","GlobalID":"5d2eb9c8-1f19-413d-92e0-41946e08a47c","Category":"Residential"}},
{"type":"Feature","id":126676,"geometry":{"type":"Point","coordinates":[-73.2020305206271,43.6796236350879]},"properties":{"OBJECTID":126676,"ESITEID":130875,"PRIMARYNAME":"JASONS WAY","ALIAS1":"","ALIAS2":"","ALIAS3":"","ALIAS4":"","ALIAS5":"","PRIMARYADDRESS":"130 JASONS WAY","SITETYPE":"Single Family Dwelling","MAPYEAR":"Thu, 01 Jan 1998 00:00:00 GMT","SITETYPE_MULTI1":"","SITETYPE_MULTI2":"","SITETYPE_MULTI3":"","YearBuilt":null,"YearBuiltSrc":null,"YearBuiltNotes":"","ResUnitCnt":1,"NonResUnitCnt":0,"DateUpdate":"Fri, 27 Jan 2023 21:21:51 GMT","County":"Rutland County","Inc_Muni":"Hubbardton","AddNum_Pre":null,"Add_Number":130,"AddNum_Suf":"","St_PreMod":"","St_PreDir":" ","St_PreTyp":"","St_PreSep":"","St_Name":"Jasons","St_PosTyp":"Way","St_PosDir":"","St_PosMod":"","ESN":"328","Post_Comm":"Castleton","Post_Code":"05735","GlobalID":"700a8f66-c28c-4b7e-ab1c-aa47dc015a2c","Category":"Residential"}},
{"type":"Feature","id":71088,"geometry":{"type":"Point","coordinates":[-73.2007847753697,43.6797707624173]},"properties":{"OBJECTID":71088,"ESITEID":130876,"PRIMARYNAME":"SEVIGNY RD  ","ALIAS1":"","ALIAS2":"","ALIAS3":"","ALIAS4":"","ALIAS5":"","PRIMARYADDRESS":"134 SEVIGNY RD","SITETYPE":"Single Family Dwelling","MAPYEAR":"Thu, 01 Jan 1998 00:00:00 GMT","SITETYPE_MULTI1":"","SITETYPE_MULTI2":"","SITETYPE_MULTI3":"","YearBuilt":null,"YearBuiltSrc":null,"YearBuiltNotes":"","ResUnitCnt":1,"NonResUnitCnt":0,"DateUpdate":"Fri, 27 Jan 2023 22:20:24 GMT","County":"Rutland County","Inc_Muni":"Hubbardton","AddNum_Pre":null,"Add_Number":134,"AddNum_Suf":"","St_PreMod":"","St_PreDir":"","St_PreTyp":"","St_PreSep":"","St_Name":"Sevigny","St_PosTyp":"Road","St_PosDir":"","St_PosMod":"","ESN":"328","Post_Comm":"Castleton","Post_Code":"05735","GlobalID":"d7ba5ef2-2e76-49dc-8b1c-21093fdfcb17","Category":"Residential"}},
{"type":"Feature","id":173866,"geometry":{"type":"Point","coordinates":[-73.1955279321708,43.6795690547172]},"properties":{"OBJECTID":173866,"ESITEID":130877,"PRIMARYNAME":"CAMPBELL RD","ALIAS1":"","ALIAS2":"","ALIAS3":"","ALIAS4":"","ALIAS5":"","PRIMARYADDRESS":"155 CAMPBELL RD","SITETYPE":"Mobile Home","MAPYEAR":"Thu, 01 Jan 1998 00:00:00 GMT","SITETYPE_MULTI1":"","SITETYPE_MULTI2":"","SITETYPE_MULTI3":"","YearBuilt":null,"YearBuiltSrc":null,"YearBuiltNotes":"","ResUnitCnt":1,"NonResUnitCnt":0,"DateUpdate":"Fri, 27 Jan 2023 21:21:51 GMT","County":"Rutland County","Inc_Muni":"Hubbardton","AddNum_Pre":null,"Add_Number":155,"AddNum_Suf":"","St_PreMod":"","St_PreDir":"","St_PreTyp":"","St_PreSep":"","St_Name":"Campbell","St_PosTyp":"Road","St_PosDir":"","St_PosMod":"","ESN":"328","Post_Comm":"Castleton","Post_Code":"05735","GlobalID":"e6b789f3-4257-43d6-b8ba-6825be0a526a","Category":"Residential"}},
{"type":"Feature","id":161147,"geometry":{"type":"Point","coordinates":[-73.1694827425735,43.679816908995]},"properties":{"OBJECTID":161147,"ESITEID":130878,"PRIMARYNAME":"GILL RD  ","ALIAS1":"","ALIAS2":"","ALIAS3":"","ALIAS4":"","ALIAS5":"","PRIMARYADDRESS":"445 GILL RD","SITETYPE":"Single Family Dwelling","MAPYEAR":"Thu, 01 Jan 1998 00:00:00 GMT","SITETYPE_MULTI1":"","SITETYPE_MULTI2":"","SITETYPE_MULTI3":"","YearBuilt":null,"YearBuiltSrc":null,"YearBuiltNotes":"","ResUnitCnt":1,"NonResUnitCnt":0,"DateUpdate":"Mon, 09 Dec 2024 16:22:46 GMT","County":"Rutland County","Inc_Muni":"Hubbardton","AddNum_Pre":null,"Add_Number":445,"AddNum_Suf":"","St_PreMod":"","St_PreDir":" ","St_PreTyp":"","St_PreSep":"","St_Name":"Gill","St_PosTyp":"Road","St_PosDir":" ","St_PosMod":"","ESN":"328","Post_Comm":"Castleton","Post_Code":"05735","GlobalID":"cae51b1d-7d0a-4fe0-ad5b-262914319c76","Category":"Residential"}},
{"type":"Feature","id":311455,"geometry":{"type":"Point","coordinates":[-73.1773065297438,43.679682937982]},"properties":{"OBJECTID":311455,"ESITEID":130879,"PRIMARYNAME":"HOWLAND RD  ","ALIAS1":"","ALIAS2":"","ALIAS3":"","ALIAS4":"","ALIAS5":"","PRIMARYADDRESS":"1381 HOWLAND RD","SITETYPE":"Single Family Dwelling","MAPYEAR":"Thu, 01 Jan 1998 00:00:00 GMT","SITETYPE_MULTI1":"","SITETYPE_MULTI2":"","SITETYPE_MULTI3":"","YearBuilt":null,"YearBuiltSrc":null,"YearBuiltNotes":"","ResUnitCnt":1,"NonResUnitCnt":0,"DateUpdate":"Fri, 27 Jan 2023 22:18:15 GMT","County":"Rutland County","Inc_Muni":"Hubbardton","AddNum_Pre":null,"Add_Number":1381,"AddNum_Suf":"","St_PreMod":"","St_PreDir":"","St_PreTyp":"","St_PreSep":"","St_Name":"Howland","St_PosTyp":"Road","St_PosDir":"","St_PosMod":"","ESN":"328","Post_Comm":"Castleton","Post_Code":"05735","GlobalID":"f787d6cf-08b6-4ff5-9708-c7dff451635f","Category":"Residential"}},
{"type":"Feature","id":95521,"geometry":{"type":"Point","coordinates":[-73.1955732769119,43.6794293173443]},"properties":{"OBJECTID":95521,"ESITEID":130880,"PRIMARYNAME":"CAMPBELL RD","ALIAS1":"","ALIAS2":"","ALIAS3":"","ALIAS4":"","ALIAS5":"","PRIMARYADDRESS":"141 CAMPBELL RD","SITETYPE":"Camp","MAPYEAR":"Thu, 01 Jan 1998 00:00:00 GMT","SITETYPE_MULTI1":"","SITETYPE_MULTI2":"","SITETYPE_MULTI3":"","YearBuilt":null,"YearBuiltSrc":null,"YearBuiltNotes":"","ResUnitCnt":1,"NonResUnitCnt":0,"DateUpdate":"Thu, 04 May 2023 16:22:21 GMT","County":"Rutland County","Inc_Muni":"Hubbardton","AddNum_Pre":null,"Add_Number":141,"AddNum_Suf":"","St_PreMod":"","St_PreDir":"","St_PreTyp":"","St_PreSep":"","St_Name":"Campbell","St_PosTyp":"Road","St_PosDir":"","St_PosMod":"","ESN":"328","Post_Comm":"Castleton","Post_Code":"05735","GlobalID":"ef85146c-06b4-45e7-b8e4-93c329262cc6","Category":"Residential"}},
{"type":"Feature","id":237971,"geometry":{"type":"Point","coordinates":[-73.139069961812,43.6797001621494]},"properties":{"OBJECTID":237971,"ESITEID":130881,"PRIMARYNAME":"MONUMENT HILL RD","ALIAS1":"","ALIAS2":"","ALIAS3":"","ALIAS4":"","ALIAS5":"","PRIMARYADDRESS":"6786 MONUMENT HILL RD","SITETYPE":"Single Family Dwelling","MAPYEAR":"Thu, 01 Jan 1998 00:00:00 GMT","SITETYPE_MULTI1":"","SITETYPE_MULTI2":"","SITETYPE_MULTI3":"","YearBuilt":null,"YearBuiltSrc":null,"YearBuiltNotes":"","ResUnitCnt":1,"NonResUnitCnt":0,"DateUpdate":"Fri, 27 Jan 2023 21:21:46 GMT","County":"Rutland County","Inc_Muni":"Hubbardton","AddNum_Pre":null,"Add_Number":6786,"AddNum_Suf":"","St_PreMod":"","St_PreDir":" ","St_PreTyp":"","St_PreSep":"","St_Name":"Monument Hill","St_PosTyp":"Road","St_PosDir":" ","St_PosMod":"","ESN":"328","Post_Comm":"Castleton","Post_Code":"05735","GlobalID":"ca74801d-bc97-4024-8440-7ff1c203fdb9","Category":"Residential"}},
{"type":"Feature","id":129109,"geometry":{"type":"Point","coordinates":[-73.1411298996658,43.6793988001581]},"properties":{"OBJECTID":129109,"ESITEID":130882,"PRIMARYNAME":"MONUMENT HILL RD","ALIAS1":"","ALIAS2":"","ALIAS3":"","ALIAS4":"","ALIAS5":"","PRIMARYADDRESS":"6826 MONUMENT HILL RD","SITETYPE":"Mobile Home","MAPYEAR":"Thu, 01 Jan 1998 00:00:00 GMT","SITETYPE_MULTI1":"","SITETYPE_MULTI2":"","SITETYPE_MULTI3":"","YearBuilt":null,"YearBuiltSrc":null,"YearBuiltNotes":"","ResUnitCnt":1,"NonResUnitCnt":0,"DateUpdate":"Fri, 27 Jan 2023 21:21:46 GMT","County":"Rutland County","Inc_Muni":"Hubbardton","AddNum_Pre":null,"Add_Number":6826,"AddNum_Suf":"","St_PreMod":"","St_PreDir":" ","St_PreTyp":"","St_PreSep":"","St_Name":"Monument Hill","St_PosTyp":"Road","St_PosDir":" ","St_PosMod":"","ESN":"328","Post_Comm":"Castleton","Post_Code":"05735","GlobalID":"c44d8aee-355e-4c6a-b10e-571e5919ec25","Category":"Residential"}},
{"type":"Feature","id":146947,"geometry":{"type":"Point","coordinates":[-73.1550840679582,43.6791546613582]},"properties":{"OBJECTID":146947,"ESITEID":130883,"PRIMARYNAME":"HINKLEY RD","ALIAS1":"","ALIAS2":"","ALIAS3":"","ALIAS4":"","ALIAS5":"","PRIMARYADDRESS":"1187 HINKLEY RD","SITETYPE":"Single Family Dwelling","MAPYEAR":"Thu, 01 Jan 1998 00:00:00 GMT","SITETYPE_MULTI1":"","SITETYPE_MULTI2":"","SITETYPE_MULTI3":"","YearBuilt":null,"YearBuiltSrc":null,"YearBuiltNotes":"","ResUnitCnt":1,"NonResUnitCnt":0,"DateUpdate":"Fri, 27 Jan 2023 22:18:15 GMT","County":"Rutland County","Inc_Muni":"Hubbardton","AddNum_Pre":null,"Add_Number":1187,"AddNum_Suf":"","St_PreMod":"","St_PreDir":" ","St_PreTyp":"","St_PreSep":"","St_Name":"Hinkley","St_PosTyp":"Road","St_PosDir":"","St_PosMod":"","ESN":"328","Post_Comm":"Castleton","Post_Code":"05735","GlobalID":"6f4e0eba-ae35-4bcc-b2d6-39c9c88f3019","Category":"Residential"}},
{"type":"Feature","id":351936,"geometry":{"type":"Point","coordinates":[-73.1394743192289,43.6791966213829]},"properties":{"OBJECTID":351936,"ESITEID":130884,"PRIMARYNAME":"MONUMENT HILL RD","ALIAS1":"","ALIAS2":"","ALIAS3":"","ALIAS4":"","ALIAS5":"","PRIMARYADDRESS":"6816 MONUMENT HILL RD","SITETYPE":"Mobile Home","MAPYEAR":"Thu, 01 Jan 1998 00:00:00 GMT","SITETYPE_MULTI1":"","SITETYPE_MULTI2":"","SITETYPE_MULTI3":"","YearBuilt":null,"YearBuiltSrc":null,"YearBuiltNotes":"","ResUnitCnt":1,"NonResUnitCnt":0,"DateUpdate":"Fri, 27 Jan 2023 21:21:46 GMT","County":"Rutland County","Inc_Muni":"Hubbardton","AddNum_Pre":null,"Add_Number":6816,"AddNum_Suf":"","St_PreMod":"","St_PreDir":" ","St_PreTyp":"","St_PreSep":"","St_Name":"Monument Hill","St_PosTyp":"Road","St_PosDir":" ","St_PosMod":"","ESN":"328","Post_Comm":"Castleton","Post_Code":"05735","GlobalID":"22880a86-7922-4507-b4dd-a7d42953feeb","Category":"Residential"}},
{"type":"Feature","id":185060,"geometry":{"type":"Point","coordinates":[-73.154519490522,43.6790745507853]},"properties":{"OBJECTID":185060,"ESITEID":130885,"PRIMARYNAME":"HINKLEY RD","ALIAS1":"","ALIAS2":"","ALIAS3":"","ALIAS4":"","ALIAS5":"","PRIMARYADDRESS":"1189 HINKLEY RD","SITETYPE":"Single Family Dwelling","MAPYEAR":"Thu, 01 Jan 1998 00:00:00 GMT","SITETYPE_MULTI1":"","SITETYPE_MULTI2":"","SITETYPE_MULTI3":"","YearBuilt":null,"YearBuiltSrc":null,"YearBuiltNotes":"","ResUnitCnt":1,"NonResUnitCnt":0,"DateUpdate":"Fri, 27 Jan 2023 22:18:15 GMT","County":"Rutland County","Inc_Muni":"Hubbardton","AddNum_Pre":null,"Add_Number":1189,"AddNum_Suf":"","St_PreMod":"","St_PreDir":" ","St_PreTyp":"","St_PreSep":"","St_Name":"Hinkley","St_PosTyp":"Road","St_PosDir":"","St_PosMod":"","ESN":"328","Post_Comm":"Castleton","Post_Code":"05735","GlobalID":"51ae4111-0de8-4d1c-922f-fbac29e9ef3c","Category":"Residential"}},
{"type":"Feature","id":29822,"geometry":{"type":"Point","coordinates":[-73.1388563405963,43.6788342259096]},"properties":{"OBJECTID":29822,"ESITEID":130886,"PRIMARYNAME":"MONUMENT HILL RD","ALIAS1":"","ALIAS2":"","ALIAS3":"","ALIAS4":"","ALIAS5":"","PRIMARYADDRESS":"6841 MONUMENT HILL RD","SITETYPE":"Mobile Home","MAPYEAR":"Thu, 01 Jan 1998 00:00:00 GMT","SITETYPE_MULTI1":"","SITETYPE_MULTI2":"","SITETYPE_MULTI3":"","YearBuilt":null,"YearBuiltSrc":null,"YearBuiltNotes":"","ResUnitCnt":1,"NonResUnitCnt":0,"DateUpdate":"Fri, 27 Jan 2023 21:21:46 GMT","County":"Rutland County","Inc_Muni":"Hubbardton","AddNum_Pre":null,"Add_Number":6841,"AddNum_Suf":"","St_PreMod":"","St_PreDir":" ","St_PreTyp":"","St_PreSep":"","St_Name":"Monument Hill","St_PosTyp":"Road","St_PosDir":" ","St_PosMod":"","ESN":"328","Post_Comm":"Castleton","Post_Code":"05735","GlobalID":"4fb29c4a-c19d-4ce1-a4ce-8d9e877e0dcf","Category":"Residential"}},
{"type":"Feature","id":120888,"geometry":{"type":"Point","coordinates":[-73.1389250034756,43.6784489428484]},"properties":{"OBJECTID":120888,"ESITEID":130887,"PRIMARYNAME":"MONUMENT HILL RD","ALIAS1":"","ALIAS2":"","ALIAS3":"","ALIAS4":"","ALIAS5":"","PRIMARYADDRESS":"6865 MONUMENT HILL RD","SITETYPE":"Single Family Dwelling","MAPYEAR":"Thu, 01 Jan 1998 00:00:00 GMT","SITETYPE_MULTI1":"","SITETYPE_MULTI2":"","SITETYPE_MULTI3":"","YearBuilt":null,"YearBuiltSrc":null,"YearBuiltNotes":"","ResUnitCnt":1,"NonResUnitCnt":0,"DateUpdate":"Fri, 27 Jan 2023 21:21:46 GMT","County":"Rutland County","Inc_Muni":"Hubbardton","AddNum_Pre":null,"Add_Number":6865,"AddNum_Suf":"","St_PreMod":"","St_PreDir":" ","St_PreTyp":"","St_PreSep":"","St_Name":"Monument Hill","St_PosTyp":"Road","St_PosDir":" ","St_PosMod":"","ESN":"328","Post_Comm":"Castleton","Post_Code":"05735","GlobalID":"f3dd468e-ae6c-4da7-a8f5-6c958d6cfaf5","Category":"Residential"}},
{"type":"Feature","id":56297,"geometry":{"type":"Point","coordinates":[-73.1400312673827,43.6783764636355]},"properties":{"OBJECTID":56297,"ESITEID":130888,"PRIMARYNAME":"MONUMENT HILL RD","ALIAS1":"","ALIAS2":"","ALIAS3":"","ALIAS4":"","ALIAS5":"","PRIMARYADDRESS":"6892 MONUMENT HILL RD","SITETYPE":"Single Family Dwelling","MAPYEAR":"Thu, 01 Jan 1998 00:00:00 GMT","SITETYPE_MULTI1":"","SITETYPE_MULTI2":"","SITETYPE_MULTI3":"","YearBuilt":null,"YearBuiltSrc":null,"YearBuiltNotes":"","ResUnitCnt":1,"NonResUnitCnt":0,"DateUpdate":"Fri, 27 Jan 2023 21:21:46 GMT","County":"Rutland County","Inc_Muni":"Hubbardton","AddNum_Pre":null,"Add_Number":6892,"AddNum_Suf":"","St_PreMod":"","St_PreDir":" ","St_PreTyp":"","St_PreSep":"","St_Name":"Monument Hill","St_PosTyp":"Road","St_PosDir":" ","St_PosMod":"","ESN":"328","Post_Comm":"Castleton","Post_Code":"05735","GlobalID":"65fc7c10-67c2-43ad-b7d4-2acb93bc699c","Category":"Residential"}},
{"type":"Feature","id":246457,"geometry":{"type":"Point","coordinates":[-73.1522547214481,43.6783081438736]},"properties":{"OBJECTID":246457,"ESITEID":130889,"PRIMARYNAME":"HINKLEY RD","ALIAS1":"","ALIAS2":"","ALIAS3":"","ALIAS4":"","ALIAS5":"","PRIMARYADDRESS":"1223 HINKLEY RD","SITETYPE":"Mobile Home","MAPYEAR":"Thu, 01 Jan 1998 00:00:00 GMT","SITETYPE_MULTI1":"","SITETYPE_MULTI2":"","SITETYPE_MULTI3":"","YearBuilt":null,"YearBuiltSrc":null,"YearBuiltNotes":"","ResUnitCnt":1,"NonResUnitCnt":0,"DateUpdate":"Wed, 23 Dec 2015 11:30:14 GMT","County":"Rutland County","Inc_Muni":"Hubbardton","AddNum_Pre":null,"Add_Number":1223,"AddNum_Suf":"","St_PreMod":"","St_PreDir":" ","St_PreTyp":"","St_PreSep":"","St_Name":"Hinkley","St_PosTyp":"Road","St_PosDir":"","St_PosMod":"","ESN":"328","Post_Comm":"Castleton","Post_Code":"05735","GlobalID":"16844acc-9938-4d0e-99d4-055aa2587e9f","Category":"Residential"}},
{"type":"Feature","id":116070,"geometry":{"type":"Point","coordinates":[-73.1401228189304,43.6779911776756]},"properties":{"OBJECTID":116070,"ESITEID":130890,"PRIMARYNAME":"MONUMENT HILL RD","ALIAS1":"","ALIAS2":"","ALIAS3":"","ALIAS4":"","ALIAS5":"","PRIMARYADDRESS":"6916 MONUMENT HILL RD","SITETYPE":"Single Family Dwelling","MAPYEAR":"Thu, 01 Jan 1998 00:00:00 GMT","SITETYPE_MULTI1":"","SITETYPE_MULTI2":"","SITETYPE_MULTI3":"","YearBuilt":null,"YearBuiltSrc":null,"YearBuiltNotes":"","ResUnitCnt":1,"NonResUnitCnt":0,"DateUpdate":"Fri, 27 Jan 2023 21:21:46 GMT","County":"Rutland County","Inc_Muni":"Hubbardton","AddNum_Pre":null,"Add_Number":6916,"AddNum_Suf":"","St_PreMod":"","St_PreDir":" ","St_PreTyp":"","St_PreSep":"","St_Name":"Monument Hill","St_PosTyp":"Road","St_PosDir":" ","St_PosMod":"","ESN":"328","Post_Comm":"Castleton","Post_Code":"05735","GlobalID":"f815a8bf-3144-4572-90bf-832137d10c15","Category":"Residential"}},
{"type":"Feature","id":30108,"geometry":{"type":"Point","coordinates":[-73.1392606978042,43.6777508526492]},"properties":{"OBJECTID":30108,"ESITEID":130891,"PRIMARYNAME":"MONUMENT HILL RD","ALIAS1":"","ALIAS2":"","ALIAS3":"","ALIAS4":"","ALIAS5":"","PRIMARYADDRESS":"6917 MONUMENT HILL RD","SITETYPE":"Single Family Dwelling","MAPYEAR":"Thu, 01 Jan 1998 00:00:00 GMT","SITETYPE_MULTI1":"","SITETYPE_MULTI2":"","SITETYPE_MULTI3":"","YearBuilt":null,"YearBuiltSrc":null,"YearBuiltNotes":"","ResUnitCnt":1,"NonResUnitCnt":0,"DateUpdate":"Fri, 27 Jan 2023 21:21:46 GMT","County":"Rutland County","Inc_Muni":"Hubbardton","AddNum_Pre":null,"Add_Number":6917,"AddNum_Suf":"","St_PreMod":"","St_PreDir":" ","St_PreTyp":"","St_PreSep":"","St_Name":"Monument Hill","St_PosTyp":"Road","St_PosDir":" ","St_PosMod":"","ESN":"328","Post_Comm":"Castleton","Post_Code":"05735","GlobalID":"fd0200c0-c96e-4e61-a823-b9dc5d90a452","Category":"Residential"}},
{"type":"Feature","id":189452,"geometry":{"type":"Point","coordinates":[-73.2250574409261,43.7469640032271]},"properties":{"OBJECTID":189452,"ESITEID":130892,"PRIMARYNAME":"YOUNG RD  ","ALIAS1":"","ALIAS2":"","ALIAS3":"","ALIAS4":"","ALIAS5":"","PRIMARYADDRESS":"3945 YOUNG RD","SITETYPE":"Single Family Dwelling","MAPYEAR":"Thu, 01 Jan 1998 00:00:00 GMT","SITETYPE_MULTI1":"","SITETYPE_MULTI2":"","SITETYPE_MULTI3":"","YearBuilt":null,"YearBuiltSrc":null,"YearBuiltNotes":"","ResUnitCnt":1,"NonResUnitCnt":0,"DateUpdate":"Thu, 10 Aug 2023 15:51:42 GMT","County":"Rutland County","Inc_Muni":"Hubbardton","AddNum_Pre":null,"Add_Number":3945,"AddNum_Suf":"","St_PreMod":"","St_PreDir":"","St_PreTyp":"","St_PreSep":"","St_Name":"Young","St_PosTyp":"Road","St_PosDir":"","St_PosMod":"","ESN":"328","Post_Comm":"Orwell","Post_Code":"05760","GlobalID":"4d493089-8490-423e-9f5e-990ecad7245f","Category":"Residential"}},
{"type":"Feature","id":135883,"geometry":{"type":"Point","coordinates":[-73.2242048562149,43.7459178605676]},"properties":{"OBJECTID":135883,"ESITEID":130893,"PRIMARYNAME":"YOUNG RD  ","ALIAS1":"","ALIAS2":"","ALIAS3":"","ALIAS4":"","ALIAS5":"","PRIMARYADDRESS":"4043 YOUNG RD","SITETYPE":"Single Family Dwelling","MAPYEAR":"Thu, 01 Jan 1998 00:00:00 GMT","SITETYPE_MULTI1":"","SITETYPE_MULTI2":"","SITETYPE_MULTI3":"","YearBuilt":null,"YearBuiltSrc":null,"YearBuiltNotes":"","ResUnitCnt":1,"NonResUnitCnt":0,"DateUpdate":"Thu, 10 Aug 2023 15:51:42 GMT","County":"Rutland County","Inc_Muni":"Hubbardton","AddNum_Pre":null,"Add_Number":4043,"AddNum_Suf":"","St_PreMod":"","St_PreDir":"","St_PreTyp":"","St_PreSep":"","St_Name":"Young","St_PosTyp":"Road","St_PosDir":"","St_PosMod":"","ESN":"328","Post_Comm":"Orwell","Post_Code":"05760","GlobalID":"f141ba7e-b134-4acc-b18a-2a8cc6d9e64c","Category":"Residential"}},
{"type":"Feature","id":253229,"geometry":{"type":"Point","coordinates":[-73.2234672321107,43.7467153022072]},"properties":{"OBJECTID":253229,"ESITEID":130894,"PRIMARYNAME":"YOUNG RD  ","ALIAS1":"","ALIAS2":"","ALIAS3":"","ALIAS4":"","ALIAS5":"","PRIMARYADDRESS":"4000 YOUNG RD","SITETYPE":"Mobile Home","MAPYEAR":"Thu, 01 Jan 1998 00:00:00 GMT","SITETYPE_MULTI1":"","SITETYPE_MULTI2":"","SITETYPE_MULTI3":"","YearBuilt":null,"YearBuiltSrc":null,"YearBuiltNotes":"","ResUnitCnt":1,"NonResUnitCnt":0,"DateUpdate":"Thu, 10 Aug 2023 15:51:42 GMT","County":"Rutland County","Inc_Muni":"Hubbardton","AddNum_Pre":null,"Add_Number":4000,"AddNum_Suf":"","St_PreMod":"","St_PreDir":"","St_PreTyp":"","St_PreSep":"","St_Name":"Young","St_PosTyp":"Road","St_PosDir":"","St_PosMod":"","ESN":"328","Post_Comm":"Orwell","Post_Code":"05760","GlobalID":"71e11b98-dd92-458a-89a5-cc3197f42943","Category":"Residential"}},
{"type":"Feature","id":87332,"geometry":{"type":"Point","coordinates":[-73.1997852358522,43.7486702979117]},"properties":{"OBJECTID":87332,"ESITEID":130895,"PRIMARYNAME":"GREEN MOUNTAIN VLG","ALIAS1":"","ALIAS2":"","ALIAS3":"","ALIAS4":"","ALIAS5":"","PRIMARYADDRESS":"173 GREEN MOUNTAIN VLG","SITETYPE":"Mobile Home","MAPYEAR":"Thu, 01 Jan 1998 00:00:00 GMT","SITETYPE_MULTI1":"","SITETYPE_MULTI2":"","SITETYPE_MULTI3":"","YearBuilt":null,"YearBuiltSrc":null,"YearBuiltNotes":"","ResUnitCnt":1,"NonResUnitCnt":0,"DateUpdate":"Fri, 27 Jan 2023 21:21:48 GMT","County":"Rutland County","Inc_Muni":"Hubbardton","AddNum_Pre":null,"Add_Number":173,"AddNum_Suf":"","St_PreMod":"","St_PreDir":" ","St_PreTyp":"","St_PreSep":"","St_Name":"Green Mountain","St_PosTyp":"Village","St_PosDir":"","St_PosMod":"","ESN":"328","Post_Comm":"Brandon","Post_Code":"05733","GlobalID":"32f6e62b-06ff-4aac-96b0-c5bb696f9b97","Category":"Residential"}},
{"type":"Feature","id":241148,"geometry":{"type":"Point","coordinates":[-73.1999922669626,43.7484838311115]},"properties":{"OBJECTID":241148,"ESITEID":130896,"PRIMARYNAME":"GREEN MOUNTAIN VLG","ALIAS1":"","ALIAS2":"","ALIAS3":"","ALIAS4":"","ALIAS5":"","PRIMARYADDRESS":"175 GREEN MOUNTAIN VLG","SITETYPE":"Single Family Dwelling","MAPYEAR":"Thu, 01 Jan 1998 00:00:00 GMT","SITETYPE_MULTI1":"","SITETYPE_MULTI2":"","SITETYPE_MULTI3":"","YearBuilt":null,"YearBuiltSrc":null,"YearBuiltNotes":"","ResUnitCnt":1,"NonResUnitCnt":0,"DateUpdate":"Fri, 27 Jan 2023 21:21:48 GMT","County":"Rutland County","Inc_Muni":"Hubbardton","AddNum_Pre":null,"Add_Number":175,"AddNum_Suf":"","St_PreMod":"","St_PreDir":" ","St_PreTyp":"","St_PreSep":"","St_Name":"Green Mountain","St_PosTyp":"Village","St_PosDir":"","St_PosMod":"","ESN":"328","Post_Comm":"Brandon","Post_Code":"05733","GlobalID":"0e748491-3d59-4a2c-b32f-a961c58eb943","Category":"Residential"}},
{"type":"Feature","id":101523,"geometry":{"type":"Point","coordinates":[-73.1703513510447,43.7073233706907]},"properties":{"OBJECTID":101523,"ESITEID":130897,"PRIMARYNAME":"WOODS RD  ","ALIAS1":"","ALIAS2":"","ALIAS3":"","ALIAS4":"","ALIAS5":"","PRIMARYADDRESS":"85 WOODS RD","SITETYPE":"Mobile Home","MAPYEAR":"Thu, 01 Jan 1998 00:00:00 GMT","SITETYPE_MULTI1":"","SITETYPE_MULTI2":"","SITETYPE_MULTI3":"","YearBuilt":null,"YearBuiltSrc":null,"YearBuiltNotes":"","ResUnitCnt":1,"NonResUnitCnt":0,"DateUpdate":"Fri, 27 Jan 2023 22:18:14 GMT","County":"Rutland County","Inc_Muni":"Hubbardton","AddNum_Pre":null,"Add_Number":85,"AddNum_Suf":"","St_PreMod":"","St_PreDir":"","St_PreTyp":"","St_PreSep":"","St_Name":"Woods","St_PosTyp":"Road","St_PosDir":"","St_PosMod":"","ESN":"328","Post_Comm":"Castleton","Post_Code":"05735","GlobalID":"78d022a7-93e9-4cb5-87da-0652f5222e98","Category":"Residential"}},
{"type":"Feature","id":281880,"geometry":{"type":"Point","coordinates":[-73.1851133743885,43.7057354754481]},"properties":{"OBJECTID":281880,"ESITEID":130898,"PRIMARYNAME":"VT ROUTE 30","ALIAS1":"","ALIAS2":"","ALIAS3":"","ALIAS4":"","ALIAS5":"","PRIMARYADDRESS":"1921 VT ROUTE 30","SITETYPE":"Communication Box","MAPYEAR":"Thu, 01 Jan 1998 00:00:00 GMT","SITETYPE_MULTI1":"","SITETYPE_MULTI2":"","SITETYPE_MULTI3":"","YearBuilt":null,"YearBuiltSrc":null,"YearBuiltNotes":"","ResUnitCnt":1,"NonResUnitCnt":0,"DateUpdate":"Tue, 15 Jul 2025 10:43:12 GMT","County":"Rutland County","Inc_Muni":"Hubbardton","AddNum_Pre":null,"Add_Number":1921,"AddNum_Suf":"","St_PreMod":"","St_PreDir":"","St_PreTyp":"Vermont Route","St_PreSep":"","St_Name":"30","St_PosTyp":"","St_PosDir":"","St_PosMod":"","ESN":"328","Post_Comm":"Bomoseen","Post_Code":"05732","GlobalID":"69b66615-5aab-4c23-834f-20fcb359ab89","Category":"Utility"}},
{"type":"Feature","id":92744,"geometry":{"type":"Point","coordinates":[-73.1301617065491,43.7077335402394]},"properties":{"OBJECTID":92744,"ESITEID":130899,"PRIMARYNAME":"BIDDIE KNOB RD  ","ALIAS1":"","ALIAS2":"","ALIAS3":"","ALIAS4":"","ALIAS5":"","PRIMARYADDRESS":"72 BIDDIE KNOB RD","SITETYPE":"Single Family Dwelling","MAPYEAR":"Thu, 01 Jan 1998 00:00:00 GMT","SITETYPE_MULTI1":"","SITETYPE_MULTI2":"","SITETYPE_MULTI3":"","YearBuilt":null,"YearBuiltSrc":null,"YearBuiltNotes":"","ResUnitCnt":1,"NonResUnitCnt":0,"DateUpdate":"Fri, 26 Feb 2016 11:36:52 GMT","County":"Rutland County","Inc_Muni":"Hubbardton","AddNum_Pre":null,"Add_Number":72,"AddNum_Suf":"","St_PreMod":"","St_PreDir":"","St_PreTyp":"","St_PreSep":"","St_Name":"Biddie Knob","St_PosTyp":"Road","St_PosDir":"","St_PosMod":"","ESN":"328","Post_Comm":"Castleton","Post_Code":"05735","GlobalID":"719f22f6-6b93-4c9a-80a2-2cde7578f679","Category":"Residential"}},
{"type":"Feature","id":56148,"geometry":{"type":"Point","coordinates":[-73.1265332099153,43.7120592514813]},"properties":{"OBJECTID":56148,"ESITEID":130900,"PRIMARYNAME":"BIDDIE KNOB RD  ","ALIAS1":"","ALIAS2":"","ALIAS3":"","ALIAS4":"","ALIAS5":"","PRIMARYADDRESS":"311 BIDDIE KNOB RD","SITETYPE":"Single Family Dwelling","MAPYEAR":"Thu, 01 Jan 1998 00:00:00 GMT","SITETYPE_MULTI1":"","SITETYPE_MULTI2":"","SITETYPE_MULTI3":"","YearBuilt":null,"YearBuiltSrc":null,"YearBuiltNotes":"","ResUnitCnt":1,"NonResUnitCnt":0,"DateUpdate":"Fri, 27 Jan 2023 22:17:58 GMT","County":"Rutland County","Inc_Muni":"Hubbardton","AddNum_Pre":null,"Add_Number":311,"AddNum_Suf":"","St_PreMod":"","St_PreDir":"","St_PreTyp":"","St_PreSep":"","St_Name":"Biddie Knob","St_PosTyp":"Road","St_PosDir":"","St_PosMod":"","ESN":"328","Post_Comm":"Castleton","Post_Code":"05735","GlobalID":"ad2100d9-4ea3-4a45-8df3-c930662f2b64","Category":"Residential"}},
{"type":"Feature","id":67414,"geometry":{"type":"Point","coordinates":[-73.1944571694385,43.6849766444758]},"properties":{"OBJECTID":67414,"ESITEID":130901,"PRIMARYNAME":"LEDGEMERE PT  ","ALIAS1":"","ALIAS2":"","ALIAS3":"","ALIAS4":"","ALIAS5":"","PRIMARYADDRESS":"509 LEDGEMERE PT","SITETYPE":"Camp","MAPYEAR":"Thu, 01 Jan 1998 00:00:00 GMT","SITETYPE_MULTI1":"","SITETYPE_MULTI2":"","SITETYPE_MULTI3":"","YearBuilt":null,"YearBuiltSrc":null,"YearBuiltNotes":"","ResUnitCnt":1,"NonResUnitCnt":0,"DateUpdate":"Thu, 10 Aug 2023 16:27:48 GMT","County":"Rutland County","Inc_Muni":"Hubbardton","AddNum_Pre":null,"Add_Number":509,"AddNum_Suf":"","St_PreMod":"","St_PreDir":"","St_PreTyp":"","St_PreSep":"","St_Name":"Ledgemere","St_PosTyp":"Point","St_PosDir":"","St_PosMod":"","ESN":"328","Post_Comm":"Bomoseen","Post_Code":"05732","GlobalID":"295fa1e6-c5d6-4f8e-9a48-456c81e70593","Category":"Residential"}},
{"type":"Feature","id":222021,"geometry":{"type":"Point","coordinates":[-73.1363847969427,43.6892549135643]},"properties":{"OBJECTID":222021,"ESITEID":130902,"PRIMARYNAME":"MONUMENT HILL RD","ALIAS1":"","ALIAS2":"","ALIAS3":"","ALIAS4":"","ALIAS5":"","PRIMARYADDRESS":"6119 MONUMENT HILL RD","SITETYPE":"Mobile Home","MAPYEAR":"Thu, 01 Jan 1998 00:00:00 GMT","SITETYPE_MULTI1":"","SITETYPE_MULTI2":"","SITETYPE_MULTI3":"","YearBuilt":null,"YearBuiltSrc":null,"YearBuiltNotes":"","ResUnitCnt":1,"NonResUnitCnt":0,"DateUpdate":"Fri, 27 Jan 2023 21:21:46 GMT","County":"Rutland County","Inc_Muni":"Hubbardton","AddNum_Pre":null,"Add_Number":6119,"AddNum_Suf":"","St_PreMod":"","St_PreDir":" ","St_PreTyp":"","St_PreSep":"","St_Name":"Monument Hill","St_PosTyp":"Road","St_PosDir":" ","St_PosMod":"","ESN":"328","Post_Comm":"Castleton","Post_Code":"05735","GlobalID":"3902f927-70db-47f9-bfbb-e80f49374a51","Category":"Residential"}},
{"type":"Feature","id":65262,"geometry":{"type":"Point","coordinates":[-73.2089224495143,43.7492950882474]},"properties":{"OBJECTID":65262,"ESITEID":130903,"PRIMARYNAME":"PHILLIPS DR","ALIAS1":"","ALIAS2":"","ALIAS3":"","ALIAS4":"","ALIAS5":"","PRIMARYADDRESS":"248 PHILLIPS DR","SITETYPE":"Camp","MAPYEAR":"Thu, 01 Jan 1998 00:00:00 GMT","SITETYPE_MULTI1":"","SITETYPE_MULTI2":"","SITETYPE_MULTI3":"","YearBuilt":null,"YearBuiltSrc":null,"YearBuiltNotes":"","ResUnitCnt":1,"NonResUnitCnt":0,"DateUpdate":"Thu, 04 May 2023 16:10:52 GMT","County":"Rutland County","Inc_Muni":"Hubbardton","AddNum_Pre":null,"Add_Number":248,"AddNum_Suf":"","St_PreMod":"","St_PreDir":"","St_PreTyp":"","St_PreSep":"","St_Name":"Phillips","St_PosTyp":"Drive","St_PosDir":"","St_PosMod":"","ESN":"328","Post_Comm":"Brandon","Post_Code":"05733","GlobalID":"15d63361-c47e-4038-a0f9-fad524d995cd","Category":"Residential"}},
{"type":"Feature","id":294087,"geometry":{"type":"Point","coordinates":[-73.203659541053,43.747941650599]},"properties":{"OBJECTID":294087,"ESITEID":130904,"PRIMARYNAME":"DUBOFF LN","ALIAS1":"","ALIAS2":"","ALIAS3":"","ALIAS4":"","ALIAS5":"","PRIMARYADDRESS":"255 DUBOFF LN","SITETYPE":"Single Family Dwelling","MAPYEAR":"Thu, 01 Jan 1998 00:00:00 GMT","SITETYPE_MULTI1":"","SITETYPE_MULTI2":"","SITETYPE_MULTI3":"","YearBuilt":null,"YearBuiltSrc":null,"YearBuiltNotes":"","ResUnitCnt":1,"NonResUnitCnt":0,"DateUpdate":"Thu, 10 Aug 2023 15:52:06 GMT","County":"Rutland County","Inc_Muni":"Hubbardton","AddNum_Pre":null,"Add_Number":255,"AddNum_Suf":"","St_PreMod":"","St_PreDir":"","St_PreTyp":"","St_PreSep":"","St_Name":"Duboff","St_PosTyp":"Lane","St_PosDir":"","St_PosMod":"","ESN":"328","Post_Comm":"Brandon","Post_Code":"05733","GlobalID":"9a77148c-9484-4abf-a55d-7b8a0e2dc8d0","Category":"Residential"}},
{"type":"Feature","id":134539,"geometry":{"type":"Point","coordinates":[-73.1931645726757,43.74570459853]},"properties":{"OBJECTID":134539,"ESITEID":130905,"PRIMARYNAME":"CAMP RD  ","ALIAS1":"","ALIAS2":"","ALIAS3":"","ALIAS4":"","ALIAS5":"","PRIMARYADDRESS":"325 CAMP RD","SITETYPE":"Single Family Dwelling","MAPYEAR":"Thu, 01 Jan 1998 00:00:00 GMT","SITETYPE_MULTI1":"","SITETYPE_MULTI2":"","SITETYPE_MULTI3":"","YearBuilt":null,"YearBuiltSrc":null,"YearBuiltNotes":"","ResUnitCnt":1,"NonResUnitCnt":0,"DateUpdate":"Fri, 26 Feb 2016 11:36:52 GMT","County":"Rutland County","Inc_Muni":"Hubbardton","AddNum_Pre":null,"Add_Number":325,"AddNum_Suf":"","St_PreMod":"","St_PreDir":"","St_PreTyp":"","St_PreSep":"","St_Name":"Camp","St_PosTyp":"Road","St_PosDir":"","St_PosMod":"","ESN":"328","Post_Comm":"Brandon","Post_Code":"05733","GlobalID":"3127303c-3ae8-4c83-815c-0afd6c9152d7","Category":"Residential"}},
{"type":"Feature","id":15545,"geometry":{"type":"Point","coordinates":[-73.1857487271751,43.7491316100412]},"properties":{"OBJECTID":15545,"ESITEID":130906,"PRIMARYNAME":"DELANCEY RD  ","ALIAS1":"","ALIAS2":"","ALIAS3":"","ALIAS4":"","ALIAS5":"","PRIMARYADDRESS":"89 DELANCEY RD","SITETYPE":"Single Family Dwelling","MAPYEAR":"Thu, 01 Jan 1998 00:00:00 GMT","SITETYPE_MULTI1":"","SITETYPE_MULTI2":"","SITETYPE_MULTI3":"","YearBuilt":null,"YearBuiltSrc":null,"YearBuiltNotes":"","ResUnitCnt":1,"NonResUnitCnt":0,"DateUpdate":"Fri, 27 Jan 2023 22:17:57 GMT","County":"Rutland County","Inc_Muni":"Hubbardton","AddNum_Pre":null,"Add_Number":89,"AddNum_Suf":"","St_PreMod":"","St_PreDir":"","St_PreTyp":"","St_PreSep":"","St_Name":"Delancey","St_PosTyp":"Road","St_PosDir":"","St_PosMod":"","ESN":"328","Post_Comm":"Brandon","Post_Code":"05733","GlobalID":"8e2e68ca-7beb-448c-afca-5e16a612b70f","Category":"Residential"}},
{"type":"Feature","id":107617,"geometry":{"type":"Point","coordinates":[-73.227020006853,43.7086056402573]},"properties":{"OBJECTID":107617,"ESITEID":130907,"PRIMARYNAME":"BLACK POND RD","ALIAS1":"","ALIAS2":"","ALIAS3":"","ALIAS4":"","ALIAS5":"","PRIMARYADDRESS":"934 BLACK POND RD","SITETYPE":"Single Family Dwelling","MAPYEAR":"Thu, 01 Jan 1998 00:00:00 GMT","SITETYPE_MULTI1":"","SITETYPE_MULTI2":"","SITETYPE_MULTI3":"","YearBuilt":null,"YearBuiltSrc":null,"YearBuiltNotes":"","ResUnitCnt":1,"NonResUnitCnt":0,"DateUpdate":"Fri, 27 Jan 2023 21:21:43 GMT","County":"Rutland County","Inc_Muni":"Hubbardton","AddNum_Pre":null,"Add_Number":934,"AddNum_Suf":"","St_PreMod":"","St_PreDir":" ","St_PreTyp":"","St_PreSep":"","St_Name":"Black Pond","St_PosTyp":"Road","St_PosDir":" ","St_PosMod":"","ESN":"328","Post_Comm":"Fair Haven","Post_Code":"05743","GlobalID":"655722a9-6025-42e5-8afd-995ffe9ec4ba","Category":"Residential"}},
{"type":"Feature","id":347662,"geometry":{"type":"Point","coordinates":[-73.184615302428,43.7129461450101]},"properties":{"OBJECTID":347662,"ESITEID":130908,"PRIMARYNAME":"VT ROUTE 30","ALIAS1":"","ALIAS2":"","ALIAS3":"","ALIAS4":"","ALIAS5":"","PRIMARYADDRESS":"2386 VT ROUTE 30","SITETYPE":"Mobile Home","MAPYEAR":"Thu, 01 Jan 1998 00:00:00 GMT","SITETYPE_MULTI1":"","SITETYPE_MULTI2":"","SITETYPE_MULTI3":"","YearBuilt":null,"YearBuiltSrc":null,"YearBuiltNotes":"","ResUnitCnt":1,"NonResUnitCnt":0,"DateUpdate":"Thu, 13 Jun 2024 13:03:47 GMT","County":"Rutland County","Inc_Muni":"Hubbardton","AddNum_Pre":null,"Add_Number":2386,"AddNum_Suf":"","St_PreMod":"","St_PreDir":"","St_PreTyp":"Vermont Route","St_PreSep":"","St_Name":"30","St_PosTyp":"","St_PosDir":"","St_PosMod":"","ESN":"328","Post_Comm":"Bomoseen","Post_Code":"05732","GlobalID":"214ab42d-cca2-426f-85f9-398e2a654dc5","Category":"Residential"}},
{"type":"Feature","id":137743,"geometry":{"type":"Point","coordinates":[-73.1519334650286,43.6938846727649]},"properties":{"OBJECTID":137743,"ESITEID":130909,"PRIMARYNAME":"SAINT JOHN RD","ALIAS1":"","ALIAS2":"","ALIAS3":"","ALIAS4":"","ALIAS5":"","PRIMARYADDRESS":"674 SAINT JOHN RD","SITETYPE":"Single Family Dwelling","MAPYEAR":"Thu, 01 Jan 1998 00:00:00 GMT","SITETYPE_MULTI1":"","SITETYPE_MULTI2":"","SITETYPE_MULTI3":"","YearBuilt":null,"YearBuiltSrc":null,"YearBuiltNotes":"","ResUnitCnt":1,"NonResUnitCnt":0,"DateUpdate":"Fri, 27 Jan 2023 22:18:14 GMT","County":"Rutland County","Inc_Muni":"Hubbardton","AddNum_Pre":null,"Add_Number":674,"AddNum_Suf":"","St_PreMod":"","St_PreDir":" ","St_PreTyp":"","St_PreSep":"","St_Name":"Saint John","St_PosTyp":"Road","St_PosDir":"","St_PosMod":"","ESN":"328","Post_Comm":"Castleton","Post_Code":"05735","GlobalID":"058e26c9-f4de-49e0-ab7d-7ade95e33c96","Category":"Residential"}},
{"type":"Feature","id":352597,"geometry":{"type":"Point","coordinates":[-73.1497769368806,43.6929386895066]},"properties":{"OBJECTID":352597,"ESITEID":130910,"PRIMARYNAME":"SAINT JOHN RD","ALIAS1":"","ALIAS2":"","ALIAS3":"","ALIAS4":"","ALIAS5":"","PRIMARYADDRESS":"579 SAINT JOHN RD","SITETYPE":"Mobile Home","MAPYEAR":"Thu, 01 Jan 1998 00:00:00 GMT","SITETYPE_MULTI1":"","SITETYPE_MULTI2":"","SITETYPE_MULTI3":"","YearBuilt":null,"YearBuiltSrc":null,"YearBuiltNotes":"","ResUnitCnt":1,"NonResUnitCnt":0,"DateUpdate":"Tue, 23 Jan 2024 21:29:28 GMT","County":"Rutland County","Inc_Muni":"Hubbardton","AddNum_Pre":"","Add_Number":579,"AddNum_Suf":"","St_PreMod":"","St_PreDir":" ","St_PreTyp":"","St_PreSep":"","St_Name":"Saint John","St_PosTyp":"Road","St_PosDir":"","St_PosMod":"","ESN":"328","Post_Comm":"Castleton","Post_Code":"05735","GlobalID":"ea548075-c228-4ead-88d1-880598b9da02","Category":"Residential"}},
{"type":"Feature","id":301730,"geometry":{"type":"Point","coordinates":[-73.1847301318055,43.6885383437613]},"properties":{"OBJECTID":301730,"ESITEID":130911,"PRIMARYNAME":"VT ROUTE 30","ALIAS1":"","ALIAS2":"","ALIAS3":"","ALIAS4":"","ALIAS5":"","PRIMARYADDRESS":"702 VT ROUTE 30","SITETYPE":"Mobile Home","MAPYEAR":"Thu, 01 Jan 1998 00:00:00 GMT","SITETYPE_MULTI1":"","SITETYPE_MULTI2":"","SITETYPE_MULTI3":"","YearBuilt":null,"YearBuiltSrc":null,"YearBuiltNotes":"","ResUnitCnt":1,"NonResUnitCnt":0,"DateUpdate":"Thu, 13 Jun 2024 13:29:27 GMT","County":"Rutland County","Inc_Muni":"Hubbardton","AddNum_Pre":null,"Add_Number":702,"AddNum_Suf":"","St_PreMod":"","St_PreDir":"","St_PreTyp":"Vermont Route","St_PreSep":"","St_Name":"30","St_PosTyp":"","St_PosDir":"","St_PosMod":"","ESN":"328","Post_Comm":"Bomoseen","Post_Code":"05732","GlobalID":"e6cc5bf7-78c7-4a35-9387-20d2a53b282a","Category":"Residential"}},
{"type":"Feature","id":27910,"geometry":{"type":"Point","coordinates":[-73.1929700549045,43.6815888818621]},"properties":{"OBJECTID":27910,"ESITEID":130912,"PRIMARYNAME":"LEDGEMERE PT  ","ALIAS1":"","ALIAS2":"","ALIAS3":"","ALIAS4":"","ALIAS5":"","PRIMARYADDRESS":"128 LEDGEMERE PT","SITETYPE":"Single Family Dwelling","MAPYEAR":"Thu, 01 Jan 1998 00:00:00 GMT","SITETYPE_MULTI1":"","SITETYPE_MULTI2":"","SITETYPE_MULTI3":"","YearBuilt":null,"YearBuiltSrc":null,"YearBuiltNotes":"","ResUnitCnt":1,"NonResUnitCnt":0,"DateUpdate":"Thu, 10 Aug 2023 16:27:48 GMT","County":"Rutland County","Inc_Muni":"Hubbardton","AddNum_Pre":null,"Add_Number":128,"AddNum_Suf":"","St_PreMod":"","St_PreDir":"","St_PreTyp":"","St_PreSep":"","St_Name":"Ledgemere","St_PosTyp":"Point","St_PosDir":"","St_PosMod":"","ESN":"328","Post_Comm":"Bomoseen","Post_Code":"05732","GlobalID":"6f3054a6-d60d-427f-a0bf-c6eaaac40a9d","Category":"Residential"}},
{"type":"Feature","id":165065,"geometry":{"type":"Point","coordinates":[-73.1379799717819,43.6772767092006]},"properties":{"OBJECTID":165065,"ESITEID":130913,"PRIMARYNAME":"MONUMENT HILL RD","ALIAS1":"","ALIAS2":"","ALIAS3":"","ALIAS4":"","ALIAS5":"","PRIMARYADDRESS":"6961 MONUMENT HILL RD","SITETYPE":"Single Family Dwelling","MAPYEAR":"Thu, 01 Jan 1998 00:00:00 GMT","SITETYPE_MULTI1":"","SITETYPE_MULTI2":"","SITETYPE_MULTI3":"","YearBuilt":null,"YearBuiltSrc":null,"YearBuiltNotes":"","ResUnitCnt":1,"NonResUnitCnt":0,"DateUpdate":"Fri, 27 Jan 2023 21:21:46 GMT","County":"Rutland County","Inc_Muni":"Hubbardton","AddNum_Pre":null,"Add_Number":6961,"AddNum_Suf":"","St_PreMod":"","St_PreDir":" ","St_PreTyp":"","St_PreSep":"","St_Name":"Monument Hill","St_PosTyp":"Road","St_PosDir":" ","St_PosMod":"","ESN":"328","Post_Comm":"Castleton","Post_Code":"05735","GlobalID":"a4694a50-8579-485a-a300-ec728e2c835d","Category":"Residential"}},
{"type":"Feature","id":220648,"geometry":{"type":"Point","coordinates":[-73.13708890318,43.6772436510746]},"properties":{"OBJECTID":220648,"ESITEID":130914,"PRIMARYNAME":"MONUMENT HILL RD","ALIAS1":"","ALIAS2":"","ALIAS3":"","ALIAS4":"","ALIAS5":"","PRIMARYADDRESS":"6963 MONUMENT HILL RD","SITETYPE":"Single Family Dwelling","MAPYEAR":"Thu, 01 Jan 1998 00:00:00 GMT","SITETYPE_MULTI1":"","SITETYPE_MULTI2":"","SITETYPE_MULTI3":"","YearBuilt":null,"YearBuiltSrc":null,"YearBuiltNotes":"","ResUnitCnt":1,"NonResUnitCnt":0,"DateUpdate":"Fri, 27 Jan 2023 21:21:46 GMT","County":"Rutland County","Inc_Muni":"Hubbardton","AddNum_Pre":null,"Add_Number":6963,"AddNum_Suf":"","St_PreMod":"","St_PreDir":" ","St_PreTyp":"","St_PreSep":"","St_Name":"Monument Hill","St_PosTyp":"Road","St_PosDir":" ","St_PosMod":"","ESN":"328","Post_Comm":"Castleton","Post_Code":"05735","GlobalID":"f416d173-957d-4e95-9db6-5910459b3d64","Category":"Residential"}},
{"type":"Feature","id":186427,"geometry":{"type":"Point","coordinates":[-73.2191606851541,43.7389300887004]},"properties":{"OBJECTID":186427,"ESITEID":130915,"PRIMARYNAME":"MEADOW LN  ","ALIAS1":"","ALIAS2":"","ALIAS3":"","ALIAS4":"","ALIAS5":"","PRIMARYADDRESS":"170 MEADOW LN","SITETYPE":"Single Family Dwelling","MAPYEAR":"Thu, 01 Jan 1998 00:00:00 GMT","SITETYPE_MULTI1":"","SITETYPE_MULTI2":"","SITETYPE_MULTI3":"","YearBuilt":null,"YearBuiltSrc":null,"YearBuiltNotes":"","ResUnitCnt":1,"NonResUnitCnt":0,"DateUpdate":"Fri, 27 Jan 2023 21:32:30 GMT","County":"Rutland County","Inc_Muni":"Hubbardton","AddNum_Pre":null,"Add_Number":170,"AddNum_Suf":"","St_PreMod":"","St_PreDir":" ","St_PreTyp":"","St_PreSep":"","St_Name":"Meadow","St_PosTyp":"Lane","St_PosDir":" ","St_PosMod":"","ESN":"328","Post_Comm":"Fair Haven","Post_Code":"05743","GlobalID":"fd91c6a5-9803-46ca-b443-76ae43ba69d2","Category":"Residential"}},
{"type":"Feature","id":263183,"geometry":{"type":"Point","coordinates":[-73.2102769427586,43.7477403967235]},"properties":{"OBJECTID":263183,"ESITEID":130916,"PRIMARYNAME":"TIPTOP DR","ALIAS1":"","ALIAS2":"","ALIAS3":"","ALIAS4":"","ALIAS5":"","PRIMARYADDRESS":"25 TIPTOP DR","SITETYPE":"Accessory Building","MAPYEAR":"Thu, 01 Jan 1998 00:00:00 GMT","SITETYPE_MULTI1":"","SITETYPE_MULTI2":"","SITETYPE_MULTI3":"","YearBuilt":null,"YearBuiltSrc":null,"YearBuiltNotes":"","ResUnitCnt":1,"NonResUnitCnt":0,"DateUpdate":"Wed, 02 Jul 2025 21:57:34 GMT","County":"Rutland County","Inc_Muni":"Hubbardton","AddNum_Pre":null,"Add_Number":25,"AddNum_Suf":"","St_PreMod":"","St_PreDir":"","St_PreTyp":"","St_PreSep":"","St_Name":"Tiptop","St_PosTyp":"Drive","St_PosDir":"","St_PosMod":"","ESN":"328","Post_Comm":"Brandon","Post_Code":"05733","GlobalID":"b3555da6-8ccc-435c-88de-44a35c28eb40","Category":"Residential"}},
{"type":"Feature","id":296584,"geometry":{"type":"Point","coordinates":[-73.191401097352,43.748527288446]},"properties":{"OBJECTID":296584,"ESITEID":130917,"PRIMARYNAME":"CAMP RD  ","ALIAS1":"","ALIAS2":"","ALIAS3":"","ALIAS4":"","ALIAS5":"","PRIMARYADDRESS":"36 CAMP RD","SITETYPE":"Single Family Dwelling","MAPYEAR":"Thu, 01 Jan 1998 00:00:00 GMT","SITETYPE_MULTI1":"","SITETYPE_MULTI2":"","SITETYPE_MULTI3":"","YearBuilt":null,"YearBuiltSrc":null,"YearBuiltNotes":"","ResUnitCnt":1,"NonResUnitCnt":0,"DateUpdate":"Fri, 27 Jan 2023 22:17:57 GMT","County":"Rutland County","Inc_Muni":"Hubbardton","AddNum_Pre":null,"Add_Number":36,"AddNum_Suf":"","St_PreMod":"","St_PreDir":"","St_PreTyp":"","St_PreSep":"","St_Name":"Camp","St_PosTyp":"Road","St_PosDir":"","St_PosMod":"","ESN":"328","Post_Comm":"Brandon","Post_Code":"05733","GlobalID":"d7100567-fc23-49d7-9daa-a863c7fc52b6","Category":"Residential"}},
{"type":"Feature","id":83806,"geometry":{"type":"Point","coordinates":[-73.1355919607093,43.7403743740975]},"properties":{"OBJECTID":83806,"ESITEID":130918,"PRIMARYNAME":"HIGH POND RD  ","ALIAS1":"","ALIAS2":"","ALIAS3":"","ALIAS4":"","ALIAS5":"","PRIMARYADDRESS":"1379 HIGH POND RD","SITETYPE":"Snowsport Facility","MAPYEAR":"Thu, 07 Jul 2005 00:00:00 GMT","SITETYPE_MULTI1":"","SITETYPE_MULTI2":"","SITETYPE_MULTI3":"","YearBuilt":null,"YearBuiltSrc":null,"YearBuiltNotes":"","ResUnitCnt":1,"NonResUnitCnt":0,"DateUpdate":"Fri, 27 Jan 2023 22:17:58 GMT","County":"Rutland County","Inc_Muni":"Hubbardton","AddNum_Pre":null,"Add_Number":1379,"AddNum_Suf":"","St_PreMod":"","St_PreDir":"","St_PreTyp":"","St_PreSep":"","St_Name":"High Pond","St_PosTyp":"Road","St_PosDir":"","St_PosMod":"","ESN":"328","Post_Comm":"Brandon","Post_Code":"05733","GlobalID":"c0ab2fd7-88c5-4134-b944-e2a6cf559bbd","Category":"Commercial"}},
{"type":"Feature","id":243578,"geometry":{"type":"Point","coordinates":[-73.2222217366731,43.7236850884731]},"properties":{"OBJECTID":243578,"ESITEID":130920,"PRIMARYNAME":"HORTONIA RD  ","ALIAS1":"","ALIAS2":"","ALIAS3":"","ALIAS4":"","ALIAS5":"","PRIMARYADDRESS":"2347 HORTONIA RD","SITETYPE":"Residential Other","MAPYEAR":"Thu, 07 Jul 2005 00:00:00 GMT","SITETYPE_MULTI1":"","SITETYPE_MULTI2":"","SITETYPE_MULTI3":"","YearBuilt":null,"YearBuiltSrc":null,"YearBuiltNotes":"","ResUnitCnt":1,"NonResUnitCnt":0,"DateUpdate":"Fri, 27 Jan 2023 22:17:59 GMT","County":"Rutland County","Inc_Muni":"Hubbardton","AddNum_Pre":null,"Add_Number":2347,"AddNum_Suf":"","St_PreMod":"","St_PreDir":" ","St_PreTyp":"","St_PreSep":"","St_Name":"Hortonia","St_PosTyp":"Road","St_PosDir":" ","St_PosMod":"","ESN":"328","Post_Comm":"Fair Haven","Post_Code":"05743","GlobalID":"4b66ccfb-58fd-48f4-8047-717c924d7db6","Category":"Residential"}},
{"type":"Feature","id":134441,"geometry":{"type":"Point","coordinates":[-73.1975567870195,43.7172987858097]},"properties":{"OBJECTID":134441,"ESITEID":130921,"PRIMARYNAME":"TWO PONDS RD","ALIAS1":"","ALIAS2":"","ALIAS3":"","ALIAS4":"","ALIAS5":"","PRIMARYADDRESS":"29 TWO PONDS RD","SITETYPE":"Mobile Home","MAPYEAR":"Thu, 01 Jan 1998 00:00:00 GMT","SITETYPE_MULTI1":"","SITETYPE_MULTI2":"","SITETYPE_MULTI3":"","YearBuilt":null,"YearBuiltSrc":null,"YearBuiltNotes":"","ResUnitCnt":1,"NonResUnitCnt":0,"DateUpdate":"Fri, 27 Jan 2023 21:21:49 GMT","County":"Rutland County","Inc_Muni":"Hubbardton","AddNum_Pre":null,"Add_Number":29,"AddNum_Suf":"","St_PreMod":"","St_PreDir":" ","St_PreTyp":"","St_PreSep":"","St_Name":"Two Ponds","St_PosTyp":"Road","St_PosDir":" ","St_PosMod":"","ESN":"328","Post_Comm":"Fair Haven","Post_Code":"05743","GlobalID":"c89814e7-7499-44dc-900b-bbfbf5c1795a","Category":"Residential"}},
{"type":"Feature","id":271510,"geometry":{"type":"Point","coordinates":[-73.223898732534,43.7121135895499]},"properties":{"OBJECTID":271510,"ESITEID":130922,"PRIMARYNAME":"BLACK POND RD","ALIAS1":"","ALIAS2":"","ALIAS3":"","ALIAS4":"","ALIAS5":"","PRIMARYADDRESS":"750 BLACK POND RD","SITETYPE":"Mobile Home","MAPYEAR":"Thu, 01 Jan 1998 00:00:00 GMT","SITETYPE_MULTI1":"","SITETYPE_MULTI2":"","SITETYPE_MULTI3":"","YearBuilt":null,"YearBuiltSrc":null,"YearBuiltNotes":"","ResUnitCnt":1,"NonResUnitCnt":0,"DateUpdate":"Fri, 27 Jan 2023 21:21:43 GMT","County":"Rutland County","Inc_Muni":"Hubbardton","AddNum_Pre":null,"Add_Number":750,"AddNum_Suf":"","St_PreMod":"","St_PreDir":" ","St_PreTyp":"","St_PreSep":"","St_Name":"Black Pond","St_PosTyp":"Road","St_PosDir":" ","St_PosMod":"","ESN":"328","Post_Comm":"Fair Haven","Post_Code":"05743","GlobalID":"637b2c68-bee8-4eb8-a437-ce7facfb5614","Category":"Residential"}},
{"type":"Feature","id":138098,"geometry":{"type":"Point","coordinates":[-73.1679713342693,43.7289840389934]},"properties":{"OBJECTID":138098,"ESITEID":130923,"PRIMARYNAME":"MONUMENT HILL RD","ALIAS1":"","ALIAS2":"","ALIAS3":"","ALIAS4":"","ALIAS5":"","PRIMARYADDRESS":"2349 MONUMENT HILL RD","SITETYPE":"Camp","MAPYEAR":"Thu, 01 Jan 1998 00:00:00 GMT","SITETYPE_MULTI1":"","SITETYPE_MULTI2":"","SITETYPE_MULTI3":"","YearBuilt":null,"YearBuiltSrc":null,"YearBuiltNotes":"","ResUnitCnt":1,"NonResUnitCnt":0,"DateUpdate":"Thu, 10 Aug 2023 16:27:12 GMT","County":"Rutland County","Inc_Muni":"Hubbardton","AddNum_Pre":null,"Add_Number":2349,"AddNum_Suf":"","St_PreMod":"","St_PreDir":"","St_PreTyp":"","St_PreSep":"","St_Name":"Monument Hill","St_PosTyp":"Road","St_PosDir":"","St_PosMod":"","ESN":"328","Post_Comm":"Castleton","Post_Code":"05735","GlobalID":"18932c0e-f655-4b28-ad5c-5b8dd50222f6","Category":"Residential"}},
{"type":"Feature","id":79505,"geometry":{"type":"Point","coordinates":[-73.1505587390597,43.7322105642901]},"properties":{"OBJECTID":79505,"ESITEID":130924,"PRIMARYNAME":"GANSON HILL RD E","ALIAS1":"","ALIAS2":"","ALIAS3":"","ALIAS4":"","ALIAS5":"","PRIMARYADDRESS":"565 GANSON HILL RD E","SITETYPE":"Mobile Home","MAPYEAR":"Thu, 01 Jan 1998 00:00:00 GMT","SITETYPE_MULTI1":"","SITETYPE_MULTI2":"","SITETYPE_MULTI3":"","YearBuilt":null,"YearBuiltSrc":null,"YearBuiltNotes":"","ResUnitCnt":1,"NonResUnitCnt":0,"DateUpdate":"Tue, 23 Jan 2024 21:29:36 GMT","County":"Rutland County","Inc_Muni":"Hubbardton","AddNum_Pre":"","Add_Number":565,"AddNum_Suf":"","St_PreMod":"","St_PreDir":"","St_PreTyp":"","St_PreSep":"","St_Name":"Ganson Hill","St_PosTyp":"Road","St_PosDir":"East","St_PosMod":"","ESN":"328","Post_Comm":"Castleton","Post_Code":"05735","GlobalID":"668a85ba-eb53-4752-af30-52591078752e","Category":"Residential"}},
{"type":"Feature","id":313154,"geometry":{"type":"Point","coordinates":[-73.1886517560596,43.7218640548842]},"properties":{"OBJECTID":313154,"ESITEID":130925,"PRIMARYNAME":"OLD TI RD","ALIAS1":"","ALIAS2":"","ALIAS3":"","ALIAS4":"","ALIAS5":"","PRIMARYADDRESS":"516 OLD TI RD","SITETYPE":"Single Family Dwelling","MAPYEAR":"Thu, 01 Jan 1998 00:00:00 GMT","SITETYPE_MULTI1":"","SITETYPE_MULTI2":"","SITETYPE_MULTI3":"","YearBuilt":null,"YearBuiltSrc":null,"YearBuiltNotes":"","ResUnitCnt":1,"NonResUnitCnt":0,"DateUpdate":"Fri, 27 Jan 2023 21:21:49 GMT","County":"Rutland County","Inc_Muni":"Hubbardton","AddNum_Pre":null,"Add_Number":516,"AddNum_Suf":"","St_PreMod":"Old","St_PreDir":"","St_PreTyp":"","St_PreSep":"","St_Name":"Ti","St_PosTyp":"Road","St_PosDir":"","St_PosMod":"","ESN":"328","Post_Comm":"Bomoseen","Post_Code":"05732","GlobalID":"a2edfc41-c198-42d5-a0c0-695e7b185390","Category":"Residential"}},
{"type":"Feature","id":11230,"geometry":{"type":"Point","coordinates":[-73.1885711867125,43.7150962855221]},"properties":{"OBJECTID":11230,"ESITEID":130926,"PRIMARYNAME":"HORTONIA RD  ","ALIAS1":"","ALIAS2":"","ALIAS3":"","ALIAS4":"","ALIAS5":"","PRIMARYADDRESS":"179 HORTONIA RD","SITETYPE":"Camp","MAPYEAR":"Thu, 01 Jan 1998 00:00:00 GMT","SITETYPE_MULTI1":"","SITETYPE_MULTI2":"","SITETYPE_MULTI3":"","YearBuilt":null,"YearBuiltSrc":null,"YearBuiltNotes":"","ResUnitCnt":1,"NonResUnitCnt":0,"DateUpdate":"Fri, 06 Dec 2024 09:08:57 GMT","County":"Rutland County","Inc_Muni":"Hubbardton","AddNum_Pre":null,"Add_Number":179,"AddNum_Suf":"","St_PreMod":"","St_PreDir":"","St_PreTyp":"","St_PreSep":"","St_Name":"Hortonia","St_PosTyp":"Road","St_PosDir":"","St_PosMod":"","ESN":"328","Post_Comm":"Bomoseen","Post_Code":"05732","GlobalID":"d35ca655-a429-4dcc-bfb2-033b00ba24c1","Category":"Residential"}},
{"type":"Feature","id":169936,"geometry":{"type":"Point","coordinates":[-73.1892335199408,43.7152327351585]},"properties":{"OBJECTID":169936,"ESITEID":130927,"PRIMARYNAME":"HORTONIA RD  ","ALIAS1":"","ALIAS2":"","ALIAS3":"","ALIAS4":"","ALIAS5":"","PRIMARYADDRESS":"219 HORTONIA RD","SITETYPE":"General Business Service","MAPYEAR":"Thu, 01 Jan 1998 00:00:00 GMT","SITETYPE_MULTI1":"","SITETYPE_MULTI2":"","SITETYPE_MULTI3":"","YearBuilt":null,"YearBuiltSrc":null,"YearBuiltNotes":"","ResUnitCnt":1,"NonResUnitCnt":0,"DateUpdate":"Fri, 27 Jan 2023 22:17:59 GMT","County":"Rutland County","Inc_Muni":"Hubbardton","AddNum_Pre":null,"Add_Number":219,"AddNum_Suf":"","St_PreMod":"","St_PreDir":"","St_PreTyp":"","St_PreSep":"","St_Name":"Hortonia","St_PosTyp":"Road","St_PosDir":"","St_PosMod":"","ESN":"328","Post_Comm":"Bomoseen","Post_Code":"05732","GlobalID":"b4273802-91b8-47bc-842d-2541ca80d2e7","Category":"Commercial"}},
{"type":"Feature","id":341276,"geometry":{"type":"Point","coordinates":[-73.1366199821085,43.7260371195554]},"properties":{"OBJECTID":341276,"ESITEID":130928,"PRIMARYNAME":"MONUMENT HILL RD","ALIAS1":"","ALIAS2":"","ALIAS3":"","ALIAS4":"","ALIAS5":"","PRIMARYADDRESS":"3115 MONUMENT HILL RD","SITETYPE":"Camp","MAPYEAR":"Thu, 01 Jan 1998 00:00:00 GMT","SITETYPE_MULTI1":"","SITETYPE_MULTI2":"","SITETYPE_MULTI3":"","YearBuilt":null,"YearBuiltSrc":null,"YearBuiltNotes":"","ResUnitCnt":1,"NonResUnitCnt":0,"DateUpdate":"Fri, 17 Dec 2021 16:30:18 GMT","County":"Rutland County","Inc_Muni":"Hubbardton","AddNum_Pre":null,"Add_Number":3115,"AddNum_Suf":"","St_PreMod":"","St_PreDir":"","St_PreTyp":"","St_PreSep":"","St_Name":"Monument Hill","St_PosTyp":"Road","St_PosDir":"","St_PosMod":"","ESN":"328","Post_Comm":"Castleton","Post_Code":"05735","GlobalID":"2c29a384-ea2c-4777-8fab-600f17ebec18","Category":"Residential"}},
{"type":"Feature","id":16914,"geometry":{"type":"Point","coordinates":[-73.1299045586143,43.7240499551029]},"properties":{"OBJECTID":16914,"ESITEID":130929,"PRIMARYNAME":"MONUMENT HILL RD","ALIAS1":"","ALIAS2":"","ALIAS3":"","ALIAS4":"","ALIAS5":"","PRIMARYADDRESS":"3435 MONUMENT HILL RD","SITETYPE":"Camp","MAPYEAR":"Thu, 01 Jan 1998 00:00:00 GMT","SITETYPE_MULTI1":"","SITETYPE_MULTI2":"","SITETYPE_MULTI3":"","YearBuilt":null,"YearBuiltSrc":null,"YearBuiltNotes":"","ResUnitCnt":1,"NonResUnitCnt":0,"DateUpdate":"Thu, 10 Aug 2023 16:27:12 GMT","County":"Rutland County","Inc_Muni":"Hubbardton","AddNum_Pre":null,"Add_Number":3435,"AddNum_Suf":"","St_PreMod":"","St_PreDir":"","St_PreTyp":"","St_PreSep":"","St_Name":"Monument Hill","St_PosTyp":"Road","St_PosDir":"","St_PosMod":"","ESN":"328","Post_Comm":"Castleton","Post_Code":"05735","GlobalID":"f2a93663-284b-4fe7-9dbf-5621d33d0c96","Category":"Residential"}},
{"type":"Feature","id":60248,"geometry":{"type":"Point","coordinates":[-73.2231283183209,43.704451902855]},"properties":{"OBJECTID":60248,"ESITEID":130930,"PRIMARYNAME":"TOMS LN  ","ALIAS1":"","ALIAS2":"","ALIAS3":"","ALIAS4":"","ALIAS5":"","PRIMARYADDRESS":"180 TOMS LN","SITETYPE":"Camp","MAPYEAR":"Thu, 01 Jan 1998 00:00:00 GMT","SITETYPE_MULTI1":"","SITETYPE_MULTI2":"","SITETYPE_MULTI3":"","YearBuilt":null,"YearBuiltSrc":null,"YearBuiltNotes":"","ResUnitCnt":1,"NonResUnitCnt":0,"DateUpdate":"Fri, 27 Jan 2023 21:32:24 GMT","County":"Rutland County","Inc_Muni":"Hubbardton","AddNum_Pre":null,"Add_Number":180,"AddNum_Suf":"","St_PreMod":"","St_PreDir":" ","St_PreTyp":"","St_PreSep":"","St_Name":"Toms","St_PosTyp":"Lane","St_PosDir":" ","St_PosMod":"","ESN":"328","Post_Comm":"Fair Haven","Post_Code":"05743","GlobalID":"4d841360-f74a-422f-974b-812cc36ac518","Category":"Residential"}},
{"type":"Feature","id":99515,"geometry":{"type":"Point","coordinates":[-73.2239948805127,43.7100585271237]},"properties":{"OBJECTID":99515,"ESITEID":130931,"PRIMARYNAME":"BLACK POND RD","ALIAS1":"","ALIAS2":"","ALIAS3":"","ALIAS4":"","ALIAS5":"","PRIMARYADDRESS":"724 BLACK POND RD","SITETYPE":"Single Family Dwelling","MAPYEAR":"Thu, 07 Jul 2005 00:00:00 GMT","SITETYPE_MULTI1":"","SITETYPE_MULTI2":"","SITETYPE_MULTI3":"","YearBuilt":null,"YearBuiltSrc":null,"YearBuiltNotes":"","ResUnitCnt":1,"NonResUnitCnt":0,"DateUpdate":"Fri, 27 Jan 2023 21:21:43 GMT","County":"Rutland County","Inc_Muni":"Hubbardton","AddNum_Pre":null,"Add_Number":724,"AddNum_Suf":"","St_PreMod":"","St_PreDir":" ","St_PreTyp":"","St_PreSep":"","St_Name":"Black Pond","St_PosTyp":"Road","St_PosDir":" ","St_PosMod":"","ESN":"328","Post_Comm":"Fair Haven","Post_Code":"05743","GlobalID":"a5e6796c-a08c-4cc8-a36b-575dc1331cef","Category":"Residential"}},
{"type":"Feature","id":334494,"geometry":{"type":"Point","coordinates":[-73.2120432368842,43.7047987112307]},"properties":{"OBJECTID":334494,"ESITEID":130932,"PRIMARYNAME":"BOBS DR","ALIAS1":"","ALIAS2":"","ALIAS3":"","ALIAS4":"","ALIAS5":"","PRIMARYADDRESS":"652 BOBS DR","SITETYPE":"Camp","MAPYEAR":"Thu, 01 Jan 1998 00:00:00 GMT","SITETYPE_MULTI1":"","SITETYPE_MULTI2":"","SITETYPE_MULTI3":"","YearBuilt":null,"YearBuiltSrc":null,"YearBuiltNotes":"","ResUnitCnt":1,"NonResUnitCnt":0,"DateUpdate":"Fri, 27 Jan 2023 21:05:43 GMT","County":"Rutland County","Inc_Muni":"Hubbardton","AddNum_Pre":null,"Add_Number":652,"AddNum_Suf":"","St_PreMod":"","St_PreDir":" ","St_PreTyp":"","St_PreSep":"","St_Name":"Bobs","St_PosTyp":"Drive","St_PosDir":"","St_PosMod":"","ESN":"328","Post_Comm":"Fair Haven","Post_Code":"05743","GlobalID":"8fb4204c-2884-4a0b-b1fa-8fc1cea3ff7c","Category":"Residential"}},
{"type":"Feature","id":81624,"geometry":{"type":"Point","coordinates":[-73.1800060610465,43.6974697270841]},"properties":{"OBJECTID":81624,"ESITEID":130933,"PRIMARYNAME":"BIG D WAY","ALIAS1":"","ALIAS2":"","ALIAS3":"","ALIAS4":"","ALIAS5":"","PRIMARYADDRESS":"298 BIG D WAY","SITETYPE":"Mobile Home","MAPYEAR":"Thu, 01 Jan 1998 00:00:00 GMT","SITETYPE_MULTI1":"","SITETYPE_MULTI2":"","SITETYPE_MULTI3":"","YearBuilt":null,"YearBuiltSrc":null,"YearBuiltNotes":"","ResUnitCnt":1,"NonResUnitCnt":0,"DateUpdate":"Thu, 10 Aug 2023 16:27:44 GMT","County":"Rutland County","Inc_Muni":"Hubbardton","AddNum_Pre":null,"Add_Number":298,"AddNum_Suf":"","St_PreMod":"","St_PreDir":"","St_PreTyp":"","St_PreSep":"","St_Name":"Big D","St_PosTyp":"Way","St_PosDir":"","St_PosMod":"","ESN":"328","Post_Comm":"Bomoseen","Post_Code":"05732","GlobalID":"15168b06-9572-4539-8ca6-97c858b4ce00","Category":"Residential"}},
{"type":"Feature","id":222753,"geometry":{"type":"Point","coordinates":[-73.1706190540691,43.6932686771988]},"properties":{"OBJECTID":222753,"ESITEID":130934,"PRIMARYNAME":"HOWLAND RD  ","ALIAS1":"","ALIAS2":"","ALIAS3":"","ALIAS4":"","ALIAS5":"","PRIMARYADDRESS":"396 HOWLAND RD","SITETYPE":"Single Family Dwelling","MAPYEAR":"Thu, 01 Jan 1998 00:00:00 GMT","SITETYPE_MULTI1":"","SITETYPE_MULTI2":"","SITETYPE_MULTI3":"","YearBuilt":null,"YearBuiltSrc":null,"YearBuiltNotes":"","ResUnitCnt":1,"NonResUnitCnt":0,"DateUpdate":"Fri, 27 Jan 2023 22:18:15 GMT","County":"Rutland County","Inc_Muni":"Hubbardton","AddNum_Pre":null,"Add_Number":396,"AddNum_Suf":"","St_PreMod":"","St_PreDir":"","St_PreTyp":"","St_PreSep":"","St_Name":"Howland","St_PosTyp":"Road","St_PosDir":"","St_PosMod":"","ESN":"328","Post_Comm":"Castleton","Post_Code":"05735","GlobalID":"dd0169fd-21ec-4866-80c9-705adf735ae7","Category":"Residential"}},
{"type":"Feature","id":139635,"geometry":{"type":"Point","coordinates":[-73.1586301536598,43.6942241636542]},"properties":{"OBJECTID":139635,"ESITEID":130935,"PRIMARYNAME":"SAINT JOHN RD","ALIAS1":"","ALIAS2":"","ALIAS3":"","ALIAS4":"","ALIAS5":"","PRIMARYADDRESS":"1173 SAINT JOHN RD","SITETYPE":"General Business Service","MAPYEAR":"Thu, 01 Jan 1998 00:00:00 GMT","SITETYPE_MULTI1":"","SITETYPE_MULTI2":"","SITETYPE_MULTI3":"","YearBuilt":null,"YearBuiltSrc":null,"YearBuiltNotes":"","ResUnitCnt":1,"NonResUnitCnt":0,"DateUpdate":"Fri, 27 Jan 2023 22:18:14 GMT","County":"Rutland County","Inc_Muni":"Hubbardton","AddNum_Pre":null,"Add_Number":1173,"AddNum_Suf":"","St_PreMod":"","St_PreDir":" ","St_PreTyp":"","St_PreSep":"","St_Name":"Saint John","St_PosTyp":"Road","St_PosDir":"","St_PosMod":"","ESN":"328","Post_Comm":"Castleton","Post_Code":"05735","GlobalID":"1c6dec26-d57a-4651-b563-b03ceed60db7","Category":"Commercial"}},
{"type":"Feature","id":65084,"geometry":{"type":"Point","coordinates":[-73.1595378017176,43.6944160441629]},"properties":{"OBJECTID":65084,"ESITEID":130936,"PRIMARYNAME":"SAINT JOHN RD","ALIAS1":"","ALIAS2":"","ALIAS3":"","ALIAS4":"","ALIAS5":"","PRIMARYADDRESS":"1175 SAINT JOHN RD","SITETYPE":"Single Family Dwelling","MAPYEAR":"Thu, 01 Jan 1998 00:00:00 GMT","SITETYPE_MULTI1":"","SITETYPE_MULTI2":"","SITETYPE_MULTI3":"","YearBuilt":null,"YearBuiltSrc":null,"YearBuiltNotes":"","ResUnitCnt":1,"NonResUnitCnt":0,"DateUpdate":"Fri, 27 Jan 2023 22:18:14 GMT","County":"Rutland County","Inc_Muni":"Hubbardton","AddNum_Pre":null,"Add_Number":1175,"AddNum_Suf":"","St_PreMod":"","St_PreDir":" ","St_PreTyp":"","St_PreSep":"","St_Name":"Saint John","St_PosTyp":"Road","St_PosDir":"","St_PosMod":"","ESN":"328","Post_Comm":"Castleton","Post_Code":"05735","GlobalID":"d2d86780-c623-4e49-b909-9c496fa97ca6","Category":"Residential"}},
{"type":"Feature","id":328157,"geometry":{"type":"Point","coordinates":[-73.1817094845759,43.6955910470162]},"properties":{"OBJECTID":328157,"ESITEID":130937,"PRIMARYNAME":"DESNA LN","ALIAS1":"","ALIAS2":"","ALIAS3":"","ALIAS4":"","ALIAS5":"","PRIMARYADDRESS":"283 DESNA LN","SITETYPE":"Single Family Dwelling","MAPYEAR":"Thu, 01 Jan 1998 00:00:00 GMT","SITETYPE_MULTI1":"","SITETYPE_MULTI2":"","SITETYPE_MULTI3":"","YearBuilt":null,"YearBuiltSrc":null,"YearBuiltNotes":"","ResUnitCnt":1,"NonResUnitCnt":0,"DateUpdate":"Thu, 10 Aug 2023 16:27:46 GMT","County":"Rutland County","Inc_Muni":"Hubbardton","AddNum_Pre":null,"Add_Number":283,"AddNum_Suf":"","St_PreMod":"","St_PreDir":"","St_PreTyp":"","St_PreSep":"","St_Name":"Desna","St_PosTyp":"Lane","St_PosDir":"","St_PosMod":"","ESN":"328","Post_Comm":"Bomoseen","Post_Code":"05732","GlobalID":"249b74cf-ed85-412d-bcb8-f26020d7bcf0","Category":"Residential"}},
{"type":"Feature","id":40843,"geometry":{"type":"Point","coordinates":[-73.1827529683763,43.6949134605417]},"properties":{"OBJECTID":40843,"ESITEID":130938,"PRIMARYNAME":"DESNA LN","ALIAS1":"","ALIAS2":"","ALIAS3":"","ALIAS4":"","ALIAS5":"","PRIMARYADDRESS":"275 DESNA LN","SITETYPE":"Single Family Dwelling","MAPYEAR":"Thu, 01 Jan 1998 00:00:00 GMT","SITETYPE_MULTI1":"","SITETYPE_MULTI2":"","SITETYPE_MULTI3":"","YearBuilt":null,"YearBuiltSrc":null,"YearBuiltNotes":"","ResUnitCnt":1,"NonResUnitCnt":0,"DateUpdate":"Thu, 10 Aug 2023 16:27:46 GMT","County":"Rutland County","Inc_Muni":"Hubbardton","AddNum_Pre":null,"Add_Number":275,"AddNum_Suf":"","St_PreMod":"","St_PreDir":"","St_PreTyp":"","St_PreSep":"","St_Name":"Desna","St_PosTyp":"Lane","St_PosDir":"","St_PosMod":"","ESN":"328","Post_Comm":"Bomoseen","Post_Code":"05732","GlobalID":"f4268907-8a25-4b99-ac3e-65ec1698e505","Category":"Residential"}},
{"type":"Feature","id":352908,"geometry":{"type":"Point","coordinates":[-73.1822053017074,43.69435488897]},"properties":{"OBJECTID":352908,"ESITEID":130939,"PRIMARYNAME":"DESNA LN","ALIAS1":"","ALIAS2":"","ALIAS3":"","ALIAS4":"","ALIAS5":"","PRIMARYADDRESS":"240 DESNA LN","SITETYPE":"Single Family Dwelling","MAPYEAR":"Thu, 01 Jan 1998 00:00:00 GMT","SITETYPE_MULTI1":"","SITETYPE_MULTI2":"","SITETYPE_MULTI3":"","YearBuilt":null,"YearBuiltSrc":null,"YearBuiltNotes":"","ResUnitCnt":1,"NonResUnitCnt":0,"DateUpdate":"Thu, 10 Aug 2023 16:27:46 GMT","County":"Rutland County","Inc_Muni":"Hubbardton","AddNum_Pre":null,"Add_Number":240,"AddNum_Suf":"","St_PreMod":"","St_PreDir":"","St_PreTyp":"","St_PreSep":"","St_Name":"Desna","St_PosTyp":"Lane","St_PosDir":"","St_PosMod":"","ESN":"328","Post_Comm":"Bomoseen","Post_Code":"05732","GlobalID":"b958e0ec-bfa4-49e9-911a-45d0225019ab","Category":"Residential"}},
{"type":"Feature","id":68490,"geometry":{"type":"Point","coordinates":[-73.1486207531445,43.698136094713]},"properties":{"OBJECTID":68490,"ESITEID":130940,"PRIMARYNAME":"FROG HOLLOW RD  ","ALIAS1":"","ALIAS2":"","ALIAS3":"","ALIAS4":"","ALIAS5":"","PRIMARYADDRESS":"613 FROG HOLLOW RD","SITETYPE":"Single Family Dwelling","MAPYEAR":"Thu, 01 Jan 1998 00:00:00 GMT","SITETYPE_MULTI1":"","SITETYPE_MULTI2":"","SITETYPE_MULTI3":"","YearBuilt":null,"YearBuiltSrc":null,"YearBuiltNotes":"","ResUnitCnt":1,"NonResUnitCnt":0,"DateUpdate":"Fri, 27 Jan 2023 22:18:14 GMT","County":"Rutland County","Inc_Muni":"Hubbardton","AddNum_Pre":null,"Add_Number":613,"AddNum_Suf":"","St_PreMod":"","St_PreDir":" ","St_PreTyp":"","St_PreSep":"","St_Name":"Frog Hollow","St_PosTyp":"Road","St_PosDir":" ","St_PosMod":"","ESN":"328","Post_Comm":"Castleton","Post_Code":"05735","GlobalID":"704b2286-87e6-4809-b497-d512512197d9","Category":"Residential"}},
{"type":"Feature","id":147624,"geometry":{"type":"Point","coordinates":[-73.1470659406444,43.6927416783736]},"properties":{"OBJECTID":147624,"ESITEID":130941,"PRIMARYNAME":"SAINT JOHN RD","ALIAS1":"","ALIAS2":"","ALIAS3":"","ALIAS4":"","ALIAS5":"","PRIMARYADDRESS":"439 SAINT JOHN RD","SITETYPE":"Mobile Home","MAPYEAR":"Thu, 01 Jan 1998 00:00:00 GMT","SITETYPE_MULTI1":"","SITETYPE_MULTI2":"","SITETYPE_MULTI3":"","YearBuilt":null,"YearBuiltSrc":null,"YearBuiltNotes":"","ResUnitCnt":1,"NonResUnitCnt":0,"DateUpdate":"Fri, 27 Jan 2023 22:18:14 GMT","County":"Rutland County","Inc_Muni":"Hubbardton","AddNum_Pre":null,"Add_Number":439,"AddNum_Suf":"","St_PreMod":"","St_PreDir":" ","St_PreTyp":"","St_PreSep":"","St_Name":"Saint John","St_PosTyp":"Road","St_PosDir":"","St_PosMod":"","ESN":"328","Post_Comm":"Castleton","Post_Code":"05735","GlobalID":"a26f4397-38f2-4451-9425-fcc27100736a","Category":"Residential"}},
{"type":"Feature","id":204732,"geometry":{"type":"Point","coordinates":[-73.1378987397284,43.6974119941953]},"properties":{"OBJECTID":204732,"ESITEID":130942,"PRIMARYNAME":"MONUMENT HILL RD","ALIAS1":"","ALIAS2":"","ALIAS3":"","ALIAS4":"","ALIAS5":"","PRIMARYADDRESS":"5568 MONUMENT HILL RD","SITETYPE":"Historic Site \/ Landmark","MAPYEAR":"Thu, 07 Jul 2005 00:00:00 GMT","SITETYPE_MULTI1":"","SITETYPE_MULTI2":"","SITETYPE_MULTI3":"","YearBuilt":null,"YearBuiltSrc":null,"YearBuiltNotes":"","ResUnitCnt":1,"NonResUnitCnt":0,"DateUpdate":"Fri, 18 Apr 2025 09:31:40 GMT","County":"Rutland County","Inc_Muni":"Hubbardton","AddNum_Pre":"","Add_Number":5568,"AddNum_Suf":"","St_PreMod":"","St_PreDir":"","St_PreTyp":"","St_PreSep":"","St_Name":"Monument Hill","St_PosTyp":"Road","St_PosDir":"","St_PosMod":"","ESN":"328","Post_Comm":"Castleton","Post_Code":"05735","GlobalID":"79d078aa-a17e-4811-964f-e0ed5ac99ba0","Category":"Public Gathering"}},
{"type":"Feature","id":174998,"geometry":{"type":"Point","coordinates":[-73.2248318514607,43.6832910701703]},"properties":{"OBJECTID":174998,"ESITEID":130943,"PRIMARYNAME":"BLACK POND RD","ALIAS1":"","ALIAS2":"","ALIAS3":"","ALIAS4":"","ALIAS5":"","PRIMARYADDRESS":"2699 BLACK POND RD","SITETYPE":"Development Site","MAPYEAR":"Thu, 01 Jan 1998 00:00:00 GMT","SITETYPE_MULTI1":"","SITETYPE_MULTI2":"","SITETYPE_MULTI3":"","YearBuilt":null,"YearBuiltSrc":null,"YearBuiltNotes":"","ResUnitCnt":1,"NonResUnitCnt":0,"DateUpdate":"Wed, 02 Jul 2025 21:53:59 GMT","County":"Rutland County","Inc_Muni":"Hubbardton","AddNum_Pre":null,"Add_Number":2699,"AddNum_Suf":"","St_PreMod":"","St_PreDir":" ","St_PreTyp":"","St_PreSep":"","St_Name":"Black Pond","St_PosTyp":"Road","St_PosDir":" ","St_PosMod":"","ESN":"328","Post_Comm":"Fair Haven","Post_Code":"05743","GlobalID":"d08f40e2-e6ff-439b-83e1-be3900f4e722","Category":"Residential"}},
{"type":"Feature","id":86181,"geometry":{"type":"Point","coordinates":[-73.1701679057579,43.686732426405]},"properties":{"OBJECTID":86181,"ESITEID":130944,"PRIMARYNAME":"HOWLAND RD  ","ALIAS1":"","ALIAS2":"","ALIAS3":"","ALIAS4":"","ALIAS5":"","PRIMARYADDRESS":"811 HOWLAND RD","SITETYPE":"Development Site","MAPYEAR":"Thu, 01 Jan 1998 00:00:00 GMT","SITETYPE_MULTI1":"","SITETYPE_MULTI2":"","SITETYPE_MULTI3":"","YearBuilt":null,"YearBuiltSrc":null,"YearBuiltNotes":"","ResUnitCnt":1,"NonResUnitCnt":0,"DateUpdate":"Wed, 02 Jul 2025 21:56:45 GMT","County":"Rutland County","Inc_Muni":"Hubbardton","AddNum_Pre":null,"Add_Number":811,"AddNum_Suf":"","St_PreMod":"","St_PreDir":"","St_PreTyp":"","St_PreSep":"","St_Name":"Howland","St_PosTyp":"Road","St_PosDir":"","St_PosMod":"","ESN":"328","Post_Comm":"Castleton","Post_Code":"05735","GlobalID":"bc216dfe-66da-4ca0-ac04-6fb6c429ffb2","Category":"Residential"}},
{"type":"Feature","id":352791,"geometry":{"type":"Point","coordinates":[-73.1936605776467,43.6839732870511]},"properties":{"OBJECTID":352791,"ESITEID":130945,"PRIMARYNAME":"LEDGEMERE PT  ","ALIAS1":"","ALIAS2":"","ALIAS3":"","ALIAS4":"","ALIAS5":"","PRIMARYADDRESS":"456 LEDGEMERE PT","SITETYPE":"Single Family Dwelling","MAPYEAR":"Thu, 01 Jan 1998 00:00:00 GMT","SITETYPE_MULTI1":"","SITETYPE_MULTI2":"","SITETYPE_MULTI3":"","YearBuilt":null,"YearBuiltSrc":null,"YearBuiltNotes":"","ResUnitCnt":1,"NonResUnitCnt":0,"DateUpdate":"Thu, 10 Aug 2023 16:27:48 GMT","County":"Rutland County","Inc_Muni":"Hubbardton","AddNum_Pre":null,"Add_Number":456,"AddNum_Suf":"","St_PreMod":"","St_PreDir":"","St_PreTyp":"","St_PreSep":"","St_Name":"Ledgemere","St_PosTyp":"Point","St_PosDir":"","St_PosMod":"","ESN":"328","Post_Comm":"Bomoseen","Post_Code":"05732","GlobalID":"3e4409d5-0c1a-4004-a0f2-8fa02fd29763","Category":"Residential"}},
{"type":"Feature","id":117249,"geometry":{"type":"Point","coordinates":[-73.1944838652136,43.6842590365937]},"properties":{"OBJECTID":117249,"ESITEID":130946,"PRIMARYNAME":"LEDGEMERE PT  ","ALIAS1":"","ALIAS2":"","ALIAS3":"","ALIAS4":"","ALIAS5":"","PRIMARYADDRESS":"469 LEDGEMERE PT","SITETYPE":"Single Family Dwelling","MAPYEAR":"Thu, 01 Jan 1998 00:00:00 GMT","SITETYPE_MULTI1":"","SITETYPE_MULTI2":"","SITETYPE_MULTI3":"","YearBuilt":null,"YearBuiltSrc":null,"YearBuiltNotes":"","ResUnitCnt":1,"NonResUnitCnt":0,"DateUpdate":"Thu, 10 Aug 2023 16:27:48 GMT","County":"Rutland County","Inc_Muni":"Hubbardton","AddNum_Pre":null,"Add_Number":469,"AddNum_Suf":"","St_PreMod":"","St_PreDir":"","St_PreTyp":"","St_PreSep":"","St_Name":"Ledgemere","St_PosTyp":"Point","St_PosDir":"","St_PosMod":"","ESN":"328","Post_Comm":"Bomoseen","Post_Code":"05732","GlobalID":"2f09b13d-8678-48a6-997d-d5edf24c89aa","Category":"Residential"}},
{"type":"Feature","id":139083,"geometry":{"type":"Point","coordinates":[-73.1799000325123,43.6977670715286]},"properties":{"OBJECTID":139083,"ESITEID":329471,"PRIMARYNAME":"BIG D WAY","ALIAS1":"","ALIAS2":"","ALIAS3":"","ALIAS4":"","ALIAS5":"","PRIMARYADDRESS":"291 BIG D WAY","SITETYPE":"Mobile Home","MAPYEAR":"Mon, 28 Jan 2008 11:39:09 GMT","SITETYPE_MULTI1":"","SITETYPE_MULTI2":"","SITETYPE_MULTI3":"","YearBuilt":null,"YearBuiltSrc":null,"YearBuiltNotes":"","ResUnitCnt":1,"NonResUnitCnt":0,"DateUpdate":"Thu, 10 Aug 2023 16:27:44 GMT","County":"Rutland County","Inc_Muni":"Hubbardton","AddNum_Pre":null,"Add_Number":291,"AddNum_Suf":"","St_PreMod":"","St_PreDir":"","St_PreTyp":"","St_PreSep":"","St_Name":"Big D","St_PosTyp":"Way","St_PosDir":"","St_PosMod":"","ESN":"328","Post_Comm":"Bomoseen","Post_Code":"05732","GlobalID":"d35b4cce-bf5e-4b58-a0c1-71d7bdceeb6e","Category":"Residential"}},
{"type":"Feature","id":81352,"geometry":{"type":"Point","coordinates":[-73.1790535144812,43.6970571104168]},"properties":{"OBJECTID":81352,"ESITEID":329472,"PRIMARYNAME":"BIG D WAY","ALIAS1":"","ALIAS2":"","ALIAS3":"","ALIAS4":"","ALIAS5":"","PRIMARYADDRESS":"374 BIG D WAY","SITETYPE":"Mobile Home","MAPYEAR":"Mon, 28 Jan 2008 11:39:13 GMT","SITETYPE_MULTI1":"","SITETYPE_MULTI2":"","SITETYPE_MULTI3":"","YearBuilt":null,"YearBuiltSrc":null,"YearBuiltNotes":"","ResUnitCnt":1,"NonResUnitCnt":0,"DateUpdate":"Thu, 10 Aug 2023 16:27:44 GMT","County":"Rutland County","Inc_Muni":"Hubbardton","AddNum_Pre":null,"Add_Number":374,"AddNum_Suf":"","St_PreMod":"","St_PreDir":"","St_PreTyp":"","St_PreSep":"","St_Name":"Big D","St_PosTyp":"Way","St_PosDir":"","St_PosMod":"","ESN":"328","Post_Comm":"Bomoseen","Post_Code":"05732","GlobalID":"c278634b-2dea-45d1-a80a-1fb6bf25233b","Category":"Residential"}},
{"type":"Feature","id":292361,"geometry":{"type":"Point","coordinates":[-73.1789946003466,43.6976168868802]},"properties":{"OBJECTID":292361,"ESITEID":329473,"PRIMARYNAME":"BIG D WAY","ALIAS1":"","ALIAS2":"","ALIAS3":"","ALIAS4":"","ALIAS5":"","PRIMARYADDRESS":"357 BIG D WAY","SITETYPE":"Mobile Home","MAPYEAR":"Mon, 28 Jan 2008 11:39:15 GMT","SITETYPE_MULTI1":"","SITETYPE_MULTI2":"","SITETYPE_MULTI3":"","YearBuilt":null,"YearBuiltSrc":null,"YearBuiltNotes":"","ResUnitCnt":1,"NonResUnitCnt":0,"DateUpdate":"Thu, 10 Aug 2023 16:27:44 GMT","County":"Rutland County","Inc_Muni":"Hubbardton","AddNum_Pre":null,"Add_Number":357,"AddNum_Suf":"","St_PreMod":"","St_PreDir":"","St_PreTyp":"","St_PreSep":"","St_Name":"Big D","St_PosTyp":"Way","St_PosDir":"","St_PosMod":"","ESN":"328","Post_Comm":"Bomoseen","Post_Code":"05732","GlobalID":"a387e276-08f7-49ed-b6e4-4b08e7690af2","Category":"Residential"}},
{"type":"Feature","id":123517,"geometry":{"type":"Point","coordinates":[-73.2187553547185,43.7417761749031]},"properties":{"OBJECTID":123517,"ESITEID":329535,"PRIMARYNAME":"MEADOW LN","ALIAS1":"","ALIAS2":"","ALIAS3":"","ALIAS4":"","ALIAS5":"","PRIMARYADDRESS":"0 MEADOW LN","SITETYPE":"Accessory Building","MAPYEAR":"Mon, 28 Jan 2008 15:09:07 GMT","SITETYPE_MULTI1":"","SITETYPE_MULTI2":"","SITETYPE_MULTI3":"","YearBuilt":null,"YearBuiltSrc":null,"YearBuiltNotes":"","ResUnitCnt":0,"NonResUnitCnt":0,"DateUpdate":"Fri, 05 Dec 2025 11:45:28 GMT","County":"Rutland County","Inc_Muni":"Hubbardton","AddNum_Pre":"","Add_Number":0,"AddNum_Suf":"","St_PreMod":"","St_PreDir":"","St_PreTyp":"","St_PreSep":"","St_Name":"Meadow","St_PosTyp":"Lane","St_PosDir":null,"St_PosMod":"","ESN":"328","Post_Comm":"Fair Haven","Post_Code":"05743","GlobalID":"727d96c9-5b7d-4fa1-80b1-5d39db159338","Category":"Residential"}},
{"type":"Feature","id":133986,"geometry":{"type":"Point","coordinates":[-73.193677318492,43.6844263967709]},"properties":{"OBJECTID":133986,"ESITEID":329542,"PRIMARYNAME":"LEDGEMERE PT  ","ALIAS1":"","ALIAS2":"","ALIAS3":"","ALIAS4":"","ALIAS5":"","PRIMARYADDRESS":"478 LEDGEMERE PT","SITETYPE":"Single Family Dwelling","MAPYEAR":"Mon, 28 Jan 2008 15:19:55 GMT","SITETYPE_MULTI1":"","SITETYPE_MULTI2":"","SITETYPE_MULTI3":"","YearBuilt":null,"YearBuiltSrc":null,"YearBuiltNotes":"","ResUnitCnt":1,"NonResUnitCnt":0,"DateUpdate":"Thu, 10 Aug 2023 16:27:48 GMT","County":"Rutland County","Inc_Muni":"Hubbardton","AddNum_Pre":null,"Add_Number":478,"AddNum_Suf":"","St_PreMod":"","St_PreDir":"","St_PreTyp":"","St_PreSep":"","St_Name":"Ledgemere","St_PosTyp":"Point","St_PosDir":"","St_PosMod":"","ESN":"328","Post_Comm":"Bomoseen","Post_Code":"05732","GlobalID":"415a2ca2-7db0-478d-9be4-ddffbe29f19f","Category":"Residential"}},
{"type":"Feature","id":164232,"geometry":{"type":"Point","coordinates":[-73.1845525320736,43.7430680689774]},"properties":{"OBJECTID":164232,"ESITEID":339599,"PRIMARYNAME":"VT ROUTE 30","ALIAS1":"","ALIAS2":"","ALIAS3":"","ALIAS4":"","ALIAS5":"","PRIMARYADDRESS":"4614 VT ROUTE 30","SITETYPE":"Single Family Dwelling","MAPYEAR":"Mon, 28 Jun 2010 10:37:42 GMT","SITETYPE_MULTI1":"","SITETYPE_MULTI2":"","SITETYPE_MULTI3":"","YearBuilt":null,"YearBuiltSrc":null,"YearBuiltNotes":"","ResUnitCnt":1,"NonResUnitCnt":0,"DateUpdate":"Fri, 01 Aug 2025 11:13:58 GMT","County":"Rutland County","Inc_Muni":"Hubbardton","AddNum_Pre":null,"Add_Number":4614,"AddNum_Suf":"","St_PreMod":"","St_PreDir":"","St_PreTyp":"Vermont Route","St_PreSep":"","St_Name":"30","St_PosTyp":"","St_PosDir":"","St_PosMod":"","ESN":"328","Post_Comm":"Brandon","Post_Code":"05733","GlobalID":"654e9a74-5ed0-472f-8822-f413d2122781","Category":"Residential"}},
{"type":"Feature","id":228495,"geometry":{"type":"Point","coordinates":[-73.1845517248108,43.7440018301572]},"properties":{"OBJECTID":228495,"ESITEID":339600,"PRIMARYNAME":"VT ROUTE 30","ALIAS1":"","ALIAS2":"","ALIAS3":"","ALIAS4":"","ALIAS5":"","PRIMARYADDRESS":"4676 VT ROUTE 30","SITETYPE":"Single Family Dwelling","MAPYEAR":"Mon, 28 Jun 2010 10:38:15 GMT","SITETYPE_MULTI1":"","SITETYPE_MULTI2":"","SITETYPE_MULTI3":"","YearBuilt":null,"YearBuiltSrc":null,"YearBuiltNotes":"","ResUnitCnt":1,"NonResUnitCnt":0,"DateUpdate":"Fri, 01 Aug 2025 11:13:59 GMT","County":"Rutland County","Inc_Muni":"Hubbardton","AddNum_Pre":null,"Add_Number":4676,"AddNum_Suf":"","St_PreMod":"","St_PreDir":"","St_PreTyp":"Vermont Route","St_PreSep":"","St_Name":"30","St_PosTyp":"","St_PosDir":"","St_PosMod":"","ESN":"328","Post_Comm":"Brandon","Post_Code":"05733","GlobalID":"d958bf90-603e-43aa-9161-f11520409382","Category":"Residential"}},
{"type":"Feature","id":36896,"geometry":{"type":"Point","coordinates":[-73.2213930580226,43.7452727609597]},"properties":{"OBJECTID":36896,"ESITEID":339601,"PRIMARYNAME":"BENT RD  ","ALIAS1":"","ALIAS2":"","ALIAS3":"","ALIAS4":"","ALIAS5":"","PRIMARYADDRESS":"63 BENT RD","SITETYPE":"Single Family Dwelling","MAPYEAR":"Mon, 28 Jun 2010 10:40:43 GMT","SITETYPE_MULTI1":"","SITETYPE_MULTI2":"","SITETYPE_MULTI3":"","YearBuilt":null,"YearBuiltSrc":null,"YearBuiltNotes":"","ResUnitCnt":1,"NonResUnitCnt":0,"DateUpdate":"Fri, 18 Apr 2025 09:28:24 GMT","County":"Rutland County","Inc_Muni":"Hubbardton","AddNum_Pre":"","Add_Number":63,"AddNum_Suf":"","St_PreMod":"","St_PreDir":"","St_PreTyp":"","St_PreSep":"","St_Name":"Bent","St_PosTyp":"Road","St_PosDir":"","St_PosMod":"","ESN":"328","Post_Comm":"Fair Haven","Post_Code":"05743","GlobalID":"4f213a27-2c2d-408b-b022-65dd1d75b1f4","Category":"Residential"}},
{"type":"Feature","id":7319,"geometry":{"type":"Point","coordinates":[-73.2172231158658,43.7471772094966]},"properties":{"OBJECTID":7319,"ESITEID":344037,"PRIMARYNAME":"SPACE DR  ","ALIAS1":"","ALIAS2":"","ALIAS3":"","ALIAS4":"","ALIAS5":"","PRIMARYADDRESS":"128 SPACE DR","SITETYPE":"Telephone Pole w\/ Utility","MAPYEAR":"Tue, 01 Nov 2011 16:37:01 GMT","SITETYPE_MULTI1":"","SITETYPE_MULTI2":"","SITETYPE_MULTI3":"","YearBuilt":null,"YearBuiltSrc":null,"YearBuiltNotes":"","ResUnitCnt":1,"NonResUnitCnt":0,"DateUpdate":"Wed, 19 Apr 2017 07:22:31 GMT","County":"Rutland County","Inc_Muni":"Hubbardton","AddNum_Pre":null,"Add_Number":128,"AddNum_Suf":"","St_PreMod":"","St_PreDir":" ","St_PreTyp":"","St_PreSep":"","St_Name":"Space","St_PosTyp":"Drive","St_PosDir":" ","St_PosMod":"","ESN":"328","Post_Comm":"Fair Haven","Post_Code":"05743","GlobalID":"7786e0df-5ced-454a-9cc3-f8bfe5591447","Category":"Utility"}},
{"type":"Feature","id":263691,"geometry":{"type":"Point","coordinates":[-73.1473191497485,43.7285731235611]},"properties":{"OBJECTID":263691,"ESITEID":344057,"PRIMARYNAME":"GANSON HILL RD E","ALIAS1":"","ALIAS2":"","ALIAS3":"","ALIAS4":"","ALIAS5":"","PRIMARYADDRESS":"189 GANSON HILL RD E","SITETYPE":"Telephone Pole w\/ Utility","MAPYEAR":"Tue, 01 Nov 2011 17:13:50 GMT","SITETYPE_MULTI1":"","SITETYPE_MULTI2":"","SITETYPE_MULTI3":"","YearBuilt":null,"YearBuiltSrc":null,"YearBuiltNotes":"","ResUnitCnt":1,"NonResUnitCnt":0,"DateUpdate":"Thu, 10 Aug 2023 16:27:10 GMT","County":"Rutland County","Inc_Muni":"Hubbardton","AddNum_Pre":null,"Add_Number":189,"AddNum_Suf":"","St_PreMod":"","St_PreDir":"","St_PreTyp":"","St_PreSep":"","St_Name":"Ganson Hill","St_PosTyp":"Road","St_PosDir":"East","St_PosMod":"","ESN":"328","Post_Comm":"Castleton","Post_Code":"05735","GlobalID":"568ecfc5-425a-4962-8f74-637d38020335","Category":"Utility"}},
{"type":"Feature","id":74161,"geometry":{"type":"Point","coordinates":[-73.1264172310741,43.7111213700927]},"properties":{"OBJECTID":74161,"ESITEID":448951,"PRIMARYNAME":"BIDDIE KNOB RD","ALIAS1":"","ALIAS2":"","ALIAS3":"","ALIAS4":"","ALIAS5":"","PRIMARYADDRESS":"309 BIDDIE KNOB RD","SITETYPE":"Telephone Pole w\/ Utility","MAPYEAR":"Mon, 09 Sep 2013 09:48:47 GMT","SITETYPE_MULTI1":"","SITETYPE_MULTI2":"","SITETYPE_MULTI3":"","YearBuilt":null,"YearBuiltSrc":null,"YearBuiltNotes":"","ResUnitCnt":1,"NonResUnitCnt":0,"DateUpdate":"Sat, 28 Jan 2023 00:34:40 GMT","County":"Rutland County","Inc_Muni":"Hubbardton","AddNum_Pre":null,"Add_Number":309,"AddNum_Suf":"","St_PreMod":"","St_PreDir":"","St_PreTyp":"","St_PreSep":"","St_Name":"Biddie Knob","St_PosTyp":"Road","St_PosDir":"","St_PosMod":"","ESN":"328","Post_Comm":"Castleton","Post_Code":"05735","GlobalID":"60a4a57f-4c22-46df-b6fe-a37d91b1be6d","Category":"Utility"}},
{"type":"Feature","id":306010,"geometry":{"type":"Point","coordinates":[-73.1888645655691,43.7488352547133]},"properties":{"OBJECTID":306010,"ESITEID":451555,"PRIMARYNAME":"VT ROUTE 30","ALIAS1":"","ALIAS2":"","ALIAS3":"","ALIAS4":"","ALIAS5":"","PRIMARYADDRESS":"5054 VT ROUTE 30","SITETYPE":"Access Point","MAPYEAR":"Wed, 28 May 2014 15:34:27 GMT","SITETYPE_MULTI1":"","SITETYPE_MULTI2":"","SITETYPE_MULTI3":"","YearBuilt":null,"YearBuiltSrc":null,"YearBuiltNotes":"","ResUnitCnt":0,"NonResUnitCnt":0,"DateUpdate":"Fri, 09 Apr 2021 17:51:35 GMT","County":"Rutland County","Inc_Muni":"Hubbardton","AddNum_Pre":"","Add_Number":5054,"AddNum_Suf":"","St_PreMod":"","St_PreDir":"","St_PreTyp":"Vermont Route","St_PreSep":"","St_Name":"30","St_PosTyp":"","St_PosDir":"","St_PosMod":"","ESN":"328","Post_Comm":"Brandon","Post_Code":"05733","GlobalID":"bff3ac45-8ffe-48ca-95d3-b53fefdc7522","Category":"Other"}},
{"type":"Feature","id":149648,"geometry":{"type":"Point","coordinates":[-73.1570274423165,43.6901213880222]},"properties":{"OBJECTID":149648,"ESITEID":452042,"PRIMARYNAME":"HINKLEY RD","ALIAS1":"","ALIAS2":"","ALIAS3":"","ALIAS4":"","ALIAS5":"","PRIMARYADDRESS":"408 HINKLEY RD","SITETYPE":"Single Family Dwelling","MAPYEAR":"Mon, 07 Jul 2014 11:06:48 GMT","SITETYPE_MULTI1":"","SITETYPE_MULTI2":"","SITETYPE_MULTI3":"","YearBuilt":null,"YearBuiltSrc":null,"YearBuiltNotes":"","ResUnitCnt":1,"NonResUnitCnt":0,"DateUpdate":"Sat, 28 Jan 2023 00:35:02 GMT","County":"Rutland County","Inc_Muni":"Hubbardton","AddNum_Pre":null,"Add_Number":408,"AddNum_Suf":"","St_PreMod":"","St_PreDir":" ","St_PreTyp":"","St_PreSep":"","St_Name":"Hinkley","St_PosTyp":"Road","St_PosDir":"","St_PosMod":"","ESN":"328","Post_Comm":"Castleton","Post_Code":"05735","GlobalID":"5502caa0-bfca-4d58-8cad-e945a57e9645","Category":"Residential"}},
{"type":"Feature","id":332233,"geometry":{"type":"Point","coordinates":[-73.1470980324783,43.7280441473591]},"properties":{"OBJECTID":332233,"ESITEID":452094,"PRIMARYNAME":"GANSON HILL RD E","ALIAS1":"","ALIAS2":"","ALIAS3":"","ALIAS4":"","ALIAS5":"","PRIMARYADDRESS":"163 GANSON HILL RD E","SITETYPE":"Single Family Dwelling","MAPYEAR":"Fri, 11 Jul 2014 13:01:31 GMT","SITETYPE_MULTI1":"","SITETYPE_MULTI2":"","SITETYPE_MULTI3":"","YearBuilt":null,"YearBuiltSrc":null,"YearBuiltNotes":"","ResUnitCnt":1,"NonResUnitCnt":0,"DateUpdate":"Thu, 10 Aug 2023 16:27:10 GMT","County":"Rutland County","Inc_Muni":"Hubbardton","AddNum_Pre":null,"Add_Number":163,"AddNum_Suf":"","St_PreMod":"","St_PreDir":"","St_PreTyp":"","St_PreSep":"","St_Name":"Ganson Hill","St_PosTyp":"Road","St_PosDir":"East","St_PosMod":"","ESN":"328","Post_Comm":"Castleton","Post_Code":"05735","GlobalID":"4e474e67-dc52-41df-a35a-ae28a002790b","Category":"Residential"}},
{"type":"Feature","id":161390,"geometry":{"type":"Point","coordinates":[-73.1937427139026,43.6826138861734]},"properties":{"OBJECTID":161390,"ESITEID":452783,"PRIMARYNAME":"LEDGEMERE PT","ALIAS1":"","ALIAS2":"","ALIAS3":"","ALIAS4":"","ALIAS5":"","PRIMARYADDRESS":"346 LEDGEMERE PT","SITETYPE":"Accessory Building","MAPYEAR":"Mon, 15 Sep 2014 10:50:02 GMT","SITETYPE_MULTI1":"","SITETYPE_MULTI2":"","SITETYPE_MULTI3":"","YearBuilt":null,"YearBuiltSrc":null,"YearBuiltNotes":"","ResUnitCnt":0,"NonResUnitCnt":0,"DateUpdate":"Thu, 10 Aug 2023 16:27:48 GMT","County":"Rutland County","Inc_Muni":"Hubbardton","AddNum_Pre":"","Add_Number":346,"AddNum_Suf":"","St_PreMod":"","St_PreDir":"","St_PreTyp":"","St_PreSep":"","St_Name":"Ledgemere","St_PosTyp":"Point","St_PosDir":"","St_PosMod":"","ESN":"328","Post_Comm":"Bomoseen","Post_Code":"05732","GlobalID":"338cadae-00e9-4b68-b93a-9fc56ce992ac","Category":"Residential"}},
{"type":"Feature","id":188385,"geometry":{"type":"Point","coordinates":[-73.1936056349368,43.682820712621]},"properties":{"OBJECTID":188385,"ESITEID":452784,"PRIMARYNAME":"LEDGEMERE PT","ALIAS1":"","ALIAS2":"","ALIAS3":"","ALIAS4":"","ALIAS5":"","PRIMARYADDRESS":"358 LEDGEMERE PT","SITETYPE":"Single Family Dwelling","MAPYEAR":"Mon, 15 Sep 2014 10:51:22 GMT","SITETYPE_MULTI1":"","SITETYPE_MULTI2":"","SITETYPE_MULTI3":"","YearBuilt":null,"YearBuiltSrc":null,"YearBuiltNotes":"","ResUnitCnt":1,"NonResUnitCnt":0,"DateUpdate":"Thu, 10 Aug 2023 16:27:48 GMT","County":"Rutland County","Inc_Muni":"Hubbardton","AddNum_Pre":null,"Add_Number":358,"AddNum_Suf":"","St_PreMod":"","St_PreDir":"","St_PreTyp":"","St_PreSep":"","St_Name":"Ledgemere","St_PosTyp":"Point","St_PosDir":"","St_PosMod":"","ESN":"328","Post_Comm":"Bomoseen","Post_Code":"05732","GlobalID":"58940e0d-6811-46bf-acf4-fae5b8ecedb9","Category":"Residential"}},
{"type":"Feature","id":322960,"geometry":{"type":"Point","coordinates":[-73.1944235333682,43.7464564838495]},"properties":{"OBJECTID":322960,"ESITEID":454211,"PRIMARYNAME":"CAMP RD","ALIAS1":"","ALIAS2":"","ALIAS3":"","ALIAS4":"","ALIAS5":"","PRIMARYADDRESS":"362 CAMP RD","SITETYPE":"Single Family Dwelling","MAPYEAR":"Wed, 31 Dec 2014 16:57:15 GMT","SITETYPE_MULTI1":"","SITETYPE_MULTI2":"","SITETYPE_MULTI3":"","YearBuilt":null,"YearBuiltSrc":null,"YearBuiltNotes":"","ResUnitCnt":1,"NonResUnitCnt":0,"DateUpdate":"Sat, 28 Jan 2023 00:35:17 GMT","County":"Rutland County","Inc_Muni":"Hubbardton","AddNum_Pre":null,"Add_Number":362,"AddNum_Suf":"","St_PreMod":"","St_PreDir":"","St_PreTyp":"","St_PreSep":"","St_Name":"Camp","St_PosTyp":"Road","St_PosDir":"","St_PosMod":"","ESN":"328","Post_Comm":"Brandon","Post_Code":"05733","GlobalID":"4ad75cd2-47cf-4fe0-ba23-f37e1a702950","Category":"Residential"}},
{"type":"Feature","id":70142,"geometry":{"type":"Point","coordinates":[-73.1997840508298,43.7447203633162]},"properties":{"OBJECTID":70142,"ESITEID":454213,"PRIMARYNAME":"CAMP RD","ALIAS1":"","ALIAS2":"","ALIAS3":"","ALIAS4":"","ALIAS5":"","PRIMARYADDRESS":"749 CAMP RD","SITETYPE":"Single Family Dwelling","MAPYEAR":"Fri, 02 Jan 2015 09:06:12 GMT","SITETYPE_MULTI1":"","SITETYPE_MULTI2":"","SITETYPE_MULTI3":"","YearBuilt":null,"YearBuiltSrc":null,"YearBuiltNotes":"","ResUnitCnt":1,"NonResUnitCnt":0,"DateUpdate":"Sat, 28 Jan 2023 00:35:17 GMT","County":"Rutland County","Inc_Muni":"Hubbardton","AddNum_Pre":null,"Add_Number":749,"AddNum_Suf":"","St_PreMod":"","St_PreDir":"","St_PreTyp":"","St_PreSep":"","St_Name":"Camp","St_PosTyp":"Road","St_PosDir":"","St_PosMod":"","ESN":"328","Post_Comm":"Brandon","Post_Code":"05733","GlobalID":"2233699a-79c8-41d2-8a28-ffd1eb5cfc79","Category":"Residential"}},
{"type":"Feature","id":280306,"geometry":{"type":"Point","coordinates":[-73.1900091647983,43.6834089928743]},"properties":{"OBJECTID":280306,"ESITEID":454214,"PRIMARYNAME":"CAMPGROUND DR","ALIAS1":"","ALIAS2":"","ALIAS3":"","ALIAS4":"","ALIAS5":"","PRIMARYADDRESS":"63 CAMPGROUND DR","SITETYPE":"Residential Other","MAPYEAR":"Fri, 02 Jan 2015 09:10:07 GMT","SITETYPE_MULTI1":"","SITETYPE_MULTI2":"","SITETYPE_MULTI3":"","YearBuilt":null,"YearBuiltSrc":null,"YearBuiltNotes":"","ResUnitCnt":1,"NonResUnitCnt":0,"DateUpdate":"Thu, 10 Aug 2023 16:27:45 GMT","County":"Rutland County","Inc_Muni":"Hubbardton","AddNum_Pre":null,"Add_Number":63,"AddNum_Suf":"","St_PreMod":"","St_PreDir":"","St_PreTyp":"","St_PreSep":"","St_Name":"Campground","St_PosTyp":"Drive","St_PosDir":"","St_PosMod":"","ESN":"328","Post_Comm":"Bomoseen","Post_Code":"05732","GlobalID":"24bc4d9c-0940-4284-98e9-016e966e0ddd","Category":"Residential"}},
{"type":"Feature","id":273845,"geometry":{"type":"Point","coordinates":[-73.1907965637233,43.6846372851105]},"properties":{"OBJECTID":273845,"ESITEID":454215,"PRIMARYNAME":"CAMPGROUND DR","ALIAS1":"","ALIAS2":"","ALIAS3":"","ALIAS4":"","ALIAS5":"","PRIMARYADDRESS":"131 CAMPGROUND DR","SITETYPE":"Boat Ramp \/ Dock","MAPYEAR":"Fri, 02 Jan 2015 09:17:32 GMT","SITETYPE_MULTI1":"","SITETYPE_MULTI2":"","SITETYPE_MULTI3":"","YearBuilt":null,"YearBuiltSrc":null,"YearBuiltNotes":"","ResUnitCnt":0,"NonResUnitCnt":0,"DateUpdate":"Fri, 18 Apr 2025 09:13:19 GMT","County":"Rutland County","Inc_Muni":"Hubbardton","AddNum_Pre":"","Add_Number":131,"AddNum_Suf":"","St_PreMod":"","St_PreDir":"","St_PreTyp":"","St_PreSep":"","St_Name":"Campground","St_PosTyp":"Drive","St_PosDir":"","St_PosMod":"","ESN":"328","Post_Comm":"Bomoseen","Post_Code":"05732","GlobalID":"0868f09e-69d2-4aae-9723-73a12dea0ed1","Category":"Recreation"}},
{"type":"Feature","id":174473,"geometry":{"type":"Point","coordinates":[-73.1970646055888,43.7186998895227]},"properties":{"OBJECTID":174473,"ESITEID":454216,"PRIMARYNAME":"HORTONIA RD","ALIAS1":"","ALIAS2":"","ALIAS3":"","ALIAS4":"","ALIAS5":"","PRIMARYADDRESS":"638 HORTONIA RD","SITETYPE":"Single Family Dwelling","MAPYEAR":"Fri, 02 Jan 2015 09:23:57 GMT","SITETYPE_MULTI1":"","SITETYPE_MULTI2":"","SITETYPE_MULTI3":"","YearBuilt":null,"YearBuiltSrc":null,"YearBuiltNotes":"","ResUnitCnt":1,"NonResUnitCnt":0,"DateUpdate":"Thu, 10 Aug 2023 15:51:06 GMT","County":"Rutland County","Inc_Muni":"Hubbardton","AddNum_Pre":null,"Add_Number":638,"AddNum_Suf":"","St_PreMod":"","St_PreDir":"","St_PreTyp":"","St_PreSep":"","St_Name":"Hortonia","St_PosTyp":"Road","St_PosDir":"","St_PosMod":"","ESN":"328","Post_Comm":"Fair Haven","Post_Code":"05743","GlobalID":"a261254e-070d-47c2-8020-94c3a2c02f22","Category":"Residential"}},
{"type":"Feature","id":134333,"geometry":{"type":"Point","coordinates":[-73.2287610616644,43.7214097700661]},"properties":{"OBJECTID":134333,"ESITEID":454217,"PRIMARYNAME":"WEST RD","ALIAS1":"","ALIAS2":"","ALIAS3":"","ALIAS4":"","ALIAS5":"","PRIMARYADDRESS":"116 WEST RD","SITETYPE":"Single Family Dwelling","MAPYEAR":"Fri, 02 Jan 2015 09:33:06 GMT","SITETYPE_MULTI1":"","SITETYPE_MULTI2":"","SITETYPE_MULTI3":"","YearBuilt":null,"YearBuiltSrc":null,"YearBuiltNotes":"","ResUnitCnt":1,"NonResUnitCnt":0,"DateUpdate":"Thu, 21 Apr 2016 15:31:47 GMT","County":"Rutland County","Inc_Muni":"Hubbardton","AddNum_Pre":null,"Add_Number":116,"AddNum_Suf":"","St_PreMod":"","St_PreDir":"","St_PreTyp":"","St_PreSep":"","St_Name":"West","St_PosTyp":"Road","St_PosDir":"","St_PosMod":"","ESN":"328","Post_Comm":"Fair Haven","Post_Code":"05743","GlobalID":"779de107-33c3-486b-b97b-a95dfbb99aa3","Category":"Residential"}},
{"type":"Feature","id":134226,"geometry":{"type":"Point","coordinates":[-73.2285967074595,43.7203793635463]},"properties":{"OBJECTID":134226,"ESITEID":454218,"PRIMARYNAME":"WEST RD","ALIAS1":"","ALIAS2":"","ALIAS3":"","ALIAS4":"","ALIAS5":"","PRIMARYADDRESS":"165 WEST RD","SITETYPE":"Maple Production Facility","MAPYEAR":"Fri, 02 Jan 2015 09:34:07 GMT","SITETYPE_MULTI1":"","SITETYPE_MULTI2":"","SITETYPE_MULTI3":"","YearBuilt":null,"YearBuiltSrc":null,"YearBuiltNotes":"","ResUnitCnt":1,"NonResUnitCnt":0,"DateUpdate":"Wed, 12 Jul 2023 14:23:58 GMT","County":"Rutland County","Inc_Muni":"Hubbardton","AddNum_Pre":null,"Add_Number":165,"AddNum_Suf":"","St_PreMod":"","St_PreDir":"","St_PreTyp":"","St_PreSep":"","St_Name":"West","St_PosTyp":"Road","St_PosDir":"","St_PosMod":"","ESN":"328","Post_Comm":"Fair Haven","Post_Code":"05743","GlobalID":"ea69ed73-1d20-4efe-af8d-2503d30f0304","Category":"Commercial"}},
{"type":"Feature","id":27020,"geometry":{"type":"Point","coordinates":[-73.2183350701428,43.6899560195944]},"properties":{"OBJECTID":27020,"ESITEID":454219,"PRIMARYNAME":"SFH","ALIAS1":"","ALIAS2":"","ALIAS3":"","ALIAS4":"","ALIAS5":"","PRIMARYADDRESS":"702 SFH","SITETYPE":"Camp","MAPYEAR":"Fri, 02 Jan 2015 09:40:56 GMT","SITETYPE_MULTI1":"","SITETYPE_MULTI2":"","SITETYPE_MULTI3":"","YearBuilt":null,"YearBuiltSrc":null,"YearBuiltNotes":"","ResUnitCnt":1,"NonResUnitCnt":0,"DateUpdate":"Sat, 28 Jan 2023 00:35:17 GMT","County":"Rutland County","Inc_Muni":"Hubbardton","AddNum_Pre":null,"Add_Number":702,"AddNum_Suf":"","St_PreMod":"","St_PreDir":" ","St_PreTyp":"","St_PreSep":"","St_Name":"State Forest","St_PosTyp":"Highway","St_PosDir":" ","St_PosMod":"","ESN":"328","Post_Comm":"Fair Haven","Post_Code":"05743","GlobalID":"bc823880-386c-457d-894c-40f921c61d03","Category":"Residential"}},
{"type":"Feature","id":95807,"geometry":{"type":"Point","coordinates":[-73.2175954150167,43.6915038369631]},"properties":{"OBJECTID":95807,"ESITEID":454220,"PRIMARYNAME":"SFH","ALIAS1":"","ALIAS2":"","ALIAS3":"","ALIAS4":"","ALIAS5":"","PRIMARYADDRESS":"731 SFH","SITETYPE":"Camp","MAPYEAR":"Fri, 02 Jan 2015 09:42:09 GMT","SITETYPE_MULTI1":"","SITETYPE_MULTI2":"","SITETYPE_MULTI3":"","YearBuilt":null,"YearBuiltSrc":null,"YearBuiltNotes":"","ResUnitCnt":1,"NonResUnitCnt":0,"DateUpdate":"Sat, 28 Jan 2023 00:35:17 GMT","County":"Rutland County","Inc_Muni":"Hubbardton","AddNum_Pre":null,"Add_Number":731,"AddNum_Suf":"","St_PreMod":"","St_PreDir":" ","St_PreTyp":"","St_PreSep":"","St_Name":"State Forest","St_PosTyp":"Highway","St_PosDir":" ","St_PosMod":"","ESN":"328","Post_Comm":"Fair Haven","Post_Code":"05743","GlobalID":"b91a93e1-5b1c-475b-ae89-67c5fe334203","Category":"Residential"}},
{"type":"Feature","id":278536,"geometry":{"type":"Point","coordinates":[-73.2210728720917,43.6920713577128]},"properties":{"OBJECTID":278536,"ESITEID":454221,"PRIMARYNAME":"SFH","ALIAS1":"","ALIAS2":"","ALIAS3":"","ALIAS4":"","ALIAS5":"","PRIMARYADDRESS":"519 SFH","SITETYPE":"Camp","MAPYEAR":"Fri, 02 Jan 2015 09:43:12 GMT","SITETYPE_MULTI1":"","SITETYPE_MULTI2":"","SITETYPE_MULTI3":"","YearBuilt":null,"YearBuiltSrc":null,"YearBuiltNotes":"","ResUnitCnt":1,"NonResUnitCnt":0,"DateUpdate":"Sat, 28 Jan 2023 00:35:17 GMT","County":"Rutland County","Inc_Muni":"Hubbardton","AddNum_Pre":null,"Add_Number":519,"AddNum_Suf":"","St_PreMod":"","St_PreDir":" ","St_PreTyp":"","St_PreSep":"","St_Name":"State Forest","St_PosTyp":"Highway","St_PosDir":" ","St_PosMod":"","ESN":"328","Post_Comm":"Fair Haven","Post_Code":"05743","GlobalID":"a060f8ca-5959-4258-b5c2-76315f6a7472","Category":"Residential"}},
{"type":"Feature","id":4578,"geometry":{"type":"Point","coordinates":[-73.2196332017514,43.6955954293226]},"properties":{"OBJECTID":4578,"ESITEID":454222,"PRIMARYNAME":"SFH","ALIAS1":"","ALIAS2":"","ALIAS3":"","ALIAS4":"","ALIAS5":"","PRIMARYADDRESS":"233 SFH","SITETYPE":"Camp","MAPYEAR":"Fri, 02 Jan 2015 09:44:27 GMT","SITETYPE_MULTI1":"","SITETYPE_MULTI2":"","SITETYPE_MULTI3":"","YearBuilt":null,"YearBuiltSrc":null,"YearBuiltNotes":"","ResUnitCnt":1,"NonResUnitCnt":0,"DateUpdate":"Sat, 28 Jan 2023 00:35:17 GMT","County":"Rutland County","Inc_Muni":"Hubbardton","AddNum_Pre":null,"Add_Number":233,"AddNum_Suf":"","St_PreMod":"","St_PreDir":" ","St_PreTyp":"","St_PreSep":"","St_Name":"State Forest","St_PosTyp":"Highway","St_PosDir":" ","St_PosMod":"","ESN":"328","Post_Comm":"Fair Haven","Post_Code":"05743","GlobalID":"f811c7ef-4024-41ee-8372-4cd9d8b37f95","Category":"Residential"}},
{"type":"Feature","id":279521,"geometry":{"type":"Point","coordinates":[-73.1171234379379,43.7045761247253]},"properties":{"OBJECTID":279521,"ESITEID":454447,"PRIMARYNAME":"BIDDIE KNOB RD","ALIAS1":"","ALIAS2":"","ALIAS3":"","ALIAS4":"","ALIAS5":"","PRIMARYADDRESS":"870 BIDDIE KNOB RD","SITETYPE":"Camp","MAPYEAR":"Fri, 06 Mar 2015 10:11:11 GMT","SITETYPE_MULTI1":"","SITETYPE_MULTI2":"","SITETYPE_MULTI3":"","YearBuilt":null,"YearBuiltSrc":null,"YearBuiltNotes":"","ResUnitCnt":1,"NonResUnitCnt":0,"DateUpdate":"Sat, 28 Jan 2023 00:35:19 GMT","County":"Rutland County","Inc_Muni":"Hubbardton","AddNum_Pre":"","Add_Number":870,"AddNum_Suf":"","St_PreMod":"","St_PreDir":"","St_PreTyp":"","St_PreSep":"","St_Name":"Biddie Knob","St_PosTyp":"Road","St_PosDir":"","St_PosMod":"","ESN":"328","Post_Comm":"Castleton","Post_Code":"05735","GlobalID":"91399aaa-4f04-4d6e-9456-04c21ca8c113","Category":"Residential"}},
{"type":"Feature","id":9715,"geometry":{"type":"Point","coordinates":[-73.1375153203192,43.6913992469742]},"properties":{"OBJECTID":9715,"ESITEID":454478,"PRIMARYNAME":"MONUMENT HILL RD","ALIAS1":"","ALIAS2":"","ALIAS3":"","ALIAS4":"","ALIAS5":"","PRIMARYADDRESS":"5944 MONUMENT HILL RD","SITETYPE":"Communication Box","MAPYEAR":"Wed, 11 Mar 2015 16:52:12 GMT","SITETYPE_MULTI1":"","SITETYPE_MULTI2":"","SITETYPE_MULTI3":"","YearBuilt":null,"YearBuiltSrc":null,"YearBuiltNotes":"","ResUnitCnt":1,"NonResUnitCnt":0,"DateUpdate":"Sat, 23 Feb 2019 12:02:38 GMT","County":"Rutland County","Inc_Muni":"Hubbardton","AddNum_Pre":"","Add_Number":5944,"AddNum_Suf":"","St_PreMod":"","St_PreDir":" ","St_PreTyp":"","St_PreSep":"","St_Name":"Monument Hill","St_PosTyp":"Road","St_PosDir":" ","St_PosMod":"","ESN":"328","Post_Comm":"Castleton","Post_Code":"05735","GlobalID":"b77d18c8-fcb6-4911-a51f-2882088f5776","Category":"Utility"}},
{"type":"Feature","id":311906,"geometry":{"type":"Point","coordinates":[-73.1395635776524,43.7218677027244]},"properties":{"OBJECTID":311906,"ESITEID":610378,"PRIMARYNAME":"MONUMENT HILL RD","ALIAS1":"","ALIAS2":"","ALIAS3":"","ALIAS4":"","ALIAS5":"","PRIMARYADDRESS":"2964 MONUMENT HILL RD","SITETYPE":"Single Family Dwelling","MAPYEAR":"Wed, 19 Aug 2015 13:03:41 GMT","SITETYPE_MULTI1":"","SITETYPE_MULTI2":"","SITETYPE_MULTI3":"","YearBuilt":null,"YearBuiltSrc":null,"YearBuiltNotes":"","ResUnitCnt":1,"NonResUnitCnt":0,"DateUpdate":"Tue, 28 Mar 2023 14:15:57 GMT","County":"Rutland County","Inc_Muni":"Hubbardton","AddNum_Pre":"","Add_Number":2964,"AddNum_Suf":"","St_PreMod":"","St_PreDir":" ","St_PreTyp":"","St_PreSep":"","St_Name":"Monument Hill","St_PosTyp":"Road","St_PosDir":" ","St_PosMod":"","ESN":"328","Post_Comm":"Castleton","Post_Code":"05735","GlobalID":"5e6da0ff-272f-4f73-9e2c-137052d993df","Category":"Residential"}},
{"type":"Feature","id":339845,"geometry":{"type":"Point","coordinates":[-73.1360632712371,43.7268072183009]},"properties":{"OBJECTID":339845,"ESITEID":610379,"PRIMARYNAME":"MONUMENT HILL RD","ALIAS1":"","ALIAS2":"","ALIAS3":"","ALIAS4":"","ALIAS5":"","PRIMARYADDRESS":"3089 MONUMENT HILL RD","SITETYPE":"Camp","MAPYEAR":"Wed, 19 Aug 2015 13:04:18 GMT","SITETYPE_MULTI1":"","SITETYPE_MULTI2":"","SITETYPE_MULTI3":"","YearBuilt":null,"YearBuiltSrc":null,"YearBuiltNotes":"","ResUnitCnt":1,"NonResUnitCnt":0,"DateUpdate":"Thu, 10 Aug 2023 16:27:12 GMT","County":"Rutland County","Inc_Muni":"Hubbardton","AddNum_Pre":"","Add_Number":3089,"AddNum_Suf":"","St_PreMod":"","St_PreDir":"","St_PreTyp":"","St_PreSep":"","St_Name":"Monument Hill","St_PosTyp":"Road","St_PosDir":"","St_PosMod":"","ESN":"328","Post_Comm":"Castleton","Post_Code":"05735","GlobalID":"a63fae38-5a70-4d1d-9b6f-d1f09dcc9b04","Category":"Residential"}},
{"type":"Feature","id":283322,"geometry":{"type":"Point","coordinates":[-73.1816130116837,43.7421324807082]},"properties":{"OBJECTID":283322,"ESITEID":610916,"PRIMARYNAME":"VT ROUTE 30","ALIAS1":"","ALIAS2":"","ALIAS3":"","ALIAS4":"","ALIAS5":"","PRIMARYADDRESS":"4410 VT ROUTE 30","SITETYPE":"Development Site","MAPYEAR":"Thu, 12 Nov 2015 13:57:56 GMT","SITETYPE_MULTI1":"","SITETYPE_MULTI2":"","SITETYPE_MULTI3":"","YearBuilt":null,"YearBuiltSrc":null,"YearBuiltNotes":"","ResUnitCnt":1,"NonResUnitCnt":0,"DateUpdate":"Fri, 18 Apr 2025 09:38:15 GMT","County":"Rutland County","Inc_Muni":"Hubbardton","AddNum_Pre":"","Add_Number":4410,"AddNum_Suf":"","St_PreMod":"","St_PreDir":"","St_PreTyp":"Vermont Route","St_PreSep":"","St_Name":"30","St_PosTyp":"","St_PosDir":"","St_PosMod":"","ESN":"328","Post_Comm":"Bomoseen","Post_Code":"05732","GlobalID":"5e6a9b00-3b59-49f4-b0f3-f311379fd935","Category":"Residential"}},
{"type":"Feature","id":96804,"geometry":{"type":"Point","coordinates":[-73.1823241996063,43.7077648956473]},"properties":{"OBJECTID":96804,"ESITEID":610918,"PRIMARYNAME":"MONUMENT HILL RD","ALIAS1":"","ALIAS2":"","ALIAS3":"","ALIAS4":"","ALIAS5":"","PRIMARYADDRESS":"110 MONUMENT HILL RD","SITETYPE":"Development Site","MAPYEAR":"Thu, 12 Nov 2015 14:27:17 GMT","SITETYPE_MULTI1":"","SITETYPE_MULTI2":"","SITETYPE_MULTI3":"","YearBuilt":null,"YearBuiltSrc":null,"YearBuiltNotes":"","ResUnitCnt":1,"NonResUnitCnt":0,"DateUpdate":"Wed, 12 Jun 2024 12:00:39 GMT","County":"Rutland County","Inc_Muni":"Hubbardton","AddNum_Pre":"","Add_Number":110,"AddNum_Suf":"","St_PreMod":"","St_PreDir":"","St_PreTyp":"","St_PreSep":"","St_Name":"Monument Hill","St_PosTyp":"Road","St_PosDir":"","St_PosMod":"","ESN":"328","Post_Comm":"Bomoseen","Post_Code":"05732","GlobalID":"e43d4606-ef2e-4c71-a19a-bf677088f23e","Category":"Residential"}},
{"type":"Feature","id":311454,"geometry":{"type":"Point","coordinates":[-73.1365608900865,43.6904556005837]},"properties":{"OBJECTID":311454,"ESITEID":611575,"PRIMARYNAME":"MONUMENT HILL RD","ALIAS1":"","ALIAS2":"","ALIAS3":"","ALIAS4":"","ALIAS5":"","PRIMARYADDRESS":"6037 MONUMENT HILL RD","SITETYPE":"Single Family Dwelling","MAPYEAR":"Tue, 03 May 2016 13:40:55 GMT","SITETYPE_MULTI1":"","SITETYPE_MULTI2":"","SITETYPE_MULTI3":"","YearBuilt":null,"YearBuiltSrc":null,"YearBuiltNotes":"","ResUnitCnt":1,"NonResUnitCnt":0,"DateUpdate":"Tue, 28 Mar 2023 14:16:20 GMT","County":"Rutland County","Inc_Muni":"Hubbardton","AddNum_Pre":"","Add_Number":6037,"AddNum_Suf":"","St_PreMod":"","St_PreDir":" ","St_PreTyp":"","St_PreSep":"","St_Name":"Monument Hill","St_PosTyp":"Road","St_PosDir":" ","St_PosMod":"","ESN":"328","Post_Comm":"Castleton","Post_Code":"05735","GlobalID":"133da476-aba8-4ffb-acb6-11587c9b4df8","Category":"Residential"}},
{"type":"Feature","id":2694,"geometry":{"type":"Point","coordinates":[-73.2061418094887,43.7175625220929]},"properties":{"OBJECTID":2694,"ESITEID":611576,"PRIMARYNAME":"HORTONIA RD","ALIAS1":"","ALIAS2":"","ALIAS3":"","ALIAS4":"","ALIAS5":"","PRIMARYADDRESS":"1220 HORTONIA RD","SITETYPE":"Single Family Dwelling","MAPYEAR":"Tue, 03 May 2016 13:43:51 GMT","SITETYPE_MULTI1":"","SITETYPE_MULTI2":"","SITETYPE_MULTI3":"","YearBuilt":null,"YearBuiltSrc":null,"YearBuiltNotes":"","ResUnitCnt":1,"NonResUnitCnt":0,"DateUpdate":"Thu, 10 Aug 2023 15:51:06 GMT","County":"Rutland County","Inc_Muni":"Hubbardton","AddNum_Pre":"","Add_Number":1220,"AddNum_Suf":"","St_PreMod":"","St_PreDir":" ","St_PreTyp":"","St_PreSep":"","St_Name":"Hortonia","St_PosTyp":"Road","St_PosDir":" ","St_PosMod":"","ESN":"328","Post_Comm":"Fair Haven","Post_Code":"05743","GlobalID":"0b6bf5ed-202f-4875-a20d-870daf620e03","Category":"Residential"}},
{"type":"Feature","id":17189,"geometry":{"type":"Point","coordinates":[-73.1844709202448,43.7463700996912]},"properties":{"OBJECTID":17189,"ESITEID":611625,"PRIMARYNAME":"DELANCEY RD","ALIAS1":"","ALIAS2":"","ALIAS3":"","ALIAS4":"","ALIAS5":"","PRIMARYADDRESS":"142 DELANCEY RD","SITETYPE":"Single Family Dwelling","MAPYEAR":"Mon, 09 May 2016 14:33:14 GMT","SITETYPE_MULTI1":"","SITETYPE_MULTI2":"","SITETYPE_MULTI3":"","YearBuilt":null,"YearBuiltSrc":null,"YearBuiltNotes":"","ResUnitCnt":1,"NonResUnitCnt":0,"DateUpdate":"Thu, 15 Feb 2024 09:14:05 GMT","County":"Rutland County","Inc_Muni":"Hubbardton","AddNum_Pre":"","Add_Number":142,"AddNum_Suf":"","St_PreMod":"","St_PreDir":"","St_PreTyp":"","St_PreSep":"","St_Name":"Delancey","St_PosTyp":"Road","St_PosDir":"","St_PosMod":"","ESN":"328","Post_Comm":"Brandon","Post_Code":"05733","GlobalID":"09dfbc6a-3dc1-462b-a605-c5560a83c160","Category":"Residential"}},
{"type":"Feature","id":297570,"geometry":{"type":"Point","coordinates":[-73.1840041026419,43.7449000822635]},"properties":{"OBJECTID":297570,"ESITEID":611762,"PRIMARYNAME":"VT ROUTE 30","ALIAS1":"","ALIAS2":"","ALIAS3":"","ALIAS4":"","ALIAS5":"","PRIMARYADDRESS":"4692 VT ROUTE 30","SITETYPE":"Residential Other","MAPYEAR":"Thu, 26 May 2016 16:13:14 GMT","SITETYPE_MULTI1":"","SITETYPE_MULTI2":"","SITETYPE_MULTI3":"","YearBuilt":null,"YearBuiltSrc":null,"YearBuiltNotes":"","ResUnitCnt":1,"NonResUnitCnt":0,"DateUpdate":"Thu, 15 Feb 2024 09:14:08 GMT","County":"Rutland County","Inc_Muni":"Hubbardton","AddNum_Pre":"","Add_Number":4692,"AddNum_Suf":"","St_PreMod":"","St_PreDir":"","St_PreTyp":"Vermont Route","St_PreSep":"","St_Name":"30","St_PosTyp":"","St_PosDir":"","St_PosMod":"","ESN":"328","Post_Comm":"Brandon","Post_Code":"05733","GlobalID":"a781fcc1-5892-4e1e-90b2-2f87a9d492fb","Category":"Residential"}},
{"type":"Feature","id":89808,"geometry":{"type":"Point","coordinates":[-73.1845962289543,43.743677846856]},"properties":{"OBJECTID":89808,"ESITEID":611763,"PRIMARYNAME":"VT ROUTE 30","ALIAS1":"","ALIAS2":"","ALIAS3":"","ALIAS4":"","ALIAS5":"","PRIMARYADDRESS":"4650 VT ROUTE 30","SITETYPE":"Single Family Dwelling","MAPYEAR":"Thu, 26 May 2016 16:13:37 GMT","SITETYPE_MULTI1":"","SITETYPE_MULTI2":"","SITETYPE_MULTI3":"","YearBuilt":null,"YearBuiltSrc":null,"YearBuiltNotes":"","ResUnitCnt":1,"NonResUnitCnt":0,"DateUpdate":"Fri, 01 Aug 2025 11:14:00 GMT","County":"Rutland County","Inc_Muni":"Hubbardton","AddNum_Pre":"","Add_Number":4650,"AddNum_Suf":"","St_PreMod":"","St_PreDir":"","St_PreTyp":"Vermont Route","St_PreSep":"","St_Name":"30","St_PosTyp":"","St_PosDir":"","St_PosMod":"","ESN":"328","Post_Comm":"Brandon","Post_Code":"05733","GlobalID":"feec4fd2-675b-4c69-affc-dd9bb8c83ce9","Category":"Residential"}},
{"type":"Feature","id":306715,"geometry":{"type":"Point","coordinates":[-73.134575481286,43.739451825413]},"properties":{"OBJECTID":306715,"ESITEID":618113,"PRIMARYNAME":"HIGH POND RD","ALIAS1":"","ALIAS2":"","ALIAS3":"","ALIAS4":"","ALIAS5":"","PRIMARYADDRESS":"1281 HIGH POND RD","SITETYPE":"Single Family Dwelling","MAPYEAR":"Wed, 06 Jun 2018 08:23:20 GMT","SITETYPE_MULTI1":"","SITETYPE_MULTI2":"","SITETYPE_MULTI3":"","YearBuilt":null,"YearBuiltSrc":null,"YearBuiltNotes":"","ResUnitCnt":1,"NonResUnitCnt":0,"DateUpdate":"Thu, 15 Feb 2024 09:14:05 GMT","County":"Rutland County","Inc_Muni":"Hubbardton","AddNum_Pre":"","Add_Number":1281,"AddNum_Suf":"","St_PreMod":"","St_PreDir":"","St_PreTyp":"","St_PreSep":"","St_Name":"High Pond","St_PosTyp":"Road","St_PosDir":"","St_PosMod":"","ESN":"328","Post_Comm":"Brandon","Post_Code":"05733","GlobalID":"9e13f3b5-8c62-4901-941f-7adc277a5de2","Category":"Residential"}},
{"type":"Feature","id":225599,"geometry":{"type":"Point","coordinates":[-73.1356394950965,43.7402103480278]},"properties":{"OBJECTID":225599,"ESITEID":618114,"PRIMARYNAME":"HIGH POND RD","ALIAS1":"","ALIAS2":"","ALIAS3":"","ALIAS4":"","ALIAS5":"","PRIMARYADDRESS":"1383 HIGH POND RD","SITETYPE":"Snowsport Facility","MAPYEAR":"Wed, 06 Jun 2018 08:25:48 GMT","SITETYPE_MULTI1":"","SITETYPE_MULTI2":"","SITETYPE_MULTI3":"","YearBuilt":null,"YearBuiltSrc":null,"YearBuiltNotes":"","ResUnitCnt":1,"NonResUnitCnt":0,"DateUpdate":"Tue, 28 Mar 2023 14:18:26 GMT","County":"Rutland County","Inc_Muni":"Hubbardton","AddNum_Pre":"","Add_Number":1383,"AddNum_Suf":"","St_PreMod":"","St_PreDir":"","St_PreTyp":"","St_PreSep":"","St_Name":"High Pond","St_PosTyp":"Road","St_PosDir":"","St_PosMod":"","ESN":"328","Post_Comm":"Brandon","Post_Code":"05733","GlobalID":"f0be6dad-13e4-4ae4-8a38-9e80c42813fe","Category":"Commercial"}},
{"type":"Feature","id":5161,"geometry":{"type":"Point","coordinates":[-73.1353987138561,43.7404260140386]},"properties":{"OBJECTID":5161,"ESITEID":618115,"PRIMARYNAME":"HIGH POND RD","ALIAS1":"","ALIAS2":"","ALIAS3":"","ALIAS4":"","ALIAS5":"","PRIMARYADDRESS":"1381 HIGH POND RD","SITETYPE":"Snowsport Facility","MAPYEAR":"Wed, 06 Jun 2018 08:25:52 GMT","SITETYPE_MULTI1":"","SITETYPE_MULTI2":"","SITETYPE_MULTI3":"","YearBuilt":null,"YearBuiltSrc":null,"YearBuiltNotes":"","ResUnitCnt":1,"NonResUnitCnt":0,"DateUpdate":"Tue, 28 Mar 2023 14:18:26 GMT","County":"Rutland County","Inc_Muni":"Hubbardton","AddNum_Pre":"","Add_Number":1381,"AddNum_Suf":"","St_PreMod":"","St_PreDir":"","St_PreTyp":"","St_PreSep":"","St_Name":"High Pond","St_PosTyp":"Road","St_PosDir":"","St_PosMod":"","ESN":"328","Post_Comm":"Brandon","Post_Code":"05733","GlobalID":"c1cd6f78-f44b-40fa-92f3-3a3f9d8d1852","Category":"Commercial"}},
{"type":"Feature","id":161691,"geometry":{"type":"Point","coordinates":[-73.1834133717413,43.6977374100657]},"properties":{"OBJECTID":161691,"ESITEID":618247,"PRIMARYNAME":"DIKEMAN RD","ALIAS1":"","ALIAS2":"","ALIAS3":"","ALIAS4":"","ALIAS5":"","PRIMARYADDRESS":"0 DIKEMAN RD","SITETYPE":"Accessory Building","MAPYEAR":"Thu, 21 Jun 2018 12:58:22 GMT","SITETYPE_MULTI1":"","SITETYPE_MULTI2":"","SITETYPE_MULTI3":"","YearBuilt":null,"YearBuiltSrc":null,"YearBuiltNotes":"","ResUnitCnt":0,"NonResUnitCnt":0,"DateUpdate":"Thu, 10 Aug 2023 16:27:46 GMT","County":"Rutland County","Inc_Muni":"Hubbardton","AddNum_Pre":"","Add_Number":0,"AddNum_Suf":"","St_PreMod":"","St_PreDir":"","St_PreTyp":"","St_PreSep":"","St_Name":"Dikeman","St_PosTyp":"Road","St_PosDir":"","St_PosMod":"","ESN":"328","Post_Comm":"Bomoseen","Post_Code":"05732","GlobalID":"6eda8041-f839-4fb3-bd0b-3e04b68e74f2","Category":"Residential"}},
{"type":"Feature","id":273255,"geometry":{"type":"Point","coordinates":[-73.1819240798249,43.6976901514644]},"properties":{"OBJECTID":273255,"ESITEID":618248,"PRIMARYNAME":"BIG D WAY","ALIAS1":"","ALIAS2":"","ALIAS3":"","ALIAS4":"","ALIAS5":"","PRIMARYADDRESS":"115 BIG D WAY","SITETYPE":"Mobile Home","MAPYEAR":"Thu, 21 Jun 2018 13:14:45 GMT","SITETYPE_MULTI1":"","SITETYPE_MULTI2":"","SITETYPE_MULTI3":"","YearBuilt":null,"YearBuiltSrc":null,"YearBuiltNotes":"","ResUnitCnt":1,"NonResUnitCnt":0,"DateUpdate":"Thu, 13 Jun 2024 13:31:39 GMT","County":"Rutland County","Inc_Muni":"Hubbardton","AddNum_Pre":"","Add_Number":115,"AddNum_Suf":"","St_PreMod":"","St_PreDir":"","St_PreTyp":"","St_PreSep":"","St_Name":"Big D","St_PosTyp":"Way","St_PosDir":"","St_PosMod":"","ESN":"328","Post_Comm":"Bomoseen","Post_Code":"05732","GlobalID":"e927279b-097c-4b52-b013-5204d81fd928","Category":"Residential"}},
{"type":"Feature","id":196251,"geometry":{"type":"Point","coordinates":[-73.1795767062645,43.6970611448347]},"properties":{"OBJECTID":196251,"ESITEID":618249,"PRIMARYNAME":"BIG D WAY","ALIAS1":"","ALIAS2":"","ALIAS3":"","ALIAS4":"","ALIAS5":"","PRIMARYADDRESS":"330 BIG D WAY","SITETYPE":"Campground \/ RV Park","MAPYEAR":"Thu, 21 Jun 2018 13:14:51 GMT","SITETYPE_MULTI1":"","SITETYPE_MULTI2":"","SITETYPE_MULTI3":"","YearBuilt":null,"YearBuiltSrc":null,"YearBuiltNotes":"","ResUnitCnt":1,"NonResUnitCnt":0,"DateUpdate":"Thu, 10 Aug 2023 16:27:44 GMT","County":"Rutland County","Inc_Muni":"Hubbardton","AddNum_Pre":"","Add_Number":330,"AddNum_Suf":"","St_PreMod":"","St_PreDir":"","St_PreTyp":"","St_PreSep":"","St_Name":"Big D","St_PosTyp":"Way","St_PosDir":"","St_PosMod":"","ESN":"328","Post_Comm":"Bomoseen","Post_Code":"05732","GlobalID":"4098cd73-777b-4ec9-9582-b9c0e96e9a05","Category":"Recreation"}},
{"type":"Feature","id":110228,"geometry":{"type":"Point","coordinates":[-73.1772287530156,43.6960844023841]},"properties":{"OBJECTID":110228,"ESITEID":618250,"PRIMARYNAME":"BIG D WAY","ALIAS1":"","ALIAS2":"","ALIAS3":"","ALIAS4":"","ALIAS5":"","PRIMARYADDRESS":"517 BIG D WAY","SITETYPE":"Mobile Home","MAPYEAR":"Thu, 21 Jun 2018 13:14:56 GMT","SITETYPE_MULTI1":"","SITETYPE_MULTI2":"","SITETYPE_MULTI3":"","YearBuilt":null,"YearBuiltSrc":null,"YearBuiltNotes":"","ResUnitCnt":1,"NonResUnitCnt":0,"DateUpdate":"Thu, 10 Aug 2023 16:27:44 GMT","County":"Rutland County","Inc_Muni":"Hubbardton","AddNum_Pre":"","Add_Number":517,"AddNum_Suf":"","St_PreMod":"","St_PreDir":"","St_PreTyp":"","St_PreSep":"","St_Name":"Big D","St_PosTyp":"Way","St_PosDir":"","St_PosMod":"","ESN":"328","Post_Comm":"Bomoseen","Post_Code":"05732","GlobalID":"388232b6-f1e0-4a02-bb14-c7986cfdb76d","Category":"Residential"}},
{"type":"Feature","id":130237,"geometry":{"type":"Point","coordinates":[-73.2301114809328,43.7266282627724]},"properties":{"OBJECTID":130237,"ESITEID":619255,"PRIMARYNAME":"BAKER RD","ALIAS1":"","ALIAS2":"","ALIAS3":"","ALIAS4":"","ALIAS5":"","PRIMARYADDRESS":"709 BAKER RD","SITETYPE":"Single Family Dwelling","MAPYEAR":"Thu, 01 Jan 1998 00:00:00 GMT","SITETYPE_MULTI1":"","SITETYPE_MULTI2":"","SITETYPE_MULTI3":"","YearBuilt":null,"YearBuiltSrc":null,"YearBuiltNotes":"","ResUnitCnt":1,"NonResUnitCnt":0,"DateUpdate":"Tue, 28 Mar 2023 14:18:56 GMT","County":"Rutland County","Inc_Muni":"Hubbardton","AddNum_Pre":"","Add_Number":709,"AddNum_Suf":"","St_PreMod":"","St_PreDir":"","St_PreTyp":"","St_PreSep":"","St_Name":"Baker","St_PosTyp":"Road","St_PosDir":"","St_PosMod":"","ESN":"328","Post_Comm":"Fair Haven","Post_Code":"05743","GlobalID":"846c49bf-4121-47b0-8557-c1b6914a48b9","Category":"Residential"}},
{"type":"Feature","id":268935,"geometry":{"type":"Point","coordinates":[-73.1810782070614,43.7296625188981]},"properties":{"OBJECTID":268935,"ESITEID":646578,"PRIMARYNAME":"VT ROUTE 30","ALIAS1":"","ALIAS2":"","ALIAS3":"","ALIAS4":"","ALIAS5":"","PRIMARYADDRESS":"3623 VT ROUTE 30","SITETYPE":"Accessory Building","MAPYEAR":"Tue, 03 Jun 2025 16:18:35 GMT","SITETYPE_MULTI1":"","SITETYPE_MULTI2":"","SITETYPE_MULTI3":"","YearBuilt":null,"YearBuiltSrc":null,"YearBuiltNotes":"","ResUnitCnt":1,"NonResUnitCnt":0,"DateUpdate":"Fri, 20 Feb 2026 15:56:19 GMT","County":"Rutland County","Inc_Muni":"Hubbardton","AddNum_Pre":null,"Add_Number":3623,"AddNum_Suf":"","St_PreMod":"","St_PreDir":"","St_PreTyp":"Vermont Route","St_PreSep":"","St_Name":"30","St_PosTyp":"","St_PosDir":"","St_PosMod":"","ESN":"328","Post_Comm":"Bomoseen","Post_Code":"05732","GlobalID":"20b912be-0a15-4483-a44c-ac7dcef35aaf","Category":"Residential"}},
{"type":"Feature","id":305816,"geometry":{"type":"Point","coordinates":[-73.1777080383951,43.7326588620807]},"properties":{"OBJECTID":305816,"ESITEID":646579,"PRIMARYNAME":"VT ROUTE 30","ALIAS1":"","ALIAS2":"","ALIAS3":"","ALIAS4":"","ALIAS5":"","PRIMARYADDRESS":"3670 VT ROUTE 30","SITETYPE":"Camp","MAPYEAR":"Tue, 03 Jun 2025 16:20:36 GMT","SITETYPE_MULTI1":"","SITETYPE_MULTI2":"","SITETYPE_MULTI3":"","YearBuilt":null,"YearBuiltSrc":null,"YearBuiltNotes":"","ResUnitCnt":1,"NonResUnitCnt":0,"DateUpdate":"Fri, 20 Feb 2026 15:56:19 GMT","County":"Rutland County","Inc_Muni":"Hubbardton","AddNum_Pre":null,"Add_Number":3670,"AddNum_Suf":"","St_PreMod":"","St_PreDir":"","St_PreTyp":"Vermont Route","St_PreSep":"","St_Name":"30","St_PosTyp":"","St_PosDir":"","St_PosMod":"","ESN":"328","Post_Comm":"Bomoseen","Post_Code":"05732","GlobalID":"e24a5f2c-4d9f-4670-8552-40416e42962c","Category":"Residential"}},
{"type":"Feature","id":349695,"geometry":{"type":"Point","coordinates":[-73.1840502427651,43.7074389219472]},"properties":{"OBJECTID":349695,"ESITEID":655702,"PRIMARYNAME":"MONUMENT HILL RD","ALIAS1":"","ALIAS2":"","ALIAS3":"","ALIAS4":"","ALIAS5":"","PRIMARYADDRESS":"23 MONUMENT HILL RD","SITETYPE":"Campground \/ RV Park","MAPYEAR":"Wed, 12 Jun 2024 11:59:08 GMT","SITETYPE_MULTI1":"","SITETYPE_MULTI2":"","SITETYPE_MULTI3":"","YearBuilt":null,"YearBuiltSrc":null,"YearBuiltNotes":"","ResUnitCnt":1,"NonResUnitCnt":0,"DateUpdate":"Fri, 18 Apr 2025 09:08:24 GMT","County":"Rutland County","Inc_Muni":"Hubbardton","AddNum_Pre":null,"Add_Number":23,"AddNum_Suf":"","St_PreMod":"","St_PreDir":"","St_PreTyp":"","St_PreSep":"","St_Name":"Monument Hill","St_PosTyp":"Road","St_PosDir":"","St_PosMod":"","ESN":"328","Post_Comm":"Bomoseen","Post_Code":"05732","GlobalID":"e96552e8-0a8e-4a26-94ac-c554df7ba4c6","Category":"Recreation"}},
{"type":"Feature","id":302473,"geometry":{"type":"Point","coordinates":[-73.1824074382784,43.7407198151442]},"properties":{"OBJECTID":302473,"ESITEID":655703,"PRIMARYNAME":"VT ROUTE 30","ALIAS1":"","ALIAS2":"","ALIAS3":"","ALIAS4":"","ALIAS5":"","PRIMARYADDRESS":"0 VT ROUTE 30","SITETYPE":"Gated Access","MAPYEAR":"Wed, 12 Jun 2024 13:09:57 GMT","SITETYPE_MULTI1":"","SITETYPE_MULTI2":"","SITETYPE_MULTI3":"","YearBuilt":null,"YearBuiltSrc":null,"YearBuiltNotes":"","ResUnitCnt":1,"NonResUnitCnt":0,"DateUpdate":"Fri, 18 Apr 2025 09:34:07 GMT","County":"Rutland County","Inc_Muni":"Hubbardton","AddNum_Pre":null,"Add_Number":0,"AddNum_Suf":"","St_PreMod":"","St_PreDir":"","St_PreTyp":"Vermont Route","St_PreSep":"","St_Name":"30","St_PosTyp":"","St_PosDir":"","St_PosMod":"","ESN":"328","Post_Comm":"Bomoseen","Post_Code":"05732","GlobalID":"ae7c08b0-edde-4114-bfa1-39e7ec0be0c5","Category":"Other"}},
{"type":"Feature","id":28801,"geometry":{"type":"Point","coordinates":[-73.166029457285,43.7106465043545]},"properties":{"OBJECTID":28801,"ESITEID":656390,"PRIMARYNAME":"MILITARY RD","ALIAS1":"","ALIAS2":"","ALIAS3":"","ALIAS4":"","ALIAS5":"","PRIMARYADDRESS":"26 MILITARY RD","SITETYPE":"Single Family Dwelling","MAPYEAR":"Fri, 24 Jan 2025 14:30:41 GMT","SITETYPE_MULTI1":"","SITETYPE_MULTI2":"","SITETYPE_MULTI3":"","YearBuilt":null,"YearBuiltSrc":null,"YearBuiltNotes":"","ResUnitCnt":1,"NonResUnitCnt":0,"DateUpdate":"Fri, 06 Mar 2026 10:29:40 GMT","County":"Rutland County","Inc_Muni":"Hubbardton","AddNum_Pre":null,"Add_Number":26,"AddNum_Suf":"","St_PreMod":"","St_PreDir":"","St_PreTyp":"","St_PreSep":"","St_Name":"Military","St_PosTyp":"Road","St_PosDir":"","St_PosMod":"","ESN":"328","Post_Comm":"Castleton","Post_Code":"05735","GlobalID":"0a0844cb-3df0-4767-a186-e2d268ab946e","Category":"Residential"}},
{"type":"Feature","id":105134,"geometry":{"type":"Point","coordinates":[-73.1562456978649,43.6879190911737]},"properties":{"OBJECTID":105134,"ESITEID":656824,"PRIMARYNAME":"HINKLEY RD","ALIAS1":null,"ALIAS2":null,"ALIAS3":null,"ALIAS4":null,"ALIAS5":null,"PRIMARYADDRESS":"555 HINKLEY RD","SITETYPE":"Camp","MAPYEAR":"Tue, 16 Jun 2026 13:09:30 GMT","SITETYPE_MULTI1":null,"SITETYPE_MULTI2":null,"SITETYPE_MULTI3":null,"YearBuilt":null,"YearBuiltSrc":null,"YearBuiltNotes":null,"ResUnitCnt":1,"NonResUnitCnt":0,"DateUpdate":"Thu, 18 Jun 2026 16:10:08 GMT","County":"Rutland County","Inc_Muni":"Hubbardton","AddNum_Pre":null,"Add_Number":555,"AddNum_Suf":null,"St_PreMod":"","St_PreDir":" ","St_PreTyp":null,"St_PreSep":"","St_Name":"Hinkley","St_PosTyp":"Road","St_PosDir":"","St_PosMod":"","ESN":"328","Post_Comm":"Castleton","Post_Code":"05735","GlobalID":"f1a1dbbc-4d47-4609-8bfc-3e79d25e81d5","Category":"Residential"}},
{"type":"Feature","id":176181,"geometry":{"type":"Point","coordinates":[-73.1563379674099,43.6880320718804]},"properties":{"OBJECTID":176181,"ESITEID":750307,"PRIMARYNAME":"HINKLEY RD","ALIAS1":"","ALIAS2":"","ALIAS3":"","ALIAS4":"","ALIAS5":"","PRIMARYADDRESS":"553 HINKLEY RD","SITETYPE":"Single Family Dwelling","MAPYEAR":"Tue, 09 Feb 2016 14:32:34 GMT","SITETYPE_MULTI1":"","SITETYPE_MULTI2":"","SITETYPE_MULTI3":"","YearBuilt":null,"YearBuiltSrc":null,"YearBuiltNotes":"","ResUnitCnt":1,"NonResUnitCnt":0,"DateUpdate":"Thu, 18 Jun 2026 16:10:08 GMT","County":"Rutland County","Inc_Muni":"Hubbardton","AddNum_Pre":"","Add_Number":553,"AddNum_Suf":"","St_PreMod":"","St_PreDir":" ","St_PreTyp":"","St_PreSep":"","St_Name":"Hinkley","St_PosTyp":"Road","St_PosDir":"","St_PosMod":"","ESN":"328","Post_Comm":"Castleton","Post_Code":"05735","GlobalID":"d35a147d-3a28-41a1-8b05-1a10abae90e0","Category":"Residential"}},
{"type":"Feature","id":69105,"geometry":{"type":"Point","coordinates":[-73.2247206683235,43.7023569733985]},"properties":{"OBJECTID":69105,"ESITEID":751832,"PRIMARYNAME":"BLACK POND RD","ALIAS1":"","ALIAS2":"","ALIAS3":"","ALIAS4":"","ALIAS5":"","PRIMARYADDRESS":"1381 BLACK POND RD","SITETYPE":"Boat Ramp \/ Dock","MAPYEAR":"Tue, 18 Apr 2017 15:28:58 GMT","SITETYPE_MULTI1":"","SITETYPE_MULTI2":"","SITETYPE_MULTI3":"","YearBuilt":null,"YearBuiltSrc":null,"YearBuiltNotes":"","ResUnitCnt":0,"NonResUnitCnt":0,"DateUpdate":"Fri, 18 Apr 2025 09:37:51 GMT","County":"Rutland County","Inc_Muni":"Hubbardton","AddNum_Pre":"","Add_Number":1381,"AddNum_Suf":"","St_PreMod":"","St_PreDir":" ","St_PreTyp":"","St_PreSep":"","St_Name":"Black Pond","St_PosTyp":"Road","St_PosDir":" ","St_PosMod":"","ESN":"328","Post_Comm":"Fair Haven","Post_Code":"05743","GlobalID":"999055ba-df2b-49b0-8cbd-e1e88957b846","Category":"Recreation"}},
{"type":"Feature","id":289639,"geometry":{"type":"Point","coordinates":[-73.2154911642226,43.7159774350405]},"properties":{"OBJECTID":289639,"ESITEID":751833,"PRIMARYNAME":"BLACK POND RD","ALIAS1":"","ALIAS2":"","ALIAS3":"","ALIAS4":"","ALIAS5":"","PRIMARYADDRESS":"99 BLACK POND RD","SITETYPE":"Boat Ramp \/ Dock","MAPYEAR":"Tue, 18 Apr 2017 15:45:20 GMT","SITETYPE_MULTI1":"","SITETYPE_MULTI2":"","SITETYPE_MULTI3":"","YearBuilt":null,"YearBuiltSrc":null,"YearBuiltNotes":"","ResUnitCnt":0,"NonResUnitCnt":0,"DateUpdate":"Fri, 18 Apr 2025 09:31:00 GMT","County":"Rutland County","Inc_Muni":"Hubbardton","AddNum_Pre":"","Add_Number":99,"AddNum_Suf":"","St_PreMod":"","St_PreDir":" ","St_PreTyp":"","St_PreSep":"","St_Name":"Black Pond","St_PosTyp":"Road","St_PosDir":" ","St_PosMod":"","ESN":"328","Post_Comm":"Fair Haven","Post_Code":"05743","GlobalID":"0a7f37ae-aba5-40f4-9787-2285a4f0e1a8","Category":"Recreation"}},
{"type":"Feature","id":269957,"geometry":{"type":"Point","coordinates":[-73.2149896995229,43.7320608130462]},"properties":{"OBJECTID":269957,"ESITEID":751841,"PRIMARYNAME":"ANDERSON DR","ALIAS1":"","ALIAS2":"","ALIAS3":"","ALIAS4":"","ALIAS5":"","PRIMARYADDRESS":"546 ANDERSON DR","SITETYPE":"Maple Production Facility","MAPYEAR":"Wed, 19 Apr 2017 07:50:28 GMT","SITETYPE_MULTI1":"","SITETYPE_MULTI2":"","SITETYPE_MULTI3":"","YearBuilt":null,"YearBuiltSrc":null,"YearBuiltNotes":"","ResUnitCnt":1,"NonResUnitCnt":0,"DateUpdate":"Thu, 10 Aug 2023 15:51:05 GMT","County":"Rutland County","Inc_Muni":"Hubbardton","AddNum_Pre":"","Add_Number":546,"AddNum_Suf":"","St_PreMod":"","St_PreDir":" ","St_PreTyp":"","St_PreSep":"","St_Name":"Anderson","St_PosTyp":"Drive","St_PosDir":" ","St_PosMod":"","ESN":"328","Post_Comm":"Fair Haven","Post_Code":"05743","GlobalID":"ad03ce0b-92f1-4240-924a-e8ba88eab216","Category":"Commercial"}},
{"type":"Feature","id":319030,"geometry":{"type":"Point","coordinates":[-73.1734447384826,43.7028096289486]},"properties":{"OBJECTID":319030,"ESITEID":752011,"PRIMARYNAME":"WOODS RD","ALIAS1":"","ALIAS2":"","ALIAS3":"","ALIAS4":"","ALIAS5":"","PRIMARYADDRESS":"410 WOODS RD","SITETYPE":"Camp","MAPYEAR":"Wed, 26 Apr 2017 13:58:49 GMT","SITETYPE_MULTI1":"","SITETYPE_MULTI2":"","SITETYPE_MULTI3":"","YearBuilt":null,"YearBuiltSrc":null,"YearBuiltNotes":"","ResUnitCnt":1,"NonResUnitCnt":0,"DateUpdate":"Tue, 28 Mar 2023 14:17:23 GMT","County":"Rutland County","Inc_Muni":"Hubbardton","AddNum_Pre":"","Add_Number":410,"AddNum_Suf":"","St_PreMod":"","St_PreDir":"","St_PreTyp":"","St_PreSep":"","St_Name":"Woods","St_PosTyp":"Road","St_PosDir":"","St_PosMod":"","ESN":"328","Post_Comm":"Castleton","Post_Code":"05735","GlobalID":"20d2bf5c-0f2e-4aa4-984c-20d8f1de0096","Category":"Residential"}},
{"type":"Feature","id":236004,"geometry":{"type":"Point","coordinates":[-73.1544163335256,43.68167240845]},"properties":{"OBJECTID":236004,"ESITEID":752984,"PRIMARYNAME":"HINKLEY RD","ALIAS1":"","ALIAS2":"","ALIAS3":"","ALIAS4":"","ALIAS5":"","PRIMARYADDRESS":"969 HINKLEY RD","SITETYPE":"Camp","MAPYEAR":"Tue, 12 Sep 2017 12:15:34 GMT","SITETYPE_MULTI1":"","SITETYPE_MULTI2":"","SITETYPE_MULTI3":"","YearBuilt":null,"YearBuiltSrc":null,"YearBuiltNotes":"","ResUnitCnt":1,"NonResUnitCnt":0,"DateUpdate":"Tue, 28 Mar 2023 14:17:48 GMT","County":"Rutland County","Inc_Muni":"Hubbardton","AddNum_Pre":"","Add_Number":969,"AddNum_Suf":"","St_PreMod":"","St_PreDir":" ","St_PreTyp":"","St_PreSep":"","St_Name":"Hinkley","St_PosTyp":"Road","St_PosDir":"","St_PosMod":"","ESN":"328","Post_Comm":"Castleton","Post_Code":"05735","GlobalID":"55e16d79-03e0-4266-a503-0dcfdd129d8b","Category":"Residential"}},
{"type":"Feature","id":69670,"geometry":{"type":"Point","coordinates":[-73.1889610000689,43.7489252500722]},"properties":{"OBJECTID":69670,"ESITEID":752985,"PRIMARYNAME":"VT ROUTE 30","ALIAS1":"","ALIAS2":"","ALIAS3":"","ALIAS4":"","ALIAS5":"","PRIMARYADDRESS":"5056 VT ROUTE 30","SITETYPE":"Access Point","MAPYEAR":"Tue, 12 Sep 2017 12:17:07 GMT","SITETYPE_MULTI1":"","SITETYPE_MULTI2":"","SITETYPE_MULTI3":"","YearBuilt":null,"YearBuiltSrc":null,"YearBuiltNotes":"","ResUnitCnt":0,"NonResUnitCnt":0,"DateUpdate":"Fri, 09 Apr 2021 17:51:35 GMT","County":"Rutland County","Inc_Muni":"Hubbardton","AddNum_Pre":"","Add_Number":5056,"AddNum_Suf":"","St_PreMod":"","St_PreDir":"","St_PreTyp":"Vermont Route","St_PreSep":"","St_Name":"30","St_PosTyp":"","St_PosDir":"","St_PosMod":"","ESN":"328","Post_Comm":"Brandon","Post_Code":"05733","GlobalID":"2927b3d0-6602-4407-bf1e-28c758d274b1","Category":"Other"}},
{"type":"Feature","id":179227,"geometry":{"type":"Point","coordinates":[-73.2218548976136,43.7457322004858]},"properties":{"OBJECTID":179227,"ESITEID":753521,"PRIMARYNAME":"LHCS RD","ALIAS1":"","ALIAS2":"","ALIAS3":"","ALIAS4":"","ALIAS5":"","PRIMARYADDRESS":"22 LHCS RD","SITETYPE":"Boat Ramp \/ Dock","MAPYEAR":"Thu, 07 Dec 2017 08:34:53 GMT","SITETYPE_MULTI1":"","SITETYPE_MULTI2":"","SITETYPE_MULTI3":"","YearBuilt":null,"YearBuiltSrc":null,"YearBuiltNotes":"","ResUnitCnt":0,"NonResUnitCnt":0,"DateUpdate":"Fri, 18 Apr 2025 09:29:25 GMT","County":"Rutland County","Inc_Muni":"Hubbardton","AddNum_Pre":"","Add_Number":22,"AddNum_Suf":"","St_PreMod":"","St_PreDir":"","St_PreTyp":"","St_PreSep":"","St_Name":"Lhcs","St_PosTyp":"Road","St_PosDir":"","St_PosMod":"","ESN":"328","Post_Comm":"Fair Haven","Post_Code":"05743","GlobalID":"dae8f1c4-7c13-44d3-8e86-dcea8fca6f8e","Category":"Recreation"}},
{"type":"Feature","id":104827,"geometry":{"type":"Point","coordinates":[-73.1789187368575,43.706708035812]},"properties":{"OBJECTID":104827,"ESITEID":755560,"PRIMARYNAME":"MONUMENT HILL RD","ALIAS1":"","ALIAS2":"","ALIAS3":"","ALIAS4":"","ALIAS5":"","PRIMARYADDRESS":"74 MONUMENT HILL RD","SITETYPE":"Development Site","MAPYEAR":"Fri, 02 Nov 2018 14:21:49 GMT","SITETYPE_MULTI1":"","SITETYPE_MULTI2":"","SITETYPE_MULTI3":"","YearBuilt":null,"YearBuiltSrc":null,"YearBuiltNotes":"","ResUnitCnt":1,"NonResUnitCnt":0,"DateUpdate":"Wed, 12 Jun 2024 12:00:30 GMT","County":"Rutland County","Inc_Muni":"Hubbardton","AddNum_Pre":"","Add_Number":74,"AddNum_Suf":"","St_PreMod":"","St_PreDir":"","St_PreTyp":"","St_PreSep":"","St_Name":"Monument Hill","St_PosTyp":"Road","St_PosDir":"","St_PosMod":"","ESN":"328","Post_Comm":"Bomoseen","Post_Code":"05732","GlobalID":"6734a332-99e9-4471-9a44-aadcfdedfe06","Category":"Residential"}},
{"type":"Feature","id":186239,"geometry":{"type":"Point","coordinates":[-73.1983389865894,43.745862179868]},"properties":{"OBJECTID":186239,"ESITEID":758120,"PRIMARYNAME":"CAMP RD","ALIAS1":"","ALIAS2":"","ALIAS3":"","ALIAS4":"","ALIAS5":"","PRIMARYADDRESS":"603 CAMP RD","SITETYPE":"Residential Other","MAPYEAR":"Tue, 05 May 2020 16:10:46 GMT","SITETYPE_MULTI1":"","SITETYPE_MULTI2":"","SITETYPE_MULTI3":"","YearBuilt":null,"YearBuiltSrc":null,"YearBuiltNotes":"","ResUnitCnt":1,"NonResUnitCnt":0,"DateUpdate":"Tue, 28 Mar 2023 14:20:09 GMT","County":"Rutland County","Inc_Muni":"Hubbardton","AddNum_Pre":null,"Add_Number":603,"AddNum_Suf":"","St_PreMod":"","St_PreDir":"","St_PreTyp":"","St_PreSep":"","St_Name":"Camp","St_PosTyp":"Road","St_PosDir":"","St_PosMod":"","ESN":"328","Post_Comm":"Brandon","Post_Code":"05733","GlobalID":"d3ba26e8-3a72-4801-b038-85a0c7399ef4","Category":"Residential"}},
{"type":"Feature","id":251959,"geometry":{"type":"Point","coordinates":[-73.1335256025433,43.7249329456579]},"properties":{"OBJECTID":251959,"ESITEID":762076,"PRIMARYNAME":"MONUMENT HILL RD","ALIAS1":"","ALIAS2":"","ALIAS3":"","ALIAS4":"","ALIAS5":"","PRIMARYADDRESS":"3153 MONUMENT HILL RD","SITETYPE":"Development Site","MAPYEAR":"Fri, 17 Dec 2021 16:23:55 GMT","SITETYPE_MULTI1":"","SITETYPE_MULTI2":"","SITETYPE_MULTI3":"","YearBuilt":null,"YearBuiltSrc":null,"YearBuiltNotes":"","ResUnitCnt":1,"NonResUnitCnt":0,"DateUpdate":"Thu, 10 Aug 2023 16:27:13 GMT","County":"Rutland County","Inc_Muni":"Hubbardton","AddNum_Pre":null,"Add_Number":3153,"AddNum_Suf":"","St_PreMod":"","St_PreDir":"","St_PreTyp":"","St_PreSep":"","St_Name":"Monument Hill","St_PosTyp":"Road","St_PosDir":"","St_PosMod":"","ESN":"328","Post_Comm":"Castleton","Post_Code":"05735","GlobalID":"08efbc7b-b427-47ae-a78c-ece046f27d3a","Category":"Residential"}},
{"type":"Feature","id":319637,"geometry":{"type":"Point","coordinates":[-73.1948894104393,43.7479474253822]},"properties":{"OBJECTID":319637,"ESITEID":763381,"PRIMARYNAME":"CAMP RD","ALIAS1":"","ALIAS2":"","ALIAS3":"","ALIAS4":"","ALIAS5":"","PRIMARYADDRESS":"400 CAMP RD","SITETYPE":"Accessory Building","MAPYEAR":"Fri, 17 Jun 2022 09:18:33 GMT","SITETYPE_MULTI1":"","SITETYPE_MULTI2":"","SITETYPE_MULTI3":"","YearBuilt":null,"YearBuiltSrc":null,"YearBuiltNotes":"","ResUnitCnt":0,"NonResUnitCnt":0,"DateUpdate":"Fri, 13 Mar 2026 16:08:18 GMT","County":"Rutland County","Inc_Muni":"Hubbardton","AddNum_Pre":"","Add_Number":400,"AddNum_Suf":"","St_PreMod":"","St_PreDir":"","St_PreTyp":"","St_PreSep":"","St_Name":"Camp","St_PosTyp":"Road","St_PosDir":"","St_PosMod":"","ESN":"328","Post_Comm":"Brandon","Post_Code":"05733","GlobalID":"81d28213-455c-4f83-8026-9bdbe0d01dde","Category":"Residential"}},
{"type":"Feature","id":60080,"geometry":{"type":"Point","coordinates":[-73.1797960150771,43.7371676547272]},"properties":{"OBJECTID":60080,"ESITEID":764448,"PRIMARYNAME":"VT ROUTE 30","ALIAS1":"","ALIAS2":"","ALIAS3":"","ALIAS4":"","ALIAS5":"","PRIMARYADDRESS":"0 VT ROUTE 30","SITETYPE":"Campground \/ RV Park","MAPYEAR":"Tue, 11 Oct 2022 10:18:36 GMT","SITETYPE_MULTI1":"","SITETYPE_MULTI2":"","SITETYPE_MULTI3":"","YearBuilt":null,"YearBuiltSrc":null,"YearBuiltNotes":"","ResUnitCnt":1,"NonResUnitCnt":0,"DateUpdate":"Mon, 29 Jan 2024 09:28:20 GMT","County":"Rutland County","Inc_Muni":"Hubbardton","AddNum_Pre":null,"Add_Number":0,"AddNum_Suf":"","St_PreMod":"","St_PreDir":"","St_PreTyp":"Vermont Route","St_PreSep":"","St_Name":"30","St_PosTyp":"","St_PosDir":"","St_PosMod":"","ESN":"328","Post_Comm":"Bomoseen","Post_Code":"05732","GlobalID":"dc9725cb-d7bf-4e45-993a-72837f7c19f7","Category":"Recreation"}},
{"type":"Feature","id":231709,"geometry":{"type":"Point","coordinates":[-73.1798751765278,43.7378816312817]},"properties":{"OBJECTID":231709,"ESITEID":764477,"PRIMARYNAME":"GANSON HILL RD W","ALIAS1":"","ALIAS2":"","ALIAS3":"","ALIAS4":"","ALIAS5":"","PRIMARYADDRESS":"45 GANSON HILL RD W","SITETYPE":"Camp","MAPYEAR":"Tue, 11 Oct 2022 10:22:13 GMT","SITETYPE_MULTI1":"","SITETYPE_MULTI2":"","SITETYPE_MULTI3":"","YearBuilt":null,"YearBuiltSrc":null,"YearBuiltNotes":"","ResUnitCnt":1,"NonResUnitCnt":0,"DateUpdate":"Fri, 20 Feb 2026 15:56:19 GMT","County":"Rutland County","Inc_Muni":"Hubbardton","AddNum_Pre":null,"Add_Number":45,"AddNum_Suf":"","St_PreMod":"","St_PreDir":"","St_PreTyp":"","St_PreSep":"","St_Name":"Ganson Hill","St_PosTyp":"Road","St_PosDir":"West","St_PosMod":"","ESN":"328","Post_Comm":"Bomoseen","Post_Code":"05732","GlobalID":"fe156391-26cc-4e72-a290-c065ec539969","Category":"Residential"}},
{"type":"Feature","id":193325,"geometry":{"type":"Point","coordinates":[-73.1802261271253,43.7375535686869]},"properties":{"OBJECTID":193325,"ESITEID":764478,"PRIMARYNAME":"GANSON HILL RD W","ALIAS1":"","ALIAS2":"","ALIAS3":"","ALIAS4":"","ALIAS5":"","PRIMARYADDRESS":"24 GANSON HILL RD W","SITETYPE":"Camp","MAPYEAR":"Tue, 11 Oct 2022 10:22:13 GMT","SITETYPE_MULTI1":"","SITETYPE_MULTI2":"","SITETYPE_MULTI3":"","YearBuilt":null,"YearBuiltSrc":null,"YearBuiltNotes":"","ResUnitCnt":1,"NonResUnitCnt":0,"DateUpdate":"Fri, 20 Feb 2026 15:56:19 GMT","County":"Rutland County","Inc_Muni":"Hubbardton","AddNum_Pre":null,"Add_Number":24,"AddNum_Suf":"","St_PreMod":"","St_PreDir":"","St_PreTyp":"","St_PreSep":"","St_Name":"Ganson Hill","St_PosTyp":"Road","St_PosDir":"West","St_PosMod":"","ESN":"328","Post_Comm":"Bomoseen","Post_Code":"05732","GlobalID":"01a3af63-e8d4-43fc-8774-326a773ce564","Category":"Residential"}},
{"type":"Feature","id":160934,"geometry":{"type":"Point","coordinates":[-73.1923779173906,43.7318794564433]},"properties":{"OBJECTID":160934,"ESITEID":764868,"PRIMARYNAME":"OLD TI RD","ALIAS1":"","ALIAS2":"","ALIAS3":"","ALIAS4":"","ALIAS5":"","PRIMARYADDRESS":"1670 OLD TI RD","SITETYPE":"Camp","MAPYEAR":"Thu, 27 Oct 2022 20:30:37 GMT","SITETYPE_MULTI1":"","SITETYPE_MULTI2":"","SITETYPE_MULTI3":"","YearBuilt":null,"YearBuiltSrc":null,"YearBuiltNotes":"","ResUnitCnt":1,"NonResUnitCnt":0,"DateUpdate":"Fri, 24 Jan 2025 10:58:43 GMT","County":"Rutland County","Inc_Muni":"Hubbardton","AddNum_Pre":null,"Add_Number":1670,"AddNum_Suf":"","St_PreMod":"Old","St_PreDir":"","St_PreTyp":"","St_PreSep":"","St_Name":"Ti","St_PosTyp":"Road","St_PosDir":"","St_PosMod":"","ESN":"328","Post_Comm":"Bomoseen","Post_Code":"05732","GlobalID":"f9048387-b593-486d-a8d0-43b4b09c4745","Category":"Residential"}},
{"type":"Feature","id":172029,"geometry":{"type":"Point","coordinates":[-73.1940416936536,43.7314835762396]},"properties":{"OBJECTID":172029,"ESITEID":764869,"PRIMARYNAME":"OLD TI RD","ALIAS1":"","ALIAS2":"","ALIAS3":"","ALIAS4":"","ALIAS5":"","PRIMARYADDRESS":"1585 OLD TI RD","SITETYPE":"Camp","MAPYEAR":"Thu, 27 Oct 2022 20:30:40 GMT","SITETYPE_MULTI1":"","SITETYPE_MULTI2":"","SITETYPE_MULTI3":"","YearBuilt":null,"YearBuiltSrc":null,"YearBuiltNotes":"","ResUnitCnt":1,"NonResUnitCnt":0,"DateUpdate":"Fri, 24 Jan 2025 10:56:53 GMT","County":"Rutland County","Inc_Muni":"Hubbardton","AddNum_Pre":null,"Add_Number":1585,"AddNum_Suf":"","St_PreMod":"Old","St_PreDir":"","St_PreTyp":"","St_PreSep":"","St_Name":"Ti","St_PosTyp":"Road","St_PosDir":"","St_PosMod":"","ESN":"328","Post_Comm":"Bomoseen","Post_Code":"05732","GlobalID":"37416098-2fe3-4087-abff-e0eb6aeee89a","Category":"Residential"}},
{"type":"Feature","id":123263,"geometry":{"type":"Point","coordinates":[-73.1922278662431,43.7285701909444]},"properties":{"OBJECTID":123263,"ESITEID":764870,"PRIMARYNAME":"OLD TI RD","ALIAS1":"","ALIAS2":"","ALIAS3":"","ALIAS4":"","ALIAS5":"","PRIMARYADDRESS":"1394 OLD TI RD","SITETYPE":"Camp","MAPYEAR":"Thu, 27 Oct 2022 20:30:52 GMT","SITETYPE_MULTI1":"","SITETYPE_MULTI2":"","SITETYPE_MULTI3":"","YearBuilt":null,"YearBuiltSrc":null,"YearBuiltNotes":"","ResUnitCnt":1,"NonResUnitCnt":0,"DateUpdate":"Fri, 24 Jan 2025 10:56:19 GMT","County":"Rutland County","Inc_Muni":"Hubbardton","AddNum_Pre":null,"Add_Number":1394,"AddNum_Suf":"","St_PreMod":"Old","St_PreDir":"","St_PreTyp":"","St_PreSep":"","St_Name":"Ti","St_PosTyp":"Road","St_PosDir":"","St_PosMod":"","ESN":"328","Post_Comm":"Bomoseen","Post_Code":"05732","GlobalID":"30f61f76-0f14-47e3-8b1a-a00365728ac0","Category":"Residential"}},
{"type":"Feature","id":162163,"geometry":{"type":"Point","coordinates":[-73.1273697317752,43.7099377034489]},"properties":{"OBJECTID":162163,"ESITEID":766430,"PRIMARYNAME":"BIDDIE KNOB RD","ALIAS1":"","ALIAS2":"","ALIAS3":"","ALIAS4":"","ALIAS5":"","PRIMARYADDRESS":"57 BIDDIE KNOB RD","SITETYPE":"Single Family Dwelling","MAPYEAR":"Tue, 02 May 2023 15:28:36 GMT","SITETYPE_MULTI1":"","SITETYPE_MULTI2":"","SITETYPE_MULTI3":"","YearBuilt":null,"YearBuiltSrc":null,"YearBuiltNotes":"","ResUnitCnt":1,"NonResUnitCnt":0,"DateUpdate":"Wed, 20 Sep 2023 22:16:15 GMT","County":"Rutland County","Inc_Muni":"Hubbardton","AddNum_Pre":null,"Add_Number":57,"AddNum_Suf":"","St_PreMod":"","St_PreDir":"","St_PreTyp":"","St_PreSep":"","St_Name":"Biddie Knob","St_PosTyp":"Road","St_PosDir":"","St_PosMod":"","ESN":"328","Post_Comm":"Castleton","Post_Code":"05735","GlobalID":"97365050-e2a5-4cbc-8176-ade4edc6dcee","Category":"Residential"}},
{"type":"Feature","id":324295,"geometry":{"type":"Point","coordinates":[-73.1846663164482,43.6992396053923]},"properties":{"OBJECTID":324295,"ESITEID":766484,"PRIMARYNAME":"VT ROUTE 30","ALIAS1":"","ALIAS2":"","ALIAS3":"","ALIAS4":"","ALIAS5":"","PRIMARYADDRESS":"1450 VT ROUTE 30","SITETYPE":"Single Family Dwelling","MAPYEAR":"Mon, 08 May 2023 15:47:01 GMT","SITETYPE_MULTI1":"","SITETYPE_MULTI2":"","SITETYPE_MULTI3":"","YearBuilt":null,"YearBuiltSrc":null,"YearBuiltNotes":"","ResUnitCnt":1,"NonResUnitCnt":0,"DateUpdate":"Wed, 20 Sep 2023 22:17:47 GMT","County":"Rutland County","Inc_Muni":"Hubbardton","AddNum_Pre":null,"Add_Number":1450,"AddNum_Suf":"","St_PreMod":"","St_PreDir":"","St_PreTyp":"Vermont Route","St_PreSep":"","St_Name":"30","St_PosTyp":"","St_PosDir":"","St_PosMod":"","ESN":"328","Post_Comm":"Bomoseen","Post_Code":"05732","GlobalID":"645487ce-6856-4689-b3a5-6c631002dad2","Category":"Residential"}},
{"type":"Feature","id":234746,"geometry":{"type":"Point","coordinates":[-73.1381646296983,43.7259095046096]},"properties":{"OBJECTID":234746,"ESITEID":766492,"PRIMARYNAME":"MONUMENT HILL RD","ALIAS1":"","ALIAS2":"","ALIAS3":"","ALIAS4":"","ALIAS5":"","PRIMARYADDRESS":"3047 MONUMENT HILL RD","SITETYPE":"Campground \/ RV Park","MAPYEAR":"Tue, 09 May 2023 08:12:23 GMT","SITETYPE_MULTI1":"","SITETYPE_MULTI2":"","SITETYPE_MULTI3":"","YearBuilt":null,"YearBuiltSrc":null,"YearBuiltNotes":"","ResUnitCnt":1,"NonResUnitCnt":0,"DateUpdate":"Wed, 12 Jun 2024 12:07:00 GMT","County":"Rutland County","Inc_Muni":"Hubbardton","AddNum_Pre":null,"Add_Number":3047,"AddNum_Suf":"","St_PreMod":"","St_PreDir":"","St_PreTyp":"","St_PreSep":"","St_Name":"Monument Hill","St_PosTyp":"Road","St_PosDir":"","St_PosMod":"","ESN":"328","Post_Comm":"Castleton","Post_Code":"05735","GlobalID":"1bb40ec6-c5be-4904-b66f-295a4a2ef50e","Category":"Recreation"}},
{"type":"Feature","id":290209,"geometry":{"type":"Point","coordinates":[-73.2253933590199,43.7441637783945]},"properties":{"OBJECTID":290209,"ESITEID":767362,"PRIMARYNAME":"ROUTE 144","ALIAS1":"","ALIAS2":"","ALIAS3":"","ALIAS4":"","ALIAS5":"","PRIMARYADDRESS":"476 ROUTE 144","SITETYPE":"Residential Other","MAPYEAR":"Wed, 23 Aug 2023 13:35:46 GMT","SITETYPE_MULTI1":"","SITETYPE_MULTI2":"","SITETYPE_MULTI3":"","YearBuilt":null,"YearBuiltSrc":null,"YearBuiltNotes":"","ResUnitCnt":1,"NonResUnitCnt":0,"DateUpdate":"Fri, 18 Apr 2025 09:32:13 GMT","County":"Rutland County","Inc_Muni":"Hubbardton","AddNum_Pre":"","Add_Number":476,"AddNum_Suf":"","St_PreMod":"","St_PreDir":"","St_PreTyp":"Route","St_PreSep":"","St_Name":"144","St_PosTyp":"","St_PosDir":"","St_PosMod":"","ESN":"328","Post_Comm":"Fair Haven","Post_Code":"05743","GlobalID":"327bd02b-dd6c-48f7-84a2-478a5664bec8","Category":"Residential"}},
{"type":"Feature","id":334644,"geometry":{"type":"Point","coordinates":[-73.1990814620623,43.7460576018754]},"properties":{"OBJECTID":334644,"ESITEID":769744,"PRIMARYNAME":"CAMP RD","ALIAS1":"","ALIAS2":"","ALIAS3":"","ALIAS4":"","ALIAS5":"","PRIMARYADDRESS":"641 CAMP RD","SITETYPE":"Single Family Dwelling","MAPYEAR":"Tue, 27 Aug 2024 00:48:20 GMT","SITETYPE_MULTI1":"","SITETYPE_MULTI2":"","SITETYPE_MULTI3":"","YearBuilt":null,"YearBuiltSrc":null,"YearBuiltNotes":"","ResUnitCnt":1,"NonResUnitCnt":0,"DateUpdate":"Fri, 01 Aug 2025 11:13:43 GMT","County":"Rutland County","Inc_Muni":"Hubbardton","AddNum_Pre":null,"Add_Number":641,"AddNum_Suf":"","St_PreMod":"","St_PreDir":"","St_PreTyp":"","St_PreSep":"","St_Name":"Camp","St_PosTyp":"Road","St_PosDir":"","St_PosMod":"","ESN":"328","Post_Comm":"Brandon","Post_Code":"05733","GlobalID":"9685c194-357c-4e77-b35c-f98feaa49414","Category":"Residential"}},
{"type":"Feature","id":196644,"geometry":{"type":"Point","coordinates":[-73.1640879026825,43.709556260836]},"properties":{"OBJECTID":196644,"ESITEID":770090,"PRIMARYNAME":"MILITARY RD","ALIAS1":"","ALIAS2":"","ALIAS3":"","ALIAS4":"","ALIAS5":"","PRIMARYADDRESS":"170 MILITARY RD","SITETYPE":"Single Family Dwelling","MAPYEAR":"Fri, 08 Nov 2024 12:23:25 GMT","SITETYPE_MULTI1":"","SITETYPE_MULTI2":"","SITETYPE_MULTI3":"","YearBuilt":null,"YearBuiltSrc":null,"YearBuiltNotes":"","ResUnitCnt":1,"NonResUnitCnt":0,"DateUpdate":"Fri, 24 Jan 2025 14:31:01 GMT","County":"Rutland County","Inc_Muni":"Hubbardton","AddNum_Pre":null,"Add_Number":170,"AddNum_Suf":"","St_PreMod":"","St_PreDir":"","St_PreTyp":"","St_PreSep":"","St_Name":"Military","St_PosTyp":"Road","St_PosDir":"","St_PosMod":"","ESN":"328","Post_Comm":"Castleton","Post_Code":"05735","GlobalID":"9ff1b078-e817-4eb1-be19-f05172cb4797","Category":"Residential"}},
{"type":"Feature","id":324333,"geometry":{"type":"Point","coordinates":[-73.2274249583244,43.7048501561886]},"properties":{"OBJECTID":324333,"ESITEID":770099,"PRIMARYNAME":"BLACK POND RD","ALIAS1":"","ALIAS2":"","ALIAS3":"","ALIAS4":"","ALIAS5":"","PRIMARYADDRESS":"1121 BLACK POND RD","SITETYPE":"Single Family Dwelling","MAPYEAR":"Wed, 13 Nov 2024 21:33:26 GMT","SITETYPE_MULTI1":"","SITETYPE_MULTI2":"","SITETYPE_MULTI3":"","YearBuilt":null,"YearBuiltSrc":null,"YearBuiltNotes":"","ResUnitCnt":1,"NonResUnitCnt":0,"DateUpdate":"Wed, 13 Nov 2024 21:33:32 GMT","County":"Rutland County","Inc_Muni":"Hubbardton","AddNum_Pre":null,"Add_Number":1121,"AddNum_Suf":"","St_PreMod":"","St_PreDir":" ","St_PreTyp":"","St_PreSep":"","St_Name":"Black Pond","St_PosTyp":"Road","St_PosDir":" ","St_PosMod":"","ESN":"328","Post_Comm":"Fair Haven","Post_Code":"05743","GlobalID":"6dcc028a-87b4-4081-a7f9-70985a016e94","Category":"Residential"}},
{"type":"Feature","id":261061,"geometry":{"type":"Point","coordinates":[-73.1880973955987,43.7257294468311]},"properties":{"OBJECTID":261061,"ESITEID":770559,"PRIMARYNAME":"OLD TI RD","ALIAS1":"","ALIAS2":"","ALIAS3":"","ALIAS4":"","ALIAS5":"","PRIMARYADDRESS":"512 OLD TI RD","SITETYPE":"Single Family Dwelling","MAPYEAR":"Fri, 06 Dec 2024 11:40:49 GMT","SITETYPE_MULTI1":"","SITETYPE_MULTI2":"","SITETYPE_MULTI3":"","YearBuilt":null,"YearBuiltSrc":null,"YearBuiltNotes":"","ResUnitCnt":1,"NonResUnitCnt":0,"DateUpdate":"Fri, 06 Mar 2026 10:29:40 GMT","County":"Rutland County","Inc_Muni":"Hubbardton","AddNum_Pre":null,"Add_Number":512,"AddNum_Suf":"","St_PreMod":"Old","St_PreDir":"","St_PreTyp":"","St_PreSep":"","St_Name":"Ti","St_PosTyp":"Road","St_PosDir":"","St_PosMod":"","ESN":"328","Post_Comm":"Bomoseen","Post_Code":"05732","GlobalID":"9080a4c7-2a35-4ff1-8d49-f1196e8d9fbf","Category":"Residential"}},
{"type":"Feature","id":154499,"geometry":{"type":"Point","coordinates":[-73.2225308137845,43.7208215245721]},"properties":{"OBJECTID":154499,"ESITEID":772388,"PRIMARYNAME":"BURNS RD","ALIAS1":"","ALIAS2":"","ALIAS3":"","ALIAS4":"","ALIAS5":"","PRIMARYADDRESS":"54 BURNS RD","SITETYPE":"Single Family Dwelling","MAPYEAR":"Wed, 27 Aug 2025 09:42:49 GMT","SITETYPE_MULTI1":"","SITETYPE_MULTI2":"","SITETYPE_MULTI3":"","YearBuilt":null,"YearBuiltSrc":null,"YearBuiltNotes":"","ResUnitCnt":1,"NonResUnitCnt":0,"DateUpdate":"Fri, 06 Mar 2026 10:29:40 GMT","County":"Rutland County","Inc_Muni":"Hubbardton","AddNum_Pre":null,"Add_Number":54,"AddNum_Suf":"","St_PreMod":"","St_PreDir":"","St_PreTyp":"","St_PreSep":"","St_Name":"Burns","St_PosTyp":"Road","St_PosDir":"","St_PosMod":"","ESN":"328","Post_Comm":"Fair Haven","Post_Code":"05743","GlobalID":"99d4e7e4-922d-4fb4-a54f-4c1e595e62a3","Category":"Residential"}},
{"type":"Feature","id":272053,"geometry":{"type":"Point","coordinates":[-73.1563357993413,43.7183114492248]},"properties":{"OBJECTID":272053,"ESITEID":773273,"PRIMARYNAME":"MONUMENT HILL RD","ALIAS1":null,"ALIAS2":null,"ALIAS3":null,"ALIAS4":null,"ALIAS5":null,"PRIMARYADDRESS":"1942 MONUMENT HILL RD","SITETYPE":"Access Point","MAPYEAR":"Mon, 02 Mar 2026 16:17:57 GMT","SITETYPE_MULTI1":null,"SITETYPE_MULTI2":null,"SITETYPE_MULTI3":null,"YearBuilt":null,"YearBuiltSrc":null,"YearBuiltNotes":null,"ResUnitCnt":0,"NonResUnitCnt":0,"DateUpdate":"Tue, 03 Mar 2026 04:30:39 GMT","County":"Rutland County","Inc_Muni":"Hubbardton","AddNum_Pre":null,"Add_Number":1942,"AddNum_Suf":null,"St_PreMod":"","St_PreDir":"","St_PreTyp":null,"St_PreSep":"","St_Name":"Monument Hill","St_PosTyp":"Road","St_PosDir":"","St_PosMod":"","ESN":"328","Post_Comm":"Castleton","Post_Code":"05735","GlobalID":"7586b285-2a5f-4ea9-9a7a-ed650a4d1b52","Category":"Other"}}
]
}
