<?xml version="1.0" encoding="UTF-8"?>
<osm version="0.6" generator="JOSM" upload="false">
  <node id="-100" visible="true" lat="43.070859369678" lon="-72.580109093718">
    <tag k="addr:city" v="Newfane" />
    <tag k="addr:housenumber" v="1474" />
    <tag k="addr:street" v="Grassy Brook Road" />
    <tag k="addr:state" v="VT" />
    <tag k="ref:vcgi:esiteid" v="40975" />
  </node>
  <node id="-101" visible="true" lat="43.070062625549" lon="-72.580828633796">
    <tag k="addr:city" v="Newfane" />
    <tag k="addr:housenumber" v="1466" />
    <tag k="addr:street" v="Grassy Brook Road" />
    <tag k="addr:state" v="VT" />
    <tag k="ref:vcgi:esiteid" v="40976" />
  </node>
  <node id="-102" visible="true" lat="43.069481387213" lon="-72.581505511955">
    <tag k="addr:city" v="Newfane" />
    <tag k="addr:housenumber" v="1454" />
    <tag k="addr:street" v="Grassy Brook Road" />
    <tag k="addr:state" v="VT" />
    <tag k="ref:vcgi:esiteid" v="40977" />
  </node>
  <node id="-103" visible="true" lat="43.067825192348" lon="-72.582365991095">
    <tag k="addr:city" v="Newfane" />
    <tag k="addr:housenumber" v="1440" />
    <tag k="addr:street" v="Grassy Brook Road" />
    <tag k="addr:state" v="VT" />
    <tag k="ref:vcgi:esiteid" v="40978" />
  </node>
  <node id="-104" visible="true" lat="43.06747149157" lon="-72.582551451558">
    <tag k="addr:city" v="Newfane" />
    <tag k="addr:housenumber" v="1438" />
    <tag k="addr:street" v="Grassy Brook Road" />
    <tag k="addr:state" v="VT" />
    <tag k="ref:vcgi:esiteid" v="40979" />
  </node>
  <node id="-105" visible="true" lat="43.065959941118" lon="-72.583758352179">
    <tag k="addr:city" v="Newfane" />
    <tag k="addr:housenumber" v="1402" />
    <tag k="addr:street" v="Grassy Brook Road" />
    <tag k="addr:state" v="VT" />
    <tag k="ref:vcgi:esiteid" v="40980" />
  </node>
  <node id="-106" visible="true" lat="43.064729755215" lon="-72.585232175866">
    <tag k="addr:city" v="Newfane" />
    <tag k="addr:housenumber" v="1383" />
    <tag k="addr:street" v="Grassy Brook Road" />
    <tag k="addr:state" v="VT" />
    <tag k="ref:vcgi:esiteid" v="40981" />
  </node>
  <node id="-107" visible="true" lat="43.064060690109" lon="-72.583635736932">
    <tag k="addr:city" v="Newfane" />
    <tag k="addr:housenumber" v="1382" />
    <tag k="addr:street" v="Grassy Brook Road" />
    <tag k="addr:state" v="VT" />
    <tag k="ref:vcgi:esiteid" v="40982" />
  </node>
  <node id="-108" visible="true" lat="43.063864352195" lon="-72.585092215663">
    <tag k="addr:city" v="Newfane" />
    <tag k="addr:housenumber" v="1370" />
    <tag k="addr:street" v="Grassy Brook Road" />
    <tag k="addr:state" v="VT" />
    <tag k="ref:vcgi:esiteid" v="40983" />
  </node>
  <node id="-109" visible="true" lat="43.062741005793" lon="-72.585606869525">
    <tag k="addr:city" v="Newfane" />
    <tag k="addr:housenumber" v="1354" />
    <tag k="addr:street" v="Grassy Brook Road" />
    <tag k="addr:state" v="VT" />
    <tag k="ref:vcgi:esiteid" v="40984" />
  </node>
  <node id="-110" visible="true" lat="43.062063169253" lon="-72.586132829709">
    <tag k="addr:city" v="Newfane" />
    <tag k="addr:housenumber" v="1343" />
    <tag k="addr:street" v="Grassy Brook Road" />
    <tag k="addr:state" v="VT" />
    <tag k="ref:vcgi:esiteid" v="40985" />
  </node>
  <node id="-111" visible="true" lat="43.061309313892" lon="-72.583921273716">
    <tag k="addr:city" v="Newfane" />
    <tag k="addr:housenumber" v="1342" />
    <tag k="addr:street" v="Grassy Brook Road" />
    <tag k="addr:state" v="VT" />
    <tag k="ref:vcgi:esiteid" v="40986" />
  </node>
  <node id="-112" visible="true" lat="43.060873392964" lon="-72.586002288398">
    <tag k="addr:city" v="Newfane" />
    <tag k="addr:housenumber" v="1326" />
    <tag k="addr:street" v="Grassy Brook Road" />
    <tag k="addr:state" v="VT" />
    <tag k="ref:vcgi:esiteid" v="40987" />
  </node>
  <node id="-113" visible="true" lat="43.059234088004" lon="-72.584242264965">
    <tag k="addr:city" v="Newfane" />
    <tag k="addr:housenumber" v="1298" />
    <tag k="addr:street" v="Grassy Brook Road" />
    <tag k="addr:state" v="VT" />
    <tag k="ref:vcgi:esiteid" v="40988" />
  </node>
  <node id="-114" visible="true" lat="43.059035244402" lon="-72.587218876809">
    <tag k="addr:city" v="Newfane" />
    <tag k="addr:housenumber" v="1299" />
    <tag k="addr:street" v="Grassy Brook Road" />
    <tag k="addr:state" v="VT" />
    <tag k="ref:vcgi:esiteid" v="40989" />
  </node>
  <node id="-115" visible="true" lat="43.058736905534" lon="-72.584400519326">
    <tag k="addr:city" v="Newfane" />
    <tag k="addr:housenumber" v="1296" />
    <tag k="addr:street" v="Grassy Brook Road" />
    <tag k="addr:state" v="VT" />
    <tag k="ref:vcgi:esiteid" v="40990" />
  </node>
  <node id="-116" visible="true" lat="43.058038270459" lon="-72.587052570622">
    <tag k="addr:city" v="Newfane" />
    <tag k="addr:housenumber" v="1288" />
    <tag k="addr:street" v="Grassy Brook Road" />
    <tag k="addr:state" v="VT" />
    <tag k="ref:vcgi:esiteid" v="40991" />
  </node>
  <node id="-117" visible="true" lat="43.056619708785" lon="-72.588901916594">
    <tag k="addr:city" v="Newfane" />
    <tag k="addr:housenumber" v="1261" />
    <tag k="addr:street" v="Grassy Brook Road" />
    <tag k="addr:state" v="VT" />
    <tag k="ref:vcgi:esiteid" v="40992" />
  </node>
  <node id="-118" visible="true" lat="43.056501533526" lon="-72.586559007346">
    <tag k="addr:city" v="Newfane" />
    <tag k="addr:housenumber" v="1276" />
    <tag k="addr:street" v="Grassy Brook Road" />
    <tag k="addr:state" v="VT" />
    <tag k="ref:vcgi:esiteid" v="40993" />
  </node>
  <node id="-119" visible="true" lat="43.055696001777" lon="-72.587240655118">
    <tag k="addr:city" v="Newfane" />
    <tag k="addr:housenumber" v="25" />
    <tag k="addr:street" v="Mountain Road" />
    <tag k="addr:state" v="VT" />
    <tag k="ref:vcgi:esiteid" v="40994" />
  </node>
  <node id="-120" visible="true" lat="43.054389409144" lon="-72.585533627235">
    <tag k="addr:city" v="Newfane" />
    <tag k="addr:housenumber" v="34" />
    <tag k="addr:street" v="Mountain Road" />
    <tag k="addr:state" v="VT" />
    <tag k="ref:vcgi:esiteid" v="40995" />
  </node>
  <node id="-121" visible="true" lat="43.054588146396" lon="-72.587580866012">
    <tag k="addr:city" v="Newfane" />
    <tag k="addr:housenumber" v="24" />
    <tag k="addr:street" v="Mountain Road" />
    <tag k="addr:state" v="VT" />
    <tag k="ref:vcgi:esiteid" v="40996" />
  </node>
  <node id="-122" visible="true" lat="43.053740626607" lon="-72.591503030114">
    <tag k="addr:city" v="Newfane" />
    <tag k="addr:housenumber" v="1217" />
    <tag k="addr:street" v="Grassy Brook Road" />
    <tag k="addr:state" v="VT" />
    <tag k="ref:vcgi:esiteid" v="40997" />
  </node>
  <node id="-123" visible="true" lat="43.05359322132" lon="-72.590023258685">
    <tag k="addr:city" v="Newfane" />
    <tag k="addr:housenumber" v="1216" />
    <tag k="addr:street" v="Grassy Brook Road" />
    <tag k="addr:state" v="VT" />
    <tag k="ref:vcgi:esiteid" v="40998" />
  </node>
  <node id="-124" visible="true" lat="43.052670520858" lon="-72.591969372944">
    <tag k="addr:city" v="Newfane" />
    <tag k="addr:housenumber" v="1197" />
    <tag k="addr:street" v="Grassy Brook Road" />
    <tag k="addr:state" v="VT" />
    <tag k="ref:vcgi:esiteid" v="40999" />
  </node>
  <node id="-125" visible="true" lat="43.052652291839" lon="-72.590360899793">
    <tag k="addr:city" v="Newfane" />
    <tag k="addr:housenumber" v="1204" />
    <tag k="addr:street" v="Grassy Brook Road" />
    <tag k="addr:state" v="VT" />
    <tag k="ref:vcgi:esiteid" v="41000" />
  </node>
  <node id="-126" visible="true" lat="43.052046952287" lon="-72.59110951281">
    <tag k="addr:city" v="Newfane" />
    <tag k="addr:housenumber" v="1195" />
    <tag k="addr:street" v="Grassy Brook Road" />
    <tag k="addr:state" v="VT" />
    <tag k="ref:vcgi:esiteid" v="41001" />
  </node>
  <node id="-127" visible="true" lat="43.051858965255" lon="-72.591175476555">
    <tag k="addr:city" v="Newfane" />
    <tag k="addr:housenumber" v="1191" />
    <tag k="addr:street" v="Grassy Brook Road" />
    <tag k="addr:state" v="VT" />
    <tag k="ref:vcgi:esiteid" v="41002" />
  </node>
  <node id="-128" visible="true" lat="43.05130313835" lon="-72.589892844266">
    <tag k="addr:city" v="Newfane" />
    <tag k="addr:housenumber" v="1180" />
    <tag k="addr:street" v="Grassy Brook Road" />
    <tag k="addr:state" v="VT" />
    <tag k="ref:vcgi:esiteid" v="41003" />
  </node>
  <node id="-129" visible="true" lat="43.051023522045" lon="-72.590547196451">
    <tag k="addr:city" v="Newfane" />
    <tag k="addr:housenumber" v="1178" />
    <tag k="addr:street" v="Grassy Brook Road" />
    <tag k="addr:state" v="VT" />
    <tag k="ref:vcgi:esiteid" v="41004" />
  </node>
  <node id="-130" visible="true" lat="43.050785127935" lon="-72.601409845959">
    <tag k="addr:city" v="Newfane" />
    <tag k="addr:housenumber" v="224" />
    <tag k="addr:street" v="Whitney Hill Road" />
    <tag k="addr:state" v="VT" />
    <tag k="ref:vcgi:esiteid" v="41005" />
  </node>
  <node id="-131" visible="true" lat="43.050386896691" lon="-72.590644402366">
    <tag k="addr:city" v="Newfane" />
    <tag k="addr:housenumber" v="1170" />
    <tag k="addr:street" v="Grassy Brook Road" />
    <tag k="addr:state" v="VT" />
    <tag k="ref:vcgi:esiteid" v="41006" />
  </node>
  <node id="-132" visible="true" lat="43.050081599996" lon="-72.599448952226">
    <tag k="addr:city" v="Newfane" />
    <tag k="addr:housenumber" v="208" />
    <tag k="addr:street" v="Whitney Hill Road" />
    <tag k="addr:state" v="VT" />
    <tag k="ref:vcgi:esiteid" v="41007" />
  </node>
  <node id="-133" visible="true" lat="43.049023660322" lon="-72.596784455565">
    <tag k="addr:city" v="Newfane" />
    <tag k="addr:housenumber" v="174" />
    <tag k="addr:street" v="Whitney Hill Road" />
    <tag k="addr:state" v="VT" />
    <tag k="ref:vcgi:esiteid" v="41008" />
  </node>
  <node id="-134" visible="true" lat="43.048752812745" lon="-72.596149896326">
    <tag k="addr:city" v="Newfane" />
    <tag k="addr:housenumber" v="170" />
    <tag k="addr:street" v="Whitney Hill Road" />
    <tag k="addr:state" v="VT" />
    <tag k="ref:vcgi:esiteid" v="41009" />
  </node>
  <node id="-135" visible="true" lat="43.048251222913" lon="-72.597179027642">
    <tag k="addr:city" v="Newfane" />
    <tag k="addr:housenumber" v="181" />
    <tag k="addr:street" v="Whitney Hill Road" />
    <tag k="addr:state" v="VT" />
    <tag k="ref:vcgi:esiteid" v="41010" />
  </node>
  <node id="-136" visible="true" lat="43.048025214394" lon="-72.588257171923">
    <tag k="addr:city" v="Newfane" />
    <tag k="addr:housenumber" v="1116" />
    <tag k="addr:street" v="Grassy Brook Road" />
    <tag k="addr:state" v="VT" />
    <tag k="ref:vcgi:esiteid" v="41011" />
  </node>
  <node id="-137" visible="true" lat="43.047300399996" lon="-72.591038147868">
    <tag k="addr:city" v="Newfane" />
    <tag k="addr:housenumber" v="1128" />
    <tag k="addr:street" v="Grassy Brook Road" />
    <tag k="addr:state" v="VT" />
    <tag k="ref:vcgi:esiteid" v="41012" />
  </node>
  <node id="-138" visible="true" lat="43.047142031641" lon="-72.596140019942">
    <tag k="addr:city" v="Newfane" />
    <tag k="addr:housenumber" v="144" />
    <tag k="addr:street" v="Whitney Hill Road" />
    <tag k="addr:state" v="VT" />
    <tag k="ref:vcgi:esiteid" v="41013" />
  </node>
  <node id="-139" visible="true" lat="43.047143144805" lon="-72.598283215733">
    <tag k="addr:city" v="Newfane" />
    <tag k="addr:housenumber" v="153" />
    <tag k="addr:street" v="Whitney Hill Road" />
    <tag k="addr:state" v="VT" />
    <tag k="ref:vcgi:esiteid" v="41014" />
  </node>
  <node id="-140" visible="true" lat="43.046973739096" lon="-72.596292745899">
    <tag k="addr:city" v="Newfane" />
    <tag k="addr:housenumber" v="142" />
    <tag k="addr:street" v="Whitney Hill Road" />
    <tag k="addr:state" v="VT" />
    <tag k="ref:vcgi:esiteid" v="41015" />
  </node>
  <node id="-141" visible="true" lat="43.046604138638" lon="-72.591322257234">
    <tag k="addr:city" v="Newfane" />
    <tag k="addr:housenumber" v="1119" />
    <tag k="addr:street" v="Grassy Brook Road" />
    <tag k="addr:state" v="VT" />
    <tag k="ref:vcgi:esiteid" v="41016" />
  </node>
  <node id="-142" visible="true" lat="43.046371953642" lon="-72.597229087236">
    <tag k="addr:city" v="Newfane" />
    <tag k="addr:housenumber" v="137" />
    <tag k="addr:street" v="Whitney Hill Road" />
    <tag k="addr:state" v="VT" />
    <tag k="ref:vcgi:esiteid" v="41017" />
  </node>
  <node id="-143" visible="true" lat="43.046152177325" lon="-72.595997257544">
    <tag k="addr:city" v="Newfane" />
    <tag k="addr:housenumber" v="134" />
    <tag k="addr:street" v="Whitney Hill Road" />
    <tag k="addr:state" v="VT" />
    <tag k="ref:vcgi:esiteid" v="41018" />
  </node>
  <node id="-144" visible="true" lat="43.046446755973" lon="-72.590128706969">
    <tag k="addr:city" v="Newfane" />
    <tag k="addr:housenumber" v="1114" />
    <tag k="addr:street" v="Grassy Brook Road" />
    <tag k="addr:state" v="VT" />
    <tag k="ref:vcgi:esiteid" v="41019" />
  </node>
  <node id="-145" visible="true" lat="43.045566107694" lon="-72.597057798827">
    <tag k="addr:city" v="Newfane" />
    <tag k="addr:housenumber" v="125" />
    <tag k="addr:street" v="Whitney Hill Road" />
    <tag k="addr:state" v="VT" />
    <tag k="ref:vcgi:esiteid" v="41020" />
  </node>
  <node id="-146" visible="true" lat="43.045599847974" lon="-72.591826294586">
    <tag k="addr:city" v="Newfane" />
    <tag k="addr:housenumber" v="1101" />
    <tag k="addr:street" v="Grassy Brook Road" />
    <tag k="addr:state" v="VT" />
    <tag k="ref:vcgi:esiteid" v="41021" />
  </node>
  <node id="-147" visible="true" lat="43.04505364013" lon="-72.596226738229">
    <tag k="addr:city" v="Newfane" />
    <tag k="addr:housenumber" v="120" />
    <tag k="addr:street" v="Whitney Hill Road" />
    <tag k="addr:state" v="VT" />
    <tag k="ref:vcgi:esiteid" v="41022" />
  </node>
  <node id="-148" visible="true" lat="43.044293033315" lon="-72.596132792279">
    <tag k="addr:city" v="Newfane" />
    <tag k="addr:housenumber" v="108" />
    <tag k="addr:street" v="Whitney Hill Road" />
    <tag k="addr:state" v="VT" />
    <tag k="ref:vcgi:esiteid" v="41023" />
  </node>
  <node id="-149" visible="true" lat="43.044075224303" lon="-72.592642563907">
    <tag k="addr:city" v="Newfane" />
    <tag k="addr:housenumber" v="1077" />
    <tag k="addr:street" v="Grassy Brook Road" />
    <tag k="addr:state" v="VT" />
    <tag k="ref:vcgi:esiteid" v="41024" />
  </node>
  <node id="-150" visible="true" lat="43.043744215155" lon="-72.596482569064">
    <tag k="addr:city" v="Newfane" />
    <tag k="addr:housenumber" v="102" />
    <tag k="addr:street" v="Whitney Hill Road" />
    <tag k="addr:state" v="VT" />
    <tag k="ref:vcgi:esiteid" v="41025" />
  </node>
  <node id="-151" visible="true" lat="43.042358042778" lon="-72.59693882685">
    <tag k="addr:city" v="Newfane" />
    <tag k="addr:housenumber" v="86" />
    <tag k="addr:street" v="Whitney Hill Road" />
    <tag k="addr:state" v="VT" />
    <tag k="ref:vcgi:esiteid" v="41026" />
  </node>
  <node id="-152" visible="true" lat="43.040784933437" lon="-72.597175936803">
    <tag k="addr:city" v="Newfane" />
    <tag k="addr:housenumber" v="58" />
    <tag k="addr:street" v="Whitney Hill Road" />
    <tag k="addr:state" v="VT" />
    <tag k="ref:vcgi:esiteid" v="41028" />
  </node>
  <node id="-153" visible="true" lat="43.038969132666" lon="-72.598493930496">
    <tag k="addr:city" v="Newfane" />
    <tag k="addr:housenumber" v="33" />
    <tag k="addr:street" v="Whitney Hill Road" />
    <tag k="addr:state" v="VT" />
    <tag k="ref:vcgi:esiteid" v="41029" />
  </node>
  <node id="-154" visible="true" lat="43.038597089912" lon="-72.599010837636">
    <tag k="addr:city" v="Newfane" />
    <tag k="addr:housenumber" v="12" />
    <tag k="addr:street" v="Marsh Drive" />
    <tag k="addr:state" v="VT" />
    <tag k="ref:vcgi:esiteid" v="41030" />
  </node>
  <node id="-155" visible="true" lat="43.038255752217" lon="-72.598041934727">
    <tag k="addr:city" v="Newfane" />
    <tag k="addr:housenumber" v="21" />
    <tag k="addr:street" v="Whitney Hill Road" />
    <tag k="addr:state" v="VT" />
    <tag k="ref:vcgi:esiteid" v="41031" />
  </node>
  <node id="-156" visible="true" lat="43.037936801314" lon="-72.599342550681">
    <tag k="addr:city" v="Newfane" />
    <tag k="addr:housenumber" v="24" />
    <tag k="addr:street" v="Marsh Drive" />
    <tag k="addr:state" v="VT" />
    <tag k="ref:vcgi:esiteid" v="41032" />
  </node>
  <node id="-157" visible="true" lat="43.037744620766" lon="-72.598363338466">
    <tag k="addr:city" v="Newfane" />
    <tag k="addr:housenumber" v="10" />
    <tag k="addr:street" v="Marsh Drive" />
    <tag k="addr:state" v="VT" />
    <tag k="ref:vcgi:esiteid" v="41033" />
  </node>
  <node id="-158" visible="true" lat="43.037402646981" lon="-72.596232931655">
    <tag k="addr:city" v="Newfane" />
    <tag k="addr:housenumber" v="978" />
    <tag k="addr:street" v="Grassy Brook Road" />
    <tag k="addr:state" v="VT" />
    <tag k="ref:vcgi:esiteid" v="41034" />
  </node>
  <node id="-159" visible="true" lat="43.037318749821" lon="-72.598278322585">
    <tag k="addr:city" v="Newfane" />
    <tag k="addr:housenumber" v="7" />
    <tag k="addr:street" v="Marsh Drive" />
    <tag k="addr:state" v="VT" />
    <tag k="ref:vcgi:esiteid" v="41035" />
  </node>
  <node id="-160" visible="true" lat="43.037098064331" lon="-72.597591802737">
    <tag k="addr:city" v="Newfane" />
    <tag k="addr:housenumber" v="5" />
    <tag k="addr:street" v="Whitney Hill Road" />
    <tag k="addr:state" v="VT" />
    <tag k="ref:vcgi:esiteid" v="41036" />
  </node>
  <node id="-161" visible="true" lat="43.036890091608" lon="-72.597965642743">
    <tag k="addr:city" v="Newfane" />
    <tag k="addr:housenumber" v="963" />
    <tag k="addr:street" v="Grassy Brook Road" />
    <tag k="addr:state" v="VT" />
    <tag k="ref:vcgi:esiteid" v="41037" />
  </node>
  <node id="-162" visible="true" lat="43.036520064487" lon="-72.597454473272">
    <tag k="addr:city" v="Newfane" />
    <tag k="addr:housenumber" v="962" />
    <tag k="addr:street" v="Grassy Brook Road" />
    <tag k="addr:state" v="VT" />
    <tag k="ref:vcgi:esiteid" v="41038" />
  </node>
  <node id="-163" visible="true" lat="43.035824297703" lon="-72.597569199013">
    <tag k="addr:city" v="Newfane" />
    <tag k="addr:housenumber" v="954" />
    <tag k="addr:street" v="Grassy Brook Road" />
    <tag k="addr:state" v="VT" />
    <tag k="ref:vcgi:esiteid" v="41039" />
  </node>
  <node id="-164" visible="true" lat="43.035664290779" lon="-72.598224622613">
    <tag k="addr:city" v="Newfane" />
    <tag k="addr:housenumber" v="948" />
    <tag k="addr:street" v="Grassy Brook Road" />
    <tag k="addr:state" v="VT" />
    <tag k="ref:vcgi:esiteid" v="41040" />
  </node>
  <node id="-165" visible="true" lat="43.035707350499" lon="-72.602951466803">
    <tag k="addr:city" v="Newfane" />
    <tag k="addr:housenumber" v="37" />
    <tag k="addr:street" v="Marsh Drive" />
    <tag k="addr:state" v="VT" />
    <tag k="ref:vcgi:esiteid" v="41041" />
  </node>
  <node id="-166" visible="true" lat="43.035340855298" lon="-72.597421813766">
    <tag k="addr:city" v="Newfane" />
    <tag k="addr:housenumber" v="956" />
    <tag k="addr:street" v="Grassy Brook Road" />
    <tag k="addr:state" v="VT" />
    <tag k="ref:vcgi:esiteid" v="41042" />
  </node>
  <node id="-167" visible="true" lat="43.035116536188" lon="-72.600229009675">
    <tag k="addr:city" v="Newfane" />
    <tag k="addr:housenumber" v="931" />
    <tag k="addr:street" v="Grassy Brook Road" />
    <tag k="addr:state" v="VT" />
    <tag k="ref:vcgi:esiteid" v="41043" />
  </node>
  <node id="-168" visible="true" lat="43.034825301746" lon="-72.608752208287">
    <tag k="addr:city" v="Newfane" />
    <tag k="addr:housenumber" v="78" />
    <tag k="addr:street" v="Parker Road" />
    <tag k="addr:state" v="VT" />
    <tag k="ref:vcgi:esiteid" v="41044" />
  </node>
  <node id="-169" visible="true" lat="43.033636125559" lon="-72.601775046767">
    <tag k="addr:city" v="Newfane" />
    <tag k="addr:housenumber" v="899" />
    <tag k="addr:street" v="Grassy Brook Road" />
    <tag k="addr:state" v="VT" />
    <tag k="ref:vcgi:esiteid" v="41045" />
  </node>
  <node id="-170" visible="true" lat="43.033125480896" lon="-72.60218332637">
    <tag k="addr:city" v="Newfane" />
    <tag k="addr:housenumber" v="897" />
    <tag k="addr:street" v="Grassy Brook Road" />
    <tag k="addr:state" v="VT" />
    <tag k="ref:vcgi:esiteid" v="41046" />
  </node>
  <node id="-171" visible="true" lat="43.033225047802" lon="-72.600424712747">
    <tag k="addr:city" v="Newfane" />
    <tag k="addr:housenumber" v="900" />
    <tag k="addr:street" v="Grassy Brook Road" />
    <tag k="addr:state" v="VT" />
    <tag k="ref:vcgi:esiteid" v="41047" />
  </node>
  <node id="-172" visible="true" lat="43.031639087143" lon="-72.602190152871">
    <tag k="addr:city" v="Newfane" />
    <tag k="addr:housenumber" v="6" />
    <tag k="addr:street" v="Parker Road" />
    <tag k="addr:state" v="VT" />
    <tag k="ref:vcgi:esiteid" v="41048" />
  </node>
  <node id="-173" visible="true" lat="43.030804600424" lon="-72.600908857356">
    <tag k="addr:city" v="Newfane" />
    <tag k="addr:housenumber" v="872" />
    <tag k="addr:street" v="Grassy Brook Road" />
    <tag k="addr:state" v="VT" />
    <tag k="ref:vcgi:esiteid" v="41049" />
  </node>
  <node id="-174" visible="true" lat="43.031036860447" lon="-72.603773628051">
    <tag k="addr:city" v="Newfane" />
    <tag k="addr:housenumber" v="26" />
    <tag k="addr:street" v="Parker Road" />
    <tag k="addr:state" v="VT" />
    <tag k="ref:vcgi:esiteid" v="41050" />
  </node>
  <node id="-175" visible="true" lat="43.030883866504" lon="-72.603035362115">
    <tag k="addr:city" v="Newfane" />
    <tag k="addr:housenumber" v="19" />
    <tag k="addr:street" v="Parker Road" />
    <tag k="addr:state" v="VT" />
    <tag k="ref:vcgi:esiteid" v="41051" />
  </node>
  <node id="-176" visible="true" lat="43.02888644532" lon="-72.602790164121">
    <tag k="addr:city" v="Newfane" />
    <tag k="addr:housenumber" v="842" />
    <tag k="addr:street" v="Grassy Brook Road" />
    <tag k="addr:state" v="VT" />
    <tag k="ref:vcgi:esiteid" v="41052" />
  </node>
  <node id="-177" visible="true" lat="43.027002802398" lon="-72.603863833159">
    <tag k="addr:city" v="Newfane" />
    <tag k="addr:housenumber" v="810" />
    <tag k="addr:street" v="Grassy Brook Road" />
    <tag k="addr:state" v="VT" />
    <tag k="ref:vcgi:esiteid" v="41053" />
  </node>
  <node id="-178" visible="true" lat="43.024892866496" lon="-72.604977059731">
    <tag k="addr:city" v="Newfane" />
    <tag k="addr:housenumber" v="781" />
    <tag k="addr:street" v="Grassy Brook Road" />
    <tag k="addr:state" v="VT" />
    <tag k="ref:vcgi:esiteid" v="41054" />
  </node>
  <node id="-179" visible="true" lat="43.023577803922" lon="-72.603794611686">
    <tag k="addr:city" v="Newfane" />
    <tag k="addr:housenumber" v="762" />
    <tag k="addr:street" v="Grassy Brook Road" />
    <tag k="addr:state" v="VT" />
    <tag k="ref:vcgi:esiteid" v="41055" />
  </node>
  <node id="-180" visible="true" lat="43.023569166182" lon="-72.604320931861">
    <tag k="addr:city" v="Newfane" />
    <tag k="addr:housenumber" v="761" />
    <tag k="addr:street" v="Grassy Brook Road" />
    <tag k="addr:state" v="VT" />
    <tag k="ref:vcgi:esiteid" v="41056" />
  </node>
  <node id="-181" visible="true" lat="43.021864440312" lon="-72.615803965649">
    <tag k="addr:city" v="Newfane" />
    <tag k="addr:housenumber" v="421" />
    <tag k="addr:street" v="Hill Road" />
    <tag k="addr:state" v="VT" />
    <tag k="ref:vcgi:esiteid" v="41057" />
  </node>
  <node id="-182" visible="true" lat="43.021736203106" lon="-72.6037048959">
    <tag k="addr:city" v="Newfane" />
    <tag k="addr:housenumber" v="734" />
    <tag k="addr:street" v="Grassy Brook Road" />
    <tag k="addr:state" v="VT" />
    <tag k="ref:vcgi:esiteid" v="41058" />
  </node>
  <node id="-183" visible="true" lat="43.020813892589" lon="-72.605573765899">
    <tag k="addr:city" v="Newfane" />
    <tag k="addr:housenumber" v="719" />
    <tag k="addr:street" v="Grassy Brook Road" />
    <tag k="addr:state" v="VT" />
    <tag k="ref:vcgi:esiteid" v="41059" />
  </node>
  <node id="-184" visible="true" lat="43.020643292327" lon="-72.603786874852">
    <tag k="addr:city" v="Newfane" />
    <tag k="addr:housenumber" v="720" />
    <tag k="addr:street" v="Grassy Brook Road" />
    <tag k="addr:state" v="VT" />
    <tag k="ref:vcgi:esiteid" v="41060" />
  </node>
  <node id="-185" visible="true" lat="43.019914686097" lon="-72.616085460315">
    <tag k="addr:city" v="Newfane" />
    <tag k="addr:housenumber" v="419" />
    <tag k="addr:street" v="Hill Road" />
    <tag k="addr:state" v="VT" />
    <tag k="ref:vcgi:esiteid" v="41061" />
  </node>
  <node id="-186" visible="true" lat="43.019138455365" lon="-72.605208136096">
    <tag k="addr:city" v="Newfane" />
    <tag k="addr:housenumber" v="683" />
    <tag k="addr:street" v="Grassy Brook Road" />
    <tag k="addr:state" v="VT" />
    <tag k="ref:vcgi:esiteid" v="41062" />
  </node>
  <node id="-187" visible="true" lat="43.019119859883" lon="-72.603791960476">
    <tag k="addr:city" v="Newfane" />
    <tag k="addr:housenumber" v="700" />
    <tag k="addr:street" v="Grassy Brook Road" />
    <tag k="addr:state" v="VT" />
    <tag k="ref:vcgi:esiteid" v="41063" />
  </node>
  <node id="-188" visible="true" lat="43.018290653652" lon="-72.604168422255">
    <tag k="addr:city" v="Newfane" />
    <tag k="addr:housenumber" v="690" />
    <tag k="addr:street" v="Grassy Brook Road" />
    <tag k="addr:state" v="VT" />
    <tag k="ref:vcgi:esiteid" v="41064" />
  </node>
  <node id="-189" visible="true" lat="43.017915668241" lon="-72.622755657316">
    <tag k="addr:city" v="Newfane" />
    <tag k="addr:housenumber" v="32" />
    <tag k="addr:street" v="Kirsch Road" />
    <tag k="addr:state" v="VT" />
    <tag k="ref:vcgi:esiteid" v="41065" />
  </node>
  <node id="-190" visible="true" lat="43.017303057778" lon="-72.619526864743">
    <tag k="addr:city" v="Newfane" />
    <tag k="addr:housenumber" v="379" />
    <tag k="addr:street" v="Hill Road" />
    <tag k="addr:state" v="VT" />
    <tag k="ref:vcgi:esiteid" v="41066" />
  </node>
  <node id="-191" visible="true" lat="43.016574592057" lon="-72.60737439561">
    <tag k="addr:city" v="Newfane" />
    <tag k="addr:housenumber" v="637" />
    <tag k="addr:street" v="Grassy Brook Road" />
    <tag k="addr:state" v="VT" />
    <tag k="ref:vcgi:esiteid" v="41067" />
  </node>
  <node id="-192" visible="true" lat="43.016244883265" lon="-72.620966671383">
    <tag k="addr:city" v="Newfane" />
    <tag k="addr:housenumber" v="361" />
    <tag k="addr:street" v="Hill Road" />
    <tag k="addr:state" v="VT" />
    <tag k="ref:vcgi:esiteid" v="41068" />
  </node>
  <node id="-193" visible="true" lat="43.01601339265" lon="-72.609026674316">
    <tag k="addr:city" v="Newfane" />
    <tag k="addr:housenumber" v="65" />
    <tag k="addr:street" v="Sunny Lane" />
    <tag k="addr:state" v="VT" />
    <tag k="ref:vcgi:esiteid" v="41070" />
  </node>
  <node id="-194" visible="true" lat="43.015602437461" lon="-72.590617363067">
    <tag k="addr:city" v="Putney" />
    <tag k="addr:housenumber" v="105" />
    <tag k="addr:street" v="Adams Lane" />
    <tag k="addr:state" v="VT" />
    <tag k="ref:vcgi:esiteid" v="41071" />
  </node>
  <node id="-195" visible="true" lat="43.015728125779" lon="-72.63365972299">
    <tag k="addr:city" v="Newfane" />
    <tag k="addr:housenumber" v="73" />
    <tag k="addr:street" v="Murdock Drive" />
    <tag k="addr:state" v="VT" />
    <tag k="ref:vcgi:esiteid" v="41072" />
  </node>
  <node id="-196" visible="true" lat="43.015668260188" lon="-72.6179316878">
    <tag k="addr:city" v="Newfane" />
    <tag k="addr:housenumber" v="391" />
    <tag k="addr:street" v="Hill Road" />
    <tag k="addr:state" v="VT" />
    <tag k="ref:vcgi:esiteid" v="41073" />
  </node>
  <node id="-197" visible="true" lat="43.015714703068" lon="-72.611355236456">
    <tag k="addr:city" v="Newfane" />
    <tag k="addr:housenumber" v="49" />
    <tag k="addr:street" v="Sunny Lane" />
    <tag k="addr:state" v="VT" />
    <tag k="ref:vcgi:esiteid" v="41074" />
  </node>
  <node id="-198" visible="true" lat="43.015682786396" lon="-72.606612400864">
    <tag k="addr:city" v="Newfane" />
    <tag k="addr:housenumber" v="644" />
    <tag k="addr:street" v="Grassy Brook Road" />
    <tag k="addr:state" v="VT" />
    <tag k="ref:vcgi:esiteid" v="41075" />
  </node>
  <node id="-199" visible="true" lat="43.015516337503" lon="-72.605305124104">
    <tag k="addr:city" v="Newfane" />
    <tag k="addr:housenumber" v="650" />
    <tag k="addr:street" v="Grassy Brook Road" />
    <tag k="addr:state" v="VT" />
    <tag k="ref:vcgi:esiteid" v="41076" />
  </node>
  <node id="-200" visible="true" lat="43.015311343628" lon="-72.621109270022">
    <tag k="addr:city" v="Newfane" />
    <tag k="addr:housenumber" v="352" />
    <tag k="addr:street" v="Hill Road" />
    <tag k="addr:state" v="VT" />
    <tag k="ref:vcgi:esiteid" v="41077" />
  </node>
  <node id="-201" visible="true" lat="43.015290198735" lon="-72.609153579144">
    <tag k="addr:city" v="Newfane" />
    <tag k="addr:housenumber" v="60" />
    <tag k="addr:street" v="Sunny Lane" />
    <tag k="addr:state" v="VT" />
    <tag k="ref:vcgi:esiteid" v="41078" />
  </node>
  <node id="-202" visible="true" lat="43.015159477173" lon="-72.616157385707">
    <tag k="addr:city" v="Newfane" />
    <tag k="addr:housenumber" v="413" />
    <tag k="addr:street" v="Hill Road" />
    <tag k="addr:state" v="VT" />
    <tag k="ref:vcgi:esiteid" v="41079" />
  </node>
  <node id="-203" visible="true" lat="43.014795359601" lon="-72.607296397351">
    <tag k="addr:city" v="Newfane" />
    <tag k="addr:housenumber" v="632" />
    <tag k="addr:street" v="Grassy Brook Road" />
    <tag k="addr:state" v="VT" />
    <tag k="ref:vcgi:esiteid" v="41080" />
  </node>
  <node id="-204" visible="true" lat="43.014951245627" lon="-72.631295463826">
    <tag k="addr:city" v="Newfane" />
    <tag k="addr:housenumber" v="72" />
    <tag k="addr:street" v="Murdock Drive" />
    <tag k="addr:state" v="VT" />
    <tag k="ref:vcgi:esiteid" v="41081" />
  </node>
  <node id="-205" visible="true" lat="43.014501063023" lon="-72.610291045373">
    <tag k="addr:city" v="Newfane" />
    <tag k="addr:housenumber" v="38" />
    <tag k="addr:street" v="Sunny Lane" />
    <tag k="addr:state" v="VT" />
    <tag k="ref:vcgi:esiteid" v="41082" />
  </node>
  <node id="-206" visible="true" lat="43.014284190616" lon="-72.608562875737">
    <tag k="addr:city" v="Newfane" />
    <tag k="addr:housenumber" v="619" />
    <tag k="addr:street" v="Grassy Brook Road" />
    <tag k="addr:state" v="VT" />
    <tag k="ref:vcgi:esiteid" v="41083" />
  </node>
  <node id="-207" visible="true" lat="43.01421948268" lon="-72.607540175011">
    <tag k="addr:city" v="Newfane" />
    <tag k="addr:housenumber" v="624" />
    <tag k="addr:street" v="Grassy Brook Road" />
    <tag k="addr:state" v="VT" />
    <tag k="ref:vcgi:esiteid" v="41084" />
  </node>
  <node id="-208" visible="true" lat="43.015141987723" lon="-72.612256548066">
    <tag k="addr:city" v="Newfane" />
    <tag k="addr:housenumber" v="27" />
    <tag k="addr:street" v="Sunny Lane" />
    <tag k="addr:state" v="VT" />
    <tag k="ref:vcgi:esiteid" v="41085" />
  </node>
  <node id="-209" visible="true" lat="43.014201761806" lon="-72.61388755866">
    <tag k="addr:city" v="Newfane" />
    <tag k="addr:housenumber" v="431" />
    <tag k="addr:street" v="Hill Road" />
    <tag k="addr:state" v="VT" />
    <tag k="ref:vcgi:esiteid" v="41086" />
  </node>
  <node id="-210" visible="true" lat="43.013918132586" lon="-72.622402163496">
    <tag k="addr:city" v="Newfane" />
    <tag k="addr:housenumber" v="327" />
    <tag k="addr:street" v="Hill Road" />
    <tag k="addr:state" v="VT" />
    <tag k="ref:vcgi:esiteid" v="41087" />
  </node>
  <node id="-211" visible="true" lat="43.013311443446" lon="-72.622349197376">
    <tag k="addr:city" v="Newfane" />
    <tag k="addr:housenumber" v="322" />
    <tag k="addr:street" v="Hill Road" />
    <tag k="addr:state" v="VT" />
    <tag k="ref:vcgi:esiteid" v="41088" />
  </node>
  <node id="-212" visible="true" lat="43.013055373682" lon="-72.612953242503">
    <tag k="addr:city" v="Newfane" />
    <tag k="addr:housenumber" v="455" />
    <tag k="addr:street" v="Hill Road" />
    <tag k="addr:state" v="VT" />
    <tag k="ref:vcgi:esiteid" v="41089" />
  </node>
  <node id="-213" visible="true" lat="43.013017666181" lon="-72.607245899962">
    <tag k="addr:city" v="Newfane" />
    <tag k="addr:housenumber" v="640" />
    <tag k="addr:street" v="Grassy Brook Road" />
    <tag k="addr:state" v="VT" />
    <tag k="ref:vcgi:esiteid" v="41090" />
  </node>
  <node id="-214" visible="true" lat="43.012575302761" lon="-72.612088011981">
    <tag k="addr:city" v="Newfane" />
    <tag k="addr:housenumber" v="469" />
    <tag k="addr:street" v="Hill Road" />
    <tag k="addr:state" v="VT" />
    <tag k="ref:vcgi:esiteid" v="41091" />
  </node>
  <node id="-215" visible="true" lat="43.012725857939" lon="-72.630178615256">
    <tag k="addr:city" v="Newfane" />
    <tag k="addr:housenumber" v="44" />
    <tag k="addr:street" v="Murdock Drive" />
    <tag k="addr:state" v="VT" />
    <tag k="ref:vcgi:esiteid" v="41092" />
  </node>
  <node id="-216" visible="true" lat="43.0124919304" lon="-72.61143582894">
    <tag k="addr:city" v="Newfane" />
    <tag k="addr:housenumber" v="475" />
    <tag k="addr:street" v="Hill Road" />
    <tag k="addr:state" v="VT" />
    <tag k="ref:vcgi:esiteid" v="41093" />
  </node>
  <node id="-217" visible="true" lat="43.012740386486" lon="-72.622808597944">
    <tag k="addr:city" v="Newfane" />
    <tag k="addr:housenumber" v="310" />
    <tag k="addr:street" v="Hill Road" />
    <tag k="addr:state" v="VT" />
    <tag k="ref:vcgi:esiteid" v="41094" />
  </node>
  <node id="-218" visible="true" lat="43.012429220172" lon="-72.623142526018">
    <tag k="addr:city" v="Newfane" />
    <tag k="addr:housenumber" v="304" />
    <tag k="addr:street" v="Hill Road" />
    <tag k="addr:state" v="VT" />
    <tag k="ref:vcgi:esiteid" v="41095" />
  </node>
  <node id="-219" visible="true" lat="43.011938257657" lon="-72.610424889079">
    <tag k="addr:city" v="Newfane" />
    <tag k="addr:housenumber" v="583" />
    <tag k="addr:street" v="Grassy Brook Road" />
    <tag k="addr:state" v="VT" />
    <tag k="ref:vcgi:esiteid" v="41096" />
  </node>
  <node id="-220" visible="true" lat="43.011961559696" lon="-72.592430456391">
    <tag k="addr:city" v="Putney" />
    <tag k="addr:housenumber" v="191" />
    <tag k="addr:street" v="Banning Road" />
    <tag k="addr:state" v="VT" />
    <tag k="ref:vcgi:esiteid" v="41097" />
  </node>
  <node id="-221" visible="true" lat="43.011784651825" lon="-72.609073239169">
    <tag k="addr:city" v="Newfane" />
    <tag k="addr:housenumber" v="586" />
    <tag k="addr:street" v="Grassy Brook Road" />
    <tag k="addr:state" v="VT" />
    <tag k="ref:vcgi:esiteid" v="41098" />
  </node>
  <node id="-222" visible="true" lat="43.011867624009" lon="-72.629721594999">
    <tag k="addr:city" v="Newfane" />
    <tag k="addr:housenumber" v="26" />
    <tag k="addr:street" v="Murdock Drive" />
    <tag k="addr:state" v="VT" />
    <tag k="ref:vcgi:esiteid" v="41099" />
  </node>
  <node id="-223" visible="true" lat="43.011732062807" lon="-72.620682576269">
    <tag k="addr:city" v="Newfane" />
    <tag k="addr:housenumber" v="316" />
    <tag k="addr:street" v="Hill Road" />
    <tag k="addr:state" v="VT" />
    <tag k="ref:vcgi:esiteid" v="41100" />
  </node>
  <node id="-224" visible="true" lat="43.011379311303" lon="-72.625322175772">
    <tag k="addr:city" v="Newfane" />
    <tag k="addr:housenumber" v="277" />
    <tag k="addr:street" v="Hill Road" />
    <tag k="addr:state" v="VT" />
    <tag k="ref:vcgi:esiteid" v="41101" />
  </node>
  <node id="-225" visible="true" lat="43.011195947494" lon="-72.627904122769">
    <tag k="addr:city" v="Newfane" />
    <tag k="addr:housenumber" v="251" />
    <tag k="addr:street" v="Hill Road" />
    <tag k="addr:state" v="VT" />
    <tag k="ref:vcgi:esiteid" v="41102" />
  </node>
  <node id="-226" visible="true" lat="43.010958303443" lon="-72.611462374164">
    <tag k="addr:city" v="Newfane" />
    <tag k="addr:housenumber" v="559" />
    <tag k="addr:street" v="Grassy Brook Road" />
    <tag k="addr:state" v="VT" />
    <tag k="ref:vcgi:esiteid" v="41103" />
  </node>
  <node id="-227" visible="true" lat="43.010934888568" lon="-72.624912673898">
    <tag k="addr:city" v="Newfane" />
    <tag k="addr:housenumber" v="280" />
    <tag k="addr:street" v="Hill Road" />
    <tag k="addr:state" v="VT" />
    <tag k="ref:vcgi:esiteid" v="41104" />
  </node>
  <node id="-228" visible="true" lat="43.010871982006" lon="-72.629152985662">
    <tag k="addr:city" v="Newfane" />
    <tag k="addr:housenumber" v="237" />
    <tag k="addr:street" v="Hill Road" />
    <tag k="addr:state" v="VT" />
    <tag k="ref:vcgi:esiteid" v="41105" />
  </node>
  <node id="-229" visible="true" lat="43.010717449287" lon="-72.627140458861">
    <tag k="addr:city" v="Newfane" />
    <tag k="addr:housenumber" v="256" />
    <tag k="addr:street" v="Hill Road" />
    <tag k="addr:state" v="VT" />
    <tag k="ref:vcgi:esiteid" v="41106" />
  </node>
  <node id="-230" visible="true" lat="43.010597371985" lon="-72.613546710231">
    <tag k="addr:city" v="Newfane" />
    <tag k="addr:housenumber" v="553" />
    <tag k="addr:street" v="Grassy Brook Road" />
    <tag k="addr:state" v="VT" />
    <tag k="ref:vcgi:esiteid" v="41107" />
  </node>
  <node id="-231" visible="true" lat="43.01061824911" lon="-72.62439074777">
    <tag k="addr:city" v="Newfane" />
    <tag k="addr:housenumber" v="284" />
    <tag k="addr:street" v="Hill Road" />
    <tag k="addr:state" v="VT" />
    <tag k="ref:vcgi:esiteid" v="41108" />
  </node>
  <node id="-232" visible="true" lat="43.010818059415" lon="-72.630168528862">
    <tag k="addr:city" v="Newfane" />
    <tag k="addr:housenumber" v="14" />
    <tag k="addr:street" v="Murdock Drive" />
    <tag k="addr:state" v="VT" />
    <tag k="ref:vcgi:esiteid" v="41109" />
  </node>
  <node id="-233" visible="true" lat="43.010263217048" lon="-72.630198357669">
    <tag k="addr:city" v="Newfane" />
    <tag k="addr:housenumber" v="227" />
    <tag k="addr:street" v="Hill Road" />
    <tag k="addr:state" v="VT" />
    <tag k="ref:vcgi:esiteid" v="41110" />
  </node>
  <node id="-234" visible="true" lat="43.010223155251" lon="-72.628917427977">
    <tag k="addr:city" v="Newfane" />
    <tag k="addr:housenumber" v="236" />
    <tag k="addr:street" v="Hill Road" />
    <tag k="addr:state" v="VT" />
    <tag k="ref:vcgi:esiteid" v="41111" />
  </node>
  <node id="-235" visible="true" lat="43.010081250055" lon="-72.642078686794">
    <tag k="addr:city" v="Newfane" />
    <tag k="addr:housenumber" v="108" />
    <tag k="addr:street" v="Ellen Ware Road" />
    <tag k="addr:state" v="VT" />
    <tag k="ref:vcgi:esiteid" v="41112" />
  </node>
  <node id="-236" visible="true" lat="43.009896361686" lon="-72.629809098126">
    <tag k="addr:city" v="Newfane" />
    <tag k="addr:housenumber" v="226" />
    <tag k="addr:street" v="Hill Road" />
    <tag k="addr:state" v="VT" />
    <tag k="ref:vcgi:esiteid" v="41113" />
  </node>
  <node id="-237" visible="true" lat="43.009814566718" lon="-72.592921149997">
    <tag k="addr:city" v="Putney" />
    <tag k="addr:housenumber" v="153" />
    <tag k="addr:street" v="Banning Road" />
    <tag k="addr:state" v="VT" />
    <tag k="ref:vcgi:esiteid" v="41114" />
  </node>
  <node id="-238" visible="true" lat="43.009485621039" lon="-72.630160625918">
    <tag k="addr:city" v="Newfane" />
    <tag k="addr:housenumber" v="220" />
    <tag k="addr:street" v="Hill Road" />
    <tag k="addr:state" v="VT" />
    <tag k="ref:vcgi:esiteid" v="41115" />
  </node>
  <node id="-239" visible="true" lat="43.009576854997" lon="-72.624706680911">
    <tag k="addr:city" v="Newfane" />
    <tag k="addr:housenumber" v="270" />
    <tag k="addr:street" v="Hill Road" />
    <tag k="addr:state" v="VT" />
    <tag k="ref:vcgi:esiteid" v="41116" />
  </node>
  <node id="-240" visible="true" lat="43.009347884" lon="-72.63292437779">
    <tag k="addr:city" v="Newfane" />
    <tag k="addr:housenumber" v="201" />
    <tag k="addr:street" v="Hill Road" />
    <tag k="addr:state" v="VT" />
    <tag k="ref:vcgi:esiteid" v="41117" />
  </node>
  <node id="-241" visible="true" lat="43.009443142169" lon="-72.631320880181">
    <tag k="addr:city" v="Newfane" />
    <tag k="addr:housenumber" v="209" />
    <tag k="addr:street" v="Hill Road" />
    <tag k="addr:state" v="VT" />
    <tag k="ref:vcgi:esiteid" v="41118" />
  </node>
  <node id="-242" visible="true" lat="43.009397034549" lon="-72.613969980078">
    <tag k="addr:city" v="Newfane" />
    <tag k="addr:housenumber" v="6" />
    <tag k="addr:street" v="Papoose Lane" />
    <tag k="addr:state" v="VT" />
    <tag k="ref:vcgi:esiteid" v="41119" />
  </node>
  <node id="-243" visible="true" lat="43.009181965036" lon="-72.631896219195">
    <tag k="addr:city" v="Newfane" />
    <tag k="addr:housenumber" v="203" />
    <tag k="addr:street" v="Hill Road" />
    <tag k="addr:state" v="VT" />
    <tag k="ref:vcgi:esiteid" v="41120" />
  </node>
  <node id="-244" visible="true" lat="43.008924400549" lon="-72.634415287095">
    <tag k="addr:city" v="Newfane" />
    <tag k="addr:housenumber" v="179" />
    <tag k="addr:street" v="Hill Road" />
    <tag k="addr:state" v="VT" />
    <tag k="ref:vcgi:esiteid" v="41121" />
  </node>
  <node id="-245" visible="true" lat="43.008691845714" lon="-72.640781820156">
    <tag k="addr:city" v="Newfane" />
    <tag k="addr:housenumber" v="99" />
    <tag k="addr:street" v="Ellen Ware Road" />
    <tag k="addr:state" v="VT" />
    <tag k="ref:vcgi:esiteid" v="41122" />
  </node>
  <node id="-246" visible="true" lat="43.008020100133" lon="-72.636234676036">
    <tag k="addr:city" v="Newfane" />
    <tag k="addr:housenumber" v="44" />
    <tag k="addr:street" v="Ellen Ware Road" />
    <tag k="addr:state" v="VT" />
    <tag k="ref:vcgi:esiteid" v="41123" />
  </node>
  <node id="-247" visible="true" lat="43.007937405601" lon="-72.614038857257">
    <tag k="addr:city" v="Newfane" />
    <tag k="addr:housenumber" v="24" />
    <tag k="addr:street" v="Papoose Lane" />
    <tag k="addr:state" v="VT" />
    <tag k="ref:vcgi:esiteid" v="41124" />
  </node>
  <node id="-248" visible="true" lat="43.007648312875" lon="-72.634856188085">
    <tag k="addr:city" v="Newfane" />
    <tag k="addr:housenumber" v="177" />
    <tag k="addr:street" v="Hill Road" />
    <tag k="addr:state" v="VT" />
    <tag k="ref:vcgi:esiteid" v="41125" />
  </node>
  <node id="-249" visible="true" lat="43.007259445332" lon="-72.631091179292">
    <tag k="addr:city" v="Newfane" />
    <tag k="addr:housenumber" v="192" />
    <tag k="addr:street" v="Hill Road" />
    <tag k="addr:state" v="VT" />
    <tag k="ref:vcgi:esiteid" v="41126" />
  </node>
  <node id="-250" visible="true" lat="43.007112484983" lon="-72.595161044174">
    <tag k="addr:city" v="Putney" />
    <tag k="addr:housenumber" v="115" />
    <tag k="addr:street" v="Banning Road" />
    <tag k="addr:state" v="VT" />
    <tag k="ref:vcgi:esiteid" v="41127" />
  </node>
  <node id="-251" visible="true" lat="43.00697838442" lon="-72.614718189532">
    <tag k="addr:city" v="Newfane" />
    <tag k="addr:housenumber" v="30" />
    <tag k="addr:street" v="Papoose Lane" />
    <tag k="addr:state" v="VT" />
    <tag k="ref:vcgi:esiteid" v="41129" />
  </node>
  <node id="-252" visible="true" lat="43.006879799351" lon="-72.63284045445">
    <tag k="addr:city" v="Newfane" />
    <tag k="addr:housenumber" v="172" />
    <tag k="addr:street" v="Hill Road" />
    <tag k="addr:state" v="VT" />
    <tag k="ref:vcgi:esiteid" v="41130" />
  </node>
  <node id="-253" visible="true" lat="43.006796741406" lon="-72.613339594554">
    <tag k="addr:city" v="Newfane" />
    <tag k="addr:housenumber" v="43" />
    <tag k="addr:street" v="Papoose Lane" />
    <tag k="addr:state" v="VT" />
    <tag k="ref:vcgi:esiteid" v="41131" />
  </node>
  <node id="-254" visible="true" lat="43.006664434137" lon="-72.633479437007">
    <tag k="addr:city" v="Newfane" />
    <tag k="addr:housenumber" v="167" />
    <tag k="addr:street" v="Hill Road" />
    <tag k="addr:state" v="VT" />
    <tag k="ref:vcgi:esiteid" v="41132" />
  </node>
  <node id="-255" visible="true" lat="43.006513557667" lon="-72.61235234199">
    <tag k="addr:city" v="Newfane" />
    <tag k="addr:housenumber" v="505" />
    <tag k="addr:street" v="Grassy Brook Road" />
    <tag k="addr:state" v="VT" />
    <tag k="ref:vcgi:esiteid" v="41133" />
  </node>
  <node id="-256" visible="true" lat="43.006445805681" lon="-72.637579160073">
    <tag k="addr:city" v="Newfane" />
    <tag k="addr:housenumber" v="35" />
    <tag k="addr:street" v="Ellen Ware Road" />
    <tag k="addr:state" v="VT" />
    <tag k="ref:vcgi:esiteid" v="41134" />
  </node>
  <node id="-257" visible="true" lat="43.00583361205" lon="-72.615810391818">
    <tag k="addr:city" v="Newfane" />
    <tag k="addr:housenumber" v="14" />
    <tag k="addr:street" v="Turtle Drive" />
    <tag k="addr:state" v="VT" />
    <tag k="ref:vcgi:esiteid" v="41135" />
  </node>
  <node id="-258" visible="true" lat="43.005704938078" lon="-72.638088642969">
    <tag k="addr:city" v="Newfane" />
    <tag k="addr:housenumber" v="25" />
    <tag k="addr:street" v="Ellen Ware Road" />
    <tag k="addr:state" v="VT" />
    <tag k="ref:vcgi:esiteid" v="41136" />
  </node>
  <node id="-259" visible="true" lat="43.005449352026" lon="-72.634060321521">
    <tag k="addr:city" v="Newfane" />
    <tag k="addr:housenumber" v="148" />
    <tag k="addr:street" v="Hill Road" />
    <tag k="addr:state" v="VT" />
    <tag k="ref:vcgi:esiteid" v="41137" />
  </node>
  <node id="-260" visible="true" lat="43.004453619876" lon="-72.611261856106">
    <tag k="addr:city" v="Newfane" />
    <tag k="addr:housenumber" v="476" />
    <tag k="addr:street" v="Grassy Brook Road" />
    <tag k="addr:state" v="VT" />
    <tag k="ref:vcgi:esiteid" v="41138" />
  </node>
  <node id="-261" visible="true" lat="43.004316387277" lon="-72.636356771224">
    <tag k="addr:city" v="Newfane" />
    <tag k="addr:housenumber" v="7" />
    <tag k="addr:street" v="Ellen Ware Road" />
    <tag k="addr:state" v="VT" />
    <tag k="ref:vcgi:esiteid" v="41139" />
  </node>
  <node id="-262" visible="true" lat="43.003732653066" lon="-72.636286947323">
    <tag k="addr:city" v="Newfane" />
    <tag k="addr:housenumber" v="117" />
    <tag k="addr:street" v="Hill Road" />
    <tag k="addr:state" v="VT" />
    <tag k="ref:vcgi:esiteid" v="41140" />
  </node>
  <node id="-263" visible="true" lat="43.003379974793" lon="-72.63747411129">
    <tag k="addr:city" v="Newfane" />
    <tag k="addr:housenumber" v="113" />
    <tag k="addr:street" v="Hill Road" />
    <tag k="addr:state" v="VT" />
    <tag k="ref:vcgi:esiteid" v="41141" />
  </node>
  <node id="-264" visible="true" lat="43.00304969703" lon="-72.635780946443">
    <tag k="addr:city" v="Newfane" />
    <tag k="addr:housenumber" v="104" />
    <tag k="addr:street" v="Hill Road" />
    <tag k="addr:state" v="VT" />
    <tag k="ref:vcgi:esiteid" v="41142" />
  </node>
  <node id="-265" visible="true" lat="43.002900067042" lon="-72.612725276267">
    <tag k="addr:city" v="Newfane" />
    <tag k="addr:housenumber" v="451" />
    <tag k="addr:street" v="Grassy Brook Road" />
    <tag k="addr:state" v="VT" />
    <tag k="ref:vcgi:esiteid" v="41143" />
  </node>
  <node id="-266" visible="true" lat="43.002687510914" lon="-72.635540424548">
    <tag k="addr:city" v="Newfane" />
    <tag k="addr:housenumber" v="102" />
    <tag k="addr:street" v="Hill Road" />
    <tag k="addr:state" v="VT" />
    <tag k="ref:vcgi:esiteid" v="41144" />
  </node>
  <node id="-267" visible="true" lat="43.00270174187" lon="-72.640348952526">
    <tag k="addr:city" v="Newfane" />
    <tag k="addr:housenumber" v="291" />
    <tag k="addr:street" v="Riverside Point" />
    <tag k="addr:state" v="VT" />
    <tag k="ref:vcgi:esiteid" v="41145" />
  </node>
  <node id="-268" visible="true" lat="43.002572928196" lon="-72.639931798529">
    <tag k="addr:city" v="Newfane" />
    <tag k="addr:housenumber" v="290" />
    <tag k="addr:street" v="Riverside Point" />
    <tag k="addr:state" v="VT" />
    <tag k="ref:vcgi:esiteid" v="41146" />
  </node>
  <node id="-269" visible="true" lat="43.002328927234" lon="-72.611515455052">
    <tag k="addr:city" v="Newfane" />
    <tag k="addr:housenumber" v="448" />
    <tag k="addr:street" v="Grassy Brook Road" />
    <tag k="addr:state" v="VT" />
    <tag k="ref:vcgi:esiteid" v="41147" />
  </node>
  <node id="-270" visible="true" lat="43.002073343671" lon="-72.614117078934">
    <tag k="addr:city" v="Newfane" />
    <tag k="addr:housenumber" v="437" />
    <tag k="addr:street" v="Grassy Brook Road" />
    <tag k="addr:state" v="VT" />
    <tag k="ref:vcgi:esiteid" v="41148" />
  </node>
  <node id="-271" visible="true" lat="43.001855906454" lon="-72.612339428228">
    <tag k="addr:city" v="Newfane" />
    <tag k="addr:housenumber" v="440" />
    <tag k="addr:street" v="Grassy Brook Road" />
    <tag k="addr:state" v="VT" />
    <tag k="ref:vcgi:esiteid" v="41149" />
  </node>
  <node id="-272" visible="true" lat="43.000503494107" lon="-72.612727128832">
    <tag k="addr:city" v="Newfane" />
    <tag k="addr:housenumber" v="432" />
    <tag k="addr:street" v="Grassy Brook Road" />
    <tag k="addr:state" v="VT" />
    <tag k="ref:vcgi:esiteid" v="41150" />
  </node>
  <node id="-273" visible="true" lat="42.999761638089" lon="-72.635113178895">
    <tag k="addr:city" v="Newfane" />
    <tag k="addr:housenumber" v="61" />
    <tag k="addr:street" v="Hill Road" />
    <tag k="addr:state" v="VT" />
    <tag k="ref:vcgi:esiteid" v="41151" />
  </node>
  <node id="-274" visible="true" lat="42.998796518042" lon="-72.614139967418">
    <tag k="addr:city" v="Newfane" />
    <tag k="addr:housenumber" v="394" />
    <tag k="addr:street" v="Grassy Brook Road" />
    <tag k="addr:state" v="VT" />
    <tag k="ref:vcgi:esiteid" v="41152" />
  </node>
  <node id="-275" visible="true" lat="42.9987278535" lon="-72.634739337887">
    <tag k="addr:city" v="Newfane" />
    <tag k="addr:housenumber" v="47" />
    <tag k="addr:street" v="Hill Road" />
    <tag k="addr:state" v="VT" />
    <tag k="ref:vcgi:esiteid" v="41153" />
  </node>
  <node id="-276" visible="true" lat="42.997549332152" lon="-72.616018276701">
    <tag k="addr:city" v="Newfane" />
    <tag k="addr:housenumber" v="367" />
    <tag k="addr:street" v="Grassy Brook Road" />
    <tag k="addr:state" v="VT" />
    <tag k="ref:vcgi:esiteid" v="41154" />
  </node>
  <node id="-277" visible="true" lat="42.99749952051" lon="-72.617458755008">
    <tag k="addr:city" v="Newfane" />
    <tag k="addr:housenumber" v="21" />
    <tag k="addr:street" v="Ginseng Lane" />
    <tag k="addr:state" v="VT" />
    <tag k="ref:vcgi:esiteid" v="41155" />
  </node>
  <node id="-278" visible="true" lat="42.997398584246" lon="-72.633600017027">
    <tag k="addr:city" v="Newfane" />
    <tag k="addr:housenumber" v="26" />
    <tag k="addr:street" v="Hill Road" />
    <tag k="addr:state" v="VT" />
    <tag k="ref:vcgi:esiteid" v="41156" />
  </node>
  <node id="-279" visible="true" lat="42.997399626788" lon="-72.615211566333">
    <tag k="addr:city" v="Newfane" />
    <tag k="addr:housenumber" v="372" />
    <tag k="addr:street" v="Grassy Brook Road" />
    <tag k="addr:state" v="VT" />
    <tag k="ref:vcgi:esiteid" v="41157" />
  </node>
  <node id="-280" visible="true" lat="42.997407876991" lon="-72.618116205259">
    <tag k="addr:city" v="Newfane" />
    <tag k="addr:housenumber" v="19" />
    <tag k="addr:street" v="Ginseng Lane" />
    <tag k="addr:state" v="VT" />
    <tag k="ref:vcgi:esiteid" v="41158" />
  </node>
  <node id="-281" visible="true" lat="42.997230547253" lon="-72.633049900038">
    <tag k="addr:city" v="Newfane" />
    <tag k="addr:housenumber" v="22" />
    <tag k="addr:street" v="Hill Road" />
    <tag k="addr:state" v="VT" />
    <tag k="ref:vcgi:esiteid" v="41159" />
  </node>
  <node id="-282" visible="true" lat="42.997158144838" lon="-72.61877576256">
    <tag k="addr:city" v="Newfane" />
    <tag k="addr:housenumber" v="13" />
    <tag k="addr:street" v="Ginseng Lane" />
    <tag k="addr:state" v="VT" />
    <tag k="ref:vcgi:esiteid" v="41160" />
  </node>
  <node id="-283" visible="true" lat="42.996403333564" lon="-72.637894542502">
    <tag k="addr:city" v="Newfane" />
    <tag k="addr:housenumber" v="7" />
    <tag k="addr:street" v="Grassy Brook Road" />
    <tag k="addr:state" v="VT" />
    <tag k="ref:vcgi:esiteid" v="41161" />
  </node>
  <node id="-284" visible="true" lat="42.996178715865" lon="-72.635999276859">
    <tag k="addr:city" v="Newfane" />
    <tag k="addr:housenumber" v="21" />
    <tag k="addr:street" v="Grassy Brook Road" />
    <tag k="addr:state" v="VT" />
    <tag k="ref:vcgi:esiteid" v="41162" />
  </node>
  <node id="-285" visible="true" lat="42.996103342262" lon="-72.635326803277">
    <tag k="addr:city" v="Newfane" />
    <tag k="addr:housenumber" v="29" />
    <tag k="addr:street" v="Grassy Brook Road" />
    <tag k="addr:state" v="VT" />
    <tag k="ref:vcgi:esiteid" v="41163" />
  </node>
  <node id="-286" visible="true" lat="42.99600797426" lon="-72.617603714101">
    <tag k="addr:city" v="Newfane" />
    <tag k="addr:housenumber" v="344" />
    <tag k="addr:street" v="Grassy Brook Road" />
    <tag k="addr:state" v="VT" />
    <tag k="ref:vcgi:esiteid" v="41164" />
  </node>
  <node id="-287" visible="true" lat="42.996013707405" lon="-72.618753770135">
    <tag k="addr:city" v="Newfane" />
    <tag k="addr:housenumber" v="334" />
    <tag k="addr:street" v="Grassy Brook Road" />
    <tag k="addr:state" v="VT" />
    <tag k="ref:vcgi:esiteid" v="41165" />
  </node>
  <node id="-288" visible="true" lat="42.995865732748" lon="-72.634254597748">
    <tag k="addr:city" v="Newfane" />
    <tag k="addr:housenumber" v="41" />
    <tag k="addr:street" v="Grassy Brook Road" />
    <tag k="addr:state" v="VT" />
    <tag k="ref:vcgi:esiteid" v="41166" />
  </node>
  <node id="-289" visible="true" lat="42.995477729861" lon="-72.619472915842">
    <tag k="addr:city" v="Newfane" />
    <tag k="addr:housenumber" v="320" />
    <tag k="addr:street" v="Grassy Brook Road" />
    <tag k="addr:state" v="VT" />
    <tag k="ref:vcgi:esiteid" v="41167" />
  </node>
  <node id="-290" visible="true" lat="42.995029919672" lon="-72.621616894797">
    <tag k="addr:city" v="Newfane" />
    <tag k="addr:housenumber" v="301" />
    <tag k="addr:street" v="Grassy Brook Road" />
    <tag k="addr:state" v="VT" />
    <tag k="ref:vcgi:esiteid" v="41168" />
  </node>
  <node id="-291" visible="true" lat="42.994494499905" lon="-72.631256811182">
    <tag k="addr:city" v="Newfane" />
    <tag k="addr:housenumber" v="73" />
    <tag k="addr:street" v="Grassy Brook Road" />
    <tag k="addr:state" v="VT" />
    <tag k="ref:vcgi:esiteid" v="41169" />
  </node>
  <node id="-292" visible="true" lat="42.994266091396" lon="-72.621971020125">
    <tag k="addr:city" v="Newfane" />
    <tag k="addr:housenumber" v="295" />
    <tag k="addr:street" v="Grassy Brook Road" />
    <tag k="addr:state" v="VT" />
    <tag k="ref:vcgi:esiteid" v="41170" />
  </node>
  <node id="-293" visible="true" lat="42.994720474248" lon="-72.619208893355">
    <tag k="addr:city" v="Newfane" />
    <tag k="addr:housenumber" v="318" />
    <tag k="addr:street" v="Grassy Brook Road" />
    <tag k="addr:state" v="VT" />
    <tag k="ref:vcgi:esiteid" v="41171" />
  </node>
  <node id="-294" visible="true" lat="42.994089637259" lon="-72.632134986089">
    <tag k="addr:city" v="Newfane" />
    <tag k="addr:housenumber" v="80" />
    <tag k="addr:street" v="Grassy Brook Road" />
    <tag k="addr:state" v="VT" />
    <tag k="ref:vcgi:esiteid" v="41172" />
  </node>
  <node id="-295" visible="true" lat="42.993889578272" lon="-72.6205762928">
    <tag k="addr:city" v="Newfane" />
    <tag k="addr:housenumber" v="118" />
    <tag k="addr:street" v="Merrill Drive" />
    <tag k="addr:state" v="VT" />
    <tag k="ref:vcgi:esiteid" v="41173" />
  </node>
  <node id="-296" visible="true" lat="42.99380779421" lon="-72.621285839446">
    <tag k="addr:city" v="Newfane" />
    <tag k="addr:housenumber" v="126" />
    <tag k="addr:street" v="Merrill Drive" />
    <tag k="addr:state" v="VT" />
    <tag k="ref:vcgi:esiteid" v="41174" />
  </node>
  <node id="-297" visible="true" lat="42.993552169819" lon="-72.629375722662">
    <tag k="addr:city" v="Newfane" />
    <tag k="addr:housenumber" v="44" />
    <tag k="addr:street" v="Howe Lane" />
    <tag k="addr:state" v="VT" />
    <tag k="ref:vcgi:esiteid" v="41175" />
  </node>
  <node id="-298" visible="true" lat="42.993330130033" lon="-72.621157190751">
    <tag k="addr:city" v="Newfane" />
    <tag k="addr:housenumber" v="127" />
    <tag k="addr:street" v="Merrill Drive" />
    <tag k="addr:state" v="VT" />
    <tag k="ref:vcgi:esiteid" v="41176" />
  </node>
  <node id="-299" visible="true" lat="42.99323354228" lon="-72.630089701045">
    <tag k="addr:city" v="Newfane" />
    <tag k="addr:housenumber" v="33" />
    <tag k="addr:street" v="Howe Lane" />
    <tag k="addr:state" v="VT" />
    <tag k="ref:vcgi:esiteid" v="41177" />
  </node>
  <node id="-300" visible="true" lat="42.99311750161" lon="-72.620059453343">
    <tag k="addr:city" v="Newfane" />
    <tag k="addr:housenumber" v="104" />
    <tag k="addr:street" v="Merrill Drive" />
    <tag k="addr:state" v="VT" />
    <tag k="ref:vcgi:esiteid" v="41178" />
  </node>
  <node id="-301" visible="true" lat="42.992893401812" lon="-72.622352413172">
    <tag k="addr:city" v="Newfane" />
    <tag k="addr:housenumber" v="274" />
    <tag k="addr:street" v="Grassy Brook Road" />
    <tag k="addr:state" v="VT" />
    <tag k="ref:vcgi:esiteid" v="41179" />
  </node>
  <node id="-302" visible="true" lat="42.992610652207" lon="-72.620584405967">
    <tag k="addr:city" v="Newfane" />
    <tag k="addr:housenumber" v="92" />
    <tag k="addr:street" v="Merrill Drive" />
    <tag k="addr:state" v="VT" />
    <tag k="ref:vcgi:esiteid" v="41180" />
  </node>
  <node id="-303" visible="true" lat="42.992456490393" lon="-72.623615678809">
    <tag k="addr:city" v="Newfane" />
    <tag k="addr:housenumber" v="261" />
    <tag k="addr:street" v="Grassy Brook Road" />
    <tag k="addr:state" v="VT" />
    <tag k="ref:vcgi:esiteid" v="41181" />
  </node>
  <node id="-304" visible="true" lat="42.992398317596" lon="-72.621801480821">
    <tag k="addr:city" v="Newfane" />
    <tag k="addr:housenumber" v="83" />
    <tag k="addr:street" v="Merrill Drive" />
    <tag k="addr:state" v="VT" />
    <tag k="ref:vcgi:esiteid" v="41182" />
  </node>
  <node id="-305" visible="true" lat="42.992341031324" lon="-72.629218077561">
    <tag k="addr:city" v="Newfane" />
    <tag k="addr:housenumber" v="43" />
    <tag k="addr:street" v="Harris Hill Road" />
    <tag k="addr:state" v="VT" />
    <tag k="ref:vcgi:esiteid" v="41183" />
  </node>
  <node id="-306" visible="true" lat="42.99227338508" lon="-72.620754655189">
    <tag k="addr:city" v="Newfane" />
    <tag k="addr:housenumber" v="90" />
    <tag k="addr:street" v="Merrill Drive" />
    <tag k="addr:state" v="VT" />
    <tag k="ref:vcgi:esiteid" v="41184" />
  </node>
  <node id="-307" visible="true" lat="42.992335778426" lon="-72.62252503619">
    <tag k="addr:city" v="Newfane" />
    <tag k="addr:housenumber" v="268" />
    <tag k="addr:street" v="Grassy Brook Road" />
    <tag k="addr:state" v="VT" />
    <tag k="ref:vcgi:esiteid" v="41185" />
  </node>
  <node id="-308" visible="true" lat="42.992075491281" lon="-72.624683475229">
    <tag k="addr:city" v="Newfane" />
    <tag k="addr:housenumber" v="253" />
    <tag k="addr:street" v="Grassy Brook Road" />
    <tag k="addr:state" v="VT" />
    <tag k="ref:vcgi:esiteid" v="41186" />
  </node>
  <node id="-309" visible="true" lat="42.99202542909" lon="-72.623234208713">
    <tag k="addr:city" v="Newfane" />
    <tag k="addr:housenumber" v="258" />
    <tag k="addr:street" v="Grassy Brook Road" />
    <tag k="addr:state" v="VT" />
    <tag k="ref:vcgi:esiteid" v="41187" />
  </node>
  <node id="-310" visible="true" lat="42.991989031965" lon="-72.621275655893">
    <tag k="addr:city" v="Newfane" />
    <tag k="addr:housenumber" v="86" />
    <tag k="addr:street" v="Merrill Drive" />
    <tag k="addr:state" v="VT" />
    <tag k="ref:vcgi:esiteid" v="41188" />
  </node>
  <node id="-311" visible="true" lat="42.991910987808" lon="-72.627964435172">
    <tag k="addr:city" v="Newfane" />
    <tag k="addr:housenumber" v="50" />
    <tag k="addr:street" v="Harris Hill Road" />
    <tag k="addr:state" v="VT" />
    <tag k="ref:vcgi:esiteid" v="41189" />
  </node>
  <node id="-312" visible="true" lat="42.991666936888" lon="-72.622493724383">
    <tag k="addr:city" v="Newfane" />
    <tag k="addr:housenumber" v="71" />
    <tag k="addr:street" v="Merrill Drive" />
    <tag k="addr:state" v="VT" />
    <tag k="ref:vcgi:esiteid" v="41190" />
  </node>
  <node id="-313" visible="true" lat="42.991443310243" lon="-72.62462322199">
    <tag k="addr:city" v="Newfane" />
    <tag k="addr:housenumber" v="245" />
    <tag k="addr:street" v="Grassy Brook Road" />
    <tag k="addr:state" v="VT" />
    <tag k="ref:vcgi:esiteid" v="41191" />
  </node>
  <node id="-314" visible="true" lat="42.991434132067" lon="-72.629705763204">
    <tag k="addr:city" v="Newfane" />
    <tag k="addr:housenumber" v="31" />
    <tag k="addr:street" v="Harris Hill Road" />
    <tag k="addr:state" v="VT" />
    <tag k="ref:vcgi:esiteid" v="41192" />
  </node>
  <node id="-315" visible="true" lat="42.99171342249" lon="-72.628270486396">
    <tag k="addr:city" v="Newfane" />
    <tag k="addr:housenumber" v="44" />
    <tag k="addr:street" v="Harris Hill Road" />
    <tag k="addr:state" v="VT" />
    <tag k="ref:vcgi:esiteid" v="41193" />
  </node>
  <node id="-316" visible="true" lat="42.991586739242" lon="-72.628521380593">
    <tag k="addr:city" v="Newfane" />
    <tag k="addr:housenumber" v="42" />
    <tag k="addr:street" v="Harris Hill Road" />
    <tag k="addr:state" v="VT" />
    <tag k="ref:vcgi:esiteid" v="41194" />
  </node>
  <node id="-317" visible="true" lat="42.991562544319" lon="-72.621951040931">
    <tag k="addr:city" v="Newfane" />
    <tag k="addr:housenumber" v="74" />
    <tag k="addr:street" v="Merrill Drive" />
    <tag k="addr:state" v="VT" />
    <tag k="ref:vcgi:esiteid" v="41195" />
  </node>
  <node id="-318" visible="true" lat="42.99123043676" lon="-72.625647638725">
    <tag k="addr:city" v="Newfane" />
    <tag k="addr:housenumber" v="235" />
    <tag k="addr:street" v="Grassy Brook Road" />
    <tag k="addr:state" v="VT" />
    <tag k="ref:vcgi:esiteid" v="41196" />
  </node>
  <node id="-319" visible="true" lat="42.991332423147" lon="-72.62881301674">
    <tag k="addr:city" v="Newfane" />
    <tag k="addr:housenumber" v="38" />
    <tag k="addr:street" v="Harris Hill Road" />
    <tag k="addr:state" v="VT" />
    <tag k="ref:vcgi:esiteid" v="41197" />
  </node>
  <node id="-320" visible="true" lat="42.990988202505" lon="-72.633752586577">
    <tag k="addr:city" v="Newfane" />
    <tag k="addr:housenumber" v="6" />
    <tag k="addr:street" v="Riverview Drive" />
    <tag k="addr:state" v="VT" />
    <tag k="ref:vcgi:esiteid" v="41198" />
  </node>
  <node id="-321" visible="true" lat="42.991071754906" lon="-72.620731766811">
    <tag k="addr:city" v="Newfane" />
    <tag k="addr:housenumber" v="30" />
    <tag k="addr:street" v="Bush Lane" />
    <tag k="addr:state" v="VT" />
    <tag k="ref:vcgi:esiteid" v="41199" />
  </node>
  <node id="-322" visible="true" lat="42.990942055445" lon="-72.623386798297">
    <tag k="addr:city" v="Newfane" />
    <tag k="addr:housenumber" v="59" />
    <tag k="addr:street" v="Merrill Drive" />
    <tag k="addr:state" v="VT" />
    <tag k="ref:vcgi:esiteid" v="41200" />
  </node>
  <node id="-323" visible="true" lat="42.990938239929" lon="-72.621685442532">
    <tag k="addr:city" v="Newfane" />
    <tag k="addr:housenumber" v="28" />
    <tag k="addr:street" v="Bush Lane" />
    <tag k="addr:state" v="VT" />
    <tag k="ref:vcgi:esiteid" v="41201" />
  </node>
  <node id="-324" visible="true" lat="42.990925402985" lon="-72.632128971412">
    <tag k="addr:city" v="Newfane" />
    <tag k="addr:housenumber" v="21" />
    <tag k="addr:street" v="Harris Hill Road" />
    <tag k="addr:state" v="VT" />
    <tag k="ref:vcgi:esiteid" v="41202" />
  </node>
  <node id="-325" visible="true" lat="42.990858131775" lon="-72.62291377532">
    <tag k="addr:city" v="Newfane" />
    <tag k="addr:housenumber" v="60" />
    <tag k="addr:street" v="Merrill Drive" />
    <tag k="addr:state" v="VT" />
    <tag k="ref:vcgi:esiteid" v="41203" />
  </node>
  <node id="-326" visible="true" lat="42.990595167513" lon="-72.625903755756">
    <tag k="addr:city" v="Newfane" />
    <tag k="addr:housenumber" v="223" />
    <tag k="addr:street" v="Grassy Brook Road" />
    <tag k="addr:state" v="VT" />
    <tag k="ref:vcgi:esiteid" v="41204" />
  </node>
  <node id="-327" visible="true" lat="42.990386853459" lon="-72.629752662919">
    <tag k="addr:city" v="Newfane" />
    <tag k="addr:housenumber" v="22" />
    <tag k="addr:street" v="Harris Hill Road" />
    <tag k="addr:state" v="VT" />
    <tag k="ref:vcgi:esiteid" v="41205" />
  </node>
  <node id="-328" visible="true" lat="42.99036026681" lon="-72.623118253938">
    <tag k="addr:city" v="Newfane" />
    <tag k="addr:housenumber" v="54" />
    <tag k="addr:street" v="Merrill Drive" />
    <tag k="addr:state" v="VT" />
    <tag k="ref:vcgi:esiteid" v="41206" />
  </node>
  <node id="-329" visible="true" lat="42.990197173918" lon="-72.631463192929">
    <tag k="addr:city" v="Newfane" />
    <tag k="addr:housenumber" v="143" />
    <tag k="addr:street" v="Grassy Brook Road" />
    <tag k="addr:state" v="VT" />
    <tag k="ref:vcgi:esiteid" v="41207" />
  </node>
  <node id="-330" visible="true" lat="42.990278299325" lon="-72.634235799637">
    <tag k="addr:city" v="Newfane" />
    <tag k="addr:housenumber" v="18" />
    <tag k="addr:street" v="Riverview Drive" />
    <tag k="addr:state" v="VT" />
    <tag k="ref:vcgi:esiteid" v="41208" />
  </node>
  <node id="-331" visible="true" lat="42.990278440797" lon="-72.630544394157">
    <tag k="addr:city" v="Newfane" />
    <tag k="addr:housenumber" v="14" />
    <tag k="addr:street" v="Harris Hill Road" />
    <tag k="addr:state" v="VT" />
    <tag k="ref:vcgi:esiteid" v="41209" />
  </node>
  <node id="-332" visible="true" lat="42.990213636556" lon="-72.622368197254">
    <tag k="addr:city" v="Newfane" />
    <tag k="addr:housenumber" v="26" />
    <tag k="addr:street" v="Bush Lane" />
    <tag k="addr:state" v="VT" />
    <tag k="ref:vcgi:esiteid" v="41210" />
  </node>
  <node id="-333" visible="true" lat="42.989847073687" lon="-72.625242248132">
    <tag k="addr:city" v="Newfane" />
    <tag k="addr:housenumber" v="226" />
    <tag k="addr:street" v="Grassy Brook Road" />
    <tag k="addr:state" v="VT" />
    <tag k="ref:vcgi:esiteid" v="41211" />
  </node>
  <node id="-334" visible="true" lat="42.989985976615" lon="-72.622198990483">
    <tag k="addr:city" v="Newfane" />
    <tag k="addr:housenumber" v="24" />
    <tag k="addr:street" v="Bush Lane" />
    <tag k="addr:state" v="VT" />
    <tag k="ref:vcgi:esiteid" v="41212" />
  </node>
  <node id="-335" visible="true" lat="42.990041580829" lon="-72.62427333323">
    <tag k="addr:city" v="Newfane" />
    <tag k="addr:housenumber" v="41" />
    <tag k="addr:street" v="Merrill Drive" />
    <tag k="addr:state" v="VT" />
    <tag k="ref:vcgi:esiteid" v="41213" />
  </node>
  <node id="-336" visible="true" lat="42.989855904861" lon="-72.629619376768">
    <tag k="addr:city" v="Newfane" />
    <tag k="addr:housenumber" v="163" />
    <tag k="addr:street" v="Grassy Brook Road" />
    <tag k="addr:state" v="VT" />
    <tag k="ref:vcgi:esiteid" v="41214" />
  </node>
  <node id="-337" visible="true" lat="42.989801366676" lon="-72.631473084913">
    <tag k="addr:city" v="Newfane" />
    <tag k="addr:housenumber" v="146" />
    <tag k="addr:street" v="Grassy Brook Road" />
    <tag k="addr:state" v="VT" />
    <tag k="ref:vcgi:esiteid" v="41215" />
  </node>
  <node id="-338" visible="true" lat="42.989880189985" lon="-72.626279931696">
    <tag k="addr:city" v="Newfane" />
    <tag k="addr:housenumber" v="211" />
    <tag k="addr:street" v="Grassy Brook Road" />
    <tag k="addr:state" v="VT" />
    <tag k="ref:vcgi:esiteid" v="41216" />
  </node>
  <node id="-339" visible="true" lat="42.989709909012" lon="-72.634151877708">
    <tag k="addr:city" v="Newfane" />
    <tag k="addr:housenumber" v="26" />
    <tag k="addr:street" v="Riverview Drive" />
    <tag k="addr:state" v="VT" />
    <tag k="ref:vcgi:esiteid" v="41217" />
  </node>
  <node id="-340" visible="true" lat="42.989568762963" lon="-72.623699602702">
    <tag k="addr:city" v="Newfane" />
    <tag k="addr:housenumber" v="3" />
    <tag k="addr:street" v="Bush Lane" />
    <tag k="addr:state" v="VT" />
    <tag k="ref:vcgi:esiteid" v="41218" />
  </node>
  <node id="-341" visible="true" lat="42.989518843442" lon="-72.63039502183">
    <tag k="addr:city" v="Newfane" />
    <tag k="addr:housenumber" v="156" />
    <tag k="addr:street" v="Grassy Brook Road" />
    <tag k="addr:state" v="VT" />
    <tag k="ref:vcgi:esiteid" v="41219" />
  </node>
  <node id="-342" visible="true" lat="42.98936658499" lon="-72.625683245173">
    <tag k="addr:city" v="Newfane" />
    <tag k="addr:housenumber" v="9" />
    <tag k="addr:street" v="Merrill Drive" />
    <tag k="addr:state" v="VT" />
    <tag k="ref:vcgi:esiteid" v="41220" />
  </node>
  <node id="-343" visible="true" lat="42.989526235654" lon="-72.624504081117">
    <tag k="addr:city" v="Newfane" />
    <tag k="addr:housenumber" v="23" />
    <tag k="addr:street" v="Merrill Drive" />
    <tag k="addr:state" v="VT" />
    <tag k="ref:vcgi:esiteid" v="41221" />
  </node>
  <node id="-344" visible="true" lat="42.989317975043" lon="-72.625137794662">
    <tag k="addr:city" v="Newfane" />
    <tag k="addr:housenumber" v="13" />
    <tag k="addr:street" v="Merrill Drive" />
    <tag k="addr:state" v="VT" />
    <tag k="ref:vcgi:esiteid" v="41222" />
  </node>
  <node id="-345" visible="true" lat="42.989149147491" lon="-72.627605854044">
    <tag k="addr:city" v="Newfane" />
    <tag k="addr:housenumber" v="185" />
    <tag k="addr:street" v="Grassy Brook Road" />
    <tag k="addr:state" v="VT" />
    <tag k="ref:vcgi:esiteid" v="41223" />
  </node>
  <node id="-346" visible="true" lat="42.988665351293" lon="-72.62209745467">
    <tag k="addr:city" v="Newfane" />
    <tag k="addr:housenumber" v="12" />
    <tag k="addr:street" v="Bush Lane" />
    <tag k="addr:state" v="VT" />
    <tag k="ref:vcgi:esiteid" v="41224" />
  </node>
  <node id="-347" visible="true" lat="42.98890500638" lon="-72.629551350208">
    <tag k="addr:city" v="Newfane" />
    <tag k="addr:housenumber" v="170" />
    <tag k="addr:street" v="Grassy Brook Road" />
    <tag k="addr:state" v="VT" />
    <tag k="ref:vcgi:esiteid" v="41225" />
  </node>
  <node id="-348" visible="true" lat="42.989065202968" lon="-72.623526679127">
    <tag k="addr:city" v="Newfane" />
    <tag k="addr:housenumber" v="2" />
    <tag k="addr:street" v="Bush Lane" />
    <tag k="addr:state" v="VT" />
    <tag k="ref:vcgi:esiteid" v="41226" />
  </node>
  <node id="-349" visible="true" lat="42.988725222175" lon="-72.628342933131">
    <tag k="addr:city" v="Newfane" />
    <tag k="addr:housenumber" v="182" />
    <tag k="addr:street" v="Grassy Brook Road" />
    <tag k="addr:state" v="VT" />
    <tag k="ref:vcgi:esiteid" v="41227" />
  </node>
  <node id="-350" visible="true" lat="42.988539672247" lon="-72.616161733513">
    <tag k="addr:city" v="Putney" />
    <tag k="addr:housenumber" v="191" />
    <tag k="addr:street" v="Putney Mountain Road" />
    <tag k="addr:state" v="VT" />
    <tag k="ref:vcgi:esiteid" v="41228" />
  </node>
  <node id="-351" visible="true" lat="42.988466003137" lon="-72.624114482969">
    <tag k="addr:city" v="Newfane" />
    <tag k="addr:housenumber" v="26" />
    <tag k="addr:street" v="Merrill Drive" />
    <tag k="addr:state" v="VT" />
    <tag k="ref:vcgi:esiteid" v="41229" />
  </node>
  <node id="-352" visible="true" lat="42.988481575056" lon="-72.632999837629">
    <tag k="addr:city" v="Newfane" />
    <tag k="addr:housenumber" v="136" />
    <tag k="addr:street" v="Grassy Brook Road" />
    <tag k="addr:state" v="VT" />
    <tag k="ref:vcgi:esiteid" v="41230" />
  </node>
  <node id="-353" visible="true" lat="42.988416724814" lon="-72.630451619197">
    <tag k="addr:city" v="Newfane" />
    <tag k="addr:housenumber" v="178" />
    <tag k="addr:street" v="Grassy Brook Road" />
    <tag k="addr:state" v="VT" />
    <tag k="ref:vcgi:esiteid" v="41231" />
  </node>
  <node id="-354" visible="true" lat="42.988134437383" lon="-72.627010762008">
    <tag k="addr:city" v="Newfane" />
    <tag k="addr:housenumber" v="5" />
    <tag k="addr:street" v="Putney Mountain Road" />
    <tag k="addr:state" v="VT" />
    <tag k="ref:vcgi:esiteid" v="41232" />
  </node>
  <node id="-355" visible="true" lat="42.986212985987" lon="-72.629141725584">
    <tag k="addr:city" v="Newfane" />
    <tag k="addr:housenumber" v="28" />
    <tag k="addr:street" v="Putney Mountain Road" />
    <tag k="addr:state" v="VT" />
    <tag k="ref:vcgi:esiteid" v="41233" />
  </node>
  <node id="-356" visible="true" lat="42.986005836347" lon="-72.625561175152">
    <tag k="addr:city" v="Newfane" />
    <tag k="addr:housenumber" v="55" />
    <tag k="addr:street" v="Putney Mountain Road" />
    <tag k="addr:state" v="VT" />
    <tag k="ref:vcgi:esiteid" v="41234" />
  </node>
  <node id="-357" visible="true" lat="42.985487075319" lon="-72.626509312791">
    <tag k="addr:city" v="Newfane" />
    <tag k="addr:housenumber" v="54" />
    <tag k="addr:street" v="Putney Mountain Road" />
    <tag k="addr:state" v="VT" />
    <tag k="ref:vcgi:esiteid" v="41235" />
  </node>
  <node id="-358" visible="true" lat="42.985593849231" lon="-72.6184810965">
    <tag k="addr:city" v="Putney" />
    <tag k="addr:housenumber" v="135" />
    <tag k="addr:street" v="Putney Mountain Road" />
    <tag k="addr:state" v="VT" />
    <tag k="ref:vcgi:esiteid" v="41236" />
  </node>
  <node id="-359" visible="true" lat="42.985524302486" lon="-72.62021328227">
    <tag k="addr:city" v="Putney" />
    <tag k="addr:housenumber" v="113" />
    <tag k="addr:street" v="Putney Mountain Road" />
    <tag k="addr:state" v="VT" />
    <tag k="ref:vcgi:esiteid" v="41237" />
  </node>
  <node id="-360" visible="true" lat="42.985467981277" lon="-72.621231810146">
    <tag k="addr:city" v="Putney" />
    <tag k="addr:housenumber" v="105" />
    <tag k="addr:street" v="Putney Mountain Road" />
    <tag k="addr:state" v="VT" />
    <tag k="ref:vcgi:esiteid" v="41238" />
  </node>
  <node id="-361" visible="true" lat="42.985525506194" lon="-72.6196297395">
    <tag k="addr:city" v="Putney" />
    <tag k="addr:housenumber" v="121" />
    <tag k="addr:street" v="Putney Mountain Road" />
    <tag k="addr:state" v="VT" />
    <tag k="ref:vcgi:esiteid" v="41239" />
  </node>
  <node id="-362" visible="true" lat="42.985008632176" lon="-72.619075929794">
    <tag k="addr:city" v="Putney" />
    <tag k="addr:housenumber" v="124" />
    <tag k="addr:street" v="Putney Mountain Road" />
    <tag k="addr:state" v="VT" />
    <tag k="ref:vcgi:esiteid" v="41240" />
  </node>
  <node id="-363" visible="true" lat="42.985044531412" lon="-72.624798237153">
    <tag k="addr:city" v="Newfane" />
    <tag k="addr:housenumber" v="70" />
    <tag k="addr:street" v="Putney Mountain Road" />
    <tag k="addr:state" v="VT" />
    <tag k="ref:vcgi:esiteid" v="41241" />
  </node>
  <node id="-364" visible="true" lat="42.985024949294" lon="-72.618462211674">
    <tag k="addr:city" v="Putney" />
    <tag k="addr:housenumber" v="128" />
    <tag k="addr:street" v="Putney Mountain Road" />
    <tag k="addr:state" v="VT" />
    <tag k="ref:vcgi:esiteid" v="41242" />
  </node>
  <node id="-365" visible="true" lat="42.985010200798" lon="-72.621929582572">
    <tag k="addr:city" v="Putney" />
    <tag k="addr:housenumber" v="96" />
    <tag k="addr:street" v="Putney Mountain Road" />
    <tag k="addr:state" v="VT" />
    <tag k="ref:vcgi:esiteid" v="41243" />
  </node>
  <node id="-366" visible="true" lat="42.985032971282" lon="-72.619558696757">
    <tag k="addr:city" v="Putney" />
    <tag k="addr:housenumber" v="122" />
    <tag k="addr:street" v="Putney Mountain Road" />
    <tag k="addr:state" v="VT" />
    <tag k="ref:vcgi:esiteid" v="41244" />
  </node>
  <node id="-367" visible="true" lat="42.983949712882" lon="-72.620998796522">
    <tag k="addr:city" v="Putney" />
    <tag k="addr:housenumber" v="114" />
    <tag k="addr:street" v="Putney Mountain Road" />
    <tag k="addr:state" v="VT" />
    <tag k="ref:vcgi:esiteid" v="41245" />
  </node>
  <node id="-368" visible="true" lat="42.98289302358" lon="-72.610396432349">
    <tag k="addr:city" v="Putney" />
    <tag k="addr:housenumber" v="68" />
    <tag k="addr:street" v="Bennett Road" />
    <tag k="addr:state" v="VT" />
    <tag k="ref:vcgi:esiteid" v="41246" />
  </node>
  <node id="-369" visible="true" lat="42.972808069665" lon="-72.610446828314">
    <tag k="addr:city" v="Putney" />
    <tag k="addr:housenumber" v="194" />
    <tag k="addr:street" v="Bennett Road" />
    <tag k="addr:state" v="VT" />
    <tag k="ref:vcgi:esiteid" v="41247" />
  </node>
  <node id="-370" visible="true" lat="42.970915112834" lon="-72.611372093365">
    <tag k="addr:city" v="Putney" />
    <tag k="addr:housenumber" v="242" />
    <tag k="addr:street" v="Bennett Road" />
    <tag k="addr:state" v="VT" />
    <tag k="ref:vcgi:esiteid" v="41248" />
  </node>
  <node id="-371" visible="true" lat="42.969759036414" lon="-72.612667497789">
    <tag k="addr:city" v="Putney" />
    <tag k="addr:housenumber" v="34" />
    <tag k="addr:street" v="Purple Mountain Road" />
    <tag k="addr:state" v="VT" />
    <tag k="ref:vcgi:esiteid" v="41249" />
  </node>
  <node id="-372" visible="true" lat="42.969312716867" lon="-72.618061482779">
    <tag k="addr:city" v="Putney" />
    <tag k="addr:housenumber" v="72" />
    <tag k="addr:street" v="Purple Mountain Road" />
    <tag k="addr:state" v="VT" />
    <tag k="ref:vcgi:esiteid" v="41250" />
  </node>
  <node id="-373" visible="true" lat="42.968850995211" lon="-72.619218418928">
    <tag k="addr:city" v="Putney" />
    <tag k="addr:housenumber" v="74" />
    <tag k="addr:street" v="Purple Mountain Road" />
    <tag k="addr:state" v="VT" />
    <tag k="ref:vcgi:esiteid" v="41251" />
  </node>
  <node id="-374" visible="true" lat="43.007744003529" lon="-72.639785012185">
    <tag k="addr:city" v="Newfane" />
    <tag k="addr:housenumber" v="55" />
    <tag k="addr:street" v="Ellen Ware Road" />
    <tag k="addr:state" v="VT" />
    <tag k="ref:vcgi:esiteid" v="41252" />
  </node>
  <node id="-375" visible="true" lat="43.019293136386" lon="-72.615853826672">
    <tag k="addr:city" v="Newfane" />
    <tag k="addr:housenumber" v="417" />
    <tag k="addr:street" v="Hill Road" />
    <tag k="addr:state" v="VT" />
    <tag k="ref:vcgi:esiteid" v="41253" />
  </node>
  <node id="-376" visible="true" lat="42.99223566924" lon="-72.628505091694">
    <tag k="addr:city" v="Newfane" />
    <tag k="addr:housenumber" v="49" />
    <tag k="addr:street" v="Harris Hill Road" />
    <tag k="addr:state" v="VT" />
    <tag k="ref:vcgi:esiteid" v="41254" />
  </node>
  <node id="-377" visible="true" lat="42.990499327593" lon="-72.624204195899">
    <tag k="addr:city" v="Newfane" />
    <tag k="addr:housenumber" v="252" />
    <tag k="addr:street" v="Grassy Brook Road" />
    <tag k="addr:state" v="VT" />
    <tag k="ref:vcgi:esiteid" v="41255" />
  </node>
  <node id="-378" visible="true" lat="42.99033737108" lon="-72.624151251069">
    <tag k="addr:city" v="Newfane" />
    <tag k="addr:housenumber" v="250" />
    <tag k="addr:street" v="Grassy Brook Road" />
    <tag k="addr:state" v="VT" />
    <tag k="ref:vcgi:esiteid" v="41256" />
  </node>
  <node id="-379" visible="true" lat="42.987497383111" lon="-72.615833694749">
    <tag k="addr:city" v="Putney" />
    <tag k="addr:housenumber" v="192" />
    <tag k="addr:street" v="Putney Mountain Road" />
    <tag k="addr:state" v="VT" />
    <tag k="ref:vcgi:esiteid" v="41257" />
  </node>
  <node id="-380" visible="true" lat="43.005936732248" lon="-72.595043624248">
    <tag k="addr:city" v="Putney" />
    <tag k="addr:housenumber" v="93" />
    <tag k="addr:street" v="Banning Road" />
    <tag k="addr:state" v="VT" />
    <tag k="ref:vcgi:esiteid" v="41258" />
  </node>
  <node id="-381" visible="true" lat="43.025775211876" lon="-72.605064459678">
    <tag k="addr:city" v="Newfane" />
    <tag k="addr:housenumber" v="793" />
    <tag k="addr:street" v="Grassy Brook Road" />
    <tag k="addr:state" v="VT" />
    <tag k="ref:vcgi:esiteid" v="41259" />
  </node>
  <node id="-382" visible="true" lat="43.003679531761" lon="-72.615451455691">
    <tag k="addr:city" v="Newfane" />
    <tag k="addr:housenumber" v="43" />
    <tag k="addr:street" v="Turtle Drive" />
    <tag k="addr:state" v="VT" />
    <tag k="ref:vcgi:esiteid" v="41260" />
  </node>
  <node id="-383" visible="true" lat="42.997907579137" lon="-72.613868800596">
    <tag k="addr:city" v="Newfane" />
    <tag k="addr:housenumber" v="376" />
    <tag k="addr:street" v="Grassy Brook Road" />
    <tag k="addr:state" v="VT" />
    <tag k="ref:vcgi:esiteid" v="41261" />
  </node>
  <node id="-384" visible="true" lat="42.992902452359" lon="-72.623033352577">
    <tag k="addr:city" v="Newfane" />
    <tag k="addr:housenumber" v="271" />
    <tag k="addr:street" v="Grassy Brook Road" />
    <tag k="addr:state" v="VT" />
    <tag k="ref:vcgi:esiteid" v="41262" />
  </node>
  <node id="-385" visible="true" lat="43.009324837285" lon="-72.642301922617">
    <tag k="addr:city" v="Newfane" />
    <tag k="addr:housenumber" v="107" />
    <tag k="addr:street" v="Ellen Ware Road" />
    <tag k="addr:state" v="VT" />
    <tag k="ref:vcgi:esiteid" v="41263" />
  </node>
  <node id="-386" visible="true" lat="43.018042275654" lon="-72.606995219387">
    <tag k="addr:city" v="Newfane" />
    <tag k="addr:housenumber" v="717" />
    <tag k="addr:street" v="Grassy Brook Road" />
    <tag k="addr:state" v="VT" />
    <tag k="ref:vcgi:esiteid" v="41264" />
  </node>
  <node id="-387" visible="true" lat="43.048433111403" lon="-72.590153935252">
    <tag k="addr:city" v="Newfane" />
    <tag k="addr:housenumber" v="1138" />
    <tag k="addr:street" v="Grassy Brook Road" />
    <tag k="addr:state" v="VT" />
    <tag k="ref:vcgi:esiteid" v="41265" />
  </node>
  <node id="-388" visible="true" lat="42.993901171536" lon="-72.631465846635">
    <tag k="addr:city" v="Newfane" />
    <tag k="addr:housenumber" v="87" />
    <tag k="addr:street" v="Grassy Brook Road" />
    <tag k="addr:state" v="VT" />
    <tag k="ref:vcgi:esiteid" v="41266" />
  </node>
  <node id="-389" visible="true" lat="43.00036886432" lon="-72.6140795525">
    <tag k="addr:city" v="Newfane" />
    <tag k="addr:housenumber" v="409" />
    <tag k="addr:street" v="Grassy Brook Road" />
    <tag k="addr:state" v="VT" />
    <tag k="ref:vcgi:esiteid" v="41267" />
  </node>
  <node id="-390" visible="true" lat="43.048767353798" lon="-72.599017557021">
    <tag k="addr:city" v="Newfane" />
    <tag k="addr:housenumber" v="195" />
    <tag k="addr:street" v="Whitney Hill Road" />
    <tag k="addr:state" v="VT" />
    <tag k="ref:vcgi:esiteid" v="41268" />
  </node>
  <node id="-391" visible="true" lat="43.021503374477" lon="-72.604180084756">
    <tag k="addr:city" v="Newfane" />
    <tag k="addr:housenumber" v="733" />
    <tag k="addr:street" v="Grassy Brook Road" />
    <tag k="addr:state" v="VT" />
    <tag k="ref:vcgi:esiteid" v="41269" />
  </node>
  <node id="-392" visible="true" lat="43.013261680856" lon="-72.616445935431">
    <tag k="addr:city" v="Newfane" />
    <tag k="addr:housenumber" v="410" />
    <tag k="addr:street" v="Hill Road" />
    <tag k="addr:state" v="VT" />
    <tag k="ref:vcgi:esiteid" v="41270" />
  </node>
  <node id="-393" visible="true" lat="43.006325354812" lon="-72.617923977907">
    <tag k="addr:city" v="Newfane" />
    <tag k="addr:housenumber" v="62" />
    <tag k="addr:street" v="Papoose Lane" />
    <tag k="addr:state" v="VT" />
    <tag k="ref:vcgi:esiteid" v="41271" />
  </node>
  <node id="-394" visible="true" lat="43.012047103009" lon="-72.624451754242">
    <tag k="addr:city" v="Newfane" />
    <tag k="addr:housenumber" v="295" />
    <tag k="addr:street" v="Hill Road" />
    <tag k="addr:state" v="VT" />
    <tag k="ref:vcgi:esiteid" v="41272" />
  </node>
  <node id="-395" visible="true" lat="43.009058035561" lon="-72.630790138521">
    <tag k="addr:city" v="Newfane" />
    <tag k="addr:housenumber" v="216" />
    <tag k="addr:street" v="Hill Road" />
    <tag k="addr:state" v="VT" />
    <tag k="ref:vcgi:esiteid" v="41273" />
  </node>
  <node id="-396" visible="true" lat="43.041093913151" lon="-72.589551030784">
    <tag k="addr:city" v="Newfane" />
    <tag k="addr:housenumber" v="1062" />
    <tag k="addr:street" v="Grassy Brook Road" />
    <tag k="addr:state" v="VT" />
    <tag k="ref:vcgi:esiteid" v="41274" />
  </node>
  <node id="-397" visible="true" lat="42.994588142253" lon="-72.629032968164">
    <tag k="addr:city" v="Newfane" />
    <tag k="addr:housenumber" v="60" />
    <tag k="addr:street" v="Howe Lane" />
    <tag k="addr:state" v="VT" />
    <tag k="ref:vcgi:esiteid" v="316542" />
  </node>
  <node id="-398" visible="true" lat="43.004740100985" lon="-72.62028689536">
    <tag k="addr:city" v="Newfane" />
    <tag k="addr:housenumber" v="103" />
    <tag k="addr:street" v="Papoose Lane" />
    <tag k="addr:state" v="VT" />
    <tag k="ref:vcgi:esiteid" v="330960" />
  </node>
  <node id="-399" visible="true" lat="42.977292714164" lon="-72.617240055795">
    <tag k="addr:city" v="Putney" />
    <tag k="addr:housenumber" v="126" />
    <tag k="addr:street" v="Bennett Road" />
    <tag k="addr:state" v="VT" />
    <tag k="ref:vcgi:esiteid" v="333244" />
  </node>
  <node id="-400" visible="true" lat="43.013561044461" lon="-72.620634209606">
    <tag k="addr:city" v="Newfane" />
    <tag k="addr:housenumber" v="350" />
    <tag k="addr:street" v="Hill Road" />
    <tag k="addr:state" v="VT" />
    <tag k="ref:vcgi:esiteid" v="343794" />
  </node>
  <node id="-401" visible="true" lat="43.012888759037" lon="-72.610657412262">
    <tag k="addr:city" v="Newfane" />
    <tag k="addr:housenumber" v="481" />
    <tag k="addr:street" v="Hill Road" />
    <tag k="addr:state" v="VT" />
    <tag k="ref:vcgi:esiteid" v="343795" />
  </node>
  <node id="-402" visible="true" lat="43.003898074613" lon="-72.618745888653">
    <tag k="addr:city" v="Newfane" />
    <tag k="addr:housenumber" v="99" />
    <tag k="addr:street" v="Papoose Lane" />
    <tag k="addr:state" v="VT" />
    <tag k="ref:vcgi:esiteid" v="343796" />
  </node>
  <node id="-403" visible="true" lat="42.997554932871" lon="-72.634380741986">
    <tag k="addr:city" v="Newfane" />
    <tag k="addr:housenumber" v="27" />
    <tag k="addr:street" v="Hill Road" />
    <tag k="addr:state" v="VT" />
    <tag k="ref:vcgi:esiteid" v="343797" />
  </node>
  <node id="-404" visible="true" lat="43.039909703488" lon="-72.598335147092">
    <tag k="addr:city" v="Newfane" />
    <tag k="addr:housenumber" v="43" />
    <tag k="addr:street" v="Whitney Hill Road" />
    <tag k="addr:state" v="VT" />
    <tag k="ref:vcgi:esiteid" v="344185" />
  </node>
  <node id="-405" visible="true" lat="43.011395518845" lon="-72.61998932737">
    <tag k="addr:city" v="Newfane" />
    <tag k="addr:housenumber" v="318" />
    <tag k="addr:street" v="Hill Road" />
    <tag k="addr:state" v="VT" />
    <tag k="ref:vcgi:esiteid" v="365522" />
  </node>
  <node id="-406" visible="true" lat="42.990027894378" lon="-72.623775781639">
    <tag k="addr:city" v="Newfane" />
    <tag k="addr:housenumber" v="45" />
    <tag k="addr:street" v="Merrill Drive" />
    <tag k="addr:state" v="VT" />
    <tag k="ref:vcgi:esiteid" v="448167" />
  </node>
  <node id="-407" visible="true" lat="43.030161277214" lon="-72.601119562838">
    <tag k="addr:city" v="Newfane" />
    <tag k="addr:housenumber" v="868" />
    <tag k="addr:street" v="Grassy Brook Road" />
    <tag k="addr:state" v="VT" />
    <tag k="ref:vcgi:esiteid" v="449635" />
  </node>
  <node id="-408" visible="true" lat="43.029929569266" lon="-72.604527996459">
    <tag k="addr:city" v="Newfane" />
    <tag k="addr:housenumber" v="833" />
    <tag k="addr:street" v="Grassy Brook Road" />
    <tag k="addr:state" v="VT" />
    <tag k="ref:vcgi:esiteid" v="449636" />
  </node>
  <node id="-409" visible="true" lat="43.001147715812" lon="-72.635827469025">
    <tag k="addr:city" v="Newfane" />
    <tag k="addr:housenumber" v="79" />
    <tag k="addr:street" v="Hill Road" />
    <tag k="addr:state" v="VT" />
    <tag k="ref:vcgi:esiteid" v="449637" />
  </node>
  <node id="-410" visible="true" lat="42.995293395233" lon="-72.618041305622">
    <tag k="addr:city" v="Newfane" />
    <tag k="addr:housenumber" v="322" />
    <tag k="addr:street" v="Grassy Brook Road" />
    <tag k="addr:state" v="VT" />
    <tag k="ref:vcgi:esiteid" v="451382" />
  </node>
  <node id="-411" visible="true" lat="43.016261523988" lon="-72.620509275448">
    <tag k="addr:city" v="Newfane" />
    <tag k="addr:housenumber" v="363A" />
    <tag k="addr:street" v="Hill Road" />
    <tag k="addr:state" v="VT" />
    <tag k="ref:vcgi:esiteid" v="451383" />
  </node>
  <node id="-412" visible="true" lat="43.060485797901" lon="-72.591007396127">
    <tag k="addr:city" v="Newfane" />
    <tag k="addr:housenumber" v="1219" />
    <tag k="addr:street" v="Grassy Brook Road" />
    <tag k="addr:state" v="VT" />
    <tag k="ref:vcgi:esiteid" v="453025" />
  </node>
  <node id="-413" visible="true" lat="43.013177186852" lon="-72.630795368477">
    <tag k="addr:city" v="Newfane" />
    <tag k="addr:housenumber" v="51" />
    <tag k="addr:street" v="Murdock Drive" />
    <tag k="addr:state" v="VT" />
    <tag k="ref:vcgi:esiteid" v="455439" />
  </node>
  <node id="-415" visible="true" lat="43.036745842666" lon="-72.596805578366">
    <tag k="addr:city" v="Newfane" />
    <tag k="addr:housenumber" v="970" />
    <tag k="addr:street" v="Grassy Brook Road" />
    <tag k="addr:state" v="VT" />
    <tag k="ref:vcgi:esiteid" v="612090" />
  </node>
  <node id="-416" visible="true" lat="43.037824847717" lon="-72.596445037258">
    <tag k="addr:city" v="Newfane" />
    <tag k="addr:housenumber" v="983" />
    <tag k="addr:street" v="Grassy Brook Road" />
    <tag k="addr:state" v="VT" />
    <tag k="ref:vcgi:esiteid" v="612091" />
  </node>
  <node id="-417" visible="true" lat="43.008213298639" lon="-72.611294019753">
    <tag k="addr:city" v="Newfane" />
    <tag k="addr:housenumber" v="530" />
    <tag k="addr:street" v="Grassy Brook Road" />
    <tag k="addr:state" v="VT" />
    <tag k="ref:vcgi:esiteid" v="612092" />
  </node>
  <node id="-418" visible="true" lat="42.986375492865" lon="-72.628234219161">
    <tag k="addr:city" v="Newfane" />
    <tag k="addr:housenumber" v="34" />
    <tag k="addr:street" v="Putney Mountain Road" />
    <tag k="addr:state" v="VT" />
    <tag k="ref:vcgi:esiteid" v="612116" />
  </node>
  <node id="-419" visible="true" lat="42.997535327828" lon="-72.633648828559">
    <tag k="addr:city" v="Newfane" />
    <tag k="addr:housenumber" v="28" />
    <tag k="addr:street" v="Hill Road" />
    <tag k="addr:state" v="VT" />
    <tag k="ref:vcgi:esiteid" v="612117" />
  </node>
  <node id="-421" visible="true" lat="43.00476476618" lon="-72.617639962471">
    <tag k="addr:city" v="Newfane" />
    <tag k="addr:housenumber" v="75" />
    <tag k="addr:street" v="Papoose Lane" />
    <tag k="addr:state" v="VT" />
    <tag k="ref:vcgi:esiteid" v="618074" />
  </node>
  <node id="-422" visible="true" lat="43.006736128275" lon="-72.616802336827">
    <tag k="addr:city" v="Newfane" />
    <tag k="addr:housenumber" v="46" />
    <tag k="addr:street" v="Papoose Lane" />
    <tag k="addr:state" v="VT" />
    <tag k="ref:vcgi:esiteid" v="618418" />
  </node>
  <node id="-423" visible="true" lat="43.054910301945" lon="-72.587181170542">
    <tag k="addr:city" v="Newfane" />
    <tag k="addr:housenumber" v="26" />
    <tag k="addr:street" v="Mountain Road" />
    <tag k="addr:state" v="VT" />
    <tag k="ref:vcgi:esiteid" v="618419" />
  </node>
  <node id="-425" visible="true" lat="43.00669983447" lon="-72.638932621451">
    <tag k="addr:city" v="Newfane" />
    <tag k="addr:housenumber" v="45" />
    <tag k="addr:street" v="Ellen Ware Road" />
    <tag k="addr:state" v="VT" />
    <tag k="ref:vcgi:esiteid" v="750734" />
  </node>
  <node id="-426" visible="true" lat="43.052182259138" lon="-72.59046491334">
    <tag k="addr:city" v="Newfane" />
    <tag k="addr:housenumber" v="1200" />
    <tag k="addr:street" v="Grassy Brook Road" />
    <tag k="addr:state" v="VT" />
    <tag k="ref:vcgi:esiteid" v="754838" />
  </node>
  <node id="-427" visible="true" lat="43.002501907299" lon="-72.639444464694">
    <tag k="addr:city" v="Newfane" />
    <tag k="addr:housenumber" v="190" />
    <tag k="addr:street" v="Riverside Point" />
    <tag k="addr:state" v="VT" />
    <tag k="ref:vcgi:esiteid" v="755053" />
  </node>
  <node id="-428" visible="true" lat="43.002250536369" lon="-72.640498531793">
    <tag k="addr:city" v="Newfane" />
    <tag k="addr:housenumber" v="265" />
    <tag k="addr:street" v="Riverside Point" />
    <tag k="addr:state" v="VT" />
    <tag k="ref:vcgi:esiteid" v="755054" />
  </node>
  <node id="-429" visible="true" lat="43.031897930499" lon="-72.604267516091">
    <tag k="addr:city" v="Newfane" />
    <tag k="addr:housenumber" v="32" />
    <tag k="addr:street" v="Parker Road" />
    <tag k="addr:state" v="VT" />
    <tag k="ref:vcgi:esiteid" v="757977" />
  </node>
  <node id="-430" visible="true" lat="42.989036570304" lon="-72.616454226027">
    <tag k="addr:city" v="Putney" />
    <tag k="addr:housenumber" v="193" />
    <tag k="addr:street" v="Putney Mountain Road" />
    <tag k="addr:state" v="VT" />
    <tag k="ref:vcgi:esiteid" v="757978" />
  </node>
  <node id="-433" visible="true" lat="43.004812679269" lon="-72.633308560165">
    <tag k="addr:city" v="Newfane" />
    <tag k="addr:housenumber" v="120" />
    <tag k="addr:street" v="Hill Road" />
    <tag k="addr:state" v="VT" />
    <tag k="ref:vcgi:esiteid" v="757981" />
  </node>
  <node id="-434" visible="true" lat="43.039598980941" lon="-72.598620978531">
    <tag k="addr:city" v="Newfane" />
    <tag k="addr:housenumber" v="37" />
    <tag k="addr:street" v="Whitney Hill Road" />
    <tag k="addr:state" v="VT" />
    <tag k="ref:vcgi:esiteid" v="757982" />
  </node>
  <node id="-438" visible="true" lat="43.031037439994" lon="-72.60097724377">
    <tag k="addr:city" v="Newfane" />
    <tag k="addr:housenumber" v="874" />
    <tag k="addr:street" v="Grassy Brook Road" />
    <tag k="addr:state" v="VT" />
    <tag k="ref:vcgi:esiteid" v="757986" />
  </node>
  <node id="-439" visible="true" lat="43.04179982142" lon="-72.589178186944">
    <tag k="addr:city" v="Newfane" />
    <tag k="addr:housenumber" v="1064" />
    <tag k="addr:street" v="Grassy Brook Road" />
    <tag k="addr:state" v="VT" />
    <tag k="ref:vcgi:esiteid" v="757987" />
  </node>
  <node id="-440" visible="true" lat="42.989445134623" lon="-72.613938951377">
    <tag k="addr:city" v="Putney" />
    <tag k="addr:housenumber" v="213" />
    <tag k="addr:street" v="Putney Mountain Road" />
    <tag k="addr:state" v="VT" />
    <tag k="ref:vcgi:esiteid" v="762544" />
  </node>
  <node id="-441" visible="true" lat="43.004586281678" lon="-72.630103197348">
    <tag k="addr:city" v="Newfane" />
    <tag k="addr:housenumber" v="122" />
    <tag k="addr:street" v="Hill Road" />
    <tag k="addr:state" v="VT" />
    <tag k="ref:vcgi:esiteid" v="764173" />
  </node>
  <node id="-442" visible="true" lat="43.005964586982" lon="-72.594441703459">
    <tag k="addr:city" v="Putney" />
    <tag k="addr:housenumber" v="91" />
    <tag k="addr:street" v="Banning Road" />
    <tag k="addr:state" v="VT" />
    <tag k="ref:vcgi:esiteid" v="765441" />
  </node>
  <node id="-443" visible="true" lat="43.010580210135" lon="-72.631641357202">
    <tag k="addr:city" v="Newfane" />
    <tag k="addr:housenumber" v="3" />
    <tag k="addr:street" v="Murdock Drive" />
    <tag k="addr:state" v="VT" />
    <tag k="ref:vcgi:esiteid" v="768948" />
  </node>
  <node id="-444" visible="true" lat="43.01393523545" lon="-72.647319069178">
    <tag k="addr:city" v="Newfane" />
    <tag k="addr:housenumber" v="186" />
    <tag k="addr:street" v="Ellen Ware Road" />
    <tag k="addr:state" v="VT" />
    <tag k="ref:vcgi:esiteid" v="769775" />
  </node>
  <node id="-445" visible="true" lat="43.030462229329" lon="-72.61314058626">
    <tag k="addr:city" v="Newfane" />
    <tag k="addr:housenumber" v="341" />
    <tag k="addr:street" v="Greer Road" />
    <tag k="addr:state" v="VT" />
    <tag k="ref:vcgi:esiteid" v="769962" />
  </node>
  <node id="-446" visible="true" lat="43.043594790222" lon="-72.597646418827">
    <tag k="addr:city" v="Newfane" />
    <tag k="addr:housenumber" v="99" />
    <tag k="addr:street" v="Whitney Hill Road" />
    <tag k="addr:state" v="VT" />
    <tag k="ref:vcgi:esiteid" v="771283" />
  </node>
  <node id="-447" visible="true" lat="42.998712880267" lon="-72.612356016442">
    <tag k="addr:city" v="Newfane" />
    <tag k="addr:housenumber" v="400" />
    <tag k="addr:street" v="Grassy Brook Road" />
    <tag k="addr:state" v="VT" />
    <tag k="ref:vcgi:esiteid" v="772066" />
  </node>
  <node id="-448" visible="true" lat="43.060418004501" lon="-72.586106151005">
    <tag k="addr:city" v="Newfane" />
    <tag k="addr:housenumber" v="1318" />
    <tag k="addr:street" v="Grassy Brook Road" />
    <tag k="addr:state" v="VT" />
    <tag k="ref:vcgi:esiteid" v="1050064" />
  </node>
  <node id="-449" visible="true" lat="43.030352823502" lon="-72.600930368117">
    <tag k="addr:city" v="Newfane" />
    <tag k="addr:housenumber" v="7" />
    <tag k="addr:street" v="Windmill Hill Trail" />
    <tag k="addr:state" v="VT" />
    <tag k="ref:vcgi:esiteid" v="1050065" />
  </node>
  <node id="-450" visible="true" lat="42.99594611974" lon="-72.598383696219">
    <tag k="addr:city" v="Putney" />
    <tag k="addr:housenumber" v="443" />
    <tag k="addr:street" v="Putney Mountain Road" />
    <tag k="addr:state" v="VT" />
    <tag k="ref:vcgi:esiteid" v="1050799" />
  </node>
</osm>
