<?xml version="1.0" encoding="UTF-8"?>
<osm version="0.6" generator="JOSM" upload="false">
  <node id="-100" visible="true" lat="43.811968823249" lon="-72.570765742283">
    <tag k="addr:city" v="South Royalton" />
    <tag k="addr:housenumber" v="2593" />
    <tag k="addr:street" v="Back River Road" />
    <tag k="addr:state" v="VT" />
    <tag k="ref:vcgi:esiteid" v="317" />
  </node>
  <node id="-101" visible="true" lat="43.871002502306" lon="-72.574246717795">
    <tag k="addr:city" v="Bethel" />
    <tag k="addr:housenumber" v="601" />
    <tag k="addr:street" v="Gage Road" />
    <tag k="addr:state" v="VT" />
    <tag k="ref:vcgi:esiteid" v="205756" />
  </node>
  <node id="-102" visible="true" lat="43.87087610361" lon="-72.573787045394">
    <tag k="addr:city" v="Bethel" />
    <tag k="addr:housenumber" v="614" />
    <tag k="addr:street" v="Gage Road" />
    <tag k="addr:state" v="VT" />
    <tag k="ref:vcgi:esiteid" v="205757" />
  </node>
  <node id="-103" visible="true" lat="43.869536815517" lon="-72.575841963867">
    <tag k="addr:city" v="Bethel" />
    <tag k="addr:housenumber" v="478" />
    <tag k="addr:street" v="Gage Road" />
    <tag k="addr:state" v="VT" />
    <tag k="ref:vcgi:esiteid" v="205758" />
  </node>
  <node id="-104" visible="true" lat="43.86707907156" lon="-72.556087080344">
    <tag k="addr:city" v="South Royalton" />
    <tag k="addr:housenumber" v="385" />
    <tag k="addr:street" v="Gee Hill Road" />
    <tag k="addr:state" v="VT" />
    <tag k="ref:vcgi:esiteid" v="205759" />
  </node>
  <node id="-105" visible="true" lat="43.866249808473" lon="-72.558156258401">
    <tag k="addr:city" v="South Royalton" />
    <tag k="addr:housenumber" v="492" />
    <tag k="addr:street" v="Gee Hill Road" />
    <tag k="addr:state" v="VT" />
    <tag k="ref:vcgi:esiteid" v="205760" />
  </node>
  <node id="-106" visible="true" lat="43.863445097204" lon="-72.55736881685">
    <tag k="addr:city" v="South Royalton" />
    <tag k="addr:housenumber" v="617" />
    <tag k="addr:street" v="Gee Hill Road" />
    <tag k="addr:state" v="VT" />
    <tag k="ref:vcgi:esiteid" v="205761" />
  </node>
  <node id="-107" visible="true" lat="43.863558453062" lon="-72.574902556701">
    <tag k="addr:city" v="South Royalton" />
    <tag k="addr:housenumber" v="367" />
    <tag k="addr:street" v="Post Farm Road" />
    <tag k="addr:state" v="VT" />
    <tag k="ref:vcgi:esiteid" v="205762" />
  </node>
  <node id="-108" visible="true" lat="43.862158006018" lon="-72.560097354501">
    <tag k="addr:city" v="South Royalton" />
    <tag k="addr:housenumber" v="776" />
    <tag k="addr:street" v="Gee Hill Road" />
    <tag k="addr:state" v="VT" />
    <tag k="ref:vcgi:esiteid" v="205763" />
  </node>
  <node id="-109" visible="true" lat="43.863588619908" lon="-72.581144405487">
    <tag k="addr:city" v="South Royalton" />
    <tag k="addr:housenumber" v="43" />
    <tag k="addr:street" v="Post Farm Road" />
    <tag k="addr:state" v="VT" />
    <tag k="ref:vcgi:esiteid" v="205764" />
  </node>
  <node id="-110" visible="true" lat="43.863524101382" lon="-72.577781222864">
    <tag k="addr:city" v="South Royalton" />
    <tag k="addr:housenumber" v="235" />
    <tag k="addr:street" v="Post Farm Road" />
    <tag k="addr:state" v="VT" />
    <tag k="ref:vcgi:esiteid" v="205765" />
  </node>
  <node id="-111" visible="true" lat="43.86346337625" lon="-72.579911484258">
    <tag k="addr:city" v="South Royalton" />
    <tag k="addr:housenumber" v="103" />
    <tag k="addr:street" v="Post Farm Road" />
    <tag k="addr:state" v="VT" />
    <tag k="ref:vcgi:esiteid" v="205766" />
  </node>
  <node id="-112" visible="true" lat="43.863360562374" lon="-72.579283438122">
    <tag k="addr:city" v="South Royalton" />
    <tag k="addr:housenumber" v="147" />
    <tag k="addr:street" v="Post Farm Road" />
    <tag k="addr:state" v="VT" />
    <tag k="ref:vcgi:esiteid" v="205767" />
  </node>
  <node id="-113" visible="true" lat="43.862765874555" lon="-72.569276854479">
    <tag k="addr:city" v="South Royalton" />
    <tag k="addr:housenumber" v="545" />
    <tag k="addr:street" v="Post Farm Road" />
    <tag k="addr:state" v="VT" />
    <tag k="ref:vcgi:esiteid" v="205768" />
  </node>
  <node id="-114" visible="true" lat="43.862199337686" lon="-72.570247028753">
    <tag k="addr:city" v="South Royalton" />
    <tag k="addr:housenumber" v="613" />
    <tag k="addr:street" v="Post Farm Road" />
    <tag k="addr:state" v="VT" />
    <tag k="ref:vcgi:esiteid" v="205769" />
  </node>
  <node id="-115" visible="true" lat="43.861683959161" lon="-72.580817100163">
    <tag k="addr:city" v="South Royalton" />
    <tag k="addr:housenumber" v="8998" />
    <tag k="addr:street" v="Vermont Route 14" />
    <tag k="addr:state" v="VT" />
    <tag k="ref:vcgi:esiteid" v="205770" />
  </node>
  <node id="-116" visible="true" lat="43.860231527927" lon="-72.566826600733">
    <tag k="addr:city" v="South Royalton" />
    <tag k="addr:housenumber" v="837" />
    <tag k="addr:street" v="Post Farm Road" />
    <tag k="addr:state" v="VT" />
    <tag k="ref:vcgi:esiteid" v="205771" />
  </node>
  <node id="-117" visible="true" lat="43.859861527592" lon="-72.564743738878">
    <tag k="addr:city" v="South Royalton" />
    <tag k="addr:housenumber" v="943" />
    <tag k="addr:street" v="Post Farm Road" />
    <tag k="addr:state" v="VT" />
    <tag k="ref:vcgi:esiteid" v="205772" />
  </node>
  <node id="-118" visible="true" lat="43.859769098377" lon="-72.559655503008">
    <tag k="addr:city" v="South Royalton" />
    <tag k="addr:housenumber" v="1201" />
    <tag k="addr:street" v="Post Farm Road" />
    <tag k="addr:state" v="VT" />
    <tag k="ref:vcgi:esiteid" v="205773" />
  </node>
  <node id="-119" visible="true" lat="43.859277615657" lon="-72.578603884907">
    <tag k="addr:city" v="South Royalton" />
    <tag k="addr:housenumber" v="8842" />
    <tag k="addr:street" v="Vermont Route 14" />
    <tag k="addr:state" v="VT" />
    <tag k="ref:vcgi:esiteid" v="205774" />
  </node>
  <node id="-120" visible="true" lat="43.859334532543" lon="-72.57894623886">
    <tag k="addr:city" v="South Royalton" />
    <tag k="addr:housenumber" v="8832" />
    <tag k="addr:street" v="Vermont Route 14" />
    <tag k="addr:state" v="VT" />
    <tag k="ref:vcgi:esiteid" v="205775" />
  </node>
  <node id="-121" visible="true" lat="43.859108121056" lon="-72.564257696458">
    <tag k="addr:city" v="South Royalton" />
    <tag k="addr:housenumber" v="970" />
    <tag k="addr:street" v="Post Farm Road" />
    <tag k="addr:state" v="VT" />
    <tag k="ref:vcgi:esiteid" v="205776" />
  </node>
  <node id="-122" visible="true" lat="43.858449041905" lon="-72.580894496854">
    <tag k="addr:city" v="South Royalton" />
    <tag k="addr:housenumber" v="8765" />
    <tag k="addr:street" v="Vermont Route 14" />
    <tag k="addr:state" v="VT" />
    <tag k="ref:vcgi:esiteid" v="205777" />
  </node>
  <node id="-123" visible="true" lat="43.85748541499" lon="-72.581357718932">
    <tag k="addr:city" v="South Royalton" />
    <tag k="addr:housenumber" v="8693" />
    <tag k="addr:street" v="Vermont Route 14" />
    <tag k="addr:state" v="VT" />
    <tag k="ref:vcgi:esiteid" v="205778" />
  </node>
  <node id="-124" visible="true" lat="43.857200035926" lon="-72.541080019753">
    <tag k="addr:city" v="South Royalton" />
    <tag k="addr:housenumber" v="2359" />
    <tag k="addr:street" v="Happy Hollow Road" />
    <tag k="addr:state" v="VT" />
    <tag k="ref:vcgi:esiteid" v="205779" />
  </node>
  <node id="-125" visible="true" lat="43.856764078055" lon="-72.524849831049">
    <tag k="addr:city" v="South Royalton" />
    <tag k="addr:housenumber" v="2280" />
    <tag k="addr:street" v="Mill Road" />
    <tag k="addr:state" v="VT" />
    <tag k="ref:vcgi:esiteid" v="205780" />
  </node>
  <node id="-126" visible="true" lat="43.856392463649" lon="-72.559632059711">
    <tag k="addr:city" v="South Royalton" />
    <tag k="addr:housenumber" v="1169" />
    <tag k="addr:street" v="Gee Hill Road" />
    <tag k="addr:state" v="VT" />
    <tag k="ref:vcgi:esiteid" v="205781" />
  </node>
  <node id="-127" visible="true" lat="43.8559535523" lon="-72.561405406355">
    <tag k="addr:city" v="South Royalton" />
    <tag k="addr:housenumber" v="1176" />
    <tag k="addr:street" v="Gee Hill Road" />
    <tag k="addr:state" v="VT" />
    <tag k="ref:vcgi:esiteid" v="205782" />
  </node>
  <node id="-128" visible="true" lat="43.854028506103" lon="-72.559328029903">
    <tag k="addr:city" v="South Royalton" />
    <tag k="addr:housenumber" v="1343" />
    <tag k="addr:street" v="Gee Hill Road" />
    <tag k="addr:state" v="VT" />
    <tag k="ref:vcgi:esiteid" v="205784" />
  </node>
  <node id="-129" visible="true" lat="43.854055092677" lon="-72.541498304036">
    <tag k="addr:city" v="South Royalton" />
    <tag k="addr:housenumber" v="2125" />
    <tag k="addr:street" v="Happy Hollow Road" />
    <tag k="addr:state" v="VT" />
    <tag k="ref:vcgi:esiteid" v="205785" />
  </node>
  <node id="-130" visible="true" lat="43.85357440604" lon="-72.590386183636">
    <tag k="addr:city" v="South Royalton" />
    <tag k="addr:housenumber" v="351" />
    <tag k="addr:street" v="Morse Road" />
    <tag k="addr:state" v="VT" />
    <tag k="ref:vcgi:esiteid" v="205786" />
  </node>
  <node id="-131" visible="true" lat="43.853556270751" lon="-72.589538158443">
    <tag k="addr:city" v="South Royalton" />
    <tag k="addr:housenumber" v="369" />
    <tag k="addr:street" v="Morse Road" />
    <tag k="addr:state" v="VT" />
    <tag k="ref:vcgi:esiteid" v="205787" />
  </node>
  <node id="-132" visible="true" lat="43.85343092802" lon="-72.58285775204">
    <tag k="addr:city" v="South Royalton" />
    <tag k="addr:housenumber" v="8405" />
    <tag k="addr:street" v="Vermont Route 14" />
    <tag k="addr:state" v="VT" />
    <tag k="ref:vcgi:esiteid" v="205789" />
  </node>
  <node id="-133" visible="true" lat="43.852971564844" lon="-72.588778840116">
    <tag k="addr:city" v="South Royalton" />
    <tag k="addr:housenumber" v="354" />
    <tag k="addr:street" v="Morse Road" />
    <tag k="addr:state" v="VT" />
    <tag k="ref:vcgi:esiteid" v="205790" />
  </node>
  <node id="-134" visible="true" lat="43.852779183648" lon="-72.558734990453">
    <tag k="addr:city" v="South Royalton" />
    <tag k="addr:housenumber" v="1437" />
    <tag k="addr:street" v="Gee Hill Road" />
    <tag k="addr:state" v="VT" />
    <tag k="ref:vcgi:esiteid" v="205791" />
  </node>
  <node id="-135" visible="true" lat="43.852697963604" lon="-72.536094273059">
    <tag k="addr:city" v="South Royalton" />
    <tag k="addr:housenumber" v="935" />
    <tag k="addr:street" v="Rix Road" />
    <tag k="addr:state" v="VT" />
    <tag k="ref:vcgi:esiteid" v="205792" />
  </node>
  <node id="-136" visible="true" lat="43.852449185204" lon="-72.523102386888">
    <tag k="addr:city" v="South Royalton" />
    <tag k="addr:housenumber" v="1885" />
    <tag k="addr:street" v="Mill Road" />
    <tag k="addr:state" v="VT" />
    <tag k="ref:vcgi:esiteid" v="205793" />
  </node>
  <node id="-137" visible="true" lat="43.852201725946" lon="-72.507304597842">
    <tag k="addr:city" v="South Royalton" />
    <tag k="addr:housenumber" v="2279" />
    <tag k="addr:street" v="Vermont Route 110" />
    <tag k="addr:state" v="VT" />
    <tag k="ref:vcgi:esiteid" v="205794" />
  </node>
  <node id="-138" visible="true" lat="43.851609459399" lon="-72.534478333528">
    <tag k="addr:city" v="South Royalton" />
    <tag k="addr:housenumber" v="53" />
    <tag k="addr:street" v="Fox Den Lane" />
    <tag k="addr:state" v="VT" />
    <tag k="ref:vcgi:esiteid" v="205795" />
  </node>
  <node id="-139" visible="true" lat="43.851620235783" lon="-72.508265495634">
    <tag k="addr:city" v="South Royalton" />
    <tag k="addr:housenumber" v="2219" />
    <tag k="addr:street" v="Vermont Route 110" />
    <tag k="addr:state" v="VT" />
    <tag k="ref:vcgi:esiteid" v="205796" />
  </node>
  <node id="-140" visible="true" lat="43.851486852998" lon="-72.533329435339">
    <tag k="addr:city" v="South Royalton" />
    <tag k="addr:housenumber" v="725" />
    <tag k="addr:street" v="Rix Road" />
    <tag k="addr:state" v="VT" />
    <tag k="ref:vcgi:esiteid" v="205797" />
  </node>
  <node id="-141" visible="true" lat="43.851619985692" lon="-72.54257949518">
    <tag k="addr:city" v="South Royalton" />
    <tag k="addr:housenumber" v="1943" />
    <tag k="addr:street" v="Happy Hollow Road" />
    <tag k="addr:state" v="VT" />
    <tag k="ref:vcgi:esiteid" v="205798" />
  </node>
  <node id="-142" visible="true" lat="43.851235764334" lon="-72.558052782184">
    <tag k="addr:city" v="South Royalton" />
    <tag k="addr:housenumber" v="1543" />
    <tag k="addr:street" v="Gee Hill Road" />
    <tag k="addr:state" v="VT" />
    <tag k="ref:vcgi:esiteid" v="205799" />
  </node>
  <node id="-143" visible="true" lat="43.850756088387" lon="-72.522389151301">
    <tag k="addr:city" v="South Royalton" />
    <tag k="addr:housenumber" v="1755" />
    <tag k="addr:street" v="Mill Road" />
    <tag k="addr:state" v="VT" />
    <tag k="ref:vcgi:esiteid" v="205800" />
  </node>
  <node id="-144" visible="true" lat="43.850686102159" lon="-72.583340397953">
    <tag k="addr:city" v="South Royalton" />
    <tag k="addr:housenumber" v="8197" />
    <tag k="addr:street" v="Vermont Route 14" />
    <tag k="addr:state" v="VT" />
    <tag k="ref:vcgi:esiteid" v="205801" />
  </node>
  <node id="-145" visible="true" lat="43.850403450813" lon="-72.543914400918">
    <tag k="addr:city" v="South Royalton" />
    <tag k="addr:housenumber" v="88" />
    <tag k="addr:street" v="Indian Pass Lane" />
    <tag k="addr:state" v="VT" />
    <tag k="ref:vcgi:esiteid" v="205802" />
  </node>
  <node id="-146" visible="true" lat="43.850185585952" lon="-72.532052744093">
    <tag k="addr:city" v="South Royalton" />
    <tag k="addr:housenumber" v="615" />
    <tag k="addr:street" v="Rix Road" />
    <tag k="addr:state" v="VT" />
    <tag k="ref:vcgi:esiteid" v="205803" />
  </node>
  <node id="-147" visible="true" lat="43.850093581259" lon="-72.533188178042">
    <tag k="addr:city" v="South Royalton" />
    <tag k="addr:housenumber" v="703" />
    <tag k="addr:street" v="Rix Road" />
    <tag k="addr:state" v="VT" />
    <tag k="ref:vcgi:esiteid" v="205804" />
  </node>
  <node id="-148" visible="true" lat="43.850050611352" lon="-72.556817576768">
    <tag k="addr:city" v="South Royalton" />
    <tag k="addr:housenumber" v="1641" />
    <tag k="addr:street" v="Gee Hill Road" />
    <tag k="addr:state" v="VT" />
    <tag k="ref:vcgi:esiteid" v="205805" />
  </node>
  <node id="-149" visible="true" lat="43.849971451553" lon="-72.545134578056">
    <tag k="addr:city" v="South Royalton" />
    <tag k="addr:housenumber" v="86" />
    <tag k="addr:street" v="Indian Pass Lane" />
    <tag k="addr:state" v="VT" />
    <tag k="ref:vcgi:esiteid" v="205806" />
  </node>
  <node id="-150" visible="true" lat="43.849788855421" lon="-72.530047909636">
    <tag k="addr:city" v="South Royalton" />
    <tag k="addr:housenumber" v="540" />
    <tag k="addr:street" v="Rix Road" />
    <tag k="addr:state" v="VT" />
    <tag k="ref:vcgi:esiteid" v="205807" />
  </node>
  <node id="-151" visible="true" lat="43.849668676263" lon="-72.542091060891">
    <tag k="addr:city" v="South Royalton" />
    <tag k="addr:housenumber" v="1810" />
    <tag k="addr:street" v="Happy Hollow Road" />
    <tag k="addr:state" v="VT" />
    <tag k="ref:vcgi:esiteid" v="205808" />
  </node>
  <node id="-152" visible="true" lat="43.849532830717" lon="-72.544644456303">
    <tag k="addr:city" v="South Royalton" />
    <tag k="addr:housenumber" v="87" />
    <tag k="addr:street" v="Indian Pass Lane" />
    <tag k="addr:state" v="VT" />
    <tag k="ref:vcgi:esiteid" v="205809" />
  </node>
  <node id="-153" visible="true" lat="43.849575560513" lon="-72.544108880434">
    <tag k="addr:city" v="South Royalton" />
    <tag k="addr:housenumber" v="85" />
    <tag k="addr:street" v="Indian Pass Lane" />
    <tag k="addr:state" v="VT" />
    <tag k="ref:vcgi:esiteid" v="205810" />
  </node>
  <node id="-154" visible="true" lat="43.849072750207" lon="-72.557244543786">
    <tag k="addr:city" v="South Royalton" />
    <tag k="addr:housenumber" v="1701" />
    <tag k="addr:street" v="Gee Hill Road" />
    <tag k="addr:state" v="VT" />
    <tag k="ref:vcgi:esiteid" v="205811" />
  </node>
  <node id="-155" visible="true" lat="43.849055020473" lon="-72.542791895896">
    <tag k="addr:city" v="South Royalton" />
    <tag k="addr:housenumber" v="1785" />
    <tag k="addr:street" v="Happy Hollow Road" />
    <tag k="addr:state" v="VT" />
    <tag k="ref:vcgi:esiteid" v="205812" />
  </node>
  <node id="-156" visible="true" lat="43.849151676975" lon="-72.529900787688">
    <tag k="addr:city" v="South Royalton" />
    <tag k="addr:housenumber" v="489" />
    <tag k="addr:street" v="Rix Road" />
    <tag k="addr:state" v="VT" />
    <tag k="ref:vcgi:esiteid" v="205813" />
  </node>
  <node id="-157" visible="true" lat="43.848785583684" lon="-72.52456038027">
    <tag k="addr:city" v="South Royalton" />
    <tag k="addr:housenumber" v="96" />
    <tag k="addr:street" v="Boles Road" />
    <tag k="addr:state" v="VT" />
    <tag k="ref:vcgi:esiteid" v="205814" />
  </node>
  <node id="-158" visible="true" lat="43.848693105129" lon="-72.541575574174">
    <tag k="addr:city" v="South Royalton" />
    <tag k="addr:housenumber" v="1726" />
    <tag k="addr:street" v="Happy Hollow Road" />
    <tag k="addr:state" v="VT" />
    <tag k="ref:vcgi:esiteid" v="205815" />
  </node>
  <node id="-159" visible="true" lat="43.848801678341" lon="-72.525282520637">
    <tag k="addr:city" v="South Royalton" />
    <tag k="addr:housenumber" v="109" />
    <tag k="addr:street" v="Boles Road" />
    <tag k="addr:state" v="VT" />
    <tag k="ref:vcgi:esiteid" v="205816" />
  </node>
  <node id="-160" visible="true" lat="43.848556698278" lon="-72.529616991625">
    <tag k="addr:city" v="South Royalton" />
    <tag k="addr:housenumber" v="89" />
    <tag k="addr:street" v="Amell Lane" />
    <tag k="addr:state" v="VT" />
    <tag k="ref:vcgi:esiteid" v="205817" />
  </node>
  <node id="-161" visible="true" lat="43.848181054526" lon="-72.556507011322">
    <tag k="addr:city" v="South Royalton" />
    <tag k="addr:housenumber" v="1747" />
    <tag k="addr:street" v="Gee Hill Road" />
    <tag k="addr:state" v="VT" />
    <tag k="ref:vcgi:esiteid" v="205818" />
  </node>
  <node id="-162" visible="true" lat="43.848266170219" lon="-72.582291061629">
    <tag k="addr:city" v="South Royalton" />
    <tag k="addr:housenumber" v="225" />
    <tag k="addr:street" v="Slack Hill Road" />
    <tag k="addr:state" v="VT" />
    <tag k="ref:vcgi:esiteid" v="205819" />
  </node>
  <node id="-163" visible="true" lat="43.848209117284" lon="-72.523317473647">
    <tag k="addr:city" v="South Royalton" />
    <tag k="addr:housenumber" v="42" />
    <tag k="addr:street" v="Rix Road" />
    <tag k="addr:state" v="VT" />
    <tag k="ref:vcgi:esiteid" v="205820" />
  </node>
  <node id="-164" visible="true" lat="43.848205632955" lon="-72.529229544376">
    <tag k="addr:city" v="South Royalton" />
    <tag k="addr:housenumber" v="73" />
    <tag k="addr:street" v="Amell Lane" />
    <tag k="addr:state" v="VT" />
    <tag k="ref:vcgi:esiteid" v="205821" />
  </node>
  <node id="-165" visible="true" lat="43.848086490894" lon="-72.541490223087">
    <tag k="addr:city" v="South Royalton" />
    <tag k="addr:housenumber" v="1689" />
    <tag k="addr:street" v="Happy Hollow Road" />
    <tag k="addr:state" v="VT" />
    <tag k="ref:vcgi:esiteid" v="205823" />
  </node>
  <node id="-166" visible="true" lat="43.848083401451" lon="-72.528324113397">
    <tag k="addr:city" v="South Royalton" />
    <tag k="addr:housenumber" v="361" />
    <tag k="addr:street" v="Rix Road" />
    <tag k="addr:state" v="VT" />
    <tag k="ref:vcgi:esiteid" v="205824" />
  </node>
  <node id="-167" visible="true" lat="43.847829976254" lon="-72.496978394465">
    <tag k="addr:city" v="South Royalton" />
    <tag k="addr:housenumber" v="119" />
    <tag k="addr:street" v="Pepperell Road" />
    <tag k="addr:state" v="VT" />
    <tag k="ref:vcgi:esiteid" v="205825" />
  </node>
  <node id="-168" visible="true" lat="43.847438519696" lon="-72.580314320262">
    <tag k="addr:city" v="South Royalton" />
    <tag k="addr:housenumber" v="456" />
    <tag k="addr:street" v="Slack Hill Road" />
    <tag k="addr:state" v="VT" />
    <tag k="ref:vcgi:esiteid" v="205826" />
  </node>
  <node id="-169" visible="true" lat="43.847361412598" lon="-72.557091001747">
    <tag k="addr:city" v="South Royalton" />
    <tag k="addr:housenumber" v="1815" />
    <tag k="addr:street" v="Gee Hill Road" />
    <tag k="addr:state" v="VT" />
    <tag k="ref:vcgi:esiteid" v="205827" />
  </node>
  <node id="-170" visible="true" lat="43.847271279163" lon="-72.555163162057">
    <tag k="addr:city" v="South Royalton" />
    <tag k="addr:housenumber" v="1853" />
    <tag k="addr:street" v="Gee Hill Road" />
    <tag k="addr:state" v="VT" />
    <tag k="ref:vcgi:esiteid" v="205828" />
  </node>
  <node id="-171" visible="true" lat="43.847427496946" lon="-72.525914152712">
    <tag k="addr:city" v="South Royalton" />
    <tag k="addr:housenumber" v="351" />
    <tag k="addr:street" v="Rix Road" />
    <tag k="addr:state" v="VT" />
    <tag k="ref:vcgi:esiteid" v="205829" />
  </node>
  <node id="-172" visible="true" lat="43.847260594946" lon="-72.587670254243">
    <tag k="addr:city" v="South Royalton" />
    <tag k="addr:housenumber" v="7783" />
    <tag k="addr:street" v="Vermont Route 14" />
    <tag k="addr:state" v="VT" />
    <tag k="ref:vcgi:esiteid" v="205830" />
  </node>
  <node id="-173" visible="true" lat="43.846574345473" lon="-72.541024831673">
    <tag k="addr:city" v="South Royalton" />
    <tag k="addr:housenumber" v="1581" />
    <tag k="addr:street" v="Happy Hollow Road" />
    <tag k="addr:state" v="VT" />
    <tag k="ref:vcgi:esiteid" v="205831" />
  </node>
  <node id="-174" visible="true" lat="43.847049840839" lon="-72.521927836558">
    <tag k="addr:city" v="South Royalton" />
    <tag k="addr:housenumber" v="21" />
    <tag k="addr:street" v="Rix Road" />
    <tag k="addr:state" v="VT" />
    <tag k="ref:vcgi:esiteid" v="205832" />
  </node>
  <node id="-175" visible="true" lat="43.846714328939" lon="-72.497716610894">
    <tag k="addr:city" v="South Royalton" />
    <tag k="addr:housenumber" v="142" />
    <tag k="addr:street" v="Pepperell Road" />
    <tag k="addr:state" v="VT" />
    <tag k="ref:vcgi:esiteid" v="205833" />
  </node>
  <node id="-176" visible="true" lat="43.847139266107" lon="-72.540940585256">
    <tag k="addr:city" v="South Royalton" />
    <tag k="addr:housenumber" v="1613" />
    <tag k="addr:street" v="Happy Hollow Road" />
    <tag k="addr:state" v="VT" />
    <tag k="ref:vcgi:esiteid" v="205834" />
  </node>
  <node id="-177" visible="true" lat="43.846579256251" lon="-72.522516746096">
    <tag k="addr:city" v="South Royalton" />
    <tag k="addr:housenumber" v="1463" />
    <tag k="addr:street" v="Mill Road" />
    <tag k="addr:state" v="VT" />
    <tag k="ref:vcgi:esiteid" v="205835" />
  </node>
  <node id="-178" visible="true" lat="43.848299954662" lon="-72.530804305267">
    <tag k="addr:city" v="South Royalton" />
    <tag k="addr:housenumber" v="507" />
    <tag k="addr:street" v="Rix Road" />
    <tag k="addr:state" v="VT" />
    <tag k="ref:vcgi:esiteid" v="205836" />
  </node>
  <node id="-179" visible="true" lat="43.846117776501" lon="-72.496138115991">
    <tag k="addr:city" v="South Royalton" />
    <tag k="addr:housenumber" v="228" />
    <tag k="addr:street" v="Pepperell Road" />
    <tag k="addr:state" v="VT" />
    <tag k="ref:vcgi:esiteid" v="205837" />
  </node>
  <node id="-180" visible="true" lat="43.845514411758" lon="-72.538896216853">
    <tag k="addr:city" v="South Royalton" />
    <tag k="addr:housenumber" v="1470" />
    <tag k="addr:street" v="Happy Hollow Road" />
    <tag k="addr:state" v="VT" />
    <tag k="ref:vcgi:esiteid" v="205838" />
  </node>
  <node id="-181" visible="true" lat="43.845447209255" lon="-72.511104922091">
    <tag k="addr:city" v="South Royalton" />
    <tag k="addr:housenumber" v="1724" />
    <tag k="addr:street" v="Vermont Route 110" />
    <tag k="addr:state" v="VT" />
    <tag k="ref:vcgi:esiteid" v="205839" />
  </node>
  <node id="-182" visible="true" lat="43.845163996823" lon="-72.52165266784">
    <tag k="addr:city" v="South Royalton" />
    <tag k="addr:housenumber" v="1419" />
    <tag k="addr:street" v="Mill Road" />
    <tag k="addr:state" v="VT" />
    <tag k="ref:vcgi:esiteid" v="205840" />
  </node>
  <node id="-183" visible="true" lat="43.844930020245" lon="-72.557385000807">
    <tag k="addr:city" v="South Royalton" />
    <tag k="addr:housenumber" v="1984" />
    <tag k="addr:street" v="Gee Hill Road" />
    <tag k="addr:state" v="VT" />
    <tag k="ref:vcgi:esiteid" v="205841" />
  </node>
  <node id="-184" visible="true" lat="43.844952928481" lon="-72.540910096643">
    <tag k="addr:city" v="South Royalton" />
    <tag k="addr:housenumber" v="1557" />
    <tag k="addr:street" v="Happy Hollow Road" />
    <tag k="addr:state" v="VT" />
    <tag k="ref:vcgi:esiteid" v="205842" />
  </node>
  <node id="-185" visible="true" lat="43.844416304311" lon="-72.511390824026">
    <tag k="addr:city" v="South Royalton" />
    <tag k="addr:housenumber" v="1661" />
    <tag k="addr:street" v="Vermont Route 110" />
    <tag k="addr:state" v="VT" />
    <tag k="ref:vcgi:esiteid" v="205843" />
  </node>
  <node id="-186" visible="true" lat="43.84427088247" lon="-72.539017751281">
    <tag k="addr:city" v="South Royalton" />
    <tag k="addr:housenumber" v="1405" />
    <tag k="addr:street" v="Happy Hollow Road" />
    <tag k="addr:state" v="VT" />
    <tag k="ref:vcgi:esiteid" v="205844" />
  </node>
  <node id="-187" visible="true" lat="43.843764554465" lon="-72.564685747807">
    <tag k="addr:city" v="South Royalton" />
    <tag k="addr:housenumber" v="961" />
    <tag k="addr:street" v="Russ Hill Road" />
    <tag k="addr:state" v="VT" />
    <tag k="ref:vcgi:esiteid" v="205845" />
  </node>
  <node id="-188" visible="true" lat="43.8436367416" lon="-72.563246186164">
    <tag k="addr:city" v="South Royalton" />
    <tag k="addr:housenumber" v="1126" />
    <tag k="addr:street" v="Russ Hill Road" />
    <tag k="addr:state" v="VT" />
    <tag k="ref:vcgi:esiteid" v="205846" />
  </node>
  <node id="-189" visible="true" lat="43.843482643625" lon="-72.521842217157">
    <tag k="addr:city" v="South Royalton" />
    <tag k="addr:housenumber" v="1245" />
    <tag k="addr:street" v="Mill Road" />
    <tag k="addr:state" v="VT" />
    <tag k="ref:vcgi:esiteid" v="205847" />
  </node>
  <node id="-190" visible="true" lat="43.843385388994" lon="-72.537936067404">
    <tag k="addr:city" v="South Royalton" />
    <tag k="addr:housenumber" v="1314" />
    <tag k="addr:street" v="Happy Hollow Road" />
    <tag k="addr:state" v="VT" />
    <tag k="ref:vcgi:esiteid" v="205848" />
  </node>
  <node id="-191" visible="true" lat="43.843298066559" lon="-72.590147868479">
    <tag k="addr:city" v="South Royalton" />
    <tag k="addr:housenumber" v="1479" />
    <tag k="addr:street" v="Waterman Road" />
    <tag k="addr:state" v="VT" />
    <tag k="ref:vcgi:esiteid" v="205849" />
  </node>
  <node id="-192" visible="true" lat="43.842855713471" lon="-72.522800385338">
    <tag k="addr:city" v="South Royalton" />
    <tag k="addr:housenumber" v="1249" />
    <tag k="addr:street" v="Mill Road" />
    <tag k="addr:state" v="VT" />
    <tag k="ref:vcgi:esiteid" v="205851" />
  </node>
  <node id="-193" visible="true" lat="43.842950079218" lon="-72.556444573918">
    <tag k="addr:city" v="South Royalton" />
    <tag k="addr:housenumber" v="2133" />
    <tag k="addr:street" v="Gee Hill Road" />
    <tag k="addr:state" v="VT" />
    <tag k="ref:vcgi:esiteid" v="205852" />
  </node>
  <node id="-194" visible="true" lat="43.842772697502" lon="-72.586397354">
    <tag k="addr:city" v="South Royalton" />
    <tag k="addr:housenumber" v="7469" />
    <tag k="addr:street" v="Vermont Route 14" />
    <tag k="addr:state" v="VT" />
    <tag k="ref:vcgi:esiteid" v="205853" />
  </node>
  <node id="-195" visible="true" lat="43.842709946385" lon="-72.590392921123">
    <tag k="addr:city" v="South Royalton" />
    <tag k="addr:housenumber" v="1439" />
    <tag k="addr:street" v="Waterman Road" />
    <tag k="addr:state" v="VT" />
    <tag k="ref:vcgi:esiteid" v="205854" />
  </node>
  <node id="-196" visible="true" lat="43.842545272383" lon="-72.521648732322">
    <tag k="addr:city" v="South Royalton" />
    <tag k="addr:housenumber" v="1147" />
    <tag k="addr:street" v="Mill Road" />
    <tag k="addr:state" v="VT" />
    <tag k="ref:vcgi:esiteid" v="205855" />
  </node>
  <node id="-197" visible="true" lat="43.842612841956" lon="-72.538785615503">
    <tag k="addr:city" v="South Royalton" />
    <tag k="addr:housenumber" v="1221" />
    <tag k="addr:street" v="Happy Hollow Road" />
    <tag k="addr:state" v="VT" />
    <tag k="ref:vcgi:esiteid" v="205856" />
  </node>
  <node id="-198" visible="true" lat="43.842403133334" lon="-72.564712101054">
    <tag k="addr:city" v="South Royalton" />
    <tag k="addr:housenumber" v="890" />
    <tag k="addr:street" v="Russ Hill Road" />
    <tag k="addr:state" v="VT" />
    <tag k="ref:vcgi:esiteid" v="205857" />
  </node>
  <node id="-199" visible="true" lat="43.842354985732" lon="-72.519171139608">
    <tag k="addr:city" v="South Royalton" />
    <tag k="addr:housenumber" v="1194" />
    <tag k="addr:street" v="Mill Road" />
    <tag k="addr:state" v="VT" />
    <tag k="ref:vcgi:esiteid" v="205858" />
  </node>
  <node id="-200" visible="true" lat="43.841329197023" lon="-72.537813130537">
    <tag k="addr:city" v="South Royalton" />
    <tag k="addr:housenumber" v="1203" />
    <tag k="addr:street" v="Happy Hollow Road" />
    <tag k="addr:state" v="VT" />
    <tag k="ref:vcgi:esiteid" v="205859" />
  </node>
  <node id="-201" visible="true" lat="43.841288606354" lon="-72.536561102868">
    <tag k="addr:city" v="South Royalton" />
    <tag k="addr:housenumber" v="1070" />
    <tag k="addr:street" v="Happy Hollow Road" />
    <tag k="addr:state" v="VT" />
    <tag k="ref:vcgi:esiteid" v="205860" />
  </node>
  <node id="-202" visible="true" lat="43.841430840064" lon="-72.520121734246">
    <tag k="addr:city" v="South Royalton" />
    <tag k="addr:housenumber" v="1088" />
    <tag k="addr:street" v="Mill Road" />
    <tag k="addr:state" v="VT" />
    <tag k="ref:vcgi:esiteid" v="205861" />
  </node>
  <node id="-203" visible="true" lat="43.841286124911" lon="-72.569444300906">
    <tag k="addr:city" v="South Royalton" />
    <tag k="addr:housenumber" v="419" />
    <tag k="addr:street" v="English Road" />
    <tag k="addr:state" v="VT" />
    <tag k="ref:vcgi:esiteid" v="205862" />
  </node>
  <node id="-204" visible="true" lat="43.841366468996" lon="-72.513964048638">
    <tag k="addr:city" v="South Royalton" />
    <tag k="addr:housenumber" v="1379" />
    <tag k="addr:street" v="Vermont Route 110" />
    <tag k="addr:state" v="VT" />
    <tag k="ref:vcgi:esiteid" v="205863" />
  </node>
  <node id="-205" visible="true" lat="43.840752291806" lon="-72.590496910943">
    <tag k="addr:city" v="South Royalton" />
    <tag k="addr:housenumber" v="1303" />
    <tag k="addr:street" v="Waterman Road" />
    <tag k="addr:state" v="VT" />
    <tag k="ref:vcgi:esiteid" v="205864" />
  </node>
  <node id="-206" visible="true" lat="43.840626522448" lon="-72.520757234442">
    <tag k="addr:city" v="South Royalton" />
    <tag k="addr:housenumber" v="1049" />
    <tag k="addr:street" v="Mill Road" />
    <tag k="addr:state" v="VT" />
    <tag k="ref:vcgi:esiteid" v="205865" />
  </node>
  <node id="-207" visible="true" lat="43.840481829724" lon="-72.514951193521">
    <tag k="addr:city" v="South Royalton" />
    <tag k="addr:housenumber" v="1313" />
    <tag k="addr:street" v="Vermont Route 110" />
    <tag k="addr:state" v="VT" />
    <tag k="ref:vcgi:esiteid" v="205866" />
  </node>
  <node id="-208" visible="true" lat="43.840163462215" lon="-72.554938154889">
    <tag k="addr:city" v="South Royalton" />
    <tag k="addr:housenumber" v="2347" />
    <tag k="addr:street" v="Gee Hill Road" />
    <tag k="addr:state" v="VT" />
    <tag k="ref:vcgi:esiteid" v="205867" />
  </node>
  <node id="-209" visible="true" lat="43.839910279533" lon="-72.513870792688">
    <tag k="addr:city" v="South Royalton" />
    <tag k="addr:housenumber" v="1314" />
    <tag k="addr:street" v="Vermont Route 110" />
    <tag k="addr:state" v="VT" />
    <tag k="ref:vcgi:esiteid" v="205868" />
  </node>
  <node id="-210" visible="true" lat="43.839944912737" lon="-72.577153476657">
    <tag k="addr:city" v="South Royalton" />
    <tag k="addr:housenumber" v="6950" />
    <tag k="addr:street" v="Vermont Route 14" />
    <tag k="addr:state" v="VT" />
    <tag k="ref:vcgi:esiteid" v="205869" />
  </node>
  <node id="-211" visible="true" lat="43.839737168926" lon="-72.51401651933">
    <tag k="addr:city" v="South Royalton" />
    <tag k="addr:housenumber" v="1296" />
    <tag k="addr:street" v="Vermont Route 110" />
    <tag k="addr:state" v="VT" />
    <tag k="ref:vcgi:esiteid" v="205870" />
  </node>
  <node id="-212" visible="true" lat="43.839598932342" lon="-72.570220093492">
    <tag k="addr:city" v="South Royalton" />
    <tag k="addr:housenumber" v="273" />
    <tag k="addr:street" v="English Road" />
    <tag k="addr:state" v="VT" />
    <tag k="ref:vcgi:esiteid" v="205871" />
  </node>
  <node id="-213" visible="true" lat="43.839579574944" lon="-72.568624475957">
    <tag k="addr:city" v="South Royalton" />
    <tag k="addr:housenumber" v="258" />
    <tag k="addr:street" v="English Road" />
    <tag k="addr:state" v="VT" />
    <tag k="ref:vcgi:esiteid" v="205872" />
  </node>
  <node id="-214" visible="true" lat="43.839317487462" lon="-72.536378753901">
    <tag k="addr:city" v="South Royalton" />
    <tag k="addr:housenumber" v="1024" />
    <tag k="addr:street" v="Happy Hollow Road" />
    <tag k="addr:state" v="VT" />
    <tag k="ref:vcgi:esiteid" v="205873" />
  </node>
  <node id="-215" visible="true" lat="43.839409706621" lon="-72.51370034202">
    <tag k="addr:city" v="South Royalton" />
    <tag k="addr:housenumber" v="20" />
    <tag k="addr:street" v="Overlook Lane" />
    <tag k="addr:state" v="VT" />
    <tag k="ref:vcgi:esiteid" v="205875" />
  </node>
  <node id="-216" visible="true" lat="43.839184816696" lon="-72.519474065107">
    <tag k="addr:city" v="South Royalton" />
    <tag k="addr:housenumber" v="920" />
    <tag k="addr:street" v="Mill Road" />
    <tag k="addr:state" v="VT" />
    <tag k="ref:vcgi:esiteid" v="205876" />
  </node>
  <node id="-217" visible="true" lat="43.839127222221" lon="-72.467862890873">
    <tag k="addr:city" v="South Royalton" />
    <tag k="addr:housenumber" v="2948" />
    <tag k="addr:street" v="Dairy Hill Road" />
    <tag k="addr:state" v="VT" />
    <tag k="ref:vcgi:esiteid" v="205877" />
  </node>
  <node id="-218" visible="true" lat="43.838920376807" lon="-72.56957841717">
    <tag k="addr:city" v="South Royalton" />
    <tag k="addr:housenumber" v="244" />
    <tag k="addr:street" v="English Road" />
    <tag k="addr:state" v="VT" />
    <tag k="ref:vcgi:esiteid" v="205878" />
  </node>
  <node id="-219" visible="true" lat="43.838975934307" lon="-72.514174254726">
    <tag k="addr:city" v="South Royalton" />
    <tag k="addr:housenumber" v="60" />
    <tag k="addr:street" v="Overlook Lane" />
    <tag k="addr:state" v="VT" />
    <tag k="ref:vcgi:esiteid" v="205879" />
  </node>
  <node id="-220" visible="true" lat="43.838763639118" lon="-72.567596746437">
    <tag k="addr:city" v="South Royalton" />
    <tag k="addr:housenumber" v="586" />
    <tag k="addr:street" v="Russ Hill Road" />
    <tag k="addr:state" v="VT" />
    <tag k="ref:vcgi:esiteid" v="205880" />
  </node>
  <node id="-221" visible="true" lat="43.838903172508" lon="-72.46877637215">
    <tag k="addr:city" v="South Royalton" />
    <tag k="addr:housenumber" v="2907" />
    <tag k="addr:street" v="Dairy Hill Road" />
    <tag k="addr:state" v="VT" />
    <tag k="ref:vcgi:esiteid" v="205881" />
  </node>
  <node id="-222" visible="true" lat="43.83874846214" lon="-72.555599845269">
    <tag k="addr:city" v="South Royalton" />
    <tag k="addr:housenumber" v="2396" />
    <tag k="addr:street" v="Gee Hill Road" />
    <tag k="addr:state" v="VT" />
    <tag k="ref:vcgi:esiteid" v="205883" />
  </node>
  <node id="-223" visible="true" lat="43.838791849951" lon="-72.513963162057">
    <tag k="addr:city" v="South Royalton" />
    <tag k="addr:housenumber" v="55" />
    <tag k="addr:street" v="Overlook Lane" />
    <tag k="addr:state" v="VT" />
    <tag k="ref:vcgi:esiteid" v="205884" />
  </node>
  <node id="-224" visible="true" lat="43.838810118175" lon="-72.55413765176">
    <tag k="addr:city" v="South Royalton" />
    <tag k="addr:housenumber" v="2447" />
    <tag k="addr:street" v="Gee Hill Road" />
    <tag k="addr:state" v="VT" />
    <tag k="ref:vcgi:esiteid" v="205885" />
  </node>
  <node id="-225" visible="true" lat="43.838599465154" lon="-72.468973424546">
    <tag k="addr:city" v="South Royalton" />
    <tag k="addr:housenumber" v="2887" />
    <tag k="addr:street" v="Dairy Hill Road" />
    <tag k="addr:state" v="VT" />
    <tag k="ref:vcgi:esiteid" v="205887" />
  </node>
  <node id="-226" visible="true" lat="43.838596681012" lon="-72.57208420424">
    <tag k="addr:city" v="South Royalton" />
    <tag k="addr:housenumber" v="135" />
    <tag k="addr:street" v="English Road" />
    <tag k="addr:state" v="VT" />
    <tag k="ref:vcgi:esiteid" v="205888" />
  </node>
  <node id="-227" visible="true" lat="43.838407307342" lon="-72.56767855559">
    <tag k="addr:city" v="South Royalton" />
    <tag k="addr:housenumber" v="560" />
    <tag k="addr:street" v="Russ Hill Road" />
    <tag k="addr:state" v="VT" />
    <tag k="ref:vcgi:esiteid" v="205889" />
  </node>
  <node id="-228" visible="true" lat="43.838437362276" lon="-72.468439021316">
    <tag k="addr:city" v="South Royalton" />
    <tag k="addr:housenumber" v="2892" />
    <tag k="addr:street" v="Dairy Hill Road" />
    <tag k="addr:state" v="VT" />
    <tag k="ref:vcgi:esiteid" v="205891" />
  </node>
  <node id="-229" visible="true" lat="43.838295041053" lon="-72.554819176053">
    <tag k="addr:city" v="South Royalton" />
    <tag k="addr:housenumber" v="2458" />
    <tag k="addr:street" v="Gee Hill Road" />
    <tag k="addr:state" v="VT" />
    <tag k="ref:vcgi:esiteid" v="205892" />
  </node>
  <node id="-230" visible="true" lat="43.838326204366" lon="-72.515538827751">
    <tag k="addr:city" v="South Royalton" />
    <tag k="addr:housenumber" v="1185" />
    <tag k="addr:street" v="Vermont Route 110" />
    <tag k="addr:state" v="VT" />
    <tag k="ref:vcgi:esiteid" v="205894" />
  </node>
  <node id="-231" visible="true" lat="43.838334557437" lon="-72.518634477985">
    <tag k="addr:city" v="South Royalton" />
    <tag k="addr:housenumber" v="852" />
    <tag k="addr:street" v="Mill Road" />
    <tag k="addr:state" v="VT" />
    <tag k="ref:vcgi:esiteid" v="205895" />
  </node>
  <node id="-232" visible="true" lat="43.838014789646" lon="-72.518391750886">
    <tag k="addr:city" v="South Royalton" />
    <tag k="addr:housenumber" v="830" />
    <tag k="addr:street" v="Mill Road" />
    <tag k="addr:state" v="VT" />
    <tag k="ref:vcgi:esiteid" v="205896" />
  </node>
  <node id="-233" visible="true" lat="43.837583602779" lon="-72.553593671164">
    <tag k="addr:city" v="South Royalton" />
    <tag k="addr:housenumber" v="2525" />
    <tag k="addr:street" v="Gee Hill Road" />
    <tag k="addr:state" v="VT" />
    <tag k="ref:vcgi:esiteid" v="205897" />
  </node>
  <node id="-234" visible="true" lat="43.838084792458" lon="-72.536856502427">
    <tag k="addr:city" v="South Royalton" />
    <tag k="addr:housenumber" v="905" />
    <tag k="addr:street" v="Happy Hollow Road" />
    <tag k="addr:state" v="VT" />
    <tag k="ref:vcgi:esiteid" v="205898" />
  </node>
  <node id="-235" visible="true" lat="43.837391213476" lon="-72.554709195629">
    <tag k="addr:city" v="South Royalton" />
    <tag k="addr:housenumber" v="2536" />
    <tag k="addr:street" v="Gee Hill Road" />
    <tag k="addr:state" v="VT" />
    <tag k="ref:vcgi:esiteid" v="205899" />
  </node>
  <node id="-236" visible="true" lat="43.837306691506" lon="-72.570937908182">
    <tag k="addr:city" v="South Royalton" />
    <tag k="addr:housenumber" v="115" />
    <tag k="addr:street" v="English Road" />
    <tag k="addr:state" v="VT" />
    <tag k="ref:vcgi:esiteid" v="205900" />
  </node>
  <node id="-237" visible="true" lat="43.837151121989" lon="-72.500948641104">
    <tag k="addr:city" v="South Royalton" />
    <tag k="addr:housenumber" v="1688" />
    <tag k="addr:street" v="Ducker Road" />
    <tag k="addr:state" v="VT" />
    <tag k="ref:vcgi:esiteid" v="205901" />
  </node>
  <node id="-238" visible="true" lat="43.835505575513" lon="-72.566639070157">
    <tag k="addr:city" v="South Royalton" />
    <tag k="addr:housenumber" v="368" />
    <tag k="addr:street" v="Russ Hill Road" />
    <tag k="addr:state" v="VT" />
    <tag k="ref:vcgi:esiteid" v="205902" />
  </node>
  <node id="-239" visible="true" lat="43.837014792708" lon="-72.511964367575">
    <tag k="addr:city" v="South Royalton" />
    <tag k="addr:housenumber" v="932" />
    <tag k="addr:street" v="Vermont Route 110" />
    <tag k="addr:state" v="VT" />
    <tag k="ref:vcgi:esiteid" v="205903" />
  </node>
  <node id="-240" visible="true" lat="43.836851921214" lon="-72.571521129499">
    <tag k="addr:city" v="South Royalton" />
    <tag k="addr:housenumber" v="81" />
    <tag k="addr:street" v="English Road" />
    <tag k="addr:state" v="VT" />
    <tag k="ref:vcgi:esiteid" v="205905" />
  </node>
  <node id="-241" visible="true" lat="43.836818936447" lon="-72.531722268888">
    <tag k="addr:city" v="South Royalton" />
    <tag k="addr:housenumber" v="195" />
    <tag k="addr:street" v="Deerhaven Lane" />
    <tag k="addr:state" v="VT" />
    <tag k="ref:vcgi:esiteid" v="205906" />
  </node>
  <node id="-242" visible="true" lat="43.836657777289" lon="-72.588335283804">
    <tag k="addr:city" v="South Royalton" />
    <tag k="addr:housenumber" v="1096" />
    <tag k="addr:street" v="Waterman Road" />
    <tag k="addr:state" v="VT" />
    <tag k="ref:vcgi:esiteid" v="205907" />
  </node>
  <node id="-243" visible="true" lat="43.836470394393" lon="-72.49976717626">
    <tag k="addr:city" v="South Royalton" />
    <tag k="addr:housenumber" v="1634" />
    <tag k="addr:street" v="Ducker Road" />
    <tag k="addr:state" v="VT" />
    <tag k="ref:vcgi:esiteid" v="205908" />
  </node>
  <node id="-244" visible="true" lat="43.836291849251" lon="-72.570519383921">
    <tag k="addr:city" v="South Royalton" />
    <tag k="addr:housenumber" v="61" />
    <tag k="addr:street" v="English Road" />
    <tag k="addr:state" v="VT" />
    <tag k="ref:vcgi:esiteid" v="205910" />
  </node>
  <node id="-245" visible="true" lat="43.836017398644" lon="-72.512724901236">
    <tag k="addr:city" v="South Royalton" />
    <tag k="addr:housenumber" v="928" />
    <tag k="addr:street" v="Vermont Route 110" />
    <tag k="addr:state" v="VT" />
    <tag k="ref:vcgi:esiteid" v="205911" />
  </node>
  <node id="-246" visible="true" lat="43.835998230768" lon="-72.573712825892">
    <tag k="addr:city" v="South Royalton" />
    <tag k="addr:housenumber" v="6686" />
    <tag k="addr:street" v="Vermont Route 14" />
    <tag k="addr:state" v="VT" />
    <tag k="ref:vcgi:esiteid" v="205912" />
  </node>
  <node id="-247" visible="true" lat="43.836034127045" lon="-72.533093207322">
    <tag k="addr:city" v="South Royalton" />
    <tag k="addr:housenumber" v="47" />
    <tag k="addr:street" v="Deerhaven Lane" />
    <tag k="addr:state" v="VT" />
    <tag k="ref:vcgi:esiteid" v="205913" />
  </node>
  <node id="-248" visible="true" lat="43.835934260394" lon="-72.529410093303">
    <tag k="addr:city" v="South Royalton" />
    <tag k="addr:housenumber" v="194" />
    <tag k="addr:street" v="Deerhaven Lane" />
    <tag k="addr:state" v="VT" />
    <tag k="ref:vcgi:esiteid" v="205914" />
  </node>
  <node id="-249" visible="true" lat="43.835586542106" lon="-72.469345748335">
    <tag k="addr:city" v="South Royalton" />
    <tag k="addr:housenumber" v="2746" />
    <tag k="addr:street" v="Dairy Hill Road" />
    <tag k="addr:state" v="VT" />
    <tag k="ref:vcgi:esiteid" v="205915" />
  </node>
  <node id="-250" visible="true" lat="43.835479012739" lon="-72.534331924318">
    <tag k="addr:city" v="South Royalton" />
    <tag k="addr:housenumber" v="741" />
    <tag k="addr:street" v="Happy Hollow Road" />
    <tag k="addr:state" v="VT" />
    <tag k="ref:vcgi:esiteid" v="205916" />
  </node>
  <node id="-251" visible="true" lat="43.835494001677" lon="-72.591966504442">
    <tag k="addr:city" v="South Royalton" />
    <tag k="addr:housenumber" v="106" />
    <tag k="addr:street" v="Brown Road" />
    <tag k="addr:state" v="VT" />
    <tag k="ref:vcgi:esiteid" v="205917" />
  </node>
  <node id="-252" visible="true" lat="43.835251587259" lon="-72.514221596836">
    <tag k="addr:city" v="South Royalton" />
    <tag k="addr:housenumber" v="959" />
    <tag k="addr:street" v="Vermont Route 110" />
    <tag k="addr:state" v="VT" />
    <tag k="ref:vcgi:esiteid" v="205918" />
  </node>
  <node id="-253" visible="true" lat="43.835255838908" lon="-72.531904466168">
    <tag k="addr:city" v="South Royalton" />
    <tag k="addr:housenumber" v="103" />
    <tag k="addr:street" v="Deerhaven Lane" />
    <tag k="addr:state" v="VT" />
    <tag k="ref:vcgi:esiteid" v="205919" />
  </node>
  <node id="-254" visible="true" lat="43.835271950682" lon="-72.506195177796">
    <tag k="addr:city" v="South Royalton" />
    <tag k="addr:housenumber" v="1962" />
    <tag k="addr:street" v="Ducker Road" />
    <tag k="addr:state" v="VT" />
    <tag k="ref:vcgi:esiteid" v="205920" />
  </node>
  <node id="-255" visible="true" lat="43.835143802865" lon="-72.511784809455">
    <tag k="addr:city" v="South Royalton" />
    <tag k="addr:housenumber" v="886" />
    <tag k="addr:street" v="Vermont Route 110" />
    <tag k="addr:state" v="VT" />
    <tag k="ref:vcgi:esiteid" v="205921" />
  </node>
  <node id="-256" visible="true" lat="43.835033182803" lon="-72.513976128108">
    <tag k="addr:city" v="South Royalton" />
    <tag k="addr:housenumber" v="951" />
    <tag k="addr:street" v="Vermont Route 110" />
    <tag k="addr:state" v="VT" />
    <tag k="ref:vcgi:esiteid" v="205922" />
  </node>
  <node id="-257" visible="true" lat="43.835028331867" lon="-72.588768808036">
    <tag k="addr:city" v="South Royalton" />
    <tag k="addr:housenumber" v="25" />
    <tag k="addr:street" v="Busy Hill Road" />
    <tag k="addr:state" v="VT" />
    <tag k="ref:vcgi:esiteid" v="205923" />
  </node>
  <node id="-258" visible="true" lat="43.834975855441" lon="-72.513036401498">
    <tag k="addr:city" v="South Royalton" />
    <tag k="addr:housenumber" v="915" />
    <tag k="addr:street" v="Vermont Route 110" />
    <tag k="addr:state" v="VT" />
    <tag k="ref:vcgi:esiteid" v="205924" />
  </node>
  <node id="-259" visible="true" lat="43.835002738276" lon="-72.579133341931">
    <tag k="addr:city" v="South Royalton" />
    <tag k="addr:housenumber" v="324" />
    <tag k="addr:street" v="Waterman Road" />
    <tag k="addr:state" v="VT" />
    <tag k="ref:vcgi:esiteid" v="205925" />
  </node>
  <node id="-260" visible="true" lat="43.834763790425" lon="-72.471626879558">
    <tag k="addr:city" v="South Royalton" />
    <tag k="addr:housenumber" v="2514" />
    <tag k="addr:street" v="Dairy Hill Road" />
    <tag k="addr:state" v="VT" />
    <tag k="ref:vcgi:esiteid" v="205926" />
  </node>
  <node id="-261" visible="true" lat="43.834778502054" lon="-72.531995477611">
    <tag k="addr:city" v="South Royalton" />
    <tag k="addr:housenumber" v="48" />
    <tag k="addr:street" v="Deerhaven Lane" />
    <tag k="addr:state" v="VT" />
    <tag k="ref:vcgi:esiteid" v="205927" />
  </node>
  <node id="-262" visible="true" lat="43.834833374619" lon="-72.572392030156">
    <tag k="addr:city" v="South Royalton" />
    <tag k="addr:housenumber" v="137" />
    <tag k="addr:street" v="Russ Hill Road" />
    <tag k="addr:state" v="VT" />
    <tag k="ref:vcgi:esiteid" v="205928" />
  </node>
  <node id="-263" visible="true" lat="43.834601676191" lon="-72.592227384479">
    <tag k="addr:city" v="South Royalton" />
    <tag k="addr:housenumber" v="82" />
    <tag k="addr:street" v="Hibbard Road" />
    <tag k="addr:state" v="VT" />
    <tag k="ref:vcgi:esiteid" v="205929" />
  </node>
  <node id="-264" visible="true" lat="43.834561625071" lon="-72.569934018863">
    <tag k="addr:city" v="South Royalton" />
    <tag k="addr:housenumber" v="249" />
    <tag k="addr:street" v="Russ Hill Road" />
    <tag k="addr:state" v="VT" />
    <tag k="ref:vcgi:esiteid" v="205930" />
  </node>
  <node id="-265" visible="true" lat="43.834642132724" lon="-72.515068850049">
    <tag k="addr:city" v="South Royalton" />
    <tag k="addr:housenumber" v="539" />
    <tag k="addr:street" v="Mill Road" />
    <tag k="addr:state" v="VT" />
    <tag k="ref:vcgi:esiteid" v="205931" />
  </node>
  <node id="-266" visible="true" lat="43.834214927589" lon="-72.515016599142">
    <tag k="addr:city" v="South Royalton" />
    <tag k="addr:housenumber" v="110" />
    <tag k="addr:street" v="Upper Royalton Terrace" />
    <tag k="addr:state" v="VT" />
    <tag k="ref:vcgi:esiteid" v="205932" />
  </node>
  <node id="-267" visible="true" lat="43.834152884345" lon="-72.514859329219">
    <tag k="addr:city" v="South Royalton" />
    <tag k="addr:housenumber" v="96" />
    <tag k="addr:street" v="Upper Royalton Terrace" />
    <tag k="addr:state" v="VT" />
    <tag k="ref:vcgi:esiteid" v="205934" />
  </node>
  <node id="-268" visible="true" lat="43.834092381635" lon="-72.474110904882">
    <tag k="addr:city" v="South Royalton" />
    <tag k="addr:housenumber" v="2463" />
    <tag k="addr:street" v="Dairy Hill Road" />
    <tag k="addr:state" v="VT" />
    <tag k="ref:vcgi:esiteid" v="205935" />
  </node>
  <node id="-269" visible="true" lat="43.834113327156" lon="-72.514727385176">
    <tag k="addr:city" v="South Royalton" />
    <tag k="addr:housenumber" v="88" />
    <tag k="addr:street" v="Upper Royalton Terrace" />
    <tag k="addr:state" v="VT" />
    <tag k="ref:vcgi:esiteid" v="205936" />
  </node>
  <node id="-270" visible="true" lat="43.834082368948" lon="-72.508209501896">
    <tag k="addr:city" v="South Royalton" />
    <tag k="addr:housenumber" v="2053" />
    <tag k="addr:street" v="Ducker Road" />
    <tag k="addr:state" v="VT" />
    <tag k="ref:vcgi:esiteid" v="205937" />
  </node>
  <node id="-271" visible="true" lat="43.834079701439" lon="-72.514543687413">
    <tag k="addr:city" v="South Royalton" />
    <tag k="addr:housenumber" v="78" />
    <tag k="addr:street" v="Upper Royalton Terrace" />
    <tag k="addr:state" v="VT" />
    <tag k="ref:vcgi:esiteid" v="205938" />
  </node>
  <node id="-272" visible="true" lat="43.834011281599" lon="-72.514422070441">
    <tag k="addr:city" v="South Royalton" />
    <tag k="addr:housenumber" v="72" />
    <tag k="addr:street" v="Upper Royalton Terrace" />
    <tag k="addr:state" v="VT" />
    <tag k="ref:vcgi:esiteid" v="205939" />
  </node>
  <node id="-273" visible="true" lat="43.834001248547" lon="-72.515275518362">
    <tag k="addr:city" v="South Royalton" />
    <tag k="addr:housenumber" v="109" />
    <tag k="addr:street" v="Upper Royalton Terrace" />
    <tag k="addr:state" v="VT" />
    <tag k="ref:vcgi:esiteid" v="205940" />
  </node>
  <node id="-274" visible="true" lat="43.833970661166" lon="-72.513465754275">
    <tag k="addr:city" v="South Royalton" />
    <tag k="addr:housenumber" v="439" />
    <tag k="addr:street" v="Mill Road" />
    <tag k="addr:state" v="VT" />
    <tag k="ref:vcgi:esiteid" v="205941" />
  </node>
  <node id="-275" visible="true" lat="43.833977405199" lon="-72.514238196544">
    <tag k="addr:city" v="South Royalton" />
    <tag k="addr:housenumber" v="62" />
    <tag k="addr:street" v="Upper Royalton Terrace" />
    <tag k="addr:state" v="VT" />
    <tag k="ref:vcgi:esiteid" v="205942" />
  </node>
  <node id="-276" visible="true" lat="43.83445506807" lon="-72.482126228911">
    <tag k="addr:city" v="South Royalton" />
    <tag k="addr:housenumber" v="737" />
    <tag k="addr:street" v="McIntosh Pond Road" />
    <tag k="addr:state" v="VT" />
    <tag k="ref:vcgi:esiteid" v="205943" />
  </node>
  <node id="-277" visible="true" lat="43.83395095521" lon="-72.514043752234">
    <tag k="addr:city" v="South Royalton" />
    <tag k="addr:housenumber" v="52" />
    <tag k="addr:street" v="Upper Royalton Terrace" />
    <tag k="addr:state" v="VT" />
    <tag k="ref:vcgi:esiteid" v="205944" />
  </node>
  <node id="-278" visible="true" lat="43.833935409433" lon="-72.513875318156">
    <tag k="addr:city" v="South Royalton" />
    <tag k="addr:housenumber" v="40" />
    <tag k="addr:street" v="Upper Royalton Terrace" />
    <tag k="addr:state" v="VT" />
    <tag k="ref:vcgi:esiteid" v="205946" />
  </node>
  <node id="-279" visible="true" lat="43.833866283257" lon="-72.512960533344">
    <tag k="addr:city" v="South Royalton" />
    <tag k="addr:housenumber" v="67" />
    <tag k="addr:street" v="Lower Royalton Terrace" />
    <tag k="addr:state" v="VT" />
    <tag k="ref:vcgi:esiteid" v="205948" />
  </node>
  <node id="-280" visible="true" lat="43.833895333183" lon="-72.514978261807">
    <tag k="addr:city" v="South Royalton" />
    <tag k="addr:housenumber" v="93" />
    <tag k="addr:street" v="Upper Royalton Terrace" />
    <tag k="addr:state" v="VT" />
    <tag k="ref:vcgi:esiteid" v="205949" />
  </node>
  <node id="-281" visible="true" lat="43.83386102677" lon="-72.514813560564">
    <tag k="addr:city" v="South Royalton" />
    <tag k="addr:housenumber" v="85" />
    <tag k="addr:street" v="Upper Royalton Terrace" />
    <tag k="addr:state" v="VT" />
    <tag k="ref:vcgi:esiteid" v="205950" />
  </node>
  <node id="-282" visible="true" lat="43.833798780285" lon="-72.514652753113">
    <tag k="addr:city" v="South Royalton" />
    <tag k="addr:housenumber" v="77" />
    <tag k="addr:street" v="Upper Royalton Terrace" />
    <tag k="addr:state" v="VT" />
    <tag k="ref:vcgi:esiteid" v="205951" />
  </node>
  <node id="-283" visible="true" lat="43.833721357836" lon="-72.512955782162">
    <tag k="addr:city" v="South Royalton" />
    <tag k="addr:housenumber" v="61" />
    <tag k="addr:street" v="Lower Royalton Terrace" />
    <tag k="addr:state" v="VT" />
    <tag k="ref:vcgi:esiteid" v="205952" />
  </node>
  <node id="-284" visible="true" lat="43.833693905131" lon="-72.592036735316">
    <tag k="addr:city" v="South Royalton" />
    <tag k="addr:housenumber" v="89" />
    <tag k="addr:street" v="Hibbard Road" />
    <tag k="addr:state" v="VT" />
    <tag k="ref:vcgi:esiteid" v="205953" />
  </node>
  <node id="-285" visible="true" lat="43.833758428318" lon="-72.51448372768">
    <tag k="addr:city" v="South Royalton" />
    <tag k="addr:housenumber" v="61" />
    <tag k="addr:street" v="Upper Royalton Terrace" />
    <tag k="addr:state" v="VT" />
    <tag k="ref:vcgi:esiteid" v="205954" />
  </node>
  <node id="-286" visible="true" lat="43.833585038842" lon="-72.512941702682">
    <tag k="addr:city" v="South Royalton" />
    <tag k="addr:housenumber" v="55" />
    <tag k="addr:street" v="Lower Royalton Terrace" />
    <tag k="addr:state" v="VT" />
    <tag k="ref:vcgi:esiteid" v="205955" />
  </node>
  <node id="-287" visible="true" lat="43.83368597992" lon="-72.514346731301">
    <tag k="addr:city" v="South Royalton" />
    <tag k="addr:housenumber" v="55" />
    <tag k="addr:street" v="Upper Royalton Terrace" />
    <tag k="addr:state" v="VT" />
    <tag k="ref:vcgi:esiteid" v="205956" />
  </node>
  <node id="-288" visible="true" lat="43.833350734679" lon="-72.484160192164">
    <tag k="addr:city" v="South Royalton" />
    <tag k="addr:housenumber" v="701" />
    <tag k="addr:street" v="McIntosh Pond Road" />
    <tag k="addr:state" v="VT" />
    <tag k="ref:vcgi:esiteid" v="205957" />
  </node>
  <node id="-289" visible="true" lat="43.833651687149" lon="-72.514195300165">
    <tag k="addr:city" v="South Royalton" />
    <tag k="addr:housenumber" v="49" />
    <tag k="addr:street" v="Upper Royalton Terrace" />
    <tag k="addr:state" v="VT" />
    <tag k="ref:vcgi:esiteid" v="205958" />
  </node>
  <node id="-290" visible="true" lat="43.833445260636" lon="-72.512946320143">
    <tag k="addr:city" v="South Royalton" />
    <tag k="addr:housenumber" v="41" />
    <tag k="addr:street" v="Lower Royalton Terrace" />
    <tag k="addr:state" v="VT" />
    <tag k="ref:vcgi:esiteid" v="205961" />
  </node>
  <node id="-291" visible="true" lat="43.833406870632" lon="-72.514023283287">
    <tag k="addr:city" v="South Royalton" />
    <tag k="addr:housenumber" v="22" />
    <tag k="addr:street" v="Parkers Lane" />
    <tag k="addr:state" v="VT" />
    <tag k="ref:vcgi:esiteid" v="205962" />
  </node>
  <node id="-292" visible="true" lat="43.833303610171" lon="-72.512928433687">
    <tag k="addr:city" v="South Royalton" />
    <tag k="addr:housenumber" v="21" />
    <tag k="addr:street" v="Lower Royalton Terrace" />
    <tag k="addr:state" v="VT" />
    <tag k="ref:vcgi:esiteid" v="205963" />
  </node>
  <node id="-293" visible="true" lat="43.833255989087" lon="-72.472914659637">
    <tag k="addr:city" v="South Royalton" />
    <tag k="addr:housenumber" v="2462" />
    <tag k="addr:street" v="Dairy Hill Road" />
    <tag k="addr:state" v="VT" />
    <tag k="ref:vcgi:esiteid" v="205964" />
  </node>
  <node id="-294" visible="true" lat="43.832976491771" lon="-72.513893772279">
    <tag k="addr:city" v="South Royalton" />
    <tag k="addr:housenumber" v="55" />
    <tag k="addr:street" v="Parkers Lane" />
    <tag k="addr:state" v="VT" />
    <tag k="ref:vcgi:esiteid" v="205965" />
  </node>
  <node id="-295" visible="true" lat="43.832878250218" lon="-72.512937624667">
    <tag k="addr:city" v="South Royalton" />
    <tag k="addr:housenumber" v="358" />
    <tag k="addr:street" v="Mill Road" />
    <tag k="addr:state" v="VT" />
    <tag k="ref:vcgi:esiteid" v="205968" />
  </node>
  <node id="-296" visible="true" lat="43.832771500856" lon="-72.530819377695">
    <tag k="addr:city" v="South Royalton" />
    <tag k="addr:housenumber" v="478" />
    <tag k="addr:street" v="Happy Hollow Road" />
    <tag k="addr:state" v="VT" />
    <tag k="ref:vcgi:esiteid" v="205969" />
  </node>
  <node id="-297" visible="true" lat="43.83277096302" lon="-72.528400222218">
    <tag k="addr:city" v="South Royalton" />
    <tag k="addr:housenumber" v="119" />
    <tag k="addr:street" v="Morgan Road" />
    <tag k="addr:state" v="VT" />
    <tag k="ref:vcgi:esiteid" v="205970" />
  </node>
  <node id="-298" visible="true" lat="43.832490620731" lon="-72.485577646497">
    <tag k="addr:city" v="South Royalton" />
    <tag k="addr:housenumber" v="559" />
    <tag k="addr:street" v="McIntosh Pond Road" />
    <tag k="addr:state" v="VT" />
    <tag k="ref:vcgi:esiteid" v="205971" />
  </node>
  <node id="-299" visible="true" lat="43.832527262246" lon="-72.531254414529">
    <tag k="addr:city" v="South Royalton" />
    <tag k="addr:housenumber" v="479" />
    <tag k="addr:street" v="Happy Hollow Road" />
    <tag k="addr:state" v="VT" />
    <tag k="ref:vcgi:esiteid" v="205972" />
  </node>
  <node id="-300" visible="true" lat="43.832328066546" lon="-72.474329411534">
    <tag k="addr:city" v="South Royalton" />
    <tag k="addr:housenumber" v="2331" />
    <tag k="addr:street" v="Dairy Hill Road" />
    <tag k="addr:state" v="VT" />
    <tag k="ref:vcgi:esiteid" v="205973" />
  </node>
  <node id="-301" visible="true" lat="43.83207588837" lon="-72.474960299423">
    <tag k="addr:city" v="South Royalton" />
    <tag k="addr:housenumber" v="2259" />
    <tag k="addr:street" v="Dairy Hill Road" />
    <tag k="addr:state" v="VT" />
    <tag k="ref:vcgi:esiteid" v="205974" />
  </node>
  <node id="-302" visible="true" lat="43.832053818149" lon="-72.530504888611">
    <tag k="addr:city" v="South Royalton" />
    <tag k="addr:housenumber" v="427" />
    <tag k="addr:street" v="Happy Hollow Road" />
    <tag k="addr:state" v="VT" />
    <tag k="ref:vcgi:esiteid" v="205975" />
  </node>
  <node id="-303" visible="true" lat="43.831947527506" lon="-72.469485340396">
    <tag k="addr:city" v="South Royalton" />
    <tag k="addr:housenumber" v="206" />
    <tag k="addr:street" v="Toppin Road" />
    <tag k="addr:state" v="VT" />
    <tag k="ref:vcgi:esiteid" v="205976" />
  </node>
  <node id="-304" visible="true" lat="43.83165104627" lon="-72.571915855576">
    <tag k="addr:city" v="South Royalton" />
    <tag k="addr:housenumber" v="6334" />
    <tag k="addr:street" v="Vermont Route 14" />
    <tag k="addr:state" v="VT" />
    <tag k="ref:vcgi:esiteid" v="205977" />
  </node>
  <node id="-305" visible="true" lat="43.831744637532" lon="-72.553086453877">
    <tag k="addr:city" v="South Royalton" />
    <tag k="addr:housenumber" v="2941" />
    <tag k="addr:street" v="Gee Hill Road" />
    <tag k="addr:state" v="VT" />
    <tag k="ref:vcgi:esiteid" v="205978" />
  </node>
  <node id="-306" visible="true" lat="43.831752951525" lon="-72.513550210562">
    <tag k="addr:city" v="South Royalton" />
    <tag k="addr:housenumber" v="82" />
    <tag k="addr:street" v="Old Route 110" />
    <tag k="addr:state" v="VT" />
    <tag k="ref:vcgi:esiteid" v="205979" />
  </node>
  <node id="-307" visible="true" lat="43.831729626628" lon="-72.471257110451">
    <tag k="addr:city" v="South Royalton" />
    <tag k="addr:housenumber" v="152" />
    <tag k="addr:street" v="Toppin Road" />
    <tag k="addr:state" v="VT" />
    <tag k="ref:vcgi:esiteid" v="205980" />
  </node>
  <node id="-309" visible="true" lat="43.831624626213" lon="-72.513848957668">
    <tag k="addr:city" v="South Royalton" />
    <tag k="addr:housenumber" v="62" />
    <tag k="addr:street" v="Old Route 110" />
    <tag k="addr:state" v="VT" />
    <tag k="ref:vcgi:esiteid" v="205982" />
  </node>
  <node id="-310" visible="true" lat="43.831486379692" lon="-72.514213589527">
    <tag k="addr:city" v="South Royalton" />
    <tag k="addr:housenumber" v="44" />
    <tag k="addr:street" v="Old Route 110" />
    <tag k="addr:state" v="VT" />
    <tag k="ref:vcgi:esiteid" v="205984" />
  </node>
  <node id="-311" visible="true" lat="43.83141684271" lon="-72.472630413809">
    <tag k="addr:city" v="South Royalton" />
    <tag k="addr:housenumber" v="64" />
    <tag k="addr:street" v="Toppin Road" />
    <tag k="addr:state" v="VT" />
    <tag k="ref:vcgi:esiteid" v="205985" />
  </node>
  <node id="-312" visible="true" lat="43.831422435038" lon="-72.473638862659">
    <tag k="addr:city" v="South Royalton" />
    <tag k="addr:housenumber" v="42" />
    <tag k="addr:street" v="Deer Run Road" />
    <tag k="addr:state" v="VT" />
    <tag k="ref:vcgi:esiteid" v="205986" />
  </node>
  <node id="-313" visible="true" lat="43.831307167938" lon="-72.581347750418">
    <tag k="addr:city" v="South Royalton" />
    <tag k="addr:housenumber" v="382" />
    <tag k="addr:street" v="Waterman Road" />
    <tag k="addr:state" v="VT" />
    <tag k="ref:vcgi:esiteid" v="205987" />
  </node>
  <node id="-314" visible="true" lat="43.831229455674" lon="-72.528789917347">
    <tag k="addr:city" v="South Royalton" />
    <tag k="addr:housenumber" v="332" />
    <tag k="addr:street" v="Happy Hollow Road" />
    <tag k="addr:state" v="VT" />
    <tag k="ref:vcgi:esiteid" v="205988" />
  </node>
  <node id="-315" visible="true" lat="43.831142677083" lon="-72.515074921979">
    <tag k="addr:city" v="South Royalton" />
    <tag k="addr:housenumber" v="2" />
    <tag k="addr:street" v="Old Route 110" />
    <tag k="addr:state" v="VT" />
    <tag k="ref:vcgi:esiteid" v="205989" />
  </node>
  <node id="-316" visible="true" lat="43.83111591984" lon="-72.51474817089">
    <tag k="addr:city" v="South Royalton" />
    <tag k="addr:housenumber" v="10" />
    <tag k="addr:street" v="Old Route 110" />
    <tag k="addr:state" v="VT" />
    <tag k="ref:vcgi:esiteid" v="205990" />
  </node>
  <node id="-317" visible="true" lat="43.831114540844" lon="-72.578969026963">
    <tag k="addr:city" v="South Royalton" />
    <tag k="addr:housenumber" v="272" />
    <tag k="addr:street" v="Waterman Road" />
    <tag k="addr:state" v="VT" />
    <tag k="ref:vcgi:esiteid" v="205991" />
  </node>
  <node id="-318" visible="true" lat="43.830883377396" lon="-72.592105369537">
    <tag k="addr:city" v="South Royalton" />
    <tag k="addr:housenumber" v="360" />
    <tag k="addr:street" v="Busy Hill Road" />
    <tag k="addr:state" v="VT" />
    <tag k="ref:vcgi:esiteid" v="205992" />
  </node>
  <node id="-319" visible="true" lat="43.830810203284" lon="-72.552940578048">
    <tag k="addr:city" v="South Royalton" />
    <tag k="addr:housenumber" v="3005" />
    <tag k="addr:street" v="Gee Hill Road" />
    <tag k="addr:state" v="VT" />
    <tag k="ref:vcgi:esiteid" v="205993" />
  </node>
  <node id="-320" visible="true" lat="43.830921234175" lon="-72.472665561003">
    <tag k="addr:city" v="South Royalton" />
    <tag k="addr:housenumber" v="105" />
    <tag k="addr:street" v="Deer Run Road" />
    <tag k="addr:state" v="VT" />
    <tag k="ref:vcgi:esiteid" v="205994" />
  </node>
  <node id="-321" visible="true" lat="43.830730637848" lon="-72.528456881658">
    <tag k="addr:city" v="South Royalton" />
    <tag k="addr:housenumber" v="291" />
    <tag k="addr:street" v="Happy Hollow Road" />
    <tag k="addr:state" v="VT" />
    <tag k="ref:vcgi:esiteid" v="205995" />
  </node>
  <node id="-322" visible="true" lat="43.830697290251" lon="-72.473855183012">
    <tag k="addr:city" v="South Royalton" />
    <tag k="addr:housenumber" v="68" />
    <tag k="addr:street" v="Deer Run Road" />
    <tag k="addr:state" v="VT" />
    <tag k="ref:vcgi:esiteid" v="205996" />
  </node>
  <node id="-323" visible="true" lat="43.830776740798" lon="-72.471921854523">
    <tag k="addr:city" v="South Royalton" />
    <tag k="addr:housenumber" v="139" />
    <tag k="addr:street" v="Deer Run Road" />
    <tag k="addr:state" v="VT" />
    <tag k="ref:vcgi:esiteid" v="205997" />
  </node>
  <node id="-324" visible="true" lat="43.830632209613" lon="-72.578109766826">
    <tag k="addr:city" v="South Royalton" />
    <tag k="addr:housenumber" v="51" />
    <tag k="addr:street" v="Waterman Industrial Park" />
    <tag k="addr:state" v="VT" />
    <tag k="ref:vcgi:esiteid" v="205998" />
  </node>
  <node id="-325" visible="true" lat="43.83045634234" lon="-72.578392703154">
    <tag k="addr:city" v="South Royalton" />
    <tag k="addr:housenumber" v="244" />
    <tag k="addr:street" v="Waterman Road" />
    <tag k="addr:state" v="VT" />
    <tag k="ref:vcgi:esiteid" v="205999" />
  </node>
  <node id="-326" visible="true" lat="43.830353967484" lon="-72.514350766903">
    <tag k="addr:city" v="South Royalton" />
    <tag k="addr:housenumber" v="580" />
    <tag k="addr:street" v="Vermont Route 110" />
    <tag k="addr:state" v="VT" />
    <tag k="ref:vcgi:esiteid" v="206000" />
  </node>
  <node id="-327" visible="true" lat="43.830329664921" lon="-72.582827962466">
    <tag k="addr:city" v="South Royalton" />
    <tag k="addr:housenumber" v="461" />
    <tag k="addr:street" v="Waterman Road" />
    <tag k="addr:state" v="VT" />
    <tag k="ref:vcgi:esiteid" v="206001" />
  </node>
  <node id="-328" visible="true" lat="43.830377273482" lon="-72.473139183727">
    <tag k="addr:city" v="South Royalton" />
    <tag k="addr:housenumber" v="98" />
    <tag k="addr:street" v="Deer Run Road" />
    <tag k="addr:state" v="VT" />
    <tag k="ref:vcgi:esiteid" v="206002" />
  </node>
  <node id="-329" visible="true" lat="43.830303631968" lon="-72.568611969106">
    <tag k="addr:city" v="South Royalton" />
    <tag k="addr:housenumber" v="189" />
    <tag k="addr:street" v="Becks Road" />
    <tag k="addr:state" v="VT" />
    <tag k="ref:vcgi:esiteid" v="206003" />
  </node>
  <node id="-330" visible="true" lat="43.830308089108" lon="-72.475072973345">
    <tag k="addr:city" v="South Royalton" />
    <tag k="addr:housenumber" v="2186" />
    <tag k="addr:street" v="Dairy Hill Road" />
    <tag k="addr:state" v="VT" />
    <tag k="ref:vcgi:esiteid" v="206004" />
  </node>
  <node id="-331" visible="true" lat="43.830222725269" lon="-72.582081027864">
    <tag k="addr:city" v="South Royalton" />
    <tag k="addr:housenumber" v="415" />
    <tag k="addr:street" v="Waterman Road" />
    <tag k="addr:state" v="VT" />
    <tag k="ref:vcgi:esiteid" v="206005" />
  </node>
  <node id="-332" visible="true" lat="43.830228515451" lon="-72.5170279029">
    <tag k="addr:city" v="South Royalton" />
    <tag k="addr:housenumber" v="91" />
    <tag k="addr:street" v="Mill Road" />
    <tag k="addr:state" v="VT" />
    <tag k="ref:vcgi:esiteid" v="206006" />
  </node>
  <node id="-333" visible="true" lat="43.830109314693" lon="-72.471997428642">
    <tag k="addr:city" v="South Royalton" />
    <tag k="addr:housenumber" v="138" />
    <tag k="addr:street" v="Deer Run Road" />
    <tag k="addr:state" v="VT" />
    <tag k="ref:vcgi:esiteid" v="206007" />
  </node>
  <node id="-334" visible="true" lat="43.82989440754" lon="-72.580110249098">
    <tag k="addr:city" v="South Royalton" />
    <tag k="addr:housenumber" v="335" />
    <tag k="addr:street" v="Waterman Road" />
    <tag k="addr:state" v="VT" />
    <tag k="ref:vcgi:esiteid" v="206008" />
  </node>
  <node id="-335" visible="true" lat="43.829973858411" lon="-72.527969680991">
    <tag k="addr:city" v="South Royalton" />
    <tag k="addr:housenumber" v="230" />
    <tag k="addr:street" v="Happy Hollow Road" />
    <tag k="addr:state" v="VT" />
    <tag k="ref:vcgi:esiteid" v="206009" />
  </node>
  <node id="-336" visible="true" lat="43.829755080609" lon="-72.515015325315">
    <tag k="addr:city" v="South Royalton" />
    <tag k="addr:housenumber" v="386" />
    <tag k="addr:street" v="Vermont Route 110" />
    <tag k="addr:state" v="VT" />
    <tag k="ref:vcgi:esiteid" v="206010" />
  </node>
  <node id="-337" visible="true" lat="43.829762640123" lon="-72.517030799065">
    <tag k="addr:city" v="South Royalton" />
    <tag k="addr:housenumber" v="59" />
    <tag k="addr:street" v="Mill Road" />
    <tag k="addr:state" v="VT" />
    <tag k="ref:vcgi:esiteid" v="206011" />
  </node>
  <node id="-338" visible="true" lat="43.829700172962" lon="-72.484835075214">
    <tag k="addr:city" v="South Royalton" />
    <tag k="addr:housenumber" v="417" />
    <tag k="addr:street" v="McIntosh Pond Road" />
    <tag k="addr:state" v="VT" />
    <tag k="ref:vcgi:esiteid" v="206012" />
  </node>
  <node id="-339" visible="true" lat="43.829751010659" lon="-72.529072617641">
    <tag k="addr:city" v="South Royalton" />
    <tag k="addr:housenumber" v="201" />
    <tag k="addr:street" v="Happy Hollow Road" />
    <tag k="addr:state" v="VT" />
    <tag k="ref:vcgi:esiteid" v="206013" />
  </node>
  <node id="-340" visible="true" lat="43.829056946259" lon="-72.552630920556">
    <tag k="addr:city" v="South Royalton" />
    <tag k="addr:housenumber" v="3139" />
    <tag k="addr:street" v="Gee Hill Road" />
    <tag k="addr:state" v="VT" />
    <tag k="ref:vcgi:esiteid" v="206014" />
  </node>
  <node id="-341" visible="true" lat="43.829208107215" lon="-72.527634172484">
    <tag k="addr:city" v="South Royalton" />
    <tag k="addr:housenumber" v="162" />
    <tag k="addr:street" v="Happy Hollow Road" />
    <tag k="addr:state" v="VT" />
    <tag k="ref:vcgi:esiteid" v="206015" />
  </node>
  <node id="-342" visible="true" lat="43.829074923725" lon="-72.576399528505">
    <tag k="addr:city" v="South Royalton" />
    <tag k="addr:housenumber" v="122" />
    <tag k="addr:street" v="Waterman Road" />
    <tag k="addr:state" v="VT" />
    <tag k="ref:vcgi:esiteid" v="206016" />
  </node>
  <node id="-343" visible="true" lat="43.828926229426" lon="-72.577491259496">
    <tag k="addr:city" v="South Royalton" />
    <tag k="addr:housenumber" v="140" />
    <tag k="addr:street" v="Waterman Road" />
    <tag k="addr:state" v="VT" />
    <tag k="ref:vcgi:esiteid" v="206017" />
  </node>
  <node id="-344" visible="true" lat="43.828916759422" lon="-72.482860528394">
    <tag k="addr:city" v="South Royalton" />
    <tag k="addr:housenumber" v="280" />
    <tag k="addr:street" v="McIntosh Pond Road" />
    <tag k="addr:state" v="VT" />
    <tag k="ref:vcgi:esiteid" v="206018" />
  </node>
  <node id="-345" visible="true" lat="43.828514866822" lon="-72.608650827379">
    <tag k="addr:city" v="Bethel" />
    <tag k="addr:housenumber" v="230" />
    <tag k="addr:street" v="White Oak Lane" />
    <tag k="addr:state" v="VT" />
    <tag k="ref:vcgi:esiteid" v="206019" />
  </node>
  <node id="-346" visible="true" lat="43.828296848192" lon="-72.611469920885">
    <tag k="addr:city" v="Bethel" />
    <tag k="addr:housenumber" v="129" />
    <tag k="addr:street" v="White Oak Lane" />
    <tag k="addr:state" v="VT" />
    <tag k="ref:vcgi:esiteid" v="206020" />
  </node>
  <node id="-347" visible="true" lat="43.828325504698" lon="-72.573733525105">
    <tag k="addr:city" v="South Royalton" />
    <tag k="addr:housenumber" v="402" />
    <tag k="addr:street" v="Vermont Route 107" />
    <tag k="addr:state" v="VT" />
    <tag k="ref:vcgi:esiteid" v="206021" />
  </node>
  <node id="-348" visible="true" lat="43.827934148303" lon="-72.574934811378">
    <tag k="addr:city" v="South Royalton" />
    <tag k="addr:housenumber" v="462" />
    <tag k="addr:street" v="Vermont Route 107" />
    <tag k="addr:state" v="VT" />
    <tag k="ref:vcgi:esiteid" v="206022" />
  </node>
  <node id="-349" visible="true" lat="43.828004709321" lon="-72.575591157912">
    <tag k="addr:city" v="South Royalton" />
    <tag k="addr:housenumber" v="30" />
    <tag k="addr:street" v="Waterman Road" />
    <tag k="addr:state" v="VT" />
    <tag k="ref:vcgi:esiteid" v="206023" />
  </node>
  <node id="-350" visible="true" lat="43.827878311242" lon="-72.57448696154">
    <tag k="addr:city" v="South Royalton" />
    <tag k="addr:housenumber" v="442" />
    <tag k="addr:street" v="Vermont Route 107" />
    <tag k="addr:state" v="VT" />
    <tag k="ref:vcgi:esiteid" v="206024" />
  </node>
  <node id="-351" visible="true" lat="43.827842920736" lon="-72.606169644129">
    <tag k="addr:city" v="Bethel" />
    <tag k="addr:housenumber" v="305" />
    <tag k="addr:street" v="McCullough Run" />
    <tag k="addr:state" v="VT" />
    <tag k="ref:vcgi:esiteid" v="206025" />
  </node>
  <node id="-352" visible="true" lat="43.827737166972" lon="-72.566155659444">
    <tag k="addr:city" v="South Royalton" />
    <tag k="addr:housenumber" v="5926" />
    <tag k="addr:street" v="Vermont Route 14" />
    <tag k="addr:state" v="VT" />
    <tag k="ref:vcgi:esiteid" v="206027" />
  </node>
  <node id="-353" visible="true" lat="43.82772601782" lon="-72.605059237683">
    <tag k="addr:city" v="Bethel" />
    <tag k="addr:housenumber" v="320" />
    <tag k="addr:street" v="McCullough Run" />
    <tag k="addr:state" v="VT" />
    <tag k="ref:vcgi:esiteid" v="206028" />
  </node>
  <node id="-354" visible="true" lat="43.8277290614" lon="-72.60969231214">
    <tag k="addr:city" v="Bethel" />
    <tag k="addr:housenumber" v="186" />
    <tag k="addr:street" v="White Oak Lane" />
    <tag k="addr:state" v="VT" />
    <tag k="ref:vcgi:esiteid" v="206029" />
  </node>
  <node id="-355" visible="true" lat="43.82750404801" lon="-72.553528315446">
    <tag k="addr:city" v="South Royalton" />
    <tag k="addr:housenumber" v="3216" />
    <tag k="addr:street" v="Gee Hill Road" />
    <tag k="addr:state" v="VT" />
    <tag k="ref:vcgi:esiteid" v="206030" />
  </node>
  <node id="-356" visible="true" lat="43.827471580504" lon="-72.553138712739">
    <tag k="addr:city" v="South Royalton" />
    <tag k="addr:housenumber" v="3224" />
    <tag k="addr:street" v="Gee Hill Road" />
    <tag k="addr:state" v="VT" />
    <tag k="ref:vcgi:esiteid" v="206031" />
  </node>
  <node id="-357" visible="true" lat="43.827427748287" lon="-72.552426920236">
    <tag k="addr:city" v="South Royalton" />
    <tag k="addr:housenumber" v="3240" />
    <tag k="addr:street" v="Gee Hill Road" />
    <tag k="addr:state" v="VT" />
    <tag k="ref:vcgi:esiteid" v="206032" />
  </node>
  <node id="-358" visible="true" lat="43.827415298225" lon="-72.605802352453">
    <tag k="addr:city" v="Bethel" />
    <tag k="addr:housenumber" v="295" />
    <tag k="addr:street" v="McCullough Run" />
    <tag k="addr:state" v="VT" />
    <tag k="ref:vcgi:esiteid" v="206033" />
  </node>
  <node id="-359" visible="true" lat="43.827399012944" lon="-72.612411753008">
    <tag k="addr:city" v="Bethel" />
    <tag k="addr:housenumber" v="81" />
    <tag k="addr:street" v="White Oak Lane" />
    <tag k="addr:state" v="VT" />
    <tag k="ref:vcgi:esiteid" v="206034" />
  </node>
  <node id="-360" visible="true" lat="43.827256411939" lon="-72.608695375839">
    <tag k="addr:city" v="Bethel" />
    <tag k="addr:housenumber" v="168" />
    <tag k="addr:street" v="Opray Lane" />
    <tag k="addr:state" v="VT" />
    <tag k="ref:vcgi:esiteid" v="206035" />
  </node>
  <node id="-361" visible="true" lat="43.827399969865" lon="-72.56575404232">
    <tag k="addr:city" v="South Royalton" />
    <tag k="addr:housenumber" v="5894" />
    <tag k="addr:street" v="Vermont Route 14" />
    <tag k="addr:state" v="VT" />
    <tag k="ref:vcgi:esiteid" v="206036" />
  </node>
  <node id="-362" visible="true" lat="43.827356383392" lon="-72.497035282378">
    <tag k="addr:city" v="South Royalton" />
    <tag k="addr:housenumber" v="954" />
    <tag k="addr:street" v="Ducker Road" />
    <tag k="addr:state" v="VT" />
    <tag k="ref:vcgi:esiteid" v="206037" />
  </node>
  <node id="-363" visible="true" lat="43.827314567054" lon="-72.604972003295">
    <tag k="addr:city" v="Bethel" />
    <tag k="addr:housenumber" v="272" />
    <tag k="addr:street" v="McCullough Run" />
    <tag k="addr:state" v="VT" />
    <tag k="ref:vcgi:esiteid" v="206038" />
  </node>
  <node id="-364" visible="true" lat="43.827103925302" lon="-72.61010861547">
    <tag k="addr:city" v="Bethel" />
    <tag k="addr:housenumber" v="136" />
    <tag k="addr:street" v="Ground Hog Lane" />
    <tag k="addr:state" v="VT" />
    <tag k="ref:vcgi:esiteid" v="206039" />
  </node>
  <node id="-365" visible="true" lat="43.827096242822" lon="-72.53511167696">
    <tag k="addr:city" v="South Royalton" />
    <tag k="addr:housenumber" v="3228" />
    <tag k="addr:street" v="Vermont Route 14" />
    <tag k="addr:state" v="VT" />
    <tag k="ref:vcgi:esiteid" v="206040" />
  </node>
  <node id="-366" visible="true" lat="43.827172218478" lon="-72.603604209195">
    <tag k="addr:city" v="Bethel" />
    <tag k="addr:housenumber" v="302" />
    <tag k="addr:street" v="McCullough Run" />
    <tag k="addr:state" v="VT" />
    <tag k="ref:vcgi:esiteid" v="206041" />
  </node>
  <node id="-367" visible="true" lat="43.826928400878" lon="-72.605329536381">
    <tag k="addr:city" v="Bethel" />
    <tag k="addr:housenumber" v="267" />
    <tag k="addr:street" v="McCullough Run" />
    <tag k="addr:state" v="VT" />
    <tag k="ref:vcgi:esiteid" v="206042" />
  </node>
  <node id="-368" visible="true" lat="43.827044985384" lon="-72.536083993454">
    <tag k="addr:city" v="South Royalton" />
    <tag k="addr:housenumber" v="3272" />
    <tag k="addr:street" v="Vermont Route 14" />
    <tag k="addr:state" v="VT" />
    <tag k="ref:vcgi:esiteid" v="206043" />
  </node>
  <node id="-369" visible="true" lat="43.827038362241" lon="-72.572614961124">
    <tag k="addr:city" v="South Royalton" />
    <tag k="addr:housenumber" v="47" />
    <tag k="addr:street" v="Perley Farm Road" />
    <tag k="addr:state" v="VT" />
    <tag k="ref:vcgi:esiteid" v="206044" />
  </node>
  <node id="-370" visible="true" lat="43.826918306429" lon="-72.604485750793">
    <tag k="addr:city" v="Bethel" />
    <tag k="addr:housenumber" v="222" />
    <tag k="addr:street" v="McCullough Run" />
    <tag k="addr:state" v="VT" />
    <tag k="ref:vcgi:esiteid" v="206045" />
  </node>
  <node id="-371" visible="true" lat="43.826782333714" lon="-72.526879975208">
    <tag k="addr:city" v="South Royalton" />
    <tag k="addr:housenumber" v="14" />
    <tag k="addr:street" v="Happy Hollow Road" />
    <tag k="addr:state" v="VT" />
    <tag k="ref:vcgi:esiteid" v="206046" />
  </node>
  <node id="-372" visible="true" lat="43.82691399481" lon="-72.574331712133">
    <tag k="addr:city" v="South Royalton" />
    <tag k="addr:housenumber" v="71" />
    <tag k="addr:street" v="Perley Farm Road" />
    <tag k="addr:state" v="VT" />
    <tag k="ref:vcgi:esiteid" v="206047" />
  </node>
  <node id="-373" visible="true" lat="43.826740608953" lon="-72.529994946542">
    <tag k="addr:city" v="South Royalton" />
    <tag k="addr:housenumber" v="2964" />
    <tag k="addr:street" v="Vermont Route 14" />
    <tag k="addr:state" v="VT" />
    <tag k="ref:vcgi:esiteid" v="206048" />
  </node>
  <node id="-374" visible="true" lat="43.82681857612" lon="-72.527440142005">
    <tag k="addr:city" v="South Royalton" />
    <tag k="addr:housenumber" v="13" />
    <tag k="addr:street" v="Happy Hollow Road" />
    <tag k="addr:state" v="VT" />
    <tag k="ref:vcgi:esiteid" v="206050" />
  </node>
  <node id="-375" visible="true" lat="43.826758572772" lon="-72.565219183979">
    <tag k="addr:city" v="South Royalton" />
    <tag k="addr:housenumber" v="5848" />
    <tag k="addr:street" v="Vermont Route 14" />
    <tag k="addr:state" v="VT" />
    <tag k="ref:vcgi:esiteid" v="206051" />
  </node>
  <node id="-376" visible="true" lat="43.826811897153" lon="-72.56640236289">
    <tag k="addr:city" v="South Royalton" />
    <tag k="addr:housenumber" v="5863" />
    <tag k="addr:street" v="Vermont Route 14" />
    <tag k="addr:state" v="VT" />
    <tag k="ref:vcgi:esiteid" v="206052" />
  </node>
  <node id="-377" visible="true" lat="43.826698731238" lon="-72.61154663463">
    <tag k="addr:city" v="Bethel" />
    <tag k="addr:housenumber" v="2388" />
    <tag k="addr:street" v="Vermont Route 107" />
    <tag k="addr:state" v="VT" />
    <tag k="ref:vcgi:esiteid" v="206053" />
  </node>
  <node id="-378" visible="true" lat="43.826702512915" lon="-72.574815432107">
    <tag k="addr:city" v="South Royalton" />
    <tag k="addr:housenumber" v="94" />
    <tag k="addr:street" v="Perley Farm Road" />
    <tag k="addr:state" v="VT" />
    <tag k="ref:vcgi:esiteid" v="206054" />
  </node>
  <node id="-379" visible="true" lat="43.826702347995" lon="-72.482466310778">
    <tag k="addr:city" v="South Royalton" />
    <tag k="addr:housenumber" v="173" />
    <tag k="addr:street" v="McIntosh Pond Road" />
    <tag k="addr:state" v="VT" />
    <tag k="ref:vcgi:esiteid" v="206055" />
  </node>
  <node id="-380" visible="true" lat="43.82666889396" lon="-72.612855463405">
    <tag k="addr:city" v="Bethel" />
    <tag k="addr:housenumber" v="25" />
    <tag k="addr:street" v="White Oak Lane" />
    <tag k="addr:state" v="VT" />
    <tag k="ref:vcgi:esiteid" v="206056" />
  </node>
  <node id="-381" visible="true" lat="43.826583510656" lon="-72.607300231355">
    <tag k="addr:city" v="Bethel" />
    <tag k="addr:housenumber" v="129" />
    <tag k="addr:street" v="Opray Lane" />
    <tag k="addr:state" v="VT" />
    <tag k="ref:vcgi:esiteid" v="206057" />
  </node>
  <node id="-382" visible="true" lat="43.826786449581" lon="-72.507195992012">
    <tag k="addr:city" v="South Royalton" />
    <tag k="addr:housenumber" v="919" />
    <tag k="addr:street" v="Roberts Road" />
    <tag k="addr:state" v="VT" />
    <tag k="ref:vcgi:esiteid" v="206058" />
  </node>
  <node id="-383" visible="true" lat="43.826555850459" lon="-72.541440737253">
    <tag k="addr:city" v="South Royalton" />
    <tag k="addr:housenumber" v="3554" />
    <tag k="addr:street" v="Vermont Route 14" />
    <tag k="addr:state" v="VT" />
    <tag k="ref:vcgi:esiteid" v="206060" />
  </node>
  <node id="-384" visible="true" lat="43.82668484867" lon="-72.603718968082">
    <tag k="addr:city" v="Bethel" />
    <tag k="addr:housenumber" v="214" />
    <tag k="addr:street" v="McCullough Run" />
    <tag k="addr:state" v="VT" />
    <tag k="ref:vcgi:esiteid" v="206061" />
  </node>
  <node id="-385" visible="true" lat="43.826309075285" lon="-72.551592833619">
    <tag k="addr:city" v="South Royalton" />
    <tag k="addr:housenumber" v="3332" />
    <tag k="addr:street" v="Gee Hill Road" />
    <tag k="addr:state" v="VT" />
    <tag k="ref:vcgi:esiteid" v="206062" />
  </node>
  <node id="-386" visible="true" lat="43.826381377986" lon="-72.576995194127">
    <tag k="addr:city" v="South Royalton" />
    <tag k="addr:housenumber" v="202" />
    <tag k="addr:street" v="Perley Farm Road" />
    <tag k="addr:state" v="VT" />
    <tag k="ref:vcgi:esiteid" v="206063" />
  </node>
  <node id="-387" visible="true" lat="43.826286987555" lon="-72.610356543896">
    <tag k="addr:city" v="Bethel" />
    <tag k="addr:housenumber" v="2316" />
    <tag k="addr:street" v="Vermont Route 107" />
    <tag k="addr:state" v="VT" />
    <tag k="ref:vcgi:esiteid" v="206064" />
  </node>
  <node id="-388" visible="true" lat="43.826238023442" lon="-72.61311960922">
    <tag k="addr:city" v="Bethel" />
    <tag k="addr:housenumber" v="5" />
    <tag k="addr:street" v="White Oak Lane" />
    <tag k="addr:state" v="VT" />
    <tag k="ref:vcgi:esiteid" v="206065" />
  </node>
  <node id="-389" visible="true" lat="43.826220585823" lon="-72.613561621371">
    <tag k="addr:city" v="Bethel" />
    <tag k="addr:housenumber" v="2472" />
    <tag k="addr:street" v="Vermont Route 107" />
    <tag k="addr:state" v="VT" />
    <tag k="ref:vcgi:esiteid" v="206067" />
  </node>
  <node id="-390" visible="true" lat="43.826300730726" lon="-72.499325359804">
    <tag k="addr:city" v="South Royalton" />
    <tag k="addr:housenumber" v="875" />
    <tag k="addr:street" v="Ducker Road" />
    <tag k="addr:state" v="VT" />
    <tag k="ref:vcgi:esiteid" v="206068" />
  </node>
  <node id="-391" visible="true" lat="43.826214395675" lon="-72.530617918236">
    <tag k="addr:city" v="South Royalton" />
    <tag k="addr:housenumber" v="2995" />
    <tag k="addr:street" v="Vermont Route 14" />
    <tag k="addr:state" v="VT" />
    <tag k="ref:vcgi:esiteid" v="206069" />
  </node>
  <node id="-392" visible="true" lat="43.82634681203" lon="-72.530037954646">
    <tag k="addr:city" v="South Royalton" />
    <tag k="addr:housenumber" v="2989" />
    <tag k="addr:street" v="Vermont Route 14" />
    <tag k="addr:state" v="VT" />
    <tag k="ref:vcgi:esiteid" v="206070" />
  </node>
  <node id="-393" visible="true" lat="43.825968248647" lon="-72.610889752013">
    <tag k="addr:city" v="Bethel" />
    <tag k="addr:housenumber" v="2346" />
    <tag k="addr:street" v="Vermont Route 107" />
    <tag k="addr:state" v="VT" />
    <tag k="ref:vcgi:esiteid" v="206071" />
  </node>
  <node id="-394" visible="true" lat="43.825986587116" lon="-72.577645532281">
    <tag k="addr:city" v="South Royalton" />
    <tag k="addr:housenumber" v="230" />
    <tag k="addr:street" v="Perley Farm Road" />
    <tag k="addr:state" v="VT" />
    <tag k="ref:vcgi:esiteid" v="206072" />
  </node>
  <node id="-395" visible="true" lat="43.826026709439" lon="-72.606018824313">
    <tag k="addr:city" v="Bethel" />
    <tag k="addr:housenumber" v="61" />
    <tag k="addr:street" v="Opray Lane" />
    <tag k="addr:state" v="VT" />
    <tag k="ref:vcgi:esiteid" v="206073" />
  </node>
  <node id="-396" visible="true" lat="43.825973816707" lon="-72.603980598553">
    <tag k="addr:city" v="Bethel" />
    <tag k="addr:housenumber" v="166" />
    <tag k="addr:street" v="McCullough Run" />
    <tag k="addr:state" v="VT" />
    <tag k="ref:vcgi:esiteid" v="206074" />
  </node>
  <node id="-397" visible="true" lat="43.825981776278" lon="-72.505717989994">
    <tag k="addr:city" v="South Royalton" />
    <tag k="addr:housenumber" v="920" />
    <tag k="addr:street" v="Roberts Road" />
    <tag k="addr:state" v="VT" />
    <tag k="ref:vcgi:esiteid" v="206075" />
  </node>
  <node id="-398" visible="true" lat="43.825894452523" lon="-72.603468366187">
    <tag k="addr:city" v="Bethel" />
    <tag k="addr:housenumber" v="144" />
    <tag k="addr:street" v="McCullough Run" />
    <tag k="addr:state" v="VT" />
    <tag k="ref:vcgi:esiteid" v="206076" />
  </node>
  <node id="-399" visible="true" lat="43.825685833246" lon="-72.536243680135">
    <tag k="addr:city" v="South Royalton" />
    <tag k="addr:housenumber" v="832" />
    <tag k="addr:street" v="North Windsor Street" />
    <tag k="addr:state" v="VT" />
    <tag k="ref:vcgi:esiteid" v="206077" />
  </node>
  <node id="-400" visible="true" lat="43.825729390494" lon="-72.565782276455">
    <tag k="addr:city" v="South Royalton" />
    <tag k="addr:housenumber" v="5789" />
    <tag k="addr:street" v="Vermont Route 14" />
    <tag k="addr:state" v="VT" />
    <tag k="ref:vcgi:esiteid" v="206078" />
  </node>
  <node id="-401" visible="true" lat="43.825674234939" lon="-72.611547809964">
    <tag k="addr:city" v="Bethel" />
    <tag k="addr:housenumber" v="2371" />
    <tag k="addr:street" v="Vermont Route 107" />
    <tag k="addr:state" v="VT" />
    <tag k="ref:vcgi:esiteid" v="206079" />
  </node>
  <node id="-402" visible="true" lat="43.825615502355" lon="-72.61135653936">
    <tag k="addr:city" v="Bethel" />
    <tag k="addr:housenumber" v="2359" />
    <tag k="addr:street" v="Vermont Route 107" />
    <tag k="addr:state" v="VT" />
    <tag k="ref:vcgi:esiteid" v="206080" />
  </node>
  <node id="-403" visible="true" lat="43.825714336668" lon="-72.60446315285">
    <tag k="addr:city" v="Bethel" />
    <tag k="addr:housenumber" v="163" />
    <tag k="addr:street" v="McCullough Run" />
    <tag k="addr:state" v="VT" />
    <tag k="ref:vcgi:esiteid" v="206081" />
  </node>
  <node id="-404" visible="true" lat="43.825551516634" lon="-72.611157989181">
    <tag k="addr:city" v="Bethel" />
    <tag k="addr:housenumber" v="2361" />
    <tag k="addr:street" v="Vermont Route 107" />
    <tag k="addr:state" v="VT" />
    <tag k="ref:vcgi:esiteid" v="206082" />
  </node>
  <node id="-405" visible="true" lat="43.825478914353" lon="-72.521126414027">
    <tag k="addr:city" v="South Royalton" />
    <tag k="addr:housenumber" v="85" />
    <tag k="addr:street" v="Goodrich Meadows" />
    <tag k="addr:state" v="VT" />
    <tag k="ref:vcgi:esiteid" v="206083" />
  </node>
  <node id="-406" visible="true" lat="43.825504345493" lon="-72.610949985007">
    <tag k="addr:city" v="Bethel" />
    <tag k="addr:housenumber" v="2343" />
    <tag k="addr:street" v="Vermont Route 107" />
    <tag k="addr:state" v="VT" />
    <tag k="ref:vcgi:esiteid" v="206084" />
  </node>
  <node id="-407" visible="true" lat="43.825551733288" lon="-72.603293970655">
    <tag k="addr:city" v="Bethel" />
    <tag k="addr:housenumber" v="124" />
    <tag k="addr:street" v="McCullough Run" />
    <tag k="addr:state" v="VT" />
    <tag k="ref:vcgi:esiteid" v="206085" />
  </node>
  <node id="-408" visible="true" lat="43.825494240927" lon="-72.518205196126">
    <tag k="addr:city" v="South Royalton" />
    <tag k="addr:housenumber" v="115" />
    <tag k="addr:street" v="Vermont Route 110" />
    <tag k="addr:state" v="VT" />
    <tag k="ref:vcgi:esiteid" v="206086" />
  </node>
  <node id="-409" visible="true" lat="43.825453499184" lon="-72.517799865705">
    <tag k="addr:city" v="South Royalton" />
    <tag k="addr:housenumber" v="126" />
    <tag k="addr:street" v="Vermont Route 110" />
    <tag k="addr:state" v="VT" />
    <tag k="ref:vcgi:esiteid" v="206087" />
  </node>
  <node id="-410" visible="true" lat="43.825525837573" lon="-72.535947190968">
    <tag k="addr:city" v="South Royalton" />
    <tag k="addr:housenumber" v="819" />
    <tag k="addr:street" v="North Windsor Street" />
    <tag k="addr:state" v="VT" />
    <tag k="ref:vcgi:esiteid" v="206088" />
  </node>
  <node id="-411" visible="true" lat="43.825482943117" lon="-72.609524295173">
    <tag k="addr:city" v="Bethel" />
    <tag k="addr:housenumber" v="2274" />
    <tag k="addr:street" v="Vermont Route 107" />
    <tag k="addr:state" v="VT" />
    <tag k="ref:vcgi:esiteid" v="206089" />
  </node>
  <node id="-412" visible="true" lat="43.82547578807" lon="-72.477041089885">
    <tag k="addr:city" v="South Royalton" />
    <tag k="addr:housenumber" v="113" />
    <tag k="addr:street" v="LDS Lane" />
    <tag k="addr:state" v="VT" />
    <tag k="ref:vcgi:esiteid" v="206090" />
  </node>
  <node id="-413" visible="true" lat="43.82536342849" lon="-72.608523789418">
    <tag k="addr:city" v="Bethel" />
    <tag k="addr:housenumber" v="2236" />
    <tag k="addr:street" v="Vermont Route 107" />
    <tag k="addr:state" v="VT" />
    <tag k="ref:vcgi:esiteid" v="206091" />
  </node>
  <node id="-414" visible="true" lat="43.825215524838" lon="-72.604742578231">
    <tag k="addr:city" v="Bethel" />
    <tag k="addr:housenumber" v="145" />
    <tag k="addr:street" v="McCullough Run" />
    <tag k="addr:state" v="VT" />
    <tag k="ref:vcgi:esiteid" v="206092" />
  </node>
  <node id="-415" visible="true" lat="43.825171704558" lon="-72.565431269394">
    <tag k="addr:city" v="South Royalton" />
    <tag k="addr:housenumber" v="5745" />
    <tag k="addr:street" v="Vermont Route 14" />
    <tag k="addr:state" v="VT" />
    <tag k="ref:vcgi:esiteid" v="206093" />
  </node>
  <node id="-416" visible="true" lat="43.825193310571" lon="-72.517933137597">
    <tag k="addr:city" v="South Royalton" />
    <tag k="addr:housenumber" v="102" />
    <tag k="addr:street" v="Vermont Route 110" />
    <tag k="addr:state" v="VT" />
    <tag k="ref:vcgi:esiteid" v="206094" />
  </node>
  <node id="-417" visible="true" lat="43.825142615405" lon="-72.479878215272">
    <tag k="addr:city" v="South Royalton" />
    <tag k="addr:housenumber" v="1759" />
    <tag k="addr:street" v="Dairy Hill Road" />
    <tag k="addr:state" v="VT" />
    <tag k="ref:vcgi:esiteid" v="206095" />
  </node>
  <node id="-418" visible="true" lat="43.825111381931" lon="-72.517175508449">
    <tag k="addr:city" v="South Royalton" />
    <tag k="addr:housenumber" v="65" />
    <tag k="addr:street" v="Elephant Lane" />
    <tag k="addr:state" v="VT" />
    <tag k="ref:vcgi:esiteid" v="206096" />
  </node>
  <node id="-419" visible="true" lat="43.825042476766" lon="-72.609898834388">
    <tag k="addr:city" v="Bethel" />
    <tag k="addr:housenumber" v="16" />
    <tag k="addr:street" v="Arctic Cat Road" />
    <tag k="addr:state" v="VT" />
    <tag k="ref:vcgi:esiteid" v="206097" />
  </node>
  <node id="-420" visible="true" lat="43.825303975414" lon="-72.517165424225">
    <tag k="addr:city" v="South Royalton" />
    <tag k="addr:housenumber" v="69" />
    <tag k="addr:street" v="Elephant Lane" />
    <tag k="addr:state" v="VT" />
    <tag k="ref:vcgi:esiteid" v="206098" />
  </node>
  <node id="-421" visible="true" lat="43.824998146136" lon="-72.54143355928">
    <tag k="addr:city" v="South Royalton" />
    <tag k="addr:housenumber" v="3590" />
    <tag k="addr:street" v="Vermont Route 14" />
    <tag k="addr:state" v="VT" />
    <tag k="ref:vcgi:esiteid" v="206099" />
  </node>
  <node id="-422" visible="true" lat="43.825042445212" lon="-72.518000205711">
    <tag k="addr:city" v="South Royalton" />
    <tag k="addr:housenumber" v="94" />
    <tag k="addr:street" v="Vermont Route 110" />
    <tag k="addr:state" v="VT" />
    <tag k="ref:vcgi:esiteid" v="206100" />
  </node>
  <node id="-423" visible="true" lat="43.825000671142" lon="-72.610335133561">
    <tag k="addr:city" v="Bethel" />
    <tag k="addr:housenumber" v="2295" />
    <tag k="addr:street" v="Vermont Route 107" />
    <tag k="addr:state" v="VT" />
    <tag k="ref:vcgi:esiteid" v="206101" />
  </node>
  <node id="-424" visible="true" lat="43.825017852163" lon="-72.603845002317">
    <tag k="addr:city" v="Bethel" />
    <tag k="addr:housenumber" v="133" />
    <tag k="addr:street" v="McCullough Run" />
    <tag k="addr:state" v="VT" />
    <tag k="ref:vcgi:esiteid" v="206102" />
  </node>
  <node id="-425" visible="true" lat="43.824955505081" lon="-72.611720803">
    <tag k="addr:city" v="Bethel" />
    <tag k="addr:housenumber" v="2387" />
    <tag k="addr:street" v="Vermont Route 107" />
    <tag k="addr:state" v="VT" />
    <tag k="ref:vcgi:esiteid" v="206103" />
  </node>
  <node id="-426" visible="true" lat="43.824875575037" lon="-72.536888161838">
    <tag k="addr:city" v="South Royalton" />
    <tag k="addr:housenumber" v="889" />
    <tag k="addr:street" v="North Windsor Street" />
    <tag k="addr:state" v="VT" />
    <tag k="ref:vcgi:esiteid" v="206104" />
  </node>
  <node id="-427" visible="true" lat="43.824889840769" lon="-72.516812069398">
    <tag k="addr:city" v="South Royalton" />
    <tag k="addr:housenumber" v="66" />
    <tag k="addr:street" v="Elephant Lane" />
    <tag k="addr:state" v="VT" />
    <tag k="ref:vcgi:esiteid" v="206105" />
  </node>
  <node id="-428" visible="true" lat="43.824814478941" lon="-72.608005571488">
    <tag k="addr:city" v="Bethel" />
    <tag k="addr:housenumber" v="2190" />
    <tag k="addr:street" v="Vermont Route 107" />
    <tag k="addr:state" v="VT" />
    <tag k="ref:vcgi:esiteid" v="206106" />
  </node>
  <node id="-429" visible="true" lat="43.824785961033" lon="-72.53394777295">
    <tag k="addr:city" v="South Royalton" />
    <tag k="addr:housenumber" v="690" />
    <tag k="addr:street" v="North Windsor Street" />
    <tag k="addr:state" v="VT" />
    <tag k="ref:vcgi:esiteid" v="206107" />
  </node>
  <node id="-430" visible="true" lat="43.824742544041" lon="-72.543125058905">
    <tag k="addr:city" v="South Royalton" />
    <tag k="addr:housenumber" v="3626" />
    <tag k="addr:street" v="Vermont Route 14" />
    <tag k="addr:state" v="VT" />
    <tag k="ref:vcgi:esiteid" v="206108" />
  </node>
  <node id="-431" visible="true" lat="43.824825461213" lon="-72.517251665679">
    <tag k="addr:city" v="South Royalton" />
    <tag k="addr:housenumber" v="49" />
    <tag k="addr:street" v="Elephant Lane" />
    <tag k="addr:state" v="VT" />
    <tag k="ref:vcgi:esiteid" v="206109" />
  </node>
  <node id="-432" visible="true" lat="43.824713353122" lon="-72.532330406884">
    <tag k="addr:city" v="South Royalton" />
    <tag k="addr:housenumber" v="600" />
    <tag k="addr:street" v="North Windsor Street" />
    <tag k="addr:state" v="VT" />
    <tag k="ref:vcgi:esiteid" v="206110" />
  </node>
  <node id="-433" visible="true" lat="43.824750824209" lon="-72.518684475061">
    <tag k="addr:city" v="South Royalton" />
    <tag k="addr:housenumber" v="59" />
    <tag k="addr:street" v="Vermont Route 110" />
    <tag k="addr:state" v="VT" />
    <tag k="ref:vcgi:esiteid" v="206111" />
  </node>
  <node id="-434" visible="true" lat="43.824698200326" lon="-72.533030644134">
    <tag k="addr:city" v="South Royalton" />
    <tag k="addr:housenumber" v="648" />
    <tag k="addr:street" v="North Windsor Street" />
    <tag k="addr:state" v="VT" />
    <tag k="ref:vcgi:esiteid" v="206112" />
  </node>
  <node id="-435" visible="true" lat="43.824741957845" lon="-72.51820470516">
    <tag k="addr:city" v="South Royalton" />
    <tag k="addr:housenumber" v="66" />
    <tag k="addr:street" v="Vermont Route 110" />
    <tag k="addr:state" v="VT" />
    <tag k="ref:vcgi:esiteid" v="206113" />
  </node>
  <node id="-436" visible="true" lat="43.82467529503" lon="-72.532685970818">
    <tag k="addr:city" v="South Royalton" />
    <tag k="addr:housenumber" v="632" />
    <tag k="addr:street" v="North Windsor Street" />
    <tag k="addr:state" v="VT" />
    <tag k="ref:vcgi:esiteid" v="206114" />
  </node>
  <node id="-437" visible="true" lat="43.824619214079" lon="-72.57350909998">
    <tag k="addr:city" v="South Royalton" />
    <tag k="addr:housenumber" v="380" />
    <tag k="addr:street" v="Gilman Road" />
    <tag k="addr:state" v="VT" />
    <tag k="ref:vcgi:esiteid" v="206115" />
  </node>
  <node id="-438" visible="true" lat="43.824575275548" lon="-72.532529758639">
    <tag k="addr:city" v="South Royalton" />
    <tag k="addr:housenumber" v="620" />
    <tag k="addr:street" v="North Windsor Street" />
    <tag k="addr:state" v="VT" />
    <tag k="ref:vcgi:esiteid" v="206116" />
  </node>
  <node id="-439" visible="true" lat="43.824560810189" lon="-72.609759183934">
    <tag k="addr:city" v="Bethel" />
    <tag k="addr:housenumber" v="42" />
    <tag k="addr:street" v="Arctic Cat Road" />
    <tag k="addr:state" v="VT" />
    <tag k="ref:vcgi:esiteid" v="206117" />
  </node>
  <node id="-440" visible="true" lat="43.824569969312" lon="-72.605250489452">
    <tag k="addr:city" v="Bethel" />
    <tag k="addr:housenumber" v="51" />
    <tag k="addr:street" v="McCullough Run" />
    <tag k="addr:state" v="VT" />
    <tag k="ref:vcgi:esiteid" v="206118" />
  </node>
  <node id="-441" visible="true" lat="43.824580905624" lon="-72.609003106009">
    <tag k="addr:city" v="Bethel" />
    <tag k="addr:housenumber" v="31" />
    <tag k="addr:street" v="Arctic Cat Road" />
    <tag k="addr:state" v="VT" />
    <tag k="ref:vcgi:esiteid" v="206119" />
  </node>
  <node id="-442" visible="true" lat="43.824567994598" lon="-72.5163383173">
    <tag k="addr:city" v="South Royalton" />
    <tag k="addr:housenumber" v="50" />
    <tag k="addr:street" v="Cliff Street" />
    <tag k="addr:state" v="VT" />
    <tag k="ref:vcgi:esiteid" v="206120" />
  </node>
  <node id="-443" visible="true" lat="43.824583227316" lon="-72.517432925327">
    <tag k="addr:city" v="South Royalton" />
    <tag k="addr:housenumber" v="29" />
    <tag k="addr:street" v="Elephant Lane" />
    <tag k="addr:state" v="VT" />
    <tag k="ref:vcgi:esiteid" v="206121" />
  </node>
  <node id="-444" visible="true" lat="43.824464920197" lon="-72.516530037268">
    <tag k="addr:city" v="South Royalton" />
    <tag k="addr:housenumber" v="39" />
    <tag k="addr:street" v="Cliff Street" />
    <tag k="addr:state" v="VT" />
    <tag k="ref:vcgi:esiteid" v="206122" />
  </node>
  <node id="-445" visible="true" lat="43.824430135018" lon="-72.517086927351">
    <tag k="addr:city" v="South Royalton" />
    <tag k="addr:housenumber" v="26" />
    <tag k="addr:street" v="Elephant Lane" />
    <tag k="addr:state" v="VT" />
    <tag k="ref:vcgi:esiteid" v="206123" />
  </node>
  <node id="-446" visible="true" lat="43.824363613199" lon="-72.603901593522">
    <tag k="addr:city" v="Bethel" />
    <tag k="addr:housenumber" v="55" />
    <tag k="addr:street" v="McCullough Run" />
    <tag k="addr:state" v="VT" />
    <tag k="ref:vcgi:esiteid" v="206124" />
  </node>
  <node id="-447" visible="true" lat="43.824316280247" lon="-72.531558088988">
    <tag k="addr:city" v="South Royalton" />
    <tag k="addr:housenumber" v="570" />
    <tag k="addr:street" v="North Windsor Street" />
    <tag k="addr:state" v="VT" />
    <tag k="ref:vcgi:esiteid" v="206125" />
  </node>
  <node id="-448" visible="true" lat="43.824575864376" lon="-72.474430357336">
    <tag k="addr:city" v="South Royalton" />
    <tag k="addr:housenumber" v="273" />
    <tag k="addr:street" v="LDS Lane" />
    <tag k="addr:state" v="VT" />
    <tag k="ref:vcgi:esiteid" v="206126" />
  </node>
  <node id="-449" visible="true" lat="43.824309126432" lon="-72.593790322427">
    <tag k="addr:city" v="Bethel" />
    <tag k="addr:housenumber" v="1542" />
    <tag k="addr:street" v="Vermont Route 107" />
    <tag k="addr:state" v="VT" />
    <tag k="ref:vcgi:esiteid" v="206127" />
  </node>
  <node id="-450" visible="true" lat="43.824377672481" lon="-72.518309653505">
    <tag k="addr:city" v="South Royalton" />
    <tag k="addr:housenumber" v="38" />
    <tag k="addr:street" v="Vermont Route 110" />
    <tag k="addr:state" v="VT" />
    <tag k="ref:vcgi:esiteid" v="206128" />
  </node>
  <node id="-451" visible="true" lat="43.824365180577" lon="-72.594576808329">
    <tag k="addr:city" v="Bethel" />
    <tag k="addr:housenumber" v="1548" />
    <tag k="addr:street" v="Vermont Route 107" />
    <tag k="addr:state" v="VT" />
    <tag k="ref:vcgi:esiteid" v="206129" />
  </node>
  <node id="-452" visible="true" lat="43.824308773364" lon="-72.517559817725">
    <tag k="addr:city" v="South Royalton" />
    <tag k="addr:housenumber" v="7" />
    <tag k="addr:street" v="Elephant Lane" />
    <tag k="addr:state" v="VT" />
    <tag k="ref:vcgi:esiteid" v="206130" />
  </node>
  <node id="-453" visible="true" lat="43.824246594022" lon="-72.516183677813">
    <tag k="addr:city" v="South Royalton" />
    <tag k="addr:housenumber" v="40" />
    <tag k="addr:street" v="Cliff Street" />
    <tag k="addr:state" v="VT" />
    <tag k="ref:vcgi:esiteid" v="206131" />
  </node>
  <node id="-454" visible="true" lat="43.824224332444" lon="-72.480661754902">
    <tag k="addr:city" v="South Royalton" />
    <tag k="addr:housenumber" v="1683" />
    <tag k="addr:street" v="Dairy Hill Road" />
    <tag k="addr:state" v="VT" />
    <tag k="ref:vcgi:esiteid" v="206132" />
  </node>
  <node id="-455" visible="true" lat="43.8242056111" lon="-72.520080468058">
    <tag k="addr:city" v="South Royalton" />
    <tag k="addr:housenumber" v="2418" />
    <tag k="addr:street" v="Vermont Route 14" />
    <tag k="addr:state" v="VT" />
    <tag k="ref:vcgi:esiteid" v="206133" />
  </node>
  <node id="-456" visible="true" lat="43.824301800815" lon="-72.535338410237">
    <tag k="addr:city" v="South Royalton" />
    <tag k="addr:housenumber" v="159" />
    <tag k="addr:street" v="Eddy Road" />
    <tag k="addr:state" v="VT" />
    <tag k="ref:vcgi:esiteid" v="206134" />
  </node>
  <node id="-457" visible="true" lat="43.824249882792" lon="-72.604654206225">
    <tag k="addr:city" v="Bethel" />
    <tag k="addr:housenumber" v="45" />
    <tag k="addr:street" v="McCullough Run" />
    <tag k="addr:state" v="VT" />
    <tag k="ref:vcgi:esiteid" v="206135" />
  </node>
  <node id="-458" visible="true" lat="43.824133766335" lon="-72.610134680181">
    <tag k="addr:city" v="Bethel" />
    <tag k="addr:housenumber" v="74" />
    <tag k="addr:street" v="Arctic Cat Road" />
    <tag k="addr:state" v="VT" />
    <tag k="ref:vcgi:esiteid" v="206136" />
  </node>
  <node id="-459" visible="true" lat="43.824350001417" lon="-72.598988286904">
    <tag k="addr:city" v="Bethel" />
    <tag k="addr:housenumber" v="1720" />
    <tag k="addr:street" v="Vermont Route 107" />
    <tag k="addr:state" v="VT" />
    <tag k="ref:vcgi:esiteid" v="206137" />
  </node>
  <node id="-460" visible="true" lat="43.824177452958" lon="-72.516770751724">
    <tag k="addr:city" v="South Royalton" />
    <tag k="addr:housenumber" v="21" />
    <tag k="addr:street" v="Cliff Street" />
    <tag k="addr:state" v="VT" />
    <tag k="ref:vcgi:esiteid" v="206138" />
  </node>
  <node id="-461" visible="true" lat="43.824138374941" lon="-72.51833832109">
    <tag k="addr:city" v="South Royalton" />
    <tag k="addr:housenumber" v="28" />
    <tag k="addr:street" v="Vermont Route 110" />
    <tag k="addr:state" v="VT" />
    <tag k="ref:vcgi:esiteid" v="206139" />
  </node>
  <node id="-462" visible="true" lat="43.824238593134" lon="-72.603527031699">
    <tag k="addr:city" v="Bethel" />
    <tag k="addr:housenumber" v="43" />
    <tag k="addr:street" v="McCullough Run" />
    <tag k="addr:state" v="VT" />
    <tag k="ref:vcgi:esiteid" v="206140" />
  </node>
  <node id="-463" visible="true" lat="43.82411058673" lon="-72.597630479953">
    <tag k="addr:city" v="Bethel" />
    <tag k="addr:housenumber" v="1650" />
    <tag k="addr:street" v="Vermont Route 107" />
    <tag k="addr:state" v="VT" />
    <tag k="ref:vcgi:esiteid" v="206141" />
  </node>
  <node id="-464" visible="true" lat="43.824176201502" lon="-72.5190365531">
    <tag k="addr:city" v="South Royalton" />
    <tag k="addr:housenumber" v="15" />
    <tag k="addr:street" v="Vermont Route 110" />
    <tag k="addr:state" v="VT" />
    <tag k="ref:vcgi:esiteid" v="206142" />
  </node>
  <node id="-465" visible="true" lat="43.824099021452" lon="-72.517237588947">
    <tag k="addr:city" v="South Royalton" />
    <tag k="addr:housenumber" v="83" />
    <tag k="addr:street" v="Fairview Terrace" />
    <tag k="addr:state" v="VT" />
    <tag k="ref:vcgi:esiteid" v="206143" />
  </node>
  <node id="-466" visible="true" lat="43.824125870151" lon="-72.519750154786">
    <tag k="addr:city" v="South Royalton" />
    <tag k="addr:housenumber" v="2392" />
    <tag k="addr:street" v="Vermont Route 14" />
    <tag k="addr:state" v="VT" />
    <tag k="ref:vcgi:esiteid" v="206145" />
  </node>
  <node id="-467" visible="true" lat="43.823977639725" lon="-72.578252291431">
    <tag k="addr:city" v="Bethel" />
    <tag k="addr:housenumber" v="618" />
    <tag k="addr:street" v="Gilman Road" />
    <tag k="addr:state" v="VT" />
    <tag k="ref:vcgi:esiteid" v="206146" />
  </node>
  <node id="-468" visible="true" lat="43.824076604358" lon="-72.603679285463">
    <tag k="addr:city" v="Bethel" />
    <tag k="addr:housenumber" v="33" />
    <tag k="addr:street" v="McCullough Run" />
    <tag k="addr:state" v="VT" />
    <tag k="ref:vcgi:esiteid" v="206147" />
  </node>
  <node id="-469" visible="true" lat="43.824117275171" lon="-72.602187090847">
    <tag k="addr:city" v="Bethel" />
    <tag k="addr:housenumber" v="22" />
    <tag k="addr:street" v="McCullough Run" />
    <tag k="addr:state" v="VT" />
    <tag k="ref:vcgi:esiteid" v="206148" />
  </node>
  <node id="-470" visible="true" lat="43.823926190622" lon="-72.516117575675">
    <tag k="addr:city" v="South Royalton" />
    <tag k="addr:housenumber" v="27" />
    <tag k="addr:street" v="Elmore Court" />
    <tag k="addr:state" v="VT" />
    <tag k="ref:vcgi:esiteid" v="206149" />
  </node>
  <node id="-471" visible="true" lat="43.823969948867" lon="-72.56489876372">
    <tag k="addr:city" v="South Royalton" />
    <tag k="addr:housenumber" v="5651" />
    <tag k="addr:street" v="Vermont Route 14" />
    <tag k="addr:state" v="VT" />
    <tag k="ref:vcgi:esiteid" v="206151" />
  </node>
  <node id="-472" visible="true" lat="43.8239151284" lon="-72.536384407378">
    <tag k="addr:city" v="South Royalton" />
    <tag k="addr:housenumber" v="1" />
    <tag k="addr:street" v="Back River Road" />
    <tag k="addr:state" v="VT" />
    <tag k="ref:vcgi:esiteid" v="206152" />
  </node>
  <node id="-473" visible="true" lat="43.823892786555" lon="-72.504071467398">
    <tag k="addr:city" v="South Royalton" />
    <tag k="addr:housenumber" v="786" />
    <tag k="addr:street" v="Roberts Road" />
    <tag k="addr:state" v="VT" />
    <tag k="ref:vcgi:esiteid" v="206153" />
  </node>
  <node id="-474" visible="true" lat="43.823872358265" lon="-72.529365796688">
    <tag k="addr:city" v="South Royalton" />
    <tag k="addr:housenumber" v="454" />
    <tag k="addr:street" v="North Windsor Street" />
    <tag k="addr:state" v="VT" />
    <tag k="ref:vcgi:esiteid" v="206154" />
  </node>
  <node id="-475" visible="true" lat="43.823857696694" lon="-72.608527462649">
    <tag k="addr:city" v="Bethel" />
    <tag k="addr:housenumber" v="2185" />
    <tag k="addr:street" v="Vermont Route 107" />
    <tag k="addr:state" v="VT" />
    <tag k="ref:vcgi:esiteid" v="206155" />
  </node>
  <node id="-476" visible="true" lat="43.82380763587" lon="-72.609352686046">
    <tag k="addr:city" v="Bethel" />
    <tag k="addr:housenumber" v="91" />
    <tag k="addr:street" v="Arctic Cat Road" />
    <tag k="addr:state" v="VT" />
    <tag k="ref:vcgi:esiteid" v="206157" />
  </node>
  <node id="-477" visible="true" lat="43.823773723198" lon="-72.610352357733">
    <tag k="addr:city" v="Bethel" />
    <tag k="addr:housenumber" v="116" />
    <tag k="addr:street" v="Arctic Cat Road" />
    <tag k="addr:state" v="VT" />
    <tag k="ref:vcgi:esiteid" v="206158" />
  </node>
  <node id="-478" visible="true" lat="43.823889383901" lon="-72.517524096887">
    <tag k="addr:city" v="South Royalton" />
    <tag k="addr:housenumber" v="80" />
    <tag k="addr:street" v="Fairview Terrace" />
    <tag k="addr:state" v="VT" />
    <tag k="ref:vcgi:esiteid" v="206159" />
  </node>
  <node id="-479" visible="true" lat="43.823902223706" lon="-72.516560694947">
    <tag k="addr:city" v="South Royalton" />
    <tag k="addr:housenumber" v="115" />
    <tag k="addr:street" v="Fairview Terrace" />
    <tag k="addr:state" v="VT" />
    <tag k="ref:vcgi:esiteid" v="206160" />
  </node>
  <node id="-480" visible="true" lat="43.823792109193" lon="-72.528726934513">
    <tag k="addr:city" v="South Royalton" />
    <tag k="addr:housenumber" v="420" />
    <tag k="addr:street" v="North Windsor Street" />
    <tag k="addr:state" v="VT" />
    <tag k="ref:vcgi:esiteid" v="206161" />
  </node>
  <node id="-481" visible="true" lat="43.823679780103" lon="-72.48054568939">
    <tag k="addr:city" v="South Royalton" />
    <tag k="addr:housenumber" v="1662" />
    <tag k="addr:street" v="Dairy Hill Road" />
    <tag k="addr:state" v="VT" />
    <tag k="ref:vcgi:esiteid" v="206162" />
  </node>
  <node id="-482" visible="true" lat="43.823796897958" lon="-72.518485667524">
    <tag k="addr:city" v="South Royalton" />
    <tag k="addr:housenumber" v="2336" />
    <tag k="addr:street" v="Vermont Route 14" />
    <tag k="addr:state" v="VT" />
    <tag k="ref:vcgi:esiteid" v="206163" />
  </node>
  <node id="-483" visible="true" lat="43.823647863051" lon="-72.585252620557">
    <tag k="addr:city" v="Bethel" />
    <tag k="addr:housenumber" v="1043" />
    <tag k="addr:street" v="Vermont Route 107" />
    <tag k="addr:state" v="VT" />
    <tag k="ref:vcgi:esiteid" v="206164" />
  </node>
  <node id="-484" visible="true" lat="43.823738205908" lon="-72.517246224503">
    <tag k="addr:city" v="South Royalton" />
    <tag k="addr:housenumber" v="94" />
    <tag k="addr:street" v="Fairview Terrace" />
    <tag k="addr:state" v="VT" />
    <tag k="ref:vcgi:esiteid" v="206165" />
  </node>
  <node id="-485" visible="true" lat="43.823635246332" lon="-72.517798211499">
    <tag k="addr:city" v="South Royalton" />
    <tag k="addr:housenumber" v="28" />
    <tag k="addr:street" v="Fairview Terrace" />
    <tag k="addr:state" v="VT" />
    <tag k="ref:vcgi:esiteid" v="206166" />
  </node>
  <node id="-486" visible="true" lat="43.823609714609" lon="-72.515802358384">
    <tag k="addr:city" v="South Royalton" />
    <tag k="addr:housenumber" v="159" />
    <tag k="addr:street" v="Fairview Terrace" />
    <tag k="addr:state" v="VT" />
    <tag k="ref:vcgi:esiteid" v="206167" />
  </node>
  <node id="-487" visible="true" lat="43.823435762746" lon="-72.564594539265">
    <tag k="addr:city" v="South Royalton" />
    <tag k="addr:housenumber" v="5615" />
    <tag k="addr:street" v="Vermont Route 14" />
    <tag k="addr:state" v="VT" />
    <tag k="ref:vcgi:esiteid" v="206169" />
  </node>
  <node id="-488" visible="true" lat="43.823485369383" lon="-72.47301513783">
    <tag k="addr:city" v="South Royalton" />
    <tag k="addr:housenumber" v="357" />
    <tag k="addr:street" v="LDS Lane" />
    <tag k="addr:state" v="VT" />
    <tag k="ref:vcgi:esiteid" v="206170" />
  </node>
  <node id="-489" visible="true" lat="43.823458805336" lon="-72.543742177218">
    <tag k="addr:city" v="South Royalton" />
    <tag k="addr:housenumber" v="32" />
    <tag k="addr:street" v="Benson Lane" />
    <tag k="addr:state" v="VT" />
    <tag k="ref:vcgi:esiteid" v="206171" />
  </node>
  <node id="-490" visible="true" lat="43.823401239388" lon="-72.606100575466">
    <tag k="addr:city" v="Bethel" />
    <tag k="addr:housenumber" v="2069" />
    <tag k="addr:street" v="Vermont Route 107" />
    <tag k="addr:state" v="VT" />
    <tag k="ref:vcgi:esiteid" v="206172" />
  </node>
  <node id="-491" visible="true" lat="43.823329610011" lon="-72.613616056987">
    <tag k="addr:city" v="Bethel" />
    <tag k="addr:housenumber" v="130" />
    <tag k="addr:street" v="Power Dam Road" />
    <tag k="addr:state" v="VT" />
    <tag k="ref:vcgi:esiteid" v="206173" />
  </node>
  <node id="-492" visible="true" lat="43.82326132202" lon="-72.59360501819">
    <tag k="addr:city" v="Bethel" />
    <tag k="addr:housenumber" v="1453" />
    <tag k="addr:street" v="Vermont Route 107" />
    <tag k="addr:state" v="VT" />
    <tag k="ref:vcgi:esiteid" v="206174" />
  </node>
  <node id="-493" visible="true" lat="43.823229576067" lon="-72.517283203376">
    <tag k="addr:city" v="South Royalton" />
    <tag k="addr:housenumber" v="62" />
    <tag k="addr:street" v="Doyle Lane" />
    <tag k="addr:state" v="VT" />
    <tag k="ref:vcgi:esiteid" v="206175" />
  </node>
  <node id="-494" visible="true" lat="43.82322575117" lon="-72.516033896252">
    <tag k="addr:city" v="South Royalton" />
    <tag k="addr:housenumber" v="152" />
    <tag k="addr:street" v="Fairview Terrace" />
    <tag k="addr:state" v="VT" />
    <tag k="ref:vcgi:esiteid" v="206176" />
  </node>
  <node id="-495" visible="true" lat="43.823022277628" lon="-72.604613398693">
    <tag k="addr:city" v="Bethel" />
    <tag k="addr:housenumber" v="2011" />
    <tag k="addr:street" v="Vermont Route 107" />
    <tag k="addr:state" v="VT" />
    <tag k="ref:vcgi:esiteid" v="206177" />
  </node>
  <node id="-496" visible="true" lat="43.823181738204" lon="-72.600937965215">
    <tag k="addr:city" v="Bethel" />
    <tag k="addr:housenumber" v="1823" />
    <tag k="addr:street" v="Vermont Route 107" />
    <tag k="addr:state" v="VT" />
    <tag k="ref:vcgi:esiteid" v="206178" />
  </node>
  <node id="-497" visible="true" lat="43.823297088041" lon="-72.598818269639">
    <tag k="addr:city" v="Bethel" />
    <tag k="addr:housenumber" v="1709" />
    <tag k="addr:street" v="Vermont Route 107" />
    <tag k="addr:state" v="VT" />
    <tag k="ref:vcgi:esiteid" v="206179" />
  </node>
  <node id="-498" visible="true" lat="43.823226608323" lon="-72.602040815892">
    <tag k="addr:city" v="Bethel" />
    <tag k="addr:housenumber" v="1875" />
    <tag k="addr:street" v="Vermont Route 107" />
    <tag k="addr:state" v="VT" />
    <tag k="ref:vcgi:esiteid" v="206180" />
  </node>
  <node id="-499" visible="true" lat="43.823150248824" lon="-72.605515917631">
    <tag k="addr:city" v="Bethel" />
    <tag k="addr:housenumber" v="2039" />
    <tag k="addr:street" v="Vermont Route 107" />
    <tag k="addr:state" v="VT" />
    <tag k="ref:vcgi:esiteid" v="206181" />
  </node>
  <node id="-500" visible="true" lat="43.823161744681" lon="-72.526674673623">
    <tag k="addr:city" v="South Royalton" />
    <tag k="addr:housenumber" v="304" />
    <tag k="addr:street" v="North Windsor Street" />
    <tag k="addr:state" v="VT" />
    <tag k="ref:vcgi:esiteid" v="206182" />
  </node>
  <node id="-501" visible="true" lat="43.823168618159" lon="-72.543840588992">
    <tag k="addr:city" v="South Royalton" />
    <tag k="addr:housenumber" v="54" />
    <tag k="addr:street" v="Benson Lane" />
    <tag k="addr:state" v="VT" />
    <tag k="ref:vcgi:esiteid" v="206183" />
  </node>
  <node id="-502" visible="true" lat="43.823075508208" lon="-72.528349015974">
    <tag k="addr:city" v="South Royalton" />
    <tag k="addr:housenumber" v="397" />
    <tag k="addr:street" v="North Windsor Street" />
    <tag k="addr:state" v="VT" />
    <tag k="ref:vcgi:esiteid" v="206184" />
  </node>
  <node id="-503" visible="true" lat="43.823127387264" lon="-72.517023382861">
    <tag k="addr:city" v="South Royalton" />
    <tag k="addr:housenumber" v="51" />
    <tag k="addr:street" v="Doyle Lane" />
    <tag k="addr:state" v="VT" />
    <tag k="ref:vcgi:esiteid" v="206185" />
  </node>
  <node id="-504" visible="true" lat="43.823060695181" lon="-72.516731529918">
    <tag k="addr:city" v="South Royalton" />
    <tag k="addr:housenumber" v="41" />
    <tag k="addr:street" v="Doyle Lane" />
    <tag k="addr:state" v="VT" />
    <tag k="ref:vcgi:esiteid" v="206186" />
  </node>
  <node id="-505" visible="true" lat="43.8229852942" lon="-72.477724312453">
    <tag k="addr:city" v="South Royalton" />
    <tag k="addr:housenumber" v="1682" />
    <tag k="addr:street" v="Dairy Hill Road" />
    <tag k="addr:state" v="VT" />
    <tag k="ref:vcgi:esiteid" v="206187" />
  </node>
  <node id="-506" visible="true" lat="43.822787370785" lon="-72.607831063791">
    <tag k="addr:city" v="Bethel" />
    <tag k="addr:housenumber" v="2023" />
    <tag k="addr:street" v="Vermont Route 107" />
    <tag k="addr:state" v="VT" />
    <tag k="ref:vcgi:esiteid" v="206188" />
  </node>
  <node id="-507" visible="true" lat="43.822883671981" lon="-72.563900288509">
    <tag k="addr:city" v="South Royalton" />
    <tag k="addr:housenumber" v="5562" />
    <tag k="addr:street" v="Vermont Route 14" />
    <tag k="addr:state" v="VT" />
    <tag k="ref:vcgi:esiteid" v="206189" />
  </node>
  <node id="-508" visible="true" lat="43.822884205897" lon="-72.514966921679">
    <tag k="addr:city" v="South Royalton" />
    <tag k="addr:housenumber" v="180" />
    <tag k="addr:street" v="Fairview Terrace" />
    <tag k="addr:state" v="VT" />
    <tag k="ref:vcgi:esiteid" v="206190" />
  </node>
  <node id="-509" visible="true" lat="43.822784168963" lon="-72.4817405628">
    <tag k="addr:city" v="South Royalton" />
    <tag k="addr:housenumber" v="1571" />
    <tag k="addr:street" v="Dairy Hill Road" />
    <tag k="addr:state" v="VT" />
    <tag k="ref:vcgi:esiteid" v="206191" />
  </node>
  <node id="-510" visible="true" lat="43.822782690521" lon="-72.527797609525">
    <tag k="addr:city" v="South Royalton" />
    <tag k="addr:housenumber" v="269" />
    <tag k="addr:street" v="North Windsor Street" />
    <tag k="addr:state" v="VT" />
    <tag k="ref:vcgi:esiteid" v="206192" />
  </node>
  <node id="-511" visible="true" lat="43.822686877081" lon="-72.525631248098">
    <tag k="addr:city" v="South Royalton" />
    <tag k="addr:housenumber" v="250" />
    <tag k="addr:street" v="North Windsor Street" />
    <tag k="addr:state" v="VT" />
    <tag k="ref:vcgi:esiteid" v="206193" />
  </node>
  <node id="-512" visible="true" lat="43.822721612487" lon="-72.543578799331">
    <tag k="addr:city" v="South Royalton" />
    <tag k="addr:housenumber" v="27" />
    <tag k="addr:street" v="Benson Lane" />
    <tag k="addr:state" v="VT" />
    <tag k="ref:vcgi:esiteid" v="206194" />
  </node>
  <node id="-513" visible="true" lat="43.822670617964" lon="-72.516536738603">
    <tag k="addr:city" v="South Royalton" />
    <tag k="addr:housenumber" v="2212" />
    <tag k="addr:street" v="Vermont Route 14" />
    <tag k="addr:state" v="VT" />
    <tag k="ref:vcgi:esiteid" v="206195" />
  </node>
  <node id="-514" visible="true" lat="43.822646488407" lon="-72.56379126376">
    <tag k="addr:city" v="South Royalton" />
    <tag k="addr:housenumber" v="5542" />
    <tag k="addr:street" v="Vermont Route 14" />
    <tag k="addr:state" v="VT" />
    <tag k="ref:vcgi:esiteid" v="206196" />
  </node>
  <node id="-515" visible="true" lat="43.822448474405" lon="-72.516115517228">
    <tag k="addr:city" v="South Royalton" />
    <tag k="addr:housenumber" v="2192" />
    <tag k="addr:street" v="Vermont Route 14" />
    <tag k="addr:state" v="VT" />
    <tag k="ref:vcgi:esiteid" v="206197" />
  </node>
  <node id="-516" visible="true" lat="43.822196525159" lon="-72.478025669405">
    <tag k="addr:city" v="South Royalton" />
    <tag k="addr:housenumber" v="1676" />
    <tag k="addr:street" v="Dairy Hill Road" />
    <tag k="addr:state" v="VT" />
    <tag k="ref:vcgi:esiteid" v="206198" />
  </node>
  <node id="-517" visible="true" lat="43.822408445425" lon="-72.494593109898">
    <tag k="addr:city" v="South Royalton" />
    <tag k="addr:housenumber" v="88" />
    <tag k="addr:street" v="Eaton Road" />
    <tag k="addr:state" v="VT" />
    <tag k="ref:vcgi:esiteid" v="206199" />
  </node>
  <node id="-518" visible="true" lat="43.822383109287" lon="-72.515674075812">
    <tag k="addr:city" v="South Royalton" />
    <tag k="addr:housenumber" v="2168" />
    <tag k="addr:street" v="Vermont Route 14" />
    <tag k="addr:state" v="VT" />
    <tag k="ref:vcgi:esiteid" v="206201" />
  </node>
  <node id="-519" visible="true" lat="43.822269670462" lon="-72.514408900238">
    <tag k="addr:city" v="South Royalton" />
    <tag k="addr:housenumber" v="2094" />
    <tag k="addr:street" v="Vermont Route 14" />
    <tag k="addr:state" v="VT" />
    <tag k="ref:vcgi:esiteid" v="206204" />
  </node>
  <node id="-520" visible="true" lat="43.822224766706" lon="-72.563550572008">
    <tag k="addr:city" v="South Royalton" />
    <tag k="addr:housenumber" v="5520" />
    <tag k="addr:street" v="Vermont Route 14" />
    <tag k="addr:state" v="VT" />
    <tag k="ref:vcgi:esiteid" v="206206" />
  </node>
  <node id="-521" visible="true" lat="43.82213231804" lon="-72.515316145997">
    <tag k="addr:city" v="South Royalton" />
    <tag k="addr:housenumber" v="2144" />
    <tag k="addr:street" v="Vermont Route 14" />
    <tag k="addr:state" v="VT" />
    <tag k="ref:vcgi:esiteid" v="206208" />
  </node>
  <node id="-522" visible="true" lat="43.822217515103" lon="-72.51634891278">
    <tag k="addr:city" v="South Royalton" />
    <tag k="addr:housenumber" v="2191" />
    <tag k="addr:street" v="Vermont Route 14" />
    <tag k="addr:state" v="VT" />
    <tag k="ref:vcgi:esiteid" v="206209" />
  </node>
  <node id="-523" visible="true" lat="43.822060735013" lon="-72.524963684701">
    <tag k="addr:city" v="South Royalton" />
    <tag k="addr:housenumber" v="201" />
    <tag k="addr:street" v="North Windsor Street" />
    <tag k="addr:state" v="VT" />
    <tag k="ref:vcgi:esiteid" v="206211" />
  </node>
  <node id="-524" visible="true" lat="43.82210419206" lon="-72.564230291871">
    <tag k="addr:city" v="South Royalton" />
    <tag k="addr:housenumber" v="5513" />
    <tag k="addr:street" v="Vermont Route 14" />
    <tag k="addr:state" v="VT" />
    <tag k="ref:vcgi:esiteid" v="206212" />
  </node>
  <node id="-525" visible="true" lat="43.822070915083" lon="-72.5634947306">
    <tag k="addr:city" v="South Royalton" />
    <tag k="addr:housenumber" v="5502" />
    <tag k="addr:street" v="Vermont Route 14" />
    <tag k="addr:state" v="VT" />
    <tag k="ref:vcgi:esiteid" v="206213" />
  </node>
  <node id="-526" visible="true" lat="43.821916246576" lon="-72.563444664146">
    <tag k="addr:city" v="South Royalton" />
    <tag k="addr:housenumber" v="5500" />
    <tag k="addr:street" v="Vermont Route 14" />
    <tag k="addr:state" v="VT" />
    <tag k="ref:vcgi:esiteid" v="206214" />
  </node>
  <node id="-527" visible="true" lat="43.821906291425" lon="-72.520342616904">
    <tag k="addr:city" v="South Royalton" />
    <tag k="addr:housenumber" v="150" />
    <tag k="addr:street" v="Chelsea Street" />
    <tag k="addr:state" v="VT" />
    <tag k="ref:vcgi:esiteid" v="206215" />
  </node>
  <node id="-528" visible="true" lat="43.821928666402" lon="-72.524659157424">
    <tag k="addr:city" v="South Royalton" />
    <tag k="addr:housenumber" v="185" />
    <tag k="addr:street" v="North Windsor Street" />
    <tag k="addr:state" v="VT" />
    <tag k="ref:vcgi:esiteid" v="206216" />
  </node>
  <node id="-529" visible="true" lat="43.821803868575" lon="-72.520557262165">
    <tag k="addr:city" v="South Royalton" />
    <tag k="addr:housenumber" v="158" />
    <tag k="addr:street" v="Chelsea Street" />
    <tag k="addr:state" v="VT" />
    <tag k="ref:vcgi:esiteid" v="206217" />
  </node>
  <node id="-530" visible="true" lat="43.821908205969" lon="-72.603311371053">
    <tag k="addr:city" v="Bethel" />
    <tag k="addr:housenumber" v="1953" />
    <tag k="addr:street" v="Vermont Route 107" />
    <tag k="addr:state" v="VT" />
    <tag k="ref:vcgi:esiteid" v="206218" />
  </node>
  <node id="-531" visible="true" lat="43.821669486675" lon="-72.506039021365">
    <tag k="addr:city" v="South Royalton" />
    <tag k="addr:housenumber" v="597" />
    <tag k="addr:street" v="Roberts Road" />
    <tag k="addr:state" v="VT" />
    <tag k="ref:vcgi:esiteid" v="206219" />
  </node>
  <node id="-532" visible="true" lat="43.821650395226" lon="-72.523115841727">
    <tag k="addr:city" v="South Royalton" />
    <tag k="addr:housenumber" v="114" />
    <tag k="addr:street" v="North Windsor Street" />
    <tag k="addr:state" v="VT" />
    <tag k="ref:vcgi:esiteid" v="206220" />
  </node>
  <node id="-533" visible="true" lat="43.821768941188" lon="-72.514657660312">
    <tag k="addr:city" v="South Royalton" />
    <tag k="addr:housenumber" v="2104" />
    <tag k="addr:street" v="Vermont Route 14" />
    <tag k="addr:state" v="VT" />
    <tag k="ref:vcgi:esiteid" v="206221" />
  </node>
  <node id="-534" visible="true" lat="43.821751751989" lon="-72.524231522432">
    <tag k="addr:city" v="South Royalton" />
    <tag k="addr:housenumber" v="163" />
    <tag k="addr:street" v="North Windsor Street" />
    <tag k="addr:state" v="VT" />
    <tag k="ref:vcgi:esiteid" v="206222" />
  </node>
  <node id="-535" visible="true" lat="43.82185511674" lon="-72.521158069878">
    <tag k="addr:city" v="South Royalton" />
    <tag k="addr:housenumber" v="164" />
    <tag k="addr:street" v="Chelsea Street" />
    <tag k="addr:state" v="VT" />
    <tag k="ref:vcgi:esiteid" v="206223" />
  </node>
  <node id="-536" visible="true" lat="43.821649300248" lon="-72.519879626479">
    <tag k="addr:city" v="South Royalton" />
    <tag k="addr:housenumber" v="153" />
    <tag k="addr:street" v="Chelsea Street" />
    <tag k="addr:state" v="VT" />
    <tag k="ref:vcgi:esiteid" v="206224" />
  </node>
  <node id="-537" visible="true" lat="43.821545645432" lon="-72.520031390895">
    <tag k="addr:city" v="South Royalton" />
    <tag k="addr:housenumber" v="15" />
    <tag k="addr:street" v="New Street" />
    <tag k="addr:state" v="VT" />
    <tag k="ref:vcgi:esiteid" v="206226" />
  </node>
  <node id="-538" visible="true" lat="43.821537395629" lon="-72.52254342622">
    <tag k="addr:city" v="South Royalton" />
    <tag k="addr:housenumber" v="82" />
    <tag k="addr:street" v="North Windsor Street" />
    <tag k="addr:state" v="VT" />
    <tag k="ref:vcgi:esiteid" v="206227" />
  </node>
  <node id="-539" visible="true" lat="43.821536716356" lon="-72.523789664814">
    <tag k="addr:city" v="South Royalton" />
    <tag k="addr:housenumber" v="135" />
    <tag k="addr:street" v="North Windsor Street" />
    <tag k="addr:state" v="VT" />
    <tag k="ref:vcgi:esiteid" v="206228" />
  </node>
  <node id="-540" visible="true" lat="43.821474192363" lon="-72.523560016455">
    <tag k="addr:city" v="South Royalton" />
    <tag k="addr:housenumber" v="119" />
    <tag k="addr:street" v="North Windsor Street" />
    <tag k="addr:state" v="VT" />
    <tag k="ref:vcgi:esiteid" v="206231" />
  </node>
  <node id="-541" visible="true" lat="43.821427817532" lon="-72.522251790166">
    <tag k="addr:city" v="South Royalton" />
    <tag k="addr:housenumber" v="15" />
    <tag k="addr:street" v="Cornell Street" />
    <tag k="addr:state" v="VT" />
    <tag k="ref:vcgi:esiteid" v="206232" />
  </node>
  <node id="-542" visible="true" lat="43.821404977778" lon="-72.520853847805">
    <tag k="addr:city" v="South Royalton" />
    <tag k="addr:housenumber" v="168" />
    <tag k="addr:street" v="Chelsea Street" />
    <tag k="addr:state" v="VT" />
    <tag k="ref:vcgi:esiteid" v="206233" />
  </node>
  <node id="-543" visible="true" lat="43.821316257691" lon="-72.583102364356">
    <tag k="addr:city" v="Bethel" />
    <tag k="addr:housenumber" v="926" />
    <tag k="addr:street" v="Gilman Road" />
    <tag k="addr:state" v="VT" />
    <tag k="ref:vcgi:esiteid" v="206234" />
  </node>
  <node id="-544" visible="true" lat="43.82122780692" lon="-72.52319915066">
    <tag k="addr:city" v="South Royalton" />
    <tag k="addr:housenumber" v="97" />
    <tag k="addr:street" v="North Windsor Street" />
    <tag k="addr:state" v="VT" />
    <tag k="ref:vcgi:esiteid" v="206235" />
  </node>
  <node id="-545" visible="true" lat="43.821305053153" lon="-72.520039056239">
    <tag k="addr:city" v="South Royalton" />
    <tag k="addr:housenumber" v="27" />
    <tag k="addr:street" v="New Street" />
    <tag k="addr:state" v="VT" />
    <tag k="ref:vcgi:esiteid" v="206236" />
  </node>
  <node id="-546" visible="true" lat="43.821252189356" lon="-72.521114688851">
    <tag k="addr:city" v="South Royalton" />
    <tag k="addr:housenumber" v="170" />
    <tag k="addr:street" v="Chelsea Street" />
    <tag k="addr:state" v="VT" />
    <tag k="ref:vcgi:esiteid" v="206237" />
  </node>
  <node id="-547" visible="true" lat="43.821153623896" lon="-72.562622538236">
    <tag k="addr:city" v="South Royalton" />
    <tag k="addr:housenumber" v="5440" />
    <tag k="addr:street" v="Vermont Route 14" />
    <tag k="addr:state" v="VT" />
    <tag k="ref:vcgi:esiteid" v="206238" />
  </node>
  <node id="-548" visible="true" lat="43.821184054298" lon="-72.52200344059">
    <tag k="addr:city" v="South Royalton" />
    <tag k="addr:housenumber" v="40" />
    <tag k="addr:street" v="North Windsor Street" />
    <tag k="addr:state" v="VT" />
    <tag k="ref:vcgi:esiteid" v="206239" />
  </node>
  <node id="-549" visible="true" lat="43.821224297898" lon="-72.522804272121">
    <tag k="addr:city" v="South Royalton" />
    <tag k="addr:housenumber" v="79" />
    <tag k="addr:street" v="North Windsor Street" />
    <tag k="addr:state" v="VT" />
    <tag k="ref:vcgi:esiteid" v="206240" />
  </node>
  <node id="-550" visible="true" lat="43.821087577483" lon="-72.519706941037">
    <tag k="addr:city" v="South Royalton" />
    <tag k="addr:housenumber" v="47" />
    <tag k="addr:street" v="New Street" />
    <tag k="addr:state" v="VT" />
    <tag k="ref:vcgi:esiteid" v="206241" />
  </node>
  <node id="-551" visible="true" lat="43.821148698205" lon="-72.520519827525">
    <tag k="addr:city" v="South Royalton" />
    <tag k="addr:housenumber" v="159" />
    <tag k="addr:street" v="Chelsea Street" />
    <tag k="addr:state" v="VT" />
    <tag k="ref:vcgi:esiteid" v="206243" />
  </node>
  <node id="-552" visible="true" lat="43.821078584796" lon="-72.521255162791">
    <tag k="addr:city" v="South Royalton" />
    <tag k="addr:housenumber" v="182" />
    <tag k="addr:street" v="Chelsea Street" />
    <tag k="addr:state" v="VT" />
    <tag k="ref:vcgi:esiteid" v="206244" />
  </node>
  <node id="-553" visible="true" lat="43.821028060889" lon="-72.521867959911">
    <tag k="addr:city" v="South Royalton" />
    <tag k="addr:housenumber" v="38" />
    <tag k="addr:street" v="North Windsor Street" />
    <tag k="addr:state" v="VT" />
    <tag k="ref:vcgi:esiteid" v="206245" />
  </node>
  <node id="-554" visible="true" lat="43.821067254191" lon="-72.522605122185">
    <tag k="addr:city" v="South Royalton" />
    <tag k="addr:housenumber" v="67" />
    <tag k="addr:street" v="North Windsor Street" />
    <tag k="addr:state" v="VT" />
    <tag k="ref:vcgi:esiteid" v="206246" />
  </node>
  <node id="-555" visible="true" lat="43.821029543639" lon="-72.520601841298">
    <tag k="addr:city" v="South Royalton" />
    <tag k="addr:housenumber" v="169" />
    <tag k="addr:street" v="Chelsea Street" />
    <tag k="addr:state" v="VT" />
    <tag k="ref:vcgi:esiteid" v="206248" />
  </node>
  <node id="-556" visible="true" lat="43.821004101517" lon="-72.524372516987">
    <tag k="addr:city" v="South Royalton" />
    <tag k="addr:housenumber" v="111" />
    <tag k="addr:street" v="Acton Place" />
    <tag k="addr:state" v="VT" />
    <tag k="ref:vcgi:esiteid" v="206249" />
  </node>
  <node id="-557" visible="true" lat="43.820926907316" lon="-72.521666831909">
    <tag k="addr:city" v="South Royalton" />
    <tag k="addr:housenumber" v="22" />
    <tag k="addr:street" v="North Windsor Street" />
    <tag k="addr:state" v="VT" />
    <tag k="ref:vcgi:esiteid" v="206250" />
  </node>
  <node id="-558" visible="true" lat="43.820922971637" lon="-72.52071419442">
    <tag k="addr:city" v="South Royalton" />
    <tag k="addr:housenumber" v="171" />
    <tag k="addr:street" v="Chelsea Street" />
    <tag k="addr:state" v="VT" />
    <tag k="ref:vcgi:esiteid" v="206251" />
  </node>
  <node id="-559" visible="true" lat="43.82092677841" lon="-72.522308705786">
    <tag k="addr:city" v="South Royalton" />
    <tag k="addr:housenumber" v="45" />
    <tag k="addr:street" v="North Windsor Street" />
    <tag k="addr:state" v="VT" />
    <tag k="ref:vcgi:esiteid" v="206252" />
  </node>
  <node id="-560" visible="true" lat="43.820893021995" lon="-72.521337762956">
    <tag k="addr:city" v="South Royalton" />
    <tag k="addr:housenumber" v="188" />
    <tag k="addr:street" v="Chelsea Street" />
    <tag k="addr:state" v="VT" />
    <tag k="ref:vcgi:esiteid" v="206253" />
  </node>
  <node id="-561" visible="true" lat="43.820877693902" lon="-72.519984966577">
    <tag k="addr:city" v="South Royalton" />
    <tag k="addr:housenumber" v="48" />
    <tag k="addr:street" v="New Street" />
    <tag k="addr:state" v="VT" />
    <tag k="ref:vcgi:esiteid" v="206254" />
  </node>
  <node id="-562" visible="true" lat="43.820749350319" lon="-72.521453446398">
    <tag k="addr:city" v="South Royalton" />
    <tag k="addr:housenumber" v="190" />
    <tag k="addr:street" v="Chelsea Street" />
    <tag k="addr:state" v="VT" />
    <tag k="ref:vcgi:esiteid" v="206255" />
  </node>
  <node id="-563" visible="true" lat="43.820767606976" lon="-72.482170176908">
    <tag k="addr:city" v="South Royalton" />
    <tag k="addr:housenumber" v="1436" />
    <tag k="addr:street" v="Dairy Hill Road" />
    <tag k="addr:state" v="VT" />
    <tag k="ref:vcgi:esiteid" v="206256" />
  </node>
  <node id="-564" visible="true" lat="43.820787576424" lon="-72.524001192057">
    <tag k="addr:city" v="South Royalton" />
    <tag k="addr:housenumber" v="109" />
    <tag k="addr:street" v="Acton Place" />
    <tag k="addr:state" v="VT" />
    <tag k="ref:vcgi:esiteid" v="206257" />
  </node>
  <node id="-565" visible="true" lat="43.820812668217" lon="-72.520834725419">
    <tag k="addr:city" v="South Royalton" />
    <tag k="addr:housenumber" v="187" />
    <tag k="addr:street" v="Chelsea Street" />
    <tag k="addr:state" v="VT" />
    <tag k="ref:vcgi:esiteid" v="206258" />
  </node>
  <node id="-566" visible="true" lat="43.820650798633" lon="-72.52098624067">
    <tag k="addr:city" v="South Royalton" />
    <tag k="addr:housenumber" v="189" />
    <tag k="addr:street" v="Chelsea Street" />
    <tag k="addr:state" v="VT" />
    <tag k="ref:vcgi:esiteid" v="206259" />
  </node>
  <node id="-567" visible="true" lat="43.82075770935" lon="-72.522029259706">
    <tag k="addr:city" v="South Royalton" />
    <tag k="addr:housenumber" v="21" />
    <tag k="addr:street" v="North Windsor Street" />
    <tag k="addr:state" v="VT" />
    <tag k="ref:vcgi:esiteid" v="206260" />
  </node>
  <node id="-568" visible="true" lat="43.820588222773" lon="-72.522739805666">
    <tag k="addr:city" v="South Royalton" />
    <tag k="addr:housenumber" v="46" />
    <tag k="addr:street" v="North Street" />
    <tag k="addr:state" v="VT" />
    <tag k="ref:vcgi:esiteid" v="206261" />
  </node>
  <node id="-569" visible="true" lat="43.820590716294" lon="-72.521051481929">
    <tag k="addr:city" v="South Royalton" />
    <tag k="addr:housenumber" v="15" />
    <tag k="addr:street" v="South Windsor Street" />
    <tag k="addr:state" v="VT" />
    <tag k="ref:vcgi:esiteid" v="206262" />
  </node>
  <node id="-570" visible="true" lat="43.820669756084" lon="-72.51936712837">
    <tag k="addr:city" v="South Royalton" />
    <tag k="addr:housenumber" v="58" />
    <tag k="addr:street" v="New Street" />
    <tag k="addr:state" v="VT" />
    <tag k="ref:vcgi:esiteid" v="206263" />
  </node>
  <node id="-571" visible="true" lat="43.82059934139" lon="-72.520376748441">
    <tag k="addr:city" v="South Royalton" />
    <tag k="addr:housenumber" v="21" />
    <tag k="addr:street" v="United Church Road" />
    <tag k="addr:state" v="VT" />
    <tag k="ref:vcgi:esiteid" v="206264" />
  </node>
  <node id="-572" visible="true" lat="43.820676177654" lon="-72.519851401071">
    <tag k="addr:city" v="South Royalton" />
    <tag k="addr:housenumber" v="60" />
    <tag k="addr:street" v="New Street" />
    <tag k="addr:state" v="VT" />
    <tag k="ref:vcgi:esiteid" v="206265" />
  </node>
  <node id="-573" visible="true" lat="43.820500167625" lon="-72.521662480894">
    <tag k="addr:city" v="South Royalton" />
    <tag k="addr:housenumber" v="192" />
    <tag k="addr:street" v="Chelsea Street" />
    <tag k="addr:state" v="VT" />
    <tag k="ref:vcgi:esiteid" v="206266" />
  </node>
  <node id="-574" visible="true" lat="43.82041493827" lon="-72.521780196605">
    <tag k="addr:city" v="South Royalton" />
    <tag k="addr:housenumber" v="198" />
    <tag k="addr:street" v="Chelsea Street" />
    <tag k="addr:state" v="VT" />
    <tag k="ref:vcgi:esiteid" v="206267" />
  </node>
  <node id="-575" visible="true" lat="43.820545833338" lon="-72.523716930904">
    <tag k="addr:city" v="South Royalton" />
    <tag k="addr:housenumber" v="91" />
    <tag k="addr:street" v="Acton Place" />
    <tag k="addr:state" v="VT" />
    <tag k="ref:vcgi:esiteid" v="206268" />
  </node>
  <node id="-576" visible="true" lat="43.820501982284" lon="-72.520883238333">
    <tag k="addr:city" v="South Royalton" />
    <tag k="addr:housenumber" v="35" />
    <tag k="addr:street" v="South Windsor Street" />
    <tag k="addr:state" v="VT" />
    <tag k="ref:vcgi:esiteid" v="206269" />
  </node>
  <node id="-577" visible="true" lat="43.820337123054" lon="-72.52259785183">
    <tag k="addr:city" v="South Royalton" />
    <tag k="addr:housenumber" v="55" />
    <tag k="addr:street" v="North Street" />
    <tag k="addr:state" v="VT" />
    <tag k="ref:vcgi:esiteid" v="206270" />
  </node>
  <node id="-578" visible="true" lat="43.820398982024" lon="-72.520681220585">
    <tag k="addr:city" v="South Royalton" />
    <tag k="addr:housenumber" v="39" />
    <tag k="addr:street" v="South Windsor Street" />
    <tag k="addr:state" v="VT" />
    <tag k="ref:vcgi:esiteid" v="206271" />
  </node>
  <node id="-579" visible="true" lat="43.820371856819" lon="-72.521820473121">
    <tag k="addr:city" v="South Royalton" />
    <tag k="addr:housenumber" v="206" />
    <tag k="addr:street" v="Chelsea Street" />
    <tag k="addr:state" v="VT" />
    <tag k="ref:vcgi:esiteid" v="206272" />
  </node>
  <node id="-580" visible="true" lat="43.820355380162" lon="-72.521864491034">
    <tag k="addr:city" v="South Royalton" />
    <tag k="addr:housenumber" v="208" />
    <tag k="addr:street" v="Chelsea Street" />
    <tag k="addr:state" v="VT" />
    <tag k="ref:vcgi:esiteid" v="206274" />
  </node>
  <node id="-581" visible="true" lat="43.820194577379" lon="-72.523402806397">
    <tag k="addr:city" v="South Royalton" />
    <tag k="addr:housenumber" v="250" />
    <tag k="addr:street" v="Rainbow Street" />
    <tag k="addr:state" v="VT" />
    <tag k="ref:vcgi:esiteid" v="206275" />
  </node>
  <node id="-582" visible="true" lat="43.820255987204" lon="-72.52196911378">
    <tag k="addr:city" v="South Royalton" />
    <tag k="addr:housenumber" v="216" />
    <tag k="addr:street" v="Chelsea Street" />
    <tag k="addr:state" v="VT" />
    <tag k="ref:vcgi:esiteid" v="206276" />
  </node>
  <node id="-583" visible="true" lat="43.820194015623" lon="-72.522050268125">
    <tag k="addr:city" v="South Royalton" />
    <tag k="addr:housenumber" v="222" />
    <tag k="addr:street" v="Chelsea Street" />
    <tag k="addr:state" v="VT" />
    <tag k="ref:vcgi:esiteid" v="206277" />
  </node>
  <node id="-584" visible="true" lat="43.820209628604" lon="-72.522237156581">
    <tag k="addr:city" v="South Royalton" />
    <tag k="addr:housenumber" v="228" />
    <tag k="addr:street" v="Chelsea Street" />
    <tag k="addr:state" v="VT" />
    <tag k="ref:vcgi:esiteid" v="206278" />
  </node>
  <node id="-585" visible="true" lat="43.820340153267" lon="-72.520433777611">
    <tag k="addr:city" v="South Royalton" />
    <tag k="addr:housenumber" v="67" />
    <tag k="addr:street" v="South Windsor Street" />
    <tag k="addr:state" v="VT" />
    <tag k="ref:vcgi:esiteid" v="206279" />
  </node>
  <node id="-586" visible="true" lat="43.820051255255" lon="-72.523602694912">
    <tag k="addr:city" v="South Royalton" />
    <tag k="addr:housenumber" v="2" />
    <tag k="addr:street" v="Pluck Hill Road" />
    <tag k="addr:state" v="VT" />
    <tag k="ref:vcgi:esiteid" v="206280" />
  </node>
  <node id="-587" visible="true" lat="43.820095748293" lon="-72.522188201547">
    <tag k="addr:city" v="South Royalton" />
    <tag k="addr:housenumber" v="232" />
    <tag k="addr:street" v="Chelsea Street" />
    <tag k="addr:state" v="VT" />
    <tag k="ref:vcgi:esiteid" v="206281" />
  </node>
  <node id="-588" visible="true" lat="43.820326150131" lon="-72.564108998411">
    <tag k="addr:city" v="South Royalton" />
    <tag k="addr:housenumber" v="5319" />
    <tag k="addr:street" v="Vermont Route 14" />
    <tag k="addr:state" v="VT" />
    <tag k="ref:vcgi:esiteid" v="206282" />
  </node>
  <node id="-589" visible="true" lat="43.820080738331" lon="-72.520222795466">
    <tag k="addr:city" v="South Royalton" />
    <tag k="addr:housenumber" v="79" />
    <tag k="addr:street" v="South Windsor Street" />
    <tag k="addr:state" v="VT" />
    <tag k="ref:vcgi:esiteid" v="206283" />
  </node>
  <node id="-590" visible="true" lat="43.820047890611" lon="-72.522212078311">
    <tag k="addr:city" v="South Royalton" />
    <tag k="addr:housenumber" v="234" />
    <tag k="addr:street" v="Chelsea Street" />
    <tag k="addr:state" v="VT" />
    <tag k="ref:vcgi:esiteid" v="206284" />
  </node>
  <node id="-591" visible="true" lat="43.820094986382" lon="-72.486865680218">
    <tag k="addr:city" v="South Royalton" />
    <tag k="addr:housenumber" v="128" />
    <tag k="addr:street" v="Harrington Lane" />
    <tag k="addr:state" v="VT" />
    <tag k="ref:vcgi:esiteid" v="206285" />
  </node>
  <node id="-592" visible="true" lat="43.820030900473" lon="-72.522262258878">
    <tag k="addr:city" v="South Royalton" />
    <tag k="addr:housenumber" v="236" />
    <tag k="addr:street" v="Chelsea Street" />
    <tag k="addr:state" v="VT" />
    <tag k="ref:vcgi:esiteid" v="206286" />
  </node>
  <node id="-593" visible="true" lat="43.819910130368" lon="-72.523838740738">
    <tag k="addr:city" v="South Royalton" />
    <tag k="addr:housenumber" v="14" />
    <tag k="addr:street" v="Pluck Hill Road" />
    <tag k="addr:state" v="VT" />
    <tag k="ref:vcgi:esiteid" v="206287" />
  </node>
  <node id="-594" visible="true" lat="43.819942342219" lon="-72.520103646949">
    <tag k="addr:city" v="South Royalton" />
    <tag k="addr:housenumber" v="95" />
    <tag k="addr:street" v="South Windsor Street" />
    <tag k="addr:state" v="VT" />
    <tag k="ref:vcgi:esiteid" v="206288" />
  </node>
  <node id="-595" visible="true" lat="43.820012210024" lon="-72.487931529686">
    <tag k="addr:city" v="South Royalton" />
    <tag k="addr:housenumber" v="131" />
    <tag k="addr:street" v="Harrington Lane" />
    <tag k="addr:state" v="VT" />
    <tag k="ref:vcgi:esiteid" v="206290" />
  </node>
  <node id="-596" visible="true" lat="43.819815450167" lon="-72.523240973952">
    <tag k="addr:city" v="South Royalton" />
    <tag k="addr:housenumber" v="224" />
    <tag k="addr:street" v="Rainbow Street" />
    <tag k="addr:state" v="VT" />
    <tag k="ref:vcgi:esiteid" v="206291" />
  </node>
  <node id="-597" visible="true" lat="43.819829120735" lon="-72.519977561072">
    <tag k="addr:city" v="South Royalton" />
    <tag k="addr:housenumber" v="101" />
    <tag k="addr:street" v="South Windsor Street" />
    <tag k="addr:state" v="VT" />
    <tag k="ref:vcgi:esiteid" v="206292" />
  </node>
  <node id="-598" visible="true" lat="43.819724161348" lon="-72.495733930442">
    <tag k="addr:city" v="South Royalton" />
    <tag k="addr:housenumber" v="429" />
    <tag k="addr:street" v="Ducker Road" />
    <tag k="addr:state" v="VT" />
    <tag k="ref:vcgi:esiteid" v="206293" />
  </node>
  <node id="-599" visible="true" lat="43.819796727217" lon="-72.543609287564">
    <tag k="addr:city" v="South Royalton" />
    <tag k="addr:housenumber" v="3971" />
    <tag k="addr:street" v="Vermont Route 14" />
    <tag k="addr:state" v="VT" />
    <tag k="ref:vcgi:esiteid" v="206294" />
  </node>
  <node id="-600" visible="true" lat="43.819881349348" lon="-72.519543147996">
    <tag k="addr:city" v="South Royalton" />
    <tag k="addr:housenumber" v="113" />
    <tag k="addr:street" v="South Windsor Street" />
    <tag k="addr:state" v="VT" />
    <tag k="ref:vcgi:esiteid" v="206295" />
  </node>
  <node id="-601" visible="true" lat="43.819735263911" lon="-72.523503808204">
    <tag k="addr:city" v="South Royalton" />
    <tag k="addr:housenumber" v="227" />
    <tag k="addr:street" v="Rainbow Street" />
    <tag k="addr:state" v="VT" />
    <tag k="ref:vcgi:esiteid" v="206296" />
  </node>
  <node id="-602" visible="true" lat="43.81975906151" lon="-72.523051982408">
    <tag k="addr:city" v="South Royalton" />
    <tag k="addr:housenumber" v="212" />
    <tag k="addr:street" v="Rainbow Street" />
    <tag k="addr:state" v="VT" />
    <tag k="ref:vcgi:esiteid" v="206297" />
  </node>
  <node id="-603" visible="true" lat="43.819606535214" lon="-72.52333109512">
    <tag k="addr:city" v="South Royalton" />
    <tag k="addr:housenumber" v="215" />
    <tag k="addr:street" v="Rainbow Street" />
    <tag k="addr:state" v="VT" />
    <tag k="ref:vcgi:esiteid" v="206298" />
  </node>
  <node id="-604" visible="true" lat="43.81951756406" lon="-72.570113255335">
    <tag k="addr:city" v="South Royalton" />
    <tag k="addr:housenumber" v="530" />
    <tag k="addr:street" v="Royalton Hill Road" />
    <tag k="addr:state" v="VT" />
    <tag k="ref:vcgi:esiteid" v="206299" />
  </node>
  <node id="-605" visible="true" lat="43.819640848557" lon="-72.519510322054">
    <tag k="addr:city" v="South Royalton" />
    <tag k="addr:housenumber" v="131" />
    <tag k="addr:street" v="South Windsor Street" />
    <tag k="addr:state" v="VT" />
    <tag k="ref:vcgi:esiteid" v="206300" />
  </node>
  <node id="-606" visible="true" lat="43.819635243752" lon="-72.520159539302">
    <tag k="addr:city" v="South Royalton" />
    <tag k="addr:housenumber" v="13" />
    <tag k="addr:street" v="Park Street" />
    <tag k="addr:state" v="VT" />
    <tag k="ref:vcgi:esiteid" v="206301" />
  </node>
  <node id="-607" visible="true" lat="43.819577449137" lon="-72.519088009214">
    <tag k="addr:city" v="South Royalton" />
    <tag k="addr:housenumber" v="145" />
    <tag k="addr:street" v="South Windsor Street" />
    <tag k="addr:state" v="VT" />
    <tag k="ref:vcgi:esiteid" v="206302" />
  </node>
  <node id="-608" visible="true" lat="43.819514894567" lon="-72.522377445084">
    <tag k="addr:city" v="South Royalton" />
    <tag k="addr:housenumber" v="108" />
    <tag k="addr:street" v="Rainbow Street" />
    <tag k="addr:state" v="VT" />
    <tag k="ref:vcgi:esiteid" v="206304" />
  </node>
  <node id="-609" visible="true" lat="43.81942866919" lon="-72.483523481416">
    <tag k="addr:city" v="South Royalton" />
    <tag k="addr:housenumber" v="10" />
    <tag k="addr:street" v="Kevins Way" />
    <tag k="addr:state" v="VT" />
    <tag k="ref:vcgi:esiteid" v="206305" />
  </node>
  <node id="-610" visible="true" lat="43.819461014124" lon="-72.520283433209">
    <tag k="addr:city" v="South Royalton" />
    <tag k="addr:housenumber" v="25" />
    <tag k="addr:street" v="Park Street" />
    <tag k="addr:state" v="VT" />
    <tag k="ref:vcgi:esiteid" v="206306" />
  </node>
  <node id="-611" visible="true" lat="43.819346207469" lon="-72.519117238324">
    <tag k="addr:city" v="South Royalton" />
    <tag k="addr:housenumber" v="157" />
    <tag k="addr:street" v="South Windsor Street" />
    <tag k="addr:state" v="VT" />
    <tag k="ref:vcgi:esiteid" v="206307" />
  </node>
  <node id="-612" visible="true" lat="43.819340831444" lon="-72.52051857059">
    <tag k="addr:city" v="South Royalton" />
    <tag k="addr:housenumber" v="39" />
    <tag k="addr:street" v="Park Street" />
    <tag k="addr:state" v="VT" />
    <tag k="ref:vcgi:esiteid" v="206308" />
  </node>
  <node id="-613" visible="true" lat="43.819274593985" lon="-72.505996444824">
    <tag k="addr:city" v="South Royalton" />
    <tag k="addr:housenumber" v="385" />
    <tag k="addr:street" v="Roberts Road" />
    <tag k="addr:state" v="VT" />
    <tag k="ref:vcgi:esiteid" v="206309" />
  </node>
  <node id="-614" visible="true" lat="43.819271573447" lon="-72.519767514835">
    <tag k="addr:city" v="South Royalton" />
    <tag k="addr:housenumber" v="138" />
    <tag k="addr:street" v="South Windsor Street" />
    <tag k="addr:state" v="VT" />
    <tag k="ref:vcgi:esiteid" v="206310" />
  </node>
  <node id="-615" visible="true" lat="43.819211436186" lon="-72.520773855128">
    <tag k="addr:city" v="South Royalton" />
    <tag k="addr:housenumber" v="53" />
    <tag k="addr:street" v="Park Street" />
    <tag k="addr:state" v="VT" />
    <tag k="ref:vcgi:esiteid" v="206311" />
  </node>
  <node id="-616" visible="true" lat="43.819228219257" lon="-72.518854398448">
    <tag k="addr:city" v="South Royalton" />
    <tag k="addr:housenumber" v="181" />
    <tag k="addr:street" v="South Windsor Street" />
    <tag k="addr:state" v="VT" />
    <tag k="ref:vcgi:esiteid" v="206312" />
  </node>
  <node id="-617" visible="true" lat="43.819172944143" lon="-72.51941481686">
    <tag k="addr:city" v="South Royalton" />
    <tag k="addr:housenumber" v="152" />
    <tag k="addr:street" v="South Windsor Street" />
    <tag k="addr:state" v="VT" />
    <tag k="ref:vcgi:esiteid" v="206313" />
  </node>
  <node id="-618" visible="true" lat="43.819007346173" lon="-72.543878925361">
    <tag k="addr:city" v="South Royalton" />
    <tag k="addr:housenumber" v="4021" />
    <tag k="addr:street" v="Vermont Route 14" />
    <tag k="addr:state" v="VT" />
    <tag k="ref:vcgi:esiteid" v="206315" />
  </node>
  <node id="-619" visible="true" lat="43.819071446682" lon="-72.519279111423">
    <tag k="addr:city" v="South Royalton" />
    <tag k="addr:housenumber" v="162" />
    <tag k="addr:street" v="South Windsor Street" />
    <tag k="addr:state" v="VT" />
    <tag k="ref:vcgi:esiteid" v="206316" />
  </node>
  <node id="-620" visible="true" lat="43.818992030355" lon="-72.521001538421">
    <tag k="addr:city" v="South Royalton" />
    <tag k="addr:housenumber" v="102" />
    <tag k="addr:street" v="Railroad Street" />
    <tag k="addr:state" v="VT" />
    <tag k="ref:vcgi:esiteid" v="206318" />
  </node>
  <node id="-621" visible="true" lat="43.818720114861" lon="-72.544492416351">
    <tag k="addr:city" v="South Royalton" />
    <tag k="addr:housenumber" v="4052" />
    <tag k="addr:street" v="Vermont Route 14" />
    <tag k="addr:state" v="VT" />
    <tag k="ref:vcgi:esiteid" v="206319" />
  </node>
  <node id="-622" visible="true" lat="43.818909211013" lon="-72.51895896342">
    <tag k="addr:city" v="South Royalton" />
    <tag k="addr:housenumber" v="186" />
    <tag k="addr:street" v="South Windsor Street" />
    <tag k="addr:state" v="VT" />
    <tag k="ref:vcgi:esiteid" v="206320" />
  </node>
  <node id="-623" visible="true" lat="43.818752175953" lon="-72.618347196106">
    <tag k="addr:city" v="Bethel" />
    <tag k="addr:housenumber" v="2804" />
    <tag k="addr:street" v="Gilman Road" />
    <tag k="addr:state" v="VT" />
    <tag k="ref:vcgi:esiteid" v="206321" />
  </node>
  <node id="-624" visible="true" lat="43.818603338568" lon="-72.589405952907">
    <tag k="addr:city" v="Bethel" />
    <tag k="addr:housenumber" v="1310" />
    <tag k="addr:street" v="Gilman Road" />
    <tag k="addr:state" v="VT" />
    <tag k="ref:vcgi:esiteid" v="206322" />
  </node>
  <node id="-625" visible="true" lat="43.81882294335" lon="-72.520256885545">
    <tag k="addr:city" v="South Royalton" />
    <tag k="addr:housenumber" v="141" />
    <tag k="addr:street" v="Railroad Street" />
    <tag k="addr:state" v="VT" />
    <tag k="ref:vcgi:esiteid" v="206323" />
  </node>
  <node id="-626" visible="true" lat="43.818620040492" lon="-72.522202703373">
    <tag k="addr:city" v="South Royalton" />
    <tag k="addr:housenumber" v="133" />
    <tag k="addr:street" v="Rainbow Street" />
    <tag k="addr:state" v="VT" />
    <tag k="ref:vcgi:esiteid" v="206324" />
  </node>
  <node id="-627" visible="true" lat="43.818725151819" lon="-72.523130021218">
    <tag k="addr:city" v="South Royalton" />
    <tag k="addr:housenumber" v="59" />
    <tag k="addr:street" v="Parkview Terrace" />
    <tag k="addr:state" v="VT" />
    <tag k="ref:vcgi:esiteid" v="206325" />
  </node>
  <node id="-628" visible="true" lat="43.818623039348" lon="-72.48668103313">
    <tag k="addr:city" v="South Royalton" />
    <tag k="addr:housenumber" v="39" />
    <tag k="addr:street" v="Harrington Lane" />
    <tag k="addr:state" v="VT" />
    <tag k="ref:vcgi:esiteid" v="206327" />
  </node>
  <node id="-629" visible="true" lat="43.81871755499" lon="-72.520090877515">
    <tag k="addr:city" v="South Royalton" />
    <tag k="addr:housenumber" v="151" />
    <tag k="addr:street" v="Railroad Street" />
    <tag k="addr:state" v="VT" />
    <tag k="ref:vcgi:esiteid" v="206328" />
  </node>
  <node id="-630" visible="true" lat="43.818654404506" lon="-72.52381620053">
    <tag k="addr:city" v="South Royalton" />
    <tag k="addr:housenumber" v="141" />
    <tag k="addr:street" v="Pluck Hill Road" />
    <tag k="addr:state" v="VT" />
    <tag k="ref:vcgi:esiteid" v="206330" />
  </node>
  <node id="-631" visible="true" lat="43.818556689104" lon="-72.51920400854">
    <tag k="addr:city" v="South Royalton" />
    <tag k="addr:housenumber" v="39" />
    <tag k="addr:street" v="Safford Street" />
    <tag k="addr:state" v="VT" />
    <tag k="ref:vcgi:esiteid" v="206332" />
  </node>
  <node id="-632" visible="true" lat="43.818572769089" lon="-72.561983642923">
    <tag k="addr:city" v="South Royalton" />
    <tag k="addr:housenumber" v="5250" />
    <tag k="addr:street" v="Vermont Route 14" />
    <tag k="addr:state" v="VT" />
    <tag k="ref:vcgi:esiteid" v="206334" />
  </node>
  <node id="-633" visible="true" lat="43.818414369703" lon="-72.59359496581">
    <tag k="addr:city" v="Bethel" />
    <tag k="addr:housenumber" v="1523" />
    <tag k="addr:street" v="Gilman Road" />
    <tag k="addr:state" v="VT" />
    <tag k="ref:vcgi:esiteid" v="206335" />
  </node>
  <node id="-634" visible="true" lat="43.818450464854" lon="-72.521812579791">
    <tag k="addr:city" v="South Royalton" />
    <tag k="addr:housenumber" v="111" />
    <tag k="addr:street" v="Rainbow Street" />
    <tag k="addr:state" v="VT" />
    <tag k="ref:vcgi:esiteid" v="206336" />
  </node>
  <node id="-635" visible="true" lat="43.818444890911" lon="-72.519305809332">
    <tag k="addr:city" v="South Royalton" />
    <tag k="addr:housenumber" v="53" />
    <tag k="addr:street" v="Safford Street" />
    <tag k="addr:state" v="VT" />
    <tag k="ref:vcgi:esiteid" v="206337" />
  </node>
  <node id="-636" visible="true" lat="43.818375842282" lon="-72.592450247146">
    <tag k="addr:city" v="Bethel" />
    <tag k="addr:housenumber" v="1467" />
    <tag k="addr:street" v="Gilman Road" />
    <tag k="addr:state" v="VT" />
    <tag k="ref:vcgi:esiteid" v="206338" />
  </node>
  <node id="-637" visible="true" lat="43.818477801727" lon="-72.518768429277">
    <tag k="addr:city" v="South Royalton" />
    <tag k="addr:housenumber" v="214" />
    <tag k="addr:street" v="South Windsor Street" />
    <tag k="addr:state" v="VT" />
    <tag k="ref:vcgi:esiteid" v="206339" />
  </node>
  <node id="-638" visible="true" lat="43.818322001481" lon="-72.518259625977">
    <tag k="addr:city" v="South Royalton" />
    <tag k="addr:housenumber" v="230" />
    <tag k="addr:street" v="South Windsor Street" />
    <tag k="addr:state" v="VT" />
    <tag k="ref:vcgi:esiteid" v="206340" />
  </node>
  <node id="-639" visible="true" lat="43.818385792994" lon="-72.521342986989">
    <tag k="addr:city" v="South Royalton" />
    <tag k="addr:housenumber" v="81" />
    <tag k="addr:street" v="Rainbow Street" />
    <tag k="addr:state" v="VT" />
    <tag k="ref:vcgi:esiteid" v="206341" />
  </node>
  <node id="-640" visible="true" lat="43.818141572828" lon="-72.522954791938">
    <tag k="addr:city" v="South Royalton" />
    <tag k="addr:housenumber" v="50" />
    <tag k="addr:street" v="Parkview Terrace" />
    <tag k="addr:state" v="VT" />
    <tag k="ref:vcgi:esiteid" v="206342" />
  </node>
  <node id="-641" visible="true" lat="43.818349934855" lon="-72.544203496451">
    <tag k="addr:city" v="South Royalton" />
    <tag k="addr:housenumber" v="4071" />
    <tag k="addr:street" v="Vermont Route 14" />
    <tag k="addr:state" v="VT" />
    <tag k="ref:vcgi:esiteid" v="206343" />
  </node>
  <node id="-642" visible="true" lat="43.818235818266" lon="-72.597909236893">
    <tag k="addr:city" v="Bethel" />
    <tag k="addr:housenumber" v="1734" />
    <tag k="addr:street" v="Gilman Road" />
    <tag k="addr:state" v="VT" />
    <tag k="ref:vcgi:esiteid" v="206344" />
  </node>
  <node id="-643" visible="true" lat="43.818226577257" lon="-72.544781678754">
    <tag k="addr:city" v="South Royalton" />
    <tag k="addr:housenumber" v="4088" />
    <tag k="addr:street" v="Vermont Route 14" />
    <tag k="addr:state" v="VT" />
    <tag k="ref:vcgi:esiteid" v="206345" />
  </node>
  <node id="-644" visible="true" lat="43.818265790599" lon="-72.518026845254">
    <tag k="addr:city" v="South Royalton" />
    <tag k="addr:housenumber" v="246" />
    <tag k="addr:street" v="South Windsor Street" />
    <tag k="addr:state" v="VT" />
    <tag k="ref:vcgi:esiteid" v="206347" />
  </node>
  <node id="-645" visible="true" lat="43.818136625629" lon="-72.561532160658">
    <tag k="addr:city" v="South Royalton" />
    <tag k="addr:housenumber" v="5222" />
    <tag k="addr:street" v="Vermont Route 14" />
    <tag k="addr:state" v="VT" />
    <tag k="ref:vcgi:esiteid" v="206348" />
  </node>
  <node id="-646" visible="true" lat="43.818189969487" lon="-72.483481108577">
    <tag k="addr:city" v="South Royalton" />
    <tag k="addr:housenumber" v="1282" />
    <tag k="addr:street" v="Dairy Hill Road" />
    <tag k="addr:state" v="VT" />
    <tag k="ref:vcgi:esiteid" v="206349" />
  </node>
  <node id="-647" visible="true" lat="43.818105144541" lon="-72.520764770243">
    <tag k="addr:city" v="South Royalton" />
    <tag k="addr:housenumber" v="47" />
    <tag k="addr:street" v="Rainbow Street" />
    <tag k="addr:state" v="VT" />
    <tag k="ref:vcgi:esiteid" v="206350" />
  </node>
  <node id="-648" visible="true" lat="43.818101548996" lon="-72.547193432004">
    <tag k="addr:city" v="South Royalton" />
    <tag k="addr:housenumber" v="93" />
    <tag k="addr:street" v="Lyon Road" />
    <tag k="addr:state" v="VT" />
    <tag k="ref:vcgi:esiteid" v="206351" />
  </node>
  <node id="-649" visible="true" lat="43.817964340975" lon="-72.544458590207">
    <tag k="addr:city" v="South Royalton" />
    <tag k="addr:housenumber" v="4095" />
    <tag k="addr:street" v="Vermont Route 14" />
    <tag k="addr:state" v="VT" />
    <tag k="ref:vcgi:esiteid" v="206352" />
  </node>
  <node id="-650" visible="true" lat="43.817978664894" lon="-72.517717021293">
    <tag k="addr:city" v="South Royalton" />
    <tag k="addr:housenumber" v="266" />
    <tag k="addr:street" v="South Windsor Street" />
    <tag k="addr:state" v="VT" />
    <tag k="ref:vcgi:esiteid" v="206353" />
  </node>
  <node id="-651" visible="true" lat="43.818019613934" lon="-72.505979055855">
    <tag k="addr:city" v="South Royalton" />
    <tag k="addr:housenumber" v="381" />
    <tag k="addr:street" v="Roberts Road" />
    <tag k="addr:state" v="VT" />
    <tag k="ref:vcgi:esiteid" v="206354" />
  </node>
  <node id="-652" visible="true" lat="43.817945791086" lon="-72.496295908311">
    <tag k="addr:city" v="South Royalton" />
    <tag k="addr:housenumber" v="301" />
    <tag k="addr:street" v="Ducker Road" />
    <tag k="addr:state" v="VT" />
    <tag k="ref:vcgi:esiteid" v="206355" />
  </node>
  <node id="-653" visible="true" lat="43.817956201913" lon="-72.518871905316">
    <tag k="addr:city" v="South Royalton" />
    <tag k="addr:housenumber" v="59" />
    <tag k="addr:street" v="Alexander Place" />
    <tag k="addr:state" v="VT" />
    <tag k="ref:vcgi:esiteid" v="206356" />
  </node>
  <node id="-654" visible="true" lat="43.817926645727" lon="-72.520533530975">
    <tag k="addr:city" v="South Royalton" />
    <tag k="addr:housenumber" v="69" />
    <tag k="addr:street" v="Rainbow Street" />
    <tag k="addr:state" v="VT" />
    <tag k="ref:vcgi:esiteid" v="206357" />
  </node>
  <node id="-655" visible="true" lat="43.817984777902" lon="-72.519242849135">
    <tag k="addr:city" v="South Royalton" />
    <tag k="addr:housenumber" v="53" />
    <tag k="addr:street" v="Alexander Place" />
    <tag k="addr:state" v="VT" />
    <tag k="ref:vcgi:esiteid" v="206358" />
  </node>
  <node id="-656" visible="true" lat="43.817842501037" lon="-72.600857917195">
    <tag k="addr:city" v="Bethel" />
    <tag k="addr:housenumber" v="1888" />
    <tag k="addr:street" v="Gilman Road" />
    <tag k="addr:state" v="VT" />
    <tag k="ref:vcgi:esiteid" v="206359" />
  </node>
  <node id="-657" visible="true" lat="43.817745414656" lon="-72.518902101788">
    <tag k="addr:city" v="South Royalton" />
    <tag k="addr:housenumber" v="71" />
    <tag k="addr:street" v="Alexander Place" />
    <tag k="addr:state" v="VT" />
    <tag k="ref:vcgi:esiteid" v="206360" />
  </node>
  <node id="-658" visible="true" lat="43.817763859685" lon="-72.516356810029">
    <tag k="addr:city" v="South Royalton" />
    <tag k="addr:housenumber" v="337" />
    <tag k="addr:street" v="South Windsor Street" />
    <tag k="addr:state" v="VT" />
    <tag k="ref:vcgi:esiteid" v="206361" />
  </node>
  <node id="-659" visible="true" lat="43.817621408024" lon="-72.547320076562">
    <tag k="addr:city" v="South Royalton" />
    <tag k="addr:housenumber" v="89" />
    <tag k="addr:street" v="Lyon Road" />
    <tag k="addr:state" v="VT" />
    <tag k="ref:vcgi:esiteid" v="206362" />
  </node>
  <node id="-660" visible="true" lat="43.817633810979" lon="-72.515545822856">
    <tag k="addr:city" v="South Royalton" />
    <tag k="addr:housenumber" v="39" />
    <tag k="addr:street" v="Wellsprings Lane" />
    <tag k="addr:state" v="VT" />
    <tag k="ref:vcgi:esiteid" v="206363" />
  </node>
  <node id="-661" visible="true" lat="43.817575616113" lon="-72.518755449104">
    <tag k="addr:city" v="South Royalton" />
    <tag k="addr:housenumber" v="89" />
    <tag k="addr:street" v="Alexander Place" />
    <tag k="addr:state" v="VT" />
    <tag k="ref:vcgi:esiteid" v="206365" />
  </node>
  <node id="-662" visible="true" lat="43.817658989196" lon="-72.514659319759">
    <tag k="addr:city" v="South Royalton" />
    <tag k="addr:housenumber" v="421" />
    <tag k="addr:street" v="South Windsor Street" />
    <tag k="addr:state" v="VT" />
    <tag k="ref:vcgi:esiteid" v="206366" />
  </node>
  <node id="-663" visible="true" lat="43.817663735699" lon="-72.50617257763">
    <tag k="addr:city" v="South Royalton" />
    <tag k="addr:housenumber" v="317" />
    <tag k="addr:street" v="Roberts Road" />
    <tag k="addr:state" v="VT" />
    <tag k="ref:vcgi:esiteid" v="206367" />
  </node>
  <node id="-664" visible="true" lat="43.817502708512" lon="-72.520150028543">
    <tag k="addr:city" v="South Royalton" />
    <tag k="addr:housenumber" v="36" />
    <tag k="addr:street" v="Pleasant Street" />
    <tag k="addr:state" v="VT" />
    <tag k="ref:vcgi:esiteid" v="206368" />
  </node>
  <node id="-665" visible="true" lat="43.817500281893" lon="-72.611327679991">
    <tag k="addr:city" v="Bethel" />
    <tag k="addr:housenumber" v="2418" />
    <tag k="addr:street" v="Gilman Road" />
    <tag k="addr:state" v="VT" />
    <tag k="ref:vcgi:esiteid" v="206369" />
  </node>
  <node id="-666" visible="true" lat="43.817420826465" lon="-72.615736134288">
    <tag k="addr:city" v="Bethel" />
    <tag k="addr:housenumber" v="2636" />
    <tag k="addr:street" v="Gilman Road" />
    <tag k="addr:state" v="VT" />
    <tag k="ref:vcgi:esiteid" v="206370" />
  </node>
  <node id="-667" visible="true" lat="43.817214181293" lon="-72.604752836765">
    <tag k="addr:city" v="Bethel" />
    <tag k="addr:housenumber" v="2088" />
    <tag k="addr:street" v="Gilman Road" />
    <tag k="addr:state" v="VT" />
    <tag k="ref:vcgi:esiteid" v="206371" />
  </node>
  <node id="-668" visible="true" lat="43.817440142944" lon="-72.612291083772">
    <tag k="addr:city" v="Bethel" />
    <tag k="addr:housenumber" v="2466" />
    <tag k="addr:street" v="Gilman Road" />
    <tag k="addr:state" v="VT" />
    <tag k="ref:vcgi:esiteid" v="206372" />
  </node>
  <node id="-669" visible="true" lat="43.817536010424" lon="-72.485228768925">
    <tag k="addr:city" v="South Royalton" />
    <tag k="addr:housenumber" v="1188" />
    <tag k="addr:street" v="Dairy Hill Road" />
    <tag k="addr:state" v="VT" />
    <tag k="ref:vcgi:esiteid" v="206373" />
  </node>
  <node id="-670" visible="true" lat="43.817500685555" lon="-72.544714542267">
    <tag k="addr:city" v="South Royalton" />
    <tag k="addr:housenumber" v="4137" />
    <tag k="addr:street" v="Vermont Route 14" />
    <tag k="addr:state" v="VT" />
    <tag k="ref:vcgi:esiteid" v="206374" />
  </node>
  <node id="-671" visible="true" lat="43.817258626452" lon="-72.517087616512">
    <tag k="addr:city" v="South Royalton" />
    <tag k="addr:housenumber" v="332" />
    <tag k="addr:street" v="South Windsor Street" />
    <tag k="addr:state" v="VT" />
    <tag k="ref:vcgi:esiteid" v="206375" />
  </node>
  <node id="-672" visible="true" lat="43.817463797378" lon="-72.545522700847">
    <tag k="addr:city" v="South Royalton" />
    <tag k="addr:housenumber" v="4160" />
    <tag k="addr:street" v="Vermont Route 14" />
    <tag k="addr:state" v="VT" />
    <tag k="ref:vcgi:esiteid" v="206376" />
  </node>
  <node id="-673" visible="true" lat="43.817191573278" lon="-72.520072453857">
    <tag k="addr:city" v="South Royalton" />
    <tag k="addr:housenumber" v="60" />
    <tag k="addr:street" v="Pleasant Street" />
    <tag k="addr:state" v="VT" />
    <tag k="ref:vcgi:esiteid" v="206377" />
  </node>
  <node id="-674" visible="true" lat="43.817140764085" lon="-72.544901924935">
    <tag k="addr:city" v="South Royalton" />
    <tag k="addr:housenumber" v="4157" />
    <tag k="addr:street" v="Vermont Route 14" />
    <tag k="addr:state" v="VT" />
    <tag k="ref:vcgi:esiteid" v="206378" />
  </node>
  <node id="-675" visible="true" lat="43.817217479708" lon="-72.515720596772">
    <tag k="addr:city" v="South Royalton" />
    <tag k="addr:housenumber" v="5" />
    <tag k="addr:street" v="Wellsprings Lane" />
    <tag k="addr:state" v="VT" />
    <tag k="ref:vcgi:esiteid" v="206379" />
  </node>
  <node id="-676" visible="true" lat="43.817199824656" lon="-72.518517755305">
    <tag k="addr:city" v="South Royalton" />
    <tag k="addr:housenumber" v="100" />
    <tag k="addr:street" v="Alexander Place" />
    <tag k="addr:state" v="VT" />
    <tag k="ref:vcgi:esiteid" v="206380" />
  </node>
  <node id="-677" visible="true" lat="43.817070131442" lon="-72.519104071914">
    <tag k="addr:city" v="South Royalton" />
    <tag k="addr:housenumber" v="89" />
    <tag k="addr:street" v="Pleasant Street" />
    <tag k="addr:state" v="VT" />
    <tag k="ref:vcgi:esiteid" v="206381" />
  </node>
  <node id="-678" visible="true" lat="43.81705778936" lon="-72.505536691451">
    <tag k="addr:city" v="South Royalton" />
    <tag k="addr:housenumber" v="334" />
    <tag k="addr:street" v="Roberts Road" />
    <tag k="addr:state" v="VT" />
    <tag k="ref:vcgi:esiteid" v="206382" />
  </node>
  <node id="-679" visible="true" lat="43.816961469319" lon="-72.610247001279">
    <tag k="addr:city" v="Bethel" />
    <tag k="addr:housenumber" v="2365" />
    <tag k="addr:street" v="Gilman Road" />
    <tag k="addr:state" v="VT" />
    <tag k="ref:vcgi:esiteid" v="206383" />
  </node>
  <node id="-680" visible="true" lat="43.816985248587" lon="-72.545669638479">
    <tag k="addr:city" v="South Royalton" />
    <tag k="addr:housenumber" v="4184" />
    <tag k="addr:street" v="Vermont Route 14" />
    <tag k="addr:state" v="VT" />
    <tag k="ref:vcgi:esiteid" v="206384" />
  </node>
  <node id="-681" visible="true" lat="43.81665719299" lon="-72.613028935158">
    <tag k="addr:city" v="Bethel" />
    <tag k="addr:housenumber" v="2507" />
    <tag k="addr:street" v="Gilman Road" />
    <tag k="addr:state" v="VT" />
    <tag k="ref:vcgi:esiteid" v="206386" />
  </node>
  <node id="-682" visible="true" lat="43.816882666183" lon="-72.61405872069">
    <tag k="addr:city" v="Bethel" />
    <tag k="addr:housenumber" v="25" />
    <tag k="addr:street" v="Carney Road" />
    <tag k="addr:state" v="VT" />
    <tag k="ref:vcgi:esiteid" v="206387" />
  </node>
  <node id="-683" visible="true" lat="43.816882995552" lon="-72.608493946604">
    <tag k="addr:city" v="Bethel" />
    <tag k="addr:housenumber" v="2271" />
    <tag k="addr:street" v="Gilman Road" />
    <tag k="addr:state" v="VT" />
    <tag k="ref:vcgi:esiteid" v="206388" />
  </node>
  <node id="-684" visible="true" lat="43.81679456923" lon="-72.567468768814">
    <tag k="addr:city" v="South Royalton" />
    <tag k="addr:housenumber" v="463" />
    <tag k="addr:street" v="Royalton Hill Road" />
    <tag k="addr:state" v="VT" />
    <tag k="ref:vcgi:esiteid" v="206389" />
  </node>
  <node id="-685" visible="true" lat="43.816885542578" lon="-72.545023275649">
    <tag k="addr:city" v="South Royalton" />
    <tag k="addr:housenumber" v="4169" />
    <tag k="addr:street" v="Vermont Route 14" />
    <tag k="addr:state" v="VT" />
    <tag k="ref:vcgi:esiteid" v="206390" />
  </node>
  <node id="-686" visible="true" lat="43.816807001384" lon="-72.514801617761">
    <tag k="addr:city" v="South Royalton" />
    <tag k="addr:housenumber" v="429" />
    <tag k="addr:street" v="South Windsor Street" />
    <tag k="addr:state" v="VT" />
    <tag k="ref:vcgi:esiteid" v="206391" />
  </node>
  <node id="-687" visible="true" lat="43.81678058001" lon="-72.611367003008">
    <tag k="addr:city" v="Bethel" />
    <tag k="addr:housenumber" v="2425" />
    <tag k="addr:street" v="Gilman Road" />
    <tag k="addr:state" v="VT" />
    <tag k="ref:vcgi:esiteid" v="206392" />
  </node>
  <node id="-688" visible="true" lat="43.816891816864" lon="-72.567252429664">
    <tag k="addr:city" v="South Royalton" />
    <tag k="addr:housenumber" v="455" />
    <tag k="addr:street" v="Royalton Hill Road" />
    <tag k="addr:state" v="VT" />
    <tag k="ref:vcgi:esiteid" v="206393" />
  </node>
  <node id="-689" visible="true" lat="43.816676769265" lon="-72.601995508306">
    <tag k="addr:city" v="Bethel" />
    <tag k="addr:housenumber" v="1951" />
    <tag k="addr:street" v="Gilman Road" />
    <tag k="addr:state" v="VT" />
    <tag k="ref:vcgi:esiteid" v="206394" />
  </node>
  <node id="-690" visible="true" lat="43.816690850642" lon="-72.519575862454">
    <tag k="addr:city" v="South Royalton" />
    <tag k="addr:housenumber" v="106" />
    <tag k="addr:street" v="Pleasant Street" />
    <tag k="addr:state" v="VT" />
    <tag k="ref:vcgi:esiteid" v="206396" />
  </node>
  <node id="-691" visible="true" lat="43.816620311478" lon="-72.518811239596">
    <tag k="addr:city" v="South Royalton" />
    <tag k="addr:housenumber" v="129" />
    <tag k="addr:street" v="Pleasant Street" />
    <tag k="addr:state" v="VT" />
    <tag k="ref:vcgi:esiteid" v="206397" />
  </node>
  <node id="-692" visible="true" lat="43.816660558837" lon="-72.514056911679">
    <tag k="addr:city" v="South Royalton" />
    <tag k="addr:housenumber" v="19" />
    <tag k="addr:street" v="Riverbend Park" />
    <tag k="addr:state" v="VT" />
    <tag k="ref:vcgi:esiteid" v="206398" />
  </node>
  <node id="-693" visible="true" lat="43.816734900421" lon="-72.560757451165">
    <tag k="addr:city" v="South Royalton" />
    <tag k="addr:housenumber" v="87" />
    <tag k="addr:street" v="Vesper Road" />
    <tag k="addr:state" v="VT" />
    <tag k="ref:vcgi:esiteid" v="206399" />
  </node>
  <node id="-694" visible="true" lat="43.816569549437" lon="-72.51414949816">
    <tag k="addr:city" v="South Royalton" />
    <tag k="addr:housenumber" v="17" />
    <tag k="addr:street" v="Riverbend Park" />
    <tag k="addr:state" v="VT" />
    <tag k="ref:vcgi:esiteid" v="206400" />
  </node>
  <node id="-695" visible="true" lat="43.81661984557" lon="-72.515645147158">
    <tag k="addr:city" v="South Royalton" />
    <tag k="addr:housenumber" v="412" />
    <tag k="addr:street" v="South Windsor Street" />
    <tag k="addr:state" v="VT" />
    <tag k="ref:vcgi:esiteid" v="206401" />
  </node>
  <node id="-696" visible="true" lat="43.816544060617" lon="-72.546141242357">
    <tag k="addr:city" v="South Royalton" />
    <tag k="addr:housenumber" v="4226" />
    <tag k="addr:street" v="Vermont Route 14" />
    <tag k="addr:state" v="VT" />
    <tag k="ref:vcgi:esiteid" v="206402" />
  </node>
  <node id="-697" visible="true" lat="43.816570432898" lon="-72.513829213701">
    <tag k="addr:city" v="South Royalton" />
    <tag k="addr:housenumber" v="25" />
    <tag k="addr:street" v="Riverbend Park" />
    <tag k="addr:state" v="VT" />
    <tag k="ref:vcgi:esiteid" v="206403" />
  </node>
  <node id="-698" visible="true" lat="43.816495604562" lon="-72.514295649571">
    <tag k="addr:city" v="South Royalton" />
    <tag k="addr:housenumber" v="9" />
    <tag k="addr:street" v="Riverbend Park" />
    <tag k="addr:state" v="VT" />
    <tag k="ref:vcgi:esiteid" v="206405" />
  </node>
  <node id="-699" visible="true" lat="43.816421504849" lon="-72.489139651891">
    <tag k="addr:city" v="South Royalton" />
    <tag k="addr:housenumber" v="983" />
    <tag k="addr:street" v="Dairy Hill Road" />
    <tag k="addr:state" v="VT" />
    <tag k="ref:vcgi:esiteid" v="206406" />
  </node>
  <node id="-700" visible="true" lat="43.816367422758" lon="-72.544597112737">
    <tag k="addr:city" v="South Royalton" />
    <tag k="addr:housenumber" v="4179" />
    <tag k="addr:street" v="Vermont Route 14" />
    <tag k="addr:state" v="VT" />
    <tag k="ref:vcgi:esiteid" v="206407" />
  </node>
  <node id="-701" visible="true" lat="43.816472192787" lon="-72.489581286509">
    <tag k="addr:city" v="South Royalton" />
    <tag k="addr:housenumber" v="961" />
    <tag k="addr:street" v="Dairy Hill Road" />
    <tag k="addr:state" v="VT" />
    <tag k="ref:vcgi:esiteid" v="206408" />
  </node>
  <node id="-702" visible="true" lat="43.816408789876" lon="-72.514418649041">
    <tag k="addr:city" v="South Royalton" />
    <tag k="addr:housenumber" v="1" />
    <tag k="addr:street" v="Riverbend Park" />
    <tag k="addr:state" v="VT" />
    <tag k="ref:vcgi:esiteid" v="206409" />
  </node>
  <node id="-703" visible="true" lat="43.816309231222" lon="-72.519236690126">
    <tag k="addr:city" v="South Royalton" />
    <tag k="addr:housenumber" v="138" />
    <tag k="addr:street" v="Pleasant Street" />
    <tag k="addr:state" v="VT" />
    <tag k="ref:vcgi:esiteid" v="206412" />
  </node>
  <node id="-704" visible="true" lat="43.81624374476" lon="-72.522833046218">
    <tag k="addr:city" v="South Royalton" />
    <tag k="addr:housenumber" v="302" />
    <tag k="addr:street" v="Pluck Hill Road" />
    <tag k="addr:state" v="VT" />
    <tag k="ref:vcgi:esiteid" v="206413" />
  </node>
  <node id="-705" visible="true" lat="43.816242428251" lon="-72.513720802962">
    <tag k="addr:city" v="South Royalton" />
    <tag k="addr:housenumber" v="38" />
    <tag k="addr:street" v="Riverbend Park" />
    <tag k="addr:state" v="VT" />
    <tag k="ref:vcgi:esiteid" v="206414" />
  </node>
  <node id="-706" visible="true" lat="43.816222394653" lon="-72.513834726867">
    <tag k="addr:city" v="South Royalton" />
    <tag k="addr:housenumber" v="40" />
    <tag k="addr:street" v="Riverbend Park" />
    <tag k="addr:state" v="VT" />
    <tag k="ref:vcgi:esiteid" v="206415" />
  </node>
  <node id="-707" visible="true" lat="43.816212344152" lon="-72.514008891322">
    <tag k="addr:city" v="South Royalton" />
    <tag k="addr:housenumber" v="66" />
    <tag k="addr:street" v="Riverbend Park" />
    <tag k="addr:state" v="VT" />
    <tag k="ref:vcgi:esiteid" v="206416" />
  </node>
  <node id="-708" visible="true" lat="43.816249959516" lon="-72.513459062131">
    <tag k="addr:city" v="South Royalton" />
    <tag k="addr:housenumber" v="43" />
    <tag k="addr:street" v="Riverbend Park" />
    <tag k="addr:state" v="VT" />
    <tag k="ref:vcgi:esiteid" v="206417" />
  </node>
  <node id="-709" visible="true" lat="43.816075234906" lon="-72.54749948173">
    <tag k="addr:city" v="South Royalton" />
    <tag k="addr:housenumber" v="124" />
    <tag k="addr:street" v="Lyon Road" />
    <tag k="addr:state" v="VT" />
    <tag k="ref:vcgi:esiteid" v="206418" />
  </node>
  <node id="-710" visible="true" lat="43.815963904994" lon="-72.544838780136">
    <tag k="addr:city" v="South Royalton" />
    <tag k="addr:housenumber" v="33" />
    <tag k="addr:street" v="Royalton Common Road" />
    <tag k="addr:state" v="VT" />
    <tag k="ref:vcgi:esiteid" v="206419" />
  </node>
  <node id="-711" visible="true" lat="43.816087631908" lon="-72.546592917093">
    <tag k="addr:city" v="South Royalton" />
    <tag k="addr:housenumber" v="4266" />
    <tag k="addr:street" v="Vermont Route 14" />
    <tag k="addr:state" v="VT" />
    <tag k="ref:vcgi:esiteid" v="206420" />
  </node>
  <node id="-712" visible="true" lat="43.815071976455" lon="-72.568983816867">
    <tag k="addr:city" v="South Royalton" />
    <tag k="addr:housenumber" v="691" />
    <tag k="addr:street" v="Royalton Hill Road" />
    <tag k="addr:state" v="VT" />
    <tag k="ref:vcgi:esiteid" v="206421" />
  </node>
  <node id="-713" visible="true" lat="43.815963438008" lon="-72.514600829645">
    <tag k="addr:city" v="South Royalton" />
    <tag k="addr:housenumber" v="21" />
    <tag k="addr:street" v="Caron Circle" />
    <tag k="addr:state" v="VT" />
    <tag k="ref:vcgi:esiteid" v="206422" />
  </node>
  <node id="-714" visible="true" lat="43.815914660201" lon="-72.572461555749">
    <tag k="addr:city" v="South Royalton" />
    <tag k="addr:housenumber" v="2" />
    <tag k="addr:street" v="Tortolano Road" />
    <tag k="addr:state" v="VT" />
    <tag k="ref:vcgi:esiteid" v="206423" />
  </node>
  <node id="-715" visible="true" lat="43.816337713183" lon="-72.621989995394">
    <tag k="addr:city" v="Bethel" />
    <tag k="addr:housenumber" v="170" />
    <tag k="addr:street" v="Putt Road" />
    <tag k="addr:state" v="VT" />
    <tag k="ref:vcgi:esiteid" v="206424" />
  </node>
  <node id="-716" visible="true" lat="43.815953917625" lon="-72.518983622761">
    <tag k="addr:city" v="South Royalton" />
    <tag k="addr:housenumber" v="170" />
    <tag k="addr:street" v="Pleasant Street" />
    <tag k="addr:state" v="VT" />
    <tag k="ref:vcgi:esiteid" v="206425" />
  </node>
  <node id="-717" visible="true" lat="43.81582733402" lon="-72.546863863608">
    <tag k="addr:city" v="South Royalton" />
    <tag k="addr:housenumber" v="4290" />
    <tag k="addr:street" v="Vermont Route 14" />
    <tag k="addr:state" v="VT" />
    <tag k="ref:vcgi:esiteid" v="206426" />
  </node>
  <node id="-718" visible="true" lat="43.815619610282" lon="-72.547154327998">
    <tag k="addr:city" v="South Royalton" />
    <tag k="addr:housenumber" v="4308" />
    <tag k="addr:street" v="Vermont Route 14" />
    <tag k="addr:state" v="VT" />
    <tag k="ref:vcgi:esiteid" v="206427" />
  </node>
  <node id="-719" visible="true" lat="43.815777716517" lon="-72.545760826291">
    <tag k="addr:city" v="South Royalton" />
    <tag k="addr:housenumber" v="39" />
    <tag k="addr:street" v="Royalton Common Road" />
    <tag k="addr:state" v="VT" />
    <tag k="ref:vcgi:esiteid" v="206428" />
  </node>
  <node id="-720" visible="true" lat="43.815752702138" lon="-72.514116421911">
    <tag k="addr:city" v="South Royalton" />
    <tag k="addr:housenumber" v="506" />
    <tag k="addr:street" v="South Windsor Street" />
    <tag k="addr:state" v="VT" />
    <tag k="ref:vcgi:esiteid" v="206429" />
  </node>
  <node id="-721" visible="true" lat="43.815651326717" lon="-72.548293541253">
    <tag k="addr:city" v="South Royalton" />
    <tag k="addr:housenumber" v="75" />
    <tag k="addr:street" v="Lyon Road" />
    <tag k="addr:state" v="VT" />
    <tag k="ref:vcgi:esiteid" v="206430" />
  </node>
  <node id="-722" visible="true" lat="43.815708800755" lon="-72.51485812624">
    <tag k="addr:city" v="South Royalton" />
    <tag k="addr:housenumber" v="43" />
    <tag k="addr:street" v="Caron Circle" />
    <tag k="addr:state" v="VT" />
    <tag k="ref:vcgi:esiteid" v="206431" />
  </node>
  <node id="-723" visible="true" lat="43.815669357171" lon="-72.507534447408">
    <tag k="addr:city" v="South Royalton" />
    <tag k="addr:housenumber" v="281" />
    <tag k="addr:street" v="Roberts Road" />
    <tag k="addr:state" v="VT" />
    <tag k="ref:vcgi:esiteid" v="206432" />
  </node>
  <node id="-724" visible="true" lat="43.815662211879" lon="-72.518769338418">
    <tag k="addr:city" v="South Royalton" />
    <tag k="addr:housenumber" v="190" />
    <tag k="addr:street" v="Pleasant Street" />
    <tag k="addr:state" v="VT" />
    <tag k="ref:vcgi:esiteid" v="206433" />
  </node>
  <node id="-725" visible="true" lat="43.815542301916" lon="-72.547331104408">
    <tag k="addr:city" v="South Royalton" />
    <tag k="addr:housenumber" v="4322" />
    <tag k="addr:street" v="Vermont Route 14" />
    <tag k="addr:state" v="VT" />
    <tag k="ref:vcgi:esiteid" v="206434" />
  </node>
  <node id="-726" visible="true" lat="43.815585809534" lon="-72.558014913949">
    <tag k="addr:city" v="South Royalton" />
    <tag k="addr:housenumber" v="185" />
    <tag k="addr:street" v="Vesper Road" />
    <tag k="addr:state" v="VT" />
    <tag k="ref:vcgi:esiteid" v="206435" />
  </node>
  <node id="-727" visible="true" lat="43.815632709067" lon="-72.513367175984">
    <tag k="addr:city" v="South Royalton" />
    <tag k="addr:housenumber" v="539" />
    <tag k="addr:street" v="South Windsor Street" />
    <tag k="addr:state" v="VT" />
    <tag k="ref:vcgi:esiteid" v="206436" />
  </node>
  <node id="-728" visible="true" lat="43.815586270706" lon="-72.549222306422">
    <tag k="addr:city" v="South Royalton" />
    <tag k="addr:housenumber" v="39" />
    <tag k="addr:street" v="Lyon Road" />
    <tag k="addr:state" v="VT" />
    <tag k="ref:vcgi:esiteid" v="206437" />
  </node>
  <node id="-729" visible="true" lat="43.815552387076" lon="-72.515239995217">
    <tag k="addr:city" v="South Royalton" />
    <tag k="addr:housenumber" v="89" />
    <tag k="addr:street" v="Caron Circle" />
    <tag k="addr:state" v="VT" />
    <tag k="ref:vcgi:esiteid" v="206439" />
  </node>
  <node id="-730" visible="true" lat="43.815464813034" lon="-72.546311223561">
    <tag k="addr:city" v="South Royalton" />
    <tag k="addr:housenumber" v="111" />
    <tag k="addr:street" v="Royalton Common Road" />
    <tag k="addr:state" v="VT" />
    <tag k="ref:vcgi:esiteid" v="206440" />
  </node>
  <node id="-731" visible="true" lat="43.815450122673" lon="-72.518150777601">
    <tag k="addr:city" v="South Royalton" />
    <tag k="addr:housenumber" v="221" />
    <tag k="addr:street" v="Pleasant Street" />
    <tag k="addr:state" v="VT" />
    <tag k="ref:vcgi:esiteid" v="206441" />
  </node>
  <node id="-732" visible="true" lat="43.815462783508" lon="-72.481522069132">
    <tag k="addr:city" v="South Royalton" />
    <tag k="addr:housenumber" v="336" />
    <tag k="addr:street" v="Bingham Road" />
    <tag k="addr:state" v="VT" />
    <tag k="ref:vcgi:esiteid" v="206442" />
  </node>
  <node id="-733" visible="true" lat="43.815364890277" lon="-72.490591278484">
    <tag k="addr:city" v="South Royalton" />
    <tag k="addr:housenumber" v="879" />
    <tag k="addr:street" v="Dairy Hill Road" />
    <tag k="addr:state" v="VT" />
    <tag k="ref:vcgi:esiteid" v="206443" />
  </node>
  <node id="-734" visible="true" lat="43.8154170523" lon="-72.482871434591">
    <tag k="addr:city" v="South Royalton" />
    <tag k="addr:housenumber" v="335" />
    <tag k="addr:street" v="Bingham Road" />
    <tag k="addr:state" v="VT" />
    <tag k="ref:vcgi:esiteid" v="206444" />
  </node>
  <node id="-735" visible="true" lat="43.81543329307" lon="-72.570941344275">
    <tag k="addr:city" v="South Royalton" />
    <tag k="addr:housenumber" v="713" />
    <tag k="addr:street" v="Royalton Hill Road" />
    <tag k="addr:state" v="VT" />
    <tag k="ref:vcgi:esiteid" v="206445" />
  </node>
  <node id="-736" visible="true" lat="43.815336708701" lon="-72.547767268661">
    <tag k="addr:city" v="South Royalton" />
    <tag k="addr:housenumber" v="4342" />
    <tag k="addr:street" v="Vermont Route 14" />
    <tag k="addr:state" v="VT" />
    <tag k="ref:vcgi:esiteid" v="206446" />
  </node>
  <node id="-737" visible="true" lat="43.815404438206" lon="-72.507000987517">
    <tag k="addr:city" v="South Royalton" />
    <tag k="addr:housenumber" v="197" />
    <tag k="addr:street" v="Roberts Road" />
    <tag k="addr:state" v="VT" />
    <tag k="ref:vcgi:esiteid" v="206447" />
  </node>
  <node id="-738" visible="true" lat="43.81533451812" lon="-72.514346948842">
    <tag k="addr:city" v="South Royalton" />
    <tag k="addr:housenumber" v="169" />
    <tag k="addr:street" v="Caron Circle" />
    <tag k="addr:state" v="VT" />
    <tag k="ref:vcgi:esiteid" v="206448" />
  </node>
  <node id="-739" visible="true" lat="43.815194904584" lon="-72.548110498904">
    <tag k="addr:city" v="South Royalton" />
    <tag k="addr:housenumber" v="4370" />
    <tag k="addr:street" v="Vermont Route 14" />
    <tag k="addr:state" v="VT" />
    <tag k="ref:vcgi:esiteid" v="206449" />
  </node>
  <node id="-740" visible="true" lat="43.815197218169" lon="-72.579990707207">
    <tag k="addr:city" v="South Royalton" />
    <tag k="addr:housenumber" v="1108" />
    <tag k="addr:street" v="Royalton Hill Road" />
    <tag k="addr:state" v="VT" />
    <tag k="ref:vcgi:esiteid" v="206450" />
  </node>
  <node id="-741" visible="true" lat="43.815325853985" lon="-72.515055314942">
    <tag k="addr:city" v="South Royalton" />
    <tag k="addr:housenumber" v="107" />
    <tag k="addr:street" v="Caron Circle" />
    <tag k="addr:state" v="VT" />
    <tag k="ref:vcgi:esiteid" v="206451" />
  </node>
  <node id="-742" visible="true" lat="43.815272889022" lon="-72.546712610369">
    <tag k="addr:city" v="South Royalton" />
    <tag k="addr:housenumber" v="58" />
    <tag k="addr:street" v="Bridge Street" />
    <tag k="addr:state" v="VT" />
    <tag k="ref:vcgi:esiteid" v="206452" />
  </node>
  <node id="-743" visible="true" lat="43.815249307772" lon="-72.549024421792">
    <tag k="addr:city" v="South Royalton" />
    <tag k="addr:housenumber" v="23" />
    <tag k="addr:street" v="Lyon Road" />
    <tag k="addr:state" v="VT" />
    <tag k="ref:vcgi:esiteid" v="206453" />
  </node>
  <node id="-744" visible="true" lat="43.815236699091" lon="-72.613960686156">
    <tag k="addr:city" v="Bethel" />
    <tag k="addr:housenumber" v="137" />
    <tag k="addr:street" v="Carney Road" />
    <tag k="addr:state" v="VT" />
    <tag k="ref:vcgi:esiteid" v="206454" />
  </node>
  <node id="-745" visible="true" lat="43.815248200657" lon="-72.573614402463">
    <tag k="addr:city" v="South Royalton" />
    <tag k="addr:housenumber" v="843" />
    <tag k="addr:street" v="Royalton Hill Road" />
    <tag k="addr:state" v="VT" />
    <tag k="ref:vcgi:esiteid" v="206455" />
  </node>
  <node id="-746" visible="true" lat="43.815283899307" lon="-72.518047855614">
    <tag k="addr:city" v="South Royalton" />
    <tag k="addr:housenumber" v="235" />
    <tag k="addr:street" v="Pleasant Street" />
    <tag k="addr:state" v="VT" />
    <tag k="ref:vcgi:esiteid" v="206456" />
  </node>
  <node id="-747" visible="true" lat="43.815226473733" lon="-72.57548622072">
    <tag k="addr:city" v="South Royalton" />
    <tag k="addr:housenumber" v="943" />
    <tag k="addr:street" v="Royalton Hill Road" />
    <tag k="addr:state" v="VT" />
    <tag k="ref:vcgi:esiteid" v="206457" />
  </node>
  <node id="-748" visible="true" lat="43.815231964348" lon="-72.515577394075">
    <tag k="addr:city" v="South Royalton" />
    <tag k="addr:housenumber" v="96" />
    <tag k="addr:street" v="Caron Circle" />
    <tag k="addr:state" v="VT" />
    <tag k="ref:vcgi:esiteid" v="206458" />
  </node>
  <node id="-749" visible="true" lat="43.815144757685" lon="-72.514789316767">
    <tag k="addr:city" v="South Royalton" />
    <tag k="addr:housenumber" v="143" />
    <tag k="addr:street" v="Caron Circle" />
    <tag k="addr:state" v="VT" />
    <tag k="ref:vcgi:esiteid" v="206459" />
  </node>
  <node id="-750" visible="true" lat="43.815185240865" lon="-72.513746334028">
    <tag k="addr:city" v="South Royalton" />
    <tag k="addr:housenumber" v="190" />
    <tag k="addr:street" v="Caron Circle" />
    <tag k="addr:state" v="VT" />
    <tag k="ref:vcgi:esiteid" v="206460" />
  </node>
  <node id="-751" visible="true" lat="43.815131107295" lon="-72.56000097176">
    <tag k="addr:city" v="South Royalton" />
    <tag k="addr:housenumber" v="4973" />
    <tag k="addr:street" v="Vermont Route 14" />
    <tag k="addr:state" v="VT" />
    <tag k="ref:vcgi:esiteid" v="206461" />
  </node>
  <node id="-752" visible="true" lat="43.815160801634" lon="-72.517721418487">
    <tag k="addr:city" v="South Royalton" />
    <tag k="addr:housenumber" v="251" />
    <tag k="addr:street" v="Pleasant Street" />
    <tag k="addr:state" v="VT" />
    <tag k="ref:vcgi:esiteid" v="206462" />
  </node>
  <node id="-753" visible="true" lat="43.815106922426" lon="-72.545990514747">
    <tag k="addr:city" v="South Royalton" />
    <tag k="addr:housenumber" v="89" />
    <tag k="addr:street" v="Bridge Street" />
    <tag k="addr:state" v="VT" />
    <tag k="ref:vcgi:esiteid" v="206463" />
  </node>
  <node id="-754" visible="true" lat="43.815036464583" lon="-72.514118071629">
    <tag k="addr:city" v="South Royalton" />
    <tag k="addr:housenumber" v="170" />
    <tag k="addr:street" v="Caron Circle" />
    <tag k="addr:state" v="VT" />
    <tag k="ref:vcgi:esiteid" v="206464" />
  </node>
  <node id="-755" visible="true" lat="43.814918233293" lon="-72.547833161961">
    <tag k="addr:city" v="South Royalton" />
    <tag k="addr:housenumber" v="4365" />
    <tag k="addr:street" v="Vermont Route 14" />
    <tag k="addr:state" v="VT" />
    <tag k="ref:vcgi:esiteid" v="206465" />
  </node>
  <node id="-756" visible="true" lat="43.814941176615" lon="-72.513525459907">
    <tag k="addr:city" v="South Royalton" />
    <tag k="addr:housenumber" v="564" />
    <tag k="addr:street" v="South Windsor Street" />
    <tag k="addr:state" v="VT" />
    <tag k="ref:vcgi:esiteid" v="206466" />
  </node>
  <node id="-757" visible="true" lat="43.814955778115" lon="-72.577563506817">
    <tag k="addr:city" v="South Royalton" />
    <tag k="addr:housenumber" v="1057" />
    <tag k="addr:street" v="Royalton Hill Road" />
    <tag k="addr:state" v="VT" />
    <tag k="ref:vcgi:esiteid" v="206467" />
  </node>
  <node id="-758" visible="true" lat="43.814996825449" lon="-72.5167312592">
    <tag k="addr:city" v="South Royalton" />
    <tag k="addr:housenumber" v="69" />
    <tag k="addr:street" v="South Street" />
    <tag k="addr:state" v="VT" />
    <tag k="ref:vcgi:esiteid" v="206468" />
  </node>
  <node id="-759" visible="true" lat="43.814911063031" lon="-72.549911502754">
    <tag k="addr:city" v="South Royalton" />
    <tag k="addr:housenumber" v="13" />
    <tag k="addr:street" v="Lyon Road" />
    <tag k="addr:state" v="VT" />
    <tag k="ref:vcgi:esiteid" v="206469" />
  </node>
  <node id="-760" visible="true" lat="43.814887282823" lon="-72.518248094731">
    <tag k="addr:city" v="South Royalton" />
    <tag k="addr:housenumber" v="246" />
    <tag k="addr:street" v="Pleasant Street" />
    <tag k="addr:state" v="VT" />
    <tag k="ref:vcgi:esiteid" v="206470" />
  </node>
  <node id="-761" visible="true" lat="43.814929658455" lon="-72.502822290444">
    <tag k="addr:city" v="South Royalton" />
    <tag k="addr:housenumber" v="199" />
    <tag k="addr:street" v="Dairy Hill Road" />
    <tag k="addr:state" v="VT" />
    <tag k="ref:vcgi:esiteid" v="206471" />
  </node>
  <node id="-762" visible="true" lat="43.8149049581" lon="-72.555392966432">
    <tag k="addr:city" v="South Royalton" />
    <tag k="addr:housenumber" v="188" />
    <tag k="addr:street" v="Vesper Road" />
    <tag k="addr:state" v="VT" />
    <tag k="ref:vcgi:esiteid" v="206472" />
  </node>
  <node id="-763" visible="true" lat="43.814820351831" lon="-72.548175667995">
    <tag k="addr:city" v="South Royalton" />
    <tag k="addr:housenumber" v="4381" />
    <tag k="addr:street" v="Vermont Route 14" />
    <tag k="addr:state" v="VT" />
    <tag k="ref:vcgi:esiteid" v="206473" />
  </node>
  <node id="-764" visible="true" lat="43.814873419968" lon="-72.49292126865">
    <tag k="addr:city" v="South Royalton" />
    <tag k="addr:housenumber" v="773" />
    <tag k="addr:street" v="Dairy Hill Road" />
    <tag k="addr:state" v="VT" />
    <tag k="ref:vcgi:esiteid" v="206474" />
  </node>
  <node id="-765" visible="true" lat="43.814893864469" lon="-72.514423252625">
    <tag k="addr:city" v="South Royalton" />
    <tag k="addr:housenumber" v="152" />
    <tag k="addr:street" v="Caron Circle" />
    <tag k="addr:state" v="VT" />
    <tag k="ref:vcgi:esiteid" v="206475" />
  </node>
  <node id="-766" visible="true" lat="43.814855264885" lon="-72.515254457626">
    <tag k="addr:city" v="South Royalton" />
    <tag k="addr:housenumber" v="126" />
    <tag k="addr:street" v="Caron Circle" />
    <tag k="addr:state" v="VT" />
    <tag k="ref:vcgi:esiteid" v="206476" />
  </node>
  <node id="-767" visible="true" lat="43.814761082552" lon="-72.615001256708">
    <tag k="addr:city" v="Bethel" />
    <tag k="addr:housenumber" v="168" />
    <tag k="addr:street" v="Carney Road" />
    <tag k="addr:state" v="VT" />
    <tag k="ref:vcgi:esiteid" v="206477" />
  </node>
  <node id="-768" visible="true" lat="43.814802632776" lon="-72.512915845584">
    <tag k="addr:city" v="South Royalton" />
    <tag k="addr:housenumber" v="593" />
    <tag k="addr:street" v="South Windsor Street" />
    <tag k="addr:state" v="VT" />
    <tag k="ref:vcgi:esiteid" v="206478" />
  </node>
  <node id="-769" visible="true" lat="43.814716593067" lon="-72.558859613715">
    <tag k="addr:city" v="South Royalton" />
    <tag k="addr:housenumber" v="4919" />
    <tag k="addr:street" v="Vermont Route 14" />
    <tag k="addr:state" v="VT" />
    <tag k="ref:vcgi:esiteid" v="206479" />
  </node>
  <node id="-770" visible="true" lat="43.814645717258" lon="-72.549095882164">
    <tag k="addr:city" v="South Royalton" />
    <tag k="addr:housenumber" v="4429" />
    <tag k="addr:street" v="Vermont Route 14" />
    <tag k="addr:state" v="VT" />
    <tag k="ref:vcgi:esiteid" v="206480" />
  </node>
  <node id="-771" visible="true" lat="43.814667961873" lon="-72.505003685675">
    <tag k="addr:city" v="South Royalton" />
    <tag k="addr:housenumber" v="129" />
    <tag k="addr:street" v="West Trottier Road" />
    <tag k="addr:state" v="VT" />
    <tag k="ref:vcgi:esiteid" v="206481" />
  </node>
  <node id="-772" visible="true" lat="43.814744142713" lon="-72.514739347426">
    <tag k="addr:city" v="South Royalton" />
    <tag k="addr:housenumber" v="136" />
    <tag k="addr:street" v="Caron Circle" />
    <tag k="addr:state" v="VT" />
    <tag k="ref:vcgi:esiteid" v="206482" />
  </node>
  <node id="-773" visible="true" lat="43.814658456472" lon="-72.548556883051">
    <tag k="addr:city" v="South Royalton" />
    <tag k="addr:housenumber" v="4403" />
    <tag k="addr:street" v="Vermont Route 14" />
    <tag k="addr:state" v="VT" />
    <tag k="ref:vcgi:esiteid" v="206483" />
  </node>
  <node id="-774" visible="true" lat="43.814620214649" lon="-72.498008834956">
    <tag k="addr:city" v="South Royalton" />
    <tag k="addr:housenumber" v="413" />
    <tag k="addr:street" v="Dairy Hill Road" />
    <tag k="addr:state" v="VT" />
    <tag k="ref:vcgi:esiteid" v="206484" />
  </node>
  <node id="-775" visible="true" lat="43.814684254595" lon="-72.516343933616">
    <tag k="addr:city" v="South Royalton" />
    <tag k="addr:housenumber" v="60" />
    <tag k="addr:street" v="South Street" />
    <tag k="addr:state" v="VT" />
    <tag k="ref:vcgi:esiteid" v="206485" />
  </node>
  <node id="-776" visible="true" lat="43.814543915212" lon="-72.51326317771">
    <tag k="addr:city" v="South Royalton" />
    <tag k="addr:housenumber" v="596" />
    <tag k="addr:street" v="South Windsor Street" />
    <tag k="addr:state" v="VT" />
    <tag k="ref:vcgi:esiteid" v="206487" />
  </node>
  <node id="-777" visible="true" lat="43.814514741684" lon="-72.549666481218">
    <tag k="addr:city" v="South Royalton" />
    <tag k="addr:housenumber" v="4457" />
    <tag k="addr:street" v="Vermont Route 14" />
    <tag k="addr:state" v="VT" />
    <tag k="ref:vcgi:esiteid" v="206488" />
  </node>
  <node id="-778" visible="true" lat="43.814466408258" lon="-72.516527747175">
    <tag k="addr:city" v="South Royalton" />
    <tag k="addr:housenumber" v="50" />
    <tag k="addr:street" v="South Street" />
    <tag k="addr:state" v="VT" />
    <tag k="ref:vcgi:esiteid" v="206489" />
  </node>
  <node id="-779" visible="true" lat="43.814473529781" lon="-72.550077603604">
    <tag k="addr:city" v="South Royalton" />
    <tag k="addr:housenumber" v="4479" />
    <tag k="addr:street" v="Vermont Route 14" />
    <tag k="addr:state" v="VT" />
    <tag k="ref:vcgi:esiteid" v="206490" />
  </node>
  <node id="-780" visible="true" lat="43.814445812598" lon="-72.550586618971">
    <tag k="addr:city" v="South Royalton" />
    <tag k="addr:housenumber" v="4497" />
    <tag k="addr:street" v="Vermont Route 14" />
    <tag k="addr:state" v="VT" />
    <tag k="ref:vcgi:esiteid" v="206491" />
  </node>
  <node id="-781" visible="true" lat="43.814460894275" lon="-72.498525064486">
    <tag k="addr:city" v="South Royalton" />
    <tag k="addr:housenumber" v="401" />
    <tag k="addr:street" v="Dairy Hill Road" />
    <tag k="addr:state" v="VT" />
    <tag k="ref:vcgi:esiteid" v="206492" />
  </node>
  <node id="-782" visible="true" lat="43.814283273123" lon="-72.51307913821">
    <tag k="addr:city" v="South Royalton" />
    <tag k="addr:housenumber" v="616" />
    <tag k="addr:street" v="South Windsor Street" />
    <tag k="addr:state" v="VT" />
    <tag k="ref:vcgi:esiteid" v="206493" />
  </node>
  <node id="-783" visible="true" lat="43.814339292938" lon="-72.497461620367">
    <tag k="addr:city" v="South Royalton" />
    <tag k="addr:housenumber" v="36" />
    <tag k="addr:street" v="Ducker Road" />
    <tag k="addr:state" v="VT" />
    <tag k="ref:vcgi:esiteid" v="206494" />
  </node>
  <node id="-784" visible="true" lat="43.814304433501" lon="-72.552470460778">
    <tag k="addr:city" v="South Royalton" />
    <tag k="addr:housenumber" v="4603" />
    <tag k="addr:street" v="Vermont Route 14" />
    <tag k="addr:state" v="VT" />
    <tag k="ref:vcgi:esiteid" v="206495" />
  </node>
  <node id="-785" visible="true" lat="43.814287295623" lon="-72.577586127309">
    <tag k="addr:city" v="South Royalton" />
    <tag k="addr:housenumber" v="3004" />
    <tag k="addr:street" v="Back River Road" />
    <tag k="addr:state" v="VT" />
    <tag k="ref:vcgi:esiteid" v="206496" />
  </node>
  <node id="-786" visible="true" lat="43.814274892517" lon="-72.512526823137">
    <tag k="addr:city" v="South Royalton" />
    <tag k="addr:housenumber" v="635" />
    <tag k="addr:street" v="South Windsor Street" />
    <tag k="addr:state" v="VT" />
    <tag k="ref:vcgi:esiteid" v="206497" />
  </node>
  <node id="-787" visible="true" lat="43.814244943808" lon="-72.516892468718">
    <tag k="addr:city" v="South Royalton" />
    <tag k="addr:housenumber" v="20" />
    <tag k="addr:street" v="South Street" />
    <tag k="addr:state" v="VT" />
    <tag k="ref:vcgi:esiteid" v="206498" />
  </node>
  <node id="-788" visible="true" lat="43.814184339228" lon="-72.508261576646">
    <tag k="addr:city" v="South Royalton" />
    <tag k="addr:housenumber" v="1495" />
    <tag k="addr:street" v="Vermont Route 14" />
    <tag k="addr:state" v="VT" />
    <tag k="ref:vcgi:esiteid" v="206499" />
  </node>
  <node id="-789" visible="true" lat="43.814186913871" lon="-72.506912393793">
    <tag k="addr:city" v="South Royalton" />
    <tag k="addr:housenumber" v="85" />
    <tag k="addr:street" v="Roberts Road" />
    <tag k="addr:state" v="VT" />
    <tag k="ref:vcgi:esiteid" v="206500" />
  </node>
  <node id="-790" visible="true" lat="43.814075007164" lon="-72.504027849492">
    <tag k="addr:city" v="South Royalton" />
    <tag k="addr:housenumber" v="141" />
    <tag k="addr:street" v="Dairy Hill Road" />
    <tag k="addr:state" v="VT" />
    <tag k="ref:vcgi:esiteid" v="206501" />
  </node>
  <node id="-791" visible="true" lat="43.813997516837" lon="-72.517276593799">
    <tag k="addr:city" v="South Royalton" />
    <tag k="addr:housenumber" v="10" />
    <tag k="addr:street" v="South Street" />
    <tag k="addr:state" v="VT" />
    <tag k="ref:vcgi:esiteid" v="206502" />
  </node>
  <node id="-792" visible="true" lat="43.814087741476" lon="-72.491626686578">
    <tag k="addr:city" v="South Royalton" />
    <tag k="addr:housenumber" v="776" />
    <tag k="addr:street" v="Dairy Hill Road" />
    <tag k="addr:state" v="VT" />
    <tag k="ref:vcgi:esiteid" v="206503" />
  </node>
  <node id="-793" visible="true" lat="43.813873117746" lon="-72.512925621141">
    <tag k="addr:city" v="South Royalton" />
    <tag k="addr:housenumber" v="640" />
    <tag k="addr:street" v="South Windsor Street" />
    <tag k="addr:state" v="VT" />
    <tag k="ref:vcgi:esiteid" v="206504" />
  </node>
  <node id="-794" visible="true" lat="43.813847977198" lon="-72.506228732498">
    <tag k="addr:city" v="South Royalton" />
    <tag k="addr:housenumber" v="52" />
    <tag k="addr:street" v="Roberts Road" />
    <tag k="addr:state" v="VT" />
    <tag k="ref:vcgi:esiteid" v="206505" />
  </node>
  <node id="-795" visible="true" lat="43.813818976319" lon="-72.516001845025">
    <tag k="addr:city" v="South Royalton" />
    <tag k="addr:housenumber" v="71" />
    <tag k="addr:street" v="Oxbow Road" />
    <tag k="addr:state" v="VT" />
    <tag k="ref:vcgi:esiteid" v="206506" />
  </node>
  <node id="-796" visible="true" lat="43.813771699035" lon="-72.517734924955">
    <tag k="addr:city" v="South Royalton" />
    <tag k="addr:housenumber" v="52" />
    <tag k="addr:street" v="Oxbow Road" />
    <tag k="addr:state" v="VT" />
    <tag k="ref:vcgi:esiteid" v="206507" />
  </node>
  <node id="-797" visible="true" lat="43.813553080983" lon="-72.49356552764">
    <tag k="addr:city" v="South Royalton" />
    <tag k="addr:housenumber" v="713" />
    <tag k="addr:street" v="Dairy Hill Road" />
    <tag k="addr:state" v="VT" />
    <tag k="ref:vcgi:esiteid" v="206508" />
  </node>
  <node id="-798" visible="true" lat="43.813770914573" lon="-72.505303998209">
    <tag k="addr:city" v="South Royalton" />
    <tag k="addr:housenumber" v="71" />
    <tag k="addr:street" v="Dairy Hill Road" />
    <tag k="addr:state" v="VT" />
    <tag k="ref:vcgi:esiteid" v="206509" />
  </node>
  <node id="-799" visible="true" lat="43.813655882598" lon="-72.619995139995">
    <tag k="addr:city" v="Bethel" />
    <tag k="addr:housenumber" v="318" />
    <tag k="addr:street" v="Putt Road" />
    <tag k="addr:state" v="VT" />
    <tag k="ref:vcgi:esiteid" v="206510" />
  </node>
  <node id="-800" visible="true" lat="43.813638369785" lon="-72.506939518725">
    <tag k="addr:city" v="South Royalton" />
    <tag k="addr:housenumber" v="59" />
    <tag k="addr:street" v="Roberts Road" />
    <tag k="addr:state" v="VT" />
    <tag k="ref:vcgi:esiteid" v="206511" />
  </node>
  <node id="-801" visible="true" lat="43.813643097925" lon="-72.512633027681">
    <tag k="addr:city" v="South Royalton" />
    <tag k="addr:housenumber" v="666" />
    <tag k="addr:street" v="South Windsor Street" />
    <tag k="addr:state" v="VT" />
    <tag k="ref:vcgi:esiteid" v="206512" />
  </node>
  <node id="-802" visible="true" lat="43.813627800012" lon="-72.576304292211">
    <tag k="addr:city" v="South Royalton" />
    <tag k="addr:housenumber" v="2952" />
    <tag k="addr:street" v="Back River Road" />
    <tag k="addr:state" v="VT" />
    <tag k="ref:vcgi:esiteid" v="206513" />
  </node>
  <node id="-803" visible="true" lat="43.813479634738" lon="-72.499778987943">
    <tag k="addr:city" v="South Royalton" />
    <tag k="addr:housenumber" v="70" />
    <tag k="addr:street" v="East Trottier Road" />
    <tag k="addr:state" v="VT" />
    <tag k="ref:vcgi:esiteid" v="206514" />
  </node>
  <node id="-804" visible="true" lat="43.813539140209" lon="-72.490825134346">
    <tag k="addr:city" v="South Royalton" />
    <tag k="addr:housenumber" v="89" />
    <tag k="addr:street" v="Sherlock Road" />
    <tag k="addr:state" v="VT" />
    <tag k="ref:vcgi:esiteid" v="206516" />
  </node>
  <node id="-805" visible="true" lat="43.813571995163" lon="-72.51213009811">
    <tag k="addr:city" v="South Royalton" />
    <tag k="addr:housenumber" v="687" />
    <tag k="addr:street" v="South Windsor Street" />
    <tag k="addr:state" v="VT" />
    <tag k="ref:vcgi:esiteid" v="206517" />
  </node>
  <node id="-806" visible="true" lat="43.813522935494" lon="-72.507628734482">
    <tag k="addr:city" v="South Royalton" />
    <tag k="addr:housenumber" v="1437" />
    <tag k="addr:street" v="Vermont Route 14" />
    <tag k="addr:state" v="VT" />
    <tag k="ref:vcgi:esiteid" v="206518" />
  </node>
  <node id="-807" visible="true" lat="43.813477648947" lon="-72.503752133035">
    <tag k="addr:city" v="South Royalton" />
    <tag k="addr:housenumber" v="52" />
    <tag k="addr:street" v="Havens Cemetery Road" />
    <tag k="addr:state" v="VT" />
    <tag k="ref:vcgi:esiteid" v="206519" />
  </node>
  <node id="-808" visible="true" lat="43.81342234051" lon="-72.481313493493">
    <tag k="addr:city" v="South Royalton" />
    <tag k="addr:housenumber" v="100" />
    <tag k="addr:street" v="Ob Lane" />
    <tag k="addr:state" v="VT" />
    <tag k="ref:vcgi:esiteid" v="206520" />
  </node>
  <node id="-809" visible="true" lat="43.813303691292" lon="-72.576813170605">
    <tag k="addr:city" v="South Royalton" />
    <tag k="addr:housenumber" v="2924" />
    <tag k="addr:street" v="Back River Road" />
    <tag k="addr:state" v="VT" />
    <tag k="ref:vcgi:esiteid" v="206521" />
  </node>
  <node id="-810" visible="true" lat="43.813309250734" lon="-72.512638140352">
    <tag k="addr:city" v="South Royalton" />
    <tag k="addr:housenumber" v="686" />
    <tag k="addr:street" v="South Windsor Street" />
    <tag k="addr:state" v="VT" />
    <tag k="ref:vcgi:esiteid" v="206522" />
  </node>
  <node id="-811" visible="true" lat="43.813153119447" lon="-72.512711598571">
    <tag k="addr:city" v="South Royalton" />
    <tag k="addr:housenumber" v="690" />
    <tag k="addr:street" v="South Windsor Street" />
    <tag k="addr:state" v="VT" />
    <tag k="ref:vcgi:esiteid" v="206523" />
  </node>
  <node id="-812" visible="true" lat="43.813238799008" lon="-72.506376780257">
    <tag k="addr:city" v="South Royalton" />
    <tag k="addr:housenumber" v="23" />
    <tag k="addr:street" v="Roberts Road" />
    <tag k="addr:state" v="VT" />
    <tag k="ref:vcgi:esiteid" v="206524" />
  </node>
  <node id="-813" visible="true" lat="43.81327022989" lon="-72.481557832012">
    <tag k="addr:city" v="South Royalton" />
    <tag k="addr:housenumber" v="93" />
    <tag k="addr:street" v="Ob Lane" />
    <tag k="addr:state" v="VT" />
    <tag k="ref:vcgi:esiteid" v="206525" />
  </node>
  <node id="-814" visible="true" lat="43.813082517844" lon="-72.576114856874">
    <tag k="addr:city" v="South Royalton" />
    <tag k="addr:housenumber" v="2894" />
    <tag k="addr:street" v="Back River Road" />
    <tag k="addr:state" v="VT" />
    <tag k="ref:vcgi:esiteid" v="206526" />
  </node>
  <node id="-815" visible="true" lat="43.812968593788" lon="-72.512812356354">
    <tag k="addr:city" v="South Royalton" />
    <tag k="addr:housenumber" v="700" />
    <tag k="addr:street" v="South Windsor Street" />
    <tag k="addr:state" v="VT" />
    <tag k="ref:vcgi:esiteid" v="206527" />
  </node>
  <node id="-816" visible="true" lat="43.812940481395" lon="-72.506837488798">
    <tag k="addr:city" v="South Royalton" />
    <tag k="addr:housenumber" v="1389" />
    <tag k="addr:street" v="Vermont Route 14" />
    <tag k="addr:state" v="VT" />
    <tag k="ref:vcgi:esiteid" v="206528" />
  </node>
  <node id="-817" visible="true" lat="43.813153560394" lon="-72.511901745478">
    <tag k="addr:city" v="South Royalton" />
    <tag k="addr:housenumber" v="721" />
    <tag k="addr:street" v="South Windsor Street" />
    <tag k="addr:state" v="VT" />
    <tag k="ref:vcgi:esiteid" v="206529" />
  </node>
  <node id="-818" visible="true" lat="43.812717170039" lon="-72.512799117608">
    <tag k="addr:city" v="South Royalton" />
    <tag k="addr:housenumber" v="712" />
    <tag k="addr:street" v="South Windsor Street" />
    <tag k="addr:state" v="VT" />
    <tag k="ref:vcgi:esiteid" v="206530" />
  </node>
  <node id="-819" visible="true" lat="43.812605053603" lon="-72.512617140492">
    <tag k="addr:city" v="South Royalton" />
    <tag k="addr:housenumber" v="724" />
    <tag k="addr:street" v="South Windsor Street" />
    <tag k="addr:state" v="VT" />
    <tag k="ref:vcgi:esiteid" v="206531" />
  </node>
  <node id="-820" visible="true" lat="43.812686134507" lon="-72.498391877429">
    <tag k="addr:city" v="South Royalton" />
    <tag k="addr:housenumber" v="448" />
    <tag k="addr:street" v="Dairy Hill Road" />
    <tag k="addr:state" v="VT" />
    <tag k="ref:vcgi:esiteid" v="206532" />
  </node>
  <node id="-821" visible="true" lat="43.812330252895" lon="-72.512618830172">
    <tag k="addr:city" v="South Royalton" />
    <tag k="addr:housenumber" v="738" />
    <tag k="addr:street" v="South Windsor Street" />
    <tag k="addr:state" v="VT" />
    <tag k="ref:vcgi:esiteid" v="206533" />
  </node>
  <node id="-822" visible="true" lat="43.812612679448" lon="-72.505448955061">
    <tag k="addr:city" v="South Royalton" />
    <tag k="addr:housenumber" v="20" />
    <tag k="addr:street" v="Dairy Hill Road" />
    <tag k="addr:state" v="VT" />
    <tag k="ref:vcgi:esiteid" v="206534" />
  </node>
  <node id="-823" visible="true" lat="43.812394477687" lon="-72.511504507365">
    <tag k="addr:city" v="South Royalton" />
    <tag k="addr:housenumber" v="759" />
    <tag k="addr:street" v="South Windsor Street" />
    <tag k="addr:state" v="VT" />
    <tag k="ref:vcgi:esiteid" v="206535" />
  </node>
  <node id="-824" visible="true" lat="43.812358687786" lon="-72.575870540102">
    <tag k="addr:city" v="South Royalton" />
    <tag k="addr:housenumber" v="2853" />
    <tag k="addr:street" v="Back River Road" />
    <tag k="addr:state" v="VT" />
    <tag k="ref:vcgi:esiteid" v="206536" />
  </node>
  <node id="-825" visible="true" lat="43.812227156832" lon="-72.512408908185">
    <tag k="addr:city" v="South Royalton" />
    <tag k="addr:housenumber" v="754" />
    <tag k="addr:street" v="South Windsor Street" />
    <tag k="addr:state" v="VT" />
    <tag k="ref:vcgi:esiteid" v="206537" />
  </node>
  <node id="-826" visible="true" lat="43.812418355829" lon="-72.516090737642">
    <tag k="addr:city" v="South Royalton" />
    <tag k="addr:housenumber" v="215" />
    <tag k="addr:street" v="Oxbow Road" />
    <tag k="addr:state" v="VT" />
    <tag k="ref:vcgi:esiteid" v="206538" />
  </node>
  <node id="-827" visible="true" lat="43.812331938351" lon="-72.498198494741">
    <tag k="addr:city" v="South Royalton" />
    <tag k="addr:housenumber" v="450" />
    <tag k="addr:street" v="Dairy Hill Road" />
    <tag k="addr:state" v="VT" />
    <tag k="ref:vcgi:esiteid" v="206539" />
  </node>
  <node id="-828" visible="true" lat="43.811927295357" lon="-72.503809545429">
    <tag k="addr:city" v="South Royalton" />
    <tag k="addr:housenumber" v="140" />
    <tag k="addr:street" v="Havens Cemetery Road" />
    <tag k="addr:state" v="VT" />
    <tag k="ref:vcgi:esiteid" v="206540" />
  </node>
  <node id="-829" visible="true" lat="43.811947266417" lon="-72.514049864795">
    <tag k="addr:city" v="South Royalton" />
    <tag k="addr:housenumber" v="73" />
    <tag k="addr:street" v="Oxbow Road" />
    <tag k="addr:state" v="VT" />
    <tag k="ref:vcgi:esiteid" v="206541" />
  </node>
  <node id="-830" visible="true" lat="43.811848186657" lon="-72.491707239168">
    <tag k="addr:city" v="South Royalton" />
    <tag k="addr:housenumber" v="116" />
    <tag k="addr:street" v="Sherlock Road" />
    <tag k="addr:state" v="VT" />
    <tag k="ref:vcgi:esiteid" v="206542" />
  </node>
  <node id="-831" visible="true" lat="43.811856812154" lon="-72.511160241">
    <tag k="addr:city" v="South Royalton" />
    <tag k="addr:housenumber" v="817" />
    <tag k="addr:street" v="South Windsor Street" />
    <tag k="addr:state" v="VT" />
    <tag k="ref:vcgi:esiteid" v="206543" />
  </node>
  <node id="-832" visible="true" lat="43.811290811102" lon="-72.490093138929">
    <tag k="addr:city" v="South Royalton" />
    <tag k="addr:housenumber" v="222" />
    <tag k="addr:street" v="Sherlock Road" />
    <tag k="addr:state" v="VT" />
    <tag k="ref:vcgi:esiteid" v="206544" />
  </node>
  <node id="-833" visible="true" lat="43.811676916563" lon="-72.494555071494">
    <tag k="addr:city" v="South Royalton" />
    <tag k="addr:housenumber" v="608" />
    <tag k="addr:street" v="Dairy Hill Road" />
    <tag k="addr:state" v="VT" />
    <tag k="ref:vcgi:esiteid" v="206545" />
  </node>
  <node id="-834" visible="true" lat="43.811546517633" lon="-72.48572468701">
    <tag k="addr:city" v="South Royalton" />
    <tag k="addr:housenumber" v="193" />
    <tag k="addr:street" v="Whitney Road" />
    <tag k="addr:state" v="VT" />
    <tag k="ref:vcgi:esiteid" v="206546" />
  </node>
  <node id="-835" visible="true" lat="43.811250860214" lon="-72.581446881253">
    <tag k="addr:city" v="South Royalton" />
    <tag k="addr:housenumber" v="1385" />
    <tag k="addr:street" v="Royalton Hill Road" />
    <tag k="addr:state" v="VT" />
    <tag k="ref:vcgi:esiteid" v="206547" />
  </node>
  <node id="-836" visible="true" lat="43.811435761045" lon="-72.483872668116">
    <tag k="addr:city" v="South Royalton" />
    <tag k="addr:housenumber" v="47" />
    <tag k="addr:street" v="Bingham Road" />
    <tag k="addr:state" v="VT" />
    <tag k="ref:vcgi:esiteid" v="206548" />
  </node>
  <node id="-837" visible="true" lat="43.811081831032" lon="-72.566370250807">
    <tag k="addr:city" v="South Royalton" />
    <tag k="addr:housenumber" v="2252" />
    <tag k="addr:street" v="Back River Road" />
    <tag k="addr:state" v="VT" />
    <tag k="ref:vcgi:esiteid" v="206549" />
  </node>
  <node id="-838" visible="true" lat="43.811181792874" lon="-72.51815162869">
    <tag k="addr:city" v="South Royalton" />
    <tag k="addr:housenumber" v="242" />
    <tag k="addr:street" v="Oxbow Road" />
    <tag k="addr:state" v="VT" />
    <tag k="ref:vcgi:esiteid" v="206550" />
  </node>
  <node id="-839" visible="true" lat="43.811194539225" lon="-72.562172400316">
    <tag k="addr:city" v="South Royalton" />
    <tag k="addr:housenumber" v="2096" />
    <tag k="addr:street" v="Back River Road" />
    <tag k="addr:state" v="VT" />
    <tag k="ref:vcgi:esiteid" v="206551" />
  </node>
  <node id="-840" visible="true" lat="43.810918603798" lon="-72.511163691764">
    <tag k="addr:city" v="South Royalton" />
    <tag k="addr:housenumber" v="864" />
    <tag k="addr:street" v="South Windsor Street" />
    <tag k="addr:state" v="VT" />
    <tag k="ref:vcgi:esiteid" v="206552" />
  </node>
  <node id="-841" visible="true" lat="43.812001256074" lon="-72.506345617946">
    <tag k="addr:city" v="South Royalton" />
    <tag k="addr:housenumber" v="100" />
    <tag k="addr:street" v="Riverside Lane" />
    <tag k="addr:state" v="VT" />
    <tag k="ref:vcgi:esiteid" v="206553" />
  </node>
  <node id="-842" visible="true" lat="43.810450784433" lon="-72.503970156051">
    <tag k="addr:city" v="South Royalton" />
    <tag k="addr:housenumber" v="1146" />
    <tag k="addr:street" v="Vermont Route 14" />
    <tag k="addr:state" v="VT" />
    <tag k="ref:vcgi:esiteid" v="206554" />
  </node>
  <node id="-843" visible="true" lat="43.810393486413" lon="-72.563973214625">
    <tag k="addr:city" v="South Royalton" />
    <tag k="addr:housenumber" v="2156" />
    <tag k="addr:street" v="Back River Road" />
    <tag k="addr:state" v="VT" />
    <tag k="ref:vcgi:esiteid" v="206555" />
  </node>
  <node id="-844" visible="true" lat="43.810279630232" lon="-72.510719545966">
    <tag k="addr:city" v="South Royalton" />
    <tag k="addr:housenumber" v="914" />
    <tag k="addr:street" v="South Windsor Street" />
    <tag k="addr:state" v="VT" />
    <tag k="ref:vcgi:esiteid" v="206556" />
  </node>
  <node id="-845" visible="true" lat="43.810427014105" lon="-72.625691895143">
    <tag k="addr:city" v="Bethel" />
    <tag k="addr:housenumber" v="102" />
    <tag k="addr:street" v="Rogers Lane" />
    <tag k="addr:state" v="VT" />
    <tag k="ref:vcgi:esiteid" v="206557" />
  </node>
  <node id="-846" visible="true" lat="43.810250394096" lon="-72.564500168525">
    <tag k="addr:city" v="South Royalton" />
    <tag k="addr:housenumber" v="2181" />
    <tag k="addr:street" v="Back River Road" />
    <tag k="addr:state" v="VT" />
    <tag k="ref:vcgi:esiteid" v="206558" />
  </node>
  <node id="-847" visible="true" lat="43.810048821143" lon="-72.510837800074">
    <tag k="addr:city" v="South Royalton" />
    <tag k="addr:housenumber" v="930" />
    <tag k="addr:street" v="South Windsor Street" />
    <tag k="addr:state" v="VT" />
    <tag k="ref:vcgi:esiteid" v="206559" />
  </node>
  <node id="-848" visible="true" lat="43.810045331763" lon="-72.569003750924">
    <tag k="addr:city" v="South Royalton" />
    <tag k="addr:housenumber" v="2391" />
    <tag k="addr:street" v="Back River Road" />
    <tag k="addr:state" v="VT" />
    <tag k="ref:vcgi:esiteid" v="206560" />
  </node>
  <node id="-849" visible="true" lat="43.810051568389" lon="-72.516760578629">
    <tag k="addr:city" v="South Royalton" />
    <tag k="addr:housenumber" v="43" />
    <tag k="addr:street" v="Manouvelos Lane" />
    <tag k="addr:state" v="VT" />
    <tag k="ref:vcgi:esiteid" v="206561" />
  </node>
  <node id="-850" visible="true" lat="43.810031062693" lon="-72.484234570297">
    <tag k="addr:city" v="South Royalton" />
    <tag k="addr:housenumber" v="294" />
    <tag k="addr:street" v="Whitney Road" />
    <tag k="addr:state" v="VT" />
    <tag k="ref:vcgi:esiteid" v="206562" />
  </node>
  <node id="-851" visible="true" lat="43.809913754778" lon="-72.570137801633">
    <tag k="addr:city" v="South Royalton" />
    <tag k="addr:housenumber" v="2393" />
    <tag k="addr:street" v="Back River Road" />
    <tag k="addr:state" v="VT" />
    <tag k="ref:vcgi:esiteid" v="206563" />
  </node>
  <node id="-852" visible="true" lat="43.809836971211" lon="-72.581987087879">
    <tag k="addr:city" v="South Royalton" />
    <tag k="addr:housenumber" v="1488" />
    <tag k="addr:street" v="Royalton Hill Road" />
    <tag k="addr:state" v="VT" />
    <tag k="ref:vcgi:esiteid" v="206564" />
  </node>
  <node id="-853" visible="true" lat="43.809851324598" lon="-72.545254726422">
    <tag k="addr:city" v="South Royalton" />
    <tag k="addr:housenumber" v="49" />
    <tag k="addr:street" v="Otto Merrill Road" />
    <tag k="addr:state" v="VT" />
    <tag k="ref:vcgi:esiteid" v="206565" />
  </node>
  <node id="-854" visible="true" lat="43.8097727977" lon="-72.515832211872">
    <tag k="addr:city" v="South Royalton" />
    <tag k="addr:housenumber" v="71" />
    <tag k="addr:street" v="Manouvelos Lane" />
    <tag k="addr:state" v="VT" />
    <tag k="ref:vcgi:esiteid" v="206566" />
  </node>
  <node id="-855" visible="true" lat="43.809721585005" lon="-72.509803645213">
    <tag k="addr:city" v="South Royalton" />
    <tag k="addr:housenumber" v="975" />
    <tag k="addr:street" v="South Windsor Street" />
    <tag k="addr:state" v="VT" />
    <tag k="ref:vcgi:esiteid" v="206567" />
  </node>
  <node id="-856" visible="true" lat="43.809630602445" lon="-72.510352158508">
    <tag k="addr:city" v="South Royalton" />
    <tag k="addr:housenumber" v="966" />
    <tag k="addr:street" v="South Windsor Street" />
    <tag k="addr:state" v="VT" />
    <tag k="ref:vcgi:esiteid" v="206568" />
  </node>
  <node id="-857" visible="true" lat="43.809600502355" lon="-72.503473982097">
    <tag k="addr:city" v="South Royalton" />
    <tag k="addr:housenumber" v="1136" />
    <tag k="addr:street" v="Vermont Route 14" />
    <tag k="addr:state" v="VT" />
    <tag k="ref:vcgi:esiteid" v="206569" />
  </node>
  <node id="-858" visible="true" lat="43.809589416913" lon="-72.547311197803">
    <tag k="addr:city" v="South Royalton" />
    <tag k="addr:housenumber" v="1036" />
    <tag k="addr:street" v="Back River Road" />
    <tag k="addr:state" v="VT" />
    <tag k="ref:vcgi:esiteid" v="206570" />
  </node>
  <node id="-859" visible="true" lat="43.809566628877" lon="-72.487930500611">
    <tag k="addr:city" v="South Royalton" />
    <tag k="addr:housenumber" v="391" />
    <tag k="addr:street" v="Sherlock Road" />
    <tag k="addr:state" v="VT" />
    <tag k="ref:vcgi:esiteid" v="206571" />
  </node>
  <node id="-860" visible="true" lat="43.809337737611" lon="-72.626730866066">
    <tag k="addr:city" v="Bethel" />
    <tag k="addr:housenumber" v="5849" />
    <tag k="addr:street" v="North Road" />
    <tag k="addr:state" v="VT" />
    <tag k="ref:vcgi:esiteid" v="206572" />
  </node>
  <node id="-861" visible="true" lat="43.809379697911" lon="-72.501664170184">
    <tag k="addr:city" v="South Royalton" />
    <tag k="addr:housenumber" v="79" />
    <tag k="addr:street" v="Aussie Lane" />
    <tag k="addr:state" v="VT" />
    <tag k="ref:vcgi:esiteid" v="206573" />
  </node>
  <node id="-862" visible="true" lat="43.809117144342" lon="-72.511732594267">
    <tag k="addr:city" v="South Royalton" />
    <tag k="addr:housenumber" v="116" />
    <tag k="addr:street" v="Hillside Lane" />
    <tag k="addr:state" v="VT" />
    <tag k="ref:vcgi:esiteid" v="206574" />
  </node>
  <node id="-863" visible="true" lat="43.809051966854" lon="-72.595820903653">
    <tag k="addr:city" v="South Royalton" />
    <tag k="addr:housenumber" v="570" />
    <tag k="addr:street" v="Waldo Road" />
    <tag k="addr:state" v="VT" />
    <tag k="ref:vcgi:esiteid" v="206575" />
  </node>
  <node id="-864" visible="true" lat="43.809059400696" lon="-72.546315941973">
    <tag k="addr:city" v="South Royalton" />
    <tag k="addr:housenumber" v="30" />
    <tag k="addr:street" v="Otto Merrill Road" />
    <tag k="addr:state" v="VT" />
    <tag k="ref:vcgi:esiteid" v="206576" />
  </node>
  <node id="-865" visible="true" lat="43.808922525795" lon="-72.501233430561">
    <tag k="addr:city" v="South Royalton" />
    <tag k="addr:housenumber" v="139" />
    <tag k="addr:street" v="Avery Lane" />
    <tag k="addr:state" v="VT" />
    <tag k="ref:vcgi:esiteid" v="206577" />
  </node>
  <node id="-866" visible="true" lat="43.808878944122" lon="-72.512291016692">
    <tag k="addr:city" v="South Royalton" />
    <tag k="addr:housenumber" v="120" />
    <tag k="addr:street" v="Hillside Lane" />
    <tag k="addr:state" v="VT" />
    <tag k="ref:vcgi:esiteid" v="206578" />
  </node>
  <node id="-867" visible="true" lat="43.808828552376" lon="-72.502724195723">
    <tag k="addr:city" v="South Royalton" />
    <tag k="addr:housenumber" v="1022" />
    <tag k="addr:street" v="Vermont Route 14" />
    <tag k="addr:state" v="VT" />
    <tag k="ref:vcgi:esiteid" v="206579" />
  </node>
  <node id="-868" visible="true" lat="43.808441359122" lon="-72.502325221636">
    <tag k="addr:city" v="South Royalton" />
    <tag k="addr:housenumber" v="982" />
    <tag k="addr:street" v="Vermont Route 14" />
    <tag k="addr:state" v="VT" />
    <tag k="ref:vcgi:esiteid" v="206580" />
  </node>
  <node id="-869" visible="true" lat="43.808351621994" lon="-72.489107978481">
    <tag k="addr:city" v="South Royalton" />
    <tag k="addr:housenumber" v="474" />
    <tag k="addr:street" v="Sherlock Road" />
    <tag k="addr:state" v="VT" />
    <tag k="ref:vcgi:esiteid" v="206581" />
  </node>
  <node id="-870" visible="true" lat="43.808271227228" lon="-72.500722390292">
    <tag k="addr:city" v="South Royalton" />
    <tag k="addr:housenumber" v="92" />
    <tag k="addr:street" v="Avery Lane" />
    <tag k="addr:state" v="VT" />
    <tag k="ref:vcgi:esiteid" v="206582" />
  </node>
  <node id="-871" visible="true" lat="43.808094240392" lon="-72.545459001477">
    <tag k="addr:city" v="South Royalton" />
    <tag k="addr:housenumber" v="106" />
    <tag k="addr:street" v="Otto Merrill Road" />
    <tag k="addr:state" v="VT" />
    <tag k="ref:vcgi:esiteid" v="206584" />
  </node>
  <node id="-872" visible="true" lat="43.808135007687" lon="-72.510611350264">
    <tag k="addr:city" v="South Royalton" />
    <tag k="addr:housenumber" v="75" />
    <tag k="addr:street" v="Hillside Lane" />
    <tag k="addr:state" v="VT" />
    <tag k="ref:vcgi:esiteid" v="206585" />
  </node>
  <node id="-873" visible="true" lat="43.807831260203" lon="-72.552902281194">
    <tag k="addr:city" v="South Royalton" />
    <tag k="addr:housenumber" v="1408" />
    <tag k="addr:street" v="Back River Road" />
    <tag k="addr:state" v="VT" />
    <tag k="ref:vcgi:esiteid" v="206586" />
  </node>
  <node id="-874" visible="true" lat="43.80797216651" lon="-72.581064083643">
    <tag k="addr:city" v="South Royalton" />
    <tag k="addr:housenumber" v="1621" />
    <tag k="addr:street" v="Royalton Hill Road" />
    <tag k="addr:state" v="VT" />
    <tag k="ref:vcgi:esiteid" v="206587" />
  </node>
  <node id="-875" visible="true" lat="43.80803402249" lon="-72.48841784856">
    <tag k="addr:city" v="South Royalton" />
    <tag k="addr:housenumber" v="489" />
    <tag k="addr:street" v="Sherlock Road" />
    <tag k="addr:state" v="VT" />
    <tag k="ref:vcgi:esiteid" v="206588" />
  </node>
  <node id="-876" visible="true" lat="43.80799716128" lon="-72.548356319565">
    <tag k="addr:city" v="South Royalton" />
    <tag k="addr:housenumber" v="1191" />
    <tag k="addr:street" v="Back River Road" />
    <tag k="addr:state" v="VT" />
    <tag k="ref:vcgi:esiteid" v="206589" />
  </node>
  <node id="-877" visible="true" lat="43.807855827744" lon="-72.488848822207">
    <tag k="addr:city" v="South Royalton" />
    <tag k="addr:housenumber" v="506" />
    <tag k="addr:street" v="Sherlock Road" />
    <tag k="addr:state" v="VT" />
    <tag k="ref:vcgi:esiteid" v="206590" />
  </node>
  <node id="-878" visible="true" lat="43.807735722485" lon="-72.559930411484">
    <tag k="addr:city" v="South Royalton" />
    <tag k="addr:housenumber" v="1825" />
    <tag k="addr:street" v="Back River Road" />
    <tag k="addr:state" v="VT" />
    <tag k="ref:vcgi:esiteid" v="206591" />
  </node>
  <node id="-879" visible="true" lat="43.807360981149" lon="-72.551677124512">
    <tag k="addr:city" v="South Royalton" />
    <tag k="addr:housenumber" v="1361" />
    <tag k="addr:street" v="Back River Road" />
    <tag k="addr:state" v="VT" />
    <tag k="ref:vcgi:esiteid" v="206592" />
  </node>
  <node id="-880" visible="true" lat="43.807322463844" lon="-72.626701088873">
    <tag k="addr:city" v="Bethel" />
    <tag k="addr:housenumber" v="40" />
    <tag k="addr:street" v="David Road" />
    <tag k="addr:state" v="VT" />
    <tag k="ref:vcgi:esiteid" v="206593" />
  </node>
  <node id="-881" visible="true" lat="43.807099541178" lon="-72.501058413767">
    <tag k="addr:city" v="South Royalton" />
    <tag k="addr:housenumber" v="878" />
    <tag k="addr:street" v="Vermont Route 14" />
    <tag k="addr:state" v="VT" />
    <tag k="ref:vcgi:esiteid" v="206594" />
  </node>
  <node id="-882" visible="true" lat="43.806994376842" lon="-72.552748531575">
    <tag k="addr:city" v="South Royalton" />
    <tag k="addr:housenumber" v="1465" />
    <tag k="addr:street" v="Back River Road" />
    <tag k="addr:state" v="VT" />
    <tag k="ref:vcgi:esiteid" v="206595" />
  </node>
  <node id="-883" visible="true" lat="43.806803538247" lon="-72.508567338079">
    <tag k="addr:city" v="South Royalton" />
    <tag k="addr:housenumber" v="124" />
    <tag k="addr:street" v="Stearns Road" />
    <tag k="addr:state" v="VT" />
    <tag k="ref:vcgi:esiteid" v="206596" />
  </node>
  <node id="-884" visible="true" lat="43.806555552036" lon="-72.553330399891">
    <tag k="addr:city" v="South Royalton" />
    <tag k="addr:housenumber" v="1499" />
    <tag k="addr:street" v="Back River Road" />
    <tag k="addr:state" v="VT" />
    <tag k="ref:vcgi:esiteid" v="206597" />
  </node>
  <node id="-885" visible="true" lat="43.806520967964" lon="-72.543816846579">
    <tag k="addr:city" v="South Royalton" />
    <tag k="addr:housenumber" v="259" />
    <tag k="addr:street" v="Otto Merrill Road" />
    <tag k="addr:state" v="VT" />
    <tag k="ref:vcgi:esiteid" v="206598" />
  </node>
  <node id="-886" visible="true" lat="43.806476596873" lon="-72.62312737071">
    <tag k="addr:city" v="Bethel" />
    <tag k="addr:housenumber" v="5634" />
    <tag k="addr:street" v="North Road" />
    <tag k="addr:state" v="VT" />
    <tag k="ref:vcgi:esiteid" v="206600" />
  </node>
  <node id="-887" visible="true" lat="43.806410907318" lon="-72.625486620653">
    <tag k="addr:city" v="Bethel" />
    <tag k="addr:housenumber" v="5633" />
    <tag k="addr:street" v="North Road" />
    <tag k="addr:state" v="VT" />
    <tag k="ref:vcgi:esiteid" v="206601" />
  </node>
  <node id="-888" visible="true" lat="43.806318700119" lon="-72.558505120136">
    <tag k="addr:city" v="South Royalton" />
    <tag k="addr:housenumber" v="1715" />
    <tag k="addr:street" v="Back River Road" />
    <tag k="addr:state" v="VT" />
    <tag k="ref:vcgi:esiteid" v="206602" />
  </node>
  <node id="-889" visible="true" lat="43.806140673953" lon="-72.554524658207">
    <tag k="addr:city" v="South Royalton" />
    <tag k="addr:housenumber" v="36" />
    <tag k="addr:street" v="Johnson Hill Road" />
    <tag k="addr:state" v="VT" />
    <tag k="ref:vcgi:esiteid" v="206604" />
  </node>
  <node id="-890" visible="true" lat="43.806129952086" lon="-72.627344189727">
    <tag k="addr:city" v="Bethel" />
    <tag k="addr:housenumber" v="130" />
    <tag k="addr:street" v="David Road" />
    <tag k="addr:state" v="VT" />
    <tag k="ref:vcgi:esiteid" v="206605" />
  </node>
  <node id="-891" visible="true" lat="43.80625470616" lon="-72.499537922099">
    <tag k="addr:city" v="South Royalton" />
    <tag k="addr:housenumber" v="14" />
    <tag k="addr:street" v="Avery Lane" />
    <tag k="addr:state" v="VT" />
    <tag k="ref:vcgi:esiteid" v="206606" />
  </node>
  <node id="-892" visible="true" lat="43.805891566947" lon="-72.625848763924">
    <tag k="addr:city" v="Bethel" />
    <tag k="addr:housenumber" v="5609" />
    <tag k="addr:street" v="North Road" />
    <tag k="addr:state" v="VT" />
    <tag k="ref:vcgi:esiteid" v="206608" />
  </node>
  <node id="-893" visible="true" lat="43.805829673358" lon="-72.625107310074">
    <tag k="addr:city" v="Bethel" />
    <tag k="addr:housenumber" v="5607" />
    <tag k="addr:street" v="North Road" />
    <tag k="addr:state" v="VT" />
    <tag k="ref:vcgi:esiteid" v="206609" />
  </node>
  <node id="-894" visible="true" lat="43.805648609577" lon="-72.544365446291">
    <tag k="addr:city" v="South Royalton" />
    <tag k="addr:housenumber" v="288" />
    <tag k="addr:street" v="Otto Merrill Road" />
    <tag k="addr:state" v="VT" />
    <tag k="ref:vcgi:esiteid" v="206610" />
  </node>
  <node id="-895" visible="true" lat="43.805565790531" lon="-72.500094795942">
    <tag k="addr:city" v="South Royalton" />
    <tag k="addr:housenumber" v="734" />
    <tag k="addr:street" v="Vermont Route 14" />
    <tag k="addr:state" v="VT" />
    <tag k="ref:vcgi:esiteid" v="206611" />
  </node>
  <node id="-896" visible="true" lat="43.805109655678" lon="-72.623614149869">
    <tag k="addr:city" v="Bethel" />
    <tag k="addr:housenumber" v="5488" />
    <tag k="addr:street" v="North Road" />
    <tag k="addr:state" v="VT" />
    <tag k="ref:vcgi:esiteid" v="206612" />
  </node>
  <node id="-897" visible="true" lat="43.805178889636" lon="-72.519252498548">
    <tag k="addr:city" v="South Royalton" />
    <tag k="addr:housenumber" v="655" />
    <tag k="addr:street" v="Oxbow Road" />
    <tag k="addr:state" v="VT" />
    <tag k="ref:vcgi:esiteid" v="206613" />
  </node>
  <node id="-898" visible="true" lat="43.80490885774" lon="-72.590964032489">
    <tag k="addr:city" v="South Royalton" />
    <tag k="addr:housenumber" v="581" />
    <tag k="addr:street" v="Sewall Brook Road" />
    <tag k="addr:state" v="VT" />
    <tag k="ref:vcgi:esiteid" v="206614" />
  </node>
  <node id="-899" visible="true" lat="43.804619786721" lon="-72.50666896424">
    <tag k="addr:city" v="South Royalton" />
    <tag k="addr:housenumber" v="298" />
    <tag k="addr:street" v="Stearns Road" />
    <tag k="addr:state" v="VT" />
    <tag k="ref:vcgi:esiteid" v="206615" />
  </node>
  <node id="-900" visible="true" lat="43.804344405156" lon="-72.55371428935">
    <tag k="addr:city" v="South Royalton" />
    <tag k="addr:housenumber" v="217" />
    <tag k="addr:street" v="Johnson Hill Road" />
    <tag k="addr:state" v="VT" />
    <tag k="ref:vcgi:esiteid" v="206616" />
  </node>
  <node id="-901" visible="true" lat="43.804273223789" lon="-72.506398143429">
    <tag k="addr:city" v="South Royalton" />
    <tag k="addr:housenumber" v="328" />
    <tag k="addr:street" v="Stearns Road" />
    <tag k="addr:state" v="VT" />
    <tag k="ref:vcgi:esiteid" v="206617" />
  </node>
  <node id="-902" visible="true" lat="43.804763153226" lon="-72.503732209963">
    <tag k="addr:city" v="South Royalton" />
    <tag k="addr:housenumber" v="1427" />
    <tag k="addr:street" v="South Windsor Street" />
    <tag k="addr:state" v="VT" />
    <tag k="ref:vcgi:esiteid" v="206618" />
  </node>
  <node id="-903" visible="true" lat="43.803938071939" lon="-72.580847322901">
    <tag k="addr:city" v="South Royalton" />
    <tag k="addr:housenumber" v="1901" />
    <tag k="addr:street" v="Royalton Hill Road" />
    <tag k="addr:state" v="VT" />
    <tag k="ref:vcgi:esiteid" v="206619" />
  </node>
  <node id="-904" visible="true" lat="43.803980725819" lon="-72.500828062605">
    <tag k="addr:city" v="South Royalton" />
    <tag k="addr:housenumber" v="622" />
    <tag k="addr:street" v="Vermont Route 14" />
    <tag k="addr:state" v="VT" />
    <tag k="ref:vcgi:esiteid" v="206620" />
  </node>
  <node id="-905" visible="true" lat="43.803799124258" lon="-72.623508165581">
    <tag k="addr:city" v="Bethel" />
    <tag k="addr:housenumber" v="5418" />
    <tag k="addr:street" v="North Road" />
    <tag k="addr:state" v="VT" />
    <tag k="ref:vcgi:esiteid" v="206621" />
  </node>
  <node id="-906" visible="true" lat="43.80370099849" lon="-72.504706369689">
    <tag k="addr:city" v="South Royalton" />
    <tag k="addr:housenumber" v="1501" />
    <tag k="addr:street" v="South Windsor Street" />
    <tag k="addr:state" v="VT" />
    <tag k="ref:vcgi:esiteid" v="206622" />
  </node>
  <node id="-907" visible="true" lat="43.803561847957" lon="-72.543446676433">
    <tag k="addr:city" v="South Royalton" />
    <tag k="addr:housenumber" v="458" />
    <tag k="addr:street" v="Otto Merrill Road" />
    <tag k="addr:state" v="VT" />
    <tag k="ref:vcgi:esiteid" v="206623" />
  </node>
  <node id="-908" visible="true" lat="43.803572657709" lon="-72.552224041402">
    <tag k="addr:city" v="South Royalton" />
    <tag k="addr:housenumber" v="307" />
    <tag k="addr:street" v="Johnson Hill Road" />
    <tag k="addr:state" v="VT" />
    <tag k="ref:vcgi:esiteid" v="206624" />
  </node>
  <node id="-909" visible="true" lat="43.803522933158" lon="-72.541977809461">
    <tag k="addr:city" v="South Royalton" />
    <tag k="addr:housenumber" v="483" />
    <tag k="addr:street" v="Otto Merrill Road" />
    <tag k="addr:state" v="VT" />
    <tag k="ref:vcgi:esiteid" v="206625" />
  </node>
  <node id="-910" visible="true" lat="43.803264178769" lon="-72.504528378606">
    <tag k="addr:city" v="South Royalton" />
    <tag k="addr:housenumber" v="1503" />
    <tag k="addr:street" v="South Windsor Street" />
    <tag k="addr:state" v="VT" />
    <tag k="ref:vcgi:esiteid" v="206626" />
  </node>
  <node id="-911" visible="true" lat="43.803247524904" lon="-72.543443825217">
    <tag k="addr:city" v="South Royalton" />
    <tag k="addr:housenumber" v="466" />
    <tag k="addr:street" v="Otto Merrill Road" />
    <tag k="addr:state" v="VT" />
    <tag k="ref:vcgi:esiteid" v="206627" />
  </node>
  <node id="-912" visible="true" lat="43.802807907314" lon="-72.542707221975">
    <tag k="addr:city" v="South Royalton" />
    <tag k="addr:housenumber" v="520" />
    <tag k="addr:street" v="Otto Merrill Road" />
    <tag k="addr:state" v="VT" />
    <tag k="ref:vcgi:esiteid" v="206629" />
  </node>
  <node id="-913" visible="true" lat="43.802779058556" lon="-72.504293995605">
    <tag k="addr:city" v="South Royalton" />
    <tag k="addr:housenumber" v="1521" />
    <tag k="addr:street" v="South Windsor Street" />
    <tag k="addr:state" v="VT" />
    <tag k="ref:vcgi:esiteid" v="206630" />
  </node>
  <node id="-914" visible="true" lat="43.802625911277" lon="-72.623938434657">
    <tag k="addr:city" v="Bethel" />
    <tag k="addr:housenumber" v="5327" />
    <tag k="addr:street" v="North Road" />
    <tag k="addr:state" v="VT" />
    <tag k="ref:vcgi:esiteid" v="206631" />
  </node>
  <node id="-915" visible="true" lat="43.802533424672" lon="-72.540927084019">
    <tag k="addr:city" v="South Royalton" />
    <tag k="addr:housenumber" v="581" />
    <tag k="addr:street" v="Otto Merrill Road" />
    <tag k="addr:state" v="VT" />
    <tag k="ref:vcgi:esiteid" v="206632" />
  </node>
  <node id="-916" visible="true" lat="43.802392119274" lon="-72.504112182404">
    <tag k="addr:city" v="South Royalton" />
    <tag k="addr:housenumber" v="1555" />
    <tag k="addr:street" v="South Windsor Street" />
    <tag k="addr:state" v="VT" />
    <tag k="ref:vcgi:esiteid" v="206633" />
  </node>
  <node id="-917" visible="true" lat="43.802121663371" lon="-72.622694411637">
    <tag k="addr:city" v="Bethel" />
    <tag k="addr:housenumber" v="5324" />
    <tag k="addr:street" v="North Road" />
    <tag k="addr:state" v="VT" />
    <tag k="ref:vcgi:esiteid" v="206634" />
  </node>
  <node id="-918" visible="true" lat="43.801936422052" lon="-72.506362366246">
    <tag k="addr:city" v="South Royalton" />
    <tag k="addr:housenumber" v="120" />
    <tag k="addr:street" v="Dutton Road" />
    <tag k="addr:state" v="VT" />
    <tag k="ref:vcgi:esiteid" v="206635" />
  </node>
  <node id="-919" visible="true" lat="43.801800700856" lon="-72.504157587418">
    <tag k="addr:city" v="South Royalton" />
    <tag k="addr:housenumber" v="1587" />
    <tag k="addr:street" v="South Windsor Street" />
    <tag k="addr:state" v="VT" />
    <tag k="ref:vcgi:esiteid" v="206636" />
  </node>
  <node id="-920" visible="true" lat="43.801204382783" lon="-72.505060673141">
    <tag k="addr:city" v="South Royalton" />
    <tag k="addr:housenumber" v="546" />
    <tag k="addr:street" v="Stearns Road" />
    <tag k="addr:state" v="VT" />
    <tag k="ref:vcgi:esiteid" v="206637" />
  </node>
  <node id="-921" visible="true" lat="43.800703667838" lon="-72.556304808107">
    <tag k="addr:city" v="South Royalton" />
    <tag k="addr:housenumber" v="424" />
    <tag k="addr:street" v="Johnson Hill Road" />
    <tag k="addr:state" v="VT" />
    <tag k="ref:vcgi:esiteid" v="206638" />
  </node>
  <node id="-922" visible="true" lat="43.800461095827" lon="-72.584762087764">
    <tag k="addr:city" v="South Royalton" />
    <tag k="addr:housenumber" v="362" />
    <tag k="addr:street" v="Davis Road" />
    <tag k="addr:state" v="VT" />
    <tag k="ref:vcgi:esiteid" v="206639" />
  </node>
  <node id="-923" visible="true" lat="43.800463011926" lon="-72.552593027585">
    <tag k="addr:city" v="South Royalton" />
    <tag k="addr:housenumber" v="541" />
    <tag k="addr:street" v="Johnson Hill Road" />
    <tag k="addr:state" v="VT" />
    <tag k="ref:vcgi:esiteid" v="206640" />
  </node>
  <node id="-924" visible="true" lat="43.800294229453" lon="-72.517725669556">
    <tag k="addr:city" v="South Royalton" />
    <tag k="addr:housenumber" v="1167" />
    <tag k="addr:street" v="Oxbow Road" />
    <tag k="addr:state" v="VT" />
    <tag k="ref:vcgi:esiteid" v="206641" />
  </node>
  <node id="-925" visible="true" lat="43.800258474297" lon="-72.62207978919">
    <tag k="addr:city" v="Bethel" />
    <tag k="addr:housenumber" v="5129" />
    <tag k="addr:street" v="North Road" />
    <tag k="addr:state" v="VT" />
    <tag k="ref:vcgi:esiteid" v="206642" />
  </node>
  <node id="-926" visible="true" lat="43.799633131062" lon="-72.503918747458">
    <tag k="addr:city" v="South Royalton" />
    <tag k="addr:housenumber" v="1732" />
    <tag k="addr:street" v="South Windsor Street" />
    <tag k="addr:state" v="VT" />
    <tag k="ref:vcgi:esiteid" v="206643" />
  </node>
  <node id="-927" visible="true" lat="43.799379442699" lon="-72.581095106522">
    <tag k="addr:city" v="South Royalton" />
    <tag k="addr:housenumber" v="2237" />
    <tag k="addr:street" v="Royalton Hill Road" />
    <tag k="addr:state" v="VT" />
    <tag k="ref:vcgi:esiteid" v="206644" />
  </node>
  <node id="-928" visible="true" lat="43.79909683575" lon="-72.498014729209">
    <tag k="addr:city" v="South Royalton" />
    <tag k="addr:housenumber" v="238" />
    <tag k="addr:street" v="Vermont Route 14" />
    <tag k="addr:state" v="VT" />
    <tag k="ref:vcgi:esiteid" v="206645" />
  </node>
  <node id="-929" visible="true" lat="43.799059750779" lon="-72.506283945697">
    <tag k="addr:city" v="South Royalton" />
    <tag k="addr:housenumber" v="310" />
    <tag k="addr:street" v="Dutton Road" />
    <tag k="addr:state" v="VT" />
    <tag k="ref:vcgi:esiteid" v="206646" />
  </node>
  <node id="-930" visible="true" lat="43.798689808455" lon="-72.578976457497">
    <tag k="addr:city" v="South Royalton" />
    <tag k="addr:housenumber" v="2467" />
    <tag k="addr:street" v="Royalton Hill Road" />
    <tag k="addr:state" v="VT" />
    <tag k="ref:vcgi:esiteid" v="206647" />
  </node>
  <node id="-931" visible="true" lat="43.798281498431" lon="-72.580882537392">
    <tag k="addr:city" v="South Royalton" />
    <tag k="addr:housenumber" v="2306" />
    <tag k="addr:street" v="Royalton Hill Road" />
    <tag k="addr:state" v="VT" />
    <tag k="ref:vcgi:esiteid" v="206648" />
  </node>
  <node id="-932" visible="true" lat="43.798094175054" lon="-72.619369768">
    <tag k="addr:city" v="Bethel" />
    <tag k="addr:housenumber" v="4985" />
    <tag k="addr:street" v="North Road" />
    <tag k="addr:state" v="VT" />
    <tag k="ref:vcgi:esiteid" v="206649" />
  </node>
  <node id="-933" visible="true" lat="43.798048610181" lon="-72.613937446993">
    <tag k="addr:city" v="Bethel" />
    <tag k="addr:housenumber" v="2052" />
    <tag k="addr:street" v="Sewall Brook Road" />
    <tag k="addr:state" v="VT" />
    <tag k="ref:vcgi:esiteid" v="206650" />
  </node>
  <node id="-934" visible="true" lat="43.79796345071" lon="-72.517380921889">
    <tag k="addr:city" v="South Royalton" />
    <tag k="addr:housenumber" v="1379" />
    <tag k="addr:street" v="Oxbow Road" />
    <tag k="addr:state" v="VT" />
    <tag k="ref:vcgi:esiteid" v="206651" />
  </node>
  <node id="-935" visible="true" lat="43.797689319553" lon="-72.612636631936">
    <tag k="addr:city" v="Bethel" />
    <tag k="addr:housenumber" v="2009" />
    <tag k="addr:street" v="Sewall Brook Road" />
    <tag k="addr:state" v="VT" />
    <tag k="ref:vcgi:esiteid" v="206652" />
  </node>
  <node id="-936" visible="true" lat="43.797202359475" lon="-72.617614928341">
    <tag k="addr:city" v="Bethel" />
    <tag k="addr:housenumber" v="4866" />
    <tag k="addr:street" v="North Road" />
    <tag k="addr:state" v="VT" />
    <tag k="ref:vcgi:esiteid" v="206653" />
  </node>
  <node id="-937" visible="true" lat="43.797261296318" lon="-72.63228895583">
    <tag k="addr:city" v="Bethel" />
    <tag k="addr:housenumber" v="406" />
    <tag k="addr:street" v="Cleveland Brook Road" />
    <tag k="addr:state" v="VT" />
    <tag k="ref:vcgi:esiteid" v="206654" />
  </node>
  <node id="-938" visible="true" lat="43.797176535195" lon="-72.587822251428">
    <tag k="addr:city" v="South Royalton" />
    <tag k="addr:housenumber" v="740" />
    <tag k="addr:street" v="Davis Road" />
    <tag k="addr:state" v="VT" />
    <tag k="ref:vcgi:esiteid" v="206655" />
  </node>
  <node id="-939" visible="true" lat="43.796879190768" lon="-72.496088506773">
    <tag k="addr:city" v="South Royalton" />
    <tag k="addr:housenumber" v="86" />
    <tag k="addr:street" v="Vermont Route 14" />
    <tag k="addr:state" v="VT" />
    <tag k="ref:vcgi:esiteid" v="206656" />
  </node>
  <node id="-940" visible="true" lat="43.797036049058" lon="-72.579966645697">
    <tag k="addr:city" v="South Royalton" />
    <tag k="addr:housenumber" v="2410" />
    <tag k="addr:street" v="Royalton Hill Road" />
    <tag k="addr:state" v="VT" />
    <tag k="ref:vcgi:esiteid" v="206657" />
  </node>
  <node id="-941" visible="true" lat="43.796983400466" lon="-72.588317463554">
    <tag k="addr:city" v="South Royalton" />
    <tag k="addr:housenumber" v="748" />
    <tag k="addr:street" v="Davis Road" />
    <tag k="addr:state" v="VT" />
    <tag k="ref:vcgi:esiteid" v="206658" />
  </node>
  <node id="-942" visible="true" lat="43.796824502364" lon="-72.589387896041">
    <tag k="addr:city" v="South Royalton" />
    <tag k="addr:housenumber" v="758" />
    <tag k="addr:street" v="Davis Road" />
    <tag k="addr:state" v="VT" />
    <tag k="ref:vcgi:esiteid" v="206659" />
  </node>
  <node id="-943" visible="true" lat="43.796590563517" lon="-72.503696039665">
    <tag k="addr:city" v="South Royalton" />
    <tag k="addr:housenumber" v="1932" />
    <tag k="addr:street" v="South Windsor Street" />
    <tag k="addr:state" v="VT" />
    <tag k="ref:vcgi:esiteid" v="206660" />
  </node>
  <node id="-944" visible="true" lat="43.796847026564" lon="-72.554483827995">
    <tag k="addr:city" v="South Royalton" />
    <tag k="addr:housenumber" v="696" />
    <tag k="addr:street" v="Johnson Hill Road" />
    <tag k="addr:state" v="VT" />
    <tag k="ref:vcgi:esiteid" v="206661" />
  </node>
  <node id="-945" visible="true" lat="43.796641838405" lon="-72.495351395023">
    <tag k="addr:city" v="South Royalton" />
    <tag k="addr:housenumber" v="30" />
    <tag k="addr:street" v="Vermont Route 14" />
    <tag k="addr:state" v="VT" />
    <tag k="ref:vcgi:esiteid" v="206662" />
  </node>
  <node id="-946" visible="true" lat="43.796277330635" lon="-72.516012123147">
    <tag k="addr:city" v="South Royalton" />
    <tag k="addr:housenumber" v="1533" />
    <tag k="addr:street" v="Oxbow Road" />
    <tag k="addr:state" v="VT" />
    <tag k="ref:vcgi:esiteid" v="206663" />
  </node>
  <node id="-947" visible="true" lat="43.796288286156" lon="-72.590169536696">
    <tag k="addr:city" v="South Royalton" />
    <tag k="addr:housenumber" v="760" />
    <tag k="addr:street" v="Davis Road" />
    <tag k="addr:state" v="VT" />
    <tag k="ref:vcgi:esiteid" v="206664" />
  </node>
  <node id="-948" visible="true" lat="43.795854513821" lon="-72.579221299727">
    <tag k="addr:city" v="South Royalton" />
    <tag k="addr:housenumber" v="2493" />
    <tag k="addr:street" v="Royalton Hill Road" />
    <tag k="addr:state" v="VT" />
    <tag k="ref:vcgi:esiteid" v="206665" />
  </node>
  <node id="-949" visible="true" lat="43.795452316294" lon="-72.616003378805">
    <tag k="addr:city" v="Bethel" />
    <tag k="addr:housenumber" v="2236" />
    <tag k="addr:street" v="Sewall Brook Road" />
    <tag k="addr:state" v="VT" />
    <tag k="ref:vcgi:esiteid" v="206666" />
  </node>
  <node id="-950" visible="true" lat="43.795510587246" lon="-72.579887344542">
    <tag k="addr:city" v="South Royalton" />
    <tag k="addr:housenumber" v="2530" />
    <tag k="addr:street" v="Royalton Hill Road" />
    <tag k="addr:state" v="VT" />
    <tag k="ref:vcgi:esiteid" v="206667" />
  </node>
  <node id="-951" visible="true" lat="43.795448660876" lon="-72.62822246342">
    <tag k="addr:city" v="Bethel" />
    <tag k="addr:housenumber" v="621" />
    <tag k="addr:street" v="Cleveland Brook Road" />
    <tag k="addr:state" v="VT" />
    <tag k="ref:vcgi:esiteid" v="206668" />
  </node>
  <node id="-952" visible="true" lat="43.794911687334" lon="-72.628579384705">
    <tag k="addr:city" v="Bethel" />
    <tag k="addr:housenumber" v="630" />
    <tag k="addr:street" v="Cleveland Brook Road" />
    <tag k="addr:state" v="VT" />
    <tag k="ref:vcgi:esiteid" v="206669" />
  </node>
  <node id="-953" visible="true" lat="43.794645477957" lon="-72.500551098511">
    <tag k="addr:city" v="South Royalton" />
    <tag k="addr:housenumber" v="2128" />
    <tag k="addr:street" v="South Windsor Street" />
    <tag k="addr:state" v="VT" />
    <tag k="ref:vcgi:esiteid" v="206670" />
  </node>
  <node id="-954" visible="true" lat="43.79470384286" lon="-72.614807991148">
    <tag k="addr:city" v="Bethel" />
    <tag k="addr:housenumber" v="2179" />
    <tag k="addr:street" v="Sewall Brook Road" />
    <tag k="addr:state" v="VT" />
    <tag k="ref:vcgi:esiteid" v="206671" />
  </node>
  <node id="-955" visible="true" lat="43.794608749906" lon="-72.614556228195">
    <tag k="addr:city" v="Bethel" />
    <tag k="addr:housenumber" v="2177" />
    <tag k="addr:street" v="Sewall Brook Road" />
    <tag k="addr:state" v="VT" />
    <tag k="ref:vcgi:esiteid" v="206672" />
  </node>
  <node id="-956" visible="true" lat="43.794427930445" lon="-72.500034621027">
    <tag k="addr:city" v="South Royalton" />
    <tag k="addr:housenumber" v="2178" />
    <tag k="addr:street" v="South Windsor Street" />
    <tag k="addr:state" v="VT" />
    <tag k="ref:vcgi:esiteid" v="206673" />
  </node>
  <node id="-957" visible="true" lat="43.793558313823" lon="-72.62718253591">
    <tag k="addr:city" v="Bethel" />
    <tag k="addr:housenumber" v="754" />
    <tag k="addr:street" v="Cleveland Brook Road" />
    <tag k="addr:state" v="VT" />
    <tag k="ref:vcgi:esiteid" v="206674" />
  </node>
  <node id="-958" visible="true" lat="43.793581088295" lon="-72.615077348458">
    <tag k="addr:city" v="Bethel" />
    <tag k="addr:housenumber" v="4582" />
    <tag k="addr:street" v="North Road" />
    <tag k="addr:state" v="VT" />
    <tag k="ref:vcgi:esiteid" v="206675" />
  </node>
  <node id="-959" visible="true" lat="43.793282090457" lon="-72.61364921259">
    <tag k="addr:city" v="Bethel" />
    <tag k="addr:housenumber" v="4512" />
    <tag k="addr:street" v="North Road" />
    <tag k="addr:state" v="VT" />
    <tag k="ref:vcgi:esiteid" v="206676" />
  </node>
  <node id="-960" visible="true" lat="43.793230244872" lon="-72.624583548189">
    <tag k="addr:city" v="Bethel" />
    <tag k="addr:housenumber" v="843" />
    <tag k="addr:street" v="Cleveland Brook Road" />
    <tag k="addr:state" v="VT" />
    <tag k="ref:vcgi:esiteid" v="206677" />
  </node>
  <node id="-961" visible="true" lat="43.792978891041" lon="-72.626408753544">
    <tag k="addr:city" v="Bethel" />
    <tag k="addr:housenumber" v="808" />
    <tag k="addr:street" v="Cleveland Brook Road" />
    <tag k="addr:state" v="VT" />
    <tag k="ref:vcgi:esiteid" v="206678" />
  </node>
  <node id="-962" visible="true" lat="43.792648506332" lon="-72.616814439735">
    <tag k="addr:city" v="Bethel" />
    <tag k="addr:housenumber" v="4581" />
    <tag k="addr:street" v="North Road" />
    <tag k="addr:state" v="VT" />
    <tag k="ref:vcgi:esiteid" v="206680" />
  </node>
  <node id="-963" visible="true" lat="43.792698277762" lon="-72.589337267311">
    <tag k="addr:city" v="South Royalton" />
    <tag k="addr:housenumber" v="1053" />
    <tag k="addr:street" v="Davis Road" />
    <tag k="addr:state" v="VT" />
    <tag k="ref:vcgi:esiteid" v="206681" />
  </node>
  <node id="-964" visible="true" lat="43.791729889112" lon="-72.550670086176">
    <tag k="addr:city" v="South Royalton" />
    <tag k="addr:housenumber" v="260" />
    <tag k="addr:street" v="Nash Road" />
    <tag k="addr:state" v="VT" />
    <tag k="ref:vcgi:esiteid" v="206682" />
  </node>
  <node id="-965" visible="true" lat="43.791623208293" lon="-72.625690289674">
    <tag k="addr:city" v="Bethel" />
    <tag k="addr:housenumber" v="912" />
    <tag k="addr:street" v="Cleveland Brook Road" />
    <tag k="addr:state" v="VT" />
    <tag k="ref:vcgi:esiteid" v="206683" />
  </node>
  <node id="-966" visible="true" lat="43.791574928768" lon="-72.615421678167">
    <tag k="addr:city" v="Bethel" />
    <tag k="addr:housenumber" v="4454" />
    <tag k="addr:street" v="North Road" />
    <tag k="addr:state" v="VT" />
    <tag k="ref:vcgi:esiteid" v="206684" />
  </node>
  <node id="-967" visible="true" lat="43.791465442488" lon="-72.581535018737">
    <tag k="addr:city" v="South Royalton" />
    <tag k="addr:housenumber" v="2814" />
    <tag k="addr:street" v="Royalton Hill Road" />
    <tag k="addr:state" v="VT" />
    <tag k="ref:vcgi:esiteid" v="206685" />
  </node>
  <node id="-968" visible="true" lat="43.790993457433" lon="-72.62558188445">
    <tag k="addr:city" v="Bethel" />
    <tag k="addr:housenumber" v="982" />
    <tag k="addr:street" v="Cleveland Brook Road" />
    <tag k="addr:state" v="VT" />
    <tag k="ref:vcgi:esiteid" v="206686" />
  </node>
  <node id="-969" visible="true" lat="43.790621908074" lon="-72.530518498173">
    <tag k="addr:city" v="South Royalton" />
    <tag k="addr:housenumber" v="804" />
    <tag k="addr:street" v="Frary Road" />
    <tag k="addr:state" v="VT" />
    <tag k="ref:vcgi:esiteid" v="206687" />
  </node>
  <node id="-970" visible="true" lat="43.790568560964" lon="-72.518746717049">
    <tag k="addr:city" v="South Royalton" />
    <tag k="addr:housenumber" v="2062" />
    <tag k="addr:street" v="Oxbow Road" />
    <tag k="addr:state" v="VT" />
    <tag k="ref:vcgi:esiteid" v="206688" />
  </node>
  <node id="-971" visible="true" lat="43.790147631944" lon="-72.61368719018">
    <tag k="addr:city" v="Bethel" />
    <tag k="addr:housenumber" v="4400" />
    <tag k="addr:street" v="North Road" />
    <tag k="addr:state" v="VT" />
    <tag k="ref:vcgi:esiteid" v="206689" />
  </node>
  <node id="-972" visible="true" lat="43.790072595244" lon="-72.624170258876">
    <tag k="addr:city" v="Bethel" />
    <tag k="addr:housenumber" v="1067" />
    <tag k="addr:street" v="Cleveland Brook Road" />
    <tag k="addr:state" v="VT" />
    <tag k="ref:vcgi:esiteid" v="206690" />
  </node>
  <node id="-973" visible="true" lat="43.789973959172" lon="-72.530289081774">
    <tag k="addr:city" v="South Royalton" />
    <tag k="addr:housenumber" v="793" />
    <tag k="addr:street" v="Frary Road" />
    <tag k="addr:state" v="VT" />
    <tag k="ref:vcgi:esiteid" v="206691" />
  </node>
  <node id="-974" visible="true" lat="43.789712529011" lon="-72.592806850456">
    <tag k="addr:city" v="South Royalton" />
    <tag k="addr:housenumber" v="1327" />
    <tag k="addr:street" v="Davis Road" />
    <tag k="addr:state" v="VT" />
    <tag k="ref:vcgi:esiteid" v="206692" />
  </node>
  <node id="-975" visible="true" lat="43.789623088673" lon="-72.615791700439">
    <tag k="addr:city" v="Bethel" />
    <tag k="addr:housenumber" v="4375" />
    <tag k="addr:street" v="North Road" />
    <tag k="addr:state" v="VT" />
    <tag k="ref:vcgi:esiteid" v="206693" />
  </node>
  <node id="-976" visible="true" lat="43.789438920364" lon="-72.529320402138">
    <tag k="addr:city" v="South Royalton" />
    <tag k="addr:housenumber" v="709" />
    <tag k="addr:street" v="Frary Road" />
    <tag k="addr:state" v="VT" />
    <tag k="ref:vcgi:esiteid" v="206694" />
  </node>
  <node id="-977" visible="true" lat="43.789187252996" lon="-72.579414963361">
    <tag k="addr:city" v="South Royalton" />
    <tag k="addr:housenumber" v="179" />
    <tag k="addr:street" v="Upper Lea Road" />
    <tag k="addr:state" v="VT" />
    <tag k="ref:vcgi:esiteid" v="206695" />
  </node>
  <node id="-978" visible="true" lat="43.789185868518" lon="-72.529327699521">
    <tag k="addr:city" v="South Royalton" />
    <tag k="addr:housenumber" v="629" />
    <tag k="addr:street" v="Frary Road" />
    <tag k="addr:state" v="VT" />
    <tag k="ref:vcgi:esiteid" v="206696" />
  </node>
  <node id="-979" visible="true" lat="43.788359938636" lon="-72.628189069791">
    <tag k="addr:city" v="Bethel" />
    <tag k="addr:housenumber" v="2037" />
    <tag k="addr:street" v="Rousseau Road" />
    <tag k="addr:state" v="VT" />
    <tag k="ref:vcgi:esiteid" v="206697" />
  </node>
  <node id="-980" visible="true" lat="43.788297978808" lon="-72.613148780598">
    <tag k="addr:city" v="Bethel" />
    <tag k="addr:housenumber" v="1268" />
    <tag k="addr:street" v="Rousseau Road" />
    <tag k="addr:state" v="VT" />
    <tag k="ref:vcgi:esiteid" v="206698" />
  </node>
  <node id="-981" visible="true" lat="43.788008549667" lon="-72.627488737983">
    <tag k="addr:city" v="Bethel" />
    <tag k="addr:housenumber" v="1997" />
    <tag k="addr:street" v="Rousseau Road" />
    <tag k="addr:state" v="VT" />
    <tag k="ref:vcgi:esiteid" v="206699" />
  </node>
  <node id="-982" visible="true" lat="43.788154041675" lon="-72.532190944948">
    <tag k="addr:city" v="South Royalton" />
    <tag k="addr:housenumber" v="980" />
    <tag k="addr:street" v="Frary Road" />
    <tag k="addr:state" v="VT" />
    <tag k="ref:vcgi:esiteid" v="206700" />
  </node>
  <node id="-983" visible="true" lat="43.788014529724" lon="-72.624675521813">
    <tag k="addr:city" v="Bethel" />
    <tag k="addr:housenumber" v="1865" />
    <tag k="addr:street" v="Rousseau Road" />
    <tag k="addr:state" v="VT" />
    <tag k="ref:vcgi:esiteid" v="206701" />
  </node>
  <node id="-984" visible="true" lat="43.787742062359" lon="-72.624132656969">
    <tag k="addr:city" v="Bethel" />
    <tag k="addr:housenumber" v="1853" />
    <tag k="addr:street" v="Rousseau Road" />
    <tag k="addr:state" v="VT" />
    <tag k="ref:vcgi:esiteid" v="206702" />
  </node>
  <node id="-985" visible="true" lat="43.787775486199" lon="-72.632400871709">
    <tag k="addr:city" v="Bethel" />
    <tag k="addr:housenumber" v="2232" />
    <tag k="addr:street" v="Rousseau Road" />
    <tag k="addr:state" v="VT" />
    <tag k="ref:vcgi:esiteid" v="206703" />
  </node>
  <node id="-986" visible="true" lat="43.787717544964" lon="-72.626329821905">
    <tag k="addr:city" v="Bethel" />
    <tag k="addr:housenumber" v="1917" />
    <tag k="addr:street" v="Rousseau Road" />
    <tag k="addr:state" v="VT" />
    <tag k="ref:vcgi:esiteid" v="206704" />
  </node>
  <node id="-987" visible="true" lat="43.78766404925" lon="-72.593200292569">
    <tag k="addr:city" v="South Royalton" />
    <tag k="addr:housenumber" v="1477" />
    <tag k="addr:street" v="Davis Road" />
    <tag k="addr:state" v="VT" />
    <tag k="ref:vcgi:esiteid" v="206705" />
  </node>
  <node id="-988" visible="true" lat="43.787663695558" lon="-72.594400000567">
    <tag k="addr:city" v="South Royalton" />
    <tag k="addr:housenumber" v="122" />
    <tag k="addr:street" v="Rousseau Road" />
    <tag k="addr:state" v="VT" />
    <tag k="ref:vcgi:esiteid" v="206706" />
  </node>
  <node id="-989" visible="true" lat="43.787474074463" lon="-72.597056170199">
    <tag k="addr:city" v="South Royalton" />
    <tag k="addr:housenumber" v="246" />
    <tag k="addr:street" v="Rousseau Road" />
    <tag k="addr:state" v="VT" />
    <tag k="ref:vcgi:esiteid" v="206707" />
  </node>
  <node id="-990" visible="true" lat="43.786887674084" lon="-72.556086150564">
    <tag k="addr:city" v="South Royalton" />
    <tag k="addr:housenumber" v="1428" />
    <tag k="addr:street" v="Johnson Hill Road" />
    <tag k="addr:state" v="VT" />
    <tag k="ref:vcgi:esiteid" v="206708" />
  </node>
  <node id="-991" visible="true" lat="43.786675645801" lon="-72.592939238012">
    <tag k="addr:city" v="South Royalton" />
    <tag k="addr:housenumber" v="1547" />
    <tag k="addr:street" v="Davis Road" />
    <tag k="addr:state" v="VT" />
    <tag k="ref:vcgi:esiteid" v="206709" />
  </node>
  <node id="-992" visible="true" lat="43.78655700138" lon="-72.615339084186">
    <tag k="addr:city" v="Bethel" />
    <tag k="addr:housenumber" v="4130" />
    <tag k="addr:street" v="North Road" />
    <tag k="addr:state" v="VT" />
    <tag k="ref:vcgi:esiteid" v="206710" />
  </node>
  <node id="-993" visible="true" lat="43.786346920341" lon="-72.523603375754">
    <tag k="addr:city" v="South Royalton" />
    <tag k="addr:housenumber" v="323" />
    <tag k="addr:street" v="Frary Road" />
    <tag k="addr:state" v="VT" />
    <tag k="ref:vcgi:esiteid" v="206711" />
  </node>
  <node id="-994" visible="true" lat="43.785835693239" lon="-72.596122859115">
    <tag k="addr:city" v="South Royalton" />
    <tag k="addr:housenumber" v="273" />
    <tag k="addr:street" v="Rousseau Road" />
    <tag k="addr:state" v="VT" />
    <tag k="ref:vcgi:esiteid" v="206712" />
  </node>
  <node id="-995" visible="true" lat="43.78587900274" lon="-72.598071540435">
    <tag k="addr:city" v="South Royalton" />
    <tag k="addr:housenumber" v="344" />
    <tag k="addr:street" v="Rousseau Road" />
    <tag k="addr:state" v="VT" />
    <tag k="ref:vcgi:esiteid" v="206713" />
  </node>
  <node id="-996" visible="true" lat="43.785865700775" lon="-72.6232658935">
    <tag k="addr:city" v="Bethel" />
    <tag k="addr:housenumber" v="1757" />
    <tag k="addr:street" v="Rousseau Road" />
    <tag k="addr:state" v="VT" />
    <tag k="ref:vcgi:esiteid" v="206714" />
  </node>
  <node id="-997" visible="true" lat="43.785672387798" lon="-72.614893047998">
    <tag k="addr:city" v="Bethel" />
    <tag k="addr:housenumber" v="1365" />
    <tag k="addr:street" v="Rousseau Road" />
    <tag k="addr:state" v="VT" />
    <tag k="ref:vcgi:esiteid" v="206715" />
  </node>
  <node id="-998" visible="true" lat="43.785357502683" lon="-72.622879584335">
    <tag k="addr:city" v="Bethel" />
    <tag k="addr:housenumber" v="1747" />
    <tag k="addr:street" v="Rousseau Road" />
    <tag k="addr:state" v="VT" />
    <tag k="ref:vcgi:esiteid" v="206716" />
  </node>
  <node id="-999" visible="true" lat="43.785528756776" lon="-72.609539504378">
    <tag k="addr:city" v="Bethel" />
    <tag k="addr:housenumber" v="25" />
    <tag k="addr:street" v="Ratner Lane" />
    <tag k="addr:state" v="VT" />
    <tag k="ref:vcgi:esiteid" v="206717" />
  </node>
  <node id="-1000" visible="true" lat="43.785464308909" lon="-72.606906779057">
    <tag k="addr:city" v="Bethel" />
    <tag k="addr:housenumber" v="914" />
    <tag k="addr:street" v="Rousseau Road" />
    <tag k="addr:state" v="VT" />
    <tag k="ref:vcgi:esiteid" v="206718" />
  </node>
  <node id="-1001" visible="true" lat="43.785456042046" lon="-72.60639830981">
    <tag k="addr:city" v="Bethel" />
    <tag k="addr:housenumber" v="896" />
    <tag k="addr:street" v="Rousseau Road" />
    <tag k="addr:state" v="VT" />
    <tag k="ref:vcgi:esiteid" v="206719" />
  </node>
  <node id="-1002" visible="true" lat="43.785288688802" lon="-72.516680663563">
    <tag k="addr:city" v="South Royalton" />
    <tag k="addr:housenumber" v="1378" />
    <tag k="addr:street" v="Harlow Road" />
    <tag k="addr:state" v="VT" />
    <tag k="ref:vcgi:esiteid" v="206720" />
  </node>
  <node id="-1003" visible="true" lat="43.784926971314" lon="-72.592343714258">
    <tag k="addr:city" v="South Royalton" />
    <tag k="addr:housenumber" v="1691" />
    <tag k="addr:street" v="Davis Road" />
    <tag k="addr:state" v="VT" />
    <tag k="ref:vcgi:esiteid" v="206721" />
  </node>
  <node id="-1004" visible="true" lat="43.785116124574" lon="-72.522914402453">
    <tag k="addr:city" v="South Royalton" />
    <tag k="addr:housenumber" v="221" />
    <tag k="addr:street" v="Frary Road" />
    <tag k="addr:state" v="VT" />
    <tag k="ref:vcgi:esiteid" v="206722" />
  </node>
  <node id="-1005" visible="true" lat="43.784784423556" lon="-72.616020491167">
    <tag k="addr:city" v="Bethel" />
    <tag k="addr:housenumber" v="4009" />
    <tag k="addr:street" v="North Road" />
    <tag k="addr:state" v="VT" />
    <tag k="ref:vcgi:esiteid" v="206723" />
  </node>
  <node id="-1006" visible="true" lat="43.78479311293" lon="-72.555826582279">
    <tag k="addr:city" v="South Royalton" />
    <tag k="addr:housenumber" v="1561" />
    <tag k="addr:street" v="Johnson Hill Road" />
    <tag k="addr:state" v="VT" />
    <tag k="ref:vcgi:esiteid" v="206724" />
  </node>
  <node id="-1007" visible="true" lat="43.784704546213" lon="-72.597573088786">
    <tag k="addr:city" v="South Royalton" />
    <tag k="addr:housenumber" v="397" />
    <tag k="addr:street" v="Rousseau Road" />
    <tag k="addr:state" v="VT" />
    <tag k="ref:vcgi:esiteid" v="206725" />
  </node>
  <node id="-1008" visible="true" lat="43.784651614232" lon="-72.512926778414">
    <tag k="addr:city" v="South Royalton" />
    <tag k="addr:housenumber" v="1155" />
    <tag k="addr:street" v="Harlow Road" />
    <tag k="addr:state" v="VT" />
    <tag k="ref:vcgi:esiteid" v="206726" />
  </node>
  <node id="-1009" visible="true" lat="43.784206684744" lon="-72.516009556375">
    <tag k="addr:city" v="South Royalton" />
    <tag k="addr:housenumber" v="2144" />
    <tag k="addr:street" v="Broad Brook Road" />
    <tag k="addr:state" v="VT" />
    <tag k="ref:vcgi:esiteid" v="206727" />
  </node>
  <node id="-1010" visible="true" lat="43.78446642363" lon="-72.517082427183">
    <tag k="addr:city" v="South Royalton" />
    <tag k="addr:housenumber" v="1421" />
    <tag k="addr:street" v="Harlow Road" />
    <tag k="addr:state" v="VT" />
    <tag k="ref:vcgi:esiteid" v="206728" />
  </node>
  <node id="-1011" visible="true" lat="43.784616165614" lon="-72.611034567661">
    <tag k="addr:city" v="Bethel" />
    <tag k="addr:housenumber" v="67" />
    <tag k="addr:street" v="Ratner Lane" />
    <tag k="addr:state" v="VT" />
    <tag k="ref:vcgi:esiteid" v="206729" />
  </node>
  <node id="-1012" visible="true" lat="43.784396168894" lon="-72.521309265962">
    <tag k="addr:city" v="South Royalton" />
    <tag k="addr:housenumber" v="174" />
    <tag k="addr:street" v="Frary Road" />
    <tag k="addr:state" v="VT" />
    <tag k="ref:vcgi:esiteid" v="206730" />
  </node>
  <node id="-1013" visible="true" lat="43.784272812312" lon="-72.615775388358">
    <tag k="addr:city" v="Bethel" />
    <tag k="addr:housenumber" v="3983" />
    <tag k="addr:street" v="North Road" />
    <tag k="addr:state" v="VT" />
    <tag k="ref:vcgi:esiteid" v="206731" />
  </node>
  <node id="-1014" visible="true" lat="43.784237091427" lon="-72.517530253292">
    <tag k="addr:city" v="South Royalton" />
    <tag k="addr:housenumber" v="1455" />
    <tag k="addr:street" v="Harlow Road" />
    <tag k="addr:state" v="VT" />
    <tag k="ref:vcgi:esiteid" v="206733" />
  </node>
  <node id="-1015" visible="true" lat="43.784008274195" lon="-72.522732424653">
    <tag k="addr:city" v="South Royalton" />
    <tag k="addr:housenumber" v="137" />
    <tag k="addr:street" v="Frary Road" />
    <tag k="addr:state" v="VT" />
    <tag k="ref:vcgi:esiteid" v="206734" />
  </node>
  <node id="-1016" visible="true" lat="43.783983423702" lon="-72.576013561438">
    <tag k="addr:city" v="South Royalton" />
    <tag k="addr:housenumber" v="151" />
    <tag k="addr:street" v="Wiedmann Lane" />
    <tag k="addr:state" v="VT" />
    <tag k="ref:vcgi:esiteid" v="206737" />
  </node>
  <node id="-1017" visible="true" lat="43.783713124045" lon="-72.518972438252">
    <tag k="addr:city" v="South Royalton" />
    <tag k="addr:housenumber" v="2264" />
    <tag k="addr:street" v="Broad Brook Road" />
    <tag k="addr:state" v="VT" />
    <tag k="ref:vcgi:esiteid" v="206738" />
  </node>
  <node id="-1018" visible="true" lat="43.783941580928" lon="-72.584540029319">
    <tag k="addr:city" v="South Royalton" />
    <tag k="addr:housenumber" v="3364" />
    <tag k="addr:street" v="Royalton Hill Road" />
    <tag k="addr:state" v="VT" />
    <tag k="ref:vcgi:esiteid" v="206739" />
  </node>
  <node id="-1019" visible="true" lat="43.783721262875" lon="-72.602363700943">
    <tag k="addr:city" v="Bethel" />
    <tag k="addr:housenumber" v="660" />
    <tag k="addr:street" v="Rousseau Road" />
    <tag k="addr:state" v="VT" />
    <tag k="ref:vcgi:esiteid" v="206740" />
  </node>
  <node id="-1020" visible="true" lat="43.78356847942" lon="-72.507669066405">
    <tag k="addr:city" v="South Royalton" />
    <tag k="addr:housenumber" v="939" />
    <tag k="addr:street" v="Harlow Road" />
    <tag k="addr:state" v="VT" />
    <tag k="ref:vcgi:esiteid" v="206741" />
  </node>
  <node id="-1021" visible="true" lat="43.783497094104" lon="-72.565334220567">
    <tag k="addr:city" v="South Royalton" />
    <tag k="addr:housenumber" v="2126" />
    <tag k="addr:street" v="Johnson Hill Road" />
    <tag k="addr:state" v="VT" />
    <tag k="ref:vcgi:esiteid" v="206742" />
  </node>
  <node id="-1022" visible="true" lat="43.78310638847" lon="-72.571828406814">
    <tag k="addr:city" v="South Royalton" />
    <tag k="addr:housenumber" v="2480" />
    <tag k="addr:street" v="Johnson Hill Road" />
    <tag k="addr:state" v="VT" />
    <tag k="ref:vcgi:esiteid" v="206743" />
  </node>
  <node id="-1023" visible="true" lat="43.783046433428" lon="-72.615230771731">
    <tag k="addr:city" v="Bethel" />
    <tag k="addr:housenumber" v="3876" />
    <tag k="addr:street" v="North Road" />
    <tag k="addr:state" v="VT" />
    <tag k="ref:vcgi:esiteid" v="206744" />
  </node>
  <node id="-1024" visible="true" lat="43.783243524212" lon="-72.597458655419">
    <tag k="addr:city" v="Bethel" />
    <tag k="addr:housenumber" v="69" />
    <tag k="addr:street" v="Bigelow Lane" />
    <tag k="addr:state" v="VT" />
    <tag k="ref:vcgi:esiteid" v="206745" />
  </node>
  <node id="-1025" visible="true" lat="43.782831158587" lon="-72.519460078593">
    <tag k="addr:city" v="South Royalton" />
    <tag k="addr:housenumber" v="2351" />
    <tag k="addr:street" v="Broad Brook Road" />
    <tag k="addr:state" v="VT" />
    <tag k="ref:vcgi:esiteid" v="206747" />
  </node>
  <node id="-1026" visible="true" lat="43.782796016709" lon="-72.592225191349">
    <tag k="addr:city" v="South Royalton" />
    <tag k="addr:housenumber" v="1817" />
    <tag k="addr:street" v="Davis Road" />
    <tag k="addr:state" v="VT" />
    <tag k="ref:vcgi:esiteid" v="206748" />
  </node>
  <node id="-1027" visible="true" lat="43.782689694734" lon="-72.605825196351">
    <tag k="addr:city" v="Bethel" />
    <tag k="addr:housenumber" v="793" />
    <tag k="addr:street" v="Rousseau Road" />
    <tag k="addr:state" v="VT" />
    <tag k="ref:vcgi:esiteid" v="206749" />
  </node>
  <node id="-1028" visible="true" lat="43.782613971047" lon="-72.57546220966">
    <tag k="addr:city" v="South Royalton" />
    <tag k="addr:housenumber" v="149" />
    <tag k="addr:street" v="Wiedmann Lane" />
    <tag k="addr:state" v="VT" />
    <tag k="ref:vcgi:esiteid" v="206750" />
  </node>
  <node id="-1029" visible="true" lat="43.782487128683" lon="-72.592185033655">
    <tag k="addr:city" v="South Royalton" />
    <tag k="addr:housenumber" v="1833" />
    <tag k="addr:street" v="Davis Road" />
    <tag k="addr:state" v="VT" />
    <tag k="ref:vcgi:esiteid" v="206751" />
  </node>
  <node id="-1030" visible="true" lat="43.78249238556" lon="-72.520934000856">
    <tag k="addr:city" v="South Royalton" />
    <tag k="addr:housenumber" v="20" />
    <tag k="addr:street" v="Frary Road" />
    <tag k="addr:state" v="VT" />
    <tag k="ref:vcgi:esiteid" v="206752" />
  </node>
  <node id="-1031" visible="true" lat="43.782206652004" lon="-72.615322615396">
    <tag k="addr:city" v="Bethel" />
    <tag k="addr:housenumber" v="3810" />
    <tag k="addr:street" v="North Road" />
    <tag k="addr:state" v="VT" />
    <tag k="ref:vcgi:esiteid" v="206753" />
  </node>
  <node id="-1032" visible="true" lat="43.782199079966" lon="-72.597739578491">
    <tag k="addr:city" v="Bethel" />
    <tag k="addr:housenumber" v="141" />
    <tag k="addr:street" v="Bigelow Lane" />
    <tag k="addr:state" v="VT" />
    <tag k="ref:vcgi:esiteid" v="206754" />
  </node>
  <node id="-1033" visible="true" lat="43.782118199169" lon="-72.52114452733">
    <tag k="addr:city" v="South Royalton" />
    <tag k="addr:housenumber" v="2456" />
    <tag k="addr:street" v="Broad Brook Road" />
    <tag k="addr:state" v="VT" />
    <tag k="ref:vcgi:esiteid" v="206755" />
  </node>
  <node id="-1034" visible="true" lat="43.781916801927" lon="-72.568219570137">
    <tag k="addr:city" v="South Royalton" />
    <tag k="addr:housenumber" v="2359" />
    <tag k="addr:street" v="Johnson Hill Road" />
    <tag k="addr:state" v="VT" />
    <tag k="ref:vcgi:esiteid" v="206756" />
  </node>
  <node id="-1035" visible="true" lat="43.781796313076" lon="-72.514533003493">
    <tag k="addr:city" v="South Royalton" />
    <tag k="addr:housenumber" v="1989" />
    <tag k="addr:street" v="Broad Brook Road" />
    <tag k="addr:state" v="VT" />
    <tag k="ref:vcgi:esiteid" v="206757" />
  </node>
  <node id="-1036" visible="true" lat="43.781513866165" lon="-72.573353332488">
    <tag k="addr:city" v="South Royalton" />
    <tag k="addr:housenumber" v="2572" />
    <tag k="addr:street" v="Johnson Hill Road" />
    <tag k="addr:state" v="VT" />
    <tag k="ref:vcgi:esiteid" v="206758" />
  </node>
  <node id="-1037" visible="true" lat="43.776348102246" lon="-72.513925425422">
    <tag k="addr:city" v="South Royalton" />
    <tag k="addr:housenumber" v="1845" />
    <tag k="addr:street" v="Broad Brook Road" />
    <tag k="addr:state" v="VT" />
    <tag k="ref:vcgi:esiteid" v="206759" />
  </node>
  <node id="-1038" visible="true" lat="43.781396008985" lon="-72.57242475493">
    <tag k="addr:city" v="South Royalton" />
    <tag k="addr:housenumber" v="2591" />
    <tag k="addr:street" v="Johnson Hill Road" />
    <tag k="addr:state" v="VT" />
    <tag k="ref:vcgi:esiteid" v="206760" />
  </node>
  <node id="-1039" visible="true" lat="43.781416065491" lon="-72.580958710363">
    <tag k="addr:city" v="South Royalton" />
    <tag k="addr:housenumber" v="3152" />
    <tag k="addr:street" v="Johnson Hill Road" />
    <tag k="addr:state" v="VT" />
    <tag k="ref:vcgi:esiteid" v="206761" />
  </node>
  <node id="-1040" visible="true" lat="43.781337596862" lon="-72.575206588166">
    <tag k="addr:city" v="South Royalton" />
    <tag k="addr:housenumber" v="70" />
    <tag k="addr:street" v="Wiedmann Lane" />
    <tag k="addr:state" v="VT" />
    <tag k="ref:vcgi:esiteid" v="206762" />
  </node>
  <node id="-1041" visible="true" lat="43.781501752003" lon="-72.60022678153">
    <tag k="addr:city" v="Bethel" />
    <tag k="addr:housenumber" v="153" />
    <tag k="addr:street" v="Stackpole Road" />
    <tag k="addr:state" v="VT" />
    <tag k="ref:vcgi:esiteid" v="206763" />
  </node>
  <node id="-1042" visible="true" lat="43.78078906112" lon="-72.558194498443">
    <tag k="addr:city" v="South Royalton" />
    <tag k="addr:housenumber" v="139" />
    <tag k="addr:street" v="Smedley Road" />
    <tag k="addr:state" v="VT" />
    <tag k="ref:vcgi:esiteid" v="206764" />
  </node>
  <node id="-1043" visible="true" lat="43.780750804665" lon="-72.578454069486">
    <tag k="addr:city" v="South Royalton" />
    <tag k="addr:housenumber" v="2954" />
    <tag k="addr:street" v="Johnson Hill Road" />
    <tag k="addr:state" v="VT" />
    <tag k="ref:vcgi:esiteid" v="206765" />
  </node>
  <node id="-1044" visible="true" lat="43.780745398674" lon="-72.586325256305">
    <tag k="addr:city" v="South Royalton" />
    <tag k="addr:housenumber" v="2255" />
    <tag k="addr:street" v="Davis Road" />
    <tag k="addr:state" v="VT" />
    <tag k="ref:vcgi:esiteid" v="206766" />
  </node>
  <node id="-1045" visible="true" lat="43.78030801963" lon="-72.597709575567">
    <tag k="addr:city" v="Bethel" />
    <tag k="addr:housenumber" v="262" />
    <tag k="addr:street" v="Bigelow Lane" />
    <tag k="addr:state" v="VT" />
    <tag k="ref:vcgi:esiteid" v="206767" />
  </node>
  <node id="-1046" visible="true" lat="43.780113994036" lon="-72.573170285614">
    <tag k="addr:city" v="South Royalton" />
    <tag k="addr:housenumber" v="2655" />
    <tag k="addr:street" v="Johnson Hill Road" />
    <tag k="addr:state" v="VT" />
    <tag k="ref:vcgi:esiteid" v="206768" />
  </node>
  <node id="-1047" visible="true" lat="43.779879776171" lon="-72.576823366077">
    <tag k="addr:city" v="South Royalton" />
    <tag k="addr:housenumber" v="2842" />
    <tag k="addr:street" v="Johnson Hill Road" />
    <tag k="addr:state" v="VT" />
    <tag k="ref:vcgi:esiteid" v="206769" />
  </node>
  <node id="-1048" visible="true" lat="43.779873979877" lon="-72.556179101335">
    <tag k="addr:city" v="South Royalton" />
    <tag k="addr:housenumber" v="237" />
    <tag k="addr:street" v="Smedley Road" />
    <tag k="addr:state" v="VT" />
    <tag k="ref:vcgi:esiteid" v="206770" />
  </node>
  <node id="-1049" visible="true" lat="43.779705025085" lon="-72.599679351679">
    <tag k="addr:city" v="Bethel" />
    <tag k="addr:housenumber" v="251" />
    <tag k="addr:street" v="Stackpole Road" />
    <tag k="addr:state" v="VT" />
    <tag k="ref:vcgi:esiteid" v="206771" />
  </node>
  <node id="-1050" visible="true" lat="43.779569704455" lon="-72.524485024782">
    <tag k="addr:city" v="South Royalton" />
    <tag k="addr:housenumber" v="2709" />
    <tag k="addr:street" v="Broad Brook Road" />
    <tag k="addr:state" v="VT" />
    <tag k="ref:vcgi:esiteid" v="206772" />
  </node>
  <node id="-1051" visible="true" lat="43.779466965663" lon="-72.558758222477">
    <tag k="addr:city" v="South Royalton" />
    <tag k="addr:housenumber" v="206" />
    <tag k="addr:street" v="Smedley Road" />
    <tag k="addr:state" v="VT" />
    <tag k="ref:vcgi:esiteid" v="206773" />
  </node>
  <node id="-1052" visible="true" lat="43.779228886016" lon="-72.581478289986">
    <tag k="addr:city" v="South Royalton" />
    <tag k="addr:housenumber" v="3106" />
    <tag k="addr:street" v="Johnson Hill Road" />
    <tag k="addr:state" v="VT" />
    <tag k="ref:vcgi:esiteid" v="206774" />
  </node>
  <node id="-1053" visible="true" lat="43.779080350674" lon="-72.579259673336">
    <tag k="addr:city" v="South Royalton" />
    <tag k="addr:housenumber" v="2976" />
    <tag k="addr:street" v="Johnson Hill Road" />
    <tag k="addr:state" v="VT" />
    <tag k="ref:vcgi:esiteid" v="206775" />
  </node>
  <node id="-1054" visible="true" lat="43.778973414426" lon="-72.572912622799">
    <tag k="addr:city" v="South Royalton" />
    <tag k="addr:housenumber" v="66" />
    <tag k="addr:street" v="Fisher Road" />
    <tag k="addr:state" v="VT" />
    <tag k="ref:vcgi:esiteid" v="206776" />
  </node>
  <node id="-1055" visible="true" lat="43.778814512176" lon="-72.597597795213">
    <tag k="addr:city" v="Bethel" />
    <tag k="addr:housenumber" v="264" />
    <tag k="addr:street" v="Bigelow Lane" />
    <tag k="addr:state" v="VT" />
    <tag k="ref:vcgi:esiteid" v="206777" />
  </node>
  <node id="-1056" visible="true" lat="43.778876933548" lon="-72.557776576001">
    <tag k="addr:city" v="South Royalton" />
    <tag k="addr:housenumber" v="236" />
    <tag k="addr:street" v="Smedley Road" />
    <tag k="addr:state" v="VT" />
    <tag k="ref:vcgi:esiteid" v="206778" />
  </node>
  <node id="-1057" visible="true" lat="43.778521720858" lon="-72.602384372346">
    <tag k="addr:city" v="Bethel" />
    <tag k="addr:housenumber" v="367" />
    <tag k="addr:street" v="Stackpole Road" />
    <tag k="addr:state" v="VT" />
    <tag k="ref:vcgi:esiteid" v="206780" />
  </node>
  <node id="-1058" visible="true" lat="43.778566811308" lon="-72.595829416853">
    <tag k="addr:city" v="Bethel" />
    <tag k="addr:housenumber" v="266" />
    <tag k="addr:street" v="Bigelow Lane" />
    <tag k="addr:state" v="VT" />
    <tag k="ref:vcgi:esiteid" v="206781" />
  </node>
  <node id="-1059" visible="true" lat="43.778166425616" lon="-72.581392833906">
    <tag k="addr:city" v="South Royalton" />
    <tag k="addr:housenumber" v="3087" />
    <tag k="addr:street" v="Johnson Hill Road" />
    <tag k="addr:state" v="VT" />
    <tag k="ref:vcgi:esiteid" v="206782" />
  </node>
  <node id="-1060" visible="true" lat="43.777934264156" lon="-72.57893482148">
    <tag k="addr:city" v="South Royalton" />
    <tag k="addr:housenumber" v="3025" />
    <tag k="addr:street" v="Johnson Hill Road" />
    <tag k="addr:state" v="VT" />
    <tag k="ref:vcgi:esiteid" v="206783" />
  </node>
  <node id="-1061" visible="true" lat="43.777678024077" lon="-72.586437567906">
    <tag k="addr:city" v="South Royalton" />
    <tag k="addr:housenumber" v="3815" />
    <tag k="addr:street" v="Royalton Hill Road" />
    <tag k="addr:state" v="VT" />
    <tag k="ref:vcgi:esiteid" v="206784" />
  </node>
  <node id="-1062" visible="true" lat="43.777602286172" lon="-72.573262190081">
    <tag k="addr:city" v="South Royalton" />
    <tag k="addr:housenumber" v="200" />
    <tag k="addr:street" v="Fisher Road" />
    <tag k="addr:state" v="VT" />
    <tag k="ref:vcgi:esiteid" v="206785" />
  </node>
  <node id="-1063" visible="true" lat="43.777234984708" lon="-72.525599579934">
    <tag k="addr:city" v="South Royalton" />
    <tag k="addr:housenumber" v="2879" />
    <tag k="addr:street" v="Broad Brook Road" />
    <tag k="addr:state" v="VT" />
    <tag k="ref:vcgi:esiteid" v="206786" />
  </node>
  <node id="-1064" visible="true" lat="43.776061312413" lon="-72.57266577192">
    <tag k="addr:city" v="South Royalton" />
    <tag k="addr:housenumber" v="198" />
    <tag k="addr:street" v="Fisher Road" />
    <tag k="addr:state" v="VT" />
    <tag k="ref:vcgi:esiteid" v="206787" />
  </node>
  <node id="-1065" visible="true" lat="43.774443283933" lon="-72.527813545777">
    <tag k="addr:city" v="South Royalton" />
    <tag k="addr:housenumber" v="300" />
    <tag k="addr:street" v="Urstadt Road" />
    <tag k="addr:state" v="VT" />
    <tag k="ref:vcgi:esiteid" v="206788" />
  </node>
  <node id="-1066" visible="true" lat="43.774114685416" lon="-72.585360570257">
    <tag k="addr:city" v="South Royalton" />
    <tag k="addr:housenumber" v="3995" />
    <tag k="addr:street" v="Royalton Hill Road" />
    <tag k="addr:state" v="VT" />
    <tag k="ref:vcgi:esiteid" v="206789" />
  </node>
  <node id="-1067" visible="true" lat="43.773876460162" lon="-72.586547094009">
    <tag k="addr:city" v="South Royalton" />
    <tag k="addr:housenumber" v="3993" />
    <tag k="addr:street" v="Royalton Hill Road" />
    <tag k="addr:state" v="VT" />
    <tag k="ref:vcgi:esiteid" v="206790" />
  </node>
  <node id="-1068" visible="true" lat="43.773711093906" lon="-72.526977240955">
    <tag k="addr:city" v="South Royalton" />
    <tag k="addr:housenumber" v="3135" />
    <tag k="addr:street" v="Broad Brook Road" />
    <tag k="addr:state" v="VT" />
    <tag k="ref:vcgi:esiteid" v="206791" />
  </node>
  <node id="-1069" visible="true" lat="43.773001913473" lon="-72.558222422246">
    <tag k="addr:city" v="South Royalton" />
    <tag k="addr:housenumber" v="383" />
    <tag k="addr:street" v="Litchfield Lane" />
    <tag k="addr:state" v="VT" />
    <tag k="ref:vcgi:esiteid" v="206792" />
  </node>
  <node id="-1070" visible="true" lat="43.770084574982" lon="-72.522628463073">
    <tag k="addr:city" v="South Royalton" />
    <tag k="addr:housenumber" v="269" />
    <tag k="addr:street" v="Lovejoy Road" />
    <tag k="addr:state" v="VT" />
    <tag k="ref:vcgi:esiteid" v="206793" />
  </node>
  <node id="-1071" visible="true" lat="43.769736431688" lon="-72.523314886838">
    <tag k="addr:city" v="South Royalton" />
    <tag k="addr:housenumber" v="309" />
    <tag k="addr:street" v="Lovejoy Road" />
    <tag k="addr:state" v="VT" />
    <tag k="ref:vcgi:esiteid" v="206794" />
  </node>
  <node id="-1072" visible="true" lat="43.768758953773" lon="-72.528430091897">
    <tag k="addr:city" v="South Royalton" />
    <tag k="addr:housenumber" v="3488" />
    <tag k="addr:street" v="Broad Brook Road" />
    <tag k="addr:state" v="VT" />
    <tag k="ref:vcgi:esiteid" v="206795" />
  </node>
  <node id="-1073" visible="true" lat="43.766049062372" lon="-72.524730422015">
    <tag k="addr:city" v="South Royalton" />
    <tag k="addr:housenumber" v="273" />
    <tag k="addr:street" v="Parkhurst Road" />
    <tag k="addr:state" v="VT" />
    <tag k="ref:vcgi:esiteid" v="206796" />
  </node>
  <node id="-1074" visible="true" lat="43.765133788917" lon="-72.529819709427">
    <tag k="addr:city" v="South Royalton" />
    <tag k="addr:housenumber" v="3733" />
    <tag k="addr:street" v="Broad Brook Road" />
    <tag k="addr:state" v="VT" />
    <tag k="ref:vcgi:esiteid" v="206797" />
  </node>
  <node id="-1075" visible="true" lat="43.765208085808" lon="-72.53238111326">
    <tag k="addr:city" v="South Royalton" />
    <tag k="addr:housenumber" v="62" />
    <tag k="addr:street" v="Plaisted Road" />
    <tag k="addr:state" v="VT" />
    <tag k="ref:vcgi:esiteid" v="206798" />
  </node>
  <node id="-1076" visible="true" lat="43.764457328676" lon="-72.53306226998">
    <tag k="addr:city" v="South Royalton" />
    <tag k="addr:housenumber" v="118" />
    <tag k="addr:street" v="Plaisted Road" />
    <tag k="addr:state" v="VT" />
    <tag k="ref:vcgi:esiteid" v="206799" />
  </node>
  <node id="-1077" visible="true" lat="43.761507706364" lon="-72.535589677734">
    <tag k="addr:city" v="South Royalton" />
    <tag k="addr:housenumber" v="376" />
    <tag k="addr:street" v="Plaisted Road" />
    <tag k="addr:state" v="VT" />
    <tag k="ref:vcgi:esiteid" v="206800" />
  </node>
  <node id="-1078" visible="true" lat="43.760695004474" lon="-72.530068661403">
    <tag k="addr:city" v="South Royalton" />
    <tag k="addr:housenumber" v="4207" />
    <tag k="addr:street" v="Broad Brook Road" />
    <tag k="addr:state" v="VT" />
    <tag k="ref:vcgi:esiteid" v="206801" />
  </node>
  <node id="-1079" visible="true" lat="43.869322287157" lon="-72.576620811879">
    <tag k="addr:city" v="Bethel" />
    <tag k="addr:housenumber" v="446" />
    <tag k="addr:street" v="Gage Road" />
    <tag k="addr:state" v="VT" />
    <tag k="ref:vcgi:esiteid" v="206802" />
  </node>
  <node id="-1080" visible="true" lat="43.871167601089" lon="-72.568371686134">
    <tag k="addr:city" v="Bethel" />
    <tag k="addr:housenumber" v="896" />
    <tag k="addr:street" v="Gage Road" />
    <tag k="addr:state" v="VT" />
    <tag k="ref:vcgi:esiteid" v="206803" />
  </node>
  <node id="-1081" visible="true" lat="43.86863769065" lon="-72.565817989775">
    <tag k="addr:city" v="Bethel" />
    <tag k="addr:housenumber" v="908" />
    <tag k="addr:street" v="Gage Road" />
    <tag k="addr:state" v="VT" />
    <tag k="ref:vcgi:esiteid" v="206804" />
  </node>
  <node id="-1082" visible="true" lat="43.86384776321" lon="-72.578261862406">
    <tag k="addr:city" v="South Royalton" />
    <tag k="addr:housenumber" v="183" />
    <tag k="addr:street" v="Post Farm Road" />
    <tag k="addr:state" v="VT" />
    <tag k="ref:vcgi:esiteid" v="206805" />
  </node>
  <node id="-1083" visible="true" lat="43.861736248942" lon="-72.543776478248">
    <tag k="addr:city" v="South Royalton" />
    <tag k="addr:housenumber" v="1715" />
    <tag k="addr:street" v="Rix Road" />
    <tag k="addr:state" v="VT" />
    <tag k="ref:vcgi:esiteid" v="206806" />
  </node>
  <node id="-1084" visible="true" lat="43.852181101142" lon="-72.53530769398">
    <tag k="addr:city" v="South Royalton" />
    <tag k="addr:housenumber" v="64" />
    <tag k="addr:street" v="Fox Den Lane" />
    <tag k="addr:state" v="VT" />
    <tag k="ref:vcgi:esiteid" v="206808" />
  </node>
  <node id="-1085" visible="true" lat="43.855696773081" lon="-72.535437159301">
    <tag k="addr:city" v="South Royalton" />
    <tag k="addr:housenumber" v="1000" />
    <tag k="addr:street" v="Rix Road" />
    <tag k="addr:state" v="VT" />
    <tag k="ref:vcgi:esiteid" v="206809" />
  </node>
  <node id="-1086" visible="true" lat="43.85411296207" lon="-72.538035055969">
    <tag k="addr:city" v="South Royalton" />
    <tag k="addr:housenumber" v="937" />
    <tag k="addr:street" v="Rix Road" />
    <tag k="addr:state" v="VT" />
    <tag k="ref:vcgi:esiteid" v="206810" />
  </node>
  <node id="-1087" visible="true" lat="43.844219906596" lon="-72.538977804043">
    <tag k="addr:city" v="South Royalton" />
    <tag k="addr:housenumber" v="1403" />
    <tag k="addr:street" v="Happy Hollow Road" />
    <tag k="addr:state" v="VT" />
    <tag k="ref:vcgi:esiteid" v="206811" />
  </node>
  <node id="-1088" visible="true" lat="43.849688456619" lon="-72.498877447743">
    <tag k="addr:city" v="South Royalton" />
    <tag k="addr:housenumber" v="269" />
    <tag k="addr:street" v="Jigger Hill Road" />
    <tag k="addr:state" v="VT" />
    <tag k="ref:vcgi:esiteid" v="206813" />
  </node>
  <node id="-1089" visible="true" lat="43.848433581996" lon="-72.499461576839">
    <tag k="addr:city" v="South Royalton" />
    <tag k="addr:housenumber" v="350" />
    <tag k="addr:street" v="Jigger Hill Road" />
    <tag k="addr:state" v="VT" />
    <tag k="ref:vcgi:esiteid" v="206814" />
  </node>
  <node id="-1090" visible="true" lat="43.844814999516" lon="-72.50162249763">
    <tag k="addr:city" v="South Royalton" />
    <tag k="addr:housenumber" v="511" />
    <tag k="addr:street" v="Jigger Hill Road" />
    <tag k="addr:state" v="VT" />
    <tag k="ref:vcgi:esiteid" v="206816" />
  </node>
  <node id="-1091" visible="true" lat="43.844823776403" lon="-72.500506507214">
    <tag k="addr:city" v="South Royalton" />
    <tag k="addr:housenumber" v="513" />
    <tag k="addr:street" v="Jigger Hill Road" />
    <tag k="addr:state" v="VT" />
    <tag k="ref:vcgi:esiteid" v="206817" />
  </node>
  <node id="-1092" visible="true" lat="43.837705714736" lon="-72.589765546401">
    <tag k="addr:city" v="South Royalton" />
    <tag k="addr:housenumber" v="1193" />
    <tag k="addr:street" v="Waterman Road" />
    <tag k="addr:state" v="VT" />
    <tag k="ref:vcgi:esiteid" v="206819" />
  </node>
  <node id="-1093" visible="true" lat="43.823320425017" lon="-72.59660921652">
    <tag k="addr:city" v="Bethel" />
    <tag k="addr:housenumber" v="1583" />
    <tag k="addr:street" v="Vermont Route 107" />
    <tag k="addr:state" v="VT" />
    <tag k="ref:vcgi:esiteid" v="206820" />
  </node>
  <node id="-1094" visible="true" lat="43.823210064032" lon="-72.597176494836">
    <tag k="addr:city" v="Bethel" />
    <tag k="addr:housenumber" v="1593" />
    <tag k="addr:street" v="Vermont Route 107" />
    <tag k="addr:state" v="VT" />
    <tag k="ref:vcgi:esiteid" v="206821" />
  </node>
  <node id="-1095" visible="true" lat="43.822995831787" lon="-72.565197528019">
    <tag k="addr:city" v="South Royalton" />
    <tag k="addr:housenumber" v="42" />
    <tag k="addr:street" v="Royalton Hill Road" />
    <tag k="addr:state" v="VT" />
    <tag k="ref:vcgi:esiteid" v="206822" />
  </node>
  <node id="-1096" visible="true" lat="43.830513679979" lon="-72.55232119109">
    <tag k="addr:city" v="South Royalton" />
    <tag k="addr:housenumber" v="3107" />
    <tag k="addr:street" v="Gee Hill Road" />
    <tag k="addr:state" v="VT" />
    <tag k="ref:vcgi:esiteid" v="206823" />
  </node>
  <node id="-1097" visible="true" lat="43.835874053815" lon="-72.555020867428">
    <tag k="addr:city" v="South Royalton" />
    <tag k="addr:housenumber" v="2662" />
    <tag k="addr:street" v="Gee Hill Road" />
    <tag k="addr:state" v="VT" />
    <tag k="ref:vcgi:esiteid" v="206824" />
  </node>
  <node id="-1098" visible="true" lat="43.835251035106" lon="-72.55468187122">
    <tag k="addr:city" v="South Royalton" />
    <tag k="addr:housenumber" v="2682" />
    <tag k="addr:street" v="Gee Hill Road" />
    <tag k="addr:state" v="VT" />
    <tag k="ref:vcgi:esiteid" v="206825" />
  </node>
  <node id="-1099" visible="true" lat="43.819190425662" lon="-72.573527939259">
    <tag k="addr:city" v="South Royalton" />
    <tag k="addr:housenumber" v="264" />
    <tag k="addr:street" v="Tortolano Road" />
    <tag k="addr:state" v="VT" />
    <tag k="ref:vcgi:esiteid" v="206826" />
  </node>
  <node id="-1100" visible="true" lat="43.81724810466" lon="-72.573264596907">
    <tag k="addr:city" v="South Royalton" />
    <tag k="addr:housenumber" v="101" />
    <tag k="addr:street" v="Tortolano Road" />
    <tag k="addr:state" v="VT" />
    <tag k="ref:vcgi:esiteid" v="206827" />
  </node>
  <node id="-1101" visible="true" lat="43.816977753155" lon="-72.576840564195">
    <tag k="addr:city" v="South Royalton" />
    <tag k="addr:housenumber" v="1000" />
    <tag k="addr:street" v="Royalton Hill Road" />
    <tag k="addr:state" v="VT" />
    <tag k="ref:vcgi:esiteid" v="206828" />
  </node>
  <node id="-1102" visible="true" lat="43.834684840826" lon="-72.534382756082">
    <tag k="addr:city" v="South Royalton" />
    <tag k="addr:housenumber" v="709" />
    <tag k="addr:street" v="Happy Hollow Road" />
    <tag k="addr:state" v="VT" />
    <tag k="ref:vcgi:esiteid" v="206829" />
  </node>
  <node id="-1103" visible="true" lat="43.836539697397" lon="-72.535404902418">
    <tag k="addr:city" v="South Royalton" />
    <tag k="addr:housenumber" v="865" />
    <tag k="addr:street" v="Happy Hollow Road" />
    <tag k="addr:state" v="VT" />
    <tag k="ref:vcgi:esiteid" v="206830" />
  </node>
  <node id="-1104" visible="true" lat="43.825004531522" lon="-72.534469788834">
    <tag k="addr:city" v="South Royalton" />
    <tag k="addr:housenumber" v="720" />
    <tag k="addr:street" v="North Windsor Street" />
    <tag k="addr:state" v="VT" />
    <tag k="ref:vcgi:esiteid" v="206831" />
  </node>
  <node id="-1105" visible="true" lat="43.83683276731" lon="-72.509006993978">
    <tag k="addr:city" v="South Royalton" />
    <tag k="addr:housenumber" v="2128" />
    <tag k="addr:street" v="Ducker Road" />
    <tag k="addr:state" v="VT" />
    <tag k="ref:vcgi:esiteid" v="206832" />
  </node>
  <node id="-1106" visible="true" lat="43.796884441946" lon="-72.618699720722">
    <tag k="addr:city" v="Bethel" />
    <tag k="addr:housenumber" v="4887" />
    <tag k="addr:street" v="North Road" />
    <tag k="addr:state" v="VT" />
    <tag k="ref:vcgi:esiteid" v="206833" />
  </node>
  <node id="-1107" visible="true" lat="43.8060055477" lon="-72.518406017101">
    <tag k="addr:city" v="South Royalton" />
    <tag k="addr:housenumber" v="515" />
    <tag k="addr:street" v="Oxbow Road" />
    <tag k="addr:state" v="VT" />
    <tag k="ref:vcgi:esiteid" v="206834" />
  </node>
  <node id="-1108" visible="true" lat="43.809232988074" lon="-72.516274104657">
    <tag k="addr:city" v="South Royalton" />
    <tag k="addr:housenumber" v="401" />
    <tag k="addr:street" v="Oxbow Road" />
    <tag k="addr:state" v="VT" />
    <tag k="ref:vcgi:esiteid" v="206835" />
  </node>
  <node id="-1109" visible="true" lat="43.789222534457" lon="-72.628449853">
    <tag k="addr:city" v="Bethel" />
    <tag k="addr:housenumber" v="2064" />
    <tag k="addr:street" v="Rousseau Road" />
    <tag k="addr:state" v="VT" />
    <tag k="ref:vcgi:esiteid" v="206837" />
  </node>
  <node id="-1110" visible="true" lat="43.78705123895" lon="-72.630419221607">
    <tag k="addr:city" v="Bethel" />
    <tag k="addr:housenumber" v="2147" />
    <tag k="addr:street" v="Rousseau Road" />
    <tag k="addr:state" v="VT" />
    <tag k="ref:vcgi:esiteid" v="206838" />
  </node>
  <node id="-1111" visible="true" lat="43.790337826457" lon="-72.582130230181">
    <tag k="addr:city" v="South Royalton" />
    <tag k="addr:housenumber" v="2930" />
    <tag k="addr:street" v="Royalton Hill Road" />
    <tag k="addr:state" v="VT" />
    <tag k="ref:vcgi:esiteid" v="206839" />
  </node>
  <node id="-1112" visible="true" lat="43.787582021795" lon="-72.583322745725">
    <tag k="addr:city" v="South Royalton" />
    <tag k="addr:housenumber" v="3048" />
    <tag k="addr:street" v="Royalton Hill Road" />
    <tag k="addr:state" v="VT" />
    <tag k="ref:vcgi:esiteid" v="206840" />
  </node>
  <node id="-1113" visible="true" lat="43.778398360243" lon="-72.571980936955">
    <tag k="addr:city" v="South Royalton" />
    <tag k="addr:housenumber" v="143" />
    <tag k="addr:street" v="Fisher Road" />
    <tag k="addr:state" v="VT" />
    <tag k="ref:vcgi:esiteid" v="206841" />
  </node>
  <node id="-1114" visible="true" lat="43.778785611945" lon="-72.578229422256">
    <tag k="addr:city" v="South Royalton" />
    <tag k="addr:housenumber" v="2993" />
    <tag k="addr:street" v="Johnson Hill Road" />
    <tag k="addr:state" v="VT" />
    <tag k="ref:vcgi:esiteid" v="206842" />
  </node>
  <node id="-1115" visible="true" lat="43.781672688962" lon="-72.516726472262">
    <tag k="addr:city" v="South Royalton" />
    <tag k="addr:housenumber" v="161" />
    <tag k="addr:street" v="Piper Lane" />
    <tag k="addr:state" v="VT" />
    <tag k="ref:vcgi:esiteid" v="206843" />
  </node>
  <node id="-1116" visible="true" lat="43.780666646989" lon="-72.517452855352">
    <tag k="addr:city" v="South Royalton" />
    <tag k="addr:housenumber" v="201" />
    <tag k="addr:street" v="Piper Lane" />
    <tag k="addr:state" v="VT" />
    <tag k="ref:vcgi:esiteid" v="206844" />
  </node>
  <node id="-1117" visible="true" lat="43.779362693348" lon="-72.525543925036">
    <tag k="addr:city" v="South Royalton" />
    <tag k="addr:housenumber" v="32" />
    <tag k="addr:street" v="Maude Laura Lane" />
    <tag k="addr:state" v="VT" />
    <tag k="ref:vcgi:esiteid" v="206845" />
  </node>
  <node id="-1118" visible="true" lat="43.778192457633" lon="-72.526624158175">
    <tag k="addr:city" v="South Royalton" />
    <tag k="addr:housenumber" v="120" />
    <tag k="addr:street" v="Maude Laura Lane" />
    <tag k="addr:state" v="VT" />
    <tag k="ref:vcgi:esiteid" v="206846" />
  </node>
  <node id="-1119" visible="true" lat="43.779047915853" lon="-72.525334523611">
    <tag k="addr:city" v="South Royalton" />
    <tag k="addr:housenumber" v="59" />
    <tag k="addr:street" v="Maude Laura Lane" />
    <tag k="addr:state" v="VT" />
    <tag k="ref:vcgi:esiteid" v="206847" />
  </node>
  <node id="-1120" visible="true" lat="43.787578176771" lon="-72.515164958504">
    <tag k="addr:city" v="South Royalton" />
    <tag k="addr:housenumber" v="2233" />
    <tag k="addr:street" v="Oxbow Road" />
    <tag k="addr:state" v="VT" />
    <tag k="ref:vcgi:esiteid" v="206848" />
  </node>
  <node id="-1121" visible="true" lat="43.774563442442" lon="-72.573355487181">
    <tag k="addr:city" v="South Royalton" />
    <tag k="addr:housenumber" v="493" />
    <tag k="addr:street" v="Fisher Road" />
    <tag k="addr:state" v="VT" />
    <tag k="ref:vcgi:esiteid" v="206849" />
  </node>
  <node id="-1122" visible="true" lat="43.761450122159" lon="-72.536012404716">
    <tag k="addr:city" v="South Royalton" />
    <tag k="addr:housenumber" v="378" />
    <tag k="addr:street" v="Plaisted Road" />
    <tag k="addr:state" v="VT" />
    <tag k="ref:vcgi:esiteid" v="206850" />
  </node>
  <node id="-1123" visible="true" lat="43.82601093334" lon="-72.60258293003">
    <tag k="addr:city" v="Bethel" />
    <tag k="addr:housenumber" v="198" />
    <tag k="addr:street" v="McCullough Run" />
    <tag k="addr:state" v="VT" />
    <tag k="ref:vcgi:esiteid" v="206851" />
  </node>
  <node id="-1124" visible="true" lat="43.821731536275" lon="-72.521456368911">
    <tag k="addr:city" v="South Royalton" />
    <tag k="addr:housenumber" v="166" />
    <tag k="addr:street" v="Chelsea Street" />
    <tag k="addr:state" v="VT" />
    <tag k="ref:vcgi:esiteid" v="206853" />
  </node>
  <node id="-1125" visible="true" lat="43.82206901946" lon="-72.520907985728">
    <tag k="addr:city" v="South Royalton" />
    <tag k="addr:housenumber" v="29" />
    <tag k="addr:street" v="Cameron Way" />
    <tag k="addr:state" v="VT" />
    <tag k="ref:vcgi:esiteid" v="206855" />
  </node>
  <node id="-1126" visible="true" lat="43.818144731183" lon="-72.51936742834">
    <tag k="addr:city" v="South Royalton" />
    <tag k="addr:housenumber" v="33" />
    <tag k="addr:street" v="Alexander Place" />
    <tag k="addr:state" v="VT" />
    <tag k="ref:vcgi:esiteid" v="206858" />
  </node>
  <node id="-1127" visible="true" lat="43.819324984349" lon="-72.517404425555">
    <tag k="addr:city" v="South Royalton" />
    <tag k="addr:housenumber" v="223" />
    <tag k="addr:street" v="South Windsor Street" />
    <tag k="addr:state" v="VT" />
    <tag k="ref:vcgi:esiteid" v="206860" />
  </node>
  <node id="-1128" visible="true" lat="43.815178366377" lon="-72.519704205578">
    <tag k="addr:city" v="South Royalton" />
    <tag k="addr:housenumber" v="70" />
    <tag k="addr:street" v="Pleasant Street" />
    <tag k="addr:state" v="VT" />
    <tag k="ref:vcgi:esiteid" v="206861" />
  </node>
  <node id="-1129" visible="true" lat="43.833476119216" lon="-72.514733946311">
    <tag k="addr:city" v="South Royalton" />
    <tag k="addr:housenumber" v="74" />
    <tag k="addr:street" v="Parkers Lane" />
    <tag k="addr:state" v="VT" />
    <tag k="ref:vcgi:esiteid" v="206862" />
  </node>
  <node id="-1130" visible="true" lat="43.833097136663" lon="-72.513666146413">
    <tag k="addr:city" v="South Royalton" />
    <tag k="addr:housenumber" v="43" />
    <tag k="addr:street" v="Parkers Lane" />
    <tag k="addr:state" v="VT" />
    <tag k="ref:vcgi:esiteid" v="206863" />
  </node>
  <node id="-1131" visible="true" lat="43.831751067282" lon="-72.515665698412">
    <tag k="addr:city" v="South Royalton" />
    <tag k="addr:housenumber" v="183" />
    <tag k="addr:street" v="Mill Road" />
    <tag k="addr:state" v="VT" />
    <tag k="ref:vcgi:esiteid" v="206864" />
  </node>
  <node id="-1132" visible="true" lat="43.831458150836" lon="-72.515644144721">
    <tag k="addr:city" v="South Royalton" />
    <tag k="addr:housenumber" v="181" />
    <tag k="addr:street" v="Mill Road" />
    <tag k="addr:state" v="VT" />
    <tag k="ref:vcgi:esiteid" v="206865" />
  </node>
  <node id="-1133" visible="true" lat="43.824183710607" lon="-72.609198139648">
    <tag k="addr:city" v="Bethel" />
    <tag k="addr:housenumber" v="52" />
    <tag k="addr:street" v="Arctic Cat Road" />
    <tag k="addr:state" v="VT" />
    <tag k="ref:vcgi:esiteid" v="206866" />
  </node>
  <node id="-1134" visible="true" lat="43.823312593191" lon="-72.609678853378">
    <tag k="addr:city" v="Bethel" />
    <tag k="addr:housenumber" v="107" />
    <tag k="addr:street" v="Arctic Cat Road" />
    <tag k="addr:state" v="VT" />
    <tag k="ref:vcgi:esiteid" v="206867" />
  </node>
  <node id="-1135" visible="true" lat="43.804228442132" lon="-72.59252250358">
    <tag k="addr:city" v="South Royalton" />
    <tag k="addr:housenumber" v="705" />
    <tag k="addr:street" v="Sewall Brook Road" />
    <tag k="addr:state" v="VT" />
    <tag k="ref:vcgi:esiteid" v="206870" />
  </node>
  <node id="-1136" visible="true" lat="43.805906021417" lon="-72.547017269484">
    <tag k="addr:city" v="South Royalton" />
    <tag k="addr:housenumber" v="1217" />
    <tag k="addr:street" v="Back River Road" />
    <tag k="addr:state" v="VT" />
    <tag k="ref:vcgi:esiteid" v="206872" />
  </node>
  <node id="-1137" visible="true" lat="43.808802975035" lon="-72.511496304815">
    <tag k="addr:city" v="South Royalton" />
    <tag k="addr:housenumber" v="86" />
    <tag k="addr:street" v="Hillside Lane" />
    <tag k="addr:state" v="VT" />
    <tag k="ref:vcgi:esiteid" v="206873" />
  </node>
  <node id="-1138" visible="true" lat="43.817977434733" lon="-72.600077050787">
    <tag k="addr:city" v="Bethel" />
    <tag k="addr:housenumber" v="5" />
    <tag k="addr:street" v="Wilder Lane" />
    <tag k="addr:state" v="VT" />
    <tag k="ref:vcgi:esiteid" v="206874" />
  </node>
  <node id="-1139" visible="true" lat="43.847084292837" lon="-72.528227388938">
    <tag k="addr:city" v="South Royalton" />
    <tag k="addr:housenumber" v="359" />
    <tag k="addr:street" v="Rix Road" />
    <tag k="addr:state" v="VT" />
    <tag k="ref:vcgi:esiteid" v="206875" />
  </node>
  <node id="-1140" visible="true" lat="43.81971690172" lon="-72.521929393813">
    <tag k="addr:city" v="South Royalton" />
    <tag k="addr:housenumber" v="239" />
    <tag k="addr:street" v="Chelsea Street" />
    <tag k="addr:state" v="VT" />
    <tag k="ref:vcgi:esiteid" v="206876" />
  </node>
  <node id="-1141" visible="true" lat="43.819450765877" lon="-72.521639095977">
    <tag k="addr:city" v="South Royalton" />
    <tag k="addr:housenumber" v="52" />
    <tag k="addr:street" v="Railroad Street" />
    <tag k="addr:state" v="VT" />
    <tag k="ref:vcgi:esiteid" v="206877" />
  </node>
  <node id="-1142" visible="true" lat="43.819259400967" lon="-72.521416759566">
    <tag k="addr:city" v="South Royalton" />
    <tag k="addr:housenumber" v="56" />
    <tag k="addr:street" v="Railroad Street" />
    <tag k="addr:state" v="VT" />
    <tag k="ref:vcgi:esiteid" v="206878" />
  </node>
  <node id="-1143" visible="true" lat="43.788881454151" lon="-72.52833574154">
    <tag k="addr:city" v="South Royalton" />
    <tag k="addr:housenumber" v="583" />
    <tag k="addr:street" v="Frary Road" />
    <tag k="addr:state" v="VT" />
    <tag k="ref:vcgi:esiteid" v="206879" />
  </node>
  <node id="-1144" visible="true" lat="43.84860637116" lon="-72.528931170212">
    <tag k="addr:city" v="South Royalton" />
    <tag k="addr:housenumber" v="29" />
    <tag k="addr:street" v="Amell Lane" />
    <tag k="addr:state" v="VT" />
    <tag k="ref:vcgi:esiteid" v="206880" />
  </node>
  <node id="-1145" visible="true" lat="43.820288448611" lon="-72.543168864855">
    <tag k="addr:city" v="South Royalton" />
    <tag k="addr:housenumber" v="3941" />
    <tag k="addr:street" v="Vermont Route 14" />
    <tag k="addr:state" v="VT" />
    <tag k="ref:vcgi:esiteid" v="206881" />
  </node>
  <node id="-1146" visible="true" lat="43.824303353507" lon="-72.611171595585">
    <tag k="addr:city" v="Bethel" />
    <tag k="addr:housenumber" v="2323" />
    <tag k="addr:street" v="Vermont Route 107" />
    <tag k="addr:state" v="VT" />
    <tag k="ref:vcgi:esiteid" v="206882" />
  </node>
  <node id="-1147" visible="true" lat="43.839331307533" lon="-72.513407460776">
    <tag k="addr:city" v="South Royalton" />
    <tag k="addr:housenumber" v="4" />
    <tag k="addr:street" v="Overlook Lane" />
    <tag k="addr:state" v="VT" />
    <tag k="ref:vcgi:esiteid" v="206883" />
  </node>
  <node id="-1148" visible="true" lat="43.848756154738" lon="-72.512116642534">
    <tag k="addr:city" v="South Royalton" />
    <tag k="addr:housenumber" v="1957" />
    <tag k="addr:street" v="Vermont Route 110" />
    <tag k="addr:state" v="VT" />
    <tag k="ref:vcgi:esiteid" v="206884" />
  </node>
  <node id="-1149" visible="true" lat="43.843589685204" lon="-72.512217410042">
    <tag k="addr:city" v="South Royalton" />
    <tag k="addr:housenumber" v="1541" />
    <tag k="addr:street" v="Vermont Route 110" />
    <tag k="addr:state" v="VT" />
    <tag k="ref:vcgi:esiteid" v="206885" />
  </node>
  <node id="-1150" visible="true" lat="43.850649307987" lon="-72.50256388891">
    <tag k="addr:city" v="South Royalton" />
    <tag k="addr:housenumber" v="21" />
    <tag k="addr:street" v="Pheasant Lane" />
    <tag k="addr:state" v="VT" />
    <tag k="ref:vcgi:esiteid" v="206887" />
  </node>
  <node id="-1151" visible="true" lat="43.818306493856" lon="-72.519557978395">
    <tag k="addr:city" v="South Royalton" />
    <tag k="addr:housenumber" v="57" />
    <tag k="addr:street" v="Safford Street" />
    <tag k="addr:state" v="VT" />
    <tag k="ref:vcgi:esiteid" v="206888" />
  </node>
  <node id="-1152" visible="true" lat="43.815623808784" lon="-72.518295541427">
    <tag k="addr:city" v="South Royalton" />
    <tag k="addr:housenumber" v="207" />
    <tag k="addr:street" v="Pleasant Street" />
    <tag k="addr:state" v="VT" />
    <tag k="ref:vcgi:esiteid" v="206889" />
  </node>
  <node id="-1153" visible="true" lat="43.801240889872" lon="-72.541142332796">
    <tag k="addr:city" v="South Royalton" />
    <tag k="addr:housenumber" v="667" />
    <tag k="addr:street" v="Otto Merrill Road" />
    <tag k="addr:state" v="VT" />
    <tag k="ref:vcgi:esiteid" v="206890" />
  </node>
  <node id="-1154" visible="true" lat="43.809392801575" lon="-72.51548364232">
    <tag k="addr:city" v="South Royalton" />
    <tag k="addr:housenumber" v="68" />
    <tag k="addr:street" v="Manouvelos Lane" />
    <tag k="addr:state" v="VT" />
    <tag k="ref:vcgi:esiteid" v="206891" />
  </node>
  <node id="-1155" visible="true" lat="43.81259979046" lon="-72.495444825615">
    <tag k="addr:city" v="South Royalton" />
    <tag k="addr:housenumber" v="552" />
    <tag k="addr:street" v="Dairy Hill Road" />
    <tag k="addr:state" v="VT" />
    <tag k="ref:vcgi:esiteid" v="206892" />
  </node>
  <node id="-1156" visible="true" lat="43.813721062605" lon="-72.493033142103">
    <tag k="addr:city" v="South Royalton" />
    <tag k="addr:housenumber" v="725" />
    <tag k="addr:street" v="Dairy Hill Road" />
    <tag k="addr:state" v="VT" />
    <tag k="ref:vcgi:esiteid" v="206893" />
  </node>
  <node id="-1157" visible="true" lat="43.815774581094" lon="-72.545493916305">
    <tag k="addr:city" v="South Royalton" />
    <tag k="addr:housenumber" v="37" />
    <tag k="addr:street" v="Royalton Common Road" />
    <tag k="addr:state" v="VT" />
    <tag k="ref:vcgi:esiteid" v="206894" />
  </node>
  <node id="-1158" visible="true" lat="43.816092233258" lon="-72.518566659324">
    <tag k="addr:city" v="South Royalton" />
    <tag k="addr:housenumber" v="165" />
    <tag k="addr:street" v="Pleasant Street" />
    <tag k="addr:state" v="VT" />
    <tag k="ref:vcgi:esiteid" v="206895" />
  </node>
  <node id="-1159" visible="true" lat="43.816274033199" lon="-72.516852163446">
    <tag k="addr:city" v="South Royalton" />
    <tag k="addr:housenumber" v="418" />
    <tag k="addr:street" v="South Windsor Street" />
    <tag k="addr:state" v="VT" />
    <tag k="ref:vcgi:esiteid" v="206896" />
  </node>
  <node id="-1160" visible="true" lat="43.816502226775" lon="-72.572846786683">
    <tag k="addr:city" v="South Royalton" />
    <tag k="addr:housenumber" v="76" />
    <tag k="addr:street" v="Tortolano Road" />
    <tag k="addr:state" v="VT" />
    <tag k="ref:vcgi:esiteid" v="206897" />
  </node>
  <node id="-1161" visible="true" lat="43.818032470553" lon="-72.599498367871">
    <tag k="addr:city" v="Bethel" />
    <tag k="addr:housenumber" v="8" />
    <tag k="addr:street" v="Wilder Lane" />
    <tag k="addr:state" v="VT" />
    <tag k="ref:vcgi:esiteid" v="206898" />
  </node>
  <node id="-1162" visible="true" lat="43.818199206689" lon="-72.598774446077">
    <tag k="addr:city" v="Bethel" />
    <tag k="addr:housenumber" v="5" />
    <tag k="addr:street" v="Thetford Lane" />
    <tag k="addr:state" v="VT" />
    <tag k="ref:vcgi:esiteid" v="206899" />
  </node>
  <node id="-1163" visible="true" lat="43.818852985073" lon="-72.597722640996">
    <tag k="addr:city" v="Bethel" />
    <tag k="addr:housenumber" v="28" />
    <tag k="addr:street" v="Thetford Lane" />
    <tag k="addr:state" v="VT" />
    <tag k="ref:vcgi:esiteid" v="206900" />
  </node>
  <node id="-1164" visible="true" lat="43.818556646262" lon="-72.598697124728">
    <tag k="addr:city" v="Bethel" />
    <tag k="addr:housenumber" v="25" />
    <tag k="addr:street" v="Thetford Lane" />
    <tag k="addr:state" v="VT" />
    <tag k="ref:vcgi:esiteid" v="206901" />
  </node>
  <node id="-1165" visible="true" lat="43.819002126875" lon="-72.598458172008">
    <tag k="addr:city" v="Bethel" />
    <tag k="addr:housenumber" v="41" />
    <tag k="addr:street" v="Thetford Lane" />
    <tag k="addr:state" v="VT" />
    <tag k="ref:vcgi:esiteid" v="206902" />
  </node>
  <node id="-1166" visible="true" lat="43.826224328183" lon="-72.532063559669">
    <tag k="addr:city" v="South Royalton" />
    <tag k="addr:housenumber" v="3033" />
    <tag k="addr:street" v="Vermont Route 14" />
    <tag k="addr:state" v="VT" />
    <tag k="ref:vcgi:esiteid" v="206903" />
  </node>
  <node id="-1167" visible="true" lat="43.818410129631" lon="-72.487636704622">
    <tag k="addr:city" v="South Royalton" />
    <tag k="addr:housenumber" v="1155" />
    <tag k="addr:street" v="Dairy Hill Road" />
    <tag k="addr:state" v="VT" />
    <tag k="ref:vcgi:esiteid" v="206904" />
  </node>
  <node id="-1168" visible="true" lat="43.818347549397" lon="-72.599971305348">
    <tag k="addr:city" v="Bethel" />
    <tag k="addr:housenumber" v="25" />
    <tag k="addr:street" v="Wilder Lane" />
    <tag k="addr:state" v="VT" />
    <tag k="ref:vcgi:esiteid" v="206905" />
  </node>
  <node id="-1169" visible="true" lat="43.81837445964" lon="-72.59949010767">
    <tag k="addr:city" v="Bethel" />
    <tag k="addr:housenumber" v="28" />
    <tag k="addr:street" v="Wilder Lane" />
    <tag k="addr:state" v="VT" />
    <tag k="ref:vcgi:esiteid" v="206906" />
  </node>
  <node id="-1170" visible="true" lat="43.818905988973" lon="-72.599740842145">
    <tag k="addr:city" v="Bethel" />
    <tag k="addr:housenumber" v="60" />
    <tag k="addr:street" v="Wilder Lane" />
    <tag k="addr:state" v="VT" />
    <tag k="ref:vcgi:esiteid" v="206907" />
  </node>
  <node id="-1171" visible="true" lat="43.823098350324" lon="-72.484902331912">
    <tag k="addr:city" v="South Royalton" />
    <tag k="addr:housenumber" v="180" />
    <tag k="addr:street" v="Sugar Hill Lane" />
    <tag k="addr:state" v="VT" />
    <tag k="ref:vcgi:esiteid" v="206909" />
  </node>
  <node id="-1172" visible="true" lat="43.843206634984" lon="-72.520334957741">
    <tag k="addr:city" v="South Royalton" />
    <tag k="addr:housenumber" v="1210" />
    <tag k="addr:street" v="Mill Road" />
    <tag k="addr:state" v="VT" />
    <tag k="ref:vcgi:esiteid" v="206910" />
  </node>
  <node id="-1173" visible="true" lat="43.837668825769" lon="-72.515690892224">
    <tag k="addr:city" v="South Royalton" />
    <tag k="addr:housenumber" v="1175" />
    <tag k="addr:street" v="Vermont Route 110" />
    <tag k="addr:state" v="VT" />
    <tag k="ref:vcgi:esiteid" v="206911" />
  </node>
  <node id="-1174" visible="true" lat="43.842101682493" lon="-72.53728652495">
    <tag k="addr:city" v="South Royalton" />
    <tag k="addr:housenumber" v="1240" />
    <tag k="addr:street" v="Happy Hollow Road" />
    <tag k="addr:state" v="VT" />
    <tag k="ref:vcgi:esiteid" v="206912" />
  </node>
  <node id="-1175" visible="true" lat="43.838428167802" lon="-72.568783495683">
    <tag k="addr:city" v="South Royalton" />
    <tag k="addr:housenumber" v="555" />
    <tag k="addr:street" v="Russ Hill Road" />
    <tag k="addr:state" v="VT" />
    <tag k="ref:vcgi:esiteid" v="206913" />
  </node>
  <node id="-1176" visible="true" lat="43.839439333014" lon="-72.566276021605">
    <tag k="addr:city" v="South Royalton" />
    <tag k="addr:housenumber" v="620" />
    <tag k="addr:street" v="Russ Hill Road" />
    <tag k="addr:state" v="VT" />
    <tag k="ref:vcgi:esiteid" v="206914" />
  </node>
  <node id="-1177" visible="true" lat="43.843124181258" lon="-72.557351323915">
    <tag k="addr:city" v="South Royalton" />
    <tag k="addr:housenumber" v="2140" />
    <tag k="addr:street" v="Gee Hill Road" />
    <tag k="addr:state" v="VT" />
    <tag k="ref:vcgi:esiteid" v="206915" />
  </node>
  <node id="-1178" visible="true" lat="43.839774772307" lon="-72.554029031032">
    <tag k="addr:city" v="South Royalton" />
    <tag k="addr:housenumber" v="2357" />
    <tag k="addr:street" v="Gee Hill Road" />
    <tag k="addr:state" v="VT" />
    <tag k="ref:vcgi:esiteid" v="206916" />
  </node>
  <node id="-1179" visible="true" lat="43.840753948498" lon="-72.551011009164">
    <tag k="addr:city" v="South Royalton" />
    <tag k="addr:housenumber" v="2427" />
    <tag k="addr:street" v="Gee Hill Road" />
    <tag k="addr:state" v="VT" />
    <tag k="ref:vcgi:esiteid" v="206917" />
  </node>
  <node id="-1180" visible="true" lat="43.839889483141" lon="-72.555602176983">
    <tag k="addr:city" v="South Royalton" />
    <tag k="addr:housenumber" v="2410" />
    <tag k="addr:street" v="Gee Hill Road" />
    <tag k="addr:state" v="VT" />
    <tag k="ref:vcgi:esiteid" v="206918" />
  </node>
  <node id="-1181" visible="true" lat="43.861977672779" lon="-72.542320736966">
    <tag k="addr:city" v="South Royalton" />
    <tag k="addr:housenumber" v="1705" />
    <tag k="addr:street" v="Rix Road" />
    <tag k="addr:state" v="VT" />
    <tag k="ref:vcgi:esiteid" v="206919" />
  </node>
  <node id="-1182" visible="true" lat="43.83712346923" lon="-72.57445016903">
    <tag k="addr:city" v="South Royalton" />
    <tag k="addr:housenumber" v="6710" />
    <tag k="addr:street" v="Vermont Route 14" />
    <tag k="addr:state" v="VT" />
    <tag k="ref:vcgi:esiteid" v="206920" />
  </node>
  <node id="-1183" visible="true" lat="43.832666881598" lon="-72.586461546351">
    <tag k="addr:city" v="South Royalton" />
    <tag k="addr:housenumber" v="705" />
    <tag k="addr:street" v="Waterman Road" />
    <tag k="addr:state" v="VT" />
    <tag k="ref:vcgi:esiteid" v="206921" />
  </node>
  <node id="-1184" visible="true" lat="43.825571178161" lon="-72.605196180523">
    <tag k="addr:city" v="Bethel" />
    <tag k="addr:housenumber" v="173" />
    <tag k="addr:street" v="McCullough Run" />
    <tag k="addr:state" v="VT" />
    <tag k="ref:vcgi:esiteid" v="206922" />
  </node>
  <node id="-1185" visible="true" lat="43.829422350924" lon="-72.610220013037">
    <tag k="addr:city" v="Bethel" />
    <tag k="addr:housenumber" v="231" />
    <tag k="addr:street" v="White Oak Lane" />
    <tag k="addr:state" v="VT" />
    <tag k="ref:vcgi:esiteid" v="206923" />
  </node>
  <node id="-1186" visible="true" lat="43.836834631487" lon="-72.534115638749">
    <tag k="addr:city" v="South Royalton" />
    <tag k="addr:housenumber" v="780" />
    <tag k="addr:street" v="Happy Hollow Road" />
    <tag k="addr:state" v="VT" />
    <tag k="ref:vcgi:esiteid" v="206924" />
  </node>
  <node id="-1187" visible="true" lat="43.822247163409" lon="-72.50286531946">
    <tag k="addr:city" v="South Royalton" />
    <tag k="addr:housenumber" v="780" />
    <tag k="addr:street" v="Roberts Road" />
    <tag k="addr:state" v="VT" />
    <tag k="ref:vcgi:esiteid" v="206925" />
  </node>
  <node id="-1188" visible="true" lat="43.805489375685" lon="-72.623665833375">
    <tag k="addr:city" v="Bethel" />
    <tag k="addr:housenumber" v="5550" />
    <tag k="addr:street" v="North Road" />
    <tag k="addr:state" v="VT" />
    <tag k="ref:vcgi:esiteid" v="206927" />
  </node>
  <node id="-1189" visible="true" lat="43.805804705887" lon="-72.590962624251">
    <tag k="addr:city" v="South Royalton" />
    <tag k="addr:housenumber" v="571" />
    <tag k="addr:street" v="Sewall Brook Road" />
    <tag k="addr:state" v="VT" />
    <tag k="ref:vcgi:esiteid" v="206928" />
  </node>
  <node id="-1190" visible="true" lat="43.817111952028" lon="-72.571536940565">
    <tag k="addr:city" v="South Royalton" />
    <tag k="addr:housenumber" v="120" />
    <tag k="addr:street" v="Tortolano Road" />
    <tag k="addr:state" v="VT" />
    <tag k="ref:vcgi:esiteid" v="206929" />
  </node>
  <node id="-1191" visible="true" lat="43.806528779086" lon="-72.545115706185">
    <tag k="addr:city" v="South Royalton" />
    <tag k="addr:housenumber" v="166" />
    <tag k="addr:street" v="Otto Merrill Road" />
    <tag k="addr:state" v="VT" />
    <tag k="ref:vcgi:esiteid" v="206931" />
  </node>
  <node id="-1192" visible="true" lat="43.807996245231" lon="-72.509871727303">
    <tag k="addr:city" v="South Royalton" />
    <tag k="addr:housenumber" v="33" />
    <tag k="addr:street" v="Hillside Lane" />
    <tag k="addr:state" v="VT" />
    <tag k="ref:vcgi:esiteid" v="206932" />
  </node>
  <node id="-1193" visible="true" lat="43.818104872098" lon="-72.545279992123">
    <tag k="addr:city" v="South Royalton" />
    <tag k="addr:housenumber" v="4100" />
    <tag k="addr:street" v="Vermont Route 14" />
    <tag k="addr:state" v="VT" />
    <tag k="ref:vcgi:esiteid" v="206933" />
  </node>
  <node id="-1194" visible="true" lat="43.815696217131" lon="-72.545009788024">
    <tag k="addr:city" v="South Royalton" />
    <tag k="addr:housenumber" v="35" />
    <tag k="addr:street" v="Royalton Common Road" />
    <tag k="addr:state" v="VT" />
    <tag k="ref:vcgi:esiteid" v="206934" />
  </node>
  <node id="-1195" visible="true" lat="43.794751829744" lon="-72.523479166763">
    <tag k="addr:city" v="South Royalton" />
    <tag k="addr:housenumber" v="1720" />
    <tag k="addr:street" v="Otto Merrill Road" />
    <tag k="addr:state" v="VT" />
    <tag k="ref:vcgi:esiteid" v="206935" />
  </node>
  <node id="-1196" visible="true" lat="43.78165253241" lon="-72.516219058029">
    <tag k="addr:city" v="South Royalton" />
    <tag k="addr:housenumber" v="200" />
    <tag k="addr:street" v="Piper Lane" />
    <tag k="addr:state" v="VT" />
    <tag k="ref:vcgi:esiteid" v="206936" />
  </node>
  <node id="-1197" visible="true" lat="43.778301283557" lon="-72.569994256511">
    <tag k="addr:city" v="South Royalton" />
    <tag k="addr:housenumber" v="240" />
    <tag k="addr:street" v="River Rock Lane" />
    <tag k="addr:state" v="VT" />
    <tag k="ref:vcgi:esiteid" v="206937" />
  </node>
  <node id="-1198" visible="true" lat="43.786478090784" lon="-72.608528261173">
    <tag k="addr:city" v="Bethel" />
    <tag k="addr:housenumber" v="1056" />
    <tag k="addr:street" v="Rousseau Road" />
    <tag k="addr:state" v="VT" />
    <tag k="ref:vcgi:esiteid" v="206938" />
  </node>
  <node id="-1199" visible="true" lat="43.785721151353" lon="-72.626872751598">
    <tag k="addr:city" v="Bethel" />
    <tag k="addr:housenumber" v="1899" />
    <tag k="addr:street" v="Rousseau Road" />
    <tag k="addr:state" v="VT" />
    <tag k="ref:vcgi:esiteid" v="206939" />
  </node>
  <node id="-1200" visible="true" lat="43.787764119795" lon="-72.628280783438">
    <tag k="addr:city" v="Bethel" />
    <tag k="addr:housenumber" v="2035" />
    <tag k="addr:street" v="Rousseau Road" />
    <tag k="addr:state" v="VT" />
    <tag k="ref:vcgi:esiteid" v="206940" />
  </node>
  <node id="-1201" visible="true" lat="43.784002863984" lon="-72.518557166989">
    <tag k="addr:city" v="South Royalton" />
    <tag k="addr:housenumber" v="2250" />
    <tag k="addr:street" v="Broad Brook Road" />
    <tag k="addr:state" v="VT" />
    <tag k="ref:vcgi:esiteid" v="206941" />
  </node>
  <node id="-1202" visible="true" lat="43.807713350259" lon="-72.500019347567">
    <tag k="addr:city" v="South Royalton" />
    <tag k="addr:housenumber" v="42" />
    <tag k="addr:street" v="Trescott Lane" />
    <tag k="addr:state" v="VT" />
    <tag k="ref:vcgi:esiteid" v="206942" />
  </node>
  <node id="-1203" visible="true" lat="43.808374187158" lon="-72.499454878058">
    <tag k="addr:city" v="South Royalton" />
    <tag k="addr:housenumber" v="64" />
    <tag k="addr:street" v="Trescott Lane" />
    <tag k="addr:state" v="VT" />
    <tag k="ref:vcgi:esiteid" v="206943" />
  </node>
  <node id="-1204" visible="true" lat="43.809380990761" lon="-72.499340769518">
    <tag k="addr:city" v="South Royalton" />
    <tag k="addr:housenumber" v="129" />
    <tag k="addr:street" v="Trescott Lane" />
    <tag k="addr:state" v="VT" />
    <tag k="ref:vcgi:esiteid" v="206944" />
  </node>
  <node id="-1205" visible="true" lat="43.808952436736" lon="-72.498795294732">
    <tag k="addr:city" v="South Royalton" />
    <tag k="addr:housenumber" v="126" />
    <tag k="addr:street" v="Trescott Lane" />
    <tag k="addr:state" v="VT" />
    <tag k="ref:vcgi:esiteid" v="206945" />
  </node>
  <node id="-1206" visible="true" lat="43.81268618022" lon="-72.623698751687">
    <tag k="addr:city" v="Bethel" />
    <tag k="addr:housenumber" v="52" />
    <tag k="addr:street" v="Therrien Lane" />
    <tag k="addr:state" v="VT" />
    <tag k="ref:vcgi:esiteid" v="206946" />
  </node>
  <node id="-1207" visible="true" lat="43.805878032856" lon="-72.623119387916">
    <tag k="addr:city" v="Bethel" />
    <tag k="addr:housenumber" v="5574" />
    <tag k="addr:street" v="North Road" />
    <tag k="addr:state" v="VT" />
    <tag k="ref:vcgi:esiteid" v="206947" />
  </node>
  <node id="-1208" visible="true" lat="43.833859885347" lon="-72.570521436234">
    <tag k="addr:city" v="South Royalton" />
    <tag k="addr:housenumber" v="220" />
    <tag k="addr:street" v="Russ Hill Road" />
    <tag k="addr:state" v="VT" />
    <tag k="ref:vcgi:esiteid" v="206948" />
  </node>
  <node id="-1209" visible="true" lat="43.808763151001" lon="-72.500078201697">
    <tag k="addr:city" v="South Royalton" />
    <tag k="addr:housenumber" v="28" />
    <tag k="addr:street" v="Aussie Lane" />
    <tag k="addr:state" v="VT" />
    <tag k="ref:vcgi:esiteid" v="206949" />
  </node>
  <node id="-1210" visible="true" lat="43.84159346276" lon="-72.535324337277">
    <tag k="addr:city" v="South Royalton" />
    <tag k="addr:housenumber" v="1168" />
    <tag k="addr:street" v="Happy Hollow Road" />
    <tag k="addr:state" v="VT" />
    <tag k="ref:vcgi:esiteid" v="206950" />
  </node>
  <node id="-1211" visible="true" lat="43.867567063178" lon="-72.559020842307">
    <tag k="addr:city" v="South Royalton" />
    <tag k="addr:housenumber" v="320" />
    <tag k="addr:street" v="Gee Hill Road" />
    <tag k="addr:state" v="VT" />
    <tag k="ref:vcgi:esiteid" v="206951" />
  </node>
  <node id="-1212" visible="true" lat="43.848756377463" lon="-72.55758296515">
    <tag k="addr:city" v="South Royalton" />
    <tag k="addr:housenumber" v="1740" />
    <tag k="addr:street" v="Gee Hill Road" />
    <tag k="addr:state" v="VT" />
    <tag k="ref:vcgi:esiteid" v="206952" />
  </node>
  <node id="-1213" visible="true" lat="43.840397672479" lon="-72.568846911347">
    <tag k="addr:city" v="South Royalton" />
    <tag k="addr:housenumber" v="412" />
    <tag k="addr:street" v="English Road" />
    <tag k="addr:state" v="VT" />
    <tag k="ref:vcgi:esiteid" v="206953" />
  </node>
  <node id="-1214" visible="true" lat="43.838059880518" lon="-72.565979236469">
    <tag k="addr:city" v="South Royalton" />
    <tag k="addr:housenumber" v="614" />
    <tag k="addr:street" v="Russ Hill Road" />
    <tag k="addr:state" v="VT" />
    <tag k="ref:vcgi:esiteid" v="206954" />
  </node>
  <node id="-1215" visible="true" lat="43.851045759168" lon="-72.529337457734">
    <tag k="addr:city" v="South Royalton" />
    <tag k="addr:housenumber" v="644" />
    <tag k="addr:street" v="Rix Road" />
    <tag k="addr:state" v="VT" />
    <tag k="ref:vcgi:esiteid" v="206955" />
  </node>
  <node id="-1216" visible="true" lat="43.839208516209" lon="-72.513937312833">
    <tag k="addr:city" v="South Royalton" />
    <tag k="addr:housenumber" v="40" />
    <tag k="addr:street" v="Overlook Lane" />
    <tag k="addr:state" v="VT" />
    <tag k="ref:vcgi:esiteid" v="206956" />
  </node>
  <node id="-1217" visible="true" lat="43.825877145716" lon="-72.601749860558">
    <tag k="addr:city" v="Bethel" />
    <tag k="addr:housenumber" v="204" />
    <tag k="addr:street" v="McCullough Run" />
    <tag k="addr:state" v="VT" />
    <tag k="ref:vcgi:esiteid" v="206957" />
  </node>
  <node id="-1218" visible="true" lat="43.829226051081" lon="-72.552843946947">
    <tag k="addr:city" v="South Royalton" />
    <tag k="addr:housenumber" v="3142" />
    <tag k="addr:street" v="Gee Hill Road" />
    <tag k="addr:state" v="VT" />
    <tag k="ref:vcgi:esiteid" v="206958" />
  </node>
  <node id="-1219" visible="true" lat="43.817957731968" lon="-72.518217683031">
    <tag k="addr:city" v="South Royalton" />
    <tag k="addr:housenumber" v="248" />
    <tag k="addr:street" v="South Windsor Street" />
    <tag k="addr:state" v="VT" />
    <tag k="ref:vcgi:esiteid" v="206959" />
  </node>
  <node id="-1220" visible="true" lat="43.822965838483" lon="-72.484157380831">
    <tag k="addr:city" v="South Royalton" />
    <tag k="addr:housenumber" v="150" />
    <tag k="addr:street" v="Sugar Hill Lane" />
    <tag k="addr:state" v="VT" />
    <tag k="ref:vcgi:esiteid" v="206960" />
  </node>
  <node id="-1221" visible="true" lat="43.815383461618" lon="-72.512405590574">
    <tag k="addr:city" v="South Royalton" />
    <tag k="addr:housenumber" v="145" />
    <tag k="addr:street" v="Moses Lane" />
    <tag k="addr:state" v="VT" />
    <tag k="ref:vcgi:esiteid" v="206962" />
  </node>
  <node id="-1222" visible="true" lat="43.815156901653" lon="-72.511499134909">
    <tag k="addr:city" v="South Royalton" />
    <tag k="addr:housenumber" v="215" />
    <tag k="addr:street" v="Moses Lane" />
    <tag k="addr:state" v="VT" />
    <tag k="ref:vcgi:esiteid" v="206963" />
  </node>
  <node id="-1223" visible="true" lat="43.814846876041" lon="-72.512426274395">
    <tag k="addr:city" v="South Royalton" />
    <tag k="addr:housenumber" v="160" />
    <tag k="addr:street" v="Moses Lane" />
    <tag k="addr:state" v="VT" />
    <tag k="ref:vcgi:esiteid" v="206964" />
  </node>
  <node id="-1224" visible="true" lat="43.814838660839" lon="-72.511294456981">
    <tag k="addr:city" v="South Royalton" />
    <tag k="addr:housenumber" v="220" />
    <tag k="addr:street" v="Moses Lane" />
    <tag k="addr:state" v="VT" />
    <tag k="ref:vcgi:esiteid" v="206965" />
  </node>
  <node id="-1225" visible="true" lat="43.809241886717" lon="-72.500448181982">
    <tag k="addr:city" v="South Royalton" />
    <tag k="addr:housenumber" v="62" />
    <tag k="addr:street" v="Aussie Lane" />
    <tag k="addr:state" v="VT" />
    <tag k="ref:vcgi:esiteid" v="206967" />
  </node>
  <node id="-1226" visible="true" lat="43.796770931968" lon="-72.629528410363">
    <tag k="addr:city" v="Bethel" />
    <tag k="addr:housenumber" v="515" />
    <tag k="addr:street" v="Cleveland Brook Road" />
    <tag k="addr:state" v="VT" />
    <tag k="ref:vcgi:esiteid" v="206968" />
  </node>
  <node id="-1227" visible="true" lat="43.786984800454" lon="-72.615877129473">
    <tag k="addr:city" v="Bethel" />
    <tag k="addr:housenumber" v="4145" />
    <tag k="addr:street" v="North Road" />
    <tag k="addr:state" v="VT" />
    <tag k="ref:vcgi:esiteid" v="206969" />
  </node>
  <node id="-1228" visible="true" lat="43.859433127456" lon="-72.559767847779">
    <tag k="addr:city" v="South Royalton" />
    <tag k="addr:housenumber" v="1202" />
    <tag k="addr:street" v="Post Farm Road" />
    <tag k="addr:state" v="VT" />
    <tag k="ref:vcgi:esiteid" v="206970" />
  </node>
  <node id="-1229" visible="true" lat="43.849335563531" lon="-72.555732235037">
    <tag k="addr:city" v="South Royalton" />
    <tag k="addr:housenumber" v="1733" />
    <tag k="addr:street" v="Gee Hill Road" />
    <tag k="addr:state" v="VT" />
    <tag k="ref:vcgi:esiteid" v="206971" />
  </node>
  <node id="-1230" visible="true" lat="43.818347362652" lon="-72.611306792058">
    <tag k="addr:city" v="Bethel" />
    <tag k="addr:housenumber" v="107" />
    <tag k="addr:street" v="White Pines Lane" />
    <tag k="addr:state" v="VT" />
    <tag k="ref:vcgi:esiteid" v="206973" />
  </node>
  <node id="-1231" visible="true" lat="43.818646469057" lon="-72.611166853096">
    <tag k="addr:city" v="Bethel" />
    <tag k="addr:housenumber" v="117" />
    <tag k="addr:street" v="White Pines Lane" />
    <tag k="addr:state" v="VT" />
    <tag k="ref:vcgi:esiteid" v="206974" />
  </node>
  <node id="-1232" visible="true" lat="43.83409332207" lon="-72.57142734086">
    <tag k="addr:city" v="South Royalton" />
    <tag k="addr:housenumber" v="200" />
    <tag k="addr:street" v="Russ Hill Road" />
    <tag k="addr:state" v="VT" />
    <tag k="ref:vcgi:esiteid" v="206975" />
  </node>
  <node id="-1233" visible="true" lat="43.833969442994" lon="-72.56991640379">
    <tag k="addr:city" v="South Royalton" />
    <tag k="addr:housenumber" v="232" />
    <tag k="addr:street" v="Russ Hill Road" />
    <tag k="addr:state" v="VT" />
    <tag k="ref:vcgi:esiteid" v="206976" />
  </node>
  <node id="-1234" visible="true" lat="43.823112806923" lon="-72.596024715993">
    <tag k="addr:city" v="Bethel" />
    <tag k="addr:housenumber" v="1533" />
    <tag k="addr:street" v="Vermont Route 107" />
    <tag k="addr:state" v="VT" />
    <tag k="ref:vcgi:esiteid" v="206977" />
  </node>
  <node id="-1235" visible="true" lat="43.818531013913" lon="-72.597267027018">
    <tag k="addr:city" v="Bethel" />
    <tag k="addr:housenumber" v="15" />
    <tag k="addr:street" v="Pinney Lane" />
    <tag k="addr:state" v="VT" />
    <tag k="ref:vcgi:esiteid" v="206978" />
  </node>
  <node id="-1236" visible="true" lat="43.818813700583" lon="-72.597237162854">
    <tag k="addr:city" v="Bethel" />
    <tag k="addr:housenumber" v="37" />
    <tag k="addr:street" v="Pinney Lane" />
    <tag k="addr:state" v="VT" />
    <tag k="ref:vcgi:esiteid" v="206979" />
  </node>
  <node id="-1237" visible="true" lat="43.819219850758" lon="-72.597171507072">
    <tag k="addr:city" v="Bethel" />
    <tag k="addr:housenumber" v="59" />
    <tag k="addr:street" v="Pinney Lane" />
    <tag k="addr:state" v="VT" />
    <tag k="ref:vcgi:esiteid" v="206980" />
  </node>
  <node id="-1238" visible="true" lat="43.826083577157" lon="-72.531524054957">
    <tag k="addr:city" v="South Royalton" />
    <tag k="addr:housenumber" v="3015" />
    <tag k="addr:street" v="Vermont Route 14" />
    <tag k="addr:state" v="VT" />
    <tag k="ref:vcgi:esiteid" v="206982" />
  </node>
  <node id="-1239" visible="true" lat="43.821758495113" lon="-72.52197004644">
    <tag k="addr:city" v="South Royalton" />
    <tag k="addr:housenumber" v="43" />
    <tag k="addr:street" v="Cornell Street" />
    <tag k="addr:state" v="VT" />
    <tag k="ref:vcgi:esiteid" v="206983" />
  </node>
  <node id="-1240" visible="true" lat="43.832337826289" lon="-72.477763346673">
    <tag k="addr:city" v="South Royalton" />
    <tag k="addr:housenumber" v="2245" />
    <tag k="addr:street" v="Dairy Hill Road" />
    <tag k="addr:state" v="VT" />
    <tag k="ref:vcgi:esiteid" v="206984" />
  </node>
  <node id="-1241" visible="true" lat="43.81230976338" lon="-72.621250884683">
    <tag k="addr:city" v="Bethel" />
    <tag k="addr:housenumber" v="330" />
    <tag k="addr:street" v="Putt Road" />
    <tag k="addr:state" v="VT" />
    <tag k="ref:vcgi:esiteid" v="206985" />
  </node>
  <node id="-1242" visible="true" lat="43.807462432026" lon="-72.588601228214">
    <tag k="addr:city" v="South Royalton" />
    <tag k="addr:housenumber" v="453" />
    <tag k="addr:street" v="Sewall Brook Road" />
    <tag k="addr:state" v="VT" />
    <tag k="ref:vcgi:esiteid" v="206986" />
  </node>
  <node id="-1243" visible="true" lat="43.810584558147" lon="-72.505497138649">
    <tag k="addr:city" v="South Royalton" />
    <tag k="addr:housenumber" v="33" />
    <tag k="addr:street" v="Riverside Lane" />
    <tag k="addr:state" v="VT" />
    <tag k="ref:vcgi:esiteid" v="206987" />
  </node>
  <node id="-1244" visible="true" lat="43.810305410537" lon="-72.505123577171">
    <tag k="addr:city" v="South Royalton" />
    <tag k="addr:housenumber" v="35" />
    <tag k="addr:street" v="Riverside Lane" />
    <tag k="addr:state" v="VT" />
    <tag k="ref:vcgi:esiteid" v="206988" />
  </node>
  <node id="-1245" visible="true" lat="43.811265102801" lon="-72.505568485037">
    <tag k="addr:city" v="South Royalton" />
    <tag k="addr:housenumber" v="32" />
    <tag k="addr:street" v="Riverside Lane" />
    <tag k="addr:state" v="VT" />
    <tag k="ref:vcgi:esiteid" v="206989" />
  </node>
  <node id="-1246" visible="true" lat="43.811665911014" lon="-72.505852013095">
    <tag k="addr:city" v="South Royalton" />
    <tag k="addr:housenumber" v="72" />
    <tag k="addr:street" v="Riverside Lane" />
    <tag k="addr:state" v="VT" />
    <tag k="ref:vcgi:esiteid" v="206990" />
  </node>
  <node id="-1247" visible="true" lat="43.812358087537" lon="-72.506721372054">
    <tag k="addr:city" v="South Royalton" />
    <tag k="addr:housenumber" v="134" />
    <tag k="addr:street" v="Riverside Lane" />
    <tag k="addr:state" v="VT" />
    <tag k="ref:vcgi:esiteid" v="206991" />
  </node>
  <node id="-1248" visible="true" lat="43.809779388295" lon="-72.488837252522">
    <tag k="addr:city" v="South Royalton" />
    <tag k="addr:housenumber" v="360" />
    <tag k="addr:street" v="Sherlock Road" />
    <tag k="addr:state" v="VT" />
    <tag k="ref:vcgi:esiteid" v="206992" />
  </node>
  <node id="-1249" visible="true" lat="43.799004441804" lon="-72.503444866323">
    <tag k="addr:city" v="South Royalton" />
    <tag k="addr:housenumber" v="1753" />
    <tag k="addr:street" v="South Windsor Street" />
    <tag k="addr:state" v="VT" />
    <tag k="ref:vcgi:esiteid" v="206993" />
  </node>
  <node id="-1250" visible="true" lat="43.783772057426" lon="-72.61101639164">
    <tag k="addr:city" v="Bethel" />
    <tag k="addr:housenumber" v="55" />
    <tag k="addr:street" v="Ratner Lane" />
    <tag k="addr:state" v="VT" />
    <tag k="ref:vcgi:esiteid" v="206994" />
  </node>
  <node id="-1251" visible="true" lat="43.78270277651" lon="-72.609430022865">
    <tag k="addr:city" v="Bethel" />
    <tag k="addr:housenumber" v="77" />
    <tag k="addr:street" v="Ratner Lane" />
    <tag k="addr:state" v="VT" />
    <tag k="ref:vcgi:esiteid" v="206995" />
  </node>
  <node id="-1252" visible="true" lat="43.790694111521" lon="-72.590734241825">
    <tag k="addr:city" v="South Royalton" />
    <tag k="addr:housenumber" v="1147" />
    <tag k="addr:street" v="Davis Road" />
    <tag k="addr:state" v="VT" />
    <tag k="ref:vcgi:esiteid" v="206996" />
  </node>
  <node id="-1253" visible="true" lat="43.791325684581" lon="-72.592387913281">
    <tag k="addr:city" v="South Royalton" />
    <tag k="addr:housenumber" v="1290" />
    <tag k="addr:street" v="Davis Road" />
    <tag k="addr:state" v="VT" />
    <tag k="ref:vcgi:esiteid" v="206997" />
  </node>
  <node id="-1254" visible="true" lat="43.789653036342" lon="-72.595561155975">
    <tag k="addr:city" v="South Royalton" />
    <tag k="addr:housenumber" v="1360" />
    <tag k="addr:street" v="Davis Road" />
    <tag k="addr:state" v="VT" />
    <tag k="ref:vcgi:esiteid" v="206998" />
  </node>
  <node id="-1255" visible="true" lat="43.763472659729" lon="-72.536324096338">
    <tag k="addr:city" v="South Royalton" />
    <tag k="addr:housenumber" v="230" />
    <tag k="addr:street" v="Plaisted Road" />
    <tag k="addr:state" v="VT" />
    <tag k="ref:vcgi:esiteid" v="206999" />
  </node>
  <node id="-1256" visible="true" lat="43.8100131615" lon="-72.499614646875">
    <tag k="addr:city" v="South Royalton" />
    <tag k="addr:housenumber" v="36" />
    <tag k="addr:street" v="Aussie Lane" />
    <tag k="addr:state" v="VT" />
    <tag k="ref:vcgi:esiteid" v="207000" />
  </node>
  <node id="-1257" visible="true" lat="43.845070537825" lon="-72.563952251299">
    <tag k="addr:city" v="South Royalton" />
    <tag k="addr:housenumber" v="993" />
    <tag k="addr:street" v="Russ Hill Road" />
    <tag k="addr:state" v="VT" />
    <tag k="ref:vcgi:esiteid" v="207001" />
  </node>
  <node id="-1258" visible="true" lat="43.852411178133" lon="-72.561482951173">
    <tag k="addr:city" v="South Royalton" />
    <tag k="addr:housenumber" v="1460" />
    <tag k="addr:street" v="Gee Hill Road" />
    <tag k="addr:state" v="VT" />
    <tag k="ref:vcgi:esiteid" v="207002" />
  </node>
  <node id="-1259" visible="true" lat="43.851171758852" lon="-72.531297000727">
    <tag k="addr:city" v="South Royalton" />
    <tag k="addr:housenumber" v="610" />
    <tag k="addr:street" v="Rix Road" />
    <tag k="addr:state" v="VT" />
    <tag k="ref:vcgi:esiteid" v="207003" />
  </node>
  <node id="-1260" visible="true" lat="43.840135333249" lon="-72.515347511526">
    <tag k="addr:city" v="South Royalton" />
    <tag k="addr:housenumber" v="20" />
    <tag k="addr:street" v="Saw Mill Circle" />
    <tag k="addr:state" v="VT" />
    <tag k="ref:vcgi:esiteid" v="207005" />
  </node>
  <node id="-1261" visible="true" lat="43.839766556325" lon="-72.515501382132">
    <tag k="addr:city" v="South Royalton" />
    <tag k="addr:housenumber" v="40" />
    <tag k="addr:street" v="Saw Mill Circle" />
    <tag k="addr:state" v="VT" />
    <tag k="ref:vcgi:esiteid" v="207006" />
  </node>
  <node id="-1262" visible="true" lat="43.839464186422" lon="-72.515202957365">
    <tag k="addr:city" v="South Royalton" />
    <tag k="addr:housenumber" v="60" />
    <tag k="addr:street" v="Saw Mill Circle" />
    <tag k="addr:state" v="VT" />
    <tag k="ref:vcgi:esiteid" v="207007" />
  </node>
  <node id="-1263" visible="true" lat="43.839956921887" lon="-72.515495402971">
    <tag k="addr:city" v="South Royalton" />
    <tag k="addr:housenumber" v="30" />
    <tag k="addr:street" v="Saw Mill Circle" />
    <tag k="addr:state" v="VT" />
    <tag k="ref:vcgi:esiteid" v="207008" />
  </node>
  <node id="-1264" visible="true" lat="43.839610260881" lon="-72.515423208437">
    <tag k="addr:city" v="South Royalton" />
    <tag k="addr:housenumber" v="50" />
    <tag k="addr:street" v="Saw Mill Circle" />
    <tag k="addr:state" v="VT" />
    <tag k="ref:vcgi:esiteid" v="207009" />
  </node>
  <node id="-1265" visible="true" lat="43.839932742109" lon="-72.514816673327">
    <tag k="addr:city" v="South Royalton" />
    <tag k="addr:housenumber" v="80" />
    <tag k="addr:street" v="Saw Mill Circle" />
    <tag k="addr:state" v="VT" />
    <tag k="ref:vcgi:esiteid" v="207010" />
  </node>
  <node id="-1266" visible="true" lat="43.809825610648" lon="-72.626100958129">
    <tag k="addr:city" v="Bethel" />
    <tag k="addr:housenumber" v="22" />
    <tag k="addr:street" v="Rogers Lane" />
    <tag k="addr:state" v="VT" />
    <tag k="ref:vcgi:esiteid" v="207011" />
  </node>
  <node id="-1267" visible="true" lat="43.805469667763" lon="-72.579597077324">
    <tag k="addr:city" v="South Royalton" />
    <tag k="addr:housenumber" v="1861" />
    <tag k="addr:street" v="Royalton Hill Road" />
    <tag k="addr:state" v="VT" />
    <tag k="ref:vcgi:esiteid" v="207012" />
  </node>
  <node id="-1268" visible="true" lat="43.780521272223" lon="-72.525035562129">
    <tag k="addr:city" v="South Royalton" />
    <tag k="addr:housenumber" v="2640" />
    <tag k="addr:street" v="Broad Brook Road" />
    <tag k="addr:state" v="VT" />
    <tag k="ref:vcgi:esiteid" v="207013" />
  </node>
  <node id="-1269" visible="true" lat="43.812303732981" lon="-72.625568526354">
    <tag k="addr:city" v="Bethel" />
    <tag k="addr:housenumber" v="203" />
    <tag k="addr:street" v="Rogers Lane" />
    <tag k="addr:state" v="VT" />
    <tag k="ref:vcgi:esiteid" v="207014" />
  </node>
  <node id="-1270" visible="true" lat="43.80981990563" lon="-72.624143131949">
    <tag k="addr:city" v="Bethel" />
    <tag k="addr:housenumber" v="301" />
    <tag k="addr:street" v="Rogers Lane" />
    <tag k="addr:state" v="VT" />
    <tag k="ref:vcgi:esiteid" v="207015" />
  </node>
  <node id="-1271" visible="true" lat="43.864377893295" lon="-72.545731480657">
    <tag k="addr:city" v="South Royalton" />
    <tag k="addr:housenumber" v="96" />
    <tag k="addr:street" v="Melendy Lane" />
    <tag k="addr:state" v="VT" />
    <tag k="ref:vcgi:esiteid" v="263202" />
  </node>
  <node id="-1272" visible="true" lat="43.840302734555" lon="-72.529025271786">
    <tag k="addr:city" v="South Royalton" />
    <tag k="addr:housenumber" v="289" />
    <tag k="addr:street" v="Deerhaven Lane" />
    <tag k="addr:state" v="VT" />
    <tag k="ref:vcgi:esiteid" v="307519" />
  </node>
  <node id="-1273" visible="true" lat="43.839839043167" lon="-72.528150772001">
    <tag k="addr:city" v="South Royalton" />
    <tag k="addr:housenumber" v="377" />
    <tag k="addr:street" v="Deerhaven Lane" />
    <tag k="addr:state" v="VT" />
    <tag k="ref:vcgi:esiteid" v="307520" />
  </node>
  <node id="-1274" visible="true" lat="43.81041103445" lon="-72.503131941199">
    <tag k="addr:city" v="South Royalton" />
    <tag k="addr:housenumber" v="1142" />
    <tag k="addr:street" v="Vermont Route 14" />
    <tag k="addr:state" v="VT" />
    <tag k="ref:vcgi:esiteid" v="307521" />
  </node>
  <node id="-1275" visible="true" lat="43.791454220412" lon="-72.527125459795">
    <tag k="addr:city" v="South Royalton" />
    <tag k="addr:housenumber" v="704" />
    <tag k="addr:street" v="Frary Road" />
    <tag k="addr:state" v="VT" />
    <tag k="ref:vcgi:esiteid" v="307522" />
  </node>
  <node id="-1276" visible="true" lat="43.803535884319" lon="-72.59567775504">
    <tag k="addr:city" v="South Royalton" />
    <tag k="addr:housenumber" v="787" />
    <tag k="addr:street" v="Sewall Brook Road" />
    <tag k="addr:state" v="VT" />
    <tag k="ref:vcgi:esiteid" v="307526" />
  </node>
  <node id="-1277" visible="true" lat="43.782044877058" lon="-72.598415672315">
    <tag k="addr:city" v="Bethel" />
    <tag k="addr:housenumber" v="31" />
    <tag k="addr:street" v="Stackpole Road" />
    <tag k="addr:state" v="VT" />
    <tag k="ref:vcgi:esiteid" v="307527" />
  </node>
  <node id="-1278" visible="true" lat="43.820792944892" lon="-72.522906520362">
    <tag k="addr:city" v="South Royalton" />
    <tag k="addr:housenumber" v="48" />
    <tag k="addr:street" v="North Street" />
    <tag k="addr:state" v="VT" />
    <tag k="ref:vcgi:esiteid" v="307528" />
  </node>
  <node id="-1279" visible="true" lat="43.785569815878" lon="-72.61032241001">
    <tag k="addr:city" v="Bethel" />
    <tag k="addr:housenumber" v="22" />
    <tag k="addr:street" v="Ratner Lane" />
    <tag k="addr:state" v="VT" />
    <tag k="ref:vcgi:esiteid" v="307530" />
  </node>
  <node id="-1280" visible="true" lat="43.871240389986" lon="-72.570678541298">
    <tag k="addr:city" v="Bethel" />
    <tag k="addr:housenumber" v="840" />
    <tag k="addr:street" v="Gage Road" />
    <tag k="addr:state" v="VT" />
    <tag k="ref:vcgi:esiteid" v="312146" />
  </node>
  <node id="-1281" visible="true" lat="43.827013325545" lon="-72.52717609941">
    <tag k="addr:city" v="South Royalton" />
    <tag k="addr:housenumber" v="16" />
    <tag k="addr:street" v="Happy Hollow Road" />
    <tag k="addr:state" v="VT" />
    <tag k="ref:vcgi:esiteid" v="312147" />
  </node>
  <node id="-1282" visible="true" lat="43.819154946725" lon="-72.521658383376">
    <tag k="addr:city" v="South Royalton" />
    <tag k="addr:housenumber" v="56" />
    <tag k="addr:street" v="Rainbow Street" />
    <tag k="addr:state" v="VT" />
    <tag k="ref:vcgi:esiteid" v="312148" />
  </node>
  <node id="-1283" visible="true" lat="43.807199951875" lon="-72.489343487152">
    <tag k="addr:city" v="South Royalton" />
    <tag k="addr:housenumber" v="548" />
    <tag k="addr:street" v="Sherlock Road" />
    <tag k="addr:state" v="VT" />
    <tag k="ref:vcgi:esiteid" v="312149" />
  </node>
  <node id="-1284" visible="true" lat="43.828319702748" lon="-72.609788379505">
    <tag k="addr:city" v="Bethel" />
    <tag k="addr:housenumber" v="228" />
    <tag k="addr:street" v="White Oak Lane" />
    <tag k="addr:state" v="VT" />
    <tag k="ref:vcgi:esiteid" v="312150" />
  </node>
  <node id="-1285" visible="true" lat="43.833889987881" lon="-72.515080210394">
    <tag k="addr:city" v="South Royalton" />
    <tag k="addr:housenumber" v="99" />
    <tag k="addr:street" v="Upper Royalton Terrace" />
    <tag k="addr:state" v="VT" />
    <tag k="ref:vcgi:esiteid" v="312151" />
  </node>
  <node id="-1286" visible="true" lat="43.835939638114" lon="-72.546752875816">
    <tag k="addr:city" v="South Royalton" />
    <tag k="addr:housenumber" v="2745" />
    <tag k="addr:street" v="Gee Hill Road" />
    <tag k="addr:state" v="VT" />
    <tag k="ref:vcgi:esiteid" v="326141" />
  </node>
  <node id="-1287" visible="true" lat="43.85175078646" lon="-72.505449863634">
    <tag k="addr:city" v="South Royalton" />
    <tag k="addr:housenumber" v="4" />
    <tag k="addr:street" v="Vermont Route 110" />
    <tag k="addr:state" v="VT" />
    <tag k="ref:vcgi:esiteid" v="326609" />
  </node>
  <node id="-1288" visible="true" lat="43.862592687401" lon="-72.546240396149">
    <tag k="addr:city" v="South Royalton" />
    <tag k="addr:housenumber" v="276" />
    <tag k="addr:street" v="Melendy Lane" />
    <tag k="addr:state" v="VT" />
    <tag k="ref:vcgi:esiteid" v="327276" />
  </node>
  <node id="-1289" visible="true" lat="43.862387379747" lon="-72.549568801112">
    <tag k="addr:city" v="South Royalton" />
    <tag k="addr:housenumber" v="455" />
    <tag k="addr:street" v="Melendy Lane" />
    <tag k="addr:state" v="VT" />
    <tag k="ref:vcgi:esiteid" v="327277" />
  </node>
  <node id="-1290" visible="true" lat="43.870620420847" lon="-72.566805249714">
    <tag k="addr:city" v="Bethel" />
    <tag k="addr:housenumber" v="900" />
    <tag k="addr:street" v="Gage Road" />
    <tag k="addr:state" v="VT" />
    <tag k="ref:vcgi:esiteid" v="327585" />
  </node>
  <node id="-1291" visible="true" lat="43.81615316064" lon="-72.562409478809">
    <tag k="addr:city" v="South Royalton" />
    <tag k="addr:housenumber" v="43" />
    <tag k="addr:street" v="Meadow Lane" />
    <tag k="addr:state" v="VT" />
    <tag k="ref:vcgi:esiteid" v="329603" />
  </node>
  <node id="-1292" visible="true" lat="43.817001799429" lon="-72.562731073551">
    <tag k="addr:city" v="South Royalton" />
    <tag k="addr:housenumber" v="66" />
    <tag k="addr:street" v="Meadow Lane" />
    <tag k="addr:state" v="VT" />
    <tag k="ref:vcgi:esiteid" v="329604" />
  </node>
  <node id="-1293" visible="true" lat="43.817468619424" lon="-72.562957108249">
    <tag k="addr:city" v="South Royalton" />
    <tag k="addr:housenumber" v="102" />
    <tag k="addr:street" v="Meadow Lane" />
    <tag k="addr:state" v="VT" />
    <tag k="ref:vcgi:esiteid" v="329605" />
  </node>
  <node id="-1294" visible="true" lat="43.817928850714" lon="-72.563413603427">
    <tag k="addr:city" v="South Royalton" />
    <tag k="addr:housenumber" v="150" />
    <tag k="addr:street" v="Meadow Lane" />
    <tag k="addr:state" v="VT" />
    <tag k="ref:vcgi:esiteid" v="329606" />
  </node>
  <node id="-1295" visible="true" lat="43.817362467105" lon="-72.563788473237">
    <tag k="addr:city" v="South Royalton" />
    <tag k="addr:housenumber" v="141" />
    <tag k="addr:street" v="Meadow Lane" />
    <tag k="addr:state" v="VT" />
    <tag k="ref:vcgi:esiteid" v="329607" />
  </node>
  <node id="-1296" visible="true" lat="43.782130835412" lon="-72.612803079466">
    <tag k="addr:city" v="Bethel" />
    <tag k="addr:housenumber" v="195" />
    <tag k="addr:street" v="Ox Hill Lane" />
    <tag k="addr:state" v="VT" />
    <tag k="ref:vcgi:esiteid" v="331005" />
  </node>
  <node id="-1297" visible="true" lat="43.781395268831" lon="-72.613243515462">
    <tag k="addr:city" v="Bethel" />
    <tag k="addr:housenumber" v="200" />
    <tag k="addr:street" v="Ox Hill Lane" />
    <tag k="addr:state" v="VT" />
    <tag k="ref:vcgi:esiteid" v="331006" />
  </node>
  <node id="-1298" visible="true" lat="43.810839052258" lon="-72.499683374624">
    <tag k="addr:city" v="South Royalton" />
    <tag k="addr:housenumber" v="216" />
    <tag k="addr:street" v="Aussie Lane" />
    <tag k="addr:state" v="VT" />
    <tag k="ref:vcgi:esiteid" v="331314" />
  </node>
  <node id="-1299" visible="true" lat="43.80995858097" lon="-72.5008034894">
    <tag k="addr:city" v="South Royalton" />
    <tag k="addr:housenumber" v="121" />
    <tag k="addr:street" v="Aussie Lane" />
    <tag k="addr:state" v="VT" />
    <tag k="ref:vcgi:esiteid" v="331315" />
  </node>
  <node id="-1300" visible="true" lat="43.809459685672" lon="-72.501151708636">
    <tag k="addr:city" v="South Royalton" />
    <tag k="addr:housenumber" v="87" />
    <tag k="addr:street" v="Aussie Lane" />
    <tag k="addr:state" v="VT" />
    <tag k="ref:vcgi:esiteid" v="331316" />
  </node>
  <node id="-1301" visible="true" lat="43.814275185014" lon="-72.502870072553">
    <tag k="addr:city" v="South Royalton" />
    <tag k="addr:housenumber" v="155" />
    <tag k="addr:street" v="Dairy Hill Road" />
    <tag k="addr:state" v="VT" />
    <tag k="ref:vcgi:esiteid" v="332440" />
  </node>
  <node id="-1302" visible="true" lat="43.78128881557" lon="-72.604159465661">
    <tag k="addr:city" v="Bethel" />
    <tag k="addr:housenumber" v="755" />
    <tag k="addr:street" v="Rousseau Road" />
    <tag k="addr:state" v="VT" />
    <tag k="ref:vcgi:esiteid" v="332595" />
  </node>
  <node id="-1303" visible="true" lat="43.833379377864" lon="-72.510674130692">
    <tag k="addr:city" v="South Royalton" />
    <tag k="addr:housenumber" v="2177" />
    <tag k="addr:street" v="Ducker Road" />
    <tag k="addr:state" v="VT" />
    <tag k="ref:vcgi:esiteid" v="332596" />
  </node>
  <node id="-1304" visible="true" lat="43.825377651211" lon="-72.486794043292">
    <tag k="addr:city" v="South Royalton" />
    <tag k="addr:housenumber" v="228" />
    <tag k="addr:street" v="Sugar Hill Lane" />
    <tag k="addr:state" v="VT" />
    <tag k="ref:vcgi:esiteid" v="332599" />
  </node>
  <node id="-1305" visible="true" lat="43.817859168974" lon="-72.51535066022">
    <tag k="addr:city" v="South Royalton" />
    <tag k="addr:housenumber" v="55" />
    <tag k="addr:street" v="Wellsprings Lane" />
    <tag k="addr:state" v="VT" />
    <tag k="ref:vcgi:esiteid" v="332604" />
  </node>
  <node id="-1306" visible="true" lat="43.811280291123" lon="-72.574037268193">
    <tag k="addr:city" v="South Royalton" />
    <tag k="addr:housenumber" v="7" />
    <tag k="addr:street" v="Satellite Lane" />
    <tag k="addr:state" v="VT" />
    <tag k="ref:vcgi:esiteid" v="332605" />
  </node>
  <node id="-1307" visible="true" lat="43.811540763206" lon="-72.571793678815">
    <tag k="addr:city" v="South Royalton" />
    <tag k="addr:housenumber" v="2595" />
    <tag k="addr:street" v="Back River Road" />
    <tag k="addr:state" v="VT" />
    <tag k="ref:vcgi:esiteid" v="332606" />
  </node>
  <node id="-1308" visible="true" lat="43.774937951959" lon="-72.558630579123">
    <tag k="addr:city" v="South Royalton" />
    <tag k="addr:housenumber" v="287" />
    <tag k="addr:street" v="Litchfield Lane" />
    <tag k="addr:state" v="VT" />
    <tag k="ref:vcgi:esiteid" v="333476" />
  </node>
  <node id="-1309" visible="true" lat="43.776663720572" lon="-72.558669374302">
    <tag k="addr:city" v="South Royalton" />
    <tag k="addr:housenumber" v="230" />
    <tag k="addr:street" v="Litchfield Lane" />
    <tag k="addr:state" v="VT" />
    <tag k="ref:vcgi:esiteid" v="333477" />
  </node>
  <node id="-1310" visible="true" lat="43.775229281389" lon="-72.562116211627">
    <tag k="addr:city" v="South Royalton" />
    <tag k="addr:housenumber" v="300" />
    <tag k="addr:street" v="Litchfield Lane" />
    <tag k="addr:state" v="VT" />
    <tag k="ref:vcgi:esiteid" v="333478" />
  </node>
  <node id="-1311" visible="true" lat="43.773662285943" lon="-72.561219317404">
    <tag k="addr:city" v="South Royalton" />
    <tag k="addr:housenumber" v="304" />
    <tag k="addr:street" v="Litchfield Lane" />
    <tag k="addr:state" v="VT" />
    <tag k="ref:vcgi:esiteid" v="333479" />
  </node>
  <node id="-1312" visible="true" lat="43.818376627477" lon="-72.586760598877">
    <tag k="addr:city" v="Bethel" />
    <tag k="addr:housenumber" v="1213" />
    <tag k="addr:street" v="Gilman Road" />
    <tag k="addr:state" v="VT" />
    <tag k="ref:vcgi:esiteid" v="333606" />
  </node>
  <node id="-1313" visible="true" lat="43.788777152875" lon="-72.515179647816">
    <tag k="addr:city" v="South Royalton" />
    <tag k="addr:housenumber" v="2153" />
    <tag k="addr:street" v="Oxbow Road" />
    <tag k="addr:state" v="VT" />
    <tag k="ref:vcgi:esiteid" v="333607" />
  </node>
  <node id="-1314" visible="true" lat="43.827844861696" lon="-72.577250121124">
    <tag k="addr:city" v="South Royalton" />
    <tag k="addr:housenumber" v="33" />
    <tag k="addr:street" v="Waterman Road" />
    <tag k="addr:state" v="VT" />
    <tag k="ref:vcgi:esiteid" v="333608" />
  </node>
  <node id="-1315" visible="true" lat="43.855208900575" lon="-72.554901177865">
    <tag k="addr:city" v="South Royalton" />
    <tag k="addr:housenumber" v="432" />
    <tag k="addr:street" v="Falcon Ridge Lane" />
    <tag k="addr:state" v="VT" />
    <tag k="ref:vcgi:esiteid" v="333876" />
  </node>
  <node id="-1316" visible="true" lat="43.821333943489" lon="-72.483562199948">
    <tag k="addr:city" v="South Royalton" />
    <tag k="addr:housenumber" v="1379" />
    <tag k="addr:street" v="Dairy Hill Road" />
    <tag k="addr:state" v="VT" />
    <tag k="ref:vcgi:esiteid" v="336250" />
  </node>
  <node id="-1317" visible="true" lat="43.813925081252" lon="-72.622168115055">
    <tag k="addr:city" v="Bethel" />
    <tag k="addr:housenumber" v="46" />
    <tag k="addr:street" v="Therrien Lane" />
    <tag k="addr:state" v="VT" />
    <tag k="ref:vcgi:esiteid" v="336463" />
  </node>
  <node id="-1318" visible="true" lat="43.813459790146" lon="-72.62079721157">
    <tag k="addr:city" v="Bethel" />
    <tag k="addr:housenumber" v="40" />
    <tag k="addr:street" v="Therrien Lane" />
    <tag k="addr:state" v="VT" />
    <tag k="ref:vcgi:esiteid" v="336464" />
  </node>
  <node id="-1319" visible="true" lat="43.815479995424" lon="-72.612767898997">
    <tag k="addr:city" v="Bethel" />
    <tag k="addr:housenumber" v="95" />
    <tag k="addr:street" v="Carney Road" />
    <tag k="addr:state" v="VT" />
    <tag k="ref:vcgi:esiteid" v="336504" />
  </node>
  <node id="-1320" visible="true" lat="43.81975840213" lon="-72.519701348758">
    <tag k="addr:city" v="South Royalton" />
    <tag k="addr:housenumber" v="115" />
    <tag k="addr:street" v="South Windsor Street" />
    <tag k="addr:state" v="VT" />
    <tag k="ref:vcgi:esiteid" v="336505" />
  </node>
  <node id="-1321" visible="true" lat="43.820043628768" lon="-72.519008910148">
    <tag k="addr:city" v="South Royalton" />
    <tag k="addr:housenumber" v="129" />
    <tag k="addr:street" v="South Windsor Street" />
    <tag k="addr:state" v="VT" />
    <tag k="ref:vcgi:esiteid" v="336506" />
  </node>
  <node id="-1322" visible="true" lat="43.786060139191" lon="-72.514646576024">
    <tag k="addr:city" v="South Royalton" />
    <tag k="addr:housenumber" v="2265" />
    <tag k="addr:street" v="Oxbow Road" />
    <tag k="addr:state" v="VT" />
    <tag k="ref:vcgi:esiteid" v="336925" />
  </node>
  <node id="-1323" visible="true" lat="43.785135086871" lon="-72.514188316847">
    <tag k="addr:city" v="South Royalton" />
    <tag k="addr:housenumber" v="1235" />
    <tag k="addr:street" v="Harlow Road" />
    <tag k="addr:state" v="VT" />
    <tag k="ref:vcgi:esiteid" v="339580" />
  </node>
  <node id="-1324" visible="true" lat="43.838961833759" lon="-72.513765153777">
    <tag k="addr:city" v="South Royalton" />
    <tag k="addr:housenumber" v="35" />
    <tag k="addr:street" v="Overlook Lane" />
    <tag k="addr:state" v="VT" />
    <tag k="ref:vcgi:esiteid" v="339893" />
  </node>
  <node id="-1325" visible="true" lat="43.815880780567" lon="-72.603630946248">
    <tag k="addr:city" v="Bethel" />
    <tag k="addr:housenumber" v="2249" />
    <tag k="addr:street" v="Gilman Road" />
    <tag k="addr:state" v="VT" />
    <tag k="ref:vcgi:esiteid" v="340290" />
  </node>
  <node id="-1326" visible="true" lat="43.827880680408" lon="-72.611491905185">
    <tag k="addr:city" v="Bethel" />
    <tag k="addr:housenumber" v="127" />
    <tag k="addr:street" v="White Oak Lane" />
    <tag k="addr:state" v="VT" />
    <tag k="ref:vcgi:esiteid" v="341264" />
  </node>
  <node id="-1327" visible="true" lat="43.856184443946" lon="-72.541232737813">
    <tag k="addr:city" v="South Royalton" />
    <tag k="addr:housenumber" v="2249" />
    <tag k="addr:street" v="Happy Hollow Road" />
    <tag k="addr:state" v="VT" />
    <tag k="ref:vcgi:esiteid" v="344952" />
  </node>
  <node id="-1328" visible="true" lat="43.859481924702" lon="-72.543208865753">
    <tag k="addr:city" v="South Royalton" />
    <tag k="addr:housenumber" v="1419" />
    <tag k="addr:street" v="Rix Road" />
    <tag k="addr:state" v="VT" />
    <tag k="ref:vcgi:esiteid" v="345786" />
  </node>
  <node id="-1329" visible="true" lat="43.818761119357" lon="-72.559032489247">
    <tag k="addr:city" v="South Royalton" />
    <tag k="addr:housenumber" v="100" />
    <tag k="addr:street" v="Pine Ridge Drive" />
    <tag k="addr:state" v="VT" />
    <tag k="ref:vcgi:esiteid" v="365038" />
  </node>
  <node id="-1330" visible="true" lat="43.816430885691" lon="-72.511846226388">
    <tag k="addr:city" v="South Royalton" />
    <tag k="addr:housenumber" v="291" />
    <tag k="addr:street" v="Moses Lane" />
    <tag k="addr:state" v="VT" />
    <tag k="ref:vcgi:esiteid" v="365194" />
  </node>
  <node id="-1331" visible="true" lat="43.816837015447" lon="-72.512051573004">
    <tag k="addr:city" v="South Royalton" />
    <tag k="addr:housenumber" v="325" />
    <tag k="addr:street" v="Moses Lane" />
    <tag k="addr:state" v="VT" />
    <tag k="ref:vcgi:esiteid" v="365195" />
  </node>
  <node id="-1332" visible="true" lat="43.81718326245" lon="-72.512366364355">
    <tag k="addr:city" v="South Royalton" />
    <tag k="addr:housenumber" v="353" />
    <tag k="addr:street" v="Moses Lane" />
    <tag k="addr:state" v="VT" />
    <tag k="ref:vcgi:esiteid" v="365196" />
  </node>
  <node id="-1333" visible="true" lat="43.817441137085" lon="-72.512639392359">
    <tag k="addr:city" v="South Royalton" />
    <tag k="addr:housenumber" v="365" />
    <tag k="addr:street" v="Moses Lane" />
    <tag k="addr:state" v="VT" />
    <tag k="ref:vcgi:esiteid" v="365197" />
  </node>
  <node id="-1334" visible="true" lat="43.824970184593" lon="-72.598122535162">
    <tag k="addr:city" v="Bethel" />
    <tag k="addr:housenumber" v="1678" />
    <tag k="addr:street" v="Vermont Route 107" />
    <tag k="addr:state" v="VT" />
    <tag k="ref:vcgi:esiteid" v="365198" />
  </node>
  <node id="-1335" visible="true" lat="43.829298828202" lon="-72.527862204369">
    <tag k="addr:city" v="South Royalton" />
    <tag k="addr:housenumber" v="164" />
    <tag k="addr:street" v="Happy Hollow Road" />
    <tag k="addr:state" v="VT" />
    <tag k="ref:vcgi:esiteid" v="365695" />
  </node>
  <node id="-1336" visible="true" lat="43.805369237459" lon="-72.591835810061">
    <tag k="addr:city" v="South Royalton" />
    <tag k="addr:housenumber" v="643" />
    <tag k="addr:street" v="Sewall Brook Road" />
    <tag k="addr:state" v="VT" />
    <tag k="ref:vcgi:esiteid" v="448922" />
  </node>
  <node id="-1337" visible="true" lat="43.812428740633" lon="-72.61929475105">
    <tag k="addr:city" v="Bethel" />
    <tag k="addr:housenumber" v="325" />
    <tag k="addr:street" v="Putt Road" />
    <tag k="addr:state" v="VT" />
    <tag k="ref:vcgi:esiteid" v="448923" />
  </node>
  <node id="-1338" visible="true" lat="43.826848427465" lon="-72.475284900252">
    <tag k="addr:city" v="South Royalton" />
    <tag k="addr:housenumber" v="2000" />
    <tag k="addr:street" v="Dairy Hill Road" />
    <tag k="addr:state" v="VT" />
    <tag k="ref:vcgi:esiteid" v="448929" />
  </node>
  <node id="-1339" visible="true" lat="43.780988360851" lon="-72.52765522526">
    <tag k="addr:city" v="South Royalton" />
    <tag k="addr:housenumber" v="2680" />
    <tag k="addr:street" v="Broad Brook Road" />
    <tag k="addr:state" v="VT" />
    <tag k="ref:vcgi:esiteid" v="448980" />
  </node>
  <node id="-1340" visible="true" lat="43.835770737967" lon="-72.589644386497">
    <tag k="addr:city" v="South Royalton" />
    <tag k="addr:housenumber" v="1061" />
    <tag k="addr:street" v="Waterman Road" />
    <tag k="addr:state" v="VT" />
    <tag k="ref:vcgi:esiteid" v="449130" />
  </node>
  <node id="-1341" visible="true" lat="43.78240569211" lon="-72.615937753872">
    <tag k="addr:city" v="Bethel" />
    <tag k="addr:housenumber" v="3829" />
    <tag k="addr:street" v="North Road" />
    <tag k="addr:state" v="VT" />
    <tag k="ref:vcgi:esiteid" v="449132" />
  </node>
  <node id="-1342" visible="true" lat="43.822203516883" lon="-72.524318863155">
    <tag k="addr:city" v="South Royalton" />
    <tag k="addr:housenumber" v="65" />
    <tag k="addr:street" v="Carpenter Rec Field" />
    <tag k="addr:state" v="VT" />
    <tag k="ref:vcgi:esiteid" v="449252" />
  </node>
  <node id="-1343" visible="true" lat="43.821558429208" lon="-72.522122914332">
    <tag k="addr:city" v="South Royalton" />
    <tag k="addr:housenumber" v="25" />
    <tag k="addr:street" v="Cornell Street" />
    <tag k="addr:state" v="VT" />
    <tag k="ref:vcgi:esiteid" v="449253" />
  </node>
  <node id="-1345" visible="true" lat="43.781034764238" lon="-72.600262744056">
    <tag k="addr:city" v="Bethel" />
    <tag k="addr:housenumber" v="183" />
    <tag k="addr:street" v="Stackpole Road" />
    <tag k="addr:state" v="VT" />
    <tag k="ref:vcgi:esiteid" v="449490" />
  </node>
  <node id="-1346" visible="true" lat="43.869942657235" lon="-72.576456066947">
    <tag k="addr:city" v="Bethel" />
    <tag k="addr:housenumber" v="445" />
    <tag k="addr:street" v="Gage Road" />
    <tag k="addr:state" v="VT" />
    <tag k="ref:vcgi:esiteid" v="450354" />
  </node>
  <node id="-1347" visible="true" lat="43.819056064622" lon="-72.535114467765">
    <tag k="addr:city" v="South Royalton" />
    <tag k="addr:housenumber" v="574" />
    <tag k="addr:street" v="Pluck Hill Road" />
    <tag k="addr:state" v="VT" />
    <tag k="ref:vcgi:esiteid" v="450659" />
  </node>
  <node id="-1348" visible="true" lat="43.869749761325" lon="-72.567422167039">
    <tag k="addr:city" v="Bethel" />
    <tag k="addr:housenumber" v="902" />
    <tag k="addr:street" v="Gage Road" />
    <tag k="addr:state" v="VT" />
    <tag k="ref:vcgi:esiteid" v="450953" />
  </node>
  <node id="-1349" visible="true" lat="43.789735093657" lon="-72.614646069259">
    <tag k="addr:city" v="Bethel" />
    <tag k="addr:housenumber" v="4396" />
    <tag k="addr:street" v="North Road" />
    <tag k="addr:state" v="VT" />
    <tag k="ref:vcgi:esiteid" v="451016" />
  </node>
  <node id="-1350" visible="true" lat="43.807645636667" lon="-72.512712309437">
    <tag k="addr:city" v="South Royalton" />
    <tag k="addr:housenumber" v="266" />
    <tag k="addr:street" v="Hewitt Hill Lane" />
    <tag k="addr:state" v="VT" />
    <tag k="ref:vcgi:esiteid" v="451166" />
  </node>
  <node id="-1351" visible="true" lat="43.806781205181" lon="-72.512567442425">
    <tag k="addr:city" v="South Royalton" />
    <tag k="addr:housenumber" v="344" />
    <tag k="addr:street" v="Hewitt Hill Lane" />
    <tag k="addr:state" v="VT" />
    <tag k="ref:vcgi:esiteid" v="451167" />
  </node>
  <node id="-1352" visible="true" lat="43.806729031151" lon="-72.510416910682">
    <tag k="addr:city" v="South Royalton" />
    <tag k="addr:housenumber" v="305" />
    <tag k="addr:street" v="Hewitt Hill Lane" />
    <tag k="addr:state" v="VT" />
    <tag k="ref:vcgi:esiteid" v="451168" />
  </node>
  <node id="-1353" visible="true" lat="43.807504080653" lon="-72.51140846664">
    <tag k="addr:city" v="South Royalton" />
    <tag k="addr:housenumber" v="299" />
    <tag k="addr:street" v="Hewitt Hill Lane" />
    <tag k="addr:state" v="VT" />
    <tag k="ref:vcgi:esiteid" v="451169" />
  </node>
  <node id="-1354" visible="true" lat="43.809855975046" lon="-72.512268934941">
    <tag k="addr:city" v="South Royalton" />
    <tag k="addr:housenumber" v="34" />
    <tag k="addr:street" v="Rail View Meadows Lane" />
    <tag k="addr:state" v="VT" />
    <tag k="ref:vcgi:esiteid" v="451368" />
  </node>
  <node id="-1355" visible="true" lat="43.814314888684" lon="-72.512053261975">
    <tag k="addr:city" v="South Royalton" />
    <tag k="addr:housenumber" v="222" />
    <tag k="addr:street" v="Moses Lane" />
    <tag k="addr:state" v="VT" />
    <tag k="ref:vcgi:esiteid" v="451496" />
  </node>
  <node id="-1356" visible="true" lat="43.835924017113" lon="-72.588375687713">
    <tag k="addr:city" v="South Royalton" />
    <tag k="addr:housenumber" v="1092" />
    <tag k="addr:street" v="Waterman Road" />
    <tag k="addr:state" v="VT" />
    <tag k="ref:vcgi:esiteid" v="451518" />
  </node>
  <node id="-1357" visible="true" lat="43.810903548695" lon="-72.575285553584">
    <tag k="addr:city" v="South Royalton" />
    <tag k="addr:housenumber" v="82" />
    <tag k="addr:street" v="Satellite Lane" />
    <tag k="addr:state" v="VT" />
    <tag k="ref:vcgi:esiteid" v="451519" />
  </node>
  <node id="-1358" visible="true" lat="43.81355166259" lon="-72.492128327267">
    <tag k="addr:city" v="South Royalton" />
    <tag k="addr:housenumber" v="724" />
    <tag k="addr:street" v="Dairy Hill Road" />
    <tag k="addr:state" v="VT" />
    <tag k="ref:vcgi:esiteid" v="451956" />
  </node>
  <node id="-1359" visible="true" lat="43.839629039861" lon="-72.467891981516">
    <tag k="addr:city" v="South Royalton" />
    <tag k="addr:housenumber" v="2975" />
    <tag k="addr:street" v="Dairy Hill Road" />
    <tag k="addr:state" v="VT" />
    <tag k="ref:vcgi:esiteid" v="453568" />
  </node>
  <node id="-1360" visible="true" lat="43.843222984655" lon="-72.582597691569">
    <tag k="addr:city" v="South Royalton" />
    <tag k="addr:housenumber" v="217" />
    <tag k="addr:street" v="Serenity Lane" />
    <tag k="addr:state" v="VT" />
    <tag k="ref:vcgi:esiteid" v="454094" />
  </node>
  <node id="-1361" visible="true" lat="43.821505583903" lon="-72.519732754999">
    <tag k="addr:city" v="South Royalton" />
    <tag k="addr:housenumber" v="155" />
    <tag k="addr:street" v="Chelsea Street" />
    <tag k="addr:state" v="VT" />
    <tag k="ref:vcgi:esiteid" v="454202" />
  </node>
  <node id="-1362" visible="true" lat="43.831165953069" lon="-72.567132177348">
    <tag k="addr:city" v="South Royalton" />
    <tag k="addr:housenumber" v="111" />
    <tag k="addr:street" v="Ariel Lane" />
    <tag k="addr:state" v="VT" />
    <tag k="ref:vcgi:esiteid" v="454533" />
  </node>
  <node id="-1363" visible="true" lat="43.821562404548" lon="-72.543948884453">
    <tag k="addr:city" v="South Royalton" />
    <tag k="addr:housenumber" v="3755" />
    <tag k="addr:street" v="Gee Hill Road" />
    <tag k="addr:state" v="VT" />
    <tag k="ref:vcgi:esiteid" v="454534" />
  </node>
  <node id="-1364" visible="true" lat="43.847249566347" lon="-72.588512524022">
    <tag k="addr:city" v="South Royalton" />
    <tag k="addr:housenumber" v="1754" />
    <tag k="addr:street" v="Waterman Road" />
    <tag k="addr:state" v="VT" />
    <tag k="ref:vcgi:esiteid" v="454543" />
  </node>
  <node id="-1365" visible="true" lat="43.847612068922" lon="-72.507050757707">
    <tag k="addr:city" v="South Royalton" />
    <tag k="addr:housenumber" v="1912" />
    <tag k="addr:street" v="Vermont Route 110" />
    <tag k="addr:state" v="VT" />
    <tag k="ref:vcgi:esiteid" v="454932" />
  </node>
  <node id="-1366" visible="true" lat="43.782187834838" lon="-72.512498751159">
    <tag k="addr:city" v="South Royalton" />
    <tag k="addr:housenumber" v="1894" />
    <tag k="addr:street" v="Broad Brook Road" />
    <tag k="addr:state" v="VT" />
    <tag k="ref:vcgi:esiteid" v="455022" />
  </node>
  <node id="-1367" visible="true" lat="43.858508032818" lon="-72.579598467147">
    <tag k="addr:city" v="South Royalton" />
    <tag k="addr:housenumber" v="8758" />
    <tag k="addr:street" v="Vermont Route 14" />
    <tag k="addr:state" v="VT" />
    <tag k="ref:vcgi:esiteid" v="455189" />
  </node>
  <node id="-1368" visible="true" lat="43.822041832284" lon="-72.482286320523">
    <tag k="addr:city" v="South Royalton" />
    <tag k="addr:housenumber" v="1527" />
    <tag k="addr:street" v="Dairy Hill Road" />
    <tag k="addr:state" v="VT" />
    <tag k="ref:vcgi:esiteid" v="455190" />
  </node>
  <node id="-1369" visible="true" lat="43.759520192698" lon="-72.529744797015">
    <tag k="addr:city" v="South Royalton" />
    <tag k="addr:housenumber" v="4227" />
    <tag k="addr:street" v="Broad Brook Road" />
    <tag k="addr:state" v="VT" />
    <tag k="ref:vcgi:esiteid" v="455231" />
  </node>
  <node id="-1371" visible="true" lat="43.831293630981" lon="-72.514502834271">
    <tag k="addr:city" v="South Royalton" />
    <tag k="addr:housenumber" v="44" />
    <tag k="addr:street" v="Old Route 110" />
    <tag k="addr:state" v="VT" />
    <tag k="ref:vcgi:esiteid" v="610083" />
  </node>
  <node id="-1372" visible="true" lat="43.806919696202" lon="-72.519743770538">
    <tag k="addr:city" v="South Royalton" />
    <tag k="addr:housenumber" v="644" />
    <tag k="addr:street" v="Oxbow Road" />
    <tag k="addr:state" v="VT" />
    <tag k="ref:vcgi:esiteid" v="610189" />
  </node>
  <node id="-1375" visible="true" lat="43.820283777404" lon="-72.54628036086">
    <tag k="addr:city" v="South Royalton" />
    <tag k="addr:housenumber" v="3750" />
    <tag k="addr:street" v="Gee Hill Road" />
    <tag k="addr:state" v="VT" />
    <tag k="ref:vcgi:esiteid" v="610531" />
  </node>
  <node id="-1376" visible="true" lat="43.810466017188" lon="-72.576687258922">
    <tag k="addr:city" v="South Royalton" />
    <tag k="addr:housenumber" v="144" />
    <tag k="addr:street" v="Satellite Lane" />
    <tag k="addr:state" v="VT" />
    <tag k="ref:vcgi:esiteid" v="610723" />
  </node>
  <node id="-1377" visible="true" lat="43.809730306632" lon="-72.577185827989">
    <tag k="addr:city" v="South Royalton" />
    <tag k="addr:housenumber" v="208" />
    <tag k="addr:street" v="Satellite Lane" />
    <tag k="addr:state" v="VT" />
    <tag k="ref:vcgi:esiteid" v="610724" />
  </node>
  <node id="-1378" visible="true" lat="43.781688344642" lon="-72.575329878679">
    <tag k="addr:city" v="South Royalton" />
    <tag k="addr:housenumber" v="88" />
    <tag k="addr:street" v="Wiedmann Lane" />
    <tag k="addr:state" v="VT" />
    <tag k="ref:vcgi:esiteid" v="610893" />
  </node>
  <node id="-1379" visible="true" lat="43.80473973763" lon="-72.624595047795">
    <tag k="addr:city" v="Bethel" />
    <tag k="addr:housenumber" v="5515" />
    <tag k="addr:street" v="North Road" />
    <tag k="addr:state" v="VT" />
    <tag k="ref:vcgi:esiteid" v="610907" />
  </node>
  <node id="-1380" visible="true" lat="43.823180642357" lon="-72.52444444209">
    <tag k="addr:city" v="South Royalton" />
    <tag k="addr:housenumber" v="90" />
    <tag k="addr:street" v="Carpenter Rec Field" />
    <tag k="addr:state" v="VT" />
    <tag k="ref:vcgi:esiteid" v="610913" />
  </node>
  <node id="-1381" visible="true" lat="43.823073713842" lon="-72.525794471723">
    <tag k="addr:city" v="South Royalton" />
    <tag k="addr:housenumber" v="175" />
    <tag k="addr:street" v="Carpenter Rec Field" />
    <tag k="addr:state" v="VT" />
    <tag k="ref:vcgi:esiteid" v="610914" />
  </node>
  <node id="-1382" visible="true" lat="43.840910768472" lon="-72.505698384762">
    <tag k="addr:city" v="South Royalton" />
    <tag k="addr:housenumber" v="981" />
    <tag k="addr:street" v="Jigger Hill Road" />
    <tag k="addr:state" v="VT" />
    <tag k="ref:vcgi:esiteid" v="610922" />
  </node>
  <node id="-1383" visible="true" lat="43.824902344903" lon="-72.522345205597">
    <tag k="addr:city" v="South Royalton" />
    <tag k="addr:housenumber" v="2670" />
    <tag k="addr:street" v="Vermont Route 14" />
    <tag k="addr:state" v="VT" />
    <tag k="ref:vcgi:esiteid" v="610938" />
  </node>
  <node id="-1384" visible="true" lat="43.791051162162" lon="-72.588992963012">
    <tag k="addr:city" v="South Royalton" />
    <tag k="addr:housenumber" v="1135" />
    <tag k="addr:street" v="Davis Road" />
    <tag k="addr:state" v="VT" />
    <tag k="ref:vcgi:esiteid" v="610958" />
  </node>
  <node id="-1385" visible="true" lat="43.854117315835" lon="-72.564831307798">
    <tag k="addr:city" v="South Royalton" />
    <tag k="addr:housenumber" v="1300" />
    <tag k="addr:street" v="Gee Hill Road" />
    <tag k="addr:state" v="VT" />
    <tag k="ref:vcgi:esiteid" v="610965" />
  </node>
  <node id="-1386" visible="true" lat="43.786532751401" lon="-72.628209318151">
    <tag k="addr:city" v="Bethel" />
    <tag k="addr:housenumber" v="1907" />
    <tag k="addr:street" v="Rousseau Road" />
    <tag k="addr:state" v="VT" />
    <tag k="ref:vcgi:esiteid" v="610978" />
  </node>
  <node id="-1387" visible="true" lat="43.821962601876" lon="-72.475032190418">
    <tag k="addr:city" v="South Royalton" />
    <tag k="addr:housenumber" v="270" />
    <tag k="addr:street" v="LDS Lane" />
    <tag k="addr:state" v="VT" />
    <tag k="ref:vcgi:esiteid" v="610979" />
  </node>
  <node id="-1388" visible="true" lat="43.806553121068" lon="-72.606916524005">
    <tag k="addr:city" v="Bethel" />
    <tag k="addr:housenumber" v="1560" />
    <tag k="addr:street" v="Sewall Brook Road" />
    <tag k="addr:state" v="VT" />
    <tag k="ref:vcgi:esiteid" v="610999" />
  </node>
  <node id="-1389" visible="true" lat="43.824985772878" lon="-72.597067163247">
    <tag k="addr:city" v="Bethel" />
    <tag k="addr:housenumber" v="1674" />
    <tag k="addr:street" v="Vermont Route 107" />
    <tag k="addr:state" v="VT" />
    <tag k="ref:vcgi:esiteid" v="611544" />
  </node>
  <node id="-1390" visible="true" lat="43.811945257293" lon="-72.483232462318">
    <tag k="addr:city" v="South Royalton" />
    <tag k="addr:housenumber" v="119" />
    <tag k="addr:street" v="Bingham Road" />
    <tag k="addr:state" v="VT" />
    <tag k="ref:vcgi:esiteid" v="611621" />
  </node>
  <node id="-1391" visible="true" lat="43.829853136388" lon="-72.570865418274">
    <tag k="addr:city" v="South Royalton" />
    <tag k="addr:housenumber" v="6215" />
    <tag k="addr:street" v="Vermont Route 14" />
    <tag k="addr:state" v="VT" />
    <tag k="ref:vcgi:esiteid" v="611622" />
  </node>
  <node id="-1392" visible="true" lat="43.818476016028" lon="-72.610675694645">
    <tag k="addr:city" v="Bethel" />
    <tag k="addr:housenumber" v="102" />
    <tag k="addr:street" v="White Pines Lane" />
    <tag k="addr:state" v="VT" />
    <tag k="ref:vcgi:esiteid" v="612038" />
  </node>
  <node id="-1393" visible="true" lat="43.844604631409" lon="-72.557456651701">
    <tag k="addr:city" v="South Royalton" />
    <tag k="addr:housenumber" v="1986" />
    <tag k="addr:street" v="Gee Hill Road" />
    <tag k="addr:state" v="VT" />
    <tag k="ref:vcgi:esiteid" v="613197" />
  </node>
  <node id="-1394" visible="true" lat="43.833450441372" lon="-72.513747231857">
    <tag k="addr:city" v="South Royalton" />
    <tag k="addr:housenumber" v="39" />
    <tag k="addr:street" v="Parkers Lane" />
    <tag k="addr:state" v="VT" />
    <tag k="ref:vcgi:esiteid" v="613329" />
  </node>
  <node id="-1395" visible="true" lat="43.832992641126" lon="-72.513746883051">
    <tag k="addr:city" v="South Royalton" />
    <tag k="addr:housenumber" v="45" />
    <tag k="addr:street" v="Parkers Lane" />
    <tag k="addr:state" v="VT" />
    <tag k="ref:vcgi:esiteid" v="613330" />
  </node>
  <node id="-1396" visible="true" lat="43.840242744747" lon="-72.481591527655">
    <tag k="addr:city" v="South Royalton" />
    <tag k="addr:housenumber" v="705" />
    <tag k="addr:street" v="McIntosh Pond Road" />
    <tag k="addr:state" v="VT" />
    <tag k="ref:vcgi:esiteid" v="614611" />
  </node>
  <node id="-1397" visible="true" lat="43.82381893546" lon="-72.528872378279">
    <tag k="addr:city" v="South Royalton" />
    <tag k="addr:housenumber" v="424" />
    <tag k="addr:street" v="North Windsor Street" />
    <tag k="addr:state" v="VT" />
    <tag k="ref:vcgi:esiteid" v="614612" />
  </node>
  <node id="-1398" visible="true" lat="43.791858649119" lon="-72.597116983723">
    <tag k="addr:city" v="South Royalton" />
    <tag k="addr:housenumber" v="1358" />
    <tag k="addr:street" v="Davis Road" />
    <tag k="addr:state" v="VT" />
    <tag k="ref:vcgi:esiteid" v="614614" />
  </node>
  <node id="-1399" visible="true" lat="43.8275239601" lon="-72.483457392684">
    <tag k="addr:city" v="South Royalton" />
    <tag k="addr:housenumber" v="239" />
    <tag k="addr:street" v="McIntosh Pond Road" />
    <tag k="addr:state" v="VT" />
    <tag k="ref:vcgi:esiteid" v="614615" />
  </node>
  <node id="-1401" visible="true" lat="43.822532357126" lon="-72.579741167204">
    <tag k="addr:city" v="Bethel" />
    <tag k="addr:housenumber" v="589" />
    <tag k="addr:street" v="Gilman Road" />
    <tag k="addr:state" v="VT" />
    <tag k="ref:vcgi:esiteid" v="617734" />
  </node>
  <node id="-1402" visible="true" lat="43.797189054123" lon="-72.539481662127">
    <tag k="addr:city" v="South Royalton" />
    <tag k="addr:housenumber" v="670" />
    <tag k="addr:street" v="Otto Merrill Road" />
    <tag k="addr:state" v="VT" />
    <tag k="ref:vcgi:esiteid" v="617735" />
  </node>
  <node id="-1403" visible="true" lat="43.788035579041" lon="-72.518041036433">
    <tag k="addr:city" v="South Royalton" />
    <tag k="addr:housenumber" v="2254" />
    <tag k="addr:street" v="Broad Brook Road" />
    <tag k="addr:state" v="VT" />
    <tag k="ref:vcgi:esiteid" v="617736" />
  </node>
  <node id="-1404" visible="true" lat="43.819420758918" lon="-72.619441353005">
    <tag k="addr:city" v="Bethel" />
    <tag k="addr:housenumber" v="2922" />
    <tag k="addr:street" v="Gilman Road" />
    <tag k="addr:state" v="VT" />
    <tag k="ref:vcgi:esiteid" v="617737" />
  </node>
  <node id="-1406" visible="true" lat="43.80722540289" lon="-72.500305980146">
    <tag k="addr:city" v="South Royalton" />
    <tag k="addr:housenumber" v="10" />
    <tag k="addr:street" v="Avery Lane" />
    <tag k="addr:state" v="VT" />
    <tag k="ref:vcgi:esiteid" v="620342" />
  </node>
  <node id="-1407" visible="true" lat="43.830528778737" lon="-72.573635775385">
    <tag k="addr:city" v="South Royalton" />
    <tag k="addr:housenumber" v="124" />
    <tag k="addr:street" v="Waterman Road" />
    <tag k="addr:state" v="VT" />
    <tag k="ref:vcgi:esiteid" v="620343" />
  </node>
  <node id="-1408" visible="true" lat="43.825695742444" lon="-72.564674679862">
    <tag k="addr:city" v="South Royalton" />
    <tag k="addr:housenumber" v="5690" />
    <tag k="addr:street" v="Vermont Route 14" />
    <tag k="addr:state" v="VT" />
    <tag k="ref:vcgi:esiteid" v="620560" />
  </node>
  <node id="-1409" visible="true" lat="43.840765405454" lon="-72.515980438287">
    <tag k="addr:city" v="South Royalton" />
    <tag k="addr:housenumber" v="1361" />
    <tag k="addr:street" v="Vermont Route 110" />
    <tag k="addr:state" v="VT" />
    <tag k="ref:vcgi:esiteid" v="620647" />
  </node>
  <node id="-1410" visible="true" lat="43.831748957261" lon="-72.529003287604">
    <tag k="addr:city" v="South Royalton" />
    <tag k="addr:housenumber" v="354" />
    <tag k="addr:street" v="Happy Hollow Road" />
    <tag k="addr:state" v="VT" />
    <tag k="ref:vcgi:esiteid" v="620663" />
  </node>
  <node id="-1411" visible="true" lat="43.820435095198" lon="-72.521755137057">
    <tag k="addr:city" v="South Royalton" />
    <tag k="addr:housenumber" v="194" />
    <tag k="addr:street" v="Chelsea Street" />
    <tag k="addr:state" v="VT" />
    <tag k="ref:vcgi:esiteid" v="620717" />
  </node>
  <node id="-1412" visible="true" lat="43.820306874398" lon="-72.521903058709">
    <tag k="addr:city" v="South Royalton" />
    <tag k="addr:housenumber" v="212" />
    <tag k="addr:street" v="Chelsea Street" />
    <tag k="addr:state" v="VT" />
    <tag k="ref:vcgi:esiteid" v="620718" />
  </node>
  <node id="-1413" visible="true" lat="43.820342609879" lon="-72.521894531771">
    <tag k="addr:city" v="South Royalton" />
    <tag k="addr:housenumber" v="210" />
    <tag k="addr:street" v="Chelsea Street" />
    <tag k="addr:state" v="VT" />
    <tag k="ref:vcgi:esiteid" v="620719" />
  </node>
  <node id="-1414" visible="true" lat="43.820232815624" lon="-72.522019264971">
    <tag k="addr:city" v="South Royalton" />
    <tag k="addr:housenumber" v="218" />
    <tag k="addr:street" v="Chelsea Street" />
    <tag k="addr:state" v="VT" />
    <tag k="ref:vcgi:esiteid" v="620720" />
  </node>
  <node id="-1415" visible="true" lat="43.820155570852" lon="-72.522101345909">
    <tag k="addr:city" v="South Royalton" />
    <tag k="addr:housenumber" v="224" />
    <tag k="addr:street" v="Chelsea Street" />
    <tag k="addr:state" v="VT" />
    <tag k="ref:vcgi:esiteid" v="620721" />
  </node>
  <node id="-1416" visible="true" lat="43.820329414454" lon="-72.522242878219">
    <tag k="addr:city" v="South Royalton" />
    <tag k="addr:housenumber" v="22" />
    <tag k="addr:street" v="Alley Lane" />
    <tag k="addr:state" v="VT" />
    <tag k="ref:vcgi:esiteid" v="620722" />
  </node>
  <node id="-1417" visible="true" lat="43.820346152639" lon="-72.522118058662">
    <tag k="addr:city" v="South Royalton" />
    <tag k="addr:housenumber" v="30" />
    <tag k="addr:street" v="Alley Lane" />
    <tag k="addr:state" v="VT" />
    <tag k="ref:vcgi:esiteid" v="620723" />
  </node>
  <node id="-1419" visible="true" lat="43.794571659017" lon="-72.626999183239">
    <tag k="addr:city" v="Bethel" />
    <tag k="addr:housenumber" v="753" />
    <tag k="addr:street" v="Cleveland Brook Road" />
    <tag k="addr:state" v="VT" />
    <tag k="ref:vcgi:esiteid" v="620825" />
  </node>
  <node id="-1421" visible="true" lat="43.80405272521" lon="-72.594500656925">
    <tag k="addr:city" v="South Royalton" />
    <tag k="addr:housenumber" v="785" />
    <tag k="addr:street" v="Sewall Brook Road" />
    <tag k="addr:state" v="VT" />
    <tag k="ref:vcgi:esiteid" v="646442" />
  </node>
  <node id="-1422" visible="true" lat="43.823856062968" lon="-72.531625091503">
    <tag k="addr:city" v="South Royalton" />
    <tag k="addr:housenumber" v="553" />
    <tag k="addr:street" v="North Windsor Street" />
    <tag k="addr:state" v="VT" />
    <tag k="ref:vcgi:esiteid" v="646517" />
  </node>
  <node id="-1423" visible="true" lat="43.825305419945" lon="-72.542446245143">
    <tag k="addr:city" v="South Royalton" />
    <tag k="addr:housenumber" v="3624" />
    <tag k="addr:street" v="Vermont Route 14" />
    <tag k="addr:state" v="VT" />
    <tag k="ref:vcgi:esiteid" v="646536" />
  </node>
  <node id="-1424" visible="true" lat="43.825210962858" lon="-72.520812959207">
    <tag k="addr:city" v="South Royalton" />
    <tag k="addr:housenumber" v="70" />
    <tag k="addr:street" v="Goodrich Meadows" />
    <tag k="addr:state" v="VT" />
    <tag k="ref:vcgi:esiteid" v="646649" />
  </node>
  <node id="-1425" visible="true" lat="43.834134226329" lon="-72.587919127035">
    <tag k="addr:city" v="South Royalton" />
    <tag k="addr:housenumber" v="853" />
    <tag k="addr:street" v="Waterman Road" />
    <tag k="addr:state" v="VT" />
    <tag k="ref:vcgi:esiteid" v="646683" />
  </node>
  <node id="-1426" visible="true" lat="43.818730740077" lon="-72.481852367458">
    <tag k="addr:city" v="South Royalton" />
    <tag k="addr:housenumber" v="126" />
    <tag k="addr:street" v="Kevins Way" />
    <tag k="addr:state" v="VT" />
    <tag k="ref:vcgi:esiteid" v="655362" />
  </node>
  <node id="-1427" visible="true" lat="43.820655272835" lon="-72.521741823933">
    <tag k="addr:city" v="South Royalton" />
    <tag k="addr:housenumber" v="15" />
    <tag k="addr:street" v="North Windsor Street" />
    <tag k="addr:state" v="VT" />
    <tag k="ref:vcgi:esiteid" v="655412" />
  </node>
  <node id="-1428" visible="true" lat="43.820614422694" lon="-72.521682366931">
    <tag k="addr:city" v="South Royalton" />
    <tag k="addr:housenumber" v="5" />
    <tag k="addr:street" v="North Windsor Street" />
    <tag k="addr:state" v="VT" />
    <tag k="ref:vcgi:esiteid" v="655413" />
  </node>
  <node id="-1429" visible="true" lat="43.819037114647" lon="-72.521856939393">
    <tag k="addr:city" v="South Royalton" />
    <tag k="addr:housenumber" v="106" />
    <tag k="addr:street" v="Rainbow Street" />
    <tag k="addr:state" v="VT" />
    <tag k="ref:vcgi:esiteid" v="655429" />
  </node>
  <node id="-1430" visible="true" lat="43.81390072005" lon="-72.495693886622">
    <tag k="addr:city" v="South Royalton" />
    <tag k="addr:housenumber" v="521" />
    <tag k="addr:street" v="Dairy Hill Road" />
    <tag k="addr:state" v="VT" />
    <tag k="ref:vcgi:esiteid" v="655440" />
  </node>
  <node id="-1431" visible="true" lat="43.798864612991" lon="-72.505991285757">
    <tag k="addr:city" v="South Royalton" />
    <tag k="addr:housenumber" v="315" />
    <tag k="addr:street" v="Dutton Road" />
    <tag k="addr:state" v="VT" />
    <tag k="ref:vcgi:esiteid" v="655463" />
  </node>
  <node id="-1432" visible="true" lat="43.799331031904" lon="-72.505608071569">
    <tag k="addr:city" v="South Royalton" />
    <tag k="addr:housenumber" v="269" />
    <tag k="addr:street" v="Dutton Road" />
    <tag k="addr:state" v="VT" />
    <tag k="ref:vcgi:esiteid" v="655464" />
  </node>
  <node id="-1433" visible="true" lat="43.799891410604" lon="-72.506047973037">
    <tag k="addr:city" v="South Royalton" />
    <tag k="addr:housenumber" v="252" />
    <tag k="addr:street" v="Dutton Road" />
    <tag k="addr:state" v="VT" />
    <tag k="ref:vcgi:esiteid" v="655465" />
  </node>
  <node id="-1434" visible="true" lat="43.79955346804" lon="-72.506045722036">
    <tag k="addr:city" v="South Royalton" />
    <tag k="addr:housenumber" v="254" />
    <tag k="addr:street" v="Dutton Road" />
    <tag k="addr:state" v="VT" />
    <tag k="ref:vcgi:esiteid" v="655488" />
  </node>
  <node id="-1435" visible="true" lat="43.807666032262" lon="-72.58553663588">
    <tag k="addr:city" v="South Royalton" />
    <tag k="addr:housenumber" v="245" />
    <tag k="addr:street" v="Sewall Brook Road" />
    <tag k="addr:state" v="VT" />
    <tag k="ref:vcgi:esiteid" v="655489" />
  </node>
  <node id="-1436" visible="true" lat="43.778105244126" lon="-72.555024921835">
    <tag k="addr:city" v="South Royalton" />
    <tag k="addr:housenumber" v="389" />
    <tag k="addr:street" v="Smedley Road" />
    <tag k="addr:state" v="VT" />
    <tag k="ref:vcgi:esiteid" v="655643" />
  </node>
  <node id="-1437" visible="true" lat="43.813891164591" lon="-72.48198169536">
    <tag k="addr:city" v="South Royalton" />
    <tag k="addr:housenumber" v="230" />
    <tag k="addr:street" v="Bingham Road" />
    <tag k="addr:state" v="VT" />
    <tag k="ref:vcgi:esiteid" v="655712" />
  </node>
  <node id="-1438" visible="true" lat="43.813798923921" lon="-72.481010657939">
    <tag k="addr:city" v="South Royalton" />
    <tag k="addr:housenumber" v="126" />
    <tag k="addr:street" v="Ob Lane" />
    <tag k="addr:state" v="VT" />
    <tag k="ref:vcgi:esiteid" v="655714" />
  </node>
  <node id="-1439" visible="true" lat="43.837572558681" lon="-72.471189853471">
    <tag k="addr:city" v="South Royalton" />
    <tag k="addr:housenumber" v="2811" />
    <tag k="addr:street" v="Dairy Hill Road" />
    <tag k="addr:state" v="VT" />
    <tag k="ref:vcgi:esiteid" v="655955" />
  </node>
  <node id="-1440" visible="true" lat="43.817150828467" lon="-72.584251585216">
    <tag k="addr:city" v="Bethel" />
    <tag k="addr:housenumber" v="1275" />
    <tag k="addr:street" v="Gilman Road" />
    <tag k="addr:state" v="VT" />
    <tag k="ref:vcgi:esiteid" v="656261" />
  </node>
  <node id="-1441" visible="true" lat="43.82451061279" lon="-72.610076176857">
    <tag k="addr:city" v="Bethel" />
    <tag k="addr:housenumber" v="60" />
    <tag k="addr:street" v="Arctic Cat Road" />
    <tag k="addr:state" v="VT" />
    <tag k="ref:vcgi:esiteid" v="656337" />
  </node>
  <node id="-1442" visible="true" lat="43.844682179233" lon="-72.561687336767">
    <tag k="addr:city" v="South Royalton" />
    <tag k="addr:housenumber" v="1130" />
    <tag k="addr:street" v="Russ Hill Road" />
    <tag k="addr:state" v="VT" />
    <tag k="ref:vcgi:esiteid" v="656346" />
  </node>
  <node id="-1443" visible="true" lat="43.816485320191" lon="-72.607186179342">
    <tag k="addr:city" v="Bethel" />
    <tag k="addr:housenumber" v="2251" />
    <tag k="addr:street" v="Gilman Road" />
    <tag k="addr:state" v="VT" />
    <tag k="ref:vcgi:esiteid" v="656372" />
  </node>
  <node id="-1444" visible="true" lat="43.825651528308" lon="-72.521065601792">
    <tag k="addr:city" v="South Royalton" />
    <tag k="addr:housenumber" v="105" />
    <tag k="addr:street" v="Goodrich Meadows" />
    <tag k="addr:state" v="VT" />
    <tag k="ref:vcgi:esiteid" v="656409" />
  </node>
  <node id="-1445" visible="true" lat="43.824783447573" lon="-72.521190840118">
    <tag k="addr:city" v="South Royalton" />
    <tag k="addr:housenumber" v="45" />
    <tag k="addr:street" v="Goodrich Meadows" />
    <tag k="addr:state" v="VT" />
    <tag k="ref:vcgi:esiteid" v="656410" />
  </node>
  <node id="-1446" visible="true" lat="43.802553985156" lon="-72.581213630004">
    <tag k="addr:city" v="South Royalton" />
    <tag k="addr:housenumber" v="1965" />
    <tag k="addr:street" v="Royalton Hill Road" />
    <tag k="addr:state" v="VT" />
    <tag k="ref:vcgi:esiteid" v="656419" />
  </node>
  <node id="-1447" visible="true" lat="43.802371304241" lon="-72.581516461751">
    <tag k="addr:city" v="South Royalton" />
    <tag k="addr:housenumber" v="1991" />
    <tag k="addr:street" v="Royalton Hill Road" />
    <tag k="addr:state" v="VT" />
    <tag k="ref:vcgi:esiteid" v="656420" />
  </node>
  <node id="-1448" visible="true" lat="43.778780332449" lon="-72.568936693093">
    <tag k="addr:city" v="South Royalton" />
    <tag k="addr:housenumber" v="201" />
    <tag k="addr:street" v="River Rock Lane" />
    <tag k="addr:state" v="VT" />
    <tag k="ref:vcgi:esiteid" v="656424" />
  </node>
  <node id="-1449" visible="true" lat="43.788974565969" lon="-72.630248179168">
    <tag k="addr:city" v="Bethel" />
    <tag k="addr:housenumber" v="2108" />
    <tag k="addr:street" v="Rousseau Road" />
    <tag k="addr:state" v="VT" />
    <tag k="ref:vcgi:esiteid" v="656522" />
  </node>
  <node id="-1450" visible="true" lat="43.835118194698" lon="-72.594107464098">
    <tag k="addr:city" v="South Royalton" />
    <tag k="addr:housenumber" v="250" />
    <tag k="addr:street" v="Brown Road" />
    <tag k="addr:state" v="VT" />
    <tag k="ref:vcgi:esiteid" v="656537" />
  </node>
  <node id="-1451" visible="true" lat="43.821139205111" lon="-72.525617190229">
    <tag k="addr:city" v="South Royalton" />
    <tag k="addr:housenumber" v="253" />
    <tag k="addr:street" v="North Windsor Street" />
    <tag k="addr:state" v="VT" />
    <tag k="ref:vcgi:esiteid" v="700025" />
  </node>
  <node id="-1452" visible="true" lat="43.785481488656" lon="-72.594925085264">
    <tag k="addr:city" v="South Royalton" />
    <tag k="addr:housenumber" v="133" />
    <tag k="addr:street" v="Rousseau Road" />
    <tag k="addr:state" v="VT" />
    <tag k="ref:vcgi:esiteid" v="700054" />
  </node>
  <node id="-1453" visible="true" lat="43.821516123836" lon="-72.582460175878">
    <tag k="addr:city" v="Bethel" />
    <tag k="addr:housenumber" v="898" />
    <tag k="addr:street" v="Gilman Road" />
    <tag k="addr:state" v="VT" />
    <tag k="ref:vcgi:esiteid" v="750088" />
  </node>
  <node id="-1455" visible="true" lat="43.815395682751" lon="-72.613019657077">
    <tag k="addr:city" v="Bethel" />
    <tag k="addr:housenumber" v="93" />
    <tag k="addr:street" v="Carney Road" />
    <tag k="addr:state" v="VT" />
    <tag k="ref:vcgi:esiteid" v="750108" />
  </node>
  <node id="-1456" visible="true" lat="43.81807688191" lon="-72.574129308856">
    <tag k="addr:city" v="South Royalton" />
    <tag k="addr:housenumber" v="890" />
    <tag k="addr:street" v="Royalton Hill Road" />
    <tag k="addr:state" v="VT" />
    <tag k="ref:vcgi:esiteid" v="751364" />
  </node>
  <node id="-1457" visible="true" lat="43.816702406982" lon="-72.504242582332">
    <tag k="addr:city" v="South Royalton" />
    <tag k="addr:housenumber" v="149" />
    <tag k="addr:street" v="West Trottier Road" />
    <tag k="addr:state" v="VT" />
    <tag k="ref:vcgi:esiteid" v="751466" />
  </node>
  <node id="-1458" visible="true" lat="43.832890330781" lon="-72.575619503349">
    <tag k="addr:city" v="South Royalton" />
    <tag k="addr:housenumber" v="195" />
    <tag k="addr:street" v="Waterman Industrial Park" />
    <tag k="addr:state" v="VT" />
    <tag k="ref:vcgi:esiteid" v="751467" />
  </node>
  <node id="-1459" visible="true" lat="43.840413207954" lon="-72.57040294442">
    <tag k="addr:city" v="South Royalton" />
    <tag k="addr:housenumber" v="401" />
    <tag k="addr:street" v="English Road" />
    <tag k="addr:state" v="VT" />
    <tag k="ref:vcgi:esiteid" v="751755" />
  </node>
  <node id="-1460" visible="true" lat="43.782965021481" lon="-72.513711118591">
    <tag k="addr:city" v="South Royalton" />
    <tag k="addr:housenumber" v="1968" />
    <tag k="addr:street" v="Broad Brook Road" />
    <tag k="addr:state" v="VT" />
    <tag k="ref:vcgi:esiteid" v="752045" />
  </node>
  <node id="-1461" visible="true" lat="43.824572163539" lon="-72.530193309316">
    <tag k="addr:city" v="South Royalton" />
    <tag k="addr:housenumber" v="460" />
    <tag k="addr:street" v="North Windsor Street" />
    <tag k="addr:state" v="VT" />
    <tag k="ref:vcgi:esiteid" v="752085" />
  </node>
  <node id="-1462" visible="true" lat="43.839897628775" lon="-72.516339781092">
    <tag k="addr:city" v="South Royalton" />
    <tag k="addr:housenumber" v="32" />
    <tag k="addr:street" v="Timber Terrace" />
    <tag k="addr:state" v="VT" />
    <tag k="ref:vcgi:esiteid" v="752086" />
  </node>
  <node id="-1463" visible="true" lat="43.8402084007" lon="-72.516329995026">
    <tag k="addr:city" v="South Royalton" />
    <tag k="addr:housenumber" v="12" />
    <tag k="addr:street" v="Timber Terrace" />
    <tag k="addr:state" v="VT" />
    <tag k="ref:vcgi:esiteid" v="752087" />
  </node>
  <node id="-1464" visible="true" lat="43.838836965317" lon="-72.516056518781">
    <tag k="addr:city" v="South Royalton" />
    <tag k="addr:housenumber" v="100" />
    <tag k="addr:street" v="Timber Terrace" />
    <tag k="addr:state" v="VT" />
    <tag k="ref:vcgi:esiteid" v="752088" />
  </node>
  <node id="-1465" visible="true" lat="43.840130302993" lon="-72.516320933497">
    <tag k="addr:city" v="South Royalton" />
    <tag k="addr:housenumber" v="22" />
    <tag k="addr:street" v="Timber Terrace" />
    <tag k="addr:state" v="VT" />
    <tag k="ref:vcgi:esiteid" v="752276" />
  </node>
  <node id="-1466" visible="true" lat="43.840206017924" lon="-72.51640781377">
    <tag k="addr:city" v="South Royalton" />
    <tag k="addr:housenumber" v="57" />
    <tag k="addr:street" v="Log Landing Lane" />
    <tag k="addr:state" v="VT" />
    <tag k="ref:vcgi:esiteid" v="752277" />
  </node>
  <node id="-1467" visible="true" lat="43.83987738855" lon="-72.516395879436">
    <tag k="addr:city" v="South Royalton" />
    <tag k="addr:housenumber" v="77" />
    <tag k="addr:street" v="Log Landing Lane" />
    <tag k="addr:state" v="VT" />
    <tag k="ref:vcgi:esiteid" v="752278" />
  </node>
  <node id="-1468" visible="true" lat="43.839812378709" lon="-72.516385004714">
    <tag k="addr:city" v="South Royalton" />
    <tag k="addr:housenumber" v="87" />
    <tag k="addr:street" v="Log Landing Lane" />
    <tag k="addr:state" v="VT" />
    <tag k="ref:vcgi:esiteid" v="752279" />
  </node>
  <node id="-1469" visible="true" lat="43.839826677764" lon="-72.516315916545">
    <tag k="addr:city" v="South Royalton" />
    <tag k="addr:housenumber" v="42" />
    <tag k="addr:street" v="Timber Terrace" />
    <tag k="addr:state" v="VT" />
    <tag k="ref:vcgi:esiteid" v="752280" />
  </node>
  <node id="-1470" visible="true" lat="43.840123145686" lon="-72.516409764486">
    <tag k="addr:city" v="South Royalton" />
    <tag k="addr:housenumber" v="67" />
    <tag k="addr:street" v="Log Landing Lane" />
    <tag k="addr:state" v="VT" />
    <tag k="ref:vcgi:esiteid" v="752281" />
  </node>
  <node id="-1471" visible="true" lat="43.839997172884" lon="-72.51134218312">
    <tag k="addr:city" v="South Royalton" />
    <tag k="addr:housenumber" v="1279" />
    <tag k="addr:street" v="Jigger Hill Road" />
    <tag k="addr:state" v="VT" />
    <tag k="ref:vcgi:esiteid" v="752326" />
  </node>
  <node id="-1472" visible="true" lat="43.85592519583" lon="-72.556012192963">
    <tag k="addr:city" v="South Royalton" />
    <tag k="addr:housenumber" v="479" />
    <tag k="addr:street" v="Falcon Ridge Lane" />
    <tag k="addr:state" v="VT" />
    <tag k="ref:vcgi:esiteid" v="752328" />
  </node>
  <node id="-1473" visible="true" lat="43.85454588074" lon="-72.553201875424">
    <tag k="addr:city" v="South Royalton" />
    <tag k="addr:housenumber" v="340" />
    <tag k="addr:street" v="Falcon Ridge Lane" />
    <tag k="addr:state" v="VT" />
    <tag k="ref:vcgi:esiteid" v="752329" />
  </node>
  <node id="-1474" visible="true" lat="43.783232368753" lon="-72.613592931296">
    <tag k="addr:city" v="Bethel" />
    <tag k="addr:housenumber" v="123" />
    <tag k="addr:street" v="Ox Hill Lane" />
    <tag k="addr:state" v="VT" />
    <tag k="ref:vcgi:esiteid" v="752532" />
  </node>
  <node id="-1475" visible="true" lat="43.83102620743" lon="-72.577977839778">
    <tag k="addr:city" v="South Royalton" />
    <tag k="addr:housenumber" v="65" />
    <tag k="addr:street" v="Waterman Industrial Park" />
    <tag k="addr:state" v="VT" />
    <tag k="ref:vcgi:esiteid" v="753117" />
  </node>
  <node id="-1476" visible="true" lat="43.801184093606" lon="-72.554443460029">
    <tag k="addr:city" v="South Royalton" />
    <tag k="addr:housenumber" v="539" />
    <tag k="addr:street" v="Johnson Hill Road" />
    <tag k="addr:state" v="VT" />
    <tag k="ref:vcgi:esiteid" v="753245" />
  </node>
  <node id="-1477" visible="true" lat="43.797541662631" lon="-72.55450173028">
    <tag k="addr:city" v="South Royalton" />
    <tag k="addr:housenumber" v="657" />
    <tag k="addr:street" v="Johnson Hill Road" />
    <tag k="addr:state" v="VT" />
    <tag k="ref:vcgi:esiteid" v="753246" />
  </node>
  <node id="-1478" visible="true" lat="43.813021174218" lon="-72.50362558737">
    <tag k="addr:city" v="South Royalton" />
    <tag k="addr:housenumber" v="66" />
    <tag k="addr:street" v="Havens Cemetery Road" />
    <tag k="addr:state" v="VT" />
    <tag k="ref:vcgi:esiteid" v="753322" />
  </node>
  <node id="-1479" visible="true" lat="43.820107850579" lon="-72.522408618059">
    <tag k="addr:city" v="South Royalton" />
    <tag k="addr:housenumber" v="20" />
    <tag k="addr:street" v="Acton Place" />
    <tag k="addr:state" v="VT" />
    <tag k="ref:vcgi:esiteid" v="753805" />
  </node>
  <node id="-1480" visible="true" lat="43.820055709947" lon="-72.522338350836">
    <tag k="addr:city" v="South Royalton" />
    <tag k="addr:housenumber" v="10" />
    <tag k="addr:street" v="Acton Place" />
    <tag k="addr:state" v="VT" />
    <tag k="ref:vcgi:esiteid" v="753808" />
  </node>
  <node id="-1481" visible="true" lat="43.810948484217" lon="-72.512830887199">
    <tag k="addr:city" v="South Royalton" />
    <tag k="addr:housenumber" v="110" />
    <tag k="addr:street" v="Rail View Meadows Lane" />
    <tag k="addr:state" v="VT" />
    <tag k="ref:vcgi:esiteid" v="754128" />
  </node>
  <node id="-1482" visible="true" lat="43.846215869497" lon="-72.498498290831">
    <tag k="addr:city" v="South Royalton" />
    <tag k="addr:housenumber" v="122" />
    <tag k="addr:street" v="Pepperell Road" />
    <tag k="addr:state" v="VT" />
    <tag k="ref:vcgi:esiteid" v="754367" />
  </node>
  <node id="-1483" visible="true" lat="43.79276528998" lon="-72.616116188906">
    <tag k="addr:city" v="Bethel" />
    <tag k="addr:housenumber" v="4551" />
    <tag k="addr:street" v="North Road" />
    <tag k="addr:state" v="VT" />
    <tag k="ref:vcgi:esiteid" v="754591" />
  </node>
  <node id="-1484" visible="true" lat="43.796808725907" lon="-72.614884058372">
    <tag k="addr:city" v="Bethel" />
    <tag k="addr:housenumber" v="2140" />
    <tag k="addr:street" v="Sewall Brook Road" />
    <tag k="addr:state" v="VT" />
    <tag k="ref:vcgi:esiteid" v="754592" />
  </node>
  <node id="-1485" visible="true" lat="43.796194398651" lon="-72.617389736926">
    <tag k="addr:city" v="Bethel" />
    <tag k="addr:housenumber" v="4811" />
    <tag k="addr:street" v="North Road" />
    <tag k="addr:state" v="VT" />
    <tag k="ref:vcgi:esiteid" v="754593" />
  </node>
  <node id="-1487" visible="true" lat="43.797006066383" lon="-72.618344766074">
    <tag k="addr:city" v="Bethel" />
    <tag k="addr:housenumber" v="4885" />
    <tag k="addr:street" v="North Road" />
    <tag k="addr:state" v="VT" />
    <tag k="ref:vcgi:esiteid" v="754595" />
  </node>
  <node id="-1488" visible="true" lat="43.797211338675" lon="-72.618464352105">
    <tag k="addr:city" v="Bethel" />
    <tag k="addr:housenumber" v="4889" />
    <tag k="addr:street" v="North Road" />
    <tag k="addr:state" v="VT" />
    <tag k="ref:vcgi:esiteid" v="754596" />
  </node>
  <node id="-1500" visible="true" lat="43.800740346358" lon="-72.626175329451">
    <tag k="addr:city" v="Bethel" />
    <tag k="addr:housenumber" v="5329" />
    <tag k="addr:street" v="North Road" />
    <tag k="addr:state" v="VT" />
    <tag k="ref:vcgi:esiteid" v="754608" />
  </node>
  <node id="-1501" visible="true" lat="43.809573305083" lon="-72.627237822093">
    <tag k="addr:city" v="Bethel" />
    <tag k="addr:housenumber" v="5865" />
    <tag k="addr:street" v="North Road" />
    <tag k="addr:state" v="VT" />
    <tag k="ref:vcgi:esiteid" v="754609" />
  </node>
  <node id="-1502" visible="true" lat="43.81817821633" lon="-72.516768456912">
    <tag k="addr:city" v="South Royalton" />
    <tag k="addr:housenumber" v="289" />
    <tag k="addr:street" v="South Windsor Street" />
    <tag k="addr:state" v="VT" />
    <tag k="ref:vcgi:esiteid" v="754647" />
  </node>
  <node id="-1503" visible="true" lat="43.820133978702" lon="-72.563257115001">
    <tag k="addr:city" v="South Royalton" />
    <tag k="addr:housenumber" v="5381" />
    <tag k="addr:street" v="Vermont Route 14" />
    <tag k="addr:state" v="VT" />
    <tag k="ref:vcgi:esiteid" v="754649" />
  </node>
  <node id="-1504" visible="true" lat="43.819401836799" lon="-72.5444385894">
    <tag k="addr:city" v="South Royalton" />
    <tag k="addr:housenumber" v="3960" />
    <tag k="addr:street" v="Vermont Route 14" />
    <tag k="addr:state" v="VT" />
    <tag k="ref:vcgi:esiteid" v="754650" />
  </node>
  <node id="-1505" visible="true" lat="43.772876159504" lon="-72.528959875256">
    <tag k="addr:city" v="South Royalton" />
    <tag k="addr:housenumber" v="3164" />
    <tag k="addr:street" v="Broad Brook Road" />
    <tag k="addr:state" v="VT" />
    <tag k="ref:vcgi:esiteid" v="754651" />
  </node>
  <node id="-1506" visible="true" lat="43.851308995629" lon="-72.534016853725">
    <tag k="addr:city" v="South Royalton" />
    <tag k="addr:housenumber" v="755" />
    <tag k="addr:street" v="Rix Road" />
    <tag k="addr:state" v="VT" />
    <tag k="ref:vcgi:esiteid" v="755573" />
  </node>
  <node id="-1507" visible="true" lat="43.784149317006" lon="-72.614601296477">
    <tag k="addr:city" v="Bethel" />
    <tag k="addr:housenumber" v="3962" />
    <tag k="addr:street" v="North Road" />
    <tag k="addr:state" v="VT" />
    <tag k="ref:vcgi:esiteid" v="755833" />
  </node>
  <node id="-1508" visible="true" lat="43.820475225886" lon="-72.519726466174">
    <tag k="addr:city" v="South Royalton" />
    <tag k="addr:housenumber" v="71" />
    <tag k="addr:street" v="South Windsor Street" />
    <tag k="addr:state" v="VT" />
    <tag k="ref:vcgi:esiteid" v="755856" />
  </node>
  <node id="-1509" visible="true" lat="43.808407073889" lon="-72.549025148432">
    <tag k="addr:city" v="South Royalton" />
    <tag k="addr:housenumber" v="1200" />
    <tag k="addr:street" v="Back River Road" />
    <tag k="addr:state" v="VT" />
    <tag k="ref:vcgi:esiteid" v="756102" />
  </node>
  <node id="-1510" visible="true" lat="43.805464544495" lon="-72.592545032876">
    <tag k="addr:city" v="South Royalton" />
    <tag k="addr:housenumber" v="707" />
    <tag k="addr:street" v="Sewall Brook Road" />
    <tag k="addr:state" v="VT" />
    <tag k="ref:vcgi:esiteid" v="756276" />
  </node>
  <node id="-1511" visible="true" lat="43.820935067387" lon="-72.585416450478">
    <tag k="addr:city" v="Bethel" />
    <tag k="addr:housenumber" v="928" />
    <tag k="addr:street" v="Gilman Road" />
    <tag k="addr:state" v="VT" />
    <tag k="ref:vcgi:esiteid" v="756342" />
  </node>
  <node id="-1512" visible="true" lat="43.84764081696" lon="-72.558709338117">
    <tag k="addr:city" v="South Royalton" />
    <tag k="addr:housenumber" v="1389" />
    <tag k="addr:street" v="Russ Hill Road" />
    <tag k="addr:state" v="VT" />
    <tag k="ref:vcgi:esiteid" v="756596" />
  </node>
  <node id="-1513" visible="true" lat="43.800273382785" lon="-72.51810773851">
    <tag k="addr:city" v="South Royalton" />
    <tag k="addr:housenumber" v="1165" />
    <tag k="addr:street" v="Oxbow Road" />
    <tag k="addr:state" v="VT" />
    <tag k="ref:vcgi:esiteid" v="756614" />
  </node>
  <node id="-1514" visible="true" lat="43.818092556517" lon="-72.60992927941">
    <tag k="addr:city" v="Bethel" />
    <tag k="addr:housenumber" v="54" />
    <tag k="addr:street" v="White Pines Lane" />
    <tag k="addr:state" v="VT" />
    <tag k="ref:vcgi:esiteid" v="756720" />
  </node>
  <node id="-1515" visible="true" lat="43.839534493766" lon="-72.467577758841">
    <tag k="addr:city" v="South Royalton" />
    <tag k="addr:housenumber" v="2970" />
    <tag k="addr:street" v="Dairy Hill Road" />
    <tag k="addr:state" v="VT" />
    <tag k="ref:vcgi:esiteid" v="756727" />
  </node>
  <node id="-1516" visible="true" lat="43.818973664897" lon="-72.520394771752">
    <tag k="addr:city" v="South Royalton" />
    <tag k="addr:housenumber" v="103" />
    <tag k="addr:street" v="Railroad Street" />
    <tag k="addr:state" v="VT" />
    <tag k="ref:vcgi:esiteid" v="756811" />
  </node>
  <node id="-1518" visible="true" lat="43.847894824891" lon="-72.500082113755">
    <tag k="addr:city" v="South Royalton" />
    <tag k="addr:housenumber" v="382" />
    <tag k="addr:street" v="Jigger Hill Road" />
    <tag k="addr:state" v="VT" />
    <tag k="ref:vcgi:esiteid" v="756832" />
  </node>
  <node id="-1519" visible="true" lat="43.817460802973" lon="-72.566297001854">
    <tag k="addr:city" v="South Royalton" />
    <tag k="addr:housenumber" v="425" />
    <tag k="addr:street" v="Royalton Hill Road" />
    <tag k="addr:state" v="VT" />
    <tag k="ref:vcgi:esiteid" v="756954" />
  </node>
  <node id="-1520" visible="true" lat="43.78426334896" lon="-72.50929268428">
    <tag k="addr:city" v="South Royalton" />
    <tag k="addr:housenumber" v="978" />
    <tag k="addr:street" v="Harlow Road" />
    <tag k="addr:state" v="VT" />
    <tag k="ref:vcgi:esiteid" v="757140" />
  </node>
  <node id="-1521" visible="true" lat="43.852317337503" lon="-72.534548224728">
    <tag k="addr:city" v="South Royalton" />
    <tag k="addr:housenumber" v="26" />
    <tag k="addr:street" v="Fox Den Lane" />
    <tag k="addr:state" v="VT" />
    <tag k="ref:vcgi:esiteid" v="757162" />
  </node>
  <node id="-1522" visible="true" lat="43.851812072789" lon="-72.535725566866">
    <tag k="addr:city" v="South Royalton" />
    <tag k="addr:housenumber" v="50" />
    <tag k="addr:street" v="Fox Den Lane" />
    <tag k="addr:state" v="VT" />
    <tag k="ref:vcgi:esiteid" v="757163" />
  </node>
  <node id="-1523" visible="true" lat="43.807955603157" lon="-72.585680444292">
    <tag k="addr:city" v="South Royalton" />
    <tag k="addr:housenumber" v="243" />
    <tag k="addr:street" v="Sewall Brook Road" />
    <tag k="addr:state" v="VT" />
    <tag k="ref:vcgi:esiteid" v="757393" />
  </node>
  <node id="-1524" visible="true" lat="43.826735000078" lon="-72.575459088411">
    <tag k="addr:city" v="South Royalton" />
    <tag k="addr:housenumber" v="108" />
    <tag k="addr:street" v="Perley Farm Road" />
    <tag k="addr:state" v="VT" />
    <tag k="ref:vcgi:esiteid" v="757677" />
  </node>
  <node id="-1525" visible="true" lat="43.818689387555" lon="-72.59680740956">
    <tag k="addr:city" v="Bethel" />
    <tag k="addr:housenumber" v="44" />
    <tag k="addr:street" v="Pinney Lane" />
    <tag k="addr:state" v="VT" />
    <tag k="ref:vcgi:esiteid" v="758017" />
  </node>
  <node id="-1526" visible="true" lat="43.819376779686" lon="-72.596388760339">
    <tag k="addr:city" v="Bethel" />
    <tag k="addr:housenumber" v="66" />
    <tag k="addr:street" v="Pinney Lane" />
    <tag k="addr:state" v="VT" />
    <tag k="ref:vcgi:esiteid" v="758018" />
  </node>
  <node id="-1527" visible="true" lat="43.819691084779" lon="-72.5962404739">
    <tag k="addr:city" v="Bethel" />
    <tag k="addr:housenumber" v="68" />
    <tag k="addr:street" v="Pinney Lane" />
    <tag k="addr:state" v="VT" />
    <tag k="ref:vcgi:esiteid" v="758019" />
  </node>
  <node id="-1528" visible="true" lat="43.81909013245" lon="-72.596642028944">
    <tag k="addr:city" v="Bethel" />
    <tag k="addr:housenumber" v="62" />
    <tag k="addr:street" v="Pinney Lane" />
    <tag k="addr:state" v="VT" />
    <tag k="ref:vcgi:esiteid" v="758020" />
  </node>
  <node id="-1529" visible="true" lat="43.819546483413" lon="-72.597092778685">
    <tag k="addr:city" v="Bethel" />
    <tag k="addr:housenumber" v="67" />
    <tag k="addr:street" v="Pinney Lane" />
    <tag k="addr:state" v="VT" />
    <tag k="ref:vcgi:esiteid" v="758021" />
  </node>
  <node id="-1530" visible="true" lat="43.843771880037" lon="-72.581131011926">
    <tag k="addr:city" v="South Royalton" />
    <tag k="addr:housenumber" v="215" />
    <tag k="addr:street" v="Serenity Lane" />
    <tag k="addr:state" v="VT" />
    <tag k="ref:vcgi:esiteid" v="758159" />
  </node>
  <node id="-1531" visible="true" lat="43.797357282889" lon="-72.614932035299">
    <tag k="addr:city" v="Bethel" />
    <tag k="addr:housenumber" v="2054" />
    <tag k="addr:street" v="Sewall Brook Road" />
    <tag k="addr:state" v="VT" />
    <tag k="ref:vcgi:esiteid" v="758203" />
  </node>
  <node id="-1532" visible="true" lat="43.831540160095" lon="-72.575367304595">
    <tag k="addr:city" v="South Royalton" />
    <tag k="addr:housenumber" v="170" />
    <tag k="addr:street" v="Waterman Industrial Park" />
    <tag k="addr:state" v="VT" />
    <tag k="ref:vcgi:esiteid" v="758204" />
  </node>
  <node id="-1533" visible="true" lat="43.833884735447" lon="-72.513773678529">
    <tag k="addr:city" v="South Royalton" />
    <tag k="addr:housenumber" v="36" />
    <tag k="addr:street" v="Upper Royalton Terrace" />
    <tag k="addr:state" v="VT" />
    <tag k="ref:vcgi:esiteid" v="759297" />
  </node>
  <node id="-1534" visible="true" lat="43.819521209362" lon="-72.516690918483">
    <tag k="addr:city" v="South Royalton" />
    <tag k="addr:housenumber" v="249" />
    <tag k="addr:street" v="South Windsor Street" />
    <tag k="addr:state" v="VT" />
    <tag k="ref:vcgi:esiteid" v="759443" />
  </node>
  <node id="-1536" visible="true" lat="43.824319944096" lon="-72.569067061824">
    <tag k="addr:city" v="South Royalton" />
    <tag k="addr:housenumber" v="150" />
    <tag k="addr:street" v="Gilman Road" />
    <tag k="addr:state" v="VT" />
    <tag k="ref:vcgi:esiteid" v="759582" />
  </node>
  <node id="-1537" visible="true" lat="43.78913180296" lon="-72.632035959557">
    <tag k="addr:city" v="Bethel" />
    <tag k="addr:housenumber" v="2212" />
    <tag k="addr:street" v="Rousseau Road" />
    <tag k="addr:state" v="VT" />
    <tag k="ref:vcgi:esiteid" v="759583" />
  </node>
  <node id="-1539" visible="true" lat="43.819082614409" lon="-72.515652522737">
    <tag k="addr:city" v="South Royalton" />
    <tag k="addr:housenumber" v="283" />
    <tag k="addr:street" v="South Windsor Street" />
    <tag k="addr:state" v="VT" />
    <tag k="ref:vcgi:esiteid" v="759585" />
  </node>
  <node id="-1540" visible="true" lat="43.806789780889" lon="-72.626665140754">
    <tag k="addr:city" v="Bethel" />
    <tag k="addr:housenumber" v="82" />
    <tag k="addr:street" v="David Road" />
    <tag k="addr:state" v="VT" />
    <tag k="ref:vcgi:esiteid" v="759805" />
  </node>
  <node id="-1542" visible="true" lat="43.830606419802" lon="-72.472090693608">
    <tag k="addr:city" v="South Royalton" />
    <tag k="addr:housenumber" v="133" />
    <tag k="addr:street" v="Deer Run Road" />
    <tag k="addr:state" v="VT" />
    <tag k="ref:vcgi:esiteid" v="759956" />
  </node>
  <node id="-1545" visible="true" lat="43.786512416707" lon="-72.615932788921">
    <tag k="addr:city" v="Bethel" />
    <tag k="addr:housenumber" v="1392" />
    <tag k="addr:street" v="Rousseau Road" />
    <tag k="addr:state" v="VT" />
    <tag k="ref:vcgi:esiteid" v="759971" />
  </node>
  <node id="-1547" visible="true" lat="43.805678244538" lon="-72.487787238667">
    <tag k="addr:city" v="South Royalton" />
    <tag k="addr:housenumber" v="559" />
    <tag k="addr:street" v="Sherlock Road" />
    <tag k="addr:state" v="VT" />
    <tag k="ref:vcgi:esiteid" v="759973" />
  </node>
  <node id="-1548" visible="true" lat="43.810750215149" lon="-72.58279408491">
    <tag k="addr:city" v="South Royalton" />
    <tag k="addr:housenumber" v="1406" />
    <tag k="addr:street" v="Royalton Hill Road" />
    <tag k="addr:state" v="VT" />
    <tag k="ref:vcgi:esiteid" v="759974" />
  </node>
  <node id="-1549" visible="true" lat="43.814355183792" lon="-72.581782864367">
    <tag k="addr:city" v="South Royalton" />
    <tag k="addr:housenumber" v="1346" />
    <tag k="addr:street" v="Royalton Hill Road" />
    <tag k="addr:state" v="VT" />
    <tag k="ref:vcgi:esiteid" v="759976" />
  </node>
  <node id="-1550" visible="true" lat="43.799233918866" lon="-72.506146799153">
    <tag k="addr:city" v="South Royalton" />
    <tag k="addr:housenumber" v="306" />
    <tag k="addr:street" v="Dutton Road" />
    <tag k="addr:state" v="VT" />
    <tag k="ref:vcgi:esiteid" v="759977" />
  </node>
  <node id="-1552" visible="true" lat="43.809978444519" lon="-72.510137968697">
    <tag k="addr:city" v="South Royalton" />
    <tag k="addr:housenumber" v="965" />
    <tag k="addr:street" v="South Windsor Street" />
    <tag k="addr:state" v="VT" />
    <tag k="ref:vcgi:esiteid" v="759979" />
  </node>
  <node id="-1554" visible="true" lat="43.813805941624" lon="-72.492059916669">
    <tag k="addr:city" v="South Royalton" />
    <tag k="addr:housenumber" v="726" />
    <tag k="addr:street" v="Dairy Hill Road" />
    <tag k="addr:state" v="VT" />
    <tag k="ref:vcgi:esiteid" v="759987" />
  </node>
  <node id="-1555" visible="true" lat="43.779467620359" lon="-72.569445173513">
    <tag k="addr:city" v="South Royalton" />
    <tag k="addr:housenumber" v="159" />
    <tag k="addr:street" v="River Rock Lane" />
    <tag k="addr:state" v="VT" />
    <tag k="ref:vcgi:esiteid" v="759988" />
  </node>
  <node id="-1558" visible="true" lat="43.811103008692" lon="-72.513435850837">
    <tag k="addr:city" v="South Royalton" />
    <tag k="addr:housenumber" v="75" />
    <tag k="addr:street" v="Oxbow Road" />
    <tag k="addr:state" v="VT" />
    <tag k="ref:vcgi:esiteid" v="759991" />
  </node>
  <node id="-1559" visible="true" lat="43.783192776144" lon="-72.598545198468">
    <tag k="addr:city" v="Bethel" />
    <tag k="addr:housenumber" v="40" />
    <tag k="addr:street" v="Bigelow Lane" />
    <tag k="addr:state" v="VT" />
    <tag k="ref:vcgi:esiteid" v="759992" />
  </node>
  <node id="-1560" visible="true" lat="43.835312027131" lon="-72.475686557568">
    <tag k="addr:city" v="South Royalton" />
    <tag k="addr:housenumber" v="2481" />
    <tag k="addr:street" v="Dairy Hill Road" />
    <tag k="addr:state" v="VT" />
    <tag k="ref:vcgi:esiteid" v="760203" />
  </node>
  <node id="-1561" visible="true" lat="43.812948090373" lon="-72.576934951051">
    <tag k="addr:city" v="South Royalton" />
    <tag k="addr:housenumber" v="2915" />
    <tag k="addr:street" v="Back River Road" />
    <tag k="addr:state" v="VT" />
    <tag k="ref:vcgi:esiteid" v="760204" />
  </node>
  <node id="-1562" visible="true" lat="43.814458958648" lon="-72.518561117965">
    <tag k="addr:city" v="South Royalton" />
    <tag k="addr:housenumber" v="286" />
    <tag k="addr:street" v="Pleasant Street" />
    <tag k="addr:state" v="VT" />
    <tag k="ref:vcgi:esiteid" v="760205" />
  </node>
  <node id="-1563" visible="true" lat="43.813983329374" lon="-72.519188477444">
    <tag k="addr:city" v="South Royalton" />
    <tag k="addr:housenumber" v="288" />
    <tag k="addr:street" v="Pleasant Street" />
    <tag k="addr:state" v="VT" />
    <tag k="ref:vcgi:esiteid" v="760206" />
  </node>
  <node id="-1564" visible="true" lat="43.808750265608" lon="-72.508877142239">
    <tag k="addr:city" v="South Royalton" />
    <tag k="addr:housenumber" v="1015" />
    <tag k="addr:street" v="South Windsor Street" />
    <tag k="addr:state" v="VT" />
    <tag k="ref:vcgi:esiteid" v="760207" />
  </node>
  <node id="-1565" visible="true" lat="43.809360267372" lon="-72.509540798556">
    <tag k="addr:city" v="South Royalton" />
    <tag k="addr:housenumber" v="999" />
    <tag k="addr:street" v="South Windsor Street" />
    <tag k="addr:state" v="VT" />
    <tag k="ref:vcgi:esiteid" v="760208" />
  </node>
  <node id="-1566" visible="true" lat="43.776924405541" lon="-72.577335811296">
    <tag k="addr:city" v="South Royalton" />
    <tag k="addr:housenumber" v="2995" />
    <tag k="addr:street" v="Johnson Hill Road" />
    <tag k="addr:state" v="VT" />
    <tag k="ref:vcgi:esiteid" v="760673" />
  </node>
  <node id="-1567" visible="true" lat="43.827276359266" lon="-72.578748212631">
    <tag k="addr:city" v="South Royalton" />
    <tag k="addr:housenumber" v="660" />
    <tag k="addr:street" v="Vermont Route 107" />
    <tag k="addr:state" v="VT" />
    <tag k="ref:vcgi:esiteid" v="760852" />
  </node>
  <node id="-1568" visible="true" lat="43.824235838485" lon="-72.544018188202">
    <tag k="addr:city" v="South Royalton" />
    <tag k="addr:housenumber" v="3688" />
    <tag k="addr:street" v="Vermont Route 14" />
    <tag k="addr:state" v="VT" />
    <tag k="ref:vcgi:esiteid" v="760895" />
  </node>
  <node id="-1569" visible="true" lat="43.849432463545" lon="-72.581931818369">
    <tag k="addr:city" v="South Royalton" />
    <tag k="addr:housenumber" v="21" />
    <tag k="addr:street" v="Cardinal Lane" />
    <tag k="addr:state" v="VT" />
    <tag k="ref:vcgi:esiteid" v="761340" />
  </node>
  <node id="-1570" visible="true" lat="43.819155060928" lon="-72.484737712254">
    <tag k="addr:city" v="South Royalton" />
    <tag k="addr:housenumber" v="1311" />
    <tag k="addr:street" v="Dairy Hill Road" />
    <tag k="addr:state" v="VT" />
    <tag k="ref:vcgi:esiteid" v="761795" />
  </node>
  <node id="-1571" visible="true" lat="43.849070243117" lon="-72.581181610612">
    <tag k="addr:city" v="South Royalton" />
    <tag k="addr:housenumber" v="98" />
    <tag k="addr:street" v="Cardinal Lane" />
    <tag k="addr:state" v="VT" />
    <tag k="ref:vcgi:esiteid" v="761825" />
  </node>
  <node id="-1572" visible="true" lat="43.822849257789" lon="-72.525986919807">
    <tag k="addr:city" v="South Royalton" />
    <tag k="addr:housenumber" v="272" />
    <tag k="addr:street" v="North Windsor Street" />
    <tag k="addr:state" v="VT" />
    <tag k="ref:vcgi:esiteid" v="761826" />
  </node>
  <node id="-1573" visible="true" lat="43.836262216356" lon="-72.514458719002">
    <tag k="addr:city" v="South Royalton" />
    <tag k="addr:housenumber" v="1045" />
    <tag k="addr:street" v="Vermont Route 110" />
    <tag k="addr:state" v="VT" />
    <tag k="ref:vcgi:esiteid" v="761827" />
  </node>
  <node id="-1574" visible="true" lat="43.848565507493" lon="-72.581572253734">
    <tag k="addr:city" v="South Royalton" />
    <tag k="addr:housenumber" v="54" />
    <tag k="addr:street" v="Cardinal Lane" />
    <tag k="addr:state" v="VT" />
    <tag k="ref:vcgi:esiteid" v="761828" />
  </node>
  <node id="-1575" visible="true" lat="43.850225469094" lon="-72.580706933621">
    <tag k="addr:city" v="South Royalton" />
    <tag k="addr:housenumber" v="128" />
    <tag k="addr:street" v="Cardinal Lane" />
    <tag k="addr:state" v="VT" />
    <tag k="ref:vcgi:esiteid" v="761829" />
  </node>
  <node id="-1576" visible="true" lat="43.822448569465" lon="-72.525076194207">
    <tag k="addr:city" v="South Royalton" />
    <tag k="addr:housenumber" v="113" />
    <tag k="addr:street" v="Carpenter Rec Field" />
    <tag k="addr:state" v="VT" />
    <tag k="ref:vcgi:esiteid" v="761892" />
  </node>
  <node id="-1577" visible="true" lat="43.782025359813" lon="-72.558722106571">
    <tag k="addr:city" v="South Royalton" />
    <tag k="addr:housenumber" v="40" />
    <tag k="addr:street" v="Smedley Road" />
    <tag k="addr:state" v="VT" />
    <tag k="ref:vcgi:esiteid" v="762070" />
  </node>
  <node id="-1578" visible="true" lat="43.788376646038" lon="-72.616008641559">
    <tag k="addr:city" v="Bethel" />
    <tag k="addr:housenumber" v="4195" />
    <tag k="addr:street" v="North Road" />
    <tag k="addr:state" v="VT" />
    <tag k="ref:vcgi:esiteid" v="762071" />
  </node>
  <node id="-1579" visible="true" lat="43.789059938064" lon="-72.630542483121">
    <tag k="addr:city" v="Bethel" />
    <tag k="addr:housenumber" v="2110" />
    <tag k="addr:street" v="Rousseau Road" />
    <tag k="addr:state" v="VT" />
    <tag k="ref:vcgi:esiteid" v="762527" />
  </node>
  <node id="-1580" visible="true" lat="43.863656270136" lon="-72.571555151326">
    <tag k="addr:city" v="South Royalton" />
    <tag k="addr:housenumber" v="527" />
    <tag k="addr:street" v="Post Farm Road" />
    <tag k="addr:state" v="VT" />
    <tag k="ref:vcgi:esiteid" v="762685" />
  </node>
  <node id="-1581" visible="true" lat="43.83718219563" lon="-72.473909977807">
    <tag k="addr:city" v="South Royalton" />
    <tag k="addr:housenumber" v="2575" />
    <tag k="addr:street" v="Dairy Hill Road" />
    <tag k="addr:state" v="VT" />
    <tag k="ref:vcgi:esiteid" v="763362" />
  </node>
  <node id="-1582" visible="true" lat="43.798652822979" lon="-72.584598972795">
    <tag k="addr:city" v="South Royalton" />
    <tag k="addr:housenumber" v="331" />
    <tag k="addr:street" v="Davis Road" />
    <tag k="addr:state" v="VT" />
    <tag k="ref:vcgi:esiteid" v="763363" />
  </node>
  <node id="-1583" visible="true" lat="43.810386753193" lon="-72.578274929055">
    <tag k="addr:city" v="South Royalton" />
    <tag k="addr:housenumber" v="192" />
    <tag k="addr:street" v="Pdr Lane" />
    <tag k="addr:state" v="VT" />
    <tag k="ref:vcgi:esiteid" v="763364" />
  </node>
  <node id="-1584" visible="true" lat="43.810178518758" lon="-72.579798852534">
    <tag k="addr:city" v="South Royalton" />
    <tag k="addr:housenumber" v="84" />
    <tag k="addr:street" v="Pdr Lane" />
    <tag k="addr:state" v="VT" />
    <tag k="ref:vcgi:esiteid" v="763365" />
  </node>
  <node id="-1585" visible="true" lat="43.824291030184" lon="-72.564159416488">
    <tag k="addr:city" v="South Royalton" />
    <tag k="addr:housenumber" v="5686" />
    <tag k="addr:street" v="Vermont Route 14" />
    <tag k="addr:state" v="VT" />
    <tag k="ref:vcgi:esiteid" v="763744" />
  </node>
  <node id="-1586" visible="true" lat="43.825692154256" lon="-72.515014478233">
    <tag k="addr:city" v="South Royalton" />
    <tag k="addr:housenumber" v="267" />
    <tag k="addr:street" v="Elephant Lane" />
    <tag k="addr:state" v="VT" />
    <tag k="ref:vcgi:esiteid" v="763983" />
  </node>
  <node id="-1587" visible="true" lat="43.824547645349" lon="-72.47692280452">
    <tag k="addr:city" v="South Royalton" />
    <tag k="addr:housenumber" v="130" />
    <tag k="addr:street" v="LDS Lane" />
    <tag k="addr:state" v="VT" />
    <tag k="ref:vcgi:esiteid" v="763984" />
  </node>
  <node id="-1588" visible="true" lat="43.836923139957" lon="-72.535688136433">
    <tag k="addr:city" v="South Royalton" />
    <tag k="addr:housenumber" v="867" />
    <tag k="addr:street" v="Happy Hollow Road" />
    <tag k="addr:state" v="VT" />
    <tag k="ref:vcgi:esiteid" v="763985" />
  </node>
  <node id="-1589" visible="true" lat="43.811715442992" lon="-72.610350108206">
    <tag k="addr:city" v="Bethel" />
    <tag k="addr:housenumber" v="2253" />
    <tag k="addr:street" v="Gilman Road" />
    <tag k="addr:state" v="VT" />
    <tag k="ref:vcgi:esiteid" v="764746" />
  </node>
  <node id="-1590" visible="true" lat="43.833282345959" lon="-72.514857526656">
    <tag k="addr:city" v="South Royalton" />
    <tag k="addr:housenumber" v="75" />
    <tag k="addr:street" v="Parkers Lane" />
    <tag k="addr:state" v="VT" />
    <tag k="ref:vcgi:esiteid" v="764844" />
  </node>
  <node id="-1591" visible="true" lat="43.846295221081" lon="-72.558407073444">
    <tag k="addr:city" v="South Royalton" />
    <tag k="addr:housenumber" v="1882" />
    <tag k="addr:street" v="Gee Hill Road" />
    <tag k="addr:state" v="VT" />
    <tag k="ref:vcgi:esiteid" v="765451" />
  </node>
  <node id="-1592" visible="true" lat="43.809470152399" lon="-72.574845050507">
    <tag k="addr:city" v="South Royalton" />
    <tag k="addr:housenumber" v="45" />
    <tag k="addr:street" v="Satellite Lane" />
    <tag k="addr:state" v="VT" />
    <tag k="ref:vcgi:esiteid" v="765544" />
  </node>
  <node id="-1593" visible="true" lat="43.792467571025" lon="-72.614742286596">
    <tag k="addr:city" v="Bethel" />
    <tag k="addr:housenumber" v="4510" />
    <tag k="addr:street" v="North Road" />
    <tag k="addr:state" v="VT" />
    <tag k="ref:vcgi:esiteid" v="766026" />
  </node>
  <node id="-1594" visible="true" lat="43.83358269641" lon="-72.514065485603">
    <tag k="addr:city" v="South Royalton" />
    <tag k="addr:housenumber" v="41" />
    <tag k="addr:street" v="Upper Royalton Terrace" />
    <tag k="addr:state" v="VT" />
    <tag k="ref:vcgi:esiteid" v="766306" />
  </node>
  <node id="-1595" visible="true" lat="43.788937995135" lon="-72.533214303753">
    <tag k="addr:city" v="South Royalton" />
    <tag k="addr:housenumber" v="942" />
    <tag k="addr:street" v="Frary Road" />
    <tag k="addr:state" v="VT" />
    <tag k="ref:vcgi:esiteid" v="766557" />
  </node>
  <node id="-1596" visible="true" lat="43.810167572061" lon="-72.512579794637">
    <tag k="addr:city" v="South Royalton" />
    <tag k="addr:housenumber" v="56" />
    <tag k="addr:street" v="Rail View Meadows Lane" />
    <tag k="addr:state" v="VT" />
    <tag k="ref:vcgi:esiteid" v="766558" />
  </node>
  <node id="-1597" visible="true" lat="43.843514742066" lon="-72.557190843884">
    <tag k="addr:city" v="South Royalton" />
    <tag k="addr:housenumber" v="2110" />
    <tag k="addr:street" v="Gee Hill Road" />
    <tag k="addr:state" v="VT" />
    <tag k="ref:vcgi:esiteid" v="766667" />
  </node>
  <node id="-1598" visible="true" lat="43.819014232026" lon="-72.481744574288">
    <tag k="addr:city" v="South Royalton" />
    <tag k="addr:housenumber" v="96" />
    <tag k="addr:street" v="Kevins Way" />
    <tag k="addr:state" v="VT" />
    <tag k="ref:vcgi:esiteid" v="766668" />
  </node>
  <node id="-1628" visible="true" lat="43.800901057855" lon="-72.618476344783">
    <tag k="addr:city" v="Bethel" />
    <tag k="addr:housenumber" v="5044" />
    <tag k="addr:street" v="North Road" />
    <tag k="addr:state" v="VT" />
    <tag k="ref:vcgi:esiteid" v="766698" />
  </node>
  <node id="-1629" visible="true" lat="43.819846703901" lon="-72.521095730064">
    <tag k="addr:city" v="South Royalton" />
    <tag k="addr:housenumber" v="2" />
    <tag k="addr:street" v="Park Street" />
    <tag k="addr:state" v="VT" />
    <tag k="ref:vcgi:esiteid" v="767376" />
  </node>
  <node id="-1630" visible="true" lat="43.824897975068" lon="-72.521173437564">
    <tag k="addr:city" v="South Royalton" />
    <tag k="addr:housenumber" v="55" />
    <tag k="addr:street" v="Goodrich Meadows" />
    <tag k="addr:state" v="VT" />
    <tag k="ref:vcgi:esiteid" v="769881" />
  </node>
  <node id="-1631" visible="true" lat="43.819118602383" lon="-72.520658377375">
    <tag k="addr:city" v="South Royalton" />
    <tag k="addr:housenumber" v="91" />
    <tag k="addr:street" v="Railroad Street" />
    <tag k="addr:state" v="VT" />
    <tag k="ref:vcgi:esiteid" v="769968" />
  </node>
  <node id="-1632" visible="true" lat="43.815215872021" lon="-72.59463298672">
    <tag k="addr:city" v="Bethel" />
    <tag k="addr:housenumber" v="1559" />
    <tag k="addr:street" v="Gilman Road" />
    <tag k="addr:state" v="VT" />
    <tag k="ref:vcgi:esiteid" v="771318" />
  </node>
  <node id="-1634" visible="true" lat="43.826482557265" lon="-72.533546355938">
    <tag k="addr:city" v="South Royalton" />
    <tag k="addr:housenumber" v="3161" />
    <tag k="addr:street" v="Vermont Route 14" />
    <tag k="addr:state" v="VT" />
    <tag k="ref:vcgi:esiteid" v="772339" />
  </node>
  <node id="-1635" visible="true" lat="43.805825948992" lon="-72.501459337382">
    <tag k="addr:city" v="South Royalton" />
    <tag k="addr:housenumber" v="799" />
    <tag k="addr:street" v="Vermont Route 14" />
    <tag k="addr:state" v="VT" />
    <tag k="ref:vcgi:esiteid" v="772340" />
  </node>
  <node id="-1636" visible="true" lat="43.8303651303" lon="-72.569907459045">
    <tag k="addr:city" v="South Royalton" />
    <tag k="addr:housenumber" v="6188" />
    <tag k="addr:street" v="Vermont Route 14" />
    <tag k="addr:state" v="VT" />
    <tag k="ref:vcgi:esiteid" v="772341" />
  </node>
  <node id="-1637" visible="true" lat="43.826607508805" lon="-72.537525470557">
    <tag k="addr:city" v="South Royalton" />
    <tag k="addr:housenumber" v="3349" />
    <tag k="addr:street" v="Vermont Route 14" />
    <tag k="addr:state" v="VT" />
    <tag k="ref:vcgi:esiteid" v="772342" />
  </node>
  <node id="-1638" visible="true" lat="43.830116834412" lon="-72.565256260488">
    <tag k="addr:city" v="South Royalton" />
    <tag k="addr:housenumber" v="60" />
    <tag k="addr:street" v="Ariel Lane" />
    <tag k="addr:state" v="VT" />
    <tag k="ref:vcgi:esiteid" v="772376" />
  </node>
  <node id="-1639" visible="true" lat="43.830810606086" lon="-72.565842113861">
    <tag k="addr:city" v="South Royalton" />
    <tag k="addr:housenumber" v="82" />
    <tag k="addr:street" v="Ariel Lane" />
    <tag k="addr:state" v="VT" />
    <tag k="ref:vcgi:esiteid" v="772377" />
  </node>
  <node id="-1640" visible="true" lat="43.803258692522" lon="-72.581804285903">
    <tag k="addr:city" v="South Royalton" />
    <tag k="addr:housenumber" v="1930" />
    <tag k="addr:street" v="Royalton Hill Road" />
    <tag k="addr:state" v="VT" />
    <tag k="ref:vcgi:esiteid" v="772606" />
  </node>
  <node id="-1641" visible="true" lat="43.782228886629" lon="-72.597359532822">
    <tag k="addr:city" v="Bethel" />
    <tag k="addr:housenumber" v="143" />
    <tag k="addr:street" v="Bigelow Lane" />
    <tag k="addr:state" v="VT" />
    <tag k="ref:vcgi:esiteid" v="772829" />
  </node>
  <node id="-1642" visible="true" lat="43.836321516788" lon="-72.476539179782">
    <tag k="addr:city" v="South Royalton" />
    <tag k="addr:housenumber" v="2519" />
    <tag k="addr:street" v="Dairy Hill Road" />
    <tag k="addr:state" v="VT" />
    <tag k="ref:vcgi:esiteid" v="773385" />
  </node>
  <node id="-1644" visible="true" lat="43.816791182465" lon="-72.522465825252">
    <tag k="addr:city" v="South Royalton" />
    <tag k="addr:housenumber" v="265" />
    <tag k="addr:street" v="Pluck Hill Road" />
    <tag k="addr:state" v="VT" />
    <tag k="ref:vcgi:esiteid" v="773650" />
  </node>
  <node id="-1645" visible="true" lat="43.816626914944" lon="-72.528048480232">
    <tag k="addr:city" v="South Royalton" />
    <tag k="addr:housenumber" v="575" />
    <tag k="addr:street" v="Pluck Hill Road" />
    <tag k="addr:state" v="VT" />
    <tag k="ref:vcgi:esiteid" v="773653" />
  </node>
  <node id="-1646" visible="true" lat="43.815945790139" lon="-72.521972123698">
    <tag k="addr:city" v="South Royalton" />
    <tag k="addr:housenumber" v="261" />
    <tag k="addr:street" v="Pluck Hill Road" />
    <tag k="addr:state" v="VT" />
    <tag k="ref:vcgi:esiteid" v="773654" />
  </node>
  <node id="-1649" visible="true" lat="43.815835529689" lon="-72.525646190058">
    <tag k="addr:city" v="South Royalton" />
    <tag k="addr:housenumber" v="445" />
    <tag k="addr:street" v="Pluck Hill Road" />
    <tag k="addr:state" v="VT" />
    <tag k="ref:vcgi:esiteid" v="773657" />
  </node>
  <node id="-1650" visible="true" lat="43.789693276372" lon="-72.51809663037">
    <tag k="addr:city" v="South Royalton" />
    <tag k="addr:housenumber" v="2144" />
    <tag k="addr:street" v="Oxbow Road" />
    <tag k="addr:state" v="VT" />
    <tag k="ref:vcgi:esiteid" v="773766" />
  </node>
  <node id="-1651" visible="true" lat="43.822419464699" lon="-72.53887507107">
    <tag k="addr:city" v="South Royalton" />
    <tag k="addr:housenumber" v="5" />
    <tag k="addr:street" v="Back River Road" />
    <tag k="addr:state" v="VT" />
    <tag k="ref:vcgi:esiteid" v="900071" />
  </node>
  <node id="-1652" visible="true" lat="43.816504814748" lon="-72.519499916105">
    <tag k="addr:city" v="South Royalton" />
    <tag k="addr:housenumber" v="120" />
    <tag k="addr:street" v="Pleasant Street" />
    <tag k="addr:state" v="VT" />
    <tag k="ref:vcgi:esiteid" v="900405" />
  </node>
  <node id="-1653" visible="true" lat="43.814817509747" lon="-72.513636240439">
    <tag k="addr:city" v="South Royalton" />
    <tag k="addr:housenumber" v="562" />
    <tag k="addr:street" v="South Windsor Street" />
    <tag k="addr:state" v="VT" />
    <tag k="ref:vcgi:esiteid" v="900406" />
  </node>
  <node id="-1654" visible="true" lat="43.84925623309" lon="-72.556838420506">
    <tag k="addr:city" v="South Royalton" />
    <tag k="addr:housenumber" v="1669" />
    <tag k="addr:street" v="Gee Hill Road" />
    <tag k="addr:state" v="VT" />
    <tag k="ref:vcgi:esiteid" v="900522" />
  </node>
  <node id="-1655" visible="true" lat="43.821790345907" lon="-72.545065735706">
    <tag k="addr:city" v="South Royalton" />
    <tag k="addr:housenumber" v="3721" />
    <tag k="addr:street" v="Gee Hill Road" />
    <tag k="addr:state" v="VT" />
    <tag k="ref:vcgi:esiteid" v="1050068" />
  </node>
  <node id="-1656" visible="true" lat="43.837933798606" lon="-72.514180866858">
    <tag k="addr:city" v="South Royalton" />
    <tag k="addr:housenumber" v="1122" />
    <tag k="addr:street" v="Vermont Route 110" />
    <tag k="addr:state" v="VT" />
    <tag k="ref:vcgi:esiteid" v="1050130" />
  </node>
  <node id="-1657" visible="true" lat="43.829190591068" lon="-72.58223254801">
    <tag k="addr:city" v="South Royalton" />
    <tag k="addr:housenumber" v="6362" />
    <tag k="addr:street" v="Interstate 89 North" />
    <tag k="addr:state" v="VT" />
    <tag k="ref:vcgi:esiteid" v="1050492" />
  </node>
  <node id="-1658" visible="true" lat="43.835571115433" lon="-72.591099792336">
    <tag k="addr:city" v="South Royalton" />
    <tag k="addr:housenumber" v="723" />
    <tag k="addr:street" v="Interstate 89 South" />
    <tag k="addr:state" v="VT" />
    <tag k="ref:vcgi:esiteid" v="1050493" />
  </node>
  <node id="-1659" visible="true" lat="43.827236928775" lon="-72.566301795578">
    <tag k="addr:city" v="South Royalton" />
    <tag k="addr:housenumber" v="44" />
    <tag k="addr:street" v="Vermont Route 107" />
    <tag k="addr:state" v="VT" />
    <tag k="ref:vcgi:esiteid" v="1050494" />
  </node>
  <node id="-1660" visible="true" lat="43.813519424584" lon="-72.565434724739">
    <tag k="addr:city" v="South Royalton" />
    <tag k="addr:housenumber" v="2730" />
    <tag k="addr:street" v="Interstate 89 South" />
    <tag k="addr:state" v="VT" />
    <tag k="ref:vcgi:esiteid" v="1050495" />
  </node>
  <node id="-1661" visible="true" lat="43.811401182855" lon="-72.545555638469">
    <tag k="addr:city" v="South Royalton" />
    <tag k="addr:housenumber" v="3770" />
    <tag k="addr:street" v="Interstate 89 South" />
    <tag k="addr:state" v="VT" />
    <tag k="ref:vcgi:esiteid" v="1050496" />
  </node>
  <node id="-1662" visible="true" lat="43.822954330643" lon="-72.535637496895">
    <tag k="addr:city" v="South Royalton" />
    <tag k="addr:housenumber" v="2998" />
    <tag k="addr:street" v="Interstate 89 North" />
    <tag k="addr:state" v="VT" />
    <tag k="ref:vcgi:esiteid" v="1050497" />
  </node>
  <node id="-1663" visible="true" lat="43.814789904885" lon="-72.52285439211">
    <tag k="addr:city" v="South Royalton" />
    <tag k="addr:housenumber" v="2049" />
    <tag k="addr:street" v="Interstate 89 North" />
    <tag k="addr:state" v="VT" />
    <tag k="ref:vcgi:esiteid" v="1050498" />
  </node>
  <node id="-1664" visible="true" lat="43.800452096914" lon="-72.510930837269">
    <tag k="addr:city" v="South Royalton" />
    <tag k="addr:housenumber" v="881" />
    <tag k="addr:street" v="Interstate 89 North" />
    <tag k="addr:state" v="VT" />
    <tag k="ref:vcgi:esiteid" v="1050499" />
  </node>
  <node id="-1665" visible="true" lat="43.823270886279" lon="-72.592915287884">
    <tag k="addr:city" v="Bethel" />
    <tag k="addr:housenumber" v="1451" />
    <tag k="addr:street" v="Vermont Route 107" />
    <tag k="addr:state" v="VT" />
    <tag k="ref:vcgi:esiteid" v="1050588" />
  </node>
  <node id="-1666" visible="true" lat="43.797413056366" lon="-72.496932325347">
    <tag k="addr:city" v="South Royalton" />
    <tag k="addr:housenumber" v="130" />
    <tag k="addr:street" v="Vermont Route 14" />
    <tag k="addr:state" v="VT" />
    <tag k="ref:vcgi:esiteid" v="1050640" />
  </node>
  <node id="-1667" visible="true" lat="43.824613348423" lon="-72.542063933423">
    <tag k="addr:city" v="South Royalton" />
    <tag k="addr:housenumber" v="3628" />
    <tag k="addr:street" v="Vermont Route 14" />
    <tag k="addr:state" v="VT" />
    <tag k="ref:vcgi:esiteid" v="1050706" />
  </node>
  <node id="-1668" visible="true" lat="43.825266932067" lon="-72.476596680274">
    <tag k="addr:city" v="South Royalton" />
    <tag k="addr:housenumber" v="133" />
    <tag k="addr:street" v="LDS Lane" />
    <tag k="addr:state" v="VT" />
    <tag k="ref:vcgi:esiteid" v="1050714" />
  </node>
  <node id="-1669" visible="true" lat="43.841893511529" lon="-72.565299438226">
    <tag k="addr:city" v="South Royalton" />
    <tag k="addr:housenumber" v="740" />
    <tag k="addr:street" v="Russ Hill Road" />
    <tag k="addr:state" v="VT" />
    <tag k="ref:vcgi:esiteid" v="1051152" />
  </node>
  <node id="-1670" visible="true" lat="43.845833658023" lon="-72.5542336858">
    <tag k="addr:city" v="South Royalton" />
    <tag k="addr:housenumber" v="1919" />
    <tag k="addr:street" v="Gee Hill Road" />
    <tag k="addr:state" v="VT" />
    <tag k="ref:vcgi:esiteid" v="1051153" />
  </node>
  <node id="-1671" visible="true" lat="43.823565415588" lon="-72.567191220931">
    <tag k="addr:city" v="South Royalton" />
    <tag k="addr:housenumber" v="70" />
    <tag k="addr:street" v="Gilman Road" />
    <tag k="addr:state" v="VT" />
    <tag k="ref:vcgi:esiteid" v="1051575" />
  </node>
  <node id="-1672" visible="true" lat="43.822176516091" lon="-72.564996871233">
    <tag k="addr:city" v="South Royalton" />
    <tag k="addr:housenumber" v="45" />
    <tag k="addr:street" v="Royalton Hill Road" />
    <tag k="addr:state" v="VT" />
    <tag k="ref:vcgi:esiteid" v="1051576" />
  </node>
</osm>
