<?xml version="1.0" encoding="UTF-8"?>
<osm version="0.6" generator="JOSM" upload="false">
  <node id="-100" visible="true" lat="43.822746489901" lon="-72.231950389627">
    <tag k="addr:city" v="Thetford" />
    <tag k="addr:housenumber" v="2774" />
    <tag k="addr:street" v="Vermont Route 113" />
    <tag k="addr:state" v="VT" />
    <tag k="ref:vcgi:esiteid" v="353" />
  </node>
  <node id="-101" visible="true" lat="43.841427413447" lon="-72.231192496949">
    <tag k="addr:city" v="Thetford Center" />
    <tag k="addr:housenumber" v="1246" />
    <tag k="addr:street" v="Mud Pond Road" />
    <tag k="addr:state" v="VT" />
    <tag k="ref:vcgi:esiteid" v="356" />
  </node>
  <node id="-102" visible="true" lat="43.7859065378" lon="-72.255292586605">
    <tag k="addr:city" v="East Thetford" />
    <tag k="addr:housenumber" v="108" />
    <tag k="addr:street" v="Academy Road" />
    <tag k="addr:state" v="VT" />
    <tag k="ref:vcgi:esiteid" v="182157" />
  </node>
  <node id="-103" visible="true" lat="43.885054518024" lon="-72.282401205671">
    <tag k="addr:city" v="Thetford Center" />
    <tag k="addr:housenumber" v="3566" />
    <tag k="addr:street" v="Sawnee Bean Road" />
    <tag k="addr:state" v="VT" />
    <tag k="ref:vcgi:esiteid" v="252214" />
  </node>
  <node id="-104" visible="true" lat="43.847925172086" lon="-72.311761853324">
    <tag k="addr:city" v="Thetford Center" />
    <tag k="addr:housenumber" v="1144" />
    <tag k="addr:street" v="Miller Pond Road" />
    <tag k="addr:state" v="VT" />
    <tag k="ref:vcgi:esiteid" v="252459" />
  </node>
  <node id="-105" visible="true" lat="43.896749859352" lon="-72.261697393054">
    <tag k="addr:city" v="Post Mills" />
    <tag k="addr:housenumber" v="8769" />
    <tag k="addr:street" v="Vermont Route 113" />
    <tag k="addr:state" v="VT" />
    <tag k="ref:vcgi:esiteid" v="258473" />
  </node>
  <node id="-106" visible="true" lat="43.89513609186" lon="-72.256939017576">
    <tag k="addr:city" v="Fairlee" />
    <tag k="addr:housenumber" v="1071" />
    <tag k="addr:street" v="West Fairlee Road" />
    <tag k="addr:state" v="VT" />
    <tag k="ref:vcgi:esiteid" v="258474" />
  </node>
  <node id="-107" visible="true" lat="43.894962231021" lon="-72.255399665515">
    <tag k="addr:city" v="Fairlee" />
    <tag k="addr:housenumber" v="1051" />
    <tag k="addr:street" v="West Fairlee Road" />
    <tag k="addr:state" v="VT" />
    <tag k="ref:vcgi:esiteid" v="258475" />
  </node>
  <node id="-108" visible="true" lat="43.895708001773" lon="-72.256871181539">
    <tag k="addr:city" v="Fairlee" />
    <tag k="addr:housenumber" v="1091" />
    <tag k="addr:street" v="West Fairlee Road" />
    <tag k="addr:state" v="VT" />
    <tag k="ref:vcgi:esiteid" v="258476" />
  </node>
  <node id="-109" visible="true" lat="43.894517302697" lon="-72.252782128748">
    <tag k="addr:city" v="Fairlee" />
    <tag k="addr:housenumber" v="865" />
    <tag k="addr:street" v="West Fairlee Road" />
    <tag k="addr:state" v="VT" />
    <tag k="ref:vcgi:esiteid" v="258478" />
  </node>
  <node id="-110" visible="true" lat="43.894470757688" lon="-72.2522827903">
    <tag k="addr:city" v="Fairlee" />
    <tag k="addr:housenumber" v="859" />
    <tag k="addr:street" v="West Fairlee Road" />
    <tag k="addr:state" v="VT" />
    <tag k="ref:vcgi:esiteid" v="258479" />
  </node>
  <node id="-111" visible="true" lat="43.894295536435" lon="-72.25155941724">
    <tag k="addr:city" v="Fairlee" />
    <tag k="addr:housenumber" v="799" />
    <tag k="addr:street" v="West Fairlee Road" />
    <tag k="addr:state" v="VT" />
    <tag k="ref:vcgi:esiteid" v="258480" />
  </node>
  <node id="-112" visible="true" lat="43.893517460057" lon="-72.249003162363">
    <tag k="addr:city" v="Fairlee" />
    <tag k="addr:housenumber" v="671" />
    <tag k="addr:street" v="West Fairlee Road" />
    <tag k="addr:state" v="VT" />
    <tag k="ref:vcgi:esiteid" v="258481" />
  </node>
  <node id="-113" visible="true" lat="43.893827376954" lon="-72.258697766926">
    <tag k="addr:city" v="Post Mills" />
    <tag k="addr:housenumber" v="8493" />
    <tag k="addr:street" v="Vermont Route 113" />
    <tag k="addr:state" v="VT" />
    <tag k="ref:vcgi:esiteid" v="258482" />
  </node>
  <node id="-114" visible="true" lat="43.89355979062" lon="-72.255829938987">
    <tag k="addr:city" v="Fairlee" />
    <tag k="addr:housenumber" v="1067" />
    <tag k="addr:street" v="West Fairlee Road" />
    <tag k="addr:state" v="VT" />
    <tag k="ref:vcgi:esiteid" v="258483" />
  </node>
  <node id="-115" visible="true" lat="43.893077381066" lon="-72.257249445966">
    <tag k="addr:city" v="Post Mills" />
    <tag k="addr:housenumber" v="8466" />
    <tag k="addr:street" v="Vermont Route 113" />
    <tag k="addr:state" v="VT" />
    <tag k="ref:vcgi:esiteid" v="258485" />
  </node>
  <node id="-116" visible="true" lat="43.892738291955" lon="-72.245903778257">
    <tag k="addr:city" v="Fairlee" />
    <tag k="addr:housenumber" v="496" />
    <tag k="addr:street" v="West Fairlee Road" />
    <tag k="addr:state" v="VT" />
    <tag k="ref:vcgi:esiteid" v="258486" />
  </node>
  <node id="-117" visible="true" lat="43.892693064451" lon="-72.258380153717">
    <tag k="addr:city" v="Post Mills" />
    <tag k="addr:housenumber" v="8449" />
    <tag k="addr:street" v="Vermont Route 113" />
    <tag k="addr:state" v="VT" />
    <tag k="ref:vcgi:esiteid" v="258487" />
  </node>
  <node id="-118" visible="true" lat="43.892087120799" lon="-72.245757890781">
    <tag k="addr:city" v="Fairlee" />
    <tag k="addr:housenumber" v="485" />
    <tag k="addr:street" v="West Fairlee Road" />
    <tag k="addr:state" v="VT" />
    <tag k="ref:vcgi:esiteid" v="258488" />
  </node>
  <node id="-119" visible="true" lat="43.891418919476" lon="-72.246218288297">
    <tag k="addr:city" v="Fairlee" />
    <tag k="addr:housenumber" v="304" />
    <tag k="addr:street" v="Cross Street" />
    <tag k="addr:state" v="VT" />
    <tag k="ref:vcgi:esiteid" v="258489" />
  </node>
  <node id="-120" visible="true" lat="43.891235831202" lon="-72.244196905489">
    <tag k="addr:city" v="Fairlee" />
    <tag k="addr:housenumber" v="393" />
    <tag k="addr:street" v="West Fairlee Road" />
    <tag k="addr:state" v="VT" />
    <tag k="ref:vcgi:esiteid" v="258490" />
  </node>
  <node id="-121" visible="true" lat="43.890803004666" lon="-72.247305833008">
    <tag k="addr:city" v="Fairlee" />
    <tag k="addr:housenumber" v="253" />
    <tag k="addr:street" v="Cross Street" />
    <tag k="addr:state" v="VT" />
    <tag k="ref:vcgi:esiteid" v="258491" />
  </node>
  <node id="-122" visible="true" lat="43.891069170916" lon="-72.242712742768">
    <tag k="addr:city" v="Fairlee" />
    <tag k="addr:housenumber" v="320" />
    <tag k="addr:street" v="West Fairlee Road" />
    <tag k="addr:state" v="VT" />
    <tag k="ref:vcgi:esiteid" v="258492" />
  </node>
  <node id="-123" visible="true" lat="43.890826855338" lon="-72.246678383891">
    <tag k="addr:city" v="Fairlee" />
    <tag k="addr:housenumber" v="260" />
    <tag k="addr:street" v="Cross Street" />
    <tag k="addr:state" v="VT" />
    <tag k="ref:vcgi:esiteid" v="258493" />
  </node>
  <node id="-124" visible="true" lat="43.890916107501" lon="-72.239473874285">
    <tag k="addr:city" v="Fairlee" />
    <tag k="addr:housenumber" v="105" />
    <tag k="addr:street" v="Fields Point Lane" />
    <tag k="addr:state" v="VT" />
    <tag k="ref:vcgi:esiteid" v="258494" />
  </node>
  <node id="-125" visible="true" lat="43.891111243818" lon="-72.258807272408">
    <tag k="addr:city" v="Post Mills" />
    <tag k="addr:housenumber" v="8319" />
    <tag k="addr:street" v="Vermont Route 113" />
    <tag k="addr:state" v="VT" />
    <tag k="ref:vcgi:esiteid" v="258495" />
  </node>
  <node id="-126" visible="true" lat="43.891175210476" lon="-72.259456724709">
    <tag k="addr:city" v="Post Mills" />
    <tag k="addr:housenumber" v="8303" />
    <tag k="addr:street" v="Vermont Route 113" />
    <tag k="addr:state" v="VT" />
    <tag k="ref:vcgi:esiteid" v="258496" />
  </node>
  <node id="-127" visible="true" lat="43.890725762486" lon="-72.243386050959">
    <tag k="addr:city" v="Fairlee" />
    <tag k="addr:housenumber" v="333" />
    <tag k="addr:street" v="West Fairlee Road" />
    <tag k="addr:state" v="VT" />
    <tag k="ref:vcgi:esiteid" v="258497" />
  </node>
  <node id="-128" visible="true" lat="43.890610584391" lon="-72.240793460769">
    <tag k="addr:city" v="Fairlee" />
    <tag k="addr:housenumber" v="206" />
    <tag k="addr:street" v="West Fairlee Road" />
    <tag k="addr:state" v="VT" />
    <tag k="ref:vcgi:esiteid" v="258498" />
  </node>
  <node id="-129" visible="true" lat="43.890672562774" lon="-72.241349508545">
    <tag k="addr:city" v="Fairlee" />
    <tag k="addr:housenumber" v="212" />
    <tag k="addr:street" v="West Fairlee Road" />
    <tag k="addr:state" v="VT" />
    <tag k="ref:vcgi:esiteid" v="258499" />
  </node>
  <node id="-130" visible="true" lat="43.890541160333" lon="-72.258453208716">
    <tag k="addr:city" v="Post Mills" />
    <tag k="addr:housenumber" v="8286" />
    <tag k="addr:street" v="Vermont Route 113" />
    <tag k="addr:state" v="VT" />
    <tag k="ref:vcgi:esiteid" v="258500" />
  </node>
  <node id="-131" visible="true" lat="43.890409059055" lon="-72.24382530915">
    <tag k="addr:city" v="Fairlee" />
    <tag k="addr:housenumber" v="335" />
    <tag k="addr:street" v="West Fairlee Road" />
    <tag k="addr:state" v="VT" />
    <tag k="ref:vcgi:esiteid" v="258501" />
  </node>
  <node id="-132" visible="true" lat="43.890277927594" lon="-72.247048322572">
    <tag k="addr:city" v="Fairlee" />
    <tag k="addr:housenumber" v="200" />
    <tag k="addr:street" v="Cross Street" />
    <tag k="addr:state" v="VT" />
    <tag k="ref:vcgi:esiteid" v="258502" />
  </node>
  <node id="-133" visible="true" lat="43.890099074063" lon="-72.242925351179">
    <tag k="addr:city" v="Fairlee" />
    <tag k="addr:housenumber" v="287" />
    <tag k="addr:street" v="West Fairlee Road" />
    <tag k="addr:state" v="VT" />
    <tag k="ref:vcgi:esiteid" v="258503" />
  </node>
  <node id="-134" visible="true" lat="43.889618519384" lon="-72.24211890072">
    <tag k="addr:city" v="Fairlee" />
    <tag k="addr:housenumber" v="203" />
    <tag k="addr:street" v="West Fairlee Road" />
    <tag k="addr:state" v="VT" />
    <tag k="ref:vcgi:esiteid" v="258504" />
  </node>
  <node id="-135" visible="true" lat="43.889847815869" lon="-72.238622578867">
    <tag k="addr:city" v="Fairlee" />
    <tag k="addr:housenumber" v="106" />
    <tag k="addr:street" v="Fields Point Lane" />
    <tag k="addr:state" v="VT" />
    <tag k="ref:vcgi:esiteid" v="258505" />
  </node>
  <node id="-136" visible="true" lat="43.890030023352" lon="-72.2472411881">
    <tag k="addr:city" v="Fairlee" />
    <tag k="addr:housenumber" v="178" />
    <tag k="addr:street" v="Cross Street" />
    <tag k="addr:state" v="VT" />
    <tag k="ref:vcgi:esiteid" v="258506" />
  </node>
  <node id="-137" visible="true" lat="43.88963362315" lon="-72.240649830543">
    <tag k="addr:city" v="Fairlee" />
    <tag k="addr:housenumber" v="184" />
    <tag k="addr:street" v="West Fairlee Road" />
    <tag k="addr:state" v="VT" />
    <tag k="ref:vcgi:esiteid" v="258507" />
  </node>
  <node id="-138" visible="true" lat="43.88958115709" lon="-72.247354745098">
    <tag k="addr:city" v="Fairlee" />
    <tag k="addr:housenumber" v="136" />
    <tag k="addr:street" v="Cross Street" />
    <tag k="addr:state" v="VT" />
    <tag k="ref:vcgi:esiteid" v="258508" />
  </node>
  <node id="-139" visible="true" lat="43.889336579057" lon="-72.25894731627">
    <tag k="addr:city" v="Post Mills" />
    <tag k="addr:housenumber" v="8206" />
    <tag k="addr:street" v="Vermont Route 113" />
    <tag k="addr:state" v="VT" />
    <tag k="ref:vcgi:esiteid" v="258509" />
  </node>
  <node id="-140" visible="true" lat="43.889226252804" lon="-72.241120025897">
    <tag k="addr:city" v="Fairlee" />
    <tag k="addr:housenumber" v="15" />
    <tag k="addr:street" v="Pine Tree Lane" />
    <tag k="addr:state" v="VT" />
    <tag k="ref:vcgi:esiteid" v="258510" />
  </node>
  <node id="-141" visible="true" lat="43.888860878855" lon="-72.241614802747">
    <tag k="addr:city" v="Fairlee" />
    <tag k="addr:housenumber" v="52" />
    <tag k="addr:street" v="Pine Tree Lane" />
    <tag k="addr:state" v="VT" />
    <tag k="ref:vcgi:esiteid" v="258511" />
  </node>
  <node id="-142" visible="true" lat="43.889000838037" lon="-72.246793927768">
    <tag k="addr:city" v="Fairlee" />
    <tag k="addr:housenumber" v="108" />
    <tag k="addr:street" v="Cross Street" />
    <tag k="addr:state" v="VT" />
    <tag k="ref:vcgi:esiteid" v="258512" />
  </node>
  <node id="-143" visible="true" lat="43.889152741159" lon="-72.239796817613">
    <tag k="addr:city" v="Fairlee" />
    <tag k="addr:housenumber" v="130" />
    <tag k="addr:street" v="West Fairlee Road" />
    <tag k="addr:state" v="VT" />
    <tag k="ref:vcgi:esiteid" v="258514" />
  </node>
  <node id="-144" visible="true" lat="43.888867259574" lon="-72.240087298259">
    <tag k="addr:city" v="Fairlee" />
    <tag k="addr:housenumber" v="132" />
    <tag k="addr:street" v="West Fairlee Road" />
    <tag k="addr:state" v="VT" />
    <tag k="ref:vcgi:esiteid" v="258515" />
  </node>
  <node id="-145" visible="true" lat="43.889287409374" lon="-72.24752630166">
    <tag k="addr:city" v="Fairlee" />
    <tag k="addr:housenumber" v="106" />
    <tag k="addr:street" v="Cross Street" />
    <tag k="addr:state" v="VT" />
    <tag k="ref:vcgi:esiteid" v="258516" />
  </node>
  <node id="-146" visible="true" lat="43.888921936454" lon="-72.241378352959">
    <tag k="addr:city" v="Fairlee" />
    <tag k="addr:housenumber" v="51" />
    <tag k="addr:street" v="Pine Tree Lane" />
    <tag k="addr:state" v="VT" />
    <tag k="ref:vcgi:esiteid" v="258517" />
  </node>
  <node id="-147" visible="true" lat="43.888825869303" lon="-72.234006762407">
    <tag k="addr:city" v="Fairlee" />
    <tag k="addr:housenumber" v="1403" />
    <tag k="addr:street" v="Vermont Route 244" />
    <tag k="addr:state" v="VT" />
    <tag k="ref:vcgi:esiteid" v="258518" />
  </node>
  <node id="-148" visible="true" lat="43.887916099378" lon="-72.2471300738">
    <tag k="addr:city" v="Fairlee" />
    <tag k="addr:housenumber" v="691" />
    <tag k="addr:street" v="Vermont Route 244" />
    <tag k="addr:state" v="VT" />
    <tag k="ref:vcgi:esiteid" v="258519" />
  </node>
  <node id="-149" visible="true" lat="43.888809914915" lon="-72.259155574525">
    <tag k="addr:city" v="Post Mills" />
    <tag k="addr:housenumber" v="8162" />
    <tag k="addr:street" v="Vermont Route 113" />
    <tag k="addr:state" v="VT" />
    <tag k="ref:vcgi:esiteid" v="258520" />
  </node>
  <node id="-150" visible="true" lat="43.888903132479" lon="-72.247692084559">
    <tag k="addr:city" v="Fairlee" />
    <tag k="addr:housenumber" v="74" />
    <tag k="addr:street" v="Cross Street" />
    <tag k="addr:state" v="VT" />
    <tag k="ref:vcgi:esiteid" v="258521" />
  </node>
  <node id="-151" visible="true" lat="43.888060406543" lon="-72.253961027591">
    <tag k="addr:city" v="Fairlee" />
    <tag k="addr:housenumber" v="383" />
    <tag k="addr:street" v="Vermont Route 244" />
    <tag k="addr:state" v="VT" />
    <tag k="ref:vcgi:esiteid" v="258522" />
  </node>
  <node id="-152" visible="true" lat="43.88837733811" lon="-72.235244460985">
    <tag k="addr:city" v="Fairlee" />
    <tag k="addr:housenumber" v="1335" />
    <tag k="addr:street" v="Vermont Route 244" />
    <tag k="addr:state" v="VT" />
    <tag k="ref:vcgi:esiteid" v="258523" />
  </node>
  <node id="-153" visible="true" lat="43.888646838312" lon="-72.247742834649">
    <tag k="addr:city" v="Fairlee" />
    <tag k="addr:housenumber" v="64" />
    <tag k="addr:street" v="Cross Street" />
    <tag k="addr:state" v="VT" />
    <tag k="ref:vcgi:esiteid" v="258524" />
  </node>
  <node id="-154" visible="true" lat="43.888566835376" lon="-72.239754429207">
    <tag k="addr:city" v="Fairlee" />
    <tag k="addr:housenumber" v="76" />
    <tag k="addr:street" v="West Fairlee Road" />
    <tag k="addr:state" v="VT" />
    <tag k="ref:vcgi:esiteid" v="258525" />
  </node>
  <node id="-155" visible="true" lat="43.88821420897" lon="-72.243377158274">
    <tag k="addr:city" v="Fairlee" />
    <tag k="addr:housenumber" v="881" />
    <tag k="addr:street" v="Vermont Route 244" />
    <tag k="addr:state" v="VT" />
    <tag k="ref:vcgi:esiteid" v="258528" />
  </node>
  <node id="-156" visible="true" lat="43.888024863234" lon="-72.240307058745">
    <tag k="addr:city" v="Fairlee" />
    <tag k="addr:housenumber" v="73" />
    <tag k="addr:street" v="West Fairlee Road" />
    <tag k="addr:state" v="VT" />
    <tag k="ref:vcgi:esiteid" v="258529" />
  </node>
  <node id="-157" visible="true" lat="43.888374022569" lon="-72.239453508603">
    <tag k="addr:city" v="Fairlee" />
    <tag k="addr:housenumber" v="70" />
    <tag k="addr:street" v="West Fairlee Road" />
    <tag k="addr:state" v="VT" />
    <tag k="ref:vcgi:esiteid" v="258530" />
  </node>
  <node id="-158" visible="true" lat="43.888085322245" lon="-72.235789493708">
    <tag k="addr:city" v="Fairlee" />
    <tag k="addr:housenumber" v="1301" />
    <tag k="addr:street" v="Vermont Route 244" />
    <tag k="addr:state" v="VT" />
    <tag k="ref:vcgi:esiteid" v="258531" />
  </node>
  <node id="-159" visible="true" lat="43.88804797986" lon="-72.239185049043">
    <tag k="addr:city" v="Fairlee" />
    <tag k="addr:housenumber" v="22" />
    <tag k="addr:street" v="West Fairlee Road" />
    <tag k="addr:state" v="VT" />
    <tag k="ref:vcgi:esiteid" v="258532" />
  </node>
  <node id="-160" visible="true" lat="43.887803125946" lon="-72.248285291005">
    <tag k="addr:city" v="Fairlee" />
    <tag k="addr:housenumber" v="639" />
    <tag k="addr:street" v="Vermont Route 244" />
    <tag k="addr:state" v="VT" />
    <tag k="ref:vcgi:esiteid" v="258533" />
  </node>
  <node id="-161" visible="true" lat="43.887879023791" lon="-72.236016082574">
    <tag k="addr:city" v="Fairlee" />
    <tag k="addr:housenumber" v="1289" />
    <tag k="addr:street" v="Vermont Route 244" />
    <tag k="addr:state" v="VT" />
    <tag k="ref:vcgi:esiteid" v="258534" />
  </node>
  <node id="-162" visible="true" lat="43.888355529522" lon="-72.247903985988">
    <tag k="addr:city" v="Fairlee" />
    <tag k="addr:housenumber" v="32" />
    <tag k="addr:street" v="Cross Street" />
    <tag k="addr:state" v="VT" />
    <tag k="ref:vcgi:esiteid" v="258535" />
  </node>
  <node id="-163" visible="true" lat="43.887701853532" lon="-72.248976464403">
    <tag k="addr:city" v="Fairlee" />
    <tag k="addr:housenumber" v="17" />
    <tag k="addr:street" v="Cross Street" />
    <tag k="addr:state" v="VT" />
    <tag k="ref:vcgi:esiteid" v="258536" />
  </node>
  <node id="-164" visible="true" lat="43.887777567566" lon="-72.238910881137">
    <tag k="addr:city" v="Fairlee" />
    <tag k="addr:housenumber" v="14" />
    <tag k="addr:street" v="West Fairlee Road" />
    <tag k="addr:state" v="VT" />
    <tag k="ref:vcgi:esiteid" v="258537" />
  </node>
  <node id="-165" visible="true" lat="43.887654677952" lon="-72.245861274967">
    <tag k="addr:city" v="Fairlee" />
    <tag k="addr:housenumber" v="770" />
    <tag k="addr:street" v="Vermont Route 244" />
    <tag k="addr:state" v="VT" />
    <tag k="ref:vcgi:esiteid" v="258538" />
  </node>
  <node id="-166" visible="true" lat="43.887342251483" lon="-72.25379131847">
    <tag k="addr:city" v="Fairlee" />
    <tag k="addr:housenumber" v="381" />
    <tag k="addr:street" v="Vermont Route 244" />
    <tag k="addr:state" v="VT" />
    <tag k="ref:vcgi:esiteid" v="258539" />
  </node>
  <node id="-167" visible="true" lat="43.887304434854" lon="-72.253373673219">
    <tag k="addr:city" v="Fairlee" />
    <tag k="addr:housenumber" v="397" />
    <tag k="addr:street" v="Vermont Route 244" />
    <tag k="addr:state" v="VT" />
    <tag k="ref:vcgi:esiteid" v="258540" />
  </node>
  <node id="-168" visible="true" lat="43.88749296738" lon="-72.24103335422">
    <tag k="addr:city" v="Fairlee" />
    <tag k="addr:housenumber" v="998" />
    <tag k="addr:street" v="Vermont Route 244" />
    <tag k="addr:state" v="VT" />
    <tag k="ref:vcgi:esiteid" v="258541" />
  </node>
  <node id="-169" visible="true" lat="43.887784597147" lon="-72.236204817952">
    <tag k="addr:city" v="Fairlee" />
    <tag k="addr:housenumber" v="1267" />
    <tag k="addr:street" v="Vermont Route 244" />
    <tag k="addr:state" v="VT" />
    <tag k="ref:vcgi:esiteid" v="258542" />
  </node>
  <node id="-170" visible="true" lat="43.887778872574" lon="-72.250021790479">
    <tag k="addr:city" v="Fairlee" />
    <tag k="addr:housenumber" v="537" />
    <tag k="addr:street" v="Vermont Route 244" />
    <tag k="addr:state" v="VT" />
    <tag k="ref:vcgi:esiteid" v="258543" />
  </node>
  <node id="-171" visible="true" lat="43.887577679147" lon="-72.246537097929">
    <tag k="addr:city" v="Fairlee" />
    <tag k="addr:housenumber" v="724" />
    <tag k="addr:street" v="Vermont Route 244" />
    <tag k="addr:state" v="VT" />
    <tag k="ref:vcgi:esiteid" v="258544" />
  </node>
  <node id="-172" visible="true" lat="43.887480878197" lon="-72.251771282822">
    <tag k="addr:city" v="Fairlee" />
    <tag k="addr:housenumber" v="449" />
    <tag k="addr:street" v="Vermont Route 244" />
    <tag k="addr:state" v="VT" />
    <tag k="ref:vcgi:esiteid" v="258545" />
  </node>
  <node id="-173" visible="true" lat="43.887590012877" lon="-72.238373808449">
    <tag k="addr:city" v="Fairlee" />
    <tag k="addr:housenumber" v="1099" />
    <tag k="addr:street" v="Vermont Route 244" />
    <tag k="addr:state" v="VT" />
    <tag k="ref:vcgi:esiteid" v="258546" />
  </node>
  <node id="-174" visible="true" lat="43.887285968176" lon="-72.254231114605">
    <tag k="addr:city" v="Fairlee" />
    <tag k="addr:housenumber" v="353" />
    <tag k="addr:street" v="Vermont Route 244" />
    <tag k="addr:state" v="VT" />
    <tag k="ref:vcgi:esiteid" v="258547" />
  </node>
  <node id="-175" visible="true" lat="43.887250021557" lon="-72.24165344047">
    <tag k="addr:city" v="Fairlee" />
    <tag k="addr:housenumber" v="302" />
    <tag k="addr:street" v="Lakeshore Road" />
    <tag k="addr:state" v="VT" />
    <tag k="ref:vcgi:esiteid" v="258548" />
  </node>
  <node id="-176" visible="true" lat="43.887304347319" lon="-72.25482290141">
    <tag k="addr:city" v="Fairlee" />
    <tag k="addr:housenumber" v="341" />
    <tag k="addr:street" v="Vermont Route 244" />
    <tag k="addr:state" v="VT" />
    <tag k="ref:vcgi:esiteid" v="258549" />
  </node>
  <node id="-177" visible="true" lat="43.887599232393" lon="-72.236613535464">
    <tag k="addr:city" v="Fairlee" />
    <tag k="addr:housenumber" v="1251" />
    <tag k="addr:street" v="Vermont Route 244" />
    <tag k="addr:state" v="VT" />
    <tag k="ref:vcgi:esiteid" v="258550" />
  </node>
  <node id="-178" visible="true" lat="43.88723996962" lon="-72.247476692067">
    <tag k="addr:city" v="Fairlee" />
    <tag k="addr:housenumber" v="682" />
    <tag k="addr:street" v="Vermont Route 244" />
    <tag k="addr:state" v="VT" />
    <tag k="ref:vcgi:esiteid" v="258551" />
  </node>
  <node id="-179" visible="true" lat="43.887324852959" lon="-72.236820079618">
    <tag k="addr:city" v="Fairlee" />
    <tag k="addr:housenumber" v="1237" />
    <tag k="addr:street" v="Vermont Route 244" />
    <tag k="addr:state" v="VT" />
    <tag k="ref:vcgi:esiteid" v="258552" />
  </node>
  <node id="-180" visible="true" lat="43.887695471981" lon="-72.2363664817">
    <tag k="addr:city" v="Fairlee" />
    <tag k="addr:housenumber" v="1259" />
    <tag k="addr:street" v="Vermont Route 244" />
    <tag k="addr:state" v="VT" />
    <tag k="ref:vcgi:esiteid" v="258553" />
  </node>
  <node id="-181" visible="true" lat="43.887211553837" lon="-72.24812610113">
    <tag k="addr:city" v="Fairlee" />
    <tag k="addr:housenumber" v="650" />
    <tag k="addr:street" v="Vermont Route 244" />
    <tag k="addr:state" v="VT" />
    <tag k="ref:vcgi:esiteid" v="258554" />
  </node>
  <node id="-182" visible="true" lat="43.887178443273" lon="-72.255087730638">
    <tag k="addr:city" v="Fairlee" />
    <tag k="addr:housenumber" v="311" />
    <tag k="addr:street" v="Vermont Route 244" />
    <tag k="addr:state" v="VT" />
    <tag k="ref:vcgi:esiteid" v="258555" />
  </node>
  <node id="-183" visible="true" lat="43.887144435131" lon="-72.237812590535">
    <tag k="addr:city" v="Fairlee" />
    <tag k="addr:housenumber" v="1101" />
    <tag k="addr:street" v="Vermont Route 244" />
    <tag k="addr:state" v="VT" />
    <tag k="ref:vcgi:esiteid" v="258556" />
  </node>
  <node id="-184" visible="true" lat="43.88711321804" lon="-72.255523538781">
    <tag k="addr:city" v="Fairlee" />
    <tag k="addr:housenumber" v="283" />
    <tag k="addr:street" v="Vermont Route 244" />
    <tag k="addr:state" v="VT" />
    <tag k="ref:vcgi:esiteid" v="258557" />
  </node>
  <node id="-185" visible="true" lat="43.887171560059" lon="-72.242546192492">
    <tag k="addr:city" v="Fairlee" />
    <tag k="addr:housenumber" v="241" />
    <tag k="addr:street" v="Lakeshore Road" />
    <tag k="addr:state" v="VT" />
    <tag k="ref:vcgi:esiteid" v="258558" />
  </node>
  <node id="-186" visible="true" lat="43.886992635291" lon="-72.241808824999">
    <tag k="addr:city" v="Fairlee" />
    <tag k="addr:housenumber" v="248" />
    <tag k="addr:street" v="Lakeshore Road" />
    <tag k="addr:state" v="VT" />
    <tag k="ref:vcgi:esiteid" v="258559" />
  </node>
  <node id="-187" visible="true" lat="43.886858260589" lon="-72.250602603384">
    <tag k="addr:city" v="Fairlee" />
    <tag k="addr:housenumber" v="87" />
    <tag k="addr:street" v="Robinson Hill Road" />
    <tag k="addr:state" v="VT" />
    <tag k="ref:vcgi:esiteid" v="258560" />
  </node>
  <node id="-188" visible="true" lat="43.886915245111" lon="-72.253527399206">
    <tag k="addr:city" v="Fairlee" />
    <tag k="addr:housenumber" v="382" />
    <tag k="addr:street" v="Vermont Route 244" />
    <tag k="addr:state" v="VT" />
    <tag k="ref:vcgi:esiteid" v="258561" />
  </node>
  <node id="-189" visible="true" lat="43.886962307759" lon="-72.253847879074">
    <tag k="addr:city" v="Fairlee" />
    <tag k="addr:housenumber" v="362" />
    <tag k="addr:street" v="Vermont Route 244" />
    <tag k="addr:state" v="VT" />
    <tag k="ref:vcgi:esiteid" v="258562" />
  </node>
  <node id="-190" visible="true" lat="43.886845826926" lon="-72.26009625075">
    <tag k="addr:city" v="Post Mills" />
    <tag k="addr:housenumber" v="8032" />
    <tag k="addr:street" v="Vermont Route 113" />
    <tag k="addr:state" v="VT" />
    <tag k="ref:vcgi:esiteid" v="258563" />
  </node>
  <node id="-191" visible="true" lat="43.886773987512" lon="-72.242145267647">
    <tag k="addr:city" v="Fairlee" />
    <tag k="addr:housenumber" v="234" />
    <tag k="addr:street" v="Lakeshore Road" />
    <tag k="addr:state" v="VT" />
    <tag k="ref:vcgi:esiteid" v="258564" />
  </node>
  <node id="-192" visible="true" lat="43.886826154652" lon="-72.242987448901">
    <tag k="addr:city" v="Fairlee" />
    <tag k="addr:housenumber" v="209" />
    <tag k="addr:street" v="Lakeshore Road" />
    <tag k="addr:state" v="VT" />
    <tag k="ref:vcgi:esiteid" v="258565" />
  </node>
  <node id="-193" visible="true" lat="43.886754985003" lon="-72.257539213579">
    <tag k="addr:city" v="Fairlee" />
    <tag k="addr:housenumber" v="183" />
    <tag k="addr:street" v="Vermont Route 244" />
    <tag k="addr:state" v="VT" />
    <tag k="ref:vcgi:esiteid" v="258566" />
  </node>
  <node id="-194" visible="true" lat="43.886840283463" lon="-72.243555943247">
    <tag k="addr:city" v="Fairlee" />
    <tag k="addr:housenumber" v="193" />
    <tag k="addr:street" v="Lakeshore Road" />
    <tag k="addr:state" v="VT" />
    <tag k="ref:vcgi:esiteid" v="258567" />
  </node>
  <node id="-195" visible="true" lat="43.886633982957" lon="-72.255601659986">
    <tag k="addr:city" v="Fairlee" />
    <tag k="addr:housenumber" v="272" />
    <tag k="addr:street" v="Vermont Route 244" />
    <tag k="addr:state" v="VT" />
    <tag k="ref:vcgi:esiteid" v="258568" />
  </node>
  <node id="-196" visible="true" lat="43.886902749574" lon="-72.242792076393">
    <tag k="addr:city" v="Fairlee" />
    <tag k="addr:housenumber" v="211" />
    <tag k="addr:street" v="Lakeshore Road" />
    <tag k="addr:state" v="VT" />
    <tag k="ref:vcgi:esiteid" v="258569" />
  </node>
  <node id="-197" visible="true" lat="43.886621835258" lon="-72.255977841265">
    <tag k="addr:city" v="Fairlee" />
    <tag k="addr:housenumber" v="250" />
    <tag k="addr:street" v="Vermont Route 244" />
    <tag k="addr:state" v="VT" />
    <tag k="ref:vcgi:esiteid" v="258570" />
  </node>
  <node id="-198" visible="true" lat="43.886625439228" lon="-72.25828475829">
    <tag k="addr:city" v="Fairlee" />
    <tag k="addr:housenumber" v="139" />
    <tag k="addr:street" v="Vermont Route 244" />
    <tag k="addr:state" v="VT" />
    <tag k="ref:vcgi:esiteid" v="258571" />
  </node>
  <node id="-199" visible="true" lat="43.886691928709" lon="-72.260734081738">
    <tag k="addr:city" v="Post Mills" />
    <tag k="addr:housenumber" v="8003" />
    <tag k="addr:street" v="Vermont Route 113" />
    <tag k="addr:state" v="VT" />
    <tag k="ref:vcgi:esiteid" v="258572" />
  </node>
  <node id="-200" visible="true" lat="43.886494826889" lon="-72.242304696334">
    <tag k="addr:city" v="Fairlee" />
    <tag k="addr:housenumber" v="212" />
    <tag k="addr:street" v="Lakeshore Road" />
    <tag k="addr:state" v="VT" />
    <tag k="ref:vcgi:esiteid" v="258573" />
  </node>
  <node id="-201" visible="true" lat="43.886485813037" lon="-72.256439840054">
    <tag k="addr:city" v="Fairlee" />
    <tag k="addr:housenumber" v="224" />
    <tag k="addr:street" v="Vermont Route 244" />
    <tag k="addr:state" v="VT" />
    <tag k="ref:vcgi:esiteid" v="258574" />
  </node>
  <node id="-202" visible="true" lat="43.886204130767" lon="-72.250939771029">
    <tag k="addr:city" v="Fairlee" />
    <tag k="addr:housenumber" v="104" />
    <tag k="addr:street" v="Robinson Hill Road" />
    <tag k="addr:state" v="VT" />
    <tag k="ref:vcgi:esiteid" v="258575" />
  </node>
  <node id="-203" visible="true" lat="43.886466395116" lon="-72.256907568656">
    <tag k="addr:city" v="Fairlee" />
    <tag k="addr:housenumber" v="202" />
    <tag k="addr:street" v="Vermont Route 244" />
    <tag k="addr:state" v="VT" />
    <tag k="ref:vcgi:esiteid" v="258576" />
  </node>
  <node id="-204" visible="true" lat="43.886442995048" lon="-72.260130248309">
    <tag k="addr:city" v="Post Mills" />
    <tag k="addr:housenumber" v="7998" />
    <tag k="addr:street" v="Vermont Route 113" />
    <tag k="addr:state" v="VT" />
    <tag k="ref:vcgi:esiteid" v="258577" />
  </node>
  <node id="-205" visible="true" lat="43.88641228896" lon="-72.242676696158">
    <tag k="addr:city" v="Fairlee" />
    <tag k="addr:housenumber" v="198" />
    <tag k="addr:street" v="Lakeshore Road" />
    <tag k="addr:state" v="VT" />
    <tag k="ref:vcgi:esiteid" v="258578" />
  </node>
  <node id="-206" visible="true" lat="43.886480732859" lon="-72.248541910852">
    <tag k="addr:city" v="Fairlee" />
    <tag k="addr:housenumber" v="219" />
    <tag k="addr:street" v="Robinson Hill Road" />
    <tag k="addr:state" v="VT" />
    <tag k="ref:vcgi:esiteid" v="258579" />
  </node>
  <node id="-207" visible="true" lat="43.886407347963" lon="-72.260846949603">
    <tag k="addr:city" v="Post Mills" />
    <tag k="addr:housenumber" v="7987" />
    <tag k="addr:street" v="Vermont Route 113" />
    <tag k="addr:state" v="VT" />
    <tag k="ref:vcgi:esiteid" v="258580" />
  </node>
  <node id="-208" visible="true" lat="43.886313105329" lon="-72.258098049761">
    <tag k="addr:city" v="Fairlee" />
    <tag k="addr:housenumber" v="148" />
    <tag k="addr:street" v="Vermont Route 244" />
    <tag k="addr:state" v="VT" />
    <tag k="ref:vcgi:esiteid" v="258581" />
  </node>
  <node id="-209" visible="true" lat="43.886263395391" lon="-72.247774853918">
    <tag k="addr:city" v="Fairlee" />
    <tag k="addr:housenumber" v="249" />
    <tag k="addr:street" v="Robinson Hill Road" />
    <tag k="addr:state" v="VT" />
    <tag k="ref:vcgi:esiteid" v="258582" />
  </node>
  <node id="-210" visible="true" lat="43.886100214789" lon="-72.243043745581">
    <tag k="addr:city" v="Fairlee" />
    <tag k="addr:housenumber" v="178" />
    <tag k="addr:street" v="Lakeshore Road" />
    <tag k="addr:state" v="VT" />
    <tag k="ref:vcgi:esiteid" v="258583" />
  </node>
  <node id="-211" visible="true" lat="43.886105233118" lon="-72.249071749397">
    <tag k="addr:city" v="Fairlee" />
    <tag k="addr:housenumber" v="202" />
    <tag k="addr:street" v="Robinson Hill Road" />
    <tag k="addr:state" v="VT" />
    <tag k="ref:vcgi:esiteid" v="258584" />
  </node>
  <node id="-212" visible="true" lat="43.886068080928" lon="-72.247338390087">
    <tag k="addr:city" v="Fairlee" />
    <tag k="addr:housenumber" v="275" />
    <tag k="addr:street" v="Robinson Hill Road" />
    <tag k="addr:state" v="VT" />
    <tag k="ref:vcgi:esiteid" v="258585" />
  </node>
  <node id="-213" visible="true" lat="43.885910149203" lon="-72.243288672381">
    <tag k="addr:city" v="Fairlee" />
    <tag k="addr:housenumber" v="150" />
    <tag k="addr:street" v="Lakeshore Road" />
    <tag k="addr:state" v="VT" />
    <tag k="ref:vcgi:esiteid" v="258586" />
  </node>
  <node id="-214" visible="true" lat="43.885862313675" lon="-72.261005196325">
    <tag k="addr:city" v="Post Mills" />
    <tag k="addr:housenumber" v="7953" />
    <tag k="addr:street" v="Vermont Route 113" />
    <tag k="addr:state" v="VT" />
    <tag k="ref:vcgi:esiteid" v="258587" />
  </node>
  <node id="-215" visible="true" lat="43.885577692524" lon="-72.22115985628">
    <tag k="addr:city" v="Fairlee" />
    <tag k="addr:housenumber" v="296" />
    <tag k="addr:street" v="Bragg Road" />
    <tag k="addr:state" v="VT" />
    <tag k="ref:vcgi:esiteid" v="258588" />
  </node>
  <node id="-216" visible="true" lat="43.885865999929" lon="-72.248369916955">
    <tag k="addr:city" v="Fairlee" />
    <tag k="addr:housenumber" v="244" />
    <tag k="addr:street" v="Robinson Hill Road" />
    <tag k="addr:state" v="VT" />
    <tag k="ref:vcgi:esiteid" v="258589" />
  </node>
  <node id="-217" visible="true" lat="43.88565027214" lon="-72.259619981953">
    <tag k="addr:city" v="Fairlee" />
    <tag k="addr:housenumber" v="56" />
    <tag k="addr:street" v="Vermont Route 244" />
    <tag k="addr:state" v="VT" />
    <tag k="ref:vcgi:esiteid" v="258590" />
  </node>
  <node id="-218" visible="true" lat="43.885834553083" lon="-72.255859297166">
    <tag k="addr:city" v="Fairlee" />
    <tag k="addr:housenumber" v="238" />
    <tag k="addr:street" v="Vermont Route 244" />
    <tag k="addr:state" v="VT" />
    <tag k="ref:vcgi:esiteid" v="258591" />
  </node>
  <node id="-219" visible="true" lat="43.885717902693" lon="-72.243487262618">
    <tag k="addr:city" v="Fairlee" />
    <tag k="addr:housenumber" v="132" />
    <tag k="addr:street" v="Lakeshore Road" />
    <tag k="addr:state" v="VT" />
    <tag k="ref:vcgi:esiteid" v="258592" />
  </node>
  <node id="-220" visible="true" lat="43.885574958324" lon="-72.221715607994">
    <tag k="addr:city" v="Fairlee" />
    <tag k="addr:housenumber" v="320" />
    <tag k="addr:street" v="Bragg Road" />
    <tag k="addr:state" v="VT" />
    <tag k="ref:vcgi:esiteid" v="258593" />
  </node>
  <node id="-221" visible="true" lat="43.885651030121" lon="-72.220776689891">
    <tag k="addr:city" v="Fairlee" />
    <tag k="addr:housenumber" v="286" />
    <tag k="addr:street" v="Bragg Road" />
    <tag k="addr:state" v="VT" />
    <tag k="ref:vcgi:esiteid" v="258594" />
  </node>
  <node id="-222" visible="true" lat="43.885709165075" lon="-72.261064861246">
    <tag k="addr:city" v="Post Mills" />
    <tag k="addr:housenumber" v="7935" />
    <tag k="addr:street" v="Vermont Route 113" />
    <tag k="addr:state" v="VT" />
    <tag k="ref:vcgi:esiteid" v="258595" />
  </node>
  <node id="-223" visible="true" lat="43.885715233582" lon="-72.222902848119">
    <tag k="addr:city" v="Fairlee" />
    <tag k="addr:housenumber" v="394" />
    <tag k="addr:street" v="Bragg Road" />
    <tag k="addr:state" v="VT" />
    <tag k="ref:vcgi:esiteid" v="258596" />
  </node>
  <node id="-224" visible="true" lat="43.885060783315" lon="-72.246918328973">
    <tag k="addr:city" v="Fairlee" />
    <tag k="addr:housenumber" v="304" />
    <tag k="addr:street" v="Robinson Hill Road" />
    <tag k="addr:state" v="VT" />
    <tag k="ref:vcgi:esiteid" v="258597" />
  </node>
  <node id="-225" visible="true" lat="43.885580309267" lon="-72.223140842086">
    <tag k="addr:city" v="Fairlee" />
    <tag k="addr:housenumber" v="408" />
    <tag k="addr:street" v="Bragg Road" />
    <tag k="addr:state" v="VT" />
    <tag k="ref:vcgi:esiteid" v="258598" />
  </node>
  <node id="-226" visible="true" lat="43.885425297947" lon="-72.247811508408">
    <tag k="addr:city" v="Fairlee" />
    <tag k="addr:housenumber" v="276" />
    <tag k="addr:street" v="Robinson Hill Road" />
    <tag k="addr:state" v="VT" />
    <tag k="ref:vcgi:esiteid" v="258599" />
  </node>
  <node id="-227" visible="true" lat="43.885497731685" lon="-72.223488529055">
    <tag k="addr:city" v="Fairlee" />
    <tag k="addr:housenumber" v="418" />
    <tag k="addr:street" v="Bragg Road" />
    <tag k="addr:state" v="VT" />
    <tag k="ref:vcgi:esiteid" v="258600" />
  </node>
  <node id="-228" visible="true" lat="43.885381665614" lon="-72.244201681063">
    <tag k="addr:city" v="Fairlee" />
    <tag k="addr:housenumber" v="97" />
    <tag k="addr:street" v="Lakeshore Road" />
    <tag k="addr:state" v="VT" />
    <tag k="ref:vcgi:esiteid" v="258601" />
  </node>
  <node id="-229" visible="true" lat="43.885439000768" lon="-72.260710879054">
    <tag k="addr:city" v="Post Mills" />
    <tag k="addr:housenumber" v="7922" />
    <tag k="addr:street" v="Vermont Route 113" />
    <tag k="addr:state" v="VT" />
    <tag k="ref:vcgi:esiteid" v="258602" />
  </node>
  <node id="-230" visible="true" lat="43.885212477199" lon="-72.222604994994">
    <tag k="addr:city" v="Fairlee" />
    <tag k="addr:housenumber" v="387" />
    <tag k="addr:street" v="Bragg Road" />
    <tag k="addr:state" v="VT" />
    <tag k="ref:vcgi:esiteid" v="258603" />
  </node>
  <node id="-231" visible="true" lat="43.88520566186" lon="-72.223678190272">
    <tag k="addr:city" v="Fairlee" />
    <tag k="addr:housenumber" v="444" />
    <tag k="addr:street" v="Bragg Road" />
    <tag k="addr:state" v="VT" />
    <tag k="ref:vcgi:esiteid" v="258604" />
  </node>
  <node id="-232" visible="true" lat="43.885173758689" lon="-72.243618425032">
    <tag k="addr:city" v="Fairlee" />
    <tag k="addr:housenumber" v="114" />
    <tag k="addr:street" v="Lakeshore Road" />
    <tag k="addr:state" v="VT" />
    <tag k="ref:vcgi:esiteid" v="258605" />
  </node>
  <node id="-233" visible="true" lat="43.885225994527" lon="-72.261271689852">
    <tag k="addr:city" v="Post Mills" />
    <tag k="addr:housenumber" v="7901" />
    <tag k="addr:street" v="Vermont Route 113" />
    <tag k="addr:state" v="VT" />
    <tag k="ref:vcgi:esiteid" v="258606" />
  </node>
  <node id="-234" visible="true" lat="43.885058546147" lon="-72.244851771835">
    <tag k="addr:city" v="Fairlee" />
    <tag k="addr:housenumber" v="61" />
    <tag k="addr:street" v="Lakeshore Road" />
    <tag k="addr:state" v="VT" />
    <tag k="ref:vcgi:esiteid" v="258607" />
  </node>
  <node id="-235" visible="true" lat="43.884979826686" lon="-72.2239189162">
    <tag k="addr:city" v="Fairlee" />
    <tag k="addr:housenumber" v="462" />
    <tag k="addr:street" v="Bragg Road" />
    <tag k="addr:state" v="VT" />
    <tag k="ref:vcgi:esiteid" v="258608" />
  </node>
  <node id="-236" visible="true" lat="43.885144113907" lon="-72.246596383674">
    <tag k="addr:city" v="Fairlee" />
    <tag k="addr:housenumber" v="356" />
    <tag k="addr:street" v="Robinson Hill Road" />
    <tag k="addr:state" v="VT" />
    <tag k="ref:vcgi:esiteid" v="258609" />
  </node>
  <node id="-237" visible="true" lat="43.884895950108" lon="-72.246297412882">
    <tag k="addr:city" v="Fairlee" />
    <tag k="addr:housenumber" v="366" />
    <tag k="addr:street" v="Robinson Hill Road" />
    <tag k="addr:state" v="VT" />
    <tag k="ref:vcgi:esiteid" v="258610" />
  </node>
  <node id="-238" visible="true" lat="43.884768950233" lon="-72.243998345611">
    <tag k="addr:city" v="Fairlee" />
    <tag k="addr:housenumber" v="66" />
    <tag k="addr:street" v="Lakeshore Road" />
    <tag k="addr:state" v="VT" />
    <tag k="ref:vcgi:esiteid" v="258611" />
  </node>
  <node id="-239" visible="true" lat="43.884735217321" lon="-72.224019963182">
    <tag k="addr:city" v="Fairlee" />
    <tag k="addr:housenumber" v="480" />
    <tag k="addr:street" v="Bragg Road" />
    <tag k="addr:state" v="VT" />
    <tag k="ref:vcgi:esiteid" v="258612" />
  </node>
  <node id="-240" visible="true" lat="43.884580881997" lon="-72.245967727826">
    <tag k="addr:city" v="Fairlee" />
    <tag k="addr:housenumber" v="376" />
    <tag k="addr:street" v="Robinson Hill Road" />
    <tag k="addr:state" v="VT" />
    <tag k="ref:vcgi:esiteid" v="258613" />
  </node>
  <node id="-241" visible="true" lat="43.884895167332" lon="-72.2613570024">
    <tag k="addr:city" v="Post Mills" />
    <tag k="addr:housenumber" v="7877" />
    <tag k="addr:street" v="Vermont Route 113" />
    <tag k="addr:state" v="VT" />
    <tag k="ref:vcgi:esiteid" v="258614" />
  </node>
  <node id="-242" visible="true" lat="43.884317566462" lon="-72.224888816988">
    <tag k="addr:city" v="Fairlee" />
    <tag k="addr:housenumber" v="510" />
    <tag k="addr:street" v="Bragg Road" />
    <tag k="addr:state" v="VT" />
    <tag k="ref:vcgi:esiteid" v="258615" />
  </node>
  <node id="-243" visible="true" lat="43.884804014783" lon="-72.259881502382">
    <tag k="addr:city" v="Post Mills" />
    <tag k="addr:housenumber" v="7814" />
    <tag k="addr:street" v="Vermont Route 113" />
    <tag k="addr:state" v="VT" />
    <tag k="ref:vcgi:esiteid" v="258616" />
  </node>
  <node id="-244" visible="true" lat="43.884409749992" lon="-72.243962114533">
    <tag k="addr:city" v="Fairlee" />
    <tag k="addr:housenumber" v="68" />
    <tag k="addr:street" v="Lakeshore Road" />
    <tag k="addr:state" v="VT" />
    <tag k="ref:vcgi:esiteid" v="258617" />
  </node>
  <node id="-245" visible="true" lat="43.884189250626" lon="-72.225566110407">
    <tag k="addr:city" v="Fairlee" />
    <tag k="addr:housenumber" v="522" />
    <tag k="addr:street" v="Bragg Road" />
    <tag k="addr:state" v="VT" />
    <tag k="ref:vcgi:esiteid" v="258618" />
  </node>
  <node id="-246" visible="true" lat="43.884285754212" lon="-72.24565784963">
    <tag k="addr:city" v="Fairlee" />
    <tag k="addr:housenumber" v="420" />
    <tag k="addr:street" v="Robinson Hill Road" />
    <tag k="addr:state" v="VT" />
    <tag k="ref:vcgi:esiteid" v="258619" />
  </node>
  <node id="-247" visible="true" lat="43.88413919896" lon="-72.244336174949">
    <tag k="addr:city" v="Fairlee" />
    <tag k="addr:housenumber" v="38" />
    <tag k="addr:street" v="Lakeshore Road" />
    <tag k="addr:state" v="VT" />
    <tag k="ref:vcgi:esiteid" v="258620" />
  </node>
  <node id="-248" visible="true" lat="43.88421668352" lon="-72.261552115875">
    <tag k="addr:city" v="Post Mills" />
    <tag k="addr:housenumber" v="7831" />
    <tag k="addr:street" v="Vermont Route 113" />
    <tag k="addr:state" v="VT" />
    <tag k="ref:vcgi:esiteid" v="258621" />
  </node>
  <node id="-249" visible="true" lat="43.88416476013" lon="-72.249090616459">
    <tag k="addr:city" v="Fairlee" />
    <tag k="addr:housenumber" v="206" />
    <tag k="addr:street" v="Robinson Hill Road" />
    <tag k="addr:state" v="VT" />
    <tag k="ref:vcgi:esiteid" v="258622" />
  </node>
  <node id="-250" visible="true" lat="43.884105264805" lon="-72.226194109638">
    <tag k="addr:city" v="Fairlee" />
    <tag k="addr:housenumber" v="604" />
    <tag k="addr:street" v="Bragg Road" />
    <tag k="addr:state" v="VT" />
    <tag k="ref:vcgi:esiteid" v="258623" />
  </node>
  <node id="-251" visible="true" lat="43.88369260181" lon="-72.247301340569">
    <tag k="addr:city" v="Fairlee" />
    <tag k="addr:housenumber" v="210" />
    <tag k="addr:street" v="Robinson Hill Road" />
    <tag k="addr:state" v="VT" />
    <tag k="ref:vcgi:esiteid" v="258624" />
  </node>
  <node id="-252" visible="true" lat="43.883810243096" lon="-72.261226744739">
    <tag k="addr:city" v="Post Mills" />
    <tag k="addr:housenumber" v="7806" />
    <tag k="addr:street" v="Vermont Route 113" />
    <tag k="addr:state" v="VT" />
    <tag k="ref:vcgi:esiteid" v="258625" />
  </node>
  <node id="-253" visible="true" lat="43.883595799941" lon="-72.250817423623">
    <tag k="addr:city" v="Fairlee" />
    <tag k="addr:housenumber" v="214" />
    <tag k="addr:street" v="Hangar Bay Lane" />
    <tag k="addr:state" v="VT" />
    <tag k="ref:vcgi:esiteid" v="258626" />
  </node>
  <node id="-254" visible="true" lat="43.883058828245" lon="-72.245961048488">
    <tag k="addr:city" v="Fairlee" />
    <tag k="addr:housenumber" v="496" />
    <tag k="addr:street" v="Robinson Hill Road" />
    <tag k="addr:state" v="VT" />
    <tag k="ref:vcgi:esiteid" v="258627" />
  </node>
  <node id="-255" visible="true" lat="43.883553267948" lon="-72.244072117925">
    <tag k="addr:city" v="Fairlee" />
    <tag k="addr:housenumber" v="505" />
    <tag k="addr:street" v="Robinson Hill Road" />
    <tag k="addr:state" v="VT" />
    <tag k="ref:vcgi:esiteid" v="258628" />
  </node>
  <node id="-256" visible="true" lat="43.883673980403" lon="-72.261830990752">
    <tag k="addr:city" v="Post Mills" />
    <tag k="addr:housenumber" v="7809" />
    <tag k="addr:street" v="Vermont Route 113" />
    <tag k="addr:state" v="VT" />
    <tag k="ref:vcgi:esiteid" v="258629" />
  </node>
  <node id="-257" visible="true" lat="43.883606056331" lon="-72.261226402981">
    <tag k="addr:city" v="Post Mills" />
    <tag k="addr:housenumber" v="7788" />
    <tag k="addr:street" v="Vermont Route 113" />
    <tag k="addr:state" v="VT" />
    <tag k="ref:vcgi:esiteid" v="258631" />
  </node>
  <node id="-258" visible="true" lat="43.883248105525" lon="-72.261599790494">
    <tag k="addr:city" v="Post Mills" />
    <tag k="addr:housenumber" v="7780" />
    <tag k="addr:street" v="Vermont Route 113" />
    <tag k="addr:state" v="VT" />
    <tag k="ref:vcgi:esiteid" v="258632" />
  </node>
  <node id="-259" visible="true" lat="43.883310884571" lon="-72.244331257911">
    <tag k="addr:city" v="Fairlee" />
    <tag k="addr:housenumber" v="520" />
    <tag k="addr:street" v="Robinson Hill Road" />
    <tag k="addr:state" v="VT" />
    <tag k="ref:vcgi:esiteid" v="258633" />
  </node>
  <node id="-260" visible="true" lat="43.883496677907" lon="-72.246071334321">
    <tag k="addr:city" v="Fairlee" />
    <tag k="addr:housenumber" v="402" />
    <tag k="addr:street" v="Robinson Hill Road" />
    <tag k="addr:state" v="VT" />
    <tag k="ref:vcgi:esiteid" v="258634" />
  </node>
  <node id="-261" visible="true" lat="43.883335112334" lon="-72.262103297843">
    <tag k="addr:city" v="Post Mills" />
    <tag k="addr:housenumber" v="7755" />
    <tag k="addr:street" v="Vermont Route 113" />
    <tag k="addr:state" v="VT" />
    <tag k="ref:vcgi:esiteid" v="258635" />
  </node>
  <node id="-262" visible="true" lat="43.883433026439" lon="-72.251946787636">
    <tag k="addr:city" v="Fairlee" />
    <tag k="addr:housenumber" v="270" />
    <tag k="addr:street" v="Hangar Bay Lane" />
    <tag k="addr:state" v="VT" />
    <tag k="ref:vcgi:esiteid" v="258636" />
  </node>
  <node id="-263" visible="true" lat="43.883294548381" lon="-72.248044312457">
    <tag k="addr:city" v="Fairlee" />
    <tag k="addr:housenumber" v="171" />
    <tag k="addr:street" v="Hangar Bay Lane" />
    <tag k="addr:state" v="VT" />
    <tag k="ref:vcgi:esiteid" v="258637" />
  </node>
  <node id="-264" visible="true" lat="43.882620653066" lon="-72.239855516494">
    <tag k="addr:city" v="Fairlee" />
    <tag k="addr:housenumber" v="269" />
    <tag k="addr:street" v="Birch Point Lane" />
    <tag k="addr:state" v="VT" />
    <tag k="ref:vcgi:esiteid" v="258638" />
  </node>
  <node id="-265" visible="true" lat="43.882643046801" lon="-72.240135511693">
    <tag k="addr:city" v="Fairlee" />
    <tag k="addr:housenumber" v="257" />
    <tag k="addr:street" v="Birch Point Lane" />
    <tag k="addr:state" v="VT" />
    <tag k="ref:vcgi:esiteid" v="258639" />
  </node>
  <node id="-266" visible="true" lat="43.882632978117" lon="-72.262621695889">
    <tag k="addr:city" v="Post Mills" />
    <tag k="addr:housenumber" v="7705" />
    <tag k="addr:street" v="Vermont Route 113" />
    <tag k="addr:state" v="VT" />
    <tag k="ref:vcgi:esiteid" v="258640" />
  </node>
  <node id="-267" visible="true" lat="43.882260656263" lon="-72.25272477322">
    <tag k="addr:city" v="Fairlee" />
    <tag k="addr:housenumber" v="320" />
    <tag k="addr:street" v="Hangar Bay Lane" />
    <tag k="addr:state" v="VT" />
    <tag k="ref:vcgi:esiteid" v="258641" />
  </node>
  <node id="-268" visible="true" lat="43.88221025506" lon="-72.262875890932">
    <tag k="addr:city" v="Post Mills" />
    <tag k="addr:housenumber" v="14" />
    <tag k="addr:street" v="Barker Road" />
    <tag k="addr:state" v="VT" />
    <tag k="ref:vcgi:esiteid" v="258642" />
  </node>
  <node id="-269" visible="true" lat="43.882143173651" lon="-72.240143790596">
    <tag k="addr:city" v="Fairlee" />
    <tag k="addr:housenumber" v="231" />
    <tag k="addr:street" v="Birch Point Lane" />
    <tag k="addr:state" v="VT" />
    <tag k="ref:vcgi:esiteid" v="258643" />
  </node>
  <node id="-270" visible="true" lat="43.881959244588" lon="-72.240307624428">
    <tag k="addr:city" v="Fairlee" />
    <tag k="addr:housenumber" v="211" />
    <tag k="addr:street" v="Birch Point Lane" />
    <tag k="addr:state" v="VT" />
    <tag k="ref:vcgi:esiteid" v="258644" />
  </node>
  <node id="-271" visible="true" lat="43.881911492803" lon="-72.263034371151">
    <tag k="addr:city" v="Post Mills" />
    <tag k="addr:housenumber" v="44" />
    <tag k="addr:street" v="Barker Road" />
    <tag k="addr:state" v="VT" />
    <tag k="ref:vcgi:esiteid" v="258645" />
  </node>
  <node id="-272" visible="true" lat="43.881594836752" lon="-72.261440745208">
    <tag k="addr:city" v="Post Mills" />
    <tag k="addr:housenumber" v="7606" />
    <tag k="addr:street" v="Vermont Route 113" />
    <tag k="addr:state" v="VT" />
    <tag k="ref:vcgi:esiteid" v="258646" />
  </node>
  <node id="-273" visible="true" lat="43.881328374265" lon="-72.262119595227">
    <tag k="addr:city" v="Post Mills" />
    <tag k="addr:housenumber" v="7631" />
    <tag k="addr:street" v="Vermont Route 113" />
    <tag k="addr:state" v="VT" />
    <tag k="ref:vcgi:esiteid" v="258647" />
  </node>
  <node id="-274" visible="true" lat="43.881619427894" lon="-72.263222569662">
    <tag k="addr:city" v="Post Mills" />
    <tag k="addr:housenumber" v="66" />
    <tag k="addr:street" v="Barker Road" />
    <tag k="addr:state" v="VT" />
    <tag k="ref:vcgi:esiteid" v="258648" />
  </node>
  <node id="-275" visible="true" lat="43.881420006855" lon="-72.24309049562">
    <tag k="addr:city" v="Fairlee" />
    <tag k="addr:housenumber" v="668" />
    <tag k="addr:street" v="Robinson Hill Road" />
    <tag k="addr:state" v="VT" />
    <tag k="ref:vcgi:esiteid" v="258649" />
  </node>
  <node id="-276" visible="true" lat="43.881970641806" lon="-72.241415015127">
    <tag k="addr:city" v="Fairlee" />
    <tag k="addr:housenumber" v="699" />
    <tag k="addr:street" v="Robinson Hill Road" />
    <tag k="addr:state" v="VT" />
    <tag k="ref:vcgi:esiteid" v="258650" />
  </node>
  <node id="-277" visible="true" lat="43.880944053414" lon="-72.260754393974">
    <tag k="addr:city" v="Post Mills" />
    <tag k="addr:housenumber" v="7558" />
    <tag k="addr:street" v="Vermont Route 113" />
    <tag k="addr:state" v="VT" />
    <tag k="ref:vcgi:esiteid" v="258651" />
  </node>
  <node id="-278" visible="true" lat="43.881987808439" lon="-72.23730188512">
    <tag k="addr:city" v="Fairlee" />
    <tag k="addr:housenumber" v="118" />
    <tag k="addr:street" v="Birch Point Lane" />
    <tag k="addr:state" v="VT" />
    <tag k="ref:vcgi:esiteid" v="258652" />
  </node>
  <node id="-279" visible="true" lat="43.88054607814" lon="-72.260590965004">
    <tag k="addr:city" v="Post Mills" />
    <tag k="addr:housenumber" v="7534" />
    <tag k="addr:street" v="Vermont Route 113" />
    <tag k="addr:state" v="VT" />
    <tag k="ref:vcgi:esiteid" v="258653" />
  </node>
  <node id="-280" visible="true" lat="43.879845557858" lon="-72.236304406986">
    <tag k="addr:city" v="Fairlee" />
    <tag k="addr:housenumber" v="1061" />
    <tag k="addr:street" v="Robinson Hill Road" />
    <tag k="addr:state" v="VT" />
    <tag k="ref:vcgi:esiteid" v="258654" />
  </node>
  <node id="-281" visible="true" lat="43.880177828757" lon="-72.264465326275">
    <tag k="addr:city" v="Post Mills" />
    <tag k="addr:housenumber" v="184" />
    <tag k="addr:street" v="Barker Road" />
    <tag k="addr:state" v="VT" />
    <tag k="ref:vcgi:esiteid" v="258655" />
  </node>
  <node id="-282" visible="true" lat="43.879839896172" lon="-72.243152846718">
    <tag k="addr:city" v="Fairlee" />
    <tag k="addr:housenumber" v="768" />
    <tag k="addr:street" v="Robinson Hill Road" />
    <tag k="addr:state" v="VT" />
    <tag k="ref:vcgi:esiteid" v="258656" />
  </node>
  <node id="-283" visible="true" lat="43.879886651583" lon="-72.264692444929">
    <tag k="addr:city" v="Post Mills" />
    <tag k="addr:housenumber" v="204" />
    <tag k="addr:street" v="Barker Road" />
    <tag k="addr:state" v="VT" />
    <tag k="ref:vcgi:esiteid" v="258657" />
  </node>
  <node id="-284" visible="true" lat="43.879583989332" lon="-72.217202370503">
    <tag k="addr:city" v="Fairlee" />
    <tag k="addr:housenumber" v="892" />
    <tag k="addr:street" v="Quinibeck Road" />
    <tag k="addr:state" v="VT" />
    <tag k="ref:vcgi:esiteid" v="258658" />
  </node>
  <node id="-285" visible="true" lat="43.879479456393" lon="-72.265267931669">
    <tag k="addr:city" v="Post Mills" />
    <tag k="addr:housenumber" v="248" />
    <tag k="addr:street" v="Barker Road" />
    <tag k="addr:state" v="VT" />
    <tag k="ref:vcgi:esiteid" v="258659" />
  </node>
  <node id="-286" visible="true" lat="43.879314785165" lon="-72.261616643699">
    <tag k="addr:city" v="Post Mills" />
    <tag k="addr:housenumber" v="7459" />
    <tag k="addr:street" v="Vermont Route 113" />
    <tag k="addr:state" v="VT" />
    <tag k="ref:vcgi:esiteid" v="258660" />
  </node>
  <node id="-287" visible="true" lat="43.877566803652" lon="-72.259718394772">
    <tag k="addr:city" v="Post Mills" />
    <tag k="addr:housenumber" v="7412" />
    <tag k="addr:street" v="Vermont Route 113" />
    <tag k="addr:state" v="VT" />
    <tag k="ref:vcgi:esiteid" v="258661" />
  </node>
  <node id="-288" visible="true" lat="43.878517396212" lon="-72.261716592818">
    <tag k="addr:city" v="Post Mills" />
    <tag k="addr:housenumber" v="7395" />
    <tag k="addr:street" v="Vermont Route 113" />
    <tag k="addr:state" v="VT" />
    <tag k="ref:vcgi:esiteid" v="258662" />
  </node>
  <node id="-289" visible="true" lat="43.878187475433" lon="-72.260852896054">
    <tag k="addr:city" v="Post Mills" />
    <tag k="addr:housenumber" v="7386" />
    <tag k="addr:street" v="Vermont Route 113" />
    <tag k="addr:state" v="VT" />
    <tag k="ref:vcgi:esiteid" v="258663" />
  </node>
  <node id="-290" visible="true" lat="43.877954966788" lon="-72.261136993698">
    <tag k="addr:city" v="Post Mills" />
    <tag k="addr:housenumber" v="7366" />
    <tag k="addr:street" v="Vermont Route 113" />
    <tag k="addr:state" v="VT" />
    <tag k="ref:vcgi:esiteid" v="258664" />
  </node>
  <node id="-291" visible="true" lat="43.878329648485" lon="-72.261699828868">
    <tag k="addr:city" v="Post Mills" />
    <tag k="addr:housenumber" v="7353" />
    <tag k="addr:street" v="Vermont Route 113" />
    <tag k="addr:state" v="VT" />
    <tag k="ref:vcgi:esiteid" v="258665" />
  </node>
  <node id="-292" visible="true" lat="43.87784293914" lon="-72.241875452066">
    <tag k="addr:city" v="Fairlee" />
    <tag k="addr:housenumber" v="924" />
    <tag k="addr:street" v="Robinson Hill Road" />
    <tag k="addr:state" v="VT" />
    <tag k="ref:vcgi:esiteid" v="258666" />
  </node>
  <node id="-293" visible="true" lat="43.878147046692" lon="-72.261668151637">
    <tag k="addr:city" v="Post Mills" />
    <tag k="addr:housenumber" v="7347" />
    <tag k="addr:street" v="Vermont Route 113" />
    <tag k="addr:state" v="VT" />
    <tag k="ref:vcgi:esiteid" v="258667" />
  </node>
  <node id="-294" visible="true" lat="43.877347083711" lon="-72.264715918092">
    <tag k="addr:city" v="Post Mills" />
    <tag k="addr:housenumber" v="393" />
    <tag k="addr:street" v="Barker Road" />
    <tag k="addr:state" v="VT" />
    <tag k="ref:vcgi:esiteid" v="258669" />
  </node>
  <node id="-295" visible="true" lat="43.876875246879" lon="-72.239196345474">
    <tag k="addr:city" v="Fairlee" />
    <tag k="addr:housenumber" v="1118" />
    <tag k="addr:street" v="Robinson Hill Road" />
    <tag k="addr:state" v="VT" />
    <tag k="ref:vcgi:esiteid" v="258670" />
  </node>
  <node id="-296" visible="true" lat="43.876529725155" lon="-72.266074387465">
    <tag k="addr:city" v="Post Mills" />
    <tag k="addr:housenumber" v="486" />
    <tag k="addr:street" v="Barker Road" />
    <tag k="addr:state" v="VT" />
    <tag k="ref:vcgi:esiteid" v="258671" />
  </node>
  <node id="-297" visible="true" lat="43.875974153241" lon="-72.28951286013">
    <tag k="addr:city" v="Thetford Center" />
    <tag k="addr:housenumber" v="2767" />
    <tag k="addr:street" v="Sawnee Bean Road" />
    <tag k="addr:state" v="VT" />
    <tag k="ref:vcgi:esiteid" v="258672" />
  </node>
  <node id="-298" visible="true" lat="43.875760410618" lon="-72.265168319769">
    <tag k="addr:city" v="Post Mills" />
    <tag k="addr:housenumber" v="501" />
    <tag k="addr:street" v="Barker Road" />
    <tag k="addr:state" v="VT" />
    <tag k="ref:vcgi:esiteid" v="258673" />
  </node>
  <node id="-299" visible="true" lat="43.875571839218" lon="-72.286045298282">
    <tag k="addr:city" v="Thetford Center" />
    <tag k="addr:housenumber" v="2606" />
    <tag k="addr:street" v="Sawnee Bean Road" />
    <tag k="addr:state" v="VT" />
    <tag k="ref:vcgi:esiteid" v="258674" />
  </node>
  <node id="-300" visible="true" lat="43.875693965046" lon="-72.286615715612">
    <tag k="addr:city" v="Thetford Center" />
    <tag k="addr:housenumber" v="2604" />
    <tag k="addr:street" v="Sawnee Bean Road" />
    <tag k="addr:state" v="VT" />
    <tag k="ref:vcgi:esiteid" v="258675" />
  </node>
  <node id="-301" visible="true" lat="43.875009719486" lon="-72.237332200491">
    <tag k="addr:city" v="Fairlee" />
    <tag k="addr:housenumber" v="1240" />
    <tag k="addr:street" v="Robinson Hill Road" />
    <tag k="addr:state" v="VT" />
    <tag k="ref:vcgi:esiteid" v="258676" />
  </node>
  <node id="-302" visible="true" lat="43.875081368135" lon="-72.264590431761">
    <tag k="addr:city" v="Post Mills" />
    <tag k="addr:housenumber" v="535" />
    <tag k="addr:street" v="Barker Road" />
    <tag k="addr:state" v="VT" />
    <tag k="ref:vcgi:esiteid" v="258677" />
  </node>
  <node id="-303" visible="true" lat="43.874808779967" lon="-72.266753381471">
    <tag k="addr:city" v="Post Mills" />
    <tag k="addr:housenumber" v="590" />
    <tag k="addr:street" v="Barker Road" />
    <tag k="addr:state" v="VT" />
    <tag k="ref:vcgi:esiteid" v="258678" />
  </node>
  <node id="-304" visible="true" lat="43.874893731846" lon="-72.230376505243">
    <tag k="addr:city" v="Fairlee" />
    <tag k="addr:housenumber" v="97" />
    <tag k="addr:street" v="Quinibeck Road" />
    <tag k="addr:state" v="VT" />
    <tag k="ref:vcgi:esiteid" v="258679" />
  </node>
  <node id="-305" visible="true" lat="43.874890951427" lon="-72.265514996788">
    <tag k="addr:city" v="Post Mills" />
    <tag k="addr:housenumber" v="569" />
    <tag k="addr:street" v="Barker Road" />
    <tag k="addr:state" v="VT" />
    <tag k="ref:vcgi:esiteid" v="258680" />
  </node>
  <node id="-306" visible="true" lat="43.874367149316" lon="-72.234704841157">
    <tag k="addr:city" v="Fairlee" />
    <tag k="addr:housenumber" v="1392" />
    <tag k="addr:street" v="Robinson Hill Road" />
    <tag k="addr:state" v="VT" />
    <tag k="ref:vcgi:esiteid" v="258681" />
  </node>
  <node id="-307" visible="true" lat="43.873923607528" lon="-72.178456007676">
    <tag k="addr:city" v="Fairlee" />
    <tag k="addr:housenumber" v="7627" />
    <tag k="addr:street" v="United States Route 5" />
    <tag k="addr:state" v="VT" />
    <tag k="ref:vcgi:esiteid" v="258682" />
  </node>
  <node id="-308" visible="true" lat="43.874152018552" lon="-72.290169111465">
    <tag k="addr:city" v="Thetford Center" />
    <tag k="addr:housenumber" v="2689" />
    <tag k="addr:street" v="Sawnee Bean Road" />
    <tag k="addr:state" v="VT" />
    <tag k="ref:vcgi:esiteid" v="258683" />
  </node>
  <node id="-309" visible="true" lat="43.874193472412" lon="-72.264109844212">
    <tag k="addr:city" v="Post Mills" />
    <tag k="addr:housenumber" v="537" />
    <tag k="addr:street" v="Barker Road" />
    <tag k="addr:state" v="VT" />
    <tag k="ref:vcgi:esiteid" v="258684" />
  </node>
  <node id="-310" visible="true" lat="43.873688120871" lon="-72.266453414972">
    <tag k="addr:city" v="Post Mills" />
    <tag k="addr:housenumber" v="696" />
    <tag k="addr:street" v="Barker Road" />
    <tag k="addr:state" v="VT" />
    <tag k="ref:vcgi:esiteid" v="258685" />
  </node>
  <node id="-311" visible="true" lat="43.873799012832" lon="-72.267279081183">
    <tag k="addr:city" v="Post Mills" />
    <tag k="addr:housenumber" v="698" />
    <tag k="addr:street" v="Barker Road" />
    <tag k="addr:state" v="VT" />
    <tag k="ref:vcgi:esiteid" v="258686" />
  </node>
  <node id="-312" visible="true" lat="43.873636524926" lon="-72.288431007898">
    <tag k="addr:city" v="Thetford Center" />
    <tag k="addr:housenumber" v="84" />
    <tag k="addr:street" v="Colby Road North" />
    <tag k="addr:state" v="VT" />
    <tag k="ref:vcgi:esiteid" v="258687" />
  </node>
  <node id="-313" visible="true" lat="43.87344543023" lon="-72.265743032366">
    <tag k="addr:city" v="Post Mills" />
    <tag k="addr:housenumber" v="621" />
    <tag k="addr:street" v="Barker Road" />
    <tag k="addr:state" v="VT" />
    <tag k="ref:vcgi:esiteid" v="258688" />
  </node>
  <node id="-314" visible="true" lat="43.873186730927" lon="-72.177693010148">
    <tag k="addr:city" v="Fairlee" />
    <tag k="addr:housenumber" v="72" />
    <tag k="addr:street" v="Ely Road" />
    <tag k="addr:state" v="VT" />
    <tag k="ref:vcgi:esiteid" v="258689" />
  </node>
  <node id="-315" visible="true" lat="43.873210131504" lon="-72.229803973773">
    <tag k="addr:city" v="Fairlee" />
    <tag k="addr:housenumber" v="26" />
    <tag k="addr:street" v="Quinibeck Road" />
    <tag k="addr:state" v="VT" />
    <tag k="ref:vcgi:esiteid" v="258690" />
  </node>
  <node id="-316" visible="true" lat="43.872875610695" lon="-72.177732657933">
    <tag k="addr:city" v="Fairlee" />
    <tag k="addr:housenumber" v="102" />
    <tag k="addr:street" v="Ely Road" />
    <tag k="addr:state" v="VT" />
    <tag k="ref:vcgi:esiteid" v="258691" />
  </node>
  <node id="-317" visible="true" lat="43.872925910597" lon="-72.267800587018">
    <tag k="addr:city" v="Post Mills" />
    <tag k="addr:housenumber" v="700" />
    <tag k="addr:street" v="Barker Road" />
    <tag k="addr:state" v="VT" />
    <tag k="ref:vcgi:esiteid" v="258692" />
  </node>
  <node id="-318" visible="true" lat="43.87322965662" lon="-72.283614754562">
    <tag k="addr:city" v="Thetford Center" />
    <tag k="addr:housenumber" v="2382" />
    <tag k="addr:street" v="Sawnee Bean Road" />
    <tag k="addr:state" v="VT" />
    <tag k="ref:vcgi:esiteid" v="258693" />
  </node>
  <node id="-319" visible="true" lat="43.872782152514" lon="-72.287818165986">
    <tag k="addr:city" v="Thetford Center" />
    <tag k="addr:housenumber" v="148" />
    <tag k="addr:street" v="Colby Road North" />
    <tag k="addr:state" v="VT" />
    <tag k="ref:vcgi:esiteid" v="258694" />
  </node>
  <node id="-320" visible="true" lat="43.872029636984" lon="-72.221879119407">
    <tag k="addr:city" v="Fairlee" />
    <tag k="addr:housenumber" v="410" />
    <tag k="addr:street" v="Potato Hill Road North" />
    <tag k="addr:state" v="VT" />
    <tag k="ref:vcgi:esiteid" v="258695" />
  </node>
  <node id="-321" visible="true" lat="43.871871007762" lon="-72.177776237036">
    <tag k="addr:city" v="Fairlee" />
    <tag k="addr:housenumber" v="157" />
    <tag k="addr:street" v="Ely Road" />
    <tag k="addr:state" v="VT" />
    <tag k="ref:vcgi:esiteid" v="258696" />
  </node>
  <node id="-322" visible="true" lat="43.871981965487" lon="-72.266066723172">
    <tag k="addr:city" v="Post Mills" />
    <tag k="addr:housenumber" v="767" />
    <tag k="addr:street" v="Barker Road" />
    <tag k="addr:state" v="VT" />
    <tag k="ref:vcgi:esiteid" v="258697" />
  </node>
  <node id="-323" visible="true" lat="43.872089156548" lon="-72.28738683789">
    <tag k="addr:city" v="Thetford Center" />
    <tag k="addr:housenumber" v="196" />
    <tag k="addr:street" v="Colby Road North" />
    <tag k="addr:state" v="VT" />
    <tag k="ref:vcgi:esiteid" v="258698" />
  </node>
  <node id="-324" visible="true" lat="43.872035631948" lon="-72.266745508561">
    <tag k="addr:city" v="Post Mills" />
    <tag k="addr:housenumber" v="744" />
    <tag k="addr:street" v="Barker Road" />
    <tag k="addr:state" v="VT" />
    <tag k="ref:vcgi:esiteid" v="258699" />
  </node>
  <node id="-325" visible="true" lat="43.871891139383" lon="-72.264691871981">
    <tag k="addr:city" v="Post Mills" />
    <tag k="addr:housenumber" v="739" />
    <tag k="addr:street" v="Barker Road" />
    <tag k="addr:state" v="VT" />
    <tag k="ref:vcgi:esiteid" v="258700" />
  </node>
  <node id="-326" visible="true" lat="43.87172886633" lon="-72.23430190797">
    <tag k="addr:city" v="Fairlee" />
    <tag k="addr:housenumber" v="2135" />
    <tag k="addr:street" v="Five Corners Road" />
    <tag k="addr:state" v="VT" />
    <tag k="ref:vcgi:esiteid" v="258701" />
  </node>
  <node id="-327" visible="true" lat="43.871835771915" lon="-72.231001408483">
    <tag k="addr:city" v="Fairlee" />
    <tag k="addr:housenumber" v="102" />
    <tag k="addr:street" v="Turnpike Road North" />
    <tag k="addr:state" v="VT" />
    <tag k="ref:vcgi:esiteid" v="258702" />
  </node>
  <node id="-328" visible="true" lat="43.871340844829" lon="-72.266180125291">
    <tag k="addr:city" v="Post Mills" />
    <tag k="addr:housenumber" v="815" />
    <tag k="addr:street" v="Barker Road" />
    <tag k="addr:state" v="VT" />
    <tag k="ref:vcgi:esiteid" v="258703" />
  </node>
  <node id="-329" visible="true" lat="43.871376685235" lon="-72.279405356795">
    <tag k="addr:city" v="Thetford Center" />
    <tag k="addr:housenumber" v="2032" />
    <tag k="addr:street" v="Sawnee Bean Road" />
    <tag k="addr:state" v="VT" />
    <tag k="ref:vcgi:esiteid" v="258704" />
  </node>
  <node id="-330" visible="true" lat="43.871277921301" lon="-72.266713157368">
    <tag k="addr:city" v="Post Mills" />
    <tag k="addr:housenumber" v="828" />
    <tag k="addr:street" v="Barker Road" />
    <tag k="addr:state" v="VT" />
    <tag k="ref:vcgi:esiteid" v="258705" />
  </node>
  <node id="-331" visible="true" lat="43.871131465077" lon="-72.282272588334">
    <tag k="addr:city" v="Thetford Center" />
    <tag k="addr:housenumber" v="2209" />
    <tag k="addr:street" v="Sawnee Bean Road" />
    <tag k="addr:state" v="VT" />
    <tag k="ref:vcgi:esiteid" v="258706" />
  </node>
  <node id="-332" visible="true" lat="43.870640791597" lon="-72.181206642536">
    <tag k="addr:city" v="Fairlee" />
    <tag k="addr:housenumber" v="7483" />
    <tag k="addr:street" v="United States Route 5" />
    <tag k="addr:state" v="VT" />
    <tag k="ref:vcgi:esiteid" v="258707" />
  </node>
  <node id="-333" visible="true" lat="43.870804699553" lon="-72.265897279734">
    <tag k="addr:city" v="Post Mills" />
    <tag k="addr:housenumber" v="863" />
    <tag k="addr:street" v="Barker Road" />
    <tag k="addr:state" v="VT" />
    <tag k="ref:vcgi:esiteid" v="258708" />
  </node>
  <node id="-334" visible="true" lat="43.870430801969" lon="-72.179439684347">
    <tag k="addr:city" v="Fairlee" />
    <tag k="addr:housenumber" v="290" />
    <tag k="addr:street" v="Ely Road" />
    <tag k="addr:state" v="VT" />
    <tag k="ref:vcgi:esiteid" v="258709" />
  </node>
  <node id="-335" visible="true" lat="43.870469907597" lon="-72.231657472516">
    <tag k="addr:city" v="Fairlee" />
    <tag k="addr:housenumber" v="184" />
    <tag k="addr:street" v="Turnpike Road North" />
    <tag k="addr:state" v="VT" />
    <tag k="ref:vcgi:esiteid" v="258710" />
  </node>
  <node id="-336" visible="true" lat="43.870400767944" lon="-72.266777983787">
    <tag k="addr:city" v="Post Mills" />
    <tag k="addr:housenumber" v="886" />
    <tag k="addr:street" v="Barker Road" />
    <tag k="addr:state" v="VT" />
    <tag k="ref:vcgi:esiteid" v="258711" />
  </node>
  <node id="-337" visible="true" lat="43.870099054128" lon="-72.264979154294">
    <tag k="addr:city" v="Post Mills" />
    <tag k="addr:housenumber" v="921" />
    <tag k="addr:street" v="Barker Road" />
    <tag k="addr:state" v="VT" />
    <tag k="ref:vcgi:esiteid" v="258712" />
  </node>
  <node id="-338" visible="true" lat="43.87006742283" lon="-72.26119794941">
    <tag k="addr:city" v="Thetford Center" />
    <tag k="addr:housenumber" v="6783" />
    <tag k="addr:street" v="Vermont Route 113" />
    <tag k="addr:state" v="VT" />
    <tag k="ref:vcgi:esiteid" v="258713" />
  </node>
  <node id="-339" visible="true" lat="43.869664618699" lon="-72.18301614012">
    <tag k="addr:city" v="Fairlee" />
    <tag k="addr:housenumber" v="7391" />
    <tag k="addr:street" v="United States Route 5" />
    <tag k="addr:state" v="VT" />
    <tag k="ref:vcgi:esiteid" v="258714" />
  </node>
  <node id="-340" visible="true" lat="43.869751538673" lon="-72.286251904084">
    <tag k="addr:city" v="Thetford Center" />
    <tag k="addr:housenumber" v="360" />
    <tag k="addr:street" v="Colby Road North" />
    <tag k="addr:state" v="VT" />
    <tag k="ref:vcgi:esiteid" v="258715" />
  </node>
  <node id="-341" visible="true" lat="43.869520638235" lon="-72.180095702042">
    <tag k="addr:city" v="Fairlee" />
    <tag k="addr:housenumber" v="354" />
    <tag k="addr:street" v="Ely Road" />
    <tag k="addr:state" v="VT" />
    <tag k="ref:vcgi:esiteid" v="258716" />
  </node>
  <node id="-342" visible="true" lat="43.869812644713" lon="-72.276330645014">
    <tag k="addr:city" v="Thetford Center" />
    <tag k="addr:housenumber" v="1854" />
    <tag k="addr:street" v="Sawnee Bean Road" />
    <tag k="addr:state" v="VT" />
    <tag k="ref:vcgi:esiteid" v="258717" />
  </node>
  <node id="-343" visible="true" lat="43.869385851963" lon="-72.237177031678">
    <tag k="addr:city" v="Fairlee" />
    <tag k="addr:housenumber" v="1891" />
    <tag k="addr:street" v="Five Corners Road" />
    <tag k="addr:state" v="VT" />
    <tag k="ref:vcgi:esiteid" v="258718" />
  </node>
  <node id="-344" visible="true" lat="43.869063410649" lon="-72.223012775939">
    <tag k="addr:city" v="Fairlee" />
    <tag k="addr:housenumber" v="386" />
    <tag k="addr:street" v="Ware Road" />
    <tag k="addr:state" v="VT" />
    <tag k="ref:vcgi:esiteid" v="258719" />
  </node>
  <node id="-345" visible="true" lat="43.869034165876" lon="-72.278304059836">
    <tag k="addr:city" v="Thetford Center" />
    <tag k="addr:housenumber" v="1994" />
    <tag k="addr:street" v="Sawnee Bean Road" />
    <tag k="addr:state" v="VT" />
    <tag k="ref:vcgi:esiteid" v="258720" />
  </node>
  <node id="-346" visible="true" lat="43.868579533713" lon="-72.267247787619">
    <tag k="addr:city" v="Post Mills" />
    <tag k="addr:housenumber" v="1006" />
    <tag k="addr:street" v="Barker Road" />
    <tag k="addr:state" v="VT" />
    <tag k="ref:vcgi:esiteid" v="258722" />
  </node>
  <node id="-347" visible="true" lat="43.868623541931" lon="-72.232035853817">
    <tag k="addr:city" v="Fairlee" />
    <tag k="addr:housenumber" v="329" />
    <tag k="addr:street" v="Turnpike Road North" />
    <tag k="addr:state" v="VT" />
    <tag k="ref:vcgi:esiteid" v="258723" />
  </node>
  <node id="-348" visible="true" lat="43.86838410177" lon="-72.285543410541">
    <tag k="addr:city" v="Thetford Center" />
    <tag k="addr:housenumber" v="460" />
    <tag k="addr:street" v="Colby Road North" />
    <tag k="addr:state" v="VT" />
    <tag k="ref:vcgi:esiteid" v="258724" />
  </node>
  <node id="-349" visible="true" lat="43.868418868011" lon="-72.181521871285">
    <tag k="addr:city" v="Fairlee" />
    <tag k="addr:housenumber" v="468" />
    <tag k="addr:street" v="Ely Road" />
    <tag k="addr:state" v="VT" />
    <tag k="ref:vcgi:esiteid" v="258725" />
  </node>
  <node id="-350" visible="true" lat="43.868100597308" lon="-72.181193887804">
    <tag k="addr:city" v="Fairlee" />
    <tag k="addr:housenumber" v="466" />
    <tag k="addr:street" v="Ely Road" />
    <tag k="addr:state" v="VT" />
    <tag k="ref:vcgi:esiteid" v="258726" />
  </node>
  <node id="-351" visible="true" lat="43.868658964376" lon="-72.264782989112">
    <tag k="addr:city" v="Post Mills" />
    <tag k="addr:housenumber" v="1017" />
    <tag k="addr:street" v="Barker Road" />
    <tag k="addr:state" v="VT" />
    <tag k="ref:vcgi:esiteid" v="258727" />
  </node>
  <node id="-352" visible="true" lat="43.868121920461" lon="-72.238118588954">
    <tag k="addr:city" v="Fairlee" />
    <tag k="addr:housenumber" v="1811" />
    <tag k="addr:street" v="Five Corners Road" />
    <tag k="addr:state" v="VT" />
    <tag k="ref:vcgi:esiteid" v="258728" />
  </node>
  <node id="-353" visible="true" lat="43.86822615723" lon="-72.285147888888">
    <tag k="addr:city" v="Thetford Center" />
    <tag k="addr:housenumber" v="478" />
    <tag k="addr:street" v="Colby Road North" />
    <tag k="addr:state" v="VT" />
    <tag k="ref:vcgi:esiteid" v="258729" />
  </node>
  <node id="-354" visible="true" lat="43.867983899222" lon="-72.265640765376">
    <tag k="addr:city" v="Post Mills" />
    <tag k="addr:housenumber" v="1049" />
    <tag k="addr:street" v="Barker Road" />
    <tag k="addr:state" v="VT" />
    <tag k="ref:vcgi:esiteid" v="258730" />
  </node>
  <node id="-355" visible="true" lat="43.868105628253" lon="-72.231930011406">
    <tag k="addr:city" v="Fairlee" />
    <tag k="addr:housenumber" v="367" />
    <tag k="addr:street" v="Turnpike Road North" />
    <tag k="addr:state" v="VT" />
    <tag k="ref:vcgi:esiteid" v="258731" />
  </node>
  <node id="-356" visible="true" lat="43.867850066384" lon="-72.284837695306">
    <tag k="addr:city" v="Thetford Center" />
    <tag k="addr:housenumber" v="480" />
    <tag k="addr:street" v="Colby Road North" />
    <tag k="addr:state" v="VT" />
    <tag k="ref:vcgi:esiteid" v="258732" />
  </node>
  <node id="-357" visible="true" lat="43.867212357646" lon="-72.181118962356">
    <tag k="addr:city" v="Fairlee" />
    <tag k="addr:housenumber" v="523" />
    <tag k="addr:street" v="Ely Road" />
    <tag k="addr:state" v="VT" />
    <tag k="ref:vcgi:esiteid" v="258733" />
  </node>
  <node id="-358" visible="true" lat="43.867202099959" lon="-72.182084589716">
    <tag k="addr:city" v="Fairlee" />
    <tag k="addr:housenumber" v="542" />
    <tag k="addr:street" v="Ely Road" />
    <tag k="addr:state" v="VT" />
    <tag k="ref:vcgi:esiteid" v="258734" />
  </node>
  <node id="-359" visible="true" lat="43.866996898787" lon="-72.181319934772">
    <tag k="addr:city" v="Fairlee" />
    <tag k="addr:housenumber" v="541" />
    <tag k="addr:street" v="Ely Road" />
    <tag k="addr:state" v="VT" />
    <tag k="ref:vcgi:esiteid" v="258735" />
  </node>
  <node id="-360" visible="true" lat="43.867133392553" lon="-72.240840854822">
    <tag k="addr:city" v="Fairlee" />
    <tag k="addr:housenumber" v="1693" />
    <tag k="addr:street" v="Five Corners Road" />
    <tag k="addr:state" v="VT" />
    <tag k="ref:vcgi:esiteid" v="258736" />
  </node>
  <node id="-361" visible="true" lat="43.86713679906" lon="-72.265660244616">
    <tag k="addr:city" v="Post Mills" />
    <tag k="addr:housenumber" v="1139" />
    <tag k="addr:street" v="Barker Road" />
    <tag k="addr:state" v="VT" />
    <tag k="ref:vcgi:esiteid" v="258737" />
  </node>
  <node id="-362" visible="true" lat="43.866087026735" lon="-72.239442788453">
    <tag k="addr:city" v="Thetford Center" />
    <tag k="addr:housenumber" v="1646" />
    <tag k="addr:street" v="Five Corners Road" />
    <tag k="addr:state" v="VT" />
    <tag k="ref:vcgi:esiteid" v="258738" />
  </node>
  <node id="-363" visible="true" lat="43.86591755319" lon="-72.27645298139">
    <tag k="addr:city" v="Thetford Center" />
    <tag k="addr:housenumber" v="1775" />
    <tag k="addr:street" v="Sawnee Bean Road" />
    <tag k="addr:state" v="VT" />
    <tag k="ref:vcgi:esiteid" v="258739" />
  </node>
  <node id="-364" visible="true" lat="43.865722492299" lon="-72.260651934365">
    <tag k="addr:city" v="Thetford Center" />
    <tag k="addr:housenumber" v="6516" />
    <tag k="addr:street" v="Vermont Route 113" />
    <tag k="addr:state" v="VT" />
    <tag k="ref:vcgi:esiteid" v="258740" />
  </node>
  <node id="-365" visible="true" lat="43.865658412756" lon="-72.210656525583">
    <tag k="addr:city" v="East Thetford" />
    <tag k="addr:housenumber" v="2026" />
    <tag k="addr:street" v="Potato Hill Road South" />
    <tag k="addr:state" v="VT" />
    <tag k="ref:vcgi:esiteid" v="258741" />
  </node>
  <node id="-366" visible="true" lat="43.865176465325" lon="-72.265776103826">
    <tag k="addr:city" v="Post Mills" />
    <tag k="addr:housenumber" v="1189" />
    <tag k="addr:street" v="Barker Road" />
    <tag k="addr:state" v="VT" />
    <tag k="ref:vcgi:esiteid" v="258742" />
  </node>
  <node id="-367" visible="true" lat="43.864451027978" lon="-72.186633443909">
    <tag k="addr:city" v="Fairlee" />
    <tag k="addr:housenumber" v="106" />
    <tag k="addr:street" v="Newton Lane" />
    <tag k="addr:state" v="VT" />
    <tag k="ref:vcgi:esiteid" v="258743" />
  </node>
  <node id="-368" visible="true" lat="43.864684891998" lon="-72.268091420085">
    <tag k="addr:city" v="Post Mills" />
    <tag k="addr:housenumber" v="1350" />
    <tag k="addr:street" v="Barker Road" />
    <tag k="addr:state" v="VT" />
    <tag k="ref:vcgi:esiteid" v="258744" />
  </node>
  <node id="-369" visible="true" lat="43.864201655469" lon="-72.233037382867">
    <tag k="addr:city" v="Fairlee" />
    <tag k="addr:housenumber" v="616" />
    <tag k="addr:street" v="Turnpike Road North" />
    <tag k="addr:state" v="VT" />
    <tag k="ref:vcgi:esiteid" v="258745" />
  </node>
  <node id="-370" visible="true" lat="43.864276508013" lon="-72.269211978684">
    <tag k="addr:city" v="Post Mills" />
    <tag k="addr:housenumber" v="1434" />
    <tag k="addr:street" v="Barker Road" />
    <tag k="addr:state" v="VT" />
    <tag k="ref:vcgi:esiteid" v="258746" />
  </node>
  <node id="-371" visible="true" lat="43.863898883233" lon="-72.186762755456">
    <tag k="addr:city" v="Fairlee" />
    <tag k="addr:housenumber" v="58" />
    <tag k="addr:street" v="Newton Lane" />
    <tag k="addr:state" v="VT" />
    <tag k="ref:vcgi:esiteid" v="258747" />
  </node>
  <node id="-372" visible="true" lat="43.863742085856" lon="-72.260590699645">
    <tag k="addr:city" v="Thetford Center" />
    <tag k="addr:housenumber" v="6362" />
    <tag k="addr:street" v="Vermont Route 113" />
    <tag k="addr:state" v="VT" />
    <tag k="ref:vcgi:esiteid" v="258748" />
  </node>
  <node id="-373" visible="true" lat="43.863911305928" lon="-72.262509427052">
    <tag k="addr:city" v="Thetford Center" />
    <tag k="addr:housenumber" v="6365" />
    <tag k="addr:street" v="Vermont Route 113" />
    <tag k="addr:state" v="VT" />
    <tag k="ref:vcgi:esiteid" v="258749" />
  </node>
  <node id="-374" visible="true" lat="43.863309238553" lon="-72.207055200879">
    <tag k="addr:city" v="East Thetford" />
    <tag k="addr:housenumber" v="1770" />
    <tag k="addr:street" v="Potato Hill Road South" />
    <tag k="addr:state" v="VT" />
    <tag k="ref:vcgi:esiteid" v="258750" />
  </node>
  <node id="-375" visible="true" lat="43.863259018454" lon="-72.231494153792">
    <tag k="addr:city" v="Fairlee" />
    <tag k="addr:housenumber" v="713" />
    <tag k="addr:street" v="Turnpike Road North" />
    <tag k="addr:state" v="VT" />
    <tag k="ref:vcgi:esiteid" v="258751" />
  </node>
  <node id="-376" visible="true" lat="43.863191032864" lon="-72.271796273142">
    <tag k="addr:city" v="Post Mills" />
    <tag k="addr:housenumber" v="1538" />
    <tag k="addr:street" v="Barker Road" />
    <tag k="addr:state" v="VT" />
    <tag k="ref:vcgi:esiteid" v="258752" />
  </node>
  <node id="-377" visible="true" lat="43.862639373421" lon="-72.25213502833">
    <tag k="addr:city" v="Thetford Center" />
    <tag k="addr:housenumber" v="6078" />
    <tag k="addr:street" v="Vermont Route 113" />
    <tag k="addr:state" v="VT" />
    <tag k="ref:vcgi:esiteid" v="258753" />
  </node>
  <node id="-378" visible="true" lat="43.86258573848" lon="-72.274451200881">
    <tag k="addr:city" v="Thetford Center" />
    <tag k="addr:housenumber" v="1490" />
    <tag k="addr:street" v="Sawnee Bean Road" />
    <tag k="addr:state" v="VT" />
    <tag k="ref:vcgi:esiteid" v="258754" />
  </node>
  <node id="-379" visible="true" lat="43.862104078556" lon="-72.231463826121">
    <tag k="addr:city" v="Fairlee" />
    <tag k="addr:housenumber" v="768" />
    <tag k="addr:street" v="Turnpike Road North" />
    <tag k="addr:state" v="VT" />
    <tag k="ref:vcgi:esiteid" v="258755" />
  </node>
  <node id="-380" visible="true" lat="43.86206756414" lon="-72.267690169586">
    <tag k="addr:city" v="Post Mills" />
    <tag k="addr:housenumber" v="1537" />
    <tag k="addr:street" v="Barker Road" />
    <tag k="addr:state" v="VT" />
    <tag k="ref:vcgi:esiteid" v="258756" />
  </node>
  <node id="-381" visible="true" lat="43.861344122019" lon="-72.260959460051">
    <tag k="addr:city" v="Thetford Center" />
    <tag k="addr:housenumber" v="6211" />
    <tag k="addr:street" v="Vermont Route 113" />
    <tag k="addr:state" v="VT" />
    <tag k="ref:vcgi:esiteid" v="258757" />
  </node>
  <node id="-382" visible="true" lat="43.861114300747" lon="-72.25938959844">
    <tag k="addr:city" v="Thetford Center" />
    <tag k="addr:housenumber" v="6188" />
    <tag k="addr:street" v="Vermont Route 113" />
    <tag k="addr:state" v="VT" />
    <tag k="ref:vcgi:esiteid" v="258758" />
  </node>
  <node id="-383" visible="true" lat="43.861275030086" lon="-72.279562813615">
    <tag k="addr:city" v="Thetford Center" />
    <tag k="addr:housenumber" v="369" />
    <tag k="addr:street" v="Colby Road South" />
    <tag k="addr:state" v="VT" />
    <tag k="ref:vcgi:esiteid" v="258759" />
  </node>
  <node id="-384" visible="true" lat="43.861124685887" lon="-72.270960702319">
    <tag k="addr:city" v="Post Mills" />
    <tag k="addr:housenumber" v="1584" />
    <tag k="addr:street" v="Barker Road" />
    <tag k="addr:state" v="VT" />
    <tag k="ref:vcgi:esiteid" v="258760" />
  </node>
  <node id="-385" visible="true" lat="43.860836320283" lon="-72.274347975893">
    <tag k="addr:city" v="Thetford Center" />
    <tag k="addr:housenumber" v="1415" />
    <tag k="addr:street" v="Sawnee Bean Road" />
    <tag k="addr:state" v="VT" />
    <tag k="ref:vcgi:esiteid" v="258761" />
  </node>
  <node id="-386" visible="true" lat="43.8611820097" lon="-72.269774114201">
    <tag k="addr:city" v="Post Mills" />
    <tag k="addr:housenumber" v="1587" />
    <tag k="addr:street" v="Barker Road" />
    <tag k="addr:state" v="VT" />
    <tag k="ref:vcgi:esiteid" v="258762" />
  </node>
  <node id="-387" visible="true" lat="43.860738210849" lon="-72.271133526258">
    <tag k="addr:city" v="Post Mills" />
    <tag k="addr:housenumber" v="1630" />
    <tag k="addr:street" v="Barker Road" />
    <tag k="addr:state" v="VT" />
    <tag k="ref:vcgi:esiteid" v="258763" />
  </node>
  <node id="-388" visible="true" lat="43.86036883048" lon="-72.260187328898">
    <tag k="addr:city" v="Thetford Center" />
    <tag k="addr:housenumber" v="6137" />
    <tag k="addr:street" v="Vermont Route 113" />
    <tag k="addr:state" v="VT" />
    <tag k="ref:vcgi:esiteid" v="258764" />
  </node>
  <node id="-389" visible="true" lat="43.860386243838" lon="-72.276334584105">
    <tag k="addr:city" v="Thetford Center" />
    <tag k="addr:housenumber" v="22" />
    <tag k="addr:street" v="Pero Hill Road" />
    <tag k="addr:state" v="VT" />
    <tag k="ref:vcgi:esiteid" v="258766" />
  </node>
  <node id="-390" visible="true" lat="43.860325915685" lon="-72.274999424288">
    <tag k="addr:city" v="Thetford Center" />
    <tag k="addr:housenumber" v="146" />
    <tag k="addr:street" v="Colby Road South" />
    <tag k="addr:state" v="VT" />
    <tag k="ref:vcgi:esiteid" v="258767" />
  </node>
  <node id="-391" visible="true" lat="43.860259763439" lon="-72.261373403641">
    <tag k="addr:city" v="Thetford Center" />
    <tag k="addr:housenumber" v="6117" />
    <tag k="addr:street" v="Vermont Route 113" />
    <tag k="addr:state" v="VT" />
    <tag k="ref:vcgi:esiteid" v="258768" />
  </node>
  <node id="-392" visible="true" lat="43.859867203385" lon="-72.271473661979">
    <tag k="addr:city" v="Post Mills" />
    <tag k="addr:housenumber" v="1671" />
    <tag k="addr:street" v="Barker Road" />
    <tag k="addr:state" v="VT" />
    <tag k="ref:vcgi:esiteid" v="258769" />
  </node>
  <node id="-393" visible="true" lat="43.8602434876" lon="-72.27235064374">
    <tag k="addr:city" v="Post Mills" />
    <tag k="addr:housenumber" v="1724" />
    <tag k="addr:street" v="Barker Road" />
    <tag k="addr:state" v="VT" />
    <tag k="ref:vcgi:esiteid" v="258770" />
  </node>
  <node id="-394" visible="true" lat="43.859890303985" lon="-72.274260592981">
    <tag k="addr:city" v="Thetford Center" />
    <tag k="addr:housenumber" v="92" />
    <tag k="addr:street" v="Colby Road South" />
    <tag k="addr:state" v="VT" />
    <tag k="ref:vcgi:esiteid" v="258771" />
  </node>
  <node id="-395" visible="true" lat="43.859579985034" lon="-72.218264733885">
    <tag k="addr:city" v="Thetford Center" />
    <tag k="addr:housenumber" v="2296" />
    <tag k="addr:street" v="Turnpike Road South" />
    <tag k="addr:state" v="VT" />
    <tag k="ref:vcgi:esiteid" v="258772" />
  </node>
  <node id="-396" visible="true" lat="43.859556261205" lon="-72.259527856776">
    <tag k="addr:city" v="Thetford Center" />
    <tag k="addr:housenumber" v="6072" />
    <tag k="addr:street" v="Vermont Route 113" />
    <tag k="addr:state" v="VT" />
    <tag k="ref:vcgi:esiteid" v="258773" />
  </node>
  <node id="-397" visible="true" lat="43.859075676899" lon="-72.241798912536">
    <tag k="addr:city" v="Thetford Center" />
    <tag k="addr:housenumber" v="1156" />
    <tag k="addr:street" v="Five Corners Road" />
    <tag k="addr:state" v="VT" />
    <tag k="ref:vcgi:esiteid" v="258774" />
  </node>
  <node id="-398" visible="true" lat="43.859517100004" lon="-72.270145991964">
    <tag k="addr:city" v="Post Mills" />
    <tag k="addr:housenumber" v="79" />
    <tag k="addr:street" v="Phelps Road" />
    <tag k="addr:state" v="VT" />
    <tag k="ref:vcgi:esiteid" v="258775" />
  </node>
  <node id="-399" visible="true" lat="43.859138179768" lon="-72.269342614843">
    <tag k="addr:city" v="Post Mills" />
    <tag k="addr:housenumber" v="243" />
    <tag k="addr:street" v="Phelps Road" />
    <tag k="addr:state" v="VT" />
    <tag k="ref:vcgi:esiteid" v="258776" />
  </node>
  <node id="-400" visible="true" lat="43.859012828426" lon="-72.272258651012">
    <tag k="addr:city" v="Post Mills" />
    <tag k="addr:housenumber" v="28" />
    <tag k="addr:street" v="Phelps Road" />
    <tag k="addr:state" v="VT" />
    <tag k="ref:vcgi:esiteid" v="258777" />
  </node>
  <node id="-401" visible="true" lat="43.858775117431" lon="-72.278505737666">
    <tag k="addr:city" v="Thetford Center" />
    <tag k="addr:housenumber" v="170" />
    <tag k="addr:street" v="Pero Hill Road" />
    <tag k="addr:state" v="VT" />
    <tag k="ref:vcgi:esiteid" v="258778" />
  </node>
  <node id="-402" visible="true" lat="43.858709389508" lon="-72.270017545494">
    <tag k="addr:city" v="Post Mills" />
    <tag k="addr:housenumber" v="137" />
    <tag k="addr:street" v="Phelps Road" />
    <tag k="addr:state" v="VT" />
    <tag k="ref:vcgi:esiteid" v="258780" />
  </node>
  <node id="-403" visible="true" lat="43.858552960683" lon="-72.272234033595">
    <tag k="addr:city" v="Thetford Center" />
    <tag k="addr:housenumber" v="30" />
    <tag k="addr:street" v="Phelps Road" />
    <tag k="addr:state" v="VT" />
    <tag k="ref:vcgi:esiteid" v="258781" />
  </node>
  <node id="-404" visible="true" lat="43.858462243157" lon="-72.283343368512">
    <tag k="addr:city" v="Thetford Center" />
    <tag k="addr:housenumber" v="466" />
    <tag k="addr:street" v="Pero Hill Road" />
    <tag k="addr:state" v="VT" />
    <tag k="ref:vcgi:esiteid" v="258782" />
  </node>
  <node id="-405" visible="true" lat="43.858202647159" lon="-72.27935949263">
    <tag k="addr:city" v="Thetford Center" />
    <tag k="addr:housenumber" v="222" />
    <tag k="addr:street" v="Pero Hill Road" />
    <tag k="addr:state" v="VT" />
    <tag k="ref:vcgi:esiteid" v="258783" />
  </node>
  <node id="-406" visible="true" lat="43.858667534577" lon="-72.261366664353">
    <tag k="addr:city" v="Thetford Center" />
    <tag k="addr:housenumber" v="5975" />
    <tag k="addr:street" v="Vermont Route 113" />
    <tag k="addr:state" v="VT" />
    <tag k="ref:vcgi:esiteid" v="258784" />
  </node>
  <node id="-407" visible="true" lat="43.858055970453" lon="-72.25957101583">
    <tag k="addr:city" v="Thetford Center" />
    <tag k="addr:housenumber" v="16" />
    <tag k="addr:street" v="Rogers Lane" />
    <tag k="addr:state" v="VT" />
    <tag k="ref:vcgi:esiteid" v="258785" />
  </node>
  <node id="-408" visible="true" lat="43.857504253178" lon="-72.202855626159">
    <tag k="addr:city" v="East Thetford" />
    <tag k="addr:housenumber" v="1323" />
    <tag k="addr:street" v="Potato Hill Road South" />
    <tag k="addr:state" v="VT" />
    <tag k="ref:vcgi:esiteid" v="258786" />
  </node>
  <node id="-409" visible="true" lat="43.858094490088" lon="-72.269403288959">
    <tag k="addr:city" v="Post Mills" />
    <tag k="addr:housenumber" v="160" />
    <tag k="addr:street" v="Phelps Road" />
    <tag k="addr:state" v="VT" />
    <tag k="ref:vcgi:esiteid" v="258787" />
  </node>
  <node id="-410" visible="true" lat="43.857996006574" lon="-72.260862567078">
    <tag k="addr:city" v="Thetford Center" />
    <tag k="addr:housenumber" v="5991" />
    <tag k="addr:street" v="Vermont Route 113" />
    <tag k="addr:state" v="VT" />
    <tag k="ref:vcgi:esiteid" v="258788" />
  </node>
  <node id="-411" visible="true" lat="43.857558491211" lon="-72.284643724482">
    <tag k="addr:city" v="Thetford Center" />
    <tag k="addr:housenumber" v="552" />
    <tag k="addr:street" v="Pero Hill Road" />
    <tag k="addr:state" v="VT" />
    <tag k="ref:vcgi:esiteid" v="258789" />
  </node>
  <node id="-412" visible="true" lat="43.857913310112" lon="-72.271705769165">
    <tag k="addr:city" v="Thetford Center" />
    <tag k="addr:housenumber" v="1100" />
    <tag k="addr:street" v="Sawnee Bean Road" />
    <tag k="addr:state" v="VT" />
    <tag k="ref:vcgi:esiteid" v="258790" />
  </node>
  <node id="-413" visible="true" lat="43.857435031034" lon="-72.288016855515">
    <tag k="addr:city" v="Thetford Center" />
    <tag k="addr:housenumber" v="730" />
    <tag k="addr:street" v="Pero Hill Road" />
    <tag k="addr:state" v="VT" />
    <tag k="ref:vcgi:esiteid" v="258791" />
  </node>
  <node id="-414" visible="true" lat="43.857489152307" lon="-72.245556349215">
    <tag k="addr:city" v="Thetford Center" />
    <tag k="addr:housenumber" v="907" />
    <tag k="addr:street" v="Five Corners Road" />
    <tag k="addr:state" v="VT" />
    <tag k="ref:vcgi:esiteid" v="258792" />
  </node>
  <node id="-415" visible="true" lat="43.857410428778" lon="-72.283908233029">
    <tag k="addr:city" v="Thetford Center" />
    <tag k="addr:housenumber" v="525" />
    <tag k="addr:street" v="Pero Hill Road" />
    <tag k="addr:state" v="VT" />
    <tag k="ref:vcgi:esiteid" v="258793" />
  </node>
  <node id="-416" visible="true" lat="43.85724991526" lon="-72.28655080644">
    <tag k="addr:city" v="Thetford Center" />
    <tag k="addr:housenumber" v="714" />
    <tag k="addr:street" v="Pero Hill Road" />
    <tag k="addr:state" v="VT" />
    <tag k="ref:vcgi:esiteid" v="258794" />
  </node>
  <node id="-417" visible="true" lat="43.85701297696" lon="-72.189852779767">
    <tag k="addr:city" v="East Thetford" />
    <tag k="addr:housenumber" v="6449" />
    <tag k="addr:street" v="United States Route 5" />
    <tag k="addr:state" v="VT" />
    <tag k="ref:vcgi:esiteid" v="258795" />
  </node>
  <node id="-418" visible="true" lat="43.8572445792" lon="-72.244249836785">
    <tag k="addr:city" v="Thetford Center" />
    <tag k="addr:housenumber" v="940" />
    <tag k="addr:street" v="Five Corners Road" />
    <tag k="addr:state" v="VT" />
    <tag k="ref:vcgi:esiteid" v="258796" />
  </node>
  <node id="-419" visible="true" lat="43.856901569161" lon="-72.24600009808">
    <tag k="addr:city" v="Thetford Center" />
    <tag k="addr:housenumber" v="895" />
    <tag k="addr:street" v="Five Corners Road" />
    <tag k="addr:state" v="VT" />
    <tag k="ref:vcgi:esiteid" v="258797" />
  </node>
  <node id="-420" visible="true" lat="43.856705552771" lon="-72.259556276669">
    <tag k="addr:city" v="Thetford Center" />
    <tag k="addr:housenumber" v="5870" />
    <tag k="addr:street" v="Vermont Route 113" />
    <tag k="addr:state" v="VT" />
    <tag k="ref:vcgi:esiteid" v="258798" />
  </node>
  <node id="-421" visible="true" lat="43.856280442219" lon="-72.28614025624">
    <tag k="addr:city" v="Thetford Center" />
    <tag k="addr:housenumber" v="647" />
    <tag k="addr:street" v="Pero Hill Road" />
    <tag k="addr:state" v="VT" />
    <tag k="ref:vcgi:esiteid" v="258801" />
  </node>
  <node id="-422" visible="true" lat="43.8562905632" lon="-72.287894320042">
    <tag k="addr:city" v="Thetford Center" />
    <tag k="addr:housenumber" v="725" />
    <tag k="addr:street" v="Pero Hill Road" />
    <tag k="addr:state" v="VT" />
    <tag k="ref:vcgi:esiteid" v="258802" />
  </node>
  <node id="-423" visible="true" lat="43.855709442835" lon="-72.190133038317">
    <tag k="addr:city" v="East Thetford" />
    <tag k="addr:housenumber" v="6355" />
    <tag k="addr:street" v="United States Route 5" />
    <tag k="addr:state" v="VT" />
    <tag k="ref:vcgi:esiteid" v="258803" />
  </node>
  <node id="-424" visible="true" lat="43.855572768844" lon="-72.267607790698">
    <tag k="addr:city" v="Thetford Center" />
    <tag k="addr:housenumber" v="890" />
    <tag k="addr:street" v="Sawnee Bean Road" />
    <tag k="addr:state" v="VT" />
    <tag k="ref:vcgi:esiteid" v="258804" />
  </node>
  <node id="-425" visible="true" lat="43.855200846523" lon="-72.265862018018">
    <tag k="addr:city" v="Thetford Center" />
    <tag k="addr:housenumber" v="794" />
    <tag k="addr:street" v="Sawnee Bean Road" />
    <tag k="addr:state" v="VT" />
    <tag k="ref:vcgi:esiteid" v="258805" />
  </node>
  <node id="-426" visible="true" lat="43.855550453538" lon="-72.260514040076">
    <tag k="addr:city" v="Thetford Center" />
    <tag k="addr:housenumber" v="5993" />
    <tag k="addr:street" v="Vermont Route 113" />
    <tag k="addr:state" v="VT" />
    <tag k="ref:vcgi:esiteid" v="258806" />
  </node>
  <node id="-427" visible="true" lat="43.854789473836" lon="-72.259107655892">
    <tag k="addr:city" v="Thetford Center" />
    <tag k="addr:housenumber" v="5790" />
    <tag k="addr:street" v="Vermont Route 113" />
    <tag k="addr:state" v="VT" />
    <tag k="ref:vcgi:esiteid" v="258807" />
  </node>
  <node id="-428" visible="true" lat="43.855219934593" lon="-72.22693214503">
    <tag k="addr:city" v="Thetford Center" />
    <tag k="addr:housenumber" v="1831" />
    <tag k="addr:street" v="Turnpike Road South" />
    <tag k="addr:state" v="VT" />
    <tag k="ref:vcgi:esiteid" v="258808" />
  </node>
  <node id="-429" visible="true" lat="43.854358075685" lon="-72.260025792495">
    <tag k="addr:city" v="Thetford Center" />
    <tag k="addr:housenumber" v="5693" />
    <tag k="addr:street" v="Vermont Route 113" />
    <tag k="addr:state" v="VT" />
    <tag k="ref:vcgi:esiteid" v="258809" />
  </node>
  <node id="-430" visible="true" lat="43.853745790935" lon="-72.202340234636">
    <tag k="addr:city" v="East Thetford" />
    <tag k="addr:housenumber" v="1033" />
    <tag k="addr:street" v="Potato Hill Road South" />
    <tag k="addr:state" v="VT" />
    <tag k="ref:vcgi:esiteid" v="258810" />
  </node>
  <node id="-431" visible="true" lat="43.853783635472" lon="-72.189899890899">
    <tag k="addr:city" v="East Thetford" />
    <tag k="addr:housenumber" v="6119" />
    <tag k="addr:street" v="United States Route 5" />
    <tag k="addr:state" v="VT" />
    <tag k="ref:vcgi:esiteid" v="258811" />
  </node>
  <node id="-432" visible="true" lat="43.853501673683" lon="-72.2878364638">
    <tag k="addr:city" v="Thetford Center" />
    <tag k="addr:housenumber" v="561" />
    <tag k="addr:street" v="Pero Hill Road" />
    <tag k="addr:state" v="VT" />
    <tag k="ref:vcgi:esiteid" v="258812" />
  </node>
  <node id="-433" visible="true" lat="43.85348214077" lon="-72.262913557418">
    <tag k="addr:city" v="Thetford Center" />
    <tag k="addr:housenumber" v="548" />
    <tag k="addr:street" v="Sawnee Bean Road" />
    <tag k="addr:state" v="VT" />
    <tag k="ref:vcgi:esiteid" v="258813" />
  </node>
  <node id="-434" visible="true" lat="43.853344856172" lon="-72.18983993494">
    <tag k="addr:city" v="East Thetford" />
    <tag k="addr:housenumber" v="6073" />
    <tag k="addr:street" v="United States Route 5" />
    <tag k="addr:state" v="VT" />
    <tag k="ref:vcgi:esiteid" v="258814" />
  </node>
  <node id="-435" visible="true" lat="43.85338990265" lon="-72.270789711166">
    <tag k="addr:city" v="Thetford Center" />
    <tag k="addr:housenumber" v="172" />
    <tag k="addr:street" v="Poor Farm Road North" />
    <tag k="addr:state" v="VT" />
    <tag k="ref:vcgi:esiteid" v="258815" />
  </node>
  <node id="-436" visible="true" lat="43.853197266528" lon="-72.264700497077">
    <tag k="addr:city" v="Thetford Center" />
    <tag k="addr:housenumber" v="633" />
    <tag k="addr:street" v="Sawnee Bean Road" />
    <tag k="addr:state" v="VT" />
    <tag k="ref:vcgi:esiteid" v="258816" />
  </node>
  <node id="-437" visible="true" lat="43.852481890749" lon="-72.189203643192">
    <tag k="addr:city" v="East Thetford" />
    <tag k="addr:housenumber" v="6041" />
    <tag k="addr:street" v="United States Route 5" />
    <tag k="addr:state" v="VT" />
    <tag k="ref:vcgi:esiteid" v="258817" />
  </node>
  <node id="-438" visible="true" lat="43.852123807642" lon="-72.190765775371">
    <tag k="addr:city" v="East Thetford" />
    <tag k="addr:housenumber" v="199" />
    <tag k="addr:street" v="Clay Road" />
    <tag k="addr:state" v="VT" />
    <tag k="ref:vcgi:esiteid" v="258818" />
  </node>
  <node id="-439" visible="true" lat="43.852579986132" lon="-72.258789754052">
    <tag k="addr:city" v="Thetford Center" />
    <tag k="addr:housenumber" v="5555" />
    <tag k="addr:street" v="Vermont Route 113" />
    <tag k="addr:state" v="VT" />
    <tag k="ref:vcgi:esiteid" v="258819" />
  </node>
  <node id="-440" visible="true" lat="43.851583639108" lon="-72.246859950586">
    <tag k="addr:city" v="Thetford Center" />
    <tag k="addr:housenumber" v="554" />
    <tag k="addr:street" v="Five Corners Road" />
    <tag k="addr:state" v="VT" />
    <tag k="ref:vcgi:esiteid" v="258820" />
  </node>
  <node id="-441" visible="true" lat="43.851456769929" lon="-72.188989285112">
    <tag k="addr:city" v="East Thetford" />
    <tag k="addr:housenumber" v="5979" />
    <tag k="addr:street" v="United States Route 5" />
    <tag k="addr:state" v="VT" />
    <tag k="ref:vcgi:esiteid" v="258821" />
  </node>
  <node id="-442" visible="true" lat="43.851641271957" lon="-72.189055027866">
    <tag k="addr:city" v="East Thetford" />
    <tag k="addr:housenumber" v="5977" />
    <tag k="addr:street" v="United States Route 5" />
    <tag k="addr:state" v="VT" />
    <tag k="ref:vcgi:esiteid" v="258822" />
  </node>
  <node id="-443" visible="true" lat="43.85118267556" lon="-72.255993383411">
    <tag k="addr:city" v="Thetford Center" />
    <tag k="addr:housenumber" v="5402" />
    <tag k="addr:street" v="Vermont Route 113" />
    <tag k="addr:state" v="VT" />
    <tag k="ref:vcgi:esiteid" v="258823" />
  </node>
  <node id="-444" visible="true" lat="43.850693882473" lon="-72.191860274433">
    <tag k="addr:city" v="East Thetford" />
    <tag k="addr:housenumber" v="312" />
    <tag k="addr:street" v="Clay Road" />
    <tag k="addr:state" v="VT" />
    <tag k="ref:vcgi:esiteid" v="258824" />
  </node>
  <node id="-445" visible="true" lat="43.85076935801" lon="-72.255323591495">
    <tag k="addr:city" v="Thetford Center" />
    <tag k="addr:housenumber" v="5390" />
    <tag k="addr:street" v="Vermont Route 113" />
    <tag k="addr:state" v="VT" />
    <tag k="ref:vcgi:esiteid" v="258825" />
  </node>
  <node id="-446" visible="true" lat="43.850656480206" lon="-72.260225183289">
    <tag k="addr:city" v="Thetford Center" />
    <tag k="addr:housenumber" v="363" />
    <tag k="addr:street" v="Sawnee Bean Road" />
    <tag k="addr:state" v="VT" />
    <tag k="ref:vcgi:esiteid" v="258827" />
  </node>
  <node id="-447" visible="true" lat="43.850634248669" lon="-72.187079023596">
    <tag k="addr:city" v="East Thetford" />
    <tag k="addr:housenumber" v="5859" />
    <tag k="addr:street" v="United States Route 5" />
    <tag k="addr:state" v="VT" />
    <tag k="ref:vcgi:esiteid" v="258828" />
  </node>
  <node id="-448" visible="true" lat="43.85039273209" lon="-72.259688972148">
    <tag k="addr:city" v="Thetford Center" />
    <tag k="addr:housenumber" v="329" />
    <tag k="addr:street" v="Sawnee Bean Road" />
    <tag k="addr:state" v="VT" />
    <tag k="ref:vcgi:esiteid" v="258829" />
  </node>
  <node id="-449" visible="true" lat="43.850823847108" lon="-72.258109999184">
    <tag k="addr:city" v="Thetford Center" />
    <tag k="addr:housenumber" v="5343" />
    <tag k="addr:street" v="Vermont Route 113" />
    <tag k="addr:state" v="VT" />
    <tag k="ref:vcgi:esiteid" v="258830" />
  </node>
  <node id="-450" visible="true" lat="43.850419805928" lon="-72.247451705344">
    <tag k="addr:city" v="Thetford Center" />
    <tag k="addr:housenumber" v="456" />
    <tag k="addr:street" v="Five Corners Road" />
    <tag k="addr:state" v="VT" />
    <tag k="ref:vcgi:esiteid" v="258831" />
  </node>
  <node id="-451" visible="true" lat="43.850256267486" lon="-72.255404251515">
    <tag k="addr:city" v="Thetford Center" />
    <tag k="addr:housenumber" v="5366" />
    <tag k="addr:street" v="Vermont Route 113" />
    <tag k="addr:state" v="VT" />
    <tag k="ref:vcgi:esiteid" v="258832" />
  </node>
  <node id="-452" visible="true" lat="43.850269545354" lon="-72.259472877607">
    <tag k="addr:city" v="Thetford Center" />
    <tag k="addr:housenumber" v="293" />
    <tag k="addr:street" v="Sawnee Bean Road" />
    <tag k="addr:state" v="VT" />
    <tag k="ref:vcgi:esiteid" v="258833" />
  </node>
  <node id="-453" visible="true" lat="43.850154418178" lon="-72.255394137289">
    <tag k="addr:city" v="Thetford Center" />
    <tag k="addr:housenumber" v="5368" />
    <tag k="addr:street" v="Vermont Route 113" />
    <tag k="addr:state" v="VT" />
    <tag k="ref:vcgi:esiteid" v="258834" />
  </node>
  <node id="-454" visible="true" lat="43.849927820094" lon="-72.19087721439">
    <tag k="addr:city" v="East Thetford" />
    <tag k="addr:housenumber" v="353" />
    <tag k="addr:street" v="Clay Road" />
    <tag k="addr:state" v="VT" />
    <tag k="ref:vcgi:esiteid" v="258835" />
  </node>
  <node id="-455" visible="true" lat="43.849825672796" lon="-72.186712906418">
    <tag k="addr:city" v="East Thetford" />
    <tag k="addr:housenumber" v="5831" />
    <tag k="addr:street" v="United States Route 5" />
    <tag k="addr:state" v="VT" />
    <tag k="ref:vcgi:esiteid" v="258836" />
  </node>
  <node id="-456" visible="true" lat="43.849922734065" lon="-72.192517744181">
    <tag k="addr:city" v="East Thetford" />
    <tag k="addr:housenumber" v="390" />
    <tag k="addr:street" v="Clay Road" />
    <tag k="addr:state" v="VT" />
    <tag k="ref:vcgi:esiteid" v="258837" />
  </node>
  <node id="-457" visible="true" lat="43.849593379961" lon="-72.222296287713">
    <tag k="addr:city" v="Thetford Center" />
    <tag k="addr:housenumber" v="2239" />
    <tag k="addr:street" v="Houghton Hill Road" />
    <tag k="addr:state" v="VT" />
    <tag k="ref:vcgi:esiteid" v="258838" />
  </node>
  <node id="-458" visible="true" lat="43.849341664148" lon="-72.18646128603">
    <tag k="addr:city" v="East Thetford" />
    <tag k="addr:housenumber" v="5767" />
    <tag k="addr:street" v="United States Route 5" />
    <tag k="addr:state" v="VT" />
    <tag k="ref:vcgi:esiteid" v="258839" />
  </node>
  <node id="-459" visible="true" lat="43.849732463399" lon="-72.256195524784">
    <tag k="addr:city" v="Thetford Center" />
    <tag k="addr:housenumber" v="5335" />
    <tag k="addr:street" v="Vermont Route 113" />
    <tag k="addr:state" v="VT" />
    <tag k="ref:vcgi:esiteid" v="258840" />
  </node>
  <node id="-460" visible="true" lat="43.849482450902" lon="-72.258174552838">
    <tag k="addr:city" v="Thetford Center" />
    <tag k="addr:housenumber" v="224" />
    <tag k="addr:street" v="Sawnee Bean Road" />
    <tag k="addr:state" v="VT" />
    <tag k="ref:vcgi:esiteid" v="258841" />
  </node>
  <node id="-461" visible="true" lat="43.849168977097" lon="-72.191236650621">
    <tag k="addr:city" v="East Thetford" />
    <tag k="addr:housenumber" v="393" />
    <tag k="addr:street" v="Clay Road" />
    <tag k="addr:state" v="VT" />
    <tag k="ref:vcgi:esiteid" v="258842" />
  </node>
  <node id="-462" visible="true" lat="43.849279578217" lon="-72.248764076464">
    <tag k="addr:city" v="Thetford Center" />
    <tag k="addr:housenumber" v="355" />
    <tag k="addr:street" v="Five Corners Road" />
    <tag k="addr:state" v="VT" />
    <tag k="ref:vcgi:esiteid" v="258843" />
  </node>
  <node id="-463" visible="true" lat="43.848758188465" lon="-72.186421640875">
    <tag k="addr:city" v="East Thetford" />
    <tag k="addr:housenumber" v="5717" />
    <tag k="addr:street" v="United States Route 5" />
    <tag k="addr:state" v="VT" />
    <tag k="ref:vcgi:esiteid" v="258844" />
  </node>
  <node id="-464" visible="true" lat="43.848811801378" lon="-72.185751495812">
    <tag k="addr:city" v="East Thetford" />
    <tag k="addr:housenumber" v="5734" />
    <tag k="addr:street" v="United States Route 5" />
    <tag k="addr:state" v="VT" />
    <tag k="ref:vcgi:esiteid" v="258845" />
  </node>
  <node id="-465" visible="true" lat="43.848723488832" lon="-72.257370501341">
    <tag k="addr:city" v="Thetford Center" />
    <tag k="addr:housenumber" v="168" />
    <tag k="addr:street" v="Sawnee Bean Road" />
    <tag k="addr:state" v="VT" />
    <tag k="ref:vcgi:esiteid" v="258846" />
  </node>
  <node id="-466" visible="true" lat="43.848895193624" lon="-72.18957074529">
    <tag k="addr:city" v="East Thetford" />
    <tag k="addr:housenumber" v="473" />
    <tag k="addr:street" v="Clay Road" />
    <tag k="addr:state" v="VT" />
    <tag k="ref:vcgi:esiteid" v="258847" />
  </node>
  <node id="-467" visible="true" lat="43.848814672859" lon="-72.255757807577">
    <tag k="addr:city" v="Thetford Center" />
    <tag k="addr:housenumber" v="5235" />
    <tag k="addr:street" v="Vermont Route 113" />
    <tag k="addr:state" v="VT" />
    <tag k="ref:vcgi:esiteid" v="258848" />
  </node>
  <node id="-468" visible="true" lat="43.848593061428" lon="-72.190821760074">
    <tag k="addr:city" v="East Thetford" />
    <tag k="addr:housenumber" v="471" />
    <tag k="addr:street" v="Clay Road" />
    <tag k="addr:state" v="VT" />
    <tag k="ref:vcgi:esiteid" v="258849" />
  </node>
  <node id="-469" visible="true" lat="43.848457409835" lon="-72.255138541155">
    <tag k="addr:city" v="Thetford Center" />
    <tag k="addr:housenumber" v="38" />
    <tag k="addr:street" v="Sawnee Bean Road" />
    <tag k="addr:state" v="VT" />
    <tag k="ref:vcgi:esiteid" v="258850" />
  </node>
  <node id="-470" visible="true" lat="43.847859955897" lon="-72.203188845584">
    <tag k="addr:city" v="East Thetford" />
    <tag k="addr:housenumber" v="563" />
    <tag k="addr:street" v="Potato Hill Road South" />
    <tag k="addr:state" v="VT" />
    <tag k="ref:vcgi:esiteid" v="258851" />
  </node>
  <node id="-471" visible="true" lat="43.84811438254" lon="-72.185553610667">
    <tag k="addr:city" v="East Thetford" />
    <tag k="addr:housenumber" v="5678" />
    <tag k="addr:street" v="United States Route 5" />
    <tag k="addr:state" v="VT" />
    <tag k="ref:vcgi:esiteid" v="258852" />
  </node>
  <node id="-472" visible="true" lat="43.848235716233" lon="-72.257160574189">
    <tag k="addr:city" v="Thetford Center" />
    <tag k="addr:housenumber" v="129" />
    <tag k="addr:street" v="Sawnee Bean Road" />
    <tag k="addr:state" v="VT" />
    <tag k="ref:vcgi:esiteid" v="258853" />
  </node>
  <node id="-473" visible="true" lat="43.847927885112" lon="-72.248648949666">
    <tag k="addr:city" v="Thetford Center" />
    <tag k="addr:housenumber" v="282" />
    <tag k="addr:street" v="Five Corners Road" />
    <tag k="addr:state" v="VT" />
    <tag k="ref:vcgi:esiteid" v="258854" />
  </node>
  <node id="-474" visible="true" lat="43.847893342321" lon="-72.221530300319">
    <tag k="addr:city" v="Thetford Center" />
    <tag k="addr:housenumber" v="2129" />
    <tag k="addr:street" v="Houghton Hill Road" />
    <tag k="addr:state" v="VT" />
    <tag k="ref:vcgi:esiteid" v="258855" />
  </node>
  <node id="-475" visible="true" lat="43.847565188487" lon="-72.193770187759">
    <tag k="addr:city" v="East Thetford" />
    <tag k="addr:housenumber" v="490" />
    <tag k="addr:street" v="Clay Road" />
    <tag k="addr:state" v="VT" />
    <tag k="ref:vcgi:esiteid" v="258856" />
  </node>
  <node id="-476" visible="true" lat="43.847828737351" lon="-72.254416377005">
    <tag k="addr:city" v="Thetford Center" />
    <tag k="addr:housenumber" v="5181" />
    <tag k="addr:street" v="Vermont Route 113" />
    <tag k="addr:state" v="VT" />
    <tag k="ref:vcgi:esiteid" v="258857" />
  </node>
  <node id="-477" visible="true" lat="43.847587436285" lon="-72.185418377106">
    <tag k="addr:city" v="East Thetford" />
    <tag k="addr:housenumber" v="5650" />
    <tag k="addr:street" v="United States Route 5" />
    <tag k="addr:state" v="VT" />
    <tag k="ref:vcgi:esiteid" v="258858" />
  </node>
  <node id="-478" visible="true" lat="43.852812305801" lon="-72.250843011074">
    <tag k="addr:city" v="Thetford Center" />
    <tag k="addr:housenumber" v="5140" />
    <tag k="addr:street" v="Vermont Route 113" />
    <tag k="addr:state" v="VT" />
    <tag k="ref:vcgi:esiteid" v="258859" />
  </node>
  <node id="-479" visible="true" lat="43.847439788504" lon="-72.190693378171">
    <tag k="addr:city" v="East Thetford" />
    <tag k="addr:housenumber" v="537" />
    <tag k="addr:street" v="Clay Road" />
    <tag k="addr:state" v="VT" />
    <tag k="ref:vcgi:esiteid" v="258860" />
  </node>
  <node id="-480" visible="true" lat="43.847650068602" lon="-72.249362872382">
    <tag k="addr:city" v="Thetford Center" />
    <tag k="addr:housenumber" v="239" />
    <tag k="addr:street" v="Five Corners Road" />
    <tag k="addr:state" v="VT" />
    <tag k="ref:vcgi:esiteid" v="258861" />
  </node>
  <node id="-481" visible="true" lat="43.847179845979" lon="-72.185355403291">
    <tag k="addr:city" v="East Thetford" />
    <tag k="addr:housenumber" v="5622" />
    <tag k="addr:street" v="United States Route 5" />
    <tag k="addr:state" v="VT" />
    <tag k="ref:vcgi:esiteid" v="258862" />
  </node>
  <node id="-482" visible="true" lat="43.847115537735" lon="-72.192812038718">
    <tag k="addr:city" v="East Thetford" />
    <tag k="addr:housenumber" v="578" />
    <tag k="addr:street" v="Clay Road" />
    <tag k="addr:state" v="VT" />
    <tag k="ref:vcgi:esiteid" v="258863" />
  </node>
  <node id="-483" visible="true" lat="43.846964608294" lon="-72.186396519791">
    <tag k="addr:city" v="East Thetford" />
    <tag k="addr:housenumber" v="5567" />
    <tag k="addr:street" v="United States Route 5" />
    <tag k="addr:state" v="VT" />
    <tag k="ref:vcgi:esiteid" v="258864" />
  </node>
  <node id="-484" visible="true" lat="43.846652174502" lon="-72.185326909569">
    <tag k="addr:city" v="East Thetford" />
    <tag k="addr:housenumber" v="5590" />
    <tag k="addr:street" v="United States Route 5" />
    <tag k="addr:state" v="VT" />
    <tag k="ref:vcgi:esiteid" v="258865" />
  </node>
  <node id="-485" visible="true" lat="43.846832456379" lon="-72.19076807647">
    <tag k="addr:city" v="East Thetford" />
    <tag k="addr:housenumber" v="583" />
    <tag k="addr:street" v="Clay Road" />
    <tag k="addr:state" v="VT" />
    <tag k="ref:vcgi:esiteid" v="258866" />
  </node>
  <node id="-486" visible="true" lat="43.846877152026" lon="-72.253361525803">
    <tag k="addr:city" v="Thetford Center" />
    <tag k="addr:housenumber" v="5071" />
    <tag k="addr:street" v="Vermont Route 113" />
    <tag k="addr:state" v="VT" />
    <tag k="ref:vcgi:esiteid" v="258867" />
  </node>
  <node id="-487" visible="true" lat="43.846590481255" lon="-72.248700604709">
    <tag k="addr:city" v="Thetford Center" />
    <tag k="addr:housenumber" v="174" />
    <tag k="addr:street" v="Five Corners Road" />
    <tag k="addr:state" v="VT" />
    <tag k="ref:vcgi:esiteid" v="258868" />
  </node>
  <node id="-488" visible="true" lat="43.846127439616" lon="-72.185166973778">
    <tag k="addr:city" v="East Thetford" />
    <tag k="addr:housenumber" v="5552" />
    <tag k="addr:street" v="United States Route 5" />
    <tag k="addr:state" v="VT" />
    <tag k="ref:vcgi:esiteid" v="258869" />
  </node>
  <node id="-489" visible="true" lat="43.846544354541" lon="-72.251799742514">
    <tag k="addr:city" v="Thetford Center" />
    <tag k="addr:housenumber" v="5018" />
    <tag k="addr:street" v="Vermont Route 113" />
    <tag k="addr:state" v="VT" />
    <tag k="ref:vcgi:esiteid" v="258870" />
  </node>
  <node id="-490" visible="true" lat="43.846042177587" lon="-72.185733142088">
    <tag k="addr:city" v="East Thetford" />
    <tag k="addr:housenumber" v="5551" />
    <tag k="addr:street" v="United States Route 5" />
    <tag k="addr:state" v="VT" />
    <tag k="ref:vcgi:esiteid" v="258871" />
  </node>
  <node id="-491" visible="true" lat="43.846404874401" lon="-72.253566181671">
    <tag k="addr:city" v="Thetford Center" />
    <tag k="addr:housenumber" v="5049" />
    <tag k="addr:street" v="Vermont Route 113" />
    <tag k="addr:state" v="VT" />
    <tag k="ref:vcgi:esiteid" v="258872" />
  </node>
  <node id="-492" visible="true" lat="43.845920797206" lon="-72.185169356448">
    <tag k="addr:city" v="East Thetford" />
    <tag k="addr:housenumber" v="5528" />
    <tag k="addr:street" v="United States Route 5" />
    <tag k="addr:state" v="VT" />
    <tag k="ref:vcgi:esiteid" v="258873" />
  </node>
  <node id="-493" visible="true" lat="43.846050767115" lon="-72.251028124583">
    <tag k="addr:city" v="Thetford Center" />
    <tag k="addr:housenumber" v="4960" />
    <tag k="addr:street" v="Vermont Route 113" />
    <tag k="addr:state" v="VT" />
    <tag k="ref:vcgi:esiteid" v="258874" />
  </node>
  <node id="-494" visible="true" lat="43.845612877683" lon="-72.185558080686">
    <tag k="addr:city" v="East Thetford" />
    <tag k="addr:housenumber" v="5523" />
    <tag k="addr:street" v="United States Route 5" />
    <tag k="addr:state" v="VT" />
    <tag k="ref:vcgi:esiteid" v="258875" />
  </node>
  <node id="-495" visible="true" lat="43.845725323566" lon="-72.185138449785">
    <tag k="addr:city" v="East Thetford" />
    <tag k="addr:housenumber" v="5516" />
    <tag k="addr:street" v="United States Route 5" />
    <tag k="addr:state" v="VT" />
    <tag k="ref:vcgi:esiteid" v="258876" />
  </node>
  <node id="-496" visible="true" lat="43.845721428625" lon="-72.184741617351">
    <tag k="addr:city" v="East Thetford" />
    <tag k="addr:housenumber" v="5512" />
    <tag k="addr:street" v="United States Route 5" />
    <tag k="addr:state" v="VT" />
    <tag k="ref:vcgi:esiteid" v="258877" />
  </node>
  <node id="-497" visible="true" lat="43.845946261942" lon="-72.2496188355">
    <tag k="addr:city" v="Thetford Center" />
    <tag k="addr:housenumber" v="107" />
    <tag k="addr:street" v="Five Corners Road" />
    <tag k="addr:state" v="VT" />
    <tag k="ref:vcgi:esiteid" v="258878" />
  </node>
  <node id="-498" visible="true" lat="43.846132348436" lon="-72.252697109407">
    <tag k="addr:city" v="Thetford Center" />
    <tag k="addr:housenumber" v="4997" />
    <tag k="addr:street" v="Vermont Route 113" />
    <tag k="addr:state" v="VT" />
    <tag k="ref:vcgi:esiteid" v="258879" />
  </node>
  <node id="-499" visible="true" lat="43.845414050154" lon="-72.248741862904">
    <tag k="addr:city" v="Thetford Center" />
    <tag k="addr:housenumber" v="104" />
    <tag k="addr:street" v="Five Corners Road" />
    <tag k="addr:state" v="VT" />
    <tag k="ref:vcgi:esiteid" v="258880" />
  </node>
  <node id="-500" visible="true" lat="43.845358987188" lon="-72.185002524276">
    <tag k="addr:city" v="East Thetford" />
    <tag k="addr:housenumber" v="5490" />
    <tag k="addr:street" v="United States Route 5" />
    <tag k="addr:state" v="VT" />
    <tag k="ref:vcgi:esiteid" v="258881" />
  </node>
  <node id="-501" visible="true" lat="43.845044587027" lon="-72.204136258873">
    <tag k="addr:city" v="East Thetford" />
    <tag k="addr:housenumber" v="439" />
    <tag k="addr:street" v="Potato Hill Road South" />
    <tag k="addr:state" v="VT" />
    <tag k="ref:vcgi:esiteid" v="258882" />
  </node>
  <node id="-502" visible="true" lat="43.845110286507" lon="-72.184752931709">
    <tag k="addr:city" v="East Thetford" />
    <tag k="addr:housenumber" v="5470" />
    <tag k="addr:street" v="United States Route 5" />
    <tag k="addr:state" v="VT" />
    <tag k="ref:vcgi:esiteid" v="258883" />
  </node>
  <node id="-503" visible="true" lat="43.845590162907" lon="-72.251987797898">
    <tag k="addr:city" v="Thetford Center" />
    <tag k="addr:housenumber" v="4957" />
    <tag k="addr:street" v="Vermont Route 113" />
    <tag k="addr:state" v="VT" />
    <tag k="ref:vcgi:esiteid" v="258884" />
  </node>
  <node id="-504" visible="true" lat="43.845059020269" lon="-72.251303789179">
    <tag k="addr:city" v="Thetford Center" />
    <tag k="addr:housenumber" v="4931" />
    <tag k="addr:street" v="Vermont Route 113" />
    <tag k="addr:state" v="VT" />
    <tag k="ref:vcgi:esiteid" v="258885" />
  </node>
  <node id="-505" visible="true" lat="43.844831615901" lon="-72.185400033456">
    <tag k="addr:city" v="East Thetford" />
    <tag k="addr:housenumber" v="5457" />
    <tag k="addr:street" v="United States Route 5" />
    <tag k="addr:state" v="VT" />
    <tag k="ref:vcgi:esiteid" v="258886" />
  </node>
  <node id="-506" visible="true" lat="43.845284020712" lon="-72.251721615597">
    <tag k="addr:city" v="Thetford Center" />
    <tag k="addr:housenumber" v="4945" />
    <tag k="addr:street" v="Vermont Route 113" />
    <tag k="addr:state" v="VT" />
    <tag k="ref:vcgi:esiteid" v="258887" />
  </node>
  <node id="-507" visible="true" lat="43.844589804947" lon="-72.184867618021">
    <tag k="addr:city" v="East Thetford" />
    <tag k="addr:housenumber" v="5442" />
    <tag k="addr:street" v="United States Route 5" />
    <tag k="addr:state" v="VT" />
    <tag k="ref:vcgi:esiteid" v="258888" />
  </node>
  <node id="-508" visible="true" lat="43.844530560342" lon="-72.191116972224">
    <tag k="addr:city" v="East Thetford" />
    <tag k="addr:housenumber" v="304" />
    <tag k="addr:street" v="Cider Mill Road" />
    <tag k="addr:state" v="VT" />
    <tag k="ref:vcgi:esiteid" v="258889" />
  </node>
  <node id="-509" visible="true" lat="43.844444229183" lon="-72.185417316887">
    <tag k="addr:city" v="East Thetford" />
    <tag k="addr:housenumber" v="5437" />
    <tag k="addr:street" v="United States Route 5" />
    <tag k="addr:state" v="VT" />
    <tag k="ref:vcgi:esiteid" v="258890" />
  </node>
  <node id="-510" visible="true" lat="43.844869851836" lon="-72.250796360017">
    <tag k="addr:city" v="Thetford Center" />
    <tag k="addr:housenumber" v="4899" />
    <tag k="addr:street" v="Vermont Route 113" />
    <tag k="addr:state" v="VT" />
    <tag k="ref:vcgi:esiteid" v="258891" />
  </node>
  <node id="-511" visible="true" lat="43.844645549292" lon="-72.249475743855">
    <tag k="addr:city" v="Thetford Center" />
    <tag k="addr:housenumber" v="35" />
    <tag k="addr:street" v="Five Corners Road" />
    <tag k="addr:state" v="VT" />
    <tag k="ref:vcgi:esiteid" v="258892" />
  </node>
  <node id="-512" visible="true" lat="43.844140108448" lon="-72.185313287849">
    <tag k="addr:city" v="East Thetford" />
    <tag k="addr:housenumber" v="5419" />
    <tag k="addr:street" v="United States Route 5" />
    <tag k="addr:state" v="VT" />
    <tag k="ref:vcgi:esiteid" v="258893" />
  </node>
  <node id="-513" visible="true" lat="43.844249023823" lon="-72.184798803843">
    <tag k="addr:city" v="East Thetford" />
    <tag k="addr:housenumber" v="5414" />
    <tag k="addr:street" v="United States Route 5" />
    <tag k="addr:state" v="VT" />
    <tag k="ref:vcgi:esiteid" v="258894" />
  </node>
  <node id="-514" visible="true" lat="43.844162390203" lon="-72.272117893031">
    <tag k="addr:city" v="Thetford Center" />
    <tag k="addr:housenumber" v="1562" />
    <tag k="addr:street" v="Poor Farm Road South" />
    <tag k="addr:state" v="VT" />
    <tag k="ref:vcgi:esiteid" v="258895" />
  </node>
  <node id="-515" visible="true" lat="43.844157144979" lon="-72.18455537058">
    <tag k="addr:city" v="East Thetford" />
    <tag k="addr:housenumber" v="5400" />
    <tag k="addr:street" v="United States Route 5" />
    <tag k="addr:state" v="VT" />
    <tag k="ref:vcgi:esiteid" v="258896" />
  </node>
  <node id="-516" visible="true" lat="43.844061599034" lon="-72.232412923356">
    <tag k="addr:city" v="Thetford Center" />
    <tag k="addr:housenumber" v="1456" />
    <tag k="addr:street" v="Mud Pond Road" />
    <tag k="addr:state" v="VT" />
    <tag k="ref:vcgi:esiteid" v="258897" />
  </node>
  <node id="-517" visible="true" lat="43.843898177302" lon="-72.184383975277">
    <tag k="addr:city" v="East Thetford" />
    <tag k="addr:housenumber" v="5396" />
    <tag k="addr:street" v="United States Route 5" />
    <tag k="addr:state" v="VT" />
    <tag k="ref:vcgi:esiteid" v="258898" />
  </node>
  <node id="-518" visible="true" lat="43.843740314552" lon="-72.184532348582">
    <tag k="addr:city" v="East Thetford" />
    <tag k="addr:housenumber" v="5378" />
    <tag k="addr:street" v="United States Route 5" />
    <tag k="addr:state" v="VT" />
    <tag k="ref:vcgi:esiteid" v="258899" />
  </node>
  <node id="-519" visible="true" lat="43.843705555902" lon="-72.246452742595">
    <tag k="addr:city" v="Thetford Center" />
    <tag k="addr:housenumber" v="4650" />
    <tag k="addr:street" v="Vermont Route 113" />
    <tag k="addr:state" v="VT" />
    <tag k="ref:vcgi:esiteid" v="258900" />
  </node>
  <node id="-520" visible="true" lat="43.844013656031" lon="-72.18338241379">
    <tag k="addr:city" v="East Thetford" />
    <tag k="addr:housenumber" v="83" />
    <tag k="addr:street" v="Bridge Road" />
    <tag k="addr:state" v="VT" />
    <tag k="ref:vcgi:esiteid" v="258901" />
  </node>
  <node id="-521" visible="true" lat="43.843491018918" lon="-72.185161752725">
    <tag k="addr:city" v="East Thetford" />
    <tag k="addr:housenumber" v="5371" />
    <tag k="addr:street" v="United States Route 5" />
    <tag k="addr:state" v="VT" />
    <tag k="ref:vcgi:esiteid" v="258902" />
  </node>
  <node id="-522" visible="true" lat="43.843588019168" lon="-72.254277360471">
    <tag k="addr:city" v="Thetford Center" />
    <tag k="addr:housenumber" v="121" />
    <tag k="addr:street" v="Sawnee Bean Road" />
    <tag k="addr:state" v="VT" />
    <tag k="ref:vcgi:esiteid" v="258903" />
  </node>
  <node id="-523" visible="true" lat="43.84362431382" lon="-72.188289100204">
    <tag k="addr:city" v="East Thetford" />
    <tag k="addr:housenumber" v="92" />
    <tag k="addr:street" v="Cider Mill Road" />
    <tag k="addr:state" v="VT" />
    <tag k="ref:vcgi:esiteid" v="258904" />
  </node>
  <node id="-524" visible="true" lat="43.843680754044" lon="-72.31273208121">
    <tag k="addr:city" v="Thetford Center" />
    <tag k="addr:housenumber" v="696" />
    <tag k="addr:street" v="Miller Pond Road" />
    <tag k="addr:state" v="VT" />
    <tag k="ref:vcgi:esiteid" v="258905" />
  </node>
  <node id="-525" visible="true" lat="43.843226772652" lon="-72.185169097815">
    <tag k="addr:city" v="East Thetford" />
    <tag k="addr:housenumber" v="5355" />
    <tag k="addr:street" v="United States Route 5" />
    <tag k="addr:state" v="VT" />
    <tag k="ref:vcgi:esiteid" v="258906" />
  </node>
  <node id="-526" visible="true" lat="43.843277686893" lon="-72.184538313166">
    <tag k="addr:city" v="East Thetford" />
    <tag k="addr:housenumber" v="5348" />
    <tag k="addr:street" v="United States Route 5" />
    <tag k="addr:state" v="VT" />
    <tag k="ref:vcgi:esiteid" v="258907" />
  </node>
  <node id="-527" visible="true" lat="43.843205337001" lon="-72.248993568809">
    <tag k="addr:city" v="Thetford Center" />
    <tag k="addr:housenumber" v="4765" />
    <tag k="addr:street" v="Vermont Route 113" />
    <tag k="addr:state" v="VT" />
    <tag k="ref:vcgi:esiteid" v="258908" />
  </node>
  <node id="-528" visible="true" lat="43.843011154081" lon="-72.185000693973">
    <tag k="addr:city" v="East Thetford" />
    <tag k="addr:housenumber" v="5325" />
    <tag k="addr:street" v="United States Route 5" />
    <tag k="addr:state" v="VT" />
    <tag k="ref:vcgi:esiteid" v="258909" />
  </node>
  <node id="-529" visible="true" lat="43.843055481041" lon="-72.183367172806">
    <tag k="addr:city" v="East Thetford" />
    <tag k="addr:housenumber" v="81" />
    <tag k="addr:street" v="Bridge Road" />
    <tag k="addr:state" v="VT" />
    <tag k="ref:vcgi:esiteid" v="258910" />
  </node>
  <node id="-530" visible="true" lat="43.842662746317" lon="-72.246036410376">
    <tag k="addr:city" v="Thetford Center" />
    <tag k="addr:housenumber" v="4648" />
    <tag k="addr:street" v="Vermont Route 113" />
    <tag k="addr:state" v="VT" />
    <tag k="ref:vcgi:esiteid" v="258911" />
  </node>
  <node id="-531" visible="true" lat="43.84288147689" lon="-72.184466860923">
    <tag k="addr:city" v="East Thetford" />
    <tag k="addr:housenumber" v="5334" />
    <tag k="addr:street" v="United States Route 5" />
    <tag k="addr:state" v="VT" />
    <tag k="ref:vcgi:esiteid" v="258912" />
  </node>
  <node id="-532" visible="true" lat="43.843208625354" lon="-72.272767133002">
    <tag k="addr:city" v="Thetford Center" />
    <tag k="addr:housenumber" v="1471" />
    <tag k="addr:street" v="Poor Farm Road South" />
    <tag k="addr:state" v="VT" />
    <tag k="ref:vcgi:esiteid" v="258913" />
  </node>
  <node id="-533" visible="true" lat="43.842984765328" lon="-72.186629368454">
    <tag k="addr:city" v="East Thetford" />
    <tag k="addr:housenumber" v="8" />
    <tag k="addr:street" v="Cider Mill Road" />
    <tag k="addr:state" v="VT" />
    <tag k="ref:vcgi:esiteid" v="258914" />
  </node>
  <node id="-534" visible="true" lat="43.842534394578" lon="-72.187356096576">
    <tag k="addr:city" v="East Thetford" />
    <tag k="addr:housenumber" v="23" />
    <tag k="addr:street" v="Cider Mill Road" />
    <tag k="addr:state" v="VT" />
    <tag k="ref:vcgi:esiteid" v="258915" />
  </node>
  <node id="-535" visible="true" lat="43.842633526348" lon="-72.184215268565">
    <tag k="addr:city" v="East Thetford" />
    <tag k="addr:housenumber" v="39" />
    <tag k="addr:street" v="Bridge Road" />
    <tag k="addr:state" v="VT" />
    <tag k="ref:vcgi:esiteid" v="258916" />
  </node>
  <node id="-536" visible="true" lat="43.84238394827" lon="-72.247510449657">
    <tag k="addr:city" v="Thetford Center" />
    <tag k="addr:housenumber" v="4706" />
    <tag k="addr:street" v="Vermont Route 113" />
    <tag k="addr:state" v="VT" />
    <tag k="ref:vcgi:esiteid" v="258917" />
  </node>
  <node id="-537" visible="true" lat="43.842418839293" lon="-72.184576194286">
    <tag k="addr:city" v="East Thetford" />
    <tag k="addr:housenumber" v="38" />
    <tag k="addr:street" v="Bridge Road" />
    <tag k="addr:state" v="VT" />
    <tag k="ref:vcgi:esiteid" v="258918" />
  </node>
  <node id="-538" visible="true" lat="43.842465691902" lon="-72.183999094325">
    <tag k="addr:city" v="East Thetford" />
    <tag k="addr:housenumber" v="57" />
    <tag k="addr:street" v="Bridge Road" />
    <tag k="addr:state" v="VT" />
    <tag k="ref:vcgi:esiteid" v="258919" />
  </node>
  <node id="-539" visible="true" lat="43.842824347067" lon="-72.24861243551">
    <tag k="addr:city" v="Thetford Center" />
    <tag k="addr:housenumber" v="4711" />
    <tag k="addr:street" v="Vermont Route 113" />
    <tag k="addr:state" v="VT" />
    <tag k="ref:vcgi:esiteid" v="258920" />
  </node>
  <node id="-540" visible="true" lat="43.842388741435" lon="-72.188106376815">
    <tag k="addr:city" v="East Thetford" />
    <tag k="addr:housenumber" v="47" />
    <tag k="addr:street" v="Cider Mill Road" />
    <tag k="addr:state" v="VT" />
    <tag k="ref:vcgi:esiteid" v="258921" />
  </node>
  <node id="-541" visible="true" lat="43.842153332108" lon="-72.184169343216">
    <tag k="addr:city" v="East Thetford" />
    <tag k="addr:housenumber" v="54" />
    <tag k="addr:street" v="Bridge Road" />
    <tag k="addr:state" v="VT" />
    <tag k="ref:vcgi:esiteid" v="258922" />
  </node>
  <node id="-542" visible="true" lat="43.842370533302" lon="-72.313491872212">
    <tag k="addr:city" v="Thetford Center" />
    <tag k="addr:housenumber" v="619" />
    <tag k="addr:street" v="Miller Pond Road" />
    <tag k="addr:state" v="VT" />
    <tag k="ref:vcgi:esiteid" v="258923" />
  </node>
  <node id="-543" visible="true" lat="43.841972930712" lon="-72.188318339762">
    <tag k="addr:city" v="East Thetford" />
    <tag k="addr:housenumber" v="5139" />
    <tag k="addr:street" v="United States Route 5" />
    <tag k="addr:state" v="VT" />
    <tag k="ref:vcgi:esiteid" v="258924" />
  </node>
  <node id="-544" visible="true" lat="43.841772917599" lon="-72.203670478375">
    <tag k="addr:city" v="East Thetford" />
    <tag k="addr:housenumber" v="168" />
    <tag k="addr:street" v="Potato Hill Road South" />
    <tag k="addr:state" v="VT" />
    <tag k="ref:vcgi:esiteid" v="258925" />
  </node>
  <node id="-545" visible="true" lat="43.841989020301" lon="-72.312580906291">
    <tag k="addr:city" v="Thetford Center" />
    <tag k="addr:housenumber" v="588" />
    <tag k="addr:street" v="Miller Pond Road" />
    <tag k="addr:state" v="VT" />
    <tag k="ref:vcgi:esiteid" v="258926" />
  </node>
  <node id="-546" visible="true" lat="43.841664703916" lon="-72.187694199731">
    <tag k="addr:city" v="East Thetford" />
    <tag k="addr:housenumber" v="5136" />
    <tag k="addr:street" v="United States Route 5" />
    <tag k="addr:state" v="VT" />
    <tag k="ref:vcgi:esiteid" v="258927" />
  </node>
  <node id="-547" visible="true" lat="43.841710416138" lon="-72.247231000265">
    <tag k="addr:city" v="Thetford Center" />
    <tag k="addr:housenumber" v="4636" />
    <tag k="addr:street" v="Vermont Route 113" />
    <tag k="addr:state" v="VT" />
    <tag k="ref:vcgi:esiteid" v="258928" />
  </node>
  <node id="-548" visible="true" lat="43.841455386552" lon="-72.189019220539">
    <tag k="addr:city" v="East Thetford" />
    <tag k="addr:housenumber" v="5083" />
    <tag k="addr:street" v="United States Route 5" />
    <tag k="addr:state" v="VT" />
    <tag k="ref:vcgi:esiteid" v="258930" />
  </node>
  <node id="-549" visible="true" lat="43.841331030087" lon="-72.183409586985">
    <tag k="addr:city" v="East Thetford" />
    <tag k="addr:housenumber" v="82" />
    <tag k="addr:street" v="Bridge Road" />
    <tag k="addr:state" v="VT" />
    <tag k="ref:vcgi:esiteid" v="258931" />
  </node>
  <node id="-550" visible="true" lat="43.841513248798" lon="-72.195461440911">
    <tag k="addr:city" v="East Thetford" />
    <tag k="addr:housenumber" v="904" />
    <tag k="addr:street" v="Clay Road" />
    <tag k="addr:state" v="VT" />
    <tag k="ref:vcgi:esiteid" v="258932" />
  </node>
  <node id="-551" visible="true" lat="43.841663123262" lon="-72.231239908899">
    <tag k="addr:city" v="Thetford Center" />
    <tag k="addr:housenumber" v="1248" />
    <tag k="addr:street" v="Mud Pond Road" />
    <tag k="addr:state" v="VT" />
    <tag k="ref:vcgi:esiteid" v="258933" />
  </node>
  <node id="-552" visible="true" lat="43.841250646249" lon="-72.189278259622">
    <tag k="addr:city" v="East Thetford" />
    <tag k="addr:housenumber" v="5065" />
    <tag k="addr:street" v="United States Route 5" />
    <tag k="addr:state" v="VT" />
    <tag k="ref:vcgi:esiteid" v="258934" />
  </node>
  <node id="-553" visible="true" lat="43.84122705457" lon="-72.20556160463">
    <tag k="addr:city" v="East Thetford" />
    <tag k="addr:housenumber" v="293" />
    <tag k="addr:street" v="Van Norden Road" />
    <tag k="addr:state" v="VT" />
    <tag k="ref:vcgi:esiteid" v="258935" />
  </node>
  <node id="-554" visible="true" lat="43.841074103848" lon="-72.189587663572">
    <tag k="addr:city" v="East Thetford" />
    <tag k="addr:housenumber" v="5047" />
    <tag k="addr:street" v="United States Route 5" />
    <tag k="addr:state" v="VT" />
    <tag k="ref:vcgi:esiteid" v="258936" />
  </node>
  <node id="-555" visible="true" lat="43.841837351602" lon="-72.265711013446">
    <tag k="addr:city" v="Thetford Center" />
    <tag k="addr:housenumber" v="1015" />
    <tag k="addr:street" v="Whippoorwill Road" />
    <tag k="addr:state" v="VT" />
    <tag k="ref:vcgi:esiteid" v="258937" />
  </node>
  <node id="-556" visible="true" lat="43.841173140068" lon="-72.260559079762">
    <tag k="addr:city" v="Thetford Center" />
    <tag k="addr:housenumber" v="602" />
    <tag k="addr:street" v="Whippoorwill Road" />
    <tag k="addr:state" v="VT" />
    <tag k="ref:vcgi:esiteid" v="258938" />
  </node>
  <node id="-557" visible="true" lat="43.840808915914" lon="-72.205899325511">
    <tag k="addr:city" v="East Thetford" />
    <tag k="addr:housenumber" v="249" />
    <tag k="addr:street" v="Van Norden Road" />
    <tag k="addr:state" v="VT" />
    <tag k="ref:vcgi:esiteid" v="258939" />
  </node>
  <node id="-558" visible="true" lat="43.840612775204" lon="-72.205221053408">
    <tag k="addr:city" v="East Thetford" />
    <tag k="addr:housenumber" v="275" />
    <tag k="addr:street" v="Van Norden Road" />
    <tag k="addr:state" v="VT" />
    <tag k="ref:vcgi:esiteid" v="258940" />
  </node>
  <node id="-559" visible="true" lat="43.840618591895" lon="-72.205618297776">
    <tag k="addr:city" v="East Thetford" />
    <tag k="addr:housenumber" v="265" />
    <tag k="addr:street" v="Van Norden Road" />
    <tag k="addr:state" v="VT" />
    <tag k="ref:vcgi:esiteid" v="258941" />
  </node>
  <node id="-560" visible="true" lat="43.840490390126" lon="-72.200407498854">
    <tag k="addr:city" v="East Thetford" />
    <tag k="addr:housenumber" v="396" />
    <tag k="addr:street" v="Schoolhouse Hill Road" />
    <tag k="addr:state" v="VT" />
    <tag k="ref:vcgi:esiteid" v="258942" />
  </node>
  <node id="-561" visible="true" lat="43.840393689219" lon="-72.246807311023">
    <tag k="addr:city" v="Thetford Center" />
    <tag k="addr:housenumber" v="4580" />
    <tag k="addr:street" v="Vermont Route 113" />
    <tag k="addr:state" v="VT" />
    <tag k="ref:vcgi:esiteid" v="258943" />
  </node>
  <node id="-562" visible="true" lat="43.840440131394" lon="-72.261964690217">
    <tag k="addr:city" v="Thetford Center" />
    <tag k="addr:housenumber" v="756" />
    <tag k="addr:street" v="Whippoorwill Road" />
    <tag k="addr:state" v="VT" />
    <tag k="ref:vcgi:esiteid" v="258944" />
  </node>
  <node id="-563" visible="true" lat="43.840557479446" lon="-72.203748180938">
    <tag k="addr:city" v="East Thetford" />
    <tag k="addr:housenumber" v="45" />
    <tag k="addr:street" v="Potato Hill Road South" />
    <tag k="addr:state" v="VT" />
    <tag k="ref:vcgi:esiteid" v="258945" />
  </node>
  <node id="-564" visible="true" lat="43.840472378761" lon="-72.231492211409">
    <tag k="addr:city" v="Thetford Center" />
    <tag k="addr:housenumber" v="1191" />
    <tag k="addr:street" v="Mud Pond Road" />
    <tag k="addr:state" v="VT" />
    <tag k="ref:vcgi:esiteid" v="258946" />
  </node>
  <node id="-565" visible="true" lat="43.840152146549" lon="-72.196221157243">
    <tag k="addr:city" v="East Thetford" />
    <tag k="addr:housenumber" v="222" />
    <tag k="addr:street" v="Schoolhouse Hill Road" />
    <tag k="addr:state" v="VT" />
    <tag k="ref:vcgi:esiteid" v="258947" />
  </node>
  <node id="-566" visible="true" lat="43.840277849156" lon="-72.315408603544">
    <tag k="addr:city" v="Thetford Center" />
    <tag k="addr:housenumber" v="223" />
    <tag k="addr:street" v="Wells Fargo Road" />
    <tag k="addr:state" v="VT" />
    <tag k="ref:vcgi:esiteid" v="258948" />
  </node>
  <node id="-567" visible="true" lat="43.836657883694" lon="-72.264014183555">
    <tag k="addr:city" v="Thetford Center" />
    <tag k="addr:housenumber" v="797" />
    <tag k="addr:street" v="Whippoorwill Road" />
    <tag k="addr:state" v="VT" />
    <tag k="ref:vcgi:esiteid" v="258949" />
  </node>
  <node id="-568" visible="true" lat="43.839814443152" lon="-72.199929190462">
    <tag k="addr:city" v="East Thetford" />
    <tag k="addr:housenumber" v="418" />
    <tag k="addr:street" v="Schoolhouse Hill Road" />
    <tag k="addr:state" v="VT" />
    <tag k="ref:vcgi:esiteid" v="258950" />
  </node>
  <node id="-569" visible="true" lat="43.840139788574" lon="-72.263280529111">
    <tag k="addr:city" v="Thetford Center" />
    <tag k="addr:housenumber" v="825" />
    <tag k="addr:street" v="Whippoorwill Road" />
    <tag k="addr:state" v="VT" />
    <tag k="ref:vcgi:esiteid" v="258951" />
  </node>
  <node id="-570" visible="true" lat="43.839450976561" lon="-72.205188385788">
    <tag k="addr:city" v="East Thetford" />
    <tag k="addr:housenumber" v="197" />
    <tag k="addr:street" v="Van Norden Road" />
    <tag k="addr:state" v="VT" />
    <tag k="ref:vcgi:esiteid" v="258952" />
  </node>
  <node id="-571" visible="true" lat="43.83916097195" lon="-72.200262781234">
    <tag k="addr:city" v="East Thetford" />
    <tag k="addr:housenumber" v="462" />
    <tag k="addr:street" v="Schoolhouse Hill Road" />
    <tag k="addr:state" v="VT" />
    <tag k="ref:vcgi:esiteid" v="258953" />
  </node>
  <node id="-572" visible="true" lat="43.839242740386" lon="-72.229339865881">
    <tag k="addr:city" v="Thetford Center" />
    <tag k="addr:housenumber" v="1068" />
    <tag k="addr:street" v="Mud Pond Road" />
    <tag k="addr:state" v="VT" />
    <tag k="ref:vcgi:esiteid" v="258955" />
  </node>
  <node id="-573" visible="true" lat="43.838906781126" lon="-72.205300302965">
    <tag k="addr:city" v="East Thetford" />
    <tag k="addr:housenumber" v="161" />
    <tag k="addr:street" v="Van Norden Road" />
    <tag k="addr:state" v="VT" />
    <tag k="ref:vcgi:esiteid" v="258956" />
  </node>
  <node id="-574" visible="true" lat="43.839093532765" lon="-72.26126969484">
    <tag k="addr:city" v="Thetford Center" />
    <tag k="addr:housenumber" v="687" />
    <tag k="addr:street" v="Whippoorwill Road" />
    <tag k="addr:state" v="VT" />
    <tag k="ref:vcgi:esiteid" v="258957" />
  </node>
  <node id="-575" visible="true" lat="43.838988619037" lon="-72.246600765493">
    <tag k="addr:city" v="Thetford Center" />
    <tag k="addr:housenumber" v="4460" />
    <tag k="addr:street" v="Vermont Route 113" />
    <tag k="addr:state" v="VT" />
    <tag k="ref:vcgi:esiteid" v="258958" />
  </node>
  <node id="-576" visible="true" lat="43.838799319089" lon="-72.19216313388">
    <tag k="addr:city" v="East Thetford" />
    <tag k="addr:housenumber" v="2277" />
    <tag k="addr:street" v="Latham Road" />
    <tag k="addr:state" v="VT" />
    <tag k="ref:vcgi:esiteid" v="258959" />
  </node>
  <node id="-577" visible="true" lat="43.838616017453" lon="-72.200449308311">
    <tag k="addr:city" v="East Thetford" />
    <tag k="addr:housenumber" v="496" />
    <tag k="addr:street" v="Schoolhouse Hill Road" />
    <tag k="addr:state" v="VT" />
    <tag k="ref:vcgi:esiteid" v="258962" />
  </node>
  <node id="-578" visible="true" lat="43.838861497731" lon="-72.313134372442">
    <tag k="addr:city" v="Thetford Center" />
    <tag k="addr:housenumber" v="131" />
    <tag k="addr:street" v="Wells Fargo Road" />
    <tag k="addr:state" v="VT" />
    <tag k="ref:vcgi:esiteid" v="258963" />
  </node>
  <node id="-579" visible="true" lat="43.83870824943" lon="-72.259163981883">
    <tag k="addr:city" v="Thetford Center" />
    <tag k="addr:housenumber" v="584" />
    <tag k="addr:street" v="Whippoorwill Road" />
    <tag k="addr:state" v="VT" />
    <tag k="ref:vcgi:esiteid" v="258964" />
  </node>
  <node id="-580" visible="true" lat="43.838495559441" lon="-72.193396031791">
    <tag k="addr:city" v="East Thetford" />
    <tag k="addr:housenumber" v="23" />
    <tag k="addr:street" v="Schoolhouse Hill Road" />
    <tag k="addr:state" v="VT" />
    <tag k="ref:vcgi:esiteid" v="258965" />
  </node>
  <node id="-581" visible="true" lat="43.838921375168" lon="-72.219262026224">
    <tag k="addr:city" v="Thetford Center" />
    <tag k="addr:housenumber" v="1426" />
    <tag k="addr:street" v="Houghton Hill Road" />
    <tag k="addr:state" v="VT" />
    <tag k="ref:vcgi:esiteid" v="258966" />
  </node>
  <node id="-582" visible="true" lat="43.838191200432" lon="-72.20547099763">
    <tag k="addr:city" v="East Thetford" />
    <tag k="addr:housenumber" v="117" />
    <tag k="addr:street" v="Van Norden Road" />
    <tag k="addr:state" v="VT" />
    <tag k="ref:vcgi:esiteid" v="258967" />
  </node>
  <node id="-583" visible="true" lat="43.838298215795" lon="-72.201118958669">
    <tag k="addr:city" v="East Thetford" />
    <tag k="addr:housenumber" v="156" />
    <tag k="addr:street" v="Turnpike Road South" />
    <tag k="addr:state" v="VT" />
    <tag k="ref:vcgi:esiteid" v="258968" />
  </node>
  <node id="-584" visible="true" lat="43.838593610919" lon="-72.230634598309">
    <tag k="addr:city" v="Thetford Center" />
    <tag k="addr:housenumber" v="1019" />
    <tag k="addr:street" v="Mud Pond Road" />
    <tag k="addr:state" v="VT" />
    <tag k="ref:vcgi:esiteid" v="258970" />
  </node>
  <node id="-585" visible="true" lat="43.838321962964" lon="-72.271162567704">
    <tag k="addr:city" v="Thetford Center" />
    <tag k="addr:housenumber" v="1092" />
    <tag k="addr:street" v="Poor Farm Road South" />
    <tag k="addr:state" v="VT" />
    <tag k="ref:vcgi:esiteid" v="258971" />
  </node>
  <node id="-586" visible="true" lat="43.83822904117" lon="-72.229482756593">
    <tag k="addr:city" v="Thetford Center" />
    <tag k="addr:housenumber" v="966" />
    <tag k="addr:street" v="Mud Pond Road" />
    <tag k="addr:state" v="VT" />
    <tag k="ref:vcgi:esiteid" v="258972" />
  </node>
  <node id="-587" visible="true" lat="43.839208511934" lon="-72.247358289015">
    <tag k="addr:city" v="Thetford Center" />
    <tag k="addr:housenumber" v="4397" />
    <tag k="addr:street" v="Vermont Route 113" />
    <tag k="addr:state" v="VT" />
    <tag k="ref:vcgi:esiteid" v="258974" />
  </node>
  <node id="-588" visible="true" lat="43.8376653573" lon="-72.20145077012">
    <tag k="addr:city" v="East Thetford" />
    <tag k="addr:housenumber" v="153" />
    <tag k="addr:street" v="Turnpike Road South" />
    <tag k="addr:state" v="VT" />
    <tag k="ref:vcgi:esiteid" v="258976" />
  </node>
  <node id="-589" visible="true" lat="43.837833161348" lon="-72.189671754665">
    <tag k="addr:city" v="East Thetford" />
    <tag k="addr:housenumber" v="4804" />
    <tag k="addr:street" v="United States Route 5" />
    <tag k="addr:state" v="VT" />
    <tag k="ref:vcgi:esiteid" v="258977" />
  </node>
  <node id="-590" visible="true" lat="43.837795444847" lon="-72.272778554618">
    <tag k="addr:city" v="Thetford Center" />
    <tag k="addr:housenumber" v="1123" />
    <tag k="addr:street" v="Poor Farm Road South" />
    <tag k="addr:state" v="VT" />
    <tag k="ref:vcgi:esiteid" v="258978" />
  </node>
  <node id="-591" visible="true" lat="43.837800330655" lon="-72.197070495286">
    <tag k="addr:city" v="East Thetford" />
    <tag k="addr:housenumber" v="176" />
    <tag k="addr:street" v="Park Lane" />
    <tag k="addr:state" v="VT" />
    <tag k="ref:vcgi:esiteid" v="258979" />
  </node>
  <node id="-592" visible="true" lat="43.837520132189" lon="-72.195643998497">
    <tag k="addr:city" v="East Thetford" />
    <tag k="addr:housenumber" v="2083" />
    <tag k="addr:street" v="Latham Road" />
    <tag k="addr:state" v="VT" />
    <tag k="ref:vcgi:esiteid" v="258980" />
  </node>
  <node id="-593" visible="true" lat="43.838981810367" lon="-72.247498739593">
    <tag k="addr:city" v="Thetford Center" />
    <tag k="addr:housenumber" v="4355" />
    <tag k="addr:street" v="Vermont Route 113" />
    <tag k="addr:state" v="VT" />
    <tag k="ref:vcgi:esiteid" v="258981" />
  </node>
  <node id="-594" visible="true" lat="43.836612207411" lon="-72.200256691813">
    <tag k="addr:city" v="East Thetford" />
    <tag k="addr:housenumber" v="77" />
    <tag k="addr:street" v="Turnpike Road South" />
    <tag k="addr:state" v="VT" />
    <tag k="ref:vcgi:esiteid" v="258982" />
  </node>
  <node id="-595" visible="true" lat="43.837658136036" lon="-72.312191341051">
    <tag k="addr:city" v="Thetford Center" />
    <tag k="addr:housenumber" v="267" />
    <tag k="addr:street" v="Miller Pond Road" />
    <tag k="addr:state" v="VT" />
    <tag k="ref:vcgi:esiteid" v="258983" />
  </node>
  <node id="-596" visible="true" lat="43.837102511813" lon="-72.19533197144">
    <tag k="addr:city" v="East Thetford" />
    <tag k="addr:housenumber" v="2084" />
    <tag k="addr:street" v="Latham Road" />
    <tag k="addr:state" v="VT" />
    <tag k="ref:vcgi:esiteid" v="258984" />
  </node>
  <node id="-597" visible="true" lat="43.837167848586" lon="-72.202141764186">
    <tag k="addr:city" v="East Thetford" />
    <tag k="addr:housenumber" v="155" />
    <tag k="addr:street" v="Turnpike Road South" />
    <tag k="addr:state" v="VT" />
    <tag k="ref:vcgi:esiteid" v="258985" />
  </node>
  <node id="-598" visible="true" lat="43.837288995898" lon="-72.25682601659">
    <tag k="addr:city" v="Thetford Center" />
    <tag k="addr:housenumber" v="460" />
    <tag k="addr:street" v="Whippoorwill Road" />
    <tag k="addr:state" v="VT" />
    <tag k="ref:vcgi:esiteid" v="258986" />
  </node>
  <node id="-599" visible="true" lat="43.837233437216" lon="-72.190296726405">
    <tag k="addr:city" v="East Thetford" />
    <tag k="addr:housenumber" v="4774" />
    <tag k="addr:street" v="United States Route 5" />
    <tag k="addr:state" v="VT" />
    <tag k="ref:vcgi:esiteid" v="258987" />
  </node>
  <node id="-600" visible="true" lat="43.836899381589" lon="-72.196600992026">
    <tag k="addr:city" v="East Thetford" />
    <tag k="addr:housenumber" v="2042" />
    <tag k="addr:street" v="Latham Road" />
    <tag k="addr:state" v="VT" />
    <tag k="ref:vcgi:esiteid" v="258989" />
  </node>
  <node id="-601" visible="true" lat="43.837196288674" lon="-72.230560583127">
    <tag k="addr:city" v="Thetford Center" />
    <tag k="addr:housenumber" v="937" />
    <tag k="addr:street" v="Mud Pond Road" />
    <tag k="addr:state" v="VT" />
    <tag k="ref:vcgi:esiteid" v="258990" />
  </node>
  <node id="-602" visible="true" lat="43.837840515356" lon="-72.25826483115">
    <tag k="addr:city" v="Thetford Center" />
    <tag k="addr:housenumber" v="470" />
    <tag k="addr:street" v="Whippoorwill Road" />
    <tag k="addr:state" v="VT" />
    <tag k="ref:vcgi:esiteid" v="258991" />
  </node>
  <node id="-603" visible="true" lat="43.836716058364" lon="-72.197415251739">
    <tag k="addr:city" v="East Thetford" />
    <tag k="addr:housenumber" v="1980" />
    <tag k="addr:street" v="Latham Road" />
    <tag k="addr:state" v="VT" />
    <tag k="ref:vcgi:esiteid" v="258993" />
  </node>
  <node id="-604" visible="true" lat="43.837312207183" lon="-72.258907174221">
    <tag k="addr:city" v="Thetford Center" />
    <tag k="addr:housenumber" v="449" />
    <tag k="addr:street" v="Whippoorwill Road" />
    <tag k="addr:state" v="VT" />
    <tag k="ref:vcgi:esiteid" v="258994" />
  </node>
  <node id="-605" visible="true" lat="43.836780794666" lon="-72.199383943302">
    <tag k="addr:city" v="East Thetford" />
    <tag k="addr:housenumber" v="14" />
    <tag k="addr:street" v="Turnpike Road South" />
    <tag k="addr:state" v="VT" />
    <tag k="ref:vcgi:esiteid" v="258995" />
  </node>
  <node id="-606" visible="true" lat="43.836918400026" lon="-72.2197635442">
    <tag k="addr:city" v="Thetford Center" />
    <tag k="addr:housenumber" v="1318" />
    <tag k="addr:street" v="Houghton Hill Road" />
    <tag k="addr:state" v="VT" />
    <tag k="ref:vcgi:esiteid" v="258996" />
  </node>
  <node id="-607" visible="true" lat="43.836592911222" lon="-72.202522599786">
    <tag k="addr:city" v="East Thetford" />
    <tag k="addr:housenumber" v="1851" />
    <tag k="addr:street" v="Latham Road" />
    <tag k="addr:state" v="VT" />
    <tag k="ref:vcgi:esiteid" v="258997" />
  </node>
  <node id="-608" visible="true" lat="43.836759551054" lon="-72.246129113064">
    <tag k="addr:city" v="Thetford Center" />
    <tag k="addr:housenumber" v="86" />
    <tag k="addr:street" v="Trussell Road" />
    <tag k="addr:state" v="VT" />
    <tag k="ref:vcgi:esiteid" v="258998" />
  </node>
  <node id="-609" visible="true" lat="43.836694692122" lon="-72.259244548513">
    <tag k="addr:city" v="Thetford Center" />
    <tag k="addr:housenumber" v="445" />
    <tag k="addr:street" v="Whippoorwill Road" />
    <tag k="addr:state" v="VT" />
    <tag k="ref:vcgi:esiteid" v="258999" />
  </node>
  <node id="-610" visible="true" lat="43.836197732501" lon="-72.257214903384">
    <tag k="addr:city" v="Thetford Center" />
    <tag k="addr:housenumber" v="390" />
    <tag k="addr:street" v="Whippoorwill Road" />
    <tag k="addr:state" v="VT" />
    <tag k="ref:vcgi:esiteid" v="259000" />
  </node>
  <node id="-611" visible="true" lat="43.835878621609" lon="-72.20047523473">
    <tag k="addr:city" v="East Thetford" />
    <tag k="addr:housenumber" v="1849" />
    <tag k="addr:street" v="Latham Road" />
    <tag k="addr:state" v="VT" />
    <tag k="ref:vcgi:esiteid" v="259001" />
  </node>
  <node id="-612" visible="true" lat="43.836042349956" lon="-72.220112663379">
    <tag k="addr:city" v="Thetford Center" />
    <tag k="addr:housenumber" v="1252" />
    <tag k="addr:street" v="Houghton Hill Road" />
    <tag k="addr:state" v="VT" />
    <tag k="ref:vcgi:esiteid" v="259002" />
  </node>
  <node id="-613" visible="true" lat="43.835584097894" lon="-72.190953192203">
    <tag k="addr:city" v="East Thetford" />
    <tag k="addr:housenumber" v="4667" />
    <tag k="addr:street" v="United States Route 5" />
    <tag k="addr:state" v="VT" />
    <tag k="ref:vcgi:esiteid" v="259003" />
  </node>
  <node id="-614" visible="true" lat="43.835802650025" lon="-72.246313179119">
    <tag k="addr:city" v="Thetford Center" />
    <tag k="addr:housenumber" v="4210" />
    <tag k="addr:street" v="Vermont Route 113" />
    <tag k="addr:state" v="VT" />
    <tag k="ref:vcgi:esiteid" v="259004" />
  </node>
  <node id="-615" visible="true" lat="43.835575801699" lon="-72.221122974416">
    <tag k="addr:city" v="Thetford Center" />
    <tag k="addr:housenumber" v="1225" />
    <tag k="addr:street" v="Houghton Hill Road" />
    <tag k="addr:state" v="VT" />
    <tag k="ref:vcgi:esiteid" v="259005" />
  </node>
  <node id="-616" visible="true" lat="43.835531471535" lon="-72.19941646452">
    <tag k="addr:city" v="East Thetford" />
    <tag k="addr:housenumber" v="1814" />
    <tag k="addr:street" v="Latham Road" />
    <tag k="addr:state" v="VT" />
    <tag k="ref:vcgi:esiteid" v="259006" />
  </node>
  <node id="-617" visible="true" lat="43.835701797545" lon="-72.311912410007">
    <tag k="addr:city" v="Thetford Center" />
    <tag k="addr:housenumber" v="149" />
    <tag k="addr:street" v="Miller Pond Road" />
    <tag k="addr:state" v="VT" />
    <tag k="ref:vcgi:esiteid" v="259007" />
  </node>
  <node id="-618" visible="true" lat="43.835642914228" lon="-72.257591271796">
    <tag k="addr:city" v="Thetford Center" />
    <tag k="addr:housenumber" v="346" />
    <tag k="addr:street" v="Whippoorwill Road" />
    <tag k="addr:state" v="VT" />
    <tag k="ref:vcgi:esiteid" v="259008" />
  </node>
  <node id="-619" visible="true" lat="43.835651646095" lon="-72.258482980709">
    <tag k="addr:city" v="Thetford Center" />
    <tag k="addr:housenumber" v="349" />
    <tag k="addr:street" v="Whippoorwill Road" />
    <tag k="addr:state" v="VT" />
    <tag k="ref:vcgi:esiteid" v="259009" />
  </node>
  <node id="-620" visible="true" lat="43.835324260854" lon="-72.190018256791">
    <tag k="addr:city" v="East Thetford" />
    <tag k="addr:housenumber" v="4640" />
    <tag k="addr:street" v="United States Route 5" />
    <tag k="addr:state" v="VT" />
    <tag k="ref:vcgi:esiteid" v="259010" />
  </node>
  <node id="-621" visible="true" lat="43.835497331337" lon="-72.314010330953">
    <tag k="addr:city" v="Thetford Center" />
    <tag k="addr:housenumber" v="166" />
    <tag k="addr:street" v="REB Mountain Drive" />
    <tag k="addr:state" v="VT" />
    <tag k="ref:vcgi:esiteid" v="259011" />
  </node>
  <node id="-622" visible="true" lat="43.834979752654" lon="-72.222549319382">
    <tag k="addr:city" v="Thetford Center" />
    <tag k="addr:housenumber" v="1193" />
    <tag k="addr:street" v="Houghton Hill Road" />
    <tag k="addr:state" v="VT" />
    <tag k="ref:vcgi:esiteid" v="259012" />
  </node>
  <node id="-623" visible="true" lat="43.835073127727" lon="-72.246100644376">
    <tag k="addr:city" v="Thetford Center" />
    <tag k="addr:housenumber" v="31" />
    <tag k="addr:street" v="Hill Drive" />
    <tag k="addr:state" v="VT" />
    <tag k="ref:vcgi:esiteid" v="259013" />
  </node>
  <node id="-624" visible="true" lat="43.835378853947" lon="-72.319205698788">
    <tag k="addr:city" v="Thetford Center" />
    <tag k="addr:housenumber" v="4396" />
    <tag k="addr:street" v="Route 132" />
    <tag k="addr:state" v="VT" />
    <tag k="ref:vcgi:esiteid" v="259014" />
  </node>
  <node id="-625" visible="true" lat="43.834925937853" lon="-72.200660297393">
    <tag k="addr:city" v="East Thetford" />
    <tag k="addr:housenumber" v="1755" />
    <tag k="addr:street" v="Latham Road" />
    <tag k="addr:state" v="VT" />
    <tag k="ref:vcgi:esiteid" v="259015" />
  </node>
  <node id="-626" visible="true" lat="43.834696721773" lon="-72.187616474357">
    <tag k="addr:city" v="East Thetford" />
    <tag k="addr:housenumber" v="4572" />
    <tag k="addr:street" v="United States Route 5" />
    <tag k="addr:state" v="VT" />
    <tag k="ref:vcgi:esiteid" v="259016" />
  </node>
  <node id="-627" visible="true" lat="43.835087224615" lon="-72.319619835549">
    <tag k="addr:city" v="Thetford Center" />
    <tag k="addr:housenumber" v="4394" />
    <tag k="addr:street" v="Route 132" />
    <tag k="addr:state" v="VT" />
    <tag k="ref:vcgi:esiteid" v="259017" />
  </node>
  <node id="-628" visible="true" lat="43.834827160868" lon="-72.245758670464">
    <tag k="addr:city" v="Thetford Center" />
    <tag k="addr:housenumber" v="85" />
    <tag k="addr:street" v="Hill Drive" />
    <tag k="addr:state" v="VT" />
    <tag k="ref:vcgi:esiteid" v="259018" />
  </node>
  <node id="-629" visible="true" lat="43.834819701584" lon="-72.220803835569">
    <tag k="addr:city" v="Thetford Center" />
    <tag k="addr:housenumber" v="1172" />
    <tag k="addr:street" v="Houghton Hill Road" />
    <tag k="addr:state" v="VT" />
    <tag k="ref:vcgi:esiteid" v="259019" />
  </node>
  <node id="-630" visible="true" lat="43.834730823011" lon="-72.314441926753">
    <tag k="addr:city" v="Thetford Center" />
    <tag k="addr:housenumber" v="163" />
    <tag k="addr:street" v="REB Mountain Drive" />
    <tag k="addr:state" v="VT" />
    <tag k="ref:vcgi:esiteid" v="259020" />
  </node>
  <node id="-631" visible="true" lat="43.834503903522" lon="-72.203154591077">
    <tag k="addr:city" v="East Thetford" />
    <tag k="addr:housenumber" v="126" />
    <tag k="addr:street" v="Makala's Way" />
    <tag k="addr:state" v="VT" />
    <tag k="ref:vcgi:esiteid" v="259021" />
  </node>
  <node id="-632" visible="true" lat="43.8346338914" lon="-72.280683561185">
    <tag k="addr:city" v="Thetford Center" />
    <tag k="addr:housenumber" v="619" />
    <tag k="addr:street" v="Ulman Road" />
    <tag k="addr:state" v="VT" />
    <tag k="ref:vcgi:esiteid" v="259022" />
  </node>
  <node id="-633" visible="true" lat="43.83431559951" lon="-72.311944607952">
    <tag k="addr:city" v="Thetford Center" />
    <tag k="addr:housenumber" v="63" />
    <tag k="addr:street" v="Miller Pond Road" />
    <tag k="addr:state" v="VT" />
    <tag k="ref:vcgi:esiteid" v="259023" />
  </node>
  <node id="-634" visible="true" lat="43.834302355343" lon="-72.306143606137">
    <tag k="addr:city" v="Thetford Center" />
    <tag k="addr:housenumber" v="3652" />
    <tag k="addr:street" v="Route 132" />
    <tag k="addr:state" v="VT" />
    <tag k="ref:vcgi:esiteid" v="259024" />
  </node>
  <node id="-635" visible="true" lat="43.833991808296" lon="-72.203444833861">
    <tag k="addr:city" v="East Thetford" />
    <tag k="addr:housenumber" v="125" />
    <tag k="addr:street" v="Makala's Way" />
    <tag k="addr:state" v="VT" />
    <tag k="ref:vcgi:esiteid" v="259025" />
  </node>
  <node id="-636" visible="true" lat="43.834017114997" lon="-72.190831773264">
    <tag k="addr:city" v="East Thetford" />
    <tag k="addr:housenumber" v="4551" />
    <tag k="addr:street" v="United States Route 5" />
    <tag k="addr:state" v="VT" />
    <tag k="ref:vcgi:esiteid" v="259026" />
  </node>
  <node id="-637" visible="true" lat="43.834107646019" lon="-72.305638118205">
    <tag k="addr:city" v="Thetford Center" />
    <tag k="addr:housenumber" v="3634" />
    <tag k="addr:street" v="Route 132" />
    <tag k="addr:state" v="VT" />
    <tag k="ref:vcgi:esiteid" v="259027" />
  </node>
  <node id="-638" visible="true" lat="43.834109415708" lon="-72.305109710516">
    <tag k="addr:city" v="Thetford Center" />
    <tag k="addr:housenumber" v="3610" />
    <tag k="addr:street" v="Route 132" />
    <tag k="addr:state" v="VT" />
    <tag k="ref:vcgi:esiteid" v="259028" />
  </node>
  <node id="-639" visible="true" lat="43.834145392844" lon="-72.271616495909">
    <tag k="addr:city" v="Thetford Center" />
    <tag k="addr:housenumber" v="851" />
    <tag k="addr:street" v="Poor Farm Road South" />
    <tag k="addr:state" v="VT" />
    <tag k="ref:vcgi:esiteid" v="259029" />
  </node>
  <node id="-640" visible="true" lat="43.834068117947" lon="-72.200061754442">
    <tag k="addr:city" v="East Thetford" />
    <tag k="addr:housenumber" v="1704" />
    <tag k="addr:street" v="Latham Road" />
    <tag k="addr:state" v="VT" />
    <tag k="ref:vcgi:esiteid" v="259030" />
  </node>
  <node id="-641" visible="true" lat="43.833785579853" lon="-72.269765918208">
    <tag k="addr:city" v="Thetford Center" />
    <tag k="addr:housenumber" v="790" />
    <tag k="addr:street" v="Poor Farm Road South" />
    <tag k="addr:state" v="VT" />
    <tag k="ref:vcgi:esiteid" v="259031" />
  </node>
  <node id="-642" visible="true" lat="43.834117759848" lon="-72.258517728375">
    <tag k="addr:city" v="Thetford Center" />
    <tag k="addr:housenumber" v="231" />
    <tag k="addr:street" v="Whippoorwill Road" />
    <tag k="addr:state" v="VT" />
    <tag k="ref:vcgi:esiteid" v="259032" />
  </node>
  <node id="-643" visible="true" lat="43.83363825978" lon="-72.305630837341">
    <tag k="addr:city" v="Thetford Center" />
    <tag k="addr:housenumber" v="3609" />
    <tag k="addr:street" v="Route 132" />
    <tag k="addr:state" v="VT" />
    <tag k="ref:vcgi:esiteid" v="259033" />
  </node>
  <node id="-644" visible="true" lat="43.833372156093" lon="-72.204091386375">
    <tag k="addr:city" v="East Thetford" />
    <tag k="addr:housenumber" v="1563" />
    <tag k="addr:street" v="Latham Road" />
    <tag k="addr:state" v="VT" />
    <tag k="ref:vcgi:esiteid" v="259034" />
  </node>
  <node id="-645" visible="true" lat="43.833841346283" lon="-72.248660787597">
    <tag k="addr:city" v="Thetford Center" />
    <tag k="addr:housenumber" v="4053" />
    <tag k="addr:street" v="Vermont Route 113" />
    <tag k="addr:state" v="VT" />
    <tag k="ref:vcgi:esiteid" v="259035" />
  </node>
  <node id="-646" visible="true" lat="43.833626814937" lon="-72.314564686617">
    <tag k="addr:city" v="Thetford Center" />
    <tag k="addr:housenumber" v="85" />
    <tag k="addr:street" v="REB Mountain Drive" />
    <tag k="addr:state" v="VT" />
    <tag k="ref:vcgi:esiteid" v="259036" />
  </node>
  <node id="-647" visible="true" lat="43.83346484249" lon="-72.320526932958">
    <tag k="addr:city" v="Thetford Center" />
    <tag k="addr:housenumber" v="4402" />
    <tag k="addr:street" v="Route 132" />
    <tag k="addr:state" v="VT" />
    <tag k="ref:vcgi:esiteid" v="259037" />
  </node>
  <node id="-648" visible="true" lat="43.833271512614" lon="-72.251025996047">
    <tag k="addr:city" v="Thetford Center" />
    <tag k="addr:housenumber" v="144" />
    <tag k="addr:street" v="Tucker Hill Road" />
    <tag k="addr:state" v="VT" />
    <tag k="ref:vcgi:esiteid" v="259038" />
  </node>
  <node id="-649" visible="true" lat="43.833400091112" lon="-72.311247978773">
    <tag k="addr:city" v="Thetford Center" />
    <tag k="addr:housenumber" v="3932" />
    <tag k="addr:street" v="Route 132" />
    <tag k="addr:state" v="VT" />
    <tag k="ref:vcgi:esiteid" v="259039" />
  </node>
  <node id="-650" visible="true" lat="43.833322694669" lon="-72.318754705704">
    <tag k="addr:city" v="Thetford Center" />
    <tag k="addr:housenumber" v="4318" />
    <tag k="addr:street" v="Route 132" />
    <tag k="addr:state" v="VT" />
    <tag k="ref:vcgi:esiteid" v="259040" />
  </node>
  <node id="-651" visible="true" lat="43.833308842956" lon="-72.301362621325">
    <tag k="addr:city" v="Thetford Center" />
    <tag k="addr:housenumber" v="3406" />
    <tag k="addr:street" v="Route 132" />
    <tag k="addr:state" v="VT" />
    <tag k="ref:vcgi:esiteid" v="259041" />
  </node>
  <node id="-652" visible="true" lat="43.833226263655" lon="-72.304435609631">
    <tag k="addr:city" v="Thetford Center" />
    <tag k="addr:housenumber" v="3543" />
    <tag k="addr:street" v="Route 132" />
    <tag k="addr:state" v="VT" />
    <tag k="ref:vcgi:esiteid" v="259042" />
  </node>
  <node id="-653" visible="true" lat="43.833034052614" lon="-72.250328325372">
    <tag k="addr:city" v="Thetford Center" />
    <tag k="addr:housenumber" v="139" />
    <tag k="addr:street" v="Tucker Hill Road" />
    <tag k="addr:state" v="VT" />
    <tag k="ref:vcgi:esiteid" v="259043" />
  </node>
  <node id="-654" visible="true" lat="43.833111932904" lon="-72.303301606607">
    <tag k="addr:city" v="Thetford Center" />
    <tag k="addr:housenumber" v="3497" />
    <tag k="addr:street" v="Route 132" />
    <tag k="addr:state" v="VT" />
    <tag k="ref:vcgi:esiteid" v="259044" />
  </node>
  <node id="-655" visible="true" lat="43.833027622984" lon="-72.251665682393">
    <tag k="addr:city" v="Thetford Center" />
    <tag k="addr:housenumber" v="184" />
    <tag k="addr:street" v="Tucker Hill Road" />
    <tag k="addr:state" v="VT" />
    <tag k="ref:vcgi:esiteid" v="259045" />
  </node>
  <node id="-656" visible="true" lat="43.834110281546" lon="-72.223134391357">
    <tag k="addr:city" v="Thetford Center" />
    <tag k="addr:housenumber" v="1027" />
    <tag k="addr:street" v="Houghton Hill Road" />
    <tag k="addr:state" v="VT" />
    <tag k="ref:vcgi:esiteid" v="259046" />
  </node>
  <node id="-657" visible="true" lat="43.833041911121" lon="-72.315377727416">
    <tag k="addr:city" v="Thetford Center" />
    <tag k="addr:housenumber" v="4162" />
    <tag k="addr:street" v="Route 132" />
    <tag k="addr:state" v="VT" />
    <tag k="ref:vcgi:esiteid" v="259047" />
  </node>
  <node id="-658" visible="true" lat="43.832802782702" lon="-72.302273346421">
    <tag k="addr:city" v="Thetford Center" />
    <tag k="addr:housenumber" v="3431" />
    <tag k="addr:street" v="Route 132" />
    <tag k="addr:state" v="VT" />
    <tag k="ref:vcgi:esiteid" v="259048" />
  </node>
  <node id="-659" visible="true" lat="43.832765324868" lon="-72.251343046847">
    <tag k="addr:city" v="Thetford Center" />
    <tag k="addr:housenumber" v="185" />
    <tag k="addr:street" v="Tucker Hill Road" />
    <tag k="addr:state" v="VT" />
    <tag k="ref:vcgi:esiteid" v="259049" />
  </node>
  <node id="-660" visible="true" lat="43.83268865522" lon="-72.25212204674">
    <tag k="addr:city" v="Thetford Center" />
    <tag k="addr:housenumber" v="210" />
    <tag k="addr:street" v="Tucker Hill Road" />
    <tag k="addr:state" v="VT" />
    <tag k="ref:vcgi:esiteid" v="259050" />
  </node>
  <node id="-661" visible="true" lat="43.832737423241" lon="-72.301365727609">
    <tag k="addr:city" v="Thetford Center" />
    <tag k="addr:housenumber" v="3397" />
    <tag k="addr:street" v="Route 132" />
    <tag k="addr:state" v="VT" />
    <tag k="ref:vcgi:esiteid" v="259051" />
  </node>
  <node id="-662" visible="true" lat="43.832793571607" lon="-72.30279009962">
    <tag k="addr:city" v="Thetford Center" />
    <tag k="addr:housenumber" v="3463" />
    <tag k="addr:street" v="Route 132" />
    <tag k="addr:state" v="VT" />
    <tag k="ref:vcgi:esiteid" v="259052" />
  </node>
  <node id="-663" visible="true" lat="43.833412826926" lon="-72.258566686991">
    <tag k="addr:city" v="Thetford Center" />
    <tag k="addr:housenumber" v="155" />
    <tag k="addr:street" v="Whippoorwill Road" />
    <tag k="addr:state" v="VT" />
    <tag k="ref:vcgi:esiteid" v="259053" />
  </node>
  <node id="-664" visible="true" lat="43.833079645311" lon="-72.247532437385">
    <tag k="addr:city" v="Thetford Center" />
    <tag k="addr:housenumber" v="3998" />
    <tag k="addr:street" v="Vermont Route 113" />
    <tag k="addr:state" v="VT" />
    <tag k="ref:vcgi:esiteid" v="259054" />
  </node>
  <node id="-665" visible="true" lat="43.832730536955" lon="-72.300769528843">
    <tag k="addr:city" v="Thetford Center" />
    <tag k="addr:housenumber" v="3369" />
    <tag k="addr:street" v="Route 132" />
    <tag k="addr:state" v="VT" />
    <tag k="ref:vcgi:esiteid" v="259055" />
  </node>
  <node id="-666" visible="true" lat="43.832558718273" lon="-72.252273773376">
    <tag k="addr:city" v="Thetford Center" />
    <tag k="addr:housenumber" v="226" />
    <tag k="addr:street" v="Tucker Hill Road" />
    <tag k="addr:state" v="VT" />
    <tag k="ref:vcgi:esiteid" v="259056" />
  </node>
  <node id="-667" visible="true" lat="43.832406704148" lon="-72.204752980019">
    <tag k="addr:city" v="East Thetford" />
    <tag k="addr:housenumber" v="1559" />
    <tag k="addr:street" v="Latham Road" />
    <tag k="addr:state" v="VT" />
    <tag k="ref:vcgi:esiteid" v="259057" />
  </node>
  <node id="-668" visible="true" lat="43.832482386705" lon="-72.25176927902">
    <tag k="addr:city" v="Thetford Center" />
    <tag k="addr:housenumber" v="209" />
    <tag k="addr:street" v="Tucker Hill Road" />
    <tag k="addr:state" v="VT" />
    <tag k="ref:vcgi:esiteid" v="259058" />
  </node>
  <node id="-669" visible="true" lat="43.832261192089" lon="-72.190629789717">
    <tag k="addr:city" v="East Thetford" />
    <tag k="addr:housenumber" v="4439" />
    <tag k="addr:street" v="United States Route 5" />
    <tag k="addr:state" v="VT" />
    <tag k="ref:vcgi:esiteid" v="259059" />
  </node>
  <node id="-670" visible="true" lat="43.832706730659" lon="-72.30174983207">
    <tag k="addr:city" v="Thetford Center" />
    <tag k="addr:housenumber" v="3411" />
    <tag k="addr:street" v="Route 132" />
    <tag k="addr:state" v="VT" />
    <tag k="ref:vcgi:esiteid" v="259060" />
  </node>
  <node id="-671" visible="true" lat="43.832432507442" lon="-72.29511276998">
    <tag k="addr:city" v="Thetford Center" />
    <tag k="addr:housenumber" v="3104" />
    <tag k="addr:street" v="Route 132" />
    <tag k="addr:state" v="VT" />
    <tag k="ref:vcgi:esiteid" v="259061" />
  </node>
  <node id="-672" visible="true" lat="43.832628225833" lon="-72.27117958011">
    <tag k="addr:city" v="Thetford Center" />
    <tag k="addr:housenumber" v="741" />
    <tag k="addr:street" v="Poor Farm Road South" />
    <tag k="addr:state" v="VT" />
    <tag k="ref:vcgi:esiteid" v="259062" />
  </node>
  <node id="-673" visible="true" lat="43.832527839771" lon="-72.24738102349">
    <tag k="addr:city" v="Thetford Center" />
    <tag k="addr:housenumber" v="3980" />
    <tag k="addr:street" v="Vermont Route 113" />
    <tag k="addr:state" v="VT" />
    <tag k="ref:vcgi:esiteid" v="259063" />
  </node>
  <node id="-674" visible="true" lat="43.832568127972" lon="-72.318917408723">
    <tag k="addr:city" v="Thetford Center" />
    <tag k="addr:housenumber" v="4313" />
    <tag k="addr:street" v="Route 132" />
    <tag k="addr:state" v="VT" />
    <tag k="ref:vcgi:esiteid" v="259064" />
  </node>
  <node id="-675" visible="true" lat="43.832583339508" lon="-72.317529736639">
    <tag k="addr:city" v="Thetford Center" />
    <tag k="addr:housenumber" v="4254" />
    <tag k="addr:street" v="Route 132" />
    <tag k="addr:state" v="VT" />
    <tag k="ref:vcgi:esiteid" v="259065" />
  </node>
  <node id="-676" visible="true" lat="43.8323471162" lon="-72.279325521374">
    <tag k="addr:city" v="Thetford Center" />
    <tag k="addr:housenumber" v="518" />
    <tag k="addr:street" v="Ulman Road" />
    <tag k="addr:state" v="VT" />
    <tag k="ref:vcgi:esiteid" v="259066" />
  </node>
  <node id="-677" visible="true" lat="43.832159686597" lon="-72.247163400725">
    <tag k="addr:city" v="Thetford Center" />
    <tag k="addr:housenumber" v="3956" />
    <tag k="addr:street" v="Vermont Route 113" />
    <tag k="addr:state" v="VT" />
    <tag k="ref:vcgi:esiteid" v="259067" />
  </node>
  <node id="-678" visible="true" lat="43.832084649304" lon="-72.25342354138">
    <tag k="addr:city" v="Thetford Center" />
    <tag k="addr:housenumber" v="296" />
    <tag k="addr:street" v="Tucker Hill Road" />
    <tag k="addr:state" v="VT" />
    <tag k="ref:vcgi:esiteid" v="259069" />
  </node>
  <node id="-679" visible="true" lat="43.831915200611" lon="-72.246966077593">
    <tag k="addr:city" v="Thetford Center" />
    <tag k="addr:housenumber" v="3934" />
    <tag k="addr:street" v="Vermont Route 113" />
    <tag k="addr:state" v="VT" />
    <tag k="ref:vcgi:esiteid" v="259070" />
  </node>
  <node id="-680" visible="true" lat="43.831852192669" lon="-72.25425511399">
    <tag k="addr:city" v="Thetford Center" />
    <tag k="addr:housenumber" v="348" />
    <tag k="addr:street" v="Tucker Hill Road" />
    <tag k="addr:state" v="VT" />
    <tag k="ref:vcgi:esiteid" v="259071" />
  </node>
  <node id="-681" visible="true" lat="43.831651783983" lon="-72.201555862745">
    <tag k="addr:city" v="East Thetford" />
    <tag k="addr:housenumber" v="1530" />
    <tag k="addr:street" v="Latham Road" />
    <tag k="addr:state" v="VT" />
    <tag k="ref:vcgi:esiteid" v="259072" />
  </node>
  <node id="-682" visible="true" lat="43.832079748016" lon="-72.300732297613">
    <tag k="addr:city" v="Thetford Center" />
    <tag k="addr:housenumber" v="522" />
    <tag k="addr:street" v="Lower Bailey Road" />
    <tag k="addr:state" v="VT" />
    <tag k="ref:vcgi:esiteid" v="259073" />
  </node>
  <node id="-683" visible="true" lat="43.831551973641" lon="-72.286209467761">
    <tag k="addr:city" v="Thetford Center" />
    <tag k="addr:housenumber" v="344" />
    <tag k="addr:street" v="Jackson Brook Road" />
    <tag k="addr:state" v="VT" />
    <tag k="ref:vcgi:esiteid" v="259074" />
  </node>
  <node id="-684" visible="true" lat="43.831738791545" lon="-72.247690184155">
    <tag k="addr:city" v="Thetford Center" />
    <tag k="addr:housenumber" v="3923" />
    <tag k="addr:street" v="Vermont Route 113" />
    <tag k="addr:state" v="VT" />
    <tag k="ref:vcgi:esiteid" v="259075" />
  </node>
  <node id="-685" visible="true" lat="43.831556679615" lon="-72.246806037973">
    <tag k="addr:city" v="Thetford Center" />
    <tag k="addr:housenumber" v="3910" />
    <tag k="addr:street" v="Vermont Route 113" />
    <tag k="addr:state" v="VT" />
    <tag k="ref:vcgi:esiteid" v="259076" />
  </node>
  <node id="-686" visible="true" lat="43.831489686145" lon="-72.301831643887">
    <tag k="addr:city" v="Thetford Center" />
    <tag k="addr:housenumber" v="628" />
    <tag k="addr:street" v="Lower Bailey Road" />
    <tag k="addr:state" v="VT" />
    <tag k="ref:vcgi:esiteid" v="259077" />
  </node>
  <node id="-687" visible="true" lat="43.83128679441" lon="-72.301354749894">
    <tag k="addr:city" v="Thetford Center" />
    <tag k="addr:housenumber" v="598" />
    <tag k="addr:street" v="Lower Bailey Road" />
    <tag k="addr:state" v="VT" />
    <tag k="ref:vcgi:esiteid" v="259078" />
  </node>
  <node id="-688" visible="true" lat="43.83136945907" lon="-72.247599331948">
    <tag k="addr:city" v="Thetford Center" />
    <tag k="addr:housenumber" v="3901" />
    <tag k="addr:street" v="Vermont Route 113" />
    <tag k="addr:state" v="VT" />
    <tag k="ref:vcgi:esiteid" v="259079" />
  </node>
  <node id="-689" visible="true" lat="43.831321527675" lon="-72.300774278125">
    <tag k="addr:city" v="Thetford Center" />
    <tag k="addr:housenumber" v="572" />
    <tag k="addr:street" v="Lower Bailey Road" />
    <tag k="addr:state" v="VT" />
    <tag k="ref:vcgi:esiteid" v="259080" />
  </node>
  <node id="-690" visible="true" lat="43.831332985483" lon="-72.248666092402">
    <tag k="addr:city" v="Thetford Center" />
    <tag k="addr:housenumber" v="52" />
    <tag k="addr:street" v="Needmoore Drive" />
    <tag k="addr:state" v="VT" />
    <tag k="ref:vcgi:esiteid" v="259081" />
  </node>
  <node id="-691" visible="true" lat="43.831160244904" lon="-72.232953997587">
    <tag k="addr:city" v="Thetford Center" />
    <tag k="addr:housenumber" v="478" />
    <tag k="addr:street" v="Mud Pond Road" />
    <tag k="addr:state" v="VT" />
    <tag k="ref:vcgi:esiteid" v="259082" />
  </node>
  <node id="-692" visible="true" lat="43.831204752802" lon="-72.246658073514">
    <tag k="addr:city" v="Thetford Center" />
    <tag k="addr:housenumber" v="3884" />
    <tag k="addr:street" v="Vermont Route 113" />
    <tag k="addr:state" v="VT" />
    <tag k="ref:vcgi:esiteid" v="259083" />
  </node>
  <node id="-693" visible="true" lat="43.831523046424" lon="-72.258472079573">
    <tag k="addr:city" v="Thetford Center" />
    <tag k="addr:housenumber" v="41" />
    <tag k="addr:street" v="Whippoorwill Road" />
    <tag k="addr:state" v="VT" />
    <tag k="ref:vcgi:esiteid" v="259084" />
  </node>
  <node id="-694" visible="true" lat="43.831540839069" lon="-72.291714848272">
    <tag k="addr:city" v="Thetford Center" />
    <tag k="addr:housenumber" v="2930" />
    <tag k="addr:street" v="Route 132" />
    <tag k="addr:state" v="VT" />
    <tag k="ref:vcgi:esiteid" v="259085" />
  </node>
  <node id="-695" visible="true" lat="43.831165504359" lon="-72.256292794527">
    <tag k="addr:city" v="Thetford Center" />
    <tag k="addr:housenumber" v="472" />
    <tag k="addr:street" v="Tucker Hill Road" />
    <tag k="addr:state" v="VT" />
    <tag k="ref:vcgi:esiteid" v="259086" />
  </node>
  <node id="-696" visible="true" lat="43.831202653879" lon="-72.252769825208">
    <tag k="addr:city" v="Thetford Center" />
    <tag k="addr:housenumber" v="295" />
    <tag k="addr:street" v="Tucker Hill Road" />
    <tag k="addr:state" v="VT" />
    <tag k="ref:vcgi:esiteid" v="259087" />
  </node>
  <node id="-697" visible="true" lat="43.831004575438" lon="-72.280819437922">
    <tag k="addr:city" v="Thetford Center" />
    <tag k="addr:housenumber" v="516" />
    <tag k="addr:street" v="Ulman Road" />
    <tag k="addr:state" v="VT" />
    <tag k="ref:vcgi:esiteid" v="259088" />
  </node>
  <node id="-698" visible="true" lat="43.830962417469" lon="-72.299004271921">
    <tag k="addr:city" v="Thetford Center" />
    <tag k="addr:housenumber" v="483" />
    <tag k="addr:street" v="Lower Bailey Road" />
    <tag k="addr:state" v="VT" />
    <tag k="ref:vcgi:esiteid" v="259089" />
  </node>
  <node id="-699" visible="true" lat="43.830994921817" lon="-72.297762934495">
    <tag k="addr:city" v="Thetford Center" />
    <tag k="addr:housenumber" v="424" />
    <tag k="addr:street" v="Lower Bailey Road" />
    <tag k="addr:state" v="VT" />
    <tag k="ref:vcgi:esiteid" v="259090" />
  </node>
  <node id="-700" visible="true" lat="43.831162466871" lon="-72.259057992817">
    <tag k="addr:city" v="Thetford Center" />
    <tag k="addr:housenumber" v="9" />
    <tag k="addr:street" v="Whippoorwill Road" />
    <tag k="addr:state" v="VT" />
    <tag k="ref:vcgi:esiteid" v="259091" />
  </node>
  <node id="-701" visible="true" lat="43.83094836852" lon="-72.300186835047">
    <tag k="addr:city" v="Thetford Center" />
    <tag k="addr:housenumber" v="551" />
    <tag k="addr:street" v="Lower Bailey Road" />
    <tag k="addr:state" v="VT" />
    <tag k="ref:vcgi:esiteid" v="259092" />
  </node>
  <node id="-702" visible="true" lat="43.830954825968" lon="-72.248627566536">
    <tag k="addr:city" v="Thetford Center" />
    <tag k="addr:housenumber" v="50" />
    <tag k="addr:street" v="Needmoore Drive" />
    <tag k="addr:state" v="VT" />
    <tag k="ref:vcgi:esiteid" v="259093" />
  </node>
  <node id="-703" visible="true" lat="43.830746149557" lon="-72.202419695874">
    <tag k="addr:city" v="East Thetford" />
    <tag k="addr:housenumber" v="1462" />
    <tag k="addr:street" v="Latham Road" />
    <tag k="addr:state" v="VT" />
    <tag k="ref:vcgi:esiteid" v="259094" />
  </node>
  <node id="-704" visible="true" lat="43.830648209521" lon="-72.248243125874">
    <tag k="addr:city" v="Thetford Center" />
    <tag k="addr:housenumber" v="49" />
    <tag k="addr:street" v="Needmoore Drive" />
    <tag k="addr:state" v="VT" />
    <tag k="ref:vcgi:esiteid" v="259095" />
  </node>
  <node id="-705" visible="true" lat="43.830570423837" lon="-72.189722220224">
    <tag k="addr:city" v="East Thetford" />
    <tag k="addr:housenumber" v="4284" />
    <tag k="addr:street" v="United States Route 5" />
    <tag k="addr:state" v="VT" />
    <tag k="ref:vcgi:esiteid" v="259096" />
  </node>
  <node id="-706" visible="true" lat="43.830857897862" lon="-72.271300535024">
    <tag k="addr:city" v="Thetford Center" />
    <tag k="addr:housenumber" v="565" />
    <tag k="addr:street" v="Poor Farm Road South" />
    <tag k="addr:state" v="VT" />
    <tag k="ref:vcgi:esiteid" v="259097" />
  </node>
  <node id="-707" visible="true" lat="43.830505097284" lon="-72.246146488394">
    <tag k="addr:city" v="Thetford Center" />
    <tag k="addr:housenumber" v="3842" />
    <tag k="addr:street" v="Vermont Route 113" />
    <tag k="addr:state" v="VT" />
    <tag k="ref:vcgi:esiteid" v="259098" />
  </node>
  <node id="-708" visible="true" lat="43.830992130794" lon="-72.283354958269">
    <tag k="addr:city" v="Thetford Center" />
    <tag k="addr:housenumber" v="359" />
    <tag k="addr:street" v="Ulman Road" />
    <tag k="addr:state" v="VT" />
    <tag k="ref:vcgi:esiteid" v="259099" />
  </node>
  <node id="-709" visible="true" lat="43.830531918828" lon="-72.247080624399">
    <tag k="addr:city" v="Thetford Center" />
    <tag k="addr:housenumber" v="3843" />
    <tag k="addr:street" v="Vermont Route 113" />
    <tag k="addr:state" v="VT" />
    <tag k="ref:vcgi:esiteid" v="259100" />
  </node>
  <node id="-710" visible="true" lat="43.830318377128" lon="-72.205005592426">
    <tag k="addr:city" v="East Thetford" />
    <tag k="addr:housenumber" v="1365" />
    <tag k="addr:street" v="Latham Road" />
    <tag k="addr:state" v="VT" />
    <tag k="ref:vcgi:esiteid" v="259101" />
  </node>
  <node id="-711" visible="true" lat="43.830257872814" lon="-72.203380499426">
    <tag k="addr:city" v="East Thetford" />
    <tag k="addr:housenumber" v="1408" />
    <tag k="addr:street" v="Latham Road" />
    <tag k="addr:state" v="VT" />
    <tag k="ref:vcgi:esiteid" v="259102" />
  </node>
  <node id="-712" visible="true" lat="43.830521462011" lon="-72.255857507243">
    <tag k="addr:city" v="Thetford Center" />
    <tag k="addr:housenumber" v="459" />
    <tag k="addr:street" v="Tucker Hill Road" />
    <tag k="addr:state" v="VT" />
    <tag k="ref:vcgi:esiteid" v="259103" />
  </node>
  <node id="-713" visible="true" lat="43.8303169453" lon="-72.29644091645">
    <tag k="addr:city" v="Thetford Center" />
    <tag k="addr:housenumber" v="350" />
    <tag k="addr:street" v="Lower Bailey Road" />
    <tag k="addr:state" v="VT" />
    <tag k="ref:vcgi:esiteid" v="259104" />
  </node>
  <node id="-714" visible="true" lat="43.830008490716" lon="-72.22544231273">
    <tag k="addr:city" v="Thetford Center" />
    <tag k="addr:housenumber" v="765" />
    <tag k="addr:street" v="Houghton Hill Road" />
    <tag k="addr:state" v="VT" />
    <tag k="ref:vcgi:esiteid" v="259105" />
  </node>
  <node id="-715" visible="true" lat="43.830309908546" lon="-72.246412677867">
    <tag k="addr:city" v="Thetford Center" />
    <tag k="addr:housenumber" v="3820" />
    <tag k="addr:street" v="Vermont Route 113" />
    <tag k="addr:state" v="VT" />
    <tag k="ref:vcgi:esiteid" v="259106" />
  </node>
  <node id="-716" visible="true" lat="43.829778058231" lon="-72.260429754586">
    <tag k="addr:city" v="Thetford Center" />
    <tag k="addr:housenumber" v="710" />
    <tag k="addr:street" v="Tucker Hill Road" />
    <tag k="addr:state" v="VT" />
    <tag k="ref:vcgi:esiteid" v="259107" />
  </node>
  <node id="-717" visible="true" lat="43.829907914485" lon="-72.233669226852">
    <tag k="addr:city" v="Thetford Center" />
    <tag k="addr:housenumber" v="407" />
    <tag k="addr:street" v="Mud Pond Road" />
    <tag k="addr:state" v="VT" />
    <tag k="ref:vcgi:esiteid" v="259108" />
  </node>
  <node id="-718" visible="true" lat="43.830608030844" lon="-72.259344580639">
    <tag k="addr:city" v="Thetford Center" />
    <tag k="addr:housenumber" v="642" />
    <tag k="addr:street" v="Tucker Hill Road" />
    <tag k="addr:state" v="VT" />
    <tag k="ref:vcgi:esiteid" v="259109" />
  </node>
  <node id="-719" visible="true" lat="43.830081037733" lon="-72.246922716129">
    <tag k="addr:city" v="Thetford Center" />
    <tag k="addr:housenumber" v="3815" />
    <tag k="addr:street" v="Vermont Route 113" />
    <tag k="addr:state" v="VT" />
    <tag k="ref:vcgi:esiteid" v="259110" />
  </node>
  <node id="-720" visible="true" lat="43.829845606965" lon="-72.203920253522">
    <tag k="addr:city" v="East Thetford" />
    <tag k="addr:housenumber" v="1384" />
    <tag k="addr:street" v="Latham Road" />
    <tag k="addr:state" v="VT" />
    <tag k="ref:vcgi:esiteid" v="259111" />
  </node>
  <node id="-721" visible="true" lat="43.83028894609" lon="-72.257852733264">
    <tag k="addr:city" v="Thetford Center" />
    <tag k="addr:housenumber" v="545" />
    <tag k="addr:street" v="Tucker Hill Road" />
    <tag k="addr:state" v="VT" />
    <tag k="ref:vcgi:esiteid" v="259112" />
  </node>
  <node id="-722" visible="true" lat="43.830111120116" lon="-72.284443224027">
    <tag k="addr:city" v="Thetford Center" />
    <tag k="addr:housenumber" v="289" />
    <tag k="addr:street" v="Ulman Road" />
    <tag k="addr:state" v="VT" />
    <tag k="ref:vcgi:esiteid" v="259113" />
  </node>
  <node id="-723" visible="true" lat="43.829940775108" lon="-72.246336979278">
    <tag k="addr:city" v="Thetford Center" />
    <tag k="addr:housenumber" v="3802" />
    <tag k="addr:street" v="Vermont Route 113" />
    <tag k="addr:state" v="VT" />
    <tag k="ref:vcgi:esiteid" v="259114" />
  </node>
  <node id="-724" visible="true" lat="43.829637458395" lon="-72.234140380126">
    <tag k="addr:city" v="Thetford Center" />
    <tag k="addr:housenumber" v="389" />
    <tag k="addr:street" v="Mud Pond Road" />
    <tag k="addr:state" v="VT" />
    <tag k="ref:vcgi:esiteid" v="259115" />
  </node>
  <node id="-725" visible="true" lat="43.829845589059" lon="-72.261091514108">
    <tag k="addr:city" v="Thetford Center" />
    <tag k="addr:housenumber" v="712" />
    <tag k="addr:street" v="Tucker Hill Road" />
    <tag k="addr:state" v="VT" />
    <tag k="ref:vcgi:esiteid" v="259116" />
  </node>
  <node id="-726" visible="true" lat="43.829769176657" lon="-72.246212345945">
    <tag k="addr:city" v="Thetford Center" />
    <tag k="addr:housenumber" v="3782" />
    <tag k="addr:street" v="Vermont Route 113" />
    <tag k="addr:state" v="VT" />
    <tag k="ref:vcgi:esiteid" v="259117" />
  </node>
  <node id="-727" visible="true" lat="43.830061776691" lon="-72.259767005474">
    <tag k="addr:city" v="Thetford Center" />
    <tag k="addr:housenumber" v="688" />
    <tag k="addr:street" v="Tucker Hill Road" />
    <tag k="addr:state" v="VT" />
    <tag k="ref:vcgi:esiteid" v="259118" />
  </node>
  <node id="-728" visible="true" lat="43.829533592168" lon="-72.246745048815">
    <tag k="addr:city" v="Thetford Center" />
    <tag k="addr:housenumber" v="3779" />
    <tag k="addr:street" v="Vermont Route 113" />
    <tag k="addr:state" v="VT" />
    <tag k="ref:vcgi:esiteid" v="259119" />
  </node>
  <node id="-729" visible="true" lat="43.8292108861" lon="-72.190630779082">
    <tag k="addr:city" v="East Thetford" />
    <tag k="addr:housenumber" v="4221" />
    <tag k="addr:street" v="United States Route 5" />
    <tag k="addr:state" v="VT" />
    <tag k="ref:vcgi:esiteid" v="259120" />
  </node>
  <node id="-730" visible="true" lat="43.829433368159" lon="-72.287919009641">
    <tag k="addr:city" v="Thetford Center" />
    <tag k="addr:housenumber" v="146" />
    <tag k="addr:street" v="Jackson Brook Road" />
    <tag k="addr:state" v="VT" />
    <tag k="ref:vcgi:esiteid" v="259121" />
  </node>
  <node id="-731" visible="true" lat="43.829263057256" lon="-72.260842449504">
    <tag k="addr:city" v="Thetford Center" />
    <tag k="addr:housenumber" v="722" />
    <tag k="addr:street" v="Tucker Hill Road" />
    <tag k="addr:state" v="VT" />
    <tag k="ref:vcgi:esiteid" v="259122" />
  </node>
  <node id="-732" visible="true" lat="43.829293783783" lon="-72.204619010702">
    <tag k="addr:city" v="East Thetford" />
    <tag k="addr:housenumber" v="1326" />
    <tag k="addr:street" v="Latham Road" />
    <tag k="addr:state" v="VT" />
    <tag k="ref:vcgi:esiteid" v="259123" />
  </node>
  <node id="-733" visible="true" lat="43.829173601983" lon="-72.282625035683">
    <tag k="addr:city" v="Thetford Center" />
    <tag k="addr:housenumber" v="432" />
    <tag k="addr:street" v="Ulman Road" />
    <tag k="addr:state" v="VT" />
    <tag k="ref:vcgi:esiteid" v="259124" />
  </node>
  <node id="-734" visible="true" lat="43.829138246923" lon="-72.271921758212">
    <tag k="addr:city" v="Thetford Center" />
    <tag k="addr:housenumber" v="509" />
    <tag k="addr:street" v="Poor Farm Road South" />
    <tag k="addr:state" v="VT" />
    <tag k="ref:vcgi:esiteid" v="259125" />
  </node>
  <node id="-735" visible="true" lat="43.829065898593" lon="-72.206201896799">
    <tag k="addr:city" v="East Thetford" />
    <tag k="addr:housenumber" v="1255" />
    <tag k="addr:street" v="Latham Road" />
    <tag k="addr:state" v="VT" />
    <tag k="ref:vcgi:esiteid" v="259126" />
  </node>
  <node id="-736" visible="true" lat="43.828736226322" lon="-72.226046896159">
    <tag k="addr:city" v="Thetford Center" />
    <tag k="addr:housenumber" v="725" />
    <tag k="addr:street" v="Houghton Hill Road" />
    <tag k="addr:state" v="VT" />
    <tag k="ref:vcgi:esiteid" v="259127" />
  </node>
  <node id="-737" visible="true" lat="43.829140619115" lon="-72.234048639105">
    <tag k="addr:city" v="Thetford Center" />
    <tag k="addr:housenumber" v="325" />
    <tag k="addr:street" v="Mud Pond Road" />
    <tag k="addr:state" v="VT" />
    <tag k="ref:vcgi:esiteid" v="259128" />
  </node>
  <node id="-738" visible="true" lat="43.828958372234" lon="-72.205281781886">
    <tag k="addr:city" v="East Thetford" />
    <tag k="addr:housenumber" v="1288" />
    <tag k="addr:street" v="Latham Road" />
    <tag k="addr:state" v="VT" />
    <tag k="ref:vcgi:esiteid" v="259129" />
  </node>
  <node id="-739" visible="true" lat="43.829342683264" lon="-72.259054474483">
    <tag k="addr:city" v="Thetford Center" />
    <tag k="addr:housenumber" v="717" />
    <tag k="addr:street" v="Tucker Hill Road" />
    <tag k="addr:state" v="VT" />
    <tag k="ref:vcgi:esiteid" v="259130" />
  </node>
  <node id="-740" visible="true" lat="43.828951644327" lon="-72.245884236244">
    <tag k="addr:city" v="Thetford Center" />
    <tag k="addr:housenumber" v="3720" />
    <tag k="addr:street" v="Vermont Route 113" />
    <tag k="addr:state" v="VT" />
    <tag k="ref:vcgi:esiteid" v="259131" />
  </node>
  <node id="-741" visible="true" lat="43.828823358849" lon="-72.295626148119">
    <tag k="addr:city" v="Thetford Center" />
    <tag k="addr:housenumber" v="247" />
    <tag k="addr:street" v="Lower Bailey Road" />
    <tag k="addr:state" v="VT" />
    <tag k="ref:vcgi:esiteid" v="259132" />
  </node>
  <node id="-742" visible="true" lat="43.828647473828" lon="-72.246694097095">
    <tag k="addr:city" v="Thetford Center" />
    <tag k="addr:housenumber" v="34" />
    <tag k="addr:street" v="Buzzell Bridge Road" />
    <tag k="addr:state" v="VT" />
    <tag k="ref:vcgi:esiteid" v="259133" />
  </node>
  <node id="-743" visible="true" lat="43.828304665325" lon="-72.18976968343">
    <tag k="addr:city" v="East Thetford" />
    <tag k="addr:housenumber" v="4162" />
    <tag k="addr:street" v="United States Route 5" />
    <tag k="addr:state" v="VT" />
    <tag k="ref:vcgi:esiteid" v="259134" />
  </node>
  <node id="-744" visible="true" lat="43.828345717813" lon="-72.205664729153">
    <tag k="addr:city" v="East Thetford" />
    <tag k="addr:housenumber" v="1246" />
    <tag k="addr:street" v="Latham Road" />
    <tag k="addr:state" v="VT" />
    <tag k="ref:vcgi:esiteid" v="259135" />
  </node>
  <node id="-745" visible="true" lat="43.828435179753" lon="-72.245653715098">
    <tag k="addr:city" v="Thetford Center" />
    <tag k="addr:housenumber" v="3686" />
    <tag k="addr:street" v="Vermont Route 113" />
    <tag k="addr:state" v="VT" />
    <tag k="ref:vcgi:esiteid" v="259136" />
  </node>
  <node id="-746" visible="true" lat="43.827991612957" lon="-72.19159147176">
    <tag k="addr:city" v="East Thetford" />
    <tag k="addr:housenumber" v="4165" />
    <tag k="addr:street" v="United States Route 5" />
    <tag k="addr:state" v="VT" />
    <tag k="ref:vcgi:esiteid" v="259137" />
  </node>
  <node id="-747" visible="true" lat="43.828279703751" lon="-72.246377237251">
    <tag k="addr:city" v="Thetford Center" />
    <tag k="addr:housenumber" v="3681" />
    <tag k="addr:street" v="Vermont Route 113" />
    <tag k="addr:state" v="VT" />
    <tag k="ref:vcgi:esiteid" v="259138" />
  </node>
  <node id="-748" visible="true" lat="43.828275527193" lon="-72.261782885894">
    <tag k="addr:city" v="Thetford Center" />
    <tag k="addr:housenumber" v="818" />
    <tag k="addr:street" v="Tucker Hill Road" />
    <tag k="addr:state" v="VT" />
    <tag k="ref:vcgi:esiteid" v="259139" />
  </node>
  <node id="-749" visible="true" lat="43.828055146444" lon="-72.234940124247">
    <tag k="addr:city" v="Thetford Center" />
    <tag k="addr:housenumber" v="239" />
    <tag k="addr:street" v="Mud Pond Road" />
    <tag k="addr:state" v="VT" />
    <tag k="ref:vcgi:esiteid" v="259140" />
  </node>
  <node id="-750" visible="true" lat="43.827957248006" lon="-72.244093449435">
    <tag k="addr:city" v="Thetford Center" />
    <tag k="addr:housenumber" v="3524" />
    <tag k="addr:street" v="Vermont Route 113" />
    <tag k="addr:state" v="VT" />
    <tag k="ref:vcgi:esiteid" v="259141" />
  </node>
  <node id="-751" visible="true" lat="43.827842167989" lon="-72.282728250211">
    <tag k="addr:city" v="Thetford Center" />
    <tag k="addr:housenumber" v="434" />
    <tag k="addr:street" v="Ulman Road" />
    <tag k="addr:state" v="VT" />
    <tag k="ref:vcgi:esiteid" v="259142" />
  </node>
  <node id="-752" visible="true" lat="43.82767281202" lon="-72.243282601462">
    <tag k="addr:city" v="Thetford Center" />
    <tag k="addr:housenumber" v="3522" />
    <tag k="addr:street" v="Vermont Route 113" />
    <tag k="addr:state" v="VT" />
    <tag k="ref:vcgi:esiteid" v="259143" />
  </node>
  <node id="-753" visible="true" lat="43.827018707956" lon="-72.187676432319">
    <tag k="addr:city" v="East Thetford" />
    <tag k="addr:housenumber" v="4092" />
    <tag k="addr:street" v="United States Route 5" />
    <tag k="addr:state" v="VT" />
    <tag k="ref:vcgi:esiteid" v="259144" />
  </node>
  <node id="-754" visible="true" lat="43.827477641883" lon="-72.28964718931">
    <tag k="addr:city" v="Thetford Center" />
    <tag k="addr:housenumber" v="464" />
    <tag k="addr:street" v="Gove Hill Road" />
    <tag k="addr:state" v="VT" />
    <tag k="ref:vcgi:esiteid" v="259145" />
  </node>
  <node id="-755" visible="true" lat="43.827600123954" lon="-72.205731227307">
    <tag k="addr:city" v="East Thetford" />
    <tag k="addr:housenumber" v="81" />
    <tag k="addr:street" v="Eastview Drive" />
    <tag k="addr:state" v="VT" />
    <tag k="ref:vcgi:esiteid" v="259146" />
  </node>
  <node id="-756" visible="true" lat="43.82717555914" lon="-72.205186941917">
    <tag k="addr:city" v="East Thetford" />
    <tag k="addr:housenumber" v="87" />
    <tag k="addr:street" v="Eastview Drive" />
    <tag k="addr:state" v="VT" />
    <tag k="ref:vcgi:esiteid" v="259147" />
  </node>
  <node id="-757" visible="true" lat="43.827321652792" lon="-72.261672146752">
    <tag k="addr:city" v="Thetford Center" />
    <tag k="addr:housenumber" v="867" />
    <tag k="addr:street" v="Tucker Hill Road" />
    <tag k="addr:state" v="VT" />
    <tag k="ref:vcgi:esiteid" v="259148" />
  </node>
  <node id="-758" visible="true" lat="43.827223442437" lon="-72.292583122746">
    <tag k="addr:city" v="Thetford Center" />
    <tag k="addr:housenumber" v="568" />
    <tag k="addr:street" v="Gove Hill Road" />
    <tag k="addr:state" v="VT" />
    <tag k="ref:vcgi:esiteid" v="259149" />
  </node>
  <node id="-759" visible="true" lat="43.826971566396" lon="-72.245316366302">
    <tag k="addr:city" v="Thetford Center" />
    <tag k="addr:housenumber" v="3557" />
    <tag k="addr:street" v="Vermont Route 113" />
    <tag k="addr:state" v="VT" />
    <tag k="ref:vcgi:esiteid" v="259150" />
  </node>
  <node id="-760" visible="true" lat="43.826636934274" lon="-72.269946472057">
    <tag k="addr:city" v="Thetford Center" />
    <tag k="addr:housenumber" v="376" />
    <tag k="addr:street" v="Poor Farm Road South" />
    <tag k="addr:state" v="VT" />
    <tag k="ref:vcgi:esiteid" v="259151" />
  </node>
  <node id="-761" visible="true" lat="43.826981972898" lon="-72.289365417721">
    <tag k="addr:city" v="Thetford Center" />
    <tag k="addr:housenumber" v="432" />
    <tag k="addr:street" v="Gove Hill Road" />
    <tag k="addr:state" v="VT" />
    <tag k="ref:vcgi:esiteid" v="259152" />
  </node>
  <node id="-762" visible="true" lat="43.826808169792" lon="-72.286944008387">
    <tag k="addr:city" v="Thetford Center" />
    <tag k="addr:housenumber" v="2521" />
    <tag k="addr:street" v="Route 132" />
    <tag k="addr:state" v="VT" />
    <tag k="ref:vcgi:esiteid" v="259153" />
  </node>
  <node id="-763" visible="true" lat="43.826835142896" lon="-72.291659348162">
    <tag k="addr:city" v="Thetford Center" />
    <tag k="addr:housenumber" v="560" />
    <tag k="addr:street" v="Gove Hill Road" />
    <tag k="addr:state" v="VT" />
    <tag k="ref:vcgi:esiteid" v="259154" />
  </node>
  <node id="-764" visible="true" lat="43.82658370323" lon="-72.205535315744">
    <tag k="addr:city" v="East Thetford" />
    <tag k="addr:housenumber" v="117" />
    <tag k="addr:street" v="Eastview Drive" />
    <tag k="addr:state" v="VT" />
    <tag k="ref:vcgi:esiteid" v="259155" />
  </node>
  <node id="-765" visible="true" lat="43.826526605705" lon="-72.228188857925">
    <tag k="addr:city" v="Thetford Center" />
    <tag k="addr:housenumber" v="565" />
    <tag k="addr:street" v="Houghton Hill Road" />
    <tag k="addr:state" v="VT" />
    <tag k="ref:vcgi:esiteid" v="259156" />
  </node>
  <node id="-766" visible="true" lat="43.826506310615" lon="-72.226704188583">
    <tag k="addr:city" v="Thetford Center" />
    <tag k="addr:housenumber" v="524" />
    <tag k="addr:street" v="Houghton Hill Road" />
    <tag k="addr:state" v="VT" />
    <tag k="ref:vcgi:esiteid" v="259157" />
  </node>
  <node id="-767" visible="true" lat="43.826584339513" lon="-72.28881517632">
    <tag k="addr:city" v="Thetford Center" />
    <tag k="addr:housenumber" v="398" />
    <tag k="addr:street" v="Gove Hill Road" />
    <tag k="addr:state" v="VT" />
    <tag k="ref:vcgi:esiteid" v="259158" />
  </node>
  <node id="-768" visible="true" lat="43.826520164611" lon="-72.239452892332">
    <tag k="addr:city" v="Thetford Center" />
    <tag k="addr:housenumber" v="91" />
    <tag k="addr:street" v="Camp Farnsworth Road" />
    <tag k="addr:state" v="VT" />
    <tag k="ref:vcgi:esiteid" v="259159" />
  </node>
  <node id="-769" visible="true" lat="43.826225907047" lon="-72.189482883929">
    <tag k="addr:city" v="East Thetford" />
    <tag k="addr:housenumber" v="4004" />
    <tag k="addr:street" v="United States Route 5" />
    <tag k="addr:state" v="VT" />
    <tag k="ref:vcgi:esiteid" v="259160" />
  </node>
  <node id="-770" visible="true" lat="43.826812909398" lon="-72.262300563663">
    <tag k="addr:city" v="Thetford Center" />
    <tag k="addr:housenumber" v="897" />
    <tag k="addr:street" v="Tucker Hill Road" />
    <tag k="addr:state" v="VT" />
    <tag k="ref:vcgi:esiteid" v="259161" />
  </node>
  <node id="-771" visible="true" lat="43.826576828061" lon="-72.257532749078">
    <tag k="addr:city" v="Thetford Center" />
    <tag k="addr:housenumber" v="523" />
    <tag k="addr:street" v="Tucker Hill Road" />
    <tag k="addr:state" v="VT" />
    <tag k="ref:vcgi:esiteid" v="259162" />
  </node>
  <node id="-772" visible="true" lat="43.826303718791" lon="-72.303379352415">
    <tag k="addr:city" v="Thetford Center" />
    <tag k="addr:housenumber" v="238" />
    <tag k="addr:street" v="Upper Bailey Road" />
    <tag k="addr:state" v="VT" />
    <tag k="ref:vcgi:esiteid" v="259163" />
  </node>
  <node id="-773" visible="true" lat="43.826379368717" lon="-72.288310383113">
    <tag k="addr:city" v="Thetford Center" />
    <tag k="addr:housenumber" v="35" />
    <tag k="addr:street" v="Ilsley Road" />
    <tag k="addr:state" v="VT" />
    <tag k="ref:vcgi:esiteid" v="259164" />
  </node>
  <node id="-775" visible="true" lat="43.826167480849" lon="-72.283801513209">
    <tag k="addr:city" v="Thetford Center" />
    <tag k="addr:housenumber" v="195" />
    <tag k="addr:street" v="Bathsheba Drive" />
    <tag k="addr:state" v="VT" />
    <tag k="ref:vcgi:esiteid" v="259166" />
  </node>
  <node id="-776" visible="true" lat="43.82598798539" lon="-72.28684021146">
    <tag k="addr:city" v="Thetford Center" />
    <tag k="addr:housenumber" v="119" />
    <tag k="addr:street" v="Ilsley Road" />
    <tag k="addr:state" v="VT" />
    <tag k="ref:vcgi:esiteid" v="259167" />
  </node>
  <node id="-777" visible="true" lat="43.82561941948" lon="-72.2462840686">
    <tag k="addr:city" v="Thetford Center" />
    <tag k="addr:housenumber" v="3671" />
    <tag k="addr:street" v="Vermont Route 113" />
    <tag k="addr:state" v="VT" />
    <tag k="ref:vcgi:esiteid" v="259168" />
  </node>
  <node id="-778" visible="true" lat="43.825934236765" lon="-72.283414288252">
    <tag k="addr:city" v="Thetford Center" />
    <tag k="addr:housenumber" v="194" />
    <tag k="addr:street" v="Bathsheba Drive" />
    <tag k="addr:state" v="VT" />
    <tag k="ref:vcgi:esiteid" v="259169" />
  </node>
  <node id="-779" visible="true" lat="43.825436795506" lon="-72.304723727405">
    <tag k="addr:city" v="Thetford Center" />
    <tag k="addr:housenumber" v="236" />
    <tag k="addr:street" v="Upper Bailey Road" />
    <tag k="addr:state" v="VT" />
    <tag k="ref:vcgi:esiteid" v="259170" />
  </node>
  <node id="-780" visible="true" lat="43.825326551233" lon="-72.287682688887">
    <tag k="addr:city" v="Thetford Center" />
    <tag k="addr:housenumber" v="90" />
    <tag k="addr:street" v="Ilsley Road" />
    <tag k="addr:state" v="VT" />
    <tag k="ref:vcgi:esiteid" v="259171" />
  </node>
  <node id="-781" visible="true" lat="43.824923209083" lon="-72.190862526971">
    <tag k="addr:city" v="East Thetford" />
    <tag k="addr:housenumber" v="3941" />
    <tag k="addr:street" v="United States Route 5" />
    <tag k="addr:state" v="VT" />
    <tag k="ref:vcgi:esiteid" v="259172" />
  </node>
  <node id="-782" visible="true" lat="43.825472463635" lon="-72.294265132134">
    <tag k="addr:city" v="Thetford Center" />
    <tag k="addr:housenumber" v="752" />
    <tag k="addr:street" v="Gove Hill Road" />
    <tag k="addr:state" v="VT" />
    <tag k="ref:vcgi:esiteid" v="259173" />
  </node>
  <node id="-783" visible="true" lat="43.825394420565" lon="-72.295400411075">
    <tag k="addr:city" v="Thetford Center" />
    <tag k="addr:housenumber" v="808" />
    <tag k="addr:street" v="Gove Hill Road" />
    <tag k="addr:state" v="VT" />
    <tag k="ref:vcgi:esiteid" v="259174" />
  </node>
  <node id="-784" visible="true" lat="43.824871690036" lon="-72.283751635293">
    <tag k="addr:city" v="Thetford Center" />
    <tag k="addr:housenumber" v="150" />
    <tag k="addr:street" v="Bathsheba Drive" />
    <tag k="addr:state" v="VT" />
    <tag k="ref:vcgi:esiteid" v="259175" />
  </node>
  <node id="-786" visible="true" lat="43.825146908939" lon="-72.285498063649">
    <tag k="addr:city" v="Thetford Center" />
    <tag k="addr:housenumber" v="2352" />
    <tag k="addr:street" v="Route 132" />
    <tag k="addr:state" v="VT" />
    <tag k="ref:vcgi:esiteid" v="259177" />
  </node>
  <node id="-787" visible="true" lat="43.824757852794" lon="-72.294900376215">
    <tag k="addr:city" v="Thetford Center" />
    <tag k="addr:housenumber" v="789" />
    <tag k="addr:street" v="Gove Hill Road" />
    <tag k="addr:state" v="VT" />
    <tag k="ref:vcgi:esiteid" v="259178" />
  </node>
  <node id="-788" visible="true" lat="43.824847429388" lon="-72.301661173649">
    <tag k="addr:city" v="Thetford Center" />
    <tag k="addr:housenumber" v="164" />
    <tag k="addr:street" v="Upper Bailey Road" />
    <tag k="addr:state" v="VT" />
    <tag k="ref:vcgi:esiteid" v="259180" />
  </node>
  <node id="-789" visible="true" lat="43.824727061189" lon="-72.285127068882">
    <tag k="addr:city" v="Thetford Center" />
    <tag k="addr:housenumber" v="2322" />
    <tag k="addr:street" v="Route 132" />
    <tag k="addr:state" v="VT" />
    <tag k="ref:vcgi:esiteid" v="259181" />
  </node>
  <node id="-790" visible="true" lat="43.824765156727" lon="-72.299904082364">
    <tag k="addr:city" v="Thetford Center" />
    <tag k="addr:housenumber" v="76" />
    <tag k="addr:street" v="Upper Bailey Road" />
    <tag k="addr:state" v="VT" />
    <tag k="ref:vcgi:esiteid" v="259182" />
  </node>
  <node id="-791" visible="true" lat="43.824393754692" lon="-72.26755815275">
    <tag k="addr:city" v="Thetford Center" />
    <tag k="addr:housenumber" v="1224" />
    <tag k="addr:street" v="Tucker Hill Road" />
    <tag k="addr:state" v="VT" />
    <tag k="ref:vcgi:esiteid" v="259183" />
  </node>
  <node id="-792" visible="true" lat="43.824410671527" lon="-72.291062277743">
    <tag k="addr:city" v="Thetford Center" />
    <tag k="addr:housenumber" v="184" />
    <tag k="addr:street" v="Tefft Road" />
    <tag k="addr:state" v="VT" />
    <tag k="ref:vcgi:esiteid" v="259184" />
  </node>
  <node id="-793" visible="true" lat="43.824399872991" lon="-72.30052658551">
    <tag k="addr:city" v="Thetford Center" />
    <tag k="addr:housenumber" v="100" />
    <tag k="addr:street" v="Upper Bailey Road" />
    <tag k="addr:state" v="VT" />
    <tag k="ref:vcgi:esiteid" v="259185" />
  </node>
  <node id="-794" visible="true" lat="43.824236973474" lon="-72.287581985272">
    <tag k="addr:city" v="Thetford Center" />
    <tag k="addr:housenumber" v="222" />
    <tag k="addr:street" v="Gove Hill Road" />
    <tag k="addr:state" v="VT" />
    <tag k="ref:vcgi:esiteid" v="259186" />
  </node>
  <node id="-795" visible="true" lat="43.824507907312" lon="-72.261626402577">
    <tag k="addr:city" v="Thetford Center" />
    <tag k="addr:housenumber" v="141" />
    <tag k="addr:street" v="Woods Lane" />
    <tag k="addr:state" v="VT" />
    <tag k="ref:vcgi:esiteid" v="259187" />
  </node>
  <node id="-796" visible="true" lat="43.824261093403" lon="-72.298951786694">
    <tag k="addr:city" v="Thetford Center" />
    <tag k="addr:housenumber" v="34" />
    <tag k="addr:street" v="Upper Bailey Road" />
    <tag k="addr:state" v="VT" />
    <tag k="ref:vcgi:esiteid" v="259188" />
  </node>
  <node id="-797" visible="true" lat="43.823956808848" lon="-72.268602208751">
    <tag k="addr:city" v="Thetford Center" />
    <tag k="addr:housenumber" v="1284" />
    <tag k="addr:street" v="Tucker Hill Road" />
    <tag k="addr:state" v="VT" />
    <tag k="ref:vcgi:esiteid" v="259189" />
  </node>
  <node id="-798" visible="true" lat="43.823920712609" lon="-72.29834865985">
    <tag k="addr:city" v="Thetford Center" />
    <tag k="addr:housenumber" v="972" />
    <tag k="addr:street" v="Gove Hill Road" />
    <tag k="addr:state" v="VT" />
    <tag k="ref:vcgi:esiteid" v="259190" />
  </node>
  <node id="-799" visible="true" lat="43.823905430275" lon="-72.296290940858">
    <tag k="addr:city" v="Thetford Center" />
    <tag k="addr:housenumber" v="923" />
    <tag k="addr:street" v="Gove Hill Road" />
    <tag k="addr:state" v="VT" />
    <tag k="ref:vcgi:esiteid" v="259191" />
  </node>
  <node id="-800" visible="true" lat="43.823585649397" lon="-72.189755385139">
    <tag k="addr:city" v="East Thetford" />
    <tag k="addr:housenumber" v="3836" />
    <tag k="addr:street" v="United States Route 5" />
    <tag k="addr:state" v="VT" />
    <tag k="ref:vcgi:esiteid" v="259192" />
  </node>
  <node id="-801" visible="true" lat="43.823558338372" lon="-72.270590711154">
    <tag k="addr:city" v="Thetford Center" />
    <tag k="addr:housenumber" v="1428" />
    <tag k="addr:street" v="Tucker Hill Road" />
    <tag k="addr:state" v="VT" />
    <tag k="ref:vcgi:esiteid" v="259193" />
  </node>
  <node id="-802" visible="true" lat="43.823558569628" lon="-72.300012179256">
    <tag k="addr:city" v="Thetford Center" />
    <tag k="addr:housenumber" v="35" />
    <tag k="addr:street" v="Upper Bailey Road" />
    <tag k="addr:state" v="VT" />
    <tag k="ref:vcgi:esiteid" v="259194" />
  </node>
  <node id="-803" visible="true" lat="43.822884919122" lon="-72.230776593039">
    <tag k="addr:city" v="Thetford" />
    <tag k="addr:housenumber" v="229" />
    <tag k="addr:street" v="Houghton Hill Road" />
    <tag k="addr:state" v="VT" />
    <tag k="ref:vcgi:esiteid" v="259195" />
  </node>
  <node id="-804" visible="true" lat="43.823426542913" lon="-72.319534400327">
    <tag k="addr:city" v="Thetford Center" />
    <tag k="addr:housenumber" v="2356" />
    <tag k="addr:street" v="Gove Hill Road" />
    <tag k="addr:state" v="VT" />
    <tag k="ref:vcgi:esiteid" v="259196" />
  </node>
  <node id="-805" visible="true" lat="43.823018060957" lon="-72.234015107638">
    <tag k="addr:city" v="Thetford" />
    <tag k="addr:housenumber" v="2952" />
    <tag k="addr:street" v="Vermont Route 113" />
    <tag k="addr:state" v="VT" />
    <tag k="ref:vcgi:esiteid" v="259197" />
  </node>
  <node id="-806" visible="true" lat="43.822012177881" lon="-72.268964319849">
    <tag k="addr:city" v="Thetford Center" />
    <tag k="addr:housenumber" v="1321" />
    <tag k="addr:street" v="Tucker Hill Road" />
    <tag k="addr:state" v="VT" />
    <tag k="ref:vcgi:esiteid" v="259198" />
  </node>
  <node id="-807" visible="true" lat="43.825060673784" lon="-72.281308617568">
    <tag k="addr:city" v="Thetford Center" />
    <tag k="addr:housenumber" v="2086" />
    <tag k="addr:street" v="Tucker Hill Road" />
    <tag k="addr:state" v="VT" />
    <tag k="ref:vcgi:esiteid" v="259199" />
  </node>
  <node id="-808" visible="true" lat="43.822595123978" lon="-72.22699629978">
    <tag k="addr:city" v="Thetford" />
    <tag k="addr:housenumber" v="272" />
    <tag k="addr:street" v="Houghton Hill Road" />
    <tag k="addr:state" v="VT" />
    <tag k="ref:vcgi:esiteid" v="259200" />
  </node>
  <node id="-809" visible="true" lat="43.82266175252" lon="-72.280904538451">
    <tag k="addr:city" v="Thetford Center" />
    <tag k="addr:housenumber" v="2022" />
    <tag k="addr:street" v="Tucker Hill Road" />
    <tag k="addr:state" v="VT" />
    <tag k="ref:vcgi:esiteid" v="259201" />
  </node>
  <node id="-810" visible="true" lat="43.822652254051" lon="-72.292748442521">
    <tag k="addr:city" v="Thetford Center" />
    <tag k="addr:housenumber" v="326" />
    <tag k="addr:street" v="Tefft Road" />
    <tag k="addr:state" v="VT" />
    <tag k="ref:vcgi:esiteid" v="259202" />
  </node>
  <node id="-811" visible="true" lat="43.822343248772" lon="-72.213837363963">
    <tag k="addr:city" v="East Thetford" />
    <tag k="addr:housenumber" v="649" />
    <tag k="addr:street" v="Garey Road" />
    <tag k="addr:state" v="VT" />
    <tag k="ref:vcgi:esiteid" v="259203" />
  </node>
  <node id="-812" visible="true" lat="43.822201868193" lon="-72.299880672942">
    <tag k="addr:city" v="Thetford Center" />
    <tag k="addr:housenumber" v="1113" />
    <tag k="addr:street" v="Gove Hill Road" />
    <tag k="addr:state" v="VT" />
    <tag k="ref:vcgi:esiteid" v="259204" />
  </node>
  <node id="-813" visible="true" lat="43.822396875477" lon="-72.201136470839">
    <tag k="addr:city" v="East Thetford" />
    <tag k="addr:housenumber" v="566" />
    <tag k="addr:street" v="Sanborn Road" />
    <tag k="addr:state" v="VT" />
    <tag k="ref:vcgi:esiteid" v="259205" />
  </node>
  <node id="-814" visible="true" lat="43.822091162133" lon="-72.212277070047">
    <tag k="addr:city" v="East Thetford" />
    <tag k="addr:housenumber" v="702" />
    <tag k="addr:street" v="Garey Road" />
    <tag k="addr:state" v="VT" />
    <tag k="ref:vcgi:esiteid" v="259206" />
  </node>
  <node id="-815" visible="true" lat="43.821942653628" lon="-72.199692830332">
    <tag k="addr:city" v="East Thetford" />
    <tag k="addr:housenumber" v="502" />
    <tag k="addr:street" v="Sanborn Road" />
    <tag k="addr:state" v="VT" />
    <tag k="ref:vcgi:esiteid" v="259207" />
  </node>
  <node id="-816" visible="true" lat="43.822519045609" lon="-72.262683923999">
    <tag k="addr:city" v="Thetford Center" />
    <tag k="addr:housenumber" v="341" />
    <tag k="addr:street" v="Woods Lane" />
    <tag k="addr:state" v="VT" />
    <tag k="ref:vcgi:esiteid" v="259208" />
  </node>
  <node id="-817" visible="true" lat="43.821825955233" lon="-72.203846122909">
    <tag k="addr:city" v="East Thetford" />
    <tag k="addr:housenumber" v="47" />
    <tag k="addr:street" v="Conant Lane" />
    <tag k="addr:state" v="VT" />
    <tag k="ref:vcgi:esiteid" v="259209" />
  </node>
  <node id="-818" visible="true" lat="43.821873541179" lon="-72.225538101814">
    <tag k="addr:city" v="Thetford" />
    <tag k="addr:housenumber" v="268" />
    <tag k="addr:street" v="Houghton Hill Road" />
    <tag k="addr:state" v="VT" />
    <tag k="ref:vcgi:esiteid" v="259210" />
  </node>
  <node id="-819" visible="true" lat="43.82181145683" lon="-72.227348786191">
    <tag k="addr:city" v="Thetford" />
    <tag k="addr:housenumber" v="194" />
    <tag k="addr:street" v="Houghton Hill Road" />
    <tag k="addr:state" v="VT" />
    <tag k="ref:vcgi:esiteid" v="259211" />
  </node>
  <node id="-820" visible="true" lat="43.82098866535" lon="-72.206629025781">
    <tag k="addr:city" v="East Thetford" />
    <tag k="addr:housenumber" v="843" />
    <tag k="addr:street" v="Sanborn Road" />
    <tag k="addr:state" v="VT" />
    <tag k="ref:vcgi:esiteid" v="259212" />
  </node>
  <node id="-821" visible="true" lat="43.820962727482" lon="-72.207600400625">
    <tag k="addr:city" v="East Thetford" />
    <tag k="addr:housenumber" v="905" />
    <tag k="addr:street" v="Sanborn Road" />
    <tag k="addr:state" v="VT" />
    <tag k="ref:vcgi:esiteid" v="259213" />
  </node>
  <node id="-822" visible="true" lat="43.821543590743" lon="-72.233324253701">
    <tag k="addr:city" v="Thetford" />
    <tag k="addr:housenumber" v="2840" />
    <tag k="addr:street" v="Vermont Route 113" />
    <tag k="addr:state" v="VT" />
    <tag k="ref:vcgi:esiteid" v="259214" />
  </node>
  <node id="-823" visible="true" lat="43.821361984714" lon="-72.208282993737">
    <tag k="addr:city" v="East Thetford" />
    <tag k="addr:housenumber" v="38" />
    <tag k="addr:street" v="O'Donnell Drive" />
    <tag k="addr:state" v="VT" />
    <tag k="ref:vcgi:esiteid" v="259215" />
  </node>
  <node id="-824" visible="true" lat="43.821179714603" lon="-72.190446001442">
    <tag k="addr:city" v="East Thetford" />
    <tag k="addr:housenumber" v="20" />
    <tag k="addr:street" v="Sanborn Road" />
    <tag k="addr:state" v="VT" />
    <tag k="ref:vcgi:esiteid" v="259216" />
  </node>
  <node id="-825" visible="true" lat="43.82117626981" lon="-72.209399326868">
    <tag k="addr:city" v="East Thetford" />
    <tag k="addr:housenumber" v="999" />
    <tag k="addr:street" v="Sanborn Road" />
    <tag k="addr:state" v="VT" />
    <tag k="ref:vcgi:esiteid" v="259217" />
  </node>
  <node id="-826" visible="true" lat="43.821424501277" lon="-72.322164427976">
    <tag k="addr:city" v="Thetford Center" />
    <tag k="addr:housenumber" v="2400" />
    <tag k="addr:street" v="Gove Hill Road" />
    <tag k="addr:state" v="VT" />
    <tag k="ref:vcgi:esiteid" v="259218" />
  </node>
  <node id="-827" visible="true" lat="43.821263301966" lon="-72.299258053636">
    <tag k="addr:city" v="Thetford Center" />
    <tag k="addr:housenumber" v="1221" />
    <tag k="addr:street" v="Gove Hill Road" />
    <tag k="addr:state" v="VT" />
    <tag k="ref:vcgi:esiteid" v="259219" />
  </node>
  <node id="-828" visible="true" lat="43.820698161097" lon="-72.22850487602">
    <tag k="addr:city" v="Thetford" />
    <tag k="addr:housenumber" v="143" />
    <tag k="addr:street" v="Houghton Hill Road" />
    <tag k="addr:state" v="VT" />
    <tag k="ref:vcgi:esiteid" v="259220" />
  </node>
  <node id="-829" visible="true" lat="43.821175335865" lon="-72.227775416365">
    <tag k="addr:city" v="Thetford" />
    <tag k="addr:housenumber" v="142" />
    <tag k="addr:street" v="Houghton Hill Road" />
    <tag k="addr:state" v="VT" />
    <tag k="ref:vcgi:esiteid" v="259221" />
  </node>
  <node id="-830" visible="true" lat="43.821162041203" lon="-72.27324814745">
    <tag k="addr:city" v="Thetford Center" />
    <tag k="addr:housenumber" v="1590" />
    <tag k="addr:street" v="Tucker Hill Road" />
    <tag k="addr:state" v="VT" />
    <tag k="ref:vcgi:esiteid" v="259222" />
  </node>
  <node id="-831" visible="true" lat="43.821089980487" lon="-72.214175592443">
    <tag k="addr:city" v="East Thetford" />
    <tag k="addr:housenumber" v="565" />
    <tag k="addr:street" v="Garey Road" />
    <tag k="addr:state" v="VT" />
    <tag k="ref:vcgi:esiteid" v="259223" />
  </node>
  <node id="-832" visible="true" lat="43.821095074466" lon="-72.233916937072">
    <tag k="addr:city" v="Thetford" />
    <tag k="addr:housenumber" v="2829" />
    <tag k="addr:street" v="Vermont Route 113" />
    <tag k="addr:state" v="VT" />
    <tag k="ref:vcgi:esiteid" v="259224" />
  </node>
  <node id="-833" visible="true" lat="43.820992790356" lon="-72.284951341647">
    <tag k="addr:city" v="Thetford Center" />
    <tag k="addr:housenumber" v="51" />
    <tag k="addr:street" v="Gove Hill Road" />
    <tag k="addr:state" v="VT" />
    <tag k="ref:vcgi:esiteid" v="259225" />
  </node>
  <node id="-834" visible="true" lat="43.820862705322" lon="-72.227596901097">
    <tag k="addr:city" v="Thetford" />
    <tag k="addr:housenumber" v="128" />
    <tag k="addr:street" v="Houghton Hill Road" />
    <tag k="addr:state" v="VT" />
    <tag k="ref:vcgi:esiteid" v="259226" />
  </node>
  <node id="-835" visible="true" lat="43.820687164683" lon="-72.213878565194">
    <tag k="addr:city" v="East Thetford" />
    <tag k="addr:housenumber" v="552" />
    <tag k="addr:street" v="Garey Road" />
    <tag k="addr:state" v="VT" />
    <tag k="ref:vcgi:esiteid" v="259227" />
  </node>
  <node id="-836" visible="true" lat="43.820528057702" lon="-72.204239639021">
    <tag k="addr:city" v="East Thetford" />
    <tag k="addr:housenumber" v="119" />
    <tag k="addr:street" v="Conant Lane" />
    <tag k="addr:state" v="VT" />
    <tag k="ref:vcgi:esiteid" v="259228" />
  </node>
  <node id="-837" visible="true" lat="43.820453187246" lon="-72.272113814618">
    <tag k="addr:city" v="Thetford Center" />
    <tag k="addr:housenumber" v="1571" />
    <tag k="addr:street" v="Tucker Hill Road" />
    <tag k="addr:state" v="VT" />
    <tag k="ref:vcgi:esiteid" v="259229" />
  </node>
  <node id="-838" visible="true" lat="43.820556293304" lon="-72.20981668946">
    <tag k="addr:city" v="East Thetford" />
    <tag k="addr:housenumber" v="634" />
    <tag k="addr:street" v="Latham Road" />
    <tag k="addr:state" v="VT" />
    <tag k="ref:vcgi:esiteid" v="259230" />
  </node>
  <node id="-839" visible="true" lat="43.820765002292" lon="-72.275662950755">
    <tag k="addr:city" v="Thetford Center" />
    <tag k="addr:housenumber" v="1708" />
    <tag k="addr:street" v="Tucker Hill Road" />
    <tag k="addr:state" v="VT" />
    <tag k="ref:vcgi:esiteid" v="259231" />
  </node>
  <node id="-840" visible="true" lat="43.82033822164" lon="-72.19021969585">
    <tag k="addr:city" v="East Thetford" />
    <tag k="addr:housenumber" v="3611" />
    <tag k="addr:street" v="United States Route 5" />
    <tag k="addr:state" v="VT" />
    <tag k="ref:vcgi:esiteid" v="259232" />
  </node>
  <node id="-841" visible="true" lat="43.820509007228" lon="-72.227754949502">
    <tag k="addr:city" v="Thetford Center" />
    <tag k="addr:housenumber" v="122" />
    <tag k="addr:street" v="Houghton Hill Road" />
    <tag k="addr:state" v="VT" />
    <tag k="ref:vcgi:esiteid" v="259233" />
  </node>
  <node id="-842" visible="true" lat="43.820504245019" lon="-72.23187049629">
    <tag k="addr:city" v="Thetford" />
    <tag k="addr:housenumber" v="2734" />
    <tag k="addr:street" v="Vermont Route 113" />
    <tag k="addr:state" v="VT" />
    <tag k="ref:vcgi:esiteid" v="259234" />
  </node>
  <node id="-843" visible="true" lat="43.820473162346" lon="-72.306685835733">
    <tag k="addr:city" v="Thetford Center" />
    <tag k="addr:housenumber" v="1534" />
    <tag k="addr:street" v="Gove Hill Road" />
    <tag k="addr:state" v="VT" />
    <tag k="ref:vcgi:esiteid" v="259235" />
  </node>
  <node id="-844" visible="true" lat="43.820423547074" lon="-72.303999248039">
    <tag k="addr:city" v="Thetford Center" />
    <tag k="addr:housenumber" v="1318" />
    <tag k="addr:street" v="Gove Hill Road" />
    <tag k="addr:state" v="VT" />
    <tag k="ref:vcgi:esiteid" v="259236" />
  </node>
  <node id="-845" visible="true" lat="43.820047430246" lon="-72.226269111539">
    <tag k="addr:city" v="Thetford Center" />
    <tag k="addr:housenumber" v="104" />
    <tag k="addr:street" v="Nonsuch Way" />
    <tag k="addr:state" v="VT" />
    <tag k="ref:vcgi:esiteid" v="259237" />
  </node>
  <node id="-846" visible="true" lat="43.82017033874" lon="-72.209248273673">
    <tag k="addr:city" v="East Thetford" />
    <tag k="addr:housenumber" v="592" />
    <tag k="addr:street" v="Latham Road" />
    <tag k="addr:state" v="VT" />
    <tag k="ref:vcgi:esiteid" v="259238" />
  </node>
  <node id="-847" visible="true" lat="43.820249323484" lon="-72.308934525256">
    <tag k="addr:city" v="Thetford Center" />
    <tag k="addr:housenumber" v="1646" />
    <tag k="addr:street" v="Gove Hill Road" />
    <tag k="addr:state" v="VT" />
    <tag k="ref:vcgi:esiteid" v="259239" />
  </node>
  <node id="-848" visible="true" lat="43.820135966724" lon="-72.228050617165">
    <tag k="addr:city" v="Thetford Center" />
    <tag k="addr:housenumber" v="74" />
    <tag k="addr:street" v="Houghton Hill Road" />
    <tag k="addr:state" v="VT" />
    <tag k="ref:vcgi:esiteid" v="259240" />
  </node>
  <node id="-849" visible="true" lat="43.819990545063" lon="-72.214452973294">
    <tag k="addr:city" v="East Thetford" />
    <tag k="addr:housenumber" v="468" />
    <tag k="addr:street" v="Garey Road" />
    <tag k="addr:state" v="VT" />
    <tag k="ref:vcgi:esiteid" v="259241" />
  </node>
  <node id="-850" visible="true" lat="43.820096225937" lon="-72.231114725459">
    <tag k="addr:city" v="Thetford" />
    <tag k="addr:housenumber" v="2684" />
    <tag k="addr:street" v="Vermont Route 113" />
    <tag k="addr:state" v="VT" />
    <tag k="ref:vcgi:esiteid" v="259242" />
  </node>
  <node id="-851" visible="true" lat="43.819617777143" lon="-72.20922971721">
    <tag k="addr:city" v="East Thetford" />
    <tag k="addr:housenumber" v="588" />
    <tag k="addr:street" v="Latham Road" />
    <tag k="addr:state" v="VT" />
    <tag k="ref:vcgi:esiteid" v="259244" />
  </node>
  <node id="-852" visible="true" lat="43.819620466274" lon="-72.198233388756">
    <tag k="addr:city" v="East Thetford" />
    <tag k="addr:housenumber" v="619" />
    <tag k="addr:street" v="Cadwell Road" />
    <tag k="addr:state" v="VT" />
    <tag k="ref:vcgi:esiteid" v="259245" />
  </node>
  <node id="-853" visible="true" lat="43.819531628074" lon="-72.231569876784">
    <tag k="addr:city" v="Thetford" />
    <tag k="addr:housenumber" v="2689" />
    <tag k="addr:street" v="Vermont Route 113" />
    <tag k="addr:state" v="VT" />
    <tag k="ref:vcgi:esiteid" v="259246" />
  </node>
  <node id="-854" visible="true" lat="43.81947984336" lon="-72.207643136915">
    <tag k="addr:city" v="East Thetford" />
    <tag k="addr:housenumber" v="138" />
    <tag k="addr:street" v="O'Donnell Drive" />
    <tag k="addr:state" v="VT" />
    <tag k="ref:vcgi:esiteid" v="259248" />
  </node>
  <node id="-855" visible="true" lat="43.819289553579" lon="-72.229018193932">
    <tag k="addr:city" v="Thetford" />
    <tag k="addr:housenumber" v="29" />
    <tag k="addr:street" v="Houghton Hill Road" />
    <tag k="addr:state" v="VT" />
    <tag k="ref:vcgi:esiteid" v="259249" />
  </node>
  <node id="-856" visible="true" lat="43.819428988588" lon="-72.229435303394">
    <tag k="addr:city" v="Thetford" />
    <tag k="addr:housenumber" v="2596" />
    <tag k="addr:street" v="Vermont Route 113" />
    <tag k="addr:state" v="VT" />
    <tag k="ref:vcgi:esiteid" v="259250" />
  </node>
  <node id="-857" visible="true" lat="43.819352714413" lon="-72.21502112416">
    <tag k="addr:city" v="East Thetford" />
    <tag k="addr:housenumber" v="428" />
    <tag k="addr:street" v="Garey Road" />
    <tag k="addr:state" v="VT" />
    <tag k="ref:vcgi:esiteid" v="259251" />
  </node>
  <node id="-858" visible="true" lat="43.819235855593" lon="-72.228485365445">
    <tag k="addr:city" v="Thetford" />
    <tag k="addr:housenumber" v="18" />
    <tag k="addr:street" v="Houghton Hill Road" />
    <tag k="addr:state" v="VT" />
    <tag k="ref:vcgi:esiteid" v="259252" />
  </node>
  <node id="-859" visible="true" lat="43.819067882249" lon="-72.227578980427">
    <tag k="addr:city" v="Thetford" />
    <tag k="addr:housenumber" v="37" />
    <tag k="addr:street" v="Nonsuch Way" />
    <tag k="addr:state" v="VT" />
    <tag k="ref:vcgi:esiteid" v="259253" />
  </node>
  <node id="-860" visible="true" lat="43.818982447771" lon="-72.204835044464">
    <tag k="addr:city" v="East Thetford" />
    <tag k="addr:housenumber" v="217" />
    <tag k="addr:street" v="Conant Lane" />
    <tag k="addr:state" v="VT" />
    <tag k="ref:vcgi:esiteid" v="259254" />
  </node>
  <node id="-861" visible="true" lat="43.81890035664" lon="-72.198580154836">
    <tag k="addr:city" v="East Thetford" />
    <tag k="addr:housenumber" v="599" />
    <tag k="addr:street" v="Cadwell Road" />
    <tag k="addr:state" v="VT" />
    <tag k="ref:vcgi:esiteid" v="259255" />
  </node>
  <node id="-862" visible="true" lat="43.819261452334" lon="-72.315762131139">
    <tag k="addr:city" v="Thetford Center" />
    <tag k="addr:housenumber" v="2002" />
    <tag k="addr:street" v="Gove Hill Road" />
    <tag k="addr:state" v="VT" />
    <tag k="ref:vcgi:esiteid" v="259256" />
  </node>
  <node id="-863" visible="true" lat="43.818941157646" lon="-72.229833470794">
    <tag k="addr:city" v="Thetford" />
    <tag k="addr:housenumber" v="16" />
    <tag k="addr:street" v="Library Road" />
    <tag k="addr:state" v="VT" />
    <tag k="ref:vcgi:esiteid" v="259257" />
  </node>
  <node id="-864" visible="true" lat="43.818881628504" lon="-72.209759658966">
    <tag k="addr:city" v="East Thetford" />
    <tag k="addr:housenumber" v="528" />
    <tag k="addr:street" v="Latham Road" />
    <tag k="addr:state" v="VT" />
    <tag k="ref:vcgi:esiteid" v="259258" />
  </node>
  <node id="-865" visible="true" lat="43.8191673683" lon="-72.318198152706">
    <tag k="addr:city" v="Thetford Center" />
    <tag k="addr:housenumber" v="2132" />
    <tag k="addr:street" v="Gove Hill Road" />
    <tag k="addr:state" v="VT" />
    <tag k="ref:vcgi:esiteid" v="259259" />
  </node>
  <node id="-866" visible="true" lat="43.819400211376" lon="-72.264801908713">
    <tag k="addr:city" v="Thetford Center" />
    <tag k="addr:housenumber" v="562" />
    <tag k="addr:street" v="Woods Lane" />
    <tag k="addr:state" v="VT" />
    <tag k="ref:vcgi:esiteid" v="259261" />
  </node>
  <node id="-867" visible="true" lat="43.818892327359" lon="-72.206275747344">
    <tag k="addr:city" v="East Thetford" />
    <tag k="addr:housenumber" v="290" />
    <tag k="addr:street" v="O'Donnell Drive" />
    <tag k="addr:state" v="VT" />
    <tag k="ref:vcgi:esiteid" v="259262" />
  </node>
  <node id="-868" visible="true" lat="43.818995608291" lon="-72.273398586869">
    <tag k="addr:city" v="Thetford Center" />
    <tag k="addr:housenumber" v="1637" />
    <tag k="addr:street" v="Tucker Hill Road" />
    <tag k="addr:state" v="VT" />
    <tag k="ref:vcgi:esiteid" v="259263" />
  </node>
  <node id="-869" visible="true" lat="43.818772638317" lon="-72.228745573311">
    <tag k="addr:city" v="Thetford" />
    <tag k="addr:housenumber" v="21" />
    <tag k="addr:street" v="Academy Road" />
    <tag k="addr:state" v="VT" />
    <tag k="ref:vcgi:esiteid" v="259264" />
  </node>
  <node id="-870" visible="true" lat="43.818878971534" lon="-72.226425663596">
    <tag k="addr:city" v="Thetford" />
    <tag k="addr:housenumber" v="2436" />
    <tag k="addr:street" v="Vermont Route 113" />
    <tag k="addr:state" v="VT" />
    <tag k="ref:vcgi:esiteid" v="259265" />
  </node>
  <node id="-871" visible="true" lat="43.819027284744" lon="-72.216884368314">
    <tag k="addr:city" v="East Thetford" />
    <tag k="addr:housenumber" v="355" />
    <tag k="addr:street" v="Garey Road" />
    <tag k="addr:state" v="VT" />
    <tag k="ref:vcgi:esiteid" v="259266" />
  </node>
  <node id="-872" visible="true" lat="43.818593701813" lon="-72.199923592908">
    <tag k="addr:city" v="East Thetford" />
    <tag k="addr:housenumber" v="601" />
    <tag k="addr:street" v="Cadwell Road" />
    <tag k="addr:state" v="VT" />
    <tag k="ref:vcgi:esiteid" v="259267" />
  </node>
  <node id="-873" visible="true" lat="43.818728248264" lon="-72.188890428446">
    <tag k="addr:city" v="East Thetford" />
    <tag k="addr:housenumber" v="3492" />
    <tag k="addr:street" v="United States Route 5" />
    <tag k="addr:state" v="VT" />
    <tag k="ref:vcgi:esiteid" v="259268" />
  </node>
  <node id="-874" visible="true" lat="43.81868978936" lon="-72.228066047673">
    <tag k="addr:city" v="Thetford" />
    <tag k="addr:housenumber" v="2507" />
    <tag k="addr:street" v="Vermont Route 113" />
    <tag k="addr:state" v="VT" />
    <tag k="ref:vcgi:esiteid" v="259269" />
  </node>
  <node id="-875" visible="true" lat="43.81873820193" lon="-72.279372007248">
    <tag k="addr:city" v="Thetford Center" />
    <tag k="addr:housenumber" v="1781" />
    <tag k="addr:street" v="Route 132" />
    <tag k="addr:state" v="VT" />
    <tag k="ref:vcgi:esiteid" v="259270" />
  </node>
  <node id="-876" visible="true" lat="43.818455376106" lon="-72.229957832735">
    <tag k="addr:city" v="Thetford" />
    <tag k="addr:housenumber" v="48" />
    <tag k="addr:street" v="Library Road" />
    <tag k="addr:state" v="VT" />
    <tag k="ref:vcgi:esiteid" v="259271" />
  </node>
  <node id="-877" visible="true" lat="43.818389063626" lon="-72.228805587464">
    <tag k="addr:city" v="Thetford" />
    <tag k="addr:housenumber" v="37" />
    <tag k="addr:street" v="Academy Road" />
    <tag k="addr:state" v="VT" />
    <tag k="ref:vcgi:esiteid" v="259272" />
  </node>
  <node id="-878" visible="true" lat="43.81846554492" lon="-72.313597960816">
    <tag k="addr:city" v="Thetford Center" />
    <tag k="addr:housenumber" v="1899" />
    <tag k="addr:street" v="Gove Hill Road" />
    <tag k="addr:state" v="VT" />
    <tag k="ref:vcgi:esiteid" v="259273" />
  </node>
  <node id="-879" visible="true" lat="43.818532939977" lon="-72.227400668379">
    <tag k="addr:city" v="Thetford" />
    <tag k="addr:housenumber" v="2489" />
    <tag k="addr:street" v="Vermont Route 113" />
    <tag k="addr:state" v="VT" />
    <tag k="ref:vcgi:esiteid" v="259274" />
  </node>
  <node id="-880" visible="true" lat="43.818125813498" lon="-72.228846016729">
    <tag k="addr:city" v="Thetford" />
    <tag k="addr:housenumber" v="57" />
    <tag k="addr:street" v="Academy Road" />
    <tag k="addr:state" v="VT" />
    <tag k="ref:vcgi:esiteid" v="259275" />
  </node>
  <node id="-881" visible="true" lat="43.818295634674" lon="-72.210236341829">
    <tag k="addr:city" v="East Thetford" />
    <tag k="addr:housenumber" v="464" />
    <tag k="addr:street" v="Latham Road" />
    <tag k="addr:state" v="VT" />
    <tag k="ref:vcgi:esiteid" v="259276" />
  </node>
  <node id="-882" visible="true" lat="43.818284027092" lon="-72.278972426429">
    <tag k="addr:city" v="Thetford Center" />
    <tag k="addr:housenumber" v="1727" />
    <tag k="addr:street" v="Route 132" />
    <tag k="addr:state" v="VT" />
    <tag k="ref:vcgi:esiteid" v="259277" />
  </node>
  <node id="-883" visible="true" lat="43.818292028759" lon="-72.312807360543">
    <tag k="addr:city" v="Thetford Center" />
    <tag k="addr:housenumber" v="1849" />
    <tag k="addr:street" v="Gove Hill Road" />
    <tag k="addr:state" v="VT" />
    <tag k="ref:vcgi:esiteid" v="259278" />
  </node>
  <node id="-884" visible="true" lat="43.818217712803" lon="-72.224607713644">
    <tag k="addr:city" v="Thetford" />
    <tag k="addr:housenumber" v="2344" />
    <tag k="addr:street" v="Vermont Route 113" />
    <tag k="addr:state" v="VT" />
    <tag k="ref:vcgi:esiteid" v="259279" />
  </node>
  <node id="-885" visible="true" lat="43.818080256218" lon="-72.22979444775">
    <tag k="addr:city" v="Thetford" />
    <tag k="addr:housenumber" v="72" />
    <tag k="addr:street" v="Library Road" />
    <tag k="addr:state" v="VT" />
    <tag k="ref:vcgi:esiteid" v="259280" />
  </node>
  <node id="-886" visible="true" lat="43.818269180669" lon="-72.218875608028">
    <tag k="addr:city" v="East Thetford" />
    <tag k="addr:housenumber" v="227" />
    <tag k="addr:street" v="Garey Road" />
    <tag k="addr:state" v="VT" />
    <tag k="ref:vcgi:esiteid" v="259281" />
  </node>
  <node id="-887" visible="true" lat="43.818147083703" lon="-72.227568757518">
    <tag k="addr:city" v="Thetford" />
    <tag k="addr:housenumber" v="2491" />
    <tag k="addr:street" v="Vermont Route 113" />
    <tag k="addr:state" v="VT" />
    <tag k="ref:vcgi:esiteid" v="259282" />
  </node>
  <node id="-888" visible="true" lat="43.818127867963" lon="-72.317094134494">
    <tag k="addr:city" v="Thetford Center" />
    <tag k="addr:housenumber" v="2099" />
    <tag k="addr:street" v="Gove Hill Road" />
    <tag k="addr:state" v="VT" />
    <tag k="ref:vcgi:esiteid" v="259283" />
  </node>
  <node id="-889" visible="true" lat="43.818117303667" lon="-72.219618069669">
    <tag k="addr:city" v="Thetford" />
    <tag k="addr:housenumber" v="197" />
    <tag k="addr:street" v="Garey Road" />
    <tag k="addr:state" v="VT" />
    <tag k="ref:vcgi:esiteid" v="259284" />
  </node>
  <node id="-890" visible="true" lat="43.8180324427" lon="-72.306109601552">
    <tag k="addr:city" v="Thetford Center" />
    <tag k="addr:housenumber" v="1515" />
    <tag k="addr:street" v="Gove Hill Road" />
    <tag k="addr:state" v="VT" />
    <tag k="ref:vcgi:esiteid" v="259285" />
  </node>
  <node id="-891" visible="true" lat="43.818233876355" lon="-72.325618770958">
    <tag k="addr:city" v="Thetford Center" />
    <tag k="addr:housenumber" v="2526" />
    <tag k="addr:street" v="Gove Hill Road" />
    <tag k="addr:state" v="VT" />
    <tag k="ref:vcgi:esiteid" v="259286" />
  </node>
  <node id="-892" visible="true" lat="43.817837134161" lon="-72.229086082536">
    <tag k="addr:city" v="Thetford" />
    <tag k="addr:housenumber" v="85" />
    <tag k="addr:street" v="Academy Road" />
    <tag k="addr:state" v="VT" />
    <tag k="ref:vcgi:esiteid" v="259287" />
  </node>
  <node id="-893" visible="true" lat="43.817972964613" lon="-72.308527507087">
    <tag k="addr:city" v="Thetford Center" />
    <tag k="addr:housenumber" v="1653" />
    <tag k="addr:street" v="Gove Hill Road" />
    <tag k="addr:state" v="VT" />
    <tag k="ref:vcgi:esiteid" v="259288" />
  </node>
  <node id="-894" visible="true" lat="43.817804407101" lon="-72.218300056644">
    <tag k="addr:city" v="East Thetford" />
    <tag k="addr:housenumber" v="54" />
    <tag k="addr:street" v="Apple Tree Road" />
    <tag k="addr:state" v="VT" />
    <tag k="ref:vcgi:esiteid" v="259289" />
  </node>
  <node id="-895" visible="true" lat="43.817625520941" lon="-72.229798065805">
    <tag k="addr:city" v="Thetford" />
    <tag k="addr:housenumber" v="102" />
    <tag k="addr:street" v="Academy Road" />
    <tag k="addr:state" v="VT" />
    <tag k="ref:vcgi:esiteid" v="259290" />
  </node>
  <node id="-896" visible="true" lat="43.817618153326" lon="-72.229185161284">
    <tag k="addr:city" v="Thetford" />
    <tag k="addr:housenumber" v="101" />
    <tag k="addr:street" v="Academy Road" />
    <tag k="addr:state" v="VT" />
    <tag k="ref:vcgi:esiteid" v="259291" />
  </node>
  <node id="-897" visible="true" lat="43.817882639972" lon="-72.321752851333">
    <tag k="addr:city" v="Thetford Center" />
    <tag k="addr:housenumber" v="2330" />
    <tag k="addr:street" v="Gove Hill Road" />
    <tag k="addr:state" v="VT" />
    <tag k="ref:vcgi:esiteid" v="259292" />
  </node>
  <node id="-898" visible="true" lat="43.817865770866" lon="-72.318114783648">
    <tag k="addr:city" v="Thetford Center" />
    <tag k="addr:housenumber" v="2171" />
    <tag k="addr:street" v="Gove Hill Road" />
    <tag k="addr:state" v="VT" />
    <tag k="ref:vcgi:esiteid" v="259293" />
  </node>
  <node id="-899" visible="true" lat="43.817779959936" lon="-72.324501794831">
    <tag k="addr:city" v="Thetford Center" />
    <tag k="addr:housenumber" v="2469" />
    <tag k="addr:street" v="Gove Hill Road" />
    <tag k="addr:state" v="VT" />
    <tag k="ref:vcgi:esiteid" v="259294" />
  </node>
  <node id="-900" visible="true" lat="43.817573996316" lon="-72.219308852981">
    <tag k="addr:city" v="East Thetford" />
    <tag k="addr:housenumber" v="200" />
    <tag k="addr:street" v="Garey Road" />
    <tag k="addr:state" v="VT" />
    <tag k="ref:vcgi:esiteid" v="259295" />
  </node>
  <node id="-901" visible="true" lat="43.817551198359" lon="-72.223490815031">
    <tag k="addr:city" v="Thetford" />
    <tag k="addr:housenumber" v="2274" />
    <tag k="addr:street" v="Vermont Route 113" />
    <tag k="addr:state" v="VT" />
    <tag k="ref:vcgi:esiteid" v="259296" />
  </node>
  <node id="-902" visible="true" lat="43.817537357907" lon="-72.198156724873">
    <tag k="addr:city" v="East Thetford" />
    <tag k="addr:housenumber" v="469" />
    <tag k="addr:street" v="Cadwell Road" />
    <tag k="addr:state" v="VT" />
    <tag k="ref:vcgi:esiteid" v="259297" />
  </node>
  <node id="-903" visible="true" lat="43.817439158901" lon="-72.229139471158">
    <tag k="addr:city" v="Thetford" />
    <tag k="addr:housenumber" v="113" />
    <tag k="addr:street" v="Academy Road" />
    <tag k="addr:state" v="VT" />
    <tag k="ref:vcgi:esiteid" v="259298" />
  </node>
  <node id="-904" visible="true" lat="43.817409306196" lon="-72.2286428896">
    <tag k="addr:city" v="Thetford" />
    <tag k="addr:housenumber" v="111" />
    <tag k="addr:street" v="Academy Road" />
    <tag k="addr:state" v="VT" />
    <tag k="ref:vcgi:esiteid" v="259299" />
  </node>
  <node id="-905" visible="true" lat="43.817616691758" lon="-72.319084675186">
    <tag k="addr:city" v="Thetford Center" />
    <tag k="addr:housenumber" v="2225" />
    <tag k="addr:street" v="Gove Hill Road" />
    <tag k="addr:state" v="VT" />
    <tag k="ref:vcgi:esiteid" v="259300" />
  </node>
  <node id="-906" visible="true" lat="43.817414716554" lon="-72.224179989972">
    <tag k="addr:city" v="East Thetford" />
    <tag k="addr:housenumber" v="2279" />
    <tag k="addr:street" v="Vermont Route 113" />
    <tag k="addr:state" v="VT" />
    <tag k="ref:vcgi:esiteid" v="259301" />
  </node>
  <node id="-907" visible="true" lat="43.817345939976" lon="-72.220677144071">
    <tag k="addr:city" v="Thetford" />
    <tag k="addr:housenumber" v="130" />
    <tag k="addr:street" v="Garey Road" />
    <tag k="addr:state" v="VT" />
    <tag k="ref:vcgi:esiteid" v="259302" />
  </node>
  <node id="-908" visible="true" lat="43.817193558208" lon="-72.228825575092">
    <tag k="addr:city" v="Thetford Center" />
    <tag k="addr:housenumber" v="125" />
    <tag k="addr:street" v="Academy Road" />
    <tag k="addr:state" v="VT" />
    <tag k="ref:vcgi:esiteid" v="259303" />
  </node>
  <node id="-909" visible="true" lat="43.817059839931" lon="-72.199830158585">
    <tag k="addr:city" v="East Thetford" />
    <tag k="addr:housenumber" v="319" />
    <tag k="addr:street" v="Cadwell Road" />
    <tag k="addr:state" v="VT" />
    <tag k="ref:vcgi:esiteid" v="259304" />
  </node>
  <node id="-910" visible="true" lat="43.817268924162" lon="-72.320413694452">
    <tag k="addr:city" v="Thetford Center" />
    <tag k="addr:housenumber" v="2263" />
    <tag k="addr:street" v="Gove Hill Road" />
    <tag k="addr:state" v="VT" />
    <tag k="ref:vcgi:esiteid" v="259305" />
  </node>
  <node id="-911" visible="true" lat="43.8172283434" lon="-72.229835725417">
    <tag k="addr:city" v="Thetford Center" />
    <tag k="addr:housenumber" v="140" />
    <tag k="addr:street" v="Academy Road" />
    <tag k="addr:state" v="VT" />
    <tag k="ref:vcgi:esiteid" v="259306" />
  </node>
  <node id="-912" visible="true" lat="43.81712831882" lon="-72.320178339915">
    <tag k="addr:city" v="Thetford Center" />
    <tag k="addr:housenumber" v="2255" />
    <tag k="addr:street" v="Gove Hill Road" />
    <tag k="addr:state" v="VT" />
    <tag k="ref:vcgi:esiteid" v="259307" />
  </node>
  <node id="-913" visible="true" lat="43.817073051397" lon="-72.311671435172">
    <tag k="addr:city" v="Thetford Center" />
    <tag k="addr:housenumber" v="1957" />
    <tag k="addr:street" v="Gove Hill Road" />
    <tag k="addr:state" v="VT" />
    <tag k="ref:vcgi:esiteid" v="259308" />
  </node>
  <node id="-914" visible="true" lat="43.817063650898" lon="-72.312226437493">
    <tag k="addr:city" v="Thetford Center" />
    <tag k="addr:housenumber" v="1955" />
    <tag k="addr:street" v="Gove Hill Road" />
    <tag k="addr:state" v="VT" />
    <tag k="ref:vcgi:esiteid" v="259309" />
  </node>
  <node id="-915" visible="true" lat="43.816787042004" lon="-72.229149435681">
    <tag k="addr:city" v="Thetford Center" />
    <tag k="addr:housenumber" v="151" />
    <tag k="addr:street" v="Academy Road" />
    <tag k="addr:state" v="VT" />
    <tag k="ref:vcgi:esiteid" v="259310" />
  </node>
  <node id="-916" visible="true" lat="43.816676515501" lon="-72.229880309152">
    <tag k="addr:city" v="Thetford Center" />
    <tag k="addr:housenumber" v="166" />
    <tag k="addr:street" v="Academy Road" />
    <tag k="addr:state" v="VT" />
    <tag k="ref:vcgi:esiteid" v="259311" />
  </node>
  <node id="-917" visible="true" lat="43.816691508742" lon="-72.27874303231">
    <tag k="addr:city" v="Thetford Center" />
    <tag k="addr:housenumber" v="1683" />
    <tag k="addr:street" v="Route 132" />
    <tag k="addr:state" v="VT" />
    <tag k="ref:vcgi:esiteid" v="259312" />
  </node>
  <node id="-918" visible="true" lat="43.816542574658" lon="-72.199813623587">
    <tag k="addr:city" v="East Thetford" />
    <tag k="addr:housenumber" v="266" />
    <tag k="addr:street" v="Cadwell Road" />
    <tag k="addr:state" v="VT" />
    <tag k="ref:vcgi:esiteid" v="259313" />
  </node>
  <node id="-919" visible="true" lat="43.816695150568" lon="-72.221257448984">
    <tag k="addr:city" v="East Thetford" />
    <tag k="addr:housenumber" v="2132" />
    <tag k="addr:street" v="Vermont Route 113" />
    <tag k="addr:state" v="VT" />
    <tag k="ref:vcgi:esiteid" v="259314" />
  </node>
  <node id="-920" visible="true" lat="43.81658241669" lon="-72.319927994251">
    <tag k="addr:city" v="Thetford Center" />
    <tag k="addr:housenumber" v="2231" />
    <tag k="addr:street" v="Gove Hill Road" />
    <tag k="addr:state" v="VT" />
    <tag k="ref:vcgi:esiteid" v="259315" />
  </node>
  <node id="-921" visible="true" lat="43.816650892893" lon="-72.221872433531">
    <tag k="addr:city" v="East Thetford" />
    <tag k="addr:housenumber" v="2166" />
    <tag k="addr:street" v="Vermont Route 113" />
    <tag k="addr:state" v="VT" />
    <tag k="ref:vcgi:esiteid" v="259316" />
  </node>
  <node id="-922" visible="true" lat="43.816789454018" lon="-72.205381133918">
    <tag k="addr:city" v="East Thetford" />
    <tag k="addr:housenumber" v="254" />
    <tag k="addr:street" v="Sugarhouse Lane" />
    <tag k="addr:state" v="VT" />
    <tag k="ref:vcgi:esiteid" v="259317" />
  </node>
  <node id="-923" visible="true" lat="43.816586199167" lon="-72.327603874415">
    <tag k="addr:city" v="Thetford Center" />
    <tag k="addr:housenumber" v="675" />
    <tag k="addr:street" v="New Boston Road" />
    <tag k="addr:state" v="VT" />
    <tag k="ref:vcgi:esiteid" v="259318" />
  </node>
  <node id="-924" visible="true" lat="43.816433554019" lon="-72.189264077849">
    <tag k="addr:city" v="East Thetford" />
    <tag k="addr:housenumber" v="3280" />
    <tag k="addr:street" v="United States Route 5" />
    <tag k="addr:state" v="VT" />
    <tag k="ref:vcgi:esiteid" v="259319" />
  </node>
  <node id="-925" visible="true" lat="43.816262408663" lon="-72.20088581157">
    <tag k="addr:city" v="East Thetford" />
    <tag k="addr:housenumber" v="243" />
    <tag k="addr:street" v="Cadwell Road" />
    <tag k="addr:state" v="VT" />
    <tag k="ref:vcgi:esiteid" v="259320" />
  </node>
  <node id="-926" visible="true" lat="43.816303549217" lon="-72.229050202038">
    <tag k="addr:city" v="Thetford" />
    <tag k="addr:housenumber" v="193" />
    <tag k="addr:street" v="Academy Road" />
    <tag k="addr:state" v="VT" />
    <tag k="ref:vcgi:esiteid" v="259321" />
  </node>
  <node id="-927" visible="true" lat="43.816222728515" lon="-72.230026667059">
    <tag k="addr:city" v="Thetford" />
    <tag k="addr:housenumber" v="196" />
    <tag k="addr:street" v="Academy Road" />
    <tag k="addr:state" v="VT" />
    <tag k="ref:vcgi:esiteid" v="259322" />
  </node>
  <node id="-928" visible="true" lat="43.815924282645" lon="-72.212650588451">
    <tag k="addr:city" v="East Thetford" />
    <tag k="addr:housenumber" v="300" />
    <tag k="addr:street" v="Latham Road" />
    <tag k="addr:state" v="VT" />
    <tag k="ref:vcgi:esiteid" v="259323" />
  </node>
  <node id="-929" visible="true" lat="43.816024166144" lon="-72.229030166553">
    <tag k="addr:city" v="Thetford" />
    <tag k="addr:housenumber" v="205" />
    <tag k="addr:street" v="Academy Road" />
    <tag k="addr:state" v="VT" />
    <tag k="ref:vcgi:esiteid" v="259324" />
  </node>
  <node id="-930" visible="true" lat="43.815942421066" lon="-72.2102029845">
    <tag k="addr:city" v="East Thetford" />
    <tag k="addr:housenumber" v="300" />
    <tag k="addr:street" v="Latham Road" />
    <tag k="addr:state" v="VT" />
    <tag k="ref:vcgi:esiteid" v="259325" />
  </node>
  <node id="-931" visible="true" lat="43.815941849713" lon="-72.198026478632">
    <tag k="addr:city" v="East Thetford" />
    <tag k="addr:housenumber" v="360" />
    <tag k="addr:street" v="Cadwell Road" />
    <tag k="addr:state" v="VT" />
    <tag k="ref:vcgi:esiteid" v="259326" />
  </node>
  <node id="-932" visible="true" lat="43.815982589758" lon="-72.277586854817">
    <tag k="addr:city" v="Thetford Center" />
    <tag k="addr:housenumber" v="1553" />
    <tag k="addr:street" v="Route 132" />
    <tag k="addr:state" v="VT" />
    <tag k="ref:vcgi:esiteid" v="259328" />
  </node>
  <node id="-933" visible="true" lat="43.815930684186" lon="-72.230764946656">
    <tag k="addr:city" v="Thetford Center" />
    <tag k="addr:housenumber" v="218" />
    <tag k="addr:street" v="Academy Road" />
    <tag k="addr:state" v="VT" />
    <tag k="ref:vcgi:esiteid" v="259329" />
  </node>
  <node id="-934" visible="true" lat="43.815711816333" lon="-72.229244220943">
    <tag k="addr:city" v="Thetford" />
    <tag k="addr:housenumber" v="227" />
    <tag k="addr:street" v="Academy Road" />
    <tag k="addr:state" v="VT" />
    <tag k="ref:vcgi:esiteid" v="259330" />
  </node>
  <node id="-935" visible="true" lat="43.815676187663" lon="-72.230148755865">
    <tag k="addr:city" v="Thetford" />
    <tag k="addr:housenumber" v="242" />
    <tag k="addr:street" v="Academy Road" />
    <tag k="addr:state" v="VT" />
    <tag k="ref:vcgi:esiteid" v="259331" />
  </node>
  <node id="-936" visible="true" lat="43.815852195485" lon="-72.188154809398">
    <tag k="addr:city" v="East Thetford" />
    <tag k="addr:housenumber" v="3184" />
    <tag k="addr:street" v="United States Route 5" />
    <tag k="addr:state" v="VT" />
    <tag k="ref:vcgi:esiteid" v="259332" />
  </node>
  <node id="-937" visible="true" lat="43.81569179756" lon="-72.230773239235">
    <tag k="addr:city" v="Thetford" />
    <tag k="addr:housenumber" v="250" />
    <tag k="addr:street" v="Academy Road" />
    <tag k="addr:state" v="VT" />
    <tag k="ref:vcgi:esiteid" v="259333" />
  </node>
  <node id="-938" visible="true" lat="43.815689721844" lon="-72.325692936802">
    <tag k="addr:city" v="Thetford Center" />
    <tag k="addr:housenumber" v="616" />
    <tag k="addr:street" v="New Boston Road" />
    <tag k="addr:state" v="VT" />
    <tag k="ref:vcgi:esiteid" v="259334" />
  </node>
  <node id="-939" visible="true" lat="43.815435971627" lon="-72.230120807704">
    <tag k="addr:city" v="Thetford Center" />
    <tag k="addr:housenumber" v="258" />
    <tag k="addr:street" v="Academy Road" />
    <tag k="addr:state" v="VT" />
    <tag k="ref:vcgi:esiteid" v="259335" />
  </node>
  <node id="-940" visible="true" lat="43.81531070102" lon="-72.189741210256">
    <tag k="addr:city" v="East Thetford" />
    <tag k="addr:housenumber" v="3278" />
    <tag k="addr:street" v="United States Route 5" />
    <tag k="addr:state" v="VT" />
    <tag k="ref:vcgi:esiteid" v="259337" />
  </node>
  <node id="-941" visible="true" lat="43.815348834774" lon="-72.200035953262">
    <tag k="addr:city" v="East Thetford" />
    <tag k="addr:housenumber" v="190" />
    <tag k="addr:street" v="Cadwell Road" />
    <tag k="addr:state" v="VT" />
    <tag k="ref:vcgi:esiteid" v="259338" />
  </node>
  <node id="-942" visible="true" lat="43.815280324993" lon="-72.218302024401">
    <tag k="addr:city" v="East Thetford" />
    <tag k="addr:housenumber" v="212" />
    <tag k="addr:street" v="Apple Tree Road" />
    <tag k="addr:state" v="VT" />
    <tag k="ref:vcgi:esiteid" v="259339" />
  </node>
  <node id="-943" visible="true" lat="43.81530099823" lon="-72.189053924298">
    <tag k="addr:city" v="East Thetford" />
    <tag k="addr:housenumber" v="3180" />
    <tag k="addr:street" v="United States Route 5" />
    <tag k="addr:state" v="VT" />
    <tag k="ref:vcgi:esiteid" v="259340" />
  </node>
  <node id="-944" visible="true" lat="43.815347037313" lon="-72.318337583923">
    <tag k="addr:city" v="Thetford Center" />
    <tag k="addr:housenumber" v="168" />
    <tag k="addr:street" v="Picknell Road" />
    <tag k="addr:state" v="VT" />
    <tag k="ref:vcgi:esiteid" v="259341" />
  </node>
  <node id="-945" visible="true" lat="43.815272748208" lon="-72.220107643457">
    <tag k="addr:city" v="East Thetford" />
    <tag k="addr:housenumber" v="2048" />
    <tag k="addr:street" v="Vermont Route 113" />
    <tag k="addr:state" v="VT" />
    <tag k="ref:vcgi:esiteid" v="259342" />
  </node>
  <node id="-946" visible="true" lat="43.815055315593" lon="-72.206423195582">
    <tag k="addr:city" v="East Thetford" />
    <tag k="addr:housenumber" v="129" />
    <tag k="addr:street" v="Family Farm Lane" />
    <tag k="addr:state" v="VT" />
    <tag k="ref:vcgi:esiteid" v="259344" />
  </node>
  <node id="-947" visible="true" lat="43.815146589144" lon="-72.27762900082">
    <tag k="addr:city" v="Thetford Center" />
    <tag k="addr:housenumber" v="1535" />
    <tag k="addr:street" v="Route 132" />
    <tag k="addr:state" v="VT" />
    <tag k="ref:vcgi:esiteid" v="259345" />
  </node>
  <node id="-948" visible="true" lat="43.814993711869" lon="-72.317094343629">
    <tag k="addr:city" v="Thetford Center" />
    <tag k="addr:housenumber" v="244" />
    <tag k="addr:street" v="Picknell Road" />
    <tag k="addr:state" v="VT" />
    <tag k="ref:vcgi:esiteid" v="259347" />
  </node>
  <node id="-949" visible="true" lat="43.814790084898" lon="-72.315993619532">
    <tag k="addr:city" v="Thetford Center" />
    <tag k="addr:housenumber" v="21" />
    <tag k="addr:street" v="Jamieson Lane" />
    <tag k="addr:state" v="VT" />
    <tag k="ref:vcgi:esiteid" v="259348" />
  </node>
  <node id="-950" visible="true" lat="43.814519045343" lon="-72.230614036361">
    <tag k="addr:city" v="Thetford" />
    <tag k="addr:housenumber" v="304" />
    <tag k="addr:street" v="Academy Road" />
    <tag k="addr:state" v="VT" />
    <tag k="ref:vcgi:esiteid" v="259349" />
  </node>
  <node id="-951" visible="true" lat="43.814771279565" lon="-72.314575986076">
    <tag k="addr:city" v="Thetford Center" />
    <tag k="addr:housenumber" v="317" />
    <tag k="addr:street" v="Picknell Road" />
    <tag k="addr:state" v="VT" />
    <tag k="ref:vcgi:esiteid" v="259350" />
  </node>
  <node id="-952" visible="true" lat="43.814519322829" lon="-72.218027132766">
    <tag k="addr:city" v="East Thetford" />
    <tag k="addr:housenumber" v="274" />
    <tag k="addr:street" v="Apple Tree Road" />
    <tag k="addr:state" v="VT" />
    <tag k="ref:vcgi:esiteid" v="259352" />
  </node>
  <node id="-953" visible="true" lat="43.813903222779" lon="-72.315344549459">
    <tag k="addr:city" v="Thetford Center" />
    <tag k="addr:housenumber" v="310" />
    <tag k="addr:street" v="Picknell Road" />
    <tag k="addr:state" v="VT" />
    <tag k="ref:vcgi:esiteid" v="259354" />
  </node>
  <node id="-954" visible="true" lat="43.814249411771" lon="-72.190353746271">
    <tag k="addr:city" v="East Thetford" />
    <tag k="addr:housenumber" v="3183" />
    <tag k="addr:street" v="United States Route 5" />
    <tag k="addr:state" v="VT" />
    <tag k="ref:vcgi:esiteid" v="259355" />
  </node>
  <node id="-955" visible="true" lat="43.814365892255" lon="-72.200510121277">
    <tag k="addr:city" v="East Thetford" />
    <tag k="addr:housenumber" v="108" />
    <tag k="addr:street" v="Cadwell Road" />
    <tag k="addr:state" v="VT" />
    <tag k="ref:vcgi:esiteid" v="259356" />
  </node>
  <node id="-956" visible="true" lat="43.814557047773" lon="-72.313175218327">
    <tag k="addr:city" v="Thetford Center" />
    <tag k="addr:housenumber" v="405" />
    <tag k="addr:street" v="Picknell Road" />
    <tag k="addr:state" v="VT" />
    <tag k="ref:vcgi:esiteid" v="259357" />
  </node>
  <node id="-957" visible="true" lat="43.814388453804" lon="-72.32901437301">
    <tag k="addr:city" v="Thetford Center" />
    <tag k="addr:housenumber" v="72" />
    <tag k="addr:street" v="Judd Road" />
    <tag k="addr:state" v="VT" />
    <tag k="ref:vcgi:esiteid" v="259358" />
  </node>
  <node id="-958" visible="true" lat="43.813993154674" lon="-72.190058004367">
    <tag k="addr:city" v="East Thetford" />
    <tag k="addr:housenumber" v="3177" />
    <tag k="addr:street" v="United States Route 5" />
    <tag k="addr:state" v="VT" />
    <tag k="ref:vcgi:esiteid" v="259359" />
  </node>
  <node id="-959" visible="true" lat="43.814220804068" lon="-72.196252913684">
    <tag k="addr:city" v="East Thetford" />
    <tag k="addr:housenumber" v="741" />
    <tag k="addr:street" v="Vermont Route 113" />
    <tag k="addr:state" v="VT" />
    <tag k="ref:vcgi:esiteid" v="259360" />
  </node>
  <node id="-960" visible="true" lat="43.814350337423" lon="-72.312096485892">
    <tag k="addr:city" v="Thetford Center" />
    <tag k="addr:housenumber" v="467" />
    <tag k="addr:street" v="Picknell Road" />
    <tag k="addr:state" v="VT" />
    <tag k="ref:vcgi:esiteid" v="259361" />
  </node>
  <node id="-961" visible="true" lat="43.814203324527" lon="-72.206504462654">
    <tag k="addr:city" v="East Thetford" />
    <tag k="addr:housenumber" v="77" />
    <tag k="addr:street" v="Family Farm Lane" />
    <tag k="addr:state" v="VT" />
    <tag k="ref:vcgi:esiteid" v="259362" />
  </node>
  <node id="-962" visible="true" lat="43.81420398879" lon="-72.313699047787">
    <tag k="addr:city" v="Thetford Center" />
    <tag k="addr:housenumber" v="358" />
    <tag k="addr:street" v="Picknell Road" />
    <tag k="addr:state" v="VT" />
    <tag k="ref:vcgi:esiteid" v="259363" />
  </node>
  <node id="-963" visible="true" lat="43.813981697107" lon="-72.186909486736">
    <tag k="addr:city" v="East Thetford" />
    <tag k="addr:housenumber" v="137" />
    <tag k="addr:street" v="Wilson Road" />
    <tag k="addr:state" v="VT" />
    <tag k="ref:vcgi:esiteid" v="259364" />
  </node>
  <node id="-964" visible="true" lat="43.813701099993" lon="-72.197192921933">
    <tag k="addr:city" v="East Thetford" />
    <tag k="addr:housenumber" v="787" />
    <tag k="addr:street" v="Vermont Route 113" />
    <tag k="addr:state" v="VT" />
    <tag k="ref:vcgi:esiteid" v="259365" />
  </node>
  <node id="-965" visible="true" lat="43.813935319173" lon="-72.221503140849">
    <tag k="addr:city" v="East Thetford" />
    <tag k="addr:housenumber" v="139" />
    <tag k="addr:street" v="Godfrey Road" />
    <tag k="addr:state" v="VT" />
    <tag k="ref:vcgi:esiteid" v="259366" />
  </node>
  <node id="-966" visible="true" lat="43.813915552762" lon="-72.326787244546">
    <tag k="addr:city" v="Thetford Center" />
    <tag k="addr:housenumber" v="480" />
    <tag k="addr:street" v="New Boston Road" />
    <tag k="addr:state" v="VT" />
    <tag k="ref:vcgi:esiteid" v="259367" />
  </node>
  <node id="-967" visible="true" lat="43.814014508846" lon="-72.280545291652">
    <tag k="addr:city" v="Thetford Center" />
    <tag k="addr:housenumber" v="688" />
    <tag k="addr:street" v="Cream Street" />
    <tag k="addr:state" v="VT" />
    <tag k="ref:vcgi:esiteid" v="259368" />
  </node>
  <node id="-968" visible="true" lat="43.813560974299" lon="-72.230959174728">
    <tag k="addr:city" v="Thetford" />
    <tag k="addr:housenumber" v="386" />
    <tag k="addr:street" v="Academy Road" />
    <tag k="addr:state" v="VT" />
    <tag k="ref:vcgi:esiteid" v="259369" />
  </node>
  <node id="-969" visible="true" lat="43.813763653796" lon="-72.275757958491">
    <tag k="addr:city" v="Thetford Center" />
    <tag k="addr:housenumber" v="1335" />
    <tag k="addr:street" v="Route 132" />
    <tag k="addr:state" v="VT" />
    <tag k="ref:vcgi:esiteid" v="259370" />
  </node>
  <node id="-970" visible="true" lat="43.813482287932" lon="-72.189768767359">
    <tag k="addr:city" v="East Thetford" />
    <tag k="addr:housenumber" v="3123" />
    <tag k="addr:street" v="United States Route 5" />
    <tag k="addr:state" v="VT" />
    <tag k="ref:vcgi:esiteid" v="259371" />
  </node>
  <node id="-971" visible="true" lat="43.813591299649" lon="-72.22963793142">
    <tag k="addr:city" v="Thetford" />
    <tag k="addr:housenumber" v="385" />
    <tag k="addr:street" v="Academy Road" />
    <tag k="addr:state" v="VT" />
    <tag k="ref:vcgi:esiteid" v="259372" />
  </node>
  <node id="-972" visible="true" lat="43.81337183314" lon="-72.192768654039">
    <tag k="addr:city" v="East Thetford" />
    <tag k="addr:housenumber" v="507" />
    <tag k="addr:street" v="Vermont Route 113" />
    <tag k="addr:state" v="VT" />
    <tag k="ref:vcgi:esiteid" v="259373" />
  </node>
  <node id="-973" visible="true" lat="43.813370087887" lon="-72.320508089683">
    <tag k="addr:city" v="Thetford Center" />
    <tag k="addr:housenumber" v="284" />
    <tag k="addr:street" v="Picknell Road" />
    <tag k="addr:state" v="VT" />
    <tag k="ref:vcgi:esiteid" v="259374" />
  </node>
  <node id="-974" visible="true" lat="43.813508656793" lon="-72.31227378222">
    <tag k="addr:city" v="Thetford Center" />
    <tag k="addr:housenumber" v="424" />
    <tag k="addr:street" v="Picknell Road" />
    <tag k="addr:state" v="VT" />
    <tag k="ref:vcgi:esiteid" v="259375" />
  </node>
  <node id="-975" visible="true" lat="43.813311995605" lon="-72.205529573949">
    <tag k="addr:city" v="East Thetford" />
    <tag k="addr:housenumber" v="1132" />
    <tag k="addr:street" v="Vermont Route 113" />
    <tag k="addr:state" v="VT" />
    <tag k="ref:vcgi:esiteid" v="259376" />
  </node>
  <node id="-976" visible="true" lat="43.813346796351" lon="-72.196100039498">
    <tag k="addr:city" v="East Thetford" />
    <tag k="addr:housenumber" v="761" />
    <tag k="addr:street" v="Vermont Route 113" />
    <tag k="addr:state" v="VT" />
    <tag k="ref:vcgi:esiteid" v="259377" />
  </node>
  <node id="-977" visible="true" lat="43.813482317324" lon="-72.205043152625">
    <tag k="addr:city" v="East Thetford" />
    <tag k="addr:housenumber" v="1178" />
    <tag k="addr:street" v="Vermont Route 113" />
    <tag k="addr:state" v="VT" />
    <tag k="ref:vcgi:esiteid" v="259378" />
  </node>
  <node id="-978" visible="true" lat="43.813463596705" lon="-72.300347113256">
    <tag k="addr:city" v="Thetford Center" />
    <tag k="addr:housenumber" v="945" />
    <tag k="addr:street" v="Picknell Road" />
    <tag k="addr:state" v="VT" />
    <tag k="ref:vcgi:esiteid" v="259379" />
  </node>
  <node id="-979" visible="true" lat="43.813154490981" lon="-72.189611721356">
    <tag k="addr:city" v="East Thetford" />
    <tag k="addr:housenumber" v="3107" />
    <tag k="addr:street" v="United States Route 5" />
    <tag k="addr:state" v="VT" />
    <tag k="ref:vcgi:esiteid" v="259380" />
  </node>
  <node id="-980" visible="true" lat="43.813460108611" lon="-72.189086710391">
    <tag k="addr:city" v="East Thetford" />
    <tag k="addr:housenumber" v="3088" />
    <tag k="addr:street" v="United States Route 5" />
    <tag k="addr:state" v="VT" />
    <tag k="ref:vcgi:esiteid" v="259382" />
  </node>
  <node id="-981" visible="true" lat="43.813165818597" lon="-72.200894698448">
    <tag k="addr:city" v="East Thetford" />
    <tag k="addr:housenumber" v="964" />
    <tag k="addr:street" v="Vermont Route 113" />
    <tag k="addr:state" v="VT" />
    <tag k="ref:vcgi:esiteid" v="259383" />
  </node>
  <node id="-982" visible="true" lat="43.813158017132" lon="-72.201761998915">
    <tag k="addr:city" v="East Thetford" />
    <tag k="addr:housenumber" v="20" />
    <tag k="addr:street" v="Cadwell Road" />
    <tag k="addr:state" v="VT" />
    <tag k="ref:vcgi:esiteid" v="259384" />
  </node>
  <node id="-983" visible="true" lat="43.813097968582" lon="-72.188263809594">
    <tag k="addr:city" v="East Thetford" />
    <tag k="addr:housenumber" v="41" />
    <tag k="addr:street" v="Depot Drive" />
    <tag k="addr:state" v="VT" />
    <tag k="ref:vcgi:esiteid" v="259386" />
  </node>
  <node id="-984" visible="true" lat="43.813223761011" lon="-72.20926175246">
    <tag k="addr:city" v="East Thetford" />
    <tag k="addr:housenumber" v="1408" />
    <tag k="addr:street" v="Vermont Route 113" />
    <tag k="addr:state" v="VT" />
    <tag k="ref:vcgi:esiteid" v="259387" />
  </node>
  <node id="-985" visible="true" lat="43.812994990228" lon="-72.229581030358">
    <tag k="addr:city" v="Thetford" />
    <tag k="addr:housenumber" v="399" />
    <tag k="addr:street" v="Academy Road" />
    <tag k="addr:state" v="VT" />
    <tag k="ref:vcgi:esiteid" v="259388" />
  </node>
  <node id="-986" visible="true" lat="43.813040487291" lon="-72.187786564597">
    <tag k="addr:city" v="East Thetford" />
    <tag k="addr:housenumber" v="56" />
    <tag k="addr:street" v="Depot Drive" />
    <tag k="addr:state" v="VT" />
    <tag k="ref:vcgi:esiteid" v="259389" />
  </node>
  <node id="-987" visible="true" lat="43.813151880436" lon="-72.326776939103">
    <tag k="addr:city" v="Thetford Center" />
    <tag k="addr:housenumber" v="448" />
    <tag k="addr:street" v="New Boston Road" />
    <tag k="addr:state" v="VT" />
    <tag k="ref:vcgi:esiteid" v="259390" />
  </node>
  <node id="-988" visible="true" lat="43.812636894361" lon="-72.200688247044">
    <tag k="addr:city" v="East Thetford" />
    <tag k="addr:housenumber" v="979" />
    <tag k="addr:street" v="Vermont Route 113" />
    <tag k="addr:state" v="VT" />
    <tag k="ref:vcgi:esiteid" v="259391" />
  </node>
  <node id="-989" visible="true" lat="43.812875932563" lon="-72.186011797139">
    <tag k="addr:city" v="East Thetford" />
    <tag k="addr:housenumber" v="82" />
    <tag k="addr:street" v="Wilson Road" />
    <tag k="addr:state" v="VT" />
    <tag k="ref:vcgi:esiteid" v="259392" />
  </node>
  <node id="-990" visible="true" lat="43.813068565675" lon="-72.221592685125">
    <tag k="addr:city" v="East Thetford" />
    <tag k="addr:housenumber" v="203" />
    <tag k="addr:street" v="Godfrey Road" />
    <tag k="addr:state" v="VT" />
    <tag k="ref:vcgi:esiteid" v="259393" />
  </node>
  <node id="-991" visible="true" lat="43.812745415813" lon="-72.189423660847">
    <tag k="addr:city" v="East Thetford" />
    <tag k="addr:housenumber" v="3073" />
    <tag k="addr:street" v="United States Route 5" />
    <tag k="addr:state" v="VT" />
    <tag k="ref:vcgi:esiteid" v="259394" />
  </node>
  <node id="-992" visible="true" lat="43.812852340503" lon="-72.190725169387">
    <tag k="addr:city" v="East Thetford" />
    <tag k="addr:housenumber" v="408" />
    <tag k="addr:street" v="Vermont Route 113" />
    <tag k="addr:state" v="VT" />
    <tag k="ref:vcgi:esiteid" v="259396" />
  </node>
  <node id="-993" visible="true" lat="43.812804549403" lon="-72.196997102909">
    <tag k="addr:city" v="East Thetford" />
    <tag k="addr:housenumber" v="763" />
    <tag k="addr:street" v="Vermont Route 113" />
    <tag k="addr:state" v="VT" />
    <tag k="ref:vcgi:esiteid" v="259397" />
  </node>
  <node id="-994" visible="true" lat="43.812539424" lon="-72.188729387084">
    <tag k="addr:city" v="East Thetford" />
    <tag k="addr:housenumber" v="3052" />
    <tag k="addr:street" v="United States Route 5" />
    <tag k="addr:state" v="VT" />
    <tag k="ref:vcgi:esiteid" v="259398" />
  </node>
  <node id="-995" visible="true" lat="43.812749415583" lon="-72.328537691618">
    <tag k="addr:city" v="Thetford Center" />
    <tag k="addr:housenumber" v="85" />
    <tag k="addr:street" v="Judd Road" />
    <tag k="addr:state" v="VT" />
    <tag k="ref:vcgi:esiteid" v="259399" />
  </node>
  <node id="-996" visible="true" lat="43.812573562103" lon="-72.213736399974">
    <tag k="addr:city" v="East Thetford" />
    <tag k="addr:housenumber" v="59" />
    <tag k="addr:street" v="Latham Road" />
    <tag k="addr:state" v="VT" />
    <tag k="ref:vcgi:esiteid" v="259400" />
  </node>
  <node id="-997" visible="true" lat="43.812531707249" lon="-72.189535236902">
    <tag k="addr:city" v="East Thetford" />
    <tag k="addr:housenumber" v="332" />
    <tag k="addr:street" v="Vermont Route 113" />
    <tag k="addr:state" v="VT" />
    <tag k="ref:vcgi:esiteid" v="259401" />
  </node>
  <node id="-998" visible="true" lat="43.812754141657" lon="-72.212351362723">
    <tag k="addr:city" v="East Thetford" />
    <tag k="addr:housenumber" v="58" />
    <tag k="addr:street" v="Latham Road" />
    <tag k="addr:state" v="VT" />
    <tag k="ref:vcgi:esiteid" v="259402" />
  </node>
  <node id="-999" visible="true" lat="43.812476414494" lon="-72.186452341117">
    <tag k="addr:city" v="East Thetford" />
    <tag k="addr:housenumber" v="104" />
    <tag k="addr:street" v="Vermont Route 113" />
    <tag k="addr:state" v="VT" />
    <tag k="ref:vcgi:esiteid" v="259403" />
  </node>
  <node id="-1000" visible="true" lat="43.811929094622" lon="-72.205444203172">
    <tag k="addr:city" v="East Thetford" />
    <tag k="addr:housenumber" v="1235" />
    <tag k="addr:street" v="Vermont Route 113" />
    <tag k="addr:state" v="VT" />
    <tag k="ref:vcgi:esiteid" v="259404" />
  </node>
  <node id="-1001" visible="true" lat="43.812284061034" lon="-72.188034137139">
    <tag k="addr:city" v="East Thetford" />
    <tag k="addr:housenumber" v="48" />
    <tag k="addr:street" v="Depot Drive" />
    <tag k="addr:state" v="VT" />
    <tag k="ref:vcgi:esiteid" v="259405" />
  </node>
  <node id="-1002" visible="true" lat="43.812373419292" lon="-72.275066314323">
    <tag k="addr:city" v="Thetford Center" />
    <tag k="addr:housenumber" v="1295" />
    <tag k="addr:street" v="Route 132" />
    <tag k="addr:state" v="VT" />
    <tag k="ref:vcgi:esiteid" v="259406" />
  </node>
  <node id="-1003" visible="true" lat="43.812108362528" lon="-72.189255815297">
    <tag k="addr:city" v="East Thetford" />
    <tag k="addr:housenumber" v="321" />
    <tag k="addr:street" v="Vermont Route 113" />
    <tag k="addr:state" v="VT" />
    <tag k="ref:vcgi:esiteid" v="259407" />
  </node>
  <node id="-1004" visible="true" lat="43.812287255686" lon="-72.191008148615">
    <tag k="addr:city" v="East Thetford" />
    <tag k="addr:housenumber" v="385" />
    <tag k="addr:street" v="Vermont Route 113" />
    <tag k="addr:state" v="VT" />
    <tag k="ref:vcgi:esiteid" v="259408" />
  </node>
  <node id="-1005" visible="true" lat="43.812247366869" lon="-72.190200125905">
    <tag k="addr:city" v="East Thetford" />
    <tag k="addr:housenumber" v="353" />
    <tag k="addr:street" v="Vermont Route 113" />
    <tag k="addr:state" v="VT" />
    <tag k="ref:vcgi:esiteid" v="259409" />
  </node>
  <node id="-1006" visible="true" lat="43.812317896784" lon="-72.221670999795">
    <tag k="addr:city" v="East Thetford" />
    <tag k="addr:housenumber" v="255" />
    <tag k="addr:street" v="Godfrey Road" />
    <tag k="addr:state" v="VT" />
    <tag k="ref:vcgi:esiteid" v="259410" />
  </node>
  <node id="-1007" visible="true" lat="43.811389119536" lon="-72.199321186011">
    <tag k="addr:city" v="East Thetford" />
    <tag k="addr:housenumber" v="31" />
    <tag k="addr:street" v="Berger Road" />
    <tag k="addr:state" v="VT" />
    <tag k="ref:vcgi:esiteid" v="259411" />
  </node>
  <node id="-1008" visible="true" lat="43.812280628729" lon="-72.281448873997">
    <tag k="addr:city" v="Thetford Center" />
    <tag k="addr:housenumber" v="672" />
    <tag k="addr:street" v="Cream Street" />
    <tag k="addr:state" v="VT" />
    <tag k="ref:vcgi:esiteid" v="259412" />
  </node>
  <node id="-1009" visible="true" lat="43.812060655042" lon="-72.229445714183">
    <tag k="addr:city" v="Thetford" />
    <tag k="addr:housenumber" v="523" />
    <tag k="addr:street" v="Academy Road" />
    <tag k="addr:state" v="VT" />
    <tag k="ref:vcgi:esiteid" v="259413" />
  </node>
  <node id="-1010" visible="true" lat="43.811971200711" lon="-72.18432510549">
    <tag k="addr:city" v="East Thetford" />
    <tag k="addr:housenumber" v="22" />
    <tag k="addr:street" v="Vermont Route 113" />
    <tag k="addr:state" v="VT" />
    <tag k="ref:vcgi:esiteid" v="259414" />
  </node>
  <node id="-1011" visible="true" lat="43.811828196985" lon="-72.189699066155">
    <tag k="addr:city" v="East Thetford" />
    <tag k="addr:housenumber" v="3009" />
    <tag k="addr:street" v="United States Route 5" />
    <tag k="addr:state" v="VT" />
    <tag k="ref:vcgi:esiteid" v="259415" />
  </node>
  <node id="-1012" visible="true" lat="43.812095494886" lon="-72.283683182871">
    <tag k="addr:city" v="Thetford Center" />
    <tag k="addr:housenumber" v="754" />
    <tag k="addr:street" v="Cream Street" />
    <tag k="addr:state" v="VT" />
    <tag k="ref:vcgi:esiteid" v="259416" />
  </node>
  <node id="-1013" visible="true" lat="43.81196350542" lon="-72.188674739468">
    <tag k="addr:city" v="East Thetford" />
    <tag k="addr:housenumber" v="232" />
    <tag k="addr:street" v="Vermont Route 113" />
    <tag k="addr:state" v="VT" />
    <tag k="ref:vcgi:esiteid" v="259417" />
  </node>
  <node id="-1014" visible="true" lat="43.811894081955" lon="-72.186801412726">
    <tag k="addr:city" v="East Thetford" />
    <tag k="addr:housenumber" v="138" />
    <tag k="addr:street" v="Vermont Route 113" />
    <tag k="addr:state" v="VT" />
    <tag k="ref:vcgi:esiteid" v="259418" />
  </node>
  <node id="-1015" visible="true" lat="43.811897870137" lon="-72.279853696102">
    <tag k="addr:city" v="Thetford Center" />
    <tag k="addr:housenumber" v="576" />
    <tag k="addr:street" v="Cream Street" />
    <tag k="addr:state" v="VT" />
    <tag k="ref:vcgi:esiteid" v="259419" />
  </node>
  <node id="-1016" visible="true" lat="43.811899908284" lon="-72.185003231379">
    <tag k="addr:city" v="East Thetford" />
    <tag k="addr:housenumber" v="58" />
    <tag k="addr:street" v="Vermont Route 113" />
    <tag k="addr:state" v="VT" />
    <tag k="ref:vcgi:esiteid" v="259420" />
  </node>
  <node id="-1017" visible="true" lat="43.811898617543" lon="-72.190418441173">
    <tag k="addr:city" v="East Thetford" />
    <tag k="addr:housenumber" v="2999" />
    <tag k="addr:street" v="United States Route 5" />
    <tag k="addr:state" v="VT" />
    <tag k="ref:vcgi:esiteid" v="259421" />
  </node>
  <node id="-1018" visible="true" lat="43.811756702942" lon="-72.187316341373">
    <tag k="addr:city" v="East Thetford" />
    <tag k="addr:housenumber" v="172" />
    <tag k="addr:street" v="Vermont Route 113" />
    <tag k="addr:state" v="VT" />
    <tag k="ref:vcgi:esiteid" v="259422" />
  </node>
  <node id="-1019" visible="true" lat="43.811793084015" lon="-72.19638489393">
    <tag k="addr:city" v="East Thetford" />
    <tag k="addr:housenumber" v="863" />
    <tag k="addr:street" v="Vermont Route 113" />
    <tag k="addr:state" v="VT" />
    <tag k="ref:vcgi:esiteid" v="259423" />
  </node>
  <node id="-1020" visible="true" lat="43.811866916826" lon="-72.189337785468">
    <tag k="addr:city" v="East Thetford" />
    <tag k="addr:housenumber" v="2991" />
    <tag k="addr:street" v="United States Route 5" />
    <tag k="addr:state" v="VT" />
    <tag k="ref:vcgi:esiteid" v="259424" />
  </node>
  <node id="-1021" visible="true" lat="43.811816593338" lon="-72.274398986963">
    <tag k="addr:city" v="Thetford Center" />
    <tag k="addr:housenumber" v="1151" />
    <tag k="addr:street" v="Route 132" />
    <tag k="addr:state" v="VT" />
    <tag k="ref:vcgi:esiteid" v="259425" />
  </node>
  <node id="-1022" visible="true" lat="43.811530439871" lon="-72.201127307315">
    <tag k="addr:city" v="East Thetford" />
    <tag k="addr:housenumber" v="92" />
    <tag k="addr:street" v="Berger Road" />
    <tag k="addr:state" v="VT" />
    <tag k="ref:vcgi:esiteid" v="259426" />
  </node>
  <node id="-1023" visible="true" lat="43.811539028198" lon="-72.189207184271">
    <tag k="addr:city" v="East Thetford" />
    <tag k="addr:housenumber" v="2981" />
    <tag k="addr:street" v="United States Route 5" />
    <tag k="addr:state" v="VT" />
    <tag k="ref:vcgi:esiteid" v="259427" />
  </node>
  <node id="-1024" visible="true" lat="43.811704000922" lon="-72.287567614608">
    <tag k="addr:city" v="Thetford Center" />
    <tag k="addr:housenumber" v="901" />
    <tag k="addr:street" v="Cream Street" />
    <tag k="addr:state" v="VT" />
    <tag k="ref:vcgi:esiteid" v="259428" />
  </node>
  <node id="-1025" visible="true" lat="43.811512361797" lon="-72.184124967698">
    <tag k="addr:city" v="East Thetford" />
    <tag k="addr:housenumber" v="37" />
    <tag k="addr:street" v="Vermont Route 113" />
    <tag k="addr:state" v="VT" />
    <tag k="ref:vcgi:esiteid" v="259429" />
  </node>
  <node id="-1026" visible="true" lat="43.811460595006" lon="-72.18485452409">
    <tag k="addr:city" v="East Thetford" />
    <tag k="addr:housenumber" v="43" />
    <tag k="addr:street" v="Vermont Route 113" />
    <tag k="addr:state" v="VT" />
    <tag k="ref:vcgi:esiteid" v="259430" />
  </node>
  <node id="-1027" visible="true" lat="43.811573615273" lon="-72.221193428842">
    <tag k="addr:city" v="East Thetford" />
    <tag k="addr:housenumber" v="307" />
    <tag k="addr:street" v="Godfrey Road" />
    <tag k="addr:state" v="VT" />
    <tag k="ref:vcgi:esiteid" v="259431" />
  </node>
  <node id="-1028" visible="true" lat="43.811423014751" lon="-72.18431041079">
    <tag k="addr:city" v="East Thetford" />
    <tag k="addr:housenumber" v="39" />
    <tag k="addr:street" v="Vermont Route 113" />
    <tag k="addr:state" v="VT" />
    <tag k="ref:vcgi:esiteid" v="259432" />
  </node>
  <node id="-1029" visible="true" lat="43.81133055361" lon="-72.188454141542">
    <tag k="addr:city" v="East Thetford" />
    <tag k="addr:housenumber" v="217" />
    <tag k="addr:street" v="Vermont Route 113" />
    <tag k="addr:state" v="VT" />
    <tag k="ref:vcgi:esiteid" v="259433" />
  </node>
  <node id="-1030" visible="true" lat="43.811308824179" lon="-72.189145510991">
    <tag k="addr:city" v="East Thetford" />
    <tag k="addr:housenumber" v="2969" />
    <tag k="addr:street" v="United States Route 5" />
    <tag k="addr:state" v="VT" />
    <tag k="ref:vcgi:esiteid" v="259434" />
  </node>
  <node id="-1031" visible="true" lat="43.811194595803" lon="-72.188580153308">
    <tag k="addr:city" v="East Thetford" />
    <tag k="addr:housenumber" v="2958" />
    <tag k="addr:street" v="United States Route 5" />
    <tag k="addr:state" v="VT" />
    <tag k="ref:vcgi:esiteid" v="259435" />
  </node>
  <node id="-1032" visible="true" lat="43.811353580938" lon="-72.231123417174">
    <tag k="addr:city" v="Thetford Center" />
    <tag k="addr:housenumber" v="545" />
    <tag k="addr:street" v="Academy Road" />
    <tag k="addr:state" v="VT" />
    <tag k="ref:vcgi:esiteid" v="259436" />
  </node>
  <node id="-1033" visible="true" lat="43.812784367776" lon="-72.235375944165">
    <tag k="addr:city" v="Thetford Center" />
    <tag k="addr:housenumber" v="622" />
    <tag k="addr:street" v="Academy Road" />
    <tag k="addr:state" v="VT" />
    <tag k="ref:vcgi:esiteid" v="259437" />
  </node>
  <node id="-1034" visible="true" lat="43.811342177898" lon="-72.278350163596">
    <tag k="addr:city" v="Thetford Center" />
    <tag k="addr:housenumber" v="498" />
    <tag k="addr:street" v="Cream Street" />
    <tag k="addr:state" v="VT" />
    <tag k="ref:vcgi:esiteid" v="259438" />
  </node>
  <node id="-1035" visible="true" lat="43.811233720775" lon="-72.276988571994">
    <tag k="addr:city" v="Thetford Center" />
    <tag k="addr:housenumber" v="414" />
    <tag k="addr:street" v="Cream Street" />
    <tag k="addr:state" v="VT" />
    <tag k="ref:vcgi:esiteid" v="259439" />
  </node>
  <node id="-1036" visible="true" lat="43.810945260868" lon="-72.18865095628">
    <tag k="addr:city" v="East Thetford" />
    <tag k="addr:housenumber" v="2942" />
    <tag k="addr:street" v="United States Route 5" />
    <tag k="addr:state" v="VT" />
    <tag k="ref:vcgi:esiteid" v="259440" />
  </node>
  <node id="-1037" visible="true" lat="43.81090291837" lon="-72.189599137005">
    <tag k="addr:city" v="East Thetford" />
    <tag k="addr:housenumber" v="2945" />
    <tag k="addr:street" v="United States Route 5" />
    <tag k="addr:state" v="VT" />
    <tag k="ref:vcgi:esiteid" v="259441" />
  </node>
  <node id="-1038" visible="true" lat="43.81083218672" lon="-72.207564116478">
    <tag k="addr:city" v="East Thetford" />
    <tag k="addr:housenumber" v="100" />
    <tag k="addr:street" v="Evans Road" />
    <tag k="addr:state" v="VT" />
    <tag k="ref:vcgi:esiteid" v="259442" />
  </node>
  <node id="-1039" visible="true" lat="43.810719314663" lon="-72.188462460653">
    <tag k="addr:city" v="East Thetford" />
    <tag k="addr:housenumber" v="2930" />
    <tag k="addr:street" v="United States Route 5" />
    <tag k="addr:state" v="VT" />
    <tag k="ref:vcgi:esiteid" v="259443" />
  </node>
  <node id="-1040" visible="true" lat="43.810714334374" lon="-72.223127620694">
    <tag k="addr:city" v="East Thetford" />
    <tag k="addr:housenumber" v="380" />
    <tag k="addr:street" v="Godfrey Road" />
    <tag k="addr:state" v="VT" />
    <tag k="ref:vcgi:esiteid" v="259444" />
  </node>
  <node id="-1041" visible="true" lat="43.810616522149" lon="-72.21009388704">
    <tag k="addr:city" v="East Thetford" />
    <tag k="addr:housenumber" v="80" />
    <tag k="addr:street" v="Asa Burton Road" />
    <tag k="addr:state" v="VT" />
    <tag k="ref:vcgi:esiteid" v="259445" />
  </node>
  <node id="-1042" visible="true" lat="43.810654660996" lon="-72.272679536234">
    <tag k="addr:city" v="Thetford Center" />
    <tag k="addr:housenumber" v="1134" />
    <tag k="addr:street" v="Route 132" />
    <tag k="addr:state" v="VT" />
    <tag k="ref:vcgi:esiteid" v="259446" />
  </node>
  <node id="-1043" visible="true" lat="43.810496446133" lon="-72.189054640276">
    <tag k="addr:city" v="East Thetford" />
    <tag k="addr:housenumber" v="2903" />
    <tag k="addr:street" v="United States Route 5" />
    <tag k="addr:state" v="VT" />
    <tag k="ref:vcgi:esiteid" v="259447" />
  </node>
  <node id="-1044" visible="true" lat="43.810441896537" lon="-72.232562154081">
    <tag k="addr:city" v="Thetford Center" />
    <tag k="addr:housenumber" v="635" />
    <tag k="addr:street" v="Academy Road" />
    <tag k="addr:state" v="VT" />
    <tag k="ref:vcgi:esiteid" v="259448" />
  </node>
  <node id="-1045" visible="true" lat="43.81059090628" lon="-72.221347650882">
    <tag k="addr:city" v="East Thetford" />
    <tag k="addr:housenumber" v="337" />
    <tag k="addr:street" v="Godfrey Road" />
    <tag k="addr:state" v="VT" />
    <tag k="ref:vcgi:esiteid" v="259449" />
  </node>
  <node id="-1046" visible="true" lat="43.810226287473" lon="-72.188538740799">
    <tag k="addr:city" v="East Thetford" />
    <tag k="addr:housenumber" v="2900" />
    <tag k="addr:street" v="United States Route 5" />
    <tag k="addr:state" v="VT" />
    <tag k="ref:vcgi:esiteid" v="259450" />
  </node>
  <node id="-1047" visible="true" lat="43.810050408195" lon="-72.189363195515">
    <tag k="addr:city" v="East Thetford" />
    <tag k="addr:housenumber" v="2879" />
    <tag k="addr:street" v="United States Route 5" />
    <tag k="addr:state" v="VT" />
    <tag k="ref:vcgi:esiteid" v="259451" />
  </node>
  <node id="-1048" visible="true" lat="43.810012128597" lon="-72.273864619044">
    <tag k="addr:city" v="Thetford Center" />
    <tag k="addr:housenumber" v="1149" />
    <tag k="addr:street" v="Route 132" />
    <tag k="addr:state" v="VT" />
    <tag k="ref:vcgi:esiteid" v="259452" />
  </node>
  <node id="-1049" visible="true" lat="43.80985888134" lon="-72.27568573491">
    <tag k="addr:city" v="Thetford Center" />
    <tag k="addr:housenumber" v="316" />
    <tag k="addr:street" v="Cream Street" />
    <tag k="addr:state" v="VT" />
    <tag k="ref:vcgi:esiteid" v="259453" />
  </node>
  <node id="-1050" visible="true" lat="43.809424553942" lon="-72.245565041437">
    <tag k="addr:city" v="Thetford Center" />
    <tag k="addr:housenumber" v="1286" />
    <tag k="addr:street" v="Academy Road" />
    <tag k="addr:state" v="VT" />
    <tag k="ref:vcgi:esiteid" v="259454" />
  </node>
  <node id="-1051" visible="true" lat="43.809403001073" lon="-72.189579789351">
    <tag k="addr:city" v="East Thetford" />
    <tag k="addr:housenumber" v="24" />
    <tag k="addr:street" v="Church Lane" />
    <tag k="addr:state" v="VT" />
    <tag k="ref:vcgi:esiteid" v="259455" />
  </node>
  <node id="-1052" visible="true" lat="43.809389567316" lon="-72.207937692741">
    <tag k="addr:city" v="East Thetford" />
    <tag k="addr:housenumber" v="219" />
    <tag k="addr:street" v="Asa Burton Road" />
    <tag k="addr:state" v="VT" />
    <tag k="ref:vcgi:esiteid" v="259456" />
  </node>
  <node id="-1053" visible="true" lat="43.809361434923" lon="-72.191239492047">
    <tag k="addr:city" v="East Thetford" />
    <tag k="addr:housenumber" v="106" />
    <tag k="addr:street" v="Church Lane" />
    <tag k="addr:state" v="VT" />
    <tag k="ref:vcgi:esiteid" v="259457" />
  </node>
  <node id="-1054" visible="true" lat="43.808905903219" lon="-72.188540148437">
    <tag k="addr:city" v="East Thetford" />
    <tag k="addr:housenumber" v="51" />
    <tag k="addr:street" v="Pavillion Road" />
    <tag k="addr:state" v="VT" />
    <tag k="ref:vcgi:esiteid" v="259458" />
  </node>
  <node id="-1055" visible="true" lat="43.809060739402" lon="-72.223113483229">
    <tag k="addr:city" v="East Thetford" />
    <tag k="addr:housenumber" v="478" />
    <tag k="addr:street" v="Godfrey Road" />
    <tag k="addr:state" v="VT" />
    <tag k="ref:vcgi:esiteid" v="259459" />
  </node>
  <node id="-1056" visible="true" lat="43.808848842707" lon="-72.189674105546">
    <tag k="addr:city" v="East Thetford" />
    <tag k="addr:housenumber" v="2793" />
    <tag k="addr:street" v="United States Route 5" />
    <tag k="addr:state" v="VT" />
    <tag k="ref:vcgi:esiteid" v="259460" />
  </node>
  <node id="-1057" visible="true" lat="43.808917806771" lon="-72.221851468772">
    <tag k="addr:city" v="East Thetford" />
    <tag k="addr:housenumber" v="451" />
    <tag k="addr:street" v="Godfrey Road" />
    <tag k="addr:state" v="VT" />
    <tag k="ref:vcgi:esiteid" v="259462" />
  </node>
  <node id="-1058" visible="true" lat="43.808819747254" lon="-72.203448347813">
    <tag k="addr:city" v="East Thetford" />
    <tag k="addr:housenumber" v="566" />
    <tag k="addr:street" v="Asa Burton Road" />
    <tag k="addr:state" v="VT" />
    <tag k="ref:vcgi:esiteid" v="259463" />
  </node>
  <node id="-1059" visible="true" lat="43.808562918184" lon="-72.191239564938">
    <tag k="addr:city" v="East Thetford" />
    <tag k="addr:housenumber" v="97" />
    <tag k="addr:street" v="Church Lane" />
    <tag k="addr:state" v="VT" />
    <tag k="ref:vcgi:esiteid" v="259464" />
  </node>
  <node id="-1060" visible="true" lat="43.80876287259" lon="-72.204812155014">
    <tag k="addr:city" v="East Thetford" />
    <tag k="addr:housenumber" v="543" />
    <tag k="addr:street" v="Asa Burton Road" />
    <tag k="addr:state" v="VT" />
    <tag k="ref:vcgi:esiteid" v="259465" />
  </node>
  <node id="-1061" visible="true" lat="43.808593876102" lon="-72.207780495071">
    <tag k="addr:city" v="East Thetford" />
    <tag k="addr:housenumber" v="259" />
    <tag k="addr:street" v="Asa Burton Road" />
    <tag k="addr:state" v="VT" />
    <tag k="ref:vcgi:esiteid" v="259466" />
  </node>
  <node id="-1062" visible="true" lat="43.80842426415" lon="-72.189944293252">
    <tag k="addr:city" v="East Thetford" />
    <tag k="addr:housenumber" v="2757" />
    <tag k="addr:street" v="United States Route 5" />
    <tag k="addr:state" v="VT" />
    <tag k="ref:vcgi:esiteid" v="259467" />
  </node>
  <node id="-1063" visible="true" lat="43.80827401823" lon="-72.326155503496">
    <tag k="addr:city" v="Thetford Center" />
    <tag k="addr:housenumber" v="124" />
    <tag k="addr:street" v="New Boston Road" />
    <tag k="addr:state" v="VT" />
    <tag k="ref:vcgi:esiteid" v="259468" />
  </node>
  <node id="-1064" visible="true" lat="43.808078114051" lon="-72.190101718589">
    <tag k="addr:city" v="East Thetford" />
    <tag k="addr:housenumber" v="2737" />
    <tag k="addr:street" v="United States Route 5" />
    <tag k="addr:state" v="VT" />
    <tag k="ref:vcgi:esiteid" v="259469" />
  </node>
  <node id="-1065" visible="true" lat="43.808283088802" lon="-72.210474271746">
    <tag k="addr:city" v="East Thetford" />
    <tag k="addr:housenumber" v="62" />
    <tag k="addr:street" v="Chiott Drive" />
    <tag k="addr:state" v="VT" />
    <tag k="ref:vcgi:esiteid" v="259470" />
  </node>
  <node id="-1066" visible="true" lat="43.80808693718" lon="-72.234193863263">
    <tag k="addr:city" v="Thetford Center" />
    <tag k="addr:housenumber" v="875" />
    <tag k="addr:street" v="Academy Road" />
    <tag k="addr:state" v="VT" />
    <tag k="ref:vcgi:esiteid" v="259471" />
  </node>
  <node id="-1067" visible="true" lat="43.807306843446" lon="-72.210405304355">
    <tag k="addr:city" v="East Thetford" />
    <tag k="addr:housenumber" v="67" />
    <tag k="addr:street" v="Chiott Drive" />
    <tag k="addr:state" v="VT" />
    <tag k="ref:vcgi:esiteid" v="259472" />
  </node>
  <node id="-1068" visible="true" lat="43.808010418898" lon="-72.271896304541">
    <tag k="addr:city" v="Thetford Center" />
    <tag k="addr:housenumber" v="48" />
    <tag k="addr:street" v="Cream Street" />
    <tag k="addr:state" v="VT" />
    <tag k="ref:vcgi:esiteid" v="259473" />
  </node>
  <node id="-1069" visible="true" lat="43.807708943922" lon="-72.18915022121">
    <tag k="addr:city" v="East Thetford" />
    <tag k="addr:housenumber" v="140" />
    <tag k="addr:street" v="Pavillion Road" />
    <tag k="addr:state" v="VT" />
    <tag k="ref:vcgi:esiteid" v="259474" />
  </node>
  <node id="-1070" visible="true" lat="43.807615609196" lon="-72.19135797762">
    <tag k="addr:city" v="East Thetford" />
    <tag k="addr:housenumber" v="205" />
    <tag k="addr:street" v="Church Lane" />
    <tag k="addr:state" v="VT" />
    <tag k="ref:vcgi:esiteid" v="259475" />
  </node>
  <node id="-1071" visible="true" lat="43.807658784119" lon="-72.190287748476">
    <tag k="addr:city" v="East Thetford" />
    <tag k="addr:housenumber" v="2697" />
    <tag k="addr:street" v="United States Route 5" />
    <tag k="addr:state" v="VT" />
    <tag k="ref:vcgi:esiteid" v="259476" />
  </node>
  <node id="-1072" visible="true" lat="43.807394206376" lon="-72.188732617654">
    <tag k="addr:city" v="East Thetford" />
    <tag k="addr:housenumber" v="157" />
    <tag k="addr:street" v="Pavillion Road" />
    <tag k="addr:state" v="VT" />
    <tag k="ref:vcgi:esiteid" v="259477" />
  </node>
  <node id="-1073" visible="true" lat="43.805467696047" lon="-72.210902609458">
    <tag k="addr:city" v="East Thetford" />
    <tag k="addr:housenumber" v="149" />
    <tag k="addr:street" v="Chiott Drive" />
    <tag k="addr:state" v="VT" />
    <tag k="ref:vcgi:esiteid" v="259478" />
  </node>
  <node id="-1074" visible="true" lat="43.80743943976" lon="-72.190258322157">
    <tag k="addr:city" v="East Thetford" />
    <tag k="addr:housenumber" v="2685" />
    <tag k="addr:street" v="United States Route 5" />
    <tag k="addr:state" v="VT" />
    <tag k="ref:vcgi:esiteid" v="259479" />
  </node>
  <node id="-1075" visible="true" lat="43.807557557262" lon="-72.20427269888">
    <tag k="addr:city" v="East Thetford" />
    <tag k="addr:housenumber" v="67" />
    <tag k="addr:street" v="Cobble Hill Road" />
    <tag k="addr:state" v="VT" />
    <tag k="ref:vcgi:esiteid" v="259480" />
  </node>
  <node id="-1076" visible="true" lat="43.807686771166" lon="-72.236289347694">
    <tag k="addr:city" v="Thetford Center" />
    <tag k="addr:housenumber" v="936" />
    <tag k="addr:street" v="Academy Road" />
    <tag k="addr:state" v="VT" />
    <tag k="ref:vcgi:esiteid" v="259481" />
  </node>
  <node id="-1077" visible="true" lat="43.807352327486" lon="-72.23506728619">
    <tag k="addr:city" v="Thetford Center" />
    <tag k="addr:housenumber" v="903" />
    <tag k="addr:street" v="Academy Road" />
    <tag k="addr:state" v="VT" />
    <tag k="ref:vcgi:esiteid" v="259482" />
  </node>
  <node id="-1078" visible="true" lat="43.807495344692" lon="-72.326951696171">
    <tag k="addr:city" v="Thetford Center" />
    <tag k="addr:housenumber" v="61" />
    <tag k="addr:street" v="New Boston Road" />
    <tag k="addr:state" v="VT" />
    <tag k="ref:vcgi:esiteid" v="259483" />
  </node>
  <node id="-1079" visible="true" lat="43.807897316825" lon="-72.270728336326">
    <tag k="addr:city" v="Thetford Center" />
    <tag k="addr:housenumber" v="896" />
    <tag k="addr:street" v="Route 132" />
    <tag k="addr:state" v="VT" />
    <tag k="ref:vcgi:esiteid" v="259484" />
  </node>
  <node id="-1080" visible="true" lat="43.80718759529" lon="-72.205909448144">
    <tag k="addr:city" v="East Thetford" />
    <tag k="addr:housenumber" v="414" />
    <tag k="addr:street" v="Asa Burton Road" />
    <tag k="addr:state" v="VT" />
    <tag k="ref:vcgi:esiteid" v="259485" />
  </node>
  <node id="-1081" visible="true" lat="43.8071034765" lon="-72.236260529135">
    <tag k="addr:city" v="Thetford Center" />
    <tag k="addr:housenumber" v="946" />
    <tag k="addr:street" v="Academy Road" />
    <tag k="addr:state" v="VT" />
    <tag k="ref:vcgi:esiteid" v="259486" />
  </node>
  <node id="-1082" visible="true" lat="43.806977434523" lon="-72.236966516799">
    <tag k="addr:city" v="Thetford Center" />
    <tag k="addr:housenumber" v="980" />
    <tag k="addr:street" v="Academy Road" />
    <tag k="addr:state" v="VT" />
    <tag k="ref:vcgi:esiteid" v="259487" />
  </node>
  <node id="-1083" visible="true" lat="43.807896110771" lon="-72.222896364632">
    <tag k="addr:city" v="East Thetford" />
    <tag k="addr:housenumber" v="612" />
    <tag k="addr:street" v="Godfrey Road" />
    <tag k="addr:state" v="VT" />
    <tag k="ref:vcgi:esiteid" v="259488" />
  </node>
  <node id="-1084" visible="true" lat="43.806827607331" lon="-72.204747673808">
    <tag k="addr:city" v="East Thetford" />
    <tag k="addr:housenumber" v="68" />
    <tag k="addr:street" v="Cobble Hill Road" />
    <tag k="addr:state" v="VT" />
    <tag k="ref:vcgi:esiteid" v="259489" />
  </node>
  <node id="-1085" visible="true" lat="43.806261117367" lon="-72.239234079997">
    <tag k="addr:city" v="Thetford Center" />
    <tag k="addr:housenumber" v="1118" />
    <tag k="addr:street" v="Academy Road" />
    <tag k="addr:state" v="VT" />
    <tag k="ref:vcgi:esiteid" v="259490" />
  </node>
  <node id="-1086" visible="true" lat="43.806746370593" lon="-72.207624627639">
    <tag k="addr:city" v="East Thetford" />
    <tag k="addr:housenumber" v="346" />
    <tag k="addr:street" v="Asa Burton Road" />
    <tag k="addr:state" v="VT" />
    <tag k="ref:vcgi:esiteid" v="259491" />
  </node>
  <node id="-1087" visible="true" lat="43.806345844048" lon="-72.188850523271">
    <tag k="addr:city" v="East Thetford" />
    <tag k="addr:housenumber" v="225" />
    <tag k="addr:street" v="Pavillion Road" />
    <tag k="addr:state" v="VT" />
    <tag k="ref:vcgi:esiteid" v="259492" />
  </node>
  <node id="-1088" visible="true" lat="43.806392932624" lon="-72.236022540425">
    <tag k="addr:city" v="Thetford Center" />
    <tag k="addr:housenumber" v="979" />
    <tag k="addr:street" v="Academy Road" />
    <tag k="addr:state" v="VT" />
    <tag k="ref:vcgi:esiteid" v="259493" />
  </node>
  <node id="-1089" visible="true" lat="43.806472317395" lon="-72.26874975364">
    <tag k="addr:city" v="Thetford Center" />
    <tag k="addr:housenumber" v="784" />
    <tag k="addr:street" v="Route 132" />
    <tag k="addr:state" v="VT" />
    <tag k="ref:vcgi:esiteid" v="259494" />
  </node>
  <node id="-1090" visible="true" lat="43.806371636717" lon="-72.201933761521">
    <tag k="addr:city" v="East Thetford" />
    <tag k="addr:housenumber" v="168" />
    <tag k="addr:street" v="Cobble Hill Road" />
    <tag k="addr:state" v="VT" />
    <tag k="ref:vcgi:esiteid" v="259495" />
  </node>
  <node id="-1091" visible="true" lat="43.806476545631" lon="-72.222146986274">
    <tag k="addr:city" v="East Thetford" />
    <tag k="addr:housenumber" v="665" />
    <tag k="addr:street" v="Godfrey Road" />
    <tag k="addr:state" v="VT" />
    <tag k="ref:vcgi:esiteid" v="259496" />
  </node>
  <node id="-1092" visible="true" lat="43.806142854892" lon="-72.225697697572">
    <tag k="addr:city" v="East Thetford" />
    <tag k="addr:housenumber" v="680" />
    <tag k="addr:street" v="Godfrey Road" />
    <tag k="addr:state" v="VT" />
    <tag k="ref:vcgi:esiteid" v="259497" />
  </node>
  <node id="-1093" visible="true" lat="43.805885261984" lon="-72.188984915224">
    <tag k="addr:city" v="East Thetford" />
    <tag k="addr:housenumber" v="263" />
    <tag k="addr:street" v="Pavillion Road" />
    <tag k="addr:state" v="VT" />
    <tag k="ref:vcgi:esiteid" v="259498" />
  </node>
  <node id="-1094" visible="true" lat="43.806051701488" lon="-72.222104384102">
    <tag k="addr:city" v="East Thetford" />
    <tag k="addr:housenumber" v="687" />
    <tag k="addr:street" v="Godfrey Road" />
    <tag k="addr:state" v="VT" />
    <tag k="ref:vcgi:esiteid" v="259499" />
  </node>
  <node id="-1095" visible="true" lat="43.80563481918" lon="-72.237053986705">
    <tag k="addr:city" v="Thetford Center" />
    <tag k="addr:housenumber" v="1047" />
    <tag k="addr:street" v="Academy Road" />
    <tag k="addr:state" v="VT" />
    <tag k="ref:vcgi:esiteid" v="259500" />
  </node>
  <node id="-1096" visible="true" lat="43.805441551615" lon="-72.189785915029">
    <tag k="addr:city" v="East Thetford" />
    <tag k="addr:housenumber" v="308" />
    <tag k="addr:street" v="Pavillion Road" />
    <tag k="addr:state" v="VT" />
    <tag k="ref:vcgi:esiteid" v="259501" />
  </node>
  <node id="-1097" visible="true" lat="43.805434566521" lon="-72.190255898384">
    <tag k="addr:city" v="East Thetford" />
    <tag k="addr:housenumber" v="298" />
    <tag k="addr:street" v="Pavillion Road" />
    <tag k="addr:state" v="VT" />
    <tag k="ref:vcgi:esiteid" v="259502" />
  </node>
  <node id="-1098" visible="true" lat="43.805168941271" lon="-72.222168999319">
    <tag k="addr:city" v="East Thetford" />
    <tag k="addr:housenumber" v="741" />
    <tag k="addr:street" v="Godfrey Road" />
    <tag k="addr:state" v="VT" />
    <tag k="ref:vcgi:esiteid" v="259503" />
  </node>
  <node id="-1099" visible="true" lat="43.805048315665" lon="-72.190049010874">
    <tag k="addr:city" v="East Thetford" />
    <tag k="addr:housenumber" v="338" />
    <tag k="addr:street" v="Pavillion Road" />
    <tag k="addr:state" v="VT" />
    <tag k="ref:vcgi:esiteid" v="259504" />
  </node>
  <node id="-1100" visible="true" lat="43.804216920776" lon="-72.222249507638">
    <tag k="addr:city" v="East Thetford" />
    <tag k="addr:housenumber" v="805" />
    <tag k="addr:street" v="Godfrey Road" />
    <tag k="addr:state" v="VT" />
    <tag k="ref:vcgi:esiteid" v="259505" />
  </node>
  <node id="-1101" visible="true" lat="43.803918213279" lon="-72.239998589094">
    <tag k="addr:city" v="Thetford Center" />
    <tag k="addr:housenumber" v="1239" />
    <tag k="addr:street" v="Academy Road" />
    <tag k="addr:state" v="VT" />
    <tag k="ref:vcgi:esiteid" v="259506" />
  </node>
  <node id="-1102" visible="true" lat="43.803960336239" lon="-72.22398975172">
    <tag k="addr:city" v="East Thetford" />
    <tag k="addr:housenumber" v="816" />
    <tag k="addr:street" v="Godfrey Road" />
    <tag k="addr:state" v="VT" />
    <tag k="ref:vcgi:esiteid" v="259507" />
  </node>
  <node id="-1103" visible="true" lat="43.803935424505" lon="-72.275311684128">
    <tag k="addr:city" v="Thetford Center" />
    <tag k="addr:housenumber" v="93" />
    <tag k="addr:street" v="Cream Street" />
    <tag k="addr:state" v="VT" />
    <tag k="ref:vcgi:esiteid" v="259508" />
  </node>
  <node id="-1104" visible="true" lat="43.803931746978" lon="-72.266989211828">
    <tag k="addr:city" v="Thetford Center" />
    <tag k="addr:housenumber" v="582" />
    <tag k="addr:street" v="Route 132" />
    <tag k="addr:state" v="VT" />
    <tag k="ref:vcgi:esiteid" v="259509" />
  </node>
  <node id="-1105" visible="true" lat="43.803184621557" lon="-72.243280523683">
    <tag k="addr:city" v="Thetford Center" />
    <tag k="addr:housenumber" v="1480" />
    <tag k="addr:street" v="Academy Road" />
    <tag k="addr:state" v="VT" />
    <tag k="ref:vcgi:esiteid" v="259510" />
  </node>
  <node id="-1106" visible="true" lat="43.802687860625" lon="-72.229267158576">
    <tag k="addr:city" v="East Thetford" />
    <tag k="addr:housenumber" v="338" />
    <tag k="addr:street" v="Cranberry Hill Road" />
    <tag k="addr:state" v="VT" />
    <tag k="ref:vcgi:esiteid" v="259511" />
  </node>
  <node id="-1107" visible="true" lat="43.802486795797" lon="-72.19086995703">
    <tag k="addr:city" v="East Thetford" />
    <tag k="addr:housenumber" v="524" />
    <tag k="addr:street" v="Pavillion Road" />
    <tag k="addr:state" v="VT" />
    <tag k="ref:vcgi:esiteid" v="259512" />
  </node>
  <node id="-1108" visible="true" lat="43.802623728601" lon="-72.226435851064">
    <tag k="addr:city" v="East Thetford" />
    <tag k="addr:housenumber" v="164" />
    <tag k="addr:street" v="Cranberry Hill Road" />
    <tag k="addr:state" v="VT" />
    <tag k="ref:vcgi:esiteid" v="259513" />
  </node>
  <node id="-1109" visible="true" lat="43.802434931468" lon="-72.223954402932">
    <tag k="addr:city" v="East Thetford" />
    <tag k="addr:housenumber" v="44" />
    <tag k="addr:street" v="Cranberry Hill Road" />
    <tag k="addr:state" v="VT" />
    <tag k="ref:vcgi:esiteid" v="259514" />
  </node>
  <node id="-1110" visible="true" lat="43.80231790706" lon="-72.192859662636">
    <tag k="addr:city" v="East Thetford" />
    <tag k="addr:housenumber" v="2307" />
    <tag k="addr:street" v="United States Route 5" />
    <tag k="addr:state" v="VT" />
    <tag k="ref:vcgi:esiteid" v="259515" />
  </node>
  <node id="-1111" visible="true" lat="43.80254990267" lon="-72.295792333938">
    <tag k="addr:city" v="Thetford Center" />
    <tag k="addr:housenumber" v="434" />
    <tag k="addr:street" v="Norford Lake Road" />
    <tag k="addr:state" v="VT" />
    <tag k="ref:vcgi:esiteid" v="259516" />
  </node>
  <node id="-1112" visible="true" lat="43.802406563829" lon="-72.222462359842">
    <tag k="addr:city" v="East Thetford" />
    <tag k="addr:housenumber" v="941" />
    <tag k="addr:street" v="Godfrey Road" />
    <tag k="addr:state" v="VT" />
    <tag k="ref:vcgi:esiteid" v="259517" />
  </node>
  <node id="-1113" visible="true" lat="43.80248296362" lon="-72.228122589781">
    <tag k="addr:city" v="East Thetford" />
    <tag k="addr:housenumber" v="254" />
    <tag k="addr:street" v="Cranberry Hill Road" />
    <tag k="addr:state" v="VT" />
    <tag k="ref:vcgi:esiteid" v="259518" />
  </node>
  <node id="-1114" visible="true" lat="43.801957285132" lon="-72.223291018353">
    <tag k="addr:city" v="East Thetford" />
    <tag k="addr:housenumber" v="15" />
    <tag k="addr:street" v="Cranberry Hill Road" />
    <tag k="addr:state" v="VT" />
    <tag k="ref:vcgi:esiteid" v="259519" />
  </node>
  <node id="-1115" visible="true" lat="43.801632155077" lon="-72.226825216691">
    <tag k="addr:city" v="East Thetford" />
    <tag k="addr:housenumber" v="195" />
    <tag k="addr:street" v="Cranberry Hill Road" />
    <tag k="addr:state" v="VT" />
    <tag k="ref:vcgi:esiteid" v="259520" />
  </node>
  <node id="-1116" visible="true" lat="43.801929095433" lon="-72.233025270827">
    <tag k="addr:city" v="East Thetford" />
    <tag k="addr:housenumber" v="456" />
    <tag k="addr:street" v="Cranberry Hill Road" />
    <tag k="addr:state" v="VT" />
    <tag k="ref:vcgi:esiteid" v="259521" />
  </node>
  <node id="-1117" visible="true" lat="43.8017840379" lon="-72.228228345488">
    <tag k="addr:city" v="East Thetford" />
    <tag k="addr:housenumber" v="263" />
    <tag k="addr:street" v="Cranberry Hill Road" />
    <tag k="addr:state" v="VT" />
    <tag k="ref:vcgi:esiteid" v="259522" />
  </node>
  <node id="-1118" visible="true" lat="43.801702169845" lon="-72.225644417907">
    <tag k="addr:city" v="East Thetford" />
    <tag k="addr:housenumber" v="135" />
    <tag k="addr:street" v="Cranberry Hill Road" />
    <tag k="addr:state" v="VT" />
    <tag k="ref:vcgi:esiteid" v="259523" />
  </node>
  <node id="-1119" visible="true" lat="43.801622232445" lon="-72.203601366461">
    <tag k="addr:city" v="East Thetford" />
    <tag k="addr:housenumber" v="538" />
    <tag k="addr:street" v="Vaughan Farms Road" />
    <tag k="addr:state" v="VT" />
    <tag k="ref:vcgi:esiteid" v="259524" />
  </node>
  <node id="-1120" visible="true" lat="43.801726365326" lon="-72.200402178869">
    <tag k="addr:city" v="East Thetford" />
    <tag k="addr:housenumber" v="418" />
    <tag k="addr:street" v="Vaughan Farms Road" />
    <tag k="addr:state" v="VT" />
    <tag k="ref:vcgi:esiteid" v="259525" />
  </node>
  <node id="-1121" visible="true" lat="43.801582595356" lon="-72.230021352877">
    <tag k="addr:city" v="East Thetford" />
    <tag k="addr:housenumber" v="347" />
    <tag k="addr:street" v="Cranberry Hill Road" />
    <tag k="addr:state" v="VT" />
    <tag k="ref:vcgi:esiteid" v="259526" />
  </node>
  <node id="-1122" visible="true" lat="43.80187489407" lon="-72.302556109808">
    <tag k="addr:city" v="Thetford Center" />
    <tag k="addr:housenumber" v="679" />
    <tag k="addr:street" v="Norford Lake Road" />
    <tag k="addr:state" v="VT" />
    <tag k="ref:vcgi:esiteid" v="259527" />
  </node>
  <node id="-1123" visible="true" lat="43.801323724436" lon="-72.221436577401">
    <tag k="addr:city" v="East Thetford" />
    <tag k="addr:housenumber" v="959" />
    <tag k="addr:street" v="Godfrey Road" />
    <tag k="addr:state" v="VT" />
    <tag k="ref:vcgi:esiteid" v="259528" />
  </node>
  <node id="-1124" visible="true" lat="43.801131764591" lon="-72.200406698524">
    <tag k="addr:city" v="East Thetford" />
    <tag k="addr:housenumber" v="397" />
    <tag k="addr:street" v="Vaughan Farms Road" />
    <tag k="addr:state" v="VT" />
    <tag k="ref:vcgi:esiteid" v="259529" />
  </node>
  <node id="-1125" visible="true" lat="43.800962927791" lon="-72.204040812846">
    <tag k="addr:city" v="East Thetford" />
    <tag k="addr:housenumber" v="621" />
    <tag k="addr:street" v="Vaughan Farms Road" />
    <tag k="addr:state" v="VT" />
    <tag k="ref:vcgi:esiteid" v="259530" />
  </node>
  <node id="-1126" visible="true" lat="43.800795077732" lon="-72.242501453283">
    <tag k="addr:city" v="Thetford Center" />
    <tag k="addr:housenumber" v="1499" />
    <tag k="addr:street" v="Academy Road" />
    <tag k="addr:state" v="VT" />
    <tag k="ref:vcgi:esiteid" v="259531" />
  </node>
  <node id="-1127" visible="true" lat="43.80157253997" lon="-72.266808362742">
    <tag k="addr:city" v="Thetford Center" />
    <tag k="addr:housenumber" v="88" />
    <tag k="addr:street" v="Lower Cream Street" />
    <tag k="addr:state" v="VT" />
    <tag k="ref:vcgi:esiteid" v="259532" />
  </node>
  <node id="-1128" visible="true" lat="43.801029422748" lon="-72.294208489461">
    <tag k="addr:city" v="Thetford Center" />
    <tag k="addr:housenumber" v="248" />
    <tag k="addr:street" v="Norford Lake Road" />
    <tag k="addr:state" v="VT" />
    <tag k="ref:vcgi:esiteid" v="259533" />
  </node>
  <node id="-1129" visible="true" lat="43.800365347051" lon="-72.191891602101">
    <tag k="addr:city" v="East Thetford" />
    <tag k="addr:housenumber" v="669" />
    <tag k="addr:street" v="Pavillion Road" />
    <tag k="addr:state" v="VT" />
    <tag k="ref:vcgi:esiteid" v="259534" />
  </node>
  <node id="-1130" visible="true" lat="43.800589891133" lon="-72.231918540628">
    <tag k="addr:city" v="East Thetford" />
    <tag k="addr:housenumber" v="453" />
    <tag k="addr:street" v="Cranberry Hill Road" />
    <tag k="addr:state" v="VT" />
    <tag k="ref:vcgi:esiteid" v="259535" />
  </node>
  <node id="-1131" visible="true" lat="43.800753740254" lon="-72.266660360481">
    <tag k="addr:city" v="Thetford Center" />
    <tag k="addr:housenumber" v="67" />
    <tag k="addr:street" v="Lower Cream Street" />
    <tag k="addr:state" v="VT" />
    <tag k="ref:vcgi:esiteid" v="259536" />
  </node>
  <node id="-1132" visible="true" lat="43.800002625169" lon="-72.19840102578">
    <tag k="addr:city" v="East Thetford" />
    <tag k="addr:housenumber" v="269" />
    <tag k="addr:street" v="Vaughan Farms Road" />
    <tag k="addr:state" v="VT" />
    <tag k="ref:vcgi:esiteid" v="259537" />
  </node>
  <node id="-1133" visible="true" lat="43.800220397452" lon="-72.222317574854">
    <tag k="addr:city" v="East Thetford" />
    <tag k="addr:housenumber" v="1099" />
    <tag k="addr:street" v="Godfrey Road" />
    <tag k="addr:state" v="VT" />
    <tag k="ref:vcgi:esiteid" v="259538" />
  </node>
  <node id="-1134" visible="true" lat="43.799832971769" lon="-72.240337669452">
    <tag k="addr:city" v="Thetford Center" />
    <tag k="addr:housenumber" v="187" />
    <tag k="addr:street" v="Old Strong Road" />
    <tag k="addr:state" v="VT" />
    <tag k="ref:vcgi:esiteid" v="259539" />
  </node>
  <node id="-1135" visible="true" lat="43.800097845541" lon="-72.249039977724">
    <tag k="addr:city" v="Thetford Center" />
    <tag k="addr:housenumber" v="443" />
    <tag k="addr:street" v="Hauger Road" />
    <tag k="addr:state" v="VT" />
    <tag k="ref:vcgi:esiteid" v="259540" />
  </node>
  <node id="-1136" visible="true" lat="43.799923010603" lon="-72.248930434408">
    <tag k="addr:city" v="Thetford Center" />
    <tag k="addr:housenumber" v="441" />
    <tag k="addr:street" v="Hauger Road" />
    <tag k="addr:state" v="VT" />
    <tag k="ref:vcgi:esiteid" v="259541" />
  </node>
  <node id="-1137" visible="true" lat="43.799405317207" lon="-72.241569090549">
    <tag k="addr:city" v="Thetford Center" />
    <tag k="addr:housenumber" v="128" />
    <tag k="addr:street" v="Old Strong Road" />
    <tag k="addr:state" v="VT" />
    <tag k="ref:vcgi:esiteid" v="259542" />
  </node>
  <node id="-1138" visible="true" lat="43.799516199205" lon="-72.250344958472">
    <tag k="addr:city" v="Thetford Center" />
    <tag k="addr:housenumber" v="385" />
    <tag k="addr:street" v="Hauger Road" />
    <tag k="addr:state" v="VT" />
    <tag k="ref:vcgi:esiteid" v="259543" />
  </node>
  <node id="-1139" visible="true" lat="43.799414875549" lon="-72.294267615392">
    <tag k="addr:city" v="Thetford Center" />
    <tag k="addr:housenumber" v="190" />
    <tag k="addr:street" v="Norford Lake Road" />
    <tag k="addr:state" v="VT" />
    <tag k="ref:vcgi:esiteid" v="259544" />
  </node>
  <node id="-1140" visible="true" lat="43.79921468237" lon="-72.249955296806">
    <tag k="addr:city" v="Thetford Center" />
    <tag k="addr:housenumber" v="381" />
    <tag k="addr:street" v="Hauger Road" />
    <tag k="addr:state" v="VT" />
    <tag k="ref:vcgi:esiteid" v="259545" />
  </node>
  <node id="-1141" visible="true" lat="43.799377840312" lon="-72.222336811271">
    <tag k="addr:city" v="East Thetford" />
    <tag k="addr:housenumber" v="1157" />
    <tag k="addr:street" v="Godfrey Road" />
    <tag k="addr:state" v="VT" />
    <tag k="ref:vcgi:esiteid" v="259546" />
  </node>
  <node id="-1142" visible="true" lat="43.799299464571" lon="-72.242996493638">
    <tag k="addr:city" v="Thetford Center" />
    <tag k="addr:housenumber" v="52" />
    <tag k="addr:street" v="Old Strong Road" />
    <tag k="addr:state" v="VT" />
    <tag k="ref:vcgi:esiteid" v="259547" />
  </node>
  <node id="-1143" visible="true" lat="43.799220271272" lon="-72.233270755167">
    <tag k="addr:city" v="Thetford Center" />
    <tag k="addr:housenumber" v="543" />
    <tag k="addr:street" v="Old Strong Road" />
    <tag k="addr:state" v="VT" />
    <tag k="ref:vcgi:esiteid" v="259548" />
  </node>
  <node id="-1144" visible="true" lat="43.799164002081" lon="-72.247134993363">
    <tag k="addr:city" v="Thetford Center" />
    <tag k="addr:housenumber" v="442" />
    <tag k="addr:street" v="Hauger Road" />
    <tag k="addr:state" v="VT" />
    <tag k="ref:vcgi:esiteid" v="259549" />
  </node>
  <node id="-1145" visible="true" lat="43.79902714172" lon="-72.243995237989">
    <tag k="addr:city" v="Thetford Center" />
    <tag k="addr:housenumber" v="1645" />
    <tag k="addr:street" v="Academy Road" />
    <tag k="addr:state" v="VT" />
    <tag k="ref:vcgi:esiteid" v="259550" />
  </node>
  <node id="-1146" visible="true" lat="43.798758211127" lon="-72.193247796089">
    <tag k="addr:city" v="East Thetford" />
    <tag k="addr:housenumber" v="801" />
    <tag k="addr:street" v="Pavillion Road" />
    <tag k="addr:state" v="VT" />
    <tag k="ref:vcgi:esiteid" v="259551" />
  </node>
  <node id="-1147" visible="true" lat="43.798800688599" lon="-72.244138195017">
    <tag k="addr:city" v="Thetford Center" />
    <tag k="addr:housenumber" v="1659" />
    <tag k="addr:street" v="Academy Road" />
    <tag k="addr:state" v="VT" />
    <tag k="ref:vcgi:esiteid" v="259552" />
  </node>
  <node id="-1148" visible="true" lat="43.798582060304" lon="-72.238909280154">
    <tag k="addr:city" v="Thetford Center" />
    <tag k="addr:housenumber" v="230" />
    <tag k="addr:street" v="Old Strong Road" />
    <tag k="addr:state" v="VT" />
    <tag k="ref:vcgi:esiteid" v="259553" />
  </node>
  <node id="-1149" visible="true" lat="43.79853785376" lon="-72.217235890111">
    <tag k="addr:city" v="East Thetford" />
    <tag k="addr:housenumber" v="1112" />
    <tag k="addr:street" v="Quail John Road" />
    <tag k="addr:state" v="VT" />
    <tag k="ref:vcgi:esiteid" v="259554" />
  </node>
  <node id="-1150" visible="true" lat="43.798232570774" lon="-72.245232610393">
    <tag k="addr:city" v="Thetford Center" />
    <tag k="addr:housenumber" v="1688" />
    <tag k="addr:street" v="Academy Road" />
    <tag k="addr:state" v="VT" />
    <tag k="ref:vcgi:esiteid" v="259555" />
  </node>
  <node id="-1151" visible="true" lat="43.797810100303" lon="-72.245243872906">
    <tag k="addr:city" v="Thetford Center" />
    <tag k="addr:housenumber" v="1694" />
    <tag k="addr:street" v="Academy Road" />
    <tag k="addr:state" v="VT" />
    <tag k="ref:vcgi:esiteid" v="259556" />
  </node>
  <node id="-1152" visible="true" lat="43.798353948945" lon="-72.248326732783">
    <tag k="addr:city" v="Thetford Center" />
    <tag k="addr:housenumber" v="390" />
    <tag k="addr:street" v="Hauger Road" />
    <tag k="addr:state" v="VT" />
    <tag k="ref:vcgi:esiteid" v="259557" />
  </node>
  <node id="-1153" visible="true" lat="43.798327975153" lon="-72.294839571838">
    <tag k="addr:city" v="Thetford Center" />
    <tag k="addr:housenumber" v="185" />
    <tag k="addr:street" v="Norford Lake Road" />
    <tag k="addr:state" v="VT" />
    <tag k="ref:vcgi:esiteid" v="259558" />
  </node>
  <node id="-1154" visible="true" lat="43.798501094836" lon="-72.249587791502">
    <tag k="addr:city" v="Thetford Center" />
    <tag k="addr:housenumber" v="367" />
    <tag k="addr:street" v="Hauger Road" />
    <tag k="addr:state" v="VT" />
    <tag k="ref:vcgi:esiteid" v="259559" />
  </node>
  <node id="-1155" visible="true" lat="43.7977690553" lon="-72.193881753884">
    <tag k="addr:city" v="East Thetford" />
    <tag k="addr:housenumber" v="867" />
    <tag k="addr:street" v="Pavillion Road" />
    <tag k="addr:state" v="VT" />
    <tag k="ref:vcgi:esiteid" v="259560" />
  </node>
  <node id="-1156" visible="true" lat="43.797929660482" lon="-72.223636822458">
    <tag k="addr:city" v="East Thetford" />
    <tag k="addr:housenumber" v="1246" />
    <tag k="addr:street" v="Godfrey Road" />
    <tag k="addr:state" v="VT" />
    <tag k="ref:vcgi:esiteid" v="259561" />
  </node>
  <node id="-1157" visible="true" lat="43.798143713213" lon="-72.241619557087">
    <tag k="addr:city" v="Thetford Center" />
    <tag k="addr:housenumber" v="40" />
    <tag k="addr:street" v="Old Strong Road" />
    <tag k="addr:state" v="VT" />
    <tag k="ref:vcgi:esiteid" v="259562" />
  </node>
  <node id="-1158" visible="true" lat="43.798003667612" lon="-72.238017795048">
    <tag k="addr:city" v="Thetford Center" />
    <tag k="addr:housenumber" v="248" />
    <tag k="addr:street" v="Old Strong Road" />
    <tag k="addr:state" v="VT" />
    <tag k="ref:vcgi:esiteid" v="259563" />
  </node>
  <node id="-1159" visible="true" lat="43.79758727598" lon="-72.223078264922">
    <tag k="addr:city" v="East Thetford" />
    <tag k="addr:housenumber" v="1265" />
    <tag k="addr:street" v="Godfrey Road" />
    <tag k="addr:state" v="VT" />
    <tag k="ref:vcgi:esiteid" v="259564" />
  </node>
  <node id="-1160" visible="true" lat="43.79741733407" lon="-72.242958806497">
    <tag k="addr:city" v="Thetford Center" />
    <tag k="addr:housenumber" v="38" />
    <tag k="addr:street" v="Old Strong Road" />
    <tag k="addr:state" v="VT" />
    <tag k="ref:vcgi:esiteid" v="259565" />
  </node>
  <node id="-1161" visible="true" lat="43.797564176469" lon="-72.222568493751">
    <tag k="addr:city" v="East Thetford" />
    <tag k="addr:housenumber" v="1383" />
    <tag k="addr:street" v="Quail John Road" />
    <tag k="addr:state" v="VT" />
    <tag k="ref:vcgi:esiteid" v="259566" />
  </node>
  <node id="-1162" visible="true" lat="43.797312235849" lon="-72.23869765974">
    <tag k="addr:city" v="Thetford Center" />
    <tag k="addr:housenumber" v="250" />
    <tag k="addr:street" v="Old Strong Road" />
    <tag k="addr:state" v="VT" />
    <tag k="ref:vcgi:esiteid" v="259567" />
  </node>
  <node id="-1163" visible="true" lat="43.797291532449" lon="-72.268191989953">
    <tag k="addr:city" v="Thetford Center" />
    <tag k="addr:housenumber" v="51" />
    <tag k="addr:street" v="Lower Cream Street" />
    <tag k="addr:state" v="VT" />
    <tag k="ref:vcgi:esiteid" v="259568" />
  </node>
  <node id="-1164" visible="true" lat="43.797278005579" lon="-72.221785998355">
    <tag k="addr:city" v="East Thetford" />
    <tag k="addr:housenumber" v="1349" />
    <tag k="addr:street" v="Quail John Road" />
    <tag k="addr:state" v="VT" />
    <tag k="ref:vcgi:esiteid" v="259569" />
  </node>
  <node id="-1165" visible="true" lat="43.797238539474" lon="-72.277272985958">
    <tag k="addr:city" v="Thetford Center" />
    <tag k="addr:housenumber" v="906" />
    <tag k="addr:street" v="Stowell Road" />
    <tag k="addr:state" v="VT" />
    <tag k="ref:vcgi:esiteid" v="259570" />
  </node>
  <node id="-1166" visible="true" lat="43.797093288781" lon="-72.276250087062">
    <tag k="addr:city" v="Thetford Center" />
    <tag k="addr:housenumber" v="904" />
    <tag k="addr:street" v="Stowell Road" />
    <tag k="addr:state" v="VT" />
    <tag k="ref:vcgi:esiteid" v="259571" />
  </node>
  <node id="-1167" visible="true" lat="43.797212433679" lon="-72.246461146729">
    <tag k="addr:city" v="Thetford Center" />
    <tag k="addr:housenumber" v="177" />
    <tag k="addr:street" v="Hauger Road" />
    <tag k="addr:state" v="VT" />
    <tag k="ref:vcgi:esiteid" v="259572" />
  </node>
  <node id="-1168" visible="true" lat="43.796723436412" lon="-72.219471962343">
    <tag k="addr:city" v="East Thetford" />
    <tag k="addr:housenumber" v="68" />
    <tag k="addr:street" v="Old Stone Road" />
    <tag k="addr:state" v="VT" />
    <tag k="ref:vcgi:esiteid" v="259573" />
  </node>
  <node id="-1169" visible="true" lat="43.79696052397" lon="-72.248403273985">
    <tag k="addr:city" v="Thetford Center" />
    <tag k="addr:housenumber" v="255" />
    <tag k="addr:street" v="Hauger Road" />
    <tag k="addr:state" v="VT" />
    <tag k="ref:vcgi:esiteid" v="259574" />
  </node>
  <node id="-1170" visible="true" lat="43.79648187017" lon="-72.223464151895">
    <tag k="addr:city" v="East Thetford" />
    <tag k="addr:housenumber" v="1357" />
    <tag k="addr:street" v="Godfrey Road" />
    <tag k="addr:state" v="VT" />
    <tag k="ref:vcgi:esiteid" v="259575" />
  </node>
  <node id="-1171" visible="true" lat="43.796414614311" lon="-72.212987518062">
    <tag k="addr:city" v="East Thetford" />
    <tag k="addr:housenumber" v="852" />
    <tag k="addr:street" v="Quail John Road" />
    <tag k="addr:state" v="VT" />
    <tag k="ref:vcgi:esiteid" v="259576" />
  </node>
  <node id="-1172" visible="true" lat="43.796130178786" lon="-72.212514729403">
    <tag k="addr:city" v="East Thetford" />
    <tag k="addr:housenumber" v="828" />
    <tag k="addr:street" v="Quail John Road" />
    <tag k="addr:state" v="VT" />
    <tag k="ref:vcgi:esiteid" v="259577" />
  </node>
  <node id="-1173" visible="true" lat="43.796096929528" lon="-72.223822338422">
    <tag k="addr:city" v="East Thetford" />
    <tag k="addr:housenumber" v="1395" />
    <tag k="addr:street" v="Godfrey Road" />
    <tag k="addr:state" v="VT" />
    <tag k="ref:vcgi:esiteid" v="259578" />
  </node>
  <node id="-1174" visible="true" lat="43.795703002556" lon="-72.212588345922">
    <tag k="addr:city" v="East Thetford" />
    <tag k="addr:housenumber" v="813" />
    <tag k="addr:street" v="Quail John Road" />
    <tag k="addr:state" v="VT" />
    <tag k="ref:vcgi:esiteid" v="259579" />
  </node>
  <node id="-1175" visible="true" lat="43.796013131995" lon="-72.245671153015">
    <tag k="addr:city" v="Thetford Center" />
    <tag k="addr:housenumber" v="33" />
    <tag k="addr:street" v="Amasa Bond Road" />
    <tag k="addr:state" v="VT" />
    <tag k="ref:vcgi:esiteid" v="259580" />
  </node>
  <node id="-1176" visible="true" lat="43.795660986459" lon="-72.240980499082">
    <tag k="addr:city" v="East Thetford" />
    <tag k="addr:housenumber" v="836" />
    <tag k="addr:street" v="Burnham Road" />
    <tag k="addr:state" v="VT" />
    <tag k="ref:vcgi:esiteid" v="259581" />
  </node>
  <node id="-1177" visible="true" lat="43.79564514197" lon="-72.221625834124">
    <tag k="addr:city" v="East Thetford" />
    <tag k="addr:housenumber" v="240" />
    <tag k="addr:street" v="Old Stone Road" />
    <tag k="addr:state" v="VT" />
    <tag k="ref:vcgi:esiteid" v="259582" />
  </node>
  <node id="-1178" visible="true" lat="43.795270761919" lon="-72.245481053915">
    <tag k="addr:city" v="Thetford Center" />
    <tag k="addr:housenumber" v="3" />
    <tag k="addr:street" v="Amasa Bond Road" />
    <tag k="addr:state" v="VT" />
    <tag k="ref:vcgi:esiteid" v="259583" />
  </node>
  <node id="-1179" visible="true" lat="43.795208801683" lon="-72.224509509967">
    <tag k="addr:city" v="East Thetford" />
    <tag k="addr:housenumber" v="1445" />
    <tag k="addr:street" v="Godfrey Road" />
    <tag k="addr:state" v="VT" />
    <tag k="ref:vcgi:esiteid" v="259584" />
  </node>
  <node id="-1180" visible="true" lat="43.795405355055" lon="-72.247878480196">
    <tag k="addr:city" v="Thetford Center" />
    <tag k="addr:housenumber" v="1978" />
    <tag k="addr:street" v="Academy Road" />
    <tag k="addr:state" v="VT" />
    <tag k="ref:vcgi:esiteid" v="259585" />
  </node>
  <node id="-1181" visible="true" lat="43.795005032724" lon="-72.211730759584">
    <tag k="addr:city" v="East Thetford" />
    <tag k="addr:housenumber" v="751" />
    <tag k="addr:street" v="Quail John Road" />
    <tag k="addr:state" v="VT" />
    <tag k="ref:vcgi:esiteid" v="259586" />
  </node>
  <node id="-1182" visible="true" lat="43.794948678356" lon="-72.219061566996">
    <tag k="addr:city" v="East Thetford" />
    <tag k="addr:housenumber" v="185" />
    <tag k="addr:street" v="Old Stone Road" />
    <tag k="addr:state" v="VT" />
    <tag k="ref:vcgi:esiteid" v="259587" />
  </node>
  <node id="-1183" visible="true" lat="43.794881185066" lon="-72.228783719257">
    <tag k="addr:city" v="East Thetford" />
    <tag k="addr:housenumber" v="176" />
    <tag k="addr:street" v="Burnham Road" />
    <tag k="addr:state" v="VT" />
    <tag k="ref:vcgi:esiteid" v="259588" />
  </node>
  <node id="-1184" visible="true" lat="43.794961098898" lon="-72.226401143819">
    <tag k="addr:city" v="East Thetford" />
    <tag k="addr:housenumber" v="46" />
    <tag k="addr:street" v="Burnham Road" />
    <tag k="addr:state" v="VT" />
    <tag k="ref:vcgi:esiteid" v="259589" />
  </node>
  <node id="-1185" visible="true" lat="43.79491061031" lon="-72.231533738415">
    <tag k="addr:city" v="East Thetford" />
    <tag k="addr:housenumber" v="296" />
    <tag k="addr:street" v="Burnham Road" />
    <tag k="addr:state" v="VT" />
    <tag k="ref:vcgi:esiteid" v="259590" />
  </node>
  <node id="-1186" visible="true" lat="43.795042845198" lon="-72.285628744716">
    <tag k="addr:city" v="Thetford Center" />
    <tag k="addr:housenumber" v="1390" />
    <tag k="addr:street" v="Stowell Road" />
    <tag k="addr:state" v="VT" />
    <tag k="ref:vcgi:esiteid" v="259591" />
  </node>
  <node id="-1187" visible="true" lat="43.794894790492" lon="-72.268710591852">
    <tag k="addr:city" v="Thetford Center" />
    <tag k="addr:housenumber" v="462" />
    <tag k="addr:street" v="Stowell Road" />
    <tag k="addr:state" v="VT" />
    <tag k="ref:vcgi:esiteid" v="259592" />
  </node>
  <node id="-1188" visible="true" lat="43.794938193912" lon="-72.285930282883">
    <tag k="addr:city" v="Thetford Center" />
    <tag k="addr:housenumber" v="1414" />
    <tag k="addr:street" v="Stowell Road" />
    <tag k="addr:state" v="VT" />
    <tag k="ref:vcgi:esiteid" v="259593" />
  </node>
  <node id="-1189" visible="true" lat="43.794787391324" lon="-72.282420746664">
    <tag k="addr:city" v="Thetford Center" />
    <tag k="addr:housenumber" v="1240" />
    <tag k="addr:street" v="Stowell Road" />
    <tag k="addr:state" v="VT" />
    <tag k="ref:vcgi:esiteid" v="259594" />
  </node>
  <node id="-1190" visible="true" lat="43.794635594201" lon="-72.223428685684">
    <tag k="addr:city" v="East Thetford" />
    <tag k="addr:housenumber" v="358" />
    <tag k="addr:street" v="Old Stone Road" />
    <tag k="addr:state" v="VT" />
    <tag k="ref:vcgi:esiteid" v="259595" />
  </node>
  <node id="-1191" visible="true" lat="43.794655783397" lon="-72.270397456065">
    <tag k="addr:city" v="Thetford Center" />
    <tag k="addr:housenumber" v="572" />
    <tag k="addr:street" v="Stowell Road" />
    <tag k="addr:state" v="VT" />
    <tag k="ref:vcgi:esiteid" v="259596" />
  </node>
  <node id="-1192" visible="true" lat="43.794324074647" lon="-72.197844800279">
    <tag k="addr:city" v="East Thetford" />
    <tag k="addr:housenumber" v="24" />
    <tag k="addr:street" v="Quail John Road" />
    <tag k="addr:state" v="VT" />
    <tag k="ref:vcgi:esiteid" v="259597" />
  </node>
  <node id="-1193" visible="true" lat="43.794232017566" lon="-72.224718628108">
    <tag k="addr:city" v="East Thetford" />
    <tag k="addr:housenumber" v="20" />
    <tag k="addr:street" v="Appian Way" />
    <tag k="addr:state" v="VT" />
    <tag k="ref:vcgi:esiteid" v="259598" />
  </node>
  <node id="-1194" visible="true" lat="43.793788393047" lon="-72.280524705908">
    <tag k="addr:city" v="Thetford Center" />
    <tag k="addr:housenumber" v="1191" />
    <tag k="addr:street" v="Stowell Road" />
    <tag k="addr:state" v="VT" />
    <tag k="ref:vcgi:esiteid" v="259599" />
  </node>
  <node id="-1195" visible="true" lat="43.794160265167" lon="-72.226674358469">
    <tag k="addr:city" v="East Thetford" />
    <tag k="addr:housenumber" v="91" />
    <tag k="addr:street" v="Burnham Road" />
    <tag k="addr:state" v="VT" />
    <tag k="ref:vcgi:esiteid" v="259600" />
  </node>
  <node id="-1196" visible="true" lat="43.794048308558" lon="-72.198477000183">
    <tag k="addr:city" v="East Thetford" />
    <tag k="addr:housenumber" v="29" />
    <tag k="addr:street" v="Quail John Road" />
    <tag k="addr:state" v="VT" />
    <tag k="ref:vcgi:esiteid" v="259601" />
  </node>
  <node id="-1197" visible="true" lat="43.794301030853" lon="-72.246724141998">
    <tag k="addr:city" v="Thetford Center" />
    <tag k="addr:housenumber" v="2014" />
    <tag k="addr:street" v="Academy Road" />
    <tag k="addr:state" v="VT" />
    <tag k="ref:vcgi:esiteid" v="259602" />
  </node>
  <node id="-1198" visible="true" lat="43.793761044742" lon="-72.197499630482">
    <tag k="addr:city" v="East Thetford" />
    <tag k="addr:housenumber" v="1680" />
    <tag k="addr:street" v="United States Route 5" />
    <tag k="addr:state" v="VT" />
    <tag k="ref:vcgi:esiteid" v="259603" />
  </node>
  <node id="-1199" visible="true" lat="43.793927201746" lon="-72.222034639076">
    <tag k="addr:city" v="East Thetford" />
    <tag k="addr:housenumber" v="253" />
    <tag k="addr:street" v="Old Stone Road" />
    <tag k="addr:state" v="VT" />
    <tag k="ref:vcgi:esiteid" v="259604" />
  </node>
  <node id="-1200" visible="true" lat="43.79384018676" lon="-72.197981945393">
    <tag k="addr:city" v="East Thetford" />
    <tag k="addr:housenumber" v="1665" />
    <tag k="addr:street" v="United States Route 5" />
    <tag k="addr:state" v="VT" />
    <tag k="ref:vcgi:esiteid" v="259605" />
  </node>
  <node id="-1201" visible="true" lat="43.794050913544" lon="-72.228103245586">
    <tag k="addr:city" v="East Thetford" />
    <tag k="addr:housenumber" v="141" />
    <tag k="addr:street" v="Burnham Road" />
    <tag k="addr:state" v="VT" />
    <tag k="ref:vcgi:esiteid" v="259606" />
  </node>
  <node id="-1202" visible="true" lat="43.793805439576" lon="-72.257203223949">
    <tag k="addr:city" v="Thetford Center" />
    <tag k="addr:housenumber" v="2" />
    <tag k="addr:street" v="Main Street" />
    <tag k="addr:state" v="VT" />
    <tag k="ref:vcgi:esiteid" v="259607" />
  </node>
  <node id="-1203" visible="true" lat="43.793806578682" lon="-72.223576449254">
    <tag k="addr:city" v="East Thetford" />
    <tag k="addr:housenumber" v="45" />
    <tag k="addr:street" v="Appian Way" />
    <tag k="addr:state" v="VT" />
    <tag k="ref:vcgi:esiteid" v="259608" />
  </node>
  <node id="-1204" visible="true" lat="43.79347493016" lon="-72.237301460721">
    <tag k="addr:city" v="East Thetford" />
    <tag k="addr:housenumber" v="620" />
    <tag k="addr:street" v="Burnham Road" />
    <tag k="addr:state" v="VT" />
    <tag k="ref:vcgi:esiteid" v="259609" />
  </node>
  <node id="-1205" visible="true" lat="43.79364277432" lon="-72.198755190665">
    <tag k="addr:city" v="East Thetford" />
    <tag k="addr:housenumber" v="17" />
    <tag k="addr:street" v="Quail John Road" />
    <tag k="addr:state" v="VT" />
    <tag k="ref:vcgi:esiteid" v="259610" />
  </node>
  <node id="-1206" visible="true" lat="43.793629258156" lon="-72.245323037223">
    <tag k="addr:city" v="East Thetford" />
    <tag k="addr:housenumber" v="1032" />
    <tag k="addr:street" v="Burnham Road" />
    <tag k="addr:state" v="VT" />
    <tag k="ref:vcgi:esiteid" v="259611" />
  </node>
  <node id="-1207" visible="true" lat="43.793364310953" lon="-72.224964540934">
    <tag k="addr:city" v="East Thetford" />
    <tag k="addr:housenumber" v="1575" />
    <tag k="addr:street" v="Godfrey Road" />
    <tag k="addr:state" v="VT" />
    <tag k="ref:vcgi:esiteid" v="259612" />
  </node>
  <node id="-1208" visible="true" lat="43.793417284261" lon="-72.223751870692">
    <tag k="addr:city" v="East Thetford" />
    <tag k="addr:housenumber" v="75" />
    <tag k="addr:street" v="Appian Way" />
    <tag k="addr:state" v="VT" />
    <tag k="ref:vcgi:esiteid" v="259613" />
  </node>
  <node id="-1209" visible="true" lat="43.793206498814" lon="-72.266584066962">
    <tag k="addr:city" v="Thetford Center" />
    <tag k="addr:housenumber" v="343" />
    <tag k="addr:street" v="Stowell Road" />
    <tag k="addr:state" v="VT" />
    <tag k="ref:vcgi:esiteid" v="259614" />
  </node>
  <node id="-1210" visible="true" lat="43.793295057467" lon="-72.241173331743">
    <tag k="addr:city" v="East Thetford" />
    <tag k="addr:housenumber" v="837" />
    <tag k="addr:street" v="Burnham Road" />
    <tag k="addr:state" v="VT" />
    <tag k="ref:vcgi:esiteid" v="259615" />
  </node>
  <node id="-1211" visible="true" lat="43.792876915815" lon="-72.22453780733">
    <tag k="addr:city" v="East Thetford" />
    <tag k="addr:housenumber" v="105" />
    <tag k="addr:street" v="Appian Way" />
    <tag k="addr:state" v="VT" />
    <tag k="ref:vcgi:esiteid" v="259616" />
  </node>
  <node id="-1212" visible="true" lat="43.793174589407" lon="-72.247481701481">
    <tag k="addr:city" v="Thetford Center" />
    <tag k="addr:housenumber" v="2016" />
    <tag k="addr:street" v="Academy Road" />
    <tag k="addr:state" v="VT" />
    <tag k="ref:vcgi:esiteid" v="259617" />
  </node>
  <node id="-1213" visible="true" lat="43.792906827809" lon="-72.235191849216">
    <tag k="addr:city" v="East Thetford" />
    <tag k="addr:housenumber" v="515" />
    <tag k="addr:street" v="Burnham Road" />
    <tag k="addr:state" v="VT" />
    <tag k="ref:vcgi:esiteid" v="259618" />
  </node>
  <node id="-1214" visible="true" lat="43.79297052865" lon="-72.225334338514">
    <tag k="addr:city" v="East Thetford" />
    <tag k="addr:housenumber" v="1617" />
    <tag k="addr:street" v="Godfrey Road" />
    <tag k="addr:state" v="VT" />
    <tag k="ref:vcgi:esiteid" v="259619" />
  </node>
  <node id="-1215" visible="true" lat="43.792979461738" lon="-72.229077784589">
    <tag k="addr:city" v="East Thetford" />
    <tag k="addr:housenumber" v="171" />
    <tag k="addr:street" v="Burnham Road" />
    <tag k="addr:state" v="VT" />
    <tag k="ref:vcgi:esiteid" v="259620" />
  </node>
  <node id="-1216" visible="true" lat="43.792764231876" lon="-72.229596362125">
    <tag k="addr:city" v="East Thetford" />
    <tag k="addr:housenumber" v="173" />
    <tag k="addr:street" v="Burnham Road" />
    <tag k="addr:state" v="VT" />
    <tag k="ref:vcgi:esiteid" v="259621" />
  </node>
  <node id="-1217" visible="true" lat="43.792766953706" lon="-72.212943093195">
    <tag k="addr:city" v="East Thetford" />
    <tag k="addr:housenumber" v="216" />
    <tag k="addr:street" v="Stevens Road" />
    <tag k="addr:state" v="VT" />
    <tag k="ref:vcgi:esiteid" v="259622" />
  </node>
  <node id="-1218" visible="true" lat="43.79246045831" lon="-72.233381743107">
    <tag k="addr:city" v="East Thetford" />
    <tag k="addr:housenumber" v="437" />
    <tag k="addr:street" v="Burnham Road" />
    <tag k="addr:state" v="VT" />
    <tag k="ref:vcgi:esiteid" v="259623" />
  </node>
  <node id="-1219" visible="true" lat="43.792649309505" lon="-72.250758981522">
    <tag k="addr:city" v="Thetford Center" />
    <tag k="addr:housenumber" v="2322" />
    <tag k="addr:street" v="Academy Road" />
    <tag k="addr:state" v="VT" />
    <tag k="ref:vcgi:esiteid" v="259624" />
  </node>
  <node id="-1220" visible="true" lat="43.792677074274" lon="-72.250462749359">
    <tag k="addr:city" v="Thetford Center" />
    <tag k="addr:housenumber" v="2292" />
    <tag k="addr:street" v="Academy Road" />
    <tag k="addr:state" v="VT" />
    <tag k="ref:vcgi:esiteid" v="259625" />
  </node>
  <node id="-1221" visible="true" lat="43.792743958965" lon="-72.251608417837">
    <tag k="addr:city" v="Thetford Center" />
    <tag k="addr:housenumber" v="2360" />
    <tag k="addr:street" v="Academy Road" />
    <tag k="addr:state" v="VT" />
    <tag k="ref:vcgi:esiteid" v="259626" />
  </node>
  <node id="-1222" visible="true" lat="43.792538300837" lon="-72.249688856974">
    <tag k="addr:city" v="Thetford Center" />
    <tag k="addr:housenumber" v="2250" />
    <tag k="addr:street" v="Academy Road" />
    <tag k="addr:state" v="VT" />
    <tag k="ref:vcgi:esiteid" v="259627" />
  </node>
  <node id="-1223" visible="true" lat="43.79229647465" lon="-72.221596264967">
    <tag k="addr:city" v="East Thetford" />
    <tag k="addr:housenumber" v="255" />
    <tag k="addr:street" v="Old Stone Road" />
    <tag k="addr:state" v="VT" />
    <tag k="ref:vcgi:esiteid" v="259628" />
  </node>
  <node id="-1224" visible="true" lat="43.792229484414" lon="-72.226067620808">
    <tag k="addr:city" v="East Thetford" />
    <tag k="addr:housenumber" v="1663" />
    <tag k="addr:street" v="Godfrey Road" />
    <tag k="addr:state" v="VT" />
    <tag k="ref:vcgi:esiteid" v="259629" />
  </node>
  <node id="-1225" visible="true" lat="43.79223547045" lon="-72.21315870523">
    <tag k="addr:city" v="East Thetford" />
    <tag k="addr:housenumber" v="238" />
    <tag k="addr:street" v="Stevens Road" />
    <tag k="addr:state" v="VT" />
    <tag k="ref:vcgi:esiteid" v="259630" />
  </node>
  <node id="-1226" visible="true" lat="43.792282986776" lon="-72.246762705843">
    <tag k="addr:city" v="Thetford Center" />
    <tag k="addr:housenumber" v="2137" />
    <tag k="addr:street" v="Academy Road" />
    <tag k="addr:state" v="VT" />
    <tag k="ref:vcgi:esiteid" v="259631" />
  </node>
  <node id="-1227" visible="true" lat="43.791923194342" lon="-72.248153495364">
    <tag k="addr:city" v="Thetford Center" />
    <tag k="addr:housenumber" v="2219" />
    <tag k="addr:street" v="Academy Road" />
    <tag k="addr:state" v="VT" />
    <tag k="ref:vcgi:esiteid" v="259632" />
  </node>
  <node id="-1228" visible="true" lat="43.791672319035" lon="-72.265128594468">
    <tag k="addr:city" v="Thetford Center" />
    <tag k="addr:housenumber" v="199" />
    <tag k="addr:street" v="Stowell Road" />
    <tag k="addr:state" v="VT" />
    <tag k="ref:vcgi:esiteid" v="259633" />
  </node>
  <node id="-1229" visible="true" lat="43.791584164061" lon="-72.224559769321">
    <tag k="addr:city" v="East Thetford" />
    <tag k="addr:housenumber" v="217" />
    <tag k="addr:street" v="Appian Way" />
    <tag k="addr:state" v="VT" />
    <tag k="ref:vcgi:esiteid" v="259634" />
  </node>
  <node id="-1230" visible="true" lat="43.791446583153" lon="-72.211842214407">
    <tag k="addr:city" v="East Thetford" />
    <tag k="addr:housenumber" v="311" />
    <tag k="addr:street" v="Stevens Road" />
    <tag k="addr:state" v="VT" />
    <tag k="ref:vcgi:esiteid" v="259635" />
  </node>
  <node id="-1231" visible="true" lat="43.791236016392" lon="-72.263889883084">
    <tag k="addr:city" v="Thetford Center" />
    <tag k="addr:housenumber" v="139" />
    <tag k="addr:street" v="Stowell Road" />
    <tag k="addr:state" v="VT" />
    <tag k="ref:vcgi:esiteid" v="259636" />
  </node>
  <node id="-1232" visible="true" lat="43.790939048117" lon="-72.211826528881">
    <tag k="addr:city" v="East Thetford" />
    <tag k="addr:housenumber" v="341" />
    <tag k="addr:street" v="Stevens Road" />
    <tag k="addr:state" v="VT" />
    <tag k="ref:vcgi:esiteid" v="259637" />
  </node>
  <node id="-1233" visible="true" lat="43.790941467982" lon="-72.253475009002">
    <tag k="addr:city" v="Thetford Center" />
    <tag k="addr:housenumber" v="2542" />
    <tag k="addr:street" v="Academy Road" />
    <tag k="addr:state" v="VT" />
    <tag k="ref:vcgi:esiteid" v="259638" />
  </node>
  <node id="-1234" visible="true" lat="43.790396880211" lon="-72.211732849025">
    <tag k="addr:city" v="East Thetford" />
    <tag k="addr:housenumber" v="399" />
    <tag k="addr:street" v="Stevens Road" />
    <tag k="addr:state" v="VT" />
    <tag k="ref:vcgi:esiteid" v="259639" />
  </node>
  <node id="-1235" visible="true" lat="43.789870564759" lon="-72.25040147522">
    <tag k="addr:city" v="Thetford Center" />
    <tag k="addr:housenumber" v="2553" />
    <tag k="addr:street" v="Academy Road" />
    <tag k="addr:state" v="VT" />
    <tag k="ref:vcgi:esiteid" v="259640" />
  </node>
  <node id="-1236" visible="true" lat="43.790042117456" lon="-72.253407299031">
    <tag k="addr:city" v="Thetford Center" />
    <tag k="addr:housenumber" v="2584" />
    <tag k="addr:street" v="Academy Road" />
    <tag k="addr:state" v="VT" />
    <tag k="ref:vcgi:esiteid" v="259641" />
  </node>
  <node id="-1237" visible="true" lat="43.789526240341" lon="-72.213525703435">
    <tag k="addr:city" v="East Thetford" />
    <tag k="addr:housenumber" v="460" />
    <tag k="addr:street" v="Stevens Road" />
    <tag k="addr:state" v="VT" />
    <tag k="ref:vcgi:esiteid" v="259642" />
  </node>
  <node id="-1238" visible="true" lat="43.789685656686" lon="-72.252711247958">
    <tag k="addr:city" v="Thetford Center" />
    <tag k="addr:housenumber" v="2591" />
    <tag k="addr:street" v="Academy Road" />
    <tag k="addr:state" v="VT" />
    <tag k="ref:vcgi:esiteid" v="259643" />
  </node>
  <node id="-1239" visible="true" lat="43.789802963917" lon="-72.229241246076">
    <tag k="addr:city" v="East Thetford" />
    <tag k="addr:housenumber" v="1900" />
    <tag k="addr:street" v="Godfrey Road" />
    <tag k="addr:state" v="VT" />
    <tag k="ref:vcgi:esiteid" v="259644" />
  </node>
  <node id="-1240" visible="true" lat="43.789402510784" lon="-72.253151776004">
    <tag k="addr:city" v="Thetford Center" />
    <tag k="addr:housenumber" v="2608" />
    <tag k="addr:street" v="Academy Road" />
    <tag k="addr:state" v="VT" />
    <tag k="ref:vcgi:esiteid" v="259646" />
  </node>
  <node id="-1241" visible="true" lat="43.789477131969" lon="-72.23008182765">
    <tag k="addr:city" v="East Thetford" />
    <tag k="addr:housenumber" v="1938" />
    <tag k="addr:street" v="Godfrey Road" />
    <tag k="addr:state" v="VT" />
    <tag k="ref:vcgi:esiteid" v="259647" />
  </node>
  <node id="-1242" visible="true" lat="43.789799190429" lon="-72.254882589674">
    <tag k="addr:city" v="East Thetford" />
    <tag k="addr:housenumber" v="39" />
    <tag k="addr:street" v="Main Street" />
    <tag k="addr:state" v="VT" />
    <tag k="ref:vcgi:esiteid" v="259648" />
  </node>
  <node id="-1243" visible="true" lat="43.789477222579" lon="-72.255151423966">
    <tag k="addr:city" v="East Thetford" />
    <tag k="addr:housenumber" v="36" />
    <tag k="addr:street" v="Main Street" />
    <tag k="addr:state" v="VT" />
    <tag k="ref:vcgi:esiteid" v="259649" />
  </node>
  <node id="-1244" visible="true" lat="43.789377650512" lon="-72.254651659766">
    <tag k="addr:city" v="East Thetford" />
    <tag k="addr:housenumber" v="61" />
    <tag k="addr:street" v="Main Street" />
    <tag k="addr:state" v="VT" />
    <tag k="ref:vcgi:esiteid" v="259650" />
  </node>
  <node id="-1245" visible="true" lat="43.789140471406" lon="-72.229078306465">
    <tag k="addr:city" v="East Thetford" />
    <tag k="addr:housenumber" v="1935" />
    <tag k="addr:street" v="Godfrey Road" />
    <tag k="addr:state" v="VT" />
    <tag k="ref:vcgi:esiteid" v="259651" />
  </node>
  <node id="-1246" visible="true" lat="43.789142205723" lon="-72.232594362465">
    <tag k="addr:city" v="East Thetford" />
    <tag k="addr:housenumber" v="2054" />
    <tag k="addr:street" v="Godfrey Road" />
    <tag k="addr:state" v="VT" />
    <tag k="ref:vcgi:esiteid" v="259652" />
  </node>
  <node id="-1247" visible="true" lat="43.788976132738" lon="-72.249194159216">
    <tag k="addr:city" v="Thetford Center" />
    <tag k="addr:housenumber" v="2549" />
    <tag k="addr:street" v="Academy Road" />
    <tag k="addr:state" v="VT" />
    <tag k="ref:vcgi:esiteid" v="259653" />
  </node>
  <node id="-1248" visible="true" lat="43.789159541971" lon="-72.212080316256">
    <tag k="addr:city" v="East Thetford" />
    <tag k="addr:housenumber" v="475" />
    <tag k="addr:street" v="Stevens Road" />
    <tag k="addr:state" v="VT" />
    <tag k="ref:vcgi:esiteid" v="259654" />
  </node>
  <node id="-1249" visible="true" lat="43.789049680435" lon="-72.254516907235">
    <tag k="addr:city" v="East Thetford" />
    <tag k="addr:housenumber" v="77" />
    <tag k="addr:street" v="Main Street" />
    <tag k="addr:state" v="VT" />
    <tag k="ref:vcgi:esiteid" v="259655" />
  </node>
  <node id="-1250" visible="true" lat="43.788734435278" lon="-72.253093930849">
    <tag k="addr:city" v="Thetford Center" />
    <tag k="addr:housenumber" v="2651" />
    <tag k="addr:street" v="Academy Road" />
    <tag k="addr:state" v="VT" />
    <tag k="ref:vcgi:esiteid" v="259656" />
  </node>
  <node id="-1251" visible="true" lat="43.788965405126" lon="-72.253456734114">
    <tag k="addr:city" v="Thetford Center" />
    <tag k="addr:housenumber" v="2682" />
    <tag k="addr:street" v="Academy Road" />
    <tag k="addr:state" v="VT" />
    <tag k="ref:vcgi:esiteid" v="259657" />
  </node>
  <node id="-1252" visible="true" lat="43.789016611463" lon="-72.254902734622">
    <tag k="addr:city" v="East Thetford" />
    <tag k="addr:housenumber" v="86" />
    <tag k="addr:street" v="Main Street" />
    <tag k="addr:state" v="VT" />
    <tag k="ref:vcgi:esiteid" v="259658" />
  </node>
  <node id="-1253" visible="true" lat="43.788698086737" lon="-72.250663253981">
    <tag k="addr:city" v="Thetford Center" />
    <tag k="addr:housenumber" v="2551" />
    <tag k="addr:street" v="Academy Road" />
    <tag k="addr:state" v="VT" />
    <tag k="ref:vcgi:esiteid" v="259659" />
  </node>
  <node id="-1254" visible="true" lat="43.788488781839" lon="-72.254503180475">
    <tag k="addr:city" v="East Thetford" />
    <tag k="addr:housenumber" v="95" />
    <tag k="addr:street" v="Main Street" />
    <tag k="addr:state" v="VT" />
    <tag k="ref:vcgi:esiteid" v="259660" />
  </node>
  <node id="-1255" visible="true" lat="43.788432483741" lon="-72.229676650358">
    <tag k="addr:city" v="East Thetford" />
    <tag k="addr:housenumber" v="2021" />
    <tag k="addr:street" v="Godfrey Road" />
    <tag k="addr:state" v="VT" />
    <tag k="ref:vcgi:esiteid" v="259661" />
  </node>
  <node id="-1256" visible="true" lat="43.788331458146" lon="-72.213228483674">
    <tag k="addr:city" v="East Thetford" />
    <tag k="addr:housenumber" v="528" />
    <tag k="addr:street" v="Stevens Road" />
    <tag k="addr:state" v="VT" />
    <tag k="ref:vcgi:esiteid" v="259662" />
  </node>
  <node id="-1257" visible="true" lat="43.788374693947" lon="-72.253229948707">
    <tag k="addr:city" v="East Thetford" />
    <tag k="addr:housenumber" v="35" />
    <tag k="addr:street" v="Campbell Flats Road" />
    <tag k="addr:state" v="VT" />
    <tag k="ref:vcgi:esiteid" v="259663" />
  </node>
  <node id="-1258" visible="true" lat="43.78809135564" lon="-72.255099739846">
    <tag k="addr:city" v="East Thetford" />
    <tag k="addr:housenumber" v="144" />
    <tag k="addr:street" v="Main Street" />
    <tag k="addr:state" v="VT" />
    <tag k="ref:vcgi:esiteid" v="259664" />
  </node>
  <node id="-1259" visible="true" lat="43.787872692553" lon="-72.255103610674">
    <tag k="addr:city" v="East Thetford" />
    <tag k="addr:housenumber" v="146" />
    <tag k="addr:street" v="Main Street" />
    <tag k="addr:state" v="VT" />
    <tag k="ref:vcgi:esiteid" v="259665" />
  </node>
  <node id="-1260" visible="true" lat="43.787813990582" lon="-72.213504440962">
    <tag k="addr:city" v="East Thetford" />
    <tag k="addr:housenumber" v="558" />
    <tag k="addr:street" v="Stevens Road" />
    <tag k="addr:state" v="VT" />
    <tag k="ref:vcgi:esiteid" v="259666" />
  </node>
  <node id="-1261" visible="true" lat="43.78713339326" lon="-72.254754708725">
    <tag k="addr:city" v="East Thetford" />
    <tag k="addr:housenumber" v="165" />
    <tag k="addr:street" v="Main Street" />
    <tag k="addr:state" v="VT" />
    <tag k="ref:vcgi:esiteid" v="259667" />
  </node>
  <node id="-1262" visible="true" lat="43.787770230793" lon="-72.212632542411">
    <tag k="addr:city" v="East Thetford" />
    <tag k="addr:housenumber" v="575" />
    <tag k="addr:street" v="Stevens Road" />
    <tag k="addr:state" v="VT" />
    <tag k="ref:vcgi:esiteid" v="259668" />
  </node>
  <node id="-1263" visible="true" lat="43.787581167146" lon="-72.25518770421">
    <tag k="addr:city" v="East Thetford" />
    <tag k="addr:housenumber" v="168" />
    <tag k="addr:street" v="Main Street" />
    <tag k="addr:state" v="VT" />
    <tag k="ref:vcgi:esiteid" v="259669" />
  </node>
  <node id="-1264" visible="true" lat="43.787478603801" lon="-72.231056461184">
    <tag k="addr:city" v="East Thetford" />
    <tag k="addr:housenumber" v="2080" />
    <tag k="addr:street" v="Godfrey Road" />
    <tag k="addr:state" v="VT" />
    <tag k="ref:vcgi:esiteid" v="259670" />
  </node>
  <node id="-1265" visible="true" lat="43.787155386812" lon="-72.255312700234">
    <tag k="addr:city" v="East Thetford" />
    <tag k="addr:housenumber" v="186" />
    <tag k="addr:street" v="Main Street" />
    <tag k="addr:state" v="VT" />
    <tag k="ref:vcgi:esiteid" v="259671" />
  </node>
  <node id="-1266" visible="true" lat="43.786915455306" lon="-72.254831862803">
    <tag k="addr:city" v="East Thetford" />
    <tag k="addr:housenumber" v="185" />
    <tag k="addr:street" v="Main Street" />
    <tag k="addr:state" v="VT" />
    <tag k="ref:vcgi:esiteid" v="259672" />
  </node>
  <node id="-1267" visible="true" lat="43.786942859086" lon="-72.230603340906">
    <tag k="addr:city" v="East Thetford" />
    <tag k="addr:housenumber" v="2083" />
    <tag k="addr:street" v="Godfrey Road" />
    <tag k="addr:state" v="VT" />
    <tag k="ref:vcgi:esiteid" v="259673" />
  </node>
  <node id="-1268" visible="true" lat="43.786409501319" lon="-72.229094815369">
    <tag k="addr:city" v="East Thetford" />
    <tag k="addr:housenumber" v="109" />
    <tag k="addr:street" v="Deer Run Lane" />
    <tag k="addr:state" v="VT" />
    <tag k="ref:vcgi:esiteid" v="259674" />
  </node>
  <node id="-1269" visible="true" lat="43.786752444955" lon="-72.255242045507">
    <tag k="addr:city" v="East Thetford" />
    <tag k="addr:housenumber" v="218" />
    <tag k="addr:street" v="Main Street" />
    <tag k="addr:state" v="VT" />
    <tag k="ref:vcgi:esiteid" v="259675" />
  </node>
  <node id="-1270" visible="true" lat="43.786233031634" lon="-72.254940604473">
    <tag k="addr:city" v="East Thetford" />
    <tag k="addr:housenumber" v="237" />
    <tag k="addr:street" v="Main Street" />
    <tag k="addr:state" v="VT" />
    <tag k="ref:vcgi:esiteid" v="259676" />
  </node>
  <node id="-1271" visible="true" lat="43.786647767264" lon="-72.212342482562">
    <tag k="addr:city" v="East Thetford" />
    <tag k="addr:housenumber" v="653" />
    <tag k="addr:street" v="Stevens Road" />
    <tag k="addr:state" v="VT" />
    <tag k="ref:vcgi:esiteid" v="259677" />
  </node>
  <node id="-1272" visible="true" lat="43.787061504507" lon="-72.22888701958">
    <tag k="addr:city" v="East Thetford" />
    <tag k="addr:housenumber" v="100" />
    <tag k="addr:street" v="Deer Run Lane" />
    <tag k="addr:state" v="VT" />
    <tag k="ref:vcgi:esiteid" v="259678" />
  </node>
  <node id="-1273" visible="true" lat="43.786393935758" lon="-72.233135269935">
    <tag k="addr:city" v="East Thetford" />
    <tag k="addr:housenumber" v="2166" />
    <tag k="addr:street" v="Godfrey Road" />
    <tag k="addr:state" v="VT" />
    <tag k="ref:vcgi:esiteid" v="259679" />
  </node>
  <node id="-1274" visible="true" lat="43.786160084813" lon="-72.226708455536">
    <tag k="addr:city" v="East Thetford" />
    <tag k="addr:housenumber" v="232" />
    <tag k="addr:street" v="Deer Run Lane" />
    <tag k="addr:state" v="VT" />
    <tag k="ref:vcgi:esiteid" v="259680" />
  </node>
  <node id="-1275" visible="true" lat="43.786013482961" lon="-72.230980746271">
    <tag k="addr:city" v="East Thetford" />
    <tag k="addr:housenumber" v="2179" />
    <tag k="addr:street" v="Godfrey Road" />
    <tag k="addr:state" v="VT" />
    <tag k="ref:vcgi:esiteid" v="259681" />
  </node>
  <node id="-1276" visible="true" lat="43.785402572692" lon="-72.211925198494">
    <tag k="addr:city" v="East Thetford" />
    <tag k="addr:housenumber" v="745" />
    <tag k="addr:street" v="Stevens Road" />
    <tag k="addr:state" v="VT" />
    <tag k="ref:vcgi:esiteid" v="259682" />
  </node>
  <node id="-1277" visible="true" lat="43.785072903403" lon="-72.232093646638">
    <tag k="addr:city" v="East Thetford" />
    <tag k="addr:housenumber" v="2234" />
    <tag k="addr:street" v="Godfrey Road" />
    <tag k="addr:state" v="VT" />
    <tag k="ref:vcgi:esiteid" v="259683" />
  </node>
  <node id="-1278" visible="true" lat="43.785320235532" lon="-72.212477091049">
    <tag k="addr:city" v="East Thetford" />
    <tag k="addr:housenumber" v="759" />
    <tag k="addr:street" v="Stevens Road" />
    <tag k="addr:state" v="VT" />
    <tag k="ref:vcgi:esiteid" v="259684" />
  </node>
  <node id="-1279" visible="true" lat="43.784903681704" lon="-72.23115099689">
    <tag k="addr:city" v="East Thetford" />
    <tag k="addr:housenumber" v="2243" />
    <tag k="addr:street" v="Godfrey Road" />
    <tag k="addr:state" v="VT" />
    <tag k="ref:vcgi:esiteid" v="259685" />
  </node>
  <node id="-1280" visible="true" lat="43.784688352097" lon="-72.231984504433">
    <tag k="addr:city" v="East Thetford" />
    <tag k="addr:housenumber" v="2274" />
    <tag k="addr:street" v="Godfrey Road" />
    <tag k="addr:state" v="VT" />
    <tag k="ref:vcgi:esiteid" v="259686" />
  </node>
  <node id="-1281" visible="true" lat="43.784303211694" lon="-72.232627498018">
    <tag k="addr:city" v="East Thetford" />
    <tag k="addr:housenumber" v="2312" />
    <tag k="addr:street" v="Godfrey Road" />
    <tag k="addr:state" v="VT" />
    <tag k="ref:vcgi:esiteid" v="259687" />
  </node>
  <node id="-1282" visible="true" lat="43.784039458833" lon="-72.231789973074">
    <tag k="addr:city" v="East Thetford" />
    <tag k="addr:housenumber" v="2309" />
    <tag k="addr:street" v="Godfrey Road" />
    <tag k="addr:state" v="VT" />
    <tag k="ref:vcgi:esiteid" v="259688" />
  </node>
  <node id="-1283" visible="true" lat="43.783600701849" lon="-72.232017150651">
    <tag k="addr:city" v="East Thetford" />
    <tag k="addr:housenumber" v="2327" />
    <tag k="addr:street" v="Godfrey Road" />
    <tag k="addr:state" v="VT" />
    <tag k="ref:vcgi:esiteid" v="259689" />
  </node>
  <node id="-1284" visible="true" lat="43.783091937006" lon="-72.232911726252">
    <tag k="addr:city" v="East Thetford" />
    <tag k="addr:housenumber" v="2389" />
    <tag k="addr:street" v="Godfrey Road" />
    <tag k="addr:state" v="VT" />
    <tag k="ref:vcgi:esiteid" v="259690" />
  </node>
  <node id="-1285" visible="true" lat="43.781663051742" lon="-72.206913099598">
    <tag k="addr:city" v="East Thetford" />
    <tag k="addr:housenumber" v="703" />
    <tag k="addr:street" v="United States Route 5" />
    <tag k="addr:state" v="VT" />
    <tag k="ref:vcgi:esiteid" v="259692" />
  </node>
  <node id="-1286" visible="true" lat="43.781573327728" lon="-72.233333989235">
    <tag k="addr:city" v="East Thetford" />
    <tag k="addr:housenumber" v="2425" />
    <tag k="addr:street" v="Godfrey Road" />
    <tag k="addr:state" v="VT" />
    <tag k="ref:vcgi:esiteid" v="259693" />
  </node>
  <node id="-1287" visible="true" lat="43.781609662224" lon="-72.234750471372">
    <tag k="addr:city" v="East Thetford" />
    <tag k="addr:housenumber" v="2531" />
    <tag k="addr:street" v="Godfrey Road" />
    <tag k="addr:state" v="VT" />
    <tag k="ref:vcgi:esiteid" v="259694" />
  </node>
  <node id="-1288" visible="true" lat="43.781605604391" lon="-72.21140107717">
    <tag k="addr:city" v="East Thetford" />
    <tag k="addr:housenumber" v="1013" />
    <tag k="addr:street" v="Stevens Road" />
    <tag k="addr:state" v="VT" />
    <tag k="ref:vcgi:esiteid" v="259695" />
  </node>
  <node id="-1289" visible="true" lat="43.78116419037" lon="-72.21183061716">
    <tag k="addr:city" v="East Thetford" />
    <tag k="addr:housenumber" v="1022" />
    <tag k="addr:street" v="Stevens Road" />
    <tag k="addr:state" v="VT" />
    <tag k="ref:vcgi:esiteid" v="259696" />
  </node>
  <node id="-1290" visible="true" lat="43.780999812534" lon="-72.208619812566">
    <tag k="addr:city" v="East Thetford" />
    <tag k="addr:housenumber" v="251" />
    <tag k="addr:street" v="Rabbit Road" />
    <tag k="addr:state" v="VT" />
    <tag k="ref:vcgi:esiteid" v="259697" />
  </node>
  <node id="-1291" visible="true" lat="43.780853548669" lon="-72.209541644177">
    <tag k="addr:city" v="East Thetford" />
    <tag k="addr:housenumber" v="299" />
    <tag k="addr:street" v="Rabbit Road" />
    <tag k="addr:state" v="VT" />
    <tag k="ref:vcgi:esiteid" v="259698" />
  </node>
  <node id="-1292" visible="true" lat="43.780115647007" lon="-72.211625079117">
    <tag k="addr:city" v="East Thetford" />
    <tag k="addr:housenumber" v="1074" />
    <tag k="addr:street" v="Stevens Road" />
    <tag k="addr:state" v="VT" />
    <tag k="ref:vcgi:esiteid" v="259699" />
  </node>
  <node id="-1293" visible="true" lat="43.780362389657" lon="-72.23562371086">
    <tag k="addr:city" v="East Thetford" />
    <tag k="addr:housenumber" v="2643" />
    <tag k="addr:street" v="Godfrey Road" />
    <tag k="addr:state" v="VT" />
    <tag k="ref:vcgi:esiteid" v="259700" />
  </node>
  <node id="-1294" visible="true" lat="43.779236850456" lon="-72.214595784381">
    <tag k="addr:city" v="East Thetford" />
    <tag k="addr:housenumber" v="1060" />
    <tag k="addr:street" v="Stevens Road" />
    <tag k="addr:state" v="VT" />
    <tag k="ref:vcgi:esiteid" v="259701" />
  </node>
  <node id="-1295" visible="true" lat="43.777025655317" lon="-72.209963168161">
    <tag k="addr:city" v="East Thetford" />
    <tag k="addr:housenumber" v="1318" />
    <tag k="addr:street" v="Stevens Road" />
    <tag k="addr:state" v="VT" />
    <tag k="ref:vcgi:esiteid" v="259703" />
  </node>
  <node id="-1296" visible="true" lat="43.776206412478" lon="-72.208778735412">
    <tag k="addr:city" v="East Thetford" />
    <tag k="addr:housenumber" v="1397" />
    <tag k="addr:street" v="Stevens Road" />
    <tag k="addr:state" v="VT" />
    <tag k="ref:vcgi:esiteid" v="259704" />
  </node>
  <node id="-1297" visible="true" lat="43.774537287305" lon="-72.20830411268">
    <tag k="addr:city" v="East Thetford" />
    <tag k="addr:housenumber" v="1509" />
    <tag k="addr:street" v="Stevens Road" />
    <tag k="addr:state" v="VT" />
    <tag k="ref:vcgi:esiteid" v="259705" />
  </node>
  <node id="-1298" visible="true" lat="43.774198537001" lon="-72.208877466706">
    <tag k="addr:city" v="East Thetford" />
    <tag k="addr:housenumber" v="1522" />
    <tag k="addr:street" v="Stevens Road" />
    <tag k="addr:state" v="VT" />
    <tag k="ref:vcgi:esiteid" v="259706" />
  </node>
  <node id="-1299" visible="true" lat="43.773950308019" lon="-72.208914891228">
    <tag k="addr:city" v="East Thetford" />
    <tag k="addr:housenumber" v="1550" />
    <tag k="addr:street" v="Stevens Road" />
    <tag k="addr:state" v="VT" />
    <tag k="ref:vcgi:esiteid" v="259707" />
  </node>
  <node id="-1300" visible="true" lat="43.772120722134" lon="-72.207797771507">
    <tag k="addr:city" v="East Thetford" />
    <tag k="addr:housenumber" v="5" />
    <tag k="addr:street" v="United States Route 5" />
    <tag k="addr:state" v="VT" />
    <tag k="ref:vcgi:esiteid" v="259708" />
  </node>
  <node id="-1301" visible="true" lat="43.880218637191" lon="-72.244306285304">
    <tag k="addr:city" v="Fairlee" />
    <tag k="addr:housenumber" v="100" />
    <tag k="addr:street" v="Norway Lane" />
    <tag k="addr:state" v="VT" />
    <tag k="ref:vcgi:esiteid" v="259709" />
  </node>
  <node id="-1302" visible="true" lat="43.88304183093" lon="-72.244043055778">
    <tag k="addr:city" v="Fairlee" />
    <tag k="addr:housenumber" v="448" />
    <tag k="addr:street" v="Robinson Hill Road" />
    <tag k="addr:state" v="VT" />
    <tag k="ref:vcgi:esiteid" v="259710" />
  </node>
  <node id="-1303" visible="true" lat="43.87914655896" lon="-72.245353633553">
    <tag k="addr:city" v="Fairlee" />
    <tag k="addr:housenumber" v="121" />
    <tag k="addr:street" v="Norway Lane" />
    <tag k="addr:state" v="VT" />
    <tag k="ref:vcgi:esiteid" v="259711" />
  </node>
  <node id="-1304" visible="true" lat="43.882501023797" lon="-72.24442500589">
    <tag k="addr:city" v="Fairlee" />
    <tag k="addr:housenumber" v="530" />
    <tag k="addr:street" v="Robinson Hill Road" />
    <tag k="addr:state" v="VT" />
    <tag k="ref:vcgi:esiteid" v="259712" />
  </node>
  <node id="-1305" visible="true" lat="43.881388057067" lon="-72.245322133759">
    <tag k="addr:city" v="Fairlee" />
    <tag k="addr:housenumber" v="236" />
    <tag k="addr:street" v="Norway Lane" />
    <tag k="addr:state" v="VT" />
    <tag k="ref:vcgi:esiteid" v="259713" />
  </node>
  <node id="-1306" visible="true" lat="43.881635926263" lon="-72.245913076999">
    <tag k="addr:city" v="Fairlee" />
    <tag k="addr:housenumber" v="281" />
    <tag k="addr:street" v="Norway Lane" />
    <tag k="addr:state" v="VT" />
    <tag k="ref:vcgi:esiteid" v="259714" />
  </node>
  <node id="-1307" visible="true" lat="43.878954798366" lon="-72.287030124739">
    <tag k="addr:city" v="Thetford Center" />
    <tag k="addr:housenumber" v="2816" />
    <tag k="addr:street" v="Sawnee Bean Road" />
    <tag k="addr:state" v="VT" />
    <tag k="ref:vcgi:esiteid" v="259716" />
  </node>
  <node id="-1308" visible="true" lat="43.860598879337" lon="-72.268975170257">
    <tag k="addr:city" v="Post Mills" />
    <tag k="addr:housenumber" v="1535" />
    <tag k="addr:street" v="Barker Road" />
    <tag k="addr:state" v="VT" />
    <tag k="ref:vcgi:esiteid" v="259717" />
  </node>
  <node id="-1309" visible="true" lat="43.865760768997" lon="-72.233080344106">
    <tag k="addr:city" v="Fairlee" />
    <tag k="addr:housenumber" v="496" />
    <tag k="addr:street" v="Turnpike Road North" />
    <tag k="addr:state" v="VT" />
    <tag k="ref:vcgi:esiteid" v="259718" />
  </node>
  <node id="-1310" visible="true" lat="43.872188738645" lon="-72.222157070776">
    <tag k="addr:city" v="Fairlee" />
    <tag k="addr:housenumber" v="412" />
    <tag k="addr:street" v="Potato Hill Road North" />
    <tag k="addr:state" v="VT" />
    <tag k="ref:vcgi:esiteid" v="259719" />
  </node>
  <node id="-1311" visible="true" lat="43.873122244394" lon="-72.221666703957">
    <tag k="addr:city" v="Fairlee" />
    <tag k="addr:housenumber" v="465" />
    <tag k="addr:street" v="Potato Hill Road North" />
    <tag k="addr:state" v="VT" />
    <tag k="ref:vcgi:esiteid" v="259720" />
  </node>
  <node id="-1312" visible="true" lat="43.852700705294" lon="-72.257519561116">
    <tag k="addr:city" v="Thetford Center" />
    <tag k="addr:housenumber" v="5470" />
    <tag k="addr:street" v="Vermont Route 113" />
    <tag k="addr:state" v="VT" />
    <tag k="ref:vcgi:esiteid" v="259721" />
  </node>
  <node id="-1313" visible="true" lat="43.829595309094" lon="-72.294541327571">
    <tag k="addr:city" v="Thetford Center" />
    <tag k="addr:housenumber" v="208" />
    <tag k="addr:street" v="Lower Bailey Road" />
    <tag k="addr:state" v="VT" />
    <tag k="ref:vcgi:esiteid" v="259722" />
  </node>
  <node id="-1314" visible="true" lat="43.829965988551" lon="-72.295833213733">
    <tag k="addr:city" v="Thetford Center" />
    <tag k="addr:housenumber" v="294" />
    <tag k="addr:street" v="Lower Bailey Road" />
    <tag k="addr:state" v="VT" />
    <tag k="ref:vcgi:esiteid" v="259723" />
  </node>
  <node id="-1315" visible="true" lat="43.822055648547" lon="-72.314103243771">
    <tag k="addr:city" v="Thetford Center" />
    <tag k="addr:housenumber" v="1900" />
    <tag k="addr:street" v="Gove Hill Road" />
    <tag k="addr:state" v="VT" />
    <tag k="ref:vcgi:esiteid" v="259724" />
  </node>
  <node id="-1316" visible="true" lat="43.850009606195" lon="-72.295538380184">
    <tag k="addr:city" v="Thetford Center" />
    <tag k="addr:housenumber" v="3174" />
    <tag k="addr:street" v="Route 132" />
    <tag k="addr:state" v="VT" />
    <tag k="ref:vcgi:esiteid" v="259725" />
  </node>
  <node id="-1317" visible="true" lat="43.821152262182" lon="-72.270715079106">
    <tag k="addr:city" v="Thetford Center" />
    <tag k="addr:housenumber" v="1439" />
    <tag k="addr:street" v="Tucker Hill Road" />
    <tag k="addr:state" v="VT" />
    <tag k="ref:vcgi:esiteid" v="259726" />
  </node>
  <node id="-1318" visible="true" lat="43.820584996453" lon="-72.270939316992">
    <tag k="addr:city" v="Thetford Center" />
    <tag k="addr:housenumber" v="1441" />
    <tag k="addr:street" v="Tucker Hill Road" />
    <tag k="addr:state" v="VT" />
    <tag k="ref:vcgi:esiteid" v="259727" />
  </node>
  <node id="-1319" visible="true" lat="43.831970366551" lon="-72.292267476904">
    <tag k="addr:city" v="Thetford Center" />
    <tag k="addr:housenumber" v="2932" />
    <tag k="addr:street" v="Route 132" />
    <tag k="addr:state" v="VT" />
    <tag k="ref:vcgi:esiteid" v="259728" />
  </node>
  <node id="-1320" visible="true" lat="43.829903421851" lon="-72.239530770168">
    <tag k="addr:city" v="Thetford Center" />
    <tag k="addr:housenumber" v="247" />
    <tag k="addr:street" v="Camp Farnsworth Road" />
    <tag k="addr:state" v="VT" />
    <tag k="ref:vcgi:esiteid" v="259729" />
  </node>
  <node id="-1321" visible="true" lat="43.8263154983" lon="-72.238885261452">
    <tag k="addr:city" v="Thetford Center" />
    <tag k="addr:housenumber" v="62" />
    <tag k="addr:street" v="Camp Farnsworth Road" />
    <tag k="addr:state" v="VT" />
    <tag k="ref:vcgi:esiteid" v="259730" />
  </node>
  <node id="-1322" visible="true" lat="43.828793292648" lon="-72.237700542927">
    <tag k="addr:city" v="Thetford Center" />
    <tag k="addr:housenumber" v="299" />
    <tag k="addr:street" v="Camp Farnsworth Road" />
    <tag k="addr:state" v="VT" />
    <tag k="ref:vcgi:esiteid" v="259732" />
  </node>
  <node id="-1323" visible="true" lat="43.828965511739" lon="-72.238511201789">
    <tag k="addr:city" v="Thetford Center" />
    <tag k="addr:housenumber" v="245" />
    <tag k="addr:street" v="Camp Farnsworth Road" />
    <tag k="addr:state" v="VT" />
    <tag k="ref:vcgi:esiteid" v="259733" />
  </node>
  <node id="-1324" visible="true" lat="43.829149572582" lon="-72.240695603232">
    <tag k="addr:city" v="Thetford Center" />
    <tag k="addr:housenumber" v="195" />
    <tag k="addr:street" v="Camp Farnsworth Road" />
    <tag k="addr:state" v="VT" />
    <tag k="ref:vcgi:esiteid" v="259734" />
  </node>
  <node id="-1325" visible="true" lat="43.82682734843" lon="-72.239451050213">
    <tag k="addr:city" v="Thetford Center" />
    <tag k="addr:housenumber" v="129" />
    <tag k="addr:street" v="Camp Farnsworth Road" />
    <tag k="addr:state" v="VT" />
    <tag k="ref:vcgi:esiteid" v="259735" />
  </node>
  <node id="-1326" visible="true" lat="43.834752408907" lon="-72.232682343182">
    <tag k="addr:city" v="Thetford Center" />
    <tag k="addr:housenumber" v="723" />
    <tag k="addr:street" v="Mud Pond Road" />
    <tag k="addr:state" v="VT" />
    <tag k="ref:vcgi:esiteid" v="259736" />
  </node>
  <node id="-1327" visible="true" lat="43.810003758772" lon="-72.20893224824">
    <tag k="addr:city" v="East Thetford" />
    <tag k="addr:housenumber" v="125" />
    <tag k="addr:street" v="Asa Burton Road" />
    <tag k="addr:state" v="VT" />
    <tag k="ref:vcgi:esiteid" v="259737" />
  </node>
  <node id="-1328" visible="true" lat="43.806954631394" lon="-72.190833663602">
    <tag k="addr:city" v="East Thetford" />
    <tag k="addr:housenumber" v="6" />
    <tag k="addr:street" v="All Seasons Drive" />
    <tag k="addr:state" v="VT" />
    <tag k="ref:vcgi:esiteid" v="259738" />
  </node>
  <node id="-1329" visible="true" lat="43.805727040651" lon="-72.19206049312">
    <tag k="addr:city" v="East Thetford" />
    <tag k="addr:housenumber" v="116" />
    <tag k="addr:street" v="All Seasons Drive" />
    <tag k="addr:state" v="VT" />
    <tag k="ref:vcgi:esiteid" v="259739" />
  </node>
  <node id="-1330" visible="true" lat="43.806634312401" lon="-72.191907904187">
    <tag k="addr:city" v="East Thetford" />
    <tag k="addr:housenumber" v="130" />
    <tag k="addr:street" v="All Seasons Drive" />
    <tag k="addr:state" v="VT" />
    <tag k="ref:vcgi:esiteid" v="259740" />
  </node>
  <node id="-1331" visible="true" lat="43.803037850454" lon="-72.193176426254">
    <tag k="addr:city" v="East Thetford" />
    <tag k="addr:housenumber" v="19" />
    <tag k="addr:street" v="Rock Pine Drive" />
    <tag k="addr:state" v="VT" />
    <tag k="ref:vcgi:esiteid" v="259741" />
  </node>
  <node id="-1332" visible="true" lat="43.803517427622" lon="-72.193644053101">
    <tag k="addr:city" v="East Thetford" />
    <tag k="addr:housenumber" v="87" />
    <tag k="addr:street" v="Rock Pine Drive" />
    <tag k="addr:state" v="VT" />
    <tag k="ref:vcgi:esiteid" v="259742" />
  </node>
  <node id="-1333" visible="true" lat="43.787423801867" lon="-72.257916852172">
    <tag k="addr:city" v="Thetford Center" />
    <tag k="addr:housenumber" v="2" />
    <tag k="addr:street" v="Route 132" />
    <tag k="addr:state" v="VT" />
    <tag k="ref:vcgi:esiteid" v="259743" />
  </node>
  <node id="-1334" visible="true" lat="43.787258378299" lon="-72.230383842923">
    <tag k="addr:city" v="East Thetford" />
    <tag k="addr:housenumber" v="2073" />
    <tag k="addr:street" v="Godfrey Road" />
    <tag k="addr:state" v="VT" />
    <tag k="ref:vcgi:esiteid" v="259744" />
  </node>
  <node id="-1335" visible="true" lat="43.889549667056" lon="-72.24907726386">
    <tag k="addr:city" v="Fairlee" />
    <tag k="addr:housenumber" v="91" />
    <tag k="addr:street" v="Macs Way" />
    <tag k="addr:state" v="VT" />
    <tag k="ref:vcgi:esiteid" v="259746" />
  </node>
  <node id="-1336" visible="true" lat="43.833913483453" lon="-72.202458661945">
    <tag k="addr:city" v="East Thetford" />
    <tag k="addr:housenumber" v="71" />
    <tag k="addr:street" v="Makala's Way" />
    <tag k="addr:state" v="VT" />
    <tag k="ref:vcgi:esiteid" v="259747" />
  </node>
  <node id="-1337" visible="true" lat="43.839638807791" lon="-72.200026902212">
    <tag k="addr:city" v="East Thetford" />
    <tag k="addr:housenumber" v="420" />
    <tag k="addr:street" v="Schoolhouse Hill Road" />
    <tag k="addr:state" v="VT" />
    <tag k="ref:vcgi:esiteid" v="259748" />
  </node>
  <node id="-1338" visible="true" lat="43.820912197295" lon="-72.237061749586">
    <tag k="addr:city" v="Thetford" />
    <tag k="addr:housenumber" v="2833" />
    <tag k="addr:street" v="Vermont Route 113" />
    <tag k="addr:state" v="VT" />
    <tag k="ref:vcgi:esiteid" v="259749" />
  </node>
  <node id="-1339" visible="true" lat="43.821040522573" lon="-72.238383288256">
    <tag k="addr:city" v="Thetford" />
    <tag k="addr:housenumber" v="2835" />
    <tag k="addr:street" v="Vermont Route 113" />
    <tag k="addr:state" v="VT" />
    <tag k="ref:vcgi:esiteid" v="259750" />
  </node>
  <node id="-1340" visible="true" lat="43.82050081642" lon="-72.238615584068">
    <tag k="addr:city" v="Thetford" />
    <tag k="addr:housenumber" v="2837" />
    <tag k="addr:street" v="Vermont Route 113" />
    <tag k="addr:state" v="VT" />
    <tag k="ref:vcgi:esiteid" v="259751" />
  </node>
  <node id="-1341" visible="true" lat="43.817505216573" lon="-72.229833906533">
    <tag k="addr:city" v="Thetford" />
    <tag k="addr:housenumber" v="104" />
    <tag k="addr:street" v="Academy Road" />
    <tag k="addr:state" v="VT" />
    <tag k="ref:vcgi:esiteid" v="259752" />
  </node>
  <node id="-1342" visible="true" lat="43.816484537877" lon="-72.218765915065">
    <tag k="addr:city" v="East Thetford" />
    <tag k="addr:housenumber" v="192" />
    <tag k="addr:street" v="Apple Tree Road" />
    <tag k="addr:state" v="VT" />
    <tag k="ref:vcgi:esiteid" v="259753" />
  </node>
  <node id="-1343" visible="true" lat="43.880824597629" lon="-72.215483571529">
    <tag k="addr:city" v="Fairlee" />
    <tag k="addr:housenumber" v="139" />
    <tag k="addr:street" v="Denison Lane" />
    <tag k="addr:state" v="VT" />
    <tag k="ref:vcgi:esiteid" v="259754" />
  </node>
  <node id="-1344" visible="true" lat="43.880614789171" lon="-72.215430164998">
    <tag k="addr:city" v="Fairlee" />
    <tag k="addr:housenumber" v="153" />
    <tag k="addr:street" v="Denison Lane" />
    <tag k="addr:state" v="VT" />
    <tag k="ref:vcgi:esiteid" v="259755" />
  </node>
  <node id="-1345" visible="true" lat="43.880852988163" lon="-72.215966086044">
    <tag k="addr:city" v="Fairlee" />
    <tag k="addr:housenumber" v="146" />
    <tag k="addr:street" v="Denison Lane" />
    <tag k="addr:state" v="VT" />
    <tag k="ref:vcgi:esiteid" v="259756" />
  </node>
  <node id="-1346" visible="true" lat="43.839534262666" lon="-72.193706537899">
    <tag k="addr:city" v="East Thetford" />
    <tag k="addr:housenumber" v="80" />
    <tag k="addr:street" v="Schoolhouse Hill Road" />
    <tag k="addr:state" v="VT" />
    <tag k="ref:vcgi:esiteid" v="259757" />
  </node>
  <node id="-1347" visible="true" lat="43.781751811571" lon="-72.20815218152">
    <tag k="addr:city" v="East Thetford" />
    <tag k="addr:housenumber" v="87" />
    <tag k="addr:street" v="Rabbit Road" />
    <tag k="addr:state" v="VT" />
    <tag k="ref:vcgi:esiteid" v="259758" />
  </node>
  <node id="-1348" visible="true" lat="43.816609216586" lon="-72.197683367811">
    <tag k="addr:city" v="East Thetford" />
    <tag k="addr:housenumber" v="440" />
    <tag k="addr:street" v="Cadwell Road" />
    <tag k="addr:state" v="VT" />
    <tag k="ref:vcgi:esiteid" v="259759" />
  </node>
  <node id="-1349" visible="true" lat="43.793273566799" lon="-72.231401373531">
    <tag k="addr:city" v="East Thetford" />
    <tag k="addr:housenumber" v="339" />
    <tag k="addr:street" v="Burnham Road" />
    <tag k="addr:state" v="VT" />
    <tag k="ref:vcgi:esiteid" v="259760" />
  </node>
  <node id="-1350" visible="true" lat="43.835365360861" lon="-72.246723232887">
    <tag k="addr:city" v="Thetford Center" />
    <tag k="addr:housenumber" v="25" />
    <tag k="addr:street" v="Hill Drive" />
    <tag k="addr:state" v="VT" />
    <tag k="ref:vcgi:esiteid" v="259761" />
  </node>
  <node id="-1351" visible="true" lat="43.803598214025" lon="-72.195242265369">
    <tag k="addr:city" v="East Thetford" />
    <tag k="addr:housenumber" v="199" />
    <tag k="addr:street" v="Rock Pine Drive" />
    <tag k="addr:state" v="VT" />
    <tag k="ref:vcgi:esiteid" v="259762" />
  </node>
  <node id="-1352" visible="true" lat="43.8351854729" lon="-72.270656287162">
    <tag k="addr:city" v="Thetford Center" />
    <tag k="addr:housenumber" v="954" />
    <tag k="addr:street" v="Poor Farm Road South" />
    <tag k="addr:state" v="VT" />
    <tag k="ref:vcgi:esiteid" v="259763" />
  </node>
  <node id="-1354" visible="true" lat="43.804891505559" lon="-72.192806570597">
    <tag k="addr:city" v="East Thetford" />
    <tag k="addr:housenumber" v="2525" />
    <tag k="addr:street" v="United States Route 5" />
    <tag k="addr:state" v="VT" />
    <tag k="ref:vcgi:esiteid" v="259765" />
  </node>
  <node id="-1355" visible="true" lat="43.857805696725" lon="-72.282586824491">
    <tag k="addr:city" v="Thetford Center" />
    <tag k="addr:housenumber" v="397" />
    <tag k="addr:street" v="Pero Hill Road" />
    <tag k="addr:state" v="VT" />
    <tag k="ref:vcgi:esiteid" v="259766" />
  </node>
  <node id="-1356" visible="true" lat="43.839251024062" lon="-72.19666137803">
    <tag k="addr:city" v="East Thetford" />
    <tag k="addr:housenumber" v="227" />
    <tag k="addr:street" v="Schoolhouse Hill Road" />
    <tag k="addr:state" v="VT" />
    <tag k="ref:vcgi:esiteid" v="259767" />
  </node>
  <node id="-1357" visible="true" lat="43.809685457432" lon="-72.203783196324">
    <tag k="addr:city" v="East Thetford" />
    <tag k="addr:housenumber" v="559" />
    <tag k="addr:street" v="Asa Burton Road" />
    <tag k="addr:state" v="VT" />
    <tag k="ref:vcgi:esiteid" v="259768" />
  </node>
  <node id="-1358" visible="true" lat="43.794646134306" lon="-72.209192377357">
    <tag k="addr:city" v="East Thetford" />
    <tag k="addr:housenumber" v="619" />
    <tag k="addr:street" v="Quail John Road" />
    <tag k="addr:state" v="VT" />
    <tag k="ref:vcgi:esiteid" v="259769" />
  </node>
  <node id="-1359" visible="true" lat="43.804876069962" lon="-72.270778324052">
    <tag k="addr:city" v="Thetford Center" />
    <tag k="addr:housenumber" v="647" />
    <tag k="addr:street" v="Route 132" />
    <tag k="addr:state" v="VT" />
    <tag k="ref:vcgi:esiteid" v="259770" />
  </node>
  <node id="-1360" visible="true" lat="43.833774507227" lon="-72.321457321329">
    <tag k="addr:city" v="Thetford Center" />
    <tag k="addr:housenumber" v="4470" />
    <tag k="addr:street" v="Route 132" />
    <tag k="addr:state" v="VT" />
    <tag k="ref:vcgi:esiteid" v="259771" />
  </node>
  <node id="-1361" visible="true" lat="43.827011519886" lon="-72.271844789688">
    <tag k="addr:city" v="Thetford Center" />
    <tag k="addr:housenumber" v="401" />
    <tag k="addr:street" v="Poor Farm Road South" />
    <tag k="addr:state" v="VT" />
    <tag k="ref:vcgi:esiteid" v="259772" />
  </node>
  <node id="-1362" visible="true" lat="43.828042655415" lon="-72.260402912877">
    <tag k="addr:city" v="Thetford Center" />
    <tag k="addr:housenumber" v="781" />
    <tag k="addr:street" v="Tucker Hill Road" />
    <tag k="addr:state" v="VT" />
    <tag k="ref:vcgi:esiteid" v="259773" />
  </node>
  <node id="-1363" visible="true" lat="43.828309809082" lon="-72.301398077597">
    <tag k="addr:city" v="Thetford Center" />
    <tag k="addr:housenumber" v="134" />
    <tag k="addr:street" v="Upper Bailey Road" />
    <tag k="addr:state" v="VT" />
    <tag k="ref:vcgi:esiteid" v="259774" />
  </node>
  <node id="-1364" visible="true" lat="43.89068374685" lon="-72.238555217233">
    <tag k="addr:city" v="Fairlee" />
    <tag k="addr:housenumber" v="112" />
    <tag k="addr:street" v="Fields Point Lane" />
    <tag k="addr:state" v="VT" />
    <tag k="ref:vcgi:esiteid" v="259775" />
  </node>
  <node id="-1365" visible="true" lat="43.793870630421" lon="-72.220334451009">
    <tag k="addr:city" v="East Thetford" />
    <tag k="addr:housenumber" v="237" />
    <tag k="addr:street" v="Old Stone Road" />
    <tag k="addr:state" v="VT" />
    <tag k="ref:vcgi:esiteid" v="259776" />
  </node>
  <node id="-1366" visible="true" lat="43.785922465861" lon="-72.213289605709">
    <tag k="addr:city" v="East Thetford" />
    <tag k="addr:housenumber" v="692" />
    <tag k="addr:street" v="Stevens Road" />
    <tag k="addr:state" v="VT" />
    <tag k="ref:vcgi:esiteid" v="259777" />
  </node>
  <node id="-1367" visible="true" lat="43.794211805513" lon="-72.282635758602">
    <tag k="addr:city" v="Thetford Center" />
    <tag k="addr:housenumber" v="1281" />
    <tag k="addr:street" v="Stowell Road" />
    <tag k="addr:state" v="VT" />
    <tag k="ref:vcgi:esiteid" v="259778" />
  </node>
  <node id="-1368" visible="true" lat="43.878319864435" lon="-72.266603209294">
    <tag k="addr:city" v="Post Mills" />
    <tag k="addr:housenumber" v="252" />
    <tag k="addr:street" v="Barker Road" />
    <tag k="addr:state" v="VT" />
    <tag k="ref:vcgi:esiteid" v="259779" />
  </node>
  <node id="-1369" visible="true" lat="43.852691977034" lon="-72.263445285974">
    <tag k="addr:city" v="Thetford Center" />
    <tag k="addr:housenumber" v="569" />
    <tag k="addr:street" v="Sawnee Bean Road" />
    <tag k="addr:state" v="VT" />
    <tag k="ref:vcgi:esiteid" v="259780" />
  </node>
  <node id="-1370" visible="true" lat="43.831449220967" lon="-72.299693258318">
    <tag k="addr:city" v="Thetford Center" />
    <tag k="addr:housenumber" v="520" />
    <tag k="addr:street" v="Lower Bailey Road" />
    <tag k="addr:state" v="VT" />
    <tag k="ref:vcgi:esiteid" v="259781" />
  </node>
  <node id="-1371" visible="true" lat="43.896970612072" lon="-72.261694429091">
    <tag k="addr:city" v="Post Mills" />
    <tag k="addr:housenumber" v="8785" />
    <tag k="addr:street" v="Vermont Route 113" />
    <tag k="addr:state" v="VT" />
    <tag k="ref:vcgi:esiteid" v="259782" />
  </node>
  <node id="-1372" visible="true" lat="43.803948183293" lon="-72.212152082711">
    <tag k="addr:city" v="East Thetford" />
    <tag k="addr:housenumber" v="219" />
    <tag k="addr:street" v="Chiott Drive" />
    <tag k="addr:state" v="VT" />
    <tag k="ref:vcgi:esiteid" v="259783" />
  </node>
  <node id="-1373" visible="true" lat="43.822427050033" lon="-72.279981199773">
    <tag k="addr:city" v="Thetford Center" />
    <tag k="addr:housenumber" v="1968" />
    <tag k="addr:street" v="Tucker Hill Road" />
    <tag k="addr:state" v="VT" />
    <tag k="ref:vcgi:esiteid" v="259784" />
  </node>
  <node id="-1374" visible="true" lat="43.8262656241" lon="-72.266212880865">
    <tag k="addr:city" v="Thetford Center" />
    <tag k="addr:housenumber" v="1038" />
    <tag k="addr:street" v="Tucker Hill Road" />
    <tag k="addr:state" v="VT" />
    <tag k="ref:vcgi:esiteid" v="259785" />
  </node>
  <node id="-1375" visible="true" lat="43.801725555768" lon="-72.296022242672">
    <tag k="addr:city" v="Thetford Center" />
    <tag k="addr:housenumber" v="384" />
    <tag k="addr:street" v="Norford Lake Road" />
    <tag k="addr:state" v="VT" />
    <tag k="ref:vcgi:esiteid" v="259786" />
  </node>
  <node id="-1376" visible="true" lat="43.797528930577" lon="-72.292278708133">
    <tag k="addr:city" v="Thetford Center" />
    <tag k="addr:housenumber" v="90" />
    <tag k="addr:street" v="Norford Lake Road" />
    <tag k="addr:state" v="VT" />
    <tag k="ref:vcgi:esiteid" v="259787" />
  </node>
  <node id="-1377" visible="true" lat="43.889966356195" lon="-72.23971116999">
    <tag k="addr:city" v="Fairlee" />
    <tag k="addr:housenumber" v="84" />
    <tag k="addr:street" v="Fields Point Lane" />
    <tag k="addr:state" v="VT" />
    <tag k="ref:vcgi:esiteid" v="259788" />
  </node>
  <node id="-1378" visible="true" lat="43.837980237781" lon="-72.25943733352">
    <tag k="addr:city" v="Thetford Center" />
    <tag k="addr:housenumber" v="495" />
    <tag k="addr:street" v="Whippoorwill Road" />
    <tag k="addr:state" v="VT" />
    <tag k="ref:vcgi:esiteid" v="259789" />
  </node>
  <node id="-1379" visible="true" lat="43.809416473296" lon="-72.273152332842">
    <tag k="addr:city" v="Thetford Center" />
    <tag k="addr:housenumber" v="1021" />
    <tag k="addr:street" v="Route 132" />
    <tag k="addr:state" v="VT" />
    <tag k="ref:vcgi:esiteid" v="259790" />
  </node>
  <node id="-1380" visible="true" lat="43.835891155409" lon="-72.229856072714">
    <tag k="addr:city" v="Thetford Center" />
    <tag k="addr:housenumber" v="860" />
    <tag k="addr:street" v="Mud Pond Road" />
    <tag k="addr:state" v="VT" />
    <tag k="ref:vcgi:esiteid" v="259792" />
  </node>
  <node id="-1381" visible="true" lat="43.82124369821" lon="-72.213230217827">
    <tag k="addr:city" v="East Thetford" />
    <tag k="addr:housenumber" v="610" />
    <tag k="addr:street" v="Garey Road" />
    <tag k="addr:state" v="VT" />
    <tag k="ref:vcgi:esiteid" v="259793" />
  </node>
  <node id="-1382" visible="true" lat="43.839250783181" lon="-72.204247064962">
    <tag k="addr:city" v="East Thetford" />
    <tag k="addr:housenumber" v="188" />
    <tag k="addr:street" v="Van Norden Road" />
    <tag k="addr:state" v="VT" />
    <tag k="ref:vcgi:esiteid" v="259794" />
  </node>
  <node id="-1383" visible="true" lat="43.860345499747" lon="-72.285475768915">
    <tag k="addr:city" v="Thetford Center" />
    <tag k="addr:housenumber" v="416" />
    <tag k="addr:street" v="Pero Hill Road" />
    <tag k="addr:state" v="VT" />
    <tag k="ref:vcgi:esiteid" v="259795" />
  </node>
  <node id="-1384" visible="true" lat="43.864150878243" lon="-72.186969940843">
    <tag k="addr:city" v="Fairlee" />
    <tag k="addr:housenumber" v="86" />
    <tag k="addr:street" v="Newton Lane" />
    <tag k="addr:state" v="VT" />
    <tag k="ref:vcgi:esiteid" v="259796" />
  </node>
  <node id="-1385" visible="true" lat="43.823300942889" lon="-72.273482749143">
    <tag k="addr:city" v="Thetford Center" />
    <tag k="addr:housenumber" v="217" />
    <tag k="addr:street" v="Poor Farm Road South" />
    <tag k="addr:state" v="VT" />
    <tag k="ref:vcgi:esiteid" v="259797" />
  </node>
  <node id="-1386" visible="true" lat="43.815941550387" lon="-72.210285572017">
    <tag k="addr:city" v="East Thetford" />
    <tag k="addr:housenumber" v="300" />
    <tag k="addr:street" v="Rest N Nest Drive North" />
    <tag k="addr:state" v="VT" />
    <tag k="ref:vcgi:esiteid" v="259798" />
  </node>
  <node id="-1387" visible="true" lat="43.792899967581" lon="-72.265526437963">
    <tag k="addr:city" v="Thetford Center" />
    <tag k="addr:housenumber" v="297" />
    <tag k="addr:street" v="Stowell Road" />
    <tag k="addr:state" v="VT" />
    <tag k="ref:vcgi:esiteid" v="259799" />
  </node>
  <node id="-1388" visible="true" lat="43.788606222003" lon="-72.254478006552">
    <tag k="addr:city" v="East Thetford" />
    <tag k="addr:housenumber" v="81" />
    <tag k="addr:street" v="Main Street" />
    <tag k="addr:state" v="VT" />
    <tag k="ref:vcgi:esiteid" v="259800" />
  </node>
  <node id="-1389" visible="true" lat="43.877350195272" lon="-72.263218652761">
    <tag k="addr:city" v="Post Mills" />
    <tag k="addr:housenumber" v="7355" />
    <tag k="addr:street" v="Vermont Route 113" />
    <tag k="addr:state" v="VT" />
    <tag k="ref:vcgi:esiteid" v="259801" />
  </node>
  <node id="-1390" visible="true" lat="43.837837822804" lon="-72.245599353345">
    <tag k="addr:city" v="Thetford Center" />
    <tag k="addr:housenumber" v="4376" />
    <tag k="addr:street" v="Vermont Route 113" />
    <tag k="addr:state" v="VT" />
    <tag k="ref:vcgi:esiteid" v="259802" />
  </node>
  <node id="-1391" visible="true" lat="43.833636031845" lon="-72.318111320946">
    <tag k="addr:city" v="Thetford Center" />
    <tag k="addr:housenumber" v="4322" />
    <tag k="addr:street" v="Route 132" />
    <tag k="addr:state" v="VT" />
    <tag k="ref:vcgi:esiteid" v="259803" />
  </node>
  <node id="-1392" visible="true" lat="43.82421314713" lon="-72.264947754305">
    <tag k="addr:city" v="Thetford Center" />
    <tag k="addr:housenumber" v="1153" />
    <tag k="addr:street" v="Tucker Hill Road" />
    <tag k="addr:state" v="VT" />
    <tag k="ref:vcgi:esiteid" v="259805" />
  </node>
  <node id="-1393" visible="true" lat="43.81945824933" lon="-72.282170378911">
    <tag k="addr:city" v="Thetford Center" />
    <tag k="addr:housenumber" v="22" />
    <tag k="addr:street" v="Patsy Lane" />
    <tag k="addr:state" v="VT" />
    <tag k="ref:vcgi:esiteid" v="259806" />
  </node>
  <node id="-1394" visible="true" lat="43.81851801503" lon="-72.280709935077">
    <tag k="addr:city" v="Thetford Center" />
    <tag k="addr:housenumber" v="91" />
    <tag k="addr:street" v="Patsy Lane" />
    <tag k="addr:state" v="VT" />
    <tag k="ref:vcgi:esiteid" v="259807" />
  </node>
  <node id="-1395" visible="true" lat="43.817037576126" lon="-72.281867100611">
    <tag k="addr:city" v="Thetford Center" />
    <tag k="addr:housenumber" v="95" />
    <tag k="addr:street" v="Patsy Lane" />
    <tag k="addr:state" v="VT" />
    <tag k="ref:vcgi:esiteid" v="259808" />
  </node>
  <node id="-1396" visible="true" lat="43.817824174187" lon="-72.282686638204">
    <tag k="addr:city" v="Thetford Center" />
    <tag k="addr:housenumber" v="102" />
    <tag k="addr:street" v="Patsy Lane" />
    <tag k="addr:state" v="VT" />
    <tag k="ref:vcgi:esiteid" v="259809" />
  </node>
  <node id="-1397" visible="true" lat="43.831363729024" lon="-72.289160888729">
    <tag k="addr:city" v="Thetford Center" />
    <tag k="addr:housenumber" v="189" />
    <tag k="addr:street" v="Jackson Brook Road" />
    <tag k="addr:state" v="VT" />
    <tag k="ref:vcgi:esiteid" v="259810" />
  </node>
  <node id="-1398" visible="true" lat="43.828926210453" lon="-72.224032271606">
    <tag k="addr:city" v="Thetford Center" />
    <tag k="addr:housenumber" v="744" />
    <tag k="addr:street" v="Houghton Hill Road" />
    <tag k="addr:state" v="VT" />
    <tag k="ref:vcgi:esiteid" v="259811" />
  </node>
  <node id="-1399" visible="true" lat="43.82813696499" lon="-72.224708180332">
    <tag k="addr:city" v="Thetford Center" />
    <tag k="addr:housenumber" v="726" />
    <tag k="addr:street" v="Houghton Hill Road" />
    <tag k="addr:state" v="VT" />
    <tag k="ref:vcgi:esiteid" v="259812" />
  </node>
  <node id="-1400" visible="true" lat="43.825488654525" lon="-72.207794343088">
    <tag k="addr:city" v="East Thetford" />
    <tag k="addr:housenumber" v="10" />
    <tag k="addr:street" v="Alton Drive" />
    <tag k="addr:state" v="VT" />
    <tag k="ref:vcgi:esiteid" v="259813" />
  </node>
  <node id="-1401" visible="true" lat="43.826038867026" lon="-72.207579378361">
    <tag k="addr:city" v="East Thetford" />
    <tag k="addr:housenumber" v="15" />
    <tag k="addr:street" v="Alton Drive" />
    <tag k="addr:state" v="VT" />
    <tag k="ref:vcgi:esiteid" v="259814" />
  </node>
  <node id="-1402" visible="true" lat="43.82560289038" lon="-72.205808145066">
    <tag k="addr:city" v="East Thetford" />
    <tag k="addr:housenumber" v="98" />
    <tag k="addr:street" v="Alton Drive" />
    <tag k="addr:state" v="VT" />
    <tag k="ref:vcgi:esiteid" v="259815" />
  </node>
  <node id="-1403" visible="true" lat="43.826083555962" lon="-72.20449433015">
    <tag k="addr:city" v="East Thetford" />
    <tag k="addr:housenumber" v="101" />
    <tag k="addr:street" v="Alton Drive" />
    <tag k="addr:state" v="VT" />
    <tag k="ref:vcgi:esiteid" v="259816" />
  </node>
  <node id="-1404" visible="true" lat="43.818940191885" lon="-72.196548557612">
    <tag k="addr:city" v="East Thetford" />
    <tag k="addr:housenumber" v="301" />
    <tag k="addr:street" v="Sanborn Road" />
    <tag k="addr:state" v="VT" />
    <tag k="ref:vcgi:esiteid" v="259817" />
  </node>
  <node id="-1405" visible="true" lat="43.809934194809" lon="-72.308266623206">
    <tag k="addr:city" v="Thetford Center" />
    <tag k="addr:housenumber" v="678" />
    <tag k="addr:street" v="Picknell Road" />
    <tag k="addr:state" v="VT" />
    <tag k="ref:vcgi:esiteid" v="259819" />
  </node>
  <node id="-1406" visible="true" lat="43.803401349062" lon="-72.27030319842">
    <tag k="addr:city" v="Thetford Center" />
    <tag k="addr:housenumber" v="585" />
    <tag k="addr:street" v="Route 132" />
    <tag k="addr:state" v="VT" />
    <tag k="ref:vcgi:esiteid" v="259821" />
  </node>
  <node id="-1407" visible="true" lat="43.805660520705" lon="-72.26806008434">
    <tag k="addr:city" v="Thetford Center" />
    <tag k="addr:housenumber" v="638" />
    <tag k="addr:street" v="Route 132" />
    <tag k="addr:state" v="VT" />
    <tag k="ref:vcgi:esiteid" v="259822" />
  </node>
  <node id="-1408" visible="true" lat="43.798517654314" lon="-72.293293933001">
    <tag k="addr:city" v="Thetford Center" />
    <tag k="addr:housenumber" v="98" />
    <tag k="addr:street" v="Norford Lake Road" />
    <tag k="addr:state" v="VT" />
    <tag k="ref:vcgi:esiteid" v="259823" />
  </node>
  <node id="-1409" visible="true" lat="43.796877017196" lon="-72.292088640603">
    <tag k="addr:city" v="Thetford Center" />
    <tag k="addr:housenumber" v="1776" />
    <tag k="addr:street" v="Stowell Road" />
    <tag k="addr:state" v="VT" />
    <tag k="ref:vcgi:esiteid" v="259824" />
  </node>
  <node id="-1410" visible="true" lat="43.795906091469" lon="-72.280050735847">
    <tag k="addr:city" v="Thetford Center" />
    <tag k="addr:housenumber" v="1100" />
    <tag k="addr:street" v="Stowell Road" />
    <tag k="addr:state" v="VT" />
    <tag k="ref:vcgi:esiteid" v="259825" />
  </node>
  <node id="-1411" visible="true" lat="43.814628120864" lon="-72.276663127871">
    <tag k="addr:city" v="Thetford Center" />
    <tag k="addr:housenumber" v="1435" />
    <tag k="addr:street" v="Route 132" />
    <tag k="addr:state" v="VT" />
    <tag k="ref:vcgi:esiteid" v="259826" />
  </node>
  <node id="-1412" visible="true" lat="43.810032430203" lon="-72.204941421493">
    <tag k="addr:city" v="East Thetford" />
    <tag k="addr:housenumber" v="423" />
    <tag k="addr:street" v="Asa Burton Road" />
    <tag k="addr:state" v="VT" />
    <tag k="ref:vcgi:esiteid" v="259827" />
  </node>
  <node id="-1413" visible="true" lat="43.833409385414" lon="-72.251414923124">
    <tag k="addr:city" v="Thetford Center" />
    <tag k="addr:housenumber" v="168" />
    <tag k="addr:street" v="Tucker Hill Road" />
    <tag k="addr:state" v="VT" />
    <tag k="ref:vcgi:esiteid" v="259828" />
  </node>
  <node id="-1414" visible="true" lat="43.809291842056" lon="-72.192438236318">
    <tag k="addr:city" v="East Thetford" />
    <tag k="addr:housenumber" v="215" />
    <tag k="addr:street" v="High Ridge Lane" />
    <tag k="addr:state" v="VT" />
    <tag k="ref:vcgi:esiteid" v="259832" />
  </node>
  <node id="-1415" visible="true" lat="43.811107280215" lon="-72.191474044483">
    <tag k="addr:city" v="East Thetford" />
    <tag k="addr:housenumber" v="154" />
    <tag k="addr:street" v="High Ridge Lane" />
    <tag k="addr:state" v="VT" />
    <tag k="ref:vcgi:esiteid" v="259833" />
  </node>
  <node id="-1416" visible="true" lat="43.807955086684" lon="-72.193638430986">
    <tag k="addr:city" v="East Thetford" />
    <tag k="addr:housenumber" v="147" />
    <tag k="addr:street" v="Koda Way" />
    <tag k="addr:state" v="VT" />
    <tag k="ref:vcgi:esiteid" v="259835" />
  </node>
  <node id="-1417" visible="true" lat="43.81017259879" lon="-72.206030379638">
    <tag k="addr:city" v="East Thetford" />
    <tag k="addr:housenumber" v="59" />
    <tag k="addr:street" v="Evans Road" />
    <tag k="addr:state" v="VT" />
    <tag k="ref:vcgi:esiteid" v="259836" />
  </node>
  <node id="-1418" visible="true" lat="43.79775114905" lon="-72.247870194005">
    <tag k="addr:city" v="Thetford Center" />
    <tag k="addr:housenumber" v="272" />
    <tag k="addr:street" v="Hauger Road" />
    <tag k="addr:state" v="VT" />
    <tag k="ref:vcgi:esiteid" v="259837" />
  </node>
  <node id="-1419" visible="true" lat="43.810208460418" lon="-72.20487717075">
    <tag k="addr:city" v="East Thetford" />
    <tag k="addr:housenumber" v="425" />
    <tag k="addr:street" v="Asa Burton Road" />
    <tag k="addr:state" v="VT" />
    <tag k="ref:vcgi:esiteid" v="259838" />
  </node>
  <node id="-1420" visible="true" lat="43.848335833433" lon="-72.246058084574">
    <tag k="addr:city" v="Thetford Center" />
    <tag k="addr:housenumber" v="428" />
    <tag k="addr:street" v="Five Corners Road" />
    <tag k="addr:state" v="VT" />
    <tag k="ref:vcgi:esiteid" v="259839" />
  </node>
  <node id="-1421" visible="true" lat="43.858534133129" lon="-72.258196161654">
    <tag k="addr:city" v="Thetford Center" />
    <tag k="addr:housenumber" v="43" />
    <tag k="addr:street" v="Rogers Lane" />
    <tag k="addr:state" v="VT" />
    <tag k="ref:vcgi:esiteid" v="259840" />
  </node>
  <node id="-1422" visible="true" lat="43.891642504567" lon="-72.246999205103">
    <tag k="addr:city" v="Fairlee" />
    <tag k="addr:housenumber" v="289" />
    <tag k="addr:street" v="Cross Street" />
    <tag k="addr:state" v="VT" />
    <tag k="ref:vcgi:esiteid" v="259841" />
  </node>
  <node id="-1423" visible="true" lat="43.820429387639" lon="-72.274189962443">
    <tag k="addr:city" v="Thetford Center" />
    <tag k="addr:housenumber" v="1635" />
    <tag k="addr:street" v="Tucker Hill Road" />
    <tag k="addr:state" v="VT" />
    <tag k="ref:vcgi:esiteid" v="259842" />
  </node>
  <node id="-1424" visible="true" lat="43.857176164292" lon="-72.258361976682">
    <tag k="addr:city" v="Thetford Center" />
    <tag k="addr:housenumber" v="129" />
    <tag k="addr:street" v="Rogers Lane" />
    <tag k="addr:state" v="VT" />
    <tag k="ref:vcgi:esiteid" v="259843" />
  </node>
  <node id="-1425" visible="true" lat="43.79654043328" lon="-72.290989550343">
    <tag k="addr:city" v="Thetford Center" />
    <tag k="addr:housenumber" v="1732" />
    <tag k="addr:street" v="Stowell Road" />
    <tag k="addr:state" v="VT" />
    <tag k="ref:vcgi:esiteid" v="259844" />
  </node>
  <node id="-1426" visible="true" lat="43.888833120365" lon="-72.249376953084">
    <tag k="addr:city" v="Fairlee" />
    <tag k="addr:housenumber" v="47" />
    <tag k="addr:street" v="Macs Way" />
    <tag k="addr:state" v="VT" />
    <tag k="ref:vcgi:esiteid" v="259845" />
  </node>
  <node id="-1427" visible="true" lat="43.831983583889" lon="-72.231209743857">
    <tag k="addr:city" v="Thetford Center" />
    <tag k="addr:housenumber" v="568" />
    <tag k="addr:street" v="Mud Pond Road" />
    <tag k="addr:state" v="VT" />
    <tag k="ref:vcgi:esiteid" v="259846" />
  </node>
  <node id="-1428" visible="true" lat="43.869248000867" lon="-72.259788507189">
    <tag k="addr:city" v="Thetford Center" />
    <tag k="addr:housenumber" v="6784" />
    <tag k="addr:street" v="Vermont Route 113" />
    <tag k="addr:state" v="VT" />
    <tag k="ref:vcgi:esiteid" v="259847" />
  </node>
  <node id="-1429" visible="true" lat="43.833968646365" lon="-72.316057292246">
    <tag k="addr:city" v="Thetford Center" />
    <tag k="addr:housenumber" v="4226" />
    <tag k="addr:street" v="Route 132" />
    <tag k="addr:state" v="VT" />
    <tag k="ref:vcgi:esiteid" v="259848" />
  </node>
  <node id="-1430" visible="true" lat="43.795826524693" lon="-72.225095980615">
    <tag k="addr:city" v="East Thetford" />
    <tag k="addr:housenumber" v="1408" />
    <tag k="addr:street" v="Godfrey Road" />
    <tag k="addr:state" v="VT" />
    <tag k="ref:vcgi:esiteid" v="259849" />
  </node>
  <node id="-1431" visible="true" lat="43.889209369199" lon="-72.248455873791">
    <tag k="addr:city" v="Fairlee" />
    <tag k="addr:housenumber" v="62" />
    <tag k="addr:street" v="Macs Way" />
    <tag k="addr:state" v="VT" />
    <tag k="ref:vcgi:esiteid" v="259850" />
  </node>
  <node id="-1432" visible="true" lat="43.889656301151" lon="-72.248204869739">
    <tag k="addr:city" v="Fairlee" />
    <tag k="addr:housenumber" v="100" />
    <tag k="addr:street" v="Macs Way" />
    <tag k="addr:state" v="VT" />
    <tag k="ref:vcgi:esiteid" v="259851" />
  </node>
  <node id="-1433" visible="true" lat="43.890359526745" lon="-72.24830410266">
    <tag k="addr:city" v="Fairlee" />
    <tag k="addr:housenumber" v="118" />
    <tag k="addr:street" v="Macs Way" />
    <tag k="addr:state" v="VT" />
    <tag k="ref:vcgi:esiteid" v="259852" />
  </node>
  <node id="-1434" visible="true" lat="43.812635787943" lon="-72.3110907784">
    <tag k="addr:city" v="Thetford Center" />
    <tag k="addr:housenumber" v="500" />
    <tag k="addr:street" v="Picknell Road" />
    <tag k="addr:state" v="VT" />
    <tag k="ref:vcgi:esiteid" v="259853" />
  </node>
  <node id="-1435" visible="true" lat="43.811946155901" lon="-72.326035260995">
    <tag k="addr:city" v="Thetford Center" />
    <tag k="addr:housenumber" v="376" />
    <tag k="addr:street" v="New Boston Road" />
    <tag k="addr:state" v="VT" />
    <tag k="ref:vcgi:esiteid" v="259854" />
  </node>
  <node id="-1436" visible="true" lat="43.812781640299" lon="-72.222710964942">
    <tag k="addr:city" v="East Thetford" />
    <tag k="addr:housenumber" v="200" />
    <tag k="addr:street" v="Godfrey Road" />
    <tag k="addr:state" v="VT" />
    <tag k="ref:vcgi:esiteid" v="259855" />
  </node>
  <node id="-1437" visible="true" lat="43.823453936405" lon="-72.267509589397">
    <tag k="addr:city" v="Thetford Center" />
    <tag k="addr:housenumber" v="1225" />
    <tag k="addr:street" v="Tucker Hill Road" />
    <tag k="addr:state" v="VT" />
    <tag k="ref:vcgi:esiteid" v="259856" />
  </node>
  <node id="-1438" visible="true" lat="43.831479315635" lon="-72.281797349932">
    <tag k="addr:city" v="Thetford Center" />
    <tag k="addr:housenumber" v="451" />
    <tag k="addr:street" v="Ulman Road" />
    <tag k="addr:state" v="VT" />
    <tag k="ref:vcgi:esiteid" v="259857" />
  </node>
  <node id="-1439" visible="true" lat="43.844293050861" lon="-72.312624345613">
    <tag k="addr:city" v="Thetford Center" />
    <tag k="addr:housenumber" v="710" />
    <tag k="addr:street" v="Miller Pond Road" />
    <tag k="addr:state" v="VT" />
    <tag k="ref:vcgi:esiteid" v="259858" />
  </node>
  <node id="-1440" visible="true" lat="43.851529911709" lon="-72.264021964179">
    <tag k="addr:city" v="Thetford Center" />
    <tag k="addr:housenumber" v="567" />
    <tag k="addr:street" v="Sawnee Bean Road" />
    <tag k="addr:state" v="VT" />
    <tag k="ref:vcgi:esiteid" v="259859" />
  </node>
  <node id="-1441" visible="true" lat="43.864963266174" lon="-72.23431560451">
    <tag k="addr:city" v="Fairlee" />
    <tag k="addr:housenumber" v="570" />
    <tag k="addr:street" v="Turnpike Road North" />
    <tag k="addr:state" v="VT" />
    <tag k="ref:vcgi:esiteid" v="259860" />
  </node>
  <node id="-1442" visible="true" lat="43.858573181244" lon="-72.280911217456">
    <tag k="addr:city" v="Thetford Center" />
    <tag k="addr:housenumber" v="350" />
    <tag k="addr:street" v="Pero Hill Road" />
    <tag k="addr:state" v="VT" />
    <tag k="ref:vcgi:esiteid" v="259861" />
  </node>
  <node id="-1443" visible="true" lat="43.809720680752" lon="-72.223192672487">
    <tag k="addr:city" v="East Thetford" />
    <tag k="addr:housenumber" v="428" />
    <tag k="addr:street" v="Godfrey Road" />
    <tag k="addr:state" v="VT" />
    <tag k="ref:vcgi:esiteid" v="259862" />
  </node>
  <node id="-1444" visible="true" lat="43.876382198408" lon="-72.226822689102">
    <tag k="addr:city" v="Fairlee" />
    <tag k="addr:housenumber" v="300" />
    <tag k="addr:street" v="Quinibeck Road" />
    <tag k="addr:state" v="VT" />
    <tag k="ref:vcgi:esiteid" v="259863" />
  </node>
  <node id="-1469" visible="true" lat="43.882060279553" lon="-72.236844480294">
    <tag k="addr:city" v="Fairlee" />
    <tag k="addr:housenumber" v="126" />
    <tag k="addr:street" v="Birch Point Lane" />
    <tag k="addr:state" v="VT" />
    <tag k="ref:vcgi:esiteid" v="259892" />
  </node>
  <node id="-1470" visible="true" lat="43.862805655272" lon="-72.279641317124">
    <tag k="addr:city" v="Thetford Center" />
    <tag k="addr:housenumber" v="436" />
    <tag k="addr:street" v="Colby Road South" />
    <tag k="addr:state" v="VT" />
    <tag k="ref:vcgi:esiteid" v="259893" />
  </node>
  <node id="-1471" visible="true" lat="43.86320841197" lon="-72.275923632092">
    <tag k="addr:city" v="Thetford Center" />
    <tag k="addr:housenumber" v="1605" />
    <tag k="addr:street" v="Sawnee Bean Road" />
    <tag k="addr:state" v="VT" />
    <tag k="ref:vcgi:esiteid" v="259894" />
  </node>
  <node id="-1472" visible="true" lat="43.843003575623" lon="-72.312370686734">
    <tag k="addr:city" v="Thetford Center" />
    <tag k="addr:housenumber" v="632" />
    <tag k="addr:street" v="Miller Pond Road" />
    <tag k="addr:state" v="VT" />
    <tag k="ref:vcgi:esiteid" v="259895" />
  </node>
  <node id="-1473" visible="true" lat="43.836362403861" lon="-72.270458645621">
    <tag k="addr:city" v="Thetford Center" />
    <tag k="addr:housenumber" v="1056" />
    <tag k="addr:street" v="Poor Farm Road South" />
    <tag k="addr:state" v="VT" />
    <tag k="ref:vcgi:esiteid" v="259896" />
  </node>
  <node id="-1474" visible="true" lat="43.844333960031" lon="-72.272345090647">
    <tag k="addr:city" v="Thetford Center" />
    <tag k="addr:housenumber" v="1564" />
    <tag k="addr:street" v="Poor Farm Road South" />
    <tag k="addr:state" v="VT" />
    <tag k="ref:vcgi:esiteid" v="259897" />
  </node>
  <node id="-1475" visible="true" lat="43.841665467771" lon="-72.277077851178">
    <tag k="addr:city" v="Thetford Center" />
    <tag k="addr:housenumber" v="294" />
    <tag k="addr:street" v="Heaton Hill Lane" />
    <tag k="addr:state" v="VT" />
    <tag k="ref:vcgi:esiteid" v="259898" />
  </node>
  <node id="-1476" visible="true" lat="43.815842405958" lon="-72.320148847977">
    <tag k="addr:city" v="Thetford Center" />
    <tag k="addr:housenumber" v="172" />
    <tag k="addr:street" v="Lord Brook Road" />
    <tag k="addr:state" v="VT" />
    <tag k="ref:vcgi:esiteid" v="259899" />
  </node>
  <node id="-1477" visible="true" lat="43.826491608305" lon="-72.207381700291">
    <tag k="addr:city" v="East Thetford" />
    <tag k="addr:housenumber" v="1082" />
    <tag k="addr:street" v="Latham Road" />
    <tag k="addr:state" v="VT" />
    <tag k="ref:vcgi:esiteid" v="259900" />
  </node>
  <node id="-1478" visible="true" lat="43.817042944717" lon="-72.20605057866">
    <tag k="addr:city" v="East Thetford" />
    <tag k="addr:housenumber" v="307" />
    <tag k="addr:street" v="Family Farm Lane" />
    <tag k="addr:state" v="VT" />
    <tag k="ref:vcgi:esiteid" v="259903" />
  </node>
  <node id="-1479" visible="true" lat="43.818483606835" lon="-72.202088353936">
    <tag k="addr:city" v="East Thetford" />
    <tag k="addr:housenumber" v="38" />
    <tag k="addr:street" v="Sugarhouse Lane" />
    <tag k="addr:state" v="VT" />
    <tag k="ref:vcgi:esiteid" v="259904" />
  </node>
  <node id="-1480" visible="true" lat="43.815376134108" lon="-72.203894641348">
    <tag k="addr:city" v="East Thetford" />
    <tag k="addr:housenumber" v="149" />
    <tag k="addr:street" v="Sugarhouse Lane" />
    <tag k="addr:state" v="VT" />
    <tag k="ref:vcgi:esiteid" v="259905" />
  </node>
  <node id="-1481" visible="true" lat="43.814789977036" lon="-72.205268269381">
    <tag k="addr:city" v="East Thetford" />
    <tag k="addr:housenumber" v="72" />
    <tag k="addr:street" v="Sugarhouse Lane South" />
    <tag k="addr:state" v="VT" />
    <tag k="ref:vcgi:esiteid" v="259906" />
  </node>
  <node id="-1482" visible="true" lat="43.814297727711" lon="-72.204673408152">
    <tag k="addr:city" v="East Thetford" />
    <tag k="addr:housenumber" v="92" />
    <tag k="addr:street" v="Sugarhouse Lane South" />
    <tag k="addr:state" v="VT" />
    <tag k="ref:vcgi:esiteid" v="259907" />
  </node>
  <node id="-1483" visible="true" lat="43.816414364246" lon="-72.203784094339">
    <tag k="addr:city" v="East Thetford" />
    <tag k="addr:housenumber" v="32" />
    <tag k="addr:street" v="Sugarhouse Lane North" />
    <tag k="addr:state" v="VT" />
    <tag k="ref:vcgi:esiteid" v="259909" />
  </node>
  <node id="-1484" visible="true" lat="43.817852969371" lon="-72.203703398746">
    <tag k="addr:city" v="East Thetford" />
    <tag k="addr:housenumber" v="64" />
    <tag k="addr:street" v="Sugarhouse Lane North" />
    <tag k="addr:state" v="VT" />
    <tag k="ref:vcgi:esiteid" v="259910" />
  </node>
  <node id="-1485" visible="true" lat="43.81736004329" lon="-72.204833398002">
    <tag k="addr:city" v="East Thetford" />
    <tag k="addr:housenumber" v="57" />
    <tag k="addr:street" v="Sugarhouse Lane North" />
    <tag k="addr:state" v="VT" />
    <tag k="ref:vcgi:esiteid" v="259911" />
  </node>
  <node id="-1486" visible="true" lat="43.786932711783" lon="-72.227774869593">
    <tag k="addr:city" v="East Thetford" />
    <tag k="addr:housenumber" v="158" />
    <tag k="addr:street" v="Deer Run Lane" />
    <tag k="addr:state" v="VT" />
    <tag k="ref:vcgi:esiteid" v="259912" />
  </node>
  <node id="-1487" visible="true" lat="43.790059730042" lon="-72.22675045835">
    <tag k="addr:city" v="East Thetford" />
    <tag k="addr:housenumber" v="1757" />
    <tag k="addr:street" v="Godfrey Road" />
    <tag k="addr:state" v="VT" />
    <tag k="ref:vcgi:esiteid" v="259913" />
  </node>
  <node id="-1488" visible="true" lat="43.790780172322" lon="-72.23579409361">
    <tag k="addr:city" v="East Thetford" />
    <tag k="addr:housenumber" v="461" />
    <tag k="addr:street" v="Burnham Road" />
    <tag k="addr:state" v="VT" />
    <tag k="ref:vcgi:esiteid" v="259914" />
  </node>
  <node id="-1489" visible="true" lat="43.884833853417" lon="-72.245405365597">
    <tag k="addr:city" v="Fairlee" />
    <tag k="addr:housenumber" v="23" />
    <tag k="addr:street" v="Lakeshore Road" />
    <tag k="addr:state" v="VT" />
    <tag k="ref:vcgi:esiteid" v="259915" />
  </node>
  <node id="-1490" visible="true" lat="43.811064751058" lon="-72.192527804307">
    <tag k="addr:city" v="East Thetford" />
    <tag k="addr:housenumber" v="186" />
    <tag k="addr:street" v="High Ridge Lane" />
    <tag k="addr:state" v="VT" />
    <tag k="ref:vcgi:esiteid" v="259916" />
  </node>
  <node id="-1491" visible="true" lat="43.861524502854" lon="-72.229890671261">
    <tag k="addr:city" v="Fairlee" />
    <tag k="addr:housenumber" v="895" />
    <tag k="addr:street" v="Turnpike Road North" />
    <tag k="addr:state" v="VT" />
    <tag k="ref:vcgi:esiteid" v="317252" />
  </node>
  <node id="-1492" visible="true" lat="43.862043854653" lon="-72.228633501134">
    <tag k="addr:city" v="Fairlee" />
    <tag k="addr:housenumber" v="915" />
    <tag k="addr:street" v="Turnpike Road North" />
    <tag k="addr:state" v="VT" />
    <tag k="ref:vcgi:esiteid" v="317253" />
  </node>
  <node id="-1493" visible="true" lat="43.86053707603" lon="-72.27577283532">
    <tag k="addr:city" v="Thetford Center" />
    <tag k="addr:housenumber" v="194" />
    <tag k="addr:street" v="Colby Road South" />
    <tag k="addr:state" v="VT" />
    <tag k="ref:vcgi:esiteid" v="317254" />
  </node>
  <node id="-1494" visible="true" lat="43.862298072763" lon="-72.280642685361">
    <tag k="addr:city" v="Thetford Center" />
    <tag k="addr:housenumber" v="439" />
    <tag k="addr:street" v="Colby Road South" />
    <tag k="addr:state" v="VT" />
    <tag k="ref:vcgi:esiteid" v="317256" />
  </node>
  <node id="-1495" visible="true" lat="43.832072487447" lon="-72.321007737094">
    <tag k="addr:city" v="Thetford Center" />
    <tag k="addr:housenumber" v="4517" />
    <tag k="addr:street" v="Route 132" />
    <tag k="addr:state" v="VT" />
    <tag k="ref:vcgi:esiteid" v="317262" />
  </node>
  <node id="-1496" visible="true" lat="43.845769810753" lon="-72.270065157336">
    <tag k="addr:city" v="Thetford Center" />
    <tag k="addr:housenumber" v="1379" />
    <tag k="addr:street" v="Whippoorwill Road" />
    <tag k="addr:state" v="VT" />
    <tag k="ref:vcgi:esiteid" v="317263" />
  </node>
  <node id="-1497" visible="true" lat="43.831971108199" lon="-72.260150406888">
    <tag k="addr:city" v="Thetford Center" />
    <tag k="addr:housenumber" v="15" />
    <tag k="addr:street" v="Whippoorwill Road" />
    <tag k="addr:state" v="VT" />
    <tag k="ref:vcgi:esiteid" v="317264" />
  </node>
  <node id="-1498" visible="true" lat="43.807356280832" lon="-72.222228727372">
    <tag k="addr:city" v="East Thetford" />
    <tag k="addr:housenumber" v="625" />
    <tag k="addr:street" v="Godfrey Road" />
    <tag k="addr:state" v="VT" />
    <tag k="ref:vcgi:esiteid" v="317265" />
  </node>
  <node id="-1499" visible="true" lat="43.866503333754" lon="-72.274830709939">
    <tag k="addr:city" v="Thetford Center" />
    <tag k="addr:housenumber" v="1772" />
    <tag k="addr:street" v="Sawnee Bean Road" />
    <tag k="addr:state" v="VT" />
    <tag k="ref:vcgi:esiteid" v="317266" />
  </node>
  <node id="-1500" visible="true" lat="43.784327322867" lon="-72.227217096244">
    <tag k="addr:city" v="East Thetford" />
    <tag k="addr:housenumber" v="276" />
    <tag k="addr:street" v="Deer Run Lane" />
    <tag k="addr:state" v="VT" />
    <tag k="ref:vcgi:esiteid" v="317937" />
  </node>
  <node id="-1501" visible="true" lat="43.871921261027" lon="-72.180419699497">
    <tag k="addr:city" v="Fairlee" />
    <tag k="addr:housenumber" v="7573" />
    <tag k="addr:street" v="United States Route 5" />
    <tag k="addr:state" v="VT" />
    <tag k="ref:vcgi:esiteid" v="322716" />
  </node>
  <node id="-1503" visible="true" lat="43.827916372331" lon="-72.227199636109">
    <tag k="addr:city" v="Thetford Center" />
    <tag k="addr:housenumber" v="567" />
    <tag k="addr:street" v="Houghton Hill Road" />
    <tag k="addr:state" v="VT" />
    <tag k="ref:vcgi:esiteid" v="326142" />
  </node>
  <node id="-1504" visible="true" lat="43.817055819062" lon="-72.329996354705">
    <tag k="addr:city" v="Thetford Center" />
    <tag k="addr:housenumber" v="545" />
    <tag k="addr:street" v="New Boston Road" />
    <tag k="addr:state" v="VT" />
    <tag k="ref:vcgi:esiteid" v="326213" />
  </node>
  <node id="-1505" visible="true" lat="43.813165900088" lon="-72.279585171339">
    <tag k="addr:city" v="Thetford Center" />
    <tag k="addr:housenumber" v="578" />
    <tag k="addr:street" v="Cream Street" />
    <tag k="addr:state" v="VT" />
    <tag k="ref:vcgi:esiteid" v="326214" />
  </node>
  <node id="-1506" visible="true" lat="43.80148690327" lon="-72.212437060348">
    <tag k="addr:city" v="East Thetford" />
    <tag k="addr:housenumber" v="321" />
    <tag k="addr:street" v="Sunset Point" />
    <tag k="addr:state" v="VT" />
    <tag k="ref:vcgi:esiteid" v="326215" />
  </node>
  <node id="-1507" visible="true" lat="43.806140805445" lon="-72.223147813753">
    <tag k="addr:city" v="East Thetford" />
    <tag k="addr:housenumber" v="686" />
    <tag k="addr:street" v="Godfrey Road" />
    <tag k="addr:state" v="VT" />
    <tag k="ref:vcgi:esiteid" v="326216" />
  </node>
  <node id="-1508" visible="true" lat="43.826158120347" lon="-72.190713870323">
    <tag k="addr:city" v="East Thetford" />
    <tag k="addr:housenumber" v="4039" />
    <tag k="addr:street" v="United States Route 5" />
    <tag k="addr:state" v="VT" />
    <tag k="ref:vcgi:esiteid" v="326544" />
  </node>
  <node id="-1509" visible="true" lat="43.812459426008" lon="-72.303275439378">
    <tag k="addr:city" v="Thetford Center" />
    <tag k="addr:housenumber" v="915" />
    <tag k="addr:street" v="Picknell Road" />
    <tag k="addr:state" v="VT" />
    <tag k="ref:vcgi:esiteid" v="326545" />
  </node>
  <node id="-1510" visible="true" lat="43.887780682384" lon="-72.253098181053">
    <tag k="addr:city" v="Fairlee" />
    <tag k="addr:housenumber" v="439" />
    <tag k="addr:street" v="Vermont Route 244" />
    <tag k="addr:state" v="VT" />
    <tag k="ref:vcgi:esiteid" v="326577" />
  </node>
  <node id="-1511" visible="true" lat="43.890041582762" lon="-72.247865870706">
    <tag k="addr:city" v="Fairlee" />
    <tag k="addr:housenumber" v="110" />
    <tag k="addr:street" v="Macs Way" />
    <tag k="addr:state" v="VT" />
    <tag k="ref:vcgi:esiteid" v="326578" />
  </node>
  <node id="-1512" visible="true" lat="43.883967259387" lon="-72.24360692677">
    <tag k="addr:city" v="Fairlee" />
    <tag k="addr:housenumber" v="70" />
    <tag k="addr:street" v="Lakeshore Road" />
    <tag k="addr:state" v="VT" />
    <tag k="ref:vcgi:esiteid" v="326579" />
  </node>
  <node id="-1513" visible="true" lat="43.847878645298" lon="-72.186701692666">
    <tag k="addr:city" v="East Thetford" />
    <tag k="addr:housenumber" v="5665" />
    <tag k="addr:street" v="United States Route 5" />
    <tag k="addr:state" v="VT" />
    <tag k="ref:vcgi:esiteid" v="326581" />
  </node>
  <node id="-1514" visible="true" lat="43.820354568176" lon="-72.227740137541">
    <tag k="addr:city" v="Thetford Center" />
    <tag k="addr:housenumber" v="112" />
    <tag k="addr:street" v="Houghton Hill Road" />
    <tag k="addr:state" v="VT" />
    <tag k="ref:vcgi:esiteid" v="326582" />
  </node>
  <node id="-1515" visible="true" lat="43.813296082881" lon="-72.18788827519">
    <tag k="addr:city" v="East Thetford" />
    <tag k="addr:housenumber" v="57" />
    <tag k="addr:street" v="Depot Drive" />
    <tag k="addr:state" v="VT" />
    <tag k="ref:vcgi:esiteid" v="326583" />
  </node>
  <node id="-1516" visible="true" lat="43.881306865061" lon="-72.238022957023">
    <tag k="addr:city" v="Fairlee" />
    <tag k="addr:housenumber" v="116" />
    <tag k="addr:street" v="Birch Point Lane" />
    <tag k="addr:state" v="VT" />
    <tag k="ref:vcgi:esiteid" v="327303" />
  </node>
  <node id="-1517" visible="true" lat="43.869239515821" lon="-72.171812970986">
    <tag k="addr:city" v="Fairlee" />
    <tag k="addr:housenumber" v="197" />
    <tag k="addr:street" v="Ely Road" />
    <tag k="addr:state" v="VT" />
    <tag k="ref:vcgi:esiteid" v="329172" />
  </node>
  <node id="-1518" visible="true" lat="43.784163812763" lon="-72.224685412633">
    <tag k="addr:city" v="East Thetford" />
    <tag k="addr:housenumber" v="576" />
    <tag k="addr:street" v="Deer Run Lane" />
    <tag k="addr:state" v="VT" />
    <tag k="ref:vcgi:esiteid" v="329173" />
  </node>
  <node id="-1519" visible="true" lat="43.841903349631" lon="-72.187665507581">
    <tag k="addr:city" v="East Thetford" />
    <tag k="addr:housenumber" v="5148" />
    <tag k="addr:street" v="United States Route 5" />
    <tag k="addr:state" v="VT" />
    <tag k="ref:vcgi:esiteid" v="329174" />
  </node>
  <node id="-1520" visible="true" lat="43.887902781351" lon="-72.244615371609">
    <tag k="addr:city" v="Fairlee" />
    <tag k="addr:housenumber" v="820" />
    <tag k="addr:street" v="Vermont Route 244" />
    <tag k="addr:state" v="VT" />
    <tag k="ref:vcgi:esiteid" v="329175" />
  </node>
  <node id="-1521" visible="true" lat="43.82722768196" lon="-72.201477623583">
    <tag k="addr:city" v="East Thetford" />
    <tag k="addr:housenumber" v="211" />
    <tag k="addr:street" v="Snowflake Lane" />
    <tag k="addr:state" v="VT" />
    <tag k="ref:vcgi:esiteid" v="334850" />
  </node>
  <node id="-1522" visible="true" lat="43.82778116373" lon="-72.202032440931">
    <tag k="addr:city" v="East Thetford" />
    <tag k="addr:housenumber" v="181" />
    <tag k="addr:street" v="Snowflake Lane" />
    <tag k="addr:state" v="VT" />
    <tag k="ref:vcgi:esiteid" v="334851" />
  </node>
  <node id="-1523" visible="true" lat="43.811421044444" lon="-72.206561635432">
    <tag k="addr:city" v="East Thetford" />
    <tag k="addr:housenumber" v="43" />
    <tag k="addr:street" v="Evans Road" />
    <tag k="addr:state" v="VT" />
    <tag k="ref:vcgi:esiteid" v="334852" />
  </node>
  <node id="-1524" visible="true" lat="43.803274868684" lon="-72.222188749322">
    <tag k="addr:city" v="East Thetford" />
    <tag k="addr:housenumber" v="845" />
    <tag k="addr:street" v="Godfrey Road" />
    <tag k="addr:state" v="VT" />
    <tag k="ref:vcgi:esiteid" v="334853" />
  </node>
  <node id="-1525" visible="true" lat="43.828306529244" lon="-72.291007458738">
    <tag k="addr:city" v="Thetford Center" />
    <tag k="addr:housenumber" v="502" />
    <tag k="addr:street" v="Gove Hill Road" />
    <tag k="addr:state" v="VT" />
    <tag k="ref:vcgi:esiteid" v="334854" />
  </node>
  <node id="-1526" visible="true" lat="43.794738064646" lon="-72.225484652634">
    <tag k="addr:city" v="East Thetford" />
    <tag k="addr:housenumber" v="4" />
    <tag k="addr:street" v="Burnham Road" />
    <tag k="addr:state" v="VT" />
    <tag k="ref:vcgi:esiteid" v="336089" />
  </node>
  <node id="-1527" visible="true" lat="43.885069672231" lon="-72.245916521815">
    <tag k="addr:city" v="Fairlee" />
    <tag k="addr:housenumber" v="381" />
    <tag k="addr:street" v="Robinson Hill Road" />
    <tag k="addr:state" v="VT" />
    <tag k="ref:vcgi:esiteid" v="336090" />
  </node>
  <node id="-1528" visible="true" lat="43.828175247797" lon="-72.202252060941">
    <tag k="addr:city" v="East Thetford" />
    <tag k="addr:housenumber" v="159" />
    <tag k="addr:street" v="Snowflake Lane" />
    <tag k="addr:state" v="VT" />
    <tag k="ref:vcgi:esiteid" v="337915" />
  </node>
  <node id="-1529" visible="true" lat="43.815246092247" lon="-72.191011851577">
    <tag k="addr:city" v="East Thetford" />
    <tag k="addr:housenumber" v="3269" />
    <tag k="addr:street" v="United States Route 5" />
    <tag k="addr:state" v="VT" />
    <tag k="ref:vcgi:esiteid" v="337916" />
  </node>
  <node id="-1530" visible="true" lat="43.827869195437" lon="-72.255992887005">
    <tag k="addr:city" v="Thetford Center" />
    <tag k="addr:housenumber" v="489" />
    <tag k="addr:street" v="Tucker Hill Road" />
    <tag k="addr:state" v="VT" />
    <tag k="ref:vcgi:esiteid" v="337917" />
  </node>
  <node id="-1531" visible="true" lat="43.830560461894" lon="-72.270812958903">
    <tag k="addr:city" v="Thetford Center" />
    <tag k="addr:housenumber" v="565A" />
    <tag k="addr:street" v="Poor Farm Road South" />
    <tag k="addr:state" v="VT" />
    <tag k="ref:vcgi:esiteid" v="337918" />
  </node>
  <node id="-1532" visible="true" lat="43.780179713628" lon="-72.205087799673">
    <tag k="addr:city" v="East Thetford" />
    <tag k="addr:housenumber" v="384" />
    <tag k="addr:street" v="United States Route 5" />
    <tag k="addr:state" v="VT" />
    <tag k="ref:vcgi:esiteid" v="338600" />
  </node>
  <node id="-1533" visible="true" lat="43.878385051611" lon="-72.226440904477">
    <tag k="addr:city" v="Fairlee" />
    <tag k="addr:housenumber" v="341" />
    <tag k="addr:street" v="Quinibeck Road" />
    <tag k="addr:state" v="VT" />
    <tag k="ref:vcgi:esiteid" v="339347" />
  </node>
  <node id="-1534" visible="true" lat="43.881973355529" lon="-72.244035287364">
    <tag k="addr:city" v="Fairlee" />
    <tag k="addr:housenumber" v="638" />
    <tag k="addr:street" v="Robinson Hill Road" />
    <tag k="addr:state" v="VT" />
    <tag k="ref:vcgi:esiteid" v="339349" />
  </node>
  <node id="-1535" visible="true" lat="43.830213426476" lon="-72.190756975485">
    <tag k="addr:city" v="East Thetford" />
    <tag k="addr:housenumber" v="4275" />
    <tag k="addr:street" v="United States Route 5" />
    <tag k="addr:state" v="VT" />
    <tag k="ref:vcgi:esiteid" v="339350" />
  </node>
  <node id="-1536" visible="true" lat="43.825791405336" lon="-72.261622068488">
    <tag k="addr:city" v="Thetford Center" />
    <tag k="addr:housenumber" v="139" />
    <tag k="addr:street" v="Woods Lane" />
    <tag k="addr:state" v="VT" />
    <tag k="ref:vcgi:esiteid" v="339351" />
  </node>
  <node id="-1538" visible="true" lat="43.830765209327" lon="-72.248481699949">
    <tag k="addr:city" v="Thetford Center" />
    <tag k="addr:housenumber" v="51" />
    <tag k="addr:street" v="Needmoore Drive" />
    <tag k="addr:state" v="VT" />
    <tag k="ref:vcgi:esiteid" v="339354" />
  </node>
  <node id="-1539" visible="true" lat="43.83514271396" lon="-72.203123034091">
    <tag k="addr:city" v="East Thetford" />
    <tag k="addr:housenumber" v="1721" />
    <tag k="addr:street" v="Latham Road" />
    <tag k="addr:state" v="VT" />
    <tag k="ref:vcgi:esiteid" v="339355" />
  </node>
  <node id="-1541" visible="true" lat="43.864079238326" lon="-72.277664207995">
    <tag k="addr:city" v="Thetford Center" />
    <tag k="addr:housenumber" v="1675" />
    <tag k="addr:street" v="Sawnee Bean Road" />
    <tag k="addr:state" v="VT" />
    <tag k="ref:vcgi:esiteid" v="340955" />
  </node>
  <node id="-1543" visible="true" lat="43.808636041083" lon="-72.194619953162">
    <tag k="addr:city" v="East Thetford" />
    <tag k="addr:housenumber" v="170" />
    <tag k="addr:street" v="Koda Way" />
    <tag k="addr:state" v="VT" />
    <tag k="ref:vcgi:esiteid" v="341621" />
  </node>
  <node id="-1544" visible="true" lat="43.79098955877" lon="-72.21322513533">
    <tag k="addr:city" v="East Thetford" />
    <tag k="addr:housenumber" v="324" />
    <tag k="addr:street" v="Stevens Road" />
    <tag k="addr:state" v="VT" />
    <tag k="ref:vcgi:esiteid" v="341622" />
  </node>
  <node id="-1545" visible="true" lat="43.863527945255" lon="-72.238801526439">
    <tag k="addr:city" v="Thetford Center" />
    <tag k="addr:housenumber" v="1504" />
    <tag k="addr:street" v="Five Corners Road" />
    <tag k="addr:state" v="VT" />
    <tag k="ref:vcgi:esiteid" v="345886" />
  </node>
  <node id="-1546" visible="true" lat="43.861680184251" lon="-72.239162373729">
    <tag k="addr:city" v="Thetford Center" />
    <tag k="addr:housenumber" v="1348" />
    <tag k="addr:street" v="Five Corners Road" />
    <tag k="addr:state" v="VT" />
    <tag k="ref:vcgi:esiteid" v="345887" />
  </node>
  <node id="-1549" visible="true" lat="43.794136243904" lon="-72.267964702821">
    <tag k="addr:city" v="Thetford Center" />
    <tag k="addr:housenumber" v="460" />
    <tag k="addr:street" v="Stowell Road" />
    <tag k="addr:state" v="VT" />
    <tag k="ref:vcgi:esiteid" v="445250" />
  </node>
  <node id="-1550" visible="true" lat="43.810406535215" lon="-72.235085725615">
    <tag k="addr:city" v="Thetford Center" />
    <tag k="addr:housenumber" v="622" />
    <tag k="addr:street" v="Academy Road" />
    <tag k="addr:state" v="VT" />
    <tag k="ref:vcgi:esiteid" v="445366" />
  </node>
  <node id="-1551" visible="true" lat="43.796542981407" lon="-72.193185061273">
    <tag k="addr:city" v="East Thetford" />
    <tag k="addr:housenumber" v="869" />
    <tag k="addr:street" v="Pavillion Road" />
    <tag k="addr:state" v="VT" />
    <tag k="ref:vcgi:esiteid" v="445442" />
  </node>
  <node id="-1552" visible="true" lat="43.841609646943" lon="-72.202638819443">
    <tag k="addr:city" v="East Thetford" />
    <tag k="addr:housenumber" v="92" />
    <tag k="addr:street" v="Potato Hill Road South" />
    <tag k="addr:state" v="VT" />
    <tag k="ref:vcgi:esiteid" v="447211" />
  </node>
  <node id="-1553" visible="true" lat="43.828960063428" lon="-72.23885983202">
    <tag k="addr:city" v="Thetford Center" />
    <tag k="addr:housenumber" v="243" />
    <tag k="addr:street" v="Camp Farnsworth Road" />
    <tag k="addr:state" v="VT" />
    <tag k="ref:vcgi:esiteid" v="448592" />
  </node>
  <node id="-1554" visible="true" lat="43.874450958744" lon="-72.287705636074">
    <tag k="addr:city" v="Thetford Center" />
    <tag k="addr:housenumber" v="43" />
    <tag k="addr:street" v="Colby Road North" />
    <tag k="addr:state" v="VT" />
    <tag k="ref:vcgi:esiteid" v="448635" />
  </node>
  <node id="-1555" visible="true" lat="43.836275785767" lon="-72.198197993823">
    <tag k="addr:city" v="East Thetford" />
    <tag k="addr:housenumber" v="1950" />
    <tag k="addr:street" v="Latham Road" />
    <tag k="addr:state" v="VT" />
    <tag k="ref:vcgi:esiteid" v="448968" />
  </node>
  <node id="-1556" visible="true" lat="43.817452643927" lon="-72.326424009589">
    <tag k="addr:city" v="Thetford Center" />
    <tag k="addr:housenumber" v="738" />
    <tag k="addr:street" v="New Boston Road" />
    <tag k="addr:state" v="VT" />
    <tag k="ref:vcgi:esiteid" v="448969" />
  </node>
  <node id="-1557" visible="true" lat="43.838101567462" lon="-72.245982490069">
    <tag k="addr:city" v="Thetford Center" />
    <tag k="addr:housenumber" v="4380" />
    <tag k="addr:street" v="Vermont Route 113" />
    <tag k="addr:state" v="VT" />
    <tag k="ref:vcgi:esiteid" v="450884" />
  </node>
  <node id="-1558" visible="true" lat="43.87181169963" lon="-72.269203731676">
    <tag k="addr:city" v="Post Mills" />
    <tag k="addr:housenumber" v="742" />
    <tag k="addr:street" v="Barker Road" />
    <tag k="addr:state" v="VT" />
    <tag k="ref:vcgi:esiteid" v="450967" />
  </node>
  <node id="-1559" visible="true" lat="43.844023858389" lon="-72.189614543525">
    <tag k="addr:city" v="East Thetford" />
    <tag k="addr:housenumber" v="156" />
    <tag k="addr:street" v="Cider Mill Road" />
    <tag k="addr:state" v="VT" />
    <tag k="ref:vcgi:esiteid" v="450968" />
  </node>
  <node id="-1560" visible="true" lat="43.8217382389" lon="-72.196024573414">
    <tag k="addr:city" v="East Thetford" />
    <tag k="addr:housenumber" v="286" />
    <tag k="addr:street" v="Sanborn Road" />
    <tag k="addr:state" v="VT" />
    <tag k="ref:vcgi:esiteid" v="450969" />
  </node>
  <node id="-1561" visible="true" lat="43.801027763132" lon="-72.199112547841">
    <tag k="addr:city" v="East Thetford" />
    <tag k="addr:housenumber" v="350" />
    <tag k="addr:street" v="Vaughan Farms Road" />
    <tag k="addr:state" v="VT" />
    <tag k="ref:vcgi:esiteid" v="450970" />
  </node>
  <node id="-1562" visible="true" lat="43.891442233175" lon="-72.257715321642">
    <tag k="addr:city" v="Post Mills" />
    <tag k="addr:housenumber" v="8464" />
    <tag k="addr:street" v="Vermont Route 113" />
    <tag k="addr:state" v="VT" />
    <tag k="ref:vcgi:esiteid" v="450971" />
  </node>
  <node id="-1563" visible="true" lat="43.807753386856" lon="-72.195414517324">
    <tag k="addr:city" v="East Thetford" />
    <tag k="addr:housenumber" v="172" />
    <tag k="addr:street" v="Koda Way" />
    <tag k="addr:state" v="VT" />
    <tag k="ref:vcgi:esiteid" v="451660" />
  </node>
  <node id="-1564" visible="true" lat="43.888479719962" lon="-72.232285355706">
    <tag k="addr:city" v="Fairlee" />
    <tag k="addr:housenumber" v="1460" />
    <tag k="addr:street" v="Vermont Route 244" />
    <tag k="addr:state" v="VT" />
    <tag k="ref:vcgi:esiteid" v="452534" />
  </node>
  <node id="-1565" visible="true" lat="43.888370989819" lon="-72.231526931804">
    <tag k="addr:city" v="Fairlee" />
    <tag k="addr:housenumber" v="1462" />
    <tag k="addr:street" v="Vermont Route 244" />
    <tag k="addr:state" v="VT" />
    <tag k="ref:vcgi:esiteid" v="452535" />
  </node>
  <node id="-1566" visible="true" lat="43.888741524905" lon="-72.231646942984">
    <tag k="addr:city" v="Fairlee" />
    <tag k="addr:housenumber" v="1464" />
    <tag k="addr:street" v="Vermont Route 244" />
    <tag k="addr:state" v="VT" />
    <tag k="ref:vcgi:esiteid" v="452536" />
  </node>
  <node id="-1567" visible="true" lat="43.887736713486" lon="-72.232518413259">
    <tag k="addr:city" v="Fairlee" />
    <tag k="addr:housenumber" v="1452" />
    <tag k="addr:street" v="Vermont Route 244" />
    <tag k="addr:state" v="VT" />
    <tag k="ref:vcgi:esiteid" v="452537" />
  </node>
  <node id="-1568" visible="true" lat="43.887715680407" lon="-72.232180609483">
    <tag k="addr:city" v="Fairlee" />
    <tag k="addr:housenumber" v="1454" />
    <tag k="addr:street" v="Vermont Route 244" />
    <tag k="addr:state" v="VT" />
    <tag k="ref:vcgi:esiteid" v="452538" />
  </node>
  <node id="-1569" visible="true" lat="43.888101985949" lon="-72.23213225362">
    <tag k="addr:city" v="Fairlee" />
    <tag k="addr:housenumber" v="1458" />
    <tag k="addr:street" v="Vermont Route 244" />
    <tag k="addr:state" v="VT" />
    <tag k="ref:vcgi:esiteid" v="452539" />
  </node>
  <node id="-1570" visible="true" lat="43.887965635295" lon="-72.23213190143">
    <tag k="addr:city" v="Fairlee" />
    <tag k="addr:housenumber" v="1456" />
    <tag k="addr:street" v="Vermont Route 244" />
    <tag k="addr:state" v="VT" />
    <tag k="ref:vcgi:esiteid" v="452540" />
  </node>
  <node id="-1571" visible="true" lat="43.885423032888" lon="-72.220064532404">
    <tag k="addr:city" v="Fairlee" />
    <tag k="addr:housenumber" v="284" />
    <tag k="addr:street" v="Bragg Road" />
    <tag k="addr:state" v="VT" />
    <tag k="ref:vcgi:esiteid" v="452872" />
  </node>
  <node id="-1572" visible="true" lat="43.810254383005" lon="-72.192212012858">
    <tag k="addr:city" v="East Thetford" />
    <tag k="addr:housenumber" v="141" />
    <tag k="addr:street" v="High Ridge Lane" />
    <tag k="addr:state" v="VT" />
    <tag k="ref:vcgi:esiteid" v="453034" />
  </node>
  <node id="-1573" visible="true" lat="43.81088462845" lon="-72.195572419233">
    <tag k="addr:city" v="East Thetford" />
    <tag k="addr:housenumber" v="216" />
    <tag k="addr:street" v="High Ridge Lane" />
    <tag k="addr:state" v="VT" />
    <tag k="ref:vcgi:esiteid" v="453035" />
  </node>
  <node id="-1574" visible="true" lat="43.793757957906" lon="-72.26866450083">
    <tag k="addr:city" v="Thetford Center" />
    <tag k="addr:housenumber" v="415" />
    <tag k="addr:street" v="Stowell Road" />
    <tag k="addr:state" v="VT" />
    <tag k="ref:vcgi:esiteid" v="454345" />
  </node>
  <node id="-1575" visible="true" lat="43.887131713542" lon="-72.251336498615">
    <tag k="addr:city" v="Fairlee" />
    <tag k="addr:housenumber" v="484" />
    <tag k="addr:street" v="Vermont Route 244" />
    <tag k="addr:state" v="VT" />
    <tag k="ref:vcgi:esiteid" v="454625" />
  </node>
  <node id="-1576" visible="true" lat="43.882221481694" lon="-72.2385896766">
    <tag k="addr:city" v="Fairlee" />
    <tag k="addr:housenumber" v="200" />
    <tag k="addr:street" v="Birch Point Lane" />
    <tag k="addr:state" v="VT" />
    <tag k="ref:vcgi:esiteid" v="454653" />
  </node>
  <node id="-1577" visible="true" lat="43.893413703941" lon="-72.24852724181">
    <tag k="addr:city" v="Fairlee" />
    <tag k="addr:housenumber" v="643" />
    <tag k="addr:street" v="West Fairlee Road" />
    <tag k="addr:state" v="VT" />
    <tag k="ref:vcgi:esiteid" v="454868" />
  </node>
  <node id="-1578" visible="true" lat="43.893697001381" lon="-72.249573236565">
    <tag k="addr:city" v="Fairlee" />
    <tag k="addr:housenumber" v="703" />
    <tag k="addr:street" v="West Fairlee Road" />
    <tag k="addr:state" v="VT" />
    <tag k="ref:vcgi:esiteid" v="454869" />
  </node>
  <node id="-1581" visible="true" lat="43.864892478156" lon="-72.275222141924">
    <tag k="addr:city" v="Thetford Center" />
    <tag k="addr:housenumber" v="1692" />
    <tag k="addr:street" v="Sawnee Bean Road" />
    <tag k="addr:state" v="VT" />
    <tag k="ref:vcgi:esiteid" v="500038" />
  </node>
  <node id="-1582" visible="true" lat="43.83355049971" lon="-72.200380478596">
    <tag k="addr:city" v="East Thetford" />
    <tag k="addr:housenumber" v="1662" />
    <tag k="addr:street" v="Latham Road" />
    <tag k="addr:state" v="VT" />
    <tag k="ref:vcgi:esiteid" v="500039" />
  </node>
  <node id="-1583" visible="true" lat="43.839966683254" lon="-72.19843342801">
    <tag k="addr:city" v="East Thetford" />
    <tag k="addr:housenumber" v="301" />
    <tag k="addr:street" v="Schoolhouse Hill Road" />
    <tag k="addr:state" v="VT" />
    <tag k="ref:vcgi:esiteid" v="610149" />
  </node>
  <node id="-1584" visible="true" lat="43.804899142222" lon="-72.20710707371">
    <tag k="addr:city" v="East Thetford" />
    <tag k="addr:housenumber" v="540" />
    <tag k="addr:street" v="Vaughan Farms Road" />
    <tag k="addr:state" v="VT" />
    <tag k="ref:vcgi:esiteid" v="610246" />
  </node>
  <node id="-1585" visible="true" lat="43.845347556527" lon="-72.191118975891">
    <tag k="addr:city" v="East Thetford" />
    <tag k="addr:housenumber" v="623" />
    <tag k="addr:street" v="Clay Road" />
    <tag k="addr:state" v="VT" />
    <tag k="ref:vcgi:esiteid" v="610530" />
  </node>
  <node id="-1586" visible="true" lat="43.882352683061" lon="-72.227097195008">
    <tag k="addr:city" v="Fairlee" />
    <tag k="addr:housenumber" v="587" />
    <tag k="addr:street" v="Quinibeck Road" />
    <tag k="addr:state" v="VT" />
    <tag k="ref:vcgi:esiteid" v="610548" />
  </node>
  <node id="-1587" visible="true" lat="43.887617507963" lon="-72.250638942948">
    <tag k="addr:city" v="Fairlee" />
    <tag k="addr:housenumber" v="473" />
    <tag k="addr:street" v="Vermont Route 244" />
    <tag k="addr:state" v="VT" />
    <tag k="ref:vcgi:esiteid" v="610963" />
  </node>
  <node id="-1588" visible="true" lat="43.819366425568" lon="-72.213842419052">
    <tag k="addr:city" v="East Thetford" />
    <tag k="addr:housenumber" v="470" />
    <tag k="addr:street" v="Garey Road" />
    <tag k="addr:state" v="VT" />
    <tag k="ref:vcgi:esiteid" v="611068" />
  </node>
  <node id="-1589" visible="true" lat="43.870510784272" lon="-72.175982053363">
    <tag k="addr:city" v="Fairlee" />
    <tag k="addr:housenumber" v="195" />
    <tag k="addr:street" v="Ely Road" />
    <tag k="addr:state" v="VT" />
    <tag k="ref:vcgi:esiteid" v="611069" />
  </node>
  <node id="-1590" visible="true" lat="43.817358733485" lon="-72.216408467159">
    <tag k="addr:city" v="East Thetford" />
    <tag k="addr:housenumber" v="39" />
    <tag k="addr:street" v="Apple Tree Road" />
    <tag k="addr:state" v="VT" />
    <tag k="ref:vcgi:esiteid" v="612247" />
  </node>
  <node id="-1591" visible="true" lat="43.867400505523" lon="-72.183644620489">
    <tag k="addr:city" v="Fairlee" />
    <tag k="addr:housenumber" v="7251" />
    <tag k="addr:street" v="United States Route 5" />
    <tag k="addr:state" v="VT" />
    <tag k="ref:vcgi:esiteid" v="612248" />
  </node>
  <node id="-1592" visible="true" lat="43.866089263482" lon="-72.232947449639">
    <tag k="addr:city" v="Fairlee" />
    <tag k="addr:housenumber" v="484" />
    <tag k="addr:street" v="Turnpike Road North" />
    <tag k="addr:state" v="VT" />
    <tag k="ref:vcgi:esiteid" v="612262" />
  </node>
  <node id="-1593" visible="true" lat="43.855582400549" lon="-72.258661401141">
    <tag k="addr:city" v="Thetford Center" />
    <tag k="addr:housenumber" v="5792" />
    <tag k="addr:street" v="Vermont Route 113" />
    <tag k="addr:state" v="VT" />
    <tag k="ref:vcgi:esiteid" v="612263" />
  </node>
  <node id="-1594" visible="true" lat="43.88803446114" lon="-72.246633571741">
    <tag k="addr:city" v="Fairlee" />
    <tag k="addr:housenumber" v="723" />
    <tag k="addr:street" v="Vermont Route 244" />
    <tag k="addr:state" v="VT" />
    <tag k="ref:vcgi:esiteid" v="612765" />
  </node>
  <node id="-1599" visible="true" lat="43.891661587557" lon="-72.246070901595">
    <tag k="addr:city" v="Fairlee" />
    <tag k="addr:housenumber" v="306" />
    <tag k="addr:street" v="Cross Street" />
    <tag k="addr:state" v="VT" />
    <tag k="ref:vcgi:esiteid" v="612908" />
  </node>
  <node id="-1600" visible="true" lat="43.889447232865" lon="-72.246406715181">
    <tag k="addr:city" v="Fairlee" />
    <tag k="addr:housenumber" v="160" />
    <tag k="addr:street" v="Cross Street" />
    <tag k="addr:state" v="VT" />
    <tag k="ref:vcgi:esiteid" v="613058" />
  </node>
  <node id="-1601" visible="true" lat="43.873791701554" lon="-72.287477481511">
    <tag k="addr:city" v="Thetford Center" />
    <tag k="addr:housenumber" v="141" />
    <tag k="addr:street" v="Colby Road North" />
    <tag k="addr:state" v="VT" />
    <tag k="ref:vcgi:esiteid" v="613110" />
  </node>
  <node id="-1602" visible="true" lat="43.809686084186" lon="-72.18897706015">
    <tag k="addr:city" v="East Thetford" />
    <tag k="addr:housenumber" v="2859" />
    <tag k="addr:street" v="United States Route 5" />
    <tag k="addr:state" v="VT" />
    <tag k="ref:vcgi:esiteid" v="617343" />
  </node>
  <node id="-1603" visible="true" lat="43.821266864934" lon="-72.307431463837">
    <tag k="addr:city" v="Thetford Center" />
    <tag k="addr:housenumber" v="1536" />
    <tag k="addr:street" v="Gove Hill Road" />
    <tag k="addr:state" v="VT" />
    <tag k="ref:vcgi:esiteid" v="617364" />
  </node>
  <node id="-1604" visible="true" lat="43.833676171792" lon="-72.200734317551">
    <tag k="addr:city" v="East Thetford" />
    <tag k="addr:housenumber" v="1660" />
    <tag k="addr:street" v="Latham Road" />
    <tag k="addr:state" v="VT" />
    <tag k="ref:vcgi:esiteid" v="617655" />
  </node>
  <node id="-1605" visible="true" lat="43.832103143452" lon="-72.252776914988">
    <tag k="addr:city" v="Thetford Center" />
    <tag k="addr:housenumber" v="270" />
    <tag k="addr:street" v="Tucker Hill Road" />
    <tag k="addr:state" v="VT" />
    <tag k="ref:vcgi:esiteid" v="618451" />
  </node>
  <node id="-1606" visible="true" lat="43.821215893101" lon="-72.20913410494">
    <tag k="addr:city" v="East Thetford" />
    <tag k="addr:housenumber" v="997" />
    <tag k="addr:street" v="Sanborn Road" />
    <tag k="addr:state" v="VT" />
    <tag k="ref:vcgi:esiteid" v="620643" />
  </node>
  <node id="-1607" visible="true" lat="43.77766763461" lon="-72.209579469545">
    <tag k="addr:city" v="East Thetford" />
    <tag k="addr:housenumber" v="1283" />
    <tag k="addr:street" v="Stevens Road" />
    <tag k="addr:state" v="VT" />
    <tag k="ref:vcgi:esiteid" v="620711" />
  </node>
  <node id="-1608" visible="true" lat="43.777576324022" lon="-72.209566118105">
    <tag k="addr:city" v="East Thetford" />
    <tag k="addr:housenumber" v="1315" />
    <tag k="addr:street" v="Stevens Road" />
    <tag k="addr:state" v="VT" />
    <tag k="ref:vcgi:esiteid" v="620712" />
  </node>
  <node id="-1610" visible="true" lat="43.825977080115" lon="-72.306267228983">
    <tag k="addr:city" v="Thetford Center" />
    <tag k="addr:housenumber" v="361" />
    <tag k="addr:street" v="Upper Bailey Road" />
    <tag k="addr:state" v="VT" />
    <tag k="ref:vcgi:esiteid" v="655322" />
  </node>
  <node id="-1611" visible="true" lat="43.827594649712" lon="-72.288641962312">
    <tag k="addr:city" v="Thetford Center" />
    <tag k="addr:housenumber" v="420" />
    <tag k="addr:street" v="Gove Hill Road" />
    <tag k="addr:state" v="VT" />
    <tag k="ref:vcgi:esiteid" v="655323" />
  </node>
  <node id="-1613" visible="true" lat="43.82355849952" lon="-72.249198208716">
    <tag k="addr:city" v="Thetford Center" />
    <tag k="addr:housenumber" v="347" />
    <tag k="addr:street" v="Buzzell Bridge Road" />
    <tag k="addr:state" v="VT" />
    <tag k="ref:vcgi:esiteid" v="655335" />
  </node>
  <node id="-1615" visible="true" lat="43.800660885289" lon="-72.240289492888">
    <tag k="addr:city" v="Thetford Center" />
    <tag k="addr:housenumber" v="171" />
    <tag k="addr:street" v="Old Strong Road" />
    <tag k="addr:state" v="VT" />
    <tag k="ref:vcgi:esiteid" v="655337" />
  </node>
  <node id="-1618" visible="true" lat="43.879788118291" lon="-72.216335321473">
    <tag k="addr:city" v="Fairlee" />
    <tag k="addr:housenumber" v="894" />
    <tag k="addr:street" v="Quinibeck Road" />
    <tag k="addr:state" v="VT" />
    <tag k="ref:vcgi:esiteid" v="655661" />
  </node>
  <node id="-1619" visible="true" lat="43.831409287918" lon="-72.270246835626">
    <tag k="addr:city" v="Thetford Center" />
    <tag k="addr:housenumber" v="632" />
    <tag k="addr:street" v="Poor Farm Road South" />
    <tag k="addr:state" v="VT" />
    <tag k="ref:vcgi:esiteid" v="655837" />
  </node>
  <node id="-1620" visible="true" lat="43.872578973064" lon="-72.223609879179">
    <tag k="addr:city" v="Fairlee" />
    <tag k="addr:housenumber" v="349" />
    <tag k="addr:street" v="Potato Hill Road North" />
    <tag k="addr:state" v="VT" />
    <tag k="ref:vcgi:esiteid" v="656022" />
  </node>
  <node id="-1621" visible="true" lat="43.87175386722" lon="-72.223527446345">
    <tag k="addr:city" v="Fairlee" />
    <tag k="addr:housenumber" v="386" />
    <tag k="addr:street" v="Potato Hill Road North" />
    <tag k="addr:state" v="VT" />
    <tag k="ref:vcgi:esiteid" v="656023" />
  </node>
  <node id="-1622" visible="true" lat="43.791919908388" lon="-72.257700992435">
    <tag k="addr:city" v="Thetford Center" />
    <tag k="addr:housenumber" v="4" />
    <tag k="addr:street" v="Main Street" />
    <tag k="addr:state" v="VT" />
    <tag k="ref:vcgi:esiteid" v="656029" />
  </node>
  <node id="-1623" visible="true" lat="43.790310401677" lon="-72.256759929975">
    <tag k="addr:city" v="Thetford Center" />
    <tag k="addr:housenumber" v="6" />
    <tag k="addr:street" v="Main Street" />
    <tag k="addr:state" v="VT" />
    <tag k="ref:vcgi:esiteid" v="656030" />
  </node>
  <node id="-1624" visible="true" lat="43.820948603771" lon="-72.278611911219">
    <tag k="addr:city" v="Thetford Center" />
    <tag k="addr:housenumber" v="1879" />
    <tag k="addr:street" v="Tucker Hill Road" />
    <tag k="addr:state" v="VT" />
    <tag k="ref:vcgi:esiteid" v="656124" />
  </node>
  <node id="-1625" visible="true" lat="43.880795314562" lon="-72.265207356271">
    <tag k="addr:city" v="Post Mills" />
    <tag k="addr:housenumber" v="152" />
    <tag k="addr:street" v="Barker Road" />
    <tag k="addr:state" v="VT" />
    <tag k="ref:vcgi:esiteid" v="656161" />
  </node>
  <node id="-1626" visible="true" lat="43.890448056434" lon="-72.248716740177">
    <tag k="addr:city" v="Fairlee" />
    <tag k="addr:housenumber" v="142" />
    <tag k="addr:street" v="Macs Way" />
    <tag k="addr:state" v="VT" />
    <tag k="ref:vcgi:esiteid" v="750183" />
  </node>
  <node id="-1627" visible="true" lat="43.814228641952" lon="-72.231474672667">
    <tag k="addr:city" v="Thetford" />
    <tag k="addr:housenumber" v="88" />
    <tag k="addr:street" v="Panther Way" />
    <tag k="addr:state" v="VT" />
    <tag k="ref:vcgi:esiteid" v="750800" />
  </node>
  <node id="-1628" visible="true" lat="43.814303227473" lon="-72.23281611685">
    <tag k="addr:city" v="Thetford" />
    <tag k="addr:housenumber" v="133" />
    <tag k="addr:street" v="Panther Way" />
    <tag k="addr:state" v="VT" />
    <tag k="ref:vcgi:esiteid" v="750801" />
  </node>
  <node id="-1629" visible="true" lat="43.816225667683" lon="-72.234631173601">
    <tag k="addr:city" v="Thetford" />
    <tag k="addr:housenumber" v="163" />
    <tag k="addr:street" v="Panther Way" />
    <tag k="addr:state" v="VT" />
    <tag k="ref:vcgi:esiteid" v="750802" />
  </node>
  <node id="-1630" visible="true" lat="43.81504985561" lon="-72.23335213765">
    <tag k="addr:city" v="Thetford" />
    <tag k="addr:housenumber" v="159" />
    <tag k="addr:street" v="Panther Way" />
    <tag k="addr:state" v="VT" />
    <tag k="ref:vcgi:esiteid" v="750803" />
  </node>
  <node id="-1631" visible="true" lat="43.814574373148" lon="-72.231657290057">
    <tag k="addr:city" v="Thetford" />
    <tag k="addr:housenumber" v="160" />
    <tag k="addr:street" v="Panther Way" />
    <tag k="addr:state" v="VT" />
    <tag k="ref:vcgi:esiteid" v="750804" />
  </node>
  <node id="-1632" visible="true" lat="43.816111548761" lon="-72.232668282747">
    <tag k="addr:city" v="Thetford" />
    <tag k="addr:housenumber" v="201" />
    <tag k="addr:street" v="Panther Way" />
    <tag k="addr:state" v="VT" />
    <tag k="ref:vcgi:esiteid" v="750806" />
  </node>
  <node id="-1633" visible="true" lat="43.815335097833" lon="-72.23109545655">
    <tag k="addr:city" v="Thetford" />
    <tag k="addr:housenumber" v="245" />
    <tag k="addr:street" v="Panther Way" />
    <tag k="addr:state" v="VT" />
    <tag k="ref:vcgi:esiteid" v="750808" />
  </node>
  <node id="-1634" visible="true" lat="43.891141003682" lon="-72.259857347316">
    <tag k="addr:city" v="Post Mills" />
    <tag k="addr:housenumber" v="8301" />
    <tag k="addr:street" v="Vermont Route 113" />
    <tag k="addr:state" v="VT" />
    <tag k="ref:vcgi:esiteid" v="751208" />
  </node>
  <node id="-1638" visible="true" lat="43.884325709823" lon="-72.245720174187">
    <tag k="addr:city" v="Fairlee" />
    <tag k="addr:housenumber" v="418" />
    <tag k="addr:street" v="Robinson Hill Road" />
    <tag k="addr:state" v="VT" />
    <tag k="ref:vcgi:esiteid" v="751423" />
  </node>
  <node id="-1639" visible="true" lat="43.811314121941" lon="-72.188000360257">
    <tag k="addr:city" v="East Thetford" />
    <tag k="addr:housenumber" v="215" />
    <tag k="addr:street" v="Vermont Route 113" />
    <tag k="addr:state" v="VT" />
    <tag k="ref:vcgi:esiteid" v="752047" />
  </node>
  <node id="-1640" visible="true" lat="43.837400114941" lon="-72.220872775762">
    <tag k="addr:city" v="Thetford Center" />
    <tag k="addr:housenumber" v="1385" />
    <tag k="addr:street" v="Houghton Hill Road" />
    <tag k="addr:state" v="VT" />
    <tag k="ref:vcgi:esiteid" v="752806" />
  </node>
  <node id="-1641" visible="true" lat="43.885143139124" lon="-72.219751677409">
    <tag k="addr:city" v="Fairlee" />
    <tag k="addr:housenumber" v="262" />
    <tag k="addr:street" v="Bragg Road" />
    <tag k="addr:state" v="VT" />
    <tag k="ref:vcgi:esiteid" v="753496" />
  </node>
  <node id="-1642" visible="true" lat="43.840988460256" lon="-72.20432272068">
    <tag k="addr:city" v="East Thetford" />
    <tag k="addr:housenumber" v="428" />
    <tag k="addr:street" v="Turnpike Road South" />
    <tag k="addr:state" v="VT" />
    <tag k="ref:vcgi:esiteid" v="753677" />
  </node>
  <node id="-1644" visible="true" lat="43.843836335464" lon="-72.250031017057">
    <tag k="addr:city" v="Thetford Center" />
    <tag k="addr:housenumber" v="4863" />
    <tag k="addr:street" v="Vermont Route 113" />
    <tag k="addr:state" v="VT" />
    <tag k="ref:vcgi:esiteid" v="754191" />
  </node>
  <node id="-1645" visible="true" lat="43.832793716301" lon="-72.250721369947">
    <tag k="addr:city" v="Thetford Center" />
    <tag k="addr:housenumber" v="151" />
    <tag k="addr:street" v="Tucker Hill Road" />
    <tag k="addr:state" v="VT" />
    <tag k="ref:vcgi:esiteid" v="754641" />
  </node>
  <node id="-1646" visible="true" lat="43.842659851054" lon="-72.275194697892">
    <tag k="addr:city" v="Thetford Center" />
    <tag k="addr:housenumber" v="132" />
    <tag k="addr:street" v="Heaton Hill Lane" />
    <tag k="addr:state" v="VT" />
    <tag k="ref:vcgi:esiteid" v="754642" />
  </node>
  <node id="-1647" visible="true" lat="43.828662380263" lon="-72.238768555591">
    <tag k="addr:city" v="Thetford Center" />
    <tag k="addr:housenumber" v="255" />
    <tag k="addr:street" v="Camp Farnsworth Road" />
    <tag k="addr:state" v="VT" />
    <tag k="ref:vcgi:esiteid" v="755831" />
  </node>
  <node id="-1648" visible="true" lat="43.828272752482" lon="-72.237092641343">
    <tag k="addr:city" v="Thetford Center" />
    <tag k="addr:housenumber" v="341" />
    <tag k="addr:street" v="Camp Farnsworth Road" />
    <tag k="addr:state" v="VT" />
    <tag k="ref:vcgi:esiteid" v="755832" />
  </node>
  <node id="-1649" visible="true" lat="43.826995000651" lon="-72.239698260855">
    <tag k="addr:city" v="Thetford Center" />
    <tag k="addr:housenumber" v="131" />
    <tag k="addr:street" v="Camp Farnsworth Road" />
    <tag k="addr:state" v="VT" />
    <tag k="ref:vcgi:esiteid" v="755868" />
  </node>
  <node id="-1650" visible="true" lat="43.828264538703" lon="-72.2393311905">
    <tag k="addr:city" v="Thetford Center" />
    <tag k="addr:housenumber" v="225" />
    <tag k="addr:street" v="Camp Farnsworth Road" />
    <tag k="addr:state" v="VT" />
    <tag k="ref:vcgi:esiteid" v="755875" />
  </node>
  <node id="-1651" visible="true" lat="43.831412135076" lon="-72.236630371913">
    <tag k="addr:city" v="Thetford Center" />
    <tag k="addr:housenumber" v="249" />
    <tag k="addr:street" v="Camp Farnsworth Road" />
    <tag k="addr:state" v="VT" />
    <tag k="ref:vcgi:esiteid" v="755876" />
  </node>
  <node id="-1652" visible="true" lat="43.828611480544" lon="-72.238534719445">
    <tag k="addr:city" v="Thetford Center" />
    <tag k="addr:housenumber" v="265" />
    <tag k="addr:street" v="Camp Farnsworth Road" />
    <tag k="addr:state" v="VT" />
    <tag k="ref:vcgi:esiteid" v="755877" />
  </node>
  <node id="-1653" visible="true" lat="43.828446747603" lon="-72.23823689346">
    <tag k="addr:city" v="Thetford Center" />
    <tag k="addr:housenumber" v="281" />
    <tag k="addr:street" v="Camp Farnsworth Road" />
    <tag k="addr:state" v="VT" />
    <tag k="ref:vcgi:esiteid" v="755878" />
  </node>
  <node id="-1654" visible="true" lat="43.827795378834" lon="-72.238074283338">
    <tag k="addr:city" v="Thetford Center" />
    <tag k="addr:housenumber" v="300" />
    <tag k="addr:street" v="Camp Farnsworth Road" />
    <tag k="addr:state" v="VT" />
    <tag k="ref:vcgi:esiteid" v="755879" />
  </node>
  <node id="-1655" visible="true" lat="43.827639681079" lon="-72.237175744319">
    <tag k="addr:city" v="Thetford Center" />
    <tag k="addr:housenumber" v="371" />
    <tag k="addr:street" v="Camp Farnsworth Road" />
    <tag k="addr:state" v="VT" />
    <tag k="ref:vcgi:esiteid" v="755880" />
  </node>
  <node id="-1656" visible="true" lat="43.827512781188" lon="-72.237478438222">
    <tag k="addr:city" v="Thetford Center" />
    <tag k="addr:housenumber" v="385" />
    <tag k="addr:street" v="Camp Farnsworth Road" />
    <tag k="addr:state" v="VT" />
    <tag k="ref:vcgi:esiteid" v="755881" />
  </node>
  <node id="-1657" visible="true" lat="43.827532304567" lon="-72.238043062342">
    <tag k="addr:city" v="Thetford Center" />
    <tag k="addr:housenumber" v="400" />
    <tag k="addr:street" v="Camp Farnsworth Road" />
    <tag k="addr:state" v="VT" />
    <tag k="ref:vcgi:esiteid" v="755882" />
  </node>
  <node id="-1658" visible="true" lat="43.827207238676" lon="-72.238231520167">
    <tag k="addr:city" v="Thetford Center" />
    <tag k="addr:housenumber" v="430" />
    <tag k="addr:street" v="Camp Farnsworth Road" />
    <tag k="addr:state" v="VT" />
    <tag k="ref:vcgi:esiteid" v="755883" />
  </node>
  <node id="-1659" visible="true" lat="43.826995773679" lon="-72.237995053158">
    <tag k="addr:city" v="Thetford Center" />
    <tag k="addr:housenumber" v="431" />
    <tag k="addr:street" v="Camp Farnsworth Road" />
    <tag k="addr:state" v="VT" />
    <tag k="ref:vcgi:esiteid" v="755884" />
  </node>
  <node id="-1660" visible="true" lat="43.827457745365" lon="-72.236282738529">
    <tag k="addr:city" v="Thetford Center" />
    <tag k="addr:housenumber" v="345" />
    <tag k="addr:street" v="Camp Farnsworth Road" />
    <tag k="addr:state" v="VT" />
    <tag k="ref:vcgi:esiteid" v="755885" />
  </node>
  <node id="-1661" visible="true" lat="43.844306952815" lon="-72.248758449208">
    <tag k="addr:city" v="Thetford Center" />
    <tag k="addr:housenumber" v="24" />
    <tag k="addr:street" v="Five Corners Road" />
    <tag k="addr:state" v="VT" />
    <tag k="ref:vcgi:esiteid" v="755970" />
  </node>
  <node id="-1662" visible="true" lat="43.820810519455" lon="-72.272410209229">
    <tag k="addr:city" v="Thetford Center" />
    <tag k="addr:housenumber" v="1569" />
    <tag k="addr:street" v="Tucker Hill Road" />
    <tag k="addr:state" v="VT" />
    <tag k="ref:vcgi:esiteid" v="756414" />
  </node>
  <node id="-1663" visible="true" lat="43.827538332148" lon="-72.299694173052">
    <tag k="addr:city" v="Thetford Center" />
    <tag k="addr:housenumber" v="132" />
    <tag k="addr:street" v="Upper Bailey Road" />
    <tag k="addr:state" v="VT" />
    <tag k="ref:vcgi:esiteid" v="756415" />
  </node>
  <node id="-1664" visible="true" lat="43.792642992979" lon="-72.242258474104">
    <tag k="addr:city" v="East Thetford" />
    <tag k="addr:housenumber" v="839" />
    <tag k="addr:street" v="Burnham Road" />
    <tag k="addr:state" v="VT" />
    <tag k="ref:vcgi:esiteid" v="756482" />
  </node>
  <node id="-1665" visible="true" lat="43.890735397402" lon="-72.249999757395">
    <tag k="addr:city" v="Fairlee" />
    <tag k="addr:housenumber" v="150" />
    <tag k="addr:street" v="Macs Way" />
    <tag k="addr:state" v="VT" />
    <tag k="ref:vcgi:esiteid" v="756613" />
  </node>
  <node id="-1666" visible="true" lat="43.784633010742" lon="-72.207075921039">
    <tag k="addr:city" v="East Thetford" />
    <tag k="addr:housenumber" v="50" />
    <tag k="addr:street" v="Rabbit Road" />
    <tag k="addr:state" v="VT" />
    <tag k="ref:vcgi:esiteid" v="757169" />
  </node>
  <node id="-1667" visible="true" lat="43.869981498668" lon="-72.234655006267">
    <tag k="addr:city" v="Fairlee" />
    <tag k="addr:housenumber" v="2140" />
    <tag k="addr:street" v="Five Corners Road" />
    <tag k="addr:state" v="VT" />
    <tag k="ref:vcgi:esiteid" v="757695" />
  </node>
  <node id="-1668" visible="true" lat="43.843254123769" lon="-72.187085759416">
    <tag k="addr:city" v="East Thetford" />
    <tag k="addr:housenumber" v="10" />
    <tag k="addr:street" v="Cider Mill Road" />
    <tag k="addr:state" v="VT" />
    <tag k="ref:vcgi:esiteid" v="757976" />
  </node>
  <node id="-1669" visible="true" lat="43.832045205811" lon="-72.317901352363">
    <tag k="addr:city" v="Thetford Center" />
    <tag k="addr:housenumber" v="4295" />
    <tag k="addr:street" v="Route 132" />
    <tag k="addr:state" v="VT" />
    <tag k="ref:vcgi:esiteid" v="758324" />
  </node>
  <node id="-1670" visible="true" lat="43.824492772173" lon="-72.237852043627">
    <tag k="addr:city" v="Thetford" />
    <tag k="addr:housenumber" v="3059" />
    <tag k="addr:street" v="Vermont Route 113" />
    <tag k="addr:state" v="VT" />
    <tag k="ref:vcgi:esiteid" v="759472" />
  </node>
  <node id="-1671" visible="true" lat="43.833059645615" lon="-72.314220185944">
    <tag k="addr:city" v="Thetford Center" />
    <tag k="addr:housenumber" v="43" />
    <tag k="addr:street" v="REB Mountain Drive" />
    <tag k="addr:state" v="VT" />
    <tag k="ref:vcgi:esiteid" v="759474" />
  </node>
  <node id="-1672" visible="true" lat="43.836438415078" lon="-72.197668300488">
    <tag k="addr:city" v="East Thetford" />
    <tag k="addr:housenumber" v="1976" />
    <tag k="addr:street" v="Latham Road" />
    <tag k="addr:state" v="VT" />
    <tag k="ref:vcgi:esiteid" v="759875" />
  </node>
  <node id="-1673" visible="true" lat="43.804689558432" lon="-72.222154590431">
    <tag k="addr:city" v="East Thetford" />
    <tag k="addr:housenumber" v="795" />
    <tag k="addr:street" v="Godfrey Road" />
    <tag k="addr:state" v="VT" />
    <tag k="ref:vcgi:esiteid" v="759876" />
  </node>
  <node id="-1674" visible="true" lat="43.812613629935" lon="-72.21493451671">
    <tag k="addr:city" v="East Thetford" />
    <tag k="addr:housenumber" v="1670" />
    <tag k="addr:street" v="Vermont Route 113" />
    <tag k="addr:state" v="VT" />
    <tag k="ref:vcgi:esiteid" v="760405" />
  </node>
  <node id="-1675" visible="true" lat="43.81184801305" lon="-72.207992559935">
    <tag k="addr:city" v="East Thetford" />
    <tag k="addr:housenumber" v="1333" />
    <tag k="addr:street" v="Vermont Route 113" />
    <tag k="addr:state" v="VT" />
    <tag k="ref:vcgi:esiteid" v="760440" />
  </node>
  <node id="-1676" visible="true" lat="43.868391642986" lon="-72.185596123122">
    <tag k="addr:city" v="Fairlee" />
    <tag k="addr:housenumber" v="7337" />
    <tag k="addr:street" v="United States Route 5" />
    <tag k="addr:state" v="VT" />
    <tag k="ref:vcgi:esiteid" v="760744" />
  </node>
  <node id="-1677" visible="true" lat="43.866760340479" lon="-72.184009619104">
    <tag k="addr:city" v="Fairlee" />
    <tag k="addr:housenumber" v="7205" />
    <tag k="addr:street" v="United States Route 5" />
    <tag k="addr:state" v="VT" />
    <tag k="ref:vcgi:esiteid" v="760754" />
  </node>
  <node id="-1678" visible="true" lat="43.855992748706" lon="-72.276535356384">
    <tag k="addr:city" v="Thetford Center" />
    <tag k="addr:housenumber" v="203" />
    <tag k="addr:street" v="Pero Hill Road" />
    <tag k="addr:state" v="VT" />
    <tag k="ref:vcgi:esiteid" v="761002" />
  </node>
  <node id="-1679" visible="true" lat="43.858516281433" lon="-72.277153332029">
    <tag k="addr:city" v="Thetford Center" />
    <tag k="addr:housenumber" v="12" />
    <tag k="addr:street" v="Snapper Lane" />
    <tag k="addr:state" v="VT" />
    <tag k="ref:vcgi:esiteid" v="761003" />
  </node>
  <node id="-1680" visible="true" lat="43.859176916141" lon="-72.275803954841">
    <tag k="addr:city" v="Thetford Center" />
    <tag k="addr:housenumber" v="21" />
    <tag k="addr:street" v="Snapper Lane" />
    <tag k="addr:state" v="VT" />
    <tag k="ref:vcgi:esiteid" v="761004" />
  </node>
  <node id="-1681" visible="true" lat="43.858005982311" lon="-72.27494937284">
    <tag k="addr:city" v="Thetford Center" />
    <tag k="addr:housenumber" v="116" />
    <tag k="addr:street" v="Snapper Lane" />
    <tag k="addr:state" v="VT" />
    <tag k="ref:vcgi:esiteid" v="761005" />
  </node>
  <node id="-1682" visible="true" lat="43.863016776518" lon="-72.185390716326">
    <tag k="addr:city" v="East Thetford" />
    <tag k="addr:housenumber" v="6766" />
    <tag k="addr:street" v="United States Route 5" />
    <tag k="addr:state" v="VT" />
    <tag k="ref:vcgi:esiteid" v="761128" />
  </node>
  <node id="-1683" visible="true" lat="43.819350595019" lon="-72.281074693609">
    <tag k="addr:city" v="Thetford Center" />
    <tag k="addr:housenumber" v="73" />
    <tag k="addr:street" v="Patsy Lane" />
    <tag k="addr:state" v="VT" />
    <tag k="ref:vcgi:esiteid" v="762334" />
  </node>
  <node id="-1684" visible="true" lat="43.81205193448" lon="-72.192155880111">
    <tag k="addr:city" v="East Thetford" />
    <tag k="addr:housenumber" v="214" />
    <tag k="addr:street" v="High Ridge Lane" />
    <tag k="addr:state" v="VT" />
    <tag k="ref:vcgi:esiteid" v="762845" />
  </node>
  <node id="-1685" visible="true" lat="43.819297420869" lon="-72.225785398563">
    <tag k="addr:city" v="Thetford" />
    <tag k="addr:housenumber" v="52" />
    <tag k="addr:street" v="Nonsuch Way" />
    <tag k="addr:state" v="VT" />
    <tag k="ref:vcgi:esiteid" v="762848" />
  </node>
  <node id="-1686" visible="true" lat="43.808924910216" lon="-72.271457704133">
    <tag k="addr:city" v="Thetford Center" />
    <tag k="addr:housenumber" v="898" />
    <tag k="addr:street" v="Route 132" />
    <tag k="addr:state" v="VT" />
    <tag k="ref:vcgi:esiteid" v="763000" />
  </node>
  <node id="-1687" visible="true" lat="43.856127586173" lon="-72.238191936861">
    <tag k="addr:city" v="Thetford Center" />
    <tag k="addr:housenumber" v="1044" />
    <tag k="addr:street" v="Five Corners Road" />
    <tag k="addr:state" v="VT" />
    <tag k="ref:vcgi:esiteid" v="763844" />
  </node>
  <node id="-1688" visible="true" lat="43.802028923436" lon="-72.221436723232">
    <tag k="addr:city" v="East Thetford" />
    <tag k="addr:housenumber" v="905" />
    <tag k="addr:street" v="Godfrey Road" />
    <tag k="addr:state" v="VT" />
    <tag k="ref:vcgi:esiteid" v="764042" />
  </node>
  <node id="-1689" visible="true" lat="43.815742778508" lon="-72.333219568763">
    <tag k="addr:city" v="Thetford Center" />
    <tag k="addr:housenumber" v="100" />
    <tag k="addr:street" v="Judd Road" />
    <tag k="addr:state" v="VT" />
    <tag k="ref:vcgi:esiteid" v="764043" />
  </node>
  <node id="-1690" visible="true" lat="43.865036304939" lon="-72.284198651934">
    <tag k="addr:city" v="Thetford Center" />
    <tag k="addr:housenumber" v="606" />
    <tag k="addr:street" v="Colby Road North" />
    <tag k="addr:state" v="VT" />
    <tag k="ref:vcgi:esiteid" v="764311" />
  </node>
  <node id="-1691" visible="true" lat="43.825546729846" lon="-72.234518486514">
    <tag k="addr:city" v="Thetford Center" />
    <tag k="addr:housenumber" v="70" />
    <tag k="addr:street" v="Mud Pond Road" />
    <tag k="addr:state" v="VT" />
    <tag k="ref:vcgi:esiteid" v="764312" />
  </node>
  <node id="-1692" visible="true" lat="43.834202992772" lon="-72.202053266432">
    <tag k="addr:city" v="East Thetford" />
    <tag k="addr:housenumber" v="46" />
    <tag k="addr:street" v="Makala's Way" />
    <tag k="addr:state" v="VT" />
    <tag k="ref:vcgi:esiteid" v="764344" />
  </node>
  <node id="-1693" visible="true" lat="43.837029977972" lon="-72.270882920855">
    <tag k="addr:city" v="Thetford Center" />
    <tag k="addr:housenumber" v="1058" />
    <tag k="addr:street" v="Poor Farm Road South" />
    <tag k="addr:state" v="VT" />
    <tag k="ref:vcgi:esiteid" v="766180" />
  </node>
  <node id="-1695" visible="true" lat="43.833262731282" lon="-72.190348197262">
    <tag k="addr:city" v="East Thetford" />
    <tag k="addr:housenumber" v="4506" />
    <tag k="addr:street" v="United States Route 5" />
    <tag k="addr:state" v="VT" />
    <tag k="ref:vcgi:esiteid" v="767097" />
  </node>
  <node id="-1696" visible="true" lat="43.835735975726" lon="-72.23067347496">
    <tag k="addr:city" v="Thetford Center" />
    <tag k="addr:housenumber" v="858" />
    <tag k="addr:street" v="Mud Pond Road" />
    <tag k="addr:state" v="VT" />
    <tag k="ref:vcgi:esiteid" v="767784" />
  </node>
  <node id="-1697" visible="true" lat="43.79862200676" lon="-72.24415977163">
    <tag k="addr:city" v="Thetford Center" />
    <tag k="addr:housenumber" v="1663" />
    <tag k="addr:street" v="Academy Road" />
    <tag k="addr:state" v="VT" />
    <tag k="ref:vcgi:esiteid" v="768290" />
  </node>
  <node id="-1698" visible="true" lat="43.81437557662" lon="-72.199382496383">
    <tag k="addr:city" v="East Thetford" />
    <tag k="addr:housenumber" v="50" />
    <tag k="addr:street" v="Cadwell Road" />
    <tag k="addr:state" v="VT" />
    <tag k="ref:vcgi:esiteid" v="768511" />
  </node>
  <node id="-1699" visible="true" lat="43.803937359371" lon="-72.194988107383">
    <tag k="addr:city" v="East Thetford" />
    <tag k="addr:housenumber" v="161" />
    <tag k="addr:street" v="Rock Pine Drive" />
    <tag k="addr:state" v="VT" />
    <tag k="ref:vcgi:esiteid" v="768770" />
  </node>
  <node id="-1700" visible="true" lat="43.790107081152" lon="-72.262381312747">
    <tag k="addr:city" v="Thetford Center" />
    <tag k="addr:housenumber" v="21" />
    <tag k="addr:street" v="Stowell Road" />
    <tag k="addr:state" v="VT" />
    <tag k="ref:vcgi:esiteid" v="769859" />
  </node>
  <node id="-1701" visible="true" lat="43.886502532151" lon="-72.255495275835">
    <tag k="addr:city" v="Fairlee" />
    <tag k="addr:housenumber" v="274" />
    <tag k="addr:street" v="Vermont Route 244" />
    <tag k="addr:state" v="VT" />
    <tag k="ref:vcgi:esiteid" v="769953" />
  </node>
  <node id="-1702" visible="true" lat="43.88403116303" lon="-72.260207722566">
    <tag k="addr:city" v="Post Mills" />
    <tag k="addr:housenumber" v="7812" />
    <tag k="addr:street" v="Vermont Route 113" />
    <tag k="addr:state" v="VT" />
    <tag k="ref:vcgi:esiteid" v="770200" />
  </node>
  <node id="-1703" visible="true" lat="43.800346735262" lon="-72.213115337075">
    <tag k="addr:city" v="East Thetford" />
    <tag k="addr:housenumber" v="244" />
    <tag k="addr:street" v="Sunset Point" />
    <tag k="addr:state" v="VT" />
    <tag k="ref:vcgi:esiteid" v="770619" />
  </node>
  <node id="-1704" visible="true" lat="43.798945241725" lon="-72.217367938152">
    <tag k="addr:city" v="East Thetford" />
    <tag k="addr:housenumber" v="1114" />
    <tag k="addr:street" v="Quail John Road" />
    <tag k="addr:state" v="VT" />
    <tag k="ref:vcgi:esiteid" v="770620" />
  </node>
  <node id="-1705" visible="true" lat="43.79185477176" lon="-72.240619608351">
    <tag k="addr:city" v="East Thetford" />
    <tag k="addr:housenumber" v="755" />
    <tag k="addr:street" v="Burnham Road" />
    <tag k="addr:state" v="VT" />
    <tag k="ref:vcgi:esiteid" v="770718" />
  </node>
  <node id="-1706" visible="true" lat="43.805466584664" lon="-72.19121270735">
    <tag k="addr:city" v="East Thetford" />
    <tag k="addr:housenumber" v="9" />
    <tag k="addr:street" v="All Seasons Drive" />
    <tag k="addr:state" v="VT" />
    <tag k="ref:vcgi:esiteid" v="770742" />
  </node>
  <node id="-1707" visible="true" lat="43.797127307653" lon="-72.196192470407">
    <tag k="addr:city" v="East Thetford" />
    <tag k="addr:housenumber" v="9" />
    <tag k="addr:street" v="Vaughan Farms Road" />
    <tag k="addr:state" v="VT" />
    <tag k="ref:vcgi:esiteid" v="771284" />
  </node>
  <node id="-1708" visible="true" lat="43.799552141177" lon="-72.213109218914">
    <tag k="addr:city" v="East Thetford" />
    <tag k="addr:housenumber" v="100" />
    <tag k="addr:street" v="Sunset Point" />
    <tag k="addr:state" v="VT" />
    <tag k="ref:vcgi:esiteid" v="771626" />
  </node>
  <node id="-1709" visible="true" lat="43.799478914427" lon="-72.212869748429">
    <tag k="addr:city" v="East Thetford" />
    <tag k="addr:housenumber" v="102" />
    <tag k="addr:street" v="Sunset Point" />
    <tag k="addr:state" v="VT" />
    <tag k="ref:vcgi:esiteid" v="771627" />
  </node>
  <node id="-1710" visible="true" lat="43.797053016583" lon="-72.213435047577">
    <tag k="addr:city" v="East Thetford" />
    <tag k="addr:housenumber" v="944" />
    <tag k="addr:street" v="Quail John Road" />
    <tag k="addr:state" v="VT" />
    <tag k="ref:vcgi:esiteid" v="771628" />
  </node>
  <node id="-1712" visible="true" lat="43.870676859222" lon="-72.236371476561">
    <tag k="addr:city" v="Fairlee" />
    <tag k="addr:housenumber" v="2005" />
    <tag k="addr:street" v="Five Corners Road" />
    <tag k="addr:state" v="VT" />
    <tag k="ref:vcgi:esiteid" v="771828" />
  </node>
  <node id="-1713" visible="true" lat="43.819663002295" lon="-72.198230171262">
    <tag k="addr:city" v="East Thetford" />
    <tag k="addr:housenumber" v="631" />
    <tag k="addr:street" v="Cadwell Road" />
    <tag k="addr:state" v="VT" />
    <tag k="ref:vcgi:esiteid" v="772728" />
  </node>
  <node id="-1714" visible="true" lat="43.781405080669" lon="-72.210545447129">
    <tag k="addr:city" v="East Thetford" />
    <tag k="addr:housenumber" v="1015" />
    <tag k="addr:street" v="Stevens Road" />
    <tag k="addr:state" v="VT" />
    <tag k="ref:vcgi:esiteid" v="772729" />
  </node>
  <node id="-1715" visible="true" lat="43.792081100374" lon="-72.253021751023">
    <tag k="addr:city" v="Thetford Center" />
    <tag k="addr:housenumber" v="2445" />
    <tag k="addr:street" v="Academy Road" />
    <tag k="addr:state" v="VT" />
    <tag k="ref:vcgi:esiteid" v="772760" />
  </node>
  <node id="-1716" visible="true" lat="43.818370501618" lon="-72.326629314698">
    <tag k="addr:city" v="Thetford Center" />
    <tag k="addr:housenumber" v="816" />
    <tag k="addr:street" v="New Boston Road" />
    <tag k="addr:state" v="VT" />
    <tag k="ref:vcgi:esiteid" v="773052" />
  </node>
  <node id="-1717" visible="true" lat="43.821440644001" lon="-72.189808369479">
    <tag k="addr:city" v="East Thetford" />
    <tag k="addr:housenumber" v="3682" />
    <tag k="addr:street" v="5" />
    <tag k="addr:state" v="VT" />
    <tag k="ref:vcgi:esiteid" v="773088" />
  </node>
  <node id="-1718" visible="true" lat="43.801932446422" lon="-72.210713792048">
    <tag k="addr:city" v="East Thetford" />
    <tag k="addr:housenumber" v="280" />
    <tag k="addr:street" v="Sunset Point" />
    <tag k="addr:state" v="VT" />
    <tag k="ref:vcgi:esiteid" v="773769" />
  </node>
  <node id="-1719" visible="true" lat="43.835559832971" lon="-72.284402524824">
    <tag k="addr:city" v="Thetford Center" />
    <tag k="addr:housenumber" v="669" />
    <tag k="addr:street" v="Jackson Brook Road" />
    <tag k="addr:state" v="VT" />
    <tag k="ref:vcgi:esiteid" v="773847" />
  </node>
  <node id="-1720" visible="true" lat="43.838656054592" lon="-72.282787527798">
    <tag k="addr:city" v="Thetford Center" />
    <tag k="addr:housenumber" v="895" />
    <tag k="addr:street" v="Jackson Brook Road" />
    <tag k="addr:state" v="VT" />
    <tag k="ref:vcgi:esiteid" v="773848" />
  </node>
  <node id="-1721" visible="true" lat="43.892453194159" lon="-72.246709231174">
    <tag k="addr:city" v="Fairlee" />
    <tag k="addr:housenumber" v="353" />
    <tag k="addr:street" v="Cross Street" />
    <tag k="addr:state" v="VT" />
    <tag k="ref:vcgi:esiteid" v="773857" />
  </node>
  <node id="-1722" visible="true" lat="43.883343886897" lon="-72.215358415488">
    <tag k="addr:city" v="Fairlee" />
    <tag k="addr:housenumber" v="1060" />
    <tag k="addr:street" v="Quinibeck Road" />
    <tag k="addr:state" v="VT" />
    <tag k="ref:vcgi:esiteid" v="773977" />
  </node>
  <node id="-1723" visible="true" lat="43.840083646481" lon="-72.275028636359">
    <tag k="addr:city" v="Thetford Center" />
    <tag k="addr:housenumber" v="569" />
    <tag k="addr:street" v="Heaton Hill Lane" />
    <tag k="addr:state" v="VT" />
    <tag k="ref:vcgi:esiteid" v="800054" />
  </node>
  <node id="-1724" visible="true" lat="43.781736361872" lon="-72.219534701602">
    <tag k="addr:city" v="East Thetford" />
    <tag k="addr:housenumber" v="409" />
    <tag k="addr:street" v="Interstate 91 North" />
    <tag k="addr:state" v="VT" />
    <tag k="ref:vcgi:esiteid" v="1050653" />
  </node>
  <node id="-1725" visible="true" lat="43.794996212551" lon="-72.215548072403">
    <tag k="addr:city" v="East Thetford" />
    <tag k="addr:housenumber" v="1404" />
    <tag k="addr:street" v="Interstate 91 North" />
    <tag k="addr:state" v="VT" />
    <tag k="ref:vcgi:esiteid" v="1050654" />
  </node>
  <node id="-1726" visible="true" lat="43.809574587139" lon="-72.217514340907">
    <tag k="addr:city" v="East Thetford" />
    <tag k="addr:housenumber" v="2464" />
    <tag k="addr:street" v="Interstate 91 North" />
    <tag k="addr:state" v="VT" />
    <tag k="ref:vcgi:esiteid" v="1050655" />
  </node>
  <node id="-1727" visible="true" lat="43.826677174584" lon="-72.208328948291">
    <tag k="addr:city" v="East Thetford" />
    <tag k="addr:housenumber" v="3736" />
    <tag k="addr:street" v="Interstate 91 North" />
    <tag k="addr:state" v="VT" />
    <tag k="ref:vcgi:esiteid" v="1050656" />
  </node>
  <node id="-1728" visible="true" lat="43.835979032105" lon="-72.204234608617">
    <tag k="addr:city" v="East Thetford" />
    <tag k="addr:housenumber" v="4407" />
    <tag k="addr:street" v="Interstate 91 North" />
    <tag k="addr:state" v="VT" />
    <tag k="ref:vcgi:esiteid" v="1050657" />
  </node>
  <node id="-1729" visible="true" lat="43.850267780725" lon="-72.196465537327">
    <tag k="addr:city" v="East Thetford" />
    <tag k="addr:housenumber" v="1902" />
    <tag k="addr:street" v="Interstate 91 South" />
    <tag k="addr:state" v="VT" />
    <tag k="ref:vcgi:esiteid" v="1050658" />
  </node>
  <node id="-1730" visible="true" lat="43.86329779686" lon="-72.18859122005">
    <tag k="addr:city" v="East Thetford" />
    <tag k="addr:housenumber" v="910" />
    <tag k="addr:street" v="Interstate 91 South" />
    <tag k="addr:state" v="VT" />
    <tag k="ref:vcgi:esiteid" v="1050659" />
  </node>
  <node id="-1731" visible="true" lat="43.875120846955" lon="-72.182103643777">
    <tag k="addr:city" v="Fairlee" />
    <tag k="addr:housenumber" v="7360" />
    <tag k="addr:street" v="Interstate 91 North" />
    <tag k="addr:state" v="VT" />
    <tag k="ref:vcgi:esiteid" v="1050660" />
  </node>
  <node id="-1732" visible="true" lat="43.885034868716" lon="-72.251233142656">
    <tag k="addr:city" v="Fairlee" />
    <tag k="addr:housenumber" v="126" />
    <tag k="addr:street" v="Hangar Bay Lane" />
    <tag k="addr:state" v="VT" />
    <tag k="ref:vcgi:esiteid" v="1050844" />
  </node>
  <node id="-1733" visible="true" lat="43.886818297138" lon="-72.25278150173">
    <tag k="addr:city" v="Fairlee" />
    <tag k="addr:housenumber" v="396" />
    <tag k="addr:street" v="Vermont Route 244" />
    <tag k="addr:state" v="VT" />
    <tag k="ref:vcgi:esiteid" v="1050845" />
  </node>
  <node id="-1734" visible="true" lat="43.879257461631" lon="-72.22141431904">
    <tag k="addr:city" v="Fairlee" />
    <tag k="addr:housenumber" v="626" />
    <tag k="addr:street" v="Quinibeck Road" />
    <tag k="addr:state" v="VT" />
    <tag k="ref:vcgi:esiteid" v="1050937" />
  </node>
</osm>
